Condition,TrueFalse,Scenario,StimType,Stimulus,Statement,StatementNum,CorAnsEven,CorAnsOdd,TotalObjects,TotalDistractors,TotalTargets,VisibleObjects,VisibleDistractors,VisibleTargets,HiddenObjects,HiddenDistractors,HiddenTargets,Barrier,WhyFalse,ExpTrial.thisRepN,ExpTrial.thisTrialN,ExpTrial.thisN,ExpTrial.thisIndex,ExpIntroText.started,ExpIntroPressSPACEText.started,ExpIntroPressSPACE.started,ExpIntroPressSPACE.keys,ExpIntroPressSPACE.rt,ExpISI.started,ExpPrimerText.started,ExpPrimerText.stopped,ExpText.started,ExpImagePrimer.started,ExpImagePrimer.stopped,ExpImage.started,ExpResponse.started,ExpResponse.keys,ExpResponse.corr,ExpResponse.rt,BreakTextPrompt.started,BreakTextPrompt.stopped,BreakTextKeyResponse.started,BreakTextKeyResponse.stopped,BreakTextKeyResponse.keys,BreakTextKeyResponse.rt,ExpEndText.started,ExpEndPressSPACE.started,ExpEndPressSPACE.keys,ExpEndPressSPACE.rt,participant,session,date,expName,psychopyVersion,frameRate
NA,NA,NA,NA,NA,NA,NA,NA,NA,NA,NA,NA,NA,NA,NA,NA,NA,NA,NA,NA,NA,NA,NA,NA,11.98203990003094,13.954932900029236,13.954932900029236,space,41.531680800020695,NA,NA,NA,NA,NA,NA,NA,NA,NA,NA,NA,NA,NA,NA,NA,NA,NA,NA,NA,NA,NA,040,001,2024-10-28_13h26.27.110,PsychoPy Exp,2023.1.2,60.01637249326864
Knowledge,TRUE,TB-K,D_NB,PsychoPyStudy2Stim/D_NB_1.png,Adam KNOWS there are ZERO cubes,0,b,h,1,1,0,1,1,0,0,0,0,NB,-,0,0,0,216,NA,NA,NA,NA,NA,0.21073980000801384,55.79272830008995,56.170604000100866,56.27075380005408,58.27066530007869,58.67061560007278,58.79737919999752,58.79737919999752,b,1,1.2572518000379205,60.070367000065744,60.070367000065744,60.070367000065744,60.070367000065744,NA,NA,NA,NA,NA,NA,040,001,2024-10-28_13h26.27.110,PsychoPy Exp,2023.1.2,60.01637249326864
Knowledge,FALSE,FB-Ig,T_B_T,PsychoPyStudy2Stim/T_B_T_6.png,Adam KNOWS there are TWO cubes,2,h,b,2,0,2,1,0,1,1,0,1,B,PropTrueNoKnowledge,0,1,1,317,NA,NA,NA,NA,NA,4.0709995664656e-4,60.1431212000316,60.52055210003164,60.62070299999323,62.62066280003637,63.020574500085786,63.12268790008966,63.12268790008966,h,1,1.771716200048104,64.92058870010078,64.92058870010078,64.92058870010078,64.92058870010078,NA,NA,NA,NA,NA,NA,040,001,2024-10-28_13h26.27.110,PsychoPy Exp,2023.1.2,60.01637249326864
Belief,TRUE,TB-K,D_NB,PsychoPyStudy2Stim/D_NB_2.png,Adam THINKS there are ZERO cubes,0,b,h,1,1,0,1,1,0,0,0,0,NB,-,0,2,2,109,NA,NA,NA,NA,NA,0.00107270001899451,65.02036480000243,65.40383290010504,65.50400720001198,67.50398420006968,67.90399400005117,68.00615880009718,68.00615880009718,b,1,1.4161457000300288,69.45379480009433,69.45379480009433,69.45379480009433,69.45379480009433,NA,NA,NA,NA,NA,NA,040,001,2024-10-28_13h26.27.110,PsychoPy Exp,2023.1.2,60.01637249326864
Reality,FALSE,TB-Ig,D_B_D,PsychoPyStudy2Stim/D_B_D_1.png,"In REALITY, there are TWO cubes",2,h,b,2,2,0,1,1,0,1,1,0,B,PropFalse,0,3,3,76,NA,NA,NA,NA,NA,5.9740000870078e-4,69.54969370004255,69.9205061000539,70.02059480000753,72.02060430007987,72.42051570001058,72.5226647000527,72.5226647000527,h,1,0.6917504000011832,73.23717530001886,73.23717530001886,73.23717530001886,73.23717530001886,NA,NA,NA,NA,NA,NA,040,001,2024-10-28_13h26.27.110,PsychoPy Exp,2023.1.2,60.01637249326864
Reality,TRUE,TB-Ig,D_B_D,PsychoPyStudy2Stim/D_B_D_3.png,"In REALITY, there are ZERO cubes",0,b,h,2,2,0,1,1,0,1,1,0,B,-,0,4,4,24,NA,NA,NA,NA,NA,0.00122630002442747,73.32639090006705,73.70383370004129,73.803963100072,75.80400790006388,76.20378430001438,76.30610310006887,76.30610310006887,b,1,1.1484412000281736,77.47032469999976,77.47032469999976,77.47032469999976,77.47032469999976,NA,NA,NA,NA,NA,NA,040,001,2024-10-28_13h26.27.110,PsychoPy Exp,2023.1.2,60.01637249326864
Belief,TRUE,TB-K,TT_NB,PsychoPyStudy2Stim/TT_NB_6.png,Adam THINKS there are TWO cubes,2,b,h,2,0,2,2,0,2,0,0,0,NB,-,0,5,5,125,NA,NA,NA,NA,NA,4.3150002602487e-4,77.54407130007166,77.9206225000089,78.02054640010465,80.0205959000159,80.4205374000594,80.52266510005575,80.52266510005575,b,1,1.0839208000106737,81.63721410010476,81.63721410010476,81.63721410010476,81.63721410010476,NA,NA,NA,NA,NA,NA,040,001,2024-10-28_13h26.27.110,PsychoPy Exp,2023.1.2,60.01637249326864
Belief,TRUE,TB-K,TD_NB,PsychoPyStudy2Stim/TD_NB_2.png,Adam THINKS there is ONE cube,1,b,h,2,1,1,2,1,1,0,0,0,NB,-,0,6,6,118,NA,NA,NA,NA,NA,0.00172280007973313,81.74180030007847,82.12048949999735,82.22044639999513,84.22044860001188,84.62038110010326,84.72261610010173,84.72261610010173,b,1,2.051640900084749,86.80371850007214,86.80371850007214,86.80371850007214,86.80371850007214,NA,NA,NA,NA,NA,NA,040,001,2024-10-28_13h26.27.110,PsychoPy Exp,2023.1.2,60.01637249326864
Reality,TRUE,FB-Ig,T_B_T,PsychoPyStudy2Stim/T_B_T_5.png,"In REALITY, there are TWO cubes",2,b,h,2,0,2,1,0,1,1,0,1,B,-,0,7,7,48,NA,NA,NA,NA,NA,9.4130006618797e-4,86.8850311000133,87.27052310004365,87.37058370001614,89.37047170009464,89.77062200009823,89.8727910000598,89.8727910000598,b,1,0.621368799940683,90.52049280004576,90.52049280004576,90.52049280004576,90.52049280004576,NA,NA,NA,NA,NA,NA,040,001,2024-10-28_13h26.27.110,PsychoPy Exp,2023.1.2,60.01637249326864
Reality,TRUE,FB-Ig,T_B_T,PsychoPyStudy2Stim/T_B_T_3.png,"In REALITY, there are TWO cubes",2,b,h,2,0,2,1,0,1,1,0,1,B,-,0,8,8,40,NA,NA,NA,NA,NA,4.0710007306188e-4,90.60122870001942,90.97047150006983,91.07050460006576,93.0704495999962,93.47043760004452,93.57266290008556,93.57266290008556,b,1,0.993523900047876,94.58694920002016,94.58694920002016,94.58694920002016,94.58694920002016,NA,NA,NA,NA,NA,NA,040,001,2024-10-28_13h26.27.110,PsychoPy Exp,2023.1.2,60.01637249326864
Knowledge,FALSE,TB-K,TD_NB,PsychoPyStudy2Stim/TD_NB_2.png,Adam KNOWS there are ZERO cubes,0,h,b,2,1,1,2,1,1,0,0,0,NB,PropFalse,0,9,9,280,NA,NA,NA,NA,NA,3.8740003947168e-4,94.6535445000045,95.03716030006764,95.13722000003328,97.13708260003476,97.53723470005208,97.6393045000732,97.6393045000732,h,1,0.9193677000002936,98.58684870006982,98.58684870006982,98.58684870006982,98.58684870006982,NA,NA,NA,NA,NA,NA,040,001,2024-10-28_13h26.27.110,PsychoPy Exp,2023.1.2,60.01637249326864
Belief,FALSE,TB-K-B,TT_B,PsychoPyStudy2Stim/TT_B_11.png,Adam THINKS there are ZERO cubes,0,h,b,2,0,2,2,0,2,0,0,0,B,PropFalse,0,10,10,198,NA,NA,NA,NA,NA,0.00174710003193467,98.66360930004156,99.0371368000051,99.13723029999528,101.1371999999974,101.537161400076,101.63922280003317,101.63922280003317,h,1,1.4709226000122726,103.13686660001986,103.13686660001986,103.13686660001986,103.13686660001986,NA,NA,NA,NA,NA,NA,040,001,2024-10-28_13h26.27.110,PsychoPy Exp,2023.1.2,60.01637249326864
Knowledge,TRUE,TB-K,DD_NB,PsychoPyStudy2Stim/DD_NB_2.png,Adam KNOWS there are ZERO cubes,0,b,h,2,2,0,2,2,0,0,0,0,NB,-,0,11,11,223,NA,NA,NA,NA,NA,4.079999634996e-4,103.20998570008668,103.58706290007105,103.68722070008516,105.6872369000921,106.08692910009997,106.18926730006932,106.18926730006932,b,1,1.0338059000205249,107.25358540005982,107.25358540005982,107.25358540005982,107.25358540005982,NA,NA,NA,NA,NA,NA,040,001,2024-10-28_13h26.27.110,PsychoPy Exp,2023.1.2,60.01637249326864
Knowledge,TRUE,TB-K-B,TD_B,PsychoPyStudy2Stim/TD_B_10.png,Adam KNOWS there is ONE cube,1,b,h,2,1,1,2,1,1,0,0,0,B,-,0,12,12,267,NA,NA,NA,NA,NA,4.0140002965927e-4,107.33190430002288,107.70375590003096,107.80385690007824,109.8037939000642,110.2038184000412,110.30594300001394,110.30594300001394,b,1,1.052610300015658,111.38715770002456,111.38715770002456,111.38715770002456,111.38715770002456,NA,NA,NA,NA,NA,NA,040,001,2024-10-28_13h26.27.110,PsychoPy Exp,2023.1.2,60.01637249326864
Reality,TRUE,TB-Ig,D_B,PsychoPyStudy2Stim/D_B_3.png,"In REALITY, there are ZERO cubes",0,b,h,1,1,0,1,1,0,0,0,0,B,-,0,13,13,20,NA,NA,NA,NA,NA,0.00187249993905425,111.47123490006196,111.85374390007928,111.9539066000143,113.95388190005906,114.35372370004188,114.45609400002286,114.45609400002286,b,1,1.2224253000458702,115.70374250004534,115.70374250004534,115.70374250004534,115.70374250004534,NA,NA,NA,NA,NA,NA,040,001,2024-10-28_13h26.27.110,PsychoPy Exp,2023.1.2,60.01637249326864
Reality,TRUE,TB-K,TT_NB,PsychoPyStudy2Stim/TT_NB_6.png,"In REALITY, there are TWO cubes",2,b,h,2,0,2,2,0,2,0,0,0,NB,-,0,14,14,17,NA,NA,NA,NA,NA,0.00171039998531341,115.79879130003974,116.17035910009872,116.27048860001378,118.27035390003584,118.6705788000254,118.77259589999449,118.77259589999449,b,1,0.9698936999775468,119.77044220000973,119.77044220000973,119.77044220000973,119.77044220000973,NA,NA,NA,NA,NA,NA,040,001,2024-10-28_13h26.27.110,PsychoPy Exp,2023.1.2,60.01637249326864
Knowledge,TRUE,TB-K-B,DD_B,PsychoPyStudy2Stim/DD_B_2.png,Adam KNOWS there are ZERO cubes,0,b,h,2,2,0,2,2,0,0,0,0,B,-,0,15,15,235,NA,NA,NA,NA,NA,0.00180620001628994,119.8656075000763,120.23701150005218,120.33701910008676,122.33712880010717,122.73716120002793,122.83927990007214,122.83927990007214,b,1,1.0792711999965832,123.93683450005484,123.93683450005484,123.93683450005484,123.93683450005484,NA,NA,NA,NA,NA,NA,040,001,2024-10-28_13h26.27.110,PsychoPy Exp,2023.1.2,60.01637249326864
Belief,FALSE,FB-Ig,T_B_T,PsychoPyStudy2Stim/T_B_T_4.png,Adam THINKS there are TWO cubes,2,h,b,2,0,2,1,0,1,1,0,1,B,PropTrueNoBelief,0,16,16,203,NA,NA,NA,NA,NA,0.00199999997857958,124.00865360000172,124.38700220000464,124.48711790004744,126.48716790007892,126.88710140006152,126.98908760002814,126.98908760002814,h,1,1.249490899965167,128.27032730006613,128.27032730006613,128.27032730006613,128.27032730006613,NA,NA,NA,NA,NA,NA,040,001,2024-10-28_13h26.27.110,PsychoPy Exp,2023.1.2,60.01637249326864
Knowledge,FALSE,TB-Ig,D_B_D,PsychoPyStudy2Stim/D_B_D_3.png,Adam KNOWS there are ZERO cubes,0,h,b,2,2,0,1,1,0,1,1,0,B,PropTrueNoKnowledge,0,17,17,294,NA,NA,NA,NA,NA,0.00170440005604177,128.36445940006524,128.7370091000339,128.8371313000098,130.83716009999625,131.2371770000318,131.3392883000197,131.3392883000197,h,1,1.4512777000200003,132.8203353000572,132.8203353000572,132.8203353000572,132.8203353000572,NA,NA,NA,NA,NA,NA,040,001,2024-10-28_13h26.27.110,PsychoPy Exp,2023.1.2,60.01637249326864
Belief,FALSE,TB-K-B,TT_B,PsychoPyStudy2Stim/TT_B_6.png,Adam THINKS there are ZERO cubes,0,h,b,2,0,2,2,0,2,0,0,0,B,PropFalse,0,18,18,193,NA,NA,NA,NA,NA,0.0018240000354126,132.90723880007863,133.28696680010762,133.38721610000357,135.38702210003976,135.78701140009798,135.88913290004712,135.88913290004712,h,1,1.1012766999192536,137.0201569000492,137.0201569000492,137.0201569000492,137.0201569000492,NA,NA,NA,NA,NA,NA,040,001,2024-10-28_13h26.27.110,PsychoPy Exp,2023.1.2,60.01637249326864
Knowledge,TRUE,TB-K,T_NB,PsychoPyStudy2Stim/T_NB_3.png,Adam KNOWS there is ONE cube,1,b,h,1,0,1,1,0,1,0,0,0,NB,-,0,19,19,221,NA,NA,NA,NA,NA,4.2420008685439e-4,137.09042220003903,137.47031510004308,137.57049370009918,139.57038400007875,139.970231500105,140.07251520000864,140.07251520000864,b,1,0.8379594000289217,140.93711060006171,140.93711060006171,140.93711060006171,140.93711060006171,NA,NA,NA,NA,NA,NA,040,001,2024-10-28_13h26.27.110,PsychoPy Exp,2023.1.2,60.01637249326864
Reality,TRUE,FB-Ig,T_B_T,PsychoPyStudy2Stim/T_B_T_2.png,"In REALITY, there are TWO cubes",2,b,h,2,0,2,1,0,1,1,0,1,B,-,0,20,20,39,NA,NA,NA,NA,NA,0.00215740001294761,141.0112652000971,141.38694260001648,141.48710440006107,143.486930700019,143.88709740003105,143.9892246000236,143.9892246000236,b,1,1.0333027999149635,145.05346150009427,145.05346150009427,145.05346150009427,145.05346150009427,NA,NA,NA,NA,NA,NA,040,001,2024-10-28_13h26.27.110,PsychoPy Exp,2023.1.2,60.01637249326864
Reality,TRUE,TB-K,TT_NB,PsychoPyStudy2Stim/TT_NB_5.png,"In REALITY, there are TWO cubes",2,b,h,2,0,2,2,0,2,0,0,0,NB,-,0,21,21,16,NA,NA,NA,NA,NA,0.00177149998489767,145.12521430000197,145.50363240006843,145.60375350003596,147.60364950005896,148.00360480009113,148.1058879001066,148.1058879001066,b,1,0.5245094000129029,148.65370930009522,148.65370930009522,148.65370930009522,148.65370930009522,NA,NA,NA,NA,NA,NA,040,001,2024-10-28_13h26.27.110,PsychoPy Exp,2023.1.2,60.01637249326864
Belief,FALSE,TB-K,DD_NB,PsychoPyStudy2Stim/DD_NB_1.png,Adam THINKS there is ONE cube,1,h,b,2,2,0,2,2,0,0,0,0,NB,PropFalse,0,22,22,168,NA,NA,NA,NA,NA,0.00195800000801682,148.73238460009452,149.10359050007537,149.2035977001069,151.20363590004854,151.60362730000634,151.70578840002418,151.70578840002418,h,1,1.0285433999961242,152.7536341000814,152.7536341000814,152.7536341000814,152.7536341000814,NA,NA,NA,NA,NA,NA,040,001,2024-10-28_13h26.27.110,PsychoPy Exp,2023.1.2,60.01637249326864
Reality,TRUE,FB-Ig,T_B_T,PsychoPyStudy2Stim/T_B_T_5.png,"In REALITY, there are TWO cubes",2,b,h,2,0,2,1,0,1,1,0,1,B,-,0,23,23,42,NA,NA,NA,NA,NA,0.00213959999382495,152.84964400005993,153.2200817000121,153.32037680002395,155.3204173000995,155.72031180001795,155.82239690003917,155.82239690003917,b,1,0.6719931999687105,156.52037250006106,156.52037250006106,156.52037250006106,156.52037250006106,NA,NA,NA,NA,NA,NA,040,001,2024-10-28_13h26.27.110,PsychoPy Exp,2023.1.2,60.01637249326864
Knowledge,FALSE,FB-Ig,T_B_T,PsychoPyStudy2Stim/T_B_T_6.png,Adam KNOWS there are TWO cubes,2,h,b,2,0,2,1,0,1,1,0,1,B,PropTrueNoKnowledge,0,24,24,311,NA,NA,NA,NA,NA,0.00210179993882775,156.6105931000784,156.98687700007576,157.0870909000514,159.08703120006248,159.4870298000751,159.58911610010546,159.58911610010546,h,1,1.0975785000482574,160.70351510006003,160.70351510006003,160.70351510006003,160.70351510006003,NA,NA,NA,NA,NA,NA,040,001,2024-10-28_13h26.27.110,PsychoPy Exp,2023.1.2,60.01637249326864
Reality,TRUE,TB-K-B,TD_B,PsychoPyStudy2Stim/TD_B_1.png,"In REALITY, there is ONE cube",1,b,h,2,1,1,2,1,1,0,0,0,B,-,0,25,25,30,NA,NA,NA,NA,NA,8.1240001600235e-4,160.77772520005237,161.15353070001584,161.25366560008842,163.25337849999778,163.65365220000967,163.75580370007083,163.75580370007083,b,1,0.8342023000586778,164.62021660001483,164.62021660001483,164.62021660001483,164.62021660001483,NA,NA,NA,NA,NA,NA,040,001,2024-10-28_13h26.27.110,PsychoPy Exp,2023.1.2,60.01637249326864
Belief,FALSE,TB-Ig,D_B,PsychoPyStudy2Stim/D_B_2.png,Adam THINKS there is ONE cube,1,h,b,1,1,0,1,1,0,0,0,0,B,PropFalse,0,26,26,181,NA,NA,NA,NA,NA,0.00149189995136111,164.70539540005848,165.0869046000298,165.18701120000333,167.1867196999956,167.58695710008033,167.68903460004367,167.68903460004367,h,1,0.8849857000168413,168.60347200010438,168.60347200010438,168.60347200010438,168.60347200010438,NA,NA,NA,NA,NA,NA,040,001,2024-10-28_13h26.27.110,PsychoPy Exp,2023.1.2,60.01637249326864
Belief,FALSE,TB-Ig,D_B_D,PsychoPyStudy2Stim/D_B_D_3.png,Adam THINKS there is ONE cube,1,h,b,2,2,0,1,1,0,1,1,0,B,PropFalse,0,27,27,186,NA,NA,NA,NA,NA,9.9929992575198e-4,168.68627250008285,169.07007780007552,169.17034240008795,171.17035270005,171.5703410001006,171.6724913000362,171.6724913000362,h,1,0.7414731999160722,172.43668290006462,172.43668290006462,172.43668290006462,172.43668290006462,NA,NA,NA,NA,NA,NA,040,001,2024-10-28_13h26.27.110,PsychoPy Exp,2023.1.2,60.01637249326864
Belief,TRUE,TB-K,TD_NB,PsychoPyStudy2Stim/TD_NB_1.png,Adam THINKS there is ONE cube,1,b,h,2,1,1,2,1,1,0,0,0,NB,-,0,28,28,117,NA,NA,NA,NA,NA,9.1659999452531e-4,172.5244088000618,172.90348229999654,173.00370430003386,175.00372939999215,175.4033639000263,175.50563210004475,175.50563210004475,b,1,0.988675000029616,176.52018390002195,176.52018390002195,176.52018390002195,176.52018390002195,NA,NA,NA,NA,NA,NA,040,001,2024-10-28_13h26.27.110,PsychoPy Exp,2023.1.2,60.01637249326864
Reality,TRUE,TB-K,TD_NB,PsychoPyStudy2Stim/TD_NB_3.png,"In REALITY, there is ONE cube",1,b,h,2,1,1,2,1,1,0,0,0,NB,-,0,29,29,11,NA,NA,NA,NA,NA,0.00215089996345341,176.59987420006655,176.9701875000028,177.07041620009113,179.0701966000488,179.47017159999814,179.5724327000789,179.5724327000789,b,1,0.6982760999817401,180.2866701000603,180.2866701000603,180.2866701000603,180.2866701000603,NA,NA,NA,NA,NA,NA,040,001,2024-10-28_13h26.27.110,PsychoPy Exp,2023.1.2,60.01637249326864
Belief,FALSE,TB-K,D_NB,PsychoPyStudy2Stim/D_NB_1.png,Adam THINKS there is ONE cube,1,h,b,1,1,0,1,1,0,0,0,0,NB,PropFalse,0,30,30,162,NA,NA,NA,NA,NA,0.00199480005539953,180.35480269999243,180.7367949000327,180.8369762999937,182.83691260009073,183.2368531000102,183.33905200008303,183.33905200008303,h,1,1.034879600047134,184.4035750000039,184.4035750000039,184.4035750000039,184.4035750000039,NA,NA,NA,NA,NA,NA,040,001,2024-10-28_13h26.27.110,PsychoPy Exp,2023.1.2,60.01637249326864
Belief,TRUE,TB-K-B,TT_B,PsychoPyStudy2Stim/TT_B_5.png,Adam THINKS there are TWO cubes,2,b,h,2,0,2,2,0,2,0,0,0,B,-,0,31,31,138,NA,NA,NA,NA,NA,0.0011546000605449,184.48130179999865,184.8533869000385,184.9536342000356,186.95361339999363,187.3535713000456,187.455810100073,187.455810100073,b,1,0.9824672999093308,188.4698447000701,188.4698447000701,188.4698447000701,188.4698447000701,NA,NA,NA,NA,NA,NA,040,001,2024-10-28_13h26.27.110,PsychoPy Exp,2023.1.2,60.01637249326864
Knowledge,FALSE,FB-Ig,D_B_T,PsychoPyStudy2Stim/D_B_T_1.png,Adam KNOWS there is ONE cube,1,h,b,2,1,1,1,1,0,1,0,1,B,PropTrueNoKnowledge,0,32,32,318,NA,NA,NA,NA,NA,4.8739998601377e-4,188.5403836000478,188.92020500008948,189.02027219999584,191.0202298000222,191.42004430003,191.5223686000099,191.5223686000099,h,1,1.117144100018777,192.6699511000188,192.6699511000188,192.6699511000188,192.6699511000188,NA,NA,NA,NA,NA,NA,040,001,2024-10-28_13h26.27.110,PsychoPy Exp,2023.1.2,60.01637249326864
Reality,TRUE,TB-K,T_NB,PsychoPyStudy2Stim/T_NB_1.png,"In REALITY, there is ONE cube",1,b,h,1,0,1,1,0,1,0,0,0,NB,-,0,33,33,3,NA,NA,NA,NA,NA,0.00176999997347593,192.74154860002457,193.12015890004113,193.2202092000516,195.22007939999455,195.6202053000452,195.72217459999956,195.72217459999956,b,1,0.7322453999659047,196.470109899994,196.470109899994,196.470109899994,196.470109899994,NA,NA,NA,NA,NA,NA,040,001,2024-10-28_13h26.27.110,PsychoPy Exp,2023.1.2,60.01637249326864
Knowledge,TRUE,TB-K-B,DD_B,PsychoPyStudy2Stim/DD_B_12.png,Adam KNOWS there are ZERO cubes,0,b,h,2,2,0,2,2,0,0,0,0,B,-,0,34,34,245,NA,NA,NA,NA,NA,0.00150370004121214,196.55028429999948,196.92008630000055,197.0202655000612,199.0202283000108,199.4202068001032,199.5223207999952,199.5223207999952,b,1,1.3559075000230223,200.9035039000446,200.9035039000446,200.9035039000446,200.9035039000446,NA,NA,NA,NA,NA,NA,040,001,2024-10-28_13h26.27.110,PsychoPy Exp,2023.1.2,60.01637249326864
Knowledge,FALSE,TB-K,TT_NB,PsychoPyStudy2Stim/TT_NB_1.png,Adam KNOWS there are ZERO cubes,0,h,b,2,0,2,2,0,2,0,0,0,NB,PropFalse,0,35,35,282,NA,NA,NA,NA,NA,0.00169129995629191,200.98043700004928,201.3534369000699,201.4535690000048,203.45340140000917,203.8534473000327,203.9557229001075,203.9557229001075,h,1,1.098397900001146,205.0699340000283,205.0699340000283,205.0699340000283,205.0699340000283,NA,NA,NA,NA,NA,NA,040,001,2024-10-28_13h26.27.110,PsychoPy Exp,2023.1.2,60.01637249326864
Knowledge,TRUE,TB-K-B,DD_B,PsychoPyStudy2Stim/DD_B_10.png,Adam KNOWS there are ZERO cubes,0,b,h,2,2,0,2,2,0,0,0,0,B,-,0,36,36,243,NA,NA,NA,NA,NA,4.9060001038014e-4,205.1501723000547,205.52015770005528,205.6202095000772,207.620141100022,208.02018440002576,208.12239560007583,208.12239560007583,b,1,1.859801599988714,210.0034649000736,210.0034649000736,210.0034649000736,210.0034649000736,NA,NA,NA,NA,NA,NA,040,001,2024-10-28_13h26.27.110,PsychoPy Exp,2023.1.2,60.01637249326864
Knowledge,FALSE,TB-Ig,D_B,PsychoPyStudy2Stim/D_B_1.png,Adam KNOWS there are ZERO cubes,0,h,b,1,1,0,1,1,0,0,0,0,B,PropTrueNoKnowledge,0,37,37,288,NA,NA,NA,NA,NA,0.00168430001940578,210.07516740006395,210.45340360002592,210.5535522000864,212.55357049999293,212.95331120002083,213.05563630000688,213.05563630000688,h,1,1.5265547001035884,214.60347279999405,214.60347279999405,214.60347279999405,214.60347279999405,NA,NA,NA,NA,NA,NA,040,001,2024-10-28_13h26.27.110,PsychoPy Exp,2023.1.2,60.01637249326864
Belief,TRUE,TB-K-B,TT_B,PsychoPyStudy2Stim/TT_B_12.png,Adam THINKS there are TWO cubes,2,b,h,2,0,2,2,0,2,0,0,0,B,-,0,38,38,145,NA,NA,NA,NA,NA,0.00168720004148781,214.691420200048,215.07003790000456,215.1701946000103,217.1701289000921,217.57021960010752,217.67220340005588,217.67220340005588,b,1,0.982385800103657,218.67011400009503,218.67011400009503,218.67011400009503,218.67011400009503,NA,NA,NA,NA,NA,NA,040,001,2024-10-28_13h26.27.110,PsychoPy Exp,2023.1.2,60.01637249326864
Reality,FALSE,FB-Ig,T_B_T,PsychoPyStudy2Stim/T_B_T_1.png,"In REALITY, there is ONE cube",1,h,b,2,0,2,1,0,1,1,0,1,B,PropFalse,0,39,39,98,NA,NA,NA,NA,NA,0.00170779996551573,218.7566459000809,219.13668940006755,219.23679910006467,221.23665780003648,221.63674640003592,221.73898670007475,221.73898670007475,h,1,0.8589818000327796,222.6200211000396,222.6200211000396,222.6200211000396,222.6200211000396,NA,NA,NA,NA,NA,NA,040,001,2024-10-28_13h26.27.110,PsychoPy Exp,2023.1.2,60.01637249326864
Knowledge,TRUE,TB-K,DD_NB,PsychoPyStudy2Stim/DD_NB_3.png,Adam KNOWS there are ZERO cubes,0,b,h,2,2,0,2,2,0,0,0,0,NB,-,0,40,40,224,NA,NA,NA,NA,NA,0.00113859993871301,222.69632290001027,223.06972710008267,223.1698725000024,225.1702127000317,225.57010700006504,225.67215930006932,225.67215930006932,b,1,1.053775499924086,226.75329900009092,226.75329900009092,226.75329900009092,226.75329900009092,NA,NA,NA,NA,NA,NA,040,001,2024-10-28_13h26.27.110,PsychoPy Exp,2023.1.2,60.01637249326864
Belief,TRUE,TB-K-B,TT_B,PsychoPyStudy2Stim/TT_B_6.png,Adam THINKS there are TWO cubes,2,b,h,2,0,2,2,0,2,0,0,0,B,-,0,41,41,139,NA,NA,NA,NA,NA,9.3119998928159e-4,226.82808330003172,227.203412800096,227.30348640005104,229.3033278000075,229.7031664000824,229.8057441000128,229.8057441000128,b,1,1.320018699974753,231.1532273000339,231.1532273000339,231.1532273000339,231.1532273000339,NA,NA,NA,NA,NA,NA,040,001,2024-10-28_13h26.27.110,PsychoPy Exp,2023.1.2,60.01637249326864
Knowledge,FALSE,FB-Ig,D_B_T,PsychoPyStudy2Stim/D_B_T_3.png,Adam KNOWS there are ZERO cubes,0,h,b,2,1,1,1,1,0,1,0,1,B,PropFalse,0,42,42,323,NA,NA,NA,NA,NA,3.8760004099458e-4,231.2290005000541,231.60339290008417,231.70332030009013,233.7033215000993,234.1033679000102,234.20563300000504,234.20563300000504,h,1,1.7361775999888778,235.9697655000491,235.9697655000491,235.9697655000491,235.9697655000491,NA,NA,NA,NA,NA,NA,040,001,2024-10-28_13h26.27.110,PsychoPy Exp,2023.1.2,60.01637249326864
Belief,FALSE,TB-K,T_NB,PsychoPyStudy2Stim/T_NB_1.png,Adam THINKS there are ZERO cubes,0,h,b,1,0,1,1,0,1,0,0,0,NB,PropFalse,0,43,43,165,NA,NA,NA,NA,NA,4.8519996926188e-4,236.0418236000696,236.41999470000155,236.5201648999937,238.520134099992,238.92015120002907,239.02228600007948,239.02228600007948,h,1,1.327830000082031,240.37003390002064,240.37003390002064,240.37003390002064,240.37003390002064,NA,NA,NA,NA,NA,NA,040,001,2024-10-28_13h26.27.110,PsychoPy Exp,2023.1.2,60.01637249326864
Belief,TRUE,TB-K,TT_NB,PsychoPyStudy2Stim/TT_NB_1.png,Adam THINKS there are TWO cubes,2,b,h,2,0,2,2,0,2,0,0,0,NB,-,0,44,44,120,NA,NA,NA,NA,NA,0.00168019998818635,240.4555868000025,240.8366156000411,240.93683490005787,242.93676820001565,243.3367633000016,243.43885350006167,243.43885350006167,b,1,0.9113012000452728,244.3700467000017,244.3700467000017,244.3700467000017,244.3700467000017,NA,NA,NA,NA,NA,NA,040,001,2024-10-28_13h26.27.110,PsychoPy Exp,2023.1.2,60.01637249326864
Reality,TRUE,TB-Ig,D_B,PsychoPyStudy2Stim/D_B_2.png,"In REALITY, there are ZERO cubes",0,b,h,1,1,0,1,1,0,0,0,0,B,-,0,45,45,19,NA,NA,NA,NA,NA,0.00177680002525448,244.45741690008435,244.83665400010068,244.9367844000226,246.93677850009408,247.3366643000627,247.4388568000868,247.4388568000868,b,1,1.9512231000699105,249.42004160000943,249.42004160000943,249.42004160000943,249.42004160000943,NA,NA,NA,NA,NA,NA,040,001,2024-10-28_13h26.27.110,PsychoPy Exp,2023.1.2,60.01637249326864
Knowledge,FALSE,TB-K,DD_NB,PsychoPyStudy2Stim/DD_NB_2.png,Adam KNOWS there are TWO cubes,2,h,b,2,2,0,2,2,0,0,0,0,NB,PropFalse,0,46,46,277,NA,NA,NA,NA,NA,0.00172980001661926,249.5158933000639,249.88658690010195,249.9867588999914,251.98662990005687,252.3867488000542,252.48888750001788,252.48888750001788,h,1,1.5249016999732703,254.03642590006348,254.03642590006348,254.03642590006348,254.03642590006348,NA,NA,NA,NA,NA,NA,040,001,2024-10-28_13h26.27.110,PsychoPy Exp,2023.1.2,60.01637249326864
Knowledge,FALSE,TB-K,D_NB,PsychoPyStudy2Stim/D_NB_1.png,Adam KNOWS there is ONE cube,1,h,b,1,1,0,1,1,0,0,0,0,NB,PropFalse,0,47,47,270,NA,NA,NA,NA,NA,0.0015522000612691,254.1043415000895,254.48660720000044,254.58671719999984,256.5864544000942,256.98670650005806,257.0887799001066,257.0887799001066,h,1,1.2931916000088677,258.4032537000021,258.4032537000021,258.4032537000021,258.4032537000021,NA,NA,NA,NA,NA,NA,040,001,2024-10-28_13h26.27.110,PsychoPy Exp,2023.1.2,60.01637249326864
Knowledge,TRUE,TB-K-B,TT_B,PsychoPyStudy2Stim/TT_B_15.png,Adam KNOWS there are TWO cubes,2,b,h,2,0,2,2,0,2,0,0,0,B,-,0,48,48,248,NA,NA,NA,NA,NA,0.00153920007869601,258.4986459000502,258.86995860002935,258.96986940002535,260.9700726000592,261.3699962000828,261.4721116001019,261.4721116001019,b,1,0.95756969996728,262.45309329999145,262.45309329999145,262.45309329999145,262.45309329999145,NA,NA,NA,NA,NA,NA,040,001,2024-10-28_13h26.27.110,PsychoPy Exp,2023.1.2,60.01637249326864
Belief,TRUE,TB-K,TT_NB,PsychoPyStudy2Stim/TT_NB_3.png,Adam THINKS there are TWO cubes,2,b,h,2,0,2,2,0,2,0,0,0,NB,-,0,49,49,122,NA,NA,NA,NA,NA,4.2249995749443e-4,262.5273512999993,262.9032578000333,263.00338400003966,265.003437400097,265.4033789000241,265.5055098000448,265.5055098000448,b,1,0.7564989998936653,266.28660630004015,266.28660630004015,266.28660630004015,266.28660630004015,NA,NA,NA,NA,NA,NA,040,001,2024-10-28_13h26.27.110,PsychoPy Exp,2023.1.2,60.01637249326864
Belief,TRUE,FB-Ig,T_B_T,PsychoPyStudy2Stim/T_B_T_1.png,Adam THINKS there is ONE cube,1,b,h,2,0,2,1,0,1,1,0,1,B,-,0,50,50,146,NA,NA,NA,NA,NA,0.00170289992820471,266.3788362001069,266.7532220000867,266.8533731000498,268.85324980004225,269.25324069999624,269.35548310005106,269.35548310005106,b,1,0.9545842999359592,270.33662200008985,270.33662200008985,270.33662200008985,270.33662200008985,NA,NA,NA,NA,NA,NA,040,001,2024-10-28_13h26.27.110,PsychoPy Exp,2023.1.2,60.01637249326864
Reality,FALSE,TB-K,DD_NB,PsychoPyStudy2Stim/DD_NB_1.png,"In REALITY, there is ONE cube",1,h,b,2,2,0,2,2,0,0,0,0,NB,PropFalse,0,51,51,60,NA,NA,NA,NA,NA,0.00168530002702027,270.4253215000499,270.80320690001827,270.903332100017,272.90324790007435,273.3032974000089,273.4054288000334,273.4054288000334,h,1,0.8005625999066979,274.23636890004855,274.23636890004855,274.23636890004855,274.23636890004855,NA,NA,NA,NA,NA,NA,040,001,2024-10-28_13h26.27.110,PsychoPy Exp,2023.1.2,60.01637249326864
Belief,TRUE,TB-K,TT_NB,PsychoPyStudy2Stim/TT_NB_2.png,Adam THINKS there are TWO cubes,2,b,h,2,0,2,2,0,2,0,0,0,NB,-,0,52,52,121,NA,NA,NA,NA,NA,3.9920001290738e-4,274.3110954000149,274.68643890006933,274.7867180000758,276.7866721000755,277.1866931000259,277.2888763000956,277.2888763000956,b,1,0.8851475999690592,278.20305450004525,278.20305450004525,278.20305450004525,278.20305450004525,NA,NA,NA,NA,NA,NA,040,001,2024-10-28_13h26.27.110,PsychoPy Exp,2023.1.2,60.01637249326864
Reality,FALSE,TB-K,TT_NB,PsychoPyStudy2Stim/TT_NB_6.png,"In REALITY, there is ONE cube",1,h,b,2,0,2,2,0,2,0,0,0,NB,PropFalse,0,53,53,71,NA,NA,NA,NA,NA,4.2010005563497e-4,278.26946390001103,278.6531536000548,278.75317989999894,280.75329580006655,281.15320310008246,281.25544189999346,281.25544189999346,h,1,0.8785962000256404,282.1532531999983,282.1532531999983,282.1532531999983,282.1532531999983,NA,NA,NA,NA,NA,NA,040,001,2024-10-28_13h26.27.110,PsychoPy Exp,2023.1.2,60.01637249326864
Knowledge,FALSE,TB-K,DD_NB,PsychoPyStudy2Stim/DD_NB_1.png,Adam KNOWS there is ONE cube,1,h,b,2,2,0,2,2,0,0,0,0,NB,PropFalse,0,54,54,276,NA,NA,NA,NA,NA,0.00172180007211864,282.2489299000008,282.6196974000195,282.7200129000703,284.7196973999962,285.1198946000077,285.22199170000385,285.22199170000385,h,1,1.128039799979888,286.3698971000267,286.3698971000267,286.3698971000267,286.3698971000267,NA,NA,NA,NA,NA,NA,040,001,2024-10-28_13h26.27.110,PsychoPy Exp,2023.1.2,60.01637249326864
Belief,FALSE,FB-Ig,T_B_T,PsychoPyStudy2Stim/T_B_T_4.png,Adam THINKS there are TWO cubes,2,h,b,2,0,2,1,0,1,1,0,1,B,PropTrueNoBelief,0,55,55,209,NA,NA,NA,NA,NA,0.0017620000289753,286.4690519000869,286.8532505000476,286.95316970010754,288.95326460001525,289.35320500005037,289.4552934000967,289.4552934000967,h,1,0.9266200000420212,290.40319790004287,290.40319790004287,290.40319790004287,290.40319790004287,NA,NA,NA,NA,NA,NA,040,001,2024-10-28_13h26.27.110,PsychoPy Exp,2023.1.2,60.01637249326864
Knowledge,FALSE,FB-Ig,T_B_T,PsychoPyStudy2Stim/T_B_T_1.png,Adam KNOWS there are TWO cubes,2,h,b,2,0,2,1,0,1,1,0,1,B,PropTrueNoKnowledge,0,56,56,306,NA,NA,NA,NA,NA,0.00174990005325526,290.4894667000044,290.8697637000587,290.9699549000943,292.9698522000108,293.3699287000345,293.47204690007493,293.47204690007493,h,1,0.7179499000776559,294.21984590007924,294.21984590007924,294.21984590007924,294.21984590007924,NA,NA,NA,NA,NA,NA,040,001,2024-10-28_13h26.27.110,PsychoPy Exp,2023.1.2,60.01637249326864
Reality,FALSE,FB-Ig,D_B_T,PsychoPyStudy2Stim/D_B_T_3.png,"In REALITY, there are ZERO cubes",0,h,b,2,1,1,1,1,0,1,0,1,B,PropFalse,0,57,57,106,NA,NA,NA,NA,NA,0.00172070006374269,294.31002080009785,294.68648360006046,294.78659980010707,296.786652800045,297.18655970005784,297.2889446000336,297.2889446000336,h,1,0.9250361999729648,298.23647890007123,298.23647890007123,298.23647890007123,298.23647890007123,NA,NA,NA,NA,NA,NA,040,001,2024-10-28_13h26.27.110,PsychoPy Exp,2023.1.2,60.01637249326864
Belief,TRUE,FB-Ig,T_B_T,PsychoPyStudy2Stim/T_B_T_6.png,Adam THINKS there is ONE cube,1,b,h,2,0,2,1,0,1,1,0,1,B,-,0,58,58,157,NA,NA,NA,NA,NA,0.00171519990544766,298.32765760004986,298.7031030000653,298.8032529000193,300.80315160006285,301.20318000006955,301.30535929999314,301.30535929999314,b,1,0.6765851000091061,302.00319459999446,302.00319459999446,302.00319459999446,302.00319459999446,NA,NA,NA,NA,NA,NA,040,001,2024-10-28_13h26.27.110,PsychoPy Exp,2023.1.2,60.01637249326864
Reality,FALSE,FB-Ig,T_B_T,PsychoPyStudy2Stim/T_B_T_4.png,"In REALITY, there is ONE cube",1,h,b,2,0,2,1,0,1,1,0,1,B,PropFalse,0,59,59,101,NA,NA,NA,NA,NA,0.00172090006526559,302.0907981999917,302.4697627000278,302.5698887000326,304.5696676000953,304.96981300006155,305.0721277000848,305.0721277000848,h,1,0.5735424000304192,305.6697948999936,305.6697948999936,305.6697948999936,305.6697948999936,NA,NA,NA,NA,NA,NA,040,001,2024-10-28_13h26.27.110,PsychoPy Exp,2023.1.2,60.01637249326864
Belief,TRUE,FB-Ig,D_B_T,PsychoPyStudy2Stim/D_B_T_4.png,Adam THINKS there are ZERO cubes,0,b,h,2,1,1,1,1,0,1,0,1,B,-,0,60,60,161,NA,NA,NA,NA,NA,0.00118319992907345,305.76036220008973,306.1364150000736,306.23658750008326,308.23645740002394,308.6365521000698,308.7388429000275,308.7388429000275,b,1,1.2999164999928323,310.0696049000835,310.0696049000835,310.0696049000835,310.0696049000835,NA,NA,NA,NA,NA,NA,040,001,2024-10-28_13h26.27.110,PsychoPy Exp,2023.1.2,60.01637249326864
Reality,FALSE,TB-K-B,DD_B,PsychoPyStudy2Stim/DD_B_16.png,"In REALITY, there are TWO cubes",2,h,b,2,2,0,2,2,0,0,0,0,B,PropFalse,0,61,61,83,NA,NA,NA,NA,NA,4.5789999421685e-4,310.1539445000235,310.53639080002904,310.6365803000517,312.6365819000639,313.0364928999916,313.1386315000709,313.1386315000709,h,1,0.723076399997808,313.8863456000108,313.8863456000108,313.8863456000108,313.8863456000108,NA,NA,NA,NA,NA,NA,040,001,2024-10-28_13h26.27.110,PsychoPy Exp,2023.1.2,60.01637249326864
Reality,FALSE,FB-Ig,T_B_T,PsychoPyStudy2Stim/T_B_T_1.png,"In REALITY, there is ONE cube",1,h,b,2,0,2,1,0,1,1,0,1,B,PropFalse,0,62,62,92,NA,NA,NA,NA,NA,0.00114270008634775,313.9603029000573,314.3364169000415,314.4365719000343,316.43651490006596,316.83645659999456,316.93876920000184,316.93876920000184,h,1,1.379145700018853,318.3364684000844,318.3364684000844,318.3364684000844,318.3364684000844,NA,NA,NA,NA,NA,NA,040,001,2024-10-28_13h26.27.110,PsychoPy Exp,2023.1.2,60.01637249326864
Reality,FALSE,FB-Ig,T_B_T,PsychoPyStudy2Stim/T_B_T_5.png,"In REALITY, there is ONE cube",1,h,b,2,0,2,1,0,1,1,0,1,B,PropFalse,0,63,63,102,NA,NA,NA,NA,NA,0.00172719999682158,318.42393700010143,318.8030914000701,318.9031896000961,320.9031481000129,321.30300260009244,321.4053367000306,321.4053367000306,h,1,1.344458399922587,322.76970030006487,322.76970030006487,322.76970030006487,322.76970030006487,NA,NA,NA,NA,NA,NA,040,001,2024-10-28_13h26.27.110,PsychoPy Exp,2023.1.2,60.01637249326864
Reality,FALSE,TB-Ig,D_B,PsychoPyStudy2Stim/D_B_1.png,"In REALITY, there are TWO cubes",2,h,b,1,1,0,1,1,0,0,0,0,B,PropFalse,0,64,64,72,NA,NA,NA,NA,NA,0.00150989997200667,322.86274820007384,323.2363713000668,323.3364935000427,325.3363668000093,325.73634330008645,325.8384655000409,325.8384655000409,h,1,0.5996043999912217,326.46973430004437,326.46973430004437,326.46973430004437,326.46973430004437,NA,NA,NA,NA,NA,NA,040,001,2024-10-28_13h26.27.110,PsychoPy Exp,2023.1.2,60.01637249326864
Belief,FALSE,TB-K-B,TT_B,PsychoPyStudy2Stim/TT_B_9.png,Adam THINKS there are ZERO cubes,0,h,b,2,0,2,2,0,2,0,0,0,B,PropFalse,0,65,65,196,NA,NA,NA,NA,NA,0.00170649995561689,326.5678124000551,326.95306130009703,327.0531944000395,329.05310790007934,329.453152500093,329.5551679000491,329.5551679000491,h,1,0.7543545999797061,330.33633580000605,330.33633580000605,330.33633580000605,330.33633580000605,NA,NA,NA,NA,NA,NA,040,001,2024-10-28_13h26.27.110,PsychoPy Exp,2023.1.2,60.01637249326864
Reality,TRUE,TB-K,D_NB,PsychoPyStudy2Stim/D_NB_2.png,"In REALITY, there are ZERO cubes",0,b,h,1,1,0,1,1,0,0,0,0,NB,-,0,66,66,1,NA,NA,NA,NA,NA,5.9720000717788e-4,330.40752390003763,330.7863174000522,330.88647750008386,332.8864129000576,333.2863694000989,333.3885723000858,333.3885723000858,b,1,0.9612835999578238,334.36977390001994,334.36977390001994,334.36977390001994,334.36977390001994,NA,NA,NA,NA,NA,NA,040,001,2024-10-28_13h26.27.110,PsychoPy Exp,2023.1.2,60.01637249326864
Reality,FALSE,TB-K,D_NB,PsychoPyStudy2Stim/D_NB_3.png,"In REALITY, there are TWO cubes",2,h,b,1,1,0,1,1,0,0,0,0,NB,PropFalse,0,67,67,56,NA,NA,NA,NA,NA,0.00178269995376467,334.44150960003026,334.8194863999961,334.9199076000368,336.91976370010525,337.319785800064,337.42193640000187,337.42193640000187,h,1,0.6718058000551537,338.11967120005284,338.11967120005284,338.11967120005284,338.11967120005284,NA,NA,NA,NA,NA,NA,040,001,2024-10-28_13h26.27.110,PsychoPy Exp,2023.1.2,60.01637249326864
Knowledge,FALSE,TB-Ig,D_B,PsychoPyStudy2Stim/D_B_3.png,Adam KNOWS there are ZERO cubes,0,h,b,1,1,0,1,1,0,0,0,0,B,PropTrueNoKnowledge,0,68,68,290,NA,NA,NA,NA,NA,0.0015999999595806,338.2062365000602,338.5863949001068,338.6865239000181,340.68637100001797,341.08654440008104,341.18846360000316,341.18846360000316,h,1,1.6890324000269177,342.9029810000211,342.9029810000211,342.9029810000211,342.9029810000211,NA,NA,NA,NA,NA,NA,040,001,2024-10-28_13h26.27.110,PsychoPy Exp,2023.1.2,60.01637249326864
Reality,TRUE,TB-K-B,DD_B,PsychoPyStudy2Stim/DD_B_15.png,"In REALITY, there are ZERO cubes",0,b,h,2,2,0,2,2,0,0,0,0,B,-,0,69,69,28,NA,NA,NA,NA,NA,5.3980003576725e-4,342.9977057999931,343.36951360001694,343.4697963000508,345.46977190009784,345.8697000000393,345.9719139999943,345.9719139999943,h,0,0.8415375000331551,346.836228900007,346.836228900007,346.836228900007,346.836228900007,NA,NA,NA,NA,NA,NA,040,001,2024-10-28_13h26.27.110,PsychoPy Exp,2023.1.2,60.01637249326864
Belief,TRUE,TB-Ig,D_B,PsychoPyStudy2Stim/D_B_1.png,Adam THINKS there are ZERO cubes,0,b,h,1,1,0,1,1,0,0,0,0,B,-,0,70,70,126,NA,NA,NA,NA,NA,5.401000380516e-4,346.92190620000474,347.3028470000718,347.4031176000135,349.40312090003863,349.8029972000513,349.90526080003474,349.90526080003474,h,0,1.548476100084372,351.46949859999586,351.46949859999586,351.46949859999586,351.46949859999586,NA,NA,NA,NA,NA,NA,040,001,2024-10-28_13h26.27.110,PsychoPy Exp,2023.1.2,60.01637249326864
Belief,FALSE,TB-K,TT_NB,PsychoPyStudy2Stim/TT_NB_2.png,Adam THINKS there are ZERO cubes,0,h,b,2,0,2,2,0,2,0,0,0,NB,PropFalse,0,71,71,175,NA,NA,NA,NA,NA,6.8459997419267e-4,351.5574440000346,351.9363243000116,352.0364183000056,354.0363550001057,354.4363746000454,354.538533700048,354.538533700048,h,1,1.2830437999218702,355.8529796000803,355.8529796000803,355.8529796000803,355.8529796000803,NA,NA,NA,NA,NA,NA,040,001,2024-10-28_13h26.27.110,PsychoPy Exp,2023.1.2,60.01637249326864
Reality,FALSE,FB-Ig,T_B_T,PsychoPyStudy2Stim/T_B_T_3.png,"In REALITY, there is ONE cube",1,h,b,2,0,2,1,0,1,1,0,1,B,PropFalse,0,72,72,94,NA,NA,NA,NA,NA,9.7109994385391e-4,355.9502960999962,356.3194756000303,356.4197814000072,358.4197475000983,358.819652800099,358.9218441999983,358.9218441999983,h,1,0.6918301000259817,359.6362536000088,359.6362536000088,359.6362536000088,359.6362536000088,NA,NA,NA,NA,NA,NA,040,001,2024-10-28_13h26.27.110,PsychoPy Exp,2023.1.2,60.01637249326864
Knowledge,TRUE,TB-K,TD_NB,PsychoPyStudy2Stim/TD_NB_1.png,Adam KNOWS there is ONE cube,1,b,h,2,1,1,2,1,1,0,0,0,NB,-,0,73,73,225,NA,NA,NA,NA,NA,0.00154200010001659,359.72123630007263,360.10293100005947,360.203083600034,362.20312930003274,362.6030582000967,362.7051325000357,362.7051325000357,b,1,1.0686444999882951,363.80278520006686,363.80278520006686,363.80278520006686,363.80278520006686,NA,NA,NA,NA,NA,NA,040,001,2024-10-28_13h26.27.110,PsychoPy Exp,2023.1.2,60.01637249326864
Knowledge,FALSE,TB-K,DD_NB,PsychoPyStudy2Stim/DD_NB_3.png,Adam KNOWS there are TWO cubes,2,h,b,2,2,0,2,2,0,0,0,0,NB,PropFalse,0,74,74,278,NA,NA,NA,NA,NA,4.3840007856488e-4,363.8842431000666,364.26945590006653,364.3697604000336,366.3697898000246,366.76973530009855,366.8717677000677,366.8717677000677,h,1,0.8536496999440715,367.7528788000345,367.7528788000345,367.7528788000345,367.7528788000345,NA,NA,NA,NA,NA,NA,040,001,2024-10-28_13h26.27.110,PsychoPy Exp,2023.1.2,60.01637249326864
Belief,FALSE,TB-K-B,TT_B,PsychoPyStudy2Stim/TT_B_8.png,Adam THINKS there are ZERO cubes,0,h,b,2,0,2,2,0,2,0,0,0,B,PropFalse,0,75,75,195,NA,NA,NA,NA,NA,6.0040003154426e-4,367.8621321000392,368.2362617000472,368.336402200046,370.33644630003255,370.7363663000287,370.8385520000011,370.8385520000011,h,1,0.8068102999823168,371.6694358000532,371.6694358000532,371.6694358000532,371.6694358000532,NA,NA,NA,NA,NA,NA,040,001,2024-10-28_13h26.27.110,PsychoPy Exp,2023.1.2,60.01637249326864
Reality,TRUE,FB-Ig,T_B_T,PsychoPyStudy2Stim/T_B_T_4.png,"In REALITY, there are TWO cubes",2,b,h,2,0,2,1,0,1,1,0,1,B,-,0,76,76,41,NA,NA,NA,NA,NA,4.2399996891617e-4,371.7481497999979,372.1195495000575,372.21976540004835,374.2196499001002,374.6196659000125,374.7217334000161,374.7217334000161,b,1,1.1322503000264987,375.86936040001456,375.86936040001456,375.86936040001456,375.86936040001456,NA,NA,NA,NA,NA,NA,040,001,2024-10-28_13h26.27.110,PsychoPy Exp,2023.1.2,60.01637249326864
Reality,TRUE,FB-Ig,D_B_T,PsychoPyStudy2Stim/D_B_T_2.png,"In REALITY, there is ONE cube",1,b,h,2,1,1,1,1,0,1,0,1,B,-,0,77,77,51,NA,NA,NA,NA,NA,0.00178489997051656,375.94290290004574,376.3195868000621,376.4194160000188,378.4196792000439,378.8195855000522,378.9217873000307,378.9217873000307,b,1,1.0198864999692887,379.96941090002656,379.96941090002656,379.96941090002656,379.96941090002656,NA,NA,NA,NA,NA,NA,040,001,2024-10-28_13h26.27.110,PsychoPy Exp,2023.1.2,60.01637249326864
Reality,FALSE,TB-K,TD_NB,PsychoPyStudy2Stim/TD_NB_1.png,"In REALITY, there are ZERO cubes",0,h,b,2,1,1,2,1,1,0,0,0,NB,PropFalse,0,78,78,63,NA,NA,NA,NA,NA,0.00181679998058825,380.0462605000939,380.4193527000025,380.5196503000334,382.51954560005106,382.9196834000759,383.02167470008135,383.02167470008135,h,1,1.2720199000323191,384.3197316000005,384.3197316000005,384.3197316000005,384.3197316000005,NA,NA,NA,NA,NA,NA,040,001,2024-10-28_13h26.27.110,PsychoPy Exp,2023.1.2,60.01637249326864
Belief,FALSE,TB-K,D_NB,PsychoPyStudy2Stim/D_NB_2.png,Adam THINKS there is ONE cube,1,h,b,1,1,0,1,1,0,0,0,0,NB,PropFalse,0,79,79,163,NA,NA,NA,NA,NA,0.00172579998616129,384.39365560002625,384.7694979000371,384.8696565000573,386.8696876000613,387.2695876000216,387.37178909999784,387.37178909999784,h,1,1.4821950000477957,388.8694548000349,388.8694548000349,388.8694548000349,388.8694548000349,NA,NA,NA,NA,NA,NA,040,001,2024-10-28_13h26.27.110,PsychoPy Exp,2023.1.2,60.01637249326864
Belief,FALSE,TB-Ig,D_B,PsychoPyStudy2Stim/D_B_1.png,Adam THINKS there is ONE cube,1,h,b,1,1,0,1,1,0,0,0,0,B,PropFalse,0,80,80,180,NA,NA,NA,NA,NA,0.00175729999318718,388.94329460000154,389.3195469001075,389.4197209000122,391.4196482000407,391.8196163000539,391.92171240004245,391.92171240004245,h,1,1.0916212999727577,393.0380068999948,NA,393.0380068999948,NA,space,39.83965889993124,NA,NA,NA,NA,040,001,2024-10-28_13h26.27.110,PsychoPy Exp,2023.1.2,60.01637249326864
Reality,FALSE,TB-Ig,D_B_D,PsychoPyStudy2Stim/D_B_D_3.png,"In REALITY, there are TWO cubes",2,h,b,2,2,0,1,1,0,1,1,0,B,PropFalse,0,81,81,78,NA,NA,NA,NA,NA,0.00170689995866268,432.9884485000512,433.3693715000991,433.46930560003966,435.4693474000087,435.8694754000753,435.97173820005264,435.97173820005264,h,1,1.3144492999417707,437.302690600045,437.302690600045,437.302690600045,437.302690600045,NA,NA,NA,NA,NA,NA,040,001,2024-10-28_13h26.27.110,PsychoPy Exp,2023.1.2,60.01637249326864
Knowledge,FALSE,TB-K,TT_NB,PsychoPyStudy2Stim/TT_NB_4.png,Adam KNOWS there is ONE cube,1,h,b,2,0,2,2,0,2,0,0,0,NB,PropFalse,0,82,82,285,NA,NA,NA,NA,NA,0.00182390003465116,437.3820674000308,437.752687200089,437.85284210008103,439.8526649000123,440.2527521000011,440.35495890001766,440.35495890001766,h,1,0.8666232000105083,441.25275610003155,441.25275610003155,441.25275610003155,441.25275610003155,NA,NA,NA,NA,NA,NA,040,001,2024-10-28_13h26.27.110,PsychoPy Exp,2023.1.2,60.01637249326864
Reality,TRUE,TB-K,D_NB,PsychoPyStudy2Stim/D_NB_3.png,"In REALITY, there are ZERO cubes",0,b,h,1,1,0,1,1,0,0,0,0,NB,-,0,83,83,2,NA,NA,NA,NA,NA,0.00174239999614655,441.34809990006033,441.7193302999949,441.81949870008975,443.8193586000707,444.21946220006794,444.3216189000523,444.3216189000523,b,1,0.6679690999444574,445.0192659000168,445.0192659000168,445.0192659000168,445.0192659000168,NA,NA,NA,NA,NA,NA,040,001,2024-10-28_13h26.27.110,PsychoPy Exp,2023.1.2,60.01637249326864
Reality,TRUE,FB-Ig,T_B_T,PsychoPyStudy2Stim/T_B_T_1.png,"In REALITY, there are TWO cubes",2,b,h,2,0,2,1,0,1,1,0,1,B,-,0,84,84,44,NA,NA,NA,NA,NA,0.00192079995758831,445.0956459000008,445.46934800001327,445.5692934000399,447.56941750005353,447.9692015000619,448.0716396000935,448.0716396000935,b,1,0.7895184999797493,448.8860114000272,448.8860114000272,448.8860114000272,448.8860114000272,NA,NA,NA,NA,NA,NA,040,001,2024-10-28_13h26.27.110,PsychoPy Exp,2023.1.2,60.01637249326864
Reality,TRUE,FB-Ig,D_B_T,PsychoPyStudy2Stim/D_B_T_4.png,"In REALITY, there is ONE cube",1,b,h,2,1,1,1,1,0,1,0,1,B,-,0,85,85,53,NA,NA,NA,NA,NA,8.8069995399564e-4,448.9703088999958,449.3527000000467,449.4527772000292,451.4528241000371,451.8527046000818,451.9548448000569,451.9548448000569,b,1,0.6105599999427795,452.5861857000273,452.5861857000273,452.5861857000273,452.5861857000273,NA,NA,NA,NA,NA,NA,040,001,2024-10-28_13h26.27.110,PsychoPy Exp,2023.1.2,60.01637249326864
Reality,TRUE,TB-K,T_NB,PsychoPyStudy2Stim/T_NB_2.png,"In REALITY, there is ONE cube",1,b,h,1,0,1,1,0,1,0,0,0,NB,-,0,86,86,4,NA,NA,NA,NA,NA,0.00166729988995939,452.66358789999504,453.0359694000799,453.1360987999942,455.1358961000806,455.5361148000229,455.63824640004896,455.63824640004896,b,1,0.6388144999509677,456.302444400033,456.302444400033,456.302444400033,456.302444400033,NA,NA,NA,NA,NA,NA,040,001,2024-10-28_13h26.27.110,PsychoPy Exp,2023.1.2,60.01637249326864
Knowledge,TRUE,TB-K-B,DD_B,PsychoPyStudy2Stim/DD_B_11.png,Adam KNOWS there are ZERO cubes,0,b,h,2,2,0,2,2,0,0,0,0,B,-,0,87,87,244,NA,NA,NA,NA,NA,5.4370006546378e-4,456.3805636001052,456.75268830009736,456.8527361000888,458.85262580006383,459.25277190003544,459.35488940007053,459.35488940007053,b,1,1.7312427000142634,461.10268660006113,461.10268660006113,461.10268660006113,461.10268660006113,NA,NA,NA,NA,NA,NA,040,001,2024-10-28_13h26.27.110,PsychoPy Exp,2023.1.2,60.01637249326864
Reality,TRUE,TB-K,TT_NB,PsychoPyStudy2Stim/TT_NB_4.png,"In REALITY, there are TWO cubes",2,b,h,2,0,2,2,0,2,0,0,0,NB,-,0,88,88,15,NA,NA,NA,NA,NA,0.00179680006112903,461.1921004001051,461.5693302000873,461.6692212000489,463.6694040000438,464.0693552000448,464.1717838000041,464.1717838000041,b,1,0.9853265000274404,465.18587970000226,465.18587970000226,465.18587970000226,465.18587970000226,NA,NA,NA,NA,NA,NA,040,001,2024-10-28_13h26.27.110,PsychoPy Exp,2023.1.2,60.01637249326864
Reality,FALSE,FB-Ig,D_B_T,PsychoPyStudy2Stim/D_B_T_2.png,"In REALITY, there are ZERO cubes",0,h,b,2,1,1,1,1,0,1,0,1,B,PropFalse,0,89,89,105,NA,NA,NA,NA,NA,8.2290009595453e-4,465.27558430004865,465.6525853000349,465.75274860009085,467.7524817000376,468.1526629000437,468.2548105000751,468.2548105000751,h,1,0.8310424000956118,469.1025667000795,469.1025667000795,469.1025667000795,469.1025667000795,NA,NA,NA,NA,NA,NA,040,001,2024-10-28_13h26.27.110,PsychoPy Exp,2023.1.2,60.01637249326864
Belief,TRUE,FB-Ig,T_B_T,PsychoPyStudy2Stim/T_B_T_1.png,Adam THINKS there is ONE cube,1,b,h,2,0,2,1,0,1,1,0,1,B,-,0,90,90,152,NA,NA,NA,NA,NA,9.68600041233e-4,469.19135460001417,469.56904460000806,469.66928610007744,471.66937430005055,472.06940350006334,472.17147210007533,472.17147210007533,b,1,1.866643900051713,474.06926270003896,474.06926270003896,474.06926270003896,474.06926270003896,NA,NA,NA,NA,NA,NA,040,001,2024-10-28_13h26.27.110,PsychoPy Exp,2023.1.2,60.01637249326864
Belief,TRUE,TB-K-B,TT_B,PsychoPyStudy2Stim/TT_B_2.png,Adam THINKS there are TWO cubes,2,b,h,2,0,2,2,0,2,0,0,0,B,-,0,91,91,135,NA,NA,NA,NA,NA,0.00180129997897893,474.1568326000124,474.5359705000883,474.6360519001027,476.6360862000147,477.03612480009906,477.13808520010207,477.13808520010207,b,1,0.9953864000272006,478.1526315000374,478.1526315000374,478.1526315000374,478.1526315000374,NA,NA,NA,NA,NA,NA,040,001,2024-10-28_13h26.27.110,PsychoPy Exp,2023.1.2,60.01637249326864
Knowledge,FALSE,TB-K,D_NB,PsychoPyStudy2Stim/D_NB_2.png,Adam KNOWS there is ONE cube,1,h,b,1,1,0,1,1,0,0,0,0,NB,PropFalse,0,92,92,271,NA,NA,NA,NA,NA,0.00178029993548989,478.2387540000491,478.61927580006886,478.7193508000346,480.7192362000933,481.1193587000016,481.22150300000794,481.22150300000794,h,1,1.0238249000394717,482.2690516000148,482.2690516000148,482.2690516000148,482.2690516000148,NA,NA,NA,NA,NA,NA,040,001,2024-10-28_13h26.27.110,PsychoPy Exp,2023.1.2,60.01637249326864
Belief,TRUE,FB-Ig,T_B_T,PsychoPyStudy2Stim/T_B_T_6.png,Adam THINKS there is ONE cube,1,b,h,2,0,2,1,0,1,1,0,1,B,-,0,93,93,151,NA,NA,NA,NA,NA,0.00176720006857067,482.3503533001058,482.73582350008655,482.8360026000301,484.83593250007834,485.2360258999979,485.3381928000599,485.3381928000599,b,1,0.8192740998929366,486.1857523000799,486.1857523000799,486.1857523000799,486.1857523000799,NA,NA,NA,NA,NA,NA,040,001,2024-10-28_13h26.27.110,PsychoPy Exp,2023.1.2,60.01637249326864
Knowledge,TRUE,TB-K,T_NB,PsychoPyStudy2Stim/T_NB_2.png,Adam KNOWS there is ONE cube,1,b,h,1,0,1,1,0,1,0,0,0,NB,-,0,94,94,220,NA,NA,NA,NA,NA,4.4380000326782e-4,486.252193500055,486.6358900000341,486.7360190000618,488.7359997000312,489.1359298001043,489.238126500044,489.238126500044,b,1,0.7748015999095514,490.0357563000871,490.0357563000871,490.0357563000871,490.0357563000871,NA,NA,NA,NA,NA,NA,040,001,2024-10-28_13h26.27.110,PsychoPy Exp,2023.1.2,60.01637249326864
Belief,TRUE,FB-Ig,T_B_T,PsychoPyStudy2Stim/T_B_T_2.png,Adam THINKS there is ONE cube,1,b,h,2,0,2,1,0,1,1,0,1,B,-,0,95,95,147,NA,NA,NA,NA,NA,4.1350000537931e-4,490.1119776000269,490.4859382000286,490.58600000001024,492.58606540004257,492.9860226000892,493.0879815000808,493.0879815000808,b,1,0.9894462000811473,494.1026411000639,494.1026411000639,494.1026411000639,494.1026411000639,NA,NA,NA,NA,NA,NA,040,001,2024-10-28_13h26.27.110,PsychoPy Exp,2023.1.2,60.01637249326864
Reality,TRUE,FB-Ig,T_B_T,PsychoPyStudy2Stim/T_B_T_4.png,"In REALITY, there are TWO cubes",2,b,h,2,0,2,1,0,1,1,0,1,B,-,0,96,96,47,NA,NA,NA,NA,NA,0.00177920004352927,494.1911162000615,494.5692091000965,494.66938820004,496.6693018000806,497.0693328001071,497.1715317000635,497.1715317000635,b,1,0.5305891999742016,497.71922130009625,497.71922130009625,497.71922130009625,497.71922130009625,NA,NA,NA,NA,NA,NA,040,001,2024-10-28_13h26.27.110,PsychoPy Exp,2023.1.2,60.01637249326864
Knowledge,FALSE,TB-Ig,D_B,PsychoPyStudy2Stim/D_B_4.png,Adam KNOWS there are ZERO cubes,0,h,b,1,1,0,1,1,0,0,0,0,B,PropTrueNoKnowledge,0,97,97,291,NA,NA,NA,NA,NA,0.00183769990690052,497.80041350005195,498.1859582000179,498.2860386000248,500.2859956000466,500.6859639000613,500.78801950009074,500.78801950009074,h,1,1.0413355000782758,501.8525853001047,501.8525853001047,501.8525853001047,501.8525853001047,NA,NA,NA,NA,NA,NA,040,001,2024-10-28_13h26.27.110,PsychoPy Exp,2023.1.2,60.01637249326864
Reality,TRUE,TB-K-B,TD_B,PsychoPyStudy2Stim/TD_B_5.png,"In REALITY, there is ONE cube",1,b,h,2,1,1,2,1,1,0,0,0,B,-,0,98,98,34,NA,NA,NA,NA,NA,0.00178120005875825,501.935714900028,502.31922960001975,502.4192651000339,504.41929690004326,504.8192103001056,504.9214351000264,504.9214351000264,b,1,1.05990919994656,506.00234320003074,506.00234320003074,506.00234320003074,506.00234320003074,NA,NA,NA,NA,NA,NA,040,001,2024-10-28_13h26.27.110,PsychoPy Exp,2023.1.2,60.01637249326864
Belief,TRUE,FB-Ig,T_B_T,PsychoPyStudy2Stim/T_B_T_3.png,Adam THINKS there is ONE cube,1,b,h,2,0,2,1,0,1,1,0,1,B,-,0,99,99,148,NA,NA,NA,NA,NA,0.00179859995841979,506.0805007000454,506.4525035000406,506.552632200066,508.5525686000474,508.952489700052,509.05468810000457,509.05468810000457,b,1,1.4786485000513494,510.5524870000081,510.5524870000081,510.5524870000081,510.5524870000081,NA,NA,NA,NA,NA,NA,040,001,2024-10-28_13h26.27.110,PsychoPy Exp,2023.1.2,60.01637249326864
Belief,TRUE,TB-K-B,TT_B,PsychoPyStudy2Stim/TT_B_1.png,Adam THINKS there are TWO cubes,2,b,h,2,0,2,2,0,2,0,0,0,B,-,0,100,100,134,NA,NA,NA,NA,NA,0.00170400005299597,510.6339986000676,511.0191466000397,511.1190524999984,513.1189841000596,513.5192932999926,513.6213836000534,513.6213836000534,b,1,0.5758449999848381,514.2190681000939,514.2190681000939,514.2190681000939,514.2190681000939,NA,NA,NA,NA,NA,NA,040,001,2024-10-28_13h26.27.110,PsychoPy Exp,2023.1.2,60.01637249326864
Knowledge,FALSE,TB-Ig,D_B,PsychoPyStudy2Stim/D_B_2.png,Adam KNOWS there are ZERO cubes,0,h,b,1,1,0,1,1,0,0,0,0,B,PropTrueNoKnowledge,0,101,101,289,NA,NA,NA,NA,NA,0.00187290005851537,514.2947097000433,514.6690153999953,514.7692659000168,516.7690937001025,517.1692512000445,517.2713667000644,517.2713667000644,h,1,1.1504281000234189,518.4524757000618,518.4524757000618,518.4524757000618,518.4524757000618,NA,NA,NA,NA,NA,NA,040,001,2024-10-28_13h26.27.110,PsychoPy Exp,2023.1.2,60.01637249326864
Reality,FALSE,TB-K-B,DD_B,PsychoPyStudy2Stim/DD_B_15.png,"In REALITY, there are TWO cubes",2,h,b,2,2,0,2,2,0,0,0,0,B,PropFalse,0,102,102,82,NA,NA,NA,NA,NA,0.00178219994995743,518.5479364000494,518.9191118000308,519.0190376000246,521.0190804000013,521.4192122000968,521.5213791000424,521.5213791000424,h,1,0.7318165999604389,522.2688982000109,522.2688982000109,522.2688982000109,522.2688982000109,NA,NA,NA,NA,NA,NA,040,001,2024-10-28_13h26.27.110,PsychoPy Exp,2023.1.2,60.01637249326864
Reality,FALSE,TB-Ig,D_B_D,PsychoPyStudy2Stim/D_B_D_4.png,"In REALITY, there are TWO cubes",2,h,b,2,2,0,1,1,0,1,1,0,B,PropFalse,0,103,103,79,NA,NA,NA,NA,NA,4.8629997763782e-4,522.3435908000683,522.7191121000797,522.8190258000977,524.8190510000568,525.2192010000581,525.3213716000319,525.3213716000319,h,1,0.932293099933304,526.2690307000885,526.2690307000885,526.2690307000885,526.2690307000885,NA,NA,NA,NA,NA,NA,040,001,2024-10-28_13h26.27.110,PsychoPy Exp,2023.1.2,60.01637249326864
Knowledge,FALSE,FB-Ig,T_B_T,PsychoPyStudy2Stim/T_B_T_3.png,Adam KNOWS there are TWO cubes,2,h,b,2,0,2,1,0,1,1,0,1,B,PropTrueNoKnowledge,0,104,104,308,NA,NA,NA,NA,NA,0.00169730000197887,526.3375207000645,526.7190915000392,526.819232000038,528.8193074000301,529.2190622000489,529.3213752000593,529.3213752000593,h,1,0.8118473999202251,530.1524771000259,530.1524771000259,530.1524771000259,530.1524771000259,NA,NA,NA,NA,NA,NA,040,001,2024-10-28_13h26.27.110,PsychoPy Exp,2023.1.2,60.01637249326864
Belief,FALSE,FB-Ig,T_B_T,PsychoPyStudy2Stim/T_B_T_5.png,Adam THINKS there are TWO cubes,2,h,b,2,0,2,1,0,1,1,0,1,B,PropTrueNoBelief,0,105,105,210,NA,NA,NA,NA,NA,0.00170529994647949,530.2318506001029,530.6024501000065,530.7023930000141,532.7023756999988,533.1025204000762,533.2047189000295,533.2047189000295,h,1,0.9921808999497445,534.2189601000864,534.2189601000864,534.2189601000864,534.2189601000864,NA,NA,NA,NA,NA,NA,040,001,2024-10-28_13h26.27.110,PsychoPy Exp,2023.1.2,60.01637249326864
Reality,TRUE,TB-K,DD_NB,PsychoPyStudy2Stim/DD_NB_1.png,"In REALITY, there are ZERO cubes",0,b,h,2,2,0,2,2,0,0,0,0,NB,-,0,106,106,6,NA,NA,NA,NA,NA,4.2379996739327e-4,534.2943375000032,534.66907980002,534.7692003000993,536.7691573000047,537.169109600014,537.2712851000251,537.2712851000251,h,0,1.0216401999350635,538.3190559000941,538.3190559000941,538.3190559000941,538.3190559000941,NA,NA,NA,NA,NA,NA,040,001,2024-10-28_13h26.27.110,PsychoPy Exp,2023.1.2,60.01637249326864
Belief,FALSE,FB-Ig,T_B_T,PsychoPyStudy2Stim/T_B_T_6.png,Adam THINKS there are TWO cubes,2,h,b,2,0,2,1,0,1,1,0,1,B,PropTrueNoBelief,0,107,107,211,NA,NA,NA,NA,NA,0.00114389997906982,538.4088962000096,538.7857024000259,538.8858463000506,540.8859298001043,541.2857702000765,541.3879538000328,541.3879538000328,h,1,1.3849150999449191,542.8024426000193,542.8024426000193,542.8024426000193,542.8024426000193,NA,NA,NA,NA,NA,NA,040,001,2024-10-28_13h26.27.110,PsychoPy Exp,2023.1.2,60.01637249326864
Knowledge,TRUE,TB-K,TT_NB,PsychoPyStudy2Stim/TT_NB_4.png,Adam KNOWS there are TWO cubes,2,b,h,2,0,2,2,0,2,0,0,0,NB,-,0,108,108,231,NA,NA,NA,NA,NA,9.186000097543e-4,542.8777300000656,543.2523676001001,543.3524813000113,545.3523695000913,545.7524059000425,545.8545779000269,545.8545779000269,b,1,0.9586806999286636,546.8357462000567,546.8357462000567,546.8357462000567,546.8357462000567,NA,NA,NA,NA,NA,NA,040,001,2024-10-28_13h26.27.110,PsychoPy Exp,2023.1.2,60.01637249326864
Belief,TRUE,TB-K-B,TT_B,PsychoPyStudy2Stim/TT_B_10.png,Adam THINKS there are TWO cubes,2,b,h,2,0,2,2,0,2,0,0,0,B,-,0,109,109,143,NA,NA,NA,NA,NA,0.00165150000248104,546.9153393000597,547.2857427001,547.3858141000383,549.3858166000573,549.7858232000144,549.8880476000486,549.8880476000486,b,1,1.0208031999645757,550.9356139000738,550.9356139000738,550.9356139000738,550.9356139000738,NA,NA,NA,NA,NA,NA,040,001,2024-10-28_13h26.27.110,PsychoPy Exp,2023.1.2,60.01637249326864
Reality,TRUE,FB-Ig,T_B_T,PsychoPyStudy2Stim/T_B_T_1.png,"In REALITY, there are TWO cubes",2,b,h,2,0,2,1,0,1,1,0,1,B,-,0,110,110,38,NA,NA,NA,NA,NA,5.9469998814165e-4,551.0177092000376,551.4023547000252,551.5023219001014,553.502490999992,553.9025350000011,554.004649200011,554.004649200011,b,1,0.5686089999508113,554.6023941000458,554.6023941000458,554.6023941000458,554.6023941000458,NA,NA,NA,NA,NA,NA,040,001,2024-10-28_13h26.27.110,PsychoPy Exp,2023.1.2,60.01637249326864
Reality,FALSE,TB-K,TT_NB,PsychoPyStudy2Stim/TT_NB_1.png,"In REALITY, there are ZERO cubes",0,h,b,2,0,2,2,0,2,0,0,0,NB,PropFalse,0,111,111,66,NA,NA,NA,NA,NA,0.00168230000417679,554.6908831000328,555.0690298000118,555.1691482000751,557.1691063001053,557.5691469000885,557.6711946000578,557.6711946000578,h,1,1.101775799994357,558.8023207000224,558.8023207000224,558.8023207000224,558.8023207000224,NA,NA,NA,NA,NA,NA,040,001,2024-10-28_13h26.27.110,PsychoPy Exp,2023.1.2,60.01637249326864
Knowledge,TRUE,TB-K-B,TT_B,PsychoPyStudy2Stim/TT_B_16.png,Adam KNOWS there are TWO cubes,2,b,h,2,0,2,2,0,2,0,0,0,B,-,0,112,112,249,NA,NA,NA,NA,NA,0.00151959992945194,558.8956191000761,559.2688486000989,559.3691606000066,561.3690340000903,561.7691219000844,561.8714132000459,561.8714132000459,b,1,1.1573976000072437,563.0521884000627,563.0521884000627,563.0521884000627,563.0521884000627,NA,NA,NA,NA,NA,NA,040,001,2024-10-28_13h26.27.110,PsychoPy Exp,2023.1.2,60.01637249326864
Belief,TRUE,TB-Ig,D_B_D,PsychoPyStudy2Stim/D_B_D_1.png,Adam THINKS there are ZERO cubes,0,b,h,2,2,0,1,1,0,1,1,0,B,-,0,113,113,130,NA,NA,NA,NA,NA,4.3419993016868e-4,563.1393339000642,563.5189890000038,563.6191026000306,565.6190823999932,566.019084300031,566.1211408000672,566.1211408000672,h,0,1.8756082999752832,568.01881160005,568.01881160005,568.01881160005,568.01881160005,NA,NA,NA,NA,NA,NA,040,001,2024-10-28_13h26.27.110,PsychoPy Exp,2023.1.2,60.01637249326864
Reality,TRUE,TB-K,T_NB,PsychoPyStudy2Stim/T_NB_3.png,"In REALITY, there is ONE cube",1,b,h,1,0,1,1,0,1,0,0,0,NB,-,0,114,114,5,NA,NA,NA,NA,NA,3.7439994048327e-4,568.0948246000335,568.4687228000257,568.5691516000079,570.5689362999983,570.968962800107,571.0712894001044,571.0712894001044,b,1,1.101527399965562,572.2022960000904,572.2022960000904,572.2022960000904,572.2022960000904,NA,NA,NA,NA,NA,NA,040,001,2024-10-28_13h26.27.110,PsychoPy Exp,2023.1.2,60.01637249326864
Knowledge,TRUE,TB-K,TT_NB,PsychoPyStudy2Stim/TT_NB_3.png,Adam KNOWS there are TWO cubes,2,b,h,2,0,2,2,0,2,0,0,0,NB,-,0,115,115,230,NA,NA,NA,NA,NA,9.180000051856e-4,572.2915000000503,572.6689470000565,572.7691460000351,574.7688934000907,575.1689525000984,575.2711503000464,575.2711503000464,b,1,0.8700317000038922,576.1689864000073,576.1689864000073,576.1689864000073,576.1689864000073,NA,NA,NA,NA,NA,NA,040,001,2024-10-28_13h26.27.110,PsychoPy Exp,2023.1.2,60.01637249326864
Belief,TRUE,FB-Ig,T_B_T,PsychoPyStudy2Stim/T_B_T_5.png,Adam THINKS there is ONE cube,1,b,h,2,0,2,1,0,1,1,0,1,B,-,0,116,116,156,NA,NA,NA,NA,NA,0.0017740000039339,576.2632850999944,576.6356184000615,576.7357181000989,578.7357585000573,579.1355648000026,579.2382523000706,579.2382523000706,b,1,0.6949325000168756,579.9522818000987,579.9522818000987,579.9522818000987,579.9522818000987,NA,NA,NA,NA,NA,NA,040,001,2024-10-28_13h26.27.110,PsychoPy Exp,2023.1.2,60.01637249326864
Knowledge,TRUE,TB-K-B,TD_B,PsychoPyStudy2Stim/TD_B_12.png,Adam KNOWS there is ONE cube,1,b,h,2,1,1,2,1,1,0,0,0,B,-,0,117,117,269,NA,NA,NA,NA,NA,0.0016998000210151,580.0592580999946,580.4356578000588,580.5357256000862,582.5356217999943,582.9355226000771,583.0376870000036,583.0376870000036,b,1,0.7753531000344083,583.8355584000237,583.8355584000237,583.8355584000237,583.8355584000237,NA,NA,NA,NA,NA,NA,040,001,2024-10-28_13h26.27.110,PsychoPy Exp,2023.1.2,60.01637249326864
Knowledge,FALSE,TB-Ig,D_B_D,PsychoPyStudy2Stim/D_B_D_1.png,Adam KNOWS there are ZERO cubes,0,h,b,2,2,0,1,1,0,1,1,0,B,PropTrueNoKnowledge,0,118,118,292,NA,NA,NA,NA,NA,0.00149699999019503,583.9354584000539,584.3189157000743,584.4190936000086,586.4189067000989,586.8189906000625,586.921204800019,586.921204800019,h,1,1.1074729999527335,588.0520368000725,588.0520368000725,588.0520368000725,588.0520368000725,NA,NA,NA,NA,NA,NA,040,001,2024-10-28_13h26.27.110,PsychoPy Exp,2023.1.2,60.01637249326864
Reality,FALSE,TB-K,TD_NB,PsychoPyStudy2Stim/TD_NB_2.png,"In REALITY, there are ZERO cubes",0,h,b,2,1,1,2,1,1,0,0,0,NB,PropFalse,0,119,119,64,NA,NA,NA,NA,NA,3.7380005232989e-4,588.1287435000995,588.5022242000559,588.6024325001054,590.6022315000882,591.0023514000932,591.1045046000509,591.1045046000509,h,1,0.8441785998875275,591.968735900009,591.968735900009,591.968735900009,591.968735900009,NA,NA,NA,NA,NA,NA,040,001,2024-10-28_13h26.27.110,PsychoPy Exp,2023.1.2,60.01637249326864
Belief,TRUE,TB-Ig,D_B,PsychoPyStudy2Stim/D_B_4.png,Adam THINKS there are ZERO cubes,0,b,h,1,1,0,1,1,0,0,0,0,B,-,0,120,120,129,NA,NA,NA,NA,NA,3.9589998777955e-4,592.0410559000447,592.418884200044,592.5190176001051,594.5188677000115,594.9189560000086,595.0210764000658,595.0210764000658,b,1,3.680086899898015,598.7187446000753,598.7187446000753,598.7187446000753,598.7187446000753,NA,NA,NA,NA,NA,NA,040,001,2024-10-28_13h26.27.110,PsychoPy Exp,2023.1.2,60.01637249326864
Belief,TRUE,TB-K-B,TT_B,PsychoPyStudy2Stim/TT_B_11.png,Adam THINKS there are TWO cubes,2,b,h,2,0,2,2,0,2,0,0,0,B,-,0,121,121,144,NA,NA,NA,NA,NA,3.7459994200617e-4,598.7992203000467,599.1688868000638,599.2689900000114,601.2690040000016,601.668894500006,601.7711252000881,601.7711252000881,b,1,1.0339670000830663,602.8356041000225,602.8356041000225,602.8356041000225,602.8356041000225,NA,NA,NA,NA,NA,NA,040,001,2024-10-28_13h26.27.110,PsychoPy Exp,2023.1.2,60.01637249326864
Reality,FALSE,TB-K,TD_NB,PsychoPyStudy2Stim/TD_NB_3.png,"In REALITY, there are TWO cubes",2,h,b,2,1,1,2,1,1,0,0,0,NB,PropFalse,0,122,122,65,NA,NA,NA,NA,NA,0.0016579000512138,602.9165886000264,603.3021807000041,603.4021439000499,605.4021002000663,605.8022588000167,605.9043789000716,605.9043789000716,h,1,1.3168695999775082,607.2522668000311,607.2522668000311,607.2522668000311,607.2522668000311,NA,NA,NA,NA,NA,NA,040,001,2024-10-28_13h26.27.110,PsychoPy Exp,2023.1.2,60.01637249326864
Belief,TRUE,TB-K,DD_NB,PsychoPyStudy2Stim/DD_NB_3.png,Adam THINKS there are ZERO cubes,0,b,h,2,2,0,2,2,0,0,0,0,NB,-,0,123,123,116,NA,NA,NA,NA,NA,0.00167559995315969,607.3466621000553,607.7188364000758,607.8188297000015,609.8189746000571,610.2190354000777,610.3210778000066,610.3210778000066,b,1,1.7719327999511734,612.1188870000187,612.1188870000187,612.1188870000187,612.1188870000187,NA,NA,NA,NA,NA,NA,040,001,2024-10-28_13h26.27.110,PsychoPy Exp,2023.1.2,60.01637249326864
Reality,FALSE,TB-K,D_NB,PsychoPyStudy2Stim/D_NB_1.png,"In REALITY, there is ONE cube",1,h,b,1,1,0,1,1,0,0,0,0,NB,PropFalse,0,124,124,54,NA,NA,NA,NA,NA,0.00168399990070611,612.2155081999954,612.5854514000239,612.6856065000175,614.6856425000587,615.0856637000106,615.187805900001,615.187805900001,h,1,1.0655361999524755,616.2688326000934,616.2688326000934,616.2688326000934,616.2688326000934,NA,NA,NA,NA,NA,NA,040,001,2024-10-28_13h26.27.110,PsychoPy Exp,2023.1.2,60.01637249326864
Reality,TRUE,FB-Ig,T_B_T,PsychoPyStudy2Stim/T_B_T_3.png,"In REALITY, there are TWO cubes",2,b,h,2,0,2,1,0,1,1,0,1,B,-,0,125,125,46,NA,NA,NA,NA,NA,0.00150779995601624,616.3629589000484,616.7354495000327,616.8356117000803,618.8356160999974,619.2356575001031,619.3376770000905,619.3376770000905,b,1,1.0353023000061512,620.4022100000875,620.4022100000875,620.4022100000875,620.4022100000875,NA,NA,NA,NA,NA,NA,040,001,2024-10-28_13h26.27.110,PsychoPy Exp,2023.1.2,60.01637249326864
Belief,TRUE,TB-K-B,TT_B,PsychoPyStudy2Stim/TT_B_9.png,Adam THINKS there are TWO cubes,2,b,h,2,0,2,2,0,2,0,0,0,B,-,0,126,126,142,NA,NA,NA,NA,NA,0.00166840001475065,620.4836731000105,620.8688039000845,620.9689615000971,622.9689505000133,623.3689259000821,623.4708103000885,623.4708103000885,b,1,0.662249100045301,624.1522178000305,624.1522178000305,624.1522178000305,624.1522178000305,NA,NA,NA,NA,NA,NA,040,001,2024-10-28_13h26.27.110,PsychoPy Exp,2023.1.2,60.01637249326864
Knowledge,TRUE,TB-K-B,TT_B,PsychoPyStudy2Stim/TT_B_22.png,Adam KNOWS there are TWO cubes,2,b,h,2,0,2,2,0,2,0,0,0,B,-,0,127,127,255,NA,NA,NA,NA,NA,0.00167039991356432,624.2346573000541,624.6187592000933,624.7187186999945,626.7189029000001,627.1187340000179,627.2212182000512,627.2212182000512,b,1,0.5033967999042943,627.7519872999983,627.7519872999983,627.7519872999983,627.7519872999983,NA,NA,NA,NA,NA,NA,040,001,2024-10-28_13h26.27.110,PsychoPy Exp,2023.1.2,60.01637249326864
Knowledge,TRUE,TB-K-B,TT_B,PsychoPyStudy2Stim/TT_B_23.png,Adam KNOWS there are TWO cubes,2,b,h,2,0,2,2,0,2,0,0,0,B,-,0,128,128,256,NA,NA,NA,NA,NA,4.8319995403289e-4,627.826830200036,628.2020468000555,628.3023049000185,630.302311800071,630.7021989000496,630.8042442000005,630.8042442000005,b,1,0.7043394000502303,631.5352980000898,631.5352980000898,631.5352980000898,631.5352980000898,NA,NA,NA,NA,NA,NA,040,001,2024-10-28_13h26.27.110,PsychoPy Exp,2023.1.2,60.01637249326864
Belief,FALSE,TB-K,TD_NB,PsychoPyStudy2Stim/TD_NB_2.png,Adam THINKS there are ZERO cubes,0,h,b,2,1,1,2,1,1,0,0,0,NB,PropFalse,0,129,129,172,NA,NA,NA,NA,NA,4.0660006925463e-4,631.6007231000112,631.9854440999916,632.0855985000962,634.085315400036,634.48548760009,634.5876551000401,634.5876551000401,h,1,0.9291182999731972,635.5353835000424,635.5353835000424,635.5353835000424,635.5353835000424,NA,NA,NA,NA,NA,NA,040,001,2024-10-28_13h26.27.110,PsychoPy Exp,2023.1.2,60.01637249326864
Belief,FALSE,TB-K,TT_NB,PsychoPyStudy2Stim/TT_NB_1.png,Adam THINKS there are ZERO cubes,0,h,b,2,0,2,2,0,2,0,0,0,NB,PropFalse,0,130,130,174,NA,NA,NA,NA,NA,0.00111279997508972,635.6177955000894,636.0021482000593,636.1022548000328,638.1022708000382,638.502243700088,638.6043460000074,638.6043460000074,h,1,0.8813674000557512,639.5021155000431,639.5021155000431,639.5021155000431,639.5021155000431,NA,NA,NA,NA,NA,NA,040,001,2024-10-28_13h26.27.110,PsychoPy Exp,2023.1.2,60.01637249326864
Reality,FALSE,FB-Ig,T_B_T,PsychoPyStudy2Stim/T_B_T_3.png,"In REALITY, there is ONE cube",1,h,b,2,0,2,1,0,1,1,0,1,B,PropFalse,0,131,131,100,NA,NA,NA,NA,NA,0.00167779996991157,639.5885629000841,639.9687510000076,640.0688832000596,642.0689068000065,642.4688034000574,642.5709374001017,642.5709374001017,h,1,0.7142474000575021,643.3018771000206,643.3018771000206,643.3018771000206,643.3018771000206,NA,NA,NA,NA,NA,NA,040,001,2024-10-28_13h26.27.110,PsychoPy Exp,2023.1.2,60.01637249326864
Reality,FALSE,FB-Ig,T_B_T,PsychoPyStudy2Stim/T_B_T_6.png,"In REALITY, there is ONE cube",1,h,b,2,0,2,1,0,1,1,0,1,B,PropFalse,0,132,132,97,NA,NA,NA,NA,NA,3.8470001891255e-4,643.4043266000226,643.7854653000832,643.8854999000905,645.8854914000258,646.2855198000325,646.3875492000952,646.3875492000952,h,1,0.617368399980478,647.0354188000783,647.0354188000783,647.0354188000783,647.0354188000783,NA,NA,NA,NA,NA,NA,040,001,2024-10-28_13h26.27.110,PsychoPy Exp,2023.1.2,60.01637249326864
Knowledge,TRUE,TB-K,TT_NB,PsychoPyStudy2Stim/TT_NB_6.png,Adam KNOWS there are TWO cubes,2,b,h,2,0,2,2,0,2,0,0,0,NB,-,0,133,133,233,NA,NA,NA,NA,NA,0.00166920002084225,647.1235222000396,647.5020937999943,647.602200500085,649.6022117000539,650.0021693001036,650.1045575001044,650.1045575001044,b,1,0.5243536999914795,650.6519175000722,650.6519175000722,650.6519175000722,650.6519175000722,NA,NA,NA,NA,NA,NA,040,001,2024-10-28_13h26.27.110,PsychoPy Exp,2023.1.2,60.01637249326864
Belief,FALSE,TB-K-B,TT_B,PsychoPyStudy2Stim/TT_B_2.png,Adam THINKS there are ZERO cubes,0,h,b,2,0,2,2,0,2,0,0,0,B,PropFalse,0,134,134,189,NA,NA,NA,NA,NA,0.00247790000867098,650.7223244000925,651.10200850002,651.2021951000206,653.2021379000507,653.602133300039,653.7042630000506,653.7042630000506,h,1,0.8202946999808773,654.5519594000652,654.5519594000652,654.5519594000652,654.5519594000652,NA,NA,NA,NA,NA,NA,040,001,2024-10-28_13h26.27.110,PsychoPy Exp,2023.1.2,60.01637249326864
Belief,TRUE,FB-Ig,T_B_T,PsychoPyStudy2Stim/T_B_T_3.png,Adam THINKS there is ONE cube,1,b,h,2,0,2,1,0,1,1,0,1,B,-,0,135,135,154,NA,NA,NA,NA,NA,6.563999922946e-4,654.6232852000976,655.0020516000222,655.1021450000117,657.1021076000761,657.5021308000432,657.6043899999931,657.6043899999931,b,1,1.128374099964276,658.7519994000904,658.7519994000904,658.7519994000904,658.7519994000904,NA,NA,NA,NA,NA,NA,040,001,2024-10-28_13h26.27.110,PsychoPy Exp,2023.1.2,60.01637249326864
Knowledge,FALSE,FB-Ig,T_B_T,PsychoPyStudy2Stim/T_B_T_4.png,Adam KNOWS there are TWO cubes,2,h,b,2,0,2,1,0,1,1,0,1,B,PropTrueNoKnowledge,0,136,136,315,NA,NA,NA,NA,NA,0.00153730006422847,658.8480941000162,659.2186642000452,659.3186698000645,661.3187952000881,661.7187879000558,661.8209241000004,661.8209241000004,h,1,0.9436043000314384,662.7853735000826,662.7853735000826,662.7853735000826,662.7853735000826,NA,NA,NA,NA,NA,NA,040,001,2024-10-28_13h26.27.110,PsychoPy Exp,2023.1.2,60.01637249326864
Knowledge,TRUE,TB-K,TT_NB,PsychoPyStudy2Stim/TT_NB_5.png,Adam KNOWS there are TWO cubes,2,b,h,2,0,2,2,0,2,0,0,0,NB,-,0,137,137,232,NA,NA,NA,NA,NA,9.2440005391836e-4,662.8611640000017,663.2353362001013,663.33541290008,665.3354881000705,665.7354210000485,665.8375591000076,665.8375591000076,b,1,0.8313997000223026,666.6852368999971,666.6852368999971,666.6852368999971,666.6852368999971,NA,NA,NA,NA,NA,NA,040,001,2024-10-28_13h26.27.110,PsychoPy Exp,2023.1.2,60.01637249326864
Knowledge,FALSE,FB-Ig,D_B_T,PsychoPyStudy2Stim/D_B_T_3.png,Adam KNOWS there is ONE cube,1,h,b,2,1,1,1,1,0,1,0,1,B,PropTrueNoKnowledge,0,138,138,320,NA,NA,NA,NA,NA,3.7180003710091e-4,666.7590677000117,667.1353903000709,667.2354845000664,669.2354293999961,669.6354515000712,669.7375530001009,669.7375530001009,h,1,0.8429764000466093,670.6019023000263,670.6019023000263,670.6019023000263,670.6019023000263,NA,NA,NA,NA,NA,NA,040,001,2024-10-28_13h26.27.110,PsychoPy Exp,2023.1.2,60.01637249326864
Belief,TRUE,TB-K,DD_NB,PsychoPyStudy2Stim/DD_NB_1.png,Adam THINKS there are ZERO cubes,0,b,h,2,2,0,2,2,0,0,0,0,NB,-,0,139,139,114,NA,NA,NA,NA,NA,5.21200010553e-4,670.6862834000494,671.068669600063,671.1688246000558,673.1687920000404,673.5687095000176,673.6709103001049,673.6709103001049,b,1,1.1096209000097588,674.801841000095,674.801841000095,674.801841000095,674.801841000095,NA,NA,NA,NA,NA,NA,040,001,2024-10-28_13h26.27.110,PsychoPy Exp,2023.1.2,60.01637249326864
Belief,TRUE,TB-K,T_NB,PsychoPyStudy2Stim/T_NB_2.png,Adam THINKS there is ONE cube,1,b,h,1,0,1,1,0,1,0,0,0,NB,-,0,140,140,112,NA,NA,NA,NA,NA,4.8090005293488e-4,674.883624900016,675.2686973999953,675.3688325000694,677.3688337000785,677.7686918000691,677.870922400034,677.870922400034,b,1,0.5339816000778228,678.4353953000391,678.4353953000391,678.4353953000391,678.4353953000391,NA,NA,NA,NA,NA,NA,040,001,2024-10-28_13h26.27.110,PsychoPy Exp,2023.1.2,60.01637249326864
Reality,FALSE,TB-K-B,TD_B,PsychoPyStudy2Stim/TD_B_9.png,"In REALITY, there are ZERO cubes",0,h,b,2,1,1,2,1,1,0,0,0,B,PropFalse,0,141,141,91,NA,NA,NA,NA,NA,0.00169780000578612,678.5277686000336,678.9019252000144,679.002121000085,681.0020948000019,681.4021598000545,681.5041166000301,681.5041166000301,h,1,0.7567734000040218,682.2854147000471,682.2854147000471,682.2854147000471,682.2854147000471,NA,NA,NA,NA,NA,NA,040,001,2024-10-28_13h26.27.110,PsychoPy Exp,2023.1.2,60.01637249326864
Belief,FALSE,FB-Ig,T_B_T,PsychoPyStudy2Stim/T_B_T_1.png,Adam THINKS there are TWO cubes,2,h,b,2,0,2,1,0,1,1,0,1,B,PropTrueNoBelief,0,142,142,200,NA,NA,NA,NA,NA,0.00170370005071163,682.3752410000889,682.7519506000681,682.8520718000364,684.8520912000677,685.2520052000182,685.3541336000198,685.3541336000198,h,1,0.7783618000103161,686.1519314000616,686.1519314000616,686.1519314000616,686.1519314000616,NA,NA,NA,NA,NA,NA,040,001,2024-10-28_13h26.27.110,PsychoPy Exp,2023.1.2,60.01637249326864
Knowledge,FALSE,FB-Ig,D_B_T,PsychoPyStudy2Stim/D_B_T_1.png,Adam KNOWS there are ZERO cubes,0,h,b,2,1,1,1,1,0,1,0,1,B,PropFalse,0,143,143,322,NA,NA,NA,NA,NA,5.4909999016672e-4,686.2311545000412,686.601925700088,686.7019251000602,688.7018995000981,689.1019254000857,689.2042270000093,689.2042270000093,h,1,1.984550999943167,691.2187085000332,691.2187085000332,691.2187085000332,691.2187085000332,NA,NA,NA,NA,NA,NA,040,001,2024-10-28_13h26.27.110,PsychoPy Exp,2023.1.2,60.01637249326864
Belief,TRUE,TB-Ig,D_B,PsychoPyStudy2Stim/D_B_2.png,Adam THINKS there are ZERO cubes,0,b,h,1,1,0,1,1,0,0,0,0,B,-,0,144,144,127,NA,NA,NA,NA,NA,0.0016890000551939,691.311939700041,691.6852340000914,691.7853983000387,693.785215800046,694.1854007000802,694.2875495000044,694.2875495000044,b,1,2.3652662000386044,696.6685015000403,696.6685015000403,696.6685015000403,696.6685015000403,NA,NA,NA,NA,NA,NA,040,001,2024-10-28_13h26.27.110,PsychoPy Exp,2023.1.2,60.01637249326864
Knowledge,FALSE,FB-Ig,T_B_T,PsychoPyStudy2Stim/T_B_T_3.png,Adam KNOWS there is ONE cube,1,h,b,2,0,2,1,0,1,1,0,1,B,PropFalse,0,145,145,302,NA,NA,NA,NA,NA,4.783000331372e-4,696.7552509000525,697.1352272999939,697.2351928000571,699.2353579000337,699.6353002000833,699.7374676000327,699.7374676000327,h,1,1.779022500035353,701.5351513000205,701.5351513000205,701.5351513000205,701.5351513000205,NA,NA,NA,NA,NA,NA,040,001,2024-10-28_13h26.27.110,PsychoPy Exp,2023.1.2,60.01637249326864
Knowledge,FALSE,TB-K,T_NB,PsychoPyStudy2Stim/T_NB_1.png,Adam KNOWS there are ZERO cubes,0,h,b,1,0,1,1,0,1,0,0,0,NB,PropFalse,0,146,146,273,NA,NA,NA,NA,NA,6.7660002969205e-4,701.6259395000525,702.00187310006,702.1018221999984,704.101981600048,704.5019308000337,704.6041401000693,704.6041401000693,h,1,1.1124139999737963,705.7351517000934,705.7351517000934,705.7351517000934,705.7351517000934,NA,NA,NA,NA,NA,NA,040,001,2024-10-28_13h26.27.110,PsychoPy Exp,2023.1.2,60.01637249326864
Belief,FALSE,FB-Ig,T_B_T,PsychoPyStudy2Stim/T_B_T_2.png,Adam THINKS there are TWO cubes,2,h,b,2,0,2,1,0,1,1,0,1,B,PropTrueNoBelief,0,147,147,207,NA,NA,NA,NA,NA,0.00114389997906982,705.8290977000725,706.2018433000194,706.3019014000893,708.3019137000665,708.7017350000096,708.804021100048,708.804021100048,h,1,0.7847540999064222,709.6185776999919,709.6185776999919,709.6185776999919,709.6185776999919,NA,NA,NA,NA,NA,NA,040,001,2024-10-28_13h26.27.110,PsychoPy Exp,2023.1.2,60.01637249326864
Reality,TRUE,TB-K,D_NB,PsychoPyStudy2Stim/D_NB_1.png,"In REALITY, there are ZERO cubes",0,b,h,1,1,0,1,1,0,0,0,0,NB,-,0,148,148,0,NA,NA,NA,NA,NA,0.00168370001483708,709.7067929001059,710.0851738000056,710.1853622000199,712.1852477000793,712.5850874000462,712.6876094000181,712.6876094000181,b,1,1.4927072999998927,714.201750600012,714.201750600012,714.201750600012,714.201750600012,NA,NA,NA,NA,NA,NA,040,001,2024-10-28_13h26.27.110,PsychoPy Exp,2023.1.2,60.01637249326864
Belief,FALSE,TB-K,TD_NB,PsychoPyStudy2Stim/TD_NB_3.png,Adam THINKS there are TWO cubes,2,h,b,2,1,1,2,1,1,0,0,0,NB,PropFalse,0,149,149,173,NA,NA,NA,NA,NA,3.9380008820444e-4,714.2855617000023,714.6682810999919,714.7683775000041,716.7683925000019,717.1683970000595,717.2722664000466,717.2722664000466,h,1,1.1804932999657467,718.468100200058,718.468100200058,718.468100200058,718.468100200058,NA,NA,NA,NA,NA,NA,040,001,2024-10-28_13h26.27.110,PsychoPy Exp,2023.1.2,60.01637249326864
Reality,FALSE,FB-Ig,T_B_T,PsychoPyStudy2Stim/T_B_T_2.png,"In REALITY, there is ONE cube",1,h,b,2,0,2,1,0,1,1,0,1,B,PropFalse,0,150,150,99,NA,NA,NA,NA,NA,4.2020005639642e-4,718.5488055000314,718.9186421000632,719.018545400002,721.0184605000541,721.4185826000758,721.5206591000315,721.5206591000315,h,1,1.1589790999423712,722.7015476000961,722.7015476000961,722.7015476000961,722.7015476000961,NA,NA,NA,NA,NA,NA,040,001,2024-10-28_13h26.27.110,PsychoPy Exp,2023.1.2,60.01637249326864
Reality,TRUE,TB-K-B,DD_B,PsychoPyStudy2Stim/DD_B_13.png,"In REALITY, there are ZERO cubes",0,b,h,2,2,0,2,2,0,0,0,0,B,-,0,151,151,26,NA,NA,NA,NA,NA,4.6949996612966e-4,722.7808759000618,723.1518540000543,723.2519596000202,725.2518220000202,725.651901800069,725.7539581001038,725.7539581001038,b,1,0.6743237000191584,726.4519309001043,726.4519309001043,726.4519309001043,726.4519309001043,NA,NA,NA,NA,NA,NA,040,001,2024-10-28_13h26.27.110,PsychoPy Exp,2023.1.2,60.01637249326864
Reality,FALSE,TB-K-B,TD_B,PsychoPyStudy2Stim/TD_B_5.png,"In REALITY, there are ZERO cubes",0,h,b,2,1,1,2,1,1,0,0,0,B,PropFalse,0,152,152,88,NA,NA,NA,NA,NA,0.0017002000240609,726.540668600006,726.9183225000743,727.0186096000252,729.0183423000854,729.418530600029,729.5207104000729,729.5207104000729,h,1,1.0360191999934614,730.5851868001046,730.5851868001046,730.5851868001046,730.5851868001046,NA,NA,NA,NA,NA,NA,040,001,2024-10-28_13h26.27.110,PsychoPy Exp,2023.1.2,60.01637249326864
Belief,FALSE,FB-Ig,T_B_T,PsychoPyStudy2Stim/T_B_T_3.png,Adam THINKS there are TWO cubes,2,h,b,2,0,2,1,0,1,1,0,1,B,PropTrueNoBelief,0,153,153,208,NA,NA,NA,NA,NA,0.00167280004825443,730.676134300069,731.0518693000777,731.151764600072,733.1517435000278,733.5519950001035,733.6546687000664,733.6546687000664,h,1,0.9736664000665768,734.6517311000498,734.6517311000498,734.6517311000498,734.6517311000498,NA,NA,NA,NA,NA,NA,040,001,2024-10-28_13h26.27.110,PsychoPy Exp,2023.1.2,60.01637249326864
Belief,TRUE,FB-Ig,D_B_T,PsychoPyStudy2Stim/D_B_T_3.png,Adam THINKS there are ZERO cubes,0,b,h,2,1,1,1,1,0,1,0,1,B,-,0,154,154,160,NA,NA,NA,NA,NA,5.8410002384334e-4,734.7370573000517,735.1184785000514,735.2186090000905,737.2186543000862,737.618529300089,737.7206964000361,737.7206964000361,b,1,0.7399772999342531,738.4851777000586,738.4851777000586,738.4851777000586,738.4851777000586,NA,NA,NA,NA,NA,NA,040,001,2024-10-28_13h26.27.110,PsychoPy Exp,2023.1.2,60.01637249326864
Reality,TRUE,TB-K,TT_NB,PsychoPyStudy2Stim/TT_NB_1.png,"In REALITY, there are TWO cubes",2,b,h,2,0,2,2,0,2,0,0,0,NB,-,0,155,155,12,NA,NA,NA,NA,NA,0.00164150004275143,738.5555408000946,738.9351792000234,739.0351667000214,741.0352619000478,741.4352366999956,741.5372853000881,741.5372853000881,b,1,1.2350083000492305,742.8016119000968,742.8016119000968,742.8016119000968,742.8016119000968,NA,NA,NA,NA,NA,NA,040,001,2024-10-28_13h26.27.110,PsychoPy Exp,2023.1.2,60.01637249326864
Belief,FALSE,FB-Ig,T_B_T,PsychoPyStudy2Stim/T_B_T_5.png,Adam THINKS there are TWO cubes,2,h,b,2,0,2,1,0,1,1,0,1,B,PropTrueNoBelief,0,156,156,204,NA,NA,NA,NA,NA,3.9910001214593e-4,742.8770324999932,743.2518619000912,743.3519413000904,745.3516168000642,745.751826700056,745.8543446999975,745.8543446999975,h,1,1.1986860999604687,747.0684707000619,747.0684707000619,747.0684707000619,747.0684707000619,NA,NA,NA,NA,NA,NA,040,001,2024-10-28_13h26.27.110,PsychoPy Exp,2023.1.2,60.01637249326864
Reality,FALSE,FB-Ig,D_B_T,PsychoPyStudy2Stim/D_B_T_1.png,"In REALITY, there are ZERO cubes",0,h,b,2,1,1,1,1,0,1,0,1,B,PropFalse,0,157,157,104,NA,NA,NA,NA,NA,0.0017081000842154,747.1769762000768,747.5516787000233,747.6518941000104,749.6516259000637,750.0518813000526,750.1539732000092,750.1539732000092,h,1,1.8342349999584255,752.0180845001014,752.0180845001014,752.0180845001014,752.0180845001014,NA,NA,NA,NA,NA,NA,040,001,2024-10-28_13h26.27.110,PsychoPy Exp,2023.1.2,60.01637249326864
Belief,TRUE,FB-Ig,D_B_T,PsychoPyStudy2Stim/D_B_T_2.png,Adam THINKS there are ZERO cubes,0,b,h,2,1,1,1,1,0,1,0,1,B,-,0,158,158,159,NA,NA,NA,NA,NA,3.9440009277313e-4,752.1089335000142,752.4851539999945,752.5850954999914,754.5851945000468,754.9849443000276,755.0870883000316,755.0870883000316,b,1,1.2051277999999002,756.31828830007,756.31828830007,756.31828830007,756.31828830007,NA,NA,NA,NA,NA,NA,040,001,2024-10-28_13h26.27.110,PsychoPy Exp,2023.1.2,60.01637249326864
Reality,FALSE,TB-Ig,D_B,PsychoPyStudy2Stim/D_B_2.png,"In REALITY, there are TWO cubes",2,h,b,1,1,0,1,1,0,0,0,0,B,PropFalse,0,159,159,73,NA,NA,NA,NA,NA,4.9989996477961e-4,756.3999697000254,756.7850111000007,756.8851668999996,758.8850070000626,759.2850839000894,759.3873199000955,759.3873199000955,h,1,1.1374251000816002,760.5515435000416,760.5515435000416,760.5515435000416,760.5515435000416,NA,NA,NA,NA,NA,NA,040,001,2024-10-28_13h26.27.110,PsychoPy Exp,2023.1.2,60.01637249326864
Knowledge,FALSE,TB-K-B,DD_B,PsychoPyStudy2Stim/DD_B_6.png,Adam KNOWS there is ONE cube,1,h,b,2,2,0,2,2,0,0,0,0,B,PropFalse,0,160,160,296,NA,NA,NA,NA,NA,0.0017126000020653,760.6309060000349,761.0017558000982,761.1017894000979,763.1016074999934,763.5018749000737,763.603835600079,763.603835600079,h,1,1.1203494999790564,764.7514548000181,764.7514548000181,764.7514548000181,764.7514548000181,NA,NA,NA,NA,NA,NA,040,001,2024-10-28_13h26.27.110,PsychoPy Exp,2023.1.2,60.01637249326864
Belief,FALSE,FB-Ig,T_B_T,PsychoPyStudy2Stim/T_B_T_3.png,Adam THINKS there are TWO cubes,2,h,b,2,0,2,1,0,1,1,0,1,B,PropTrueNoBelief,0,161,161,202,NA,NA,NA,NA,NA,3.8800004404038e-4,764.8328511000145,765.2183572000358,765.3185007000575,767.3184985000407,767.7182685000589,767.8205779000418,767.8205779000418,h,1,0.6803065000567585,768.5193096000003,NA,768.5193096000003,NA,space,56.22085249994416,NA,NA,NA,NA,040,001,2024-10-28_13h26.27.110,PsychoPy Exp,2023.1.2,60.01637249326864
Reality,TRUE,FB-Ig,T_B_T,PsychoPyStudy2Stim/T_B_T_2.png,"In REALITY, there are TWO cubes",2,b,h,2,0,2,1,0,1,1,0,1,B,-,0,162,162,45,NA,NA,NA,NA,NA,0.00139749993104487,824.8411518000066,825.218200000003,825.3183206000831,827.3182844000403,827.7182671000483,827.8203344000503,827.8203344000503,b,1,0.967708299984224,828.8181378000882,828.8181378000882,828.8181378000882,828.8181378000882,NA,NA,NA,NA,NA,NA,040,001,2024-10-28_13h26.27.110,PsychoPy Exp,2023.1.2,60.01637249326864
Belief,FALSE,TB-K,TT_NB,PsychoPyStudy2Stim/TT_NB_6.png,Adam THINKS there is ONE cube,1,h,b,2,0,2,2,0,2,0,0,0,NB,PropFalse,0,163,163,179,NA,NA,NA,NA,NA,7.9259998165071e-4,828.9033932000166,829.2848838000791,829.3850055000512,831.3848502000328,831.7849484001053,831.8871149000479,831.8871149000479,h,1,0.7813412999967113,832.6847014999948,832.6847014999948,832.6847014999948,832.6847014999948,NA,NA,NA,NA,NA,NA,040,001,2024-10-28_13h26.27.110,PsychoPy Exp,2023.1.2,60.01637249326864
Knowledge,TRUE,TB-K-B,TT_B,PsychoPyStudy2Stim/TT_B_14.png,Adam KNOWS there are TWO cubes,2,b,h,2,0,2,2,0,2,0,0,0,B,-,0,164,164,247,NA,NA,NA,NA,NA,3.9369997102767e-4,832.7682990001049,833.1515276000137,833.2516582000535,835.2514806000981,835.6515823000809,835.7536783000687,835.7536783000687,b,1,0.7470395999262109,836.517973100068,836.517973100068,836.517973100068,836.517973100068,NA,NA,NA,NA,NA,NA,040,001,2024-10-28_13h26.27.110,PsychoPy Exp,2023.1.2,60.01637249326864
Belief,FALSE,TB-K-B,TT_B,PsychoPyStudy2Stim/TT_B_12.png,Adam THINKS there are ZERO cubes,0,h,b,2,0,2,2,0,2,0,0,0,B,PropFalse,0,165,165,199,NA,NA,NA,NA,NA,5.1939999684691e-4,836.6090529999929,836.9848803000059,837.0849282999989,839.0847620000131,839.4848506000126,839.5871169000166,839.5871169000166,h,1,0.9052446000277996,840.5181971000275,840.5181971000275,840.5181971000275,840.5181971000275,NA,NA,NA,NA,NA,NA,040,001,2024-10-28_13h26.27.110,PsychoPy Exp,2023.1.2,60.01637249326864
Belief,TRUE,FB-Ig,T_B_T,PsychoPyStudy2Stim/T_B_T_5.png,Adam THINKS there is ONE cube,1,b,h,2,0,2,1,0,1,1,0,1,B,-,0,166,166,150,NA,NA,NA,NA,NA,0.00166820001322776,840.5912973000668,840.9679833000991,841.0682559000561,843.0683390001068,843.4680954000214,843.5703317000298,843.5703317000298,b,1,0.7620524000376463,844.3515089000575,844.3515089000575,844.3515089000575,844.3515089000575,NA,NA,NA,NA,NA,NA,040,001,2024-10-28_13h26.27.110,PsychoPy Exp,2023.1.2,60.01637249326864
Reality,FALSE,TB-K,DD_NB,PsychoPyStudy2Stim/DD_NB_2.png,"In REALITY, there are TWO cubes",2,h,b,2,2,0,2,2,0,0,0,0,NB,PropFalse,0,167,167,61,NA,NA,NA,NA,NA,0.00167499994859099,844.4354753000662,844.8181138000218,844.9182553000282,846.9181064000586,847.318216899992,847.4202648000792,847.4202648000792,h,1,0.712380800046958,848.1514274000656,848.1514274000656,848.1514274000656,848.1514274000656,NA,NA,NA,NA,NA,NA,040,001,2024-10-28_13h26.27.110,PsychoPy Exp,2023.1.2,60.01637249326864
Reality,TRUE,TB-Ig,D_B_D,PsychoPyStudy2Stim/D_B_D_1.png,"In REALITY, there are ZERO cubes",0,b,h,2,2,0,1,1,0,1,1,0,B,-,0,168,168,22,NA,NA,NA,NA,NA,0.00150229991413652,848.2409420000622,848.6181094000349,848.7180594000965,850.7182232000632,851.1182273000013,851.220264500007,851.220264500007,b,1,0.7681171000003815,852.0179226000328,852.0179226000328,852.0179226000328,852.0179226000328,NA,NA,NA,NA,NA,NA,040,001,2024-10-28_13h26.27.110,PsychoPy Exp,2023.1.2,60.01637249326864
Reality,TRUE,TB-K,TD_NB,PsychoPyStudy2Stim/TD_NB_2.png,"In REALITY, there is ONE cube",1,b,h,2,1,1,2,1,1,0,0,0,NB,-,0,169,169,10,NA,NA,NA,NA,NA,0.00171800004318356,852.0845602001064,852.4681082000025,852.5682010001037,854.5682019999949,854.9681379999965,855.0703227000777,855.0703227000777,b,1,0.6221345000667498,855.718170600012,855.718170600012,855.718170600012,855.718170600012,NA,NA,NA,NA,NA,NA,040,001,2024-10-28_13h26.27.110,PsychoPy Exp,2023.1.2,60.01637249326864
Belief,TRUE,FB-Ig,T_B_T,PsychoPyStudy2Stim/T_B_T_4.png,Adam THINKS there is ONE cube,1,b,h,2,0,2,1,0,1,1,0,1,B,-,0,170,170,149,NA,NA,NA,NA,NA,0.00167489994782954,855.8061261000112,856.1847845000448,856.2848841000814,858.2846068000654,858.6848545999965,858.7869448000565,858.7869448000565,b,1,0.4573094999650493,859.268087000004,859.268087000004,859.268087000004,859.268087000004,NA,NA,NA,NA,NA,NA,040,001,2024-10-28_13h26.27.110,PsychoPy Exp,2023.1.2,60.01637249326864
Knowledge,TRUE,TB-K-B,TD_B,PsychoPyStudy2Stim/TD_B_8.png,Adam KNOWS there is ONE cube,1,b,h,2,1,1,2,1,1,0,0,0,B,-,0,171,171,265,NA,NA,NA,NA,NA,0.0014902000548318,859.3725458000554,859.7514693000121,859.8515580000822,861.8513526000315,862.2515316000208,862.3537110000616,862.3537110000616,b,1,0.9065975999692456,863.284578400082,863.284578400082,863.284578400082,863.284578400082,NA,NA,NA,NA,NA,NA,040,001,2024-10-28_13h26.27.110,PsychoPy Exp,2023.1.2,60.01637249326864
Knowledge,TRUE,TB-K-B,TT_B,PsychoPyStudy2Stim/TT_B_21.png,Adam KNOWS there are TWO cubes,2,b,h,2,0,2,2,0,2,0,0,0,B,-,0,172,172,254,NA,NA,NA,NA,NA,0.00170989998150616,863.3613336000126,863.7347415999975,863.8348623000784,865.8349289000034,866.2349216000875,866.3370043000905,866.3370043000905,b,1,0.7870607000077143,867.1513118000003,867.1513118000003,867.1513118000003,867.1513118000003,NA,NA,NA,NA,NA,NA,040,001,2024-10-28_13h26.27.110,PsychoPy Exp,2023.1.2,60.01637249326864
Reality,TRUE,TB-K-B,DD_B,PsychoPyStudy2Stim/DD_B_16.png,"In REALITY, there are ZERO cubes",0,b,h,2,2,0,2,2,0,0,0,0,B,-,0,173,173,29,NA,NA,NA,NA,NA,0.0017115999944508,867.2267183000222,867.6013827000279,867.7015130000655,869.7014910000144,870.1015809000237,870.203570600017,870.203570600017,b,1,0.6244058000156656,870.8513588000787,870.8513588000787,870.8513588000787,870.8513588000787,NA,NA,NA,NA,NA,NA,040,001,2024-10-28_13h26.27.110,PsychoPy Exp,2023.1.2,60.01637249326864
Reality,FALSE,TB-K,TT_NB,PsychoPyStudy2Stim/TT_NB_5.png,"In REALITY, there is ONE cube",1,h,b,2,0,2,2,0,2,0,0,0,NB,PropFalse,0,174,174,70,NA,NA,NA,NA,NA,7.6399999670684e-4,870.9371231000405,871.318042500061,871.4181351000443,873.4181324000238,873.8180891000666,873.9202514000935,873.9202514000935,h,1,0.748100700089708,874.6845231000334,874.6845231000334,874.6845231000334,874.6845231000334,NA,NA,NA,NA,NA,NA,040,001,2024-10-28_13h26.27.110,PsychoPy Exp,2023.1.2,60.01637249326864
Reality,TRUE,FB-Ig,D_B_T,PsychoPyStudy2Stim/D_B_T_1.png,"In REALITY, there is ONE cube",1,b,h,2,1,1,1,1,0,1,0,1,B,-,0,175,175,50,NA,NA,NA,NA,NA,4.0140002965927e-4,874.7556662000716,875.134720500093,875.2347639000509,877.2345618000254,877.6348589000991,877.7370493999915,877.7370493999915,b,1,0.8908420000225306,878.6512061000103,878.6512061000103,878.6512061000103,878.6512061000103,NA,NA,NA,NA,NA,NA,040,001,2024-10-28_13h26.27.110,PsychoPy Exp,2023.1.2,60.01637249326864
Belief,FALSE,FB-Ig,D_B_T,PsychoPyStudy2Stim/D_B_T_2.png,Adam THINKS there is ONE cube,1,h,b,2,1,1,1,1,0,1,0,1,B,PropTrueNoBelief,0,176,176,213,NA,NA,NA,NA,NA,4.2870000470429e-4,878.7246323000873,879.1013216000283,879.2013302000705,881.2015268000541,881.6013965000166,881.7036596999969,881.7036596999969,h,1,0.8526076000416651,882.5844311000546,882.5844311000546,882.5844311000546,882.5844311000546,NA,NA,NA,NA,NA,NA,040,001,2024-10-28_13h26.27.110,PsychoPy Exp,2023.1.2,60.01637249326864
Belief,TRUE,TB-K,TD_NB,PsychoPyStudy2Stim/TD_NB_3.png,Adam THINKS there is ONE cube,1,b,h,2,1,1,2,1,1,0,0,0,NB,-,0,177,177,119,NA,NA,NA,NA,NA,4.1410000994801e-4,882.6477275000652,883.0176777000306,883.1178895001067,885.1179680000059,885.5181316999951,885.6201801000861,885.6201801000861,b,1,1.1042224999982864,886.7514120000415,886.7514120000415,886.7514120000415,886.7514120000415,NA,NA,NA,NA,NA,NA,040,001,2024-10-28_13h26.27.110,PsychoPy Exp,2023.1.2,60.01637249326864
Belief,FALSE,TB-Ig,D_B_D,PsychoPyStudy2Stim/D_B_D_2.png,Adam THINKS there is ONE cube,1,h,b,2,2,0,1,1,0,1,1,0,B,PropFalse,0,178,178,185,NA,NA,NA,NA,NA,0.00179689994547516,886.8573401001049,887.2346428000601,887.3347754999995,889.3347591001075,889.7346226000227,889.836927000084,889.836927000084,h,1,0.7512823999859393,890.6179816999938,890.6179816999938,890.6179816999938,890.6179816999938,NA,NA,NA,NA,NA,NA,040,001,2024-10-28_13h26.27.110,PsychoPy Exp,2023.1.2,60.01637249326864
Knowledge,FALSE,FB-Ig,T_B_T,PsychoPyStudy2Stim/T_B_T_5.png,Adam KNOWS there is ONE cube,1,h,b,2,0,2,1,0,1,1,0,1,B,PropFalse,0,179,179,304,NA,NA,NA,NA,NA,0.00216660008300095,890.7054793999996,891.0845573000843,891.1847515000263,893.1848440000322,893.5844665000914,893.6870056000771,893.6870056000771,h,1,2.2290688999928534,895.9346250999952,895.9346250999952,895.9346250999952,895.9346250999952,NA,NA,NA,NA,NA,NA,040,001,2024-10-28_13h26.27.110,PsychoPy Exp,2023.1.2,60.01637249326864
Knowledge,FALSE,TB-Ig,D_B_D,PsychoPyStudy2Stim/D_B_D_4.png,Adam KNOWS there are ZERO cubes,0,h,b,2,2,0,1,1,0,1,1,0,B,PropTrueNoKnowledge,0,180,180,295,NA,NA,NA,NA,NA,0.00216490007005631,896.0323522000108,896.4178793000756,896.5181031000102,898.5180706999963,898.9181148000062,899.0200970000587,899.0200970000587,h,1,1.2081621999386698,900.2513318000128,900.2513318000128,900.2513318000128,900.2513318000128,NA,NA,NA,NA,NA,NA,040,001,2024-10-28_13h26.27.110,PsychoPy Exp,2023.1.2,60.01637249326864
Reality,FALSE,TB-K-B,TD_B,PsychoPyStudy2Stim/TD_B_3.png,"In REALITY, there are ZERO cubes",0,h,b,2,1,1,2,1,1,0,0,0,B,PropFalse,0,181,181,86,NA,NA,NA,NA,NA,0.00187420006841421,900.3620394000318,900.7346811000024,900.834733500029,902.8347543000708,903.2347585000098,903.3368139000376,903.3368139000376,h,1,0.8909606999950483,904.2510186000728,904.2510186000728,904.2510186000728,904.2510186000728,NA,NA,NA,NA,NA,NA,040,001,2024-10-28_13h26.27.110,PsychoPy Exp,2023.1.2,60.01637249326864
Knowledge,FALSE,FB-Ig,T_B_T,PsychoPyStudy2Stim/T_B_T_6.png,Adam KNOWS there is ONE cube,1,h,b,2,0,2,1,0,1,1,0,1,B,PropFalse,0,182,182,305,NA,NA,NA,NA,NA,4.3180002830922e-4,904.3263229000148,904.7011478000786,904.80140570004,906.8015039000892,907.2012698000764,907.3035300000338,907.3035300000338,h,1,1.1972704000072554,908.5179332999978,908.5179332999978,908.5179332999978,908.5179332999978,NA,NA,NA,NA,NA,NA,040,001,2024-10-28_13h26.27.110,PsychoPy Exp,2023.1.2,60.01637249326864
Belief,TRUE,TB-K-B,TT_B,PsychoPyStudy2Stim/TT_B_4.png,Adam THINKS there are TWO cubes,2,b,h,2,0,2,2,0,2,0,0,0,B,-,0,183,183,137,NA,NA,NA,NA,NA,0.00198669999372214,908.6250513000414,909.0012552000117,909.1014073000988,911.1013716000598,911.501348800026,911.603583100019,911.603583100019,b,1,1.000696299946867,912.63463580003,912.63463580003,912.63463580003,912.63463580003,NA,NA,NA,NA,NA,NA,040,001,2024-10-28_13h26.27.110,PsychoPy Exp,2023.1.2,60.01637249326864
Reality,TRUE,TB-K,TD_NB,PsychoPyStudy2Stim/TD_NB_1.png,"In REALITY, there is ONE cube",1,b,h,2,1,1,2,1,1,0,0,0,NB,-,0,184,184,9,NA,NA,NA,NA,NA,0.00214630004484206,912.7074222000084,913.0845727000852,913.1846933000488,915.184657100006,915.5846555000172,915.6867286000634,915.6867286000634,b,1,0.605450899922289,916.3179441000102,916.3179441000102,916.3179441000102,916.3179441000102,NA,NA,NA,NA,NA,NA,040,001,2024-10-28_13h26.27.110,PsychoPy Exp,2023.1.2,60.01637249326864
Belief,FALSE,FB-Ig,T_B_T,PsychoPyStudy2Stim/T_B_T_2.png,Adam THINKS there are TWO cubes,2,h,b,2,0,2,1,0,1,1,0,1,B,PropTrueNoBelief,0,185,185,201,NA,NA,NA,NA,NA,0.00197960005607455,916.4086116000544,916.784560500062,916.8847069001058,918.8847229999956,919.2846089000814,919.3868506000144,919.3868506000144,h,1,0.9452788999769836,920.3513018999948,920.3513018999948,920.3513018999948,920.3513018999948,NA,NA,NA,NA,NA,NA,040,001,2024-10-28_13h26.27.110,PsychoPy Exp,2023.1.2,60.01637249326864
Reality,FALSE,TB-K-B,TD_B,PsychoPyStudy2Stim/TD_B_2.png,"In REALITY, there are ZERO cubes",0,h,b,2,1,1,2,1,1,0,0,0,B,PropFalse,0,186,186,85,NA,NA,NA,NA,NA,0.00185779994353652,920.4337638000724,920.8177314000204,920.9180323000764,922.9178349000867,923.3179581000004,923.4201900000916,923.4201900000916,h,1,0.8479623000603169,924.2843712000176,924.2843712000176,924.2843712000176,924.2843712000176,NA,NA,NA,NA,NA,NA,040,001,2024-10-28_13h26.27.110,PsychoPy Exp,2023.1.2,60.01637249326864
Reality,TRUE,TB-K-B,TD_B,PsychoPyStudy2Stim/TD_B_7.png,"In REALITY, there is ONE cube",1,b,h,2,1,1,2,1,1,0,0,0,B,-,0,187,187,36,NA,NA,NA,NA,NA,5.0850003026425e-4,924.363091200008,924.7345515000634,924.8346248000162,926.8345956000268,927.2344549000264,927.3367291000905,927.3367291000905,b,1,0.6429744000779465,928.0009395000524,928.0009395000524,928.0009395000524,928.0009395000524,NA,NA,NA,NA,NA,NA,040,001,2024-10-28_13h26.27.110,PsychoPy Exp,2023.1.2,60.01637249326864
Knowledge,TRUE,TB-K-B,DD_B,PsychoPyStudy2Stim/DD_B_3.png,Adam KNOWS there are ZERO cubes,0,b,h,2,2,0,2,2,0,0,0,0,B,-,0,188,188,236,NA,NA,NA,NA,NA,4.2359996587038e-4,928.076162500074,928.451187000028,928.5513371000998,930.5511702999938,930.9513016000856,931.053433299996,931.053433299996,b,1,0.774790000054054,931.8512309000362,931.8512309000362,931.8512309000362,931.8512309000362,NA,NA,NA,NA,NA,NA,040,001,2024-10-28_13h26.27.110,PsychoPy Exp,2023.1.2,60.01637249326864
Belief,FALSE,FB-Ig,D_B_T,PsychoPyStudy2Stim/D_B_T_4.png,Adam THINKS there is ONE cube,1,h,b,2,1,1,1,1,0,1,0,1,B,PropTrueNoBelief,0,189,189,215,NA,NA,NA,NA,NA,0.00169649999588727,931.943367100088,932.3178999000228,932.417965300032,934.417966900044,934.8177193000448,934.9202219001018,934.9202219001018,h,1,0.787579600000754,935.7344995000168,935.7344995000168,935.7344995000168,935.7344995000168,NA,NA,NA,NA,NA,NA,040,001,2024-10-28_13h26.27.110,PsychoPy Exp,2023.1.2,60.01637249326864
Reality,FALSE,TB-Ig,D_B,PsychoPyStudy2Stim/D_B_3.png,"In REALITY, there are TWO cubes",2,h,b,1,1,0,1,1,0,0,0,0,B,PropFalse,0,190,190,74,NA,NA,NA,NA,NA,0.00151940004434436,935.84360630007,936.2175973000705,936.3179942000424,938.3179285000078,938.7179022000636,938.8200976999942,938.8200976999942,h,1,0.5920439000474289,939.4345400000456,939.4345400000456,939.4345400000456,939.4345400000456,NA,NA,NA,NA,NA,NA,040,001,2024-10-28_13h26.27.110,PsychoPy Exp,2023.1.2,60.01637249326864
Reality,TRUE,TB-Ig,D_B_D,PsychoPyStudy2Stim/D_B_D_2.png,"In REALITY, there are ZERO cubes",0,b,h,2,2,0,1,1,0,1,1,0,B,-,0,191,191,23,NA,NA,NA,NA,NA,0.00168410001788288,939.5254352000776,939.9012157000834,940.001309500076,942.001281700097,942.4012551000342,942.5033949000062,942.5033949000062,b,1,0.7242409000173211,943.2509288000874,943.2509288000874,943.2509288000874,943.2509288000874,NA,NA,NA,NA,NA,NA,040,001,2024-10-28_13h26.27.110,PsychoPy Exp,2023.1.2,60.01637249326864
Reality,TRUE,TB-Ig,D_B_D,PsychoPyStudy2Stim/D_B_D_4.png,"In REALITY, there are ZERO cubes",0,b,h,2,2,0,1,1,0,1,1,0,B,-,0,192,192,25,NA,NA,NA,NA,NA,3.8530002348124e-4,943.3200275000418,943.7012326000258,943.8013083999977,945.8013006000548,946.2012586001074,946.3034097000492,946.3034097000492,b,1,0.7246699999086559,947.0512312999928,947.0512312999928,947.0512312999928,947.0512312999928,NA,NA,NA,NA,NA,NA,040,001,2024-10-28_13h26.27.110,PsychoPy Exp,2023.1.2,60.01637249326864
Knowledge,TRUE,TB-K,D_NB,PsychoPyStudy2Stim/D_NB_3.png,Adam KNOWS there are ZERO cubes,0,b,h,1,1,0,1,1,0,0,0,0,NB,-,0,193,193,218,NA,NA,NA,NA,NA,0.00166810001246631,947.1383385000518,947.5178204000696,947.6179367000004,949.6178906999994,950.017826700001,950.1200700000628,950.1200700000628,h,0,0.8999966999981552,951.05099290004,951.05099290004,951.05099290004,951.05099290004,NA,NA,NA,NA,NA,NA,040,001,2024-10-28_13h26.27.110,PsychoPy Exp,2023.1.2,60.01637249326864
Reality,TRUE,TB-K,DD_NB,PsychoPyStudy2Stim/DD_NB_3.png,"In REALITY, there are ZERO cubes",0,b,h,2,2,0,2,2,0,0,0,0,NB,-,0,194,194,8,NA,NA,NA,NA,NA,4.470000276342e-4,951.128304200014,951.501118300017,951.6013000000968,953.6011221000226,954.001086300006,954.1032356000504,954.1032356000504,b,1,0.9008465999504552,955.0345291000558,955.0345291000558,955.0345291000558,955.0345291000558,NA,NA,NA,NA,NA,NA,040,001,2024-10-28_13h26.27.110,PsychoPy Exp,2023.1.2,60.01637249326864
Belief,FALSE,FB-Ig,T_B_T,PsychoPyStudy2Stim/T_B_T_1.png,Adam THINKS there are TWO cubes,2,h,b,2,0,2,1,0,1,1,0,1,B,PropTrueNoBelief,0,195,195,206,NA,NA,NA,NA,NA,0.00170590006746351,955.1250334000216,955.501149800024,955.6010526000756,957.6012465000384,958.0009634000016,958.1035240000348,958.1035240000348,h,1,1.0681421000044793,959.200990900048,959.200990900048,959.200990900048,959.200990900048,NA,NA,NA,NA,NA,NA,040,001,2024-10-28_13h26.27.110,PsychoPy Exp,2023.1.2,60.01637249326864
Reality,TRUE,TB-K-B,TD_B,PsychoPyStudy2Stim/TD_B_4.png,"In REALITY, there is ONE cube",1,b,h,2,1,1,2,1,1,0,0,0,B,-,0,196,196,33,NA,NA,NA,NA,NA,4.7189998440444e-4,959.2833970000502,959.6677513000324,959.7678882000037,961.7678870999952,962.1678180000744,962.2699036000996,962.2699036000996,b,1,0.7825489999959245,963.067665800103,963.067665800103,963.067665800103,963.067665800103,NA,NA,NA,NA,NA,NA,040,001,2024-10-28_13h26.27.110,PsychoPy Exp,2023.1.2,60.01637249326864
Knowledge,TRUE,TB-K-B,TD_B,PsychoPyStudy2Stim/TD_B_2.png,Adam KNOWS there is ONE cube,1,b,h,2,1,1,2,1,1,0,0,0,B,-,0,197,197,259,NA,NA,NA,NA,NA,0.00169449998065829,963.1358812000836,963.5177903000732,963.6176884000888,965.6177813000976,966.0178570999996,966.1198980000336,966.1198980000336,b,1,0.6042553000152111,966.7511194000252,966.7511194000252,966.7511194000252,966.7511194000252,NA,NA,NA,NA,NA,NA,040,001,2024-10-28_13h26.27.110,PsychoPy Exp,2023.1.2,60.01637249326864
Knowledge,TRUE,TB-K-B,DD_B,PsychoPyStudy2Stim/DD_B_1.png,Adam KNOWS there are ZERO cubes,0,b,h,2,2,0,2,2,0,0,0,0,B,-,0,198,198,234,NA,NA,NA,NA,NA,0.00171630003023892,966.8409716000316,967.2177216000856,967.3179233000848,969.317824000027,969.71776150004,969.8200532000046,969.8200532000046,b,1,1.087688700063154,970.9342735999962,970.9342735999962,970.9342735999962,970.9342735999962,NA,NA,NA,NA,NA,NA,040,001,2024-10-28_13h26.27.110,PsychoPy Exp,2023.1.2,60.01637249326864
Belief,FALSE,TB-Ig,D_B_D,PsychoPyStudy2Stim/D_B_D_4.png,Adam THINKS there is ONE cube,1,h,b,2,2,0,1,1,0,1,1,0,B,PropFalse,0,199,199,187,NA,NA,NA,NA,NA,0.00151940004434436,971.0072964000284,971.3844134000828,971.4845486000412,973.4843827000586,973.884499900043,973.9865904001052,973.9865904001052,h,1,1.193351999972947,975.2010188000276,975.2010188000276,975.2010188000276,975.2010188000276,NA,NA,NA,NA,NA,NA,040,001,2024-10-28_13h26.27.110,PsychoPy Exp,2023.1.2,60.01637249326864
Belief,TRUE,TB-K,TT_NB,PsychoPyStudy2Stim/TT_NB_5.png,Adam THINKS there are TWO cubes,2,b,h,2,0,2,2,0,2,0,0,0,NB,-,0,200,200,124,NA,NA,NA,NA,NA,0.00156089989468455,975.272580799996,975.6510532000102,975.751197500038,977.7511769999984,978.151206600014,978.2533513000236,978.2533513000236,b,1,1.006187199964188,979.2841860000044,979.2841860000044,979.2841860000044,979.2841860000044,NA,NA,NA,NA,NA,NA,040,001,2024-10-28_13h26.27.110,PsychoPy Exp,2023.1.2,60.01637249326864
Knowledge,TRUE,TB-K-B,TD_B,PsychoPyStudy2Stim/TD_B_9.png,Adam KNOWS there is ONE cube,1,b,h,2,1,1,2,1,1,0,0,0,B,-,0,201,201,266,NA,NA,NA,NA,NA,3.7570006679743e-4,979.3526175000006,979.7343588999938,979.8344722000184,981.8344972000924,982.2344198999926,982.3365371000256,982.3365371000256,b,1,0.5317748000379652,982.8843658000696,982.8843658000696,982.8843658000696,982.8843658000696,NA,NA,NA,NA,NA,NA,040,001,2024-10-28_13h26.27.110,PsychoPy Exp,2023.1.2,60.01637249326864
Belief,TRUE,TB-K,TT_NB,PsychoPyStudy2Stim/TT_NB_4.png,Adam THINKS there are TWO cubes,2,b,h,2,0,2,2,0,2,0,0,0,NB,-,0,202,202,123,NA,NA,NA,NA,NA,0.00150670006405562,982.9729180000722,983.3508162000217,983.4511387000092,985.4511049001012,985.8512080000946,985.9533211000962,985.9533211000962,b,1,0.7312548999907449,986.7010712000774,986.7010712000774,986.7010712000774,986.7010712000774,NA,NA,NA,NA,NA,NA,040,001,2024-10-28_13h26.27.110,PsychoPy Exp,2023.1.2,60.01637249326864
Reality,FALSE,TB-K,TT_NB,PsychoPyStudy2Stim/TT_NB_3.png,"In REALITY, there are ZERO cubes",0,h,b,2,0,2,2,0,2,0,0,0,NB,PropFalse,0,203,203,68,NA,NA,NA,NA,NA,0.00169790000654757,986.787780100014,987.167484200094,987.2678472000408,989.267650200054,989.6677688000492,989.7699858000268,989.7699858000268,h,1,0.9622282999334856,990.7508716000012,990.7508716000012,990.7508716000012,990.7508716000012,NA,NA,NA,NA,NA,NA,040,001,2024-10-28_13h26.27.110,PsychoPy Exp,2023.1.2,60.01637249326864
Knowledge,TRUE,TB-K-B,DD_B,PsychoPyStudy2Stim/DD_B_6.png,Adam KNOWS there are ZERO cubes,0,b,h,2,2,0,2,2,0,0,0,0,B,-,0,204,204,239,NA,NA,NA,NA,NA,0.00169840001035481,990.8211582000368,991.2010189000284,991.3011388001032,993.301151700085,993.7010519000468,993.8033079000888,993.8033079000888,b,1,1.000694000045769,994.8341981000268,994.8341981000268,994.8341981000268,994.8341981000268,NA,NA,NA,NA,NA,NA,040,001,2024-10-28_13h26.27.110,PsychoPy Exp,2023.1.2,60.01637249326864
Knowledge,TRUE,TB-K-B,TD_B,PsychoPyStudy2Stim/TD_B_7.png,Adam KNOWS there is ONE cube,1,b,h,2,1,1,2,1,1,0,0,0,B,-,0,205,205,264,NA,NA,NA,NA,NA,3.7279992830008e-4,994.9065745000262,995.284322099993,995.3844651000107,997.384288600064,997.784372300026,997.8870478000026,997.8870478000026,b,1,0.5086329999612644,998.417626600014,998.417626600014,998.417626600014,998.417626600014,NA,NA,NA,NA,NA,NA,040,001,2024-10-28_13h26.27.110,PsychoPy Exp,2023.1.2,60.01637249326864
Belief,FALSE,TB-K,DD_NB,PsychoPyStudy2Stim/DD_NB_3.png,Adam THINKS there are TWO cubes,2,h,b,2,2,0,2,2,0,0,0,0,NB,PropFalse,0,206,206,170,NA,NA,NA,NA,NA,0.00113850005436688,998.505001500016,998.8842689000304,998.984459600062,1000.9842357001036,1001.3842619000934,1001.4865635000168,1001.4865635000168,h,1,0.62103139993269,1002.1342945999932,1002.1342945999932,1002.1342945999932,1002.1342945999932,NA,NA,NA,NA,NA,NA,040,001,2024-10-28_13h26.27.110,PsychoPy Exp,2023.1.2,60.01637249326864
Belief,FALSE,TB-K,TT_NB,PsychoPyStudy2Stim/TT_NB_4.png,Adam THINKS there is ONE cube,1,h,b,2,0,2,2,0,2,0,0,0,NB,PropFalse,0,207,207,177,NA,NA,NA,NA,NA,0.0015205000527203,1002.2207795000868,1002.6009739000584,1002.7010805000318,1004.7010447999928,1005.1008421001025,1005.203371700016,1005.203371700016,h,1,0.9844144999515264,1006.217759000021,1006.217759000021,1006.217759000021,1006.217759000021,NA,NA,NA,NA,NA,NA,040,001,2024-10-28_13h26.27.110,PsychoPy Exp,2023.1.2,60.01637249326864
Knowledge,FALSE,TB-K-B,TT_B,PsychoPyStudy2Stim/TT_B_14.png,Adam KNOWS there is ONE cube,1,h,b,2,0,2,2,0,2,0,0,0,B,PropFalse,0,208,208,298,NA,NA,NA,NA,NA,9.1619999147951e-4,1006.2911191000604,1006.6676153000444,1006.7677463000872,1008.7678294000216,1009.1676705999998,1009.2699055999984,1009.2699055999984,h,1,0.7098865000298247,1010.0009916001,1010.0009916001,1010.0009916001,1010.0009916001,NA,NA,NA,NA,NA,NA,040,001,2024-10-28_13h26.27.110,PsychoPy Exp,2023.1.2,60.01637249326864
Belief,FALSE,TB-K-B,TT_B,PsychoPyStudy2Stim/TT_B_4.png,Adam THINKS there are ZERO cubes,0,h,b,2,0,2,2,0,2,0,0,0,B,PropFalse,0,209,209,191,NA,NA,NA,NA,NA,0.00169999990612268,1010.0917717000702,1010.4676864000504,1010.567746900022,1012.5676057999954,1012.9677057000808,1013.0698819000972,1013.0698819000972,h,1,0.725896600051783,1013.8176009000744,1013.8176009000744,1013.8176009000744,1013.8176009000744,NA,NA,NA,NA,NA,NA,040,001,2024-10-28_13h26.27.110,PsychoPy Exp,2023.1.2,60.01637249326864
Belief,FALSE,FB-Ig,D_B_T,PsychoPyStudy2Stim/D_B_T_3.png,Adam THINKS there is ONE cube,1,h,b,2,1,1,1,1,0,1,0,1,B,PropTrueNoBelief,0,210,210,214,NA,NA,NA,NA,NA,0.00147879996802657,1013.9060568000424,1014.2842633000108,1014.384373500012,1016.3843923000386,1016.7842356000328,1016.8863668000558,1016.8863668000558,h,1,1.317621800000779,1018.2342983999988,1018.2342983999988,1018.2342983999988,1018.2342983999988,NA,NA,NA,NA,NA,NA,040,001,2024-10-28_13h26.27.110,PsychoPy Exp,2023.1.2,60.01637249326864
Reality,FALSE,TB-K-B,TD_B,PsychoPyStudy2Stim/TD_B_6.png,"In REALITY, there are ZERO cubes",0,h,b,2,1,1,2,1,1,0,0,0,B,PropFalse,0,211,211,89,NA,NA,NA,NA,NA,0.00173020001966506,1018.346657600021,1018.7173140000086,1018.8177415000972,1020.817637500004,1021.2175640000496,1021.3198448000476,1021.3198448000476,h,1,1.172006499953568,1022.517377900076,1022.517377900076,1022.517377900076,1022.517377900076,NA,NA,NA,NA,NA,NA,040,001,2024-10-28_13h26.27.110,PsychoPy Exp,2023.1.2,60.01637249326864
Belief,TRUE,TB-K-B,TT_B,PsychoPyStudy2Stim/TT_B_7.png,Adam THINKS there are TWO cubes,2,b,h,2,0,2,2,0,2,0,0,0,B,-,0,212,212,140,NA,NA,NA,NA,NA,0.00169539998751133,1022.5886979000644,1022.9673739999998,1023.0675204000436,1025.0677595000016,1025.4675836000824,1025.5697711000685,1025.5697711000685,b,1,0.8097892000805587,1026.4009362000506,1026.4009362000506,1026.4009362000506,1026.4009362000506,NA,NA,NA,NA,NA,NA,040,001,2024-10-28_13h26.27.110,PsychoPy Exp,2023.1.2,60.01637249326864
Belief,TRUE,FB-Ig,D_B_T,PsychoPyStudy2Stim/D_B_T_1.png,Adam THINKS there are ZERO cubes,0,b,h,2,1,1,1,1,0,1,0,1,B,-,0,213,213,158,NA,NA,NA,NA,NA,9.1909989714622e-4,1026.493338000029,1026.8675364000956,1026.967689500074,1028.9677156000398,1029.3676263000816,1029.469770600088,1029.469770600088,b,1,0.7897174999816343,1030.2841669000918,1030.2841669000918,1030.2841669000918,1030.2841669000918,NA,NA,NA,NA,NA,NA,040,001,2024-10-28_13h26.27.110,PsychoPy Exp,2023.1.2,60.01637249326864
Belief,FALSE,TB-K-B,TT_B,PsychoPyStudy2Stim/TT_B_10.png,Adam THINKS there are ZERO cubes,0,h,b,2,0,2,2,0,2,0,0,0,B,PropFalse,0,214,214,197,NA,NA,NA,NA,NA,7.3390000034123e-4,1030.3741265001008,1030.7508698001038,1030.8510059000691,1032.8509191001067,1033.2509730000747,1033.3531401000218,1033.3531401000218,h,1,0.6426729999948293,1034.0177168000955,1034.0177168000955,1034.0177168000955,1034.0177168000955,NA,NA,NA,NA,NA,NA,040,001,2024-10-28_13h26.27.110,PsychoPy Exp,2023.1.2,60.01637249326864
Knowledge,TRUE,TB-K-B,TD_B,PsychoPyStudy2Stim/TD_B_1.png,Adam KNOWS there is ONE cube,1,b,h,2,1,1,2,1,1,0,0,0,B,-,0,215,215,258,NA,NA,NA,NA,NA,0.00168410001788288,1034.1057681000093,1034.4840727000264,1034.584297500085,1036.5842159000458,1036.9841993000591,1037.0864459000295,1037.0864459000295,b,1,0.6211671000346541,1037.734175999998,1037.734175999998,1037.734175999998,1037.734175999998,NA,NA,NA,NA,NA,NA,040,001,2024-10-28_13h26.27.110,PsychoPy Exp,2023.1.2,60.01637249326864
Knowledge,FALSE,FB-Ig,T_B_T,PsychoPyStudy2Stim/T_B_T_1.png,Adam KNOWS there is ONE cube,1,h,b,2,0,2,1,0,1,1,0,1,B,PropFalse,0,216,216,300,NA,NA,NA,NA,NA,0.0014938999665901,1037.8209108000156,1038.200851700036,1038.3009468000382,1040.3009595000185,1040.7010009000078,1040.803096200107,1040.803096200107,h,1,1.616647099959664,1042.4508753000991,1042.4508753000991,1042.4508753000991,1042.4508753000991,NA,NA,NA,NA,NA,NA,040,001,2024-10-28_13h26.27.110,PsychoPy Exp,2023.1.2,60.01637249326864
Reality,TRUE,FB-Ig,T_B_T,PsychoPyStudy2Stim/T_B_T_6.png,"In REALITY, there are TWO cubes",2,b,h,2,0,2,1,0,1,1,0,1,B,-,0,217,217,49,NA,NA,NA,NA,NA,0.00149219995364546,1042.551013300079,1042.9341974999988,1043.0343600000488,1045.034188700025,1045.4342055000598,1045.5363737000152,1045.5363737000152,b,1,0.7549837999977171,1046.317264400073,1046.317264400073,1046.317264400073,1046.317264400073,NA,NA,NA,NA,NA,NA,040,001,2024-10-28_13h26.27.110,PsychoPy Exp,2023.1.2,60.01637249326864
Reality,TRUE,TB-K-B,DD_B,PsychoPyStudy2Stim/DD_B_14.png,"In REALITY, there are ZERO cubes",0,b,h,2,2,0,2,2,0,0,0,0,B,-,0,218,218,27,NA,NA,NA,NA,NA,3.7379993591457e-4,1046.3951476000948,1046.7674900999991,1046.8676081000594,1048.8675869000144,1049.2675976000028,1049.3696960000088,1049.3696960000088,b,1,0.5057631999952719,1049.900738800061,1049.900738800061,1049.900738800061,1049.900738800061,NA,NA,NA,NA,NA,NA,040,001,2024-10-28_13h26.27.110,PsychoPy Exp,2023.1.2,60.01637249326864
Reality,TRUE,FB-Ig,T_B_T,PsychoPyStudy2Stim/T_B_T_6.png,"In REALITY, there are TWO cubes",2,b,h,2,0,2,1,0,1,1,0,1,B,-,0,219,219,43,NA,NA,NA,NA,NA,6.7660002969205e-4,1049.9868968999945,1050.3674846000504,1050.467624800047,1052.4676091000438,1052.8676741000963,1052.9695809000405,1052.9695809000405,b,1,0.7543464999180287,1053.7509329000022,1053.7509329000022,1053.7509329000022,1053.7509329000022,NA,NA,NA,NA,NA,NA,040,001,2024-10-28_13h26.27.110,PsychoPy Exp,2023.1.2,60.01637249326864
Belief,TRUE,TB-K,T_NB,PsychoPyStudy2Stim/T_NB_3.png,Adam THINKS there is ONE cube,1,b,h,1,0,1,1,0,1,0,0,0,NB,-,0,220,220,113,NA,NA,NA,NA,NA,0.00170939997769892,1053.8411051000005,1054.217282199999,1054.3176084000152,1056.3175791000249,1056.717575000017,1056.819873200031,1056.819873200031,b,1,0.5834963000379503,1057.4340481000254,1057.4340481000254,1057.4340481000254,1057.4340481000254,NA,NA,NA,NA,NA,NA,040,001,2024-10-28_13h26.27.110,PsychoPy Exp,2023.1.2,60.01637249326864
Knowledge,TRUE,TB-K-B,TT_B,PsychoPyStudy2Stim/TT_B_19.png,Adam KNOWS there are TWO cubes,2,b,h,2,0,2,2,0,2,0,0,0,B,-,0,221,221,252,NA,NA,NA,NA,NA,5.7130004279315e-4,1057.5193626000546,1057.9006072001066,1058.0007608000888,1060.0009813000215,1060.400900900015,1060.5030147000216,1060.5030147000216,b,1,1.0044431999558583,1061.5340003001038,1061.5340003001038,1061.5340003001038,1061.5340003001038,NA,NA,NA,NA,NA,NA,040,001,2024-10-28_13h26.27.110,PsychoPy Exp,2023.1.2,60.01637249326864
Reality,FALSE,FB-Ig,T_B_T,PsychoPyStudy2Stim/T_B_T_4.png,"In REALITY, there is ONE cube",1,h,b,2,0,2,1,0,1,1,0,1,B,PropFalse,0,222,222,95,NA,NA,NA,NA,NA,8.0400006845593e-4,1061.6141894001048,1061.9841240000678,1062.084232400055,1064.0842808000743,1064.48428460001,1064.586270500091,1064.586270500091,h,1,0.5615083000157028,1065.1675005001016,1065.1675005001016,1065.1675005001016,1065.1675005001016,NA,NA,NA,NA,NA,NA,040,001,2024-10-28_13h26.27.110,PsychoPy Exp,2023.1.2,60.01637249326864
Knowledge,TRUE,TB-K-B,TT_B,PsychoPyStudy2Stim/TT_B_20.png,Adam KNOWS there are TWO cubes,2,b,h,2,0,2,2,0,2,0,0,0,B,-,0,223,223,253,NA,NA,NA,NA,NA,0.0016810999950394,1065.255601700046,1065.634102400043,1065.734218000085,1067.734223700012,1068.134082000004,1068.2363238000544,1068.2363238000544,b,1,0.8553371999878436,1069.1174872000702,1069.1174872000702,1069.1174872000702,1069.1174872000702,NA,NA,NA,NA,NA,NA,040,001,2024-10-28_13h26.27.110,PsychoPy Exp,2023.1.2,60.01637249326864
Knowledge,FALSE,FB-Ig,T_B_T,PsychoPyStudy2Stim/T_B_T_3.png,Adam KNOWS there are TWO cubes,2,h,b,2,0,2,1,0,1,1,0,1,B,PropTrueNoKnowledge,0,224,224,314,NA,NA,NA,NA,NA,0.00172220007516443,1069.207702700049,1069.5839869000483,1069.6842073000737,1071.6842089000857,1072.0840924000368,1072.1863108000252,1072.1863108000252,h,1,0.7614826000062749,1072.967489700066,1072.967489700066,1072.967489700066,1072.967489700066,NA,NA,NA,NA,NA,NA,040,001,2024-10-28_13h26.27.110,PsychoPy Exp,2023.1.2,60.01637249326864
Knowledge,FALSE,FB-Ig,D_B_T,PsychoPyStudy2Stim/D_B_T_2.png,Adam KNOWS there is ONE cube,1,h,b,2,1,1,1,1,0,1,0,1,B,PropTrueNoKnowledge,0,225,225,319,NA,NA,NA,NA,NA,0.00167609995696693,1073.058071400039,1073.434081400046,1073.5340539000465,1075.5341119000225,1075.934195900103,1076.036351100076,1076.036351100076,h,1,0.895357400062494,1076.9514727999922,1076.9514727999922,1076.9514727999922,1076.9514727999922,NA,NA,NA,NA,NA,NA,040,001,2024-10-28_13h26.27.110,PsychoPy Exp,2023.1.2,60.01637249326864
Knowledge,TRUE,TB-K,TT_NB,PsychoPyStudy2Stim/TT_NB_2.png,Adam KNOWS there are TWO cubes,2,b,h,2,0,2,2,0,2,0,0,0,NB,-,0,226,226,229,NA,NA,NA,NA,NA,0.00169609999284148,1077.0250267999943,1077.4007313000038,1077.5007135000778,1079.5008743000217,1079.9008369999938,1080.002964100102,1080.002964100102,b,1,0.7927431999705732,1080.8172060000943,1080.8172060000943,1080.8172060000943,1080.8172060000943,NA,NA,NA,NA,NA,NA,040,001,2024-10-28_13h26.27.110,PsychoPy Exp,2023.1.2,60.01637249326864
Knowledge,FALSE,FB-Ig,T_B_T,PsychoPyStudy2Stim/T_B_T_1.png,Adam KNOWS there are TWO cubes,2,h,b,2,0,2,1,0,1,1,0,1,B,PropTrueNoKnowledge,0,227,227,312,NA,NA,NA,NA,NA,0.00165820005349814,1080.8841133000096,1081.267414300004,1081.3675727000227,1083.3684347000672,1083.7673518999943,1083.8695027000504,1083.8695027000504,h,1,0.934246499906294,1084.8340979000786,1084.8340979000786,1084.8340979000786,1084.8340979000786,NA,NA,NA,NA,NA,NA,040,001,2024-10-28_13h26.27.110,PsychoPy Exp,2023.1.2,60.01637249326864
Knowledge,FALSE,FB-Ig,T_B_T,PsychoPyStudy2Stim/T_B_T_4.png,Adam KNOWS there is ONE cube,1,h,b,2,0,2,1,0,1,1,0,1,B,PropFalse,0,228,228,303,NA,NA,NA,NA,NA,0.00170849997084587,1084.9344557001025,1085.3174532999983,1085.4174930000445,1087.4174920000369,1087.8174872000236,1087.9196508000605,1087.9196508000605,h,1,1.0917035000165924,1089.034023200045,1089.034023200045,1089.034023200045,1089.034023200045,NA,NA,NA,NA,NA,NA,040,001,2024-10-28_13h26.27.110,PsychoPy Exp,2023.1.2,60.01637249326864
Knowledge,TRUE,TB-K,DD_NB,PsychoPyStudy2Stim/DD_NB_1.png,Adam KNOWS there are ZERO cubes,0,b,h,2,2,0,2,2,0,0,0,0,NB,-,0,229,229,222,NA,NA,NA,NA,NA,0.00113790004979819,1089.1312892000424,1089.5006934000412,1089.6008466000203,1091.6008123999927,1092.0006060000742,1092.1028606001055,1092.1028606001055,b,1,1.3334004000062123,1093.4672050999943,1093.4672050999943,1093.4672050999943,1093.4672050999943,NA,NA,NA,NA,NA,NA,040,001,2024-10-28_13h26.27.110,PsychoPy Exp,2023.1.2,60.01637249326864
Reality,FALSE,TB-K,TT_NB,PsychoPyStudy2Stim/TT_NB_2.png,"In REALITY, there are ZERO cubes",0,h,b,2,0,2,2,0,2,0,0,0,NB,PropFalse,0,230,230,67,NA,NA,NA,NA,NA,4.4040009379386e-4,1093.5361054000678,1093.917178700096,1094.0174938000273,1096.0174962000456,1096.417469800101,1096.5195157000562,1096.5195157000562,h,1,0.6760407999390736,1097.2173204000574,1097.2173204000574,1097.2173204000574,1097.2173204000574,NA,NA,NA,NA,NA,NA,040,001,2024-10-28_13h26.27.110,PsychoPy Exp,2023.1.2,60.01637249326864
Knowledge,TRUE,TB-K,T_NB,PsychoPyStudy2Stim/T_NB_1.png,Adam KNOWS there is ONE cube,1,b,h,1,0,1,1,0,1,0,0,0,NB,-,0,231,231,219,NA,NA,NA,NA,NA,0.00148320000153034,1097.3076423000311,1097.684005600051,1097.784169599996,1099.783844800084,1100.184130000067,1100.2861797000514,1100.2861797000514,b,1,0.7979783999035135,1101.100509300013,1101.100509300013,1101.100509300013,1101.100509300013,NA,NA,NA,NA,NA,NA,040,001,2024-10-28_13h26.27.110,PsychoPy Exp,2023.1.2,60.01637249326864
Knowledge,TRUE,TB-K-B,TD_B,PsychoPyStudy2Stim/TD_B_3.png,Adam KNOWS there is ONE cube,1,b,h,2,1,1,2,1,1,0,0,0,B,-,0,232,232,260,NA,NA,NA,NA,NA,0.00170619995333254,1101.1674300000304,1101.5506773000816,1101.6508140000517,1103.650793400011,1104.050742899999,1104.1529163999949,1104.1529163999949,b,1,0.7149812000570819,1104.8839535000734,1104.8839535000734,1104.8839535000734,1104.8839535000734,NA,NA,NA,NA,NA,NA,040,001,2024-10-28_13h26.27.110,PsychoPy Exp,2023.1.2,60.01637249326864
Reality,FALSE,FB-Ig,T_B_T,PsychoPyStudy2Stim/T_B_T_5.png,"In REALITY, there is ONE cube",1,h,b,2,0,2,1,0,1,1,0,1,B,PropFalse,0,233,233,96,NA,NA,NA,NA,NA,0.00151229999028146,1104.973114600056,1105.350669400068,1105.4506239000475,1107.4506648000097,1107.8507608000657,1107.952846200089,1107.952846200089,h,1,0.5943920999998227,1108.5671446000924,1108.5671446000924,1108.5671446000924,1108.5671446000924,NA,NA,NA,NA,NA,NA,040,001,2024-10-28_13h26.27.110,PsychoPy Exp,2023.1.2,60.01637249326864
Reality,TRUE,TB-Ig,D_B,PsychoPyStudy2Stim/D_B_1.png,"In REALITY, there are ZERO cubes",0,b,h,1,1,0,1,1,0,0,0,0,B,-,0,234,234,18,NA,NA,NA,NA,NA,4.3879996519535e-4,1108.6456612000477,1109.017301700078,1109.1173730000155,1111.117381600081,1111.517436800059,1111.6196436000755,1111.6196436000755,b,1,0.671896000043489,1112.3173538000556,1112.3173538000556,1112.3173538000556,1112.3173538000556,NA,NA,NA,NA,NA,NA,040,001,2024-10-28_13h26.27.110,PsychoPy Exp,2023.1.2,60.01637249326864
Reality,TRUE,FB-Ig,D_B_T,PsychoPyStudy2Stim/D_B_T_3.png,"In REALITY, there is ONE cube",1,b,h,2,1,1,1,1,0,1,0,1,B,-,0,235,235,52,NA,NA,NA,NA,NA,0.00166140007786452,1112.4103594000917,1112.784071400063,1112.8840468000851,1114.8840735000558,1115.284098300035,1115.3862630000804,1115.3862630000804,b,1,0.9053257000632584,1116.3173146001063,1116.3173146001063,1116.3173146001063,1116.3173146001063,NA,NA,NA,NA,NA,NA,040,001,2024-10-28_13h26.27.110,PsychoPy Exp,2023.1.2,60.01637249326864
Belief,FALSE,TB-K,TT_NB,PsychoPyStudy2Stim/TT_NB_3.png,Adam THINKS there are ZERO cubes,0,h,b,2,0,2,2,0,2,0,0,0,NB,PropFalse,0,236,236,176,NA,NA,NA,NA,NA,0.00166190008167177,1116.4048515000611,1116.783947500051,1116.884099100018,1118.8839685000712,1119.2840491000095,1119.3860376999946,1119.3860376999946,h,1,0.91403210000135,1120.3171655000187,1120.3171655000187,1120.3171655000187,1120.3171655000187,NA,NA,NA,NA,NA,NA,040,001,2024-10-28_13h26.27.110,PsychoPy Exp,2023.1.2,60.01637249326864
Belief,TRUE,TB-K-B,TT_B,PsychoPyStudy2Stim/TT_B_3.png,Adam THINKS there are TWO cubes,2,b,h,2,0,2,2,0,2,0,0,0,B,-,0,237,237,136,NA,NA,NA,NA,NA,0.00149599998258054,1120.3895671000937,1120.7673045000993,1120.8672648000063,1122.867406000034,1123.267136700102,1123.369395900052,1123.369395900052,b,1,0.537817700067535,1123.9338451999938,1123.9338451999938,1123.9338451999938,1123.9338451999938,NA,NA,NA,NA,NA,NA,040,001,2024-10-28_13h26.27.110,PsychoPy Exp,2023.1.2,60.01637249326864
Knowledge,TRUE,TB-K-B,TD_B,PsychoPyStudy2Stim/TD_B_5.png,Adam KNOWS there is ONE cube,1,b,h,2,1,1,2,1,1,0,0,0,B,-,0,238,238,262,NA,NA,NA,NA,NA,7.9289998393505e-4,1124.0435631000437,1124.4170229000738,1124.517373300041,1126.5172089000698,1126.9173317000968,1127.01949830004,1127.01949830004,b,1,0.7196423000423238,1127.7670631000074,1127.7670631000074,1127.7670631000074,1127.7670631000074,NA,NA,NA,NA,NA,NA,040,001,2024-10-28_13h26.27.110,PsychoPy Exp,2023.1.2,60.01637249326864
Belief,FALSE,TB-K-B,TT_B,PsychoPyStudy2Stim/TT_B_1.png,Adam THINKS there are ZERO cubes,0,h,b,2,0,2,2,0,2,0,0,0,B,PropFalse,0,239,239,188,NA,NA,NA,NA,NA,4.0020002052187e-4,1127.8388913000235,1128.217267800006,1128.317408300005,1130.3173488000175,1130.7172370000044,1130.819561900105,1130.819561900105,h,1,1.199957599979825,1132.05053160002,1132.05053160002,1132.05053160002,1132.05053160002,NA,NA,NA,NA,NA,NA,040,001,2024-10-28_13h26.27.110,PsychoPy Exp,2023.1.2,60.01637249326864
Knowledge,TRUE,TB-K-B,TT_B,PsychoPyStudy2Stim/TT_B_18.png,Adam KNOWS there are TWO cubes,2,b,h,2,0,2,2,0,2,0,0,0,B,-,0,240,240,251,NA,NA,NA,NA,NA,0.00147600006312131,1132.1523406000342,1132.533871700056,1132.6340923000826,1134.6340037001064,1135.034020000021,1135.136145299999,1135.136145299999,b,1,1.074991700006649,1136.2337804000126,1136.2337804000126,1136.2337804000126,1136.2337804000126,NA,NA,NA,NA,NA,NA,040,001,2024-10-28_13h26.27.110,PsychoPy Exp,2023.1.2,60.01637249326864
Knowledge,TRUE,TB-K-B,DD_B,PsychoPyStudy2Stim/DD_B_4.png,Adam KNOWS there are ZERO cubes,0,b,h,2,2,0,2,2,0,0,0,0,B,-,0,241,241,237,NA,NA,NA,NA,NA,4.8789998982101e-4,1136.3150227000006,1136.7003781000385,1136.800540000084,1138.800706500071,1139.2007531001,1139.3027757999953,1139.3027757999953,b,1,0.8848652000306174,1140.2172698000213,1140.2172698000213,1140.2172698000213,1140.2172698000213,NA,NA,NA,NA,NA,NA,040,001,2024-10-28_13h26.27.110,PsychoPy Exp,2023.1.2,60.01637249326864
Belief,FALSE,FB-Ig,D_B_T,PsychoPyStudy2Stim/D_B_T_1.png,Adam THINKS there is ONE cube,1,h,b,2,1,1,1,1,0,1,0,1,B,PropTrueNoBelief,0,242,242,212,NA,NA,NA,NA,NA,0.00171029998455196,1140.309675000026,1140.6838499000296,1140.7839856999926,1142.7838161000982,1143.1839517001065,1143.2861407001035,1143.2861407001035,h,1,0.7894448000006378,1144.1203839000082,NA,1144.1203839000082,NA,space,88.0749455000041,NA,NA,NA,NA,040,001,2024-10-28_13h26.27.110,PsychoPy Exp,2023.1.2,60.01637249326864
Belief,TRUE,TB-Ig,D_B_D,PsychoPyStudy2Stim/D_B_D_4.png,Adam THINKS there are ZERO cubes,0,b,h,2,2,0,1,1,0,1,1,0,B,-,0,243,243,133,NA,NA,NA,NA,NA,0.00171380001120269,1232.3100330000743,1232.6835944000632,1232.7837276000064,1234.7837185000535,1235.183706400101,1235.2858858000254,1235.2858858000254,b,1,1.2529816000023857,1236.5668610000284,1236.5668610000284,1236.5668610000284,1236.5668610000284,NA,NA,NA,NA,NA,NA,040,001,2024-10-28_13h26.27.110,PsychoPy Exp,2023.1.2,60.01637249326864
Reality,TRUE,TB-K-B,TD_B,PsychoPyStudy2Stim/TD_B_2.png,"In REALITY, there is ONE cube",1,b,h,2,1,1,2,1,1,0,0,0,B,-,0,244,244,31,NA,NA,NA,NA,NA,7.5629993807524e-4,1236.6561366000678,1237.0335982000688,1237.1337598999962,1239.133704100037,1239.5335724001052,1239.6357838000404,1239.6357838000404,b,1,0.6794945999281481,1240.3336230000714,1240.3336230000714,1240.3336230000714,1240.3336230000714,NA,NA,NA,NA,NA,NA,040,001,2024-10-28_13h26.27.110,PsychoPy Exp,2023.1.2,60.01637249326864
Reality,FALSE,TB-K-B,TD_B,PsychoPyStudy2Stim/TD_B_4.png,"In REALITY, there are ZERO cubes",0,h,b,2,1,1,2,1,1,0,0,0,B,PropFalse,0,245,245,87,NA,NA,NA,NA,NA,0.00165640003979206,1240.4221945001043,1240.8002211001003,1240.9003633999964,1242.9003729000688,1243.3000444000354,1243.403084999998,1243.403084999998,h,1,0.7920267999870703,1244.2168922000565,1244.2168922000565,1244.2168922000565,1244.2168922000565,NA,NA,NA,NA,NA,NA,040,001,2024-10-28_13h26.27.110,PsychoPy Exp,2023.1.2,60.01637249326864
Belief,FALSE,TB-K-B,TT_B,PsychoPyStudy2Stim/TT_B_3.png,Adam THINKS there are ZERO cubes,0,h,b,2,0,2,2,0,2,0,0,0,B,PropFalse,0,246,246,190,NA,NA,NA,NA,NA,0.00148129998706281,1244.3343304001028,1244.7169557000743,1244.8167963000014,1246.8170136000265,1247.216978500015,1247.3191243000329,1247.3191243000329,h,1,1.068232599995099,1248.4169454000655,1248.4169454000655,1248.4169454000655,1248.4169454000655,NA,NA,NA,NA,NA,NA,040,001,2024-10-28_13h26.27.110,PsychoPy Exp,2023.1.2,60.01637249326864
Belief,TRUE,TB-Ig,D_B_D,PsychoPyStudy2Stim/D_B_D_3.png,Adam THINKS there are ZERO cubes,0,b,h,2,2,0,1,1,0,1,1,0,B,-,0,247,247,132,NA,NA,NA,NA,NA,0.00167639995925128,1248.5025059001057,1248.883530799998,1248.983662300045,1250.983639900107,1251.3834435000315,1251.4857351999965,1251.4857351999965,b,1,1.0774228000082076,1252.583615200012,1252.583615200012,1252.583615200012,1252.583615200012,NA,NA,NA,NA,NA,NA,040,001,2024-10-28_13h26.27.110,PsychoPy Exp,2023.1.2,60.01637249326864
Belief,FALSE,TB-K,D_NB,PsychoPyStudy2Stim/D_NB_3.png,Adam THINKS there are TWO cubes,2,h,b,1,1,0,1,1,0,0,0,0,NB,PropFalse,0,248,248,164,NA,NA,NA,NA,NA,0.00166840001475065,1252.678006400005,1253.0501479000086,1253.150296500069,1255.1501323000994,1255.5502579000313,1255.6525072000222,1255.6525072000222,h,1,0.5833756999345496,1256.2667396001052,1256.2667396001052,1256.2667396001052,1256.2667396001052,NA,NA,NA,NA,NA,NA,040,001,2024-10-28_13h26.27.110,PsychoPy Exp,2023.1.2,60.01637249326864
Reality,FALSE,TB-K-B,TD_B,PsychoPyStudy2Stim/TD_B_7.png,"In REALITY, there are ZERO cubes",0,h,b,2,1,1,2,1,1,0,0,0,B,PropFalse,0,249,249,90,NA,NA,NA,NA,NA,4.1669991333037e-4,1256.339487500023,1256.7167982000392,1256.8169913000893,1258.8169772000983,1259.2168040000834,1259.3190672000635,1259.3190672000635,h,1,0.628128599957563,1259.9669130000984,1259.9669130000984,1259.9669130000984,1259.9669130000984,NA,NA,NA,NA,NA,NA,040,001,2024-10-28_13h26.27.110,PsychoPy Exp,2023.1.2,60.01637249326864
Reality,TRUE,TB-K-B,TD_B,PsychoPyStudy2Stim/TD_B_3.png,"In REALITY, there is ONE cube",1,b,h,2,1,1,2,1,1,0,0,0,B,-,0,250,250,32,NA,NA,NA,NA,NA,0.00169639999512583,1260.0647573000751,1260.45015420008,1260.5501739000902,1262.5501261000754,1262.9502515000058,1263.0524357000832,1263.0524357000832,b,1,0.6703582999762148,1263.7501467000693,1263.7501467000693,1263.7501467000693,1263.7501467000693,NA,NA,NA,NA,NA,NA,040,001,2024-10-28_13h26.27.110,PsychoPy Exp,2023.1.2,60.01637249326864
Belief,TRUE,TB-K,D_NB,PsychoPyStudy2Stim/D_NB_3.png,Adam THINKS there are ZERO cubes,0,b,h,1,1,0,1,1,0,0,0,0,NB,-,0,251,251,110,NA,NA,NA,NA,NA,8.9570006821304e-4,1263.8390080000972,1264.216620500083,1264.3167996000266,1266.3167668000096,1266.7169821000423,1266.8190404000925,1266.8190404000925,b,1,0.5600647000828758,1267.39995370002,1267.39995370002,1267.39995370002,1267.39995370002,NA,NA,NA,NA,NA,NA,040,001,2024-10-28_13h26.27.110,PsychoPy Exp,2023.1.2,60.01637249326864
Knowledge,TRUE,TB-K-B,TD_B,PsychoPyStudy2Stim/TD_B_11.png,Adam KNOWS there is ONE cube,1,b,h,2,1,1,2,1,1,0,0,0,B,-,0,252,252,268,NA,NA,NA,NA,NA,0.00155739998444914,1267.4773706000997,1267.850232299999,1267.950079000089,1269.9502707000356,1270.3500669000205,1270.4523872000864,1270.4523872000864,b,1,0.8066958000417799,1271.2833099000854,1271.2833099000854,1271.2833099000854,1271.2833099000854,NA,NA,NA,NA,NA,NA,040,001,2024-10-28_13h26.27.110,PsychoPy Exp,2023.1.2,60.01637249326864
Knowledge,TRUE,TB-K-B,DD_B,PsychoPyStudy2Stim/DD_B_9.png,Adam KNOWS there are ZERO cubes,0,b,h,2,2,0,2,2,0,0,0,0,B,-,0,253,253,242,NA,NA,NA,NA,NA,0.00168480002321302,1271.3571484000422,1271.7334591000108,1271.8335892000468,1273.8335415000329,1274.2336328000529,1274.3356561000692,1274.3356561000692,b,1,1.0910876000998542,1275.4500429000473,1275.4500429000473,1275.4500429000473,1275.4500429000473,NA,NA,NA,NA,NA,NA,040,001,2024-10-28_13h26.27.110,PsychoPy Exp,2023.1.2,60.01637249326864
Reality,FALSE,TB-Ig,D_B_D,PsychoPyStudy2Stim/D_B_D_2.png,"In REALITY, there are TWO cubes",2,h,b,2,2,0,1,1,0,1,1,0,B,PropFalse,0,254,254,77,NA,NA,NA,NA,NA,5.3660001140087e-4,1275.5429570000852,1275.916803500033,1276.0169272000203,1278.0169199000811,1278.416812700103,1278.5190724000568,1278.5190724000568,h,1,1.0276620999211443,1279.5666417001048,1279.5666417001048,1279.5666417001048,1279.5666417001048,NA,NA,NA,NA,NA,NA,040,001,2024-10-28_13h26.27.110,PsychoPy Exp,2023.1.2,60.01637249326864
Belief,TRUE,FB-Ig,T_B_T,PsychoPyStudy2Stim/T_B_T_2.png,Adam THINKS there is ONE cube,1,b,h,2,0,2,1,0,1,1,0,1,B,-,0,255,255,153,NA,NA,NA,NA,NA,5.214000120759e-4,1279.6505727000767,1280.033119300031,1280.1335771000013,1282.1335895000957,1282.5335533000762,1282.635685699992,1282.635685699992,b,1,0.9354432000545784,1283.5999867999926,1283.5999867999926,1283.5999867999926,1283.5999867999926,NA,NA,NA,NA,NA,NA,040,001,2024-10-28_13h26.27.110,PsychoPy Exp,2023.1.2,60.01637249326864
Knowledge,FALSE,TB-K-B,TD_B,PsychoPyStudy2Stim/TD_B_11.png,Adam KNOWS there are ZERO cubes,0,h,b,2,1,1,2,1,1,0,0,0,B,PropFalse,0,256,256,299,NA,NA,NA,NA,NA,0.00172860000748187,1283.674462200026,1284.0501268000808,1284.1502292000223,1286.1502061000792,1286.5502230999991,1286.6523634000914,1286.6523634000914,h,1,0.7907150000100955,1287.4668417000212,1287.4668417000212,1287.4668417000212,1287.4668417000212,NA,NA,NA,NA,NA,NA,040,001,2024-10-28_13h26.27.110,PsychoPy Exp,2023.1.2,60.01637249326864
Belief,FALSE,FB-Ig,T_B_T,PsychoPyStudy2Stim/T_B_T_6.png,Adam THINKS there are TWO cubes,2,h,b,2,0,2,1,0,1,1,0,1,B,PropTrueNoBelief,0,257,257,205,NA,NA,NA,NA,NA,0.00167349993716925,1287.539219600032,1287.916725600022,1288.0166072000284,1290.0168654000154,1290.4168296999997,1290.5190082000336,1290.5190082000336,h,1,0.9720441999379544,1291.516819100012,1291.516819100012,1291.516819100012,1291.516819100012,NA,NA,NA,NA,NA,NA,040,001,2024-10-28_13h26.27.110,PsychoPy Exp,2023.1.2,60.01637249326864
Belief,FALSE,TB-K,TD_NB,PsychoPyStudy2Stim/TD_NB_1.png,Adam THINKS there are ZERO cubes,0,h,b,2,1,1,2,1,1,0,0,0,NB,PropFalse,0,258,258,171,NA,NA,NA,NA,NA,0.00167560006957501,1291.598333000089,1291.983361700084,1292.083625200088,1294.08354770008,1294.4834494000534,1294.5857553000096,1294.5857553000096,h,1,0.8654948000330478,1295.46665810002,1295.46665810002,1295.46665810002,1295.46665810002,NA,NA,NA,NA,NA,NA,040,001,2024-10-28_13h26.27.110,PsychoPy Exp,2023.1.2,60.01637249326864
Knowledge,TRUE,TB-K-B,TT_B,PsychoPyStudy2Stim/TT_B_24.png,Adam KNOWS there are TWO cubes,2,b,h,2,0,2,2,0,2,0,0,0,B,-,0,259,259,257,NA,NA,NA,NA,NA,8.3490007091313e-4,1295.555080100079,1295.9333724000026,1296.0333415000932,1298.03343890002,1298.4334989000345,1298.5358717000345,1298.5358717000345,b,1,0.522839599987492,1299.0832705000648,1299.0832705000648,1299.0832705000648,1299.0832705000648,NA,NA,NA,NA,NA,NA,040,001,2024-10-28_13h26.27.110,PsychoPy Exp,2023.1.2,60.01637249326864
Knowledge,FALSE,FB-Ig,D_B_T,PsychoPyStudy2Stim/D_B_T_4.png,Adam KNOWS there is ONE cube,1,h,b,2,1,1,1,1,0,1,0,1,B,PropTrueNoKnowledge,0,260,260,321,NA,NA,NA,NA,NA,6.1029999051243e-4,1299.1734323001,1299.5500441000331,1299.6502237000968,1301.650265000062,1302.0500789000653,1302.1523196999915,1302.1523196999915,h,1,0.7543743000132963,1302.933335900074,1302.933335900074,1302.933335900074,1302.933335900074,NA,NA,NA,NA,NA,NA,040,001,2024-10-28_13h26.27.110,PsychoPy Exp,2023.1.2,60.01637249326864
Knowledge,TRUE,TB-K-B,TD_B,PsychoPyStudy2Stim/TD_B_4.png,Adam KNOWS there is ONE cube,1,b,h,2,1,1,2,1,1,0,0,0,B,-,0,261,261,261,NA,NA,NA,NA,NA,9.0330000966787e-4,1303.0197196000954,1303.3999730000503,1303.5001764000626,1305.500140100019,1305.9000815000618,1306.0021842001006,1306.0021842001006,b,1,0.8724871000740677,1306.8999164000852,1306.8999164000852,1306.8999164000852,1306.8999164000852,NA,NA,NA,NA,NA,NA,040,001,2024-10-28_13h26.27.110,PsychoPy Exp,2023.1.2,60.01637249326864
Reality,FALSE,TB-K-B,TD_B,PsychoPyStudy2Stim/TD_B_1.png,"In REALITY, there are ZERO cubes",0,h,b,2,1,1,2,1,1,0,0,0,B,PropFalse,0,262,262,84,NA,NA,NA,NA,NA,5.0480000209063e-4,1306.984663200099,1307.3666966001038,1307.4667238000548,1309.466778800008,1309.866783100064,1309.9688399001025,1309.9688399001025,h,1,0.6503362000221387,1310.6499934000894,1310.6499934000894,1310.6499934000894,1310.6499934000894,NA,NA,NA,NA,NA,NA,040,001,2024-10-28_13h26.27.110,PsychoPy Exp,2023.1.2,60.01637249326864
Reality,TRUE,TB-K,TT_NB,PsychoPyStudy2Stim/TT_NB_3.png,"In REALITY, there are TWO cubes",2,b,h,2,0,2,2,0,2,0,0,0,NB,-,0,263,263,14,NA,NA,NA,NA,NA,0.00153180002234876,1310.7514742000494,1311.1333613001043,1311.233480500057,1313.2333100000396,1313.6334498000797,1313.7355577000417,1313.7355577000417,b,1,0.7954120999202132,1314.5498588000191,1314.5498588000191,1314.5498588000191,1314.5498588000191,NA,NA,NA,NA,NA,NA,040,001,2024-10-28_13h26.27.110,PsychoPy Exp,2023.1.2,60.01637249326864
Knowledge,FALSE,TB-K,TT_NB,PsychoPyStudy2Stim/TT_NB_2.png,Adam KNOWS there are ZERO cubes,0,h,b,2,0,2,2,0,2,0,0,0,NB,PropFalse,0,264,264,283,NA,NA,NA,NA,NA,0.00166629999876022,1314.614840800059,1315.0000251000747,1315.1001265000086,1317.100091600092,1317.5000273000917,1317.60214610002,1317.60214610002,h,1,0.9528712999308482,1318.583249500021,1318.583249500021,1318.583249500021,1318.583249500021,NA,NA,NA,NA,NA,NA,040,001,2024-10-28_13h26.27.110,PsychoPy Exp,2023.1.2,60.01637249326864
Knowledge,TRUE,TB-K-B,TD_B,PsychoPyStudy2Stim/TD_B_6.png,Adam KNOWS there is ONE cube,1,b,h,2,1,1,2,1,1,0,0,0,B,-,0,265,265,263,NA,NA,NA,NA,NA,0.00167909997981041,1318.6600548001006,1319.0331732000925,1319.1332626000512,1321.133459600038,1321.5333337000338,1321.6356342000654,1321.6356342000654,b,1,0.6955142000224441,1322.3500567000592,1322.3500567000592,1322.3500567000592,1322.3500567000592,NA,NA,NA,NA,NA,NA,040,001,2024-10-28_13h26.27.110,PsychoPy Exp,2023.1.2,60.01637249326864
Belief,FALSE,TB-K,DD_NB,PsychoPyStudy2Stim/DD_NB_2.png,Adam THINKS there are TWO cubes,2,h,b,2,2,0,2,2,0,0,0,0,NB,PropFalse,0,266,266,169,NA,NA,NA,NA,NA,0.00169870001263916,1322.4432155000975,1322.8164034000365,1322.9167962000938,1324.916681500035,1325.3167292000726,1325.418984399992,1325.418984399992,h,1,1.007651000050828,1326.4498068999965,1326.4498068999965,1326.4498068999965,1326.4498068999965,NA,NA,NA,NA,NA,NA,040,001,2024-10-28_13h26.27.110,PsychoPy Exp,2023.1.2,60.01637249326864
Reality,FALSE,TB-K,T_NB,PsychoPyStudy2Stim/T_NB_3.png,"In REALITY, there are TWO cubes",2,h,b,1,0,1,1,0,1,0,0,0,NB,PropFalse,0,267,267,59,NA,NA,NA,NA,NA,3.8410001434385e-4,1326.5233527000528,1326.899931800086,1327.0000881000888,1328.9999285000376,1329.4000073000789,1329.5021379000973,1329.5021379000973,h,1,0.7648781999014318,1330.28326200007,1330.28326200007,1330.28326200007,1330.28326200007,NA,NA,NA,NA,NA,NA,040,001,2024-10-28_13h26.27.110,PsychoPy Exp,2023.1.2,60.01637249326864
Reality,TRUE,TB-K-B,TD_B,PsychoPyStudy2Stim/TD_B_6.png,"In REALITY, there is ONE cube",1,b,h,2,1,1,2,1,1,0,0,0,B,-,0,268,268,35,NA,NA,NA,NA,NA,9.137000888586e-4,1330.3544038000982,1330.733345600078,1330.8334120000943,1332.8334833000554,1333.2333177000985,1333.3355256000068,1333.3355256000068,b,1,0.9156963999848812,1334.266527700005,1334.266527700005,1334.266527700005,1334.266527700005,NA,NA,NA,NA,NA,NA,040,001,2024-10-28_13h26.27.110,PsychoPy Exp,2023.1.2,60.01637249326864
Belief,FALSE,TB-K-B,TT_B,PsychoPyStudy2Stim/TT_B_7.png,Adam THINKS there are ZERO cubes,0,h,b,2,0,2,2,0,2,0,0,0,B,PropFalse,0,269,269,194,NA,NA,NA,NA,NA,0.00184060004539787,1334.341138400021,1334.7165868000593,1334.8167726000538,1336.8167565000476,1337.2168218001025,1337.318810500088,1337.318810500088,h,1,0.7560864000115544,1338.0998435000656,1338.0998435000656,1338.0998435000656,1338.0998435000656,NA,NA,NA,NA,NA,NA,040,001,2024-10-28_13h26.27.110,PsychoPy Exp,2023.1.2,60.01637249326864
Belief,FALSE,TB-Ig,D_B,PsychoPyStudy2Stim/D_B_4.png,Adam THINKS there is ONE cube,1,h,b,1,1,0,1,1,0,0,0,0,B,PropFalse,0,270,270,183,NA,NA,NA,NA,NA,0.00166380009613931,1338.173680200009,1338.5499445000896,1338.64995240001,1340.6501116000582,1341.0499447000911,1341.1520318000112,1341.1520318000112,h,1,0.9152563000097872,1342.0833183000796,1342.0833183000796,1342.0833183000796,1342.0833183000796,NA,NA,NA,NA,NA,NA,040,001,2024-10-28_13h26.27.110,PsychoPy Exp,2023.1.2,60.01637249326864
Knowledge,TRUE,TB-K-B,TT_B,PsychoPyStudy2Stim/TT_B_17.png,Adam KNOWS there are TWO cubes,2,b,h,2,0,2,2,0,2,0,0,0,B,-,0,271,271,250,NA,NA,NA,NA,NA,0.00170969997998327,1342.1740074000554,1342.5499773001063,1342.6500514000654,1344.6500611000229,1345.0500510000857,1345.1521810000995,1345.1521810000995,b,1,0.8989730000030249,1346.0665816999972,1346.0665816999972,1346.0665816999972,1346.0665816999972,NA,NA,NA,NA,NA,NA,040,001,2024-10-28_13h26.27.110,PsychoPy Exp,2023.1.2,60.01637249326864
Knowledge,FALSE,TB-K,D_NB,PsychoPyStudy2Stim/D_NB_3.png,Adam KNOWS there are TWO cubes,2,h,b,1,1,0,1,1,0,0,0,0,NB,PropFalse,0,272,272,272,NA,NA,NA,NA,NA,7.6129997614771e-4,1346.154950600001,1346.5330875000218,1346.6331279000733,1348.633472400019,1349.0333255000878,1349.1353738000616,1349.1353738000616,h,1,0.7000789000885561,1349.8664127000377,1349.8664127000377,1349.8664127000377,1349.8664127000377,NA,NA,NA,NA,NA,NA,040,001,2024-10-28_13h26.27.110,PsychoPy Exp,2023.1.2,60.01637249326864
Knowledge,FALSE,TB-K-B,TT_B,PsychoPyStudy2Stim/TT_B_15.png,Adam KNOWS there are ZERO cubes,0,h,b,2,0,2,2,0,2,0,0,0,B,PropFalse,0,273,273,297,NA,NA,NA,NA,NA,4.0090002585202e-4,1349.950037200004,1350.3332140001005,1350.433361100033,1352.4331695000874,1352.8332869000733,1352.9355066000717,1352.9355066000717,h,1,0.6994407000020146,1353.6662914000915,1353.6662914000915,1353.6662914000915,1353.6662914000915,NA,NA,NA,NA,NA,NA,040,001,2024-10-28_13h26.27.110,PsychoPy Exp,2023.1.2,60.01637249326864
Reality,TRUE,TB-K-B,TD_B,PsychoPyStudy2Stim/TD_B_9.png,"In REALITY, there is ONE cube",1,b,h,2,1,1,2,1,1,0,0,0,B,-,0,274,274,37,NA,NA,NA,NA,NA,9.0980005916208e-4,1353.741064400063,1354.116554700071,1354.2166763000423,1356.2164355000714,1356.6164184000809,1356.7187943001045,1356.7187943001045,b,1,0.6436839000089094,1357.3829676000169,1357.3829676000169,1357.3829676000169,1357.3829676000169,NA,NA,NA,NA,NA,NA,040,001,2024-10-28_13h26.27.110,PsychoPy Exp,2023.1.2,60.01637249326864
Knowledge,FALSE,TB-K,T_NB,PsychoPyStudy2Stim/T_NB_2.png,Adam KNOWS there are TWO cubes,2,h,b,1,0,1,1,0,1,0,0,0,NB,PropFalse,0,275,275,274,NA,NA,NA,NA,NA,3.888999344781e-4,1357.4585846000118,1357.8330099000596,1357.9331401000964,1359.9331257001031,1360.333087200066,1360.4357236000942,1360.4357236000942,h,1,0.6312635000795126,1361.0829905000282,1361.0829905000282,1361.0829905000282,1361.0829905000282,NA,NA,NA,NA,NA,NA,040,001,2024-10-28_13h26.27.110,PsychoPy Exp,2023.1.2,60.01637249326864
Reality,FALSE,TB-K-B,DD_B,PsychoPyStudy2Stim/DD_B_14.png,"In REALITY, there are TWO cubes",2,h,b,2,2,0,2,2,0,0,0,0,B,PropFalse,0,276,276,81,NA,NA,NA,NA,NA,3.9039994589984e-4,1361.1654558000157,1361.5496823000722,1361.649773400044,1363.6497372000013,1364.0497434000715,1364.1524598000103,1364.1524598000103,h,1,1.2424141999799758,1365.4165911000457,1365.4165911000457,1365.4165911000457,1365.4165911000457,NA,NA,NA,NA,NA,NA,040,001,2024-10-28_13h26.27.110,PsychoPy Exp,2023.1.2,60.01637249326864
Knowledge,TRUE,TB-K,TT_NB,PsychoPyStudy2Stim/TT_NB_1.png,Adam KNOWS there are TWO cubes,2,b,h,2,0,2,2,0,2,0,0,0,NB,-,0,277,277,228,NA,NA,NA,NA,NA,0.00164150004275143,1365.5026012000162,1365.8831585000737,1365.9833177000985,1367.9833266000496,1368.3833061000332,1368.4854394000722,1368.4854394000722,b,1,0.5093724998878315,1369.0163600000087,1369.0163600000087,1369.0163600000087,1369.0163600000087,NA,NA,NA,NA,NA,NA,040,001,2024-10-28_13h26.27.110,PsychoPy Exp,2023.1.2,60.01637249326864
Knowledge,TRUE,TB-K,TD_NB,PsychoPyStudy2Stim/TD_NB_2.png,Adam KNOWS there is ONE cube,1,b,h,2,1,1,2,1,1,0,0,0,NB,-,0,278,278,226,NA,NA,NA,NA,NA,0.00165600003674626,1369.0861931000836,1369.4664082000963,1369.566672300105,1371.5666675000684,1371.966598900035,1372.0687465000665,1372.0687465000665,b,1,1.414702800102532,1373.4999009000603,1373.4999009000603,1373.4999009000603,1373.4999009000603,NA,NA,NA,NA,NA,NA,040,001,2024-10-28_13h26.27.110,PsychoPy Exp,2023.1.2,60.01637249326864
Knowledge,FALSE,TB-K,TT_NB,PsychoPyStudy2Stim/TT_NB_3.png,Adam KNOWS there are ZERO cubes,0,h,b,2,0,2,2,0,2,0,0,0,NB,PropFalse,0,279,279,284,NA,NA,NA,NA,NA,0.00169549998827278,1373.586750600021,1373.9664657000685,1374.0664835000644,1376.0666322000325,1376.4666232001036,1376.5687703000149,1376.5687703000149,h,1,0.7377006999449804,1377.3329762000358,1377.3329762000358,1377.3329762000358,1377.3329762000358,NA,NA,NA,NA,NA,NA,040,001,2024-10-28_13h26.27.110,PsychoPy Exp,2023.1.2,60.01637249326864
Reality,FALSE,FB-Ig,D_B_T,PsychoPyStudy2Stim/D_B_T_4.png,"In REALITY, there are ZERO cubes",0,h,b,2,1,1,1,1,0,1,0,1,B,PropFalse,0,280,280,107,NA,NA,NA,NA,NA,4.425001097843e-4,1377.4115924000507,1377.7831852000672,1377.8831561000552,1379.8833014999982,1380.2831669000443,1380.385392200085,1380.385392200085,h,1,0.6413883999921381,1381.0497037000025,1381.0497037000025,1381.0497037000025,1381.0497037000025,NA,NA,NA,NA,NA,NA,040,001,2024-10-28_13h26.27.110,PsychoPy Exp,2023.1.2,60.01637249326864
Belief,TRUE,FB-Ig,T_B_T,PsychoPyStudy2Stim/T_B_T_4.png,Adam THINKS there is ONE cube,1,b,h,2,0,2,1,0,1,1,0,1,B,-,0,281,281,155,NA,NA,NA,NA,NA,0.00165590003598481,1381.1182046000613,1381.4998764001066,1381.6000416000606,1383.5997317000292,1383.9998651000203,1384.102047100081,1384.102047100081,b,1,0.8923578000394627,1385.0163312000225,1385.0163312000225,1385.0163312000225,1385.0163312000225,NA,NA,NA,NA,NA,NA,040,001,2024-10-28_13h26.27.110,PsychoPy Exp,2023.1.2,60.01637249326864
Knowledge,TRUE,TB-K-B,DD_B,PsychoPyStudy2Stim/DD_B_5.png,Adam KNOWS there are ZERO cubes,0,b,h,2,2,0,2,2,0,0,0,0,B,-,0,282,282,238,NA,NA,NA,NA,NA,5.8410002384334e-4,1385.0898114000447,1385.466442600009,1385.5664760000072,1387.5665907000655,1387.9664810000686,1388.0687244000146,1388.0687244000146,b,1,0.9667205000296236,1389.0664742999943,1389.0664742999943,1389.0664742999943,1389.0664742999943,NA,NA,NA,NA,NA,NA,040,001,2024-10-28_13h26.27.110,PsychoPy Exp,2023.1.2,60.01637249326864
Belief,FALSE,TB-Ig,D_B,PsychoPyStudy2Stim/D_B_3.png,Adam THINKS there is ONE cube,1,h,b,1,1,0,1,1,0,0,0,0,B,PropFalse,0,283,283,182,NA,NA,NA,NA,NA,0.00163150008302181,1389.143644100055,1389.5164771000857,1389.6166402000235,1391.61655720009,1392.016571000102,1392.118594300002,1392.118594300002,h,1,1.3162916000001132,1393.4664607000304,1393.4664607000304,1393.4664607000304,1393.4664607000304,NA,NA,NA,NA,NA,NA,040,001,2024-10-28_13h26.27.110,PsychoPy Exp,2023.1.2,60.01637249326864
Belief,FALSE,TB-K-B,TT_B,PsychoPyStudy2Stim/TT_B_5.png,Adam THINKS there are ZERO cubes,0,h,b,2,0,2,2,0,2,0,0,0,B,PropFalse,0,284,284,192,NA,NA,NA,NA,NA,0.00150799995753914,1393.5634063000325,1393.9331035000505,1394.0332120000385,1396.033225400024,1396.4331839000806,1396.5353523000376,1396.5353523000376,h,1,0.7316471999511123,1397.2830396000063,1397.2830396000063,1397.2830396000063,1397.2830396000063,NA,NA,NA,NA,NA,NA,040,001,2024-10-28_13h26.27.110,PsychoPy Exp,2023.1.2,60.01637249326864
Reality,FALSE,FB-Ig,T_B_T,PsychoPyStudy2Stim/T_B_T_6.png,"In REALITY, there is ONE cube",1,h,b,2,0,2,1,0,1,1,0,1,B,PropFalse,0,285,285,103,NA,NA,NA,NA,NA,0.00177250010892748,1397.385570500046,1397.7663774000248,1397.8665422000922,1399.8665144999975,1400.266534400056,1400.368607700104,1400.368607700104,h,1,0.5622759000398219,1400.9497066000476,1400.9497066000476,1400.9497066000476,1400.9497066000476,NA,NA,NA,NA,NA,NA,040,001,2024-10-28_13h26.27.110,PsychoPy Exp,2023.1.2,60.01637249326864
Knowledge,FALSE,FB-Ig,T_B_T,PsychoPyStudy2Stim/T_B_T_2.png,Adam KNOWS there are TWO cubes,2,h,b,2,0,2,1,0,1,1,0,1,B,PropTrueNoKnowledge,0,286,286,307,NA,NA,NA,NA,NA,0.00147570006083697,1401.022782200016,1401.399718800094,1401.4996666000225,1403.4998818000313,1403.8998682000674,1404.002102700062,1404.002102700062,h,1,1.0324539999710396,1405.0496132000117,1405.0496132000117,1405.0496132000117,1405.0496132000117,NA,NA,NA,NA,NA,NA,040,001,2024-10-28_13h26.27.110,PsychoPy Exp,2023.1.2,60.01637249326864
Belief,TRUE,TB-K,DD_NB,PsychoPyStudy2Stim/DD_NB_2.png,Adam THINKS there are ZERO cubes,0,b,h,2,2,0,2,2,0,0,0,0,NB,-,0,287,287,115,NA,NA,NA,NA,NA,4.4840003829449e-4,1405.117586700013,1405.4997189000717,1405.5998731000582,1407.5997147000162,1407.9996415000642,1408.1021186000437,1408.1021186000437,b,1,1.188264500000514,1409.316445400007,1409.316445400007,1409.316445400007,1409.316445400007,NA,NA,NA,NA,NA,NA,040,001,2024-10-28_13h26.27.110,PsychoPy Exp,2023.1.2,60.01637249326864
Belief,FALSE,TB-K,TT_NB,PsychoPyStudy2Stim/TT_NB_5.png,Adam THINKS there is ONE cube,1,h,b,2,0,2,2,0,2,0,0,0,NB,PropFalse,0,288,288,178,NA,NA,NA,NA,NA,0.00114329997450113,1409.404154399992,1409.7830264000222,1409.8832240001066,1411.8831556000514,1412.283109500073,1412.385251000058,1412.385251000058,h,1,0.6891028999816626,1413.0997440000065,1413.0997440000065,1413.0997440000065,1413.0997440000065,NA,NA,NA,NA,NA,NA,040,001,2024-10-28_13h26.27.110,PsychoPy Exp,2023.1.2,60.01637249326864
Belief,FALSE,TB-Ig,D_B_D,PsychoPyStudy2Stim/D_B_D_1.png,Adam THINKS there is ONE cube,1,h,b,2,2,0,1,1,0,1,1,0,B,PropFalse,0,289,289,184,NA,NA,NA,NA,NA,5.9979991056025e-4,1413.1865591000533,1413.5664258000909,1413.666542500025,1415.6663887000177,1416.066380500095,1416.168602000107,1416.168602000107,h,1,0.8661508000222966,1417.0662619000068,1417.0662619000068,1417.0662619000068,1417.0662619000068,NA,NA,NA,NA,NA,NA,040,001,2024-10-28_13h26.27.110,PsychoPy Exp,2023.1.2,60.01637249326864
Knowledge,FALSE,FB-Ig,T_B_T,PsychoPyStudy2Stim/T_B_T_4.png,Adam KNOWS there are TWO cubes,2,h,b,2,0,2,1,0,1,1,0,1,B,PropTrueNoKnowledge,0,290,290,309,NA,NA,NA,NA,NA,5.7689996901899e-4,1417.1502707001057,1417.532963900012,1417.63298200001,1419.6328687000787,1420.0331102000782,1420.135280400049,1420.135280400049,h,1,0.6193524999544024,1420.7829902000958,1420.7829902000958,1420.7829902000958,1420.7829902000958,NA,NA,NA,NA,NA,NA,040,001,2024-10-28_13h26.27.110,PsychoPy Exp,2023.1.2,60.01637249326864
Reality,FALSE,TB-K,T_NB,PsychoPyStudy2Stim/T_NB_1.png,"In REALITY, there are ZERO cubes",0,h,b,1,0,1,1,0,1,0,0,0,NB,PropFalse,0,291,291,57,NA,NA,NA,NA,NA,0.00151209998875856,1420.8784415000118,1421.2497097000014,1421.3498668000102,1423.3499865001068,1423.749784600106,1423.8520701000234,1423.8520701000234,h,1,0.7507006999803707,1424.6328504000558,1424.6328504000558,1424.6328504000558,1424.6328504000558,NA,NA,NA,NA,NA,NA,040,001,2024-10-28_13h26.27.110,PsychoPy Exp,2023.1.2,60.01637249326864
Knowledge,TRUE,TB-K-B,DD_B,PsychoPyStudy2Stim/DD_B_8.png,Adam KNOWS there are ZERO cubes,0,b,h,2,2,0,2,2,0,0,0,0,B,-,0,292,292,241,NA,NA,NA,NA,NA,0.00147390004713088,1424.714664200088,1425.099578000023,1425.199781900039,1427.1996134000365,1427.5997464000247,1427.7018894000212,1427.7018894000212,b,1,0.9651210999581964,1428.6830808999948,1428.6830808999948,1428.6830808999948,1428.6830808999948,NA,NA,NA,NA,NA,NA,040,001,2024-10-28_13h26.27.110,PsychoPy Exp,2023.1.2,60.01637249326864
Reality,FALSE,TB-Ig,D_B,PsychoPyStudy2Stim/D_B_4.png,"In REALITY, there are TWO cubes",2,h,b,1,1,0,1,1,0,0,0,0,B,PropFalse,0,293,293,75,NA,NA,NA,NA,NA,0.00169479998294264,1428.773081600084,1429.149621700053,1429.2497159000486,1431.2496346000116,1431.6496743001044,1431.7518802999984,1431.7518802999984,h,1,0.5947384999599308,1432.3663554000668,1432.3663554000668,1432.3663554000668,1432.3663554000668,NA,NA,NA,NA,NA,NA,040,001,2024-10-28_13h26.27.110,PsychoPy Exp,2023.1.2,60.01637249326864
Knowledge,FALSE,FB-Ig,T_B_T,PsychoPyStudy2Stim/T_B_T_2.png,Adam KNOWS there are TWO cubes,2,h,b,2,0,2,1,0,1,1,0,1,B,PropTrueNoKnowledge,0,294,294,313,NA,NA,NA,NA,NA,0.00164210004732012,1432.4552852000345,1432.8329548001057,1432.9329744999995,1434.9331120999996,1435.3331700999988,1435.4352087000152,1435.4352087000152,h,1,0.6479691000422463,1436.099611600046,1436.099611600046,1436.099611600046,1436.099611600046,NA,NA,NA,NA,NA,NA,040,001,2024-10-28_13h26.27.110,PsychoPy Exp,2023.1.2,60.01637249326864
Belief,TRUE,TB-K,T_NB,PsychoPyStudy2Stim/T_NB_1.png,Adam THINKS there is ONE cube,1,b,h,1,0,1,1,0,1,0,0,0,NB,-,0,295,295,111,NA,NA,NA,NA,NA,0.00147709995508193,1436.1917836000212,1436.566281200037,1436.6664431000827,1438.6662988000317,1439.0665650001029,1439.1685428000055,1439.1685428000055,b,1,1.186219900031574,1440.3830511000706,1440.3830511000706,1440.3830511000706,1440.3830511000706,NA,NA,NA,NA,NA,NA,040,001,2024-10-28_13h26.27.110,PsychoPy Exp,2023.1.2,60.01637249326864
Reality,FALSE,TB-K-B,DD_B,PsychoPyStudy2Stim/DD_B_13.png,"In REALITY, there are TWO cubes",2,h,b,2,2,0,2,2,0,0,0,0,B,PropFalse,0,296,296,80,NA,NA,NA,NA,NA,0.00165559991728514,1440.464573500096,1440.849393700017,1440.9497414000798,1442.9497909999918,1443.3497090000892,1443.4519510000246,1443.4519510000246,h,1,0.5831858000019565,1444.0661942000734,1444.0661942000734,1444.0661942000734,1444.0661942000734,NA,NA,NA,NA,NA,NA,040,001,2024-10-28_13h26.27.110,PsychoPy Exp,2023.1.2,60.01637249326864
Knowledge,FALSE,TB-K,TD_NB,PsychoPyStudy2Stim/TD_NB_3.png,Adam KNOWS there are TWO cubes,2,h,b,2,1,1,2,1,1,0,0,0,NB,PropFalse,0,297,297,281,NA,NA,NA,NA,NA,4.1730003431439e-4,1444.138002700056,1444.5162444000598,1444.616253400105,1446.6162143000402,1447.0163043000505,1447.1183014001,1447.1183014001,h,1,0.6679532000562176,1447.8163189000916,1447.8163189000916,1447.8163189000916,1447.8163189000916,NA,NA,NA,NA,NA,NA,040,001,2024-10-28_13h26.27.110,PsychoPy Exp,2023.1.2,60.01637249326864
Knowledge,FALSE,FB-Ig,T_B_T,PsychoPyStudy2Stim/T_B_T_5.png,Adam KNOWS there are TWO cubes,2,h,b,2,0,2,1,0,1,1,0,1,B,PropTrueNoKnowledge,0,298,298,310,NA,NA,NA,NA,NA,7.7769998461008e-4,1447.8884818000952,1448.2662480000872,1448.366371500073,1450.3663523000432,1450.7661921000108,1450.8685154000996,1450.8685154000996,h,1,0.9017049999674782,1451.7995228000218,1451.7995228000218,1451.7995228000218,1451.7995228000218,NA,NA,NA,NA,NA,NA,040,001,2024-10-28_13h26.27.110,PsychoPy Exp,2023.1.2,60.01637249326864
Reality,FALSE,TB-K,D_NB,PsychoPyStudy2Stim/D_NB_2.png,"In REALITY, there is ONE cube",1,h,b,1,1,0,1,1,0,0,0,0,NB,PropFalse,0,299,299,55,NA,NA,NA,NA,NA,5.7449995074421e-4,1451.8838777000783,1452.2662300000666,1452.366343800095,1454.3663544000592,1454.7662488000933,1454.868501100107,1454.868501100107,h,1,0.9826674000360072,1455.882966300007,1455.882966300007,1455.882966300007,1455.882966300007,NA,NA,NA,NA,NA,NA,040,001,2024-10-28_13h26.27.110,PsychoPy Exp,2023.1.2,60.01637249326864
Knowledge,TRUE,TB-K-B,TT_B,PsychoPyStudy2Stim/TT_B_13.png,Adam KNOWS there are TWO cubes,2,b,h,2,0,2,2,0,2,0,0,0,B,-,0,300,300,246,NA,NA,NA,NA,NA,0.00165099999867379,1455.9649438000051,1456.349561400013,1456.4497121000895,1458.449548000004,1458.8496292000636,1458.9518782000523,1458.9518782000523,b,1,0.6834144999738783,1459.6660542000318,1459.6660542000318,1459.6660542000318,1459.6660542000318,NA,NA,NA,NA,NA,NA,040,001,2024-10-28_13h26.27.110,PsychoPy Exp,2023.1.2,60.01637249326864
Belief,FALSE,TB-K,T_NB,PsychoPyStudy2Stim/T_NB_2.png,Adam THINKS there are TWO cubes,2,h,b,1,0,1,1,0,1,0,0,0,NB,PropFalse,0,301,301,166,NA,NA,NA,NA,NA,4.1529990267008e-4,1459.7383666000096,1460.1162302000448,1460.2163637001067,1462.216253300081,1462.6163237000585,1462.7183404000243,1462.7183404000243,h,1,0.5561902000335976,1463.2993227000115,1463.2993227000115,1463.2993227000115,1463.2993227000115,NA,NA,NA,NA,NA,NA,040,001,2024-10-28_13h26.27.110,PsychoPy Exp,2023.1.2,60.01637249326864
Belief,TRUE,TB-Ig,D_B,PsychoPyStudy2Stim/D_B_3.png,Adam THINKS there are ZERO cubes,0,b,h,1,1,0,1,1,0,0,0,0,B,-,0,302,302,128,NA,NA,NA,NA,NA,0.00177840003743767,1463.371499300003,1463.7496125000762,1463.8496864000335,1465.849520300049,1466.2495264000029,1466.3517178000184,1466.3517178000184,b,1,1.106512499973178,1467.4828564000782,1467.4828564000782,1467.4828564000782,1467.4828564000782,NA,NA,NA,NA,NA,NA,040,001,2024-10-28_13h26.27.110,PsychoPy Exp,2023.1.2,60.01637249326864
Reality,FALSE,TB-K,DD_NB,PsychoPyStudy2Stim/DD_NB_3.png,"In REALITY, there are TWO cubes",2,h,b,2,2,0,2,2,0,0,0,0,NB,PropFalse,0,303,303,62,NA,NA,NA,NA,NA,7.5829995330423e-4,1467.5587137000402,1467.9328681000045,1468.0327800000086,1470.032814300037,1470.4328601000598,1470.5350779000437,1470.5350779000437,h,1,0.5073829999892041,1471.0661718000192,1471.0661718000192,1471.0661718000192,1471.0661718000192,NA,NA,NA,NA,NA,NA,040,001,2024-10-28_13h26.27.110,PsychoPy Exp,2023.1.2,60.01637249326864
Knowledge,FALSE,TB-K,T_NB,PsychoPyStudy2Stim/T_NB_3.png,Adam KNOWS there are TWO cubes,2,h,b,1,0,1,1,0,1,0,0,0,NB,PropFalse,0,304,304,275,NA,NA,NA,NA,NA,0.00147490005474537,1471.1519174000714,1471.532847100054,1471.632790200063,1473.6326980000597,1474.032918700017,1474.1351899000583,1474.1351899000583,h,1,0.923049799981527,1475.0828173001064,1475.0828173001064,1475.0828173001064,1475.0828173001064,NA,NA,NA,NA,NA,NA,040,001,2024-10-28_13h26.27.110,PsychoPy Exp,2023.1.2,60.01637249326864
Reality,FALSE,TB-K,TT_NB,PsychoPyStudy2Stim/TT_NB_4.png,"In REALITY, there is ONE cube",1,h,b,2,0,2,2,0,2,0,0,0,NB,PropFalse,0,305,305,69,NA,NA,NA,NA,NA,0.0014946999726817,1475.1888913000005,1475.5661784000697,1475.6663013000507,1477.6661998000927,1478.0662189000286,1478.1685213000746,1478.1685213000746,h,1,0.7219700000714511,1478.9162758000894,1478.9162758000894,1478.9162758000894,1478.9162758000894,NA,NA,NA,NA,NA,NA,040,001,2024-10-28_13h26.27.110,PsychoPy Exp,2023.1.2,60.01637249326864
Reality,FALSE,TB-K,T_NB,PsychoPyStudy2Stim/T_NB_2.png,"In REALITY, there are TWO cubes",2,h,b,1,0,1,1,0,1,0,0,0,NB,PropFalse,0,306,306,58,NA,NA,NA,NA,NA,0.00167199992574751,1479.0042947001057,1479.3828220000723,1479.482789700036,1481.482969900011,1481.8828476000344,1481.9850159999914,1481.9850159999914,h,1,0.5851470000343397,1482.5993552000728,1482.5993552000728,1482.5993552000728,1482.5993552000728,NA,NA,NA,NA,NA,NA,040,001,2024-10-28_13h26.27.110,PsychoPy Exp,2023.1.2,60.01637249326864
Reality,TRUE,TB-K,DD_NB,PsychoPyStudy2Stim/DD_NB_2.png,"In REALITY, there are ZERO cubes",0,b,h,2,2,0,2,2,0,0,0,0,NB,-,0,307,307,7,NA,NA,NA,NA,NA,8.6839997675269e-4,1482.6682921000756,1483.049155100016,1483.1493317000568,1485.1495730000315,1485.5497111000586,1485.6516876000678,1485.6516876000678,b,1,0.9427434001117944,1486.616213100031,1486.616213100031,1486.616213100031,1486.616213100031,NA,NA,NA,NA,NA,NA,040,001,2024-10-28_13h26.27.110,PsychoPy Exp,2023.1.2,60.01637249326864
Reality,FALSE,FB-Ig,T_B_T,PsychoPyStudy2Stim/T_B_T_2.png,"In REALITY, there is ONE cube",1,h,b,2,0,2,1,0,1,1,0,1,B,PropFalse,0,308,308,93,NA,NA,NA,NA,NA,0.00165500002913177,1486.707280300092,1487.0828484999947,1487.1829136000017,1489.1829271001045,1489.5828279000707,1489.6851215000495,1489.6851215000495,h,1,1.1893412999343127,1490.8995571000269,1490.8995571000269,1490.8995571000269,1490.8995571000269,NA,NA,NA,NA,NA,NA,040,001,2024-10-28_13h26.27.110,PsychoPy Exp,2023.1.2,60.01637249326864
Belief,TRUE,TB-K-B,TT_B,PsychoPyStudy2Stim/TT_B_8.png,Adam THINKS there are TWO cubes,2,b,h,2,0,2,2,0,2,0,0,0,B,-,0,309,309,141,NA,NA,NA,NA,NA,0.00174840004183352,1490.979942200007,1491.3494888000423,1491.4496121000266,1493.4493638999993,1493.8494248000206,1493.9518364000833,1493.9518364000833,b,1,0.8667213999433443,1494.8492824001005,1494.8492824001005,1494.8492824001005,1494.8492824001005,NA,NA,NA,NA,NA,NA,040,001,2024-10-28_13h26.27.110,PsychoPy Exp,2023.1.2,60.01637249326864
Belief,FALSE,TB-K,T_NB,PsychoPyStudy2Stim/T_NB_3.png,Adam THINKS there are TWO cubes,2,h,b,1,0,1,1,0,1,0,0,0,NB,PropFalse,0,310,310,167,NA,NA,NA,NA,NA,0.00171560002490878,1494.9293687000172,1495.2995268000525,1495.399476999999,1497.399679300026,1497.7995535000227,1497.901611300069,1497.901611300069,h,1,0.5814209000673145,1498.499524700106,1498.499524700106,1498.499524700106,1498.499524700106,NA,NA,NA,NA,NA,NA,040,001,2024-10-28_13h26.27.110,PsychoPy Exp,2023.1.2,60.01637249326864
Belief,TRUE,TB-K,D_NB,PsychoPyStudy2Stim/D_NB_1.png,Adam THINKS there are ZERO cubes,0,b,h,1,1,0,1,1,0,0,0,0,NB,-,0,311,311,108,NA,NA,NA,NA,NA,0.00168430001940578,1498.579673900036,1498.9494302000385,1499.049561800086,1501.0494491000427,1501.449548900011,1501.5516717000864,1501.5516717000864,b,1,1.571033400017768,1503.1494951000204,1503.1494951000204,1503.1494951000204,1503.1494951000204,NA,NA,NA,NA,NA,NA,040,001,2024-10-28_13h26.27.110,PsychoPy Exp,2023.1.2,60.01637249326864
Knowledge,TRUE,TB-K-B,DD_B,PsychoPyStudy2Stim/DD_B_7.png,Adam KNOWS there are ZERO cubes,0,b,h,2,2,0,2,2,0,0,0,0,B,-,0,312,312,240,NA,NA,NA,NA,NA,0.00164499995298683,1503.2368961001048,1503.6161050000228,1503.716182300006,1505.716305400012,1506.116259100032,1506.2184034000384,1506.2184034000384,b,1,0.8718631999799982,1507.1158857000992,1507.1158857000992,1507.1158857000992,1507.1158857000992,NA,NA,NA,NA,NA,NA,040,001,2024-10-28_13h26.27.110,PsychoPy Exp,2023.1.2,60.01637249326864
Knowledge,FALSE,TB-K,TT_NB,PsychoPyStudy2Stim/TT_NB_5.png,Adam KNOWS there is ONE cube,1,h,b,2,0,2,2,0,2,0,0,0,NB,PropFalse,0,313,313,286,NA,NA,NA,NA,NA,0.00166109995916485,1507.1839013000715,1507.5660661000293,1507.6662412000587,1509.6661851000972,1510.0660919999937,1510.1682377000106,1510.1682377000106,h,1,0.6417545999865979,1510.8326920000836,1510.8326920000836,1510.8326920000836,1510.8326920000836,NA,NA,NA,NA,NA,NA,040,001,2024-10-28_13h26.27.110,PsychoPy Exp,2023.1.2,60.01637249326864
Belief,TRUE,TB-Ig,D_B_D,PsychoPyStudy2Stim/D_B_D_2.png,Adam THINKS there are ZERO cubes,0,b,h,2,2,0,1,1,0,1,1,0,B,-,0,314,314,131,NA,NA,NA,NA,NA,6.7750003654509e-4,1510.9259068000829,1511.299378600088,1511.399622100056,1513.399585900013,1513.7995226000205,1513.9016681000355,1513.9016681000355,b,1,1.372434000018984,1515.2993678000057,1515.2993678000057,1515.2993678000057,1515.2993678000057,NA,NA,NA,NA,NA,NA,040,001,2024-10-28_13h26.27.110,PsychoPy Exp,2023.1.2,60.01637249326864
Knowledge,FALSE,FB-Ig,T_B_T,PsychoPyStudy2Stim/T_B_T_2.png,Adam KNOWS there is ONE cube,1,h,b,2,0,2,1,0,1,1,0,1,B,PropFalse,0,315,315,301,NA,NA,NA,NA,NA,0.0015039999270811599,1515.3959049000405,1515.765887400019,1515.8658904000183,1517.866022500093,1518.2658777000615,1518.368092400022,1518.368092400022,h,1,1.401899699936621,1519.7991487000836,1519.7991487000836,1519.7991487000836,1519.7991487000836,NA,NA,NA,NA,NA,NA,040,001,2024-10-28_13h26.27.110,PsychoPy Exp,2023.1.2,60.01637249326864
Reality,TRUE,TB-K,TT_NB,PsychoPyStudy2Stim/TT_NB_2.png,"In REALITY, there are TWO cubes",2,b,h,2,0,2,2,0,2,0,0,0,NB,-,0,316,316,13,NA,NA,NA,NA,NA,4.7250010538846e-4,1519.8797525000991,1520.2490148000652,1520.3491713000694,1522.3492766000563,1522.7491761000128,1522.851461000042,1522.851461000042,b,1,0.7424983999226242,1523.6157590000655,1523.6157590000655,1523.6157590000655,1523.6157590000655,NA,NA,NA,NA,NA,NA,040,001,2024-10-28_13h26.27.110,PsychoPy Exp,2023.1.2,60.01637249326864
Knowledge,FALSE,TB-K,TT_NB,PsychoPyStudy2Stim/TT_NB_6.png,Adam KNOWS there is ONE cube,1,h,b,2,0,2,2,0,2,0,0,0,NB,PropFalse,0,317,317,287,NA,NA,NA,NA,NA,4.3010001536458e-4,1523.6925959000364,1524.0657776000444,1524.1660626000958,1526.1658467000816,1526.5658493000085,1526.6687191000674,1526.6687191000674,h,1,0.6772721998859197,1527.3657174000982,1527.3657174000982,1527.3657174000982,1527.3657174000982,NA,NA,NA,NA,NA,NA,040,001,2024-10-28_13h26.27.110,PsychoPy Exp,2023.1.2,60.01637249326864
Reality,TRUE,TB-Ig,D_B,PsychoPyStudy2Stim/D_B_4.png,"In REALITY, there are ZERO cubes",0,b,h,1,1,0,1,1,0,0,0,0,B,-,0,318,318,21,NA,NA,NA,NA,NA,4.0939997415989e-4,1527.443692300003,1527.8157138000242,1527.9159739000024,1529.9161878000014,1530.3163918000646,1530.4189059000928,1530.4189059000928,b,1,0.5990385999903083,1531.049106499995,1531.049106499995,1531.049106499995,1531.049106499995,NA,NA,NA,NA,NA,NA,040,001,2024-10-28_13h26.27.110,PsychoPy Exp,2023.1.2,60.01637249326864
Knowledge,TRUE,TB-K,TD_NB,PsychoPyStudy2Stim/TD_NB_3.png,Adam KNOWS there is ONE cube,1,b,h,2,1,1,2,1,1,0,0,0,NB,-,0,319,319,227,NA,NA,NA,NA,NA,4.0300004184246e-4,1531.1206977000693,1531.4991439000005,1531.5990988000997,1533.5991128000896,1533.9991963000502,1534.1021870000986,1534.1021870000986,b,1,0.82770109991543,1534.9490204000613,1534.9490204000613,1534.9490204000613,1534.9490204000613,NA,NA,NA,NA,NA,NA,040,001,2024-10-28_13h26.27.110,PsychoPy Exp,2023.1.2,60.01637249326864
Knowledge,FALSE,TB-Ig,D_B_D,PsychoPyStudy2Stim/D_B_D_2.png,Adam KNOWS there are ZERO cubes,0,h,b,2,2,0,1,1,0,1,1,0,B,PropTrueNoKnowledge,0,320,320,293,NA,NA,NA,NA,NA,3.852000227198e-4,1535.020221700077,1535.3990941999946,1535.4991610000145,1537.4992634000955,1537.8993494000752,1538.0022471999982,1538.0022471999982,h,1,1.4717454999918118,1539.4991357000545,1539.4991357000545,1539.4991357000545,1539.4991357000545,NA,NA,NA,NA,NA,NA,040,001,2024-10-28_13h26.27.110,PsychoPy Exp,2023.1.2,60.01637249326864
Knowledge,FALSE,TB-K,TD_NB,PsychoPyStudy2Stim/TD_NB_1.png,Adam KNOWS there are ZERO cubes,0,h,b,2,1,1,2,1,1,0,0,0,NB,PropFalse,0,321,321,279,NA,NA,NA,NA,NA,4.3570005800575e-4,1539.581231100019,1539.965683900053,1540.0658435000803,1542.066030899994,1542.4659357999917,1542.569230700028,1542.569230700028,h,1,1.0246908999979496,1543.6156787000364,1543.6156787000364,1543.6156787000364,1543.6156787000364,NA,NA,NA,NA,NA,NA,040,001,2024-10-28_13h26.27.110,PsychoPy Exp,2023.1.2,60.01637249326864
Knowledge,TRUE,TB-K,D_NB,PsychoPyStudy2Stim/D_NB_2.png,Adam KNOWS there are ZERO cubes,0,b,h,1,1,0,1,1,0,0,0,0,NB,-,0,322,322,217,NA,NA,NA,NA,NA,3.8930005393922e-4,1543.6877523000585,1544.065801699995,1544.1658404000336,1546.1658749000635,1546.5658231000416,1546.6680935000768,1546.6680935000768,b,1,0.9823884000070392,1547.665726000094,1547.665726000094,1547.665726000094,1547.665726000094,NA,NA,NA,NA,NA,NA,040,001,2024-10-28_13h26.27.110,PsychoPy Exp,2023.1.2,60.01637249326864
Knowledge,FALSE,FB-Ig,T_B_T,PsychoPyStudy2Stim/T_B_T_5.png,Adam KNOWS there are TWO cubes,2,h,b,2,0,2,1,0,1,1,0,1,B,PropTrueNoKnowledge,0,323,323,316,NA,NA,NA,NA,NA,3.9089994970709e-4,1547.7409731000662,1548.115685600089,1548.215777500067,1550.2160487000365,1550.6159663000144,1550.7183101000264,1550.7183101000264,h,1,0.6756595999468118,1551.4159583,1551.4159583,1551.4159583,1551.4159583,NA,NA,NA,NA,NA,NA,040,001,2024-10-28_13h26.27.110,PsychoPy Exp,2023.1.2,60.01637249326864
NA,NA,NA,NA,NA,NA,NA,NA,NA,NA,NA,NA,NA,NA,NA,NA,NA,NA,NA,NA,NA,NA,NA,NA,NA,NA,NA,NA,NA,NA,NA,NA,NA,NA,NA,NA,NA,NA,NA,NA,NA,NA,NA,NA,NA,NA,1551.4159583,1552.416169000091,space,1.8900800999253988,040,001,2024-10-28_13h26.27.110,PsychoPy Exp,2023.1.2,60.01637249326864
