Condition,TrueFalse,Scenario,StimType,Stimulus,Statement,StatementNum,CorAnsEven,CorAnsOdd,TotalObjects,TotalDistractors,TotalTargets,VisibleObjects,VisibleDistractors,VisibleTargets,HiddenObjects,HiddenDistractors,HiddenTargets,Barrier,WhyFalse,ExpTrial.thisRepN,ExpTrial.thisTrialN,ExpTrial.thisN,ExpTrial.thisIndex,ExpIntroText.started,ExpIntroPressSPACEText.started,ExpIntroPressSPACE.started,ExpIntroPressSPACE.keys,ExpIntroPressSPACE.rt,ExpISI.started,ExpPrimerText.started,ExpPrimerText.stopped,ExpText.started,ExpImagePrimer.started,ExpImagePrimer.stopped,ExpImage.started,ExpResponse.started,ExpResponse.keys,ExpResponse.corr,ExpResponse.rt,BreakTextPrompt.started,BreakTextPrompt.stopped,BreakTextKeyResponse.started,BreakTextKeyResponse.stopped,BreakTextKeyResponse.keys,BreakTextKeyResponse.rt,ExpEndText.started,ExpEndPressSPACE.started,ExpEndPressSPACE.keys,ExpEndPressSPACE.rt,participant,session,date,expName,psychopyVersion,frameRate
NA,NA,NA,NA,NA,NA,NA,NA,NA,NA,NA,NA,NA,NA,NA,NA,NA,NA,NA,NA,NA,NA,NA,NA,25.357133000157773,27.33159859990701,27.33159859990701,space,12.581448100041598,NA,NA,NA,NA,NA,NA,NA,NA,NA,NA,NA,NA,NA,NA,NA,NA,NA,NA,NA,NA,NA,025,001,2024-10-15_11h01.48.847,PsychoPy Exp,2023.1.2,59.97576988375013
Knowledge,TRUE,TB-K-B,TT_B,PsychoPyStudy2Stim/TT_B_18.png,Adam KNOWS there are TWO cubes,2,b,h,2,0,2,2,0,2,0,0,0,B,-,0,0,0,251,NA,NA,NA,NA,NA,0.21492729987949133,40.225299099925905,40.59713520016521,40.69752850010991,42.697487799916416,43.09743969980627,43.24155770009384,43.24155770009384,h,1,1.0150967999361455,44.28046179981902,44.28046179981902,44.28046179981902,44.28046179981902,NA,NA,NA,NA,NA,NA,025,001,2024-10-15_11h01.48.847,PsychoPy Exp,2023.1.2,59.97576988375013
Knowledge,FALSE,TB-K,TT_NB,PsychoPyStudy2Stim/TT_NB_2.png,Adam KNOWS there are ZERO cubes,0,h,b,2,0,2,2,0,2,0,0,0,NB,PropFalse,0,1,1,283,NA,NA,NA,NA,NA,3.9969990029931e-4,44.35648200009018,44.73067250009626,44.83080430002883,46.83074750006199,47.23061119997874,47.33286439999938,47.33286439999938,b,1,0.9959165998734534,48.34712770022452,48.34712770022452,48.34712770022452,48.34712770022452,NA,NA,NA,NA,NA,NA,025,001,2024-10-15_11h01.48.847,PsychoPy Exp,2023.1.2,59.97576988375013
Knowledge,FALSE,FB-Ig,D_B_T,PsychoPyStudy2Stim/D_B_T_4.png,Adam KNOWS there is ONE cube,1,h,b,2,1,1,1,1,0,1,0,1,B,PropTrueNoKnowledge,0,2,2,321,NA,NA,NA,NA,NA,6.4710015431046e-4,48.42354660015553,48.79729939997196,48.897349500097334,50.89741569990292,51.29734440008178,51.39949200022966,51.39949200022966,b,1,1.8254167004488409,53.247384999878705,53.247384999878705,53.247384999878705,53.247384999878705,NA,NA,NA,NA,NA,NA,025,001,2024-10-15_11h01.48.847,PsychoPy Exp,2023.1.2,59.97576988375013
Knowledge,FALSE,TB-K,TT_NB,PsychoPyStudy2Stim/TT_NB_1.png,Adam KNOWS there are ZERO cubes,0,h,b,2,0,2,2,0,2,0,0,0,NB,PropFalse,0,3,3,282,NA,NA,NA,NA,NA,0.00238260021433234,53.34031629981473,53.71395910019055,53.814101399853826,55.813920500222594,56.21393269998953,56.316235799808055,56.316235799808055,b,1,0.7972685997374356,57.1303293001838,57.1303293001838,57.1303293001838,57.1303293001838,NA,NA,NA,NA,NA,NA,025,001,2024-10-15_11h01.48.847,PsychoPy Exp,2023.1.2,59.97576988375013
Reality,TRUE,FB-Ig,T_B_T,PsychoPyStudy2Stim/T_B_T_6.png,"In REALITY, there are TWO cubes",2,b,h,2,0,2,1,0,1,1,0,1,B,-,0,4,4,49,NA,NA,NA,NA,NA,5.514002405107e-4,57.20485439989716,57.58026590012014,57.680443400051445,59.68039450002834,60.08044990012422,60.18267189990729,60.18267189990729,h,1,1.0178061001934111,61.230447500012815,61.230447500012815,61.230447500012815,61.230447500012815,NA,NA,NA,NA,NA,NA,025,001,2024-10-15_11h01.48.847,PsychoPy Exp,2023.1.2,59.97576988375013
Knowledge,FALSE,TB-Ig,D_B_D,PsychoPyStudy2Stim/D_B_D_2.png,Adam KNOWS there are ZERO cubes,0,h,b,2,2,0,1,1,0,1,1,0,B,PropTrueNoKnowledge,0,5,5,293,NA,NA,NA,NA,NA,0.00233100028708577,61.30510970018804,61.6806410998106,61.78064619982615,63.780729399994016,64.1805920000188,64.28285450022668,64.28285450022668,b,1,2.606019000057131,66.9136295998469,66.9136295998469,66.9136295998469,66.9136295998469,NA,NA,NA,NA,NA,NA,025,001,2024-10-15_11h01.48.847,PsychoPy Exp,2023.1.2,59.97576988375013
Knowledge,TRUE,TB-K-B,TD_B,PsychoPyStudy2Stim/TD_B_11.png,Adam KNOWS there is ONE cube,1,b,h,2,1,1,2,1,1,0,0,0,B,-,0,6,6,268,NA,NA,NA,NA,NA,0.00121799996122717,66.99518790002912,67.38040840020403,67.48036890011281,69.48053660010919,69.88054590020329,69.98273980012164,69.98273980012164,h,1,0.8823540997691453,70.88049199990928,70.88049199990928,70.88049199990928,70.88049199990928,NA,NA,NA,NA,NA,NA,025,001,2024-10-15_11h01.48.847,PsychoPy Exp,2023.1.2,59.97576988375013
Belief,FALSE,FB-Ig,D_B_T,PsychoPyStudy2Stim/D_B_T_3.png,Adam THINKS there is ONE cube,1,h,b,2,1,1,1,1,0,1,0,1,B,PropTrueNoBelief,0,7,7,214,NA,NA,NA,NA,NA,0.00105099985376,70.95614140015095,71.33054730016738,71.43069559987634,73.43066120008007,73.83066560002044,73.9326502000913,73.9326502000913,b,1,2.0922482004389167,76.04726759996265,76.04726759996265,76.04726759996265,76.04726759996265,NA,NA,NA,NA,NA,NA,025,001,2024-10-15_11h01.48.847,PsychoPy Exp,2023.1.2,59.97576988375013
Belief,FALSE,TB-Ig,D_B,PsychoPyStudy2Stim/D_B_3.png,Adam THINKS there is ONE cube,1,h,b,1,1,0,1,1,0,0,0,0,B,PropFalse,0,8,8,182,NA,NA,NA,NA,NA,0.00234489981085062,76.12474879994988,76.49718229984865,76.59732329985127,78.59720609989017,78.99717989983037,79.09947959985584,79.09947959985584,b,1,0.6932932999916375,79.8138791997917,79.8138791997917,79.8138791997917,79.8138791997917,NA,NA,NA,NA,NA,NA,025,001,2024-10-15_11h01.48.847,PsychoPy Exp,2023.1.2,59.97576988375013
Belief,TRUE,FB-Ig,T_B_T,PsychoPyStudy2Stim/T_B_T_6.png,Adam THINKS there is ONE cube,1,b,h,2,0,2,1,0,1,1,0,1,B,-,0,9,9,157,NA,NA,NA,NA,NA,0.0023191999644041,79.90578899998218,80.28056629979983,80.3806512998417,82.38064040010795,82.78062350023538,82.88273670012131,82.88273670012131,h,1,0.7022301000542939,83.61391610000283,83.61391610000283,83.61391610000283,83.61391610000283,NA,NA,NA,NA,NA,NA,025,001,2024-10-15_11h01.48.847,PsychoPy Exp,2023.1.2,59.97576988375013
Knowledge,FALSE,FB-Ig,T_B_T,PsychoPyStudy2Stim/T_B_T_1.png,Adam KNOWS there are TWO cubes,2,h,b,2,0,2,1,0,1,1,0,1,B,PropTrueNoKnowledge,0,10,10,306,NA,NA,NA,NA,NA,0.00230660010129213,83.69145009992644,84.06384130008519,84.16378059983253,86.1639431999065,86.56400620006025,86.66605720017105,86.66605720017105,b,1,1.7904723999090493,88.48049490014091,88.48049490014091,88.48049490014091,88.48049490014091,NA,NA,NA,NA,NA,NA,025,001,2024-10-15_11h01.48.847,PsychoPy Exp,2023.1.2,59.97576988375013
Reality,TRUE,TB-K,TD_NB,PsychoPyStudy2Stim/TD_NB_3.png,"In REALITY, there is ONE cube",1,b,h,2,1,1,2,1,1,0,0,0,NB,-,0,11,11,11,NA,NA,NA,NA,NA,0.00112659996375441,88.58134229993448,88.96382360020652,89.06397819984704,91.06388030014932,91.46400720020756,91.56595670012756,91.56595670012756,h,1,0.690848299767822,92.28057100018486,92.28057100018486,92.28057100018486,92.28057100018486,NA,NA,NA,NA,NA,NA,025,001,2024-10-15_11h01.48.847,PsychoPy Exp,2023.1.2,59.97576988375013
Knowledge,FALSE,TB-Ig,D_B,PsychoPyStudy2Stim/D_B_3.png,Adam KNOWS there are ZERO cubes,0,h,b,1,1,0,1,1,0,0,0,0,B,PropTrueNoKnowledge,0,12,12,290,NA,NA,NA,NA,NA,0.0018691997975111,92.37055630004032,92.74713859986514,92.84728980017826,94.84721929999068,95.24727049982177,95.34932949999347,95.34932949999347,h,0,1.707531100139022,97.08032969990744,97.08032969990744,97.08032969990744,97.08032969990744,NA,NA,NA,NA,NA,NA,025,001,2024-10-15_11h01.48.847,PsychoPy Exp,2023.1.2,59.97576988375013
Reality,FALSE,TB-K-B,TD_B,PsychoPyStudy2Stim/TD_B_6.png,"In REALITY, there are ZERO cubes",0,h,b,2,1,1,2,1,1,0,0,0,B,PropFalse,0,13,13,89,NA,NA,NA,NA,NA,0.00182030024006962,97.15603379998356,97.53048759978265,97.63055109977722,99.63038429990412,100.03050770005213,100.13256209995598,100.13256209995598,b,1,2.652255500201136,102.81381860002875,102.81381860002875,102.81381860002875,102.81381860002875,NA,NA,NA,NA,NA,NA,025,001,2024-10-15_11h01.48.847,PsychoPy Exp,2023.1.2,59.97576988375013
Reality,TRUE,TB-K,T_NB,PsychoPyStudy2Stim/T_NB_1.png,"In REALITY, there is ONE cube",1,b,h,1,0,1,1,0,1,0,0,0,NB,-,0,14,14,3,NA,NA,NA,NA,NA,0.00185600016266107,102.90240010013804,103.2804211000912,103.38055530004203,105.38054249994455,105.78052099980414,105.88253509998322,105.88253509998322,h,1,0.8061873000115156,106.71374240005387,106.71374240005387,106.71374240005387,106.71374240005387,NA,NA,NA,NA,NA,NA,025,001,2024-10-15_11h01.48.847,PsychoPy Exp,2023.1.2,59.97576988375013
Knowledge,FALSE,TB-K,T_NB,PsychoPyStudy2Stim/T_NB_1.png,Adam KNOWS there are ZERO cubes,0,h,b,1,0,1,1,0,1,0,0,0,NB,PropFalse,0,15,15,273,NA,NA,NA,NA,NA,0.00161570031195878,106.78373409993948,107.16375500010328,107.26390019990504,109.26391359977424,109.66386809991673,109.76601599995048,109.76601599995048,b,1,1.171671500429511,110.96373960003255,110.96373960003255,110.96373960003255,110.96373960003255,NA,NA,NA,NA,NA,NA,025,001,2024-10-15_11h01.48.847,PsychoPy Exp,2023.1.2,59.97576988375013
Reality,FALSE,FB-Ig,T_B_T,PsychoPyStudy2Stim/T_B_T_1.png,"In REALITY, there is ONE cube",1,h,b,2,0,2,1,0,1,1,0,1,B,PropFalse,0,16,16,98,NA,NA,NA,NA,NA,0.00165880005806684,111.05394779983908,111.43036000011487,111.5304982000962,113.53047990007326,113.93042409978808,114.03256700001656,114.03256700001656,b,1,1.559937400277704,115.61367749981582,115.61367749981582,115.61367749981582,115.61367749981582,NA,NA,NA,NA,NA,NA,025,001,2024-10-15_11h01.48.847,PsychoPy Exp,2023.1.2,59.97576988375013
Knowledge,FALSE,TB-K-B,TT_B,PsychoPyStudy2Stim/TT_B_14.png,Adam KNOWS there is ONE cube,1,h,b,2,0,2,2,0,2,0,0,0,B,PropFalse,0,17,17,298,NA,NA,NA,NA,NA,8.5420021787285e-4,115.69173379987478,116.06368419993667,116.16383909992874,118.16370469983669,118.56379880011082,118.66580200009048,118.66580200009048,b,1,1.302778100129217,119.99686650000513,119.99686650000513,119.99686650000513,119.99686650000513,NA,NA,NA,NA,NA,NA,025,001,2024-10-15_11h01.48.847,PsychoPy Exp,2023.1.2,59.97576988375013
Belief,FALSE,TB-Ig,D_B_D,PsychoPyStudy2Stim/D_B_D_2.png,Adam THINKS there is ONE cube,1,h,b,2,2,0,1,1,0,1,1,0,B,PropFalse,0,18,18,185,NA,NA,NA,NA,NA,8.8179996237158e-4,120.07328310003504,120.44702810002492,120.54713999992236,122.54699489986524,122.9471209999174,123.04922189982608,123.04922189982608,b,1,0.7110982998274267,123.78023440018296,123.78023440018296,123.78023440018296,123.78023440018296,NA,NA,NA,NA,NA,NA,025,001,2024-10-15_11h01.48.847,PsychoPy Exp,2023.1.2,59.97576988375013
Belief,FALSE,TB-K-B,TT_B,PsychoPyStudy2Stim/TT_B_7.png,Adam THINKS there are ZERO cubes,0,h,b,2,0,2,2,0,2,0,0,0,B,PropFalse,0,19,19,194,NA,NA,NA,NA,NA,4.8879999667406e-4,123.8598732999526,124.23035119986162,124.33043990004808,126.33046310022472,126.730452099815,126.83262499980628,126.83262499980628,b,1,0.9756284998729824,127.83003409998491,127.83003409998491,127.83003409998491,127.83003409998491,NA,NA,NA,NA,NA,NA,025,001,2024-10-15_11h01.48.847,PsychoPy Exp,2023.1.2,59.97576988375013
Knowledge,TRUE,TB-K-B,DD_B,PsychoPyStudy2Stim/DD_B_7.png,Adam KNOWS there are ZERO cubes,0,b,h,2,2,0,2,2,0,0,0,0,B,-,0,20,20,240,NA,NA,NA,NA,NA,5.0260033458471e-4,127.9176718001254,128.29680859996006,128.39686969993636,130.3971644002013,130.79697579983622,130.89917720016092,130.89917720016092,h,1,1.4052475998178124,132.33024229994044,132.33024229994044,132.33024229994044,132.33024229994044,NA,NA,NA,NA,NA,NA,025,001,2024-10-15_11h01.48.847,PsychoPy Exp,2023.1.2,59.97576988375013
Reality,TRUE,TB-K-B,TD_B,PsychoPyStudy2Stim/TD_B_5.png,"In REALITY, there is ONE cube",1,b,h,2,1,1,2,1,1,0,0,0,B,-,0,21,21,34,NA,NA,NA,NA,NA,0.00116079999133944,132.41583310021088,132.79696010006592,132.89691630005836,134.8970391000621,135.29706809995696,135.39908650005236,135.39908650005236,h,1,0.7614343003369868,136.18037539999932,136.18037539999932,136.18037539999932,136.18037539999932,NA,NA,NA,NA,NA,NA,025,001,2024-10-15_11h01.48.847,PsychoPy Exp,2023.1.2,59.97576988375013
Reality,TRUE,FB-Ig,T_B_T,PsychoPyStudy2Stim/T_B_T_1.png,"In REALITY, there are TWO cubes",2,b,h,2,0,2,1,0,1,1,0,1,B,-,0,22,22,38,NA,NA,NA,NA,NA,0.00186949968338012,136.2722037998028,136.64695899980143,136.74707619985566,138.74701760010794,139.147074600216,139.24918169993907,139.24918169993907,h,1,0.6234695999883115,139.89702680008486,139.89702680008486,139.89702680008486,139.89702680008486,NA,NA,NA,NA,NA,NA,025,001,2024-10-15_11h01.48.847,PsychoPy Exp,2023.1.2,59.97576988375013
Knowledge,TRUE,TB-K,TD_NB,PsychoPyStudy2Stim/TD_NB_3.png,Adam KNOWS there is ONE cube,1,b,h,2,1,1,2,1,1,0,0,0,NB,-,0,23,23,227,NA,NA,NA,NA,NA,0.00208690017461776,139.98853550013155,140.3635900001973,140.4637171002105,142.46373439999297,142.86366150015965,142.96580839995295,142.96580839995295,h,1,0.7147307000122964,143.69681990006941,143.69681990006941,143.69681990006941,143.69681990006941,NA,NA,NA,NA,NA,NA,025,001,2024-10-15_11h01.48.847,PsychoPy Exp,2023.1.2,59.97576988375013
Reality,FALSE,TB-K-B,DD_B,PsychoPyStudy2Stim/DD_B_16.png,"In REALITY, there are TWO cubes",2,h,b,2,2,0,2,2,0,0,0,0,B,PropFalse,0,24,24,83,NA,NA,NA,NA,NA,4.285997711122e-4,143.77282499987632,144.14692950015888,144.24691460002214,146.24694029986858,146.64694029977545,146.74927139980718,146.74927139980718,b,1,0.9950025998987256,147.76342990016565,147.76342990016565,147.76342990016565,147.76342990016565,NA,NA,NA,NA,NA,NA,025,001,2024-10-15_11h01.48.847,PsychoPy Exp,2023.1.2,59.97576988375013
Belief,TRUE,TB-K,D_NB,PsychoPyStudy2Stim/D_NB_1.png,Adam THINKS there are ZERO cubes,0,b,h,1,1,0,1,1,0,0,0,0,NB,-,0,25,25,108,NA,NA,NA,NA,NA,5.0159962847828e-4,147.83819400006905,148.21358179999515,148.31370649999008,150.313611399848,150.71366879995912,150.8158994000405,150.8158994000405,h,1,1.3766806996427476,152.2135926000774,152.2135926000774,152.2135926000774,152.2135926000774,NA,NA,NA,NA,NA,NA,025,001,2024-10-15_11h01.48.847,PsychoPy Exp,2023.1.2,59.97576988375013
Knowledge,FALSE,TB-Ig,D_B_D,PsychoPyStudy2Stim/D_B_D_3.png,Adam KNOWS there are ZERO cubes,0,h,b,2,2,0,1,1,0,1,1,0,B,PropTrueNoKnowledge,0,26,26,294,NA,NA,NA,NA,NA,0.0018921997398138,152.3045161999762,152.68024750007316,152.7803319999948,154.780409200117,155.18020169995725,155.28238820005208,155.28238820005208,b,1,3.814776999875903,159.11363210016862,159.11363210016862,159.11363210016862,159.11363210016862,NA,NA,NA,NA,NA,NA,025,001,2024-10-15_11h01.48.847,PsychoPy Exp,2023.1.2,59.97576988375013
Reality,TRUE,TB-K,DD_NB,PsychoPyStudy2Stim/DD_NB_2.png,"In REALITY, there are ZERO cubes",0,b,h,2,2,0,2,2,0,0,0,0,NB,-,0,27,27,7,NA,NA,NA,NA,NA,0.00190819986164569,159.21477570012212,159.59696270013228,159.69697759998962,161.6968057998456,162.09684870019555,162.1990877999924,162.1990877999924,h,1,0.8014635001309216,163.03025239985436,163.03025239985436,163.03025239985436,163.03025239985436,NA,NA,NA,NA,NA,NA,025,001,2024-10-15_11h01.48.847,PsychoPy Exp,2023.1.2,59.97576988375013
Belief,TRUE,FB-Ig,T_B_T,PsychoPyStudy2Stim/T_B_T_3.png,Adam THINKS there is ONE cube,1,b,h,2,0,2,1,0,1,1,0,1,B,-,0,28,28,154,NA,NA,NA,NA,NA,0.00191450025886297,163.12155500007793,163.49672760022804,163.596843900159,165.59695910010487,165.9970216997899,166.0990263000131,166.0990263000131,h,1,0.9814721997827291,167.09659750014544,167.09659750014544,167.09659750014544,167.09659750014544,NA,NA,NA,NA,NA,NA,025,001,2024-10-15_11h01.48.847,PsychoPy Exp,2023.1.2,59.97576988375013
Reality,FALSE,TB-K,D_NB,PsychoPyStudy2Stim/D_NB_1.png,"In REALITY, there is ONE cube",1,h,b,1,1,0,1,1,0,0,0,0,NB,PropFalse,0,29,29,54,NA,NA,NA,NA,NA,5.0779990851879e-4,167.17030159989372,167.54677210003138,167.6469360999763,169.64676959998906,170.04673179984093,170.1490417001769,170.1490417001769,h,0,0.8594700000248849,171.03001340012997,171.03001340012997,171.03001340012997,171.03001340012997,NA,NA,NA,NA,NA,NA,025,001,2024-10-15_11h01.48.847,PsychoPy Exp,2023.1.2,59.97576988375013
Knowledge,TRUE,TB-K,TT_NB,PsychoPyStudy2Stim/TT_NB_3.png,Adam KNOWS there are TWO cubes,2,b,h,2,0,2,2,0,2,0,0,0,NB,-,0,30,30,230,NA,NA,NA,NA,NA,0.00212150020524859,171.10092099988833,171.48016529995948,171.5801054998301,173.58030029991642,173.98013290017843,174.0824052002281,174.0824052002281,h,1,2.853817699942738,176.96354020014405,176.96354020014405,176.96354020014405,176.96354020014405,NA,NA,NA,NA,NA,NA,025,001,2024-10-15_11h01.48.847,PsychoPy Exp,2023.1.2,59.97576988375013
Reality,TRUE,TB-K-B,DD_B,PsychoPyStudy2Stim/DD_B_16.png,"In REALITY, there are ZERO cubes",0,b,h,2,2,0,2,2,0,0,0,0,B,-,0,31,31,29,NA,NA,NA,NA,NA,0.00111189996823668,177.041085800156,177.41345439990982,177.5136112999171,179.51343129994348,179.9133974998258,180.01573560014367,180.01573560014367,h,1,0.7044094000011683,180.74681450007483,180.74681450007483,180.74681450007483,180.74681450007483,NA,NA,NA,NA,NA,NA,025,001,2024-10-15_11h01.48.847,PsychoPy Exp,2023.1.2,59.97576988375013
Reality,TRUE,FB-Ig,T_B_T,PsychoPyStudy2Stim/T_B_T_1.png,"In REALITY, there are TWO cubes",2,b,h,2,0,2,1,0,1,1,0,1,B,-,0,32,32,44,NA,NA,NA,NA,NA,5.4309982806444e-4,180.81728760013357,181.19679509988055,181.296925699804,183.2968923998997,183.69685789989308,183.7989563997835,183.7989563997835,h,1,1.1935290000401435,185.01349689997733,185.01349689997733,185.01349689997733,185.01349689997733,NA,NA,NA,NA,NA,NA,025,001,2024-10-15_11h01.48.847,PsychoPy Exp,2023.1.2,59.97576988375013
Belief,FALSE,TB-K,T_NB,PsychoPyStudy2Stim/T_NB_2.png,Adam THINKS there are TWO cubes,2,h,b,1,0,1,1,0,1,0,0,0,NB,PropFalse,0,33,33,166,NA,NA,NA,NA,NA,0.00207099970430135,185.10000040009615,185.48010950023308,185.5801320001483,187.580122299958,187.98004870023576,188.08234480023384,188.08234480023384,b,1,1.7017638999968767,189.8133749999106,189.8133749999106,189.8133749999106,189.8133749999106,NA,NA,NA,NA,NA,NA,025,001,2024-10-15_11h01.48.847,PsychoPy Exp,2023.1.2,59.97576988375013
Belief,FALSE,TB-K,TT_NB,PsychoPyStudy2Stim/TT_NB_3.png,Adam THINKS there are ZERO cubes,0,h,b,2,0,2,2,0,2,0,0,0,NB,PropFalse,0,34,34,176,NA,NA,NA,NA,NA,7.303999736905e-4,189.8873006999493,190.26344189979136,190.3635471998714,192.36352520016953,192.76350189978257,192.86555609991777,192.86555609991777,b,1,1.0068800998851657,193.89685329981148,193.89685329981148,193.89685329981148,193.89685329981148,NA,NA,NA,NA,NA,NA,025,001,2024-10-15_11h01.48.847,PsychoPy Exp,2023.1.2,59.97576988375013
Reality,TRUE,TB-K,TD_NB,PsychoPyStudy2Stim/TD_NB_2.png,"In REALITY, there is ONE cube",1,b,h,2,1,1,2,1,1,0,0,0,NB,-,0,35,35,10,NA,NA,NA,NA,NA,0.00208360003307461,193.9848155998625,194.36338149989024,194.4635431999341,196.4635160001926,196.86329870019108,196.96554630016908,196.96554630016908,h,1,1.0668155997991562,198.06327959988263,198.06327959988263,198.06327959988263,198.06327959988263,NA,NA,NA,NA,NA,NA,025,001,2024-10-15_11h01.48.847,PsychoPy Exp,2023.1.2,59.97576988375013
Reality,TRUE,FB-Ig,T_B_T,PsychoPyStudy2Stim/T_B_T_4.png,"In REALITY, there are TWO cubes",2,b,h,2,0,2,1,0,1,1,0,1,B,-,0,36,36,41,NA,NA,NA,NA,NA,5.0080008804798e-4,198.1393200000748,198.51337759988385,198.6135187000036,200.61349949985745,201.01343070017177,201.1158247999847,201.1158247999847,h,1,1.0287613002583385,202.16336520016193,202.16336520016193,202.16336520016193,202.16336520016193,NA,NA,NA,NA,NA,NA,025,001,2024-10-15_11h01.48.847,PsychoPy Exp,2023.1.2,59.97576988375013
Belief,TRUE,TB-K,TT_NB,PsychoPyStudy2Stim/TT_NB_2.png,Adam THINKS there are TWO cubes,2,b,h,2,0,2,2,0,2,0,0,0,NB,-,0,37,37,121,NA,NA,NA,NA,NA,0.00186049984768033,202.24388709990308,202.61310230009255,202.71322649996728,204.71339320018888,205.11336749978364,205.21556810010225,205.21556810010225,h,1,1.2004929999820888,206.4466952001676,206.4466952001676,206.4466952001676,206.4466952001676,NA,NA,NA,NA,NA,NA,025,001,2024-10-15_11h01.48.847,PsychoPy Exp,2023.1.2,59.97576988375013
Belief,TRUE,TB-K,TT_NB,PsychoPyStudy2Stim/TT_NB_4.png,Adam THINKS there are TWO cubes,2,b,h,2,0,2,2,0,2,0,0,0,NB,-,0,38,38,123,NA,NA,NA,NA,NA,0.00112950010225176,206.5238867001608,206.8967010001652,206.9967761998996,208.99678600020707,209.39678299985823,209.4988922001794,209.4988922001794,h,1,1.198065099772066,210.71340900007635,210.71340900007635,210.71340900007635,210.71340900007635,NA,NA,NA,NA,NA,NA,025,001,2024-10-15_11h01.48.847,PsychoPy Exp,2023.1.2,59.97576988375013
Reality,FALSE,TB-K-B,TD_B,PsychoPyStudy2Stim/TD_B_9.png,"In REALITY, there are ZERO cubes",0,h,b,2,1,1,2,1,1,0,0,0,B,PropFalse,0,39,39,91,NA,NA,NA,NA,NA,0.0016796002164483,210.8114426000975,211.19656910002232,211.296846000012,213.2966873999685,213.69683860009536,213.79892109986395,213.79892109986395,b,1,1.69765459978953,215.51325159985572,215.51325159985572,215.51325159985572,215.51325159985572,NA,NA,NA,NA,NA,NA,025,001,2024-10-15_11h01.48.847,PsychoPy Exp,2023.1.2,59.97576988375013
Knowledge,TRUE,TB-K,DD_NB,PsychoPyStudy2Stim/DD_NB_3.png,Adam KNOWS there are ZERO cubes,0,b,h,2,2,0,2,2,0,0,0,0,NB,-,0,40,40,224,NA,NA,NA,NA,NA,4.9189990386366e-4,215.60701970010996,215.97999490005895,216.0801345999353,218.08009079983455,218.4799146000296,218.58222470013425,218.58222470013425,h,1,0.9146719998680056,219.5133154001087,219.5133154001087,219.5133154001087,219.5133154001087,NA,NA,NA,NA,NA,NA,025,001,2024-10-15_11h01.48.847,PsychoPy Exp,2023.1.2,59.97576988375013
Belief,FALSE,TB-K-B,TT_B,PsychoPyStudy2Stim/TT_B_6.png,Adam THINKS there are ZERO cubes,0,h,b,2,0,2,2,0,2,0,0,0,B,PropFalse,0,41,41,193,NA,NA,NA,NA,NA,0.00151020009070634,219.59862919989973,219.97997620003295,220.08008660003543,222.08010570006445,222.48011730005965,222.5822800998576,222.5822800998576,b,1,1.7701651002280414,224.37995669990775,224.37995669990775,224.37995669990775,224.37995669990775,NA,NA,NA,NA,NA,NA,025,001,2024-10-15_11h01.48.847,PsychoPy Exp,2023.1.2,59.97576988375013
Reality,TRUE,TB-K-B,DD_B,PsychoPyStudy2Stim/DD_B_14.png,"In REALITY, there are ZERO cubes",0,b,h,2,2,0,2,2,0,0,0,0,B,-,0,42,42,27,NA,NA,NA,NA,NA,0.00154109997674822,224.4782492001541,224.8632652000524,224.96338680014017,226.96330149983987,227.3633817001246,227.46549909980968,227.46549909980968,h,1,1.7994182999245822,229.296477700118,229.296477700118,229.296477700118,229.296477700118,NA,NA,NA,NA,NA,NA,025,001,2024-10-15_11h01.48.847,PsychoPy Exp,2023.1.2,59.97576988375013
Belief,TRUE,TB-K,TT_NB,PsychoPyStudy2Stim/TT_NB_6.png,Adam THINKS there are TWO cubes,2,b,h,2,0,2,2,0,2,0,0,0,NB,-,0,43,43,125,NA,NA,NA,NA,NA,4.0889997035264e-4,229.3691711998545,229.746615299955,229.8467876999639,231.84659599978477,232.24661630019543,232.34878729982304,232.34878729982304,h,1,1.300063000060618,233.67987929983065,233.67987929983065,233.67987929983065,233.67987929983065,NA,NA,NA,NA,NA,NA,025,001,2024-10-15_11h01.48.847,PsychoPy Exp,2023.1.2,59.97576988375013
Knowledge,FALSE,TB-K-B,TD_B,PsychoPyStudy2Stim/TD_B_11.png,Adam KNOWS there are ZERO cubes,0,h,b,2,1,1,2,1,1,0,0,0,B,PropFalse,0,44,44,299,NA,NA,NA,NA,NA,0.0015131002292037,233.77111219987273,234.14657559990883,234.2467681998387,236.24658810021356,236.64672880014405,236.7488099001348,236.7488099001348,b,1,1.2434296002611518,238.01331420009956,238.01331420009956,238.01331420009956,238.01331420009956,NA,NA,NA,NA,NA,NA,025,001,2024-10-15_11h01.48.847,PsychoPy Exp,2023.1.2,59.97576988375013
Knowledge,FALSE,TB-K,DD_NB,PsychoPyStudy2Stim/DD_NB_3.png,Adam KNOWS there are TWO cubes,2,h,b,2,2,0,2,2,0,0,0,0,NB,PropFalse,0,45,45,278,NA,NA,NA,NA,NA,0.00171170011162757,238.10022090002897,238.4799187001772,238.58005880005655,240.5801254999824,240.9799529002048,241.0820287000388,241.0820287000388,b,1,0.7824369999580085,241.8799356999807,241.8799356999807,241.8799356999807,241.8799356999807,NA,NA,NA,NA,NA,NA,025,001,2024-10-15_11h01.48.847,PsychoPy Exp,2023.1.2,59.97576988375013
Reality,TRUE,TB-Ig,D_B_D,PsychoPyStudy2Stim/D_B_D_1.png,"In REALITY, there are ZERO cubes",0,b,h,2,2,0,1,1,0,1,1,0,B,-,0,46,46,22,NA,NA,NA,NA,NA,0.00111010018736124,241.9698125999421,242.34655909985304,242.44669339992103,244.44662459986284,244.8467247998342,244.9487928999588,244.9487928999588,h,1,1.1317468998022375,246.0964317000471,246.0964317000471,246.0964317000471,246.0964317000471,NA,NA,NA,NA,NA,NA,025,001,2024-10-15_11h01.48.847,PsychoPy Exp,2023.1.2,59.97576988375013
Reality,FALSE,FB-Ig,D_B_T,PsychoPyStudy2Stim/D_B_T_4.png,"In REALITY, there are ZERO cubes",0,h,b,2,1,1,1,1,0,1,0,1,B,PropFalse,0,47,47,107,NA,NA,NA,NA,NA,0.00187760032713413,246.16683349991217,246.54652079986408,246.64669310022143,248.64658810012045,249.0463634999469,249.14876039978117,249.14876039978117,b,1,0.995471800211817,250.16326009994373,250.16326009994373,250.16326009994373,250.16326009994373,NA,NA,NA,NA,NA,NA,025,001,2024-10-15_11h01.48.847,PsychoPy Exp,2023.1.2,59.97576988375013
Belief,TRUE,TB-Ig,D_B,PsychoPyStudy2Stim/D_B_4.png,Adam THINKS there are ZERO cubes,0,b,h,1,1,0,1,1,0,0,0,0,B,-,0,48,48,129,NA,NA,NA,NA,NA,0.00184840010479092,250.25225239992145,250.62986350012943,250.72998790023848,252.72986660012975,253.1299379998818,253.23209939990193,253.23209939990193,h,1,0.7281134999357164,253.979704500176,253.979704500176,253.979704500176,253.979704500176,NA,NA,NA,NA,NA,NA,025,001,2024-10-15_11h01.48.847,PsychoPy Exp,2023.1.2,59.97576988375013
Reality,TRUE,TB-K-B,DD_B,PsychoPyStudy2Stim/DD_B_13.png,"In REALITY, there are ZERO cubes",0,b,h,2,2,0,2,2,0,0,0,0,B,-,0,49,49,26,NA,NA,NA,NA,NA,0.00179370027035474,254.06272879987955,254.44655530015007,254.54654040001333,256.54662830010056,256.9465589001775,257.04870899999514,257.04870899999514,h,1,0.591240799985826,257.66330609982833,257.66330609982833,257.66330609982833,257.66330609982833,NA,NA,NA,NA,NA,NA,025,001,2024-10-15_11h01.48.847,PsychoPy Exp,2023.1.2,59.97576988375013
Reality,FALSE,FB-Ig,T_B_T,PsychoPyStudy2Stim/T_B_T_2.png,"In REALITY, there is ONE cube",1,h,b,2,0,2,1,0,1,1,0,1,B,PropFalse,0,50,50,99,NA,NA,NA,NA,NA,0.0059000002220273,257.7477680002339,258.12980860006064,258.2299398002215,260.2299998998642,260.6299180001952,260.7320721000433,260.7320721000433,b,1,1.1168174003250897,261.8796459999867,261.8796459999867,261.8796459999867,261.8796459999867,NA,NA,NA,NA,NA,NA,025,001,2024-10-15_11h01.48.847,PsychoPy Exp,2023.1.2,59.97576988375013
Reality,TRUE,FB-Ig,D_B_T,PsychoPyStudy2Stim/D_B_T_4.png,"In REALITY, there is ONE cube",1,b,h,2,1,1,1,1,0,1,0,1,B,-,0,51,51,53,NA,NA,NA,NA,NA,4.7429976984858e-4,261.9491968001239,262.3298356998712,262.4299419000745,264.42994720023125,264.829852799885,264.931963799987,264.931963799987,h,1,0.7809200002811849,265.7298631002195,265.7298631002195,265.7298631002195,265.7298631002195,NA,NA,NA,NA,NA,NA,025,001,2024-10-15_11h01.48.847,PsychoPy Exp,2023.1.2,59.97576988375013
Knowledge,FALSE,FB-Ig,T_B_T,PsychoPyStudy2Stim/T_B_T_2.png,Adam KNOWS there are TWO cubes,2,h,b,2,0,2,1,0,1,1,0,1,B,PropTrueNoKnowledge,0,52,52,307,NA,NA,NA,NA,NA,0.00185850029811263,265.8173620002344,266.19646510016173,266.29661410022527,268.2966690999456,268.6965278000571,268.79867920000106,268.79867920000106,b,1,1.041200699750334,269.86318410001695,269.86318410001695,269.86318410001695,269.86318410001695,NA,NA,NA,NA,NA,NA,025,001,2024-10-15_11h01.48.847,PsychoPy Exp,2023.1.2,59.97576988375013
Reality,FALSE,TB-K,T_NB,PsychoPyStudy2Stim/T_NB_1.png,"In REALITY, there are ZERO cubes",0,h,b,1,0,1,1,0,1,0,0,0,NB,PropFalse,0,53,53,57,NA,NA,NA,NA,NA,0.00131360022351145,269.9369660997763,270.31309270020574,270.413234599866,272.4132440998219,272.813236199785,272.9153690999374,272.9153690999374,b,1,1.204762399662286,274.1464761001989,274.1464761001989,274.1464761001989,274.1464761001989,NA,NA,NA,NA,NA,NA,025,001,2024-10-15_11h01.48.847,PsychoPy Exp,2023.1.2,59.97576988375013
Belief,FALSE,FB-Ig,T_B_T,PsychoPyStudy2Stim/T_B_T_5.png,Adam THINKS there are TWO cubes,2,h,b,2,0,2,1,0,1,1,0,1,B,PropTrueNoBelief,0,54,54,210,NA,NA,NA,NA,NA,0.00174700003117322,274.23568559996784,274.6128291999921,274.7129712998867,276.71321419999003,277.11311759985983,277.2153082001023,277.2153082001023,b,1,0.9128425000235438,278.14647650020197,278.14647650020197,278.14647650020197,278.14647650020197,NA,NA,NA,NA,NA,NA,025,001,2024-10-15_11h01.48.847,PsychoPy Exp,2023.1.2,59.97576988375013
Belief,TRUE,TB-K,TD_NB,PsychoPyStudy2Stim/TD_NB_2.png,Adam THINKS there is ONE cube,1,b,h,2,1,1,2,1,1,0,0,0,NB,-,0,55,55,118,NA,NA,NA,NA,NA,0.00178840011358261,278.21852889982983,278.5964346001856,278.69651049980894,280.69654500018805,281.09648900013417,281.1985971000977,281.1985971000977,h,1,0.9774938002228736,282.1964965998195,282.1964965998195,282.1964965998195,282.1964965998195,NA,NA,NA,NA,NA,NA,025,001,2024-10-15_11h01.48.847,PsychoPy Exp,2023.1.2,59.97576988375013
Belief,FALSE,TB-K,TT_NB,PsychoPyStudy2Stim/TT_NB_5.png,Adam THINKS there is ONE cube,1,h,b,2,0,2,2,0,2,0,0,0,NB,PropFalse,0,56,56,178,NA,NA,NA,NA,NA,0.00164229981601238,282.27498679980636,282.6464220001362,282.74650740018114,284.74658469995484,285.14632639987394,285.2485965001397,285.2485965001397,b,1,0.8394339000806212,286.113058200106,286.113058200106,286.113058200106,286.113058200106,NA,NA,NA,NA,NA,NA,025,001,2024-10-15_11h01.48.847,PsychoPy Exp,2023.1.2,59.97576988375013
Knowledge,FALSE,TB-K,D_NB,PsychoPyStudy2Stim/D_NB_1.png,Adam KNOWS there is ONE cube,1,h,b,1,1,0,1,1,0,0,0,0,NB,PropFalse,0,57,57,270,NA,NA,NA,NA,NA,0.00156129989773035,286.18408010015264,286.56311379978433,286.66323769977316,288.66314500011504,289.06308910017833,289.16527009988204,289.16527009988204,b,1,1.6187523999251423,290.8130013998598,290.8130013998598,290.8130013998598,290.8130013998598,NA,NA,NA,NA,NA,NA,025,001,2024-10-15_11h01.48.847,PsychoPy Exp,2023.1.2,59.97576988375013
Knowledge,FALSE,FB-Ig,T_B_T,PsychoPyStudy2Stim/T_B_T_3.png,Adam KNOWS there is ONE cube,1,h,b,2,0,2,1,0,1,1,0,1,B,PropFalse,0,58,58,302,NA,NA,NA,NA,NA,0.00112680019810795,290.8967145001516,291.27967990003526,291.3798135998659,293.37963340012357,293.7799086999148,293.8819554001093,293.8819554001093,h,0,2.582674500066787,296.49620509985834,296.49620509985834,296.49620509985834,296.49620509985834,NA,NA,NA,NA,NA,NA,025,001,2024-10-15_11h01.48.847,PsychoPy Exp,2023.1.2,59.97576988375013
Belief,FALSE,TB-K-B,TT_B,PsychoPyStudy2Stim/TT_B_11.png,Adam THINKS there are ZERO cubes,0,h,b,2,0,2,2,0,2,0,0,0,B,PropFalse,0,59,59,198,NA,NA,NA,NA,NA,4.2309984564781e-4,296.5848936000839,296.96300800004974,297.0631507001817,299.0631515001878,299.46296870009974,299.5653039999306,299.5653039999306,b,1,0.8264762000180781,300.4131077998318,300.4131077998318,300.4131077998318,300.4131077998318,NA,NA,NA,NA,NA,NA,025,001,2024-10-15_11h01.48.847,PsychoPy Exp,2023.1.2,59.97576988375013
Reality,FALSE,TB-K-B,DD_B,PsychoPyStudy2Stim/DD_B_15.png,"In REALITY, there are TWO cubes",2,h,b,2,2,0,2,2,0,0,0,0,B,PropFalse,0,60,60,82,NA,NA,NA,NA,NA,9.7350031137466e-4,300.5200749998912,300.89633079990745,300.9962905999273,302.9962988998741,303.39653829997405,303.49858429981396,303.49858429981396,b,1,0.6695006000809371,304.1963713997975,304.1963713997975,304.1963713997975,304.1963713997975,NA,NA,NA,NA,NA,NA,025,001,2024-10-15_11h01.48.847,PsychoPy Exp,2023.1.2,59.97576988375013
Knowledge,FALSE,TB-K-B,DD_B,PsychoPyStudy2Stim/DD_B_6.png,Adam KNOWS there is ONE cube,1,h,b,2,2,0,2,2,0,0,0,0,B,PropFalse,0,61,61,296,NA,NA,NA,NA,NA,0.00170920044183731,304.2901976001449,304.66298549994826,304.76315050013363,306.7629825999029,307.1630867999047,307.26510020019487,307.26510020019487,b,1,1.0628317999653518,308.3462702999823,308.3462702999823,308.3462702999823,308.3462702999823,NA,NA,NA,NA,NA,NA,025,001,2024-10-15_11h01.48.847,PsychoPy Exp,2023.1.2,59.97576988375013
Belief,TRUE,FB-Ig,D_B_T,PsychoPyStudy2Stim/D_B_T_1.png,Adam THINKS there are ZERO cubes,0,b,h,2,1,1,1,1,0,1,0,1,B,-,0,62,62,158,NA,NA,NA,NA,NA,7.6139997690916e-4,308.427151999902,308.79622589983046,308.8964341999963,310.8963134000078,311.2964449999854,311.39862400013953,311.39862400013953,h,1,1.7690774998627603,313.1963129998185,313.1963129998185,313.1963129998185,313.1963129998185,NA,NA,NA,NA,NA,NA,025,001,2024-10-15_11h01.48.847,PsychoPy Exp,2023.1.2,59.97576988375013
Belief,FALSE,FB-Ig,T_B_T,PsychoPyStudy2Stim/T_B_T_6.png,Adam THINKS there are TWO cubes,2,h,b,2,0,2,1,0,1,1,0,1,B,PropTrueNoBelief,0,63,63,205,NA,NA,NA,NA,NA,9.1920001432299e-4,313.28897769981995,313.6629445999861,313.7630798998289,315.7631316999905,316.16304720006883,316.26504659978673,316.26504659978673,b,1,1.7350008999928832,318.0296574998647,318.0296574998647,318.0296574998647,318.0296574998647,NA,NA,NA,NA,NA,NA,025,001,2024-10-15_11h01.48.847,PsychoPy Exp,2023.1.2,59.97576988375013
Knowledge,TRUE,TB-K-B,DD_B,PsychoPyStudy2Stim/DD_B_11.png,Adam KNOWS there are ZERO cubes,0,b,h,2,2,0,2,2,0,0,0,0,B,-,0,64,64,244,NA,NA,NA,NA,NA,0.00163169996812939,318.12429839977995,318.4962825998664,318.5964568001218,320.5964746000245,320.9962959000841,321.0984498001635,321.0984498001635,h,1,3.9332143999636178,325.0627088001929,325.0627088001929,325.0627088001929,325.0627088001929,NA,NA,NA,NA,NA,NA,025,001,2024-10-15_11h01.48.847,PsychoPy Exp,2023.1.2,59.97576988375013
Belief,TRUE,TB-Ig,D_B_D,PsychoPyStudy2Stim/D_B_D_2.png,Adam THINKS there are ZERO cubes,0,b,h,2,2,0,1,1,0,1,1,0,B,-,0,65,65,131,NA,NA,NA,NA,NA,5.2119977772235e-4,325.14210689999163,325.5129121998325,325.6130304997787,327.613037600182,328.0130182998255,328.1150560998358,328.1150560998358,h,1,5.4605470998212695,333.5960678998381,333.5960678998381,333.5960678998381,333.5960678998381,NA,NA,NA,NA,NA,NA,025,001,2024-10-15_11h01.48.847,PsychoPy Exp,2023.1.2,59.97576988375013
Reality,FALSE,FB-Ig,T_B_T,PsychoPyStudy2Stim/T_B_T_4.png,"In REALITY, there is ONE cube",1,h,b,2,0,2,1,0,1,1,0,1,B,PropFalse,0,66,66,101,NA,NA,NA,NA,NA,3.7429993972182e-4,333.66951599996537,334.04621670022607,334.1463414998725,336.14640720002353,336.546293400228,336.64845420001075,336.64845420001075,b,1,3.503124200273305,340.17950259987265,340.17950259987265,340.17950259987265,340.17950259987265,NA,NA,NA,NA,NA,NA,025,001,2024-10-15_11h01.48.847,PsychoPy Exp,2023.1.2,59.97576988375013
Belief,TRUE,TB-K,DD_NB,PsychoPyStudy2Stim/DD_NB_2.png,Adam THINKS there are ZERO cubes,0,b,h,2,2,0,2,2,0,0,0,0,NB,-,0,67,67,115,NA,NA,NA,NA,NA,7.7100005000829e-4,340.25729600014165,340.62954910006374,340.7296366998926,342.7296370998956,343.1295723998919,343.2318273000419,343.2318273000419,h,1,0.8719995999708772,344.12952370010316,344.12952370010316,344.12952370010316,344.12952370010316,NA,NA,NA,NA,NA,NA,025,001,2024-10-15_11h01.48.847,PsychoPy Exp,2023.1.2,59.97576988375013
Knowledge,TRUE,TB-K-B,DD_B,PsychoPyStudy2Stim/DD_B_4.png,Adam KNOWS there are ZERO cubes,0,b,h,2,2,0,2,2,0,0,0,0,B,-,0,68,68,237,NA,NA,NA,NA,NA,0.00146679999306797,344.22025929996744,344.59623630018905,344.69632120011374,346.6963084000163,347.0963087999262,347.1983316000551,347.1983316000551,h,1,0.7215915000997484,347.9462295002304,347.9462295002304,347.9462295002304,347.9462295002304,NA,NA,NA,NA,NA,NA,025,001,2024-10-15_11h01.48.847,PsychoPy Exp,2023.1.2,59.97576988375013
Reality,TRUE,FB-Ig,T_B_T,PsychoPyStudy2Stim/T_B_T_3.png,"In REALITY, there are TWO cubes",2,b,h,2,0,2,1,0,1,1,0,1,B,-,0,69,69,46,NA,NA,NA,NA,NA,0.00181150017306208,348.0442014997825,348.42944600014016,348.529523300007,350.52961699990556,350.9296177998185,351.0316901002079,351.0316901002079,h,1,1.0240835002623498,352.0793314999901,352.0793314999901,352.0793314999901,352.0793314999901,NA,NA,NA,NA,NA,NA,025,001,2024-10-15_11h01.48.847,PsychoPy Exp,2023.1.2,59.97576988375013
Belief,TRUE,TB-K,DD_NB,PsychoPyStudy2Stim/DD_NB_3.png,Adam THINKS there are ZERO cubes,0,b,h,2,2,0,2,2,0,0,0,0,NB,-,0,70,70,116,NA,NA,NA,NA,NA,0.00161270005628466,352.15011990023777,352.5294980001636,352.6296393000521,354.6296459999867,355.0294214999303,355.13174600014463,355.13174600014463,h,1,2.4037615000270307,357.5626269001514,357.5626269001514,357.5626269001514,357.5626269001514,NA,NA,NA,NA,NA,NA,025,001,2024-10-15_11h01.48.847,PsychoPy Exp,2023.1.2,59.97576988375013
Belief,FALSE,TB-Ig,D_B,PsychoPyStudy2Stim/D_B_4.png,Adam THINKS there is ONE cube,1,h,b,1,1,0,1,1,0,0,0,0,B,PropFalse,0,71,71,183,NA,NA,NA,NA,NA,4.453002475202e-4,357.64275179989636,358.0128084998578,358.1129797999747,360.1128115002066,360.5129885999486,360.614900900051,360.614900900051,b,1,1.4725914001464844,362.1126632997766,362.1126632997766,362.1126632997766,362.1126632997766,NA,NA,NA,NA,NA,NA,025,001,2024-10-15_11h01.48.847,PsychoPy Exp,2023.1.2,59.97576988375013
Reality,TRUE,FB-Ig,T_B_T,PsychoPyStudy2Stim/T_B_T_6.png,"In REALITY, there are TWO cubes",2,b,h,2,0,2,1,0,1,1,0,1,B,-,0,72,72,43,NA,NA,NA,NA,NA,4.8270029947161e-4,362.18839689996094,362.5627959999256,362.6628816998564,364.6628592000343,365.0628106999211,365.1649210997857,365.1649210997857,h,1,0.8747613001614809,366.0627365000546,366.0627365000546,366.0627365000546,366.0627365000546,NA,NA,NA,NA,NA,NA,025,001,2024-10-15_11h01.48.847,PsychoPy Exp,2023.1.2,59.97576988375013
Belief,TRUE,FB-Ig,T_B_T,PsychoPyStudy2Stim/T_B_T_5.png,Adam THINKS there is ONE cube,1,b,h,2,0,2,1,0,1,1,0,1,B,-,0,73,73,150,NA,NA,NA,NA,NA,0.00122420024126768,366.13625619979575,366.51282799988985,366.61286969995126,368.6128759998828,369.0128438998945,369.1149177001789,369.1149177001789,b,0,0.9813681999221444,370.11282450007275,370.11282450007275,370.11282450007275,370.11282450007275,NA,NA,NA,NA,NA,NA,025,001,2024-10-15_11h01.48.847,PsychoPy Exp,2023.1.2,59.97576988375013
Knowledge,FALSE,TB-K,TT_NB,PsychoPyStudy2Stim/TT_NB_4.png,Adam KNOWS there is ONE cube,1,h,b,2,0,2,2,0,2,0,0,0,NB,PropFalse,0,74,74,285,NA,NA,NA,NA,NA,0.00183350034058094,370.2092857998796,370.5794085999951,370.67942660022527,372.679515699856,373.07924500014633,373.1815615999512,373.1815615999512,b,1,1.6502407998777926,374.86280230013654,374.86280230013654,374.86280230013654,374.86280230013654,NA,NA,NA,NA,NA,NA,025,001,2024-10-15_11h01.48.847,PsychoPy Exp,2023.1.2,59.97576988375013
Belief,FALSE,TB-Ig,D_B,PsychoPyStudy2Stim/D_B_1.png,Adam THINKS there is ONE cube,1,h,b,1,1,0,1,1,0,0,0,0,B,PropFalse,0,75,75,180,NA,NA,NA,NA,NA,0.00176690006628632,374.96789119997993,375.34587740013376,375.4461570000276,377.44615609990433,377.8459291998297,377.9481770000421,377.9481770000421,b,1,2.3642195002175868,380.3294583000242,380.3294583000242,380.3294583000242,380.3294583000242,NA,NA,NA,NA,NA,NA,025,001,2024-10-15_11h01.48.847,PsychoPy Exp,2023.1.2,59.97576988375013
Knowledge,FALSE,FB-Ig,T_B_T,PsychoPyStudy2Stim/T_B_T_6.png,Adam KNOWS there are TWO cubes,2,h,b,2,0,2,1,0,1,1,0,1,B,PropTrueNoKnowledge,0,76,76,317,NA,NA,NA,NA,NA,0.00167579995468258,380.4234064999037,380.79602110013366,380.8961824001744,382.896207800135,383.2960704001598,383.39826950011775,383.39826950011775,b,1,1.4092230000533164,384.8293030997738,384.8293030997738,384.8293030997738,384.8293030997738,NA,NA,NA,NA,NA,NA,025,001,2024-10-15_11h01.48.847,PsychoPy Exp,2023.1.2,59.97576988375013
Belief,FALSE,TB-K,DD_NB,PsychoPyStudy2Stim/DD_NB_2.png,Adam THINKS there are TWO cubes,2,h,b,2,2,0,2,2,0,0,0,0,NB,PropFalse,0,77,77,169,NA,NA,NA,NA,NA,9.0620014816522e-4,384.9126277999021,385.2960176002234,385.39613369991997,387.39614989981055,387.79623400000855,387.8982898001559,387.8982898001559,b,1,1.117427899967879,389.0460637998767,389.0460637998767,389.0460637998767,389.0460637998767,NA,NA,NA,NA,NA,NA,025,001,2024-10-15_11h01.48.847,PsychoPy Exp,2023.1.2,59.97576988375013
Reality,TRUE,FB-Ig,T_B_T,PsychoPyStudy2Stim/T_B_T_4.png,"In REALITY, there are TWO cubes",2,b,h,2,0,2,1,0,1,1,0,1,B,-,0,78,78,47,NA,NA,NA,NA,NA,0.00177170010283589,389.1358692999929,389.5126791000366,389.61277490016073,391.6128974999301,392.01257580006495,392.114947500173,392.114947500173,h,1,2.1247183000668883,394.26274990011007,394.26274990011007,394.26274990011007,394.26274990011007,NA,NA,NA,NA,NA,NA,025,001,2024-10-15_11h01.48.847,PsychoPy Exp,2023.1.2,59.97576988375013
Belief,TRUE,TB-Ig,D_B_D,PsychoPyStudy2Stim/D_B_D_3.png,Adam THINKS there are ZERO cubes,0,b,h,2,2,0,1,1,0,1,1,0,B,-,0,79,79,132,NA,NA,NA,NA,NA,0.0016733999364078,394.36432889988646,394.7498730001971,394.8461221000179,396.8459581001662,397.2460985002108,397.3482568999752,397.3482568999752,h,1,1.8274120003916323,399.1960330000147,399.1960330000147,399.1960330000147,399.1960330000147,NA,NA,NA,NA,NA,NA,025,001,2024-10-15_11h01.48.847,PsychoPy Exp,2023.1.2,59.97576988375013
Knowledge,TRUE,TB-K-B,TT_B,PsychoPyStudy2Stim/TT_B_14.png,Adam KNOWS there are TWO cubes,2,b,h,2,0,2,2,0,2,0,0,0,B,-,0,80,80,247,NA,NA,NA,NA,NA,0.00166509998962283,399.2730895997957,399.64593160012737,399.7458911999129,401.74616189999506,402.14608980016783,402.2481868998147,402.2481868998147,h,1,0.89512770017609,403.1628560000099,NA,403.1628560000099,NA,space,14.548916100058705,NA,NA,NA,NA,025,001,2024-10-15_11h01.48.847,PsychoPy Exp,2023.1.2,59.97576988375013
Knowledge,TRUE,TB-K,TD_NB,PsychoPyStudy2Stim/TD_NB_2.png,Adam KNOWS there is ONE cube,1,b,h,2,1,1,2,1,1,0,0,0,NB,-,0,81,81,226,NA,NA,NA,NA,NA,0.00178069993853569,417.7989976000972,418.1791149000637,418.27917579980567,420.27933599986136,420.6790781999007,420.78146689990535,420.78146689990535,h,1,0.6504395003430545,421.4624193999916,421.4624193999916,421.4624193999916,421.4624193999916,NA,NA,NA,NA,NA,NA,025,001,2024-10-15_11h01.48.847,PsychoPy Exp,2023.1.2,59.97576988375013
Belief,FALSE,TB-K,TD_NB,PsychoPyStudy2Stim/TD_NB_2.png,Adam THINKS there are ZERO cubes,0,h,b,2,1,1,2,1,1,0,0,0,NB,PropFalse,0,82,82,172,NA,NA,NA,NA,NA,4.1370000690221e-4,421.5329983001575,421.9125339998864,422.0126844998449,424.0127893001773,424.4126797001809,424.5149815999903,424.5149815999903,b,1,1.581190099939704,426.1126052001491,426.1126052001491,426.1126052001491,426.1126052001491,NA,NA,NA,NA,NA,NA,025,001,2024-10-15_11h01.48.847,PsychoPy Exp,2023.1.2,59.97576988375013
Reality,TRUE,TB-K,D_NB,PsychoPyStudy2Stim/D_NB_2.png,"In REALITY, there are ZERO cubes",0,b,h,1,1,0,1,1,0,0,0,0,NB,-,0,83,83,1,NA,NA,NA,NA,NA,0.00177899980917572,426.201339900028,426.5790650001727,426.6794087002054,428.6791656999849,429.0792664000765,429.18149170000106,429.18149170000106,h,1,0.5940550002269447,429.7959280000068,429.7959280000068,429.7959280000068,429.7959280000068,NA,NA,NA,NA,NA,NA,025,001,2024-10-15_11h01.48.847,PsychoPy Exp,2023.1.2,59.97576988375013
Knowledge,FALSE,FB-Ig,T_B_T,PsychoPyStudy2Stim/T_B_T_1.png,Adam KNOWS there are TWO cubes,2,h,b,2,0,2,1,0,1,1,0,1,B,PropTrueNoKnowledge,0,84,84,312,NA,NA,NA,NA,NA,0.00165560003370046,429.88862730003893,430.2622099998407,430.3623712998815,432.3626729999669,432.7624531001784,432.8647488998249,432.8647488998249,b,1,1.062950300052762,433.94587490009144,433.94587490009144,433.94587490009144,433.94587490009144,NA,NA,NA,NA,NA,NA,025,001,2024-10-15_11h01.48.847,PsychoPy Exp,2023.1.2,59.97576988375013
Reality,FALSE,FB-Ig,T_B_T,PsychoPyStudy2Stim/T_B_T_1.png,"In REALITY, there is ONE cube",1,h,b,2,0,2,1,0,1,1,0,1,B,PropFalse,0,85,85,92,NA,NA,NA,NA,NA,0.00165369966998696,434.02499550022185,434.39594609988853,434.4959212997928,436.4959308002144,436.8957881000824,436.9981002002023,436.9981002002023,b,1,0.7533822003751993,437.77913070004433,437.77913070004433,437.77913070004433,437.77913070004433,NA,NA,NA,NA,NA,NA,025,001,2024-10-15_11h01.48.847,PsychoPy Exp,2023.1.2,59.97576988375013
Knowledge,TRUE,TB-K,D_NB,PsychoPyStudy2Stim/D_NB_3.png,Adam KNOWS there are ZERO cubes,0,b,h,1,1,0,1,1,0,0,0,0,NB,-,0,86,86,218,NA,NA,NA,NA,NA,0.00149489985778927,437.8524179998785,438.2291263998486,438.329284099862,440.3293424001895,440.7292567999102,440.8313021999784,440.8313021999784,h,1,0.8648087996989489,441.7123618000187,441.7123618000187,441.7123618000187,441.7123618000187,NA,NA,NA,NA,NA,NA,025,001,2024-10-15_11h01.48.847,PsychoPy Exp,2023.1.2,59.97576988375013
Knowledge,TRUE,TB-K,DD_NB,PsychoPyStudy2Stim/DD_NB_1.png,Adam KNOWS there are ZERO cubes,0,b,h,2,2,0,2,2,0,0,0,0,NB,-,0,87,87,222,NA,NA,NA,NA,NA,0.00176430027931928,441.77840769989416,442.16253869980574,442.2625859999098,444.2626382000744,444.66259980015457,444.7646055999212,444.7646055999212,h,1,0.7792297000996768,445.5626169000752,445.5626169000752,445.5626169000752,445.5626169000752,NA,NA,NA,NA,NA,NA,025,001,2024-10-15_11h01.48.847,PsychoPy Exp,2023.1.2,59.97576988375013
Reality,TRUE,TB-Ig,D_B,PsychoPyStudy2Stim/D_B_3.png,"In REALITY, there are ZERO cubes",0,b,h,1,1,0,1,1,0,0,0,0,B,-,0,88,88,20,NA,NA,NA,NA,NA,0.00165440002456307,445.65031860023737,446.029183300212,446.1292948001064,448.12922219978645,448.5292962999083,448.63120919978246,448.63120919978246,h,1,0.8812494003213942,449.529148099944,449.529148099944,449.529148099944,449.529148099944,NA,NA,NA,NA,NA,NA,025,001,2024-10-15_11h01.48.847,PsychoPy Exp,2023.1.2,59.97576988375013
Belief,FALSE,TB-Ig,D_B_D,PsychoPyStudy2Stim/D_B_D_4.png,Adam THINKS there is ONE cube,1,h,b,2,2,0,1,1,0,1,1,0,B,PropFalse,0,89,89,187,NA,NA,NA,NA,NA,0.00167750008404254,449.61391919991,449.99575119977817,450.0959009001963,452.0956982001662,452.49590629991144,452.5979864997789,452.5979864997789,b,1,1.3054064000025392,453.9290955001488,453.9290955001488,453.9290955001488,453.9290955001488,NA,NA,NA,NA,NA,NA,025,001,2024-10-15_11h01.48.847,PsychoPy Exp,2023.1.2,59.97576988375013
Reality,FALSE,TB-K-B,TD_B,PsychoPyStudy2Stim/TD_B_4.png,"In REALITY, there are ZERO cubes",0,h,b,2,1,1,2,1,1,0,0,0,B,PropFalse,0,90,90,87,NA,NA,NA,NA,NA,0.00147090014070272,454.02824749983847,454.41216930001974,454.5122374999337,456.5125837000087,456.91263259993866,457.0146563001909,457.0146563001909,b,1,1.576781400013715,458.6124879000709,458.6124879000709,458.6124879000709,458.6124879000709,NA,NA,NA,NA,NA,NA,025,001,2024-10-15_11h01.48.847,PsychoPy Exp,2023.1.2,59.97576988375013
Reality,FALSE,TB-K,TD_NB,PsychoPyStudy2Stim/TD_NB_2.png,"In REALITY, there are ZERO cubes",0,h,b,2,1,1,2,1,1,0,0,0,NB,PropFalse,0,91,91,64,NA,NA,NA,NA,NA,0.00178619986400008,458.70328560005873,459.07898019999266,459.1792576001026,461.1791264000349,461.57918850006536,461.6812697998248,461.6812697998248,b,1,0.8061735001392663,462.5124784000218,462.5124784000218,462.5124784000218,462.5124784000218,NA,NA,NA,NA,NA,NA,025,001,2024-10-15_11h01.48.847,PsychoPy Exp,2023.1.2,59.97576988375013
Reality,TRUE,TB-K,TT_NB,PsychoPyStudy2Stim/TT_NB_1.png,"In REALITY, there are TWO cubes",2,b,h,2,0,2,2,0,2,0,0,0,NB,-,0,92,92,12,NA,NA,NA,NA,NA,0.0016534999012947,462.59847710002214,462.97908370010555,463.0791605999693,465.07916209986433,465.47917270008475,465.58126239990816,465.58126239990816,h,1,0.7221001000143588,466.32908170018345,466.32908170018345,466.32908170018345,466.32908170018345,NA,NA,NA,NA,NA,NA,025,001,2024-10-15_11h01.48.847,PsychoPy Exp,2023.1.2,59.97576988375013
Knowledge,TRUE,TB-K,D_NB,PsychoPyStudy2Stim/D_NB_2.png,Adam KNOWS there are ZERO cubes,0,b,h,1,1,0,1,1,0,0,0,0,NB,-,0,93,93,217,NA,NA,NA,NA,NA,0.00164270028471946,466.41716660000384,466.7957426002249,466.8958596000448,468.89569529984146,469.2958635999821,469.39790999982506,469.39790999982506,h,1,1.0495715998113155,470.4789583999664,470.4789583999664,470.4789583999664,470.4789583999664,NA,NA,NA,NA,NA,NA,025,001,2024-10-15_11h01.48.847,PsychoPy Exp,2023.1.2,59.97576988375013
Reality,FALSE,FB-Ig,T_B_T,PsychoPyStudy2Stim/T_B_T_3.png,"In REALITY, there is ONE cube",1,h,b,2,0,2,1,0,1,1,0,1,B,PropFalse,0,94,94,100,NA,NA,NA,NA,NA,7.5930031016469e-4,470.57854579994455,470.962309199851,471.0624643000774,473.06246400019154,473.4624752998352,473.56467270012945,473.56467270012945,b,1,1.7309933002106843,475.31217940011993,475.31217940011993,475.31217940011993,475.31217940011993,NA,NA,NA,NA,NA,NA,025,001,2024-10-15_11h01.48.847,PsychoPy Exp,2023.1.2,59.97576988375013
Reality,TRUE,FB-Ig,T_B_T,PsychoPyStudy2Stim/T_B_T_2.png,"In REALITY, there are TWO cubes",2,b,h,2,0,2,1,0,1,1,0,1,B,-,0,95,95,45,NA,NA,NA,NA,NA,9.379000402987e-4,475.3820972000249,475.76236459985375,475.8622190998867,477.8625575001351,478.2624919000082,478.36453570006415,478.36453570006415,h,1,0.5313637000508606,478.9123718999326,478.9123718999326,478.9123718999326,478.9123718999326,NA,NA,NA,NA,NA,NA,025,001,2024-10-15_11h01.48.847,PsychoPy Exp,2023.1.2,59.97576988375013
Belief,TRUE,TB-K,TT_NB,PsychoPyStudy2Stim/TT_NB_3.png,Adam THINKS there are TWO cubes,2,b,h,2,0,2,2,0,2,0,0,0,NB,-,0,96,96,122,NA,NA,NA,NA,NA,0.00163970002904534,478.9982500001788,479.37879119999707,479.4789518998005,481.47891370020807,481.87908119987696,481.9812662000768,481.9812662000768,h,1,0.6179292998276651,482.6289872000925,482.6289872000925,482.6289872000925,482.6289872000925,NA,NA,NA,NA,NA,NA,025,001,2024-10-15_11h01.48.847,PsychoPy Exp,2023.1.2,59.97576988375013
Belief,TRUE,TB-K-B,TT_B,PsychoPyStudy2Stim/TT_B_8.png,Adam THINKS there are TWO cubes,2,b,h,2,0,2,2,0,2,0,0,0,B,-,0,97,97,141,NA,NA,NA,NA,NA,0.00148520013317465,482.7122455998324,483.09568639984354,483.1957685998641,485.1957526002079,485.5958201000467,485.6978846997954,485.6978846997954,h,1,0.5892901998013258,486.31235279981047,486.31235279981047,486.31235279981047,486.31235279981047,NA,NA,NA,NA,NA,NA,025,001,2024-10-15_11h01.48.847,PsychoPy Exp,2023.1.2,59.97576988375013
Knowledge,FALSE,TB-K,T_NB,PsychoPyStudy2Stim/T_NB_3.png,Adam KNOWS there are TWO cubes,2,h,b,1,0,1,1,0,1,0,0,0,NB,PropFalse,0,98,98,275,NA,NA,NA,NA,NA,0.00166469998657703,486.41198089998215,486.79561639996246,486.8957460001111,488.8956408998929,489.29574469989166,489.39789800019935,489.39789800019935,b,1,0.873402800410986,490.2956666001119,490.2956666001119,490.2956666001119,490.2956666001119,NA,NA,NA,NA,NA,NA,025,001,2024-10-15_11h01.48.847,PsychoPy Exp,2023.1.2,59.97576988375013
Belief,TRUE,FB-Ig,T_B_T,PsychoPyStudy2Stim/T_B_T_5.png,Adam THINKS there is ONE cube,1,b,h,2,0,2,1,0,1,1,0,1,B,-,0,99,99,156,NA,NA,NA,NA,NA,0.00169339962303638,490.3745646001771,490.7453528000042,490.8457363001071,492.8455664999783,493.2457627998665,493.34791120002046,493.34791120002046,h,1,1.675079199951142,495.0455012000166,495.0455012000166,495.0455012000166,495.0455012000166,NA,NA,NA,NA,NA,NA,025,001,2024-10-15_11h01.48.847,PsychoPy Exp,2023.1.2,59.97576988375013
Knowledge,TRUE,TB-K,T_NB,PsychoPyStudy2Stim/T_NB_2.png,Adam KNOWS there is ONE cube,1,b,h,1,0,1,1,0,1,0,0,0,NB,-,0,100,100,220,NA,NA,NA,NA,NA,4.3400004506111e-4,495.11585489986464,495.4956566998735,495.5956041999161,497.59567529987544,497.9954658998177,498.0979206999764,498.0979206999764,h,1,0.9014531997963786,499.028973700013,499.028973700013,499.028973700013,499.028973700013,NA,NA,NA,NA,NA,NA,025,001,2024-10-15_11h01.48.847,PsychoPy Exp,2023.1.2,59.97576988375013
Reality,TRUE,TB-K-B,TD_B,PsychoPyStudy2Stim/TD_B_4.png,"In REALITY, there is ONE cube",1,b,h,2,1,1,2,1,1,0,0,0,B,-,0,101,101,33,NA,NA,NA,NA,NA,0.00165880005806684,499.1208550999872,499.4956339001656,499.59572939993814,501.5956668998115,501.9957026001066,502.09776590019464,502.09776590019464,h,1,1.309505300130695,503.4288105000742,503.4288105000742,503.4288105000742,503.4288105000742,NA,NA,NA,NA,NA,NA,025,001,2024-10-15_11h01.48.847,PsychoPy Exp,2023.1.2,59.97576988375013
Belief,TRUE,TB-K-B,TT_B,PsychoPyStudy2Stim/TT_B_9.png,Adam THINKS there are TWO cubes,2,b,h,2,0,2,2,0,2,0,0,0,B,-,0,102,102,142,NA,NA,NA,NA,NA,0.0016495999880135,503.51702299993485,503.8955486002378,503.9955668998882,505.9955712999217,506.3956498000771,506.4978805999272,506.4978805999272,h,1,0.829343399964273,507.3456835998222,507.3456835998222,507.3456835998222,507.3456835998222,NA,NA,NA,NA,NA,NA,025,001,2024-10-15_11h01.48.847,PsychoPy Exp,2023.1.2,59.97576988375013
Knowledge,FALSE,FB-Ig,T_B_T,PsychoPyStudy2Stim/T_B_T_6.png,Adam KNOWS there are TWO cubes,2,h,b,2,0,2,1,0,1,1,0,1,B,PropTrueNoKnowledge,0,103,103,311,NA,NA,NA,NA,NA,0.00164349982514977,507.4366346001625,507.8121624002233,507.9122239998542,509.91235530003905,510.3123482000083,510.4143493999727,510.4143493999727,b,1,1.14495770027861,511.57896259985864,511.57896259985864,511.57896259985864,511.57896259985864,NA,NA,NA,NA,NA,NA,025,001,2024-10-15_11h01.48.847,PsychoPy Exp,2023.1.2,59.97576988375013
Knowledge,FALSE,TB-Ig,D_B,PsychoPyStudy2Stim/D_B_4.png,Adam KNOWS there are ZERO cubes,0,h,b,1,1,0,1,1,0,0,0,0,B,PropTrueNoKnowledge,0,104,104,291,NA,NA,NA,NA,NA,0.00176929961889982,511.6757372999564,512.0455443998799,512.1456824000925,514.1456947000697,514.5454032002017,514.6476288000122,514.6476288000122,b,1,3.055308999959379,517.728856800124,517.728856800124,517.728856800124,517.728856800124,NA,NA,NA,NA,NA,NA,025,001,2024-10-15_11h01.48.847,PsychoPy Exp,2023.1.2,59.97576988375013
Reality,FALSE,TB-K,T_NB,PsychoPyStudy2Stim/T_NB_3.png,"In REALITY, there are TWO cubes",2,h,b,1,0,1,1,0,1,0,0,0,NB,PropFalse,0,105,105,59,NA,NA,NA,NA,NA,0.0011125998571515,517.817745000124,518.1956783002242,518.2956036999822,520.2954687001184,520.6955901999027,520.7977077001706,520.7977077001706,b,1,1.113996000029147,521.9288111999631,521.9288111999631,521.9288111999631,521.9288111999631,NA,NA,NA,NA,NA,NA,025,001,2024-10-15_11h01.48.847,PsychoPy Exp,2023.1.2,59.97576988375013
Reality,FALSE,TB-K,TT_NB,PsychoPyStudy2Stim/TT_NB_4.png,"In REALITY, there is ONE cube",1,h,b,2,0,2,2,0,2,0,0,0,NB,PropFalse,0,106,106,69,NA,NA,NA,NA,NA,0.00172480009496212,522.0117385000922,522.3954747999087,522.4955933000892,524.4955866001546,524.8955961000174,524.9977528001182,524.9977528001182,b,1,2.098069600295275,527.112238700036,527.112238700036,527.112238700036,527.112238700036,NA,NA,NA,NA,NA,NA,025,001,2024-10-15_11h01.48.847,PsychoPy Exp,2023.1.2,59.97576988375013
Reality,TRUE,FB-Ig,D_B_T,PsychoPyStudy2Stim/D_B_T_1.png,"In REALITY, there is ONE cube",1,b,h,2,1,1,1,1,0,1,0,1,B,-,0,107,107,50,NA,NA,NA,NA,NA,0.00165459979325532,527.1830024998635,527.5621409998275,527.6622333000414,529.6620077998377,530.06233659992,530.1642260001972,530.1642260001972,h,1,1.2996219000779092,531.4955341001041,531.4955341001041,531.4955341001041,531.4955341001041,NA,NA,NA,NA,NA,NA,025,001,2024-10-15_11h01.48.847,PsychoPy Exp,2023.1.2,59.97576988375013
Belief,TRUE,FB-Ig,T_B_T,PsychoPyStudy2Stim/T_B_T_1.png,Adam THINKS there is ONE cube,1,b,h,2,0,2,1,0,1,1,0,1,B,-,0,108,108,146,NA,NA,NA,NA,NA,0.00165160000324249,531.5960960001685,531.9788847998716,532.0787380998954,534.0789064997807,534.4789273999631,534.580848199781,534.580848199781,h,1,0.905999599955976,535.5119757000357,535.5119757000357,535.5119757000357,535.5119757000357,NA,NA,NA,NA,NA,NA,025,001,2024-10-15_11h01.48.847,PsychoPy Exp,2023.1.2,59.97576988375013
Reality,TRUE,TB-Ig,D_B,PsychoPyStudy2Stim/D_B_4.png,"In REALITY, there are ZERO cubes",0,b,h,1,1,0,1,1,0,0,0,0,B,-,0,109,109,21,NA,NA,NA,NA,NA,5.1039969548583e-4,535.5813110000454,535.9621073999442,536.0622984999791,538.061970599927,538.4620693000033,538.5643230997957,538.5643230997957,h,1,0.5068457000888884,539.0954967001453,539.0954967001453,539.0954967001453,539.0954967001453,NA,NA,NA,NA,NA,NA,025,001,2024-10-15_11h01.48.847,PsychoPy Exp,2023.1.2,59.97576988375013
Reality,FALSE,FB-Ig,T_B_T,PsychoPyStudy2Stim/T_B_T_5.png,"In REALITY, there is ONE cube",1,h,b,2,0,2,1,0,1,1,0,1,B,PropFalse,0,110,110,96,NA,NA,NA,NA,NA,0.00164789985865354,539.1844391999766,539.5620637000538,539.6622151997872,541.6621697000228,542.062189000193,542.1642458001152,542.1642458001152,b,1,2.0909338002093136,544.2788201998919,544.2788201998919,544.2788201998919,544.2788201998919,NA,NA,NA,NA,NA,NA,025,001,2024-10-15_11h01.48.847,PsychoPy Exp,2023.1.2,59.97576988375013
Reality,FALSE,TB-Ig,D_B,PsychoPyStudy2Stim/D_B_4.png,"In REALITY, there are TWO cubes",2,h,b,1,1,0,1,1,0,0,0,0,B,PropFalse,0,111,111,75,NA,NA,NA,NA,NA,0.00164739973843097,544.3609453998506,544.7454384998418,544.8455191999674,546.8455198002048,547.2454992998391,547.3476603999734,547.3476603999734,b,1,0.5391688998788595,547.9119251999073,547.9119251999073,547.9119251999073,547.9119251999073,NA,NA,NA,NA,NA,NA,025,001,2024-10-15_11h01.48.847,PsychoPy Exp,2023.1.2,59.97576988375013
Belief,FALSE,TB-K-B,TT_B,PsychoPyStudy2Stim/TT_B_12.png,Adam THINKS there are ZERO cubes,0,h,b,2,0,2,2,0,2,0,0,0,B,PropFalse,0,112,112,199,NA,NA,NA,NA,NA,8.5340021178126e-4,548.0001981998794,548.3785759001039,548.4788632001728,550.4787416001782,550.8786720000207,550.9814202999696,550.9814202999696,b,1,1.0978402001783252,552.0952635002322,552.0952635002322,552.0952635002322,552.0952635002322,NA,NA,NA,NA,NA,NA,025,001,2024-10-15_11h01.48.847,PsychoPy Exp,2023.1.2,59.97576988375013
Knowledge,FALSE,FB-Ig,T_B_T,PsychoPyStudy2Stim/T_B_T_1.png,Adam KNOWS there is ONE cube,1,h,b,2,0,2,1,0,1,1,0,1,B,PropFalse,0,113,113,300,NA,NA,NA,NA,NA,3.9749965071678e-4,552.1721645998769,552.5454155001789,552.6453551999293,554.6455621002242,555.045476899948,555.1476404001005,555.1476404001005,b,1,2.387115200050175,557.5618310999125,557.5618310999125,557.5618310999125,557.5618310999125,NA,NA,NA,NA,NA,NA,025,001,2024-10-15_11h01.48.847,PsychoPy Exp,2023.1.2,59.97576988375013
Reality,FALSE,TB-K,DD_NB,PsychoPyStudy2Stim/DD_NB_2.png,"In REALITY, there are TWO cubes",2,h,b,2,2,0,2,2,0,0,0,0,NB,PropFalse,0,114,114,61,NA,NA,NA,NA,NA,3.9400020614266e-4,557.6342695001513,558.0120191997848,558.1121586998925,560.1121574002318,560.5120900999755,560.6140636000782,560.6140636000782,b,1,0.90499560022726655,561.5453233001754,561.5453233001754,561.5453233001754,561.5453233001754,NA,NA,NA,NA,NA,NA,025,001,2024-10-15_11h01.48.847,PsychoPy Exp,2023.1.2,59.97576988375013
Knowledge,TRUE,TB-K-B,DD_B,PsychoPyStudy2Stim/DD_B_3.png,Adam KNOWS there are ZERO cubes,0,b,h,2,2,0,2,2,0,0,0,0,B,-,0,115,115,236,NA,NA,NA,NA,NA,0.00147360004484653,561.630597199779,562.0120243998244,562.1121240998618,564.112179200165,564.5121297999285,564.6144469999708,564.6144469999708,h,1,1.1446608998812735,565.7787244999781,565.7787244999781,565.7787244999781,565.7787244999781,NA,NA,NA,NA,NA,NA,025,001,2024-10-15_11h01.48.847,PsychoPy Exp,2023.1.2,59.97576988375013
Reality,FALSE,TB-K-B,DD_B,PsychoPyStudy2Stim/DD_B_14.png,"In REALITY, there are TWO cubes",2,h,b,2,2,0,2,2,0,0,0,0,B,PropFalse,0,116,116,81,NA,NA,NA,NA,NA,0.00165459979325532,565.8707071999088,566.2453975002281,566.3454530998133,568.3454542998224,568.7453490002081,568.8475684002042,568.8475684002042,b,1,1.0394796999171376,569.9120284002274,569.9120284002274,569.9120284002274,569.9120284002274,NA,NA,NA,NA,NA,NA,025,001,2024-10-15_11h01.48.847,PsychoPy Exp,2023.1.2,59.97576988375013
Belief,FALSE,FB-Ig,T_B_T,PsychoPyStudy2Stim/T_B_T_5.png,Adam THINKS there are TWO cubes,2,h,b,2,0,2,1,0,1,1,0,1,B,PropTrueNoBelief,0,117,117,204,NA,NA,NA,NA,NA,0.00164239993318915,569.9860943001695,570.3619805001654,570.4621243998408,572.4620990999974,572.8621348999441,572.9641916002147,572.9641916002147,b,1,2.634832600131631,575.6286988002248,575.6286988002248,575.6286988002248,575.6286988002248,NA,NA,NA,NA,NA,NA,025,001,2024-10-15_11h01.48.847,PsychoPy Exp,2023.1.2,59.97576988375013
Belief,TRUE,TB-Ig,D_B_D,PsychoPyStudy2Stim/D_B_D_4.png,Adam THINKS there are ZERO cubes,0,b,h,2,2,0,1,1,0,1,1,0,B,-,0,118,118,133,NA,NA,NA,NA,NA,0.00212940014898777,575.7301727999002,576.1119623999111,576.2121003000066,578.2120237001218,578.6121453000233,578.7141920002177,578.7141920002177,h,1,1.933507100213319,580.6784839997999,580.6784839997999,580.6784839997999,580.6784839997999,NA,NA,NA,NA,NA,NA,025,001,2024-10-15_11h01.48.847,PsychoPy Exp,2023.1.2,59.97576988375013
Knowledge,TRUE,TB-K-B,TD_B,PsychoPyStudy2Stim/TD_B_2.png,Adam KNOWS there is ONE cube,1,b,h,2,1,1,2,1,1,0,0,0,B,-,0,119,119,259,NA,NA,NA,NA,NA,3.8819992914795e-4,580.7595187998377,581.1286877999082,581.2287825997919,583.2284857998602,583.6285601002164,583.730764800217,583.730764800217,h,1,0.4522290001623333,584.2119026998989,584.2119026998989,584.2119026998989,584.2119026998989,NA,NA,NA,NA,NA,NA,025,001,2024-10-15_11h01.48.847,PsychoPy Exp,2023.1.2,59.97576988375013
Belief,TRUE,TB-K,TT_NB,PsychoPyStudy2Stim/TT_NB_1.png,Adam THINKS there are TWO cubes,2,b,h,2,0,2,2,0,2,0,0,0,NB,-,0,120,120,120,NA,NA,NA,NA,NA,0.00149179995059967,584.2822365001775,584.6619376000017,584.7621034998447,586.7620681999251,587.162028899882,587.2640693001449,587.2640693001449,h,1,0.6866887002252042,587.9785457001999,587.9785457001999,587.9785457001999,587.9785457001999,NA,NA,NA,NA,NA,NA,025,001,2024-10-15_11h01.48.847,PsychoPy Exp,2023.1.2,59.97576988375013
Knowledge,TRUE,TB-K-B,TD_B,PsychoPyStudy2Stim/TD_B_1.png,Adam KNOWS there is ONE cube,1,b,h,2,1,1,2,1,1,0,0,0,B,-,0,121,121,258,NA,NA,NA,NA,NA,0.0015556002035737,588.0907438998111,588.4619384999387,588.5620395001024,590.5618595997803,590.962083700113,591.0640418999828,591.0640418999828,h,1,0.6229717000387609,591.7119777002372,591.7119777002372,591.7119777002372,591.7119777002372,NA,NA,NA,NA,NA,NA,025,001,2024-10-15_11h01.48.847,PsychoPy Exp,2023.1.2,59.97576988375013
Belief,TRUE,TB-K-B,TT_B,PsychoPyStudy2Stim/TT_B_1.png,Adam THINKS there are TWO cubes,2,b,h,2,0,2,2,0,2,0,0,0,B,-,0,122,122,134,NA,NA,NA,NA,NA,0.00168759981170296,591.7981711002067,592.1786032998934,592.2785167000256,594.2787052998319,594.6785396002233,594.7808135999367,594.7808135999367,h,1,1.8339144997298715,596.6451940000989,596.6451940000989,596.6451940000989,596.6451940000989,NA,NA,NA,NA,NA,NA,025,001,2024-10-15_11h01.48.847,PsychoPy Exp,2023.1.2,59.97576988375013
Knowledge,FALSE,TB-K,D_NB,PsychoPyStudy2Stim/D_NB_3.png,Adam KNOWS there are TWO cubes,2,h,b,1,1,0,1,1,0,0,0,0,NB,PropFalse,0,123,123,272,NA,NA,NA,NA,NA,0.00147929973900318,596.73621620005,597.1118646999821,597.2119662999175,599.2118846001104,599.6119932997972,599.7140334998257,599.7140334998257,b,1,1.3729082997888329,601.1119252000935,601.1119252000935,601.1119252000935,601.1119252000935,NA,NA,NA,NA,NA,NA,025,001,2024-10-15_11h01.48.847,PsychoPy Exp,2023.1.2,59.97576988375013
Reality,TRUE,TB-Ig,D_B_D,PsychoPyStudy2Stim/D_B_D_4.png,"In REALITY, there are ZERO cubes",0,b,h,2,2,0,1,1,0,1,1,0,B,-,0,124,124,25,NA,NA,NA,NA,NA,0.00165459979325532,601.2032770998776,601.5785301001742,601.6786997998133,603.6786473002285,604.0786497998051,604.1808210997842,604.1808210997842,b,0,0.8901277999393642,605.0952229998074,605.0952229998074,605.0952229998074,605.0952229998074,NA,NA,NA,NA,NA,NA,025,001,2024-10-15_11h01.48.847,PsychoPy Exp,2023.1.2,59.97576988375013
Knowledge,TRUE,TB-K-B,DD_B,PsychoPyStudy2Stim/DD_B_9.png,Adam KNOWS there are ZERO cubes,0,b,h,2,2,0,2,2,0,0,0,0,B,-,0,125,125,242,NA,NA,NA,NA,NA,0.00171329965814948,605.1824798001908,605.5619026999921,605.6620617997833,607.6619016001932,608.0619235001504,608.1641195002012,608.1641195002012,h,1,1.21848569996655,609.4117367002182,609.4117367002182,609.4117367002182,609.4117367002182,NA,NA,NA,NA,NA,NA,025,001,2024-10-15_11h01.48.847,PsychoPy Exp,2023.1.2,59.97576988375013
Knowledge,FALSE,TB-K,T_NB,PsychoPyStudy2Stim/T_NB_2.png,Adam KNOWS there are TWO cubes,2,h,b,1,0,1,1,0,1,0,0,0,NB,PropFalse,0,126,126,274,NA,NA,NA,NA,NA,6.0439994558691e-4,609.4962693001144,609.8784654000774,609.9784268001094,611.9786342000589,612.3784855999984,612.4807144999504,612.4807144999504,b,1,0.7258958001621068,613.2284832000732,613.2284832000732,613.2284832000732,613.2284832000732,NA,NA,NA,NA,NA,NA,025,001,2024-10-15_11h01.48.847,PsychoPy Exp,2023.1.2,59.97576988375013
Belief,FALSE,TB-K-B,TT_B,PsychoPyStudy2Stim/TT_B_5.png,Adam THINKS there are ZERO cubes,0,h,b,2,0,2,2,0,2,0,0,0,B,PropFalse,0,127,127,192,NA,NA,NA,NA,NA,8.988999761641e-4,613.3105056001805,613.6951373000629,613.7953042001463,615.7952450001612,616.1952511998825,616.2975436998531,616.2975436998531,b,1,1.4454226000234485,617.7618634002283,617.7618634002283,617.7618634002283,617.7618634002283,NA,NA,NA,NA,NA,NA,025,001,2024-10-15_11h01.48.847,PsychoPy Exp,2023.1.2,59.97576988375013
Belief,FALSE,FB-Ig,T_B_T,PsychoPyStudy2Stim/T_B_T_1.png,Adam THINKS there are TWO cubes,2,h,b,2,0,2,1,0,1,1,0,1,B,PropTrueNoBelief,0,128,128,200,NA,NA,NA,NA,NA,0.0016737999394536,617.8553820000961,618.2284587998874,618.3285995000042,620.3284175000153,620.7285147001967,620.8306765998714,620.8306765998714,b,1,3.2807213002815843,624.1284321001731,624.1284321001731,624.1284321001731,624.1284321001731,NA,NA,NA,NA,NA,NA,025,001,2024-10-15_11h01.48.847,PsychoPy Exp,2023.1.2,59.97576988375013
Knowledge,FALSE,TB-Ig,D_B_D,PsychoPyStudy2Stim/D_B_D_1.png,Adam KNOWS there are ZERO cubes,0,h,b,2,2,0,1,1,0,1,1,0,B,PropTrueNoKnowledge,0,129,129,292,NA,NA,NA,NA,NA,0.00161280017346143,624.2223725002259,624.595129400026,624.6952193002217,626.6952424999326,627.0950747001916,627.1975426999852,627.1975426999852,b,1,2.113833900075406,629.3283389001153,629.3283389001153,629.3283389001153,629.3283389001153,NA,NA,NA,NA,NA,NA,025,001,2024-10-15_11h01.48.847,PsychoPy Exp,2023.1.2,59.97576988375013
Knowledge,FALSE,TB-K,D_NB,PsychoPyStudy2Stim/D_NB_2.png,Adam KNOWS there is ONE cube,1,h,b,1,1,0,1,1,0,0,0,0,NB,PropFalse,0,130,130,271,NA,NA,NA,NA,NA,3.8640014827251e-4,629.3967279000208,629.7782952999696,629.8786133001558,631.8783280998468,632.2785436999984,632.3806981001981,632.3806981001981,b,1,1.0738450000062585,633.4784145997837,633.4784145997837,633.4784145997837,633.4784145997837,NA,NA,NA,NA,NA,NA,025,001,2024-10-15_11h01.48.847,PsychoPy Exp,2023.1.2,59.97576988375013
Knowledge,FALSE,TB-Ig,D_B,PsychoPyStudy2Stim/D_B_2.png,Adam KNOWS there are ZERO cubes,0,h,b,1,1,0,1,1,0,0,0,0,B,PropTrueNoKnowledge,0,131,131,289,NA,NA,NA,NA,NA,9.2899985611438e-4,633.556590499822,633.9284100998193,634.0284190000966,636.0285555999726,636.4285861998796,636.5307791000232,636.5307791000232,b,1,1.7326664999127388,638.2951241000555,638.2951241000555,638.2951241000555,638.2951241000555,NA,NA,NA,NA,NA,NA,025,001,2024-10-15_11h01.48.847,PsychoPy Exp,2023.1.2,59.97576988375013
Reality,FALSE,TB-K,DD_NB,PsychoPyStudy2Stim/DD_NB_3.png,"In REALITY, there are TWO cubes",2,h,b,2,2,0,2,2,0,0,0,0,NB,PropFalse,0,132,132,62,NA,NA,NA,NA,NA,0.00165670039132237,638.3770539998077,638.7617651000619,638.8618831997737,640.8618662999943,641.2618093998171,641.3640064001083,641.3640064001083,b,1,1.2505020000971854,642.6448168000206,642.6448168000206,642.6448168000206,642.6448168000206,NA,NA,NA,NA,NA,NA,025,001,2024-10-15_11h01.48.847,PsychoPy Exp,2023.1.2,59.97576988375013
Belief,FALSE,TB-K-B,TT_B,PsychoPyStudy2Stim/TT_B_8.png,Adam THINKS there are ZERO cubes,0,h,b,2,0,2,2,0,2,0,0,0,B,PropFalse,0,133,133,195,NA,NA,NA,NA,NA,0.00150700006633996,642.7190082999878,643.0951061001979,643.1951711000875,645.1951727000996,645.595225899946,645.6971646999009,645.6971646999009,b,1,1.2375905998051169,646.9615973001346,646.9615973001346,646.9615973001346,646.9615973001346,NA,NA,NA,NA,NA,NA,025,001,2024-10-15_11h01.48.847,PsychoPy Exp,2023.1.2,59.97576988375013
Reality,TRUE,TB-K,TT_NB,PsychoPyStudy2Stim/TT_NB_6.png,"In REALITY, there are TWO cubes",2,b,h,2,0,2,2,0,2,0,0,0,NB,-,0,134,134,17,NA,NA,NA,NA,NA,0.00167290028184652,647.0316146002151,647.4116829000413,647.5116252000444,649.5116173001006,649.9118749001063,650.0138950999826,650.0138950999826,h,1,1.0005059000104666,651.0450376002118,651.0450376002118,651.0450376002118,651.0450376002118,NA,NA,NA,NA,NA,NA,025,001,2024-10-15_11h01.48.847,PsychoPy Exp,2023.1.2,59.97576988375013
Knowledge,TRUE,TB-K,TT_NB,PsychoPyStudy2Stim/TT_NB_1.png,Adam KNOWS there are TWO cubes,2,b,h,2,0,2,2,0,2,0,0,0,NB,-,0,135,135,228,NA,NA,NA,NA,NA,9.1190030798316e-4,651.1135867000557,651.4949972000904,651.5951479999349,653.5950154000893,653.9951204000972,654.09725409979,654.09725409979,h,1,3.7659207000397146,657.878350299783,657.878350299783,657.878350299783,657.878350299783,NA,NA,NA,NA,NA,NA,025,001,2024-10-15_11h01.48.847,PsychoPy Exp,2023.1.2,59.97576988375013
Reality,FALSE,TB-K,TT_NB,PsychoPyStudy2Stim/TT_NB_6.png,"In REALITY, there is ONE cube",1,h,b,2,0,2,2,0,2,0,0,0,NB,PropFalse,0,136,136,71,NA,NA,NA,NA,NA,0.00170100014656782,657.9699098998681,658.3449740000069,658.4449188001454,660.4450838998891,660.8450768999755,660.9471525000408,660.9471525000408,b,1,0.7553037996403873,661.7282753000036,661.7282753000036,661.7282753000036,661.7282753000036,NA,NA,NA,NA,NA,NA,025,001,2024-10-15_11h01.48.847,PsychoPy Exp,2023.1.2,59.97576988375013
Reality,FALSE,FB-Ig,T_B_T,PsychoPyStudy2Stim/T_B_T_4.png,"In REALITY, there is ONE cube",1,h,b,2,0,2,1,0,1,1,0,1,B,PropFalse,0,137,137,95,NA,NA,NA,NA,NA,0.00112329982221126,661.8154047001153,662.1949797999114,662.2949479999952,664.2950046001934,664.6949939001352,664.7971724001691,664.7971724001691,b,1,1.1376493000425398,665.9617062998004,665.9617062998004,665.9617062998004,665.9617062998004,NA,NA,NA,NA,NA,NA,025,001,2024-10-15_11h01.48.847,PsychoPy Exp,2023.1.2,59.97576988375013
Belief,FALSE,FB-Ig,T_B_T,PsychoPyStudy2Stim/T_B_T_4.png,Adam THINKS there are TWO cubes,2,h,b,2,0,2,1,0,1,1,0,1,B,PropTrueNoBelief,0,138,138,209,NA,NA,NA,NA,NA,0.00167189957574009,666.0485869999975,666.4283035001718,666.5283931000158,668.528243099805,668.9283358999528,669.0304458998144,669.0304458998144,b,1,0.6398994000628591,669.6948659000918,669.6948659000918,669.6948659000918,669.6948659000918,NA,NA,NA,NA,NA,NA,025,001,2024-10-15_11h01.48.847,PsychoPy Exp,2023.1.2,59.97576988375013
Reality,TRUE,TB-Ig,D_B_D,PsychoPyStudy2Stim/D_B_D_2.png,"In REALITY, there are ZERO cubes",0,b,h,2,2,0,1,1,0,1,1,0,B,-,0,139,139,23,NA,NA,NA,NA,NA,4.0350016206502e-4,669.7683851998299,670.1448935000226,670.2450943998992,672.2448980999179,672.6450653001666,672.7471424001269,672.7471424001269,h,1,0.8431453998200595,673.6113280998543,673.6113280998543,673.6113280998543,673.6113280998543,NA,NA,NA,NA,NA,NA,025,001,2024-10-15_11h01.48.847,PsychoPy Exp,2023.1.2,59.97576988375013
Knowledge,TRUE,TB-K,T_NB,PsychoPyStudy2Stim/T_NB_1.png,Adam KNOWS there is ONE cube,1,b,h,1,0,1,1,0,1,0,0,0,NB,-,0,140,140,219,NA,NA,NA,NA,NA,4.024002701044e-4,673.6817159000784,674.0615563997999,674.1617331001908,676.1617058999836,676.5615658001043,676.6638164999895,676.6638164999895,h,1,1.1994551001116631,677.8947701998986,677.8947701998986,677.8947701998986,677.8947701998986,NA,NA,NA,NA,NA,NA,025,001,2024-10-15_11h01.48.847,PsychoPy Exp,2023.1.2,59.97576988375013
Belief,FALSE,TB-K,D_NB,PsychoPyStudy2Stim/D_NB_3.png,Adam THINKS there are TWO cubes,2,h,b,1,1,0,1,1,0,0,0,0,NB,PropFalse,0,141,141,164,NA,NA,NA,NA,NA,3.8449978455901e-4,677.9645059001632,678.3449483001605,678.4448652002029,680.4448744999245,680.8450446999632,680.9470498999581,680.9470498999581,b,1,1.4354567998088896,682.4114924999885,682.4114924999885,682.4114924999885,682.4114924999885,NA,NA,NA,NA,NA,NA,025,001,2024-10-15_11h01.48.847,PsychoPy Exp,2023.1.2,59.97576988375013
Knowledge,TRUE,TB-K-B,DD_B,PsychoPyStudy2Stim/DD_B_10.png,Adam KNOWS there are ZERO cubes,0,b,h,2,2,0,2,2,0,0,0,0,B,-,0,142,142,243,NA,NA,NA,NA,NA,3.8200011476874e-4,682.5046651000157,682.8782317000441,682.9783493001014,684.9783973000012,685.3783692000434,685.4803797998466,685.4803797998466,h,1,0.47030980000272393,685.9783748998307,685.9783748998307,685.9783748998307,685.9783748998307,NA,NA,NA,NA,NA,NA,025,001,2024-10-15_11h01.48.847,PsychoPy Exp,2023.1.2,59.97576988375013
Reality,FALSE,TB-K,D_NB,PsychoPyStudy2Stim/D_NB_3.png,"In REALITY, there are TWO cubes",2,h,b,1,1,0,1,1,0,0,0,0,NB,PropFalse,0,143,143,56,NA,NA,NA,NA,NA,0.0016796002164483,686.0565097997896,686.4282415001653,686.5283206999302,688.5283995000646,688.9283130997792,689.0303576001897,689.0303576001897,b,1,0.5521568995900452,689.611670800019,689.611670800019,689.611670800019,689.611670800019,NA,NA,NA,NA,NA,NA,025,001,2024-10-15_11h01.48.847,PsychoPy Exp,2023.1.2,59.97576988375013
Knowledge,FALSE,TB-Ig,D_B_D,PsychoPyStudy2Stim/D_B_D_4.png,Adam KNOWS there are ZERO cubes,0,h,b,2,2,0,1,1,0,1,1,0,B,PropTrueNoKnowledge,0,144,144,295,NA,NA,NA,NA,NA,0.00168649991974234,689.7079513999633,690.0783024998382,690.1783389002085,692.1782817998901,692.5781414997764,692.6802588999271,692.6802588999271,h,0,1.0464801997877655,693.7447576997802,693.7447576997802,693.7447576997802,693.7447576997802,NA,NA,NA,NA,NA,NA,025,001,2024-10-15_11h01.48.847,PsychoPy Exp,2023.1.2,59.97576988375013
Belief,TRUE,TB-K,D_NB,PsychoPyStudy2Stim/D_NB_3.png,Adam THINKS there are ZERO cubes,0,b,h,1,1,0,1,1,0,0,0,0,NB,-,0,145,145,110,NA,NA,NA,NA,NA,0.00147209968417882,693.8117654002272,694.1948453001678,694.2947864001617,696.2948265001178,696.6949705001898,696.7970226001926,696.7970226001926,h,1,0.8659339002333581,697.6780241997913,697.6780241997913,697.6780241997913,697.6780241997913,NA,NA,NA,NA,NA,NA,025,001,2024-10-15_11h01.48.847,PsychoPy Exp,2023.1.2,59.97576988375013
Belief,TRUE,TB-Ig,D_B,PsychoPyStudy2Stim/D_B_1.png,Adam THINKS there are ZERO cubes,0,b,h,1,1,0,1,1,0,0,0,0,B,-,0,146,146,126,NA,NA,NA,NA,NA,0.00151559989899396,697.7488537002355,698.1282028001733,698.2283335998654,700.2281979001127,700.6281388998032,700.7303673001006,700.7303673001006,h,1,3.460174399893731,704.2114487001672,704.2114487001672,704.2114487001672,704.2114487001672,NA,NA,NA,NA,NA,NA,025,001,2024-10-15_11h01.48.847,PsychoPy Exp,2023.1.2,59.97576988375013
Knowledge,FALSE,FB-Ig,T_B_T,PsychoPyStudy2Stim/T_B_T_5.png,Adam KNOWS there are TWO cubes,2,h,b,2,0,2,1,0,1,1,0,1,B,PropTrueNoKnowledge,0,147,147,316,NA,NA,NA,NA,NA,0.00150630017742514,704.3106904998422,704.694890299812,704.7949349000119,706.794928399846,707.1948394998908,707.2969661001116,707.2969661001116,b,1,2.589293099939823,709.911420899909,709.911420899909,709.911420899909,709.911420899909,NA,NA,NA,NA,NA,NA,025,001,2024-10-15_11h01.48.847,PsychoPy Exp,2023.1.2,59.97576988375013
Belief,TRUE,FB-Ig,T_B_T,PsychoPyStudy2Stim/T_B_T_6.png,Adam THINKS there is ONE cube,1,b,h,2,0,2,1,0,1,1,0,1,B,-,0,148,148,151,NA,NA,NA,NA,NA,6.6990032792091e-4,709.9994560000487,710.3779465998523,710.4782591001131,712.4783029998653,712.8782437001355,712.9812551001087,712.9812551001087,h,1,0.4653424001298845,713.4780012997799,713.4780012997799,713.4780012997799,713.4780012997799,NA,NA,NA,NA,NA,NA,025,001,2024-10-15_11h01.48.847,PsychoPy Exp,2023.1.2,59.97576988375013
Belief,FALSE,TB-K,D_NB,PsychoPyStudy2Stim/D_NB_2.png,Adam THINKS there is ONE cube,1,h,b,1,1,0,1,1,0,0,0,0,NB,PropFalse,0,149,149,163,NA,NA,NA,NA,NA,5.7190004736185e-4,713.5517981001176,713.9282089001499,714.0281095998362,716.02828089986,716.4281655000523,716.5304926000535,716.5304926000535,b,1,0.6040914999321103,717.1615372002125,717.1615372002125,717.1615372002125,717.1615372002125,NA,NA,NA,NA,NA,NA,025,001,2024-10-15_11h01.48.847,PsychoPy Exp,2023.1.2,59.97576988375013
Knowledge,FALSE,TB-K,TD_NB,PsychoPyStudy2Stim/TD_NB_2.png,Adam KNOWS there are ZERO cubes,0,h,b,2,1,1,2,1,1,0,0,0,NB,PropFalse,0,150,150,280,NA,NA,NA,NA,NA,0.00164869986474514,717.2436489001848,717.6278955000453,717.7281757001765,719.7280484000221,720.1281697000377,720.2303054998629,720.2303054998629,b,1,1.135916800238192,721.3947147000581,721.3947147000581,721.3947147000581,721.3947147000581,NA,NA,NA,NA,NA,NA,025,001,2024-10-15_11h01.48.847,PsychoPy Exp,2023.1.2,59.97576988375013
Reality,TRUE,TB-Ig,D_B_D,PsychoPyStudy2Stim/D_B_D_3.png,"In REALITY, there are ZERO cubes",0,b,h,2,2,0,1,1,0,1,1,0,B,-,0,151,151,24,NA,NA,NA,NA,NA,9.2210015282034e-4,721.4983544000424,721.8781612999737,721.9780216999352,723.9782576002181,724.3781669000164,724.4803546001203,724.4803546001203,h,1,0.6146879000589252,725.1114537999965,725.1114537999965,725.1114537999965,725.1114537999965,NA,NA,NA,NA,NA,NA,025,001,2024-10-15_11h01.48.847,PsychoPy Exp,2023.1.2,59.97576988375013
Knowledge,TRUE,TB-K-B,TD_B,PsychoPyStudy2Stim/TD_B_10.png,Adam KNOWS there is ONE cube,1,b,h,2,1,1,2,1,1,0,0,0,B,-,0,152,152,267,NA,NA,NA,NA,NA,0.00167040014639496,725.2136729001068,725.5947162001394,725.6948731001467,727.6946832002141,728.0945119000971,728.1967004998587,728.1967004998587,h,1,2.5617469996213913,730.7780253998935,730.7780253998935,730.7780253998935,730.7780253998935,NA,NA,NA,NA,NA,NA,025,001,2024-10-15_11h01.48.847,PsychoPy Exp,2023.1.2,59.97576988375013
Belief,TRUE,FB-Ig,D_B_T,PsychoPyStudy2Stim/D_B_T_2.png,Adam THINKS there are ZERO cubes,0,b,h,2,1,1,1,1,0,1,0,1,B,-,0,153,153,159,NA,NA,NA,NA,NA,0.00155320018529891,730.881954499986,731.2612017001957,731.3614758998156,733.361439500004,733.7613745001145,733.8635574998334,733.8635574998334,b,0,0.8704723999835551,734.7614722000435,734.7614722000435,734.7614722000435,734.7614722000435,NA,NA,NA,NA,NA,NA,025,001,2024-10-15_11h01.48.847,PsychoPy Exp,2023.1.2,59.97576988375013
Reality,TRUE,TB-K-B,TD_B,PsychoPyStudy2Stim/TD_B_1.png,"In REALITY, there is ONE cube",1,b,h,2,1,1,2,1,1,0,0,0,B,-,0,154,154,30,NA,NA,NA,NA,NA,0.00171380024403333,734.8614973998629,735.2446842999198,735.3447791999206,737.3447115998715,737.744830199983,737.8470342000946,737.8470342000946,h,1,0.6074208999052644,738.4780847998336,738.4780847998336,738.4780847998336,738.4780847998336,NA,NA,NA,NA,NA,NA,025,001,2024-10-15_11h01.48.847,PsychoPy Exp,2023.1.2,59.97576988375013
Knowledge,FALSE,TB-K,TT_NB,PsychoPyStudy2Stim/TT_NB_6.png,Adam KNOWS there is ONE cube,1,h,b,2,0,2,2,0,2,0,0,0,NB,PropFalse,0,155,155,287,NA,NA,NA,NA,NA,0.0016835001297295,738.5543487002142,738.927990199998,739.028124100063,741.0280889999121,741.4280142998323,741.530177500099,741.530177500099,b,1,0.8599595003761351,742.4112785002217,742.4112785002217,742.4112785002217,742.4112785002217,NA,NA,NA,NA,NA,NA,025,001,2024-10-15_11h01.48.847,PsychoPy Exp,2023.1.2,59.97576988375013
Reality,FALSE,TB-Ig,D_B,PsychoPyStudy2Stim/D_B_1.png,"In REALITY, there are TWO cubes",2,h,b,1,1,0,1,1,0,0,0,0,B,PropFalse,0,156,156,72,NA,NA,NA,NA,NA,4.6559982001781e-4,742.4948784001172,742.878046900034,742.9781153998338,744.9780999999493,745.3780795000494,745.4802695000544,745.4802695000544,b,1,0.5741551001556218,746.0780585999601,746.0780585999601,746.0780585999601,746.0780585999601,NA,NA,NA,NA,NA,NA,025,001,2024-10-15_11h01.48.847,PsychoPy Exp,2023.1.2,59.97576988375013
Knowledge,FALSE,TB-Ig,D_B,PsychoPyStudy2Stim/D_B_1.png,Adam KNOWS there are ZERO cubes,0,h,b,1,1,0,1,1,0,0,0,0,B,PropTrueNoKnowledge,0,157,157,288,NA,NA,NA,NA,NA,0.00252259988337755,746.166446799878,746.544645300135,746.6445932001807,748.6445960998535,749.0445532999001,749.1467581000179,749.1467581000179,h,0,0.5003403001464903,749.678037900012,749.678037900012,749.678037900012,749.678037900012,NA,NA,NA,NA,NA,NA,025,001,2024-10-15_11h01.48.847,PsychoPy Exp,2023.1.2,59.97576988375013
Belief,TRUE,TB-K-B,TT_B,PsychoPyStudy2Stim/TT_B_6.png,Adam THINKS there are TWO cubes,2,b,h,2,0,2,2,0,2,0,0,0,B,-,0,158,158,139,NA,NA,NA,NA,NA,0.00177840003743767,749.7713000997901,750.1446520001628,750.2448419001885,752.2447615000419,752.6445884997956,752.7469139997847,752.7469139997847,h,1,0.8592185997404158,753.6279339999892,753.6279339999892,753.6279339999892,753.6279339999892,NA,NA,NA,NA,NA,NA,025,001,2024-10-15_11h01.48.847,PsychoPy Exp,2023.1.2,59.97576988375013
Belief,TRUE,FB-Ig,T_B_T,PsychoPyStudy2Stim/T_B_T_4.png,Adam THINKS there is ONE cube,1,b,h,2,0,2,1,0,1,1,0,1,B,-,0,159,159,149,NA,NA,NA,NA,NA,0.0011383001692593,753.7130792001262,754.094580499921,754.194638799876,756.194688399788,756.5947219999507,756.6979013001546,756.6979013001546,h,1,1.2045066999271512,757.9278008998372,757.9278008998372,757.9278008998372,757.9278008998372,NA,NA,NA,NA,NA,NA,025,001,2024-10-15_11h01.48.847,PsychoPy Exp,2023.1.2,59.97576988375013
Reality,TRUE,TB-K,TT_NB,PsychoPyStudy2Stim/TT_NB_3.png,"In REALITY, there are TWO cubes",2,b,h,2,0,2,2,0,2,0,0,0,NB,-,0,160,160,14,NA,NA,NA,NA,NA,3.728000447154e-4,758.0075034000911,758.3779834001325,758.4778816998005,760.4779564999044,760.8779548997991,760.9800483998843,760.9800483998843,h,1,0.4423548998311162,761.4445234001614,761.4445234001614,761.4445234001614,761.4445234001614,NA,NA,NA,NA,NA,NA,025,001,2024-10-15_11h01.48.847,PsychoPy Exp,2023.1.2,59.97576988375013
Belief,TRUE,TB-K,T_NB,PsychoPyStudy2Stim/T_NB_1.png,Adam THINKS there is ONE cube,1,b,h,1,0,1,1,0,1,0,0,0,NB,-,0,161,161,111,NA,NA,NA,NA,NA,0.00165740028023719,761.51603910001,761.8946199999191,761.9947134000249,763.9947081999853,764.3945463998243,764.4968015998602,764.4968015998602,h,1,0.9979054001159966,765.5202937000431,NA,765.5202937000431,NA,space,44.61394750000909,NA,NA,NA,NA,025,001,2024-10-15_11h01.48.847,PsychoPy Exp,2023.1.2,59.97576988375013
Knowledge,TRUE,TB-K-B,TT_B,PsychoPyStudy2Stim/TT_B_19.png,Adam KNOWS there are TWO cubes,2,b,h,2,0,2,2,0,2,0,0,0,B,-,0,162,162,252,NA,NA,NA,NA,NA,0.00177660025656223,810.2585926000029,810.6277360999957,810.727845299989,812.7278016000055,813.1278260000981,813.2299700002186,813.2299700002186,h,1,0.7359179998748004,813.9943730998784,813.9943730998784,813.9943730998784,813.9943730998784,NA,NA,NA,NA,NA,NA,025,001,2024-10-15_11h01.48.847,PsychoPy Exp,2023.1.2,59.97576988375013
Knowledge,FALSE,FB-Ig,T_B_T,PsychoPyStudy2Stim/T_B_T_2.png,Adam KNOWS there are TWO cubes,2,h,b,2,0,2,1,0,1,1,0,1,B,PropTrueNoKnowledge,0,163,163,313,NA,NA,NA,NA,NA,0.00149830011650919,814.0895949997939,814.4607993001118,814.5609108000062,816.5612010001205,816.9611132000573,817.0632063001394,817.0632063001394,b,1,1.167009899858385,818.2610737001523,818.2610737001523,818.2610737001523,818.2610737001523,NA,NA,NA,NA,NA,NA,025,001,2024-10-15_11h01.48.847,PsychoPy Exp,2023.1.2,59.97576988375013
Belief,FALSE,TB-K,TD_NB,PsychoPyStudy2Stim/TD_NB_1.png,Adam THINKS there are ZERO cubes,0,h,b,2,1,1,2,1,1,0,0,0,NB,PropFalse,0,164,164,171,NA,NA,NA,NA,NA,0.00165560003370046,818.3444962999783,818.7277275999077,818.8278975998983,820.8288634000346,821.2279075002298,821.3299194001593,821.3299194001593,b,1,1.2043289998546245,822.5607880000025,822.5607880000025,822.5607880000025,822.5607880000025,NA,NA,NA,NA,NA,NA,025,001,2024-10-15_11h01.48.847,PsychoPy Exp,2023.1.2,59.97576988375013
Belief,FALSE,TB-K,TT_NB,PsychoPyStudy2Stim/TT_NB_6.png,Adam THINKS there is ONE cube,1,h,b,2,0,2,2,0,2,0,0,0,NB,PropFalse,0,165,165,179,NA,NA,NA,NA,NA,0.00172410020604729,822.636014000047,823.0110063999891,823.1110049001873,825.1110386000946,825.5111278998666,825.6131155001931,825.6131155001931,b,1,1.0649485001340508,826.694326300174,826.694326300174,826.694326300174,826.694326300174,NA,NA,NA,NA,NA,NA,025,001,2024-10-15_11h01.48.847,PsychoPy Exp,2023.1.2,59.97576988375013
Belief,TRUE,TB-Ig,D_B_D,PsychoPyStudy2Stim/D_B_D_1.png,Adam THINKS there are ZERO cubes,0,b,h,2,2,0,1,1,0,1,1,0,B,-,0,166,166,130,NA,NA,NA,NA,NA,6.0559995472431e-4,826.7865983000956,827.160993500147,827.2610233002342,829.2610351000912,829.6609506998211,829.7632594997995,829.7632594997995,h,1,2.0429467000067234,831.8277374999598,831.8277374999598,831.8277374999598,831.8277374999598,NA,NA,NA,NA,NA,NA,025,001,2024-10-15_11h01.48.847,PsychoPy Exp,2023.1.2,59.97576988375013
Knowledge,FALSE,FB-Ig,T_B_T,PsychoPyStudy2Stim/T_B_T_5.png,Adam KNOWS there are TWO cubes,2,h,b,2,0,2,1,0,1,1,0,1,B,PropTrueNoKnowledge,0,167,167,310,NA,NA,NA,NA,NA,0.00167899997904896,831.9191752001643,832.2943106000312,832.3944300999865,834.3943098001182,834.7943122000434,834.8965579001233,834.8965579001233,b,1,2.349844000302255,837.2777319001034,837.2777319001034,837.2777319001034,837.2777319001034,NA,NA,NA,NA,NA,NA,025,001,2024-10-15_11h01.48.847,PsychoPy Exp,2023.1.2,59.97576988375013
Belief,FALSE,TB-Ig,D_B_D,PsychoPyStudy2Stim/D_B_D_3.png,Adam THINKS there is ONE cube,1,h,b,2,2,0,1,1,0,1,1,0,B,PropFalse,0,168,168,186,NA,NA,NA,NA,NA,0.0017669997178018,837.3531138999388,837.7275823000818,837.8277417998761,839.8277561999857,840.2277727997862,840.3298345999792,840.3298345999792,b,1,2.7558899000287056,843.110774599947,843.110774599947,843.110774599947,843.110774599947,NA,NA,NA,NA,NA,NA,025,001,2024-10-15_11h01.48.847,PsychoPy Exp,2023.1.2,59.97576988375013
Belief,TRUE,TB-K-B,TT_B,PsychoPyStudy2Stim/TT_B_3.png,Adam THINKS there are TWO cubes,2,b,h,2,0,2,2,0,2,0,0,0,B,-,0,169,169,136,NA,NA,NA,NA,NA,4.8609962686896e-4,843.1970298001543,843.5774786998518,843.6777305002324,845.677739799954,846.0775902001187,846.1798045001924,846.1798045001924,h,1,1.2741555999964476,847.4775856998749,847.4775856998749,847.4775856998749,847.4775856998749,NA,NA,NA,NA,NA,NA,025,001,2024-10-15_11h01.48.847,PsychoPy Exp,2023.1.2,59.97576988375013
Knowledge,TRUE,TB-K-B,TD_B,PsychoPyStudy2Stim/TD_B_3.png,Adam KNOWS there is ONE cube,1,b,h,2,1,1,2,1,1,0,0,0,B,-,0,170,170,260,NA,NA,NA,NA,NA,0.00158900022506713,847.5546925999224,847.9273434998468,848.0277623999864,850.0275306999683,850.4276872999035,850.5297793000937,850.5297793000937,h,1,1.1562540996819737,851.7108999998309,851.7108999998309,851.7108999998309,851.7108999998309,NA,NA,NA,NA,NA,NA,025,001,2024-10-15_11h01.48.847,PsychoPy Exp,2023.1.2,59.97576988375013
Knowledge,TRUE,TB-K,TT_NB,PsychoPyStudy2Stim/TT_NB_2.png,Adam KNOWS there are TWO cubes,2,b,h,2,0,2,2,0,2,0,0,0,NB,-,0,171,171,229,NA,NA,NA,NA,NA,0.00148539990186691,851.7829833999276,852.161012600176,852.2608623001724,854.2608679998666,854.6610117000528,854.76312769996,854.76312769996,h,1,0.7786866002716124,855.5609178999439,855.5609178999439,855.5609178999439,855.5609178999439,NA,NA,NA,NA,NA,NA,025,001,2024-10-15_11h01.48.847,PsychoPy Exp,2023.1.2,59.97576988375013
Knowledge,TRUE,TB-K,TD_NB,PsychoPyStudy2Stim/TD_NB_1.png,Adam KNOWS there is ONE cube,1,b,h,2,1,1,2,1,1,0,0,0,NB,-,0,172,172,225,NA,NA,NA,NA,NA,9.1279996559023e-4,855.6535522001795,856.0275611998513,856.1276811999269,858.1276984000579,858.5276259998791,858.6297675999813,858.6297675999813,h,1,2.367823800072074,861.0273631000891,861.0273631000891,861.0273631000891,861.0273631000891,NA,NA,NA,NA,NA,NA,025,001,2024-10-15_11h01.48.847,PsychoPy Exp,2023.1.2,59.97576988375013
Knowledge,FALSE,FB-Ig,T_B_T,PsychoPyStudy2Stim/T_B_T_2.png,Adam KNOWS there is ONE cube,1,h,b,2,0,2,1,0,1,1,0,1,B,PropFalse,0,173,173,301,NA,NA,NA,NA,NA,4.7349976375699e-4,861.1036300999112,861.4775650999509,861.5776426000521,863.5775204999372,863.9776266999543,864.0797791997902,864.0797791997902,b,1,1.7260034997016191,865.827472299803,865.827472299803,865.827472299803,865.827472299803,NA,NA,NA,NA,NA,NA,025,001,2024-10-15_11h01.48.847,PsychoPy Exp,2023.1.2,59.97576988375013
Knowledge,FALSE,FB-Ig,T_B_T,PsychoPyStudy2Stim/T_B_T_6.png,Adam KNOWS there is ONE cube,1,h,b,2,0,2,1,0,1,1,0,1,B,PropFalse,0,174,174,305,NA,NA,NA,NA,NA,0.00117179984226822,865.9267949000932,866.3108520000242,866.4109331001528,868.4109772997908,868.8108867998235,868.9130625999533,868.9130625999533,b,1,1.4371429001912477,870.3775471998379,870.3775471998379,870.3775471998379,870.3775471998379,NA,NA,NA,NA,NA,NA,025,001,2024-10-15_11h01.48.847,PsychoPy Exp,2023.1.2,59.97576988375013
Belief,TRUE,TB-K,DD_NB,PsychoPyStudy2Stim/DD_NB_1.png,Adam THINKS there are ZERO cubes,0,b,h,2,2,0,2,2,0,0,0,0,NB,-,0,175,175,114,NA,NA,NA,NA,NA,0.0016804002225399,870.4705393002369,870.8441673000343,870.9443029002286,872.9443447999656,873.3443171000108,873.4463610998355,873.4463610998355,h,1,1.0158255002461374,874.4772085999139,874.4772085999139,874.4772085999139,874.4772085999139,NA,NA,NA,NA,NA,NA,025,001,2024-10-15_11h01.48.847,PsychoPy Exp,2023.1.2,59.97576988375013
Belief,TRUE,TB-K,TD_NB,PsychoPyStudy2Stim/TD_NB_1.png,Adam THINKS there is ONE cube,1,b,h,2,1,1,2,1,1,0,0,0,NB,-,0,176,176,117,NA,NA,NA,NA,NA,3.7139980122447e-4,874.5435322998092,874.9274848001078,875.0276040001772,877.0276488000527,877.4274260001257,877.5296432999894,877.5296432999894,h,1,1.3806312000378966,878.9273406001739,878.9273406001739,878.9273406001739,878.9273406001739,NA,NA,NA,NA,NA,NA,025,001,2024-10-15_11h01.48.847,PsychoPy Exp,2023.1.2,59.97576988375013
Knowledge,TRUE,TB-K-B,TT_B,PsychoPyStudy2Stim/TT_B_20.png,Adam KNOWS there are TWO cubes,2,b,h,2,0,2,2,0,2,0,0,0,B,-,0,177,177,253,NA,NA,NA,NA,NA,5.2500003948807e-4,879.0139970001765,879.3941163998097,879.4942653998733,881.4940575999208,881.8940022001043,881.9963314998895,881.9963314998895,h,1,0.4892469001933932,882.5107725001872,882.5107725001872,882.5107725001872,882.5107725001872,NA,NA,NA,NA,NA,NA,025,001,2024-10-15_11h01.48.847,PsychoPy Exp,2023.1.2,59.97576988375013
Belief,TRUE,TB-K,T_NB,PsychoPyStudy2Stim/T_NB_3.png,Adam THINKS there is ONE cube,1,b,h,1,0,1,1,0,1,0,0,0,NB,-,0,178,178,113,NA,NA,NA,NA,NA,6.7939981818199e-4,882.5945267002098,882.9774819999002,883.0776828997768,885.0774035002105,885.4776542000473,885.5796396001242,885.5796396001242,h,1,0.7619882998988032,886.3606290002353,886.3606290002353,886.3606290002353,886.3606290002353,NA,NA,NA,NA,NA,NA,025,001,2024-10-15_11h01.48.847,PsychoPy Exp,2023.1.2,59.97576988375013
Knowledge,TRUE,TB-K-B,TD_B,PsychoPyStudy2Stim/TD_B_9.png,Adam KNOWS there is ONE cube,1,b,h,2,1,1,2,1,1,0,0,0,B,-,0,179,179,266,NA,NA,NA,NA,NA,6.5479986369609e-4,886.4432349000126,886.827537599951,886.9275957001373,888.927575299982,889.3275492000394,889.4296948998235,889.4296948998235,h,1,0.856197299901396,890.3107051001862,890.3107051001862,890.3107051001862,890.3107051001862,NA,NA,NA,NA,NA,NA,025,001,2024-10-15_11h01.48.847,PsychoPy Exp,2023.1.2,59.97576988375013
Knowledge,FALSE,FB-Ig,T_B_T,PsychoPyStudy2Stim/T_B_T_4.png,Adam KNOWS there is ONE cube,1,h,b,2,0,2,1,0,1,1,0,1,B,PropFalse,0,180,180,303,NA,NA,NA,NA,NA,0.00168580003082752,890.3764463001862,890.7607860001735,890.8608581000008,892.8608606001362,893.2608786998317,893.3630237998441,893.3630237998441,b,1,1.9313333998434248,895.3107683998533,895.3107683998533,895.3107683998533,895.3107683998533,NA,NA,NA,NA,NA,NA,025,001,2024-10-15_11h01.48.847,PsychoPy Exp,2023.1.2,59.97576988375013
Reality,TRUE,TB-K-B,TD_B,PsychoPyStudy2Stim/TD_B_3.png,"In REALITY, there is ONE cube",1,b,h,2,1,1,2,1,1,0,0,0,B,-,0,181,181,32,NA,NA,NA,NA,NA,0.00171909993514418,895.40956680011,895.7939511998557,895.8942085001618,897.8941398002207,898.2941685002297,898.396298199892,898.396298199892,h,1,1.105223699938506,899.5273996000178,899.5273996000178,899.5273996000178,899.5273996000178,NA,NA,NA,NA,NA,NA,025,001,2024-10-15_11h01.48.847,PsychoPy Exp,2023.1.2,59.97576988375013
Reality,FALSE,TB-K,TT_NB,PsychoPyStudy2Stim/TT_NB_3.png,"In REALITY, there are ZERO cubes",0,h,b,2,0,2,2,0,2,0,0,0,NB,PropFalse,0,182,182,68,NA,NA,NA,NA,NA,6.0380017384886e-4,899.6128504001535,899.9940455998294,900.0941822999157,902.0940681998618,902.494174499996,902.596316399984,902.596316399984,b,1,0.7299278997816145,903.34409470018,903.34409470018,903.34409470018,903.34409470018,NA,NA,NA,NA,NA,NA,025,001,2024-10-15_11h01.48.847,PsychoPy Exp,2023.1.2,59.97576988375013
Reality,TRUE,FB-Ig,D_B_T,PsychoPyStudy2Stim/D_B_T_3.png,"In REALITY, there is ONE cube",1,b,h,2,1,1,1,1,0,1,0,1,B,-,0,183,183,52,NA,NA,NA,NA,NA,0.00165960006415843,903.4300474999472,903.8107182001696,903.9105887999758,905.9109144997784,906.3107198001816,906.412914399989,906.412914399989,h,1,3.760890999808907,910.1941045001148,910.1941045001148,910.1941045001148,910.1941045001148,NA,NA,NA,NA,NA,NA,025,001,2024-10-15_11h01.48.847,PsychoPy Exp,2023.1.2,59.97576988375013
Knowledge,FALSE,FB-Ig,T_B_T,PsychoPyStudy2Stim/T_B_T_5.png,Adam KNOWS there is ONE cube,1,h,b,2,0,2,1,0,1,1,0,1,B,PropFalse,0,184,184,304,NA,NA,NA,NA,NA,0.00168689992278814,910.287855700124,910.660505999811,910.7606402002276,912.7607721998356,913.1606315001844,913.263231900055,913.263231900055,b,1,3.494585100095719,916.777302000206,916.777302000206,916.777302000206,916.777302000206,NA,NA,NA,NA,NA,NA,025,001,2024-10-15_11h01.48.847,PsychoPy Exp,2023.1.2,59.97576988375013
Reality,TRUE,TB-K,TT_NB,PsychoPyStudy2Stim/TT_NB_5.png,"In REALITY, there are TWO cubes",2,b,h,2,0,2,2,0,2,0,0,0,NB,-,0,185,185,16,NA,NA,NA,NA,NA,0.00181249994784593,916.853213599883,917.2273210999556,917.3274404997936,919.3274345002136,919.7273368001916,919.8295379998162,919.8295379998162,h,1,1.5758241000585258,921.4272358999588,921.4272358999588,921.4272358999588,921.4272358999588,NA,NA,NA,NA,NA,NA,025,001,2024-10-15_11h01.48.847,PsychoPy Exp,2023.1.2,59.97576988375013
Reality,FALSE,FB-Ig,T_B_T,PsychoPyStudy2Stim/T_B_T_6.png,"In REALITY, there is ONE cube",1,h,b,2,0,2,1,0,1,1,0,1,B,PropFalse,0,186,186,103,NA,NA,NA,NA,NA,3.7340028211474e-4,921.4972983999178,921.8773842002264,921.9774762000887,923.9773556999862,924.3773781000637,924.4793790997936,924.4793790997936,b,1,2.270009099971503,926.777027099859,926.777027099859,926.777027099859,926.777027099859,NA,NA,NA,NA,NA,NA,025,001,2024-10-15_11h01.48.847,PsychoPy Exp,2023.1.2,59.97576988375013
Knowledge,TRUE,TB-K-B,DD_B,PsychoPyStudy2Stim/DD_B_8.png,Adam KNOWS there are ZERO cubes,0,b,h,2,2,0,2,2,0,0,0,0,B,-,0,187,187,241,NA,NA,NA,NA,NA,3.762999549508e-4,926.861759299878,927.2437066999264,927.3438221998512,929.3438229998574,929.743784800172,929.8465320998804,929.8465320998804,h,1,3.847604600246996,933.7103180000558,933.7103180000558,933.7103180000558,933.7103180000558,NA,NA,NA,NA,NA,NA,025,001,2024-10-15_11h01.48.847,PsychoPy Exp,2023.1.2,59.97576988375013
Belief,FALSE,FB-Ig,T_B_T,PsychoPyStudy2Stim/T_B_T_2.png,Adam THINKS there are TWO cubes,2,h,b,2,0,2,1,0,1,1,0,1,B,PropTrueNoBelief,0,188,188,201,NA,NA,NA,NA,NA,3.8310000672936e-4,933.7870412999764,934.1603589002044,934.2606180999428,936.2604535999708,936.6604532999918,936.7631656997836,936.7631656997836,b,1,1.2824426000006497,938.0602819002232,938.0602819002232,938.0602819002232,938.0602819002232,NA,NA,NA,NA,NA,NA,025,001,2024-10-15_11h01.48.847,PsychoPy Exp,2023.1.2,59.97576988375013
Belief,TRUE,TB-Ig,D_B,PsychoPyStudy2Stim/D_B_3.png,Adam THINKS there are ZERO cubes,0,b,h,1,1,0,1,1,0,0,0,0,B,-,0,189,189,128,NA,NA,NA,NA,NA,3.9080018177628e-4,938.1395511999726,938.5103060998954,938.6105439001694,940.6104537001812,941.0104127000086,941.1129002999514,941.1129002999514,h,1,2.292468700092286,943.4269656999968,943.4269656999968,943.4269656999968,943.4269656999968,NA,NA,NA,NA,NA,NA,025,001,2024-10-15_11h01.48.847,PsychoPy Exp,2023.1.2,59.97576988375013
Belief,FALSE,TB-K,DD_NB,PsychoPyStudy2Stim/DD_NB_1.png,Adam THINKS there is ONE cube,1,h,b,2,2,0,2,2,0,0,0,0,NB,PropFalse,0,190,190,168,NA,NA,NA,NA,NA,4.0500005707144e-4,943.5086464001796,943.893626099918,943.9937697998248,945.9938338999636,946.3938095001504,946.4963004998864,946.4963004998864,b,1,0.8850354999303818,947.4102667998524,947.4102667998524,947.4102667998524,947.4102667998524,NA,NA,NA,NA,NA,NA,025,001,2024-10-15_11h01.48.847,PsychoPy Exp,2023.1.2,59.97576988375013
Belief,FALSE,TB-K,TT_NB,PsychoPyStudy2Stim/TT_NB_2.png,Adam THINKS there are ZERO cubes,0,h,b,2,0,2,2,0,2,0,0,0,NB,PropFalse,0,191,191,175,NA,NA,NA,NA,NA,3.8160011172294e-4,947.4784825001844,947.8602857999504,947.9604311999864,949.9604067001492,950.3604148998857,950.4627714999953,950.4627714999953,b,1,7.0312268999405205,957.5102595998906,957.5102595998906,957.5102595998906,957.5102595998906,NA,NA,NA,NA,NA,NA,025,001,2024-10-15_11h01.48.847,PsychoPy Exp,2023.1.2,59.97576988375013
Knowledge,FALSE,FB-Ig,T_B_T,PsychoPyStudy2Stim/T_B_T_4.png,Adam KNOWS there are TWO cubes,2,h,b,2,0,2,1,0,1,1,0,1,B,PropTrueNoKnowledge,0,192,192,315,NA,NA,NA,NA,NA,3.9239972829818e-4,957.5918601001612,957.9769481001422,958.0772099001332,960.077093299944,960.4771421002224,960.5794930998236,960.5794930998236,b,1,5.250178399961442,965.8605701997876,965.8605701997876,965.8605701997876,965.8605701997876,NA,NA,NA,NA,NA,NA,025,001,2024-10-15_11h01.48.847,PsychoPy Exp,2023.1.2,59.97576988375013
Belief,FALSE,FB-Ig,T_B_T,PsychoPyStudy2Stim/T_B_T_3.png,Adam THINKS there are TWO cubes,2,h,b,2,0,2,1,0,1,1,0,1,B,PropTrueNoBelief,0,193,193,202,NA,NA,NA,NA,NA,0.00171389989554882,965.9538406999782,966.3271051999182,966.4272439000196,968.4272572002374,968.8271603998728,968.9294730001128,968.9294730001128,b,1,1.2281272998079658,970.1772130997851,970.1772130997851,970.1772130997851,970.1772130997851,NA,NA,NA,NA,NA,NA,025,001,2024-10-15_11h01.48.847,PsychoPy Exp,2023.1.2,59.97576988375013
Reality,FALSE,FB-Ig,T_B_T,PsychoPyStudy2Stim/T_B_T_3.png,"In REALITY, there is ONE cube",1,h,b,2,0,2,1,0,1,1,0,1,B,PropFalse,0,194,194,94,NA,NA,NA,NA,NA,0.00176460016518831,970.2553310999648,970.627108400222,970.7272517997772,972.7270776000804,973.1271398998796,973.2293186997996,973.2293186997996,b,1,1.496089500375092,974.7436258001252,974.7436258001252,974.7436258001252,974.7436258001252,NA,NA,NA,NA,NA,NA,025,001,2024-10-15_11h01.48.847,PsychoPy Exp,2023.1.2,59.97576988375013
Knowledge,TRUE,TB-K-B,TD_B,PsychoPyStudy2Stim/TD_B_12.png,Adam KNOWS there is ONE cube,1,b,h,2,1,1,2,1,1,0,0,0,B,-,0,195,195,269,NA,NA,NA,NA,NA,3.9880024269223e-4,974.8515151999892,975.2268460001796,975.3269639997744,977.3270407998934,977.7272520000116,977.8292581001296,977.8292581001296,h,1,3.33628509985283,981.1938157998956,981.1938157998956,981.1938157998956,981.1938157998956,NA,NA,NA,NA,NA,NA,025,001,2024-10-15_11h01.48.847,PsychoPy Exp,2023.1.2,59.97576988375013
Reality,FALSE,TB-Ig,D_B_D,PsychoPyStudy2Stim/D_B_D_1.png,"In REALITY, there are TWO cubes",2,h,b,2,2,0,1,1,0,1,1,0,B,PropFalse,0,196,196,76,NA,NA,NA,NA,NA,0.00170399993658065,981.3017368,981.6771117998288,981.7772340001538,983.777084699832,984.1772222998552,984.279302699957,984.279302699957,b,1,0.6307911002077162,984.9269051998854,984.9269051998854,984.9269051998854,984.9269051998854,NA,NA,NA,NA,NA,NA,025,001,2024-10-15_11h01.48.847,PsychoPy Exp,2023.1.2,59.97576988375013
Belief,TRUE,FB-Ig,D_B_T,PsychoPyStudy2Stim/D_B_T_4.png,Adam THINKS there are ZERO cubes,0,b,h,2,1,1,1,1,0,1,0,1,B,-,0,197,197,161,NA,NA,NA,NA,NA,0.00174620002508163,985.0019863001072,985.3770662997848,985.4772021002136,987.4770096000284,987.8771395999938,987.979311299976,987.979311299976,h,1,1.5702846003696322,989.57701550005,989.57701550005,989.57701550005,989.57701550005,NA,NA,NA,NA,NA,NA,025,001,2024-10-15_11h01.48.847,PsychoPy Exp,2023.1.2,59.97576988375013
Belief,FALSE,FB-Ig,T_B_T,PsychoPyStudy2Stim/T_B_T_1.png,Adam THINKS there are TWO cubes,2,h,b,2,0,2,1,0,1,1,0,1,B,PropTrueNoBelief,0,198,198,206,NA,NA,NA,NA,NA,0.00148790003731846,989.6569886999204,990.0270687001756,990.1271882997826,992.127170199994,992.5271157999524,992.6292940001003,992.6292940001003,b,1,0.9922616998665036,993.6436946000904,993.6436946000904,993.6436946000904,993.6436946000904,NA,NA,NA,NA,NA,NA,025,001,2024-10-15_11h01.48.847,PsychoPy Exp,2023.1.2,59.97576988375013
Belief,FALSE,TB-Ig,D_B_D,PsychoPyStudy2Stim/D_B_D_1.png,Adam THINKS there is ONE cube,1,h,b,2,2,0,1,1,0,1,1,0,B,PropFalse,0,199,199,184,NA,NA,NA,NA,NA,0.00168369989842176,993.7130251000636,994.0937203001232,994.1937061999924,996.1938244998456,996.5938145997934,996.6960406000726,996.6960406000726,b,1,5.957130100112408,1002.6768666999416,1002.6768666999416,1002.6768666999416,1002.6768666999416,NA,NA,NA,NA,NA,NA,025,001,2024-10-15_11h01.48.847,PsychoPy Exp,2023.1.2,59.97576988375013
Belief,FALSE,FB-Ig,D_B_T,PsychoPyStudy2Stim/D_B_T_4.png,Adam THINKS there is ONE cube,1,h,b,2,1,1,1,1,0,1,0,1,B,PropTrueNoBelief,0,200,200,215,NA,NA,NA,NA,NA,5.0379987806081e-4,1002.7681827000342,1003.1437050001696,1003.2438068999908,1005.2437972999178,1005.643788299989,1005.7459240001626,1005.7459240001626,b,1,0.9075238001532852,1006.6770489998162,1006.6770489998162,1006.6770489998162,1006.6770489998162,NA,NA,NA,NA,NA,NA,025,001,2024-10-15_11h01.48.847,PsychoPy Exp,2023.1.2,59.97576988375013
Reality,FALSE,FB-Ig,D_B_T,PsychoPyStudy2Stim/D_B_T_1.png,"In REALITY, there are ZERO cubes",0,h,b,2,1,1,1,1,0,1,0,1,B,PropFalse,0,201,201,104,NA,NA,NA,NA,NA,0.0016963998787105,1006.7666425001808,1007.1436069002376,1007.2437758999876,1009.24377179984,1009.6435626000166,1009.7458047000692,1009.7458047000692,b,1,2.4274214999750257,1012.1936007002367,1012.1936007002367,1012.1936007002367,1012.1936007002367,NA,NA,NA,NA,NA,NA,025,001,2024-10-15_11h01.48.847,PsychoPy Exp,2023.1.2,59.97576988375013
Reality,FALSE,TB-K-B,DD_B,PsychoPyStudy2Stim/DD_B_13.png,"In REALITY, there are TWO cubes",2,h,b,2,2,0,2,2,0,0,0,0,B,PropFalse,0,202,202,80,NA,NA,NA,NA,NA,0.00103949988260865,1012.2779425000772,1012.660283899866,1012.7604037998244,1014.7604256002232,1015.1604059999808,1015.262526600156,1015.262526600156,b,1,6.6150735998526216,1021.8936398001388,1021.8936398001388,1021.8936398001388,1021.8936398001388,NA,NA,NA,NA,NA,NA,025,001,2024-10-15_11h01.48.847,PsychoPy Exp,2023.1.2,59.97576988375013
Belief,TRUE,TB-K-B,TT_B,PsychoPyStudy2Stim/TT_B_11.png,Adam THINKS there are TWO cubes,2,b,h,2,0,2,2,0,2,0,0,0,B,-,0,203,203,144,NA,NA,NA,NA,NA,0.00168360024690628,1021.9867699001916,1022.3603342999704,1022.4604306998664,1024.4603650998324,1024.8603570000269,1024.96248870017,1024.96248870017,h,1,1.0589295998215675,1026.0436505000107,1026.0436505000107,1026.0436505000107,1026.0436505000107,NA,NA,NA,NA,NA,NA,025,001,2024-10-15_11h01.48.847,PsychoPy Exp,2023.1.2,59.97576988375013
Knowledge,TRUE,TB-K-B,TD_B,PsychoPyStudy2Stim/TD_B_4.png,Adam KNOWS there is ONE cube,1,b,h,2,1,1,2,1,1,0,0,0,B,-,0,204,204,261,NA,NA,NA,NA,NA,0.00169319985434412,1026.1341216000728,1026.5102248000912,1026.6101571000179,1028.610098300036,1029.0102802999318,1029.1124260001816,1029.1124260001816,h,1,12.324625900015237,1041.4600570998157,1041.4600570998157,1041.4600570998157,1041.4600570998157,NA,NA,NA,NA,NA,NA,025,001,2024-10-15_11h01.48.847,PsychoPy Exp,2023.1.2,59.97576988375013
Knowledge,TRUE,TB-K-B,TT_B,PsychoPyStudy2Stim/TT_B_15.png,Adam KNOWS there are TWO cubes,2,b,h,2,0,2,2,0,2,0,0,0,B,-,0,205,205,248,NA,NA,NA,NA,NA,4.1009997949004e-4,1041.5437842002138,1041.9266838999465,1042.0270763002336,1044.0269720000215,1044.4267846001312,1044.5290657998994,1044.5290657998994,h,1,1.700279699638486,1046.259978199843,1046.259978199843,1046.259978199843,1046.259978199843,NA,NA,NA,NA,NA,NA,025,001,2024-10-15_11h01.48.847,PsychoPy Exp,2023.1.2,59.97576988375013
Reality,TRUE,TB-K-B,TD_B,PsychoPyStudy2Stim/TD_B_6.png,"In REALITY, there is ONE cube",1,b,h,2,1,1,2,1,1,0,0,0,B,-,0,206,206,35,NA,NA,NA,NA,NA,4.0550017729401e-4,1046.3391320002263,1046.7101578000002,1046.810289800167,1048.8103414000943,1049.2102684001438,1049.3122757999226,1049.3122757999226,h,1,0.7086661998182535,1050.0433255000971,1050.0433255000971,1050.0433255000971,1050.0433255000971,NA,NA,NA,NA,NA,NA,025,001,2024-10-15_11h01.48.847,PsychoPy Exp,2023.1.2,59.97576988375013
Reality,FALSE,TB-K,TT_NB,PsychoPyStudy2Stim/TT_NB_2.png,"In REALITY, there are ZERO cubes",0,h,b,2,0,2,2,0,2,0,0,0,NB,PropFalse,0,207,207,67,NA,NA,NA,NA,NA,3.774999640882e-4,1050.1098525999114,1050.4933714000508,1050.5935976002363,1052.5935809998773,1052.9936580001377,1053.0956627000123,1053.0956627000123,b,1,2.6774919000454247,1055.793412100058,1055.793412100058,1055.793412100058,1055.793412100058,NA,NA,NA,NA,NA,NA,025,001,2024-10-15_11h01.48.847,PsychoPy Exp,2023.1.2,59.97576988375013
Belief,TRUE,TB-K-B,TT_B,PsychoPyStudy2Stim/TT_B_5.png,Adam THINKS there are TWO cubes,2,b,h,2,0,2,2,0,2,0,0,0,B,-,0,208,208,138,NA,NA,NA,NA,NA,0.00112329982221126,1055.8822663999165,1056.260096900165,1056.360101299826,1058.360059000086,1058.76027050009,1058.862272399943,1058.862272399943,h,1,1.2389723998494446,1060.1268314998597,1060.1268314998597,1060.1268314998597,1060.1268314998597,NA,NA,NA,NA,NA,NA,025,001,2024-10-15_11h01.48.847,PsychoPy Exp,2023.1.2,59.97576988375013
Knowledge,TRUE,TB-K-B,DD_B,PsychoPyStudy2Stim/DD_B_5.png,Adam KNOWS there are ZERO cubes,0,b,h,2,2,0,2,2,0,0,0,0,B,-,0,209,209,238,NA,NA,NA,NA,NA,0.00167919974774122,1060.2222094000315,1060.593452299945,1060.693587599788,1062.6935467999429,1063.09361719992,1063.195631000213,1063.195631000213,h,1,0.9696836997754872,1064.193480100017,1064.193480100017,1064.193480100017,1064.193480100017,NA,NA,NA,NA,NA,NA,025,001,2024-10-15_11h01.48.847,PsychoPy Exp,2023.1.2,59.97576988375013
Knowledge,FALSE,TB-K,TT_NB,PsychoPyStudy2Stim/TT_NB_5.png,Adam KNOWS there is ONE cube,1,h,b,2,0,2,2,0,2,0,0,0,NB,PropFalse,0,210,210,286,NA,NA,NA,NA,NA,0.00165949994698166,1064.2678127000108,1064.6434923000634,1064.7433966998942,1066.7434944999404,1067.1435401001943,1067.2457567001693,1067.2457567001693,b,1,2.6075065000914037,1069.8767915000208,1069.8767915000208,1069.8767915000208,1069.8767915000208,NA,NA,NA,NA,NA,NA,025,001,2024-10-15_11h01.48.847,PsychoPy Exp,2023.1.2,59.97576988375013
Reality,TRUE,FB-Ig,T_B_T,PsychoPyStudy2Stim/T_B_T_5.png,"In REALITY, there are TWO cubes",2,b,h,2,0,2,1,0,1,1,0,1,B,-,0,211,211,42,NA,NA,NA,NA,NA,0.00165849970653653,1069.9655340001918,1070.3433028999716,1070.4435413000174,1072.4435169999488,1072.8433532002382,1072.945613199845,1072.945613199845,h,1,2.6996076996438205,1075.6765757999383,1075.6765757999383,1075.6765757999383,1075.6765757999383,NA,NA,NA,NA,NA,NA,025,001,2024-10-15_11h01.48.847,PsychoPy Exp,2023.1.2,59.97576988375013
Knowledge,TRUE,TB-K-B,TD_B,PsychoPyStudy2Stim/TD_B_7.png,Adam KNOWS there is ONE cube,1,b,h,2,1,1,2,1,1,0,0,0,B,-,0,212,212,264,NA,NA,NA,NA,NA,0.00150439981371164,1075.7516068001278,1076.1267031999305,1076.226687300019,1078.226844199933,1078.626851699781,1078.7289535999298,1078.7289535999298,h,1,0.5809198003262281,1079.3266958999448,1079.3266958999448,1079.3266958999448,1079.3266958999448,NA,NA,NA,NA,NA,NA,025,001,2024-10-15_11h01.48.847,PsychoPy Exp,2023.1.2,59.97576988375013
Knowledge,TRUE,TB-K-B,TD_B,PsychoPyStudy2Stim/TD_B_5.png,Adam KNOWS there is ONE cube,1,b,h,2,1,1,2,1,1,0,0,0,B,-,0,213,213,262,NA,NA,NA,NA,NA,0.00148440012708306,1079.4024073001929,1079.77669360023,1079.87680489989,1081.876660299953,1082.2766494997777,1082.3789646001533,1082.3789646001533,h,1,2.3146759001538157,1084.7100785002112,1084.7100785002112,1084.7100785002112,1084.7100785002112,NA,NA,NA,NA,NA,NA,025,001,2024-10-15_11h01.48.847,PsychoPy Exp,2023.1.2,59.97576988375013
Knowledge,FALSE,FB-Ig,D_B_T,PsychoPyStudy2Stim/D_B_T_3.png,Adam KNOWS there is ONE cube,1,h,b,2,1,1,1,1,0,1,0,1,B,PropTrueNoKnowledge,0,214,214,320,NA,NA,NA,NA,NA,0.00166450021788477,1084.8004124998115,1085.176659100223,1085.2767814002,1087.276774900034,1087.6767098000273,1087.7788647999987,1087.7788647999987,b,1,1.8341730004176495,1089.64332799986,1089.64332799986,1089.64332799986,1089.64332799986,NA,NA,NA,NA,NA,NA,025,001,2024-10-15_11h01.48.847,PsychoPy Exp,2023.1.2,59.97576988375013
Reality,FALSE,FB-Ig,T_B_T,PsychoPyStudy2Stim/T_B_T_6.png,"In REALITY, there is ONE cube",1,h,b,2,0,2,1,0,1,1,0,1,B,PropFalse,0,215,215,97,NA,NA,NA,NA,NA,0.00112669961526989,1089.744184600189,1090.126675600186,1090.2267775000073,1092.2266460000535,1092.6267201001756,1092.728889499791,1092.728889499791,b,1,1.2679914999753237,1094.026583299972,1094.026583299972,1094.026583299972,1094.026583299972,NA,NA,NA,NA,NA,NA,025,001,2024-10-15_11h01.48.847,PsychoPy Exp,2023.1.2,59.97576988375013
Knowledge,FALSE,FB-Ig,D_B_T,PsychoPyStudy2Stim/D_B_T_3.png,Adam KNOWS there are ZERO cubes,0,h,b,2,1,1,1,1,0,1,0,1,B,PropFalse,0,216,216,323,NA,NA,NA,NA,NA,0.00112970033660531,1094.113145399839,1094.4932392002083,1094.5934524000622,1096.593464099802,1096.993279399816,1097.0955982999876,1097.0955982999876,b,1,3.6455676001496617,1100.7599758999422,1100.7599758999422,1100.7599758999422,1100.7599758999422,NA,NA,NA,NA,NA,NA,025,001,2024-10-15_11h01.48.847,PsychoPy Exp,2023.1.2,59.97576988375013
Knowledge,TRUE,TB-K,TT_NB,PsychoPyStudy2Stim/TT_NB_5.png,Adam KNOWS there are TWO cubes,2,b,h,2,0,2,2,0,2,0,0,0,NB,-,0,217,217,232,NA,NA,NA,NA,NA,0.00165980029851198,1100.8363545998,1101.2099736002274,1101.3099305001087,1103.3099492997862,1103.7099011000246,1103.8119509997778,1103.8119509997778,h,1,0.9048963002860546,1104.7432840000838,1104.7432840000838,1104.7432840000838,1104.7432840000838,NA,NA,NA,NA,NA,NA,025,001,2024-10-15_11h01.48.847,PsychoPy Exp,2023.1.2,59.97576988375013
Reality,TRUE,FB-Ig,T_B_T,PsychoPyStudy2Stim/T_B_T_2.png,"In REALITY, there are TWO cubes",2,b,h,2,0,2,1,0,1,1,0,1,B,-,0,218,218,39,NA,NA,NA,NA,NA,0.00110989995300769,1104.8273315997794,1105.2099377000704,1105.3100649002008,1107.310051499866,1107.7100722999312,1107.8122402001172,1107.8122402001172,h,1,1.4405050999484956,1109.276448099874,1109.276448099874,1109.276448099874,1109.276448099874,NA,NA,NA,NA,NA,NA,025,001,2024-10-15_11h01.48.847,PsychoPy Exp,2023.1.2,59.97576988375013
Belief,TRUE,FB-Ig,T_B_T,PsychoPyStudy2Stim/T_B_T_1.png,Adam THINKS there is ONE cube,1,b,h,2,0,2,1,0,1,1,0,1,B,-,0,219,219,152,NA,NA,NA,NA,NA,4.8660021275281e-4,1109.3603809000924,1109.7432709001005,1109.843222099822,1111.843370500021,1112.243296300061,1112.345408800058,1112.345408800058,h,1,1.3315831003710628,1113.6931360000744,1113.6931360000744,1113.6931360000744,1113.6931360000744,NA,NA,NA,NA,NA,NA,025,001,2024-10-15_11h01.48.847,PsychoPy Exp,2023.1.2,59.97576988375013
Belief,TRUE,TB-K-B,TT_B,PsychoPyStudy2Stim/TT_B_12.png,Adam THINKS there are TWO cubes,2,b,h,2,0,2,2,0,2,0,0,0,B,-,0,220,220,145,NA,NA,NA,NA,NA,4.047998227179e-4,1113.7747569000348,1114.159895400051,1114.2600445998833,1116.2600313997827,1116.6599953002296,1116.7625330002047,1116.7625330002047,h,1,0.6102571999654174,1117.3931053997949,1117.3931053997949,1117.3931053997949,1117.3931053997949,NA,NA,NA,NA,NA,NA,025,001,2024-10-15_11h01.48.847,PsychoPy Exp,2023.1.2,59.97576988375013
Reality,FALSE,TB-K,TD_NB,PsychoPyStudy2Stim/TD_NB_1.png,"In REALITY, there are ZERO cubes",0,h,b,2,1,1,2,1,1,0,0,0,NB,PropFalse,0,221,221,63,NA,NA,NA,NA,NA,4.3040001764893e-4,1117.4702133000828,1117.8432447998784,1117.9433738999069,1119.943194699939,1120.3433222998865,1120.4455309999175,1120.4455309999175,b,1,1.1354438001289964,1121.6099489000626,1121.6099489000626,1121.6099489000626,1121.6099489000626,NA,NA,NA,NA,NA,NA,025,001,2024-10-15_11h01.48.847,PsychoPy Exp,2023.1.2,59.97576988375013
Reality,TRUE,TB-K,DD_NB,PsychoPyStudy2Stim/DD_NB_3.png,"In REALITY, there are ZERO cubes",0,b,h,2,2,0,2,2,0,0,0,0,NB,-,0,222,222,8,NA,NA,NA,NA,NA,0.00165189988911151,1121.6847386998124,1122.0598985999825,1122.1600037999451,1124.1598803000525,1124.559991300106,1124.662324800156,1124.662324800156,h,1,1.31066960003227,1125.9932832000777,1125.9932832000777,1125.9932832000777,1125.9932832000777,NA,NA,NA,NA,NA,NA,025,001,2024-10-15_11h01.48.847,PsychoPy Exp,2023.1.2,59.97576988375013
Belief,TRUE,FB-Ig,T_B_T,PsychoPyStudy2Stim/T_B_T_4.png,Adam THINKS there is ONE cube,1,b,h,2,0,2,1,0,1,1,0,1,B,-,0,223,223,155,NA,NA,NA,NA,NA,0.00166080007329583,1126.0851623001508,1126.45983370021,1126.5598324998282,1128.559967199806,1128.95987949986,1129.0619751000777,1129.0619751000777,h,1,2.4068784001283348,1131.493119200226,1131.493119200226,1131.493119200226,1131.493119200226,NA,NA,NA,NA,NA,NA,025,001,2024-10-15_11h01.48.847,PsychoPy Exp,2023.1.2,59.97576988375013
Belief,FALSE,FB-Ig,T_B_T,PsychoPyStudy2Stim/T_B_T_4.png,Adam THINKS there are TWO cubes,2,h,b,2,0,2,1,0,1,1,0,1,B,PropTrueNoBelief,0,224,224,203,NA,NA,NA,NA,NA,0.00166290020570158,1131.5668795998208,1131.9432096998207,1132.0433228998445,1134.0432660998777,1134.443297199905,1134.5453496999107,1134.5453496999107,b,1,1.123715199995786,1135.693219000008,1135.693219000008,1135.693219000008,1135.693219000008,NA,NA,NA,NA,NA,NA,025,001,2024-10-15_11h01.48.847,PsychoPy Exp,2023.1.2,59.97576988375013
Reality,TRUE,TB-K,TD_NB,PsychoPyStudy2Stim/TD_NB_1.png,"In REALITY, there is ONE cube",1,b,h,2,1,1,2,1,1,0,0,0,NB,-,0,225,225,9,NA,NA,NA,NA,NA,0.00165010010823607,1135.7889705002308,1136.159820199944,1136.2598700001836,1138.2599315000698,1138.6598582002334,1138.7620164002292,1138.7620164002292,h,1,1.266597299836576,1140.0597059000283,1140.0597059000283,1140.0597059000283,1140.0597059000283,NA,NA,NA,NA,NA,NA,025,001,2024-10-15_11h01.48.847,PsychoPy Exp,2023.1.2,59.97576988375013
Knowledge,TRUE,TB-K-B,TT_B,PsychoPyStudy2Stim/TT_B_23.png,Adam KNOWS there are TWO cubes,2,b,h,2,0,2,2,0,2,0,0,0,B,-,0,226,226,256,NA,NA,NA,NA,NA,5.974001251161e-4,1140.1450951001607,1140.5264785001054,1140.626621699892,1142.626609200146,1143.0265585999005,1143.128636199981,1143.128636199981,h,1,1.116979300044477,1144.2765256999992,1144.2765256999992,1144.2765256999992,1144.2765256999992,NA,NA,NA,NA,NA,NA,025,001,2024-10-15_11h01.48.847,PsychoPy Exp,2023.1.2,59.97576988375013
Belief,TRUE,FB-Ig,D_B_T,PsychoPyStudy2Stim/D_B_T_3.png,Adam THINKS there are ZERO cubes,0,b,h,2,1,1,1,1,0,1,0,1,B,-,0,227,227,160,NA,NA,NA,NA,NA,0.00167550006881356,1144.3709638002329,1144.7431159000844,1144.843266800046,1146.8432403001934,1147.2432238999754,1147.3454681001604,1147.3454681001604,h,1,0.6034884001128376,1147.97626900021,1147.97626900021,1147.97626900021,1147.97626900021,NA,NA,NA,NA,NA,NA,025,001,2024-10-15_11h01.48.847,PsychoPy Exp,2023.1.2,59.97576988375013
Reality,TRUE,FB-Ig,D_B_T,PsychoPyStudy2Stim/D_B_T_2.png,"In REALITY, there is ONE cube",1,b,h,2,1,1,1,1,0,1,0,1,B,-,0,228,228,51,NA,NA,NA,NA,NA,4.5450031757354e-4,1148.0548185999503,1148.426443700213,1148.526485600043,1150.5265589999035,1150.9265642999671,1151.0286372001283,1151.0286372001283,h,1,1.3043849999085069,1152.3598461998629,1152.3598461998629,1152.3598461998629,1152.3598461998629,NA,NA,NA,NA,NA,NA,025,001,2024-10-15_11h01.48.847,PsychoPy Exp,2023.1.2,59.97576988375013
Belief,FALSE,TB-K-B,TT_B,PsychoPyStudy2Stim/TT_B_4.png,Adam THINKS there are ZERO cubes,0,h,b,2,0,2,2,0,2,0,0,0,B,PropFalse,0,229,229,191,NA,NA,NA,NA,NA,0.00165550038218498,1152.4379715002142,1152.8097473001108,1152.9099115999416,1154.9099302999675,1155.3098078998737,1155.4122720998712,1155.4122720998712,b,1,0.7847227002494037,1156.226463700179,1156.226463700179,1156.226463700179,1156.226463700179,NA,NA,NA,NA,NA,NA,025,001,2024-10-15_11h01.48.847,PsychoPy Exp,2023.1.2,59.97576988375013
Reality,FALSE,FB-Ig,T_B_T,PsychoPyStudy2Stim/T_B_T_5.png,"In REALITY, there is ONE cube",1,h,b,2,0,2,1,0,1,1,0,1,B,PropFalse,0,230,230,102,NA,NA,NA,NA,NA,0.00166770024225115,1156.3159806001931,1156.692985100206,1156.7931893998757,1158.7931897002272,1159.193131600041,1159.2951044999063,1159.2951044999063,b,1,1.3898164997808635,1160.709797500167,1160.709797500167,1160.709797500167,1160.709797500167,NA,NA,NA,NA,NA,NA,025,001,2024-10-15_11h01.48.847,PsychoPy Exp,2023.1.2,59.97576988375013
Belief,FALSE,TB-Ig,D_B,PsychoPyStudy2Stim/D_B_2.png,Adam THINKS there is ONE cube,1,h,b,1,1,0,1,1,0,0,0,0,B,PropFalse,0,231,231,181,NA,NA,NA,NA,NA,0.00166280008852481,1160.7928252001293,1161.176429899875,1161.276539800223,1163.2764813997785,1163.676400499884,1163.7784885000435,1163.7784885000435,b,1,1.0904366998001933,1164.893144799862,1164.893144799862,1164.893144799862,1164.893144799862,NA,NA,NA,NA,NA,NA,025,001,2024-10-15_11h01.48.847,PsychoPy Exp,2023.1.2,59.97576988375013
Reality,TRUE,TB-Ig,D_B,PsychoPyStudy2Stim/D_B_1.png,"In REALITY, there are ZERO cubes",0,b,h,1,1,0,1,1,0,0,0,0,B,-,0,232,232,18,NA,NA,NA,NA,NA,0.0016757003031671,1164.994492100086,1165.3763182000257,1165.4765042997897,1167.4765268000774,1167.8763744002208,1167.978628799785,1167.978628799785,h,1,0.8824221999384463,1168.876303399913,1168.876303399913,1168.876303399913,1168.876303399913,NA,NA,NA,NA,NA,NA,025,001,2024-10-15_11h01.48.847,PsychoPy Exp,2023.1.2,59.97576988375013
Knowledge,TRUE,TB-K-B,TD_B,PsychoPyStudy2Stim/TD_B_8.png,Adam KNOWS there is ONE cube,1,b,h,2,1,1,2,1,1,0,0,0,B,-,0,233,233,265,NA,NA,NA,NA,NA,7.425001822412e-4,1168.9683198998682,1169.343026699964,1169.4431660999544,1171.4431508001871,1171.8429439999163,1171.9451942997985,1171.9451942997985,h,1,1.907661400269717,1173.8764142999426,1173.8764142999426,1173.8764142999426,1173.8764142999426,NA,NA,NA,NA,NA,NA,025,001,2024-10-15_11h01.48.847,PsychoPy Exp,2023.1.2,59.97576988375013
Belief,FALSE,FB-Ig,T_B_T,PsychoPyStudy2Stim/T_B_T_3.png,Adam THINKS there are TWO cubes,2,h,b,2,0,2,1,0,1,1,0,1,B,PropTrueNoBelief,0,234,234,208,NA,NA,NA,NA,NA,0.00164359994232654,1173.9619355998002,1174.3430399000645,1174.442846999969,1176.442889700178,1176.8430500999093,1176.9451937000267,1176.9451937000267,b,1,1.3643598002381625,1178.3261393001303,1178.3261393001303,1178.3261393001303,1178.3261393001303,NA,NA,NA,NA,NA,NA,025,001,2024-10-15_11h01.48.847,PsychoPy Exp,2023.1.2,59.97576988375013
Reality,FALSE,FB-Ig,T_B_T,PsychoPyStudy2Stim/T_B_T_2.png,"In REALITY, there is ONE cube",1,h,b,2,0,2,1,0,1,1,0,1,B,PropFalse,0,235,235,93,NA,NA,NA,NA,NA,0.00167159968987107,1178.401881299913,1178.7763526001943,1178.8764471001923,1180.8762675002215,1181.276456200052,1181.3785680998117,1181.3785680998117,b,1,1.2022222997620702,1182.609643000178,1182.609643000178,1182.609643000178,1182.609643000178,NA,NA,NA,NA,NA,NA,025,001,2024-10-15_11h01.48.847,PsychoPy Exp,2023.1.2,59.97576988375013
Reality,FALSE,TB-Ig,D_B,PsychoPyStudy2Stim/D_B_2.png,"In REALITY, there are TWO cubes",2,h,b,1,1,0,1,1,0,0,0,0,B,PropFalse,0,236,236,73,NA,NA,NA,NA,NA,0.00149400020018219,1182.7061875998045,1183.0763221001253,1183.17639209982,1185.1764312000014,1185.5763810002245,1185.6785920998082,1185.6785920998082,b,1,0.9579271003603936,1186.6594740999865,1186.6594740999865,1186.6594740999865,1186.6594740999865,NA,NA,NA,NA,NA,NA,025,001,2024-10-15_11h01.48.847,PsychoPy Exp,2023.1.2,59.97576988375013
Reality,TRUE,TB-K,TT_NB,PsychoPyStudy2Stim/TT_NB_4.png,"In REALITY, there are TWO cubes",2,b,h,2,0,2,2,0,2,0,0,0,NB,-,0,237,237,15,NA,NA,NA,NA,NA,3.7690019235014e-4,1186.7314885999076,1187.1096815997737,1187.2097438001074,1189.209757400211,1189.6097062998451,1189.7118782000616,1189.7118782000616,h,1,0.540905799716711,1190.2763116001152,1190.2763116001152,1190.2763116001152,1190.2763116001152,NA,NA,NA,NA,NA,NA,025,001,2024-10-15_11h01.48.847,PsychoPy Exp,2023.1.2,59.97576988375013
Reality,FALSE,TB-K-B,TD_B,PsychoPyStudy2Stim/TD_B_3.png,"In REALITY, there are ZERO cubes",0,h,b,2,1,1,2,1,1,0,0,0,B,PropFalse,0,238,238,86,NA,NA,NA,NA,NA,0.00164850009605288,1190.3655989998952,1190.7429422000423,1190.8430575001985,1192.8431091997772,1193.2429343000986,1193.3451812998392,1193.3451812998392,b,1,1.0039281002245843,1194.3763585998677,1194.3763585998677,1194.3763585998677,1194.3763585998677,NA,NA,NA,NA,NA,NA,025,001,2024-10-15_11h01.48.847,PsychoPy Exp,2023.1.2,59.97576988375013
Belief,FALSE,FB-Ig,T_B_T,PsychoPyStudy2Stim/T_B_T_2.png,Adam THINKS there are TWO cubes,2,h,b,2,0,2,1,0,1,1,0,1,B,PropTrueNoBelief,0,239,239,207,NA,NA,NA,NA,NA,0.00165880005806684,1194.4694135999307,1194.8429756998084,1194.9430494001135,1196.942932699807,1197.3430604999885,1197.44493470015,1197.44493470015,b,1,1.367530500050634,1198.8429070999846,1198.8429070999846,1198.8429070999846,1198.8429070999846,NA,NA,NA,NA,NA,NA,025,001,2024-10-15_11h01.48.847,PsychoPy Exp,2023.1.2,59.97576988375013
Knowledge,TRUE,TB-K-B,TT_B,PsychoPyStudy2Stim/TT_B_13.png,Adam KNOWS there are TWO cubes,2,b,h,2,0,2,2,0,2,0,0,0,B,-,0,240,240,246,NA,NA,NA,NA,NA,9.0599991381168e-4,1198.9406512998976,1199.3262200001627,1199.4263756000437,1201.4263885999098,1201.826375800185,1201.9285721001215,1201.9285721001215,h,1,0.8122401000000536,1202.759566000197,1202.759566000197,1202.759566000197,1202.759566000197,NA,NA,NA,NA,NA,NA,025,001,2024-10-15_11h01.48.847,PsychoPy Exp,2023.1.2,59.97576988375013
Knowledge,FALSE,TB-K,DD_NB,PsychoPyStudy2Stim/DD_NB_1.png,Adam KNOWS there is ONE cube,1,h,b,2,2,0,2,2,0,0,0,0,NB,PropFalse,0,241,241,276,NA,NA,NA,NA,NA,0.00148280011489987,1202.8460598001257,1203.2262666001916,1203.3263468998484,1205.3263471000828,1205.726295699831,1205.8283915999343,1205.8283915999343,b,1,1.9679760001599789,1207.8261911999434,1207.8261911999434,1207.8261911999434,1207.8261911999434,NA,NA,NA,NA,NA,NA,025,001,2024-10-15_11h01.48.847,PsychoPy Exp,2023.1.2,59.97576988375013
Knowledge,FALSE,TB-K,TD_NB,PsychoPyStudy2Stim/TD_NB_3.png,Adam KNOWS there are TWO cubes,2,h,b,2,1,1,2,1,1,0,0,0,NB,PropFalse,0,242,242,281,NA,NA,NA,NA,NA,8.7830005213618e-4,1207.9155199001543,1208.2928611999378,1208.3930667000825,1210.3928450001404,1210.7929592998698,1210.8950574998744,1210.8950574998744,b,1,3.5736541002988815,1214.5099785001948,NA,1214.5099785001948,NA,space,28.622316299937665,NA,NA,NA,NA,025,001,2024-10-15_11h01.48.847,PsychoPy Exp,2023.1.2,59.97576988375013
Belief,FALSE,FB-Ig,T_B_T,PsychoPyStudy2Stim/T_B_T_6.png,Adam THINKS there are TWO cubes,2,h,b,2,0,2,1,0,1,1,0,1,B,PropTrueNoBelief,0,243,243,211,NA,NA,NA,NA,NA,3.8830004632472e-4,1243.2384202000685,1243.6091471998952,1243.7094236002304,1245.7095447001047,1246.1095580998808,1246.2116275997832,1246.2116275997832,b,1,1.176954799797386,1247.4095359998755,1247.4095359998755,1247.4095359998755,1247.4095359998755,NA,NA,NA,NA,NA,NA,025,001,2024-10-15_11h01.48.847,PsychoPy Exp,2023.1.2,59.97576988375013
Knowledge,FALSE,TB-K,TD_NB,PsychoPyStudy2Stim/TD_NB_1.png,Adam KNOWS there are ZERO cubes,0,h,b,2,1,1,2,1,1,0,0,0,NB,PropFalse,0,244,244,279,NA,NA,NA,NA,NA,0.00171339977532625,1247.4967370000668,1247.8760417997837,1247.9762373999692,1249.9762106002308,1250.3761228998192,1250.4782833000645,1250.4782833000645,b,1,0.9502830002456903,1251.4594179000703,1251.4594179000703,1251.4594179000703,1251.4594179000703,NA,NA,NA,NA,NA,NA,025,001,2024-10-15_11h01.48.847,PsychoPy Exp,2023.1.2,59.97576988375013
Knowledge,TRUE,TB-K,TT_NB,PsychoPyStudy2Stim/TT_NB_4.png,Adam KNOWS there are TWO cubes,2,b,h,2,0,2,2,0,2,0,0,0,NB,-,0,245,245,231,NA,NA,NA,NA,NA,0.00164909986779093,1251.5475749000907,1251.9260860998183,1252.0261948998086,1254.026214499958,1254.4261937998235,1254.5282708997838,1254.5282708997838,h,1,0.6602361002005637,1255.209414999932,1255.209414999932,1255.209414999932,1255.209414999932,NA,NA,NA,NA,NA,NA,025,001,2024-10-15_11h01.48.847,PsychoPy Exp,2023.1.2,59.97576988375013
Reality,TRUE,TB-K-B,DD_B,PsychoPyStudy2Stim/DD_B_15.png,"In REALITY, there are ZERO cubes",0,b,h,2,2,0,2,2,0,0,0,0,B,-,0,246,246,28,NA,NA,NA,NA,NA,0.00166240008547902,1255.3211254999042,1255.6926951999776,1255.7928222999908,1257.7928089997731,1258.192823600024,1258.2948749000209,1258.2948749000209,h,1,0.7337031997740269,1259.059443200007,1259.059443200007,1259.059443200007,1259.059443200007,NA,NA,NA,NA,NA,NA,025,001,2024-10-15_11h01.48.847,PsychoPy Exp,2023.1.2,59.97576988375013
Reality,TRUE,TB-Ig,D_B,PsychoPyStudy2Stim/D_B_2.png,"In REALITY, there are ZERO cubes",0,b,h,1,1,0,1,1,0,0,0,0,B,-,0,247,247,19,NA,NA,NA,NA,NA,0.00166109995916485,1259.1454527000897,1259.5260672001168,1259.6261427998545,1261.626263299957,1262.0259198001586,1262.1283188997768,1262.1283188997768,h,1,0.7329030996188521,1262.8925788002089,1262.8925788002089,1262.8925788002089,1262.8925788002089,NA,NA,NA,NA,NA,NA,025,001,2024-10-15_11h01.48.847,PsychoPy Exp,2023.1.2,59.97576988375013
Reality,FALSE,TB-K,T_NB,PsychoPyStudy2Stim/T_NB_2.png,"In REALITY, there are TWO cubes",2,h,b,1,0,1,1,0,1,0,0,0,NB,PropFalse,0,248,248,58,NA,NA,NA,NA,NA,3.923000767827e-4,1262.9643926001154,1263.3427428998984,1263.4426803002134,1265.4428451000713,1265.8427806999534,1265.9448267999103,1265.9448267999103,b,1,1.0034230998717248,1266.9760186001658,1266.9760186001658,1266.9760186001658,1266.9760186001658,NA,NA,NA,NA,NA,NA,025,001,2024-10-15_11h01.48.847,PsychoPy Exp,2023.1.2,59.97576988375013
Knowledge,TRUE,TB-K-B,TD_B,PsychoPyStudy2Stim/TD_B_6.png,Adam KNOWS there is ONE cube,1,b,h,2,1,1,2,1,1,0,0,0,B,-,0,249,249,263,NA,NA,NA,NA,NA,0.00110660027712583,1267.0672635999508,1267.442646900192,1267.542634199839,1269.542628500145,1269.942705300171,1270.0450561000034,1270.0450561000034,h,1,1.1512414999306202,1271.2259499998763,1271.2259499998763,1271.2259499998763,1271.2259499998763,NA,NA,NA,NA,NA,NA,025,001,2024-10-15_11h01.48.847,PsychoPy Exp,2023.1.2,59.97576988375013
Belief,TRUE,FB-Ig,T_B_T,PsychoPyStudy2Stim/T_B_T_2.png,Adam THINKS there is ONE cube,1,b,h,2,0,2,1,0,1,1,0,1,B,-,0,250,250,153,NA,NA,NA,NA,NA,0.0014694002456963,1271.3234880999662,1271.6926358002238,1271.7925980999134,1273.792659500148,1274.1925135999918,1274.2950487998314,1274.2950487998314,h,1,1.0771604999899864,1275.392620100174,1275.392620100174,1275.392620100174,1275.392620100174,NA,NA,NA,NA,NA,NA,025,001,2024-10-15_11h01.48.847,PsychoPy Exp,2023.1.2,59.97576988375013
Belief,FALSE,TB-K-B,TT_B,PsychoPyStudy2Stim/TT_B_9.png,Adam THINKS there are ZERO cubes,0,h,b,2,0,2,2,0,2,0,0,0,B,PropFalse,0,251,251,196,NA,NA,NA,NA,NA,6.8709999322891e-4,1275.4859616998583,1275.8593211001717,1275.9593106000684,1277.9594060000964,1278.3594908001833,1278.4616465000436,1278.4616465000436,b,1,0.8388224001973867,1279.3259872999042,1279.3259872999042,1279.3259872999042,1279.3259872999042,NA,NA,NA,NA,NA,NA,025,001,2024-10-15_11h01.48.847,PsychoPy Exp,2023.1.2,59.97576988375013
Reality,TRUE,TB-K-B,TD_B,PsychoPyStudy2Stim/TD_B_7.png,"In REALITY, there is ONE cube",1,b,h,2,1,1,2,1,1,0,0,0,B,-,0,252,252,36,NA,NA,NA,NA,NA,0.00166509998962283,1279.4203185997903,1279.7925962000154,1279.8927593999542,1281.8927329001017,1282.2926050000824,1282.394803499803,1282.394803499803,h,1,1.2016608002595603,1283.6259892000817,1283.6259892000817,1283.6259892000817,1283.6259892000817,NA,NA,NA,NA,NA,NA,025,001,2024-10-15_11h01.48.847,PsychoPy Exp,2023.1.2,59.97576988375013
Knowledge,FALSE,TB-K-B,TT_B,PsychoPyStudy2Stim/TT_B_15.png,Adam KNOWS there are ZERO cubes,0,h,b,2,0,2,2,0,2,0,0,0,B,PropFalse,0,253,253,297,NA,NA,NA,NA,NA,0.00163409998640418,1283.721639300231,1284.0926064997911,1284.1927725998685,1286.1926846997812,1286.5927687999792,1286.6948215002194,1286.6948215002194,b,1,1.133344899863005,1287.8592953998595,1287.8592953998595,1287.8592953998595,1287.8592953998595,NA,NA,NA,NA,NA,NA,025,001,2024-10-15_11h01.48.847,PsychoPy Exp,2023.1.2,59.97576988375013
Belief,FALSE,TB-K-B,TT_B,PsychoPyStudy2Stim/TT_B_3.png,Adam THINKS there are ZERO cubes,0,h,b,2,0,2,2,0,2,0,0,0,B,PropFalse,0,254,254,190,NA,NA,NA,NA,NA,0.00160639965906739,1287.9402665002272,1288.325910899788,1288.4260766999796,1290.426128800027,1290.8260360998102,1290.9281281000003,1290.9281281000003,b,1,3.523883600253612,1294.475626199972,1294.475626199972,1294.475626199972,1294.475626199972,NA,NA,NA,NA,NA,NA,025,001,2024-10-15_11h01.48.847,PsychoPy Exp,2023.1.2,59.97576988375013
Belief,FALSE,TB-K-B,TT_B,PsychoPyStudy2Stim/TT_B_10.png,Adam THINKS there are ZERO cubes,0,h,b,2,0,2,2,0,2,0,0,0,B,PropFalse,0,255,255,197,NA,NA,NA,NA,NA,3.8340035825967e-4,1294.5503087001853,1294.9259342998266,1295.026039400138,1297.0258518001065,1297.4258694997989,1297.528133200016,1297.528133200016,b,1,0.8922378001734614,1298.442605600227,1298.442605600227,1298.442605600227,1298.442605600227,NA,NA,NA,NA,NA,NA,025,001,2024-10-15_11h01.48.847,PsychoPy Exp,2023.1.2,59.97576988375013
Belief,FALSE,FB-Ig,D_B_T,PsychoPyStudy2Stim/D_B_T_2.png,Adam THINKS there is ONE cube,1,h,b,2,1,1,1,1,0,1,0,1,B,PropTrueNoBelief,0,256,256,213,NA,NA,NA,NA,NA,0.00165850017219781,1298.536488499958,1298.9092513001524,1299.0093437000178,1301.009164699819,1301.409421700053,1301.5114438999444,1301.5114438999444,b,1,1.716956099960953,1303.259238100145,1303.259238100145,1303.259238100145,1303.259238100145,NA,NA,NA,NA,NA,NA,025,001,2024-10-15_11h01.48.847,PsychoPy Exp,2023.1.2,59.97576988375013
Reality,TRUE,FB-Ig,T_B_T,PsychoPyStudy2Stim/T_B_T_3.png,"In REALITY, there are TWO cubes",2,b,h,2,0,2,1,0,1,1,0,1,B,-,0,257,257,40,NA,NA,NA,NA,NA,0.00164909986779093,1303.3402593000792,1303.7258294001222,1303.8260086998343,1305.825974599924,1306.2259824997743,1306.3280454999767,1306.3280454999767,h,1,1.3403393998742104,1307.6924808998592,1307.6924808998592,1307.6924808998592,1307.6924808998592,NA,NA,NA,NA,NA,NA,025,001,2024-10-15_11h01.48.847,PsychoPy Exp,2023.1.2,59.97576988375013
Knowledge,TRUE,TB-K-B,DD_B,PsychoPyStudy2Stim/DD_B_12.png,Adam KNOWS there are ZERO cubes,0,b,h,2,2,0,2,2,0,0,0,0,B,-,0,258,258,245,NA,NA,NA,NA,NA,0.0014908998273313,1307.7822043998167,1308.1590136000889,1308.259328899905,1310.2593225999735,1310.6593793998472,1310.7613953999244,1310.7613953999244,h,1,1.579023799858987,1312.3591935997829,1312.3591935997829,1312.3591935997829,1312.3591935997829,NA,NA,NA,NA,NA,NA,025,001,2024-10-15_11h01.48.847,PsychoPy Exp,2023.1.2,59.97576988375013
Reality,FALSE,TB-K,D_NB,PsychoPyStudy2Stim/D_NB_2.png,"In REALITY, there is ONE cube",1,h,b,1,1,0,1,1,0,0,0,0,NB,PropFalse,0,259,259,55,NA,NA,NA,NA,NA,0.00147369969636201,1312.4494553999975,1312.8258322002366,1312.9259350001812,1314.9260070999153,1315.325870799832,1315.428007800132,1315.428007800132,b,1,5.799927100073546,1321.2589798998088,1321.2589798998088,1321.2589798998088,1321.2589798998088,NA,NA,NA,NA,NA,NA,025,001,2024-10-15_11h01.48.847,PsychoPy Exp,2023.1.2,59.97576988375013
Belief,FALSE,TB-K,D_NB,PsychoPyStudy2Stim/D_NB_1.png,Adam THINKS there is ONE cube,1,h,b,1,1,0,1,1,0,0,0,0,NB,PropFalse,0,260,260,162,NA,NA,NA,NA,NA,4.6280026435852e-4,1321.337627899833,1321.709121500142,1321.8092362000607,1323.8092432999983,1324.2091900999658,1324.3112409999594,1324.3112409999594,b,1,4.020704099908471,1328.3588307001628,1328.3588307001628,1328.3588307001628,1328.3588307001628,NA,NA,NA,NA,NA,NA,025,001,2024-10-15_11h01.48.847,PsychoPy Exp,2023.1.2,59.97576988375013
Reality,FALSE,TB-Ig,D_B_D,PsychoPyStudy2Stim/D_B_D_3.png,"In REALITY, there are TWO cubes",2,h,b,2,2,0,1,1,0,1,1,0,B,PropFalse,0,261,261,78,NA,NA,NA,NA,NA,4.1519990190863e-4,1328.4429482999258,1328.825481900014,1328.9256409001537,1330.9255765997805,1331.325698799919,1331.4278786000796,1331.4278786000796,b,1,1.2005821000784636,1332.6588592999617,1332.6588592999617,1332.6588592999617,1332.6588592999617,NA,NA,NA,NA,NA,NA,025,001,2024-10-15_11h01.48.847,PsychoPy Exp,2023.1.2,59.97576988375013
Knowledge,TRUE,TB-K-B,TT_B,PsychoPyStudy2Stim/TT_B_24.png,Adam KNOWS there are TWO cubes,2,b,h,2,0,2,2,0,2,0,0,0,B,-,0,262,262,257,NA,NA,NA,NA,NA,4.3170014396309e-4,1332.7523822002113,1333.1254687001929,1333.225666999817,1335.225630799774,1335.6255931998603,1335.727668200154,1335.727668200154,h,1,5.188209999818355,1340.942157600075,1340.942157600075,1340.942157600075,1340.942157600075,NA,NA,NA,NA,NA,NA,025,001,2024-10-15_11h01.48.847,PsychoPy Exp,2023.1.2,59.97576988375013
Reality,TRUE,TB-K-B,TD_B,PsychoPyStudy2Stim/TD_B_9.png,"In REALITY, there is ONE cube",1,b,h,2,1,1,2,1,1,0,0,0,B,-,0,263,263,37,NA,NA,NA,NA,NA,3.762999549508e-4,1341.016406599898,1341.3921443000436,1341.492273800075,1343.4922517999075,1343.8922374001704,1343.9944290001877,1343.9944290001877,h,1,1.081909699831158,1345.0921168997884,1345.0921168997884,1345.0921168997884,1345.0921168997884,NA,NA,NA,NA,NA,NA,025,001,2024-10-15_11h01.48.847,PsychoPy Exp,2023.1.2,59.97576988375013
Reality,TRUE,TB-K,DD_NB,PsychoPyStudy2Stim/DD_NB_1.png,"In REALITY, there are ZERO cubes",0,b,h,2,2,0,2,2,0,0,0,0,NB,-,0,264,264,6,NA,NA,NA,NA,NA,3.8060033693909e-4,1345.1650729998946,1345.5421424000524,1345.6422847998329,1347.6422556000762,1348.0423071999105,1348.1445577000268,1348.1445577000268,h,1,0.4675765000283718,1348.6421533999965,1348.6421533999965,1348.6421533999965,1348.6421533999965,NA,NA,NA,NA,NA,NA,025,001,2024-10-15_11h01.48.847,PsychoPy Exp,2023.1.2,59.97576988375013
Knowledge,FALSE,FB-Ig,D_B_T,PsychoPyStudy2Stim/D_B_T_1.png,Adam KNOWS there is ONE cube,1,h,b,2,1,1,1,1,0,1,0,1,B,PropTrueNoKnowledge,0,265,265,318,NA,NA,NA,NA,NA,3.8170022889971e-4,1348.712344400119,1349.0920653999783,1349.1922308998182,1351.192275899928,1351.5923290997744,1351.6943838000298,1351.6943838000298,b,1,3.893552599940449,1355.6090484000742,1355.6090484000742,1355.6090484000742,1355.6090484000742,NA,NA,NA,NA,NA,NA,025,001,2024-10-15_11h01.48.847,PsychoPy Exp,2023.1.2,59.97576988375013
Knowledge,FALSE,FB-Ig,T_B_T,PsychoPyStudy2Stim/T_B_T_3.png,Adam KNOWS there are TWO cubes,2,h,b,2,0,2,1,0,1,1,0,1,B,PropTrueNoKnowledge,0,266,266,314,NA,NA,NA,NA,NA,9.2139979824423e-4,1355.6886014002375,1356.0589803000912,1356.159096899908,1358.159104899969,1358.5589470998384,1358.6612199000083,1358.6612199000083,b,1,0.7190143000334501,1359.4090085001662,1359.4090085001662,1359.4090085001662,1359.4090085001662,NA,NA,NA,NA,NA,NA,025,001,2024-10-15_11h01.48.847,PsychoPy Exp,2023.1.2,59.97576988375013
Belief,FALSE,TB-K,TD_NB,PsychoPyStudy2Stim/TD_NB_3.png,Adam THINKS there are TWO cubes,2,h,b,2,1,1,2,1,1,0,0,0,NB,PropFalse,0,267,267,173,NA,NA,NA,NA,NA,0.0017864997498691,1359.500229000114,1359.8756594001316,1359.975783799775,1361.9758474999107,1362.3756399000997,1362.4777560997754,1362.4777560997754,b,1,6.670103400014341,1369.1755340001546,1369.1755340001546,1369.1755340001546,1369.1755340001546,NA,NA,NA,NA,NA,NA,025,001,2024-10-15_11h01.48.847,PsychoPy Exp,2023.1.2,59.97576988375013
Knowledge,TRUE,TB-K-B,TT_B,PsychoPyStudy2Stim/TT_B_22.png,Adam KNOWS there are TWO cubes,2,b,h,2,0,2,2,0,2,0,0,0,B,-,0,268,268,255,NA,NA,NA,NA,NA,7.5619993731379e-4,1369.2848168998023,1369.6589398998767,1369.759086499922,1371.7589365998283,1372.1590677998029,1372.2611715001983,1372.2611715001983,h,1,2.5268969000317156,1374.8088727998547,1374.8088727998547,1374.8088727998547,1374.8088727998547,NA,NA,NA,NA,NA,NA,025,001,2024-10-15_11h01.48.847,PsychoPy Exp,2023.1.2,59.97576988375013
Reality,TRUE,TB-K,T_NB,PsychoPyStudy2Stim/T_NB_3.png,"In REALITY, there is ONE cube",1,b,h,1,0,1,1,0,1,0,0,0,NB,-,0,269,269,5,NA,NA,NA,NA,NA,0.0015505002811551,1374.9042671998031,1375.2755915001037,1375.375721000135,1377.375665999949,1377.7757104998454,1377.8777942000888,1377.8777942000888,h,1,2.4307137997820973,1380.325560200028,1380.325560200028,1380.325560200028,1380.325560200028,NA,NA,NA,NA,NA,NA,025,001,2024-10-15_11h01.48.847,PsychoPy Exp,2023.1.2,59.97576988375013
Reality,TRUE,TB-K-B,TD_B,PsychoPyStudy2Stim/TD_B_2.png,"In REALITY, there is ONE cube",1,b,h,2,1,1,2,1,1,0,0,0,B,-,0,270,270,31,NA,NA,NA,NA,NA,9.4320019707083e-4,1380.4021935001947,1380.775571399834,1380.875645100139,1382.8757015001029,1383.275569499936,1383.377823700197,1383.377823700197,h,1,0.9062630999833344,1384.3089247001335,1384.3089247001335,1384.3089247001335,1384.3089247001335,NA,NA,NA,NA,NA,NA,025,001,2024-10-15_11h01.48.847,PsychoPy Exp,2023.1.2,59.97576988375013
Reality,FALSE,TB-K-B,TD_B,PsychoPyStudy2Stim/TD_B_2.png,"In REALITY, there are ZERO cubes",0,h,b,2,1,1,2,1,1,0,0,0,B,PropFalse,0,271,271,85,NA,NA,NA,NA,NA,0.00164340017363429,1384.3962993999012,1384.775563399773,1384.8756530000828,1386.8756833998486,1387.2755531999285,1387.3778619999066,1387.3778619999066,b,1,0.8181775999255478,1388.2255049999803,1388.2255049999803,1388.2255049999803,1388.2255049999803,NA,NA,NA,NA,NA,NA,025,001,2024-10-15_11h01.48.847,PsychoPy Exp,2023.1.2,59.97576988375013
Reality,FALSE,TB-K,TT_NB,PsychoPyStudy2Stim/TT_NB_5.png,"In REALITY, there is ONE cube",1,h,b,2,0,2,2,0,2,0,0,0,NB,PropFalse,0,272,272,70,NA,NA,NA,NA,NA,0.00145879993215203,1388.315034000203,1388.6922316001728,1388.7923094998114,1390.7922868002206,1391.1923086000606,1391.2944362000562,1391.2944362000562,b,1,0.7332534999586642,1392.0587042998525,1392.0587042998525,1392.0587042998525,1392.0587042998525,NA,NA,NA,NA,NA,NA,025,001,2024-10-15_11h01.48.847,PsychoPy Exp,2023.1.2,59.97576988375013
Knowledge,FALSE,TB-K,DD_NB,PsychoPyStudy2Stim/DD_NB_2.png,Adam KNOWS there are TWO cubes,2,h,b,2,2,0,2,2,0,0,0,0,NB,PropFalse,0,273,273,277,NA,NA,NA,NA,NA,4.195999354124e-4,1392.1361544001848,1392.5088569000363,1392.6088084001094,1394.6089630001225,1395.0089293997737,1395.1110299001448,1395.1110299001448,b,1,0.924996200017631,1396.058929900173,1396.058929900173,1396.058929900173,1396.058929900173,NA,NA,NA,NA,NA,NA,025,001,2024-10-15_11h01.48.847,PsychoPy Exp,2023.1.2,59.97576988375013
Belief,FALSE,TB-K,T_NB,PsychoPyStudy2Stim/T_NB_3.png,Adam THINKS there are TWO cubes,2,h,b,1,0,1,1,0,1,0,0,0,NB,PropFalse,0,274,274,167,NA,NA,NA,NA,NA,0.00170659972354769,1396.1450681998394,1396.5254807998426,1396.6256098002195,1398.6256305999125,1399.025405600201,1399.1277128001675,1399.1277128001675,b,1,2.3241873998194933,1401.4755758000538,1401.4755758000538,1401.4755758000538,1401.4755758000538,NA,NA,NA,NA,NA,NA,025,001,2024-10-15_11h01.48.847,PsychoPy Exp,2023.1.2,59.97576988375013
Reality,FALSE,TB-Ig,D_B_D,PsychoPyStudy2Stim/D_B_D_4.png,"In REALITY, there are TWO cubes",2,h,b,2,2,0,1,1,0,1,1,0,B,PropFalse,0,275,275,79,NA,NA,NA,NA,NA,0.00165549991652369,1401.5566508001648,1401.941838200204,1402.0423301998526,1404.0420455001297,1404.4422570001334,1404.5442578000948,1404.5442578000948,b,1,1.4114310997538269,1405.9753287001513,1405.9753287001513,1405.9753287001513,1405.9753287001513,NA,NA,NA,NA,NA,NA,025,001,2024-10-15_11h01.48.847,PsychoPy Exp,2023.1.2,59.97576988375013
Knowledge,TRUE,TB-K,DD_NB,PsychoPyStudy2Stim/DD_NB_2.png,Adam KNOWS there are ZERO cubes,0,b,h,2,2,0,2,2,0,0,0,0,NB,-,0,276,276,223,NA,NA,NA,NA,NA,4.0580006316304e-4,1406.044397099875,1406.4255127999932,1406.5255959997885,1408.525618799962,1408.925561999902,1409.0276819001883,1409.0276819001883,h,1,4.599971499759704,1413.658654899802,1413.658654899802,1413.658654899802,1413.658654899802,NA,NA,NA,NA,NA,NA,025,001,2024-10-15_11h01.48.847,PsychoPy Exp,2023.1.2,59.97576988375013
Reality,FALSE,FB-Ig,D_B_T,PsychoPyStudy2Stim/D_B_T_2.png,"In REALITY, there are ZERO cubes",0,h,b,2,1,1,1,1,0,1,0,1,B,PropFalse,0,277,277,105,NA,NA,NA,NA,NA,5.8740004897117e-4,1413.7388460999357,1414.108786900062,1414.2088823998347,1416.2086404999718,1416.6087629999963,1416.710976399947,1416.710976399947,b,1,0.5406303000636399,1417.275316200219,1417.275316200219,1417.275316200219,1417.275316200219,NA,NA,NA,NA,NA,NA,025,001,2024-10-15_11h01.48.847,PsychoPy Exp,2023.1.2,59.97576988375013
Belief,TRUE,TB-K-B,TT_B,PsychoPyStudy2Stim/TT_B_4.png,Adam THINKS there are TWO cubes,2,b,h,2,0,2,2,0,2,0,0,0,B,-,0,278,278,137,NA,NA,NA,NA,NA,4.390999674797e-4,1417.3517197999172,1417.7253657998515,1417.8253883002326,1419.825332200155,1420.2251996998675,1420.327581000049,1420.327581000049,h,1,3.1245180000551045,1423.4753916999323,1423.4753916999323,1423.4753916999323,1423.4753916999323,NA,NA,NA,NA,NA,NA,025,001,2024-10-15_11h01.48.847,PsychoPy Exp,2023.1.2,59.97576988375013
Knowledge,TRUE,TB-K-B,TT_B,PsychoPyStudy2Stim/TT_B_16.png,Adam KNOWS there are TWO cubes,2,b,h,2,0,2,2,0,2,0,0,0,B,-,0,279,279,249,NA,NA,NA,NA,NA,0.001467099878937,1423.567698800005,1423.9419697001576,1424.042199399788,1426.0421923999677,1426.4421525001526,1426.544231100008,1426.544231100008,h,1,8.96438470017165,1435.525412700139,1435.525412700139,1435.525412700139,1435.525412700139,NA,NA,NA,NA,NA,NA,025,001,2024-10-15_11h01.48.847,PsychoPy Exp,2023.1.2,59.97576988375013
Belief,FALSE,FB-Ig,D_B_T,PsychoPyStudy2Stim/D_B_T_1.png,Adam THINKS there is ONE cube,1,h,b,2,1,1,1,1,0,1,0,1,B,PropTrueNoBelief,0,280,280,212,NA,NA,NA,NA,NA,0.00164469983428716,1435.616453200113,1435.9919520001858,1436.0921375998296,1438.0919786999002,1438.4920812002383,1438.5942477001809,1438.5942477001809,b,1,1.0257338997907937,1439.6417891997844,1439.6417891997844,1439.6417891997844,1439.6417891997844,NA,NA,NA,NA,NA,NA,025,001,2024-10-15_11h01.48.847,PsychoPy Exp,2023.1.2,59.97576988375013
Knowledge,TRUE,TB-K,T_NB,PsychoPyStudy2Stim/T_NB_3.png,Adam KNOWS there is ONE cube,1,b,h,1,0,1,1,0,1,0,0,0,NB,-,0,281,281,221,NA,NA,NA,NA,NA,0.00173999974504113,1439.7127396999858,1440.0920187998563,1440.1921071000395,1442.1921100998295,1442.5919614001175,1442.694269000087,1442.694269000087,h,1,0.765869100112468,1443.4920184998773,1443.4920184998773,1443.4920184998773,1443.4920184998773,NA,NA,NA,NA,NA,NA,025,001,2024-10-15_11h01.48.847,PsychoPy Exp,2023.1.2,59.97576988375013
Belief,TRUE,TB-Ig,D_B,PsychoPyStudy2Stim/D_B_2.png,Adam THINKS there are ZERO cubes,0,b,h,1,1,0,1,1,0,0,0,0,B,-,0,282,282,127,NA,NA,NA,NA,NA,0.00150899961590766,1443.5833709998988,1443.9587220000103,1444.0587545000017,1446.0586605998687,1446.4586260998622,1446.5608434001915,1446.5608434001915,h,1,1.0187107999809086,1447.6085184002295,1447.6085184002295,1447.6085184002295,1447.6085184002295,NA,NA,NA,NA,NA,NA,025,001,2024-10-15_11h01.48.847,PsychoPy Exp,2023.1.2,59.97576988375013
Reality,FALSE,TB-K,TD_NB,PsychoPyStudy2Stim/TD_NB_3.png,"In REALITY, there are TWO cubes",2,h,b,2,1,1,2,1,1,0,0,0,NB,PropFalse,0,283,283,65,NA,NA,NA,NA,NA,4.6960031613707e-4,1447.6788209998049,1448.0585211999714,1448.15876520006,1450.1587327998132,1450.558719099965,1450.66078499984,1450.66078499984,b,1,3.806989099830389,1454.4919579001144,1454.4919579001144,1454.4919579001144,1454.4919579001144,NA,NA,NA,NA,NA,NA,025,001,2024-10-15_11h01.48.847,PsychoPy Exp,2023.1.2,59.97576988375013
Belief,TRUE,FB-Ig,T_B_T,PsychoPyStudy2Stim/T_B_T_2.png,Adam THINKS there is ONE cube,1,b,h,2,0,2,1,0,1,1,0,1,B,-,0,284,284,147,NA,NA,NA,NA,NA,0.00145799992606043,1454.5866312999278,1454.9586653998122,1455.058732599951,1457.05855470011,1457.458715800196,1457.5609845002182,1457.5609845002182,h,1,1.738482099957764,1459.3251315001398,1459.3251315001398,1459.3251315001398,1459.3251315001398,NA,NA,NA,NA,NA,NA,025,001,2024-10-15_11h01.48.847,PsychoPy Exp,2023.1.2,59.97576988375013
Belief,FALSE,TB-K,TT_NB,PsychoPyStudy2Stim/TT_NB_1.png,Adam THINKS there are ZERO cubes,0,h,b,2,0,2,2,0,2,0,0,0,NB,PropFalse,0,285,285,174,NA,NA,NA,NA,NA,4.2229983955621e-4,1459.4059898001142,1459.7752485000528,1459.8754006000236,1461.8753871000372,1462.2751306998543,1462.3773986999877,1462.3773986999877,b,1,1.0345413000322878,1463.441972900182,1463.441972900182,1463.441972900182,1463.441972900182,NA,NA,NA,NA,NA,NA,025,001,2024-10-15_11h01.48.847,PsychoPy Exp,2023.1.2,59.97576988375013
Belief,TRUE,TB-K,TT_NB,PsychoPyStudy2Stim/TT_NB_5.png,Adam THINKS there are TWO cubes,2,b,h,2,0,2,2,0,2,0,0,0,NB,-,0,286,286,124,NA,NA,NA,NA,NA,0.00163709977641701,1463.5321295000613,1463.9085475998,1464.008560100105,1466.008749499917,1466.408679699991,1466.5107209999114,1466.5107209999114,h,1,1.3011607001535594,1467.8418052000925,1467.8418052000925,1467.8418052000925,1467.8418052000925,NA,NA,NA,NA,NA,NA,025,001,2024-10-15_11h01.48.847,PsychoPy Exp,2023.1.2,59.97576988375013
Knowledge,TRUE,TB-K-B,DD_B,PsychoPyStudy2Stim/DD_B_2.png,Adam KNOWS there are ZERO cubes,0,b,h,2,2,0,2,2,0,0,0,0,B,-,0,287,287,235,NA,NA,NA,NA,NA,3.8209976628422e-4,1467.9264122000895,1468.3085683002137,1468.408422899898,1470.408522900194,1470.8087888001464,1470.910939599853,1470.910939599853,h,1,4.756475699599832,1475.6917770002035,1475.6917770002035,1475.6917770002035,1475.6917770002035,NA,NA,NA,NA,NA,NA,025,001,2024-10-15_11h01.48.847,PsychoPy Exp,2023.1.2,59.97576988375013
Reality,FALSE,TB-Ig,D_B_D,PsychoPyStudy2Stim/D_B_D_2.png,"In REALITY, there are TWO cubes",2,h,b,2,2,0,1,1,0,1,1,0,B,PropFalse,0,288,288,77,NA,NA,NA,NA,NA,5.8609992265701e-4,1475.7747406000271,1476.158517899923,1476.2583956001326,1478.2585546998307,1478.65843590023,1478.7607769998722,1478.7607769998722,b,1,10.331356700044124,1489.108396800235,1489.108396800235,1489.108396800235,1489.108396800235,NA,NA,NA,NA,NA,NA,025,001,2024-10-15_11h01.48.847,PsychoPy Exp,2023.1.2,59.97576988375013
Reality,FALSE,FB-Ig,D_B_T,PsychoPyStudy2Stim/D_B_T_3.png,"In REALITY, there are ZERO cubes",0,h,b,2,1,1,1,1,0,1,0,1,B,PropFalse,0,289,289,106,NA,NA,NA,NA,NA,0.00171349989250302,1489.1820752997885,1489.55848209979,1489.6586505998855,1491.6585584999991,1492.0586048001423,1492.160711800214,1492.160711800214,b,1,0.8026531999930739,1492.9917942998,1492.9917942998,1492.9917942998,1492.9917942998,NA,NA,NA,NA,NA,NA,025,001,2024-10-15_11h01.48.847,PsychoPy Exp,2023.1.2,59.97576988375013
Knowledge,FALSE,FB-Ig,T_B_T,PsychoPyStudy2Stim/T_B_T_4.png,Adam KNOWS there are TWO cubes,2,h,b,2,0,2,1,0,1,1,0,1,B,PropTrueNoKnowledge,0,290,290,309,NA,NA,NA,NA,NA,6.4839981496334e-4,1493.0816428000107,1493.4584403000772,1493.558659600094,1495.5585973998532,1495.958563200198,1496.0606375997886,1496.0606375997886,b,1,1.2710470003075898,1497.3584414999932,1497.3584414999932,1497.3584414999932,1497.3584414999932,NA,NA,NA,NA,NA,NA,025,001,2024-10-15_11h01.48.847,PsychoPy Exp,2023.1.2,59.97576988375013
Belief,TRUE,TB-K-B,TT_B,PsychoPyStudy2Stim/TT_B_2.png,Adam THINKS there are TWO cubes,2,b,h,2,0,2,2,0,2,0,0,0,B,-,0,291,291,135,NA,NA,NA,NA,NA,0.00149249983951449,1497.4346032999456,1497.808456600178,1497.9086230001412,1499.9085654001683,1500.3083750000224,1500.4106466998346,1500.4106466998346,h,1,1.368682200089097,1501.8082504998893,1501.8082504998893,1501.8082504998893,1501.8082504998893,NA,NA,NA,NA,NA,NA,025,001,2024-10-15_11h01.48.847,PsychoPy Exp,2023.1.2,59.97576988375013
Knowledge,FALSE,FB-Ig,D_B_T,PsychoPyStudy2Stim/D_B_T_2.png,Adam KNOWS there is ONE cube,1,h,b,2,1,1,1,1,0,1,0,1,B,PropTrueNoKnowledge,0,292,292,319,NA,NA,NA,NA,NA,4.706997424364e-4,1501.892138700001,1502.275095900055,1502.3752156998962,1504.3752965000458,1504.7751690000296,1504.877277499996,1504.877277499996,b,1,1.6380884000100195,1506.5416863998398,1506.5416863998398,1506.5416863998398,1506.5416863998398,NA,NA,NA,NA,NA,NA,025,001,2024-10-15_11h01.48.847,PsychoPy Exp,2023.1.2,59.97576988375013
Knowledge,TRUE,TB-K-B,TT_B,PsychoPyStudy2Stim/TT_B_17.png,Adam KNOWS there are TWO cubes,2,b,h,2,0,2,2,0,2,0,0,0,B,-,0,293,293,250,NA,NA,NA,NA,NA,6.0140015557408e-4,1506.6347559001297,1507.0084286998026,1507.108577799983,1509.108640700113,1509.5085367001593,1509.6106654000469,1509.6106654000469,h,1,2.6406203997321427,1512.2749093999155,1512.2749093999155,1512.2749093999155,1512.2749093999155,NA,NA,NA,NA,NA,NA,025,001,2024-10-15_11h01.48.847,PsychoPy Exp,2023.1.2,59.97576988375013
Knowledge,TRUE,TB-K-B,DD_B,PsychoPyStudy2Stim/DD_B_6.png,Adam KNOWS there are ZERO cubes,0,b,h,2,2,0,2,2,0,0,0,0,B,-,0,294,294,239,NA,NA,NA,NA,NA,4.3429993093013e-4,1512.351621299982,1512.7251210999675,1512.8251759000125,1514.8252348001115,1515.2250912999734,1515.3273033997975,1515.3273033997975,h,1,6.020529699977487,1521.3748507997952,1521.3748507997952,1521.3748507997952,1521.3748507997952,NA,NA,NA,NA,NA,NA,025,001,2024-10-15_11h01.48.847,PsychoPy Exp,2023.1.2,59.97576988375013
Knowledge,TRUE,TB-K,TT_NB,PsychoPyStudy2Stim/TT_NB_6.png,Adam KNOWS there are TWO cubes,2,b,h,2,0,2,2,0,2,0,0,0,NB,-,0,295,295,233,NA,NA,NA,NA,NA,3.9790011942386e-4,1521.451706700027,1521.8250037999824,1521.925132200122,1523.9251596000977,1524.3251307001335,1524.4272011001594,1524.4272011001594,h,1,2.2970982999540865,1526.741573499981,1526.741573499981,1526.741573499981,1526.741573499981,NA,NA,NA,NA,NA,NA,025,001,2024-10-15_11h01.48.847,PsychoPy Exp,2023.1.2,59.97576988375013
Reality,FALSE,TB-K-B,TD_B,PsychoPyStudy2Stim/TD_B_7.png,"In REALITY, there are ZERO cubes",0,h,b,2,1,1,2,1,1,0,0,0,B,PropFalse,0,296,296,90,NA,NA,NA,NA,NA,0.00239869998767972,1526.8179643000476,1527.1916097002104,1527.2918412000872,1529.291844999883,1529.691821500193,1529.7938954001293,1529.7938954001293,b,1,1.137737600132823,1530.9582453002222,1530.9582453002222,1530.9582453002222,1530.9582453002222,NA,NA,NA,NA,NA,NA,025,001,2024-10-15_11h01.48.847,PsychoPy Exp,2023.1.2,59.97576988375013
Knowledge,FALSE,FB-Ig,T_B_T,PsychoPyStudy2Stim/T_B_T_3.png,Adam KNOWS there are TWO cubes,2,h,b,2,0,2,1,0,1,1,0,1,B,PropTrueNoKnowledge,0,297,297,308,NA,NA,NA,NA,NA,0.00173689983785152,1531.0282867997885,1531.4083300000057,1531.5084617999382,1533.508420899976,1533.9084581998177,1534.010532699991,1534.010532699991,b,1,1.4568210998550055,1535.4916869001463,1535.4916869001463,1535.4916869001463,1535.4916869001463,NA,NA,NA,NA,NA,NA,025,001,2024-10-15_11h01.48.847,PsychoPy Exp,2023.1.2,59.97576988375013
Reality,FALSE,TB-K-B,TD_B,PsychoPyStudy2Stim/TD_B_5.png,"In REALITY, there are ZERO cubes",0,h,b,2,1,1,2,1,1,0,0,0,B,PropFalse,0,298,298,88,NA,NA,NA,NA,NA,0.00164370005950331,1535.5859679002317,1535.958312000148,1536.0584223000333,1538.058458799962,1538.4585683001203,1538.5604913998395,1538.5604913998395,b,1,3.987280699890107,1542.5749964001589,1542.5749964001589,1542.5749964001589,1542.5749964001589,NA,NA,NA,NA,NA,NA,025,001,2024-10-15_11h01.48.847,PsychoPy Exp,2023.1.2,59.97576988375013
Belief,TRUE,TB-K,T_NB,PsychoPyStudy2Stim/T_NB_2.png,Adam THINKS there is ONE cube,1,b,h,1,0,1,1,0,1,0,0,0,NB,-,0,299,299,112,NA,NA,NA,NA,NA,0.00166539987549185,1542.657004199922,1543.041569400113,1543.141706999857,1545.1416293000802,1545.5415893997997,1545.6437539998442,1545.6437539998442,h,1,0.5678019998595119,1546.2414192999713,1546.2414192999713,1546.2414192999713,1546.2414192999713,NA,NA,NA,NA,NA,NA,025,001,2024-10-15_11h01.48.847,PsychoPy Exp,2023.1.2,59.97576988375013
Belief,TRUE,TB-K,TD_NB,PsychoPyStudy2Stim/TD_NB_3.png,Adam THINKS there is ONE cube,1,b,h,2,1,1,2,1,1,0,0,0,NB,-,0,300,300,119,NA,NA,NA,NA,NA,4.0630018338561e-4,1546.310049700085,1546.6915547000244,1546.791730800178,1548.791614400223,1549.1917200000023,1549.2940539000556,1549.2940539000556,h,1,0.5011054999195039,1549.8247361998074,1549.8247361998074,1549.8247361998074,1549.8247361998074,NA,NA,NA,NA,NA,NA,025,001,2024-10-15_11h01.48.847,PsychoPy Exp,2023.1.2,59.97576988375013
Belief,TRUE,TB-K,D_NB,PsychoPyStudy2Stim/D_NB_2.png,Adam THINKS there are ZERO cubes,0,b,h,1,1,0,1,1,0,0,0,0,NB,-,0,301,301,109,NA,NA,NA,NA,NA,4.418003372848e-4,1549.9007437000982,1550.2749874000438,1550.37486719992,1552.3750164997764,1552.77488599997,1552.8769625998102,1552.8769625998102,b,0,0.7742106998339295,1553.6748123997822,1553.6748123997822,1553.6748123997822,1553.6748123997822,NA,NA,NA,NA,NA,NA,025,001,2024-10-15_11h01.48.847,PsychoPy Exp,2023.1.2,59.97576988375013
Knowledge,TRUE,TB-K-B,DD_B,PsychoPyStudy2Stim/DD_B_1.png,Adam KNOWS there are ZERO cubes,0,b,h,2,2,0,2,2,0,0,0,0,B,-,0,302,302,234,NA,NA,NA,NA,NA,3.7040002644062e-4,1553.7579426998273,1554.1416604002006,1554.2417286001146,1556.2415744001046,1556.6416128999554,1556.7436196999624,1556.7436196999624,h,1,0.6115057999268174,1557.374660000205,1557.374660000205,1557.374660000205,1557.374660000205,NA,NA,NA,NA,NA,NA,025,001,2024-10-15_11h01.48.847,PsychoPy Exp,2023.1.2,59.97576988375013
Reality,TRUE,TB-K,D_NB,PsychoPyStudy2Stim/D_NB_1.png,"In REALITY, there are ZERO cubes",0,b,h,1,1,0,1,1,0,0,0,0,NB,-,0,303,303,0,NA,NA,NA,NA,NA,4.418003372848e-4,1557.4452390000224,1557.824912100099,1557.925075400155,1559.9250528998673,1560.325021999888,1560.427076099906,1560.427076099906,h,1,1.5684066000394523,1562.0247895000502,1562.0247895000502,1562.0247895000502,1562.0247895000502,NA,NA,NA,NA,NA,NA,025,001,2024-10-15_11h01.48.847,PsychoPy Exp,2023.1.2,59.97576988375013
Reality,TRUE,TB-K,T_NB,PsychoPyStudy2Stim/T_NB_2.png,"In REALITY, there is ONE cube",1,b,h,1,0,1,1,0,1,0,0,0,NB,-,0,304,304,4,NA,NA,NA,NA,NA,4.149000160396e-4,1562.09915870009,1562.4748502001166,1562.575031499844,1564.5749588999895,1564.9748304001987,1565.077025800012,1565.077025800012,h,1,0.8310023001395166,1565.924929600209,1565.924929600209,1565.924929600209,1565.924929600209,NA,NA,NA,NA,NA,NA,025,001,2024-10-15_11h01.48.847,PsychoPy Exp,2023.1.2,59.97576988375013
Belief,FALSE,TB-K-B,TT_B,PsychoPyStudy2Stim/TT_B_2.png,Adam THINKS there are ZERO cubes,0,h,b,2,0,2,2,0,2,0,0,0,B,PropFalse,0,305,305,189,NA,NA,NA,NA,NA,0.00168599979951977,1566.013957399875,1566.3912829002363,1566.4916512002235,1568.491669700015,1568.8917022999376,1568.9937815000303,1568.9937815000303,b,1,6.281547500286251,1575.2913605999202,1575.2913605999202,1575.2913605999202,1575.2913605999202,NA,NA,NA,NA,NA,NA,025,001,2024-10-15_11h01.48.847,PsychoPy Exp,2023.1.2,59.97576988375013
Reality,FALSE,TB-Ig,D_B,PsychoPyStudy2Stim/D_B_3.png,"In REALITY, there are TWO cubes",2,h,b,1,1,0,1,1,0,0,0,0,B,PropFalse,0,306,306,74,NA,NA,NA,NA,NA,5.2209990099072e-4,1575.3652284001,1575.7415106999688,1575.841619899962,1577.8416232001036,1578.2414262001405,1578.3436785000376,1578.3436785000376,b,1,15.219681699760258,1593.5914962999525,1593.5914962999525,1593.5914962999525,1593.5914962999525,NA,NA,NA,NA,NA,NA,025,001,2024-10-15_11h01.48.847,PsychoPy Exp,2023.1.2,59.97576988375013
Belief,FALSE,TB-K,DD_NB,PsychoPyStudy2Stim/DD_NB_3.png,Adam THINKS there are TWO cubes,2,h,b,2,2,0,2,2,0,0,0,0,NB,PropFalse,0,307,307,170,NA,NA,NA,NA,NA,0.00167800020426511,1593.6722745997831,1594.0414733001962,1594.141588000115,1596.1415364001878,1596.5415496998469,1596.643587099854,1596.643587099854,b,1,0.7914251000620425,1597.4580182000063,1597.4580182000063,1597.4580182000063,1597.4580182000063,NA,NA,NA,NA,NA,NA,025,001,2024-10-15_11h01.48.847,PsychoPy Exp,2023.1.2,59.97576988375013
Belief,FALSE,TB-K-B,TT_B,PsychoPyStudy2Stim/TT_B_1.png,Adam THINKS there are ZERO cubes,0,h,b,2,0,2,2,0,2,0,0,0,B,PropFalse,0,308,308,188,NA,NA,NA,NA,NA,5.3249998018145e-4,1597.5455028000288,1597.924757000059,1598.0248761000112,1600.0248615001328,1600.424776900094,1600.5269218999892,1600.5269218999892,b,1,1.636026700027287,1602.1913200002164,1602.1913200002164,1602.1913200002164,1602.1913200002164,NA,NA,NA,NA,NA,NA,025,001,2024-10-15_11h01.48.847,PsychoPy Exp,2023.1.2,59.97576988375013
Reality,TRUE,TB-K,TT_NB,PsychoPyStudy2Stim/TT_NB_2.png,"In REALITY, there are TWO cubes",2,b,h,2,0,2,2,0,2,0,0,0,NB,-,0,309,309,13,NA,NA,NA,NA,NA,4.8310030251741e-4,1602.2746212999336,1602.6580465999432,1602.7580519998446,1604.758194600232,1605.1581369000487,1605.2603062000126,1605.2603062000126,h,1,0.494949699845165,1605.774777600076,1605.774777600076,1605.774777600076,1605.774777600076,NA,NA,NA,NA,NA,NA,025,001,2024-10-15_11h01.48.847,PsychoPy Exp,2023.1.2,59.97576988375013
Knowledge,TRUE,TB-K,D_NB,PsychoPyStudy2Stim/D_NB_1.png,Adam KNOWS there are ZERO cubes,0,b,h,1,1,0,1,1,0,0,0,0,NB,-,0,310,310,216,NA,NA,NA,NA,NA,0.00164189981296658,1605.860708199907,1606.2413611002266,1606.3415497997776,1608.3413809998892,1608.7415017997846,1608.8435901999474,1608.8435901999474,h,1,8.967624599579722,1617.8414809000678,1617.8414809000678,1617.8414809000678,1617.8414809000678,NA,NA,NA,NA,NA,NA,025,001,2024-10-15_11h01.48.847,PsychoPy Exp,2023.1.2,59.97576988375013
Belief,FALSE,TB-K,TT_NB,PsychoPyStudy2Stim/TT_NB_4.png,Adam THINKS there is ONE cube,1,h,b,2,0,2,2,0,2,0,0,0,NB,PropFalse,0,311,311,177,NA,NA,NA,NA,NA,0.00163900014013051,1617.921401000116,1618.291331899818,1618.391468800139,1620.3914637998678,1620.791379599832,1620.8935770001262,1620.8935770001262,b,1,0.6934158001095057,1621.6079637999646,1621.6079637999646,1621.6079637999646,1621.6079637999646,NA,NA,NA,NA,NA,NA,025,001,2024-10-15_11h01.48.847,PsychoPy Exp,2023.1.2,59.97576988375013
Belief,TRUE,TB-K-B,TT_B,PsychoPyStudy2Stim/TT_B_10.png,Adam THINKS there are TWO cubes,2,b,h,2,0,2,2,0,2,0,0,0,B,-,0,312,312,143,NA,NA,NA,NA,NA,0.00150500005111098,1621.6880640001036,1622.057968299836,1622.1581497997977,1624.1579852001742,1624.5579499001617,1624.6602019998245,1624.6602019998245,h,1,1.078765599988401,1625.7578321998008,1625.7578321998008,1625.7578321998008,1625.7578321998008,NA,NA,NA,NA,NA,NA,025,001,2024-10-15_11h01.48.847,PsychoPy Exp,2023.1.2,59.97576988375013
Reality,FALSE,TB-K,TT_NB,PsychoPyStudy2Stim/TT_NB_1.png,"In REALITY, there are ZERO cubes",0,h,b,2,0,2,2,0,2,0,0,0,NB,PropFalse,0,313,313,66,NA,NA,NA,NA,NA,4.3040001764893e-4,1625.8354302998632,1626.207756199874,1626.3080994999036,1628.3080257000402,1628.707985199988,1628.8099810997956,1628.8099810997956,b,1,7.56918319966644,1636.407879400067,1636.407879400067,1636.407879400067,1636.407879400067,NA,NA,NA,NA,NA,NA,025,001,2024-10-15_11h01.48.847,PsychoPy Exp,2023.1.2,59.97576988375013
Reality,TRUE,TB-K,D_NB,PsychoPyStudy2Stim/D_NB_3.png,"In REALITY, there are ZERO cubes",0,b,h,1,1,0,1,1,0,0,0,0,NB,-,0,314,314,2,NA,NA,NA,NA,NA,0.00112519972026348,1636.4835080998018,1636.8579477998428,1636.958084799815,1638.9577949000522,1639.3580499999223,1639.460156999994,1639.460156999994,h,1,1.1426617000252008,1640.6244077999145,1640.6244077999145,1640.6244077999145,1640.6244077999145,NA,NA,NA,NA,NA,NA,025,001,2024-10-15_11h01.48.847,PsychoPy Exp,2023.1.2,59.97576988375013
Belief,TRUE,TB-K-B,TT_B,PsychoPyStudy2Stim/TT_B_7.png,Adam THINKS there are TWO cubes,2,b,h,2,0,2,2,0,2,0,0,0,B,-,0,315,315,140,NA,NA,NA,NA,NA,3.813998773694e-4,1640.6990947998129,1641.0745640997775,1641.174713099841,1643.1745903999545,1643.5746438000351,1643.6767005999573,1643.6767005999573,h,1,0.3900986001826823,1644.091109899804,1644.091109899804,1644.091109899804,1644.091109899804,NA,NA,NA,NA,NA,NA,025,001,2024-10-15_11h01.48.847,PsychoPy Exp,2023.1.2,59.97576988375013
Knowledge,TRUE,TB-K-B,TT_B,PsychoPyStudy2Stim/TT_B_21.png,Adam KNOWS there are TWO cubes,2,b,h,2,0,2,2,0,2,0,0,0,B,-,0,316,316,254,NA,NA,NA,NA,NA,3.9249984547495e-4,1644.172964300029,1644.5578479999676,1644.6580344000831,1646.65803349996,1647.0580004998485,1647.1600897000171,1647.1600897000171,h,1,0.7230720999650657,1647.9079460999928,1647.9079460999928,1647.9079460999928,1647.9079460999928,NA,NA,NA,NA,NA,NA,025,001,2024-10-15_11h01.48.847,PsychoPy Exp,2023.1.2,59.97576988375013
Reality,TRUE,FB-Ig,T_B_T,PsychoPyStudy2Stim/T_B_T_5.png,"In REALITY, there are TWO cubes",2,b,h,2,0,2,1,0,1,1,0,1,B,-,0,317,317,48,NA,NA,NA,NA,NA,0.00173839973285794,1648.003282399848,1648.3745610001497,1648.4746682997793,1650.4746456001883,1650.8746770001017,1650.976715200115,1650.976715200115,h,1,0.4503740998916328,1651.4579186001793,1651.4579186001793,1651.4579186001793,1651.4579186001793,NA,NA,NA,NA,NA,NA,025,001,2024-10-15_11h01.48.847,PsychoPy Exp,2023.1.2,59.97576988375013
Reality,FALSE,TB-K,DD_NB,PsychoPyStudy2Stim/DD_NB_1.png,"In REALITY, there is ONE cube",1,h,b,2,2,0,2,2,0,0,0,0,NB,PropFalse,0,318,318,60,NA,NA,NA,NA,NA,0.00176689960062503,1651.541397000197,1651.9245579000562,1652.0246461001225,1654.0246370998211,1654.424351300113,1654.5267213000916,1654.5267213000916,b,1,1.4765241001732647,1656.024546700064,1656.024546700064,1656.024546700064,1656.024546700064,NA,NA,NA,NA,NA,NA,025,001,2024-10-15_11h01.48.847,PsychoPy Exp,2023.1.2,59.97576988375013
Belief,TRUE,FB-Ig,T_B_T,PsychoPyStudy2Stim/T_B_T_3.png,Adam THINKS there is ONE cube,1,b,h,2,0,2,1,0,1,1,0,1,B,-,0,319,319,148,NA,NA,NA,NA,NA,0.00164589984342455,1656.1099383002147,1656.4911577999592,1656.59138899995,1658.591298100073,1658.9913010001185,1659.0933059998788,1659.0933059998788,h,1,0.9338279999792576,1660.0578760001808,1660.0578760001808,1660.0578760001808,1660.0578760001808,NA,NA,NA,NA,NA,NA,025,001,2024-10-15_11h01.48.847,PsychoPy Exp,2023.1.2,59.97576988375013
Belief,FALSE,TB-K,T_NB,PsychoPyStudy2Stim/T_NB_1.png,Adam THINKS there are ZERO cubes,0,h,b,1,0,1,1,0,1,0,0,0,NB,PropFalse,0,320,320,165,NA,NA,NA,NA,NA,0.00177389988675713,1660.1380599997938,1660.5078420001082,1660.607815800235,1662.6079641999677,1663.007891899906,1663.110021499917,1663.110021499917,b,1,0.7170655997470021,1663.8578932001255,1663.8578932001255,1663.8578932001255,1663.8578932001255,NA,NA,NA,NA,NA,NA,025,001,2024-10-15_11h01.48.847,PsychoPy Exp,2023.1.2,59.97576988375013
Knowledge,FALSE,FB-Ig,D_B_T,PsychoPyStudy2Stim/D_B_T_1.png,Adam KNOWS there are ZERO cubes,0,h,b,2,1,1,1,1,0,1,0,1,B,PropFalse,0,321,321,322,NA,NA,NA,NA,NA,0.00180450035259127,1663.9478225000205,1664.3245021002367,1664.4246271001175,1666.4246374000795,1666.824478500057,1666.9267665999942,1666.9267665999942,b,1,1.3079830999486148,1668.2577666002326,1668.2577666002326,1668.2577666002326,1668.2577666002326,NA,NA,NA,NA,NA,NA,025,001,2024-10-15_11h01.48.847,PsychoPy Exp,2023.1.2,59.97576988375013
Reality,FALSE,TB-K-B,TD_B,PsychoPyStudy2Stim/TD_B_1.png,"In REALITY, there are ZERO cubes",0,h,b,2,1,1,2,1,1,0,0,0,B,PropFalse,0,322,322,84,NA,NA,NA,NA,NA,5.9340009465813e-4,1668.3459295998327,1668.724508000072,1668.8246402000077,1670.8246164000593,1671.2244143001735,1671.3266882002354,1671.3266882002354,b,1,0.6205823998898268,1671.9744963999838,1671.9744963999838,1671.9744963999838,1671.9744963999838,NA,NA,NA,NA,NA,NA,025,001,2024-10-15_11h01.48.847,PsychoPy Exp,2023.1.2,59.97576988375013
Knowledge,FALSE,TB-K,TT_NB,PsychoPyStudy2Stim/TT_NB_3.png,Adam KNOWS there are ZERO cubes,0,h,b,2,0,2,2,0,2,0,0,0,NB,PropFalse,0,323,323,284,NA,NA,NA,NA,NA,0.00165570015087723,1672.0664703999646,1672.441119399853,1672.5413175998256,1674.541184199974,1674.9412569999697,1675.0433764001357,1675.0433764001357,b,1,0.6315307002514601,1675.6912032999098,1675.6912032999098,1675.6912032999098,1675.6912032999098,NA,NA,NA,NA,NA,NA,025,001,2024-10-15_11h01.48.847,PsychoPy Exp,2023.1.2,59.97576988375013
NA,NA,NA,NA,NA,NA,NA,NA,NA,NA,NA,NA,NA,NA,NA,NA,NA,NA,NA,NA,NA,NA,NA,NA,NA,NA,NA,NA,NA,NA,NA,NA,NA,NA,NA,NA,NA,NA,NA,NA,NA,NA,NA,NA,NA,NA,1675.6912032999098,1676.691317500081,space,1.2236847998574376,025,001,2024-10-15_11h01.48.847,PsychoPy Exp,2023.1.2,59.97576988375013
