Condition,TrueFalse,Scenario,StimType,Stimulus,Statement,StatementNum,CorAnsEven,CorAnsOdd,TotalObjects,TotalDistractors,TotalTargets,VisibleObjects,VisibleDistractors,VisibleTargets,HiddenObjects,HiddenDistractors,HiddenTargets,Barrier,WhyFalse,ExpTrial.thisRepN,ExpTrial.thisTrialN,ExpTrial.thisN,ExpTrial.thisIndex,ExpIntroText.started,ExpIntroPressSPACEText.started,ExpIntroPressSPACE.started,ExpIntroPressSPACE.keys,ExpIntroPressSPACE.rt,ExpISI.started,ExpPrimerText.started,ExpPrimerText.stopped,ExpText.started,ExpImagePrimer.started,ExpImagePrimer.stopped,ExpImage.started,ExpResponse.started,ExpResponse.keys,ExpResponse.corr,ExpResponse.rt,BreakTextPrompt.started,BreakTextPrompt.stopped,BreakTextKeyResponse.started,BreakTextKeyResponse.stopped,BreakTextKeyResponse.keys,BreakTextKeyResponse.rt,ExpEndText.started,ExpEndPressSPACE.started,ExpEndPressSPACE.keys,ExpEndPressSPACE.rt,participant,session,date,expName,psychopyVersion,frameRate
NA,NA,NA,NA,NA,NA,NA,NA,NA,NA,NA,NA,NA,NA,NA,NA,NA,NA,NA,NA,NA,NA,NA,NA,12.091617400059476,14.065226700040512,14.065226700040512,space,26.137170600006357,NA,NA,NA,NA,NA,NA,NA,NA,NA,NA,NA,NA,NA,NA,NA,NA,NA,NA,NA,NA,NA,039,001,2024-10-28_11h27.06.747,PsychoPy Exp,2023.1.2,60.02718029058118
Belief,FALSE,FB-Ig,T_B_T,PsychoPyStudy2Stim/T_B_T_3.png,Adam THINKS there are TWO cubes,2,h,b,2,0,2,1,0,1,1,0,1,B,PropTrueNoBelief,0,0,0,208,NA,NA,NA,NA,NA,0.1973656000336632,40.49454420001712,40.86426770000253,40.96406700008083,42.96416360000149,43.3642740000505,43.493048800039105,43.493048800039105,b,1,0.6216978000011295,44.13100240007043,44.13100240007043,44.13100240007043,44.13100240007043,NA,NA,NA,NA,NA,NA,039,001,2024-10-28_11h27.06.747,PsychoPy Exp,2023.1.2,60.02718029058118
Belief,FALSE,TB-Ig,D_B,PsychoPyStudy2Stim/D_B_3.png,Adam THINKS there is ONE cube,1,h,b,1,1,0,1,1,0,0,0,0,B,PropFalse,0,1,1,182,NA,NA,NA,NA,NA,0.001700000022538,44.243604400078766,44.61400380008854,44.714434200082906,46.71427420002874,47.11427919997368,47.216538200038485,47.216538200038485,b,1,0.6254641999257728,47.86399230000097,47.86399230000097,47.86399230000097,47.86399230000097,NA,NA,NA,NA,NA,NA,039,001,2024-10-28_11h27.06.747,PsychoPy Exp,2023.1.2,60.02718029058118
Belief,FALSE,FB-Ig,D_B_T,PsychoPyStudy2Stim/D_B_T_3.png,Adam THINKS there is ONE cube,1,h,b,2,1,1,1,1,0,1,0,1,B,PropTrueNoBelief,0,2,2,214,NA,NA,NA,NA,NA,4.7000008635222e-4,47.936451700050384,48.314234400051646,48.4141277000308,50.41421860002447,50.814270699978806,50.916503000073135,50.916503000073135,b,1,0.4615892000729218,51.39739110006485,51.39739110006485,51.39739110006485,51.39739110006485,NA,NA,NA,NA,NA,NA,039,001,2024-10-28_11h27.06.747,PsychoPy Exp,2023.1.2,60.02718029058118
Belief,TRUE,TB-K,D_NB,PsychoPyStudy2Stim/D_NB_2.png,Adam THINKS there are ZERO cubes,0,b,h,1,1,0,1,1,0,0,0,0,NB,-,0,3,3,109,NA,NA,NA,NA,NA,5.3049996495246e-4,51.47176860005129,51.84753250004724,51.94769130006898,53.94756610004697,54.34765940008219,54.44995390006807,54.44995390006807,h,1,0.6811859000008553,55.14740940008778,55.14740940008778,55.14740940008778,55.14740940008778,NA,NA,NA,NA,NA,NA,039,001,2024-10-28_11h27.06.747,PsychoPy Exp,2023.1.2,60.02718029058118
Knowledge,FALSE,TB-K-B,TT_B,PsychoPyStudy2Stim/TT_B_14.png,Adam KNOWS there is ONE cube,1,h,b,2,0,2,2,0,2,0,0,0,B,PropFalse,0,4,4,298,NA,NA,NA,NA,NA,5.4409995209425e-4,55.23272339999676,55.61403850000352,55.7143351000268,57.71438979997765,58.11434010008816,58.21647860005032,58.21647860005032,h,0,0.6822525999741629,58.91418610000983,58.91418610000983,58.91418610000983,58.91418610000983,NA,NA,NA,NA,NA,NA,039,001,2024-10-28_11h27.06.747,PsychoPy Exp,2023.1.2,60.02718029058118
Belief,FALSE,TB-K-B,TT_B,PsychoPyStudy2Stim/TT_B_6.png,Adam THINKS there are ZERO cubes,0,h,b,2,0,2,2,0,2,0,0,0,B,PropFalse,0,5,5,193,NA,NA,NA,NA,NA,0.00206219998653978,58.99246530001983,59.3642458000686,59.464211600017734,61.46435869997367,61.864211500040255,61.966463400051,61.966463400051,b,1,0.7329237000085413,62.730902099981904,62.730902099981904,62.730902099981904,62.730902099981904,NA,NA,NA,NA,NA,NA,039,001,2024-10-28_11h27.06.747,PsychoPy Exp,2023.1.2,60.02718029058118
Knowledge,TRUE,TB-K-B,TD_B,PsychoPyStudy2Stim/TD_B_12.png,Adam KNOWS there is ONE cube,1,b,h,2,1,1,2,1,1,0,0,0,B,-,0,6,6,269,NA,NA,NA,NA,NA,0.00239130004774779,62.82918460003566,63.21425259998068,63.314036300056614,65.3140269999858,65.71430220000912,65.81642200006172,65.81642200006172,h,1,0.5939828000264242,66.43092960002832,66.43092960002832,66.43092960002832,66.43092960002832,NA,NA,NA,NA,NA,NA,039,001,2024-10-28_11h27.06.747,PsychoPy Exp,2023.1.2,60.02718029058118
Reality,TRUE,TB-K-B,TD_B,PsychoPyStudy2Stim/TD_B_5.png,"In REALITY, there is ONE cube",1,b,h,2,1,1,2,1,1,0,0,0,B,-,0,7,7,34,NA,NA,NA,NA,NA,0.00240440003108233,66.52139520004857,66.89742619998287,66.99765600007959,68.997450300026685,69.39762190007605,69.4997475000564,69.4997475000564,h,1,0.5906591999810189,70.11419640004169,70.11419640004169,70.11419640004169,70.11419640004169,NA,NA,NA,NA,NA,NA,039,001,2024-10-28_11h27.06.747,PsychoPy Exp,2023.1.2,60.02718029058118
Belief,FALSE,FB-Ig,T_B_T,PsychoPyStudy2Stim/T_B_T_5.png,Adam THINKS there are TWO cubes,2,h,b,2,0,2,1,0,1,1,0,1,B,PropTrueNoBelief,0,8,8,210,NA,NA,NA,NA,NA,0.00238830002490431,70.20912560005672,70.58082969998941,70.68095469998661,72.68084960000124,73.08088830008637,73.18316690006759,73.18316690006759,b,1,0.7639768000226468,73.96422010008246,73.96422010008246,73.96422010008246,73.96422010008246,NA,NA,NA,NA,NA,NA,039,001,2024-10-28_11h27.06.747,PsychoPy Exp,2023.1.2,60.02718029058118
Knowledge,FALSE,FB-Ig,T_B_T,PsychoPyStudy2Stim/T_B_T_2.png,Adam KNOWS there are TWO cubes,2,h,b,2,0,2,1,0,1,1,0,1,B,PropTrueNoKnowledge,0,9,9,313,NA,NA,NA,NA,NA,0.00232019997201859,74.04062610003166,74.41415209998377,74.51409120007884,76.51407410006505,76.91429109999444,77.01639560004696,77.01639560004696,b,1,0.5378867000108585,77.58084690000396,77.58084690000396,77.58084690000396,77.58084690000396,NA,NA,NA,NA,NA,NA,039,001,2024-10-28_11h27.06.747,PsychoPy Exp,2023.1.2,60.02718029058118
Knowledge,TRUE,TB-K-B,DD_B,PsychoPyStudy2Stim/DD_B_5.png,Adam KNOWS there are ZERO cubes,0,b,h,2,2,0,2,2,0,0,0,0,B,-,0,10,10,238,NA,NA,NA,NA,NA,0.00204649998340755,77.67114900005981,78.04748529999051,78.14765489997808,80.14761940005701,80.54748579999432,80.64980710006785,80.64980710006785,h,1,0.4005048999097198,81.08076450007502,81.08076450007502,81.08076450007502,81.08076450007502,NA,NA,NA,NA,NA,NA,039,001,2024-10-28_11h27.06.747,PsychoPy Exp,2023.1.2,60.02718029058118
Reality,TRUE,TB-K-B,DD_B,PsychoPyStudy2Stim/DD_B_14.png,"In REALITY, there are ZERO cubes",0,b,h,2,2,0,2,2,0,0,0,0,B,-,0,11,11,27,NA,NA,NA,NA,NA,0.00216039991937577,81.16682869999204,81.54746939998586,81.64748679997865,83.64742789999582,84.04746370005887,84.14975370001048,84.14975370001048,h,1,0.7405284000560641,84.91403960005846,84.91403960005846,84.91403960005846,84.91403960005846,NA,NA,NA,NA,NA,NA,039,001,2024-10-28_11h27.06.747,PsychoPy Exp,2023.1.2,60.02718029058118
Reality,TRUE,TB-K-B,TD_B,PsychoPyStudy2Stim/TD_B_4.png,"In REALITY, there is ONE cube",1,b,h,2,1,1,2,1,1,0,0,0,B,-,0,12,12,33,NA,NA,NA,NA,NA,0.00215650000609457,84.98800750006922,85.36417210008949,85.46428150008433,87.46418460004497,87.86421670007985,87.96639780001715,87.96639780001715,h,1,0.6275526001118124,88.6140295000514,88.6140295000514,88.6140295000514,88.6140295000514,NA,NA,NA,NA,NA,NA,039,001,2024-10-28_11h27.06.747,PsychoPy Exp,2023.1.2,60.02718029058118
Reality,TRUE,TB-K-B,TD_B,PsychoPyStudy2Stim/TD_B_3.png,"In REALITY, there is ONE cube",1,b,h,2,1,1,2,1,1,0,0,0,B,-,0,13,13,32,NA,NA,NA,NA,NA,9.6610002219676e-4,88.70964790007565,89.08080570003949,89.18089030007832,91.18093000003137,91.58081120008136,91.68302190001124,91.68302190001124,h,1,0.5829528000904247,92.2972926000366,92.2972926000366,92.2972926000366,92.2972926000366,NA,NA,NA,NA,NA,NA,039,001,2024-10-28_11h27.06.747,PsychoPy Exp,2023.1.2,60.02718029058118
Belief,FALSE,FB-Ig,T_B_T,PsychoPyStudy2Stim/T_B_T_4.png,Adam THINKS there are TWO cubes,2,h,b,2,0,2,1,0,1,1,0,1,B,PropTrueNoBelief,0,14,14,203,NA,NA,NA,NA,NA,5.8860005810856e-4,92.37446710001676,92.74743380001746,92.84756350005046,94.84755599999336,95.24752059997992,95.34972370008472,95.34972370008472,b,1,0.6126643000170588,95.98079539998434,95.98079539998434,95.98079539998434,95.98079539998434,NA,NA,NA,NA,NA,NA,039,001,2024-10-28_11h27.06.747,PsychoPy Exp,2023.1.2,60.02718029058118
Knowledge,TRUE,TB-K,TD_NB,PsychoPyStudy2Stim/TD_NB_3.png,Adam KNOWS there is ONE cube,1,b,h,2,1,1,2,1,1,0,0,0,NB,-,0,15,15,227,NA,NA,NA,NA,NA,0.00240320002194494,96.0623978000367,96.44744820008054,96.54729600006247,98.5475839000428,98.94758450007066,99.04964840004686,99.04964840004686,h,1,0.6004824000410736,99.68076910008676,99.68076910008676,99.68076910008676,99.68076910008676,NA,NA,NA,NA,NA,NA,039,001,2024-10-28_11h27.06.747,PsychoPy Exp,2023.1.2,60.02718029058118
Reality,TRUE,FB-Ig,T_B_T,PsychoPyStudy2Stim/T_B_T_1.png,"In REALITY, there are TWO cubes",2,b,h,2,0,2,1,0,1,1,0,1,B,-,0,16,16,38,NA,NA,NA,NA,NA,0.00156499992590397,99.75894870003684,100.1307933999924,100.2308988000732,102.23089240002446,102.6308017000556,102.73319549998268,102.73319549998268,b,0,0.6694656999316067,103.4307241999777,103.4307241999777,103.4307241999777,103.4307241999777,NA,NA,NA,NA,NA,NA,039,001,2024-10-28_11h27.06.747,PsychoPy Exp,2023.1.2,60.02718029058118
Reality,FALSE,TB-K-B,TD_B,PsychoPyStudy2Stim/TD_B_3.png,"In REALITY, there are ZERO cubes",0,h,b,2,1,1,2,1,1,0,0,0,B,PropFalse,0,17,17,86,NA,NA,NA,NA,NA,0.00182180001866072,103.5232704000082,103.89745050005148,103.99756629997864,105.99753460008652,106.39753950003067,106.49960840004496,106.49960840004496,b,1,0.9103296999819576,107.43074540002272,107.43074540002272,107.43074540002272,107.43074540002272,NA,NA,NA,NA,NA,NA,039,001,2024-10-28_11h27.06.747,PsychoPy Exp,2023.1.2,60.02718029058118
Knowledge,FALSE,FB-Ig,D_B_T,PsychoPyStudy2Stim/D_B_T_4.png,Adam KNOWS there is ONE cube,1,h,b,2,1,1,1,1,0,1,0,1,B,PropTrueNoKnowledge,0,18,18,321,NA,NA,NA,NA,NA,8.3269993774592e-4,107.5078746000072,107.8807885000715,107.98057970008811,109.9806915000081,110.38073019997682,110.48303360003048,110.48303360003048,b,1,0.9191209999844432,111.4307694999734,111.4307694999734,111.4307694999734,111.4307694999734,NA,NA,NA,NA,NA,NA,039,001,2024-10-28_11h27.06.747,PsychoPy Exp,2023.1.2,60.02718029058118
Knowledge,FALSE,TB-K,DD_NB,PsychoPyStudy2Stim/DD_NB_3.png,Adam KNOWS there are TWO cubes,2,h,b,2,2,0,2,2,0,0,0,0,NB,PropFalse,0,19,19,278,NA,NA,NA,NA,NA,0.00210090004839003,111.51942450006028,111.8973963999888,111.99749910004904,113.9975028000772,114.39759120007513,114.49958619999234,114.49958619999234,b,1,0.6222734999610111,115.14719050005078,115.14719050005078,115.14719050005078,115.14719050005078,NA,NA,NA,NA,NA,NA,039,001,2024-10-28_11h27.06.747,PsychoPy Exp,2023.1.2,60.02718029058118
Belief,TRUE,TB-K,TT_NB,PsychoPyStudy2Stim/TT_NB_2.png,Adam THINKS there are TWO cubes,2,b,h,2,0,2,2,0,2,0,0,0,NB,-,0,20,20,121,NA,NA,NA,NA,NA,4.5320007484406e-4,115.21927010000218,115.59712549997494,115.69757489999756,117.69755610008724,118.09750889998396,118.19965460000094,118.19965460000094,h,1,0.5308078998932615,118.7472441000864,118.7472441000864,118.7472441000864,118.7472441000864,NA,NA,NA,NA,NA,NA,039,001,2024-10-28_11h27.06.747,PsychoPy Exp,2023.1.2,60.02718029058118
Knowledge,FALSE,TB-K,TT_NB,PsychoPyStudy2Stim/TT_NB_5.png,Adam KNOWS there is ONE cube,1,h,b,2,0,2,2,0,2,0,0,0,NB,PropFalse,0,21,21,286,NA,NA,NA,NA,NA,6.7440001294016e-4,118.82669500005431,119.19734800001606,119.2973608999746,121.297453999985,121.69746729999316,121.79951290006284,121.79951290006284,b,1,0.6507168000098318,122.48066430003382,122.48066430003382,122.48066430003382,122.48066430003382,NA,NA,NA,NA,NA,NA,039,001,2024-10-28_11h27.06.747,PsychoPy Exp,2023.1.2,60.02718029058118
Belief,TRUE,TB-K-B,TT_B,PsychoPyStudy2Stim/TT_B_6.png,Adam THINKS there are TWO cubes,2,b,h,2,0,2,2,0,2,0,0,0,B,-,0,22,22,139,NA,NA,NA,NA,NA,3.9000005926936e-4,122.55288149998523,122.93074870004784,123.03088069998194,125.03083100006916,125.43049170006998,125.53309590008575,125.53309590008575,h,1,0.5730386000359431,126.13079319999088,126.13079319999088,126.13079319999088,126.13079319999088,NA,NA,NA,NA,NA,NA,039,001,2024-10-28_11h27.06.747,PsychoPy Exp,2023.1.2,60.02718029058118
Reality,TRUE,TB-K-B,DD_B,PsychoPyStudy2Stim/DD_B_13.png,"In REALITY, there are ZERO cubes",0,b,h,2,2,0,2,2,0,0,0,0,B,-,0,23,23,26,NA,NA,NA,NA,NA,0.00175659998785704,126.21429040003568,126.5971405999735,126.69730100000744,128.69742099998984,129.09728830005042,129.19962770002894,129.19962770002894,h,1,0.41818420006893575,129.64721780002583,129.64721780002583,129.64721780002583,129.64721780002583,NA,NA,NA,NA,NA,NA,039,001,2024-10-28_11h27.06.747,PsychoPy Exp,2023.1.2,60.02718029058118
Reality,FALSE,FB-Ig,T_B_T,PsychoPyStudy2Stim/T_B_T_3.png,"In REALITY, there is ONE cube",1,h,b,2,0,2,1,0,1,1,0,1,B,PropFalse,0,24,24,94,NA,NA,NA,NA,NA,0.00101229990832507,129.71802110003773,130.09731099999044,130.1974995000055,132.1972173000686,132.59741350007243,132.69956640002783,132.69956640002783,b,1,0.5904936000006273,133.3139956999803,133.3139956999803,133.3139956999803,133.3139956999803,NA,NA,NA,NA,NA,NA,039,001,2024-10-28_11h27.06.747,PsychoPy Exp,2023.1.2,60.02718029058118
Knowledge,FALSE,TB-K,DD_NB,PsychoPyStudy2Stim/DD_NB_1.png,Adam KNOWS there is ONE cube,1,h,b,2,2,0,2,2,0,0,0,0,NB,PropFalse,0,25,25,276,NA,NA,NA,NA,NA,0.00189199997112154,133.4105371000478,133.78061960008927,133.88079980004113,135.8808025000617,136.28069110005163,136.3829297000775,136.3829297000775,b,1,0.7478428999893367,137.14730780001264,137.14730780001264,137.14730780001264,137.14730780001264,NA,NA,NA,NA,NA,NA,039,001,2024-10-28_11h27.06.747,PsychoPy Exp,2023.1.2,60.02718029058118
Knowledge,TRUE,TB-K-B,TT_B,PsychoPyStudy2Stim/TT_B_13.png,Adam KNOWS there are TWO cubes,2,b,h,2,0,2,2,0,2,0,0,0,B,-,0,26,26,246,NA,NA,NA,NA,NA,0.00166940002236515,137.2318765000673,137.61405209999066,137.7138856999809,139.71415930008516,140.1139598999871,140.21614290005527,140.21614290005527,h,1,0.6578714000061154,140.89717290003318,140.89717290003318,140.89717290003318,140.89717290003318,NA,NA,NA,NA,NA,NA,039,001,2024-10-28_11h27.06.747,PsychoPy Exp,2023.1.2,60.02718029058118
Reality,TRUE,TB-K,TT_NB,PsychoPyStudy2Stim/TT_NB_2.png,"In REALITY, there are TWO cubes",2,b,h,2,0,2,2,0,2,0,0,0,NB,-,0,27,27,13,NA,NA,NA,NA,NA,0.00194530002772808,140.96486539999023,141.34734780003782,141.44741060002707,143.44740130007267,143.84732749999966,143.94940200005658,143.94940200005658,h,1,0.3888319000834599,144.36386170005426,144.36386170005426,144.36386170005426,144.36386170005426,NA,NA,NA,NA,NA,NA,039,001,2024-10-28_11h27.06.747,PsychoPy Exp,2023.1.2,60.02718029058118
Belief,FALSE,FB-Ig,D_B_T,PsychoPyStudy2Stim/D_B_T_2.png,Adam THINKS there is ONE cube,1,h,b,2,1,1,1,1,0,1,0,1,B,PropTrueNoBelief,0,28,28,213,NA,NA,NA,NA,NA,0.00183019996620714,144.43737830000464,144.81395730003717,144.91407769999932,146.9140571000753,147.31406830006745,147.41612080007326,147.41612080007326,b,1,0.7780583000276238,148.21404520003125,148.21404520003125,148.21404520003125,148.21404520003125,NA,NA,NA,NA,NA,NA,039,001,2024-10-28_11h27.06.747,PsychoPy Exp,2023.1.2,60.02718029058118
Reality,FALSE,TB-K,DD_NB,PsychoPyStudy2Stim/DD_NB_3.png,"In REALITY, there are TWO cubes",2,h,b,2,2,0,2,2,0,0,0,0,NB,PropFalse,0,29,29,62,NA,NA,NA,NA,NA,0.00185929995495826,148.2981626000255,148.6805980000645,148.7806278000353,150.7807305000024,151.18067190004513,151.28286929999013,151.28286929999013,b,1,0.4948711999459192,151.79703590006102,151.79703590006102,151.79703590006102,151.79703590006102,NA,NA,NA,NA,NA,NA,039,001,2024-10-28_11h27.06.747,PsychoPy Exp,2023.1.2,60.02718029058118
Belief,TRUE,FB-Ig,T_B_T,PsychoPyStudy2Stim/T_B_T_4.png,Adam THINKS there is ONE cube,1,b,h,2,0,2,1,0,1,1,0,1,B,-,0,30,30,149,NA,NA,NA,NA,NA,4.6400004066526e-4,151.8721957000671,152.247246599989,152.3472234000219,154.3474270000588,154.74707829998806,154.84955100005027,154.84955100005027,h,1,0.4565428000641987,155.3306528000394,155.3306528000394,155.3306528000394,155.3306528000394,NA,NA,NA,NA,NA,NA,039,001,2024-10-28_11h27.06.747,PsychoPy Exp,2023.1.2,60.02718029058118
Belief,FALSE,TB-K-B,TT_B,PsychoPyStudy2Stim/TT_B_8.png,Adam THINKS there are ZERO cubes,0,h,b,2,0,2,2,0,2,0,0,0,B,PropFalse,0,31,31,195,NA,NA,NA,NA,NA,0.00191369990352541,155.40944920002948,155.780471200007,155.8807370000286,157.8806752000237,158.28067780006677,158.38284239999484,158.38284239999484,b,1,0.5633571000071242,158.96383260004222,158.96383260004222,158.96383260004222,158.96383260004222,NA,NA,NA,NA,NA,NA,039,001,2024-10-28_11h27.06.747,PsychoPy Exp,2023.1.2,60.02718029058118
Reality,TRUE,TB-K-B,DD_B,PsychoPyStudy2Stim/DD_B_16.png,"In REALITY, there are ZERO cubes",0,b,h,2,2,0,2,2,0,0,0,0,B,-,0,32,32,29,NA,NA,NA,NA,NA,7.7179993968456e-4,159.05194640008267,159.43054870003834,159.5305835000472,161.53068610001355,161.93076480005402,162.03282790002413,162.03282790002413,b,0,0.9209304000250996,162.98048110003583,162.98048110003583,162.98048110003583,162.98048110003583,NA,NA,NA,NA,NA,NA,039,001,2024-10-28_11h27.06.747,PsychoPy Exp,2023.1.2,60.02718029058118
Belief,TRUE,FB-Ig,D_B_T,PsychoPyStudy2Stim/D_B_T_3.png,Adam THINKS there are ZERO cubes,0,b,h,2,1,1,1,1,0,1,0,1,B,-,0,33,33,160,NA,NA,NA,NA,NA,6.5510009881109e-4,163.05254960001912,163.4305369000649,163.5306795000797,165.5307283999864,165.93069619999733,166.03283849998843,166.03283849998843,b,0,0.785068399971351,166.84714780002832,166.84714780002832,166.84714780002832,166.84714780002832,NA,NA,NA,NA,NA,NA,039,001,2024-10-28_11h27.06.747,PsychoPy Exp,2023.1.2,60.02718029058118
Knowledge,TRUE,TB-K-B,TD_B,PsychoPyStudy2Stim/TD_B_11.png,Adam KNOWS there is ONE cube,1,b,h,2,1,1,2,1,1,0,0,0,B,-,0,34,34,268,NA,NA,NA,NA,NA,0.00130110001191496,166.9369412000524,167.31386910006404,167.41400840005372,169.41381709999405,169.81400120002218,169.9160934999818,169.9160934999818,h,1,0.6380124000133947,170.5804114000639,170.5804114000639,170.5804114000639,170.5804114000639,NA,NA,NA,NA,NA,NA,039,001,2024-10-28_11h27.06.747,PsychoPy Exp,2023.1.2,60.02718029058118
Knowledge,TRUE,TB-K,TD_NB,PsychoPyStudy2Stim/TD_NB_2.png,Adam KNOWS there is ONE cube,1,b,h,2,1,1,2,1,1,0,0,0,NB,-,0,35,35,226,NA,NA,NA,NA,NA,0.00181790010537952,170.64561450004112,171.03056069999002,171.13069090002682,173.130678000045,173.5304656000808,173.63324090000242,173.63324090000242,h,1,0.4490031999303028,174.09694780001882,174.09694780001882,174.09694780001882,174.09694780001882,NA,NA,NA,NA,NA,NA,039,001,2024-10-28_11h27.06.747,PsychoPy Exp,2023.1.2,60.02718029058118
Belief,FALSE,TB-K,TT_NB,PsychoPyStudy2Stim/TT_NB_4.png,Adam THINKS there is ONE cube,1,h,b,2,0,2,2,0,2,0,0,0,NB,PropFalse,0,36,36,177,NA,NA,NA,NA,NA,4.7450000420212e-4,174.17252190003637,174.54689370002598,174.64734240004327,176.64706820005085,177.04700510005932,177.14937380002812,177.14937380002812,b,1,0.6042820999864489,177.78037100005895,177.78037100005895,177.78037100005895,177.78037100005895,NA,NA,NA,NA,NA,NA,039,001,2024-10-28_11h27.06.747,PsychoPy Exp,2023.1.2,60.02718029058118
Reality,FALSE,TB-K,TT_NB,PsychoPyStudy2Stim/TT_NB_5.png,"In REALITY, there is ONE cube",1,h,b,2,0,2,2,0,2,0,0,0,NB,PropFalse,0,37,37,70,NA,NA,NA,NA,NA,4.4249999336898e-4,177.84881009999663,178.23024539998733,178.33035659999587,180.33032479998656,180.7304025000194,180.8324574000435,180.8324574000435,b,1,0.4731852998957038,181.33021200005896,181.33021200005896,181.33021200005896,181.33021200005896,NA,NA,NA,NA,NA,NA,039,001,2024-10-28_11h27.06.747,PsychoPy Exp,2023.1.2,60.02718029058118
Belief,TRUE,TB-K,T_NB,PsychoPyStudy2Stim/T_NB_2.png,Adam THINKS there is ONE cube,1,b,h,1,0,1,1,0,1,0,0,0,NB,-,0,38,38,112,NA,NA,NA,NA,NA,4.4309999793767e-4,181.406408400042,181.78031330008525,181.88038610003423,183.8803132000612,184.28034170006867,184.3826469000196,184.3826469000196,h,1,0.5070014999946579,184.91361769998912,184.91361769998912,184.91361769998912,184.91361769998912,NA,NA,NA,NA,NA,NA,039,001,2024-10-28_11h27.06.747,PsychoPy Exp,2023.1.2,60.02718029058118
Knowledge,FALSE,TB-Ig,D_B,PsychoPyStudy2Stim/D_B_1.png,Adam KNOWS there are ZERO cubes,0,h,b,1,1,0,1,1,0,0,0,0,B,PropTrueNoKnowledge,0,39,39,288,NA,NA,NA,NA,NA,4.7470000572502e-4,184.9912216999801,185.36370079999324,185.46377560007383,187.4637318999739,187.86375000001863,187.96609640005045,187.96609640005045,h,0,1.035535700037144,189.0301600000821,189.0301600000821,189.0301600000821,189.0301600000821,NA,NA,NA,NA,NA,NA,039,001,2024-10-28_11h27.06.747,PsychoPy Exp,2023.1.2,60.02718029058118
Belief,FALSE,TB-K,D_NB,PsychoPyStudy2Stim/D_NB_1.png,Adam THINKS there is ONE cube,1,h,b,1,1,0,1,1,0,0,0,0,NB,PropFalse,0,40,40,162,NA,NA,NA,NA,NA,4.6120001934468e-4,189.1020969999954,189.48024689999875,189.580338699976,191.58035890001335,191.98032199998852,192.08269780001137,192.08269780001137,b,1,1.5909290999406949,193.69692480005324,193.69692480005324,193.69692480005324,193.69692480005324,NA,NA,NA,NA,NA,NA,039,001,2024-10-28_11h27.06.747,PsychoPy Exp,2023.1.2,60.02718029058118
Belief,TRUE,FB-Ig,T_B_T,PsychoPyStudy2Stim/T_B_T_3.png,Adam THINKS there is ONE cube,1,b,h,2,0,2,1,0,1,1,0,1,B,-,0,41,41,154,NA,NA,NA,NA,NA,4.4009997509419e-4,193.76727940002456,194.1469773000572,194.247069700039,196.2469957000576,196.64702130004295,196.74930859997403,196.74930859997403,h,1,1.1648932000389325,197.93020150007217,197.93020150007217,197.93020150007217,197.93020150007217,NA,NA,NA,NA,NA,NA,039,001,2024-10-28_11h27.06.747,PsychoPy Exp,2023.1.2,60.02718029058118
Reality,TRUE,TB-Ig,D_B,PsychoPyStudy2Stim/D_B_2.png,"In REALITY, there are ZERO cubes",0,b,h,1,1,0,1,1,0,0,0,0,B,-,0,42,42,19,NA,NA,NA,NA,NA,4.398999735713e-4,198.01833450002596,198.3969167000614,198.4970141000813,200.4971307000378,200.89697280002292,200.99937680002768,200.99937680002768,h,1,1.3862668999936432,202.41352010006085,202.41352010006085,202.41352010006085,202.41352010006085,NA,NA,NA,NA,NA,NA,039,001,2024-10-28_11h27.06.747,PsychoPy Exp,2023.1.2,60.02718029058118
Belief,TRUE,FB-Ig,T_B_T,PsychoPyStudy2Stim/T_B_T_1.png,Adam THINKS there is ONE cube,1,b,h,2,0,2,1,0,1,1,0,1,B,-,0,43,43,146,NA,NA,NA,NA,NA,4.4159998651593e-4,202.48990510008295,202.86353099998087,202.96368220006116,204.9637147000758,205.36360819998663,205.46618380001743,205.46618380001743,h,1,0.5594057999551296,206.04688699997496,206.04688699997496,206.04688699997496,206.04688699997496,NA,NA,NA,NA,NA,NA,039,001,2024-10-28_11h27.06.747,PsychoPy Exp,2023.1.2,60.02718029058118
Belief,FALSE,TB-K-B,TT_B,PsychoPyStudy2Stim/TT_B_5.png,Adam THINKS there are ZERO cubes,0,h,b,2,0,2,2,0,2,0,0,0,B,PropFalse,0,44,44,192,NA,NA,NA,NA,NA,4.4150010216981e-4,206.13093380001376,206.5135384000605,206.6136650000699,208.6136207000818,209.01372819999233,209.1160847999854,209.1160847999854,b,1,0.5818702999968082,209.71349930006545,209.71349930006545,209.71349930006545,209.71349930006545,NA,NA,NA,NA,NA,NA,039,001,2024-10-28_11h27.06.747,PsychoPy Exp,2023.1.2,60.02718029058118
Reality,TRUE,TB-K,D_NB,PsychoPyStudy2Stim/D_NB_2.png,"In REALITY, there are ZERO cubes",0,b,h,1,1,0,1,1,0,0,0,0,NB,-,0,45,45,1,NA,NA,NA,NA,NA,4.5209995005279e-4,209.78553420002572,210.1635098999832,210.2636900000507,212.2636186000891,212.66362900007516,212.76608830003536,212.76608830003536,h,1,0.5555003999033943,213.34687730006408,213.34687730006408,213.34687730006408,213.34687730006408,NA,NA,NA,NA,NA,NA,039,001,2024-10-28_11h27.06.747,PsychoPy Exp,2023.1.2,60.02718029058118
Belief,TRUE,TB-K,TT_NB,PsychoPyStudy2Stim/TT_NB_3.png,Adam THINKS there are TWO cubes,2,b,h,2,0,2,2,0,2,0,0,0,NB,-,0,46,46,122,NA,NA,NA,NA,NA,3.9209995884448e-4,213.42870040005073,213.8135374999838,213.91371430002619,215.9135597000131,216.31360900006257,216.4159647000488,216.4159647000488,h,1,0.5299355000024661,216.9633952000877,216.9633952000877,216.9633952000877,216.9633952000877,NA,NA,NA,NA,NA,NA,039,001,2024-10-28_11h27.06.747,PsychoPy Exp,2023.1.2,60.02718029058118
Belief,FALSE,TB-K-B,TT_B,PsychoPyStudy2Stim/TT_B_7.png,Adam THINKS there are ZERO cubes,0,h,b,2,0,2,2,0,2,0,0,0,B,PropFalse,0,47,47,194,NA,NA,NA,NA,NA,3.9770000148564e-4,217.0544239000883,217.4301315000048,217.5303014999954,219.53060150006783,219.9304720000364,220.0328730000183,220.0328730000183,b,1,0.4006489000748843,220.4635830000043,220.4635830000043,220.4635830000043,220.4635830000043,NA,NA,NA,NA,NA,NA,039,001,2024-10-28_11h27.06.747,PsychoPy Exp,2023.1.2,60.02718029058118
Reality,FALSE,TB-Ig,D_B,PsychoPyStudy2Stim/D_B_2.png,"In REALITY, there are TWO cubes",2,h,b,1,1,0,1,1,0,0,0,0,B,PropFalse,0,48,48,73,NA,NA,NA,NA,NA,6.2419997993856e-4,220.55188480007928,220.93040740001015,221.03022960003,223.03057050006464,223.4303157000104,223.53262760001235,223.53262760001235,b,1,0.6852330999681726,224.24703030008823,224.24703030008823,224.24703030008823,224.24703030008823,NA,NA,NA,NA,NA,NA,039,001,2024-10-28_11h27.06.747,PsychoPy Exp,2023.1.2,60.02718029058118
Reality,TRUE,TB-K-B,DD_B,PsychoPyStudy2Stim/DD_B_15.png,"In REALITY, there are ZERO cubes",0,b,h,2,2,0,2,2,0,0,0,0,B,-,0,49,49,28,NA,NA,NA,NA,NA,0.00152260006871074,224.33727220003493,224.71354570006952,224.81383460003417,226.8137975999853,227.2137169999769,227.31595910002943,227.31595910002943,h,1,1.9418782000429928,229.28034589998424,229.28034589998424,229.28034589998424,229.28034589998424,NA,NA,NA,NA,NA,NA,039,001,2024-10-28_11h27.06.747,PsychoPy Exp,2023.1.2,60.02718029058118
Knowledge,FALSE,FB-Ig,T_B_T,PsychoPyStudy2Stim/T_B_T_1.png,Adam KNOWS there is ONE cube,1,h,b,2,0,2,1,0,1,1,0,1,B,PropFalse,0,50,50,300,NA,NA,NA,NA,NA,0.00153630005661398,229.37053150008433,229.7470565000549,229.84700770000927,231.84713690006177,232.24708170001395,232.34925950004256,232.34925950004256,b,1,0.9083189000375568,233.2803274000762,233.2803274000762,233.2803274000762,233.2803274000762,NA,NA,NA,NA,NA,NA,039,001,2024-10-28_11h27.06.747,PsychoPy Exp,2023.1.2,60.02718029058118
Belief,FALSE,TB-K,DD_NB,PsychoPyStudy2Stim/DD_NB_1.png,Adam THINKS there is ONE cube,1,h,b,2,2,0,2,2,0,0,0,0,NB,PropFalse,0,51,51,168,NA,NA,NA,NA,NA,9.3969993758946e-4,233.37036810000427,233.74700440000743,233.84713690006177,235.84710640006233,236.2471311000409,236.34924910007976,236.34924910007976,b,1,0.948973699938506,237.3136943000136,237.3136943000136,237.3136943000136,237.3136943000136,NA,NA,NA,NA,NA,NA,039,001,2024-10-28_11h27.06.747,PsychoPy Exp,2023.1.2,60.02718029058118
Reality,TRUE,FB-Ig,T_B_T,PsychoPyStudy2Stim/T_B_T_4.png,"In REALITY, there are TWO cubes",2,b,h,2,0,2,1,0,1,1,0,1,B,-,0,52,52,41,NA,NA,NA,NA,NA,0.00192469998728483,237.4022068000631,237.7802958000684,237.8802872999804,239.88021159998607,240.2803732000757,240.38255710003432,240.38255710003432,h,1,0.515688500017859,240.91354049998336,240.91354049998336,240.91354049998336,240.91354049998336,NA,NA,NA,NA,NA,NA,039,001,2024-10-28_11h27.06.747,PsychoPy Exp,2023.1.2,60.02718029058118
Reality,FALSE,TB-K-B,TD_B,PsychoPyStudy2Stim/TD_B_5.png,"In REALITY, there are ZERO cubes",0,h,b,2,1,1,2,1,1,0,0,0,B,PropFalse,0,53,53,88,NA,NA,NA,NA,NA,0.00190519995521754,240.9820307000773,241.36362780001943,241.46348350006156,243.4635691000149,243.8638062999817,243.96612460003232,243.96612460003232,b,1,1.043797199963592,245.03027570003175,245.03027570003175,245.03027570003175,245.03027570003175,NA,NA,NA,NA,NA,NA,039,001,2024-10-28_11h27.06.747,PsychoPy Exp,2023.1.2,60.02718029058118
Belief,TRUE,FB-Ig,T_B_T,PsychoPyStudy2Stim/T_B_T_2.png,Adam THINKS there is ONE cube,1,b,h,2,0,2,1,0,1,1,0,1,B,-,0,54,54,147,NA,NA,NA,NA,NA,0.00173140002880245,245.10866160003937,245.48032600001895,245.58042160002515,247.5803056000732,247.9803385999985,248.0825295000104,248.0825295000104,h,1,0.511342899990268,248.61370940005872,248.61370940005872,248.61370940005872,248.61370940005872,NA,NA,NA,NA,NA,NA,039,001,2024-10-28_11h27.06.747,PsychoPy Exp,2023.1.2,60.02718029058118
Belief,FALSE,TB-K,T_NB,PsychoPyStudy2Stim/T_NB_1.png,Adam THINKS there are ZERO cubes,0,h,b,1,0,1,1,0,1,0,0,0,NB,PropFalse,0,55,55,165,NA,NA,NA,NA,NA,0.00195100007113069,248.69664129999,249.0809343000874,249.18028810003307,251.180451799999,251.58027999999467,251.6825948000187,251.6825948000187,b,1,0.7431569000473246,252.44694930000696,252.44694930000696,252.44694930000696,252.44694930000696,NA,NA,NA,NA,NA,NA,039,001,2024-10-28_11h27.06.747,PsychoPy Exp,2023.1.2,60.02718029058118
Knowledge,FALSE,TB-Ig,D_B,PsychoPyStudy2Stim/D_B_3.png,Adam KNOWS there are ZERO cubes,0,h,b,1,1,0,1,1,0,0,0,0,B,PropTrueNoKnowledge,0,56,56,290,NA,NA,NA,NA,NA,0.00166629999876022,252.54102930007505,252.91358870000113,253.01377070008311,255.0136053999886,255.4140343000181,255.51584330003243,255.51584330003243,b,1,1.421965799992904,256.96367159998044,256.96367159998044,256.96367159998044,256.96367159998044,NA,NA,NA,NA,NA,NA,039,001,2024-10-28_11h27.06.747,PsychoPy Exp,2023.1.2,60.02718029058118
Knowledge,TRUE,TB-K-B,TT_B,PsychoPyStudy2Stim/TT_B_16.png,Adam KNOWS there are TWO cubes,2,b,h,2,0,2,2,0,2,0,0,0,B,-,0,57,57,249,NA,NA,NA,NA,NA,0.00188599992543458,257.05951240006834,257.43028480000794,257.5303930999944,259.530208399985,259.9303583999863,260.0325807000045,260.0325807000045,h,1,0.7452156000072137,260.7968396000797,260.7968396000797,260.7968396000797,260.7968396000797,NA,NA,NA,NA,NA,NA,039,001,2024-10-28_11h27.06.747,PsychoPy Exp,2023.1.2,60.02718029058118
Reality,FALSE,FB-Ig,T_B_T,PsychoPyStudy2Stim/T_B_T_5.png,"In REALITY, there is ONE cube",1,h,b,2,0,2,1,0,1,1,0,1,B,PropFalse,0,58,58,96,NA,NA,NA,NA,NA,0.00167889997828751,260.8679867000319,261.2469481000444,261.34704060002696,263.34691459999885,263.7469889000058,263.8491978000384,263.8491978000384,b,1,0.5765775000909343,264.4467725000577,264.4467725000577,264.4467725000577,264.4467725000577,NA,NA,NA,NA,NA,NA,039,001,2024-10-28_11h27.06.747,PsychoPy Exp,2023.1.2,60.02718029058118
Knowledge,TRUE,TB-K-B,TT_B,PsychoPyStudy2Stim/TT_B_21.png,Adam KNOWS there are TWO cubes,2,b,h,2,0,2,2,0,2,0,0,0,B,-,0,59,59,254,NA,NA,NA,NA,NA,0.00199160003103315,264.5289700999856,264.9135864999844,265.0136700000148,267.01376720005646,267.4137208000757,267.5158071999904,267.5158071999904,h,1,0.7658184999600053,268.2967962999828,268.2967962999828,268.2967962999828,268.2967962999828,NA,NA,NA,NA,NA,NA,039,001,2024-10-28_11h27.06.747,PsychoPy Exp,2023.1.2,60.02718029058118
Belief,TRUE,FB-Ig,T_B_T,PsychoPyStudy2Stim/T_B_T_2.png,Adam THINKS there is ONE cube,1,b,h,2,0,2,1,0,1,1,0,1,B,-,0,60,60,153,NA,NA,NA,NA,NA,4.9480004236102e-4,268.3761308999965,268.74688250001054,268.8469818000449,270.846990799997,271.24700169998687,271.34922380000353,271.34922380000353,h,1,1.060478499974124,272.4299858000595,272.4299858000595,272.4299858000595,272.4299858000595,NA,NA,NA,NA,NA,NA,039,001,2024-10-28_11h27.06.747,PsychoPy Exp,2023.1.2,60.02718029058118
Knowledge,TRUE,TB-K-B,TT_B,PsychoPyStudy2Stim/TT_B_14.png,Adam KNOWS there are TWO cubes,2,b,h,2,0,2,2,0,2,0,0,0,B,-,0,61,61,247,NA,NA,NA,NA,NA,0.00167210004292428,272.50381820008624,272.8802424999885,272.9803817999782,274.98039100004826,275.38035810005385,275.4823443000205,275.4823443000205,h,1,0.7753396999323741,276.28018470003735,276.28018470003735,276.28018470003735,276.28018470003735,NA,NA,NA,NA,NA,NA,039,001,2024-10-28_11h27.06.747,PsychoPy Exp,2023.1.2,60.02718029058118
Belief,FALSE,TB-Ig,D_B,PsychoPyStudy2Stim/D_B_4.png,Adam THINKS there is ONE cube,1,h,b,1,1,0,1,1,0,0,0,0,B,PropFalse,0,62,62,183,NA,NA,NA,NA,NA,0.00177450000774115,276.3723668999737,276.74681470007636,276.8469916000031,278.84699170000385,279.24701210006606,279.34910210000817,279.34910210000817,b,1,0.46025989996269345,279.8299777000211,279.8299777000211,279.8299777000211,279.8299777000211,NA,NA,NA,NA,NA,NA,039,001,2024-10-28_11h27.06.747,PsychoPy Exp,2023.1.2,60.02718029058118
Reality,TRUE,TB-Ig,D_B,PsychoPyStudy2Stim/D_B_4.png,"In REALITY, there are ZERO cubes",0,b,h,1,1,0,1,1,0,0,0,0,B,-,0,63,63,21,NA,NA,NA,NA,NA,4.5030005276203e-4,279.90150280005764,280.2801880000625,280.3801686000079,282.38038500002585,282.7802280000178,282.88248590007424,282.88248590007424,h,1,0.4951640999643132,283.39682810008526,283.39682810008526,283.39682810008526,283.39682810008526,NA,NA,NA,NA,NA,NA,039,001,2024-10-28_11h27.06.747,PsychoPy Exp,2023.1.2,60.02718029058118
Reality,FALSE,TB-K,TD_NB,PsychoPyStudy2Stim/TD_NB_3.png,"In REALITY, there are TWO cubes",2,h,b,2,1,1,2,1,1,0,0,0,NB,PropFalse,0,64,64,65,NA,NA,NA,NA,NA,0.00182010000571608,283.4651349000633,283.84663929999806,283.9468313000398,285.94695500005037,286.3469512000447,286.4492063000798,286.4492063000798,b,1,0.5361757999053225,287.01339980005287,287.01339980005287,287.01339980005287,287.01339980005287,NA,NA,NA,NA,NA,NA,039,001,2024-10-28_11h27.06.747,PsychoPy Exp,2023.1.2,60.02718029058118
Reality,FALSE,TB-K-B,DD_B,PsychoPyStudy2Stim/DD_B_16.png,"In REALITY, there are TWO cubes",2,h,b,2,2,0,2,2,0,0,0,0,B,PropFalse,0,65,65,83,NA,NA,NA,NA,NA,5.3469999693334e-4,287.1043956000358,287.480176400044,287.5803167000413,289.58002310001757,289.98026109999046,290.082503200043,290.082503200043,b,1,1.047581300023012,291.1468057000311,291.1468057000311,291.1468057000311,291.1468057000311,NA,NA,NA,NA,NA,NA,039,001,2024-10-28_11h27.06.747,PsychoPy Exp,2023.1.2,60.02718029058118
Knowledge,FALSE,TB-Ig,D_B,PsychoPyStudy2Stim/D_B_4.png,Adam KNOWS there are ZERO cubes,0,h,b,1,1,0,1,1,0,0,0,0,B,PropTrueNoKnowledge,0,66,66,291,NA,NA,NA,NA,NA,8.6709996685385e-4,291.22609950008336,291.5968191000866,291.696866500075,293.69678790005855,294.0968653000891,294.19909960008226,294.19909960008226,b,1,0.7309998000273481,294.9468168000458,294.9468168000458,294.9468168000458,294.9468168000458,NA,NA,NA,NA,NA,NA,039,001,2024-10-28_11h27.06.747,PsychoPy Exp,2023.1.2,60.02718029058118
Knowledge,FALSE,TB-Ig,D_B_D,PsychoPyStudy2Stim/D_B_D_3.png,Adam KNOWS there are ZERO cubes,0,h,b,2,2,0,1,1,0,1,1,0,B,PropTrueNoKnowledge,0,67,67,294,NA,NA,NA,NA,NA,0.00103719998151063,295.025004300056,295.3967353000771,295.4967150000157,297.4968464000849,297.89705010002945,297.9991602000082,297.9991602000082,b,1,0.7224770999746397,298.74693090002984,298.74693090002984,298.74693090002984,298.74693090002984,NA,NA,NA,NA,NA,NA,039,001,2024-10-28_11h27.06.747,PsychoPy Exp,2023.1.2,60.02718029058118
Knowledge,TRUE,TB-K-B,TT_B,PsychoPyStudy2Stim/TT_B_22.png,Adam KNOWS there are TWO cubes,2,b,h,2,0,2,2,0,2,0,0,0,B,-,0,68,68,255,NA,NA,NA,NA,NA,0.00174410000909119,298.84456950007007,299.22996150003746,299.3302672000136,301.33016100001987,301.7301251000026,301.8324453000678,301.8324453000678,h,1,0.5448642999399453,302.3967185000656,302.3967185000656,302.3967185000656,302.3967185000656,NA,NA,NA,NA,NA,NA,039,001,2024-10-28_11h27.06.747,PsychoPy Exp,2023.1.2,60.02718029058118
Belief,TRUE,TB-Ig,D_B,PsychoPyStudy2Stim/D_B_1.png,Adam THINKS there are ZERO cubes,0,b,h,1,1,0,1,1,0,0,0,0,B,-,0,69,69,126,NA,NA,NA,NA,NA,4.0599994827061e-4,302.47180180007126,302.8465554000577,302.94672430003993,304.94664820004255,305.34663719998207,305.44932210003026,305.44932210003026,h,1,0.8238981999456882,306.2965117000276,306.2965117000276,306.2965117000276,306.2965117000276,NA,NA,NA,NA,NA,NA,039,001,2024-10-28_11h27.06.747,PsychoPy Exp,2023.1.2,60.02718029058118
Knowledge,TRUE,TB-K,T_NB,PsychoPyStudy2Stim/T_NB_2.png,Adam KNOWS there is ONE cube,1,b,h,1,0,1,1,0,1,0,0,0,NB,-,0,70,70,220,NA,NA,NA,NA,NA,4.0640006773173e-4,306.3684633000521,306.74650610005483,306.84658740006853,308.84696720005013,309.24655849998817,309.34887520002667,309.34887520002667,h,1,0.6203964999876916,309.99651399999857,309.99651399999857,309.99651399999857,309.99651399999857,NA,NA,NA,NA,NA,NA,039,001,2024-10-28_11h27.06.747,PsychoPy Exp,2023.1.2,60.02718029058118
Belief,TRUE,TB-K,D_NB,PsychoPyStudy2Stim/D_NB_3.png,Adam THINKS there are ZERO cubes,0,b,h,1,1,0,1,1,0,0,0,0,NB,-,0,71,71,110,NA,NA,NA,NA,NA,3.9689999539405e-4,310.0742169000441,310.4464776000241,310.54660760005936,312.54668809997384,312.9466804000549,313.04888310004026,313.04888310004026,h,1,0.6244019999867305,313.69652060000226,313.69652060000226,313.69652060000226,313.69652060000226,NA,NA,NA,NA,NA,NA,039,001,2024-10-28_11h27.06.747,PsychoPy Exp,2023.1.2,60.02718029058118
Knowledge,TRUE,TB-K,TT_NB,PsychoPyStudy2Stim/TT_NB_4.png,Adam KNOWS there are TWO cubes,2,b,h,2,0,2,2,0,2,0,0,0,NB,-,0,72,72,231,NA,NA,NA,NA,NA,4.4909992720931e-4,313.76813189999666,314.1465781000443,314.2466281000525,316.24667110003065,316.64662730006967,316.74897960003,316.74897960003,h,1,0.6123089999891818,317.37982020003255,317.37982020003255,317.37982020003255,317.37982020003255,NA,NA,NA,NA,NA,NA,039,001,2024-10-28_11h27.06.747,PsychoPy Exp,2023.1.2,60.02718029058118
Reality,FALSE,TB-Ig,D_B,PsychoPyStudy2Stim/D_B_3.png,"In REALITY, there are TWO cubes",2,h,b,1,1,0,1,1,0,0,0,0,B,PropFalse,0,73,73,74,NA,NA,NA,NA,NA,4.1990005411207e-4,317.45572199998423,317.82981650007423,317.9299882000778,319.929998000036,320.33004360005725,320.43233280000277,320.43233280000277,b,1,0.5929707000032067,321.04660890006926,321.04660890006926,321.04660890006926,321.04660890006926,NA,NA,NA,NA,NA,NA,039,001,2024-10-28_11h27.06.747,PsychoPy Exp,2023.1.2,60.02718029058118
Reality,FALSE,TB-Ig,D_B_D,PsychoPyStudy2Stim/D_B_D_1.png,"In REALITY, there are TWO cubes",2,h,b,2,2,0,1,1,0,1,1,0,B,PropFalse,0,74,74,76,NA,NA,NA,NA,NA,4.0160003118216e-4,321.1190773000708,321.4965380000649,321.5965800000122,323.5965644000098,323.9967000000179,324.09903260006104,324.09903260006104,b,1,0.5182151000481099,324.6464949999936,324.6464949999936,324.6464949999936,324.6464949999936,NA,NA,NA,NA,NA,NA,039,001,2024-10-28_11h27.06.747,PsychoPy Exp,2023.1.2,60.02718029058118
Belief,TRUE,FB-Ig,T_B_T,PsychoPyStudy2Stim/T_B_T_1.png,Adam THINKS there is ONE cube,1,b,h,2,0,2,1,0,1,1,0,1,B,-,0,75,75,152,NA,NA,NA,NA,NA,4.0349992923438e-4,324.7216207999736,325.09648950002156,325.19683080003597,327.1966018000385,327.5965737000806,327.6991306000855,327.6991306000855,h,1,0.7901425000745803,328.5131849000463,328.5131849000463,328.5131849000463,328.5131849000463,NA,NA,NA,NA,NA,NA,039,001,2024-10-28_11h27.06.747,PsychoPy Exp,2023.1.2,60.02718029058118
Knowledge,TRUE,TB-K,TT_NB,PsychoPyStudy2Stim/TT_NB_6.png,Adam KNOWS there are TWO cubes,2,b,h,2,0,2,2,0,2,0,0,0,NB,-,0,76,76,233,NA,NA,NA,NA,NA,3.9509998168796e-4,328.5846641000826,328.96309640002437,329.0633468000451,331.0632927999832,331.4632511000382,331.56552619999275,331.56552619999275,h,1,0.5716854999773204,332.163148200023,332.163148200023,332.163148200023,332.163148200023,NA,NA,NA,NA,NA,NA,039,001,2024-10-28_11h27.06.747,PsychoPy Exp,2023.1.2,60.02718029058118
Knowledge,TRUE,TB-K-B,DD_B,PsychoPyStudy2Stim/DD_B_2.png,Adam KNOWS there are ZERO cubes,0,b,h,2,2,0,2,2,0,0,0,0,B,-,0,77,77,235,NA,NA,NA,NA,NA,4.1139998938888e-4,332.2494282000698,332.6297924000537,332.729905800079,334.72996000002604,335.12998530000914,335.2322382000275,335.2322382000275,h,1,0.8729803999885917,336.12981040007435,336.12981040007435,336.12981040007435,336.12981040007435,NA,NA,NA,NA,NA,NA,039,001,2024-10-28_11h27.06.747,PsychoPy Exp,2023.1.2,60.02718029058118
Knowledge,FALSE,TB-K,TT_NB,PsychoPyStudy2Stim/TT_NB_3.png,Adam KNOWS there are ZERO cubes,0,h,b,2,0,2,2,0,2,0,0,0,NB,PropFalse,0,78,78,284,NA,NA,NA,NA,NA,4.1119998786598e-4,336.2086106999777,336.57976750005037,336.6799253000645,338.6799480000045,339.07988059998024,339.18232120003086,339.18232120003086,b,1,0.699345099972561,339.8964753000764,339.8964753000764,339.8964753000764,339.8964753000764,NA,NA,NA,NA,NA,NA,039,001,2024-10-28_11h27.06.747,PsychoPy Exp,2023.1.2,60.02718029058118
Reality,TRUE,TB-K,DD_NB,PsychoPyStudy2Stim/DD_NB_1.png,"In REALITY, there are ZERO cubes",0,b,h,2,2,0,2,2,0,0,0,0,NB,-,0,79,79,6,NA,NA,NA,NA,NA,4.075999604538e-4,339.97486880002543,340.34643260005396,340.4465914000757,342.446609799983,342.8465795000084,342.948924300028,342.948924300028,h,1,0.5722659999737516,343.54644180007745,343.54644180007745,343.54644180007745,343.54644180007745,NA,NA,NA,NA,NA,NA,039,001,2024-10-28_11h27.06.747,PsychoPy Exp,2023.1.2,60.02718029058118
Knowledge,FALSE,FB-Ig,T_B_T,PsychoPyStudy2Stim/T_B_T_1.png,Adam KNOWS there are TWO cubes,2,h,b,2,0,2,1,0,1,1,0,1,B,PropTrueNoKnowledge,0,80,80,306,NA,NA,NA,NA,NA,4.075999604538e-4,343.6211721000727,343.9963815000374,344.09651559998747,346.0965869000647,346.4965070000617,346.5986108999932,346.5986108999932,b,1,0.48307980003301054,347.0968312000623,NA,347.0968312000623,NA,space,7.512305599986576,NA,NA,NA,NA,039,001,2024-10-28_11h27.06.747,PsychoPy Exp,2023.1.2,60.02718029058118
Reality,FALSE,TB-K-B,TD_B,PsychoPyStudy2Stim/TD_B_6.png,"In REALITY, there are ZERO cubes",0,h,b,2,1,1,2,1,1,0,0,0,B,PropFalse,0,81,81,89,NA,NA,NA,NA,NA,4.1640002746134e-4,354.71961250004824,355.0964778000489,355.1965488999849,357.19654180004727,357.5965070000384,357.69885280006565,357.69885280006565,b,1,1.1668279999867082,358.8963875999907,358.8963875999907,358.8963875999907,358.8963875999907,NA,NA,NA,NA,NA,NA,039,001,2024-10-28_11h27.06.747,PsychoPy Exp,2023.1.2,60.02718029058118
Belief,FALSE,FB-Ig,D_B_T,PsychoPyStudy2Stim/D_B_T_4.png,Adam THINKS there is ONE cube,1,h,b,2,1,1,1,1,0,1,0,1,B,PropTrueNoBelief,0,82,82,215,NA,NA,NA,NA,NA,4.1420001070946e-4,358.9800752000883,359.36306930007413,359.46320330002345,361.46314410003833,361.8631702000275,361.96549219999,361.96549219999,b,1,0.5876319999806583,362.57976810005493,362.57976810005493,362.57976810005493,362.57976810005493,NA,NA,NA,NA,NA,NA,039,001,2024-10-28_11h27.06.747,PsychoPy Exp,2023.1.2,60.02718029058118
Knowledge,FALSE,TB-K-B,DD_B,PsychoPyStudy2Stim/DD_B_6.png,Adam KNOWS there is ONE cube,1,h,b,2,2,0,2,2,0,0,0,0,B,PropFalse,0,83,83,296,NA,NA,NA,NA,NA,4.2250007390975e-4,362.6647616000846,363.0464171000058,363.14661900000647,365.1465201000683,365.5464901999803,365.6488314999733,365.6488314999733,b,1,0.5523002999834716,366.2296847000253,366.2296847000253,366.2296847000253,366.2296847000253,NA,NA,NA,NA,NA,NA,039,001,2024-10-28_11h27.06.747,PsychoPy Exp,2023.1.2,60.02718029058118
Belief,TRUE,FB-Ig,T_B_T,PsychoPyStudy2Stim/T_B_T_6.png,Adam THINKS there is ONE cube,1,b,h,2,0,2,1,0,1,1,0,1,B,-,0,84,84,151,NA,NA,NA,NA,NA,4.4360000174492e-4,366.3040963000385,366.679706600029,366.7798395000864,368.779775800067,369.1797943999991,369.2820921000093,369.2820921000093,h,1,0.4550044999923557,369.763022200088,369.763022200088,369.763022200088,369.763022200088,NA,NA,NA,NA,NA,NA,039,001,2024-10-28_11h27.06.747,PsychoPy Exp,2023.1.2,60.02718029058118
Reality,TRUE,FB-Ig,T_B_T,PsychoPyStudy2Stim/T_B_T_3.png,"In REALITY, there are TWO cubes",2,b,h,2,0,2,1,0,1,1,0,1,B,-,0,85,85,46,NA,NA,NA,NA,NA,4.7400000039488e-4,369.84012770000845,370.21297560003586,370.3131049000658,372.3130917000817,372.7131110000191,372.81652150000446,372.81652150000446,h,1,0.6565785999409854,373.4963764999993,373.4963764999993,373.4963764999993,373.4963764999993,NA,NA,NA,NA,NA,NA,039,001,2024-10-28_11h27.06.747,PsychoPy Exp,2023.1.2,60.02718029058118
Belief,TRUE,TB-K-B,TT_B,PsychoPyStudy2Stim/TT_B_5.png,Adam THINKS there are TWO cubes,2,b,h,2,0,2,2,0,2,0,0,0,B,-,0,86,86,138,NA,NA,NA,NA,NA,4.5589997898787e-4,373.58234369999263,373.9629944000626,374.0631420999998,376.06315940001514,376.4631502000848,376.56594120000955,376.56594120000955,h,1,0.4511264999164269,377.046288200072,377.046288200072,377.046288200072,377.046288200072,NA,NA,NA,NA,NA,NA,039,001,2024-10-28_11h27.06.747,PsychoPy Exp,2023.1.2,60.02718029058118
Belief,FALSE,TB-K-B,TT_B,PsychoPyStudy2Stim/TT_B_11.png,Adam THINKS there are ZERO cubes,0,h,b,2,0,2,2,0,2,0,0,0,B,PropFalse,0,87,87,198,NA,NA,NA,NA,NA,4.6339991968125e-4,377.1412975999992,377.5130026000552,377.6131910000695,379.6131401000312,380.0131231000414,380.1155671000015,380.1155671000015,b,1,0.5894994999980554,380.72964739997406,380.72964739997406,380.72964739997406,380.72964739997406,NA,NA,NA,NA,NA,NA,039,001,2024-10-28_11h27.06.747,PsychoPy Exp,2023.1.2,60.02718029058118
Knowledge,FALSE,TB-Ig,D_B_D,PsychoPyStudy2Stim/D_B_D_2.png,Adam KNOWS there are ZERO cubes,0,h,b,2,2,0,1,1,0,1,1,0,B,PropTrueNoKnowledge,0,88,88,293,NA,NA,NA,NA,NA,4.153000190854e-4,380.8052575000329,381.1796359000727,381.27980490005575,383.2798086000839,383.6797635999974,383.7821287000552,383.7821287000552,b,1,0.8749151000520214,384.6796231999761,384.6796231999761,384.6796231999761,384.6796231999761,NA,NA,NA,NA,NA,NA,039,001,2024-10-28_11h27.06.747,PsychoPy Exp,2023.1.2,60.02718029058118
Reality,FALSE,TB-K,T_NB,PsychoPyStudy2Stim/T_NB_1.png,"In REALITY, there are ZERO cubes",0,h,b,1,0,1,1,0,1,0,0,0,NB,PropFalse,0,89,89,57,NA,NA,NA,NA,NA,4.6779995318502e-4,384.7616030999925,385.1462879000465,385.2464311000658,387.2465812000446,387.64647520007566,387.7500968000386,387.7500968000386,b,1,0.6909546999959275,388.4629539999878,388.4629539999878,388.4629539999878,388.4629539999878,NA,NA,NA,NA,NA,NA,039,001,2024-10-28_11h27.06.747,PsychoPy Exp,2023.1.2,60.02718029058118
Belief,TRUE,TB-K,DD_NB,PsychoPyStudy2Stim/DD_NB_2.png,Adam THINKS there are ZERO cubes,0,b,h,2,2,0,2,2,0,0,0,0,NB,-,0,90,90,115,NA,NA,NA,NA,NA,5.1280006300657e-4,388.54738400003407,388.9295900000725,389.02974590007216,391.0300798000535,391.42993470001966,391.5321776000783,391.5321776000783,h,1,1.173216599971056,392.72989860002417,392.72989860002417,392.72989860002417,392.72989860002417,NA,NA,NA,NA,NA,NA,039,001,2024-10-28_11h27.06.747,PsychoPy Exp,2023.1.2,60.02718029058118
Knowledge,TRUE,TB-K-B,DD_B,PsychoPyStudy2Stim/DD_B_1.png,Adam KNOWS there are ZERO cubes,0,b,h,2,2,0,2,2,0,0,0,0,B,-,0,91,91,234,NA,NA,NA,NA,NA,0.00186930003110319,392.8183667000849,393.196628900012,393.296496200026,395.2965605000499,395.6966926000314,395.79882460006047,395.79882460006047,h,1,0.4990484999725595,396.3130765000824,396.3130765000824,396.3130765000824,396.3130765000824,NA,NA,NA,NA,NA,NA,039,001,2024-10-28_11h27.06.747,PsychoPy Exp,2023.1.2,60.02718029058118
Belief,FALSE,TB-K,TD_NB,PsychoPyStudy2Stim/TD_NB_1.png,Adam THINKS there are ZERO cubes,0,h,b,2,1,1,2,1,1,0,0,0,NB,PropFalse,0,92,92,171,NA,NA,NA,NA,NA,0.00178980000782758,396.3841435000067,396.7631736000767,396.8632898000069,398.8631586000556,399.2632579000201,399.3653970999876,399.3653970999876,b,1,0.7075689999619499,400.0962488000514,400.0962488000514,400.0962488000514,400.0962488000514,NA,NA,NA,NA,NA,NA,039,001,2024-10-28_11h27.06.747,PsychoPy Exp,2023.1.2,60.02718029058118
Reality,TRUE,TB-K,D_NB,PsychoPyStudy2Stim/D_NB_3.png,"In REALITY, there are ZERO cubes",0,b,h,1,1,0,1,1,0,0,0,0,NB,-,0,93,93,2,NA,NA,NA,NA,NA,4.512999439612e-4,400.1666024000151,400.5463012000546,400.6463699000888,402.6463562999852,403.0465512999799,403.14886760001536,403.14886760001536,h,1,0.7650973999407142,403.9295238000341,403.9295238000341,403.9295238000341,403.9295238000341,NA,NA,NA,NA,NA,NA,039,001,2024-10-28_11h27.06.747,PsychoPy Exp,2023.1.2,60.02718029058118
Reality,FALSE,TB-K-B,DD_B,PsychoPyStudy2Stim/DD_B_13.png,"In REALITY, there are TWO cubes",2,h,b,2,2,0,2,2,0,0,0,0,B,PropFalse,0,94,94,80,NA,NA,NA,NA,NA,4.3939996976405e-4,404.0202085999772,404.3963089999743,404.4963747999864,406.4962906000437,406.89627370005473,406.99859790003393,406.99859790003393,b,1,1.1148959000129253,408.1294840000337,408.1294840000337,408.1294840000337,408.1294840000337,NA,NA,NA,NA,NA,NA,039,001,2024-10-28_11h27.06.747,PsychoPy Exp,2023.1.2,60.02718029058118
Reality,FALSE,TB-K,TD_NB,PsychoPyStudy2Stim/TD_NB_1.png,"In REALITY, there are ZERO cubes",0,h,b,2,1,1,2,1,1,0,0,0,NB,PropFalse,0,95,95,63,NA,NA,NA,NA,NA,4.3690006714314e-4,408.22024689998943,408.5962345000589,408.696345900069,410.6964794000378,411.0963289000792,411.1990812000586,411.1990812000586,b,1,0.5469112999271601,411.7629037000006,411.7629037000006,411.7629037000006,411.7629037000006,NA,NA,NA,NA,NA,NA,039,001,2024-10-28_11h27.06.747,PsychoPy Exp,2023.1.2,60.02718029058118
Reality,TRUE,FB-Ig,D_B_T,PsychoPyStudy2Stim/D_B_T_1.png,"In REALITY, there is ONE cube",1,b,h,2,1,1,1,1,0,1,0,1,B,-,0,96,96,50,NA,NA,NA,NA,NA,4.3450004886835e-4,411.854255800019,412.2295916000148,412.3299129999941,414.32963950000703,414.7297286000103,414.83188930002507,414.83188930002507,h,1,1.2170728999190032,416.0795763999922,416.0795763999922,416.0795763999922,416.0795763999922,NA,NA,NA,NA,NA,NA,039,001,2024-10-28_11h27.06.747,PsychoPy Exp,2023.1.2,60.02718029058118
Reality,TRUE,TB-K-B,TD_B,PsychoPyStudy2Stim/TD_B_1.png,"In REALITY, there is ONE cube",1,b,h,2,1,1,2,1,1,0,0,0,B,-,0,97,97,30,NA,NA,NA,NA,NA,4.163000266999e-4,416.1507999000605,416.5297513999976,416.6299256000202,418.62965300004,419.0296663000481,419.132062699995,419.132062699995,h,1,0.5330953999655321,419.6961980999913,419.6961980999913,419.6961980999913,419.6961980999913,NA,NA,NA,NA,NA,NA,039,001,2024-10-28_11h27.06.747,PsychoPy Exp,2023.1.2,60.02718029058118
Reality,TRUE,TB-K,DD_NB,PsychoPyStudy2Stim/DD_NB_2.png,"In REALITY, there are ZERO cubes",0,b,h,2,2,0,2,2,0,0,0,0,NB,-,0,98,98,7,NA,NA,NA,NA,NA,4.1149999015033e-4,419.7640790999867,420.146431799978,420.24665250000544,422.246551600052,422.646585999988,422.7487087000627,422.7487087000627,h,1,0.6129362999927253,423.3797968000872,423.3797968000872,423.3797968000872,423.3797968000872,NA,NA,NA,NA,NA,NA,039,001,2024-10-28_11h27.06.747,PsychoPy Exp,2023.1.2,60.02718029058118
Knowledge,FALSE,FB-Ig,D_B_T,PsychoPyStudy2Stim/D_B_T_1.png,Adam KNOWS there is ONE cube,1,h,b,2,1,1,1,1,0,1,0,1,B,PropTrueNoKnowledge,0,99,99,318,NA,NA,NA,NA,NA,0.00178129994310438,423.4700987000251,423.84623240004294,423.94655690004583,425.9463407000294,426.3465612999862,426.448605600046,426.448605600046,b,1,0.7367477999068797,427.213118600077,427.213118600077,427.213118600077,427.213118600077,NA,NA,NA,NA,NA,NA,039,001,2024-10-28_11h27.06.747,PsychoPy Exp,2023.1.2,60.02718029058118
Reality,FALSE,TB-K,DD_NB,PsychoPyStudy2Stim/DD_NB_1.png,"In REALITY, there is ONE cube",1,h,b,2,2,0,2,2,0,0,0,0,NB,PropFalse,0,100,100,60,NA,NA,NA,NA,NA,0.00186149997171014,427.30164920003153,427.67974460008554,427.77984370000195,429.7798211000627,430.1798725000117,430.2819881000323,430.2819881000323,b,1,0.8480152999982238,431.1462652999908,431.1462652999908,431.1462652999908,431.1462652999908,NA,NA,NA,NA,NA,NA,039,001,2024-10-28_11h27.06.747,PsychoPy Exp,2023.1.2,60.02718029058118
Reality,FALSE,TB-K-B,TD_B,PsychoPyStudy2Stim/TD_B_2.png,"In REALITY, there are ZERO cubes",0,h,b,2,1,1,2,1,1,0,0,0,B,PropFalse,0,101,101,85,NA,NA,NA,NA,NA,4.4120009988546e-4,431.2189836000325,431.5963867000537,431.6964988000691,433.69654450006783,434.09650430001784,434.1986568000866,434.1986568000866,b,1,0.5546522999648005,434.7797671000007,434.7797671000007,434.7797671000007,434.7797671000007,NA,NA,NA,NA,NA,NA,039,001,2024-10-28_11h27.06.747,PsychoPy Exp,2023.1.2,60.02718029058118
Reality,TRUE,FB-Ig,D_B_T,PsychoPyStudy2Stim/D_B_T_3.png,"In REALITY, there is ONE cube",1,b,h,2,1,1,1,1,0,1,0,1,B,-,0,102,102,52,NA,NA,NA,NA,NA,0.00176849996205419,434.8608108999906,435.24633660004474,435.34655710007064,437.3465187000111,437.74642840004526,437.8486594000133,437.8486594000133,h,1,0.4491549999220297,438.312921200064,438.312921200064,438.312921200064,438.312921200064,NA,NA,NA,NA,NA,NA,039,001,2024-10-28_11h27.06.747,PsychoPy Exp,2023.1.2,60.02718029058118
Knowledge,FALSE,TB-K-B,TD_B,PsychoPyStudy2Stim/TD_B_11.png,Adam KNOWS there are ZERO cubes,0,h,b,2,1,1,2,1,1,0,0,0,B,PropFalse,0,103,103,299,NA,NA,NA,NA,NA,0.00180760002695024,438.3842366000172,438.76306630007457,438.8632479000371,440.8638849999989,441.2629878000589,441.3654763000086,441.3654763000086,b,1,0.7234762998996302,442.11296010005753,442.11296010005753,442.11296010005753,442.11296010005753,NA,NA,NA,NA,NA,NA,039,001,2024-10-28_11h27.06.747,PsychoPy Exp,2023.1.2,60.02718029058118
Reality,FALSE,FB-Ig,T_B_T,PsychoPyStudy2Stim/T_B_T_1.png,"In REALITY, there is ONE cube",1,h,b,2,0,2,1,0,1,1,0,1,B,PropFalse,0,104,104,98,NA,NA,NA,NA,NA,8.2209997344762e-4,442.2015198000008,442.5796832999913,442.6798025000608,444.6798066999763,445.0796150000533,445.1819289000705,445.1819289000705,b,1,0.8272955999709666,446.02957390004303,446.02957390004303,446.02957390004303,446.02957390004303,NA,NA,NA,NA,NA,NA,039,001,2024-10-28_11h27.06.747,PsychoPy Exp,2023.1.2,60.02718029058118
Belief,FALSE,FB-Ig,T_B_T,PsychoPyStudy2Stim/T_B_T_1.png,Adam THINKS there are TWO cubes,2,h,b,2,0,2,1,0,1,1,0,1,B,PropTrueNoBelief,0,105,105,206,NA,NA,NA,NA,NA,0.00189219997264444,446.0992153000552,446.4796832000138,446.57985059998464,448.5796379999956,448.979641300044,449.0819597999798,449.0819597999798,b,1,0.49495359999127686,449.59618160000537,449.59618160000537,449.59618160000537,449.59618160000537,NA,NA,NA,NA,NA,NA,039,001,2024-10-28_11h27.06.747,PsychoPy Exp,2023.1.2,60.02718029058118
Reality,FALSE,FB-Ig,T_B_T,PsychoPyStudy2Stim/T_B_T_3.png,"In REALITY, there is ONE cube",1,h,b,2,0,2,1,0,1,1,0,1,B,PropFalse,0,106,106,100,NA,NA,NA,NA,NA,5.8049999643117e-4,449.6647325999802,450.0461561999982,450.1464657000033,452.1464525000192,452.5463839999866,452.64855789998546,452.64855789998546,b,1,0.5527096000732854,453.22949870000593,453.22949870000593,453.22949870000593,453.22949870000593,NA,NA,NA,NA,NA,NA,039,001,2024-10-28_11h27.06.747,PsychoPy Exp,2023.1.2,60.02718029058118
Reality,FALSE,FB-Ig,D_B_T,PsychoPyStudy2Stim/D_B_T_2.png,"In REALITY, there are ZERO cubes",0,h,b,2,1,1,1,1,0,1,0,1,B,PropFalse,0,107,107,105,NA,NA,NA,NA,NA,4.3339992407709e-4,453.3081897000084,453.67968609998934,453.7798998000799,455.7796105999733,456.1796671000775,456.28195129998494,456.28195129998494,b,1,1.0550241000019014,457.3629673999967,457.3629673999967,457.3629673999967,457.3629673999967,NA,NA,NA,NA,NA,NA,039,001,2024-10-28_11h27.06.747,PsychoPy Exp,2023.1.2,60.02718029058118
Belief,FALSE,TB-Ig,D_B,PsychoPyStudy2Stim/D_B_1.png,Adam THINKS there is ONE cube,1,h,b,1,1,0,1,1,0,0,0,0,B,PropFalse,0,108,108,180,NA,NA,NA,NA,NA,0.00162380002439022,457.458215199993,457.82968970004,457.92978310002945,459.9297910999739,460.3298321000766,460.4316378000658,460.4316378000658,b,1,0.809363100095652,461.2629559000488,461.2629559000488,461.2629559000488,461.2629559000488,NA,NA,NA,NA,NA,NA,039,001,2024-10-28_11h27.06.747,PsychoPy Exp,2023.1.2,60.02718029058118
Belief,TRUE,TB-Ig,D_B,PsychoPyStudy2Stim/D_B_3.png,Adam THINKS there are ZERO cubes,0,b,h,1,1,0,1,1,0,0,0,0,B,-,0,109,109,128,NA,NA,NA,NA,NA,9.9670002236962e-4,461.35176290001255,461.7296903000679,461.8297700000694,463.8295781000051,464.229620099999,464.3317797000054,464.3317797000054,h,1,0.5503180000232533,464.9128281000303,464.9128281000303,464.9128281000303,464.9128281000303,NA,NA,NA,NA,NA,NA,039,001,2024-10-28_11h27.06.747,PsychoPy Exp,2023.1.2,60.02718029058118
Knowledge,FALSE,FB-Ig,T_B_T,PsychoPyStudy2Stim/T_B_T_3.png,Adam KNOWS there are TWO cubes,2,h,b,2,0,2,1,0,1,1,0,1,B,PropTrueNoKnowledge,0,110,110,308,NA,NA,NA,NA,NA,4.6040001325309e-4,464.9854595999932,465.3629778000759,465.4630611999892,467.46310729999095,467.8630523000611,467.96515130007174,467.96515130007174,b,1,0.4998428000835702,468.49603979999665,468.49603979999665,468.49603979999665,468.49603979999665,NA,NA,NA,NA,NA,NA,039,001,2024-10-28_11h27.06.747,PsychoPy Exp,2023.1.2,60.02718029058118
Reality,FALSE,TB-K,TT_NB,PsychoPyStudy2Stim/TT_NB_1.png,"In REALITY, there are ZERO cubes",0,h,b,2,0,2,2,0,2,0,0,0,NB,PropFalse,0,111,111,66,NA,NA,NA,NA,NA,4.199999384582e-4,468.5662290999898,468.946151799988,469.0465196000878,471.0462686000392,471.44635740004014,471.5484347000019,471.5484347000019,b,1,0.6367783999303356,472.2129694999894,472.2129694999894,472.2129694999894,472.2129694999894,NA,NA,NA,NA,NA,NA,039,001,2024-10-28_11h27.06.747,PsychoPy Exp,2023.1.2,60.02718029058118
Belief,FALSE,TB-Ig,D_B_D,PsychoPyStudy2Stim/D_B_D_4.png,Adam THINKS there is ONE cube,1,h,b,2,2,0,1,1,0,1,1,0,B,PropFalse,0,112,112,187,NA,NA,NA,NA,NA,0.0019183000549674,472.30237280006986,472.6795398000395,472.7797791999765,474.7797248000279,475.1796993999742,475.2819278000388,475.2819278000388,b,1,0.5909558000275865,475.89614950004034,475.89614950004034,475.89614950004034,475.89614950004034,NA,NA,NA,NA,NA,NA,039,001,2024-10-28_11h27.06.747,PsychoPy Exp,2023.1.2,60.02718029058118
Belief,FALSE,TB-K,D_NB,PsychoPyStudy2Stim/D_NB_2.png,Adam THINKS there is ONE cube,1,h,b,1,1,0,1,1,0,0,0,0,NB,PropFalse,0,113,113,163,NA,NA,NA,NA,NA,4.1640002746134e-4,475.9626847000327,476.3461445000721,476.4463638000889,478.4463710000273,478.8463778999867,478.94847070006654,478.94847070006654,b,1,0.4044735000934452,479.3795693999855,479.3795693999855,479.3795693999855,479.3795693999855,NA,NA,NA,NA,NA,NA,039,001,2024-10-28_11h27.06.747,PsychoPy Exp,2023.1.2,60.02718029058118
Reality,TRUE,TB-Ig,D_B_D,PsychoPyStudy2Stim/D_B_D_2.png,"In REALITY, there are ZERO cubes",0,b,h,2,2,0,1,1,0,1,1,0,B,-,0,114,114,23,NA,NA,NA,NA,NA,0.00168169999960809,479.4698554000352,479.8463104000548,479.946429100004,481.94638640002813,482.34633580001537,482.4485021000728,482.4485021000728,h,1,0.672612400026992,483.1462239000248,483.1462239000248,483.1462239000248,483.1462239000248,NA,NA,NA,NA,NA,NA,039,001,2024-10-28_11h27.06.747,PsychoPy Exp,2023.1.2,60.02718029058118
Knowledge,TRUE,TB-K-B,DD_B,PsychoPyStudy2Stim/DD_B_7.png,Adam KNOWS there are ZERO cubes,0,b,h,2,2,0,2,2,0,0,0,0,B,-,0,115,115,240,NA,NA,NA,NA,NA,0.00160170008894056,483.2374023000011,483.6127173000714,483.712739199982,485.71288310003,486.1130653000437,486.21517790004145,486.21517790004145,h,1,0.7540984000079334,486.9963548000669,486.9963548000669,486.9963548000669,486.9963548000669,NA,NA,NA,NA,NA,NA,039,001,2024-10-28_11h27.06.747,PsychoPy Exp,2023.1.2,60.02718029058118
Knowledge,TRUE,TB-K,TT_NB,PsychoPyStudy2Stim/TT_NB_3.png,Adam KNOWS there are TWO cubes,2,b,h,2,0,2,2,0,2,0,0,0,NB,-,0,116,116,230,NA,NA,NA,NA,NA,0.00178930000402033,487.08513460005634,487.46289329999126,487.5630317999749,489.5630552000366,489.96296550007537,490.06513160001487,490.06513160001487,h,1,0.4958127000136301,490.5794867000077,490.5794867000077,490.5794867000077,490.5794867000077,NA,NA,NA,NA,NA,NA,039,001,2024-10-28_11h27.06.747,PsychoPy Exp,2023.1.2,60.02718029058118
Reality,TRUE,TB-K-B,TD_B,PsychoPyStudy2Stim/TD_B_9.png,"In REALITY, there is ONE cube",1,b,h,2,1,1,2,1,1,0,0,0,B,-,0,117,117,37,NA,NA,NA,NA,NA,0.00122700002975761,490.6680709000211,491.0462199000176,491.14636060001794,493.1462994000176,493.5463325000601,493.64841720007826,493.64841720007826,h,1,0.7686890000477433,494.44625390006695,494.44625390006695,494.44625390006695,494.44625390006695,NA,NA,NA,NA,NA,NA,039,001,2024-10-28_11h27.06.747,PsychoPy Exp,2023.1.2,60.02718029058118
Knowledge,FALSE,FB-Ig,T_B_T,PsychoPyStudy2Stim/T_B_T_4.png,Adam KNOWS there is ONE cube,1,h,b,2,0,2,1,0,1,1,0,1,B,PropFalse,0,118,118,303,NA,NA,NA,NA,NA,0.00161230005323886,494.5205582000781,494.8961719999788,494.9963599999901,496.9963281999808,497.39632410008926,497.4984375999775,497.4984375999775,b,1,0.8623248999938369,498.37949840002693,498.37949840002693,498.37949840002693,498.37949840002693,NA,NA,NA,NA,NA,NA,039,001,2024-10-28_11h27.06.747,PsychoPy Exp,2023.1.2,60.02718029058118
Knowledge,FALSE,TB-Ig,D_B_D,PsychoPyStudy2Stim/D_B_D_4.png,Adam KNOWS there are ZERO cubes,0,h,b,2,2,0,1,1,0,1,1,0,B,PropTrueNoKnowledge,0,119,119,295,NA,NA,NA,NA,NA,8.8359997607767e-4,498.4549866999732,498.8295244000619,498.9296133000171,500.92951950000133,501.32955230004154,501.43179619999137,501.43179619999137,b,1,0.6173266000114381,502.07960040005855,502.07960040005855,502.07960040005855,502.07960040005855,NA,NA,NA,NA,NA,NA,039,001,2024-10-28_11h27.06.747,PsychoPy Exp,2023.1.2,60.02718029058118
Reality,FALSE,TB-Ig,D_B_D,PsychoPyStudy2Stim/D_B_D_3.png,"In REALITY, there are TWO cubes",2,h,b,2,2,0,1,1,0,1,1,0,B,PropFalse,0,120,120,78,NA,NA,NA,NA,NA,0.00181899999734014,502.1728985999944,502.5462091000518,502.6463224000763,504.6462457000744,505.0461971000768,505.14840659999754,505.14840659999754,b,1,0.5083081999327987,505.6794078000821,505.6794078000821,505.6794078000821,505.6794078000821,NA,NA,NA,NA,NA,NA,039,001,2024-10-28_11h27.06.747,PsychoPy Exp,2023.1.2,60.02718029058118
Belief,TRUE,FB-Ig,D_B_T,PsychoPyStudy2Stim/D_B_T_1.png,Adam THINKS there are ZERO cubes,0,b,h,2,1,1,1,1,0,1,0,1,B,-,0,121,121,158,NA,NA,NA,NA,NA,5.8120000176131e-4,505.7501891000429,506.1295569000067,506.22945550002623,508.229422400007,508.6296136000892,508.7317388000665,508.7317388000665,h,1,0.7657944000093266,509.51259050006047,509.51259050006047,509.51259050006047,509.51259050006047,NA,NA,NA,NA,NA,NA,039,001,2024-10-28_11h27.06.747,PsychoPy Exp,2023.1.2,60.02718029058118
Belief,FALSE,TB-K-B,TT_B,PsychoPyStudy2Stim/TT_B_10.png,Adam THINKS there are ZERO cubes,0,h,b,2,0,2,2,0,2,0,0,0,B,PropFalse,0,122,122,197,NA,NA,NA,NA,NA,0.00181050004903227,509.58172969997395,509.9628061000258,510.0629211000633,512.0628106000368,512.4629438000266,512.5651195000391,512.5651195000391,b,1,0.5719149999786168,513.1627807000186,513.1627807000186,513.1627807000186,513.1627807000186,NA,NA,NA,NA,NA,NA,039,001,2024-10-28_11h27.06.747,PsychoPy Exp,2023.1.2,60.02718029058118
Belief,FALSE,TB-Ig,D_B_D,PsychoPyStudy2Stim/D_B_D_1.png,Adam THINKS there is ONE cube,1,h,b,2,2,0,1,1,0,1,1,0,B,PropFalse,0,123,123,184,NA,NA,NA,NA,NA,0.001619299990125,513.2584670999786,513.6293396999827,513.7296068000142,515.7294724000385,516.1295495000668,516.2317167000147,516.2317167000147,b,1,0.513623800012283,516.7626540000783,516.7626540000783,516.7626540000783,516.7626540000783,NA,NA,NA,NA,NA,NA,039,001,2024-10-28_11h27.06.747,PsychoPy Exp,2023.1.2,60.02718029058118
Belief,TRUE,TB-K-B,TT_B,PsychoPyStudy2Stim/TT_B_11.png,Adam THINKS there are TWO cubes,2,b,h,2,0,2,2,0,2,0,0,0,B,-,0,124,124,144,NA,NA,NA,NA,NA,4.419001052156e-4,516.8353365000803,517.2127913000295,517.3127709000837,519.312902500038,519.7129185000667,519.8150822999887,519.8150822999887,h,1,0.5536888999631628,520.3960903000552,520.3960903000552,520.3960903000552,520.3960903000552,NA,NA,NA,NA,NA,NA,039,001,2024-10-28_11h27.06.747,PsychoPy Exp,2023.1.2,60.02718029058118
Reality,TRUE,TB-Ig,D_B,PsychoPyStudy2Stim/D_B_3.png,"In REALITY, there are ZERO cubes",0,b,h,1,1,0,1,1,0,0,0,0,B,-,0,125,125,20,NA,NA,NA,NA,NA,0.00120830000378191,520.4921974000754,520.8628063000506,520.9629080999875,522.9627298000269,523.3629068000009,523.4651659000665,523.4651659000665,h,1,1.1598194000544026,524.6461581999902,524.6461581999902,524.6461581999902,524.6461581999902,NA,NA,NA,NA,NA,NA,039,001,2024-10-28_11h27.06.747,PsychoPy Exp,2023.1.2,60.02718029058118
Belief,TRUE,TB-K,T_NB,PsychoPyStudy2Stim/T_NB_1.png,Adam THINKS there is ONE cube,1,b,h,1,0,1,1,0,1,0,0,0,NB,-,0,126,126,111,NA,NA,NA,NA,NA,0.00179480004590004,524.7198169999756,525.096134499996,525.196257499978,527.1962576999795,527.5962599000195,527.6983075999888,527.6983075999888,h,1,0.44731850002426654,528.1627265000716,528.1627265000716,528.1627265000716,528.1627265000716,NA,NA,NA,NA,NA,NA,039,001,2024-10-28_11h27.06.747,PsychoPy Exp,2023.1.2,60.02718029058118
Knowledge,FALSE,FB-Ig,D_B_T,PsychoPyStudy2Stim/D_B_T_3.png,Adam KNOWS there is ONE cube,1,h,b,2,1,1,1,1,0,1,0,1,B,PropTrueNoKnowledge,0,127,127,320,NA,NA,NA,NA,NA,0.00160640000831335,528.2518089000368,528.6294815000147,528.7295846000779,530.7294078000123,531.1294564000564,531.2316202999791,531.2316202999791,b,1,0.8895320000592619,532.1461622000206,532.1461622000206,532.1461622000206,532.1461622000206,NA,NA,NA,NA,NA,NA,039,001,2024-10-28_11h27.06.747,PsychoPy Exp,2023.1.2,60.02718029058118
Reality,FALSE,TB-K,TT_NB,PsychoPyStudy2Stim/TT_NB_2.png,"In REALITY, there are ZERO cubes",0,h,b,2,0,2,2,0,2,0,0,0,NB,PropFalse,0,128,128,67,NA,NA,NA,NA,NA,0.00182729994412511,532.2377981999889,532.6127395000076,532.712858700077,534.7128580000717,535.1127816999797,535.2150037999963,535.2150037999963,b,1,0.6736023999983445,535.9125050000148,535.9125050000148,535.9125050000148,535.9125050000148,NA,NA,NA,NA,NA,NA,039,001,2024-10-28_11h27.06.747,PsychoPy Exp,2023.1.2,60.02718029058118
Belief,FALSE,TB-K,T_NB,PsychoPyStudy2Stim/T_NB_3.png,Adam THINKS there are TWO cubes,2,h,b,1,0,1,1,0,1,0,0,0,NB,PropFalse,0,129,129,167,NA,NA,NA,NA,NA,4.1580002289265e-4,535.981859200052,536.3625149000436,536.4626346000005,538.4626362000126,538.8626550000627,538.9649937000358,538.9649937000358,b,1,0.5876162999775261,539.5792350000702,539.5792350000702,539.5792350000702,539.5792350000702,NA,NA,NA,NA,NA,NA,039,001,2024-10-28_11h27.06.747,PsychoPy Exp,2023.1.2,60.02718029058118
Belief,TRUE,FB-Ig,T_B_T,PsychoPyStudy2Stim/T_B_T_6.png,Adam THINKS there is ONE cube,1,b,h,2,0,2,1,0,1,1,0,1,B,-,0,130,130,157,NA,NA,NA,NA,NA,4.2950001079589e-4,539.6512649999931,540.0291515000863,540.1292436000658,542.1292602000758,542.5292862000642,542.6317836000817,542.6317836000817,b,0,0.6248490000143647,543.2792965000262,543.2792965000262,543.2792965000262,543.2792965000262,NA,NA,NA,NA,NA,NA,039,001,2024-10-28_11h27.06.747,PsychoPy Exp,2023.1.2,60.02718029058118
Belief,TRUE,TB-K,TT_NB,PsychoPyStudy2Stim/TT_NB_1.png,Adam THINKS there are TWO cubes,2,b,h,2,0,2,2,0,2,0,0,0,NB,-,0,131,131,120,NA,NA,NA,NA,NA,4.3559994082897e-4,543.351272800006,543.7290998999961,543.8293622999918,545.8292515000794,546.229265699978,546.3313854000298,546.3313854000298,h,1,1.5656646999996156,547.9124180000508,547.9124180000508,547.9124180000508,547.9124180000508,NA,NA,NA,NA,NA,NA,039,001,2024-10-28_11h27.06.747,PsychoPy Exp,2023.1.2,60.02718029058118
Belief,FALSE,FB-Ig,T_B_T,PsychoPyStudy2Stim/T_B_T_2.png,Adam THINKS there are TWO cubes,2,h,b,2,0,2,1,0,1,1,0,1,B,PropTrueNoBelief,0,132,132,201,NA,NA,NA,NA,NA,4.2660010512918e-4,547.9878299999982,548.362386199995,548.4625103999861,550.4625816000625,550.8625499000773,550.9650225000223,550.9650225000223,b,1,0.7159847000148147,551.7124337999849,551.7124337999849,551.7124337999849,551.7124337999849,NA,NA,NA,NA,NA,NA,039,001,2024-10-28_11h27.06.747,PsychoPy Exp,2023.1.2,60.02718029058118
Knowledge,TRUE,TB-K-B,TT_B,PsychoPyStudy2Stim/TT_B_20.png,Adam KNOWS there are TWO cubes,2,b,h,2,0,2,2,0,2,0,0,0,B,-,0,133,133,253,NA,NA,NA,NA,NA,4.3209991417825e-4,551.7979536000639,552.1791402000235,552.2793299000477,554.2793530999916,554.679240000085,554.7815890000202,554.7815890000202,h,1,0.7154549999395385,555.5124145000009,555.5124145000009,555.5124145000009,555.5124145000009,NA,NA,NA,NA,NA,NA,039,001,2024-10-28_11h27.06.747,PsychoPy Exp,2023.1.2,60.02718029058118
Knowledge,TRUE,TB-K,D_NB,PsychoPyStudy2Stim/D_NB_2.png,Adam KNOWS there are ZERO cubes,0,b,h,1,1,0,1,1,0,0,0,0,NB,-,0,134,134,217,NA,NA,NA,NA,NA,4.545000847429e-4,555.582459700061,555.9624280000571,556.0626328000799,558.0626348999795,558.4626269000582,558.5648688999936,558.5648688999936,h,1,0.5646323000546545,559.1457923999988,559.1457923999988,559.1457923999988,559.1457923999988,NA,NA,NA,NA,NA,NA,039,001,2024-10-28_11h27.06.747,PsychoPy Exp,2023.1.2,60.02718029058118
Belief,FALSE,TB-Ig,D_B_D,PsychoPyStudy2Stim/D_B_D_3.png,Adam THINKS there is ONE cube,1,h,b,2,2,0,1,1,0,1,1,0,B,PropFalse,0,135,135,186,NA,NA,NA,NA,NA,4.4610002078115e-4,559.22289059998,559.5958514000522,559.696047400008,561.6958289999748,562.09593150008,562.1984408000717,562.1984408000717,b,1,0.7540707000298426,562.9791734999744,562.9791734999744,562.9791734999744,562.9791734999744,NA,NA,NA,NA,NA,NA,039,001,2024-10-28_11h27.06.747,PsychoPy Exp,2023.1.2,60.02718029058118
Belief,TRUE,TB-K,TT_NB,PsychoPyStudy2Stim/TT_NB_5.png,Adam THINKS there are TWO cubes,2,b,h,2,0,2,2,0,2,0,0,0,NB,-,0,136,136,124,NA,NA,NA,NA,NA,4.2359996587038e-4,563.0536268000724,563.4292110999813,563.5292561000679,565.5291580000194,565.9292012000224,566.031587800011,566.031587800011,h,1,0.6330896000145003,566.6959327000659,566.6959327000659,566.6959327000659,566.6959327000659,NA,NA,NA,NA,NA,NA,039,001,2024-10-28_11h27.06.747,PsychoPy Exp,2023.1.2,60.02718029058118
Knowledge,FALSE,TB-K,D_NB,PsychoPyStudy2Stim/D_NB_2.png,Adam KNOWS there is ONE cube,1,h,b,1,1,0,1,1,0,0,0,0,NB,PropFalse,0,137,137,271,NA,NA,NA,NA,NA,4.2960001155734e-4,566.7640740000643,567.1458655999741,567.2461132999742,569.2460007000482,569.6460401000222,569.7482395999832,569.7482395999832,b,1,0.5086962999776006,570.2793471000623,570.2793471000623,570.2793471000623,570.2793471000623,NA,NA,NA,NA,NA,NA,039,001,2024-10-28_11h27.06.747,PsychoPy Exp,2023.1.2,60.02718029058118
Knowledge,FALSE,FB-Ig,T_B_T,PsychoPyStudy2Stim/T_B_T_5.png,Adam KNOWS there are TWO cubes,2,h,b,2,0,2,1,0,1,1,0,1,B,PropTrueNoKnowledge,0,138,138,310,NA,NA,NA,NA,NA,0.00210929999593645,570.3743455000222,570.7460208000848,570.8461085000308,572.8458943000296,573.2460681999801,573.3482251000823,573.3482251000823,b,1,1.1564677000278607,574.5293351000873,574.5293351000873,574.5293351000873,574.5293351000873,NA,NA,NA,NA,NA,NA,039,001,2024-10-28_11h27.06.747,PsychoPy Exp,2023.1.2,60.02718029058118
Knowledge,TRUE,TB-K-B,TD_B,PsychoPyStudy2Stim/TD_B_3.png,Adam KNOWS there is ONE cube,1,b,h,2,1,1,2,1,1,0,0,0,B,-,0,139,139,260,NA,NA,NA,NA,NA,0.00179730006493628,574.6287600999931,575.0126834000694,575.1125682999846,577.1127114000265,577.5125960999867,577.6148735000752,577.6148735000752,h,1,0.7539623000193387,578.3959676000522,578.3959676000522,578.3959676000522,578.3959676000522,NA,NA,NA,NA,NA,NA,039,001,2024-10-28_11h27.06.747,PsychoPy Exp,2023.1.2,60.02718029058118
Reality,FALSE,FB-Ig,T_B_T,PsychoPyStudy2Stim/T_B_T_5.png,"In REALITY, there is ONE cube",1,h,b,2,0,2,1,0,1,1,0,1,B,PropFalse,0,140,140,102,NA,NA,NA,NA,NA,0.00179749995004385,578.4701897000195,578.8459262000397,578.9460405000718,580.9459589000326,581.3460874999873,581.4481544999871,581.4481544999871,b,1,0.6884594999719411,582.1624301000265,582.1624301000265,582.1624301000265,582.1624301000265,NA,NA,NA,NA,NA,NA,039,001,2024-10-28_11h27.06.747,PsychoPy Exp,2023.1.2,60.02718029058118
Belief,FALSE,TB-K,DD_NB,PsychoPyStudy2Stim/DD_NB_3.png,Adam THINKS there are TWO cubes,2,h,b,2,2,0,2,2,0,0,0,0,NB,PropFalse,0,141,141,170,NA,NA,NA,NA,NA,6.490999367088e-4,582.2288397999946,582.6124529000372,582.7127867999952,584.7127330000512,585.112694600015,585.2150149000809,585.2150149000809,b,1,1.0018658000044525,586.245987100061,586.245987100061,586.245987100061,586.245987100061,NA,NA,NA,NA,NA,NA,039,001,2024-10-28_11h27.06.747,PsychoPy Exp,2023.1.2,60.02718029058118
Knowledge,TRUE,TB-K-B,DD_B,PsychoPyStudy2Stim/DD_B_3.png,Adam KNOWS there are ZERO cubes,0,b,h,2,2,0,2,2,0,0,0,0,B,-,0,142,142,236,NA,NA,NA,NA,NA,0.00198560010176152,586.3413608000847,586.712622800027,586.8127770000137,588.8127159000142,589.2127407999942,589.3148392000003,589.3148392000003,h,1,0.6219877999974415,589.962639000034,589.962639000034,589.962639000034,589.962639000034,NA,NA,NA,NA,NA,NA,039,001,2024-10-28_11h27.06.747,PsychoPy Exp,2023.1.2,60.02718029058118
Belief,TRUE,TB-K,TD_NB,PsychoPyStudy2Stim/TD_NB_1.png,Adam THINKS there is ONE cube,1,b,h,2,1,1,2,1,1,0,0,0,NB,-,0,143,143,117,NA,NA,NA,NA,NA,0.00200049998238682,590.0553300000029,590.4292175000301,590.5292283999734,592.5293729000259,592.9294081000844,593.0315536999842,593.0315536999842,h,1,0.705267500015907,593.7624078000663,593.7624078000663,593.7624078000663,593.7624078000663,NA,NA,NA,NA,NA,NA,039,001,2024-10-28_11h27.06.747,PsychoPy Exp,2023.1.2,60.02718029058118
Belief,TRUE,TB-Ig,D_B,PsychoPyStudy2Stim/D_B_4.png,Adam THINKS there are ZERO cubes,0,b,h,1,1,0,1,1,0,0,0,0,B,-,0,144,144,129,NA,NA,NA,NA,NA,0.00224619999062269,593.8331711000064,594.2125782000367,594.3126260000281,596.3125853000674,596.7126991000259,596.8147751999786,596.8147751999786,h,1,1.36171430000104,598.1957185000647,598.1957185000647,598.1957185000647,598.1957185000647,NA,NA,NA,NA,NA,NA,039,001,2024-10-28_11h27.06.747,PsychoPy Exp,2023.1.2,60.02718029058118
Reality,TRUE,FB-Ig,T_B_T,PsychoPyStudy2Stim/T_B_T_5.png,"In REALITY, there are TWO cubes",2,b,h,2,0,2,1,0,1,1,0,1,B,-,0,145,145,42,NA,NA,NA,NA,NA,5.2789994515478e-4,598.2770575999748,598.662565400009,598.7627006000839,600.7627188999904,601.1625298000872,601.2647709000157,601.2647709000157,h,1,0.49566569994203746,601.779074100079,601.779074100079,601.779074100079,601.779074100079,NA,NA,NA,NA,NA,NA,039,001,2024-10-28_11h27.06.747,PsychoPy Exp,2023.1.2,60.02718029058118
Belief,FALSE,TB-K,TT_NB,PsychoPyStudy2Stim/TT_NB_6.png,Adam THINKS there is ONE cube,1,h,b,2,0,2,2,0,2,0,0,0,NB,PropFalse,0,146,146,179,NA,NA,NA,NA,NA,4.8779998905956e-4,601.8551217999775,602.2291962000309,602.3293475999963,604.3293573000701,604.7291976000415,604.8314710999839,604.8314710999839,b,1,0.6249746999237686,605.4790136000374,605.4790136000374,605.4790136000374,605.4790136000374,NA,NA,NA,NA,NA,NA,039,001,2024-10-28_11h27.06.747,PsychoPy Exp,2023.1.2,60.02718029058118
Belief,TRUE,TB-K-B,TT_B,PsychoPyStudy2Stim/TT_B_4.png,Adam THINKS there are TWO cubes,2,b,h,2,0,2,2,0,2,0,0,0,B,-,0,147,147,137,NA,NA,NA,NA,NA,5.0570000894367e-4,605.5612464000005,605.9458571000723,606.0460406000493,608.045996400062,608.4460271000862,608.5481825000606,608.5481825000606,h,1,0.524665099917911,609.0956284999847,609.0956284999847,609.0956284999847,609.0956284999847,NA,NA,NA,NA,NA,NA,039,001,2024-10-28_11h27.06.747,PsychoPy Exp,2023.1.2,60.02718029058118
Belief,TRUE,TB-Ig,D_B,PsychoPyStudy2Stim/D_B_2.png,Adam THINKS there are ZERO cubes,0,b,h,1,1,0,1,1,0,0,0,0,B,-,0,148,148,127,NA,NA,NA,NA,NA,0.00203360000159591,609.1672236000886,609.5456985000055,609.6459821000462,611.6459468000103,612.0458314000862,612.1480976000894,612.1480976000894,h,1,0.868703700019978,613.0458007000852,613.0458007000852,613.0458007000852,613.0458007000852,NA,NA,NA,NA,NA,NA,039,001,2024-10-28_11h27.06.747,PsychoPy Exp,2023.1.2,60.02718029058118
Knowledge,TRUE,TB-K-B,TT_B,PsychoPyStudy2Stim/TT_B_24.png,Adam KNOWS there are TWO cubes,2,b,h,2,0,2,2,0,2,0,0,0,B,-,0,149,149,257,NA,NA,NA,NA,NA,0.00167939998209476,613.1427774999756,613.5125003000721,613.6126203000313,615.6125973999733,616.012330800062,616.1146125000669,616.1146125000669,h,1,0.534225600073114,616.6792041000444,616.6792041000444,616.6792041000444,616.6792041000444,NA,NA,NA,NA,NA,NA,039,001,2024-10-28_11h27.06.747,PsychoPy Exp,2023.1.2,60.02718029058118
Belief,TRUE,FB-Ig,T_B_T,PsychoPyStudy2Stim/T_B_T_5.png,Adam THINKS there is ONE cube,1,b,h,2,0,2,1,0,1,1,0,1,B,-,0,150,150,156,NA,NA,NA,NA,NA,0.00180790002923458,616.7547603000421,617.1291482000379,617.2292559000198,619.2292919000611,619.6293259999948,619.7313988000387,619.7313988000387,h,1,1.277339900028892,621.0292511000298,621.0292511000298,621.0292511000298,621.0292511000298,NA,NA,NA,NA,NA,NA,039,001,2024-10-28_11h27.06.747,PsychoPy Exp,2023.1.2,60.02718029058118
Belief,TRUE,TB-Ig,D_B_D,PsychoPyStudy2Stim/D_B_D_4.png,Adam THINKS there are ZERO cubes,0,b,h,2,2,0,1,1,0,1,1,0,B,-,0,151,151,133,NA,NA,NA,NA,NA,0.00207650009542703,621.1175174000673,621.4958627000451,621.5960032000439,623.5958454000065,623.9959690000396,624.0980395000661,624.0980395000661,h,1,0.9110304000787436,625.0291754000355,625.0291754000355,625.0291754000355,625.0291754000355,NA,NA,NA,NA,NA,NA,039,001,2024-10-28_11h27.06.747,PsychoPy Exp,2023.1.2,60.02718029058118
Knowledge,FALSE,TB-K,DD_NB,PsychoPyStudy2Stim/DD_NB_2.png,Adam KNOWS there are TWO cubes,2,h,b,2,2,0,2,2,0,0,0,0,NB,PropFalse,0,152,152,277,NA,NA,NA,NA,NA,0.00257420004345476,625.1181240000296,625.4958066000836,625.5959109000396,627.5959783000872,627.9959111000644,628.0980295999907,628.0980295999907,b,1,1.7263537999242544,629.8456768000033,629.8456768000033,629.8456768000033,629.8456768000033,NA,NA,NA,NA,NA,NA,039,001,2024-10-28_11h27.06.747,PsychoPy Exp,2023.1.2,60.02718029058118
Reality,TRUE,TB-K,T_NB,PsychoPyStudy2Stim/T_NB_1.png,"In REALITY, there is ONE cube",1,b,h,1,0,1,1,0,1,0,0,0,NB,-,0,153,153,3,NA,NA,NA,NA,NA,7.0289999712258e-4,629.9161815000698,630.2957356000552,630.3959287999896,632.3957263000775,632.7956195999868,632.8979848000454,632.8979848000454,h,1,1.0227126000681892,633.9458643000107,633.9458643000107,633.9458643000107,633.9458643000107,NA,NA,NA,NA,NA,NA,039,001,2024-10-28_11h27.06.747,PsychoPy Exp,2023.1.2,60.02718029058118
Reality,TRUE,FB-Ig,D_B_T,PsychoPyStudy2Stim/D_B_T_4.png,"In REALITY, there is ONE cube",1,b,h,2,1,1,1,1,0,1,0,1,B,-,0,154,154,53,NA,NA,NA,NA,NA,0.00188100000377744,634.0165812000632,634.395767900045,634.4959097000537,636.4959097000537,636.8958587000379,636.9980095999781,636.9980095999781,h,1,1.0905070999870077,638.1123741000192,638.1123741000192,638.1123741000192,638.1123741000192,NA,NA,NA,NA,NA,NA,039,001,2024-10-28_11h27.06.747,PsychoPy Exp,2023.1.2,60.02718029058118
Knowledge,TRUE,TB-K-B,TT_B,PsychoPyStudy2Stim/TT_B_19.png,Adam KNOWS there are TWO cubes,2,b,h,2,0,2,2,0,2,0,0,0,B,-,0,155,155,252,NA,NA,NA,NA,NA,0.00110809993930161,638.2039368000114,638.5790760000236,638.6792421999853,640.6791850000154,641.079120200011,641.181223200052,641.181223200052,h,1,0.5234359999885783,641.7291734999744,641.7291734999744,641.7291734999744,641.7291734999744,NA,NA,NA,NA,NA,NA,039,001,2024-10-28_11h27.06.747,PsychoPy Exp,2023.1.2,60.02718029058118
Knowledge,TRUE,TB-K-B,DD_B,PsychoPyStudy2Stim/DD_B_12.png,Adam KNOWS there are ZERO cubes,0,b,h,2,2,0,2,2,0,0,0,0,B,-,0,156,156,245,NA,NA,NA,NA,NA,0.00245700008235871,641.8191553000361,642.1957293000305,642.2958402000368,644.2958978000097,644.6958420000738,644.7980498999823,644.7980498999823,h,1,0.6026298999786377,645.4291332000867,645.4291332000867,645.4291332000867,645.4291332000867,NA,NA,NA,NA,NA,NA,039,001,2024-10-28_11h27.06.747,PsychoPy Exp,2023.1.2,60.02718029058118
Knowledge,FALSE,FB-Ig,T_B_T,PsychoPyStudy2Stim/T_B_T_3.png,Adam KNOWS there are TWO cubes,2,h,b,2,0,2,1,0,1,1,0,1,B,PropTrueNoKnowledge,0,157,157,314,NA,NA,NA,NA,NA,0.0019036999437958,645.5211571999826,645.895736800041,645.9957079000305,647.9957778999815,648.3957805000246,648.4982235999778,648.4982235999778,b,1,0.6060515999561176,649.1287843000609,649.1287843000609,649.1287843000609,649.1287843000609,NA,NA,NA,NA,NA,NA,039,001,2024-10-28_11h27.06.747,PsychoPy Exp,2023.1.2,60.02718029058118
Knowledge,TRUE,TB-K-B,TD_B,PsychoPyStudy2Stim/TD_B_5.png,Adam KNOWS there is ONE cube,1,b,h,2,1,1,2,1,1,0,0,0,B,-,0,158,158,262,NA,NA,NA,NA,NA,4.8260006587952e-4,649.2023053000448,649.5787740000524,649.6788954000222,651.679156600032,652.0791293000802,652.1813882000279,652.1813882000279,h,1,1.0431204999331385,653.2457561000483,653.2457561000483,653.2457561000483,653.2457561000483,NA,NA,NA,NA,NA,NA,039,001,2024-10-28_11h27.06.747,PsychoPy Exp,2023.1.2,60.02718029058118
Knowledge,FALSE,TB-Ig,D_B_D,PsychoPyStudy2Stim/D_B_D_1.png,Adam KNOWS there are ZERO cubes,0,h,b,2,2,0,1,1,0,1,1,0,B,PropTrueNoKnowledge,0,159,159,292,NA,NA,NA,NA,NA,0.00202889996580779,653.3364767000312,653.7122583000455,653.8125747999875,655.812435699976,656.2125724999933,656.3144784000469,656.3144784000469,b,1,0.7499356999760494,657.0956437999848,657.0956437999848,657.0956437999848,657.0956437999848,NA,NA,NA,NA,NA,NA,039,001,2024-10-28_11h27.06.747,PsychoPy Exp,2023.1.2,60.02718029058118
Knowledge,TRUE,TB-K-B,TD_B,PsychoPyStudy2Stim/TD_B_10.png,Adam KNOWS there is ONE cube,1,b,h,2,1,1,2,1,1,0,0,0,B,-,0,160,160,267,NA,NA,NA,NA,NA,0.00183550000656396,657.1879850000842,657.562358800089,657.6624681000831,659.6625099000521,660.0624666999793,660.1645968999946,660.1645968999946,h,1,0.46803719992749393,660.6621534000151,660.6621534000151,660.6621534000151,660.6621534000151,NA,NA,NA,NA,NA,NA,039,001,2024-10-28_11h27.06.747,PsychoPy Exp,2023.1.2,60.02718029058118
Belief,FALSE,TB-K,TT_NB,PsychoPyStudy2Stim/TT_NB_3.png,Adam THINKS there are ZERO cubes,0,h,b,2,0,2,2,0,2,0,0,0,NB,PropFalse,0,161,161,176,NA,NA,NA,NA,NA,4.7309999354183e-4,660.7315728000831,661.1122146000853,661.2124751000665,663.2124729000498,663.6122441000771,663.7144375999924,663.7144375999924,b,1,0.7826065999688581,664.5126184000401,NA,664.5126184000401,NA,space,10.136075900052674,NA,NA,NA,NA,039,001,2024-10-28_11h27.06.747,PsychoPy Exp,2023.1.2,60.02718029058118
Reality,FALSE,FB-Ig,T_B_T,PsychoPyStudy2Stim/T_B_T_4.png,"In REALITY, there is ONE cube",1,h,b,2,0,2,1,0,1,1,0,1,B,PropFalse,0,162,162,95,NA,NA,NA,NA,NA,0.00184289994649589,674.7751862000441,675.1456249000039,675.2455736000556,677.2455824000062,677.6457159999991,677.7478963000467,677.7478963000467,b,1,0.8603269000304863,678.628841000027,678.628841000027,678.628841000027,678.628841000027,NA,NA,NA,NA,NA,NA,039,001,2024-10-28_11h27.06.747,PsychoPy Exp,2023.1.2,60.02718029058118
Belief,FALSE,FB-Ig,T_B_T,PsychoPyStudy2Stim/T_B_T_2.png,Adam THINKS there are TWO cubes,2,h,b,2,0,2,1,0,1,1,0,1,B,PropTrueNoBelief,0,163,163,207,NA,NA,NA,NA,NA,6.6779996268451e-4,678.7053608000278,679.0789587000618,679.1789567000233,681.179062500014,681.5789737000596,681.6812443999806,681.6812443999806,b,1,0.5112841000081971,682.212330600014,682.212330600014,682.212330600014,682.212330600014,NA,NA,NA,NA,NA,NA,039,001,2024-10-28_11h27.06.747,PsychoPy Exp,2023.1.2,60.02718029058118
Knowledge,FALSE,FB-Ig,D_B_T,PsychoPyStudy2Stim/D_B_T_2.png,Adam KNOWS there is ONE cube,1,h,b,2,1,1,1,1,0,1,0,1,B,PropTrueNoKnowledge,0,164,164,319,NA,NA,NA,NA,NA,0.00202710006851702,682.2996710999869,682.6789813999785,682.7790652000112,684.7791292000329,685.1790058000479,685.2813090999844,685.2813090999844,b,1,1.1270946000004187,686.4288508000318,686.4288508000318,686.4288508000318,686.4288508000318,NA,NA,NA,NA,NA,NA,039,001,2024-10-28_11h27.06.747,PsychoPy Exp,2023.1.2,60.02718029058118
Belief,FALSE,FB-Ig,D_B_T,PsychoPyStudy2Stim/D_B_T_1.png,Adam THINKS there is ONE cube,1,h,b,2,1,1,1,1,0,1,0,1,B,PropTrueNoBelief,0,165,165,212,NA,NA,NA,NA,NA,0.00192660000175237,686.5011823000386,686.8789245000808,686.9790717000142,688.979072600021,689.378910300089,689.4810850999784,689.4810850999784,b,1,0.6072563000489026,690.1121183000505,690.1121183000505,690.1121183000505,690.1121183000505,NA,NA,NA,NA,NA,NA,039,001,2024-10-28_11h27.06.747,PsychoPy Exp,2023.1.2,60.02718029058118
Knowledge,TRUE,TB-K,T_NB,PsychoPyStudy2Stim/T_NB_3.png,Adam KNOWS there is ONE cube,1,b,h,1,0,1,1,0,1,0,0,0,NB,-,0,166,166,221,NA,NA,NA,NA,NA,0.0017746000085026,690.1791125000454,690.5622873000102,690.6624206000706,692.6621990000131,693.062262600055,693.1644824000541,693.1644824000541,h,1,0.6759270000038669,693.8623081999831,693.8623081999831,693.8623081999831,693.8623081999831,NA,NA,NA,NA,NA,NA,039,001,2024-10-28_11h27.06.747,PsychoPy Exp,2023.1.2,60.02718029058118
Knowledge,FALSE,TB-Ig,D_B,PsychoPyStudy2Stim/D_B_2.png,Adam KNOWS there are ZERO cubes,0,h,b,1,1,0,1,1,0,0,0,0,B,PropTrueNoKnowledge,0,167,167,289,NA,NA,NA,NA,NA,0.00240340002346783,693.954339100048,694.3287483999738,694.4290391000686,696.4289654999739,696.8289814000018,696.931179300067,696.931179300067,b,1,0.49328469997271895,697.4455061000772,697.4455061000772,697.4455061000772,697.4455061000772,NA,NA,NA,NA,NA,NA,039,001,2024-10-28_11h27.06.747,PsychoPy Exp,2023.1.2,60.02718029058118
Knowledge,TRUE,TB-K-B,DD_B,PsychoPyStudy2Stim/DD_B_9.png,Adam KNOWS there are ZERO cubes,0,b,h,2,2,0,2,2,0,0,0,0,B,-,0,168,168,242,NA,NA,NA,NA,NA,0.00183329998981207,697.5243628000608,697.8955725000706,697.9963024000172,699.9957368000178,700.3955600999761,700.4978597000008,700.4978597000008,h,1,0.7825231000315398,701.3120703999884,701.3120703999884,701.3120703999884,701.3120703999884,NA,NA,NA,NA,NA,NA,039,001,2024-10-28_11h27.06.747,PsychoPy Exp,2023.1.2,60.02718029058118
Knowledge,TRUE,TB-K-B,DD_B,PsychoPyStudy2Stim/DD_B_8.png,Adam KNOWS there are ZERO cubes,0,b,h,2,2,0,2,2,0,0,0,0,B,-,0,169,169,241,NA,NA,NA,NA,NA,5.2399991545826e-4,701.3907607999863,701.7622365000425,701.8623557999963,703.8624156999867,704.2623906000517,704.3644859000342,704.3644859000342,h,1,0.5396500000497326,704.9287058999762,704.9287058999762,704.9287058999762,704.9287058999762,NA,NA,NA,NA,NA,NA,039,001,2024-10-28_11h27.06.747,PsychoPy Exp,2023.1.2,60.02718029058118
Reality,FALSE,TB-K-B,DD_B,PsychoPyStudy2Stim/DD_B_14.png,"In REALITY, there are TWO cubes",2,h,b,2,2,0,2,2,0,0,0,0,B,PropFalse,0,170,170,81,NA,NA,NA,NA,NA,4.1790003888309e-4,705.0006477000425,705.3788525999989,705.4790396000026,707.4790126000298,707.8789135999978,707.9810930000385,707.9810930000385,b,1,0.555424099904485,708.5621153999818,708.5621153999818,708.5621153999818,708.5621153999818,NA,NA,NA,NA,NA,NA,039,001,2024-10-28_11h27.06.747,PsychoPy Exp,2023.1.2,60.02718029058118
Belief,FALSE,TB-K-B,TT_B,PsychoPyStudy2Stim/TT_B_9.png,Adam THINKS there are ZERO cubes,0,h,b,2,0,2,2,0,2,0,0,0,B,PropFalse,0,171,171,196,NA,NA,NA,NA,NA,0.00200530001893639,708.6400154000148,709.0122706000693,709.1123542999849,711.1122823000187,711.512303500087,711.6144431000575,711.6144431000575,b,1,0.6662169999908656,712.3120559999952,712.3120559999952,712.3120559999952,712.3120559999952,NA,NA,NA,NA,NA,NA,039,001,2024-10-28_11h27.06.747,PsychoPy Exp,2023.1.2,60.02718029058118
Knowledge,FALSE,TB-K-B,TT_B,PsychoPyStudy2Stim/TT_B_15.png,Adam KNOWS there are ZERO cubes,0,h,b,2,0,2,2,0,2,0,0,0,B,PropFalse,0,172,172,297,NA,NA,NA,NA,NA,0.0018868000479415,712.3922493000282,712.7622242000652,712.8622917999746,714.8621388999745,715.2621408000123,715.3643908000086,715.3643908000086,b,1,0.692056700005196,716.0789049000014,716.0789049000014,716.0789049000014,716.0789049000014,NA,NA,NA,NA,NA,NA,039,001,2024-10-28_11h27.06.747,PsychoPy Exp,2023.1.2,60.02718029058118
Reality,TRUE,TB-K,TT_NB,PsychoPyStudy2Stim/TT_NB_6.png,"In REALITY, there are TWO cubes",2,b,h,2,0,2,2,0,2,0,0,0,NB,-,0,173,173,17,NA,NA,NA,NA,NA,0.00189850002061575,716.1630244000116,716.5455480000237,716.6456178000662,718.6456346000778,719.0455626000185,719.1475266000489,719.1475266000489,h,1,0.404621799942106,719.578685500077,719.578685500077,719.578685500077,719.578685500077,NA,NA,NA,NA,NA,NA,039,001,2024-10-28_11h27.06.747,PsychoPy Exp,2023.1.2,60.02718029058118
Reality,TRUE,FB-Ig,T_B_T,PsychoPyStudy2Stim/T_B_T_2.png,"In REALITY, there are TWO cubes",2,b,h,2,0,2,1,0,1,1,0,1,B,-,0,174,174,45,NA,NA,NA,NA,NA,4.8050004988908e-4,719.6575475999853,720.0288750000764,720.1286846000003,722.1287836000556,722.5287966000615,722.6309975000331,722.6309975000331,h,1,0.4732145000016317,723.128926299978,723.128926299978,723.128926299978,723.128926299978,NA,NA,NA,NA,NA,NA,039,001,2024-10-28_11h27.06.747,PsychoPy Exp,2023.1.2,60.02718029058118
Reality,TRUE,TB-Ig,D_B_D,PsychoPyStudy2Stim/D_B_D_3.png,"In REALITY, there are ZERO cubes",0,b,h,2,2,0,1,1,0,1,1,0,B,-,0,175,175,24,NA,NA,NA,NA,NA,0.00178339995909482,723.2174474999774,723.5951833000872,723.6953251999803,725.695531400037,726.0956356000388,726.1983671999769,726.1983671999769,h,1,0.5617577999364585,726.7787592000095,726.7787592000095,726.7787592000095,726.7787592000095,NA,NA,NA,NA,NA,NA,039,001,2024-10-28_11h27.06.747,PsychoPy Exp,2023.1.2,60.02718029058118
Reality,TRUE,FB-Ig,T_B_T,PsychoPyStudy2Stim/T_B_T_6.png,"In REALITY, there are TWO cubes",2,b,h,2,0,2,1,0,1,1,0,1,B,-,0,176,176,49,NA,NA,NA,NA,NA,0.00104579993057996,726.8652227000566,727.2454630000284,727.3456439999864,729.3453595000319,729.7456543000881,729.847669800045,729.847669800045,h,1,0.45632019999902695,730.3285381000023,730.3285381000023,730.3285381000023,730.3285381000023,NA,NA,NA,NA,NA,NA,039,001,2024-10-28_11h27.06.747,PsychoPy Exp,2023.1.2,60.02718029058118
Belief,FALSE,FB-Ig,T_B_T,PsychoPyStudy2Stim/T_B_T_4.png,Adam THINKS there are TWO cubes,2,h,b,2,0,2,1,0,1,1,0,1,B,PropTrueNoBelief,0,177,177,209,NA,NA,NA,NA,NA,4.2850000318139e-4,730.3998317000223,730.7787884999998,730.8788219999988,732.8789316000184,733.278862599982,733.3810378999915,733.3810378999915,b,1,0.5640183999203146,733.9621827000519,733.9621827000519,733.9621827000519,733.9621827000519,NA,NA,NA,NA,NA,NA,039,001,2024-10-28_11h27.06.747,PsychoPy Exp,2023.1.2,60.02718029058118
Belief,FALSE,TB-K,TT_NB,PsychoPyStudy2Stim/TT_NB_2.png,Adam THINKS there are ZERO cubes,0,h,b,2,0,2,2,0,2,0,0,0,NB,PropFalse,0,178,178,175,NA,NA,NA,NA,NA,0.00180889992043375,734.0378527999856,734.4121312000789,734.5123071999988,736.5123376999982,736.9122908000136,737.0146505000303,737.0146505000303,b,1,0.6176069000503048,737.6620102000888,737.6620102000888,737.6620102000888,737.6620102000888,NA,NA,NA,NA,NA,NA,039,001,2024-10-28_11h27.06.747,PsychoPy Exp,2023.1.2,60.02718029058118
Belief,FALSE,FB-Ig,T_B_T,PsychoPyStudy2Stim/T_B_T_6.png,Adam THINKS there are TWO cubes,2,h,b,2,0,2,1,0,1,1,0,1,B,PropTrueNoBelief,0,179,179,211,NA,NA,NA,NA,NA,0.00108820002060383,737.74980650004,738.1288521999959,738.2287633999949,740.2289037000155,740.6287438999861,740.7310965000652,740.7310965000652,b,1,0.8209864000091329,741.578720199992,741.578720199992,741.578720199992,741.578720199992,NA,NA,NA,NA,NA,NA,039,001,2024-10-28_11h27.06.747,PsychoPy Exp,2023.1.2,60.02718029058118
Reality,TRUE,TB-K-B,TD_B,PsychoPyStudy2Stim/TD_B_6.png,"In REALITY, there is ONE cube",1,b,h,2,1,1,2,1,1,0,0,0,B,-,0,180,180,35,NA,NA,NA,NA,NA,0.00135850009974092,741.6513477000408,742.028756899992,742.1289413999766,744.1287865000777,744.5288209000137,744.6309249000624,744.6309249000624,h,1,0.6573492001043633,745.3119293000782,745.3119293000782,745.3119293000782,745.3119293000782,NA,NA,NA,NA,NA,NA,039,001,2024-10-28_11h27.06.747,PsychoPy Exp,2023.1.2,60.02718029058118
Reality,FALSE,TB-K,D_NB,PsychoPyStudy2Stim/D_NB_1.png,"In REALITY, there is ONE cube",1,h,b,1,1,0,1,1,0,0,0,0,NB,PropFalse,0,181,181,54,NA,NA,NA,NA,NA,0.00170959997922182,745.3770628999919,745.7620749999769,745.8622170999879,747.8621892000083,748.2621291000396,748.3644060000079,748.3644060000079,b,1,0.6596222999505699,749.0453034000238,749.0453034000238,749.0453034000238,749.0453034000238,NA,NA,NA,NA,NA,NA,039,001,2024-10-28_11h27.06.747,PsychoPy Exp,2023.1.2,60.02718029058118
Reality,TRUE,TB-K,TD_NB,PsychoPyStudy2Stim/TD_NB_2.png,"In REALITY, there is ONE cube",1,b,h,2,1,1,2,1,1,0,0,0,NB,-,0,182,182,10,NA,NA,NA,NA,NA,4.1780003812164e-4,749.1109254000476,749.4953952999786,749.5955696000019,751.5955773000605,751.9955034999875,752.0976235000417,752.0976235000417,h,1,0.7267333000199869,752.8454588000895,752.8454588000895,752.8454588000895,752.8454588000895,NA,NA,NA,NA,NA,NA,039,001,2024-10-28_11h27.06.747,PsychoPy Exp,2023.1.2,60.02718029058118
Reality,TRUE,TB-K,TT_NB,PsychoPyStudy2Stim/TT_NB_3.png,"In REALITY, there are TWO cubes",2,b,h,2,0,2,2,0,2,0,0,0,NB,-,0,183,183,14,NA,NA,NA,NA,NA,0.00199160003103315,752.9314906999934,753.3120382999768,753.4122092999751,755.4121880000457,755.8121964000165,755.914332000073,755.914332000073,h,1,0.6148040000116453,756.545292200055,756.545292200055,756.545292200055,756.545292200055,NA,NA,NA,NA,NA,NA,039,001,2024-10-28_11h27.06.747,PsychoPy Exp,2023.1.2,60.02718029058118
Reality,TRUE,TB-K,TD_NB,PsychoPyStudy2Stim/TD_NB_1.png,"In REALITY, there is ONE cube",1,b,h,2,1,1,2,1,1,0,0,0,NB,-,0,184,184,9,NA,NA,NA,NA,NA,0.00202859996352344,756.6128246000735,756.9953680000035,757.095536799985,759.0955013000639,759.4954853000818,759.5976132000796,759.5976132000796,h,1,0.4991026000352576,760.1119001000188,760.1119001000188,760.1119001000188,760.1119001000188,NA,NA,NA,NA,NA,NA,039,001,2024-10-28_11h27.06.747,PsychoPy Exp,2023.1.2,60.02718029058118
Reality,FALSE,FB-Ig,D_B_T,PsychoPyStudy2Stim/D_B_T_1.png,"In REALITY, there are ZERO cubes",0,h,b,2,1,1,1,1,0,1,0,1,B,PropFalse,0,185,185,104,NA,NA,NA,NA,NA,0.0020039000082761,760.1816432999913,760.5620519000804,760.6622199000558,762.662246300024,763.0621553000528,763.1643787000794,763.1643787000794,b,1,0.5959240000229329,763.7786792999832,763.7786792999832,763.7786792999832,763.7786792999832,NA,NA,NA,NA,NA,NA,039,001,2024-10-28_11h27.06.747,PsychoPy Exp,2023.1.2,60.02718029058118
Reality,TRUE,TB-K,T_NB,PsychoPyStudy2Stim/T_NB_2.png,"In REALITY, there is ONE cube",1,b,h,1,0,1,1,0,1,0,0,0,NB,-,0,186,186,4,NA,NA,NA,NA,NA,0.00166109995916485,763.8733789999969,764.2453564000316,764.3454864000669,766.3454721000744,766.7454683000688,766.8475112000015,766.8475112000015,h,1,0.5526171999517828,767.4287323000608,767.4287323000608,767.4287323000608,767.4287323000608,NA,NA,NA,NA,NA,NA,039,001,2024-10-28_11h27.06.747,PsychoPy Exp,2023.1.2,60.02718029058118
Reality,FALSE,FB-Ig,T_B_T,PsychoPyStudy2Stim/T_B_T_4.png,"In REALITY, there is ONE cube",1,h,b,2,0,2,1,0,1,1,0,1,B,PropFalse,0,187,187,101,NA,NA,NA,NA,NA,8.444000268355e-4,767.5202868999913,767.8953463999787,767.9954928000225,769.9955006000819,770.3953157999786,770.4975515999831,770.4975515999831,b,1,0.7427757999394089,771.2620979000349,771.2620979000349,771.2620979000349,771.2620979000349,NA,NA,NA,NA,NA,NA,039,001,2024-10-28_11h27.06.747,PsychoPy Exp,2023.1.2,60.02718029058118
Knowledge,TRUE,TB-K-B,DD_B,PsychoPyStudy2Stim/DD_B_6.png,Adam KNOWS there are ZERO cubes,0,b,h,2,2,0,2,2,0,0,0,0,B,-,0,188,188,239,NA,NA,NA,NA,NA,0.00198710011318326,771.3495493000373,771.7286903000204,771.8287844000151,773.8285917000612,774.2287517000223,774.3310189000331,774.3310189000331,h,1,0.4772743000648916,774.828735499992,774.828735499992,774.828735499992,774.828735499992,NA,NA,NA,NA,NA,NA,039,001,2024-10-28_11h27.06.747,PsychoPy Exp,2023.1.2,60.02718029058118
Belief,TRUE,TB-K-B,TT_B,PsychoPyStudy2Stim/TT_B_2.png,Adam THINKS there are TWO cubes,2,b,h,2,0,2,2,0,2,0,0,0,B,-,0,189,189,135,NA,NA,NA,NA,NA,0.00201880000531673,774.9257607000181,775.2953480000142,775.395219600061,777.3955444000894,777.7954342000885,777.8976398999803,777.8976398999803,h,1,0.5266153999837115,778.4452050999971,778.4452050999971,778.4452050999971,778.4452050999971,NA,NA,NA,NA,NA,NA,039,001,2024-10-28_11h27.06.747,PsychoPy Exp,2023.1.2,60.02718029058118
Knowledge,FALSE,FB-Ig,T_B_T,PsychoPyStudy2Stim/T_B_T_6.png,Adam KNOWS there is ONE cube,1,h,b,2,0,2,1,0,1,1,0,1,B,PropFalse,0,190,190,305,NA,NA,NA,NA,NA,0.001847599982284,778.5138977000024,778.8953661000123,778.9954424999887,780.9954347000457,781.3954288000241,781.497419900028,781.497419900028,b,1,0.9185120000038296,782.4451444000006,782.4451444000006,782.4451444000006,782.4451444000006,NA,NA,NA,NA,NA,NA,039,001,2024-10-28_11h27.06.747,PsychoPy Exp,2023.1.2,60.02718029058118
Knowledge,TRUE,TB-K,D_NB,PsychoPyStudy2Stim/D_NB_3.png,Adam KNOWS there are ZERO cubes,0,b,h,1,1,0,1,1,0,0,0,0,NB,-,0,191,191,218,NA,NA,NA,NA,NA,4.4600002001971e-4,782.5167675000848,782.8951565000461,782.9954450000077,784.9954768000171,785.3954068000894,785.4975894000381,785.4975894000381,h,1,0.7103660000720993,786.228539200034,786.228539200034,786.228539200034,786.228539200034,NA,NA,NA,NA,NA,NA,039,001,2024-10-28_11h27.06.747,PsychoPy Exp,2023.1.2,60.02718029058118
Reality,FALSE,TB-K,D_NB,PsychoPyStudy2Stim/D_NB_3.png,"In REALITY, there are TWO cubes",2,h,b,1,1,0,1,1,0,0,0,0,NB,PropFalse,0,192,192,56,NA,NA,NA,NA,NA,4.6430004294961e-4,786.2964575000806,786.6786156999879,786.7787417999934,788.7787796000484,789.1786809000187,789.2807475000154,789.2807475000154,b,1,0.511176300002262,789.8116824000608,789.8116824000608,789.8116824000608,789.8116824000608,NA,NA,NA,NA,NA,NA,039,001,2024-10-28_11h27.06.747,PsychoPy Exp,2023.1.2,60.02718029058118
Knowledge,TRUE,TB-K-B,TT_B,PsychoPyStudy2Stim/TT_B_15.png,Adam KNOWS there are TWO cubes,2,b,h,2,0,2,2,0,2,0,0,0,B,-,0,193,193,248,NA,NA,NA,NA,NA,5.0349999219179e-4,789.8864418000448,790.2619305000408,790.3620890000602,792.3621101999888,792.7620910999831,792.8642029999755,792.8642029999755,h,1,0.5360138999531046,793.4286876000697,793.4286876000697,793.4286876000697,793.4286876000697,NA,NA,NA,NA,NA,NA,039,001,2024-10-28_11h27.06.747,PsychoPy Exp,2023.1.2,60.02718029058118
Belief,TRUE,TB-Ig,D_B_D,PsychoPyStudy2Stim/D_B_D_1.png,Adam THINKS there are ZERO cubes,0,b,h,2,2,0,1,1,0,1,1,0,B,-,0,194,194,130,NA,NA,NA,NA,NA,0.00189369998406618,793.5194752999814,793.8952772000339,793.9954307000153,795.9952266999753,796.3952530000824,796.4975957000861,796.4975957000861,h,1,0.8222028999589384,797.3451553999912,797.3451553999912,797.3451553999912,797.3451553999912,NA,NA,NA,NA,NA,NA,039,001,2024-10-28_11h27.06.747,PsychoPy Exp,2023.1.2,60.02718029058118
Belief,FALSE,TB-K-B,TT_B,PsychoPyStudy2Stim/TT_B_2.png,Adam THINKS there are ZERO cubes,0,h,b,2,0,2,2,0,2,0,0,0,B,PropFalse,0,195,195,189,NA,NA,NA,NA,NA,4.6230002772063e-4,797.4152544999961,797.7952533999924,797.8954193000682,799.8954003000399,800.2953627000097,800.397542700055,800.397542700055,b,1,0.8103234000736848,801.228510200046,801.228510200046,801.228510200046,801.228510200046,NA,NA,NA,NA,NA,NA,039,001,2024-10-28_11h27.06.747,PsychoPy Exp,2023.1.2,60.02718029058118
Knowledge,TRUE,TB-K,DD_NB,PsychoPyStudy2Stim/DD_NB_1.png,Adam KNOWS there are ZERO cubes,0,b,h,2,2,0,2,2,0,0,0,0,NB,-,0,196,196,222,NA,NA,NA,NA,NA,6.6639995202422e-4,801.3111533999909,801.6952420000453,801.7952454000479,803.7953476000112,804.1953745000064,804.297531499993,804.297531499993,h,1,0.8625209999736398,805.1784395000432,805.1784395000432,805.1784395000432,805.1784395000432,NA,NA,NA,NA,NA,NA,039,001,2024-10-28_11h27.06.747,PsychoPy Exp,2023.1.2,60.02718029058118
Reality,TRUE,FB-Ig,T_B_T,PsychoPyStudy2Stim/T_B_T_3.png,"In REALITY, there are TWO cubes",2,b,h,2,0,2,1,0,1,1,0,1,B,-,0,197,197,40,NA,NA,NA,NA,NA,4.6769995242357e-4,805.2512129000388,805.6285460999934,805.7286794000538,807.7286891000113,808.1287274999777,808.2309151000809,808.2309151000809,h,1,0.6572476000292227,808.9119969999883,808.9119969999883,808.9119969999883,808.9119969999883,NA,NA,NA,NA,NA,NA,039,001,2024-10-28_11h27.06.747,PsychoPy Exp,2023.1.2,60.02718029058118
Belief,FALSE,TB-K,TD_NB,PsychoPyStudy2Stim/TD_NB_3.png,Adam THINKS there are TWO cubes,2,h,b,2,1,1,2,1,1,0,0,0,NB,PropFalse,0,198,198,173,NA,NA,NA,NA,NA,0.00181209994480013,808.9999303000513,809.3785708000651,809.4785590000683,811.4786921000341,811.878647100064,811.9807230000151,811.9807230000151,b,1,0.6112385999877006,812.6118768000742,812.6118768000742,812.6118768000742,812.6118768000742,NA,NA,NA,NA,NA,NA,039,001,2024-10-28_11h27.06.747,PsychoPy Exp,2023.1.2,60.02718029058118
Reality,TRUE,TB-K,T_NB,PsychoPyStudy2Stim/T_NB_3.png,"In REALITY, there is ONE cube",1,b,h,1,0,1,1,0,1,0,0,0,NB,-,0,199,199,5,NA,NA,NA,NA,NA,0.00127490004524588,812.696283700061,813.0785411000252,813.1786762999836,815.1786349000176,815.578510500025,815.6809510000749,815.6809510000749,h,1,0.4709269000450149,816.1783516000723,816.1783516000723,816.1783516000723,816.1783516000723,NA,NA,NA,NA,NA,NA,039,001,2024-10-28_11h27.06.747,PsychoPy Exp,2023.1.2,60.02718029058118
Reality,FALSE,FB-Ig,T_B_T,PsychoPyStudy2Stim/T_B_T_2.png,"In REALITY, there is ONE cube",1,h,b,2,0,2,1,0,1,1,0,1,B,PropFalse,0,200,200,93,NA,NA,NA,NA,NA,4.0550006087869e-4,816.2521951000672,816.6285405000672,816.7286762000294,818.7287145000882,819.1286701000063,819.2307503999909,819.2307503999909,b,1,0.7214637000579387,819.9785757000791,819.9785757000791,819.9785757000791,819.9785757000791,NA,NA,NA,NA,NA,NA,039,001,2024-10-28_11h27.06.747,PsychoPy Exp,2023.1.2,60.02718029058118
Reality,TRUE,TB-Ig,D_B_D,PsychoPyStudy2Stim/D_B_D_4.png,"In REALITY, there are ZERO cubes",0,b,h,2,2,0,1,1,0,1,1,0,B,-,0,201,201,25,NA,NA,NA,NA,NA,0.00213599996641278,820.072101800004,820.4451966000488,820.5453269000864,822.5453245000681,822.9453246999765,823.0474713000003,823.0474713000003,h,1,0.7686810999875888,823.8450418000575,823.8450418000575,823.8450418000575,823.8450418000575,NA,NA,NA,NA,NA,NA,039,001,2024-10-28_11h27.06.747,PsychoPy Exp,2023.1.2,60.02718029058118
Belief,TRUE,TB-K,TT_NB,PsychoPyStudy2Stim/TT_NB_4.png,Adam THINKS there are TWO cubes,2,b,h,2,0,2,2,0,2,0,0,0,NB,-,0,202,202,123,NA,NA,NA,NA,NA,0.00173979997634887,823.9173541000346,824.2952106000157,824.3953255000524,826.3952807000605,826.7952542999992,826.8974200000521,826.8974200000521,h,1,0.49462549993768334,827.411819400033,827.411819400033,827.411819400033,827.411819400033,NA,NA,NA,NA,NA,NA,039,001,2024-10-28_11h27.06.747,PsychoPy Exp,2023.1.2,60.02718029058118
Belief,FALSE,TB-K,T_NB,PsychoPyStudy2Stim/T_NB_2.png,Adam THINKS there are TWO cubes,2,h,b,1,0,1,1,0,1,0,0,0,NB,PropFalse,0,203,203,166,NA,NA,NA,NA,NA,0.0015363999409601,827.4785906000761,827.861866399995,827.9619460999966,829.9619202000322,830.3619947000407,830.4639569000574,830.4639569000574,b,1,0.5838795999297872,831.0784661000362,831.0784661000362,831.0784661000362,831.0784661000362,NA,NA,NA,NA,NA,NA,039,001,2024-10-28_11h27.06.747,PsychoPy Exp,2023.1.2,60.02718029058118
Knowledge,FALSE,FB-Ig,T_B_T,PsychoPyStudy2Stim/T_B_T_5.png,Adam KNOWS there are TWO cubes,2,h,b,2,0,2,1,0,1,1,0,1,B,PropTrueNoKnowledge,0,204,204,316,NA,NA,NA,NA,NA,0.00115600007120519,831.1671872000443,831.5451862000627,831.6450196000515,833.645105500007,834.0452954000793,834.1475567000452,834.1475567000452,b,1,0.44423440005630255,834.6117245000787,834.6117245000787,834.6117245000787,834.6117245000787,NA,NA,NA,NA,NA,NA,039,001,2024-10-28_11h27.06.747,PsychoPy Exp,2023.1.2,60.02718029058118
Belief,TRUE,TB-Ig,D_B_D,PsychoPyStudy2Stim/D_B_D_2.png,Adam THINKS there are ZERO cubes,0,b,h,2,2,0,1,1,0,1,1,0,B,-,0,205,205,131,NA,NA,NA,NA,NA,6.6909997258335e-4,834.684184600017,835.061814900022,835.1617802000837,837.1618934000144,837.5619435000699,837.6641831999877,837.6641831999877,h,1,0.5835628999629989,838.2784324000822,838.2784324000822,838.2784324000822,838.2784324000822,NA,NA,NA,NA,NA,NA,039,001,2024-10-28_11h27.06.747,PsychoPy Exp,2023.1.2,60.02718029058118
Knowledge,TRUE,TB-K,TT_NB,PsychoPyStudy2Stim/TT_NB_1.png,Adam KNOWS there are TWO cubes,2,b,h,2,0,2,2,0,2,0,0,0,NB,-,0,206,206,228,NA,NA,NA,NA,NA,0.00114289997145533,838.3674942000071,838.7451313000638,838.8452961000148,840.8452471999917,841.245257499977,841.3474486999912,841.3474486999912,h,1,0.5086203999817371,841.8785262000747,841.8785262000747,841.8785262000747,841.8785262000747,NA,NA,NA,NA,NA,NA,039,001,2024-10-28_11h27.06.747,PsychoPy Exp,2023.1.2,60.02718029058118
Knowledge,TRUE,TB-K,T_NB,PsychoPyStudy2Stim/T_NB_1.png,Adam KNOWS there is ONE cube,1,b,h,1,0,1,1,0,1,0,0,0,NB,-,0,207,207,219,NA,NA,NA,NA,NA,0.00169060006737709,841.9666336000664,842.3451270000078,842.4452389000216,844.4452391000232,844.845189100015,844.9472561000148,844.9472561000148,h,1,0.4609001999488101,845.4285333000589,845.4285333000589,845.4285333000589,845.4285333000589,NA,NA,NA,NA,NA,NA,039,001,2024-10-28_11h27.06.747,PsychoPy Exp,2023.1.2,60.02718029058118
Reality,FALSE,TB-K,DD_NB,PsychoPyStudy2Stim/DD_NB_2.png,"In REALITY, there are TWO cubes",2,h,b,2,2,0,2,2,0,0,0,0,NB,PropFalse,0,208,208,61,NA,NA,NA,NA,NA,0.00213740009348839,845.5287814000621,845.9118225000566,846.0117967000697,848.0118912999751,848.4119118000381,848.5141856999835,848.5141856999835,b,1,0.5663623999571428,849.1118549000239,849.1118549000239,849.1118549000239,849.1118549000239,NA,NA,NA,NA,NA,NA,039,001,2024-10-28_11h27.06.747,PsychoPy Exp,2023.1.2,60.02718029058118
Reality,FALSE,FB-Ig,T_B_T,PsychoPyStudy2Stim/T_B_T_1.png,"In REALITY, there is ONE cube",1,h,b,2,0,2,1,0,1,1,0,1,B,PropFalse,0,209,209,92,NA,NA,NA,NA,NA,0.00249730003997683,849.2119673000416,849.5951670000795,849.6952918000752,851.6952651999891,852.0952245000517,852.1971651000204,852.1971651000204,b,1,1.0189491999335587,853.245165499975,853.245165499975,853.245165499975,853.245165499975,NA,NA,NA,NA,NA,NA,039,001,2024-10-28_11h27.06.747,PsychoPy Exp,2023.1.2,60.02718029058118
Knowledge,FALSE,FB-Ig,T_B_T,PsychoPyStudy2Stim/T_B_T_6.png,Adam KNOWS there are TWO cubes,2,h,b,2,0,2,1,0,1,1,0,1,B,PropTrueNoKnowledge,0,210,210,311,NA,NA,NA,NA,NA,0.00243729993235319,853.3385528000072,853.7116880000103,853.8119495999999,855.8119169999845,856.2117398000555,856.3138848000672,856.3138848000672,b,1,0.5742663000710309,856.9118294999935,856.9118294999935,856.9118294999935,856.9118294999935,NA,NA,NA,NA,NA,NA,039,001,2024-10-28_11h27.06.747,PsychoPy Exp,2023.1.2,60.02718029058118
Knowledge,TRUE,TB-K-B,TD_B,PsychoPyStudy2Stim/TD_B_8.png,Adam KNOWS there is ONE cube,1,b,h,2,1,1,2,1,1,0,0,0,B,-,0,211,211,265,NA,NA,NA,NA,NA,0.00181449996307492,857.0130820000777,857.3951334999874,857.4951906000497,859.4952200000407,859.8950189000461,859.9973015000578,859.9973015000578,h,1,0.7227066999766976,860.7451293000486,860.7451293000486,860.7451293000486,860.7451293000486,NA,NA,NA,NA,NA,NA,039,001,2024-10-28_11h27.06.747,PsychoPy Exp,2023.1.2,60.02718029058118
Belief,TRUE,TB-K,DD_NB,PsychoPyStudy2Stim/DD_NB_3.png,Adam THINKS there are ZERO cubes,0,b,h,2,2,0,2,2,0,0,0,0,NB,-,0,212,212,116,NA,NA,NA,NA,NA,0.00181899999734014,860.8164354000473,861.1951417999808,861.2952055999776,863.2951830000384,863.6950961999828,863.7972912000259,863.7972912000259,h,1,0.5708742999704555,864.3951218000147,864.3951218000147,864.3951218000147,864.3951218000147,NA,NA,NA,NA,NA,NA,039,001,2024-10-28_11h27.06.747,PsychoPy Exp,2023.1.2,60.02718029058118
Reality,FALSE,FB-Ig,T_B_T,PsychoPyStudy2Stim/T_B_T_6.png,"In REALITY, there is ONE cube",1,h,b,2,0,2,1,0,1,1,0,1,B,PropFalse,0,213,213,97,NA,NA,NA,NA,NA,0.00212750001810491,864.4876312999986,864.8617097000824,864.9618379999883,866.961702200002,867.3618121000472,867.4640285000205,867.4640285000205,b,1,0.6396893999772146,868.1283469999908,868.1283469999908,868.1283469999908,868.1283469999908,NA,NA,NA,NA,NA,NA,039,001,2024-10-28_11h27.06.747,PsychoPy Exp,2023.1.2,60.02718029058118
Belief,TRUE,TB-K-B,TT_B,PsychoPyStudy2Stim/TT_B_9.png,Adam THINKS there are TWO cubes,2,b,h,2,0,2,2,0,2,0,0,0,B,-,0,214,214,142,NA,NA,NA,NA,NA,0.00145480001810938,868.2177158000413,868.5951386999805,868.6952460000757,870.695171300089,871.0951441000216,871.1974402000196,871.1974402000196,h,1,0.49901589995715767,871.7115421000635,871.7115421000635,871.7115421000635,871.7115421000635,NA,NA,NA,NA,NA,NA,039,001,2024-10-28_11h27.06.747,PsychoPy Exp,2023.1.2,60.02718029058118
Reality,FALSE,TB-Ig,D_B,PsychoPyStudy2Stim/D_B_1.png,"In REALITY, there are TWO cubes",2,h,b,1,1,0,1,1,0,0,0,0,B,PropFalse,0,215,215,72,NA,NA,NA,NA,NA,0.00160119996871799,871.7831979000475,872.1616947000148,872.2617603000253,874.2618305999786,874.6617686999962,874.7639411999844,874.7639411999844,b,1,0.5646229999838397,875.3450530000264,875.3450530000264,875.3450530000264,875.3450530000264,NA,NA,NA,NA,NA,NA,039,001,2024-10-28_11h27.06.747,PsychoPy Exp,2023.1.2,60.02718029058118
Knowledge,FALSE,TB-K,TT_NB,PsychoPyStudy2Stim/TT_NB_4.png,Adam KNOWS there is ONE cube,1,h,b,2,0,2,2,0,2,0,0,0,NB,PropFalse,0,216,216,285,NA,NA,NA,NA,NA,0.00181849999353289,875.432040899992,875.8116737999953,875.9117218999891,877.9117678999901,878.3117652999936,878.4139449000359,878.4139449000359,b,1,0.7377124999184161,879.1782387000276,879.1782387000276,879.1782387000276,879.1782387000276,NA,NA,NA,NA,NA,NA,039,001,2024-10-28_11h27.06.747,PsychoPy Exp,2023.1.2,60.02718029058118
Knowledge,FALSE,FB-Ig,T_B_T,PsychoPyStudy2Stim/T_B_T_3.png,Adam KNOWS there is ONE cube,1,h,b,2,0,2,1,0,1,1,0,1,B,PropFalse,0,217,217,302,NA,NA,NA,NA,NA,5.5470003280788e-4,879.2615006000269,879.6449981000042,879.7451413000235,881.7451315000653,882.1450746000046,882.2472308999859,882.2472308999859,b,1,1.2567400999832898,883.5284102000296,883.5284102000296,883.5284102000296,883.5284102000296,NA,NA,NA,NA,NA,NA,039,001,2024-10-28_11h27.06.747,PsychoPy Exp,2023.1.2,60.02718029058118
Knowledge,TRUE,TB-K-B,TT_B,PsychoPyStudy2Stim/TT_B_23.png,Adam KNOWS there are TWO cubes,2,b,h,2,0,2,2,0,2,0,0,0,B,-,0,218,218,256,NA,NA,NA,NA,NA,0.00167400005739182,883.623758599977,883.9950263000792,884.09511570003815,886.0951239999849,886.4951715000207,886.597125899978,886.597125899978,h,1,0.618826000019908,887.2449870000128,887.2449870000128,887.2449870000128,887.2449870000128,NA,NA,NA,NA,NA,NA,039,001,2024-10-28_11h27.06.747,PsychoPy Exp,2023.1.2,60.02718029058118
Knowledge,FALSE,FB-Ig,T_B_T,PsychoPyStudy2Stim/T_B_T_1.png,Adam KNOWS there are TWO cubes,2,h,b,2,0,2,1,0,1,1,0,1,B,PropTrueNoKnowledge,0,219,219,312,NA,NA,NA,NA,NA,0.00149140006396919,887.3321164000081,887.7116460000398,887.8117841000203,889.8117750000674,890.2117098000599,890.3138578999788,890.3138578999788,b,1,0.590137799968943,890.9283485000487,890.9283485000487,890.9283485000487,890.9283485000487,NA,NA,NA,NA,NA,NA,039,001,2024-10-28_11h27.06.747,PsychoPy Exp,2023.1.2,60.02718029058118
Reality,TRUE,TB-K,TT_NB,PsychoPyStudy2Stim/TT_NB_1.png,"In REALITY, there are TWO cubes",2,b,h,2,0,2,2,0,2,0,0,0,NB,-,0,220,220,12,NA,NA,NA,NA,NA,0.00179520004894584,891.0148143999977,891.3948232000694,891.4951103000203,893.4949624000583,893.8950872999849,893.9972824000288,893.9972824000288,h,1,0.531597499968484,894.5449385000393,894.5449385000393,894.5449385000393,894.5449385000393,NA,NA,NA,NA,NA,NA,039,001,2024-10-28_11h27.06.747,PsychoPy Exp,2023.1.2,60.02718029058118
Reality,FALSE,FB-Ig,T_B_T,PsychoPyStudy2Stim/T_B_T_6.png,"In REALITY, there is ONE cube",1,h,b,2,0,2,1,0,1,1,0,1,B,PropFalse,0,221,221,103,NA,NA,NA,NA,NA,0.00193240004591643,894.618628700031,894.9949688999914,895.0951047000708,897.0950324999867,897.4950185000198,897.5972247000318,897.5972247000318,b,1,0.5471736000617966,898.1616949000163,898.1616949000163,898.1616949000163,898.1616949000163,NA,NA,NA,NA,NA,NA,039,001,2024-10-28_11h27.06.747,PsychoPy Exp,2023.1.2,60.02718029058118
Reality,FALSE,TB-Ig,D_B_D,PsychoPyStudy2Stim/D_B_D_4.png,"In REALITY, there are TWO cubes",2,h,b,2,2,0,1,1,0,1,1,0,B,PropFalse,0,222,222,79,NA,NA,NA,NA,NA,0.0019608000293374,898.2536316000624,898.6282922000391,898.7283140000654,900.728164399974,901.1283953000092,901.2307651999872,901.2307651999872,b,1,0.5372561999829486,901.7949952000054,901.7949952000054,901.7949952000054,901.7949952000054,NA,NA,NA,NA,NA,NA,039,001,2024-10-28_11h27.06.747,PsychoPy Exp,2023.1.2,60.02718029058118
Belief,TRUE,TB-K,TD_NB,PsychoPyStudy2Stim/TD_NB_2.png,Adam THINKS there is ONE cube,1,b,h,2,1,1,2,1,1,0,0,0,NB,-,0,223,223,118,NA,NA,NA,NA,NA,0.00171590002719312,901.8707927999784,902.2449799000752,902.344978600042,904.3450601000804,904.7449389999964,904.8474113000556,904.8474113000556,h,1,0.6555094999494031,905.5283264999744,905.5283264999744,905.5283264999744,905.5283264999744,NA,NA,NA,NA,NA,NA,039,001,2024-10-28_11h27.06.747,PsychoPy Exp,2023.1.2,60.02718029058118
Reality,TRUE,TB-Ig,D_B_D,PsychoPyStudy2Stim/D_B_D_1.png,"In REALITY, there are ZERO cubes",0,b,h,2,2,0,1,1,0,1,1,0,B,-,0,224,224,22,NA,NA,NA,NA,NA,0.00188859994523227,905.624405600014,905.9948294999776,906.0949451000196,908.0949668000684,908.494945100043,908.597301300033,908.597301300033,h,1,0.562463799957186,909.178157599992,909.178157599992,909.178157599992,909.178157599992,NA,NA,NA,NA,NA,NA,039,001,2024-10-28_11h27.06.747,PsychoPy Exp,2023.1.2,60.02718029058118
Reality,FALSE,TB-K-B,TD_B,PsychoPyStudy2Stim/TD_B_1.png,"In REALITY, there are ZERO cubes",0,h,b,2,1,1,2,1,1,0,0,0,B,PropFalse,0,225,225,84,NA,NA,NA,NA,NA,5.4620008450001e-4,909.2543634000468,909.628152600024,909.728425599984,911.7282724999824,912.1283705000532,912.2304240000668,912.2304240000668,b,1,0.8497769000241533,913.111558399978,913.111558399978,913.111558399978,913.111558399978,NA,NA,NA,NA,NA,NA,039,001,2024-10-28_11h27.06.747,PsychoPy Exp,2023.1.2,60.02718029058118
Knowledge,FALSE,FB-Ig,T_B_T,PsychoPyStudy2Stim/T_B_T_4.png,Adam KNOWS there are TWO cubes,2,h,b,2,0,2,1,0,1,1,0,1,B,PropTrueNoKnowledge,0,226,226,309,NA,NA,NA,NA,NA,0.0011283999774605,913.1837093000069,913.5615989000072,913.6615402000024,915.661608400056,916.061548500089,916.1637340000598,916.1637340000598,b,1,0.48381510004401207,916.6782001000828,916.6782001000828,916.6782001000828,916.6782001000828,NA,NA,NA,NA,NA,NA,039,001,2024-10-28_11h27.06.747,PsychoPy Exp,2023.1.2,60.02718029058118
Reality,FALSE,TB-K,TT_NB,PsychoPyStudy2Stim/TT_NB_4.png,"In REALITY, there is ONE cube",1,h,b,2,0,2,2,0,2,0,0,0,NB,PropFalse,0,227,227,69,NA,NA,NA,NA,NA,5.9670000337064e-4,916.7636752000544,917.144906100002,917.2448936,919.2448202000232,919.644995199982,919.7470673000208,919.7470673000208,b,1,0.5334483999758959,920.311387600028,920.311387600028,920.311387600028,920.311387600028,NA,NA,NA,NA,NA,NA,039,001,2024-10-28_11h27.06.747,PsychoPy Exp,2023.1.2,60.02718029058118
Knowledge,TRUE,TB-K-B,TT_B,PsychoPyStudy2Stim/TT_B_18.png,Adam KNOWS there are TWO cubes,2,b,h,2,0,2,2,0,2,0,0,0,B,-,0,228,228,251,NA,NA,NA,NA,NA,4.0669995360076e-4,920.3940879000584,920.778203300084,920.8783305999824,922.8782064000844,923.2784001000692,923.380459100008,923.380459100008,h,1,0.5481947999214754,923.9447508000304,923.9447508000304,923.9447508000304,923.9447508000304,NA,NA,NA,NA,NA,NA,039,001,2024-10-28_11h27.06.747,PsychoPy Exp,2023.1.2,60.02718029058118
Reality,FALSE,TB-K-B,TD_B,PsychoPyStudy2Stim/TD_B_7.png,"In REALITY, there are ZERO cubes",0,h,b,2,1,1,2,1,1,0,0,0,B,PropFalse,0,229,229,90,NA,NA,NA,NA,NA,0.00181259994860738,924.0171110000229,924.3949181999778,924.495068600052,926.4947723000078,926.8949840000132,926.9970829000232,926.9970829000232,b,1,0.9226116000209004,927.944789799978,927.944789799978,927.944789799978,927.944789799978,NA,NA,NA,NA,NA,NA,039,001,2024-10-28_11h27.06.747,PsychoPy Exp,2023.1.2,60.02718029058118
Belief,FALSE,TB-Ig,D_B,PsychoPyStudy2Stim/D_B_2.png,Adam THINKS there is ONE cube,1,h,b,1,1,0,1,1,0,0,0,0,B,PropFalse,0,230,230,181,NA,NA,NA,NA,NA,0.0018174999859184,928.0359142000088,928.4116100000684,928.511673400062,930.5115267999936,930.911689599976,931.0138800999848,931.0138800999848,b,1,0.5856468999991193,931.6282043000684,931.6282043000684,931.6282043000684,931.6282043000684,NA,NA,NA,NA,NA,NA,039,001,2024-10-28_11h27.06.747,PsychoPy Exp,2023.1.2,60.02718029058118
Reality,TRUE,TB-K,TT_NB,PsychoPyStudy2Stim/TT_NB_5.png,"In REALITY, there are TWO cubes",2,b,h,2,0,2,2,0,2,0,0,0,NB,-,0,231,231,16,NA,NA,NA,NA,NA,8.9729996398091e-4,931.7158631000202,932.0947206000563,932.1948414000216,934.1949291999916,934.5949220000766,934.697154500056,934.697154500056,h,1,0.5265800000634044,935.2448468999936,935.2448468999936,935.2448468999936,935.2448468999936,NA,NA,NA,NA,NA,NA,039,001,2024-10-28_11h27.06.747,PsychoPy Exp,2023.1.2,60.02718029058118
Reality,TRUE,TB-K-B,TD_B,PsychoPyStudy2Stim/TD_B_7.png,"In REALITY, there is ONE cube",1,b,h,2,1,1,2,1,1,0,0,0,B,-,0,232,232,36,NA,NA,NA,NA,NA,0.00154990004375576,935.3331573000178,935.7114928000374,935.8114138999954,937.8114684000612,938.2116228999804,938.3137636000756,938.3137636000756,h,1,0.6860104000661522,939.0281329000136,939.0281329000136,939.0281329000136,939.0281329000136,NA,NA,NA,NA,NA,NA,039,001,2024-10-28_11h27.06.747,PsychoPy Exp,2023.1.2,60.02718029058118
Knowledge,TRUE,TB-K-B,TT_B,PsychoPyStudy2Stim/TT_B_17.png,Adam KNOWS there are TWO cubes,2,b,h,2,0,2,2,0,2,0,0,0,B,-,0,233,233,250,NA,NA,NA,NA,NA,0.00160820002201944,939.1239200000418,939.4948162999935,939.5949420999968,941.5949907000175,941.9949390999972,942.0970898000523,942.0970898000523,h,1,0.49436160002369434,942.6113918999908,942.6113918999908,942.6113918999908,942.6113918999908,NA,NA,NA,NA,NA,NA,039,001,2024-10-28_11h27.06.747,PsychoPy Exp,2023.1.2,60.02718029058118
Belief,TRUE,TB-K,DD_NB,PsychoPyStudy2Stim/DD_NB_1.png,Adam THINKS there are ZERO cubes,0,b,h,2,2,0,2,2,0,0,0,0,NB,-,0,234,234,114,NA,NA,NA,NA,NA,8.0369994975626e-4,942.6919160999824,943.0614248000784,943.1616274000844,945.1614819000242,945.5615458000684,945.6636994000291,945.6636994000291,h,1,0.8481149999424815,946.5280422000214,946.5280422000214,946.5280422000214,946.5280422000214,NA,NA,NA,NA,NA,NA,039,001,2024-10-28_11h27.06.747,PsychoPy Exp,2023.1.2,60.02718029058118
Knowledge,FALSE,TB-K,TT_NB,PsychoPyStudy2Stim/TT_NB_2.png,Adam KNOWS there are ZERO cubes,0,h,b,2,0,2,2,0,2,0,0,0,NB,PropFalse,0,235,235,283,NA,NA,NA,NA,NA,4.6050001401454e-4,946.5955331000732,946.978120099986,947.078253600048,949.0782268000768,949.4782016000244,949.5801671000664,949.5801671000664,b,1,0.6432244000025094,950.2446105000564,950.2446105000564,950.2446105000564,950.2446105000564,NA,NA,NA,NA,NA,NA,039,001,2024-10-28_11h27.06.747,PsychoPy Exp,2023.1.2,60.02718029058118
Knowledge,FALSE,TB-K,TD_NB,PsychoPyStudy2Stim/TD_NB_1.png,Adam KNOWS there are ZERO cubes,0,h,b,2,1,1,2,1,1,0,0,0,NB,PropFalse,0,236,236,279,NA,NA,NA,NA,NA,4.268999909982e-4,950.3122471000534,950.6946559000062,950.79466340004,952.7946950000478,953.1948373999912,953.2971425000578,953.2971425000578,b,1,1.382416500011459,954.71119130007,954.71119130007,954.71119130007,954.71119130007,NA,NA,NA,NA,NA,NA,039,001,2024-10-28_11h27.06.747,PsychoPy Exp,2023.1.2,60.02718029058118
Belief,TRUE,FB-Ig,T_B_T,PsychoPyStudy2Stim/T_B_T_3.png,Adam THINKS there is ONE cube,1,b,h,2,0,2,1,0,1,1,0,1,B,-,0,237,237,148,NA,NA,NA,NA,NA,4.2170006781816e-4,954.7827358000212,955.161197700072,955.2616507000056,957.261399500072,957.6614297999768,957.7645749000368,957.7645749000368,h,1,0.698874199995771,958.494600199978,958.494600199978,958.494600199978,958.494600199978,NA,NA,NA,NA,NA,NA,039,001,2024-10-28_11h27.06.747,PsychoPy Exp,2023.1.2,60.02718029058118
Knowledge,FALSE,TB-K,TD_NB,PsychoPyStudy2Stim/TD_NB_3.png,Adam KNOWS there are TWO cubes,2,h,b,2,1,1,2,1,1,0,0,0,NB,PropFalse,0,238,238,281,NA,NA,NA,NA,NA,5.0780002493411e-4,958.5605287000072,958.9446710000047,959.0449002999812,961.0449350000126,961.4448740000372,961.5470269999932,961.5470269999932,b,1,0.6526486999355257,962.228190200054,962.228190200054,962.228190200054,962.228190200054,NA,NA,NA,NA,NA,NA,039,001,2024-10-28_11h27.06.747,PsychoPy Exp,2023.1.2,60.02718029058118
Knowledge,TRUE,TB-K,TT_NB,PsychoPyStudy2Stim/TT_NB_5.png,Adam KNOWS there are TWO cubes,2,b,h,2,0,2,2,0,2,0,0,0,NB,-,0,239,239,232,NA,NA,NA,NA,NA,0.00199939997401088,962.295908399974,962.6780772000784,962.7781843000556,964.7782446000492,965.1781493000452,965.2803147999804,965.2803147999804,h,1,0.7754690999863669,966.077953100088,966.077953100088,966.077953100088,966.077953100088,NA,NA,NA,NA,NA,NA,039,001,2024-10-28_11h27.06.747,PsychoPy Exp,2023.1.2,60.02718029058118
Knowledge,TRUE,TB-K-B,DD_B,PsychoPyStudy2Stim/DD_B_10.png,Adam KNOWS there are ZERO cubes,0,b,h,2,2,0,2,2,0,0,0,0,B,-,0,240,240,243,NA,NA,NA,NA,NA,0.00179220002610236,966.1600093999878,966.544521600008,966.6446976000444,968.6449801999844,969.0448092999868,969.1470117000864,969.1470117000864,h,1,0.5083854000549763,969.6777863000752,969.6777863000752,969.6777863000752,969.6777863000752,NA,NA,NA,NA,NA,NA,039,001,2024-10-28_11h27.06.747,PsychoPy Exp,2023.1.2,60.02718029058118
Knowledge,TRUE,TB-K,DD_NB,PsychoPyStudy2Stim/DD_NB_2.png,Adam KNOWS there are ZERO cubes,0,b,h,2,2,0,2,2,0,0,0,0,NB,-,0,241,241,223,NA,NA,NA,NA,NA,4.4729991350322e-4,969.7429855000228,970.1281351000072,970.2279558000156,972.2281190999784,972.6281529000262,972.7303299000488,972.7303299000488,h,1,0.5090354999992996,973.2612746000524,973.2612746000524,973.2612746000524,973.2612746000524,NA,NA,NA,NA,NA,NA,039,001,2024-10-28_11h27.06.747,PsychoPy Exp,2023.1.2,60.02718029058118
Reality,FALSE,TB-Ig,D_B,PsychoPyStudy2Stim/D_B_4.png,"In REALITY, there are TWO cubes",2,h,b,1,1,0,1,1,0,0,0,0,B,PropFalse,0,242,242,75,NA,NA,NA,NA,NA,6.1570003163069e-4,973.3461805999978,973.7280397000724,973.8279984000836,975.8280628999928,976.2281162000728,976.330323399976,976.330323399976,b,1,0.6534667999949306,977.0227029999952,NA,977.0227029999952,NA,space,4.969024599995464,NA,NA,NA,NA,039,001,2024-10-28_11h27.06.747,PsychoPy Exp,2023.1.2,60.02718029058118
Reality,FALSE,FB-Ig,D_B_T,PsychoPyStudy2Stim/D_B_T_4.png,"In REALITY, there are ZERO cubes",0,h,b,2,1,1,1,1,0,1,0,1,B,PropFalse,0,243,243,107,NA,NA,NA,NA,NA,0.00168689992278814,982.0853191000642,982.461349899997,982.5613769000628,984.5614765000064,984.9614543999778,985.0637308000588,985.0637308000588,b,1,0.7599256000248715,985.8447471000254,985.8447471000254,985.8447471000254,985.8447471000254,NA,NA,NA,NA,NA,NA,039,001,2024-10-28_11h27.06.747,PsychoPy Exp,2023.1.2,60.02718029058118
Belief,FALSE,TB-K-B,TT_B,PsychoPyStudy2Stim/TT_B_1.png,Adam THINKS there are ZERO cubes,0,h,b,2,0,2,2,0,2,0,0,0,B,PropFalse,0,244,244,188,NA,NA,NA,NA,NA,0.00184889999218285,985.9336987000424,986.311334899976,986.4115211999742,988.4112918999743,988.811347000068,988.9136618999764,988.9136618999764,b,1,0.6059351000003517,989.5446942000416,989.5446942000416,989.5446942000416,989.5446942000416,NA,NA,NA,NA,NA,NA,039,001,2024-10-28_11h27.06.747,PsychoPy Exp,2023.1.2,60.02718029058118
Belief,TRUE,TB-K,TD_NB,PsychoPyStudy2Stim/TD_NB_3.png,Adam THINKS there is ONE cube,1,b,h,2,1,1,2,1,1,0,0,0,NB,-,0,245,245,119,NA,NA,NA,NA,NA,0.00185430003330111,989.6304562999868,990.011373699992,990.1122478999896,992.1115121999756,992.5115288000088,992.6134164000396,992.6134164000396,h,1,0.7460348000749946,993.3777977999998,993.3777977999998,993.3777977999998,993.3777977999998,NA,NA,NA,NA,NA,NA,039,001,2024-10-28_11h27.06.747,PsychoPy Exp,2023.1.2,60.02718029058118
Knowledge,FALSE,TB-K,D_NB,PsychoPyStudy2Stim/D_NB_1.png,Adam KNOWS there is ONE cube,1,h,b,1,1,0,1,1,0,0,0,0,NB,PropFalse,0,246,246,270,NA,NA,NA,NA,NA,4.8209994565695e-4,993.4444503000703,993.8280216000276,993.9281310000224,995.9280726000434,996.3279202000704,996.4302917000604,996.4302917000604,b,1,0.7613970000529662,997.2111052999971,997.2111052999971,997.2111052999971,997.2111052999971,NA,NA,NA,NA,NA,NA,039,001,2024-10-28_11h27.06.747,PsychoPy Exp,2023.1.2,60.02718029058118
Knowledge,FALSE,TB-K,D_NB,PsychoPyStudy2Stim/D_NB_3.png,Adam KNOWS there are TWO cubes,2,h,b,1,1,0,1,1,0,0,0,0,NB,PropFalse,0,247,247,272,NA,NA,NA,NA,NA,0.00241839990485459,997.2767710000044,997.6612291000783,997.7613598000024,999.7612731000409,1000.1612786999904,1000.26360210008,1000.26360210008,b,1,0.5043502999469638,1000.7947452000808,1000.7947452000808,1000.7947452000808,1000.7947452000808,NA,NA,NA,NA,NA,NA,039,001,2024-10-28_11h27.06.747,PsychoPy Exp,2023.1.2,60.02718029058118
Belief,TRUE,TB-K-B,TT_B,PsychoPyStudy2Stim/TT_B_10.png,Adam THINKS there are TWO cubes,2,b,h,2,0,2,2,0,2,0,0,0,B,-,0,248,248,143,NA,NA,NA,NA,NA,0.00181259994860738,1000.8830220000818,1001.261245300062,1001.3614114000228,1003.3612524999772,1003.7613764000124,1003.8636244999944,1003.8636244999944,h,1,0.4398207999765873,1004.3278380000264,1004.3278380000264,1004.3278380000264,1004.3278380000264,NA,NA,NA,NA,NA,NA,039,001,2024-10-28_11h27.06.747,PsychoPy Exp,2023.1.2,60.02718029058118
Knowledge,TRUE,TB-K,TD_NB,PsychoPyStudy2Stim/TD_NB_1.png,Adam KNOWS there is ONE cube,1,b,h,2,1,1,2,1,1,0,0,0,NB,-,0,249,249,225,NA,NA,NA,NA,NA,4.276999970898e-4,1004.394771900028,1004.7779573000736,1004.8781302000862,1006.8780911000212,1007.2780477000632,1007.3801937000826,1007.3801937000826,h,1,0.5713977999985218,1007.9779971999816,1007.9779971999816,1007.9779971999816,1007.9779971999816,NA,NA,NA,NA,NA,NA,039,001,2024-10-28_11h27.06.747,PsychoPy Exp,2023.1.2,60.02718029058118
Belief,TRUE,FB-Ig,T_B_T,PsychoPyStudy2Stim/T_B_T_4.png,Adam THINKS there is ONE cube,1,b,h,2,0,2,1,0,1,1,0,1,B,-,0,250,250,155,NA,NA,NA,NA,NA,0.00208220002241432,1008.0650187000864,1008.444459100021,1008.5445839000168,1010.54459960002,1010.944733900018,1011.0468261999775,1011.0468261999775,h,1,0.8809973999159411,1011.9444593000226,1011.9444593000226,1011.9444593000226,1011.9444593000226,NA,NA,NA,NA,NA,NA,039,001,2024-10-28_11h27.06.747,PsychoPy Exp,2023.1.2,60.02718029058118
Belief,FALSE,TB-Ig,D_B_D,PsychoPyStudy2Stim/D_B_D_2.png,Adam THINKS there is ONE cube,1,h,b,2,2,0,1,1,0,1,1,0,B,PropFalse,0,251,251,185,NA,NA,NA,NA,NA,4.6290003228932e-4,1012.0122149999952,1012.3946179000196,1012.4946221000282,1014.4945763000288,1014.894550899975,1014.996851200005,1014.996851200005,b,1,0.8508411999791861,1015.8779116000514,1015.8779116000514,1015.8779116000514,1015.8779116000514,NA,NA,NA,NA,NA,NA,039,001,2024-10-28_11h27.06.747,PsychoPy Exp,2023.1.2,60.02718029058118
Reality,TRUE,FB-Ig,D_B_T,PsychoPyStudy2Stim/D_B_T_2.png,"In REALITY, there is ONE cube",1,b,h,2,1,1,1,1,0,1,0,1,B,-,0,252,252,51,NA,NA,NA,NA,NA,0.00160540000069886,1015.9681351999752,1016.3446354999904,1016.4447460999944,1018.4447034000186,1018.8446997000136,1018.9468683000888,1018.9468683000888,h,1,0.4367329999804497,1019.4111566999928,1019.4111566999928,1019.4111566999928,1019.4111566999928,NA,NA,NA,NA,NA,NA,039,001,2024-10-28_11h27.06.747,PsychoPy Exp,2023.1.2,60.02718029058118
Belief,TRUE,TB-K-B,TT_B,PsychoPyStudy2Stim/TT_B_7.png,Adam THINKS there are TWO cubes,2,b,h,2,0,2,2,0,2,0,0,0,B,-,0,253,253,140,NA,NA,NA,NA,NA,0.0018372000195086,1019.4863471999996,1019.861210300005,1019.961194499978,1021.9613910000772,1022.3613456999884,1022.463502000086,1022.463502000086,h,1,0.520125100039877,1023.0110743000404,1023.0110743000404,1023.0110743000404,1023.0110743000404,NA,NA,NA,NA,NA,NA,039,001,2024-10-28_11h27.06.747,PsychoPy Exp,2023.1.2,60.02718029058118
Belief,TRUE,TB-K-B,TT_B,PsychoPyStudy2Stim/TT_B_8.png,Adam THINKS there are TWO cubes,2,b,h,2,0,2,2,0,2,0,0,0,B,-,0,254,254,141,NA,NA,NA,NA,NA,4.8169994261115e-4,1023.0796386000002,1023.461310200044,1023.561058600084,1025.561273899977,1025.9613561000442,1026.0634685000405,1026.0634685000405,h,1,0.44808280002325773,1026.527722800034,1026.527722800034,1026.527722800034,1026.527722800034,NA,NA,NA,NA,NA,NA,039,001,2024-10-28_11h27.06.747,PsychoPy Exp,2023.1.2,60.02718029058118
Reality,FALSE,TB-K-B,TD_B,PsychoPyStudy2Stim/TD_B_9.png,"In REALITY, there are ZERO cubes",0,h,b,2,1,1,2,1,1,0,0,0,B,PropFalse,0,255,255,91,NA,NA,NA,NA,NA,4.9930007662624e-4,1026.6066488000797,1026.9779545000056,1027.0780510000186,1029.0780204000184,1029.4779948000796,1029.580179200042,1029.580179200042,b,1,0.9638318999204784,1030.5611570000185,1030.5611570000185,1030.5611570000185,1030.5611570000185,NA,NA,NA,NA,NA,NA,039,001,2024-10-28_11h27.06.747,PsychoPy Exp,2023.1.2,60.02718029058118
Knowledge,TRUE,TB-K,D_NB,PsychoPyStudy2Stim/D_NB_1.png,Adam KNOWS there are ZERO cubes,0,b,h,1,1,0,1,1,0,0,0,0,NB,-,0,256,256,216,NA,NA,NA,NA,NA,0.0011911999899894,1030.6506011000602,1031.027916799998,1031.127725600032,1033.1279934999766,1033.5280382999915,1033.6301168000791,1033.6301168000791,h,1,0.729388999985531,1034.3779507,1034.3779507,1034.3779507,1034.3779507,NA,NA,NA,NA,NA,NA,039,001,2024-10-28_11h27.06.747,PsychoPy Exp,2023.1.2,60.02718029058118
Knowledge,TRUE,TB-K-B,TD_B,PsychoPyStudy2Stim/TD_B_9.png,Adam KNOWS there is ONE cube,1,b,h,2,1,1,2,1,1,0,0,0,B,-,0,257,257,266,NA,NA,NA,NA,NA,0.00178259995300322,1034.4654502000194,1034.844505800051,1034.9446060999762,1036.9446301000426,1037.3446709000273,1037.4468843999784,1037.4468843999784,h,1,0.8006659999955446,1038.2778865,1038.2778865,1038.2778865,1038.2778865,NA,NA,NA,NA,NA,NA,039,001,2024-10-28_11h27.06.747,PsychoPy Exp,2023.1.2,60.02718029058118
Reality,TRUE,TB-K,TD_NB,PsychoPyStudy2Stim/TD_NB_3.png,"In REALITY, there is ONE cube",1,b,h,2,1,1,2,1,1,0,0,0,NB,-,0,258,258,11,NA,NA,NA,NA,NA,0.00202110002283006,1038.3611022999976,1038.7445532000856,1038.844637400005,1040.8446156000718,1041.2446178999962,1041.346760899993,1041.346760899993,h,1,0.4527396999765187,1041.827921200078,1041.827921200078,1041.827921200078,1041.827921200078,NA,NA,NA,NA,NA,NA,039,001,2024-10-28_11h27.06.747,PsychoPy Exp,2023.1.2,60.02718029058118
Reality,TRUE,FB-Ig,T_B_T,PsychoPyStudy2Stim/T_B_T_4.png,"In REALITY, there are TWO cubes",2,b,h,2,0,2,1,0,1,1,0,1,B,-,0,259,259,47,NA,NA,NA,NA,NA,0.00216400006320327,1041.9035737999948,1042.2778512000805,1042.377962699975,1044.377963899984,1044.7779568000697,1044.8801998000126,1044.8801998000126,h,1,0.7592726999428123,1045.6610068000157,1045.6610068000157,1045.6610068000157,1045.6610068000157,NA,NA,NA,NA,NA,NA,039,001,2024-10-28_11h27.06.747,PsychoPy Exp,2023.1.2,60.02718029058118
Reality,FALSE,TB-K,D_NB,PsychoPyStudy2Stim/D_NB_2.png,"In REALITY, there is ONE cube",1,h,b,1,1,0,1,1,0,0,0,0,NB,PropFalse,0,260,260,55,NA,NA,NA,NA,NA,0.00191480002831667,1045.7272202000022,1046.1112766000442,1046.2112693000818,1048.2112938000355,1048.6112143000355,1048.713377200067,1048.713377200067,b,1,0.661766599980183,1049.3944245000605,1049.3944245000605,1049.3944245000605,1049.3944245000605,NA,NA,NA,NA,NA,NA,039,001,2024-10-28_11h27.06.747,PsychoPy Exp,2023.1.2,60.02718029058118
Belief,FALSE,TB-K,TT_NB,PsychoPyStudy2Stim/TT_NB_1.png,Adam THINKS there are ZERO cubes,0,h,b,2,0,2,2,0,2,0,0,0,NB,PropFalse,0,261,261,174,NA,NA,NA,NA,NA,5.3580000530928e-4,1049.4646190999774,1049.8444739000406,1049.9446021000622,1051.9444985000882,1052.3446007000748,1052.4467207000123,1052.4467207000123,b,1,0.5368087999522686,1053.0111953000303,1053.0111953000303,1053.0111953000303,1053.0111953000303,NA,NA,NA,NA,NA,NA,039,001,2024-10-28_11h27.06.747,PsychoPy Exp,2023.1.2,60.02718029058118
Belief,TRUE,TB-K-B,TT_B,PsychoPyStudy2Stim/TT_B_12.png,Adam THINKS there are TWO cubes,2,b,h,2,0,2,2,0,2,0,0,0,B,-,0,262,262,145,NA,NA,NA,NA,NA,0.00194690003991127,1053.0950662000105,1053.477824400063,1053.5779206000734,1055.5779005000368,1055.9778691000538,1056.0801104999846,1056.0801104999846,h,1,0.4316644000355154,1056.5278454000363,1056.5278454000363,1056.5278454000363,1056.5278454000363,NA,NA,NA,NA,NA,NA,039,001,2024-10-28_11h27.06.747,PsychoPy Exp,2023.1.2,60.02718029058118
Reality,TRUE,TB-K,D_NB,PsychoPyStudy2Stim/D_NB_1.png,"In REALITY, there are ZERO cubes",0,b,h,1,1,0,1,1,0,0,0,0,NB,-,0,263,263,0,NA,NA,NA,NA,NA,0.00208850007038563,1056.6125257000094,1056.994439000031,1057.0945926000131,1059.094595200033,1059.4946103000548,1059.5967481000116,1059.5967481000116,h,1,0.722686699940823,1060.3445335000288,1060.3445335000288,1060.3445335000288,1060.3445335000288,NA,NA,NA,NA,NA,NA,039,001,2024-10-28_11h27.06.747,PsychoPy Exp,2023.1.2,60.02718029058118
Reality,TRUE,TB-K,TT_NB,PsychoPyStudy2Stim/TT_NB_4.png,"In REALITY, there are TWO cubes",2,b,h,2,0,2,2,0,2,0,0,0,NB,-,0,264,264,15,NA,NA,NA,NA,NA,0.00194909994024783,1060.430454700021,1060.8111640000716,1060.9112737000687,1062.9112271000631,1063.3112095000688,1063.4133458000142,1063.4133458000142,h,1,0.4825575998984277,1063.910973799997,1063.910973799997,1063.910973799997,1063.910973799997,NA,NA,NA,NA,NA,NA,039,001,2024-10-28_11h27.06.747,PsychoPy Exp,2023.1.2,60.02718029058118
Belief,TRUE,TB-K,TT_NB,PsychoPyStudy2Stim/TT_NB_6.png,Adam THINKS there are TWO cubes,2,b,h,2,0,2,2,0,2,0,0,0,NB,-,0,265,265,125,NA,NA,NA,NA,NA,0.00180650001857429,1063.979461600073,1064.3611761999782,1064.4613022999838,1066.461249300046,1066.8611896000805,1066.963382099988,1066.963382099988,h,1,0.5962056999560446,1067.5778305000858,1067.5778305000858,1067.5778305000858,1067.5778305000858,NA,NA,NA,NA,NA,NA,039,001,2024-10-28_11h27.06.747,PsychoPy Exp,2023.1.2,60.02718029058118
Belief,FALSE,FB-Ig,T_B_T,PsychoPyStudy2Stim/T_B_T_6.png,Adam THINKS there are TWO cubes,2,h,b,2,0,2,1,0,1,1,0,1,B,PropTrueNoBelief,0,266,266,205,NA,NA,NA,NA,NA,0.00217530003283172,1067.647679900052,1068.0277408000547,1068.1279498999938,1070.127884900081,1070.527806200087,1070.6300018000184,1070.6300018000184,h,0,0.8251871999818832,1071.4778187000193,1071.4778187000193,1071.4778187000193,1071.4778187000193,NA,NA,NA,NA,NA,NA,039,001,2024-10-28_11h27.06.747,PsychoPy Exp,2023.1.2,60.02718029058118
Reality,TRUE,FB-Ig,T_B_T,PsychoPyStudy2Stim/T_B_T_5.png,"In REALITY, there are TWO cubes",2,b,h,2,0,2,1,0,1,1,0,1,B,-,0,267,267,48,NA,NA,NA,NA,NA,0.00131079996936023,1071.550328399986,1071.9277845000615,1072.027882500086,1074.0278573000105,1074.4278701000148,1074.5301503000082,1074.5301503000082,h,1,0.4929071000078693,1075.044197899988,1075.044197899988,1075.044197899988,1075.044197899988,NA,NA,NA,NA,NA,NA,039,001,2024-10-28_11h27.06.747,PsychoPy Exp,2023.1.2,60.02718029058118
Belief,FALSE,FB-Ig,T_B_T,PsychoPyStudy2Stim/T_B_T_5.png,Adam THINKS there are TWO cubes,2,h,b,2,0,2,1,0,1,1,0,1,B,PropTrueNoBelief,0,268,268,204,NA,NA,NA,NA,NA,4.7949992585927e-4,1075.1182719999924,1075.4944549000356,1075.5946042999858,1077.594405299984,1077.994524999987,1078.096683199983,1078.096683199983,b,1,0.5104040999431163,1078.6276126999874,1078.6276126999874,1078.6276126999874,1078.6276126999874,NA,NA,NA,NA,NA,NA,039,001,2024-10-28_11h27.06.747,PsychoPy Exp,2023.1.2,60.02718029058118
Knowledge,FALSE,FB-Ig,T_B_T,PsychoPyStudy2Stim/T_B_T_2.png,Adam KNOWS there is ONE cube,1,h,b,2,0,2,1,0,1,1,0,1,B,PropFalse,0,269,269,301,NA,NA,NA,NA,NA,6.8239995744079e-4,1078.7178661000216,1079.0944065999938,1079.1945139999734,1081.1943972000154,1081.5944996000037,1081.6966298000189,1081.6966298000189,b,1,1.0384538000216708,1082.7609517000385,1082.7609517000385,1082.7609517000385,1082.7609517000385,NA,NA,NA,NA,NA,NA,039,001,2024-10-28_11h27.06.747,PsychoPy Exp,2023.1.2,60.02718029058118
Reality,FALSE,TB-K-B,TD_B,PsychoPyStudy2Stim/TD_B_4.png,"In REALITY, there are ZERO cubes",0,h,b,2,1,1,2,1,1,0,0,0,B,PropFalse,0,270,270,87,NA,NA,NA,NA,NA,5.3339998703449e-4,1082.8385984000051,1083.2110373000614,1083.3110650000162,1085.3111390999984,1085.7111683000112,1085.8132517000197,1085.8132517000197,b,1,0.7941736999200657,1086.6277557000285,1086.6277557000285,1086.6277557000285,1086.6277557000285,NA,NA,NA,NA,NA,NA,039,001,2024-10-28_11h27.06.747,PsychoPy Exp,2023.1.2,60.02718029058118
Belief,FALSE,FB-Ig,T_B_T,PsychoPyStudy2Stim/T_B_T_1.png,Adam THINKS there are TWO cubes,2,h,b,2,0,2,1,0,1,1,0,1,B,PropTrueNoBelief,0,271,271,200,NA,NA,NA,NA,NA,0.00195649999659508,1086.7188230999743,1087.0943938000128,1087.1945175,1089.1945766999852,1089.594471700024,1089.6966113999952,1089.6966113999952,b,1,0.6227630999637768,1090.344429800054,1090.344429800054,1090.344429800054,1090.344429800054,NA,NA,NA,NA,NA,NA,039,001,2024-10-28_11h27.06.747,PsychoPy Exp,2023.1.2,60.02718029058118
Reality,TRUE,TB-K-B,TD_B,PsychoPyStudy2Stim/TD_B_2.png,"In REALITY, there is ONE cube",1,b,h,2,1,1,2,1,1,0,0,0,B,-,0,272,272,31,NA,NA,NA,NA,NA,0.00198719999752938,1090.4276613000548,1090.8111457000489,1090.9111157000298,1092.9110488999868,1093.3111189000774,1093.4132735000458,1093.4132735000458,h,1,0.5060730000259355,1093.9444103999997,1093.9444103999997,1093.9444103999997,1093.9444103999997,NA,NA,NA,NA,NA,NA,039,001,2024-10-28_11h27.06.747,PsychoPy Exp,2023.1.2,60.02718029058118
Reality,FALSE,TB-K,TT_NB,PsychoPyStudy2Stim/TT_NB_3.png,"In REALITY, there are ZERO cubes",0,h,b,2,0,2,2,0,2,0,0,0,NB,PropFalse,0,273,273,68,NA,NA,NA,NA,NA,0.00178900000173598,1094.0313146000262,1094.4109959000489,1094.511170300073,1096.511191700003,1096.9111466000322,1097.0132756000385,1097.0132756000385,b,1,0.5781247999984771,1097.6110681000864,1097.6110681000864,1097.6110681000864,1097.6110681000864,NA,NA,NA,NA,NA,NA,039,001,2024-10-28_11h27.06.747,PsychoPy Exp,2023.1.2,60.02718029058118
Knowledge,TRUE,TB-K-B,TD_B,PsychoPyStudy2Stim/TD_B_4.png,Adam KNOWS there is ONE cube,1,b,h,2,1,1,2,1,1,0,0,0,B,-,0,274,274,261,NA,NA,NA,NA,NA,0.00165579991880804,1097.699929800001,1098.0776747000637,1098.1777823000448,1100.177829500055,1100.5776211000048,1100.6799747999758,1100.6799747999758,h,1,0.6710538000334054,1101.377709100023,1101.377709100023,1101.377709100023,1101.377709100023,NA,NA,NA,NA,NA,NA,039,001,2024-10-28_11h27.06.747,PsychoPy Exp,2023.1.2,60.02718029058118
Knowledge,FALSE,TB-K,TT_NB,PsychoPyStudy2Stim/TT_NB_6.png,Adam KNOWS there is ONE cube,1,h,b,2,0,2,2,0,2,0,0,0,NB,PropFalse,0,275,275,287,NA,NA,NA,NA,NA,8.6300005204975e-4,1101.466151200002,1101.8442992999917,1101.944449100061,1103.9444282000186,1104.3443072000518,1104.4465866000392,1104.4465866000392,b,1,0.6727562999585643,1105.1444411000705,1105.1444411000705,1105.1444411000705,1105.1444411000705,NA,NA,NA,NA,NA,NA,039,001,2024-10-28_11h27.06.747,PsychoPy Exp,2023.1.2,60.02718029058118
Knowledge,FALSE,FB-Ig,D_B_T,PsychoPyStudy2Stim/D_B_T_3.png,Adam KNOWS there are ZERO cubes,0,h,b,2,1,1,1,1,0,1,0,1,B,PropFalse,0,276,276,323,NA,NA,NA,NA,NA,0.00163890002295374,1105.2342793000862,1105.6110077999765,1105.7111240000231,1107.7111366000026,1108.1110089999856,1108.2132298999932,1108.2132298999932,b,1,0.5542654000455514,1108.794413700001,1108.794413700001,1108.794413700001,1108.794413700001,NA,NA,NA,NA,NA,NA,039,001,2024-10-28_11h27.06.747,PsychoPy Exp,2023.1.2,60.02718029058118
Knowledge,TRUE,TB-K-B,DD_B,PsychoPyStudy2Stim/DD_B_11.png,Adam KNOWS there are ZERO cubes,0,b,h,2,2,0,2,2,0,0,0,0,B,-,0,277,277,244,NA,NA,NA,NA,NA,0.00166149996221065,1108.8787388000635,1109.260968000046,1109.3607986000134,1111.36109520006,1111.7611625000136,1111.8632176000392,1111.8632176000392,h,1,0.6806078000226989,1112.5609646000669,1112.5609646000669,1112.5609646000669,1112.5609646000669,NA,NA,NA,NA,NA,NA,039,001,2024-10-28_11h27.06.747,PsychoPy Exp,2023.1.2,60.02718029058118
Belief,TRUE,TB-K,D_NB,PsychoPyStudy2Stim/D_NB_1.png,Adam THINKS there are ZERO cubes,0,b,h,1,1,0,1,1,0,0,0,0,NB,-,0,278,278,108,NA,NA,NA,NA,NA,0.00147140002809464,1112.6305700000376,1113.0107494000113,1113.1111500000115,1115.111127500073,1115.5109192000236,1115.613208600087,1115.613208600087,h,1,0.5780808000126854,1116.2110256000888,1116.2110256000888,1116.2110256000888,1116.2110256000888,NA,NA,NA,NA,NA,NA,039,001,2024-10-28_11h27.06.747,PsychoPy Exp,2023.1.2,60.02718029058118
Knowledge,TRUE,TB-K-B,TD_B,PsychoPyStudy2Stim/TD_B_7.png,Adam KNOWS there is ONE cube,1,b,h,2,1,1,2,1,1,0,0,0,B,-,0,279,279,264,NA,NA,NA,NA,NA,0.00165549991652369,1116.298879900016,1116.6775680000428,1116.7777290000813,1118.7775089000352,1119.1777885999763,1119.279882300063,1119.279882300063,h,1,0.6480383999878541,1119.9443681000266,1119.9443681000266,1119.9443681000266,1119.9443681000266,NA,NA,NA,NA,NA,NA,039,001,2024-10-28_11h27.06.747,PsychoPy Exp,2023.1.2,60.02718029058118
Reality,TRUE,FB-Ig,T_B_T,PsychoPyStudy2Stim/T_B_T_1.png,"In REALITY, there are TWO cubes",2,b,h,2,0,2,1,0,1,1,0,1,B,-,0,280,280,44,NA,NA,NA,NA,NA,0.001899000024423,1120.0334217000054,1120.410922100069,1120.5110394000076,1122.5108085999964,1122.9108907000627,1123.0130450000288,1123.0130450000288,h,1,0.5382809999864548,1123.5777084000874,1123.5777084000874,1123.5777084000874,1123.5777084000874,NA,NA,NA,NA,NA,NA,039,001,2024-10-28_11h27.06.747,PsychoPy Exp,2023.1.2,60.02718029058118
Belief,FALSE,TB-K,DD_NB,PsychoPyStudy2Stim/DD_NB_2.png,Adam THINKS there are TWO cubes,2,h,b,2,2,0,2,2,0,0,0,0,NB,PropFalse,0,281,281,169,NA,NA,NA,NA,NA,0.00165230000857263,1123.6671534000195,1124.044242899981,1124.1442471999908,1126.1444894000888,1126.544188000029,1126.6466262000613,1126.6466262000613,b,1,0.6164009000640363,1127.2941139000468,1127.2941139000468,1127.2941139000468,1127.2941139000468,NA,NA,NA,NA,NA,NA,039,001,2024-10-28_11h27.06.747,PsychoPy Exp,2023.1.2,60.02718029058118
Knowledge,FALSE,TB-K,TT_NB,PsychoPyStudy2Stim/TT_NB_1.png,Adam KNOWS there are ZERO cubes,0,h,b,2,0,2,2,0,2,0,0,0,NB,PropFalse,0,282,282,282,NA,NA,NA,NA,NA,0.00168679992202669,1127.36073830002,1127.7442718000384,1127.8444002000615,1129.8442686999915,1130.244252900011,1130.3465214000316,1130.3465214000316,b,1,0.7972298000240698,1131.160878600087,1131.160878600087,1131.160878600087,1131.160878600087,NA,NA,NA,NA,NA,NA,039,001,2024-10-28_11h27.06.747,PsychoPy Exp,2023.1.2,60.02718029058118
Knowledge,TRUE,TB-K,TT_NB,PsychoPyStudy2Stim/TT_NB_2.png,Adam KNOWS there are TWO cubes,2,b,h,2,0,2,2,0,2,0,0,0,NB,-,0,283,283,229,NA,NA,NA,NA,NA,0.00147270003799349,1131.2493749000132,1131.627398599987,1131.7275787000544,1133.7277622000547,1134.127683800063,1134.2298284000717,1134.2298284000717,h,1,0.5694703999906778,1134.8273410000838,1134.8273410000838,1134.8273410000838,1134.8273410000838,NA,NA,NA,NA,NA,NA,039,001,2024-10-28_11h27.06.747,PsychoPy Exp,2023.1.2,60.02718029058118
Belief,FALSE,TB-K-B,TT_B,PsychoPyStudy2Stim/TT_B_12.png,Adam THINKS there are ZERO cubes,0,h,b,2,0,2,2,0,2,0,0,0,B,PropFalse,0,284,284,199,NA,NA,NA,NA,NA,3.7869997322559e-4,1134.8966305999784,1135.2775829000166,1135.3777106000343,1137.3776898999931,1137.7776660000673,1137.879850700032,1137.879850700032,b,1,0.7274075000314042,1138.627622900065,1138.627622900065,1138.627622900065,1138.627622900065,NA,NA,NA,NA,NA,NA,039,001,2024-10-28_11h27.06.747,PsychoPy Exp,2023.1.2,60.02718029058118
Belief,TRUE,TB-K,T_NB,PsychoPyStudy2Stim/T_NB_3.png,Adam THINKS there is ONE cube,1,b,h,1,0,1,1,0,1,0,0,0,NB,-,0,285,285,113,NA,NA,NA,NA,NA,0.00190480006858706,1138.712235199986,1139.0942068999866,1139.1943461999765,1141.1942091999808,1141.5941552000586,1141.6964283999987,1141.6964283999987,h,1,0.5428166999481618,1142.2609372000445,1142.2609372000445,1142.2609372000445,1142.2609372000445,NA,NA,NA,NA,NA,NA,039,001,2024-10-28_11h27.06.747,PsychoPy Exp,2023.1.2,60.02718029058118
Knowledge,FALSE,FB-Ig,T_B_T,PsychoPyStudy2Stim/T_B_T_2.png,Adam KNOWS there are TWO cubes,2,h,b,2,0,2,1,0,1,1,0,1,B,PropTrueNoKnowledge,0,286,286,307,NA,NA,NA,NA,NA,0.00178430008236318,1142.348271300085,1142.7275359000778,1142.8277011000318,1144.8277420999948,1145.2275513000786,1145.3296764000552,1145.3296764000552,b,1,0.5981424000347033,1145.9443050000118,1145.9443050000118,1145.9443050000118,1145.9443050000118,NA,NA,NA,NA,NA,NA,039,001,2024-10-28_11h27.06.747,PsychoPy Exp,2023.1.2,60.02718029058118
Knowledge,FALSE,FB-Ig,T_B_T,PsychoPyStudy2Stim/T_B_T_5.png,Adam KNOWS there is ONE cube,1,h,b,2,0,2,1,0,1,1,0,1,B,PropFalse,0,287,287,304,NA,NA,NA,NA,NA,0.00193449994549155,1146.0392624000087,1146.4108645999804,1146.5109801000217,1148.5107492000095,1148.9108738000505,1149.0131243000503,1149.0131243000503,b,1,0.4667302001034841,1149.5106918000383,1149.5106918000383,1149.5106918000383,1149.5106918000383,NA,NA,NA,NA,NA,NA,039,001,2024-10-28_11h27.06.747,PsychoPy Exp,2023.1.2,60.02718029058118
Reality,FALSE,TB-Ig,D_B_D,PsychoPyStudy2Stim/D_B_D_2.png,"In REALITY, there are TWO cubes",2,h,b,2,2,0,1,1,0,1,1,0,B,PropFalse,0,288,288,77,NA,NA,NA,NA,NA,4.0609994903206e-4,1149.5855051000835,1149.9608241000678,1150.0609235999873,1152.0608574000653,1152.4609928000718,1152.5631626000395,1152.5631626000395,b,1,0.5396333000389859,1153.127374600037,1153.127374600037,1153.127374600037,1153.127374600037,NA,NA,NA,NA,NA,NA,039,001,2024-10-28_11h27.06.747,PsychoPy Exp,2023.1.2,60.02718029058118
Reality,FALSE,TB-K,T_NB,PsychoPyStudy2Stim/T_NB_3.png,"In REALITY, there are TWO cubes",2,h,b,1,0,1,1,0,1,0,0,0,NB,PropFalse,0,289,289,59,NA,NA,NA,NA,NA,5.256999284029e-4,1153.203155299998,1153.577308200067,1153.6776287000391,1155.677505300031,1156.0773158000084,1156.1798145000355,1156.1798145000355,b,1,0.6512289999518543,1156.8607546000276,1156.8607546000276,1156.8607546000276,1156.8607546000276,NA,NA,NA,NA,NA,NA,039,001,2024-10-28_11h27.06.747,PsychoPy Exp,2023.1.2,60.02718029058118
Belief,TRUE,TB-K-B,TT_B,PsychoPyStudy2Stim/TT_B_3.png,Adam THINKS there are TWO cubes,2,b,h,2,0,2,2,0,2,0,0,0,B,-,0,290,290,136,NA,NA,NA,NA,NA,8.5809989832341e-4,1156.9493280000752,1157.3274840000086,1157.4276507999748,1159.4274556000018,1159.827505900059,1159.929662300041,1159.929662300041,h,1,0.6611847999738529,1160.6107447000686,1160.6107447000686,1160.6107447000686,1160.6107447000686,NA,NA,NA,NA,NA,NA,039,001,2024-10-28_11h27.06.747,PsychoPy Exp,2023.1.2,60.02718029058118
Reality,TRUE,TB-K,DD_NB,PsychoPyStudy2Stim/DD_NB_3.png,"In REALITY, there are ZERO cubes",0,b,h,2,2,0,2,2,0,0,0,0,NB,-,0,291,291,8,NA,NA,NA,NA,NA,6.5529998391866e-4,1160.6938445999986,1161.0777424999978,1161.1776129000357,1163.1776265000226,1163.5774860000238,1163.679893100052,1163.679893100052,h,1,0.9352518999949098,1164.6441505000694,1164.6441505000694,1164.6441505000694,1164.6441505000694,NA,NA,NA,NA,NA,NA,039,001,2024-10-28_11h27.06.747,PsychoPy Exp,2023.1.2,60.02718029058118
Reality,FALSE,TB-K-B,DD_B,PsychoPyStudy2Stim/DD_B_15.png,"In REALITY, there are TWO cubes",2,h,b,2,2,0,2,2,0,0,0,0,B,PropFalse,0,292,292,82,NA,NA,NA,NA,NA,0.00164500006940215,1164.7366009000689,1165.1105218000012,1165.2109205999875,1167.210984300007,1167.6109817000106,1167.7130286999743,1167.7130286999743,h,0,0.6620767000131309,1168.3942255000584,1168.3942255000584,1168.3942255000584,1168.3942255000584,NA,NA,NA,NA,NA,NA,039,001,2024-10-28_11h27.06.747,PsychoPy Exp,2023.1.2,60.02718029058118
Belief,TRUE,FB-Ig,T_B_T,PsychoPyStudy2Stim/T_B_T_5.png,Adam THINKS there is ONE cube,1,b,h,2,0,2,1,0,1,1,0,1,B,-,0,293,293,150,NA,NA,NA,NA,NA,0.00167969998437911,1168.4664487000557,1168.8441940000048,1168.944148899987,1170.944239399978,1171.3441478000022,1171.4462873000884,1171.4462873000884,h,1,0.872803800040856,1172.3439528000308,1172.3439528000308,1172.3439528000308,1172.3439528000308,NA,NA,NA,NA,NA,NA,039,001,2024-10-28_11h27.06.747,PsychoPy Exp,2023.1.2,60.02718029058118
Belief,FALSE,TB-K,TD_NB,PsychoPyStudy2Stim/TD_NB_2.png,Adam THINKS there are ZERO cubes,0,h,b,2,1,1,2,1,1,0,0,0,NB,PropFalse,0,294,294,172,NA,NA,NA,NA,NA,0.00172159995418041,1172.4118022000184,1172.7940860000672,1172.894045800087,1174.894100500038,1175.2941670999862,1175.3965329000494,1175.3965329000494,b,1,0.690571799990721,1176.1107853000285,1176.1107853000285,1176.1107853000285,1176.1107853000285,NA,NA,NA,NA,NA,NA,039,001,2024-10-28_11h27.06.747,PsychoPy Exp,2023.1.2,60.02718029058118
Knowledge,FALSE,TB-K,T_NB,PsychoPyStudy2Stim/T_NB_2.png,Adam KNOWS there are TWO cubes,2,h,b,1,0,1,1,0,1,0,0,0,NB,PropFalse,0,295,295,274,NA,NA,NA,NA,NA,0.00169419997837394,1176.204520600033,1176.5774495999794,1176.6775676000398,1178.677366900025,1179.077427100041,1179.179807699984,1179.179807699984,b,1,0.4593040000181645,1179.6605028000197,1179.6605028000197,1179.6605028000197,1179.6605028000197,NA,NA,NA,NA,NA,NA,039,001,2024-10-28_11h27.06.747,PsychoPy Exp,2023.1.2,60.02718029058118
Reality,FALSE,TB-K,TD_NB,PsychoPyStudy2Stim/TD_NB_2.png,"In REALITY, there are ZERO cubes",0,h,b,2,1,1,2,1,1,0,0,0,NB,PropFalse,0,296,296,64,NA,NA,NA,NA,NA,6.5649999305605e-4,1179.7272626999766,1180.1105611000676,1180.210744700045,1182.2107965999749,1182.6108499000547,1182.7130109000718,1182.7130109000718,b,1,0.6220138999633491,1183.3607108000433,1183.3607108000433,1183.3607108000433,1183.3607108000433,NA,NA,NA,NA,NA,NA,039,001,2024-10-28_11h27.06.747,PsychoPy Exp,2023.1.2,60.02718029058118
Reality,FALSE,TB-K,T_NB,PsychoPyStudy2Stim/T_NB_2.png,"In REALITY, there are TWO cubes",2,h,b,1,0,1,1,0,1,0,0,0,NB,PropFalse,0,297,297,58,NA,NA,NA,NA,NA,0.0014711000258103,1183.4448565000205,1183.8274276000448,1183.927539300057,1185.927548800013,1186.327601200086,1186.429645400029,1186.429645400029,b,1,0.7372843000339344,1187.1941099000396,1187.1941099000396,1187.1941099000396,1187.1941099000396,NA,NA,NA,NA,NA,NA,039,001,2024-10-28_11h27.06.747,PsychoPy Exp,2023.1.2,60.02718029058118
Belief,FALSE,TB-K,TT_NB,PsychoPyStudy2Stim/TT_NB_5.png,Adam THINKS there is ONE cube,1,h,b,2,0,2,2,0,2,0,0,0,NB,PropFalse,0,298,298,178,NA,NA,NA,NA,NA,0.00123169994913041,1187.2662125000495,1187.644099200028,1187.7441647000378,1189.7442547000246,1190.1441674000816,1190.2465306000086,1190.2465306000086,b,1,0.5202383999712765,1190.794050000026,1190.794050000026,1190.794050000026,1190.794050000026,NA,NA,NA,NA,NA,NA,039,001,2024-10-28_11h27.06.747,PsychoPy Exp,2023.1.2,60.02718029058118
Reality,TRUE,FB-Ig,T_B_T,PsychoPyStudy2Stim/T_B_T_2.png,"In REALITY, there are TWO cubes",2,b,h,2,0,2,1,0,1,1,0,1,B,-,0,299,299,39,NA,NA,NA,NA,NA,0.00126599997747689,1190.9014181999955,1191.2773845000193,1191.377526700031,1193.3773681999885,1193.7774568999885,1193.8796892000828,1193.8796892000828,h,1,0.5269512999802828,1194.427131799981,1194.427131799981,1194.427131799981,1194.427131799981,NA,NA,NA,NA,NA,NA,039,001,2024-10-28_11h27.06.747,PsychoPy Exp,2023.1.2,60.02718029058118
Knowledge,TRUE,TB-K-B,TD_B,PsychoPyStudy2Stim/TD_B_2.png,Adam KNOWS there is ONE cube,1,b,h,2,1,1,2,1,1,0,0,0,B,-,0,300,300,259,NA,NA,NA,NA,NA,5.1090004853904e-4,1194.5067863999866,1194.8774075000547,1194.9775170000505,1196.9774452000856,1197.3773880000226,1197.479625100037,1197.479625100037,h,1,0.6950905000558123,1198.1938837000637,1198.1938837000637,1198.1938837000637,1198.1938837000637,NA,NA,NA,NA,NA,NA,039,001,2024-10-28_11h27.06.747,PsychoPy Exp,2023.1.2,60.02718029058118
Knowledge,FALSE,FB-Ig,T_B_T,PsychoPyStudy2Stim/T_B_T_4.png,Adam KNOWS there are TWO cubes,2,h,b,2,0,2,1,0,1,1,0,1,B,PropTrueNoKnowledge,0,301,301,315,NA,NA,NA,NA,NA,7.8949995804578e-4,1198.276355799986,1198.6607033000328,1198.760823699995,1200.760885399999,1201.1608100000303,1201.2629121000646,1201.2629121000646,b,1,1.255741500062868,1202.543883400038,1202.543883400038,1202.543883400038,1202.543883400038,NA,NA,NA,NA,NA,NA,039,001,2024-10-28_11h27.06.747,PsychoPy Exp,2023.1.2,60.02718029058118
Knowledge,TRUE,TB-K-B,TD_B,PsychoPyStudy2Stim/TD_B_6.png,Adam KNOWS there is ONE cube,1,b,h,2,1,1,2,1,1,0,0,0,B,-,0,302,302,263,NA,NA,NA,NA,NA,4.9539993051439e-4,1202.6275845000057,1203.01078770007,1203.110831800033,1205.110674099997,1205.5107507000212,1205.612983900006,1205.612983900006,h,1,0.4737147999694571,1206.110515300068,1206.110515300068,1206.110515300068,1206.110515300068,NA,NA,NA,NA,NA,NA,039,001,2024-10-28_11h27.06.747,PsychoPy Exp,2023.1.2,60.02718029058118
Belief,TRUE,TB-Ig,D_B_D,PsychoPyStudy2Stim/D_B_D_3.png,Adam THINKS there are ZERO cubes,0,b,h,2,2,0,1,1,0,1,1,0,B,-,0,303,303,132,NA,NA,NA,NA,NA,5.1879999227821e-4,1206.193492499995,1206.5774294000585,1206.677469599992,1208.677450400079,1209.0775072000688,1209.1796177000506,1209.1796177000506,h,1,0.707420099992305,1209.9107230000664,1209.9107230000664,1209.9107230000664,1209.9107230000664,NA,NA,NA,NA,NA,NA,039,001,2024-10-28_11h27.06.747,PsychoPy Exp,2023.1.2,60.02718029058118
Reality,FALSE,FB-Ig,T_B_T,PsychoPyStudy2Stim/T_B_T_2.png,"In REALITY, there is ONE cube",1,h,b,2,0,2,1,0,1,1,0,1,B,PropFalse,0,304,304,99,NA,NA,NA,NA,NA,0.00222379993647336,1210.000773900072,1210.3773462000536,1210.4773401999846,1212.4772318999749,1212.8774218000472,1212.9795504000504,1212.9795504000504,b,1,0.6510635000886396,1213.6606033000862,1213.6606033000862,1213.6606033000862,1213.6606033000862,NA,NA,NA,NA,NA,NA,039,001,2024-10-28_11h27.06.747,PsychoPy Exp,2023.1.2,60.02718029058118
Reality,FALSE,TB-K,TT_NB,PsychoPyStudy2Stim/TT_NB_6.png,"In REALITY, there is ONE cube",1,h,b,2,0,2,2,0,2,0,0,0,NB,PropFalse,0,305,305,71,NA,NA,NA,NA,NA,8.1420002970844e-4,1213.7367574999807,1214.110634800047,1214.2107725000242,1216.210741100018,1216.610808999976,1216.7129069999792,1216.7129069999792,b,1,0.582531200023368,1217.3107152000302,1217.3107152000302,1217.3107152000302,1217.3107152000302,NA,NA,NA,NA,NA,NA,039,001,2024-10-28_11h27.06.747,PsychoPy Exp,2023.1.2,60.02718029058118
Reality,FALSE,FB-Ig,D_B_T,PsychoPyStudy2Stim/D_B_T_3.png,"In REALITY, there are ZERO cubes",0,h,b,2,1,1,1,1,0,1,0,1,B,PropFalse,0,306,306,106,NA,NA,NA,NA,NA,0.0019030999392271,1217.3977044000058,1217.7773037999868,1217.877474399982,1219.8774523000466,1220.2774074000772,1220.3794738000724,1220.3794738000724,b,1,0.6515507000731304,1221.0606976000126,1221.0606976000126,1221.0606976000126,1221.0606976000126,NA,NA,NA,NA,NA,NA,039,001,2024-10-28_11h27.06.747,PsychoPy Exp,2023.1.2,60.02718029058118
Belief,TRUE,FB-Ig,D_B_T,PsychoPyStudy2Stim/D_B_T_4.png,Adam THINKS there are ZERO cubes,0,b,h,2,1,1,1,1,0,1,0,1,B,-,0,307,307,161,NA,NA,NA,NA,NA,0.00193619995843619,1221.1484598000534,1221.5273023999762,1221.6273986999877,1223.6274599999888,1224.0273372000083,1224.129637100035,1224.129637100035,h,1,0.5013321998994797,1224.66045830003,1224.66045830003,1224.66045830003,1224.66045830003,NA,NA,NA,NA,NA,NA,039,001,2024-10-28_11h27.06.747,PsychoPy Exp,2023.1.2,60.02718029058118
Knowledge,TRUE,TB-K-B,TD_B,PsychoPyStudy2Stim/TD_B_1.png,Adam KNOWS there is ONE cube,1,b,h,2,1,1,2,1,1,0,0,0,B,-,0,308,308,258,NA,NA,NA,NA,NA,4.4750003144145e-4,1224.7383676000172,1225.1106325000292,1225.2107729000272,1227.210611800081,1227.6106648000423,1227.712823000038,1227.712823000038,h,1,0.654093399993144,1228.3937369000632,1228.3937369000632,1228.3937369000632,1228.3937369000632,NA,NA,NA,NA,NA,NA,039,001,2024-10-28_11h27.06.747,PsychoPy Exp,2023.1.2,60.02718029058118
Belief,TRUE,TB-K-B,TT_B,PsychoPyStudy2Stim/TT_B_1.png,Adam THINKS there are TWO cubes,2,b,h,2,0,2,2,0,2,0,0,0,B,-,0,309,309,134,NA,NA,NA,NA,NA,3.7929997779428e-4,1228.4704715000698,1228.8439605999738,1228.9441030999878,1230.9440943000372,1231.3439657000126,1231.4461579000344,1231.4461579000344,h,1,0.6814637999050319,1232.1440073000267,1232.1440073000267,1232.1440073000267,1232.1440073000267,NA,NA,NA,NA,NA,NA,039,001,2024-10-28_11h27.06.747,PsychoPy Exp,2023.1.2,60.02718029058118
Knowledge,TRUE,TB-K-B,DD_B,PsychoPyStudy2Stim/DD_B_4.png,Adam KNOWS there are ZERO cubes,0,b,h,2,2,0,2,2,0,0,0,0,B,-,0,310,310,237,NA,NA,NA,NA,NA,0.00169589999131858,1232.236197900027,1232.6106076000724,1232.7107342000818,1234.7107621000614,1235.1106919000158,1235.2129249999998,1235.2129249999998,h,1,0.4500826000003144,1235.6939608000685,1235.6939608000685,1235.6939608000685,1235.6939608000685,NA,NA,NA,NA,NA,NA,039,001,2024-10-28_11h27.06.747,PsychoPy Exp,2023.1.2,60.02718029058118
Belief,FALSE,FB-Ig,T_B_T,PsychoPyStudy2Stim/T_B_T_3.png,Adam THINKS there are TWO cubes,2,h,b,2,0,2,1,0,1,1,0,1,B,PropTrueNoBelief,0,311,311,202,NA,NA,NA,NA,NA,0.00172219995874911,1235.781414300087,1236.1604615000542,1236.260726100067,1238.2607788000023,1238.6606612000614,1238.7629730000626,1238.7629730000626,b,1,0.6437555000884458,1239.4272445000242,1239.4272445000242,1239.4272445000242,1239.4272445000242,NA,NA,NA,NA,NA,NA,039,001,2024-10-28_11h27.06.747,PsychoPy Exp,2023.1.2,60.02718029058118
Knowledge,FALSE,TB-K,TD_NB,PsychoPyStudy2Stim/TD_NB_2.png,Adam KNOWS there are ZERO cubes,0,h,b,2,1,1,2,1,1,0,0,0,NB,PropFalse,0,312,312,280,NA,NA,NA,NA,NA,0.00115599995478987,1239.513261700049,1239.8941195000662,1239.9940663999878,1241.993979300023,1242.3940516000148,1242.4961489000125,1242.4961489000125,b,1,0.8471659999340773,1243.360502100084,1243.360502100084,1243.360502100084,1243.360502100084,NA,NA,NA,NA,NA,NA,039,001,2024-10-28_11h27.06.747,PsychoPy Exp,2023.1.2,60.02718029058118
Knowledge,FALSE,FB-Ig,D_B_T,PsychoPyStudy2Stim/D_B_T_1.png,Adam KNOWS there are ZERO cubes,0,h,b,2,1,1,1,1,0,1,0,1,B,PropFalse,0,313,313,322,NA,NA,NA,NA,NA,7.5229990761727e-4,1243.4374642000766,1243.8105675000695,1243.910664999974,1245.9105385000585,1246.310764200054,1246.412828200031,1246.412828200031,b,1,0.5220590000972152,1246.9605854999973,1246.9605854999973,1246.9605854999973,1246.9605854999973,NA,NA,NA,NA,NA,NA,039,001,2024-10-28_11h27.06.747,PsychoPy Exp,2023.1.2,60.02718029058118
Knowledge,FALSE,TB-K,T_NB,PsychoPyStudy2Stim/T_NB_3.png,Adam KNOWS there are TWO cubes,2,h,b,1,0,1,1,0,1,0,0,0,NB,PropFalse,0,314,314,275,NA,NA,NA,NA,NA,0.00167450006119906,1247.0449852000456,1247.4269739000592,1247.52716659999,1249.5272560000883,1249.9273821000245,1250.0294151999988,1250.0294151999988,b,1,0.4495953000150621,1250.510375700076,1250.510375700076,1250.510375700076,1250.510375700076,NA,NA,NA,NA,NA,NA,039,001,2024-10-28_11h27.06.747,PsychoPy Exp,2023.1.2,60.02718029058118
Knowledge,FALSE,FB-Ig,T_B_T,PsychoPyStudy2Stim/T_B_T_6.png,Adam KNOWS there are TWO cubes,2,h,b,2,0,2,1,0,1,1,0,1,B,PropTrueNoKnowledge,0,315,315,317,NA,NA,NA,NA,NA,4.8459996469318e-4,1250.5854035000084,1250.9605818000855,1251.0606470999774,1253.060493200086,1253.460556200007,1253.5627689000685,1253.5627689000685,b,1,1.187792700016871,1254.7771909000585,1254.7771909000585,1254.7771909000585,1254.7771909000585,NA,NA,NA,NA,NA,NA,039,001,2024-10-28_11h27.06.747,PsychoPy Exp,2023.1.2,60.02718029058118
Belief,FALSE,TB-K-B,TT_B,PsychoPyStudy2Stim/TT_B_3.png,Adam THINKS there are ZERO cubes,0,h,b,2,0,2,2,0,2,0,0,0,B,PropFalse,0,316,316,190,NA,NA,NA,NA,NA,6.8509997799992e-4,1254.882207400049,1255.2605331999948,1255.3607137000654,1257.3603983999928,1257.7606853999896,1257.8627422000282,1257.8627422000282,b,1,0.6719979000044987,1258.560463199974,1258.560463199974,1258.560463199974,1258.560463199974,NA,NA,NA,NA,NA,NA,039,001,2024-10-28_11h27.06.747,PsychoPy Exp,2023.1.2,60.02718029058118
Knowledge,TRUE,TB-K,DD_NB,PsychoPyStudy2Stim/DD_NB_3.png,Adam KNOWS there are ZERO cubes,0,b,h,2,2,0,2,2,0,0,0,0,NB,-,0,317,317,224,NA,NA,NA,NA,NA,0.00167300004977732,1258.6326302000089,1259.0105507000117,1259.110649600043,1261.110425800085,1261.5105042000068,1261.6126193000237,1261.6126193000237,h,1,1.0667977000121027,1262.710364800063,1262.710364800063,1262.710364800063,1262.710364800063,NA,NA,NA,NA,NA,NA,039,001,2024-10-28_11h27.06.747,PsychoPy Exp,2023.1.2,60.02718029058118
Belief,FALSE,TB-K,D_NB,PsychoPyStudy2Stim/D_NB_3.png,Adam THINKS there are TWO cubes,2,h,b,1,1,0,1,1,0,0,0,0,NB,PropFalse,0,318,318,164,NA,NA,NA,NA,NA,4.2940001003444e-4,1262.7886973000132,1263.1605137999868,1263.2606270000106,1265.260664200061,1265.6604316000594,1265.7627683000171,1265.7627683000171,b,1,0.6281154999742284,1266.4105384000577,1266.4105384000577,1266.4105384000577,1266.4105384000577,NA,NA,NA,NA,NA,NA,039,001,2024-10-28_11h27.06.747,PsychoPy Exp,2023.1.2,60.02718029058118
Belief,FALSE,TB-K-B,TT_B,PsychoPyStudy2Stim/TT_B_4.png,Adam THINKS there are ZERO cubes,0,h,b,2,0,2,2,0,2,0,0,0,B,PropFalse,0,319,319,191,NA,NA,NA,NA,NA,0.00169139995705336,1266.5025606000563,1266.8771869000047,1266.9771819000598,1268.977079299977,1269.377114700037,1269.479612700059,1269.479612700059,b,1,0.6392410000553355,1270.1438822000057,1270.1438822000057,1270.1438822000057,1270.1438822000057,NA,NA,NA,NA,NA,NA,039,001,2024-10-28_11h27.06.747,PsychoPy Exp,2023.1.2,60.02718029058118
Reality,TRUE,FB-Ig,T_B_T,PsychoPyStudy2Stim/T_B_T_6.png,"In REALITY, there are TWO cubes",2,b,h,2,0,2,1,0,1,1,0,1,B,-,0,320,320,43,NA,NA,NA,NA,NA,0.00170119991526007,1270.2383065000176,1270.6104727999773,1270.7105647000717,1272.7103020000504,1273.1102859000675,1273.2125135000097,1273.2125135000097,h,1,0.6339594000019133,1273.8768585000653,1273.8768585000653,1273.8768585000653,1273.8768585000653,NA,NA,NA,NA,NA,NA,039,001,2024-10-28_11h27.06.747,PsychoPy Exp,2023.1.2,60.02718029058118
Reality,TRUE,TB-Ig,D_B,PsychoPyStudy2Stim/D_B_1.png,"In REALITY, there are ZERO cubes",0,b,h,1,1,0,1,1,0,0,0,0,B,-,0,321,321,18,NA,NA,NA,NA,NA,3.8770004175603e-4,1273.959469699999,1274.3435175999766,1274.443646300002,1276.4436295999913,1276.843793899985,1276.9474145000568,1276.9474145000568,h,1,1.0270409000804648,1277.9935101000592,1277.9935101000592,1277.9935101000592,1277.9935101000592,NA,NA,NA,NA,NA,NA,039,001,2024-10-28_11h27.06.747,PsychoPy Exp,2023.1.2,60.02718029058118
Knowledge,FALSE,TB-K,T_NB,PsychoPyStudy2Stim/T_NB_1.png,Adam KNOWS there are ZERO cubes,0,h,b,1,0,1,1,0,1,0,0,0,NB,PropFalse,0,322,322,273,NA,NA,NA,NA,NA,3.9379997178912e-4,1278.0705376000842,1278.4435335000744,1278.5436057000188,1280.543793800054,1280.9439096000278,1281.046132700052,1281.046132700052,b,1,0.8243271000683308,1281.8935663000448,1281.8935663000448,1281.8935663000448,1281.8935663000448,NA,NA,NA,NA,NA,NA,039,001,2024-10-28_11h27.06.747,PsychoPy Exp,2023.1.2,60.02718029058118
Belief,TRUE,FB-Ig,D_B_T,PsychoPyStudy2Stim/D_B_T_2.png,Adam THINKS there are ZERO cubes,0,b,h,2,1,1,1,1,0,1,0,1,B,-,0,323,323,159,NA,NA,NA,NA,NA,5.2650005090981e-4,1281.9841667000435,1282.3604364000494,1282.4606036000189,1284.460550900083,1284.860610999982,1284.96267300006,1284.96267300006,h,1,0.7961054000770673,1285.77721249999,1285.77721249999,1285.77721249999,1285.77721249999,NA,NA,NA,NA,NA,NA,039,001,2024-10-28_11h27.06.747,PsychoPy Exp,2023.1.2,60.02718029058118
NA,NA,NA,NA,NA,NA,NA,NA,NA,NA,NA,NA,NA,NA,NA,NA,NA,NA,NA,NA,NA,NA,NA,NA,NA,NA,NA,NA,NA,NA,NA,NA,NA,NA,NA,NA,NA,NA,NA,NA,NA,NA,NA,NA,NA,NA,1285.77721249999,1286.7772867999738,space,3.5174397999653593,039,001,2024-10-28_11h27.06.747,PsychoPy Exp,2023.1.2,60.02718029058118
