Condition,TrueFalse,Scenario,StimType,Stimulus,Statement,StatementNum,CorAnsEven,CorAnsOdd,TotalObjects,TotalDistractors,TotalTargets,VisibleObjects,VisibleDistractors,VisibleTargets,HiddenObjects,HiddenDistractors,HiddenTargets,Barrier,WhyFalse,ExpTrial.thisRepN,ExpTrial.thisTrialN,ExpTrial.thisN,ExpTrial.thisIndex,ExpIntroText.started,ExpIntroPressSPACEText.started,ExpIntroPressSPACE.started,ExpIntroPressSPACE.keys,ExpIntroPressSPACE.rt,ExpISI.started,ExpPrimerText.started,ExpPrimerText.stopped,ExpText.started,ExpImagePrimer.started,ExpImagePrimer.stopped,ExpImage.started,ExpResponse.started,ExpResponse.keys,ExpResponse.corr,ExpResponse.rt,BreakTextPrompt.started,BreakTextPrompt.stopped,BreakTextKeyResponse.started,BreakTextKeyResponse.stopped,BreakTextKeyResponse.keys,BreakTextKeyResponse.rt,ExpEndText.started,ExpEndPressSPACE.started,ExpEndPressSPACE.keys,ExpEndPressSPACE.rt,participant,session,date,expName,psychopyVersion,frameRate
NA,NA,NA,NA,NA,NA,NA,NA,NA,NA,NA,NA,NA,NA,NA,NA,NA,NA,NA,NA,NA,NA,NA,NA,15.619677899871022,17.590824499726295,17.590824499726295,space,31.672088500112295,NA,NA,NA,NA,NA,NA,NA,NA,NA,NA,NA,NA,NA,NA,NA,NA,NA,NA,NA,NA,NA,028,001,2024-10-15_15h28.29.007,PsychoPy Exp,2023.1.2,60.016912796991896
Reality,TRUE,FB-Ig,T_B_T,PsychoPyStudy2Stim/T_B_T_4.png,"In REALITY, there are TWO cubes",2,b,h,2,0,2,1,0,1,1,0,1,B,-,0,0,0,41,NA,NA,NA,NA,NA,0.21512850001454353,49.57400309992954,49.956689999904476,50.05681059975177,52.05687640001997,52.45666329981759,52.59041509963572,52.59041509963572,b,1,1.3128992998972535,53.923408600036055,53.923408600036055,53.923408600036055,53.923408600036055,NA,NA,NA,NA,NA,NA,028,001,2024-10-15_15h28.29.007,PsychoPy Exp,2023.1.2,60.016912796991896
Knowledge,TRUE,TB-K-B,TT_B,PsychoPyStudy2Stim/TT_B_15.png,Adam KNOWS there are TWO cubes,2,b,h,2,0,2,2,0,2,0,0,0,B,-,0,1,1,248,NA,NA,NA,NA,NA,0.00165640003979206,54.02048199996352,54.38993959967047,54.490173999685794,56.490164199844,56.89015290001407,56.992353699635714,56.992353699635714,b,1,0.7428675997070968,57.75671499967575,57.75671499967575,57.75671499967575,57.75671499967575,NA,NA,NA,NA,NA,NA,028,001,2024-10-15_15h28.29.007,PsychoPy Exp,2023.1.2,60.016912796991896
Knowledge,FALSE,TB-K,TT_NB,PsychoPyStudy2Stim/TT_NB_1.png,Adam KNOWS there are ZERO cubes,0,h,b,2,0,2,2,0,2,0,0,0,NB,PropFalse,0,2,2,282,NA,NA,NA,NA,NA,0.00167090026661753,57.85563729982823,58.23979969974607,58.34014069987461,60.34010070003569,60.74009859981015,60.842410599812865,60.842410599812865,h,1,1.4447769997641444,62.30643979972229,62.30643979972229,62.30643979972229,62.30643979972229,NA,NA,NA,NA,NA,NA,028,001,2024-10-15_15h28.29.007,PsychoPy Exp,2023.1.2,60.016912796991896
Reality,TRUE,TB-K,TD_NB,PsychoPyStudy2Stim/TD_NB_3.png,"In REALITY, there is ONE cube",1,b,h,2,1,1,2,1,1,0,0,0,NB,-,0,3,3,11,NA,NA,NA,NA,NA,8.2729989662766e-4,62.377164099831134,62.75668179988861,62.85678389994427,64.85678689973429,65.25667289970443,65.35898149991408,65.35898149991408,b,1,1.023833699990064,66.40651870006695,66.40651870006695,66.40651870006695,66.40651870006695,NA,NA,NA,NA,NA,NA,028,001,2024-10-15_15h28.29.007,PsychoPy Exp,2023.1.2,60.016912796991896
Belief,TRUE,FB-Ig,T_B_T,PsychoPyStudy2Stim/T_B_T_3.png,Adam THINKS there is ONE cube,1,b,h,2,0,2,1,0,1,1,0,1,B,-,0,4,4,154,NA,NA,NA,NA,NA,5.1659997552633e-4,66.48534510005265,66.85667279968038,66.956774499733,68.95665019983426,69.3567162998952,69.4590010996908,69.4590010996908,b,1,0.732875999994576,70.223355199676,70.223355199676,70.223355199676,70.223355199676,NA,NA,NA,NA,NA,NA,028,001,2024-10-15_15h28.29.007,PsychoPy Exp,2023.1.2,60.016912796991896
Belief,TRUE,FB-Ig,D_B_T,PsychoPyStudy2Stim/D_B_T_4.png,Adam THINKS there are ZERO cubes,0,b,h,2,1,1,1,1,0,1,0,1,B,-,0,5,5,161,NA,NA,NA,NA,NA,0.0016648001037538,70.31090410007164,70.68996739992872,70.79009949974716,72.79003869974986,73.19008139986545,73.29232200002298,73.29232200002298,b,1,2.0265664998441935,75.3398982998915,75.3398982998915,75.3398982998915,75.3398982998915,NA,NA,NA,NA,NA,NA,028,001,2024-10-15_15h28.29.007,PsychoPy Exp,2023.1.2,60.016912796991896
Knowledge,FALSE,FB-Ig,T_B_T,PsychoPyStudy2Stim/T_B_T_6.png,Adam KNOWS there are TWO cubes,2,h,b,2,0,2,1,0,1,1,0,1,B,PropTrueNoKnowledge,0,6,6,311,NA,NA,NA,NA,NA,0.00112619996070861,75.44547089980915,75.82331639993936,75.92330130003393,77.92339339992031,78.32339600007981,78.42558409972116,78.42558409972116,h,1,1.405560799874365,79.8566473997198,79.8566473997198,79.8566473997198,79.8566473997198,NA,NA,NA,NA,NA,NA,028,001,2024-10-15_15h28.29.007,PsychoPy Exp,2023.1.2,60.016912796991896
Belief,FALSE,TB-K,TT_NB,PsychoPyStudy2Stim/TT_NB_6.png,Adam THINKS there is ONE cube,1,h,b,2,0,2,2,0,2,0,0,0,NB,PropFalse,0,7,7,179,NA,NA,NA,NA,NA,0.00176729960367083,79.94444340001792,80.3232701998204,80.42324499972165,82.42325299978256,82.8234362998046,82.9255992998369,82.9255992998369,h,1,0.9775236998684704,83.923275699839,83.923275699839,83.923275699839,83.923275699839,NA,NA,NA,NA,NA,NA,028,001,2024-10-15_15h28.29.007,PsychoPy Exp,2023.1.2,60.016912796991896
Belief,FALSE,TB-K,TT_NB,PsychoPyStudy2Stim/TT_NB_5.png,Adam THINKS there is ONE cube,1,h,b,2,0,2,2,0,2,0,0,0,NB,PropFalse,0,8,8,178,NA,NA,NA,NA,NA,0.00166259985417127,83.99446829967201,84.37322199996561,84.4732832997106,86.4733490999788,86.87331110006198,86.97556439973414,86.97556439973414,h,1,1.9591856999322772,88.9564163996838,88.9564163996838,88.9564163996838,88.9564163996838,NA,NA,NA,NA,NA,NA,028,001,2024-10-15_15h28.29.007,PsychoPy Exp,2023.1.2,60.016912796991896
Knowledge,FALSE,TB-K,DD_NB,PsychoPyStudy2Stim/DD_NB_3.png,Adam KNOWS there are TWO cubes,2,h,b,2,2,0,2,2,0,0,0,0,NB,PropFalse,0,9,9,278,NA,NA,NA,NA,NA,3.829002380371e-4,89.0300757996738,89.40657069999725,89.50668839970604,91.5066462000832,91.90649249963462,92.008980399929,92.008980399929,h,1,0.7826751996763051,92.82308739982544,92.82308739982544,92.82308739982544,92.82308739982544,NA,NA,NA,NA,NA,NA,028,001,2024-10-15_15h28.29.007,PsychoPy Exp,2023.1.2,60.016912796991896
Belief,TRUE,TB-Ig,D_B_D,PsychoPyStudy2Stim/D_B_D_1.png,Adam THINKS there are ZERO cubes,0,b,h,2,2,0,1,1,0,1,1,0,B,-,0,10,10,130,NA,NA,NA,NA,NA,4.1579967364668e-4,92.90034270007165,93.27318749995902,93.37332469969988,95.37338149966672,95.77318040002136,95.87554759997874,95.87554759997874,b,1,1.2196305003017187,97.12322099972516,97.12322099972516,97.12322099972516,97.12322099972516,NA,NA,NA,NA,NA,NA,028,001,2024-10-15_15h28.29.007,PsychoPy Exp,2023.1.2,60.016912796991896
Belief,FALSE,TB-Ig,D_B_D,PsychoPyStudy2Stim/D_B_D_3.png,Adam THINKS there is ONE cube,1,h,b,2,2,0,1,1,0,1,1,0,B,PropFalse,0,11,11,186,NA,NA,NA,NA,NA,0.00167819997295737,97.22311119968072,97.60640869988129,97.70667549967766,99.70664049964398,100.10653219977394,100.2088088998571,100.2088088998571,h,1,1.390227799769491,101.62320519983768,101.62320519983768,101.62320519983768,101.62320519983768,NA,NA,NA,NA,NA,NA,028,001,2024-10-15_15h28.29.007,PsychoPy Exp,2023.1.2,60.016912796991896
Reality,TRUE,TB-K-B,TD_B,PsychoPyStudy2Stim/TD_B_5.png,"In REALITY, there is ONE cube",1,b,h,2,1,1,2,1,1,0,0,0,B,-,0,12,12,34,NA,NA,NA,NA,NA,0.00166959967464208,101.74033370008692,102.12317509995772,102.22328589996324,104.22328939987348,104.62310680001974,104.72549830004571,104.72549830004571,b,1,0.9774398999288678,105.72318660002202,105.72318660002202,105.72318660002202,105.72318660002202,NA,NA,NA,NA,NA,NA,028,001,2024-10-15_15h28.29.007,PsychoPy Exp,2023.1.2,60.016912796991896
Knowledge,FALSE,TB-K,D_NB,PsychoPyStudy2Stim/D_NB_3.png,Adam KNOWS there are TWO cubes,2,h,b,1,1,0,1,1,0,0,0,0,NB,PropFalse,0,13,13,272,NA,NA,NA,NA,NA,0.00151470024138689,105.81479199975728,106.1898320997134,106.28992379968986,108.28985389973968,108.68993970006704,108.79243610007688,108.79243610007688,h,1,0.6147380000911653,109.42318859975784,109.42318859975784,109.42318859975784,109.42318859975784,NA,NA,NA,NA,NA,NA,028,001,2024-10-15_15h28.29.007,PsychoPy Exp,2023.1.2,60.016912796991896
Reality,TRUE,TB-K-B,DD_B,PsychoPyStudy2Stim/DD_B_16.png,"In REALITY, there are ZERO cubes",0,b,h,2,2,0,2,2,0,0,0,0,B,-,0,14,14,29,NA,NA,NA,NA,NA,0.00169139960780739,109.50352729996666,109.87303799996153,109.97332570003346,111.97325369995087,112.37325719976798,112.47548339981586,112.47548339981586,b,1,1.4031564998440444,113.90635479986668,113.90635479986668,113.90635479986668,113.90635479986668,NA,NA,NA,NA,NA,NA,028,001,2024-10-15_15h28.29.007,PsychoPy Exp,2023.1.2,60.016912796991896
Belief,FALSE,FB-Ig,D_B_T,PsychoPyStudy2Stim/D_B_T_3.png,Adam THINKS there is ONE cube,1,h,b,2,1,1,1,1,0,1,0,1,B,PropTrueNoBelief,0,15,15,214,NA,NA,NA,NA,NA,5.853003822267e-4,113.9982415996492,114.37309879995884,114.47326379967852,116.47328009968624,116.8732125996612,116.975445299875,116.975445299875,h,1,2.151142000220716,119.15632160007954,119.15632160007954,119.15632160007954,119.15632160007954,NA,NA,NA,NA,NA,NA,028,001,2024-10-15_15h28.29.007,PsychoPy Exp,2023.1.2,60.016912796991896
Knowledge,TRUE,TB-K-B,TD_B,PsychoPyStudy2Stim/TD_B_5.png,Adam KNOWS there is ONE cube,1,b,h,2,1,1,2,1,1,0,0,0,B,-,0,16,16,262,NA,NA,NA,NA,NA,4.9560004845261e-4,119.23399659991264,119.6064204997383,119.70666070003062,121.706617299933,122.10644309967756,122.20877079991624,122.20877079991624,b,1,1.4308372996747494,123.65639659995212,123.65639659995212,123.65639659995212,123.65639659995212,NA,NA,NA,NA,NA,NA,028,001,2024-10-15_15h28.29.007,PsychoPy Exp,2023.1.2,60.016912796991896
Belief,TRUE,TB-K-B,TT_B,PsychoPyStudy2Stim/TT_B_4.png,Adam THINKS there are TWO cubes,2,b,h,2,0,2,2,0,2,0,0,0,B,-,0,17,17,137,NA,NA,NA,NA,NA,0.00166779989376664,123.737618799787,124.12308249995112,124.2232409999706,126.22313100006431,126.62312430003658,126.7254125997424,126.7254125997424,h,0,2.3935336000286043,129.13981739990413,129.13981739990413,129.13981739990413,129.13981739990413,NA,NA,NA,NA,NA,NA,028,001,2024-10-15_15h28.29.007,PsychoPy Exp,2023.1.2,60.016912796991896
Belief,FALSE,TB-K,DD_NB,PsychoPyStudy2Stim/DD_NB_2.png,Adam THINKS there are TWO cubes,2,h,b,2,2,0,2,2,0,0,0,0,NB,PropFalse,0,18,18,169,NA,NA,NA,NA,NA,0.00177390035241842,129.21540069999173,129.58977489965037,129.68987130001187,131.68985860003158,132.08990109991282,132.1920169000514,132.1920169000514,h,1,1.6149066998623312,133.8229164998047,133.8229164998047,133.8229164998047,133.8229164998047,NA,NA,NA,NA,NA,NA,028,001,2024-10-15_15h28.29.007,PsychoPy Exp,2023.1.2,60.016912796991896
Knowledge,FALSE,FB-Ig,D_B_T,PsychoPyStudy2Stim/D_B_T_2.png,Adam KNOWS there is ONE cube,1,h,b,2,1,1,1,1,0,1,0,1,B,PropTrueNoKnowledge,0,19,19,319,NA,NA,NA,NA,NA,4.6819960698485e-4,133.90387160005048,134.2730557997711,134.37322649965063,136.37317809974775,136.77310490002856,136.87525829998776,136.87525829998776,h,1,2.0436495998874307,138.93976289965212,138.93976289965212,138.93976289965212,138.93976289965212,NA,NA,NA,NA,NA,NA,028,001,2024-10-15_15h28.29.007,PsychoPy Exp,2023.1.2,60.016912796991896
Belief,FALSE,TB-K-B,TT_B,PsychoPyStudy2Stim/TT_B_1.png,Adam THINKS there are ZERO cubes,0,h,b,2,0,2,2,0,2,0,0,0,B,PropFalse,0,20,20,188,NA,NA,NA,NA,NA,0.00178770022466778,139.0406855996698,139.4229248999618,139.52307619992644,141.52301969984546,141.92315809987485,142.02537130005658,142.02537130005658,b,0,1.2934661996550858,143.3397246999666,143.3397246999666,143.3397246999666,143.3397246999666,NA,NA,NA,NA,NA,NA,028,001,2024-10-15_15h28.29.007,PsychoPy Exp,2023.1.2,60.016912796991896
Reality,TRUE,TB-K,TT_NB,PsychoPyStudy2Stim/TT_NB_6.png,"In REALITY, there are TWO cubes",2,b,h,2,0,2,2,0,2,0,0,0,NB,-,0,21,21,17,NA,NA,NA,NA,NA,0.00257450016215443,143.43077779980376,143.80634419992566,143.90639950009063,145.90651129977778,146.30645779985934,146.40865599969402,146.40865599969402,b,1,1.2782215997576714,147.70636919979006,147.70636919979006,147.70636919979006,147.70636919979006,NA,NA,NA,NA,NA,NA,028,001,2024-10-15_15h28.29.007,PsychoPy Exp,2023.1.2,60.016912796991896
Knowledge,FALSE,FB-Ig,T_B_T,PsychoPyStudy2Stim/T_B_T_1.png,Adam KNOWS there are TWO cubes,2,h,b,2,0,2,1,0,1,1,0,1,B,PropTrueNoKnowledge,0,22,22,312,NA,NA,NA,NA,NA,0.00178549997508525,147.7884968998842,148.17301859986037,148.2728502000682,150.27314079971984,150.67304079979658,150.77526749996468,150.77526749996468,h,1,0.655674200039357,151.45635979995131,151.45635979995131,151.45635979995131,151.45635979995131,NA,NA,NA,NA,NA,NA,028,001,2024-10-15_15h28.29.007,PsychoPy Exp,2023.1.2,60.016912796991896
Knowledge,TRUE,TB-K-B,TD_B,PsychoPyStudy2Stim/TD_B_3.png,Adam KNOWS there is ONE cube,1,b,h,2,1,1,2,1,1,0,0,0,B,-,0,23,23,260,NA,NA,NA,NA,NA,0.00175780011340975,151.5461152996868,151.9229967999272,152.02309319982305,154.0231046997942,154.42303179996088,154.5253009996377,154.5253009996377,b,1,0.5378191000781953,155.08969559986144,155.08969559986144,155.08969559986144,155.08969559986144,NA,NA,NA,NA,NA,NA,028,001,2024-10-15_15h28.29.007,PsychoPy Exp,2023.1.2,60.016912796991896
Knowledge,TRUE,TB-K-B,TD_B,PsychoPyStudy2Stim/TD_B_4.png,Adam KNOWS there is ONE cube,1,b,h,2,1,1,2,1,1,0,0,0,B,-,0,24,24,261,NA,NA,NA,NA,NA,0.00173790007829666,155.1890266998671,155.57298350008205,155.67306469986215,157.67294589988887,158.0730743999593,158.17538819974288,158.17538819974288,b,1,1.0802046000026166,159.27300680009648,159.27300680009648,159.27300680009648,159.27300680009648,NA,NA,NA,NA,NA,NA,028,001,2024-10-15_15h28.29.007,PsychoPy Exp,2023.1.2,60.016912796991896
Belief,TRUE,TB-Ig,D_B,PsychoPyStudy2Stim/D_B_1.png,Adam THINKS there are ZERO cubes,0,b,h,1,1,0,1,1,0,0,0,0,B,-,0,25,25,126,NA,NA,NA,NA,NA,0.00189309986308217,159.35521209985018,159.73969919979572,159.8397492999211,161.83962139999494,162.2397556998767,162.34183020005003,162.34183020005003,b,1,1.0170660000294447,163.38969059986994,163.38969059986994,163.38969059986994,163.38969059986994,NA,NA,NA,NA,NA,NA,028,001,2024-10-15_15h28.29.007,PsychoPy Exp,2023.1.2,60.016912796991896
Knowledge,TRUE,TB-K,TD_NB,PsychoPyStudy2Stim/TD_NB_3.png,Adam KNOWS there is ONE cube,1,b,h,2,1,1,2,1,1,0,0,0,NB,-,0,26,26,227,NA,NA,NA,NA,NA,0.00185159966349601,163.46211179997772,163.8395699998364,163.93974949978292,165.9397155996412,166.33959899982435,166.4418909996748,166.4418909996748,b,1,0.8371526002883911,167.30631479993465,167.30631479993465,167.30631479993465,167.30631479993465,NA,NA,NA,NA,NA,NA,028,001,2024-10-15_15h28.29.007,PsychoPy Exp,2023.1.2,60.016912796991896
Belief,FALSE,TB-K,DD_NB,PsychoPyStudy2Stim/DD_NB_1.png,Adam THINKS there is ONE cube,1,h,b,2,2,0,2,2,0,0,0,0,NB,PropFalse,0,27,27,168,NA,NA,NA,NA,NA,0.00196019979193806,167.40037759998813,167.7729067998007,167.87297039991245,169.87301509967074,170.27298839995638,170.37517779972404,170.37517779972404,h,1,1.6792683000676334,172.07267969986424,172.07267969986424,172.07267969986424,172.07267969986424,NA,NA,NA,NA,NA,NA,028,001,2024-10-15_15h28.29.007,PsychoPy Exp,2023.1.2,60.016912796991896
Belief,TRUE,FB-Ig,T_B_T,PsychoPyStudy2Stim/T_B_T_4.png,Adam THINKS there is ONE cube,1,b,h,2,0,2,1,0,1,1,0,1,B,-,0,28,28,155,NA,NA,NA,NA,NA,4.4870004057884e-4,172.14736509975046,172.52270329976454,172.62304689968005,174.622863299679,175.02299339976162,175.12527049984783,175.12527049984783,b,1,1.761527500115335,176.90629409998655,176.90629409998655,176.90629409998655,176.90629409998655,NA,NA,NA,NA,NA,NA,028,001,2024-10-15_15h28.29.007,PsychoPy Exp,2023.1.2,60.016912796991896
Belief,FALSE,FB-Ig,D_B_T,PsychoPyStudy2Stim/D_B_T_2.png,Adam THINKS there is ONE cube,1,h,b,2,1,1,1,1,0,1,0,1,B,PropTrueNoBelief,0,29,29,213,NA,NA,NA,NA,NA,0.00194859970360994,176.9917123997584,177.37291979975998,177.4730356996879,179.4730050000362,179.8730136998929,179.9751722998917,179.9751722998917,h,1,1.503843900281936,181.5062711997889,181.5062711997889,181.5062711997889,181.5062711997889,NA,NA,NA,NA,NA,NA,028,001,2024-10-15_15h28.29.007,PsychoPy Exp,2023.1.2,60.016912796991896
Belief,TRUE,TB-K,D_NB,PsychoPyStudy2Stim/D_NB_1.png,Adam THINKS there are ZERO cubes,0,b,h,1,1,0,1,1,0,0,0,0,NB,-,0,30,30,108,NA,NA,NA,NA,NA,0.00184640008956193,181.5878956997767,181.97304139984772,182.0730395996943,184.0729780998081,184.47292559966445,184.5752224996686,184.5752224996686,b,1,1.0314568001776934,185.6228831000626,185.6228831000626,185.6228831000626,185.6228831000626,NA,NA,NA,NA,NA,NA,028,001,2024-10-15_15h28.29.007,PsychoPy Exp,2023.1.2,60.016912796991896
Knowledge,FALSE,TB-K,TT_NB,PsychoPyStudy2Stim/TT_NB_6.png,Adam KNOWS there is ONE cube,1,h,b,2,0,2,2,0,2,0,0,0,NB,PropFalse,0,31,31,287,NA,NA,NA,NA,NA,0.00122540025040507,185.698102499824,186.0727422996424,186.17283189995217,188.1729582999833,188.5726679000072,188.6751411999576,188.6751411999576,h,1,0.9712768997997046,189.67282329965383,189.67282329965383,189.67282329965383,189.67282329965383,NA,NA,NA,NA,NA,NA,028,001,2024-10-15_15h28.29.007,PsychoPy Exp,2023.1.2,60.016912796991896
Belief,TRUE,TB-K-B,TT_B,PsychoPyStudy2Stim/TT_B_7.png,Adam THINKS there are TWO cubes,2,b,h,2,0,2,2,0,2,0,0,0,B,-,0,32,32,140,NA,NA,NA,NA,NA,0.00123219983652234,189.7588492999785,190.1392732998356,190.2396280998364,192.23961950000376,192.63962360005823,192.7418541000225,192.7418541000225,h,0,2.440498299896717,195.206104000099,195.206104000099,195.206104000099,195.206104000099,NA,NA,NA,NA,NA,NA,028,001,2024-10-15_15h28.29.007,PsychoPy Exp,2023.1.2,60.016912796991896
Reality,FALSE,TB-Ig,D_B,PsychoPyStudy2Stim/D_B_1.png,"In REALITY, there are TWO cubes",2,h,b,1,1,0,1,1,0,0,0,0,B,PropFalse,0,33,33,72,NA,NA,NA,NA,NA,8.3679985255002e-4,195.28267699992284,195.65617039985955,195.75629589986056,197.75625249976292,198.15616300003603,198.2590292999521,198.2590292999521,h,1,0.8038642997853458,199.08955830009657,199.08955830009657,199.08955830009657,199.08955830009657,NA,NA,NA,NA,NA,NA,028,001,2024-10-15_15h28.29.007,PsychoPy Exp,2023.1.2,60.016912796991896
Reality,FALSE,TB-Ig,D_B,PsychoPyStudy2Stim/D_B_3.png,"In REALITY, there are TWO cubes",2,h,b,1,1,0,1,1,0,0,0,0,B,PropFalse,0,34,34,74,NA,NA,NA,NA,NA,0.00189810013398528,199.16260599996895,199.5394639000297,199.63957750005648,201.639567299746,202.03947569988668,202.14174709981307,202.14174709981307,h,1,0.7048547002486885,202.8726741997525,202.8726741997525,202.8726741997525,202.8726741997525,NA,NA,NA,NA,NA,NA,028,001,2024-10-15_15h28.29.007,PsychoPy Exp,2023.1.2,60.016912796991896
Belief,FALSE,TB-K,TD_NB,PsychoPyStudy2Stim/TD_NB_3.png,Adam THINKS there are TWO cubes,2,h,b,2,1,1,2,1,1,0,0,0,NB,PropFalse,0,35,35,173,NA,NA,NA,NA,NA,0.00163220008835196,202.94064539996907,203.3228037999943,203.4229377000593,205.4228492998518,205.82283800002187,205.9251584997401,205.9251584997401,h,1,1.530094100162387,207.4728552000597,207.4728552000597,207.4728552000597,207.4728552000597,NA,NA,NA,NA,NA,NA,028,001,2024-10-15_15h28.29.007,PsychoPy Exp,2023.1.2,60.016912796991896
Knowledge,FALSE,TB-Ig,D_B,PsychoPyStudy2Stim/D_B_2.png,Adam KNOWS there are ZERO cubes,0,h,b,1,1,0,1,1,0,0,0,0,B,PropTrueNoKnowledge,0,36,36,289,NA,NA,NA,NA,NA,0.0017662001773715,207.5611078999937,207.9394551999867,208.039469699841,210.0394496996887,210.43956169998273,210.54177349992096,210.54177349992096,h,1,3.640840800013393,214.20612580003217,214.20612580003217,214.20612580003217,214.20612580003217,NA,NA,NA,NA,NA,NA,028,001,2024-10-15_15h28.29.007,PsychoPy Exp,2023.1.2,60.016912796991896
Knowledge,TRUE,TB-K,T_NB,PsychoPyStudy2Stim/T_NB_2.png,Adam KNOWS there is ONE cube,1,b,h,1,0,1,1,0,1,0,0,0,NB,-,0,37,37,220,NA,NA,NA,NA,NA,0.00185710005462169,214.2848430997692,214.6561076999642,214.75601279968396,216.75622059963644,217.1561551997438,217.25840230006725,217.25840230006725,b,1,1.2840557000599802,218.5727035999298,218.5727035999298,218.5727035999298,218.5727035999298,NA,NA,NA,NA,NA,NA,028,001,2024-10-15_15h28.29.007,PsychoPy Exp,2023.1.2,60.016912796991896
Knowledge,TRUE,TB-K-B,TD_B,PsychoPyStudy2Stim/TD_B_6.png,Adam KNOWS there is ONE cube,1,b,h,2,1,1,2,1,1,0,0,0,B,-,0,38,38,263,NA,NA,NA,NA,NA,0.00124330027028918,218.6605086997151,219.03937139967456,219.13952500000596,221.1395685998723,221.5393814998679,221.64172369986773,221.64172369986773,b,1,1.540592399891466,223.2060322999023,223.2060322999023,223.2060322999023,223.2060322999023,NA,NA,NA,NA,NA,NA,028,001,2024-10-15_15h28.29.007,PsychoPy Exp,2023.1.2,60.016912796991896
Knowledge,FALSE,TB-Ig,D_B_D,PsychoPyStudy2Stim/D_B_D_4.png,Adam KNOWS there are ZERO cubes,0,h,b,2,2,0,1,1,0,1,1,0,B,PropTrueNoKnowledge,0,39,39,295,NA,NA,NA,NA,NA,0.00105010019615292,223.2994575998746,223.67271339986473,223.77283879974857,225.7727620000951,226.1728166998364,226.27496019983664,226.27496019983664,h,1,3.1076446999795735,229.40606949990615,229.40606949990615,229.40606949990615,229.40606949990615,NA,NA,NA,NA,NA,NA,028,001,2024-10-15_15h28.29.007,PsychoPy Exp,2023.1.2,60.016912796991896
Reality,TRUE,TB-K-B,TD_B,PsychoPyStudy2Stim/TD_B_2.png,"In REALITY, there is ONE cube",1,b,h,2,1,1,2,1,1,0,0,0,B,-,0,40,40,31,NA,NA,NA,NA,NA,0.00185689982026815,229.49512839969248,229.8726904997602,229.9727842998691,231.9727694997564,232.37281609978527,232.4750824999064,232.4750824999064,b,1,0.9071303000673652,233.40590699994937,233.40590699994937,233.40590699994937,233.40590699994937,NA,NA,NA,NA,NA,NA,028,001,2024-10-15_15h28.29.007,PsychoPy Exp,2023.1.2,60.016912796991896
Belief,TRUE,TB-K,DD_NB,PsychoPyStudy2Stim/DD_NB_1.png,Adam THINKS there are ZERO cubes,0,b,h,2,2,0,2,2,0,0,0,0,NB,-,0,41,41,114,NA,NA,NA,NA,NA,6.454000249505e-4,233.49149559997025,233.8727126000449,233.97264829976484,235.9728488996625,236.37281199963763,236.47495390009135,236.47495390009135,h,0,1.8196350000798704,238.32268780004233,238.32268780004233,238.32268780004233,238.32268780004233,NA,NA,NA,NA,NA,NA,028,001,2024-10-15_15h28.29.007,PsychoPy Exp,2023.1.2,60.016912796991896
Belief,FALSE,FB-Ig,T_B_T,PsychoPyStudy2Stim/T_B_T_4.png,Adam THINKS there are TWO cubes,2,h,b,2,0,2,1,0,1,1,0,1,B,PropTrueNoBelief,0,42,42,203,NA,NA,NA,NA,NA,0.00181270018219947,238.4161800998263,238.78938789991665,238.88950649974868,240.8893023999408,241.28945829998705,241.3916249000467,241.3916249000467,h,1,4.366500999778509,245.7891500997357,245.7891500997357,245.7891500997357,245.7891500997357,NA,NA,NA,NA,NA,NA,028,001,2024-10-15_15h28.29.007,PsychoPy Exp,2023.1.2,60.016912796991896
Belief,TRUE,TB-K-B,TT_B,PsychoPyStudy2Stim/TT_B_10.png,Adam THINKS there are TWO cubes,2,b,h,2,0,2,2,0,2,0,0,0,B,-,0,43,43,143,NA,NA,NA,NA,NA,4.75799664855e-4,245.8604160998948,246.23930389992893,246.3393985996954,248.3394293999299,248.7391512999311,248.84169270005077,248.84169270005077,b,1,0.7408595001325011,249.6060214000754,249.6060214000754,249.6060214000754,249.6060214000754,NA,NA,NA,NA,NA,NA,028,001,2024-10-15_15h28.29.007,PsychoPy Exp,2023.1.2,60.016912796991896
Reality,FALSE,TB-Ig,D_B_D,PsychoPyStudy2Stim/D_B_D_1.png,"In REALITY, there are TWO cubes",2,h,b,2,2,0,1,1,0,1,1,0,B,PropFalse,0,44,44,76,NA,NA,NA,NA,NA,0.0018445998430252,249.69764039991423,250.0726413000375,250.17269810009748,252.1725995000452,252.57272120006385,252.6750675998628,252.6750675998628,h,1,1.3234538002870977,254.02263789996505,254.02263789996505,254.02263789996505,254.02263789996505,NA,NA,NA,NA,NA,NA,028,001,2024-10-15_15h28.29.007,PsychoPy Exp,2023.1.2,60.016912796991896
Belief,TRUE,TB-K-B,TT_B,PsychoPyStudy2Stim/TT_B_2.png,Adam THINKS there are TWO cubes,2,b,h,2,0,2,2,0,2,0,0,0,B,-,0,45,45,135,NA,NA,NA,NA,NA,0.00182699970901012,254.1073342999443,254.48928259965032,254.58938340004536,256.58945079986006,256.98940890002996,257.09161000000313,257.09161000000313,h,0,1.490948799997568,258.6059372997843,258.6059372997843,258.6059372997843,258.6059372997843,NA,NA,NA,NA,NA,NA,028,001,2024-10-15_15h28.29.007,PsychoPy Exp,2023.1.2,60.016912796991896
Knowledge,TRUE,TB-K,TD_NB,PsychoPyStudy2Stim/TD_NB_1.png,Adam KNOWS there is ONE cube,1,b,h,2,1,1,2,1,1,0,0,0,NB,-,0,46,46,225,NA,NA,NA,NA,NA,0.00182950031012296,258.7018858999945,259.0725293997675,259.1725348997861,261.172765399795,261.5725948000327,261.6748110000044,261.6748110000044,b,1,1.0676866001449523,262.77243039989844,262.77243039989844,262.77243039989844,262.77243039989844,NA,NA,NA,NA,NA,NA,028,001,2024-10-15_15h28.29.007,PsychoPy Exp,2023.1.2,60.016912796991896
Reality,TRUE,TB-K,D_NB,PsychoPyStudy2Stim/D_NB_2.png,"In REALITY, there are ZERO cubes",0,b,h,1,1,0,1,1,0,0,0,0,NB,-,0,47,47,1,NA,NA,NA,NA,NA,4.773000255227e-4,262.8563516000286,263.2392505998723,263.33935459982604,265.3393628997728,265.7393064000644,265.84155709994957,265.84155709994957,b,1,1.1728517999872563,267.0392569997348,267.0392569997348,267.0392569997348,267.0392569997348,NA,NA,NA,NA,NA,NA,028,001,2024-10-15_15h28.29.007,PsychoPy Exp,2023.1.2,60.016912796991896
Knowledge,TRUE,TB-K,TD_NB,PsychoPyStudy2Stim/TD_NB_2.png,Adam KNOWS there is ONE cube,1,b,h,2,1,1,2,1,1,0,0,0,NB,-,0,48,48,226,NA,NA,NA,NA,NA,0.00187129992991685,267.134716599714,267.5059190997854,267.6059916000813,269.6059890999459,270.0060184998438,270.10800000000745,270.10800000000745,b,1,0.8104694997891784,270.9392403997481,270.9392403997481,270.9392403997481,270.9392403997481,NA,NA,NA,NA,NA,NA,028,001,2024-10-15_15h28.29.007,PsychoPy Exp,2023.1.2,60.016912796991896
Knowledge,TRUE,TB-K-B,DD_B,PsychoPyStudy2Stim/DD_B_11.png,Adam KNOWS there are ZERO cubes,0,b,h,2,2,0,2,2,0,0,0,0,B,-,0,49,49,244,NA,NA,NA,NA,NA,0.00185390003025531,271.04130190005526,271.42257979977876,271.52264679968357,273.52259489987046,273.92267999984324,274.024877499789,274.024877499789,b,1,1.9016064000315964,275.9559737998061,275.9559737998061,275.9559737998061,275.9559737998061,NA,NA,NA,NA,NA,NA,028,001,2024-10-15_15h28.29.007,PsychoPy Exp,2023.1.2,60.016912796991896
Reality,TRUE,FB-Ig,T_B_T,PsychoPyStudy2Stim/T_B_T_5.png,"In REALITY, there are TWO cubes",2,b,h,2,0,2,1,0,1,1,0,1,B,-,0,50,50,48,NA,NA,NA,NA,NA,0.00183469988405704,276.0410154997371,276.4225229998119,276.5226242998615,278.5226626996882,278.92269419971853,279.02483329968527,279.02483329968527,b,1,0.5572297996841371,279.60558759979904,279.60558759979904,279.60558759979904,279.60558759979904,NA,NA,NA,NA,NA,NA,028,001,2024-10-15_15h28.29.007,PsychoPy Exp,2023.1.2,60.016912796991896
Knowledge,TRUE,TB-K-B,DD_B,PsychoPyStudy2Stim/DD_B_5.png,Adam KNOWS there are ZERO cubes,0,b,h,2,2,0,2,2,0,0,0,0,B,-,0,51,51,238,NA,NA,NA,NA,NA,4.5870011672377e-4,279.6829631999135,280.05699130007997,280.1559728998691,282.1559676998295,282.5560027998872,282.6583779999055,282.6583779999055,b,1,1.0920424996875226,283.77233539987355,283.77233539987355,283.77233539987355,283.77233539987355,NA,NA,NA,NA,NA,NA,028,001,2024-10-15_15h28.29.007,PsychoPy Exp,2023.1.2,60.016912796991896
Belief,TRUE,TB-K-B,TT_B,PsychoPyStudy2Stim/TT_B_8.png,Adam THINKS there are TWO cubes,2,b,h,2,0,2,2,0,2,0,0,0,B,-,0,52,52,141,NA,NA,NA,NA,NA,0.0016503999941051,283.8447583997622,284.22236659983173,284.32246389985085,286.32258619973436,286.72250059992075,286.8247175998986,286.8247175998986,h,0,1.2696579997427762,288.1223428999074,288.1223428999074,288.1223428999074,288.1223428999074,NA,NA,NA,NA,NA,NA,028,001,2024-10-15_15h28.29.007,PsychoPy Exp,2023.1.2,60.016912796991896
Belief,TRUE,FB-Ig,T_B_T,PsychoPyStudy2Stim/T_B_T_2.png,Adam THINKS there is ONE cube,1,b,h,2,0,2,1,0,1,1,0,1,B,-,0,53,53,153,NA,NA,NA,NA,NA,4.4800015166401e-4,288.19480079971254,288.57246379973367,288.6725380998105,290.6724296999164,291.0725567997433,291.1748603996821,291.1748603996821,b,1,2.199529599864036,293.40561439981684,293.40561439981684,293.40561439981684,293.40561439981684,NA,NA,NA,NA,NA,NA,028,001,2024-10-15_15h28.29.007,PsychoPy Exp,2023.1.2,60.016912796991896
Reality,FALSE,TB-K-B,DD_B,PsychoPyStudy2Stim/DD_B_13.png,"In REALITY, there are TWO cubes",2,h,b,2,2,0,2,2,0,0,0,0,B,PropFalse,0,54,54,80,NA,NA,NA,NA,NA,4.8569962382316e-4,293.4893017997965,293.8724384000525,293.9725838000886,295.9725623000413,296.3725028997287,296.47471089987084,296.47471089987084,h,1,1.6036277003586292,298.10581499990076,298.10581499990076,298.10581499990076,298.10581499990076,NA,NA,NA,NA,NA,NA,028,001,2024-10-15_15h28.29.007,PsychoPy Exp,2023.1.2,60.016912796991896
Belief,TRUE,TB-K,TT_NB,PsychoPyStudy2Stim/TT_NB_1.png,Adam THINKS there are TWO cubes,2,b,h,2,0,2,2,0,2,0,0,0,NB,-,0,55,55,120,NA,NA,NA,NA,NA,0.00185809982940554,298.20051690004766,298.57242459990084,298.67247679969296,300.6725387000479,301.0724561996758,301.17462900001556,301.17462900001556,h,0,0.9753670999780296,302.1722555998713,302.1722555998713,302.1722555998713,302.1722555998713,NA,NA,NA,NA,NA,NA,028,001,2024-10-15_15h28.29.007,PsychoPy Exp,2023.1.2,60.016912796991896
Belief,FALSE,TB-K-B,TT_B,PsychoPyStudy2Stim/TT_B_4.png,Adam THINKS there are ZERO cubes,0,h,b,2,0,2,2,0,2,0,0,0,B,PropFalse,0,56,56,191,NA,NA,NA,NA,NA,4.8870034515857e-4,302.2498170998879,302.6223829998635,302.7224512998946,304.72253610007465,305.1225242000073,305.22474709991366,305.22474709991366,h,1,1.18173209996894,306.4224749999121,306.4224749999121,306.4224749999121,306.4224749999121,NA,NA,NA,NA,NA,NA,028,001,2024-10-15_15h28.29.007,PsychoPy Exp,2023.1.2,60.016912796991896
Belief,FALSE,TB-K-B,TT_B,PsychoPyStudy2Stim/TT_B_8.png,Adam THINKS there are ZERO cubes,0,h,b,2,0,2,2,0,2,0,0,0,B,PropFalse,0,57,57,195,NA,NA,NA,NA,NA,0.00183580024167895,306.5187697997317,306.8890207000077,306.98916199989617,308.9892056998797,309.3888940997422,309.4915942000225,309.4915942000225,h,1,0.5866226996295154,310.10577129991725,310.10577129991725,310.10577129991725,310.10577129991725,NA,NA,NA,NA,NA,NA,028,001,2024-10-15_15h28.29.007,PsychoPy Exp,2023.1.2,60.016912796991896
Belief,FALSE,FB-Ig,T_B_T,PsychoPyStudy2Stim/T_B_T_1.png,Adam THINKS there are TWO cubes,2,h,b,2,0,2,1,0,1,1,0,1,B,PropTrueNoBelief,0,58,58,200,NA,NA,NA,NA,NA,0.00184050016105175,310.17900589993224,310.55563349975273,310.6558149997145,312.65583599964157,313.0556855998002,313.15794020006433,313.15794020006433,h,1,1.552283300086856,314.7390284999274,314.7390284999274,314.7390284999274,314.7390284999274,NA,NA,NA,NA,NA,NA,028,001,2024-10-15_15h28.29.007,PsychoPy Exp,2023.1.2,60.016912796991896
Reality,FALSE,FB-Ig,T_B_T,PsychoPyStudy2Stim/T_B_T_2.png,"In REALITY, there is ONE cube",1,h,b,2,0,2,1,0,1,1,0,1,B,PropFalse,0,59,59,99,NA,NA,NA,NA,NA,0.00156599981710314,314.8365893997252,315.2056976999156,315.30583339976147,317.30580549966544,317.7055230997503,317.807969099842,317.807969099842,h,1,0.6061174999922514,318.4389940998517,318.4389940998517,318.4389940998517,318.4389940998517,NA,NA,NA,NA,NA,NA,028,001,2024-10-15_15h28.29.007,PsychoPy Exp,2023.1.2,60.016912796991896
Knowledge,FALSE,TB-K,T_NB,PsychoPyStudy2Stim/T_NB_3.png,Adam KNOWS there are TWO cubes,2,h,b,1,0,1,1,0,1,0,0,0,NB,PropFalse,0,60,60,275,NA,NA,NA,NA,NA,0.0015556002035737,318.5217569996603,318.9057026999071,319.0058315000497,321.0058173998259,321.40580609999597,321.5082507999614,321.5082507999614,h,1,1.705970900133252,323.23910789983347,323.23910789983347,323.23910789983347,323.23910789983347,NA,NA,NA,NA,NA,NA,028,001,2024-10-15_15h28.29.007,PsychoPy Exp,2023.1.2,60.016912796991896
Knowledge,FALSE,TB-K,DD_NB,PsychoPyStudy2Stim/DD_NB_1.png,Adam KNOWS there is ONE cube,1,h,b,2,2,0,2,2,0,0,0,0,NB,PropFalse,0,61,61,276,NA,NA,NA,NA,NA,0.00176279991865158,323.332795499824,323.7055861996487,323.80582090001553,325.805644699838,326.20573449973017,326.30797909991816,326.30797909991816,h,1,0.7538693998940289,327.08887080010027,327.08887080010027,327.08887080010027,327.08887080010027,NA,NA,NA,NA,NA,NA,028,001,2024-10-15_15h28.29.007,PsychoPy Exp,2023.1.2,60.016912796991896
Reality,FALSE,TB-K-B,TD_B,PsychoPyStudy2Stim/TD_B_5.png,"In REALITY, there are ZERO cubes",0,h,b,2,1,1,2,1,1,0,0,0,B,PropFalse,0,62,62,88,NA,NA,NA,NA,NA,4.6340003609657e-4,327.16924700001255,327.53900069976225,327.63912699976936,329.6390660996549,330.0391315999441,330.14132530009374,330.14132530009374,h,1,1.2975860000588,331.4557594996877,331.4557594996877,331.4557594996877,331.4557594996877,NA,NA,NA,NA,NA,NA,028,001,2024-10-15_15h28.29.007,PsychoPy Exp,2023.1.2,60.016912796991896
Reality,FALSE,TB-K,D_NB,PsychoPyStudy2Stim/D_NB_1.png,"In REALITY, there is ONE cube",1,h,b,1,1,0,1,1,0,0,0,0,NB,PropFalse,0,63,63,54,NA,NA,NA,NA,NA,0.00165720004588365,331.5419695000164,331.92231420008466,332.0223920997232,334.0224306997843,334.4223805000074,334.52464449964464,334.52464449964464,h,1,1.5855406001210213,336.1389121999964,336.1389121999964,336.1389121999964,336.1389121999964,NA,NA,NA,NA,NA,NA,028,001,2024-10-15_15h28.29.007,PsychoPy Exp,2023.1.2,60.016912796991896
Reality,FALSE,FB-Ig,T_B_T,PsychoPyStudy2Stim/T_B_T_5.png,"In REALITY, there is ONE cube",1,h,b,2,0,2,1,0,1,1,0,1,B,PropFalse,0,64,64,102,NA,NA,NA,NA,NA,0.00147979985922575,336.2174360998906,336.5890271998942,336.689094199799,338.68894349969923,339.08904689969495,339.19122239993885,339.19122239993885,h,1,1.47900060005486,340.68896679999307,340.68896679999307,340.68896679999307,340.68896679999307,NA,NA,NA,NA,NA,NA,028,001,2024-10-15_15h28.29.007,PsychoPy Exp,2023.1.2,60.016912796991896
Belief,TRUE,TB-K,TD_NB,PsychoPyStudy2Stim/TD_NB_2.png,Adam THINKS there is ONE cube,1,b,h,2,1,1,2,1,1,0,0,0,NB,-,0,65,65,118,NA,NA,NA,NA,NA,0.00167049979791045,340.7690734998323,341.1389256999828,341.23898799996823,343.2389732999727,343.6390124997124,343.74127519968897,343.74127519968897,h,0,1.449443600140512,345.22208969993517,345.22208969993517,345.22208969993517,345.22208969993517,NA,NA,NA,NA,NA,NA,028,001,2024-10-15_15h28.29.007,PsychoPy Exp,2023.1.2,60.016912796991896
Reality,TRUE,TB-K,DD_NB,PsychoPyStudy2Stim/DD_NB_1.png,"In REALITY, there are ZERO cubes",0,b,h,2,2,0,2,2,0,0,0,0,NB,-,0,66,66,6,NA,NA,NA,NA,NA,0.00165299978107213,345.3299740999937,345.7054085996933,345.80566589999944,347.8055993998423,348.2056955997832,348.30788489989936,348.30788489989936,b,1,1.418513999786228,349.7554504000582,349.7554504000582,349.7554504000582,349.7554504000582,NA,NA,NA,NA,NA,NA,028,001,2024-10-15_15h28.29.007,PsychoPy Exp,2023.1.2,60.016912796991896
Knowledge,FALSE,FB-Ig,T_B_T,PsychoPyStudy2Stim/T_B_T_3.png,Adam KNOWS there are TWO cubes,2,h,b,2,0,2,1,0,1,1,0,1,B,PropTrueNoKnowledge,0,67,67,314,NA,NA,NA,NA,NA,0.00189079996198415,349.8402491998859,350.2221319996752,350.32233930006623,352.3223655996844,352.7223060000688,352.8245319998823,352.8245319998823,h,1,5.237643599975854,358.08889929996803,358.08889929996803,358.08889929996803,358.08889929996803,NA,NA,NA,NA,NA,NA,028,001,2024-10-15_15h28.29.007,PsychoPy Exp,2023.1.2,60.016912796991896
Reality,FALSE,FB-Ig,T_B_T,PsychoPyStudy2Stim/T_B_T_5.png,"In REALITY, there is ONE cube",1,h,b,2,0,2,1,0,1,1,0,1,B,PropFalse,0,68,68,96,NA,NA,NA,NA,NA,0.00170140014961361,358.16325109964237,358.5389143000357,358.6389640998095,360.63896969985217,361.0389697998762,361.14131999993697,361.14131999993697,h,1,1.608319399878383,362.77207130007446,362.77207130007446,362.77207130007446,362.77207130007446,NA,NA,NA,NA,NA,NA,028,001,2024-10-15_15h28.29.007,PsychoPy Exp,2023.1.2,60.016912796991896
Knowledge,TRUE,TB-K-B,DD_B,PsychoPyStudy2Stim/DD_B_3.png,Adam KNOWS there are ZERO cubes,0,b,h,2,2,0,2,2,0,0,0,0,B,-,0,69,69,236,NA,NA,NA,NA,NA,3.7549994885921e-4,362.8519514999352,363.2221703999676,363.3223069999367,365.3223679000512,365.7223058999516,365.8245578999631,365.8245578999631,b,1,2.6771951001137495,368.5221035000868,368.5221035000868,368.5221035000868,368.5221035000868,NA,NA,NA,NA,NA,NA,028,001,2024-10-15_15h28.29.007,PsychoPy Exp,2023.1.2,60.016912796991896
Knowledge,FALSE,TB-K,TD_NB,PsychoPyStudy2Stim/TD_NB_3.png,Adam KNOWS there are TWO cubes,2,h,b,2,1,1,2,1,1,0,0,0,NB,PropFalse,0,70,70,281,NA,NA,NA,NA,NA,7.6040020212531e-4,368.6063071996905,368.9888148000464,369.08887029998,371.088753500022,371.4889563997276,371.5912278997712,371.5912278997712,h,1,0.6790765998885036,372.28889619978145,372.28889619978145,372.28889619978145,372.28889619978145,NA,NA,NA,NA,NA,NA,028,001,2024-10-15_15h28.29.007,PsychoPy Exp,2023.1.2,60.016912796991896
Belief,FALSE,FB-Ig,T_B_T,PsychoPyStudy2Stim/T_B_T_6.png,Adam THINKS there are TWO cubes,2,h,b,2,0,2,1,0,1,1,0,1,B,PropTrueNoBelief,0,71,71,205,NA,NA,NA,NA,NA,0.00174790015444159,372.3926455997862,372.7721794997342,372.8722965996712,374.8723112000153,375.2722742999904,375.37449409998953,375.37449409998953,h,1,1.631697699893266,377.0222252998501,377.0222252998501,377.0222252998501,377.0222252998501,NA,NA,NA,NA,NA,NA,028,001,2024-10-15_15h28.29.007,PsychoPy Exp,2023.1.2,60.016912796991896
Reality,TRUE,FB-Ig,D_B_T,PsychoPyStudy2Stim/D_B_T_2.png,"In REALITY, there is ONE cube",1,b,h,2,1,1,1,1,0,1,0,1,B,-,0,72,72,51,NA,NA,NA,NA,NA,0.00166049972176551,377.11404410004616,377.488705500029,377.58892069989815,379.5887945997529,379.9888976998627,380.09121349966154,380.09121349966154,b,1,1.1476921997964382,381.2552930996753,381.2552930996753,381.2552930996753,381.2552930996753,NA,NA,NA,NA,NA,NA,028,001,2024-10-15_15h28.29.007,PsychoPy Exp,2023.1.2,60.016912796991896
Reality,FALSE,TB-K-B,TD_B,PsychoPyStudy2Stim/TD_B_7.png,"In REALITY, there are ZERO cubes",0,h,b,2,1,1,2,1,1,0,0,0,B,PropFalse,0,73,73,90,NA,NA,NA,NA,NA,4.051998257637e-4,381.32784589985386,381.70545489992946,381.8056581998244,383.80547440005466,384.2055370998569,384.3076371997595,384.3076371997595,h,1,0.6826590001583099,385.0054947999306,385.0054947999306,385.0054947999306,385.0054947999306,NA,NA,NA,NA,NA,NA,028,001,2024-10-15_15h28.29.007,PsychoPy Exp,2023.1.2,60.016912796991896
Belief,TRUE,TB-K,D_NB,PsychoPyStudy2Stim/D_NB_2.png,Adam THINKS there are ZERO cubes,0,b,h,1,1,0,1,1,0,0,0,0,NB,-,0,74,74,109,NA,NA,NA,NA,NA,0.00138310017064213,385.082030700054,385.4554014997557,385.55545099964365,387.5556031996384,387.9555044998415,388.0576732996851,388.0576732996851,b,1,1.1486219996586442,389.2220585998148,389.2220585998148,389.2220585998148,389.2220585998148,NA,NA,NA,NA,NA,NA,028,001,2024-10-15_15h28.29.007,PsychoPy Exp,2023.1.2,60.016912796991896
Reality,FALSE,TB-K,TT_NB,PsychoPyStudy2Stim/TT_NB_2.png,"In REALITY, there are ZERO cubes",0,h,b,2,0,2,2,0,2,0,0,0,NB,PropFalse,0,75,75,67,NA,NA,NA,NA,NA,0.00148759968578815,389.3039684998803,389.6887456998229,389.7887065997347,391.78883749991655,392.1887558000162,392.2910146000795,392.2910146000795,h,1,0.6349736000411212,392.9554077000357,392.9554077000357,392.9554077000357,392.9554077000357,NA,NA,NA,NA,NA,NA,028,001,2024-10-15_15h28.29.007,PsychoPy Exp,2023.1.2,60.016912796991896
Knowledge,TRUE,TB-K-B,TD_B,PsychoPyStudy2Stim/TD_B_8.png,Adam KNOWS there is ONE cube,1,b,h,2,1,1,2,1,1,0,0,0,B,-,0,76,76,265,NA,NA,NA,NA,NA,0.00151759991422295,393.0431681997143,393.4220610996708,393.5220043999143,395.52212770003825,395.9220372000709,396.0244032000191,396.0244032000191,b,1,1.277623999863863,397.322097199969,397.322097199969,397.322097199969,397.322097199969,NA,NA,NA,NA,NA,NA,028,001,2024-10-15_15h28.29.007,PsychoPy Exp,2023.1.2,60.016912796991896
Knowledge,FALSE,FB-Ig,T_B_T,PsychoPyStudy2Stim/T_B_T_6.png,Adam KNOWS there are TWO cubes,2,h,b,2,0,2,1,0,1,1,0,1,B,PropTrueNoKnowledge,0,77,77,317,NA,NA,NA,NA,NA,0.00167179992422461,397.4201628998853,397.8053616997786,397.9054902000353,399.90548889990896,400.3054980998859,400.407736199908,400.407736199908,h,1,0.5502406000159681,400.98878109967336,400.98878109967336,400.98878109967336,400.98878109967336,NA,NA,NA,NA,NA,NA,028,001,2024-10-15_15h28.29.007,PsychoPy Exp,2023.1.2,60.016912796991896
Reality,FALSE,TB-K,T_NB,PsychoPyStudy2Stim/T_NB_1.png,"In REALITY, there are ZERO cubes",0,h,b,1,0,1,1,0,1,0,0,0,NB,PropFalse,0,78,78,57,NA,NA,NA,NA,NA,0.0016932999715209,401.06802569981664,401.43869260000065,401.5388385998085,403.53868849994615,403.9388406998478,404.0409892997704,404.0409892997704,h,1,1.708929999731481,405.7720948997885,405.7720948997885,405.7720948997885,405.7720948997885,NA,NA,NA,NA,NA,NA,028,001,2024-10-15_15h28.29.007,PsychoPy Exp,2023.1.2,60.016912796991896
Knowledge,FALSE,TB-K,T_NB,PsychoPyStudy2Stim/T_NB_1.png,Adam KNOWS there are ZERO cubes,0,h,b,1,0,1,1,0,1,0,0,0,NB,PropFalse,0,79,79,273,NA,NA,NA,NA,NA,0.00172629998996853,405.846297999844,406.2220068997703,406.3222181997262,408.32194799976423,408.72203949978575,408.8243252998218,408.8243252998218,h,1,1.6856252998113632,410.53874949971214,410.53874949971214,410.53874949971214,410.53874949971214,NA,NA,NA,NA,NA,NA,028,001,2024-10-15_15h28.29.007,PsychoPy Exp,2023.1.2,60.016912796991896
Reality,TRUE,FB-Ig,T_B_T,PsychoPyStudy2Stim/T_B_T_4.png,"In REALITY, there are TWO cubes",2,b,h,2,0,2,1,0,1,1,0,1,B,-,0,80,80,47,NA,NA,NA,NA,NA,0.00167470006272196,410.6300447997637,411.005323600024,411.10556689975783,413.1054575997405,413.5055007999763,413.6077601998113,413.6077601998113,b,1,1.1497761001810431,414.79249589983374,NA,414.79249589983374,NA,space,5.501400699838996,NA,NA,NA,NA,028,001,2024-10-15_15h28.29.007,PsychoPy Exp,2023.1.2,60.016912796991896
Belief,TRUE,TB-K,T_NB,PsychoPyStudy2Stim/T_NB_1.png,Adam THINKS there is ONE cube,1,b,h,1,0,1,1,0,1,0,0,0,NB,-,0,81,81,111,NA,NA,NA,NA,NA,0.00167899997904896,420.4041945999488,420.7886290997267,420.8887374997139,422.8887195000425,423.2887041997165,423.3910341998562,423.3910341998562,b,1,3.966482000425458,427.3885578000918,427.3885578000918,427.3885578000918,427.3885578000918,NA,NA,NA,NA,NA,NA,028,001,2024-10-15_15h28.29.007,PsychoPy Exp,2023.1.2,60.016912796991896
Belief,TRUE,TB-Ig,D_B,PsychoPyStudy2Stim/D_B_3.png,Adam THINKS there are ZERO cubes,0,b,h,1,1,0,1,1,0,0,0,0,B,-,0,82,82,128,NA,NA,NA,NA,NA,5.9520034119486e-4,427.4756271000951,427.8552616997622,427.95538539998233,429.9553680000827,430.35513280006126,430.4575624000281,430.4575624000281,b,1,1.2683051996864378,431.7551134000532,431.7551134000532,431.7551134000532,431.7551134000532,NA,NA,NA,NA,NA,NA,028,001,2024-10-15_15h28.29.007,PsychoPy Exp,2023.1.2,60.016912796991896
Knowledge,FALSE,FB-Ig,T_B_T,PsychoPyStudy2Stim/T_B_T_3.png,Adam KNOWS there is ONE cube,1,h,b,2,0,2,1,0,1,1,0,1,B,PropFalse,0,83,83,302,NA,NA,NA,NA,NA,3.8339989259839e-4,431.83133449964225,432.2052921000868,432.30530799971893,434.3054029000923,434.7054063999094,434.8075725999661,434.8075725999661,h,1,1.4781897999346256,436.305295899976,436.305295899976,436.305295899976,436.305295899976,NA,NA,NA,NA,NA,NA,028,001,2024-10-15_15h28.29.007,PsychoPy Exp,2023.1.2,60.016912796991896
Knowledge,FALSE,TB-K,TT_NB,PsychoPyStudy2Stim/TT_NB_3.png,Adam KNOWS there are ZERO cubes,0,h,b,2,0,2,2,0,2,0,0,0,NB,PropFalse,0,84,84,284,NA,NA,NA,NA,NA,0.00167889986187219,436.3967263996601,436.77188019966707,436.8720149998553,438.87201469996944,439.27200269978493,439.3744516000152,439.3744516000152,h,1,1.4313301998190582,440.8217575000599,440.8217575000599,440.8217575000599,440.8217575000599,NA,NA,NA,NA,NA,NA,028,001,2024-10-15_15h28.29.007,PsychoPy Exp,2023.1.2,60.016912796991896
Reality,TRUE,TB-K,TT_NB,PsychoPyStudy2Stim/TT_NB_2.png,"In REALITY, there are TWO cubes",2,b,h,2,0,2,2,0,2,0,0,0,NB,-,0,85,85,13,NA,NA,NA,NA,NA,4.2869988828897e-4,440.8961192998104,441.2719183997251,441.3720092996955,443.371981699951,443.7718614996411,443.8741721999831,443.8741721999831,b,1,2.2595846001058817,446.1552965999581,446.1552965999581,446.1552965999581,446.1552965999581,NA,NA,NA,NA,NA,NA,028,001,2024-10-15_15h28.29.007,PsychoPy Exp,2023.1.2,60.016912796991896
Belief,FALSE,TB-K,D_NB,PsychoPyStudy2Stim/D_NB_1.png,Adam THINKS there is ONE cube,1,h,b,1,1,0,1,1,0,0,0,0,NB,PropFalse,0,86,86,162,NA,NA,NA,NA,NA,0.001677299849689,446.25322100007907,446.63850789982826,446.73864150000736,448.7386288000271,449.1386424000375,449.2409242000431,449.2409242000431,h,1,1.140595800243318,450.40512359980494,450.40512359980494,450.40512359980494,450.40512359980494,NA,NA,NA,NA,NA,NA,028,001,2024-10-15_15h28.29.007,PsychoPy Exp,2023.1.2,60.016912796991896
Belief,FALSE,TB-K-B,TT_B,PsychoPyStudy2Stim/TT_B_2.png,Adam THINKS there are ZERO cubes,0,h,b,2,0,2,2,0,2,0,0,0,B,PropFalse,0,87,87,189,NA,NA,NA,NA,NA,0.00169700011610984,450.4849800998345,450.85524490009993,450.9553820998408,452.9553159996867,453.35521350009367,453.4575884998776,453.4575884998776,h,1,1.3001911998726428,454.788573499769,454.788573499769,454.788573499769,454.788573499769,NA,NA,NA,NA,NA,NA,028,001,2024-10-15_15h28.29.007,PsychoPy Exp,2023.1.2,60.016912796991896
Knowledge,TRUE,TB-K,TT_NB,PsychoPyStudy2Stim/TT_NB_1.png,Adam KNOWS there are TWO cubes,2,b,h,2,0,2,2,0,2,0,0,0,NB,-,0,88,88,228,NA,NA,NA,NA,NA,0.00170930009335279,454.8762480998412,455.2551551000215,455.35533709963784,457.3551213997416,457.7551388000138,457.8575007999316,457.8575007999316,b,1,0.5719254999421537,458.4549994999543,458.4549994999543,458.4549994999543,458.4549994999543,NA,NA,NA,NA,NA,NA,028,001,2024-10-15_15h28.29.007,PsychoPy Exp,2023.1.2,60.016912796991896
Belief,FALSE,TB-Ig,D_B,PsychoPyStudy2Stim/D_B_4.png,Adam THINKS there is ONE cube,1,h,b,1,1,0,1,1,0,0,0,0,B,PropFalse,0,89,89,183,NA,NA,NA,NA,NA,4.1340012103319e-4,458.53623660001904,458.9218127997592,459.02181850001216,461.021914599929,461.42191549995914,461.5242536999285,461.5242536999285,h,1,0.57742719957605,462.1218630000949,462.1218630000949,462.1218630000949,462.1218630000949,NA,NA,NA,NA,NA,NA,028,001,2024-10-15_15h28.29.007,PsychoPy Exp,2023.1.2,60.016912796991896
Belief,FALSE,TB-K-B,TT_B,PsychoPyStudy2Stim/TT_B_7.png,Adam THINKS there are ZERO cubes,0,h,b,2,0,2,2,0,2,0,0,0,B,PropFalse,0,90,90,194,NA,NA,NA,NA,NA,0.00168070010840892,462.21166539983824,462.5884694997221,462.6886108997278,464.68844259995967,465.0885689998977,465.19070949964225,465.19070949964225,h,1,0.7750628003850579,465.98848649999127,465.98848649999127,465.98848649999127,465.98848649999127,NA,NA,NA,NA,NA,NA,028,001,2024-10-15_15h28.29.007,PsychoPy Exp,2023.1.2,60.016912796991896
Reality,FALSE,TB-K,DD_NB,PsychoPyStudy2Stim/DD_NB_2.png,"In REALITY, there are TWO cubes",2,h,b,2,2,0,2,2,0,0,0,0,NB,PropFalse,0,91,91,61,NA,NA,NA,NA,NA,0.00167510006576776,466.0677836998366,466.4384766998701,466.53837869968265,468.5383476000279,468.93849750002846,469.0406700000167,469.0406700000167,h,1,0.5247097997926176,469.5883130999282,469.5883130999282,469.5883130999282,469.5883130999282,NA,NA,NA,NA,NA,NA,028,001,2024-10-15_15h28.29.007,PsychoPy Exp,2023.1.2,60.016912796991896
Belief,FALSE,TB-K,TT_NB,PsychoPyStudy2Stim/TT_NB_4.png,Adam THINKS there is ONE cube,1,h,b,2,0,2,2,0,2,0,0,0,NB,PropFalse,0,92,92,177,NA,NA,NA,NA,NA,3.8010021671652e-4,469.6599330999889,470.03842889983207,470.1386015997268,472.1385625996627,472.5385413998738,472.6406696997583,472.6406696997583,h,1,0.5814717002213001,473.23832800006494,473.23832800006494,473.23832800006494,473.23832800006494,NA,NA,NA,NA,NA,NA,028,001,2024-10-15_15h28.29.007,PsychoPy Exp,2023.1.2,60.016912796991896
Belief,FALSE,FB-Ig,T_B_T,PsychoPyStudy2Stim/T_B_T_6.png,Adam THINKS there are TWO cubes,2,h,b,2,0,2,1,0,1,1,0,1,B,PropTrueNoBelief,0,93,93,211,NA,NA,NA,NA,NA,0.00167999975383281,473.3105121999979,473.6884943996556,473.7892601997592,475.7885361998342,476.1885107997805,476.2908188998699,476.2908188998699,h,1,0.4996299999766052,476.82167189987376,476.82167189987376,476.82167189987376,476.82167189987376,NA,NA,NA,NA,NA,NA,028,001,2024-10-15_15h28.29.007,PsychoPy Exp,2023.1.2,60.016912796991896
Knowledge,TRUE,TB-K-B,TT_B,PsychoPyStudy2Stim/TT_B_16.png,Adam KNOWS there are TWO cubes,2,b,h,2,0,2,2,0,2,0,0,0,B,-,0,94,94,249,NA,NA,NA,NA,NA,0.00151599990203976,476.89793529966846,477.2717214999721,477.3717489996925,479.37192069971934,479.77189640002325,479.8740983000025,479.8740983000025,b,1,0.6995582999661565,480.6049470999278,480.6049470999278,480.6049470999278,480.6049470999278,NA,NA,NA,NA,NA,NA,028,001,2024-10-15_15h28.29.007,PsychoPy Exp,2023.1.2,60.016912796991896
Knowledge,FALSE,TB-K,TT_NB,PsychoPyStudy2Stim/TT_NB_5.png,Adam KNOWS there is ONE cube,1,h,b,2,0,2,2,0,2,0,0,0,NB,PropFalse,0,95,95,286,NA,NA,NA,NA,NA,5.1070004701614e-4,480.6836882997304,481.0550628998317,481.1551769999787,483.1552245998755,483.5551248998381,483.65735749993473,483.65735749993473,h,1,0.8279372998513281,484.5048831999302,484.5048831999302,484.5048831999302,484.5048831999302,NA,NA,NA,NA,NA,NA,028,001,2024-10-15_15h28.29.007,PsychoPy Exp,2023.1.2,60.016912796991896
Reality,TRUE,TB-K,DD_NB,PsychoPyStudy2Stim/DD_NB_2.png,"In REALITY, there are ZERO cubes",0,b,h,2,2,0,2,2,0,0,0,0,NB,-,0,96,96,7,NA,NA,NA,NA,NA,4.1229976341128e-4,484.57594479992986,484.9550562999211,485.055162999779,487.0551835000515,487.4551579998806,487.5573521000333,487.5573521000333,h,0,0.5123311001807451,488.0882536000572,488.0882536000572,488.0882536000572,488.0882536000572,NA,NA,NA,NA,NA,NA,028,001,2024-10-15_15h28.29.007,PsychoPy Exp,2023.1.2,60.016912796991896
Reality,FALSE,FB-Ig,D_B_T,PsychoPyStudy2Stim/D_B_T_2.png,"In REALITY, there are ZERO cubes",0,h,b,2,1,1,1,1,0,1,0,1,B,PropFalse,0,97,97,105,NA,NA,NA,NA,NA,8.3429971709847e-4,488.1622557998635,488.5383721999824,488.6384442998096,490.6382162999362,491.03837179997936,491.1406737999059,491.1406737999059,h,1,3.3371036001481116,494.5050869998522,494.5050869998522,494.5050869998522,494.5050869998522,NA,NA,NA,NA,NA,NA,028,001,2024-10-15_15h28.29.007,PsychoPy Exp,2023.1.2,60.016912796991896
Belief,FALSE,TB-K,TT_NB,PsychoPyStudy2Stim/TT_NB_1.png,Adam THINKS there are ZERO cubes,0,h,b,2,0,2,2,0,2,0,0,0,NB,PropFalse,0,98,98,174,NA,NA,NA,NA,NA,0.00165509991347789,494.578716899734,494.9549465999007,495.05512089980766,497.05506750009954,497.45488710002974,497.5573531999253,497.5573531999253,h,1,1.640193299856037,499.2217691000551,499.2217691000551,499.2217691000551,499.2217691000551,NA,NA,NA,NA,NA,NA,028,001,2024-10-15_15h28.29.007,PsychoPy Exp,2023.1.2,60.016912796991896
Belief,TRUE,TB-Ig,D_B_D,PsychoPyStudy2Stim/D_B_D_4.png,Adam THINKS there are ZERO cubes,0,b,h,2,2,0,1,1,0,1,1,0,B,-,0,99,99,133,NA,NA,NA,NA,NA,0.0016948003321886,499.30433199973777,499.68832849990577,499.7884500999935,501.7884360998869,502.1883322997018,502.2906311997213,502.2906311997213,b,1,1.4350121999159455,503.7550737001002,503.7550737001002,503.7550737001002,503.7550737001002,NA,NA,NA,NA,NA,NA,028,001,2024-10-15_15h28.29.007,PsychoPy Exp,2023.1.2,60.016912796991896
Knowledge,TRUE,TB-K-B,TT_B,PsychoPyStudy2Stim/TT_B_13.png,Adam KNOWS there are TWO cubes,2,b,h,2,0,2,2,0,2,0,0,0,B,-,0,100,100,246,NA,NA,NA,NA,NA,0.00169020006433129,503.8462443999015,504.22163240006194,504.3217714997008,506.3217613999732,506.7216361998581,506.82403869973496,506.82403869973496,b,1,0.5895096999593079,507.43831070000306,507.43831070000306,507.43831070000306,507.43831070000306,NA,NA,NA,NA,NA,NA,028,001,2024-10-15_15h28.29.007,PsychoPy Exp,2023.1.2,60.016912796991896
Knowledge,FALSE,FB-Ig,D_B_T,PsychoPyStudy2Stim/D_B_T_3.png,Adam KNOWS there are ZERO cubes,0,h,b,2,1,1,1,1,0,1,0,1,B,PropFalse,0,101,101,323,NA,NA,NA,NA,NA,0.00164429983124136,507.5249699996784,507.9048878997564,508.00499319983646,510.0049819997512,510.40504929982126,510.50729470001534,510.50729470001534,b,0,5.11460779979825,515.638168499805,515.638168499805,515.638168499805,515.638168499805,NA,NA,NA,NA,NA,NA,028,001,2024-10-15_15h28.29.007,PsychoPy Exp,2023.1.2,60.016912796991896
Belief,FALSE,TB-K,TD_NB,PsychoPyStudy2Stim/TD_NB_1.png,Adam THINKS there are ZERO cubes,0,h,b,2,1,1,2,1,1,0,0,0,NB,PropFalse,0,102,102,171,NA,NA,NA,NA,NA,5.9359986335039e-4,515.7223463999107,516.1049138000235,516.2051030998118,518.2049404000863,518.6050569997169,518.7072291998193,518.7072291998193,h,1,2.4583364999853075,521.1883181999438,521.1883181999438,521.1883181999438,521.1883181999438,NA,NA,NA,NA,NA,NA,028,001,2024-10-15_15h28.29.007,PsychoPy Exp,2023.1.2,60.016912796991896
Reality,TRUE,TB-K,D_NB,PsychoPyStudy2Stim/D_NB_3.png,"In REALITY, there are ZERO cubes",0,b,h,1,1,0,1,1,0,0,0,0,NB,-,0,103,103,2,NA,NA,NA,NA,NA,0.0016928999684751,521.2756439996883,521.654940399807,521.7550238999538,523.754889300093,524.1549375997856,524.2572586997412,524.2572586997412,b,1,1.1484266999177637,525.4214650997892,525.4214650997892,525.4214650997892,525.4214650997892,NA,NA,NA,NA,NA,NA,028,001,2024-10-15_15h28.29.007,PsychoPy Exp,2023.1.2,60.016912796991896
Knowledge,TRUE,TB-K-B,TD_B,PsychoPyStudy2Stim/TD_B_9.png,Adam KNOWS there is ONE cube,1,b,h,2,1,1,2,1,1,0,0,0,B,-,0,104,104,266,NA,NA,NA,NA,NA,0.00148870004341006,525.4935351996683,525.8715435997583,525.9717063000426,527.9714583000168,528.3716540997848,528.4738244996406,528.4738244996406,b,1,0.8276208997704089,529.3213958996348,529.3213958996348,529.3213958996348,529.3213958996348,NA,NA,NA,NA,NA,NA,028,001,2024-10-15_15h28.29.007,PsychoPy Exp,2023.1.2,60.016912796991896
Knowledge,FALSE,TB-Ig,D_B,PsychoPyStudy2Stim/D_B_3.png,Adam KNOWS there are ZERO cubes,0,h,b,1,1,0,1,1,0,0,0,0,B,PropTrueNoKnowledge,0,105,105,290,NA,NA,NA,NA,NA,0.00167200015857815,529.389468899928,529.7715690997429,529.8715180996805,531.8715204000473,532.2716055000201,532.3739108997397,532.3739108997397,h,1,4.887771499808878,537.2880127998069,537.2880127998069,537.2880127998069,537.2880127998069,NA,NA,NA,NA,NA,NA,028,001,2024-10-15_15h28.29.007,PsychoPy Exp,2023.1.2,60.016912796991896
Reality,TRUE,FB-Ig,D_B_T,PsychoPyStudy2Stim/D_B_T_1.png,"In REALITY, there is ONE cube",1,b,h,2,1,1,1,1,0,1,0,1,B,-,0,106,106,50,NA,NA,NA,NA,NA,0.00164219969883561,537.3592146998271,537.7382000000216,537.838311099913,539.8383168000728,540.2382167996839,540.3405029000714,540.3405029000714,b,1,0.9849760998040438,541.35487309983,541.35487309983,541.35487309983,541.35487309983,NA,NA,NA,NA,NA,NA,028,001,2024-10-15_15h28.29.007,PsychoPy Exp,2023.1.2,60.016912796991896
Belief,FALSE,TB-K,TT_NB,PsychoPyStudy2Stim/TT_NB_2.png,Adam THINKS there are ZERO cubes,0,h,b,2,0,2,2,0,2,0,0,0,NB,PropFalse,0,107,107,175,NA,NA,NA,NA,NA,0.0016924999654293,541.4437903999351,541.8215218996629,541.9216271000914,543.921644099988,544.3216348998249,544.423718099948,544.423718099948,h,1,1.7337526003830137,546.1880101999268,546.1880101999268,546.1880101999268,546.1880101999268,NA,NA,NA,NA,NA,NA,028,001,2024-10-15_15h28.29.007,PsychoPy Exp,2023.1.2,60.016912796991896
Knowledge,FALSE,TB-K,TD_NB,PsychoPyStudy2Stim/TD_NB_1.png,Adam KNOWS there are ZERO cubes,0,h,b,2,1,1,2,1,1,0,0,0,NB,PropFalse,0,108,108,279,NA,NA,NA,NA,NA,3.9999978616833e-4,546.2611586996354,546.6381520996802,546.7382841999643,548.738275999669,549.1382096996531,549.240464899689,549.240464899689,h,1,1.620573999825865,550.8878529998474,550.8878529998474,550.8878529998474,550.8878529998474,NA,NA,NA,NA,NA,NA,028,001,2024-10-15_15h28.29.007,PsychoPy Exp,2023.1.2,60.016912796991896
Knowledge,TRUE,TB-K-B,TT_B,PsychoPyStudy2Stim/TT_B_21.png,Adam KNOWS there are TWO cubes,2,b,h,2,0,2,2,0,2,0,0,0,B,-,0,109,109,254,NA,NA,NA,NA,NA,4.7350022941827e-4,550.9696260998026,551.3547108997591,551.4549624999054,553.454950899817,553.8549228999764,553.957180599682,553.957180599682,b,1,1.1682473998516798,555.1548648998141,555.1548648998141,555.1548648998141,555.1548648998141,NA,NA,NA,NA,NA,NA,028,001,2024-10-15_15h28.29.007,PsychoPy Exp,2023.1.2,60.016912796991896
Reality,TRUE,TB-K-B,TD_B,PsychoPyStudy2Stim/TD_B_1.png,"In REALITY, there is ONE cube",1,b,h,2,1,1,2,1,1,0,0,0,B,-,0,110,110,30,NA,NA,NA,NA,NA,0.00240880018100142,555.2540652998723,555.6381431999616,555.7383091999218,557.7381605999544,558.1382261998951,558.2405077000149,558.2405077000149,b,1,0.6208067000843585,558.8880877997726,558.8880877997726,558.8880877997726,558.8880877997726,NA,NA,NA,NA,NA,NA,028,001,2024-10-15_15h28.29.007,PsychoPy Exp,2023.1.2,60.016912796991896
Reality,FALSE,FB-Ig,T_B_T,PsychoPyStudy2Stim/T_B_T_4.png,"In REALITY, there is ONE cube",1,h,b,2,0,2,1,0,1,1,0,1,B,PropFalse,0,111,111,95,NA,NA,NA,NA,NA,0.00150369992479681,558.9771757996641,559.354802899994,559.454870000016,561.4548621000722,561.8548397999257,561.9572803997435,561.9572803997435,h,1,0.8876879997551441,562.8712351997383,562.8712351997383,562.8712351997383,562.8712351997383,NA,NA,NA,NA,NA,NA,028,001,2024-10-15_15h28.29.007,PsychoPy Exp,2023.1.2,60.016912796991896
Reality,TRUE,TB-Ig,D_B_D,PsychoPyStudy2Stim/D_B_D_4.png,"In REALITY, there are ZERO cubes",0,b,h,2,2,0,1,1,0,1,1,0,B,-,0,112,112,25,NA,NA,NA,NA,NA,3.9790011942386e-4,562.9426468000747,563.3212884999812,563.421518499963,565.4215404000133,565.8214186998084,565.9237011000514,565.9237011000514,b,1,2.361593199893832,568.3047547996975,568.3047547996975,568.3047547996975,568.3047547996975,NA,NA,NA,NA,NA,NA,028,001,2024-10-15_15h28.29.007,PsychoPy Exp,2023.1.2,60.016912796991896
Reality,FALSE,FB-Ig,D_B_T,PsychoPyStudy2Stim/D_B_T_1.png,"In REALITY, there are ZERO cubes",0,h,b,2,1,1,1,1,0,1,0,1,B,PropFalse,0,113,113,104,NA,NA,NA,NA,NA,0.00146349985152482,568.3954011998139,568.771413799841,568.8713731998578,570.8713901997544,571.271528000012,571.3737339996733,571.3737339996733,h,1,0.6235507996752858,572.0214617997408,572.0214617997408,572.0214617997408,572.0214617997408,NA,NA,NA,NA,NA,NA,028,001,2024-10-15_15h28.29.007,PsychoPy Exp,2023.1.2,60.016912796991896
Reality,TRUE,TB-K,T_NB,PsychoPyStudy2Stim/T_NB_3.png,"In REALITY, there is ONE cube",1,b,h,1,0,1,1,0,1,0,0,0,NB,-,0,114,114,5,NA,NA,NA,NA,NA,0.00168620003387331,572.112345200032,572.4880300997756,572.5880533000454,574.5881380997598,574.9881543000229,575.0903829997405,575.0903829997405,b,1,1.4029337000101805,576.5213871998712,576.5213871998712,576.5213871998712,576.5213871998712,NA,NA,NA,NA,NA,NA,028,001,2024-10-15_15h28.29.007,PsychoPy Exp,2023.1.2,60.016912796991896
Reality,FALSE,TB-K,TT_NB,PsychoPyStudy2Stim/TT_NB_3.png,"In REALITY, there are ZERO cubes",0,h,b,2,0,2,2,0,2,0,0,0,NB,PropFalse,0,115,115,68,NA,NA,NA,NA,NA,0.00166819989681243,576.6168088996783,576.9880979997106,577.0881529999897,579.0881634997204,579.4880840000696,579.5903126997873,579.5903126997873,h,1,1.790938799735159,581.4046819000505,581.4046819000505,581.4046819000505,581.4046819000505,NA,NA,NA,NA,NA,NA,028,001,2024-10-15_15h28.29.007,PsychoPy Exp,2023.1.2,60.016912796991896
Belief,TRUE,FB-Ig,T_B_T,PsychoPyStudy2Stim/T_B_T_3.png,Adam THINKS there is ONE cube,1,b,h,2,0,2,1,0,1,1,0,1,B,-,0,116,116,148,NA,NA,NA,NA,NA,0.00146729964762926,581.4932923000306,581.8713372000493,581.9712823000737,583.9714874997735,584.3713555000722,584.473574699834,584.473574699834,b,1,1.9003274999558928,586.4047048999928,586.4047048999928,586.4047048999928,586.4047048999928,NA,NA,NA,NA,NA,NA,028,001,2024-10-15_15h28.29.007,PsychoPy Exp,2023.1.2,60.016912796991896
Belief,TRUE,TB-K,TT_NB,PsychoPyStudy2Stim/TT_NB_3.png,Adam THINKS there are TWO cubes,2,b,h,2,0,2,2,0,2,0,0,0,NB,-,0,117,117,122,NA,NA,NA,NA,NA,0.00166169973090291,586.5014776997268,586.8713366999291,586.97148309974,588.9713109997101,589.3713973998092,589.4736991999671,589.4736991999671,b,1,0.9001624998636544,590.4047232996672,590.4047232996672,590.4047232996672,590.4047232996672,NA,NA,NA,NA,NA,NA,028,001,2024-10-15_15h28.29.007,PsychoPy Exp,2023.1.2,60.016912796991896
Reality,FALSE,TB-K,DD_NB,PsychoPyStudy2Stim/DD_NB_3.png,"In REALITY, there are TWO cubes",2,h,b,2,2,0,2,2,0,0,0,0,NB,PropFalse,0,118,118,62,NA,NA,NA,NA,NA,0.00169940013438463,590.4965864000842,590.87137479987,590.9714175998233,592.9713308997452,593.3713517999277,593.4735902999528,593.4735902999528,h,1,1.67563350033015,595.1712460000999,595.1712460000999,595.1712460000999,595.1712460000999,NA,NA,NA,NA,NA,NA,028,001,2024-10-15_15h28.29.007,PsychoPy Exp,2023.1.2,60.016912796991896
Reality,TRUE,TB-K,TT_NB,PsychoPyStudy2Stim/TT_NB_3.png,"In REALITY, there are TWO cubes",2,b,h,2,0,2,2,0,2,0,0,0,NB,-,0,119,119,14,NA,NA,NA,NA,NA,0.00148419989272952,595.2420596997254,595.6211876999587,595.7214089999907,597.7213447000831,598.1213845000602,598.2238839999773,598.2238839999773,b,1,1.7335506998933852,599.9880840000696,599.9880840000696,599.9880840000696,599.9880840000696,NA,NA,NA,NA,NA,NA,028,001,2024-10-15_15h28.29.007,PsychoPy Exp,2023.1.2,60.016912796991896
Knowledge,FALSE,TB-K,D_NB,PsychoPyStudy2Stim/D_NB_2.png,Adam KNOWS there is ONE cube,1,h,b,1,1,0,1,1,0,0,0,0,NB,PropFalse,0,120,120,271,NA,NA,NA,NA,NA,0.00166270043700933,600.0753504997119,600.4545996999368,600.5545966997743,602.5547446999699,602.9547076998278,603.0569042996503,603.0569042996503,h,1,0.9403470000252128,604.0213432000019,604.0213432000019,604.0213432000019,604.0213432000019,NA,NA,NA,NA,NA,NA,028,001,2024-10-15_15h28.29.007,PsychoPy Exp,2023.1.2,60.016912796991896
Belief,FALSE,TB-K,T_NB,PsychoPyStudy2Stim/T_NB_2.png,Adam THINKS there are TWO cubes,2,h,b,1,0,1,1,0,1,0,0,0,NB,PropFalse,0,121,121,166,NA,NA,NA,NA,NA,0.00169430021196603,604.1057744999416,604.4879032997414,604.5879834997468,606.5880817999132,606.9880581996404,607.0902531999163,607.0902531999163,h,1,1.7788042998872695,608.8878258997574,608.8878258997574,608.8878258997574,608.8878258997574,NA,NA,NA,NA,NA,NA,028,001,2024-10-15_15h28.29.007,PsychoPy Exp,2023.1.2,60.016912796991896
Reality,TRUE,FB-Ig,T_B_T,PsychoPyStudy2Stim/T_B_T_2.png,"In REALITY, there are TWO cubes",2,b,h,2,0,2,1,0,1,1,0,1,B,-,0,122,122,45,NA,NA,NA,NA,NA,6.8029994145035e-4,608.9780947999097,609.3546557999216,609.4545257999562,611.4544202000834,611.8546007997356,611.9569151997566,611.9569151997566,b,1,0.9359144000336528,612.9211474000476,612.9211474000476,612.9211474000476,612.9211474000476,NA,NA,NA,NA,NA,NA,028,001,2024-10-15_15h28.29.007,PsychoPy Exp,2023.1.2,60.016912796991896
Knowledge,TRUE,TB-K,TT_NB,PsychoPyStudy2Stim/TT_NB_6.png,Adam KNOWS there are TWO cubes,2,b,h,2,0,2,2,0,2,0,0,0,NB,-,0,123,123,233,NA,NA,NA,NA,NA,5.7959975674748e-4,613.0025875000283,613.3878828999586,613.4880324997939,615.4879891998135,615.8880202998407,615.9902062998153,615.9902062998153,b,1,1.2715905001387,617.2877946998924,617.2877946998924,617.2877946998924,617.2877946998924,NA,NA,NA,NA,NA,NA,028,001,2024-10-15_15h28.29.007,PsychoPy Exp,2023.1.2,60.016912796991896
Reality,FALSE,TB-K,TD_NB,PsychoPyStudy2Stim/TD_NB_2.png,"In REALITY, there are ZERO cubes",0,h,b,2,1,1,2,1,1,0,0,0,NB,PropFalse,0,124,124,64,NA,NA,NA,NA,NA,3.8580037653446e-4,617.3566453000531,617.737887499854,617.8380249999464,619.837991700042,620.2379140998237,620.3402257999405,620.3402257999405,h,1,0.8409164999611676,621.204611999914,621.204611999914,621.204611999914,621.204611999914,NA,NA,NA,NA,NA,NA,028,001,2024-10-15_15h28.29.007,PsychoPy Exp,2023.1.2,60.016912796991896
Belief,FALSE,TB-Ig,D_B_D,PsychoPyStudy2Stim/D_B_D_2.png,Adam THINKS there is ONE cube,1,h,b,2,2,0,1,1,0,1,1,0,B,PropFalse,0,125,125,185,NA,NA,NA,NA,NA,0.00170650007203221,621.2895744997077,621.6712066000327,621.7713581998833,623.7712954999879,624.1712603997439,624.2735599996522,624.2735599996522,h,1,1.3712528999894855,625.6710971998982,625.6710971998982,625.6710971998982,625.6710971998982,NA,NA,NA,NA,NA,NA,028,001,2024-10-15_15h28.29.007,PsychoPy Exp,2023.1.2,60.016912796991896
Knowledge,TRUE,TB-K,D_NB,PsychoPyStudy2Stim/D_NB_1.png,Adam KNOWS there are ZERO cubes,0,b,h,1,1,0,1,1,0,0,0,0,NB,-,0,126,126,216,NA,NA,NA,NA,NA,4.1169999167323e-4,625.7477576998062,626.1211454998702,626.221314900089,628.2213014997542,628.6213124999776,628.7234245999716,628.7234245999716,h,0,1.3857990000396967,630.1377254999243,630.1377254999243,630.1377254999243,630.1377254999243,NA,NA,NA,NA,NA,NA,028,001,2024-10-15_15h28.29.007,PsychoPy Exp,2023.1.2,60.016912796991896
Reality,FALSE,TB-K-B,TD_B,PsychoPyStudy2Stim/TD_B_9.png,"In REALITY, there are ZERO cubes",0,h,b,2,1,1,2,1,1,0,0,0,B,PropFalse,0,127,127,91,NA,NA,NA,NA,NA,0.00164749985560774,630.2106440998614,630.5878784996457,630.688048100099,632.6878055999987,633.087937799748,633.1901988000609,633.1901988000609,h,1,1.5905472999438643,634.8043593997136,634.8043593997136,634.8043593997136,634.8043593997136,NA,NA,NA,NA,NA,NA,028,001,2024-10-15_15h28.29.007,PsychoPy Exp,2023.1.2,60.016912796991896
Reality,FALSE,TB-K-B,TD_B,PsychoPyStudy2Stim/TD_B_1.png,"In REALITY, there are ZERO cubes",0,h,b,2,1,1,2,1,1,0,0,0,B,PropFalse,0,128,128,84,NA,NA,NA,NA,NA,4.1070021688938e-4,634.8763676998205,635.2545520998538,635.3546653999947,637.3545929999091,637.7546220999211,637.856798700057,637.856798700057,h,1,1.012211800087243,638.8877922999673,638.8877922999673,638.8877922999673,638.8877922999673,NA,NA,NA,NA,NA,NA,028,001,2024-10-15_15h28.29.007,PsychoPy Exp,2023.1.2,60.016912796991896
Reality,FALSE,TB-K-B,TD_B,PsychoPyStudy2Stim/TD_B_2.png,"In REALITY, there are ZERO cubes",0,h,b,2,1,1,2,1,1,0,0,0,B,PropFalse,0,129,129,85,NA,NA,NA,NA,NA,8.2379998639225e-4,638.9650306999683,639.3377844998613,639.4378283000551,641.437933200039,641.8377759996802,641.9400569996797,641.9400569996797,h,1,0.6570272003300488,642.6211570999585,642.6211570999585,642.6211570999585,642.6211570999585,NA,NA,NA,NA,NA,NA,028,001,2024-10-15_15h28.29.007,PsychoPy Exp,2023.1.2,60.016912796991896
Reality,TRUE,TB-K-B,TD_B,PsychoPyStudy2Stim/TD_B_6.png,"In REALITY, there is ONE cube",1,b,h,2,1,1,2,1,1,0,0,0,B,-,0,130,130,35,NA,NA,NA,NA,NA,0.00167150003835558,642.7099644998088,643.08782720007,643.1877212999389,645.1878173998557,645.5878650997765,645.6901672999375,645.6901672999375,b,1,1.2029283996671438,646.921171199996,646.921171199996,646.921171199996,646.921171199996,NA,NA,NA,NA,NA,NA,028,001,2024-10-15_15h28.29.007,PsychoPy Exp,2023.1.2,60.016912796991896
Knowledge,FALSE,TB-K-B,TT_B,PsychoPyStudy2Stim/TT_B_14.png,Adam KNOWS there is ONE cube,1,h,b,2,0,2,2,0,2,0,0,0,B,PropFalse,0,131,131,298,NA,NA,NA,NA,NA,0.00166810024529695,646.99866369972,647.3710830998607,647.4710764996707,649.4710782999173,649.871173999738,649.9734890996478,649.9734890996478,h,1,0.7912210002541542,650.787809100002,650.787809100002,650.787809100002,650.787809100002,NA,NA,NA,NA,NA,NA,028,001,2024-10-15_15h28.29.007,PsychoPy Exp,2023.1.2,60.016912796991896
Belief,TRUE,TB-K,DD_NB,PsychoPyStudy2Stim/DD_NB_3.png,Adam THINKS there are ZERO cubes,0,b,h,2,2,0,2,2,0,0,0,0,NB,-,0,132,132,116,NA,NA,NA,NA,NA,0.00120260007679462,650.8752419999801,651.2543905996718,651.3546075997874,653.3543153000064,653.7545306999236,653.856740700081,653.856740700081,h,0,1.2205193997360766,655.1041447999887,655.1041447999887,655.1041447999887,655.1041447999887,NA,NA,NA,NA,NA,NA,028,001,2024-10-15_15h28.29.007,PsychoPy Exp,2023.1.2,60.016912796991896
Reality,FALSE,TB-K-B,TD_B,PsychoPyStudy2Stim/TD_B_6.png,"In REALITY, there are ZERO cubes",0,h,b,2,1,1,2,1,1,0,0,0,B,PropFalse,0,133,133,89,NA,NA,NA,NA,NA,4.0970044210553e-4,655.1780264000408,655.5544157996774,655.6544450996444,657.6545711997896,658.0545316999778,658.1566606997512,658.1566606997512,h,1,0.5684860004112124,658.7544590998441,658.7544590998441,658.7544590998441,658.7544590998441,NA,NA,NA,NA,NA,NA,028,001,2024-10-15_15h28.29.007,PsychoPy Exp,2023.1.2,60.016912796991896
Reality,FALSE,TB-K,D_NB,PsychoPyStudy2Stim/D_NB_3.png,"In REALITY, there are TWO cubes",2,h,b,1,1,0,1,1,0,0,0,0,NB,PropFalse,0,134,134,56,NA,NA,NA,NA,NA,0.00164330005645751,658.8437532996759,659.2209904999472,659.3211761000566,661.3211443000473,661.7210911996663,661.8233285997994,661.8233285997994,h,1,1.3256331998854876,663.171105499845,663.171105499845,663.171105499845,663.171105499845,NA,NA,NA,NA,NA,NA,028,001,2024-10-15_15h28.29.007,PsychoPy Exp,2023.1.2,60.016912796991896
Knowledge,FALSE,TB-K-B,DD_B,PsychoPyStudy2Stim/DD_B_6.png,Adam KNOWS there is ONE cube,1,h,b,2,2,0,2,2,0,0,0,0,B,PropFalse,0,135,135,296,NA,NA,NA,NA,NA,0.0016725999303162,663.2628378998488,663.6377338999882,663.7376597998664,665.7378990999423,666.1378252999857,666.239997100085,666.239997100085,h,1,0.6206660000607371,666.8875731998123,666.8875731998123,666.8875731998123,666.8875731998123,NA,NA,NA,NA,NA,NA,028,001,2024-10-15_15h28.29.007,PsychoPy Exp,2023.1.2,60.016912796991896
Belief,TRUE,TB-Ig,D_B_D,PsychoPyStudy2Stim/D_B_D_3.png,Adam THINKS there are ZERO cubes,0,b,h,2,2,0,1,1,0,1,1,0,B,-,0,136,136,132,NA,NA,NA,NA,NA,3.9099995046854e-4,666.964321800042,667.3375254999846,667.4378442997113,669.4378728000447,669.8376166000962,669.9400499998592,669.9400499998592,h,0,2.05646329978481,672.0207234998234,672.0207234998234,672.0207234998234,672.0207234998234,NA,NA,NA,NA,NA,NA,028,001,2024-10-15_15h28.29.007,PsychoPy Exp,2023.1.2,60.016912796991896
Reality,TRUE,TB-K-B,DD_B,PsychoPyStudy2Stim/DD_B_15.png,"In REALITY, there are ZERO cubes",0,b,h,2,2,0,2,2,0,0,0,0,B,-,0,137,137,28,NA,NA,NA,NA,NA,4.0560029447078e-4,672.097115600016,672.4710105000995,672.5711388997734,674.5709879999049,674.9710128000006,675.0732879997231,675.0732879997231,h,0,1.7073343000374734,676.8041807999834,676.8041807999834,676.8041807999834,676.8041807999834,NA,NA,NA,NA,NA,NA,028,001,2024-10-15_15h28.29.007,PsychoPy Exp,2023.1.2,60.016912796991896
Knowledge,TRUE,TB-K-B,TD_B,PsychoPyStudy2Stim/TD_B_2.png,Adam KNOWS there is ONE cube,1,b,h,2,1,1,2,1,1,0,0,0,B,-,0,138,138,259,NA,NA,NA,NA,NA,4.1890004649758e-4,676.8829598999582,677.2543122996576,677.3544262996875,679.3544235997833,679.7543870997615,679.8566763997078,679.8566763997078,b,1,1.404293900355697,681.287581499666,681.287581499666,681.287581499666,681.287581499666,NA,NA,NA,NA,NA,NA,028,001,2024-10-15_15h28.29.007,PsychoPy Exp,2023.1.2,60.016912796991896
Belief,FALSE,TB-Ig,D_B,PsychoPyStudy2Stim/D_B_1.png,Adam THINKS there is ONE cube,1,h,b,1,1,0,1,1,0,0,0,0,B,PropFalse,0,139,139,180,NA,NA,NA,NA,NA,0.00164580019190907,681.3637701999396,681.7376476000063,681.8377429996617,683.8376738997176,684.2378118000925,684.3399024000391,684.3399024000391,h,1,0.7690495001152158,685.1376906000078,685.1376906000078,685.1376906000078,685.1376906000078,NA,NA,NA,NA,NA,NA,028,001,2024-10-15_15h28.29.007,PsychoPy Exp,2023.1.2,60.016912796991896
Knowledge,FALSE,TB-K-B,TT_B,PsychoPyStudy2Stim/TT_B_15.png,Adam KNOWS there are ZERO cubes,0,h,b,2,0,2,2,0,2,0,0,0,B,PropFalse,0,140,140,297,NA,NA,NA,NA,NA,0.00178709998726844,685.2269121999852,685.6041639996693,685.7042630999349,687.704304299783,688.1044220998883,688.2066025999375,688.2066025999375,h,1,1.3339849999174476,689.570757899899,689.570757899899,689.570757899899,689.570757899899,NA,NA,NA,NA,NA,NA,028,001,2024-10-15_15h28.29.007,PsychoPy Exp,2023.1.2,60.016912796991896
Reality,TRUE,TB-K,TT_NB,PsychoPyStudy2Stim/TT_NB_5.png,"In REALITY, there are TWO cubes",2,b,h,2,0,2,2,0,2,0,0,0,NB,-,0,141,141,16,NA,NA,NA,NA,NA,3.7059979513287e-4,689.6413892996497,690.0209659999236,690.1211316999979,692.1210437999107,692.5210519996472,692.6232364997268,692.6232364997268,b,1,0.8855916000902653,693.5374582996592,693.5374582996592,693.5374582996592,693.5374582996592,NA,NA,NA,NA,NA,NA,028,001,2024-10-15_15h28.29.007,PsychoPy Exp,2023.1.2,60.016912796991896
Knowledge,FALSE,FB-Ig,T_B_T,PsychoPyStudy2Stim/T_B_T_2.png,Adam KNOWS there are TWO cubes,2,h,b,2,0,2,1,0,1,1,0,1,B,PropTrueNoKnowledge,0,142,142,307,NA,NA,NA,NA,NA,0.00154029997065663,693.6069744997658,693.987605500035,694.0876837996766,696.0877851000987,696.4876834996976,696.589944599662,696.589944599662,h,1,0.8946467000059783,697.504273599945,697.504273599945,697.504273599945,697.504273599945,NA,NA,NA,NA,NA,NA,028,001,2024-10-15_15h28.29.007,PsychoPy Exp,2023.1.2,60.016912796991896
Reality,FALSE,TB-Ig,D_B,PsychoPyStudy2Stim/D_B_4.png,"In REALITY, there are TWO cubes",2,h,b,1,1,0,1,1,0,0,0,0,B,PropFalse,0,143,143,75,NA,NA,NA,NA,NA,9.3149999156594e-4,697.578375000041,697.9542413000017,698.0543499998748,700.0543347997591,700.4543114998378,700.556581299752,700.556581299752,h,1,1.0722554000094533,701.6541005996987,701.6541005996987,701.6541005996987,701.6541005996987,NA,NA,NA,NA,NA,NA,028,001,2024-10-15_15h28.29.007,PsychoPy Exp,2023.1.2,60.016912796991896
Belief,FALSE,TB-K,T_NB,PsychoPyStudy2Stim/T_NB_1.png,Adam THINKS there are ZERO cubes,0,h,b,1,0,1,1,0,1,0,0,0,NB,PropFalse,0,144,144,165,NA,NA,NA,NA,NA,0.0017030001617968,701.7236875998788,702.1042712000199,702.2044073999859,704.2043949998915,704.6042873999104,704.7065066997893,704.7065066997893,h,1,2.0420118998736143,706.7716294000857,706.7716294000857,706.7716294000857,706.7716294000857,NA,NA,NA,NA,NA,NA,028,001,2024-10-15_15h28.29.007,PsychoPy Exp,2023.1.2,60.016912796991896
Reality,TRUE,FB-Ig,T_B_T,PsychoPyStudy2Stim/T_B_T_6.png,"In REALITY, there are TWO cubes",2,b,h,2,0,2,1,0,1,1,0,1,B,-,0,145,145,49,NA,NA,NA,NA,NA,3.7400005385279e-4,706.8473645998165,707.2208475000225,707.3209923999384,709.3209903999232,709.7208400997333,709.8231497998349,709.8231497998349,b,1,0.7573489998467267,710.6040427000262,710.6040427000262,710.6040427000262,710.6040427000262,NA,NA,NA,NA,NA,NA,028,001,2024-10-15_15h28.29.007,PsychoPy Exp,2023.1.2,60.016912796991896
Reality,TRUE,TB-K,T_NB,PsychoPyStudy2Stim/T_NB_2.png,"In REALITY, there is ONE cube",1,b,h,1,0,1,1,0,1,0,0,0,NB,-,0,146,146,4,NA,NA,NA,NA,NA,4.0650041773915e-4,710.6778057999909,711.0541711999103,711.1541478997096,713.1541585996747,713.5543153998442,713.6564750000834,713.6564750000834,b,1,1.580911099910736,715.2540829996578,715.2540829996578,715.2540829996578,715.2540829996578,NA,NA,NA,NA,NA,NA,028,001,2024-10-15_15h28.29.007,PsychoPy Exp,2023.1.2,60.016912796991896
Knowledge,FALSE,FB-Ig,T_B_T,PsychoPyStudy2Stim/T_B_T_4.png,Adam KNOWS there are TWO cubes,2,h,b,2,0,2,1,0,1,1,0,1,B,PropTrueNoKnowledge,0,147,147,309,NA,NA,NA,NA,NA,0.00113149965181946,715.3365750000812,715.7208414999768,715.8209648998454,717.8209766997024,718.2209357996471,718.3231786997057,718.3231786997057,h,1,0.8818727997131646,719.2208974999376,719.2208974999376,719.2208974999376,719.2208974999376,NA,NA,NA,NA,NA,NA,028,001,2024-10-15_15h28.29.007,PsychoPy Exp,2023.1.2,60.016912796991896
Belief,FALSE,FB-Ig,T_B_T,PsychoPyStudy2Stim/T_B_T_1.png,Adam THINKS there are TWO cubes,2,h,b,2,0,2,1,0,1,1,0,1,B,PropTrueNoBelief,0,148,148,206,NA,NA,NA,NA,NA,0.00164909986779093,719.3080170000903,719.6874521998689,719.7876810999587,721.7876504999585,722.1876306999475,722.2898095999844,722.2898095999844,h,1,0.7066311999224126,723.0206973999739,723.0206973999739,723.0206973999739,723.0206973999739,NA,NA,NA,NA,NA,NA,028,001,2024-10-15_15h28.29.007,PsychoPy Exp,2023.1.2,60.016912796991896
Knowledge,TRUE,TB-K-B,TD_B,PsychoPyStudy2Stim/TD_B_11.png,Adam KNOWS there is ONE cube,1,b,h,2,1,1,2,1,1,0,0,0,B,-,0,149,149,268,NA,NA,NA,NA,NA,3.7260027602314e-4,723.0922214998864,723.4708119998686,723.5708150998689,725.5709530999884,725.9708197996952,726.0732124997303,726.0732124997303,b,1,0.6032198998145759,726.7041231999174,726.7041231999174,726.7041231999174,726.7041231999174,NA,NA,NA,NA,NA,NA,028,001,2024-10-15_15h28.29.007,PsychoPy Exp,2023.1.2,60.016912796991896
Belief,TRUE,FB-Ig,T_B_T,PsychoPyStudy2Stim/T_B_T_1.png,Adam THINKS there is ONE cube,1,b,h,2,0,2,1,0,1,1,0,1,B,-,0,150,150,146,NA,NA,NA,NA,NA,5.9959990903735e-4,726.7937173000537,727.1708064996637,727.2709733000956,729.2709057000466,729.6706356997602,729.7731554000638,729.7731554000638,b,1,0.7115050000138581,730.5042130998336,730.5042130998336,730.5042130998336,730.5042130998336,NA,NA,NA,NA,NA,NA,028,001,2024-10-15_15h28.29.007,PsychoPy Exp,2023.1.2,60.016912796991896
Reality,TRUE,TB-K,T_NB,PsychoPyStudy2Stim/T_NB_1.png,"In REALITY, there is ONE cube",1,b,h,1,0,1,1,0,1,0,0,0,NB,-,0,151,151,3,NA,NA,NA,NA,NA,0.00167499994859099,730.5951386000961,730.9709978997707,731.0709329997189,733.0709052998573,733.4707504999824,733.5729994997382,733.5729994997382,b,1,0.7919168001972139,734.3875100999139,734.3875100999139,734.3875100999139,734.3875100999139,NA,NA,NA,NA,NA,NA,028,001,2024-10-15_15h28.29.007,PsychoPy Exp,2023.1.2,60.016912796991896
Knowledge,TRUE,TB-K-B,DD_B,PsychoPyStudy2Stim/DD_B_12.png,Adam KNOWS there are ZERO cubes,0,b,h,2,2,0,2,2,0,0,0,0,B,-,0,152,152,245,NA,NA,NA,NA,NA,0.00166469998657703,734.4670866997913,734.8374284999445,734.9375629997812,736.9375577997416,737.3375216997229,737.4396695997566,737.4396695997566,b,1,1.3410211000591516,738.8041723999195,738.8041723999195,738.8041723999195,738.8041723999195,NA,NA,NA,NA,NA,NA,028,001,2024-10-15_15h28.29.007,PsychoPy Exp,2023.1.2,60.016912796991896
Reality,TRUE,TB-K,TD_NB,PsychoPyStudy2Stim/TD_NB_2.png,"In REALITY, there is ONE cube",1,b,h,2,1,1,2,1,1,0,0,0,NB,-,0,153,153,10,NA,NA,NA,NA,NA,0.00168089987710118,738.9000543998554,739.2706932998262,739.3708553998731,741.3707335996442,741.7708490998484,741.8730381000787,741.8730381000787,b,1,1.2433762000873685,743.1373894996941,743.1373894996941,743.1373894996941,743.1373894996941,NA,NA,NA,NA,NA,NA,028,001,2024-10-15_15h28.29.007,PsychoPy Exp,2023.1.2,60.016912796991896
Knowledge,FALSE,FB-Ig,T_B_T,PsychoPyStudy2Stim/T_B_T_5.png,Adam KNOWS there are TWO cubes,2,h,b,2,0,2,1,0,1,1,0,1,B,PropTrueNoKnowledge,0,154,154,316,NA,NA,NA,NA,NA,0.00112689984962344,743.2147448998876,743.5874322000891,743.6875541000627,745.6874045999721,746.087531699799,746.1897112000734,746.1897112000734,h,1,1.0791198001243174,747.2873332998715,747.2873332998715,747.2873332998715,747.2873332998715,NA,NA,NA,NA,NA,NA,028,001,2024-10-15_15h28.29.007,PsychoPy Exp,2023.1.2,60.016912796991896
Knowledge,TRUE,TB-K-B,TT_B,PsychoPyStudy2Stim/TT_B_22.png,Adam KNOWS there are TWO cubes,2,b,h,2,0,2,2,0,2,0,0,0,B,-,0,155,155,255,NA,NA,NA,NA,NA,0.00166539987549185,747.3611706998199,747.737422300037,747.8374883998185,749.8373834998347,750.2374368999153,750.3396871997975,750.3396871997975,b,1,1.0890248003415763,751.4540595998988,751.4540595998988,751.4540595998988,751.4540595998988,NA,NA,NA,NA,NA,NA,028,001,2024-10-15_15h28.29.007,PsychoPy Exp,2023.1.2,60.016912796991896
Knowledge,TRUE,TB-K,TT_NB,PsychoPyStudy2Stim/TT_NB_4.png,Adam KNOWS there are TWO cubes,2,b,h,2,0,2,2,0,2,0,0,0,NB,-,0,156,156,231,NA,NA,NA,NA,NA,0.00164609961211681,751.5378250000067,751.9207061999477,752.0208004997112,754.0208731996827,754.4207703997381,754.522938999813,754.522938999813,b,1,1.2018285999074578,755.7540871999227,755.7540871999227,755.7540871999227,755.7540871999227,NA,NA,NA,NA,NA,NA,028,001,2024-10-15_15h28.29.007,PsychoPy Exp,2023.1.2,60.016912796991896
Knowledge,FALSE,FB-Ig,T_B_T,PsychoPyStudy2Stim/T_B_T_3.png,Adam KNOWS there are TWO cubes,2,h,b,2,0,2,1,0,1,1,0,1,B,PropTrueNoKnowledge,0,157,157,308,NA,NA,NA,NA,NA,0.00162809994071722,755.8409976996481,756.2207407997921,756.3208546000533,758.3208630997688,758.720841200091,758.8230129000731,758.8230129000731,h,1,2.045833199750632,760.8874065000564,760.8874065000564,760.8874065000564,760.8874065000564,NA,NA,NA,NA,NA,NA,028,001,2024-10-15_15h28.29.007,PsychoPy Exp,2023.1.2,60.016912796991896
Knowledge,TRUE,TB-K,DD_NB,PsychoPyStudy2Stim/DD_NB_1.png,Adam KNOWS there are ZERO cubes,0,b,h,2,2,0,2,2,0,0,0,0,NB,-,0,158,158,222,NA,NA,NA,NA,NA,0.00252890028059482,760.9789718999527,761.3540181997232,761.4541217996739,763.4540307000279,763.854093699716,763.9563253996894,763.9563253996894,b,1,1.0326827997341752,765.0039034998044,765.0039034998044,765.0039034998044,765.0039034998044,NA,NA,NA,NA,NA,NA,028,001,2024-10-15_15h28.29.007,PsychoPy Exp,2023.1.2,60.016912796991896
Belief,TRUE,TB-K,TD_NB,PsychoPyStudy2Stim/TD_NB_1.png,Adam THINKS there is ONE cube,1,b,h,2,1,1,2,1,1,0,0,0,NB,-,0,159,159,117,NA,NA,NA,NA,NA,0.00166569976136088,765.0708281998523,765.45378409978,765.5541487000883,767.5541117000394,767.9540402996354,768.0562935997732,768.0562935997732,h,0,1.2602300001308322,769.3371911998838,769.3371911998838,769.3371911998838,769.3371911998838,NA,NA,NA,NA,NA,NA,028,001,2024-10-15_15h28.29.007,PsychoPy Exp,2023.1.2,60.016912796991896
Belief,FALSE,FB-Ig,D_B_T,PsychoPyStudy2Stim/D_B_T_4.png,Adam THINKS there is ONE cube,1,h,b,2,1,1,1,1,0,1,0,1,B,PropTrueNoBelief,0,160,160,215,NA,NA,NA,NA,NA,0.00165789993479847,769.4114703997038,769.7872934998013,769.8873143997043,771.887365099974,772.2873241999187,772.3895841999911,772.3895841999911,h,1,1.92709630029276,774.3374641998671,774.3374641998671,774.3374641998671,774.3374641998671,NA,NA,NA,NA,NA,NA,028,001,2024-10-15_15h28.29.007,PsychoPy Exp,2023.1.2,60.016912796991896
Knowledge,TRUE,TB-K-B,DD_B,PsychoPyStudy2Stim/DD_B_1.png,Adam KNOWS there are ZERO cubes,0,b,h,2,2,0,2,2,0,0,0,0,B,-,0,161,161,234,NA,NA,NA,NA,NA,0.00162229966372251,774.4145293999463,774.7872918997891,774.8872853000648,776.8872209996916,777.2873992999084,777.3896725000814,777.3896725000814,b,1,0.8948647999204695,778.3156212996691,NA,778.3156212996691,NA,space,1.896941399667412,NA,NA,NA,NA,028,001,2024-10-15_15h28.29.007,PsychoPy Exp,2023.1.2,60.016912796991896
Reality,TRUE,TB-Ig,D_B,PsychoPyStudy2Stim/D_B_2.png,"In REALITY, there are ZERO cubes",0,b,h,1,1,0,1,1,0,0,0,0,B,-,0,162,162,19,NA,NA,NA,NA,NA,0.00168280024081468,780.329554699827,780.7036703000776,780.8038900000975,782.8038355000317,783.20402259984985,783.30626880005,783.30626880005,b,1,1.5939520001411438,784.9204341997392,784.9204341997392,784.9204341997392,784.9204341997392,NA,NA,NA,NA,NA,NA,028,001,2024-10-15_15h28.29.007,PsychoPy Exp,2023.1.2,60.016912796991896
Reality,FALSE,TB-K,TT_NB,PsychoPyStudy2Stim/TT_NB_6.png,"In REALITY, there is ONE cube",1,h,b,2,0,2,2,0,2,0,0,0,NB,PropFalse,0,163,163,71,NA,NA,NA,NA,NA,4.6839984133839e-4,784.9961651000194,785.3705874998122,785.4707041000947,787.4706524000503,787.8704719999805,787.9730618996546,787.9730618996546,h,1,0.7431242000311613,788.7371441000141,788.7371441000141,788.7371441000141,788.7371441000141,NA,NA,NA,NA,NA,NA,028,001,2024-10-15_15h28.29.007,PsychoPy Exp,2023.1.2,60.016912796991896
Reality,TRUE,TB-K-B,TD_B,PsychoPyStudy2Stim/TD_B_7.png,"In REALITY, there is ONE cube",1,b,h,2,1,1,2,1,1,0,0,0,B,-,0,164,164,36,NA,NA,NA,NA,NA,5.2460003644227e-4,788.8197470996529,789.2037682998925,789.30399210006,791.30403140001,791.7039832998998,791.8062962996773,791.8062962996773,b,1,1.4058354999870062,793.2372782998718,793.2372782998718,793.2372782998718,793.2372782998718,NA,NA,NA,NA,NA,NA,028,001,2024-10-15_15h28.29.007,PsychoPy Exp,2023.1.2,60.016912796991896
Knowledge,FALSE,FB-Ig,T_B_T,PsychoPyStudy2Stim/T_B_T_2.png,Adam KNOWS there are TWO cubes,2,h,b,2,0,2,1,0,1,1,0,1,B,PropTrueNoKnowledge,0,165,165,313,NA,NA,NA,NA,NA,3.965999931097e-4,793.3263683998957,793.7039353996515,793.8040634999052,795.803983699996,796.2040099999867,796.3062153998762,796.3062153998762,h,1,1.258238899987191,797.5871423999779,797.5871423999779,797.5871423999779,797.5871423999779,NA,NA,NA,NA,NA,NA,028,001,2024-10-15_15h28.29.007,PsychoPy Exp,2023.1.2,60.016912796991896
Reality,TRUE,FB-Ig,T_B_T,PsychoPyStudy2Stim/T_B_T_2.png,"In REALITY, there are TWO cubes",2,b,h,2,0,2,1,0,1,1,0,1,B,-,0,166,166,39,NA,NA,NA,NA,NA,0.00168369989842176,797.6605547997169,798.0372254000977,798.1373133999296,800.1373006999493,800.5373076000251,800.6394818997942,800.6394818997942,h,0,0.8770604999735951,801.5372676998377,801.5372676998377,801.5372676998377,801.5372676998377,NA,NA,NA,NA,NA,NA,028,001,2024-10-15_15h28.29.007,PsychoPy Exp,2023.1.2,60.016912796991896
Belief,FALSE,TB-K-B,TT_B,PsychoPyStudy2Stim/TT_B_3.png,Adam THINKS there are ZERO cubes,0,h,b,2,0,2,2,0,2,0,0,0,B,PropFalse,0,167,167,190,NA,NA,NA,NA,NA,0.00173059990629553,801.6269608000293,802.0038458998315,802.103915499989,804.1040507000871,804.503967799712,804.6061344998889,804.6061344998889,h,1,1.534379799850285,806.1705378000624,806.1705378000624,806.1705378000624,806.1705378000624,NA,NA,NA,NA,NA,NA,028,001,2024-10-15_15h28.29.007,PsychoPy Exp,2023.1.2,60.016912796991896
Knowledge,FALSE,FB-Ig,D_B_T,PsychoPyStudy2Stim/D_B_T_1.png,Adam KNOWS there is ONE cube,1,h,b,2,1,1,1,1,0,1,0,1,B,PropTrueNoKnowledge,0,168,168,318,NA,NA,NA,NA,NA,0.00167639972642064,806.2623522998765,806.63715699967,806.7372212996706,808.7372543998063,809.1370033998974,809.2405562996864,809.2405562996864,h,1,1.012822300195694,810.2705739997327,810.2705739997327,810.2705739997327,810.2705739997327,NA,NA,NA,NA,NA,NA,028,001,2024-10-15_15h28.29.007,PsychoPy Exp,2023.1.2,60.016912796991896
Reality,FALSE,TB-K,D_NB,PsychoPyStudy2Stim/D_NB_2.png,"In REALITY, there is ONE cube",1,h,b,1,1,0,1,1,0,0,0,0,NB,PropFalse,0,169,169,55,NA,NA,NA,NA,NA,0.00168329989537596,810.3568869996816,810.737154699862,810.8372617997229,812.8372571999207,813.2372234999202,813.3398204999976,813.3398204999976,h,1,0.7285587997175753,814.0869615999982,814.0869615999982,814.0869615999982,814.0869615999982,NA,NA,NA,NA,NA,NA,028,001,2024-10-15_15h28.29.007,PsychoPy Exp,2023.1.2,60.016912796991896
Knowledge,FALSE,TB-Ig,D_B_D,PsychoPyStudy2Stim/D_B_D_1.png,Adam KNOWS there are ZERO cubes,0,h,b,2,2,0,1,1,0,1,1,0,B,PropTrueNoKnowledge,0,170,170,292,NA,NA,NA,NA,NA,3.7720007821917e-4,814.1670164000243,814.5371586997062,814.6373010999523,816.6372706000693,817.0372276999988,817.1393951000646,817.1393951000646,h,1,9.377039199694993,826.5371439997107,826.5371439997107,826.5371439997107,826.5371439997107,NA,NA,NA,NA,NA,NA,028,001,2024-10-15_15h28.29.007,PsychoPy Exp,2023.1.2,60.016912796991896
Belief,TRUE,TB-K,DD_NB,PsychoPyStudy2Stim/DD_NB_2.png,Adam THINKS there are ZERO cubes,0,b,h,2,2,0,2,2,0,0,0,0,NB,-,0,171,171,115,NA,NA,NA,NA,NA,0.0016652001067996,826.6114432998002,826.9870973997749,827.0870723999105,829.087145099882,829.4872032999992,829.5893842000514,829.5893842000514,h,0,1.415195900015533,831.0204561999999,831.0204561999999,831.0204561999999,831.0204561999999,NA,NA,NA,NA,NA,NA,028,001,2024-10-15_15h28.29.007,PsychoPy Exp,2023.1.2,60.016912796991896
Reality,FALSE,FB-Ig,T_B_T,PsychoPyStudy2Stim/T_B_T_1.png,"In REALITY, there is ONE cube",1,h,b,2,0,2,1,0,1,1,0,1,B,PropFalse,0,172,172,92,NA,NA,NA,NA,NA,0.00169629976153373,831.1127859996632,831.4870682000183,831.587223299779,833.5872252997942,833.987171899993,834.0893986998126,834.0893986998126,b,0,1.2426291001029313,835.3535199998878,835.3535199998878,835.3535199998878,835.3535199998878,NA,NA,NA,NA,NA,NA,028,001,2024-10-15_15h28.29.007,PsychoPy Exp,2023.1.2,60.016912796991896
Reality,FALSE,TB-Ig,D_B_D,PsychoPyStudy2Stim/D_B_D_2.png,"In REALITY, there are TWO cubes",2,h,b,2,2,0,1,1,0,1,1,0,B,PropFalse,0,173,173,77,NA,NA,NA,NA,NA,4.4440012425184e-4,835.4376849997789,835.8202893999405,835.9205237999558,837.9205006998964,838.320504100062,838.4227020000108,838.4227020000108,h,1,3.1337157003581524,841.5868917996995,841.5868917996995,841.5868917996995,841.5868917996995,NA,NA,NA,NA,NA,NA,028,001,2024-10-15_15h28.29.007,PsychoPy Exp,2023.1.2,60.016912796991896
Reality,FALSE,FB-Ig,D_B_T,PsychoPyStudy2Stim/D_B_T_3.png,"In REALITY, there are ZERO cubes",0,h,b,2,1,1,1,1,0,1,0,1,B,PropFalse,0,174,174,106,NA,NA,NA,NA,NA,3.6960002034902e-4,841.6634168000892,842.0370565000921,842.1369640999474,844.1371442996897,844.5371848996729,844.6393379000947,844.6393379000947,h,1,2.452994900289923,847.1203708997928,847.1203708997928,847.1203708997928,847.1203708997928,NA,NA,NA,NA,NA,NA,028,001,2024-10-15_15h28.29.007,PsychoPy Exp,2023.1.2,60.016912796991896
Reality,FALSE,TB-K-B,TD_B,PsychoPyStudy2Stim/TD_B_3.png,"In REALITY, there are ZERO cubes",0,h,b,2,1,1,2,1,1,0,0,0,B,PropFalse,0,175,175,86,NA,NA,NA,NA,NA,0.00163890002295374,847.1984140998684,847.5703294998966,847.6703761997633,849.6704448997043,850.0703798998147,850.172668099869,850.172668099869,h,1,1.1273170998319983,851.3202431998216,851.3202431998216,851.3202431998216,851.3202431998216,NA,NA,NA,NA,NA,NA,028,001,2024-10-15_15h28.29.007,PsychoPy Exp,2023.1.2,60.016912796991896
Reality,FALSE,TB-K,T_NB,PsychoPyStudy2Stim/T_NB_3.png,"In REALITY, there are TWO cubes",2,h,b,1,0,1,1,0,1,0,0,0,NB,PropFalse,0,176,176,59,NA,NA,NA,NA,NA,3.8670003414154e-4,851.3901316998526,851.770209999755,851.8704911000095,853.8704395997338,854.2704636999406,854.3725775997154,854.3725775997154,h,1,0.7675975998863578,855.1701587000862,855.1701587000862,855.1701587000862,855.1701587000862,NA,NA,NA,NA,NA,NA,028,001,2024-10-15_15h28.29.007,PsychoPy Exp,2023.1.2,60.016912796991896
Belief,TRUE,FB-Ig,T_B_T,PsychoPyStudy2Stim/T_B_T_6.png,Adam THINKS there is ONE cube,1,b,h,2,0,2,1,0,1,1,0,1,B,-,0,177,177,157,NA,NA,NA,NA,NA,4.8580020666122e-4,855.2420159997419,855.6203188998625,855.7204978996888,857.7203734996729,858.120351199992,858.2227094997652,858.2227094997652,b,1,0.9734718999825418,859.22029799968,859.22029799968,859.22029799968,859.22029799968,NA,NA,NA,NA,NA,NA,028,001,2024-10-15_15h28.29.007,PsychoPy Exp,2023.1.2,60.016912796991896
Knowledge,TRUE,TB-K-B,TT_B,PsychoPyStudy2Stim/TT_B_17.png,Adam KNOWS there are TWO cubes,2,b,h,2,0,2,2,0,2,0,0,0,B,-,0,178,178,250,NA,NA,NA,NA,NA,0.0014908998273313,859.3062557000667,859.6869385000318,859.7871082997881,861.787065200042,862.1869703996927,862.2891728999093,862.2891728999093,b,1,0.8995314999483526,863.220344199799,863.220344199799,863.220344199799,863.220344199799,NA,NA,NA,NA,NA,NA,028,001,2024-10-15_15h28.29.007,PsychoPy Exp,2023.1.2,60.016912796991896
Reality,FALSE,FB-Ig,T_B_T,PsychoPyStudy2Stim/T_B_T_1.png,"In REALITY, there is ONE cube",1,h,b,2,0,2,1,0,1,1,0,1,B,PropFalse,0,179,179,98,NA,NA,NA,NA,NA,0.00165170012041926,863.3110026996583,863.686960299965,863.7870350996964,865.7870163996704,866.1869541998021,866.2893181997351,866.2893181997351,h,1,0.7629704000428319,867.0702033000998,867.0702033000998,867.0702033000998,867.0702033000998,NA,NA,NA,NA,NA,NA,028,001,2024-10-15_15h28.29.007,PsychoPy Exp,2023.1.2,60.016912796991896
Belief,TRUE,TB-K-B,TT_B,PsychoPyStudy2Stim/TT_B_3.png,Adam THINKS there are TWO cubes,2,b,h,2,0,2,2,0,2,0,0,0,B,-,0,180,180,136,NA,NA,NA,NA,NA,0.00126419961452484,867.1412494000979,867.5202731997706,867.6202575000934,869.6203839997761,870.0203988999128,870.122554899659,870.122554899659,b,1,1.0413431003689766,871.1867676000111,871.1867676000111,871.1867676000111,871.1867676000111,NA,NA,NA,NA,NA,NA,028,001,2024-10-15_15h28.29.007,PsychoPy Exp,2023.1.2,60.016912796991896
Reality,TRUE,TB-Ig,D_B,PsychoPyStudy2Stim/D_B_3.png,"In REALITY, there are ZERO cubes",0,b,h,1,1,0,1,1,0,0,0,0,B,-,0,181,181,20,NA,NA,NA,NA,NA,4.0420005097985e-4,871.2633543000557,871.6369139999151,871.7370910998434,873.737093300093,874.1370072998106,874.2392311999574,874.2392311999574,b,1,1.9565465999767184,876.2200766000897,876.2200766000897,876.2200766000897,876.2200766000897,NA,NA,NA,NA,NA,NA,028,001,2024-10-15_15h28.29.007,PsychoPy Exp,2023.1.2,60.016912796991896
Knowledge,FALSE,TB-K,TT_NB,PsychoPyStudy2Stim/TT_NB_2.png,Adam KNOWS there are ZERO cubes,0,h,b,2,0,2,2,0,2,0,0,0,NB,PropFalse,0,182,182,283,NA,NA,NA,NA,NA,3.6920001730322e-4,876.2936740000732,876.6702203997411,876.7703668000177,878.7702466999181,879.1703357999213,879.2725533996709,879.2725533996709,h,1,0.8433715999126434,880.1367227998562,880.1367227998562,880.1367227998562,880.1367227998562,NA,NA,NA,NA,NA,NA,028,001,2024-10-15_15h28.29.007,PsychoPy Exp,2023.1.2,60.016912796991896
Belief,FALSE,TB-K,TT_NB,PsychoPyStudy2Stim/TT_NB_3.png,Adam THINKS there are ZERO cubes,0,h,b,2,0,2,2,0,2,0,0,0,NB,PropFalse,0,183,183,176,NA,NA,NA,NA,NA,5.2209990099072e-4,880.2156279999763,880.5869112000801,880.6870100996457,882.6869916999713,883.0869446997531,883.1892050998285,883.1892050998285,h,1,1.054720999673009,884.2700730999932,884.2700730999932,884.2700730999932,884.2700730999932,NA,NA,NA,NA,NA,NA,028,001,2024-10-15_15h28.29.007,PsychoPy Exp,2023.1.2,60.016912796991896
Reality,FALSE,FB-Ig,D_B_T,PsychoPyStudy2Stim/D_B_T_4.png,"In REALITY, there are ZERO cubes",0,h,b,2,1,1,1,1,0,1,0,1,B,PropFalse,0,184,184,107,NA,NA,NA,NA,NA,3.8790004327893e-4,884.3413216997869,884.7200764999725,884.8201186996885,886.820313999895,887.2202951996587,887.3224621997215,887.3224621997215,h,1,0.7933821999467909,888.1367595000193,888.1367595000193,888.1367595000193,888.1367595000193,NA,NA,NA,NA,NA,NA,028,001,2024-10-15_15h28.29.007,PsychoPy Exp,2023.1.2,60.016912796991896
Belief,TRUE,TB-K,TT_NB,PsychoPyStudy2Stim/TT_NB_5.png,Adam THINKS there are TWO cubes,2,b,h,2,0,2,2,0,2,0,0,0,NB,-,0,185,185,124,NA,NA,NA,NA,NA,3.8350000977516e-4,888.2034334996715,888.5866914996877,888.6869300999679,890.6868815999478,891.0869601997547,891.1891574999318,891.1891574999318,h,0,1.53494739998132,892.7535085999407,892.7535085999407,892.7535085999407,892.7535085999407,NA,NA,NA,NA,NA,NA,028,001,2024-10-15_15h28.29.007,PsychoPy Exp,2023.1.2,60.016912796991896
Belief,FALSE,TB-Ig,D_B_D,PsychoPyStudy2Stim/D_B_D_1.png,Adam THINKS there is ONE cube,1,h,b,2,2,0,1,1,0,1,1,0,B,PropFalse,0,186,186,184,NA,NA,NA,NA,NA,0.00147639960050582,892.8479114999063,893.2202170998789,893.3203153000213,895.3203285997733,895.7202051999047,895.8224450000562,895.8224450000562,h,1,0.837478700093925,896.6868646997027,896.6868646997027,896.6868646997027,896.6868646997027,NA,NA,NA,NA,NA,NA,028,001,2024-10-15_15h28.29.007,PsychoPy Exp,2023.1.2,60.016912796991896
Knowledge,FALSE,FB-Ig,T_B_T,PsychoPyStudy2Stim/T_B_T_1.png,Adam KNOWS there is ONE cube,1,h,b,2,0,2,1,0,1,1,0,1,B,PropFalse,0,187,187,300,NA,NA,NA,NA,NA,0.00170130003243684,896.7800227999687,897.1534867999144,897.2536275996827,899.2535942997783,899.6535530998372,899.7557274997234,899.7557274997234,h,1,1.6965419999323783,901.470048399642,901.470048399642,901.470048399642,901.470048399642,NA,NA,NA,NA,NA,NA,028,001,2024-10-15_15h28.29.007,PsychoPy Exp,2023.1.2,60.016912796991896
Knowledge,TRUE,TB-K-B,TD_B,PsychoPyStudy2Stim/TD_B_10.png,Adam KNOWS there is ONE cube,1,b,h,2,1,1,2,1,1,0,0,0,B,-,0,188,188,267,NA,NA,NA,NA,NA,0.00147379981353878,901.5455860998482,901.9201186997816,902.020352699794,904.0200338000432,904.4201984996909,904.522439399734,904.522439399734,b,1,1.049715300090611,905.6034709997476,905.6034709997476,905.6034709997476,905.6034709997476,NA,NA,NA,NA,NA,NA,028,001,2024-10-15_15h28.29.007,PsychoPy Exp,2023.1.2,60.016912796991896
Reality,FALSE,TB-K,TT_NB,PsychoPyStudy2Stim/TT_NB_1.png,"In REALITY, there are ZERO cubes",0,h,b,2,0,2,2,0,2,0,0,0,NB,PropFalse,0,189,189,66,NA,NA,NA,NA,NA,0.00164359994232654,905.6957866996528,906.0700586000456,906.170179599896,908.170081099961,908.5702057997696,908.6724502998404,908.6724502998404,h,1,0.7876856001093984,909.4866231000052,909.4866231000052,909.4866231000052,909.4866231000052,NA,NA,NA,NA,NA,NA,028,001,2024-10-15_15h28.29.007,PsychoPy Exp,2023.1.2,60.016912796991896
Belief,TRUE,FB-Ig,T_B_T,PsychoPyStudy2Stim/T_B_T_5.png,Adam THINKS there is ONE cube,1,b,h,2,0,2,1,0,1,1,0,1,B,-,0,190,190,156,NA,NA,NA,NA,NA,0.00165869994089007,909.5550724999048,909.9367799996398,910.0368705000728,912.0366825996898,912.4368393998592,912.5389968999662,912.5389968999662,b,1,7.912927200086415,920.4699470996856,920.4699470996856,920.4699470996856,920.4699470996856,NA,NA,NA,NA,NA,NA,028,001,2024-10-15_15h28.29.007,PsychoPy Exp,2023.1.2,60.016912796991896
Reality,TRUE,TB-Ig,D_B,PsychoPyStudy2Stim/D_B_4.png,"In REALITY, there are ZERO cubes",0,b,h,1,1,0,1,1,0,0,0,0,B,-,0,191,191,21,NA,NA,NA,NA,NA,4.5149959623813e-4,920.5513609000482,920.9366134996526,921.0368586000986,923.0368663999252,923.4367482997476,923.538969299756,923.538969299756,b,1,1.4246949004009366,924.9866045997478,924.9866045997478,924.9866045997478,924.9866045997478,NA,NA,NA,NA,NA,NA,028,001,2024-10-15_15h28.29.007,PsychoPy Exp,2023.1.2,60.016912796991896
Belief,FALSE,FB-Ig,T_B_T,PsychoPyStudy2Stim/T_B_T_5.png,Adam THINKS there are TWO cubes,2,h,b,2,0,2,1,0,1,1,0,1,B,PropTrueNoBelief,0,192,192,204,NA,NA,NA,NA,NA,3.8520013913512e-4,925.0609764996916,925.436662199907,925.5368343996817,927.5365732000208,927.936617499683,928.0391171998344,928.0391171998344,h,1,1.3654658999294045,929.4200937999412,929.4200937999412,929.4200937999412,929.4200937999412,NA,NA,NA,NA,NA,NA,028,001,2024-10-15_15h28.29.007,PsychoPy Exp,2023.1.2,60.016912796991896
Belief,FALSE,TB-K-B,TT_B,PsychoPyStudy2Stim/TT_B_9.png,Adam THINKS there are ZERO cubes,0,h,b,2,0,2,2,0,2,0,0,0,B,PropFalse,0,193,193,196,NA,NA,NA,NA,NA,0.00165370013564825,929.5031228000298,929.886684099678,929.9868645998648,931.9868403999136,932.3868009997532,932.4891653996892,932.4891653996892,h,1,0.818809499964118,933.3366304999216,933.3366304999216,933.3366304999216,933.3366304999216,NA,NA,NA,NA,NA,NA,028,001,2024-10-15_15h28.29.007,PsychoPy Exp,2023.1.2,60.016912796991896
Knowledge,TRUE,TB-K-B,TT_B,PsychoPyStudy2Stim/TT_B_23.png,Adam KNOWS there are TWO cubes,2,b,h,2,0,2,2,0,2,0,0,0,B,-,0,194,194,256,NA,NA,NA,NA,NA,0.00147059978917241,933.4329234999605,933.8033707998692,933.9033252000808,935.9034033999778,936.3034827997908,936.4056677999906,936.4056677999906,b,1,1.5263976999558508,937.9534163996576,937.9534163996576,937.9534163996576,937.9534163996576,NA,NA,NA,NA,NA,NA,028,001,2024-10-15_15h28.29.007,PsychoPy Exp,2023.1.2,60.016912796991896
Knowledge,FALSE,FB-Ig,T_B_T,PsychoPyStudy2Stim/T_B_T_4.png,Adam KNOWS there is ONE cube,1,h,b,2,0,2,1,0,1,1,0,1,B,PropFalse,0,195,195,303,NA,NA,NA,NA,NA,0.00166640011593699,938.033337299712,938.4033666998148,938.5034572998992,940.5032779998146,940.903360999655,941.0056050997229,941.0056050997229,h,1,1.758331899996847,942.7866901997476,942.7866901997476,942.7866901997476,942.7866901997476,NA,NA,NA,NA,NA,NA,028,001,2024-10-15_15h28.29.007,PsychoPy Exp,2023.1.2,60.016912796991896
Belief,FALSE,TB-K-B,TT_B,PsychoPyStudy2Stim/TT_B_5.png,Adam THINKS there are ZERO cubes,0,h,b,2,0,2,2,0,2,0,0,0,B,PropFalse,0,196,196,192,NA,NA,NA,NA,NA,0.00169359985738992,942.8863502996974,943.2698474996724,943.3701655999756,945.370110000018,945.770191299729,945.8722178000024,945.8722178000024,h,1,3.116098899859935,949.0033360999078,949.0033360999078,949.0033360999078,949.0033360999078,NA,NA,NA,NA,NA,NA,028,001,2024-10-15_15h28.29.007,PsychoPy Exp,2023.1.2,60.016912796991896
Reality,TRUE,FB-Ig,D_B_T,PsychoPyStudy2Stim/D_B_T_4.png,"In REALITY, there is ONE cube",1,b,h,2,1,1,1,1,0,1,0,1,B,-,0,197,197,53,NA,NA,NA,NA,NA,3.8870004937052e-4,949.0804869998246,949.45330929989,949.5534013998696,951.5532581000588,951.9533814000896,952.0555738997646,952.0555738997646,b,1,1.2203911999240518,953.3033330999316,953.3033330999316,953.3033330999316,953.3033330999316,NA,NA,NA,NA,NA,NA,028,001,2024-10-15_15h28.29.007,PsychoPy Exp,2023.1.2,60.016912796991896
Knowledge,TRUE,TB-K-B,TT_B,PsychoPyStudy2Stim/TT_B_20.png,Adam KNOWS there are TWO cubes,2,b,h,2,0,2,2,0,2,0,0,0,B,-,0,198,198,253,NA,NA,NA,NA,NA,0.00170399993658065,953.3922278997488,953.769763499964,953.870072199963,955.8700415999627,956.2700575999916,956.3721753000282,956.3721753000282,b,1,0.816145300399512,957.2031839997508,957.2031839997508,957.2031839997508,957.2031839997508,NA,NA,NA,NA,NA,NA,028,001,2024-10-15_15h28.29.007,PsychoPy Exp,2023.1.2,60.016912796991896
Knowledge,TRUE,TB-K-B,TT_B,PsychoPyStudy2Stim/TT_B_24.png,Adam KNOWS there are TWO cubes,2,b,h,2,0,2,2,0,2,0,0,0,B,-,0,199,199,257,NA,NA,NA,NA,NA,0.00174950016662478,957.2795044998638,957.653240100015,957.7533797998911,959.7533737998456,960.1532958000898,960.2556394999848,960.2556394999848,b,1,1.2045194003731012,961.486621899996,961.486621899996,961.486621899996,961.486621899996,NA,NA,NA,NA,NA,NA,028,001,2024-10-15_15h28.29.007,PsychoPy Exp,2023.1.2,60.016912796991896
Belief,TRUE,TB-K,TT_NB,PsychoPyStudy2Stim/TT_NB_6.png,Adam THINKS there are TWO cubes,2,b,h,2,0,2,2,0,2,0,0,0,NB,-,0,200,200,125,NA,NA,NA,NA,NA,0.00169730000197887,961.5621966999024,961.9365797997452,962.0368033996784,964.0367044000886,964.4366448996587,964.5388632998802,964.5388632998802,h,0,1.633583799935877,966.2029999997468,966.2029999997468,966.2029999997468,966.2029999997468,NA,NA,NA,NA,NA,NA,028,001,2024-10-15_15h28.29.007,PsychoPy Exp,2023.1.2,60.016912796991896
Reality,TRUE,FB-Ig,T_B_T,PsychoPyStudy2Stim/T_B_T_6.png,"In REALITY, there are TWO cubes",2,b,h,2,0,2,1,0,1,1,0,1,B,-,0,201,201,43,NA,NA,NA,NA,NA,4.3189991265535e-4,966.2779077999294,966.65317220008,966.7533247997052,968.753340399824,969.1533206999302,969.2554460996762,969.2554460996762,b,1,1.140023599844426,970.4197287000716,970.4197287000716,970.4197287000716,970.4197287000716,NA,NA,NA,NA,NA,NA,028,001,2024-10-15_15h28.29.007,PsychoPy Exp,2023.1.2,60.016912796991896
Knowledge,FALSE,FB-Ig,T_B_T,PsychoPyStudy2Stim/T_B_T_6.png,Adam KNOWS there is ONE cube,1,h,b,2,0,2,1,0,1,1,0,1,B,PropFalse,0,202,202,305,NA,NA,NA,NA,NA,4.2789988219738e-4,970.4945489997044,970.8698938000016,970.9699874999932,972.9698775997384,973.3699409998952,973.4721647999248,973.4721647999248,h,1,1.1319848001003263,974.6199314999394,974.6199314999394,974.6199314999394,974.6199314999394,NA,NA,NA,NA,NA,NA,028,001,2024-10-15_15h28.29.007,PsychoPy Exp,2023.1.2,60.016912796991896
Knowledge,FALSE,FB-Ig,T_B_T,PsychoPyStudy2Stim/T_B_T_2.png,Adam KNOWS there is ONE cube,1,h,b,2,0,2,1,0,1,1,0,1,B,PropFalse,0,203,203,301,NA,NA,NA,NA,NA,0.00169340008869767,974.712695499882,975.0863459999672,975.1865218998864,977.1864485996776,977.5866237999873,977.6888481997884,977.6888481997884,h,1,1.050765700172633,978.7695768997072,978.7695768997072,978.7695768997072,978.7695768997072,NA,NA,NA,NA,NA,NA,028,001,2024-10-15_15h28.29.007,PsychoPy Exp,2023.1.2,60.016912796991896
Belief,TRUE,FB-Ig,T_B_T,PsychoPyStudy2Stim/T_B_T_5.png,Adam THINKS there is ONE cube,1,b,h,2,0,2,1,0,1,1,0,1,B,-,0,204,204,150,NA,NA,NA,NA,NA,4.8599997535347e-4,978.839274100028,979.21983539965,979.319950999692,981.319960499648,981.7199442000128,981.8221900998616,981.8221900998616,b,1,0.8145582997240126,982.6530279996804,982.6530279996804,982.6530279996804,982.6530279996804,NA,NA,NA,NA,NA,NA,028,001,2024-10-15_15h28.29.007,PsychoPy Exp,2023.1.2,60.016912796991896
Reality,TRUE,TB-K-B,TD_B,PsychoPyStudy2Stim/TD_B_4.png,"In REALITY, there is ONE cube",1,b,h,2,1,1,2,1,1,0,0,0,B,-,0,205,205,33,NA,NA,NA,NA,NA,0.0016733999364078,982.7293225997128,983.1031820997596,983.2032826999202,985.2032809997908,985.6032678000628,985.705479499884,985.705479499884,b,1,1.1471964996308088,986.869907699991,986.869907699991,986.869907699991,986.869907699991,NA,NA,NA,NA,NA,NA,028,001,2024-10-15_15h28.29.007,PsychoPy Exp,2023.1.2,60.016912796991896
Belief,FALSE,FB-Ig,T_B_T,PsychoPyStudy2Stim/T_B_T_3.png,Adam THINKS there are TWO cubes,2,h,b,2,0,2,1,0,1,1,0,1,B,PropTrueNoBelief,0,206,206,208,NA,NA,NA,NA,NA,0.00166459986940026,986.9469588999636,987.319807099644,987.4199806000106,989.4199107000604,989.8199126999824,989.922140599694,989.922140599694,h,1,1.4733843002468348,991.4196502999404,991.4196502999404,991.4196502999404,991.4196502999404,NA,NA,NA,NA,NA,NA,028,001,2024-10-15_15h28.29.007,PsychoPy Exp,2023.1.2,60.016912796991896
Knowledge,TRUE,TB-K-B,DD_B,PsychoPyStudy2Stim/DD_B_9.png,Adam KNOWS there are ZERO cubes,0,b,h,2,2,0,2,2,0,0,0,0,B,-,0,207,207,242,NA,NA,NA,NA,NA,5.3289998322725e-4,991.5182509999722,991.903127099853,992.0031594000756,994.0029615000822,994.403225899674,994.5054787998088,994.5054787998088,b,1,1.8339728000573816,996.3696657996624,996.3696657996624,996.3696657996624,996.3696657996624,NA,NA,NA,NA,NA,NA,028,001,2024-10-15_15h28.29.007,PsychoPy Exp,2023.1.2,60.016912796991896
Knowledge,TRUE,TB-K-B,DD_B,PsychoPyStudy2Stim/DD_B_7.png,Adam KNOWS there are ZERO cubes,0,b,h,2,2,0,2,2,0,0,0,0,B,-,0,208,208,240,NA,NA,NA,NA,NA,5.2309967577457e-4,996.4635767000728,996.836282500066,996.9365856000222,998.9364032000304,999.3364975000732,999.4388301996514,999.4388301996514,b,1,0.8769109998829663,1000.336469899863,1000.336469899863,1000.336469899863,1000.336469899863,NA,NA,NA,NA,NA,NA,028,001,2024-10-15_15h28.29.007,PsychoPy Exp,2023.1.2,60.016912796991896
Knowledge,FALSE,FB-Ig,T_B_T,PsychoPyStudy2Stim/T_B_T_5.png,Adam KNOWS there are TWO cubes,2,h,b,2,0,2,1,0,1,1,0,1,B,PropTrueNoKnowledge,0,209,209,310,NA,NA,NA,NA,NA,0.00165129965171217,1000.4256619000809,1000.8030480998568,1000.903049199842,1002.9031952996738,1003.3030337998644,1003.40540040005,1003.40540040005,h,1,1.6705918996594846,1005.1029302999376,1005.1029302999376,1005.1029302999376,1005.1029302999376,NA,NA,NA,NA,NA,NA,028,001,2024-10-15_15h28.29.007,PsychoPy Exp,2023.1.2,60.016912796991896
Belief,FALSE,TB-K,D_NB,PsychoPyStudy2Stim/D_NB_2.png,Adam THINKS there is ONE cube,1,h,b,1,1,0,1,1,0,0,0,0,NB,PropFalse,0,210,210,163,NA,NA,NA,NA,NA,0.0016843001358211,1005.1699552997017,1005.5530610000716,1005.6530295000412,1007.6532050999812,1008.0531713999808,1008.1553695998156,1008.1553695998156,h,1,1.000392499845475,1009.1864605997688,1009.1864605997688,1009.1864605997688,1009.1864605997688,NA,NA,NA,NA,NA,NA,028,001,2024-10-15_15h28.29.007,PsychoPy Exp,2023.1.2,60.016912796991896
Knowledge,FALSE,TB-K,DD_NB,PsychoPyStudy2Stim/DD_NB_2.png,Adam KNOWS there are TWO cubes,2,h,b,2,2,0,2,2,0,0,0,0,NB,PropFalse,0,211,211,277,NA,NA,NA,NA,NA,0.00169199984520673,1009.25864369981,1009.6363814999348,1009.736567699816,1011.7364524998702,1012.1364667997696,1012.2386640999466,1012.2386640999466,h,1,0.645056199748069,1012.9028932997026,1012.9028932997026,1012.9028932997026,1012.9028932997026,NA,NA,NA,NA,NA,NA,028,001,2024-10-15_15h28.29.007,PsychoPy Exp,2023.1.2,60.016912796991896
Knowledge,TRUE,TB-K-B,DD_B,PsychoPyStudy2Stim/DD_B_8.png,Adam KNOWS there are ZERO cubes,0,b,h,2,2,0,2,2,0,0,0,0,B,-,0,212,212,241,NA,NA,NA,NA,NA,0.00165269989520311,1012.9793409998528,1013.3530458998866,1013.4531038999556,1015.4531581997873,1015.8530965996906,1015.9552811998874,1015.9552811998874,b,1,2.160122999921441,1018.1362972999924,1018.1362972999924,1018.1362972999924,1018.1362972999924,NA,NA,NA,NA,NA,NA,028,001,2024-10-15_15h28.29.007,PsychoPy Exp,2023.1.2,60.016912796991896
Belief,FALSE,FB-Ig,T_B_T,PsychoPyStudy2Stim/T_B_T_4.png,Adam THINKS there are TWO cubes,2,h,b,2,0,2,1,0,1,1,0,1,B,PropTrueNoBelief,0,213,213,209,NA,NA,NA,NA,NA,5.7640019804239e-4,1018.2118506999686,1018.586441299878,1018.6864732000976,1020.6863472000696,1021.0864621000364,1021.1887770998292,1021.1887770998292,h,1,1.4229595996439457,1022.6363721997476,1022.6363721997476,1022.6363721997476,1022.6363721997476,NA,NA,NA,NA,NA,NA,028,001,2024-10-15_15h28.29.007,PsychoPy Exp,2023.1.2,60.016912796991896
Belief,TRUE,TB-K-B,TT_B,PsychoPyStudy2Stim/TT_B_9.png,Adam THINKS there are TWO cubes,2,b,h,2,0,2,2,0,2,0,0,0,B,-,0,214,214,142,NA,NA,NA,NA,NA,0.00134470034390687,1022.7102012997492,1023.0863624997436,1023.1864352999256,1025.1864710999653,1025.586374899838,1025.688614799641,1025.688614799641,h,0,1.0107344002462924,1026.71949389996,1026.71949389996,1026.71949389996,1026.71949389996,NA,NA,NA,NA,NA,NA,028,001,2024-10-15_15h28.29.007,PsychoPy Exp,2023.1.2,60.016912796991896
Belief,TRUE,FB-Ig,T_B_T,PsychoPyStudy2Stim/T_B_T_1.png,Adam THINKS there is ONE cube,1,b,h,2,0,2,1,0,1,1,0,1,B,-,0,215,215,152,NA,NA,NA,NA,NA,4.8490008339285e-4,1026.7990337996744,1027.1696607000194,1027.2697717999108,1029.269792899955,1029.669747899752,1029.7720078998243,1029.7720078998243,b,1,2.6877739001065493,1032.4861755999736,1032.4861755999736,1032.4861755999736,1032.4861755999736,NA,NA,NA,NA,NA,NA,028,001,2024-10-15_15h28.29.007,PsychoPy Exp,2023.1.2,60.016912796991896
Belief,TRUE,TB-K-B,TT_B,PsychoPyStudy2Stim/TT_B_5.png,Adam THINKS there are TWO cubes,2,b,h,2,0,2,2,0,2,0,0,0,B,-,0,216,216,138,NA,NA,NA,NA,NA,0.00164210004732012,1032.5579853998497,1032.936306799762,1033.0364055000246,1035.0364486998878,1035.436404899694,1035.5386772998609,1035.5386772998609,h,0,1.1206225999630988,1036.6862578997388,1036.6862578997388,1036.6862578997388,1036.6862578997388,NA,NA,NA,NA,NA,NA,028,001,2024-10-15_15h28.29.007,PsychoPy Exp,2023.1.2,60.016912796991896
Reality,FALSE,TB-K-B,TD_B,PsychoPyStudy2Stim/TD_B_4.png,"In REALITY, there are ZERO cubes",0,h,b,2,1,1,2,1,1,0,0,0,B,PropFalse,0,217,217,87,NA,NA,NA,NA,NA,5.7600019499659e-4,1036.7616483997554,1037.1363061997108,1037.236424499657,1039.236335199792,1039.6363987997174,1039.739452299662,1039.739452299662,h,1,0.7442093999125063,1040.5030081998557,1040.5030081998557,1040.5030081998557,1040.5030081998557,NA,NA,NA,NA,NA,NA,028,001,2024-10-15_15h28.29.007,PsychoPy Exp,2023.1.2,60.016912796991896
Belief,FALSE,TB-K,T_NB,PsychoPyStudy2Stim/T_NB_3.png,Adam THINKS there are TWO cubes,2,h,b,1,0,1,1,0,1,0,0,0,NB,PropFalse,0,218,218,167,NA,NA,NA,NA,NA,0.0016932999715209,1040.596941899974,1040.9696496999825,1041.0697698998265,1043.0697164000012,1043.469776599668,1043.571923600044,1043.571923600044,h,1,0.5516719999723136,1044.1528790998273,1044.1528790998273,1044.1528790998273,1044.1528790998273,NA,NA,NA,NA,NA,NA,028,001,2024-10-15_15h28.29.007,PsychoPy Exp,2023.1.2,60.016912796991896
Reality,FALSE,FB-Ig,T_B_T,PsychoPyStudy2Stim/T_B_T_3.png,"In REALITY, there is ONE cube",1,h,b,2,0,2,1,0,1,1,0,1,B,PropFalse,0,219,219,94,NA,NA,NA,NA,NA,0.00154849980026483,1044.2431963998824,1044.6195789999329,1044.7195309996605,1046.719609899912,1047.1195374000818,1047.2219209000468,1047.2219209000468,h,1,0.6458023996092379,1047.88614099985,1047.88614099985,1047.88614099985,1047.88614099985,NA,NA,NA,NA,NA,NA,028,001,2024-10-15_15h28.29.007,PsychoPy Exp,2023.1.2,60.016912796991896
Belief,TRUE,TB-K,T_NB,PsychoPyStudy2Stim/T_NB_3.png,Adam THINKS there is ONE cube,1,b,h,1,0,1,1,0,1,0,0,0,NB,-,0,220,220,113,NA,NA,NA,NA,NA,0.00164639996364712,1047.95112959994,1048.3362137000076,1048.4362952997908,1050.4364288998768,1050.8362809000537,1050.9384792000055,1050.9384792000055,b,1,1.0090687000192702,1051.9696503998712,1051.9696503998712,1051.9696503998712,1051.9696503998712,NA,NA,NA,NA,NA,NA,028,001,2024-10-15_15h28.29.007,PsychoPy Exp,2023.1.2,60.016912796991896
Belief,FALSE,TB-K-B,TT_B,PsychoPyStudy2Stim/TT_B_10.png,Adam THINKS there are ZERO cubes,0,h,b,2,0,2,2,0,2,0,0,0,B,PropFalse,0,221,221,197,NA,NA,NA,NA,NA,0.00162720028311014,1052.0524021997117,1052.4362030997872,1052.5363382999783,1054.5364121999592,1054.9363913997076,1055.038871800061,1055.038871800061,h,1,0.9974715998396276,1056.052726699971,1056.052726699971,1056.052726699971,1056.052726699971,NA,NA,NA,NA,NA,NA,028,001,2024-10-15_15h28.29.007,PsychoPy Exp,2023.1.2,60.016912796991896
Belief,FALSE,TB-K,TD_NB,PsychoPyStudy2Stim/TD_NB_2.png,Adam THINKS there are ZERO cubes,0,h,b,2,1,1,2,1,1,0,0,0,NB,PropFalse,0,222,222,172,NA,NA,NA,NA,NA,4.0529994294047e-4,1056.1252935999073,1056.5028618997894,1056.6030220999382,1058.6030218000524,1059.0029543996789,1059.1051358999684,1059.1051358999684,h,1,0.874106400180608,1060.002694099676,1060.002694099676,1060.002694099676,1060.002694099676,NA,NA,NA,NA,NA,NA,028,001,2024-10-15_15h28.29.007,PsychoPy Exp,2023.1.2,60.016912796991896
Reality,TRUE,TB-K-B,DD_B,PsychoPyStudy2Stim/DD_B_13.png,"In REALITY, there are ZERO cubes",0,b,h,2,2,0,2,2,0,0,0,0,B,-,0,223,223,26,NA,NA,NA,NA,NA,4.9429992213845e-4,1060.0913223996758,1060.4694093000144,1060.5696613998152,1062.5695316996423,1062.9696247000247,1063.071849399712,1063.071849399712,b,1,1.6273055002093315,1064.7192620998248,1064.7192620998248,1064.7192620998248,1064.7192620998248,NA,NA,NA,NA,NA,NA,028,001,2024-10-15_15h28.29.007,PsychoPy Exp,2023.1.2,60.016912796991896
Knowledge,FALSE,TB-K,TT_NB,PsychoPyStudy2Stim/TT_NB_4.png,Adam KNOWS there is ONE cube,1,h,b,2,0,2,2,0,2,0,0,0,NB,PropFalse,0,224,224,285,NA,NA,NA,NA,NA,3.957999870181e-4,1064.818132000044,1065.202718900051,1065.3029289999977,1067.302982700057,1067.702960500028,1067.8051586998629,1067.8051586998629,h,1,0.6544077000580728,1068.4862230997533,1068.4862230997533,1068.4862230997533,1068.4862230997533,NA,NA,NA,NA,NA,NA,028,001,2024-10-15_15h28.29.007,PsychoPy Exp,2023.1.2,60.016912796991896
Reality,TRUE,TB-K,DD_NB,PsychoPyStudy2Stim/DD_NB_3.png,"In REALITY, there are ZERO cubes",0,b,h,2,2,0,2,2,0,0,0,0,NB,-,0,225,225,8,NA,NA,NA,NA,NA,0.00164500018581748,1068.557294599712,1068.9359228000976,1069.0361623000354,1071.0361981000751,1071.4362514000386,1071.5384668996558,1071.5384668996558,b,1,1.22497049998492,1072.7861937000416,1072.7861937000416,1072.7861937000416,1072.7861937000416,NA,NA,NA,NA,NA,NA,028,001,2024-10-15_15h28.29.007,PsychoPy Exp,2023.1.2,60.016912796991896
Belief,FALSE,FB-Ig,T_B_T,PsychoPyStudy2Stim/T_B_T_5.png,Adam THINKS there are TWO cubes,2,h,b,2,0,2,1,0,1,1,0,1,B,PropTrueNoBelief,0,226,226,210,NA,NA,NA,NA,NA,0.00169080030173063,1072.887705099769,1073.2695189998483,1073.3695347998291,1075.3694825996645,1075.7695825998671,1075.8718496998772,1075.8718496998772,h,1,0.6436330997385085,1076.5361607000232,1076.5361607000232,1076.5361607000232,1076.5361607000232,NA,NA,NA,NA,NA,NA,028,001,2024-10-15_15h28.29.007,PsychoPy Exp,2023.1.2,60.016912796991896
Belief,TRUE,TB-K,TT_NB,PsychoPyStudy2Stim/TT_NB_4.png,Adam THINKS there are TWO cubes,2,b,h,2,0,2,2,0,2,0,0,0,NB,-,0,227,227,123,NA,NA,NA,NA,NA,0.00163239985704422,1076.622753100004,1077.0027699000202,1077.1029193000868,1079.102921599988,1079.5029020998627,1079.6051129996777,1079.6051129996777,h,0,1.3584464001469314,1080.986132999882,1080.986132999882,1080.986132999882,1080.986132999882,NA,NA,NA,NA,NA,NA,028,001,2024-10-15_15h28.29.007,PsychoPy Exp,2023.1.2,60.016912796991896
Reality,FALSE,TB-K-B,DD_B,PsychoPyStudy2Stim/DD_B_16.png,"In REALITY, there are TWO cubes",2,h,b,2,2,0,2,2,0,0,0,0,B,PropFalse,0,228,228,83,NA,NA,NA,NA,NA,0.00112809985876083,1081.082235299982,1081.452777499799,1081.552975399885,1083.5528528997677,1083.9528709999286,1084.0550104998983,1084.0550104998983,h,1,1.9484048997983336,1086.019379099831,1086.019379099831,1086.019379099831,1086.019379099831,NA,NA,NA,NA,NA,NA,028,001,2024-10-15_15h28.29.007,PsychoPy Exp,2023.1.2,60.016912796991896
Knowledge,FALSE,TB-Ig,D_B_D,PsychoPyStudy2Stim/D_B_D_3.png,Adam KNOWS there are ZERO cubes,0,h,b,2,2,0,1,1,0,1,1,0,B,PropTrueNoKnowledge,0,229,229,294,NA,NA,NA,NA,NA,6.7330012097954e-4,1086.1139263999648,1086.486140799709,1086.5862838998437,1088.586131399963,1088.9862167998217,1089.0883891996928,1089.0883891996928,h,1,6.874694600235671,1095.986061600037,1095.986061600037,1095.986061600037,1095.986061600037,NA,NA,NA,NA,NA,NA,028,001,2024-10-15_15h28.29.007,PsychoPy Exp,2023.1.2,60.016912796991896
Knowledge,TRUE,TB-K-B,TD_B,PsychoPyStudy2Stim/TD_B_12.png,Adam KNOWS there is ONE cube,1,b,h,2,1,1,2,1,1,0,0,0,B,-,0,230,230,269,NA,NA,NA,NA,NA,6.6559994593262e-4,1096.0756886000745,1096.4525636998003,1096.5526972999796,1098.55270999996,1098.9527606996708,1099.0550981997512,1099.0550981997512,b,1,2.18101690011099,1101.2527471999638,1101.2527471999638,1101.2527471999638,1101.2527471999638,NA,NA,NA,NA,NA,NA,028,001,2024-10-15_15h28.29.007,PsychoPy Exp,2023.1.2,60.016912796991896
Knowledge,TRUE,TB-K-B,DD_B,PsychoPyStudy2Stim/DD_B_10.png,Adam KNOWS there are ZERO cubes,0,b,h,2,2,0,2,2,0,0,0,0,B,-,0,231,231,243,NA,NA,NA,NA,NA,0.0016418001614511,1101.3449260997586,1101.7193936998956,1101.819477699697,1103.8194935000502,1104.2194701000117,1104.321732299868,1104.321732299868,b,1,0.9214168000034988,1105.269427999854,1105.269427999854,1105.269427999854,1105.269427999854,NA,NA,NA,NA,NA,NA,028,001,2024-10-15_15h28.29.007,PsychoPy Exp,2023.1.2,60.016912796991896
Knowledge,FALSE,FB-Ig,T_B_T,PsychoPyStudy2Stim/T_B_T_5.png,Adam KNOWS there is ONE cube,1,h,b,2,0,2,1,0,1,1,0,1,B,PropFalse,0,232,232,304,NA,NA,NA,NA,NA,0.00163650000467896,1105.360137199983,1105.736006599851,1105.8361651999876,1107.8359841997735,1108.236077599693,1108.3384067998268,1108.3384067998268,h,1,1.2335015996359289,1109.6027305000462,1109.6027305000462,1109.6027305000462,1109.6027305000462,NA,NA,NA,NA,NA,NA,028,001,2024-10-15_15h28.29.007,PsychoPy Exp,2023.1.2,60.016912796991896
Belief,TRUE,FB-Ig,D_B_T,PsychoPyStudy2Stim/D_B_T_3.png,Adam THINKS there are ZERO cubes,0,b,h,2,1,1,1,1,0,1,0,1,B,-,0,233,233,160,NA,NA,NA,NA,NA,0.00165709992870688,1109.6948712999,1110.0693814000117,1110.1693147998303,1112.1694585997611,1112.5694088996388,1112.6717139999382,1112.6717139999382,b,1,4.123588199727237,1116.8193526999094,1116.8193526999094,1116.8193526999094,1116.8193526999094,NA,NA,NA,NA,NA,NA,028,001,2024-10-15_15h28.29.007,PsychoPy Exp,2023.1.2,60.016912796991896
Reality,TRUE,FB-Ig,T_B_T,PsychoPyStudy2Stim/T_B_T_5.png,"In REALITY, there are TWO cubes",2,b,h,2,0,2,1,0,1,1,0,1,B,-,0,234,234,42,NA,NA,NA,NA,NA,0.00170989986509084,1116.9089333997108,1117.2860173000954,1117.3861096999608,1119.3860366996378,1119.7859523999505,1119.888363899663,1119.888363899663,b,1,1.2907384000718594,1121.2025816999376,1121.2025816999376,1121.2025816999376,1121.2025816999376,NA,NA,NA,NA,NA,NA,028,001,2024-10-15_15h28.29.007,PsychoPy Exp,2023.1.2,60.016912796991896
Belief,FALSE,TB-Ig,D_B,PsychoPyStudy2Stim/D_B_3.png,Adam THINKS there is ONE cube,1,h,b,1,1,0,1,1,0,0,0,0,B,PropFalse,0,235,235,182,NA,NA,NA,NA,NA,0.00147489970549941,1121.2944330996834,1121.6693041999824,1121.7694282000884,1123.769434900023,1124.1692511998117,1124.2716004000977,1124.2716004000977,h,1,0.9160279002971948,1125.2190982997415,1125.2190982997415,1125.2190982997415,1125.2190982997415,NA,NA,NA,NA,NA,NA,028,001,2024-10-15_15h28.29.007,PsychoPy Exp,2023.1.2,60.016912796991896
Knowledge,FALSE,TB-K-B,TD_B,PsychoPyStudy2Stim/TD_B_11.png,Adam KNOWS there are ZERO cubes,0,h,b,2,1,1,2,1,1,0,0,0,B,PropFalse,0,236,236,299,NA,NA,NA,NA,NA,4.5410031452775e-4,1125.296557799913,1125.6692832997069,1125.76941909967,1127.769407799933,1128.1695550000295,1128.2716258000582,1128.2716258000582,h,1,1.7487399000674486,1130.0359533000735,1130.0359533000735,1130.0359533000735,1130.0359533000735,NA,NA,NA,NA,NA,NA,028,001,2024-10-15_15h28.29.007,PsychoPy Exp,2023.1.2,60.016912796991896
Knowledge,TRUE,TB-K,TT_NB,PsychoPyStudy2Stim/TT_NB_5.png,Adam KNOWS there are TWO cubes,2,b,h,2,0,2,2,0,2,0,0,0,NB,-,0,237,237,232,NA,NA,NA,NA,NA,0.00166659988462924,1130.1080974000506,1130.4859066996723,1130.5860570999794,1132.5860552997328,1132.985950899776,1133.088236999698,1133.088236999698,b,1,1.603130499832332,1134.7193434997462,1134.7193434997462,1134.7193434997462,1134.7193434997462,NA,NA,NA,NA,NA,NA,028,001,2024-10-15_15h28.29.007,PsychoPy Exp,2023.1.2,60.016912796991896
Belief,TRUE,TB-Ig,D_B_D,PsychoPyStudy2Stim/D_B_D_2.png,Adam THINKS there are ZERO cubes,0,b,h,2,2,0,1,1,0,1,1,0,B,-,0,238,238,131,NA,NA,NA,NA,NA,0.001672999933362,1134.8173050996847,1135.202587099746,1135.302645899821,1137.3027814999225,1137.7026740000583,1137.8048882000148,1137.8048882000148,b,1,4.2060180003754795,1142.0357965999283,1142.0357965999283,1142.0357965999283,1142.0357965999283,NA,NA,NA,NA,NA,NA,028,001,2024-10-15_15h28.29.007,PsychoPy Exp,2023.1.2,60.016912796991896
Belief,TRUE,TB-K,D_NB,PsychoPyStudy2Stim/D_NB_3.png,Adam THINKS there are ZERO cubes,0,b,h,1,1,0,1,1,0,0,0,0,NB,-,0,239,239,110,NA,NA,NA,NA,NA,4.4820038601756e-4,1142.1085351998918,1142.4859241000377,1142.5859967996366,1144.5860385000706,1144.986005499959,1145.0882135997526,1145.0882135997526,b,1,1.8991573001258075,1147.019182200078,1147.019182200078,1147.019182200078,1147.019182200078,NA,NA,NA,NA,NA,NA,028,001,2024-10-15_15h28.29.007,PsychoPy Exp,2023.1.2,60.016912796991896
Belief,FALSE,FB-Ig,D_B_T,PsychoPyStudy2Stim/D_B_T_1.png,Adam THINKS there is ONE cube,1,h,b,2,1,1,1,1,0,1,0,1,B,PropTrueNoBelief,0,240,240,212,NA,NA,NA,NA,NA,0.00116460025310516,1147.0953337997198,1147.4691955996675,1147.5693206000142,1149.569292999804,1149.9692180999557,1150.0715481000952,1150.0715481000952,h,1,1.435340099968016,1151.5358205996454,1151.5358205996454,1151.5358205996454,1151.5358205996454,NA,NA,NA,NA,NA,NA,028,001,2024-10-15_15h28.29.007,PsychoPy Exp,2023.1.2,60.016912796991896
Knowledge,TRUE,TB-K-B,TD_B,PsychoPyStudy2Stim/TD_B_7.png,Adam KNOWS there is ONE cube,1,b,h,2,1,1,2,1,1,0,0,0,B,-,0,241,241,264,NA,NA,NA,NA,NA,6.5770000219345e-4,1151.618295500055,1152.0025404999033,1152.102450300008,1154.102643399965,1154.5025283996947,1154.6048876997083,1154.6048876997083,b,1,1.5499777998775244,1156.1857841997407,1156.1857841997407,1156.1857841997407,1156.1857841997407,NA,NA,NA,NA,NA,NA,028,001,2024-10-15_15h28.29.007,PsychoPy Exp,2023.1.2,60.016912796991896
Knowledge,TRUE,TB-K,DD_NB,PsychoPyStudy2Stim/DD_NB_2.png,Adam KNOWS there are ZERO cubes,0,b,h,2,2,0,2,2,0,0,0,0,NB,-,0,242,242,223,NA,NA,NA,NA,NA,6.4039975404739e-4,1156.254080499988,1156.635898400098,1156.735842899885,1158.735889799893,1159.135816599708,1159.2381197996438,1159.2381197996438,b,1,1.1815749001689255,1160.4483842998743,NA,1160.4483842998743,NA,space,3.250784399919212,NA,NA,NA,NA,028,001,2024-10-15_15h28.29.007,PsychoPy Exp,2023.1.2,60.016912796991896
Belief,TRUE,FB-Ig,D_B_T,PsychoPyStudy2Stim/D_B_T_2.png,Adam THINKS there are ZERO cubes,0,b,h,2,1,1,1,1,0,1,0,1,B,-,0,243,243,159,NA,NA,NA,NA,NA,0.00165440002456307,1163.811705299653,1164.1857881997712,1164.285810600035,1166.2857989999466,1166.6857761996798,1166.7881525997072,1166.7881525997072,b,1,1.4313083002343774,1168.235742500052,1168.235742500052,1168.235742500052,1168.235742500052,NA,NA,NA,NA,NA,NA,028,001,2024-10-15_15h28.29.007,PsychoPy Exp,2023.1.2,60.016912796991896
Reality,FALSE,TB-Ig,D_B,PsychoPyStudy2Stim/D_B_2.png,"In REALITY, there are TWO cubes",2,h,b,1,1,0,1,1,0,0,0,0,B,PropFalse,0,244,244,73,NA,NA,NA,NA,NA,6.4940005540847e-4,1168.31200109981,1168.6857610000295,1168.7858750000596,1170.7857538997196,1171.185826699715,1171.288244099822,1171.288244099822,h,1,1.706893099937588,1173.0192219996825,1173.0192219996825,1173.0192219996825,1173.0192219996825,NA,NA,NA,NA,NA,NA,028,001,2024-10-15_15h28.29.007,PsychoPy Exp,2023.1.2,60.016912796991896
Reality,TRUE,TB-K-B,TD_B,PsychoPyStudy2Stim/TD_B_3.png,"In REALITY, there is ONE cube",1,b,h,2,1,1,2,1,1,0,0,0,B,-,0,245,245,32,NA,NA,NA,NA,NA,0.00164199993014335,1173.0915306997483,1173.469093099702,1173.5692177000456,1175.5701569998637,1175.969165300019,1176.071387599688,1176.071387599688,b,1,0.7873359997756779,1176.8855367000217,1176.8855367000217,1176.8855367000217,1176.8855367000217,NA,NA,NA,NA,NA,NA,028,001,2024-10-15_15h28.29.007,PsychoPy Exp,2023.1.2,60.016912796991896
Belief,TRUE,TB-K-B,TT_B,PsychoPyStudy2Stim/TT_B_6.png,Adam THINKS there are TWO cubes,2,b,h,2,0,2,2,0,2,0,0,0,B,-,0,246,246,139,NA,NA,NA,NA,NA,3.6920001730322e-4,1176.9543146998622,1177.3357983999886,1177.4357527997345,1179.4358848999254,1179.8358362000436,1179.938252700027,1179.938252700027,h,0,1.424463199917227,1181.385494899936,1181.385494899936,1181.385494899936,1181.385494899936,NA,NA,NA,NA,NA,NA,028,001,2024-10-15_15h28.29.007,PsychoPy Exp,2023.1.2,60.016912796991896
Reality,TRUE,FB-Ig,T_B_T,PsychoPyStudy2Stim/T_B_T_3.png,"In REALITY, there are TWO cubes",2,b,h,2,0,2,1,0,1,1,0,1,B,-,0,247,247,46,NA,NA,NA,NA,NA,3.7460029125213e-4,1181.461053499952,1181.8355680997483,1181.9356086999178,1183.935623999685,1184.3355735000223,1184.4380064997822,1184.4380064997822,b,1,1.012916499748826,1185.468806100078,1185.468806100078,1185.468806100078,1185.468806100078,NA,NA,NA,NA,NA,NA,028,001,2024-10-15_15h28.29.007,PsychoPy Exp,2023.1.2,60.016912796991896
Belief,TRUE,FB-Ig,D_B_T,PsychoPyStudy2Stim/D_B_T_1.png,Adam THINKS there are ZERO cubes,0,b,h,2,1,1,1,1,0,1,0,1,B,-,0,248,248,158,NA,NA,NA,NA,NA,3.9259996265172e-4,1185.5471127000635,1185.9187819999645,1186.019107100088,1188.0190522000194,1188.4189368998632,1188.5216925996356,1188.5216925996356,b,1,2.8570062001235783,1191.402111100033,1191.402111100033,1191.402111100033,1191.402111100033,NA,NA,NA,NA,NA,NA,028,001,2024-10-15_15h28.29.007,PsychoPy Exp,2023.1.2,60.016912796991896
Reality,FALSE,FB-Ig,T_B_T,PsychoPyStudy2Stim/T_B_T_6.png,"In REALITY, there is ONE cube",1,h,b,2,0,2,1,0,1,1,0,1,B,PropFalse,0,249,249,97,NA,NA,NA,NA,NA,3.8560014218091e-4,1191.4858746998943,1191.8687602998689,1191.968871299643,1193.9688711999916,1194.368936999701,1194.4714377997443,1194.4714377997443,h,1,0.9872775003314018,1195.4854170996696,1195.4854170996696,1195.4854170996696,1195.4854170996696,NA,NA,NA,NA,NA,NA,028,001,2024-10-15_15h28.29.007,PsychoPy Exp,2023.1.2,60.016912796991896
Reality,TRUE,TB-K,TT_NB,PsychoPyStudy2Stim/TT_NB_4.png,"In REALITY, there are TWO cubes",2,b,h,2,0,2,2,0,2,0,0,0,NB,-,0,250,250,15,NA,NA,NA,NA,NA,3.813998773694e-4,1195.556993199978,1195.9354673996568,1196.0359272998758,1198.0355756999925,1198.4357298999091,1198.537798000034,1198.537798000034,b,1,2.4651917996816337,1201.0187273998745,1201.0187273998745,1201.0187273998745,1201.0187273998745,NA,NA,NA,NA,NA,NA,028,001,2024-10-15_15h28.29.007,PsychoPy Exp,2023.1.2,60.016912796991896
Belief,FALSE,FB-Ig,T_B_T,PsychoPyStudy2Stim/T_B_T_2.png,Adam THINKS there are TWO cubes,2,h,b,2,0,2,1,0,1,1,0,1,B,PropTrueNoBelief,0,251,251,201,NA,NA,NA,NA,NA,3.8830004632472e-4,1201.0937361000106,1201.4687719000503,1201.5688025997952,1203.5689886999317,1203.968857199885,1204.0710811996832,1204.0710811996832,h,1,1.211553500033915,1205.30208749976,1205.30208749976,1205.30208749976,1205.30208749976,NA,NA,NA,NA,NA,NA,028,001,2024-10-15_15h28.29.007,PsychoPy Exp,2023.1.2,60.016912796991896
Knowledge,FALSE,FB-Ig,D_B_T,PsychoPyStudy2Stim/D_B_T_4.png,Adam KNOWS there is ONE cube,1,h,b,2,1,1,1,1,0,1,0,1,B,PropTrueNoKnowledge,0,252,252,321,NA,NA,NA,NA,NA,3.8539990782737e-4,1205.376119399909,1205.752048299648,1205.852585199755,1207.8524174997583,1208.252202999778,1208.3543742997572,1208.3543742997572,h,1,1.4964610002934933,1209.868674499914,1209.868674499914,1209.868674499914,1209.868674499914,NA,NA,NA,NA,NA,NA,028,001,2024-10-15_15h28.29.007,PsychoPy Exp,2023.1.2,60.016912796991896
Knowledge,TRUE,TB-K-B,DD_B,PsychoPyStudy2Stim/DD_B_2.png,Adam KNOWS there are ZERO cubes,0,b,h,2,2,0,2,2,0,0,0,0,B,-,0,253,253,235,NA,NA,NA,NA,NA,3.8040010258555e-4,1209.9495129999705,1210.3189790998586,1210.4187847999856,1212.418807799928,1212.818761399947,1212.9212138000876,1212.9212138000876,b,1,1.0659229001030326,1214.0019998000937,1214.0019998000937,1214.0019998000937,1214.0019998000937,NA,NA,NA,NA,NA,NA,028,001,2024-10-15_15h28.29.007,PsychoPy Exp,2023.1.2,60.016912796991896
Reality,FALSE,FB-Ig,T_B_T,PsychoPyStudy2Stim/T_B_T_4.png,"In REALITY, there is ONE cube",1,h,b,2,0,2,1,0,1,1,0,1,B,PropFalse,0,254,254,101,NA,NA,NA,NA,NA,3.8459990173578e-4,1214.072736399714,1214.4523189999163,1214.552123699803,1216.552212299779,1216.9521488999017,1217.05466959998,1217.05466959998,h,1,0.5880387998186052,1217.668801999651,1217.668801999651,1217.668801999651,1217.668801999651,NA,NA,NA,NA,NA,NA,028,001,2024-10-15_15h28.29.007,PsychoPy Exp,2023.1.2,60.016912796991896
Reality,TRUE,FB-Ig,D_B_T,PsychoPyStudy2Stim/D_B_T_3.png,"In REALITY, there is ONE cube",1,b,h,2,1,1,1,1,0,1,0,1,B,-,0,255,255,52,NA,NA,NA,NA,NA,4.2949989438056e-4,1217.7420842996798,1218.1189387999475,1218.2190032997169,1220.2190342000686,1220.6190498997455,1220.7212894996628,1220.7212894996628,b,1,0.8659695996902883,1221.6021050000563,1221.6021050000563,1221.6021050000563,1221.6021050000563,NA,NA,NA,NA,NA,NA,028,001,2024-10-15_15h28.29.007,PsychoPy Exp,2023.1.2,60.016912796991896
Knowledge,TRUE,TB-K-B,DD_B,PsychoPyStudy2Stim/DD_B_6.png,Adam KNOWS there are ZERO cubes,0,b,h,2,2,0,2,2,0,0,0,0,B,-,0,256,256,239,NA,NA,NA,NA,NA,0.00166609976440668,1221.671964199748,1222.0522429998964,1222.152279299684,1224.1522639999166,1224.552319099661,1224.6546358000487,1224.6546358000487,b,1,0.972311300225556,1225.652231999673,1225.652231999673,1225.652231999673,1225.652231999673,NA,NA,NA,NA,NA,NA,028,001,2024-10-15_15h28.29.007,PsychoPy Exp,2023.1.2,60.016912796991896
Belief,FALSE,FB-Ig,T_B_T,PsychoPyStudy2Stim/T_B_T_3.png,Adam THINKS there are TWO cubes,2,h,b,2,0,2,1,0,1,1,0,1,B,PropTrueNoBelief,0,257,257,202,NA,NA,NA,NA,NA,0.00145549979060888,1225.7407931000926,1226.1189246997235,1226.2190152998082,1228.2190473997034,1228.618966099806,1228.721221699845,1228.721221699845,h,1,1.2333328002132475,1229.9854782000184,1229.9854782000184,1229.9854782000184,1229.9854782000184,NA,NA,NA,NA,NA,NA,028,001,2024-10-15_15h28.29.007,PsychoPy Exp,2023.1.2,60.016912796991896
Belief,TRUE,FB-Ig,T_B_T,PsychoPyStudy2Stim/T_B_T_6.png,Adam THINKS there is ONE cube,1,b,h,2,0,2,1,0,1,1,0,1,B,-,0,258,258,151,NA,NA,NA,NA,NA,4.675998352468e-4,1230.0664286999963,1230.4354596999474,1230.5356679996476,1232.535744199995,1232.9357284000143,1233.0378930997103,1233.0378930997103,b,1,1.4050342999398708,1234.4689321997575,1234.4689321997575,1234.4689321997575,1234.4689321997575,NA,NA,NA,NA,NA,NA,028,001,2024-10-15_15h28.29.007,PsychoPy Exp,2023.1.2,60.016912796991896
Reality,FALSE,TB-K,TT_NB,PsychoPyStudy2Stim/TT_NB_5.png,"In REALITY, there is ONE cube",1,h,b,2,0,2,2,0,2,0,0,0,NB,PropFalse,0,259,259,70,NA,NA,NA,NA,NA,0.00164380017668008,1234.5513868997805,1234.9355898997746,1235.0356914000586,1237.0356497997418,1237.4355902997777,1237.5378318000585,1237.5378318000585,h,1,0.641039100009948,1238.2022305997089,1238.2022305997089,1238.2022305997089,1238.2022305997089,NA,NA,NA,NA,NA,NA,028,001,2024-10-15_15h28.29.007,PsychoPy Exp,2023.1.2,60.016912796991896
Reality,FALSE,TB-K-B,DD_B,PsychoPyStudy2Stim/DD_B_14.png,"In REALITY, there are TWO cubes",2,h,b,2,2,0,2,2,0,0,0,0,B,PropFalse,0,260,260,81,NA,NA,NA,NA,NA,0.00162409991025924,1238.2925201999024,1238.6688460996374,1238.7689767000263,1240.768979500048,1241.16896359995,1241.271173799876,1241.271173799876,h,1,0.5554641997441649,1241.8522175997496,1241.8522175997496,1241.8522175997496,1241.8522175997496,NA,NA,NA,NA,NA,NA,028,001,2024-10-15_15h28.29.007,PsychoPy Exp,2023.1.2,60.016912796991896
Reality,TRUE,TB-Ig,D_B_D,PsychoPyStudy2Stim/D_B_D_2.png,"In REALITY, there are ZERO cubes",0,b,h,2,2,0,1,1,0,1,1,0,B,-,0,261,261,23,NA,NA,NA,NA,NA,0.00160689977928996,1241.9669130998664,1242.3521667998284,1242.4521929998882,1244.452205599751,1244.8522945996374,1244.954504400026,1244.954504400026,b,1,1.0400211000815034,1246.0186405000277,1246.0186405000277,1246.0186405000277,1246.0186405000277,NA,NA,NA,NA,NA,NA,028,001,2024-10-15_15h28.29.007,PsychoPy Exp,2023.1.2,60.016912796991896
Belief,TRUE,TB-K,TD_NB,PsychoPyStudy2Stim/TD_NB_3.png,Adam THINKS there is ONE cube,1,b,h,2,1,1,2,1,1,0,0,0,NB,-,0,262,262,119,NA,NA,NA,NA,NA,3.8250023499131e-4,1246.0877135000192,1246.46883159969,1246.5688026999123,1248.5689443997107,1248.9688607999124,1249.071105999872,1249.071105999872,h,0,1.1316781002096832,1250.2186908000149,1250.2186908000149,1250.2186908000149,1250.2186908000149,NA,NA,NA,NA,NA,NA,028,001,2024-10-15_15h28.29.007,PsychoPy Exp,2023.1.2,60.016912796991896
Reality,FALSE,FB-Ig,T_B_T,PsychoPyStudy2Stim/T_B_T_2.png,"In REALITY, there is ONE cube",1,h,b,2,0,2,1,0,1,1,0,1,B,PropFalse,0,263,263,93,NA,NA,NA,NA,NA,5.2769994363188e-4,1250.291276500095,1250.668799499981,1250.7689049998298,1252.768903600052,1253.16894519981,1253.2711565000936,1253.2711565000936,h,1,3.283728400245309,1256.5852990997955,1256.5852990997955,1256.5852990997955,1256.5852990997955,NA,NA,NA,NA,NA,NA,028,001,2024-10-15_15h28.29.007,PsychoPy Exp,2023.1.2,60.016912796991896
Knowledge,TRUE,TB-K-B,DD_B,PsychoPyStudy2Stim/DD_B_4.png,Adam KNOWS there are ZERO cubes,0,b,h,2,2,0,2,2,0,0,0,0,B,-,0,264,264,237,NA,NA,NA,NA,NA,0.00169420009478926,1256.6643610997126,1257.0354432999156,1257.1356639997102,1259.135418899823,1259.5355576998554,1259.6378155997954,1259.6378155997954,b,1,0.9569908999837936,1260.6188467997126,1260.6188467997126,1260.6188467997126,1260.6188467997126,NA,NA,NA,NA,NA,NA,028,001,2024-10-15_15h28.29.007,PsychoPy Exp,2023.1.2,60.016912796991896
Belief,FALSE,TB-Ig,D_B_D,PsychoPyStudy2Stim/D_B_D_4.png,Adam THINKS there is ONE cube,1,h,b,2,2,0,1,1,0,1,1,0,B,PropFalse,0,265,265,187,NA,NA,NA,NA,NA,0.00163449998944997,1260.7141468999907,1261.0854949997738,1261.1854284997098,1263.1854894999417,1263.585627200082,1263.6877648998052,1263.6877648998052,h,1,5.178876900114119,1268.8853393997997,1268.8853393997997,1268.8853393997997,1268.8853393997997,NA,NA,NA,NA,NA,NA,028,001,2024-10-15_15h28.29.007,PsychoPy Exp,2023.1.2,60.016912796991896
Reality,FALSE,TB-K,TD_NB,PsychoPyStudy2Stim/TD_NB_1.png,"In REALITY, there are ZERO cubes",0,h,b,2,1,1,2,1,1,0,0,0,NB,PropFalse,0,266,266,63,NA,NA,NA,NA,NA,3.8579991087317e-4,1268.957177199889,1269.335425300058,1269.435610000044,1271.43553469982,1271.8355707996525,1271.937780200038,1271.937780200038,h,1,0.6975263999775052,1272.6520487000234,1272.6520487000234,1272.6520487000234,1272.6520487000234,NA,NA,NA,NA,NA,NA,028,001,2024-10-15_15h28.29.007,PsychoPy Exp,2023.1.2,60.016912796991896
Knowledge,TRUE,TB-K-B,TT_B,PsychoPyStudy2Stim/TT_B_19.png,Adam KNOWS there are TWO cubes,2,b,h,2,0,2,2,0,2,0,0,0,B,-,0,267,267,252,NA,NA,NA,NA,NA,0.00115570006892085,1272.7306808996946,1273.1020797998644,1273.202038299758,1275.202019399963,1275.6021567997525,1275.7044011000544,1275.7044011000544,b,1,0.6739431000314653,1276.4017391996458,1276.4017391996458,1276.4017391996458,1276.4017391996458,NA,NA,NA,NA,NA,NA,028,001,2024-10-15_15h28.29.007,PsychoPy Exp,2023.1.2,60.016912796991896
Reality,TRUE,TB-K,D_NB,PsychoPyStudy2Stim/D_NB_1.png,"In REALITY, there are ZERO cubes",0,b,h,1,1,0,1,1,0,0,0,0,NB,-,0,268,268,0,NA,NA,NA,NA,NA,3.8710003718733e-4,1276.4718247996643,1276.852064799983,1276.9521586997434,1278.9521772000007,1279.3520514997654,1279.454330000095,1279.454330000095,h,0,0.5883716000244021,1280.068767699879,1280.068767699879,1280.068767699879,1280.068767699879,NA,NA,NA,NA,NA,NA,028,001,2024-10-15_15h28.29.007,PsychoPy Exp,2023.1.2,60.016912796991896
Reality,FALSE,TB-K,T_NB,PsychoPyStudy2Stim/T_NB_2.png,"In REALITY, there are TWO cubes",2,h,b,1,0,1,1,0,1,0,0,0,NB,PropFalse,0,269,269,58,NA,NA,NA,NA,NA,0.0016386997886002,1280.1476750997826,1280.5187081000768,1280.618809899781,1282.6188097000122,1283.0188358998855,1283.1209821999073,1283.1209821999073,h,1,1.5057492996565998,1284.6520956996828,1284.6520956996828,1284.6520956996828,1284.6520956996828,NA,NA,NA,NA,NA,NA,028,001,2024-10-15_15h28.29.007,PsychoPy Exp,2023.1.2,60.016912796991896
Knowledge,TRUE,TB-K,TT_NB,PsychoPyStudy2Stim/TT_NB_3.png,Adam KNOWS there are TWO cubes,2,b,h,2,0,2,2,0,2,0,0,0,NB,-,0,270,270,230,NA,NA,NA,NA,NA,0.00166290020570158,1284.7547804000787,1285.1352949999273,1285.2354993997142,1287.235508499667,1287.6354657998309,1287.7376949996687,1287.7376949996687,b,1,0.7768050003796816,1288.5353298997506,1288.5353298997506,1288.5353298997506,1288.5353298997506,NA,NA,NA,NA,NA,NA,028,001,2024-10-15_15h28.29.007,PsychoPy Exp,2023.1.2,60.016912796991896
Knowledge,FALSE,FB-Ig,T_B_T,PsychoPyStudy2Stim/T_B_T_1.png,Adam KNOWS there are TWO cubes,2,h,b,2,0,2,1,0,1,1,0,1,B,PropTrueNoKnowledge,0,271,271,306,NA,NA,NA,NA,NA,0.00150340003892779,1288.6237121000886,1289.0020313998684,1289.1021118997596,1291.101920799818,1291.502124699764,1291.6045772000216,1291.6045772000216,h,1,0.582303499802947,1292.218526700046,1292.218526700046,1292.218526700046,1292.218526700046,NA,NA,NA,NA,NA,NA,028,001,2024-10-15_15h28.29.007,PsychoPy Exp,2023.1.2,60.016912796991896
Belief,TRUE,FB-Ig,T_B_T,PsychoPyStudy2Stim/T_B_T_4.png,Adam THINKS there is ONE cube,1,b,h,2,0,2,1,0,1,1,0,1,B,-,0,272,272,149,NA,NA,NA,NA,NA,4.2210007086396e-4,1292.290002099704,1292.6685436996631,1292.768837499898,1294.7687657000497,1295.1687754997984,1295.271035999991,1295.271035999991,b,1,1.5876968000084162,1296.885111299809,1296.885111299809,1296.885111299809,1296.885111299809,NA,NA,NA,NA,NA,NA,028,001,2024-10-15_15h28.29.007,PsychoPy Exp,2023.1.2,60.016912796991896
Reality,TRUE,FB-Ig,T_B_T,PsychoPyStudy2Stim/T_B_T_1.png,"In REALITY, there are TWO cubes",2,b,h,2,0,2,1,0,1,1,0,1,B,-,0,273,273,38,NA,NA,NA,NA,NA,0.00163629977032542,1296.9556396999396,1297.335315699689,1297.435456799809,1299.4354443997145,1299.8354273997247,1299.9376429999247,1299.9376429999247,b,1,0.6170606003142893,1300.585041699931,1300.585041699931,1300.585041699931,1300.585041699931,NA,NA,NA,NA,NA,NA,028,001,2024-10-15_15h28.29.007,PsychoPy Exp,2023.1.2,60.016912796991896
Knowledge,FALSE,TB-Ig,D_B,PsychoPyStudy2Stim/D_B_4.png,Adam KNOWS there are ZERO cubes,0,h,b,1,1,0,1,1,0,0,0,0,B,PropTrueNoKnowledge,0,274,274,291,NA,NA,NA,NA,NA,4.3259980157017e-4,1300.6627170997672,1301.0352758998051,1301.13544610003,1303.1354323998094,1303.5354037000798,1303.6377499997616,1303.6377499997616,h,1,1.5490606999956071,1305.2018446000293,1305.2018446000293,1305.2018446000293,1305.2018446000293,NA,NA,NA,NA,NA,NA,028,001,2024-10-15_15h28.29.007,PsychoPy Exp,2023.1.2,60.016912796991896
Reality,FALSE,TB-K,TD_NB,PsychoPyStudy2Stim/TD_NB_3.png,"In REALITY, there are TWO cubes",2,h,b,2,1,1,2,1,1,0,0,0,NB,PropFalse,0,275,275,65,NA,NA,NA,NA,NA,3.8779992610216e-4,1305.292139899917,1305.6684105996974,1305.768740199972,1307.7687262999823,1308.168732599821,1308.270943599753,1308.270943599753,h,1,1.035725399851799,1309.3353696996346,1309.3353696996346,1309.3353696996346,1309.3353696996346,NA,NA,NA,NA,NA,NA,028,001,2024-10-15_15h28.29.007,PsychoPy Exp,2023.1.2,60.016912796991896
Belief,FALSE,TB-K,D_NB,PsychoPyStudy2Stim/D_NB_3.png,Adam THINKS there are TWO cubes,2,h,b,1,1,0,1,1,0,0,0,0,NB,PropFalse,0,276,276,164,NA,NA,NA,NA,NA,0.00239049969241023,1309.4186640996486,1309.801910399925,1309.902057199739,1311.901971399784,1312.3018779000267,1312.4042547997087,1312.4042547997087,h,1,0.8704631002619863,1313.301879500039,1313.301879500039,1313.301879500039,1313.301879500039,NA,NA,NA,NA,NA,NA,028,001,2024-10-15_15h28.29.007,PsychoPy Exp,2023.1.2,60.016912796991896
Reality,TRUE,FB-Ig,T_B_T,PsychoPyStudy2Stim/T_B_T_1.png,"In REALITY, there are TWO cubes",2,b,h,2,0,2,1,0,1,1,0,1,B,-,0,277,277,44,NA,NA,NA,NA,NA,0.00236430019140243,1313.3830220000818,1313.768567299936,1313.8687120000832,1315.868490699679,1316.268606999889,1316.3708688998595,1316.3708688998595,b,1,0.8878056001849473,1317.2852535001002,1317.2852535001002,1317.2852535001002,1317.2852535001002,NA,NA,NA,NA,NA,NA,028,001,2024-10-15_15h28.29.007,PsychoPy Exp,2023.1.2,60.016912796991896
Knowledge,FALSE,TB-Ig,D_B,PsychoPyStudy2Stim/D_B_1.png,Adam KNOWS there are ZERO cubes,0,h,b,1,1,0,1,1,0,0,0,0,B,PropTrueNoKnowledge,0,278,278,288,NA,NA,NA,NA,NA,0.00171300023794174,1317.3788687000051,1317.7519255997613,1317.852065899875,1319.852035799995,1320.252009399701,1320.354244200047,1320.354244200047,h,1,1.8963146996684372,1322.2684041000905,1322.2684041000905,1322.2684041000905,1322.2684041000905,NA,NA,NA,NA,NA,NA,028,001,2024-10-15_15h28.29.007,PsychoPy Exp,2023.1.2,60.016912796991896
Belief,FALSE,TB-K-B,TT_B,PsychoPyStudy2Stim/TT_B_11.png,Adam THINKS there are ZERO cubes,0,h,b,2,0,2,2,0,2,0,0,0,B,PropFalse,0,279,279,198,NA,NA,NA,NA,NA,3.9919978007674e-4,1322.3435676996596,1322.718522499781,1322.818699399941,1324.818683499936,1325.2186432997696,1325.321021199692,1325.321021199692,h,1,1.865811100229621,1327.218577499967,1327.218577499967,1327.218577499967,1327.218577499967,NA,NA,NA,NA,NA,NA,028,001,2024-10-15_15h28.29.007,PsychoPy Exp,2023.1.2,60.016912796991896
Knowledge,FALSE,TB-K,TD_NB,PsychoPyStudy2Stim/TD_NB_2.png,Adam KNOWS there are ZERO cubes,0,h,b,2,1,1,2,1,1,0,0,0,NB,PropFalse,0,280,280,280,NA,NA,NA,NA,NA,0.00165840005502104,1327.314491899684,1327.685188699979,1327.7853558999486,1329.785314399749,1330.185369099956,1330.287511900067,1330.287511900067,h,1,2.722638000268489,1333.0350226000885,1333.0350226000885,1333.0350226000885,1333.0350226000885,NA,NA,NA,NA,NA,NA,028,001,2024-10-15_15h28.29.007,PsychoPy Exp,2023.1.2,60.016912796991896
Reality,FALSE,TB-K,DD_NB,PsychoPyStudy2Stim/DD_NB_1.png,"In REALITY, there is ONE cube",1,h,b,2,2,0,2,2,0,0,0,0,NB,PropFalse,0,281,281,60,NA,NA,NA,NA,NA,3.817998804152e-4,1333.108669999987,1333.4851688998751,1333.585284699686,1335.585333199706,1335.9853208996356,1336.0874771000815,1336.0874771000815,h,1,1.5230657001957295,1337.635194600094,1337.635194600094,1337.635194600094,1337.635194600094,NA,NA,NA,NA,NA,NA,028,001,2024-10-15_15h28.29.007,PsychoPy Exp,2023.1.2,60.016912796991896
Knowledge,TRUE,TB-K-B,TT_B,PsychoPyStudy2Stim/TT_B_14.png,Adam KNOWS there are TWO cubes,2,b,h,2,0,2,2,0,2,0,0,0,B,-,0,282,282,247,NA,NA,NA,NA,NA,0.00152430031448602,1337.716257199645,1338.1018332997337,1338.201902499888,1340.201766199898,1340.601978099905,1340.7040343000554,1340.7040343000554,b,1,2.4505398999899626,1343.1849370999262,1343.1849370999262,1343.1849370999262,1343.1849370999262,NA,NA,NA,NA,NA,NA,028,001,2024-10-15_15h28.29.007,PsychoPy Exp,2023.1.2,60.016912796991896
Knowledge,FALSE,FB-Ig,D_B_T,PsychoPyStudy2Stim/D_B_T_1.png,Adam KNOWS there are ZERO cubes,0,h,b,2,1,1,1,1,0,1,0,1,B,PropFalse,0,283,283,322,NA,NA,NA,NA,NA,0.00167910009622573,1343.262948599644,1343.635121499654,1343.735256399959,1345.7352940998971,1346.135222400073,1346.2374689998103,1346.2374689998103,h,1,2.3977117999456823,1348.6518206000328,1348.6518206000328,1348.6518206000328,1348.6518206000328,NA,NA,NA,NA,NA,NA,028,001,2024-10-15_15h28.29.007,PsychoPy Exp,2023.1.2,60.016912796991896
Reality,FALSE,FB-Ig,T_B_T,PsychoPyStudy2Stim/T_B_T_6.png,"In REALITY, there is ONE cube",1,h,b,2,0,2,1,0,1,1,0,1,B,PropFalse,0,284,284,103,NA,NA,NA,NA,NA,0.00167680019512772,1348.7477043997496,1349.1184553997591,1349.2185504999943,1351.2185666998848,1351.6185137000866,1351.720828899648,1351.720828899648,h,1,1.6093724998645484,1353.351758799981,1353.351758799981,1353.351758799981,1353.351758799981,NA,NA,NA,NA,NA,NA,028,001,2024-10-15_15h28.29.007,PsychoPy Exp,2023.1.2,60.016912796991896
Reality,FALSE,FB-Ig,T_B_T,PsychoPyStudy2Stim/T_B_T_3.png,"In REALITY, there is ONE cube",1,h,b,2,0,2,1,0,1,1,0,1,B,PropFalse,0,285,285,100,NA,NA,NA,NA,NA,9.0530002489686e-4,1353.4303447999991,1353.8017486999745,1353.9017631998286,1355.901853399817,1356.3018074999563,1356.4040187997743,1356.4040187997743,h,1,1.7340964996255934,1358.1682122997008,1358.1682122997008,1358.1682122997008,1358.1682122997008,NA,NA,NA,NA,NA,NA,028,001,2024-10-15_15h28.29.007,PsychoPy Exp,2023.1.2,60.016912796991896
Knowledge,FALSE,TB-K,T_NB,PsychoPyStudy2Stim/T_NB_2.png,Adam KNOWS there are TWO cubes,2,h,b,1,0,1,1,0,1,0,0,0,NB,PropFalse,0,286,286,274,NA,NA,NA,NA,NA,4.4380035251379e-4,1358.2459792997688,1358.618392900098,1358.718517600093,1360.718559099827,1361.1185424998405,1361.2208619997837,1361.2208619997837,h,1,1.6456230003386736,1362.88501359988,1362.88501359988,1362.88501359988,1362.88501359988,NA,NA,NA,NA,NA,NA,028,001,2024-10-15_15h28.29.007,PsychoPy Exp,2023.1.2,60.016912796991896
Belief,TRUE,TB-K-B,TT_B,PsychoPyStudy2Stim/TT_B_11.png,Adam THINKS there are TWO cubes,2,b,h,2,0,2,2,0,2,0,0,0,B,-,0,287,287,144,NA,NA,NA,NA,NA,0.00146210007369518,1362.9729069997557,1363.3516915999353,1363.4518392998723,1365.451844799798,1365.8518002997153,1365.9540311996825,1365.9540311996825,h,0,2.1844041999429464,1368.1685414998792,1368.1685414998792,1368.1685414998792,1368.1685414998792,NA,NA,NA,NA,NA,NA,028,001,2024-10-15_15h28.29.007,PsychoPy Exp,2023.1.2,60.016912796991896
Knowledge,FALSE,FB-Ig,T_B_T,PsychoPyStudy2Stim/T_B_T_4.png,Adam KNOWS there are TWO cubes,2,h,b,2,0,2,1,0,1,1,0,1,B,PropTrueNoKnowledge,0,288,288,315,NA,NA,NA,NA,NA,0.00162909971550107,1368.2632871000096,1368.6350511000492,1368.7352571999654,1370.735187099781,1371.1350235999562,1371.2374589997344,1371.2374589997344,h,1,1.2605898003093898,1372.5182018000633,1372.5182018000633,1372.5182018000633,1372.5182018000633,NA,NA,NA,NA,NA,NA,028,001,2024-10-15_15h28.29.007,PsychoPy Exp,2023.1.2,60.016912796991896
Reality,TRUE,TB-K,TT_NB,PsychoPyStudy2Stim/TT_NB_1.png,"In REALITY, there are TWO cubes",2,b,h,2,0,2,2,0,2,0,0,0,NB,-,0,289,289,12,NA,NA,NA,NA,NA,3.8149999454617e-4,1372.6096155997366,1372.9847804997116,1373.0850569996985,1375.0849643996917,1375.4851640998386,1375.5873563000932,1375.5873563000932,b,1,1.4476948999799788,1377.0517079997808,1377.0517079997808,1377.0517079997808,1377.0517079997808,NA,NA,NA,NA,NA,NA,028,001,2024-10-15_15h28.29.007,PsychoPy Exp,2023.1.2,60.016912796991896
Belief,FALSE,TB-K-B,TT_B,PsychoPyStudy2Stim/TT_B_12.png,Adam THINKS there are ZERO cubes,0,h,b,2,0,2,2,0,2,0,0,0,B,PropFalse,0,290,290,199,NA,NA,NA,NA,NA,0.00165699981153011,1377.1433957996778,1377.518354400061,1377.618490699679,1379.6184958000667,1380.018304700032,1380.1207534996793,1380.1207534996793,h,1,0.6732773999683559,1380.818200299982,1380.818200299982,1380.818200299982,1380.818200299982,NA,NA,NA,NA,NA,NA,028,001,2024-10-15_15h28.29.007,PsychoPy Exp,2023.1.2,60.016912796991896
Knowledge,TRUE,TB-K,T_NB,PsychoPyStudy2Stim/T_NB_1.png,Adam KNOWS there is ONE cube,1,b,h,1,0,1,1,0,1,0,0,0,NB,-,0,291,291,219,NA,NA,NA,NA,NA,3.9409985765814e-4,1380.900664200075,1381.2849880997092,1381.3850974999368,1383.3851160998456,1383.7850986998528,1383.8873282000422,1383.8873282000422,h,0,3.0270408000797033,1386.9350531999953,1386.9350531999953,1386.9350531999953,1386.9350531999953,NA,NA,NA,NA,NA,NA,028,001,2024-10-15_15h28.29.007,PsychoPy Exp,2023.1.2,60.016912796991896
Belief,TRUE,TB-K-B,TT_B,PsychoPyStudy2Stim/TT_B_12.png,Adam THINKS there are TWO cubes,2,b,h,2,0,2,2,0,2,0,0,0,B,-,0,292,292,145,NA,NA,NA,NA,NA,0.00163760036230087,1387.012124700006,1387.384968499653,1387.485146699939,1389.48491919972,1389.8850674000569,1389.9873039997185,1389.9873039997185,h,0,1.383511200081557,1391.4014352997765,1391.4014352997765,1391.4014352997765,1391.4014352997765,NA,NA,NA,NA,NA,NA,028,001,2024-10-15_15h28.29.007,PsychoPy Exp,2023.1.2,60.016912796991896
Reality,FALSE,TB-Ig,D_B_D,PsychoPyStudy2Stim/D_B_D_4.png,"In REALITY, there are TWO cubes",2,h,b,2,2,0,1,1,0,1,1,0,B,PropFalse,0,293,293,79,NA,NA,NA,NA,NA,3.8200011476874e-4,1391.4758492996916,1391.851614299696,1391.9514919999056,1393.9517534999177,1394.351682699751,1394.4539405000396,1394.4539405000396,h,1,0.87607860006392,1395.351600700058,1395.351600700058,1395.351600700058,1395.351600700058,NA,NA,NA,NA,NA,NA,028,001,2024-10-15_15h28.29.007,PsychoPy Exp,2023.1.2,60.016912796991896
Knowledge,TRUE,TB-K-B,TT_B,PsychoPyStudy2Stim/TT_B_18.png,Adam KNOWS there are TWO cubes,2,b,h,2,0,2,2,0,2,0,0,0,B,-,0,294,294,251,NA,NA,NA,NA,NA,6.4260000362992e-4,1395.4432814000174,1395.8182808998972,1395.9184312997386,1397.9183823997157,1398.318249499891,1398.4205976999365,1398.4205976999365,b,1,0.8934941003099084,1399.3349595000036,1399.3349595000036,1399.3349595000036,1399.3349595000036,NA,NA,NA,NA,NA,NA,028,001,2024-10-15_15h28.29.007,PsychoPy Exp,2023.1.2,60.016912796991896
Reality,TRUE,TB-Ig,D_B_D,PsychoPyStudy2Stim/D_B_D_3.png,"In REALITY, there are ZERO cubes",0,b,h,2,2,0,1,1,0,1,1,0,B,-,0,295,295,24,NA,NA,NA,NA,NA,0.00110360002145171,1399.4311897000298,1399.8015866000203,1399.9016923997551,1401.901556799654,1402.301798199769,1402.403928400017,1402.403928400017,b,1,1.4383617998100815,1403.8682830999603,1403.8682830999603,1403.8682830999603,1403.8682830999603,NA,NA,NA,NA,NA,NA,028,001,2024-10-15_15h28.29.007,PsychoPy Exp,2023.1.2,60.016912796991896
Belief,TRUE,TB-K-B,TT_B,PsychoPyStudy2Stim/TT_B_1.png,Adam THINKS there are TWO cubes,2,b,h,2,0,2,2,0,2,0,0,0,B,-,0,296,296,134,NA,NA,NA,NA,NA,0.00168500002473592,1403.96600499982,1404.3516257000156,1404.4516888996586,1406.4517246996984,1406.8516847998835,1406.953784399666,1406.953784399666,h,0,0.9685482997447252,1407.9516491997056,1407.9516491997056,1407.9516491997056,1407.9516491997056,NA,NA,NA,NA,NA,NA,028,001,2024-10-15_15h28.29.007,PsychoPy Exp,2023.1.2,60.016912796991896
Reality,TRUE,TB-Ig,D_B_D,PsychoPyStudy2Stim/D_B_D_1.png,"In REALITY, there are ZERO cubes",0,b,h,2,2,0,1,1,0,1,1,0,B,-,0,297,297,22,NA,NA,NA,NA,NA,0.00167150003835558,1408.0487906998023,1408.4181971997025,1408.5183489997871,1410.518258499913,1410.9183330000378,1411.0205684998073,1411.0205684998073,b,1,1.101737100165337,1412.151573299896,1412.151573299896,1412.151573299896,1412.151573299896,NA,NA,NA,NA,NA,NA,028,001,2024-10-15_15h28.29.007,PsychoPy Exp,2023.1.2,60.016912796991896
Reality,FALSE,TB-Ig,D_B_D,PsychoPyStudy2Stim/D_B_D_3.png,"In REALITY, there are TWO cubes",2,h,b,2,2,0,1,1,0,1,1,0,B,PropFalse,0,298,298,78,NA,NA,NA,NA,NA,0.00165930017828941,1412.2425897000358,1412.618183299899,1412.7183507997545,1414.7183073996566,1415.1182880997658,1415.2205011998303,1415.2205011998303,h,1,0.9499254003167152,1416.2015590998344,1416.2015590998344,1416.2015590998344,1416.2015590998344,NA,NA,NA,NA,NA,NA,028,001,2024-10-15_15h28.29.007,PsychoPy Exp,2023.1.2,60.016912796991896
Belief,FALSE,TB-K-B,TT_B,PsychoPyStudy2Stim/TT_B_6.png,Adam THINKS there are ZERO cubes,0,h,b,2,0,2,2,0,2,0,0,0,B,PropFalse,0,299,299,193,NA,NA,NA,NA,NA,0.00163930002599954,1416.306413999759,1416.6849523996934,1416.7850011996925,1418.7849570000544,1419.1849396997131,1419.2871657996438,1419.2871657996438,h,1,0.7070638998411596,1420.0180379999802,1420.0180379999802,1420.0180379999802,1420.0180379999802,NA,NA,NA,NA,NA,NA,028,001,2024-10-15_15h28.29.007,PsychoPy Exp,2023.1.2,60.016912796991896
Belief,FALSE,TB-Ig,D_B,PsychoPyStudy2Stim/D_B_2.png,Adam THINKS there is ONE cube,1,h,b,1,1,0,1,1,0,0,0,0,B,PropFalse,0,300,300,181,NA,NA,NA,NA,NA,0.00167030002921819,1420.088573999703,1420.4681977997534,1420.5682838000355,1422.5682779997587,1422.9681832999922,1423.0703745000064,1423.0703745000064,h,1,1.25978310033679,1424.3514525000935,1424.3514525000935,1424.3514525000935,1424.3514525000935,NA,NA,NA,NA,NA,NA,028,001,2024-10-15_15h28.29.007,PsychoPy Exp,2023.1.2,60.016912796991896
Belief,TRUE,FB-Ig,T_B_T,PsychoPyStudy2Stim/T_B_T_2.png,Adam THINKS there is ONE cube,1,b,h,2,0,2,1,0,1,1,0,1,B,-,0,301,301,147,NA,NA,NA,NA,NA,0.00151250045746564,1424.4410912999883,1424.8181928000413,1424.9182635000907,1426.9180918000638,1427.318251399789,1427.4204945997335,1427.4204945997335,b,1,1.4777460000477731,1428.918062699959,1428.918062699959,1428.918062699959,1428.918062699959,NA,NA,NA,NA,NA,NA,028,001,2024-10-15_15h28.29.007,PsychoPy Exp,2023.1.2,60.016912796991896
Knowledge,FALSE,FB-Ig,D_B_T,PsychoPyStudy2Stim/D_B_T_3.png,Adam KNOWS there is ONE cube,1,h,b,2,1,1,1,1,0,1,0,1,B,PropTrueNoKnowledge,0,302,302,320,NA,NA,NA,NA,NA,0.00166439963504672,1428.991153199691,1429.3681944999844,1429.468278999906,1431.468218700029,1431.8682508999482,1431.970381699968,1431.970381699968,h,1,0.8714624000713229,1432.8680138997734,1432.8680138997734,1432.8680138997734,1432.8680138997734,NA,NA,NA,NA,NA,NA,028,001,2024-10-15_15h28.29.007,PsychoPy Exp,2023.1.2,60.016912796991896
Knowledge,TRUE,TB-K,DD_NB,PsychoPyStudy2Stim/DD_NB_3.png,Adam KNOWS there are ZERO cubes,0,b,h,2,2,0,2,2,0,0,0,0,NB,-,0,303,303,224,NA,NA,NA,NA,NA,4.9970019608736e-4,1432.9381630998105,1433.3181201000698,1433.4182510999965,1435.418228500057,1435.8182278997265,1435.9204635000788,1435.9204635000788,b,1,1.441378700081259,1437.3847067998722,1437.3847067998722,1437.3847067998722,1437.3847067998722,NA,NA,NA,NA,NA,NA,028,001,2024-10-15_15h28.29.007,PsychoPy Exp,2023.1.2,60.016912796991896
Knowledge,TRUE,TB-K,TT_NB,PsychoPyStudy2Stim/TT_NB_2.png,Adam KNOWS there are TWO cubes,2,b,h,2,0,2,2,0,2,0,0,0,NB,-,0,304,304,229,NA,NA,NA,NA,NA,5.8440025895833e-4,1437.4661618000828,1437.8514812998474,1437.9513556999154,1439.9515456999652,1440.3515439000912,1440.4537490997463,1440.4537490997463,b,1,2.1726358998566866,1442.651318999939,1442.651318999939,1442.651318999939,1442.651318999939,NA,NA,NA,NA,NA,NA,028,001,2024-10-15_15h28.29.007,PsychoPy Exp,2023.1.2,60.016912796991896
Knowledge,TRUE,TB-K,D_NB,PsychoPyStudy2Stim/D_NB_2.png,Adam KNOWS there are ZERO cubes,0,b,h,1,1,0,1,1,0,0,0,0,NB,-,0,305,305,217,NA,NA,NA,NA,NA,3.7230039015412e-4,1442.724471299909,1443.1013811999,1443.2013687998988,1445.2015263000503,1445.601542599965,1445.7037158999592,1445.7037158999592,h,0,2.658423200249672,1448.3847930999473,1448.3847930999473,1448.3847930999473,1448.3847930999473,NA,NA,NA,NA,NA,NA,028,001,2024-10-15_15h28.29.007,PsychoPy Exp,2023.1.2,60.016912796991896
Belief,FALSE,FB-Ig,T_B_T,PsychoPyStudy2Stim/T_B_T_2.png,Adam THINKS there are TWO cubes,2,h,b,2,0,2,1,0,1,1,0,1,B,PropTrueNoBelief,0,306,306,207,NA,NA,NA,NA,NA,0.00163659965619444,1448.479119000025,1448.8513958998956,1448.9515225999055,1450.9515236997977,1451.3514866996557,1451.4537276998162,1451.4537276998162,h,1,4.164911400061101,1455.6347190998497,1455.6347190998497,1455.6347190998497,1455.6347190998497,NA,NA,NA,NA,NA,NA,028,001,2024-10-15_15h28.29.007,PsychoPy Exp,2023.1.2,60.016912796991896
Knowledge,FALSE,TB-Ig,D_B_D,PsychoPyStudy2Stim/D_B_D_2.png,Adam KNOWS there are ZERO cubes,0,h,b,2,2,0,1,1,0,1,1,0,B,PropTrueNoKnowledge,0,307,307,293,NA,NA,NA,NA,NA,0.00161690032109618,1455.7106149997562,1456.0846922998317,1456.1848340998404,1458.1848245998845,1458.5848083999008,1458.6869836999103,1458.6869836999103,h,1,1.2908091000281274,1460.0011652000248,1460.0011652000248,1460.0011652000248,1460.0011652000248,NA,NA,NA,NA,NA,NA,028,001,2024-10-15_15h28.29.007,PsychoPy Exp,2023.1.2,60.016912796991896
Belief,TRUE,TB-Ig,D_B,PsychoPyStudy2Stim/D_B_4.png,Adam THINKS there are ZERO cubes,0,b,h,1,1,0,1,1,0,0,0,0,B,-,0,308,308,129,NA,NA,NA,NA,NA,4.7690002247691e-4,1460.084734399803,1460.4680393999442,1460.56815669965,1462.5679580997676,1462.9680741997436,1463.070382699836,1463.070382699836,b,1,5.227722899988294,1468.3179795998149,1468.3179795998149,1468.3179795998149,1468.3179795998149,NA,NA,NA,NA,NA,NA,028,001,2024-10-15_15h28.29.007,PsychoPy Exp,2023.1.2,60.016912796991896
Knowledge,TRUE,TB-K,D_NB,PsychoPyStudy2Stim/D_NB_3.png,Adam KNOWS there are ZERO cubes,0,b,h,1,1,0,1,1,0,0,0,0,NB,-,0,309,309,218,NA,NA,NA,NA,NA,0.00171819981187582,1468.4092977996916,1468.7846591998823,1468.8847846998833,1470.8847684999928,1471.2848215000704,1471.3869175999423,1471.3869175999423,b,1,5.463985400274396,1476.8679873999208,1476.8679873999208,1476.8679873999208,1476.8679873999208,NA,NA,NA,NA,NA,NA,028,001,2024-10-15_15h28.29.007,PsychoPy Exp,2023.1.2,60.016912796991896
Reality,TRUE,TB-K-B,DD_B,PsychoPyStudy2Stim/DD_B_14.png,"In REALITY, there are ZERO cubes",0,b,h,2,2,0,2,2,0,0,0,0,B,-,0,310,310,27,NA,NA,NA,NA,NA,0.00164819974452257,1476.9468246996405,1477.3179524000734,1477.41808689991,1479.4181172000244,1479.818047599867,1479.920279500075,1479.920279500075,b,1,2.409671999979764,1482.351321599912,1482.351321599912,1482.351321599912,1482.351321599912,NA,NA,NA,NA,NA,NA,028,001,2024-10-15_15h28.29.007,PsychoPy Exp,2023.1.2,60.016912796991896
Reality,TRUE,TB-K-B,TD_B,PsychoPyStudy2Stim/TD_B_9.png,"In REALITY, there is ONE cube",1,b,h,2,1,1,2,1,1,0,0,0,B,-,0,311,311,37,NA,NA,NA,NA,NA,0.00165130011737346,1482.443953400012,1482.8179329996929,1482.9181323996745,1484.9178156000562,1485.3180109998211,1485.4203614997678,1485.4203614997678,b,1,1.1572755998931823,1486.6011096998118,1486.6011096998118,1486.6011096998118,1486.6011096998118,NA,NA,NA,NA,NA,NA,028,001,2024-10-15_15h28.29.007,PsychoPy Exp,2023.1.2,60.016912796991896
Belief,TRUE,TB-Ig,D_B,PsychoPyStudy2Stim/D_B_2.png,Adam THINKS there are ZERO cubes,0,b,h,1,1,0,1,1,0,0,0,0,B,-,0,312,312,127,NA,NA,NA,NA,NA,5.0009973347187e-4,1486.6872207000852,1487.0679142000154,1487.1680352999829,1489.168044900056,1489.5679175998084,1489.670131499879,1489.670131499879,b,1,4.475875800009817,1494.167981899809,1494.167981899809,1494.167981899809,1494.167981899809,NA,NA,NA,NA,NA,NA,028,001,2024-10-15_15h28.29.007,PsychoPy Exp,2023.1.2,60.016912796991896
Reality,FALSE,TB-K,TT_NB,PsychoPyStudy2Stim/TT_NB_4.png,"In REALITY, there is ONE cube",1,h,b,2,0,2,2,0,2,0,0,0,NB,PropFalse,0,313,313,69,NA,NA,NA,NA,NA,0.00163469975814223,1494.262774999719,1494.6345466999337,1494.7345925997945,1496.734587199986,1497.1346340999007,1497.2368637998588,1497.2368637998588,h,1,0.7569198999553919,1498.0178302996792,1498.0178302996792,1498.0178302996792,1498.0178302996792,NA,NA,NA,NA,NA,NA,028,001,2024-10-15_15h28.29.007,PsychoPy Exp,2023.1.2,60.016912796991896
Knowledge,FALSE,TB-K,D_NB,PsychoPyStudy2Stim/D_NB_1.png,Adam KNOWS there is ONE cube,1,h,b,1,1,0,1,1,0,0,0,0,NB,PropFalse,0,314,314,270,NA,NA,NA,NA,NA,0.00117100030183792,1498.0996228996664,1498.4845594996586,1498.5846986998804,1500.584511899855,1500.9845811999403,1501.086748099886,1501.086748099886,h,1,0.763888199813664,1501.8678196999244,1501.8678196999244,1501.8678196999244,1501.8678196999244,NA,NA,NA,NA,NA,NA,028,001,2024-10-15_15h28.29.007,PsychoPy Exp,2023.1.2,60.016912796991896
Knowledge,TRUE,TB-K-B,TD_B,PsychoPyStudy2Stim/TD_B_1.png,Adam KNOWS there is ONE cube,1,b,h,2,1,1,2,1,1,0,0,0,B,-,0,315,315,258,NA,NA,NA,NA,NA,0.00148050021380186,1501.96472289972,1502.3345444998704,1502.4346901997924,1504.434607699979,1504.8346013999544,1504.9367643999867,1504.9367643999867,b,1,2.425107799936086,1507.3844588999636,1507.3844588999636,1507.3844588999636,1507.3844588999636,NA,NA,NA,NA,NA,NA,028,001,2024-10-15_15h28.29.007,PsychoPy Exp,2023.1.2,60.016912796991896
Knowledge,TRUE,TB-K,T_NB,PsychoPyStudy2Stim/T_NB_3.png,Adam KNOWS there is ONE cube,1,b,h,1,0,1,1,0,1,0,0,0,NB,-,0,316,316,221,NA,NA,NA,NA,NA,0.00147859985008835,1507.4557014997115,1507.8345444998704,1507.9345717998222,1509.934502699878,1510.334520699922,1510.4368380000817,1510.4368380000817,b,1,1.260852999985218,1511.7179572000168,1511.7179572000168,1511.7179572000168,1511.7179572000168,NA,NA,NA,NA,NA,NA,028,001,2024-10-15_15h28.29.007,PsychoPy Exp,2023.1.2,60.016912796991896
Belief,TRUE,TB-K,TT_NB,PsychoPyStudy2Stim/TT_NB_2.png,Adam THINKS there are TWO cubes,2,b,h,2,0,2,2,0,2,0,0,0,NB,-,0,317,317,121,NA,NA,NA,NA,NA,0.00161689985543489,1511.811354499776,1512.1845173998736,1512.2844410999678,1514.2846192000434,1514.6846022997051,1514.7869519996457,1514.7869519996457,h,0,1.167047900147736,1515.9842602000572,1515.9842602000572,1515.9842602000572,1515.9842602000572,NA,NA,NA,NA,NA,NA,028,001,2024-10-15_15h28.29.007,PsychoPy Exp,2023.1.2,60.016912796991896
Reality,TRUE,TB-Ig,D_B,PsychoPyStudy2Stim/D_B_1.png,"In REALITY, there are ZERO cubes",0,b,h,1,1,0,1,1,0,0,0,0,B,-,0,318,318,18,NA,NA,NA,NA,NA,0.00164509983733296,1516.0543100996874,1516.4344687997364,1516.534608699847,1518.534359799698,1518.9346137996763,1519.036659500096,1519.036659500096,b,1,1.5732444999739528,1520.6344971000217,1520.6344971000217,1520.6344971000217,1520.6344971000217,NA,NA,NA,NA,NA,NA,028,001,2024-10-15_15h28.29.007,PsychoPy Exp,2023.1.2,60.016912796991896
Belief,TRUE,TB-K,T_NB,PsychoPyStudy2Stim/T_NB_2.png,Adam THINKS there is ONE cube,1,b,h,1,0,1,1,0,1,0,0,0,NB,-,0,319,319,112,NA,NA,NA,NA,NA,0.00168050033971667,1520.7103852997534,1521.0844521997496,1521.1845748997291,1523.1845875997096,1523.5845018997788,1523.6867359997705,1523.6867359997705,h,0,1.6511371997185051,1525.3678105999716,1525.3678105999716,1525.3678105999716,1525.3678105999716,NA,NA,NA,NA,NA,NA,028,001,2024-10-15_15h28.29.007,PsychoPy Exp,2023.1.2,60.016912796991896
Reality,TRUE,TB-K,TD_NB,PsychoPyStudy2Stim/TD_NB_1.png,"In REALITY, there is ONE cube",1,b,h,2,1,1,2,1,1,0,0,0,NB,-,0,320,320,9,NA,NA,NA,NA,NA,0.00164669984951615,1525.4426213996485,1525.8177912998945,1525.9178011999466,1527.9177758996375,1528.3178389999084,1528.4200394996442,1528.4200394996442,b,1,1.2538660001009705,1529.7011573999189,1529.7011573999189,1529.7011573999189,1529.7011573999189,NA,NA,NA,NA,NA,NA,028,001,2024-10-15_15h28.29.007,PsychoPy Exp,2023.1.2,60.016912796991896
Belief,FALSE,TB-K,DD_NB,PsychoPyStudy2Stim/DD_NB_3.png,Adam THINKS there are TWO cubes,2,h,b,2,2,0,2,2,0,0,0,0,NB,PropFalse,0,321,321,170,NA,NA,NA,NA,NA,0.00164799997583031,1529.786718199961,1530.167817399837,1530.2679106998255,1532.2679081000388,1532.667786799837,1532.7700841999613,1532.7700841999613,h,1,1.0162865002639592,1533.8177155996673,1533.8177155996673,1533.8177155996673,1533.8177155996673,NA,NA,NA,NA,NA,NA,028,001,2024-10-15_15h28.29.007,PsychoPy Exp,2023.1.2,60.016912796991896
Reality,FALSE,TB-K-B,DD_B,PsychoPyStudy2Stim/DD_B_15.png,"In REALITY, there are TWO cubes",2,h,b,2,2,0,2,2,0,0,0,0,B,PropFalse,0,322,322,82,NA,NA,NA,NA,NA,0.00147059978917241,1533.8989514000714,1534.2844014000148,1534.3845438999124,1536.384540299885,1536.7844279999845,1536.8867488000542,1536.8867488000542,h,1,0.6430711997672915,1537.5508547998031,1537.5508547998031,1537.5508547998031,1537.5508547998031,NA,NA,NA,NA,NA,NA,028,001,2024-10-15_15h28.29.007,PsychoPy Exp,2023.1.2,60.016912796991896
Reality,TRUE,FB-Ig,T_B_T,PsychoPyStudy2Stim/T_B_T_3.png,"In REALITY, there are TWO cubes",2,b,h,2,0,2,1,0,1,1,0,1,B,-,0,323,323,40,NA,NA,NA,NA,NA,0.00166779989376664,1537.618597399909,1538.001051099971,1538.1010181996971,1540.1010798998177,1540.5011931997724,1540.6033918000758,1540.6033918000758,b,1,1.557998400181532,1542.1844028998166,1542.1844028998166,1542.1844028998166,1542.1844028998166,NA,NA,NA,NA,NA,NA,028,001,2024-10-15_15h28.29.007,PsychoPy Exp,2023.1.2,60.016912796991896
NA,NA,NA,NA,NA,NA,NA,NA,NA,NA,NA,NA,NA,NA,NA,NA,NA,NA,NA,NA,NA,NA,NA,NA,NA,NA,NA,NA,NA,NA,NA,NA,NA,NA,NA,NA,NA,NA,NA,NA,NA,NA,NA,NA,NA,NA,1542.1844028998166,1543.1845287997276,space,0.992966499645263,028,001,2024-10-15_15h28.29.007,PsychoPy Exp,2023.1.2,60.016912796991896
