Condition,TrueFalse,Scenario,StimType,Stimulus,Statement,StatementNum,CorAnsEven,CorAnsOdd,TotalObjects,TotalDistractors,TotalTargets,VisibleObjects,VisibleDistractors,VisibleTargets,HiddenObjects,HiddenDistractors,HiddenTargets,Barrier,WhyFalse,ExpTrial.thisRepN,ExpTrial.thisTrialN,ExpTrial.thisN,ExpTrial.thisIndex,ExpIntroText.started,ExpIntroPressSPACEText.started,ExpIntroPressSPACE.started,ExpIntroPressSPACE.keys,ExpIntroPressSPACE.rt,ExpISI.started,ExpPrimerText.started,ExpPrimerText.stopped,ExpText.started,ExpImagePrimer.started,ExpImagePrimer.stopped,ExpImage.started,ExpResponse.started,ExpResponse.keys,ExpResponse.corr,ExpResponse.rt,BreakTextPrompt.started,BreakTextPrompt.stopped,BreakTextKeyResponse.started,BreakTextKeyResponse.stopped,BreakTextKeyResponse.keys,BreakTextKeyResponse.rt,ExpEndText.started,ExpEndPressSPACE.started,ExpEndText.stopped,ExpEndPressSPACE.stopped,ExpEndPressSPACE.keys,participant,session,date,expName,psychopyVersion,frameRate
NA,NA,NA,NA,NA,NA,NA,NA,NA,NA,NA,NA,NA,NA,NA,NA,NA,NA,NA,NA,NA,NA,NA,NA,14.291976099833846,16.273680799640715,16.273680799640715,space,29.918068799655885,NA,NA,NA,NA,NA,NA,NA,NA,NA,NA,NA,NA,NA,NA,NA,NA,NA,NA,NA,NA,NA,NA,019,001,2024-10-14_09h45.41.523,PsychoPy Exp,2023.1.2,59.88475775912357
Knowledge,TRUE,TB-K-B,TD_B,PsychoPyStudy2Stim/TD_B_8.png,Adam KNOWS there is ONE cube,1,b,h,2,1,1,2,1,1,0,0,0,B,-,0,0,0,265,NA,NA,NA,NA,NA,0.20256710005924103,46.50976279983297,46.88905849959701,46.989497599657625,48.98948119999841,49.38938399963081,49.516711900010705,49.516711900010705,b,0,3.4511970998719335,52.98908089986071,52.98908089986071,52.98908089986071,52.98908089986071,NA,NA,NA,NA,NA,NA,NA,019,001,2024-10-14_09h45.41.523,PsychoPy Exp,2023.1.2,59.88475775912357
Belief,TRUE,TB-Ig,D_B_D,PsychoPyStudy2Stim/D_B_D_4.png,Adam THINKS there are ZERO cubes,0,b,h,2,2,0,1,1,0,1,1,0,B,-,0,1,1,133,NA,NA,NA,NA,NA,0.00179679971188306,53.062652699649334,53.43936219997704,53.53943649958819,55.53925139969215,55.93915209965781,56.041558399796486,56.041558399796486,h,1,2.358041100203991,58.42253270000219,58.42253270000219,58.42253270000219,58.42253270000219,NA,NA,NA,NA,NA,NA,NA,019,001,2024-10-14_09h45.41.523,PsychoPy Exp,2023.1.2,59.88475775912357
Reality,FALSE,TB-Ig,D_B_D,PsychoPyStudy2Stim/D_B_D_4.png,"In REALITY, there are TWO cubes",2,h,b,2,2,0,1,1,0,1,1,0,B,PropFalse,0,2,2,79,NA,NA,NA,NA,NA,0.00113789970055222,58.51184249995276,58.88902359968051,58.98943469999358,60.98942969972268,61.38942739972845,61.49123889999464,61.49123889999464,b,1,0.8762827999889851,62.389078999869525,62.389078999869525,62.389078999869525,62.389078999869525,NA,NA,NA,NA,NA,NA,NA,019,001,2024-10-14_09h45.41.523,PsychoPy Exp,2023.1.2,59.88475775912357
Belief,FALSE,FB-Ig,T_B_T,PsychoPyStudy2Stim/T_B_T_1.png,Adam THINKS there are TWO cubes,2,h,b,2,0,2,1,0,1,1,0,1,B,PropTrueNoBelief,0,3,3,200,NA,NA,NA,NA,NA,3.8350000977516e-4,62.4626814997755,62.83919549966231,62.93914689961821,64.93915720004588,65.33940259972587,65.44149159966037,65.44149159966037,b,1,2.9499593996442854,68.42254769988358,68.42254769988358,68.42254769988358,68.42254769988358,NA,NA,NA,NA,NA,NA,NA,019,001,2024-10-14_09h45.41.523,PsychoPy Exp,2023.1.2,59.88475775912357
Knowledge,TRUE,TB-K-B,TT_B,PsychoPyStudy2Stim/TT_B_22.png,Adam KNOWS there are TWO cubes,2,b,h,2,0,2,2,0,2,0,0,0,B,-,0,4,4,255,NA,NA,NA,NA,NA,9.3050021678209e-4,68.52154819993302,68.90588299976662,69.00606459984556,71.00605720002204,71.40607269993052,71.50809999974445,71.50809999974445,h,1,2.5643434999510646,74.08919139998034,74.08919139998034,74.08919139998034,74.08919139998034,NA,NA,NA,NA,NA,NA,NA,019,001,2024-10-14_09h45.41.523,PsychoPy Exp,2023.1.2,59.88475775912357
Knowledge,FALSE,FB-Ig,T_B_T,PsychoPyStudy2Stim/T_B_T_6.png,Adam KNOWS there is ONE cube,1,h,b,2,0,2,1,0,1,1,0,1,B,PropFalse,0,5,5,305,NA,NA,NA,NA,NA,0.00156679982319474,74.19055389985442,74.57256759982556,74.6725320997648,76.67268309975043,77.07266329973936,77.17502349987626,77.17502349987626,h,0,1.2646816996857524,78.45580999972299,78.45580999972299,78.45580999972299,78.45580999972299,NA,NA,NA,NA,NA,NA,NA,019,001,2024-10-14_09h45.41.523,PsychoPy Exp,2023.1.2,59.88475775912357
Reality,FALSE,TB-K,T_NB,PsychoPyStudy2Stim/T_NB_2.png,"In REALITY, there are TWO cubes",2,h,b,1,0,1,1,0,1,0,0,0,NB,PropFalse,0,6,6,58,NA,NA,NA,NA,NA,9.5030013471841e-4,78.52759919967502,78.90594489965588,79.0057594999671,81.00599289964885,81.40601699985564,81.50803859997541,81.50803859997541,b,1,0.9002355001866817,82.43894889997318,82.43894889997318,82.43894889997318,82.43894889997318,NA,NA,NA,NA,NA,NA,NA,019,001,2024-10-14_09h45.41.523,PsychoPy Exp,2023.1.2,59.88475775912357
Belief,FALSE,TB-K-B,TT_B,PsychoPyStudy2Stim/TT_B_11.png,Adam THINKS there are ZERO cubes,0,h,b,2,0,2,2,0,2,0,0,0,B,PropFalse,0,7,7,198,NA,NA,NA,NA,NA,4.0820008143782e-4,82.51591830002144,82.88921819999814,82.98934810003266,84.98933939961717,85.38935599988326,85.49141969997436,85.49141969997436,b,1,1.6679046000353992,87.18896829988807,87.18896829988807,87.18896829988807,87.18896829988807,NA,NA,NA,NA,NA,NA,NA,019,001,2024-10-14_09h45.41.523,PsychoPy Exp,2023.1.2,59.88475775912357
Knowledge,TRUE,TB-K-B,TD_B,PsychoPyStudy2Stim/TD_B_5.png,Adam KNOWS there is ONE cube,1,b,h,2,1,1,2,1,1,0,0,0,B,-,0,8,8,262,NA,NA,NA,NA,NA,3.8610026240348e-4,87.26114139985293,87.63916399981827,87.73932269960642,89.73903869977221,90.1393343997188,90.24133609980343,90.24133609980343,h,1,0.7346142996102571,91.00557599961758,91.00557599961758,91.00557599961758,91.00557599961758,NA,NA,NA,NA,NA,NA,NA,019,001,2024-10-14_09h45.41.523,PsychoPy Exp,2023.1.2,59.88475775912357
Reality,TRUE,TB-K-B,TD_B,PsychoPyStudy2Stim/TD_B_7.png,"In REALITY, there is ONE cube",1,b,h,2,1,1,2,1,1,0,0,0,B,-,0,9,9,36,NA,NA,NA,NA,NA,6.9600017741322e-4,91.1201895000413,91.50584369990976,91.60576139995828,93.6059051998891,94.00593739980832,94.10797039978206,94.10797039978206,h,1,0.9877864001318812,95.1225437996909,95.1225437996909,95.1225437996909,95.1225437996909,NA,NA,NA,NA,NA,NA,NA,019,001,2024-10-14_09h45.41.523,PsychoPy Exp,2023.1.2,59.88475775912357
Reality,FALSE,TB-K-B,TD_B,PsychoPyStudy2Stim/TD_B_4.png,"In REALITY, there are ZERO cubes",0,h,b,2,1,1,2,1,1,0,0,0,B,PropFalse,0,10,10,87,NA,NA,NA,NA,NA,0.00168420001864433,95.22122169984505,95.6058163996786,95.70593709964304,97.7059537996538,98.10583909973502,98.20795829966664,98.20795829966664,b,1,1.047995800152421,99.27226889971644,99.27226889971644,99.27226889971644,99.27226889971644,NA,NA,NA,NA,NA,NA,NA,019,001,2024-10-14_09h45.41.523,PsychoPy Exp,2023.1.2,59.88475775912357
Knowledge,TRUE,TB-K-B,TD_B,PsychoPyStudy2Stim/TD_B_11.png,Adam KNOWS there is ONE cube,1,b,h,2,1,1,2,1,1,0,0,0,B,-,0,11,11,268,NA,NA,NA,NA,NA,3.7930021062493e-4,99.36213149968536,99.73910729959609,99.83927679993212,101.83904849970712,102.23932149959728,102.341339699924,102.341339699924,h,1,1.0583261996507645,103.42256509978324,103.42256509978324,103.42256509978324,103.42256509978324,NA,NA,NA,NA,NA,NA,NA,019,001,2024-10-14_09h45.41.523,PsychoPy Exp,2023.1.2,59.88475775912357
Reality,FALSE,TB-K-B,TD_B,PsychoPyStudy2Stim/TD_B_6.png,"In REALITY, there are ZERO cubes",0,h,b,2,1,1,2,1,1,0,0,0,B,PropFalse,0,12,12,89,NA,NA,NA,NA,NA,0.00167600018903613,103.4993867999874,103.87244559964164,103.9725877996534,105.97268899995834,106.37254929961637,106.47472549974918,106.47472549974918,b,1,0.7409497001208365,107.2391454000026,107.2391454000026,107.2391454000026,107.2391454000026,NA,NA,NA,NA,NA,NA,NA,019,001,2024-10-14_09h45.41.523,PsychoPy Exp,2023.1.2,59.88475775912357
Knowledge,FALSE,TB-K,D_NB,PsychoPyStudy2Stim/D_NB_1.png,Adam KNOWS there is ONE cube,1,h,b,1,1,0,1,1,0,0,0,0,NB,PropFalse,0,13,13,270,NA,NA,NA,NA,NA,0.00176889961585402,107.32073069969192,107.70578689966352,107.80590339982882,109.80562779959293,110.2058557998389,110.30795879988,110.30795879988,h,0,2.0833739996887743,112.42236359976232,112.42236359976232,112.42236359976232,112.42236359976232,NA,NA,NA,NA,NA,NA,NA,019,001,2024-10-14_09h45.41.523,PsychoPy Exp,2023.1.2,59.88475775912357
Belief,TRUE,FB-Ig,T_B_T,PsychoPyStudy2Stim/T_B_T_4.png,Adam THINKS there is ONE cube,1,b,h,2,0,2,1,0,1,1,0,1,B,-,0,14,14,155,NA,NA,NA,NA,NA,0.00149940000846982,112.519382099621,112.88905479991809,112.989199699834,114.98919779993594,115.3889041999355,115.49104559980331,115.49104559980331,h,1,1.2686128998175263,116.78887079982088,116.78887079982088,116.78887079982088,116.78887079982088,NA,NA,NA,NA,NA,NA,NA,019,001,2024-10-14_09h45.41.523,PsychoPy Exp,2023.1.2,59.88475775912357
Knowledge,FALSE,TB-K,TT_NB,PsychoPyStudy2Stim/TT_NB_5.png,Adam KNOWS there is ONE cube,1,h,b,2,0,2,2,0,2,0,0,0,NB,PropFalse,0,15,15,286,NA,NA,NA,NA,NA,3.8120010867714e-4,116.86272359965368,117.23905169963837,117.33920970000328,119.33922229986638,119.73910629982127,119.84127469966188,119.84127469966188,b,1,1.054071499966085,120.92228969978169,120.92228969978169,120.92228969978169,120.92228969978169,NA,NA,NA,NA,NA,NA,NA,019,001,2024-10-14_09h45.41.523,PsychoPy Exp,2023.1.2,59.88475775912357
Knowledge,TRUE,TB-K-B,DD_B,PsychoPyStudy2Stim/DD_B_8.png,Adam KNOWS there are ZERO cubes,0,b,h,2,2,0,2,2,0,0,0,0,B,-,0,16,16,241,NA,NA,NA,NA,NA,0.00113059999421238,121.0133813000284,121.38903500000016,121.48892989987507,123.48890899959952,123.88913149992004,123.99127939995378,123.99127939995378,h,1,0.9843565998598932,125.0055044000037,125.0055044000037,125.0055044000037,125.0055044000037,NA,NA,NA,NA,NA,NA,NA,019,001,2024-10-14_09h45.41.523,PsychoPy Exp,2023.1.2,59.88475775912357
Belief,FALSE,FB-Ig,D_B_T,PsychoPyStudy2Stim/D_B_T_2.png,Adam THINKS there is ONE cube,1,h,b,2,1,1,1,1,0,1,0,1,B,PropTrueNoBelief,0,17,17,213,NA,NA,NA,NA,NA,3.8810027763247e-4,125.0793796996586,125.4557075998746,125.55580839980394,127.55579449981452,127.95572589989752,128.057913699653,128.057913699653,b,1,3.8616920998319983,131.9390235999599,131.9390235999599,131.9390235999599,131.9390235999599,NA,NA,NA,NA,NA,NA,NA,019,001,2024-10-14_09h45.41.523,PsychoPy Exp,2023.1.2,59.88475775912357
Belief,FALSE,TB-Ig,D_B,PsychoPyStudy2Stim/D_B_4.png,Adam THINKS there is ONE cube,1,h,b,1,1,0,1,1,0,0,0,0,B,PropFalse,0,18,18,183,NA,NA,NA,NA,NA,0.00168309966102242,132.01865959959105,132.38900480000302,132.48912599962205,134.4891343000345,134.88908879971132,134.99123389972374,134.99123389972374,b,1,0.9921971000730992,136.00538029987365,136.00538029987365,136.00538029987365,136.00538029987365,NA,NA,NA,NA,NA,NA,NA,019,001,2024-10-14_09h45.41.523,PsychoPy Exp,2023.1.2,59.88475775912357
Reality,TRUE,FB-Ig,D_B_T,PsychoPyStudy2Stim/D_B_T_4.png,"In REALITY, there is ONE cube",1,b,h,2,1,1,1,1,0,1,0,1,B,-,0,19,19,53,NA,NA,NA,NA,NA,3.8989959284663e-4,136.08312990004197,136.45570089993998,136.55578429996967,138.55577469989657,138.95554769970477,139.05764169991016,139.05764169991016,h,1,4.341577200219035,143.42221959959716,143.42221959959716,143.42221959959716,143.42221959959716,NA,NA,NA,NA,NA,NA,NA,019,001,2024-10-14_09h45.41.523,PsychoPy Exp,2023.1.2,59.88475775912357
Belief,TRUE,TB-K,TT_NB,PsychoPyStudy2Stim/TT_NB_4.png,Adam THINKS there are TWO cubes,2,b,h,2,0,2,2,0,2,0,0,0,NB,-,0,20,20,123,NA,NA,NA,NA,NA,4.3680006638169e-4,143.50395259959623,143.88893459970132,143.98910599993542,145.9888472999446,146.3890738999471,146.49114910000935,146.49114910000935,h,1,1.788355200085789,148.30563619965687,148.30563619965687,148.30563619965687,148.30563619965687,NA,NA,NA,NA,NA,NA,NA,019,001,2024-10-14_09h45.41.523,PsychoPy Exp,2023.1.2,59.88475775912357
Belief,TRUE,TB-K-B,TT_B,PsychoPyStudy2Stim/TT_B_7.png,Adam THINKS there are TWO cubes,2,b,h,2,0,2,2,0,2,0,0,0,B,-,0,21,21,140,NA,NA,NA,NA,NA,0.00168270012363791,148.40231899963692,148.77209919970483,148.87236779974774,150.87206539977342,151.272283999715,151.37438949989155,151.37438949989155,h,1,2.568878900259733,153.9723058999516,153.9723058999516,153.9723058999516,153.9723058999516,NA,NA,NA,NA,NA,NA,NA,019,001,2024-10-14_09h45.41.523,PsychoPy Exp,2023.1.2,59.88475775912357
Reality,FALSE,TB-K-B,TD_B,PsychoPyStudy2Stim/TD_B_1.png,"In REALITY, there are ZERO cubes",0,h,b,2,1,1,2,1,1,0,0,0,B,PropFalse,0,22,22,84,NA,NA,NA,NA,NA,0.00168340001255273,154.06031119963154,154.4388627000153,154.53903609979898,156.53886559978127,156.93902809964493,157.04113529995084,157.04113529995084,b,1,3.094390300102532,160.15559759968892,160.15559759968892,160.15559759968892,160.15559759968892,NA,NA,NA,NA,NA,NA,NA,019,001,2024-10-14_09h45.41.523,PsychoPy Exp,2023.1.2,59.88475775912357
Belief,FALSE,FB-Ig,T_B_T,PsychoPyStudy2Stim/T_B_T_4.png,Adam THINKS there are TWO cubes,2,h,b,2,0,2,1,0,1,1,0,1,B,PropTrueNoBelief,0,23,23,209,NA,NA,NA,NA,NA,0.00168169988319277,160.2537785996683,160.63869349984452,160.73875739984214,162.73907739995047,163.13901189994067,163.24108629999682,163.24108629999682,b,1,2.5024135001003742,165.77221319964156,165.77221319964156,165.77221319964156,165.77221319964156,NA,NA,NA,NA,NA,NA,NA,019,001,2024-10-14_09h45.41.523,PsychoPy Exp,2023.1.2,59.88475775912357
Knowledge,TRUE,TB-K-B,TD_B,PsychoPyStudy2Stim/TD_B_12.png,Adam KNOWS there is ONE cube,1,b,h,2,1,1,2,1,1,0,0,0,B,-,0,24,24,269,NA,NA,NA,NA,NA,0.00169260008260607,165.86946079973131,166.2388889999129,166.33900959976015,168.3390034995973,168.73873269977048,168.84104379964992,168.84104379964992,h,1,14.582665199879555,183.4552417998202,183.4552417998202,183.4552417998202,183.4552417998202,NA,NA,NA,NA,NA,NA,NA,019,001,2024-10-14_09h45.41.523,PsychoPy Exp,2023.1.2,59.88475775912357
Reality,TRUE,FB-Ig,D_B_T,PsychoPyStudy2Stim/D_B_T_1.png,"In REALITY, there is ONE cube",1,b,h,2,1,1,1,1,0,1,0,1,B,-,0,25,25,50,NA,NA,NA,NA,NA,4.1669979691505e-4,183.53392919991165,183.90550819970667,184.005645299796,186.00564129976556,186.40550130000335,186.5077806999907,186.5077806999907,h,1,1.4275523000396788,187.9554485999979,187.9554485999979,187.9554485999979,187.9554485999979,NA,NA,NA,NA,NA,NA,NA,019,001,2024-10-14_09h45.41.523,PsychoPy Exp,2023.1.2,59.88475775912357
Knowledge,FALSE,TB-K,TD_NB,PsychoPyStudy2Stim/TD_NB_1.png,Adam KNOWS there are ZERO cubes,0,h,b,2,1,1,2,1,1,0,0,0,NB,PropFalse,0,26,26,279,NA,NA,NA,NA,NA,0.00151590025052428,188.05993609968573,188.43883439991623,188.53868239978328,190.53892740001905,190.93891809973863,191.04095599986613,191.04095599986613,b,1,7.310058699920773,198.37198489997536,198.37198489997536,198.37198489997536,198.37198489997536,NA,NA,NA,NA,NA,NA,NA,019,001,2024-10-14_09h45.41.523,PsychoPy Exp,2023.1.2,59.88475775912357
Belief,FALSE,TB-K,T_NB,PsychoPyStudy2Stim/T_NB_2.png,Adam THINKS there are TWO cubes,2,h,b,1,0,1,1,0,1,0,0,0,NB,PropFalse,0,27,27,166,NA,NA,NA,NA,NA,7.8580016270279e-4,198.47290229983628,198.8554358999245,198.95529139973223,200.95554059976712,201.35544279962775,201.4576471997425,201.4576471997425,b,1,1.2056925003416836,202.6887678997591,202.6887678997591,202.6887678997591,202.6887678997591,NA,NA,NA,NA,NA,NA,NA,019,001,2024-10-14_09h45.41.523,PsychoPy Exp,2023.1.2,59.88475775912357
Reality,TRUE,FB-Ig,T_B_T,PsychoPyStudy2Stim/T_B_T_2.png,"In REALITY, there are TWO cubes",2,b,h,2,0,2,1,0,1,1,0,1,B,-,0,28,28,45,NA,NA,NA,NA,NA,0.00171090010553598,202.7818978996947,203.1554046999663,203.25531939975917,205.2555340998806,205.65537939965725,205.75763269979507,205.75763269979507,h,1,0.6573522998951375,206.4385728999041,206.4385728999041,206.4385728999041,206.4385728999041,NA,NA,NA,NA,NA,NA,NA,019,001,2024-10-14_09h45.41.523,PsychoPy Exp,2023.1.2,59.88475775912357
Knowledge,TRUE,TB-K-B,TT_B,PsychoPyStudy2Stim/TT_B_18.png,Adam KNOWS there are TWO cubes,2,b,h,2,0,2,2,0,2,0,0,0,B,-,0,29,29,251,NA,NA,NA,NA,NA,5.8889994397759e-4,206.52725239982828,206.905416699592,207.0053536999039,209.00525649962947,209.4052853998728,209.5076894997619,209.5076894997619,h,1,0.8755959998816252,210.40516569977623,210.40516569977623,210.40516569977623,210.40516569977623,NA,NA,NA,NA,NA,NA,NA,019,001,2024-10-14_09h45.41.523,PsychoPy Exp,2023.1.2,59.88475775912357
Reality,FALSE,FB-Ig,D_B_T,PsychoPyStudy2Stim/D_B_T_4.png,"In REALITY, there are ZERO cubes",0,h,b,2,1,1,1,1,0,1,0,1,B,PropFalse,0,30,30,107,NA,NA,NA,NA,NA,0.00168270012363791,210.47677599964663,210.85505019966513,210.95554080000147,212.95525499992073,213.35548309981823,213.45732909999788,213.45732909999788,b,1,1.1984184999018908,214.67171629983932,214.67171629983932,214.67171629983932,214.67171629983932,NA,NA,NA,NA,NA,NA,NA,019,001,2024-10-14_09h45.41.523,PsychoPy Exp,2023.1.2,59.88475775912357
Belief,TRUE,TB-K-B,TT_B,PsychoPyStudy2Stim/TT_B_11.png,Adam THINKS there are TWO cubes,2,b,h,2,0,2,2,0,2,0,0,0,B,-,0,31,31,144,NA,NA,NA,NA,NA,0.00172090018168091,214.75019799964505,215.12200459977612,215.2219182997942,217.22213899996132,217.62209869967776,217.7240122999065,217.7240122999065,h,1,0.6272356999106705,218.3719833996147,218.3719833996147,218.3719833996147,218.3719833996147,NA,NA,NA,NA,NA,NA,NA,019,001,2024-10-14_09h45.41.523,PsychoPy Exp,2023.1.2,59.88475775912357
Knowledge,FALSE,TB-K,T_NB,PsychoPyStudy2Stim/T_NB_3.png,Adam KNOWS there are TWO cubes,2,h,b,1,0,1,1,0,1,0,0,0,NB,PropFalse,0,32,32,275,NA,NA,NA,NA,NA,0.00151220010593533,218.45700389984995,218.8386713997461,218.93881059996784,220.9386054999195,221.33877459960055,221.44088259991256,221.44088259991256,b,1,1.3986152997240424,222.85530429985377,222.85530429985377,222.85530429985377,222.85530429985377,NA,NA,NA,NA,NA,NA,NA,019,001,2024-10-14_09h45.41.523,PsychoPy Exp,2023.1.2,59.88475775912357
Knowledge,TRUE,TB-K,DD_NB,PsychoPyStudy2Stim/DD_NB_1.png,Adam KNOWS there are ZERO cubes,0,b,h,2,2,0,2,2,0,0,0,0,NB,-,0,33,33,222,NA,NA,NA,NA,NA,0.00151670025661587,222.95313069969416,223.33866819972172,223.4387574000284,225.4385396996513,225.83882229961455,225.9408682999201,225.9408682999201,h,1,1.3470225003547966,227.3053598999977,227.3053598999977,227.3053598999977,227.3053598999977,NA,NA,NA,NA,NA,NA,NA,019,001,2024-10-14_09h45.41.523,PsychoPy Exp,2023.1.2,59.88475775912357
Reality,FALSE,FB-Ig,T_B_T,PsychoPyStudy2Stim/T_B_T_2.png,"In REALITY, there is ONE cube",1,h,b,2,0,2,1,0,1,1,0,1,B,PropFalse,0,34,34,93,NA,NA,NA,NA,NA,0.00168249988928437,227.3959810999222,227.7719540996477,227.8721202998422,229.87211239989847,230.27197590004653,230.37395289959383,230.37395289959383,b,1,3.114232299849391,233.50539309997112,233.50539309997112,233.50539309997112,233.50539309997112,NA,NA,NA,NA,NA,NA,NA,019,001,2024-10-14_09h45.41.523,PsychoPy Exp,2023.1.2,59.88475775912357
Knowledge,FALSE,FB-Ig,T_B_T,PsychoPyStudy2Stim/T_B_T_2.png,Adam KNOWS there is ONE cube,1,h,b,2,0,2,1,0,1,1,0,1,B,PropFalse,0,35,35,301,NA,NA,NA,NA,NA,0.00168509967625141,233.60206469986588,233.97198979975656,234.0720787998289,236.07188329985365,236.47197959991172,236.57390139997003,236.57390139997003,b,1,4.281783100217581,240.8719616997987,240.8719616997987,240.8719616997987,240.8719616997987,NA,NA,NA,NA,NA,NA,NA,019,001,2024-10-14_09h45.41.523,PsychoPy Exp,2023.1.2,59.88475775912357
Reality,FALSE,TB-K,DD_NB,PsychoPyStudy2Stim/DD_NB_3.png,"In REALITY, there are TWO cubes",2,h,b,2,2,0,2,2,0,0,0,0,NB,PropFalse,0,36,36,62,NA,NA,NA,NA,NA,0.00168639980256557,240.95699789980424,241.33860639994964,241.43847829988223,243.4386930000037,243.83862159959972,243.94069079961628,243.94069079961628,b,1,0.8264429001137614,244.78859629994255,244.78859629994255,244.78859629994255,244.78859629994255,NA,NA,NA,NA,NA,NA,NA,019,001,2024-10-14_09h45.41.523,PsychoPy Exp,2023.1.2,59.88475775912357
Knowledge,FALSE,FB-Ig,D_B_T,PsychoPyStudy2Stim/D_B_T_1.png,Adam KNOWS there is ONE cube,1,h,b,2,1,1,1,1,0,1,0,1,B,PropTrueNoKnowledge,0,37,37,318,NA,NA,NA,NA,NA,0.00179020036011934,244.87871519988403,245.25523409992456,245.3553609997034,247.35536949988455,247.75517479982227,247.85725589981303,247.85725589981303,b,1,1.4460446001030505,249.3219173997641,249.3219173997641,249.3219173997641,249.3219173997641,NA,NA,NA,NA,NA,NA,NA,019,001,2024-10-14_09h45.41.523,PsychoPy Exp,2023.1.2,59.88475775912357
Reality,FALSE,TB-K,D_NB,PsychoPyStudy2Stim/D_NB_1.png,"In REALITY, there is ONE cube",1,h,b,1,1,0,1,1,0,0,0,0,NB,PropFalse,0,38,38,54,NA,NA,NA,NA,NA,0.00169190019369125,249.4099907996133,249.7885749000125,249.88841519970447,251.8884288999252,252.28840049961585,252.3907359000295,252.3907359000295,b,1,0.7523956997320056,253.17190720001236,253.17190720001236,253.17190720001236,253.17190720001236,NA,NA,NA,NA,NA,NA,NA,019,001,2024-10-14_09h45.41.523,PsychoPy Exp,2023.1.2,59.88475775912357
Reality,TRUE,TB-Ig,D_B_D,PsychoPyStudy2Stim/D_B_D_2.png,"In REALITY, there are ZERO cubes",0,b,h,2,2,0,1,1,0,1,1,0,B,-,0,39,39,23,NA,NA,NA,NA,NA,0.00166770024225115,253.26612819964063,253.6385721997358,253.73867879994216,255.73868629988283,256.13858579983935,256.2407433995977,256.2407433995977,h,1,1.1900486000813544,257.4551404998638,257.4551404998638,257.4551404998638,257.4551404998638,NA,NA,NA,NA,NA,NA,NA,019,001,2024-10-14_09h45.41.523,PsychoPy Exp,2023.1.2,59.88475775912357
Knowledge,TRUE,TB-K-B,TT_B,PsychoPyStudy2Stim/TT_B_13.png,Adam KNOWS there are TWO cubes,2,b,h,2,0,2,2,0,2,0,0,0,B,-,0,40,40,246,NA,NA,NA,NA,NA,7.869997061789e-4,257.5461522997357,257.92160779982805,258.02173999976367,260.0219918997027,260.4219346996397,260.5239573996514,260.5239573996514,h,1,3.4836691999807954,264.0382500998676,264.0382500998676,264.0382500998676,264.0382500998676,NA,NA,NA,NA,NA,NA,NA,019,001,2024-10-14_09h45.41.523,PsychoPy Exp,2023.1.2,59.88475775912357
Belief,FALSE,TB-K-B,TT_B,PsychoPyStudy2Stim/TT_B_3.png,Adam THINKS there are ZERO cubes,0,h,b,2,0,2,2,0,2,0,0,0,B,PropFalse,0,41,41,190,NA,NA,NA,NA,NA,4.5639974996447e-4,264.12418479984626,264.50511639984325,264.6053648996167,266.60509799979627,267.00517739960924,267.10725499968976,267.10725499968976,b,1,0.9805092001333832,268.1051697996445,268.1051697996445,268.1051697996445,268.1051697996445,NA,NA,NA,NA,NA,NA,NA,019,001,2024-10-14_09h45.41.523,PsychoPy Exp,2023.1.2,59.88475775912357
Knowledge,FALSE,FB-Ig,T_B_T,PsychoPyStudy2Stim/T_B_T_6.png,Adam KNOWS there are TWO cubes,2,h,b,2,0,2,1,0,1,1,0,1,B,PropTrueNoKnowledge,0,42,42,317,NA,NA,NA,NA,NA,0.00169159984216094,268.1945837000385,268.57181739993393,268.671653999947,270.67162429960445,271.07196629978716,271.1740028997883,271.1740028997883,b,1,1.6008985000662506,272.8050842997618,272.8050842997618,272.8050842997618,272.8050842997618,NA,NA,NA,NA,NA,NA,NA,019,001,2024-10-14_09h45.41.523,PsychoPy Exp,2023.1.2,59.88475775912357
Reality,FALSE,FB-Ig,T_B_T,PsychoPyStudy2Stim/T_B_T_6.png,"In REALITY, there is ONE cube",1,h,b,2,0,2,1,0,1,1,0,1,B,PropFalse,0,43,43,103,NA,NA,NA,NA,NA,0.0011539002880454,272.8978764996864,273.2718434999697,273.37199339969084,275.37187599996105,275.77190639963374,275.87375639984384,275.87375639984384,b,1,1.5090165003202856,277.40494919987395,277.40494919987395,277.40494919987395,277.40494919987395,NA,NA,NA,NA,NA,NA,NA,019,001,2024-10-14_09h45.41.523,PsychoPy Exp,2023.1.2,59.88475775912357
Reality,FALSE,FB-Ig,T_B_T,PsychoPyStudy2Stim/T_B_T_3.png,"In REALITY, there is ONE cube",1,h,b,2,0,2,1,0,1,1,0,1,B,PropFalse,0,44,44,94,NA,NA,NA,NA,NA,5.319002084434e-4,277.50254749972373,277.87181589985266,277.97188839968294,279.97194099985063,280.3718697000295,280.47380779962987,280.47380779962987,b,1,0.9654473001137376,281.4550299998373,281.4550299998373,281.4550299998373,281.4550299998373,NA,NA,NA,NA,NA,NA,NA,019,001,2024-10-14_09h45.41.523,PsychoPy Exp,2023.1.2,59.88475775912357
Belief,TRUE,TB-Ig,D_B,PsychoPyStudy2Stim/D_B_1.png,Adam THINKS there are ZERO cubes,0,b,h,1,1,0,1,1,0,0,0,0,B,-,0,45,45,126,NA,NA,NA,NA,NA,0.00150049990043044,281.5556373000145,281.93842969974503,282.0385511997156,284.0385790998116,284.43846450001,284.54057929990813,284.54057929990813,h,1,0.7148569002747536,285.27186019998044,285.27186019998044,285.27186019998044,285.27186019998044,NA,NA,NA,NA,NA,NA,NA,019,001,2024-10-14_09h45.41.523,PsychoPy Exp,2023.1.2,59.88475775912357
Belief,TRUE,TB-K,TT_NB,PsychoPyStudy2Stim/TT_NB_3.png,Adam THINKS there are TWO cubes,2,b,h,2,0,2,2,0,2,0,0,0,NB,-,0,46,46,122,NA,NA,NA,NA,NA,0.00167719973251223,285.3646591999568,285.73850019974634,285.8382804999128,287.8385179997422,288.2385708997026,288.3406211999245,288.3406211999245,h,1,0.5941309998743236,288.95508749969304,288.95508749969304,288.95508749969304,288.95508749969304,NA,NA,NA,NA,NA,NA,NA,019,001,2024-10-14_09h45.41.523,PsychoPy Exp,2023.1.2,59.88475775912357
Belief,FALSE,FB-Ig,T_B_T,PsychoPyStudy2Stim/T_B_T_5.png,Adam THINKS there are TWO cubes,2,h,b,2,0,2,1,0,1,1,0,1,B,PropTrueNoBelief,0,47,47,204,NA,NA,NA,NA,NA,9.4910012558102e-4,289.0521235000342,289.4216399998404,289.52190029993653,291.5218708999455,291.9218063997105,292.0237292996608,292.0237292996608,b,1,0.9193446999415756,292.97176729980856,292.97176729980856,292.97176729980856,292.97176729980856,NA,NA,NA,NA,NA,NA,NA,019,001,2024-10-14_09h45.41.523,PsychoPy Exp,2023.1.2,59.88475775912357
Knowledge,FALSE,TB-K-B,TD_B,PsychoPyStudy2Stim/TD_B_11.png,Adam KNOWS there are ZERO cubes,0,h,b,2,1,1,2,1,1,0,0,0,B,PropFalse,0,48,48,299,NA,NA,NA,NA,NA,0.00169030018150806,293.0634025996551,293.43840889958665,293.53850319981575,295.5385452997871,295.9385042996146,296.0406047999859,296.0406047999859,b,1,2.2220323998481035,298.28829449974,298.28829449974,298.28829449974,298.28829449974,NA,NA,NA,NA,NA,NA,NA,019,001,2024-10-14_09h45.41.523,PsychoPy Exp,2023.1.2,59.88475775912357
Reality,FALSE,TB-K-B,DD_B,PsychoPyStudy2Stim/DD_B_14.png,"In REALITY, there are TWO cubes",2,h,b,2,2,0,2,2,0,0,0,0,B,PropFalse,0,49,49,81,NA,NA,NA,NA,NA,6.7499978467822e-4,298.37573899980634,298.75509119965136,298.85518449964,300.85517130000517,301.25516159972176,301.35724959988147,301.35724959988147,b,1,0.6096960003487766,301.9883943996392,301.9883943996392,301.9883943996392,301.9883943996392,NA,NA,NA,NA,NA,NA,NA,019,001,2024-10-14_09h45.41.523,PsychoPy Exp,2023.1.2,59.88475775912357
Reality,FALSE,TB-K,D_NB,PsychoPyStudy2Stim/D_NB_2.png,"In REALITY, there is ONE cube",1,h,b,1,1,0,1,1,0,0,0,0,NB,PropFalse,0,50,50,55,NA,NA,NA,NA,NA,0.00169959990307688,302.0685078999959,302.4383399998769,302.53822789993137,304.5384955997579,304.9382547996938,305.0405233995989,305.0405233995989,b,1,0.6865314999595284,305.75496749999,305.75496749999,305.75496749999,305.75496749999,NA,NA,NA,NA,NA,NA,NA,019,001,2024-10-14_09h45.41.523,PsychoPy Exp,2023.1.2,59.88475775912357
Reality,FALSE,TB-K,TT_NB,PsychoPyStudy2Stim/TT_NB_3.png,"In REALITY, there are ZERO cubes",0,h,b,2,0,2,2,0,2,0,0,0,NB,PropFalse,0,51,51,68,NA,NA,NA,NA,NA,0.00170970009639859,305.8409160999581,306.2216815999709,306.32178090000525,308.32186419982463,308.7218059999868,308.8239071997814,308.8239071997814,b,1,2.000009400304407,310.8547649998218,310.8547649998218,310.8547649998218,310.8547649998218,NA,NA,NA,NA,NA,NA,NA,019,001,2024-10-14_09h45.41.523,PsychoPy Exp,2023.1.2,59.88475775912357
Reality,TRUE,FB-Ig,D_B_T,PsychoPyStudy2Stim/D_B_T_2.png,"In REALITY, there is ONE cube",1,b,h,2,1,1,1,1,0,1,0,1,B,-,0,52,52,51,NA,NA,NA,NA,NA,4.1480036452412e-4,310.9280933998525,311.305030899588,311.40485519962385,313.4048064998351,313.8048818996176,313.90721059963107,313.90721059963107,h,1,0.699751999694854,314.6380789997056,314.6380789997056,314.6380789997056,314.6380789997056,NA,NA,NA,NA,NA,NA,NA,019,001,2024-10-14_09h45.41.523,PsychoPy Exp,2023.1.2,59.88475775912357
Reality,FALSE,TB-Ig,D_B,PsychoPyStudy2Stim/D_B_3.png,"In REALITY, there are TWO cubes",2,h,b,1,1,0,1,1,0,0,0,0,B,PropFalse,0,53,53,74,NA,NA,NA,NA,NA,5.4379971697926e-4,314.716314799618,315.0883050998673,315.18841389985755,317.18812750000507,317.58834249991924,317.69054109975696,317.69054109975696,b,1,0.7403438002802432,318.45500569976866,318.45500569976866,318.45500569976866,318.45500569976866,NA,NA,NA,NA,NA,NA,NA,019,001,2024-10-14_09h45.41.523,PsychoPy Exp,2023.1.2,59.88475775912357
Knowledge,TRUE,TB-K-B,TD_B,PsychoPyStudy2Stim/TD_B_4.png,Adam KNOWS there is ONE cube,1,b,h,2,1,1,2,1,1,0,0,0,B,-,0,54,54,261,NA,NA,NA,NA,NA,0.00177880004048347,318.54746499983594,318.92161449976265,319.0216467999853,321.0214802999981,321.42173529975116,321.5235434998758,321.5235434998758,h,1,1.6033437000587585,323.1549816997722,323.1549816997722,323.1549816997722,323.1549816997722,NA,NA,NA,NA,NA,NA,NA,019,001,2024-10-14_09h45.41.523,PsychoPy Exp,2023.1.2,59.88475775912357
Reality,TRUE,FB-Ig,T_B_T,PsychoPyStudy2Stim/T_B_T_5.png,"In REALITY, there are TWO cubes",2,b,h,2,0,2,1,0,1,1,0,1,B,-,0,55,55,42,NA,NA,NA,NA,NA,0.00178059982135891,323.2471594000235,323.62162109976634,323.7217549998313,325.72172199981287,326.12174639990553,326.2239423999563,326.2239423999563,h,1,2.294870899990201,328.5380239998922,328.5380239998922,328.5380239998922,328.5380239998922,NA,NA,NA,NA,NA,NA,NA,019,001,2024-10-14_09h45.41.523,PsychoPy Exp,2023.1.2,59.88475775912357
Belief,TRUE,TB-K,TT_NB,PsychoPyStudy2Stim/TT_NB_5.png,Adam THINKS there are TWO cubes,2,b,h,2,0,2,2,0,2,0,0,0,NB,-,0,56,56,124,NA,NA,NA,NA,NA,0.00178960012272,328.609129099641,328.98828229960054,329.08812979981303,331.0883970996365,331.4882422997616,331.59052459988743,331.59052459988743,h,1,6.2809060998260975,337.88827529968694,337.88827529968694,337.88827529968694,337.88827529968694,NA,NA,NA,NA,NA,NA,NA,019,001,2024-10-14_09h45.41.523,PsychoPy Exp,2023.1.2,59.88475775912357
Belief,TRUE,TB-K-B,TT_B,PsychoPyStudy2Stim/TT_B_3.png,Adam THINKS there are TWO cubes,2,b,h,2,0,2,2,0,2,0,0,0,B,-,0,57,57,136,NA,NA,NA,NA,NA,0.00178300030529499,337.9867445998825,338.3715796000324,338.4717263998464,340.47168499976397,340.87172769987956,340.973749099765,340.973749099765,h,1,1.4087407998740673,342.4047532998957,342.4047532998957,342.4047532998957,342.4047532998957,NA,NA,NA,NA,NA,NA,NA,019,001,2024-10-14_09h45.41.523,PsychoPy Exp,2023.1.2,59.88475775912357
Belief,TRUE,TB-K,D_NB,PsychoPyStudy2Stim/D_NB_2.png,Adam THINKS there are ZERO cubes,0,b,h,1,1,0,1,1,0,0,0,0,NB,-,0,58,58,109,NA,NA,NA,NA,NA,5.5379979312419e-4,342.4868064997718,342.87152909999713,342.9716455996968,344.9714271998964,345.3715710998513,345.47378030000255,345.47378030000255,h,1,1.324782199691981,346.8213315997273,346.8213315997273,346.8213315997273,346.8213315997273,NA,NA,NA,NA,NA,NA,NA,019,001,2024-10-14_09h45.41.523,PsychoPy Exp,2023.1.2,59.88475775912357
Knowledge,FALSE,FB-Ig,T_B_T,PsychoPyStudy2Stim/T_B_T_1.png,Adam KNOWS there are TWO cubes,2,h,b,2,0,2,1,0,1,1,0,1,B,PropTrueNoKnowledge,0,59,59,312,NA,NA,NA,NA,NA,0.00159709993749856,346.89449789980426,347.27155039971694,347.3716510999948,349.37141119968146,349.7716478998773,349.87358799995854,349.87358799995854,b,1,10.076892099808902,359.97144779982045,359.97144779982045,359.97144779982045,359.97144779982045,NA,NA,NA,NA,NA,NA,NA,019,001,2024-10-14_09h45.41.523,PsychoPy Exp,2023.1.2,59.88475775912357
Knowledge,TRUE,TB-K,TD_NB,PsychoPyStudy2Stim/TD_NB_3.png,Adam KNOWS there is ONE cube,1,b,h,2,1,1,2,1,1,0,0,0,NB,-,0,60,60,227,NA,NA,NA,NA,NA,8.3879986777901e-4,360.07794809993356,360.4547961000353,360.55495799984783,362.5547266998328,362.95491989981383,363.057140499819,363.057140499819,h,1,0.9895836999639868,364.07148959999904,364.07148959999904,364.07148959999904,364.07148959999904,NA,NA,NA,NA,NA,NA,NA,019,001,2024-10-14_09h45.41.523,PsychoPy Exp,2023.1.2,59.88475775912357
Belief,TRUE,FB-Ig,T_B_T,PsychoPyStudy2Stim/T_B_T_3.png,Adam THINKS there is ONE cube,1,b,h,2,0,2,1,0,1,1,0,1,B,-,0,61,61,148,NA,NA,NA,NA,NA,0.00194549979642033,364.1592108998448,364.53811750002205,364.6382498997264,366.6380010996945,367.03801979962736,367.1403048997745,367.1403048997745,h,1,2.314813899807632,369.4712382997386,369.4712382997386,369.4712382997386,369.4712382997386,NA,NA,NA,NA,NA,NA,NA,019,001,2024-10-14_09h45.41.523,PsychoPy Exp,2023.1.2,59.88475775912357
Reality,FALSE,TB-Ig,D_B,PsychoPyStudy2Stim/D_B_1.png,"In REALITY, there are TWO cubes",2,h,b,1,1,0,1,1,0,0,0,0,B,PropFalse,0,62,62,72,NA,NA,NA,NA,NA,4.6609994024038e-4,369.55219989968464,369.92141449963674,370.0215571997687,372.0213163997978,372.42154339980334,372.52369079971686,372.52369079971686,b,1,1.2348148999735713,373.7880779998377,373.7880779998377,373.7880779998377,373.7880779998377,NA,NA,NA,NA,NA,NA,NA,019,001,2024-10-14_09h45.41.523,PsychoPy Exp,2023.1.2,59.88475775912357
Reality,TRUE,TB-K-B,DD_B,PsychoPyStudy2Stim/DD_B_16.png,"In REALITY, there are ZERO cubes",0,b,h,2,2,0,2,2,0,0,0,0,B,-,0,63,63,29,NA,NA,NA,NA,NA,0.00158189982175827,373.8841038998216,374.25476499972865,374.3548894999549,376.35489990003407,376.75490159960464,376.8569090999663,376.8569090999663,h,1,1.3417166001163423,378.22140199970454,378.22140199970454,378.22140199970454,378.22140199970454,NA,NA,NA,NA,NA,NA,NA,019,001,2024-10-14_09h45.41.523,PsychoPy Exp,2023.1.2,59.88475775912357
Knowledge,TRUE,TB-K-B,DD_B,PsychoPyStudy2Stim/DD_B_5.png,Adam KNOWS there are ZERO cubes,0,b,h,2,2,0,2,2,0,0,0,0,B,-,0,64,64,238,NA,NA,NA,NA,NA,0.00157640036195516,378.32231540000066,378.7047385997139,378.8048720997758,380.80470879981294,381.2048302995972,381.30687979981303,381.30687979981303,h,1,1.4357917997986078,382.7713746996597,382.7713746996597,382.7713746996597,382.7713746996597,NA,NA,NA,NA,NA,NA,NA,019,001,2024-10-14_09h45.41.523,PsychoPy Exp,2023.1.2,59.88475775912357
Knowledge,TRUE,TB-K,TT_NB,PsychoPyStudy2Stim/TT_NB_2.png,Adam KNOWS there are TWO cubes,2,b,h,2,0,2,2,0,2,0,0,0,NB,-,0,65,65,229,NA,NA,NA,NA,NA,0.00179800018668174,382.8638288998045,383.2380554997362,383.33821349963546,385.33800579980016,385.7381370998919,385.8404048997909,385.8404048997909,h,1,1.1580777997151015,387.0212858999148,387.0212858999148,387.0212858999148,387.0212858999148,NA,NA,NA,NA,NA,NA,NA,019,001,2024-10-14_09h45.41.523,PsychoPy Exp,2023.1.2,59.88475775912357
Belief,TRUE,FB-Ig,D_B_T,PsychoPyStudy2Stim/D_B_T_2.png,Adam THINKS there are ZERO cubes,0,b,h,2,1,1,1,1,0,1,0,1,B,-,0,66,66,159,NA,NA,NA,NA,NA,0.0012631001882255,387.11011039977893,387.4880590997636,387.5881893998012,389.58817499969155,389.9880724996328,390.0901164999232,390.0901164999232,h,1,2.3565279999747872,392.4713844996877,392.4713844996877,392.4713844996877,392.4713844996877,NA,NA,NA,NA,NA,NA,NA,019,001,2024-10-14_09h45.41.523,PsychoPy Exp,2023.1.2,59.88475775912357
Knowledge,TRUE,TB-K-B,DD_B,PsychoPyStudy2Stim/DD_B_1.png,Adam KNOWS there are ZERO cubes,0,b,h,2,2,0,2,2,0,0,0,0,B,-,0,67,67,234,NA,NA,NA,NA,NA,0.00178659986704587,392.5724575999193,392.9545727996155,393.0545401996933,395.05463230004534,395.4548161998391,395.5569074996747,395.5569074996747,h,1,0.7777187000028789,396.35471849981695,396.35471849981695,396.35471849981695,396.35471849981695,NA,NA,NA,NA,NA,NA,NA,019,001,2024-10-14_09h45.41.523,PsychoPy Exp,2023.1.2,59.88475775912357
Belief,FALSE,TB-K-B,TT_B,PsychoPyStudy2Stim/TT_B_1.png,Adam THINKS there are ZERO cubes,0,h,b,2,0,2,2,0,2,0,0,0,B,PropFalse,0,68,68,188,NA,NA,NA,NA,NA,0.00169740011915564,396.4441672996618,396.8213565000333,396.9212004998699,398.921222999692,399.3214143998921,399.4235469000414,399.4235469000414,b,1,0.8710136003792286,400.3210954000242,400.3210954000242,400.3210954000242,400.3210954000242,NA,NA,NA,NA,NA,NA,NA,019,001,2024-10-14_09h45.41.523,PsychoPy Exp,2023.1.2,59.88475775912357
Knowledge,TRUE,TB-K-B,DD_B,PsychoPyStudy2Stim/DD_B_10.png,Adam KNOWS there are ZERO cubes,0,b,h,2,2,0,2,2,0,0,0,0,B,-,0,69,69,243,NA,NA,NA,NA,NA,4.0430016815662e-4,400.40628580003977,400.78798269992694,400.8881687996909,402.8880389998667,403.2880813996307,403.390252399724,403.390252399724,h,1,0.7763029001653194,404.18802779959515,404.18802779959515,404.18802779959515,404.18802779959515,NA,NA,NA,NA,NA,NA,NA,019,001,2024-10-14_09h45.41.523,PsychoPy Exp,2023.1.2,59.88475775912357
Reality,TRUE,TB-K-B,TD_B,PsychoPyStudy2Stim/TD_B_4.png,"In REALITY, there is ONE cube",1,b,h,2,1,1,2,1,1,0,0,0,B,-,0,70,70,33,NA,NA,NA,NA,NA,0.0017049997113645,404.27177809970453,404.6546470997855,404.7547251000069,406.7547427997925,407.15479809977114,407.256837700028,407.256837700028,h,1,0.7414954002015293,408.02128560002893,408.02128560002893,408.02128560002893,408.02128560002893,NA,NA,NA,NA,NA,NA,NA,019,001,2024-10-14_09h45.41.523,PsychoPy Exp,2023.1.2,59.88475775912357
Knowledge,FALSE,FB-Ig,T_B_T,PsychoPyStudy2Stim/T_B_T_4.png,Adam KNOWS there is ONE cube,1,h,b,2,0,2,1,0,1,1,0,1,B,PropFalse,0,71,71,303,NA,NA,NA,NA,NA,0.00148800015449523,408.1112055997364,408.4879843997769,408.58789399964735,410.5880860998295,410.9878220995888,411.0899873999879,411.0899873999879,b,1,1.7722511002793908,412.8877489999868,412.8877489999868,412.8877489999868,412.8877489999868,NA,NA,NA,NA,NA,NA,NA,019,001,2024-10-14_09h45.41.523,PsychoPy Exp,2023.1.2,59.88475775912357
Belief,FALSE,TB-K,TT_NB,PsychoPyStudy2Stim/TT_NB_1.png,Adam THINKS there are ZERO cubes,0,h,b,2,0,2,2,0,2,0,0,0,NB,PropFalse,0,72,72,174,NA,NA,NA,NA,NA,6.0690008103847e-4,412.9724673996679,413.3545479997993,413.4547119997442,415.4547900999896,415.8545311000198,415.95680359983817,415.95680359983817,h,0,2.1302926000207663,418.1043400997296,418.1043400997296,418.1043400997296,418.1043400997296,NA,NA,NA,NA,NA,NA,NA,019,001,2024-10-14_09h45.41.523,PsychoPy Exp,2023.1.2,59.88475775912357
Reality,TRUE,FB-Ig,T_B_T,PsychoPyStudy2Stim/T_B_T_6.png,"In REALITY, there are TWO cubes",2,b,h,2,0,2,1,0,1,1,0,1,B,-,0,73,73,49,NA,NA,NA,NA,NA,0.00169469974935054,418.1779161999002,418.5545587996021,418.6546946996823,420.65467649977654,421.05449459981173,421.1567526999861,421.1567526999861,h,1,0.7304181000217795,421.9046159996651,421.9046159996651,421.9046159996651,421.9046159996651,NA,NA,NA,NA,NA,NA,NA,019,001,2024-10-14_09h45.41.523,PsychoPy Exp,2023.1.2,59.88475775912357
Belief,TRUE,FB-Ig,D_B_T,PsychoPyStudy2Stim/D_B_T_1.png,Adam THINKS there are ZERO cubes,0,b,h,2,1,1,1,1,0,1,0,1,B,-,0,74,74,158,NA,NA,NA,NA,NA,0.00166589999571442,421.9950727997348,422.37120369961485,422.4710848997347,424.47112010000274,424.87129559973255,424.973471199628,424.973471199628,h,1,3.720905300229788,428.7212662999518,428.7212662999518,428.7212662999518,428.7212662999518,NA,NA,NA,NA,NA,NA,NA,019,001,2024-10-14_09h45.41.523,PsychoPy Exp,2023.1.2,59.88475775912357
Reality,FALSE,FB-Ig,T_B_T,PsychoPyStudy2Stim/T_B_T_3.png,"In REALITY, there is ONE cube",1,h,b,2,0,2,1,0,1,1,0,1,B,PropFalse,0,75,75,100,NA,NA,NA,NA,NA,0.00173519970849156,428.8200655998662,429.2045211996883,429.3047173996456,431.3044719998725,431.7046894999221,431.8065758999437,431.8065758999437,b,1,0.8075835001654923,432.6375949997455,432.6375949997455,432.6375949997455,432.6375949997455,NA,NA,NA,NA,NA,NA,NA,019,001,2024-10-14_09h45.41.523,PsychoPy Exp,2023.1.2,59.88475775912357
Belief,FALSE,TB-K,DD_NB,PsychoPyStudy2Stim/DD_NB_1.png,Adam THINKS there is ONE cube,1,h,b,2,2,0,2,2,0,0,0,0,NB,PropFalse,0,76,76,168,NA,NA,NA,NA,NA,4.2420020326972e-4,432.7058721999638,433.0878620999865,433.1880126995966,435.1880232999101,435.5877469996922,435.689865199849,435.689865199849,b,1,1.9964450998231769,437.7043706998229,437.7043706998229,437.7043706998229,437.7043706998229,NA,NA,NA,NA,NA,NA,NA,019,001,2024-10-14_09h45.41.523,PsychoPy Exp,2023.1.2,59.88475775912357
Knowledge,FALSE,TB-K,TD_NB,PsychoPyStudy2Stim/TD_NB_3.png,Adam KNOWS there are TWO cubes,2,h,b,2,1,1,2,1,1,0,0,0,NB,PropFalse,0,77,77,281,NA,NA,NA,NA,NA,7.159998640418e-4,437.7796483999118,438.1542030996643,438.2545999996364,440.25466999970376,440.6546156997792,440.7564762998372,440.7564762998372,b,1,1.1150847002863884,441.8878725999966,441.8878725999966,441.8878725999966,441.8878725999966,NA,NA,NA,NA,NA,NA,NA,019,001,2024-10-14_09h45.41.523,PsychoPy Exp,2023.1.2,59.88475775912357
Belief,TRUE,TB-K,D_NB,PsychoPyStudy2Stim/D_NB_1.png,Adam THINKS there are ZERO cubes,0,b,h,1,1,0,1,1,0,0,0,0,NB,-,0,78,78,108,NA,NA,NA,NA,NA,0.00198900001123547,441.981192599982,442.3544639996253,442.4546501999721,444.4547075997107,444.8547043995932,444.95649809995666,444.95649809995666,h,1,3.098431400023401,448.0712281996384,448.0712281996384,448.0712281996384,448.0712281996384,NA,NA,NA,NA,NA,NA,NA,019,001,2024-10-14_09h45.41.523,PsychoPy Exp,2023.1.2,59.88475775912357
Knowledge,FALSE,TB-K,DD_NB,PsychoPyStudy2Stim/DD_NB_3.png,Adam KNOWS there are TWO cubes,2,h,b,2,2,0,2,2,0,0,0,0,NB,PropFalse,0,79,79,278,NA,NA,NA,NA,NA,0.00188370002433657,448.1572765000165,448.53781299991533,448.6377465999685,450.6376416999846,451.03795669972897,451.14032669970766,451.14032669970766,b,1,1.394082499668002,452.55421789968386,452.55421789968386,452.55421789968386,452.55421789968386,NA,NA,NA,NA,NA,NA,NA,019,001,2024-10-14_09h45.41.523,PsychoPy Exp,2023.1.2,59.88475775912357
Belief,TRUE,TB-K,DD_NB,PsychoPyStudy2Stim/DD_NB_1.png,Adam THINKS there are ZERO cubes,0,b,h,2,2,0,2,2,0,0,0,0,NB,-,0,80,80,114,NA,NA,NA,NA,NA,0.00189890014007687,452.6243741000071,453.004437699914,453.104359399993,455.10435229958966,455.5045509999618,455.60660839965567,455.60660839965567,b,0,1.631925799883902,457.25873259967193,NA,457.25873259967193,NA,space,91.4754681000486,NA,NA,NA,NA,NA,019,001,2024-10-14_09h45.41.523,PsychoPy Exp,2023.1.2,59.88475775912357
Belief,TRUE,TB-Ig,D_B,PsychoPyStudy2Stim/D_B_2.png,Adam THINKS there are ZERO cubes,0,b,h,1,1,0,1,1,0,0,0,0,B,-,0,81,81,127,NA,NA,NA,NA,NA,0.00174059998244047,548.8305385997519,549.2041031997651,549.3042565998621,551.3042256999761,551.7041377997957,551.8063256000169,551.8063256000169,b,0,3.255729699973017,555.0871876999736,555.0871876999736,555.0871876999736,555.0871876999736,NA,NA,NA,NA,NA,NA,NA,019,001,2024-10-14_09h45.41.523,PsychoPy Exp,2023.1.2,59.88475775912357
Belief,FALSE,FB-Ig,D_B_T,PsychoPyStudy2Stim/D_B_T_4.png,Adam THINKS there is ONE cube,1,h,b,2,1,1,1,1,0,1,0,1,B,PropTrueNoBelief,0,82,82,215,NA,NA,NA,NA,NA,0.00149729987606406,555.1618608999997,555.5373848997988,555.637531499844,557.6374176000245,558.0375163997523,558.1396416998468,558.1396416998468,b,1,5.162525299936533,563.3204653998837,563.3204653998837,563.3204653998837,563.3204653998837,NA,NA,NA,NA,NA,NA,NA,019,001,2024-10-14_09h45.41.523,PsychoPy Exp,2023.1.2,59.88475775912357
Belief,FALSE,TB-K,TD_NB,PsychoPyStudy2Stim/TD_NB_2.png,Adam THINKS there are ZERO cubes,0,h,b,2,1,1,2,1,1,0,0,0,NB,PropFalse,0,83,83,172,NA,NA,NA,NA,NA,0.00191859994083642,563.3915262999944,563.7706826999784,563.8708499995992,565.8706330000423,566.2705588997342,566.3727636998519,566.3727636998519,b,1,2.12094059959054,568.5206136000343,568.5206136000343,568.5206136000343,568.5206136000343,NA,NA,NA,NA,NA,NA,NA,019,001,2024-10-14_09h45.41.523,PsychoPy Exp,2023.1.2,59.88475775912357
Reality,TRUE,TB-K,T_NB,PsychoPyStudy2Stim/T_NB_2.png,"In REALITY, there is ONE cube",1,b,h,1,0,1,1,0,1,0,0,0,NB,-,0,84,84,4,NA,NA,NA,NA,NA,9.0730004012584e-4,568.597699499689,568.970708000008,569.0708252997138,571.0707513997331,571.4706244999543,571.572709699627,571.572709699627,h,1,0.5932749002240598,572.1870979997329,572.1870979997329,572.1870979997329,572.1870979997329,NA,NA,NA,NA,NA,NA,NA,019,001,2024-10-14_09h45.41.523,PsychoPy Exp,2023.1.2,59.88475775912357
Belief,TRUE,FB-Ig,D_B_T,PsychoPyStudy2Stim/D_B_T_4.png,Adam THINKS there are ZERO cubes,0,b,h,2,1,1,1,1,0,1,0,1,B,-,0,85,85,161,NA,NA,NA,NA,NA,0.00196560006588697,572.2584536997601,572.6371963997371,572.7374694999307,574.7374912998639,575.137260499876,575.2395743997768,575.2395743997768,h,1,3.726133900228888,578.9872782998718,578.9872782998718,578.9872782998718,578.9872782998718,NA,NA,NA,NA,NA,NA,NA,019,001,2024-10-14_09h45.41.523,PsychoPy Exp,2023.1.2,59.88475775912357
Belief,FALSE,TB-Ig,D_B_D,PsychoPyStudy2Stim/D_B_D_3.png,Adam THINKS there is ONE cube,1,h,b,2,2,0,1,1,0,1,1,0,B,PropFalse,0,86,86,186,NA,NA,NA,NA,NA,0.00129410019144415,579.0953234997578,579.4706591996364,579.5707813999616,581.5707316999324,581.9707325999625,582.0728139998391,582.0728139998391,b,1,2.89311660034582,584.9872502996586,584.9872502996586,584.9872502996586,584.9872502996586,NA,NA,NA,NA,NA,NA,NA,019,001,2024-10-14_09h45.41.523,PsychoPy Exp,2023.1.2,59.88475775912357
Belief,FALSE,FB-Ig,D_B_T,PsychoPyStudy2Stim/D_B_T_1.png,Adam THINKS there is ONE cube,1,h,b,2,1,1,1,1,0,1,0,1,B,PropTrueNoBelief,0,87,87,212,NA,NA,NA,NA,NA,0.00188599992543458,585.080067299772,585.4539871998131,585.5540620996617,587.5540748997591,587.9539864999242,588.0561027997173,588.0561027997173,b,1,1.198019899893552,589.2703591999598,589.2703591999598,589.2703591999598,589.2703591999598,NA,NA,NA,NA,NA,NA,NA,019,001,2024-10-14_09h45.41.523,PsychoPy Exp,2023.1.2,59.88475775912357
Reality,FALSE,FB-Ig,T_B_T,PsychoPyStudy2Stim/T_B_T_4.png,"In REALITY, there is ONE cube",1,h,b,2,0,2,1,0,1,1,0,1,B,PropFalse,0,88,88,95,NA,NA,NA,NA,NA,4.6359980478882e-4,589.3473048997112,589.7206318997778,589.8206954998896,591.8206865997054,592.2206824999303,592.3228160999715,592.3228160999715,b,1,2.3071181001141667,594.653688899707,594.653688899707,594.653688899707,594.653688899707,NA,NA,NA,NA,NA,NA,NA,019,001,2024-10-14_09h45.41.523,PsychoPy Exp,2023.1.2,59.88475775912357
Belief,FALSE,TB-Ig,D_B,PsychoPyStudy2Stim/D_B_2.png,Adam THINKS there is ONE cube,1,h,b,1,1,0,1,1,0,0,0,0,B,PropFalse,0,89,89,181,NA,NA,NA,NA,NA,0.00187609996646642,594.7265997999348,595.1038974998519,595.2040470000356,597.2037917999551,597.6039529000409,597.7061691996641,597.7061691996641,b,1,8.195875499863178,605.9205330000259,605.9205330000259,605.9205330000259,605.9205330000259,NA,NA,NA,NA,NA,NA,NA,019,001,2024-10-14_09h45.41.523,PsychoPy Exp,2023.1.2,59.88475775912357
Belief,FALSE,TB-K,DD_NB,PsychoPyStudy2Stim/DD_NB_2.png,Adam THINKS there are TWO cubes,2,h,b,2,2,0,2,2,0,0,0,0,NB,PropFalse,0,90,90,169,NA,NA,NA,NA,NA,0.00168280024081468,606.0183027000166,606.4039189997129,606.5039621996693,608.5040352996439,608.9039006000385,609.0060526998714,609.0060526998714,b,1,0.9358659000135958,609.970359900035,609.970359900035,609.970359900035,609.970359900035,NA,NA,NA,NA,NA,NA,NA,019,001,2024-10-14_09h45.41.523,PsychoPy Exp,2023.1.2,59.88475775912357
Belief,TRUE,TB-Ig,D_B_D,PsychoPyStudy2Stim/D_B_D_1.png,Adam THINKS there are ZERO cubes,0,b,h,2,2,0,1,1,0,1,1,0,B,-,0,91,91,130,NA,NA,NA,NA,NA,0.00189869990572333,610.0442961999215,610.4205048996955,610.5206440999173,612.5206857998855,612.9205541997217,613.0226793000475,613.0226793000475,h,1,4.190816400106996,617.2369792996906,617.2369792996906,617.2369792996906,617.2369792996906,NA,NA,NA,NA,NA,NA,NA,019,001,2024-10-14_09h45.41.523,PsychoPy Exp,2023.1.2,59.88475775912357
Reality,TRUE,FB-Ig,T_B_T,PsychoPyStudy2Stim/T_B_T_4.png,"In REALITY, there are TWO cubes",2,b,h,2,0,2,1,0,1,1,0,1,B,-,0,92,92,41,NA,NA,NA,NA,NA,6.0130003839731e-4,617.3273489000276,617.7035629996099,617.8039828999899,619.8037089998834,620.203832899686,620.3058532997966,620.3058532997966,h,1,0.5396313001401722,620.8703158996068,620.8703158996068,620.8703158996068,620.8703158996068,NA,NA,NA,NA,NA,NA,NA,019,001,2024-10-14_09h45.41.523,PsychoPy Exp,2023.1.2,59.88475775912357
Belief,TRUE,TB-K-B,TT_B,PsychoPyStudy2Stim/TT_B_4.png,Adam THINKS there are TWO cubes,2,b,h,2,0,2,2,0,2,0,0,0,B,-,0,93,93,137,NA,NA,NA,NA,NA,4.3769972398877e-4,620.9467289997265,621.3204793999903,621.4203776996583,623.4205582998693,623.820382299833,623.9227120997384,623.9227120997384,h,1,1.1950671998783946,625.1369507997297,625.1369507997297,625.1369507997297,625.1369507997297,NA,NA,NA,NA,NA,NA,NA,019,001,2024-10-14_09h45.41.523,PsychoPy Exp,2023.1.2,59.88475775912357
Knowledge,FALSE,TB-K,TT_NB,PsychoPyStudy2Stim/TT_NB_6.png,Adam KNOWS there is ONE cube,1,h,b,2,0,2,2,0,2,0,0,0,NB,PropFalse,0,94,94,287,NA,NA,NA,NA,NA,0.00189789989963173,625.2109074997716,625.5870845997706,625.6872694999911,627.6872115996666,628.087154599838,628.1893360996619,628.1893360996619,b,1,1.024435400031507,629.2371668997221,629.2371668997221,629.2371668997221,629.2371668997221,NA,NA,NA,NA,NA,NA,NA,019,001,2024-10-14_09h45.41.523,PsychoPy Exp,2023.1.2,59.88475775912357
Knowledge,TRUE,TB-K-B,TT_B,PsychoPyStudy2Stim/TT_B_16.png,Adam KNOWS there are TWO cubes,2,b,h,2,0,2,2,0,2,0,0,0,B,-,0,95,95,249,NA,NA,NA,NA,NA,0.00189889967441558,629.3324064998887,629.7037799996324,629.8037445000373,631.8036970999092,632.2037460999563,632.3058440997265,632.3058440997265,h,1,0.9322470002807676,633.253851399757,633.253851399757,633.253851399757,633.253851399757,NA,NA,NA,NA,NA,NA,NA,019,001,2024-10-14_09h45.41.523,PsychoPy Exp,2023.1.2,59.88475775912357
Knowledge,TRUE,TB-K,TD_NB,PsychoPyStudy2Stim/TD_NB_1.png,Adam KNOWS there is ONE cube,1,b,h,2,1,1,2,1,1,0,0,0,NB,-,0,96,96,225,NA,NA,NA,NA,NA,0.0019065998494625,633.3458414999768,633.7203889996745,633.8205979997292,635.820284999907,636.2203384996392,636.3224835996516,636.3224835996516,h,1,1.2272555003874004,637.570496100001,637.570496100001,637.570496100001,637.570496100001,NA,NA,NA,NA,NA,NA,NA,019,001,2024-10-14_09h45.41.523,PsychoPy Exp,2023.1.2,59.88475775912357
Belief,TRUE,TB-K-B,TT_B,PsychoPyStudy2Stim/TT_B_12.png,Adam THINKS there are TWO cubes,2,b,h,2,0,2,2,0,2,0,0,0,B,-,0,97,97,145,NA,NA,NA,NA,NA,0.0019303997978568,637.6683601997793,638.0537600996904,638.1536636999808,640.1535803996958,640.5538347000256,640.6559701999649,640.6559701999649,h,1,1.5094314999878409,642.1869146996178,642.1869146996178,642.1869146996178,642.1869146996178,NA,NA,NA,NA,NA,NA,NA,019,001,2024-10-14_09h45.41.523,PsychoPy Exp,2023.1.2,59.88475775912357
Knowledge,FALSE,TB-K,D_NB,PsychoPyStudy2Stim/D_NB_2.png,Adam KNOWS there is ONE cube,1,h,b,1,1,0,1,1,0,0,0,0,NB,PropFalse,0,98,98,271,NA,NA,NA,NA,NA,7.4739987030625e-4,642.2780567998998,642.6536943996325,642.7538797999732,644.7538902997039,645.1537615996785,645.2558112000115,645.2558112000115,b,1,3.853586499579251,649.136828799732,649.136828799732,649.136828799732,649.136828799732,NA,NA,NA,NA,NA,NA,NA,019,001,2024-10-14_09h45.41.523,PsychoPy Exp,2023.1.2,59.88475775912357
Belief,FALSE,FB-Ig,T_B_T,PsychoPyStudy2Stim/T_B_T_2.png,Adam THINKS there are TWO cubes,2,h,b,2,0,2,1,0,1,1,0,1,B,PropTrueNoBelief,0,99,99,207,NA,NA,NA,NA,NA,5.9319986030459e-4,649.2225032998249,649.6037126998417,649.7038791999221,651.7038495000452,652.1037445999682,652.2058858997189,652.2058858997189,b,1,1.2554759997874498,653.4869023999199,653.4869023999199,653.4869023999199,653.4869023999199,NA,NA,NA,NA,NA,NA,NA,019,001,2024-10-14_09h45.41.523,PsychoPy Exp,2023.1.2,59.88475775912357
Reality,TRUE,FB-Ig,D_B_T,PsychoPyStudy2Stim/D_B_T_3.png,"In REALITY, there is ONE cube",1,b,h,2,1,1,1,1,0,1,0,1,B,-,0,100,100,52,NA,NA,NA,NA,NA,6.9349957630038e-4,653.5849513998255,653.9701622999273,654.0702919997275,656.0702637997456,656.4703914998099,656.572368899826,656.572368899826,h,1,1.2733383998274803,657.870112999808,657.870112999808,657.870112999808,657.870112999808,NA,NA,NA,NA,NA,NA,NA,019,001,2024-10-14_09h45.41.523,PsychoPy Exp,2023.1.2,59.88475775912357
Belief,FALSE,TB-Ig,D_B_D,PsychoPyStudy2Stim/D_B_D_1.png,Adam THINKS there is ONE cube,1,h,b,2,2,0,1,1,0,1,1,0,B,PropFalse,0,101,101,184,NA,NA,NA,NA,NA,0.00188860017806291,657.9486735998653,658.3201337000355,658.4204307999462,660.4201722997241,660.8204572997056,660.922476099804,660.922476099804,b,1,0.93162460019812,661.8703778996132,661.8703778996132,661.8703778996132,661.8703778996132,NA,NA,NA,NA,NA,NA,NA,019,001,2024-10-14_09h45.41.523,PsychoPy Exp,2023.1.2,59.88475775912357
Knowledge,FALSE,TB-Ig,D_B,PsychoPyStudy2Stim/D_B_4.png,Adam KNOWS there are ZERO cubes,0,h,b,1,1,0,1,1,0,0,0,0,B,PropTrueNoKnowledge,0,102,102,291,NA,NA,NA,NA,NA,0.00191979994997382,661.9524654997513,662.3367341998965,662.4368059998378,664.4368595997803,664.8371178000234,664.9392092996277,664.9392092996277,b,1,0.7310898001305759,665.6870589996688,665.6870589996688,665.6870589996688,665.6870589996688,NA,NA,NA,NA,NA,NA,NA,019,001,2024-10-14_09h45.41.523,PsychoPy Exp,2023.1.2,59.88475775912357
Knowledge,FALSE,TB-K,TT_NB,PsychoPyStudy2Stim/TT_NB_4.png,Adam KNOWS there is ONE cube,1,h,b,2,0,2,2,0,2,0,0,0,NB,PropFalse,0,103,103,285,NA,NA,NA,NA,NA,0.00186190009117126,665.7695267000236,666.15333239967,666.2535015996546,668.253828200046,668.6536778998561,668.7558617996983,668.7558617996983,b,1,0.8503517000935972,669.6367515996099,669.6367515996099,669.6367515996099,669.6367515996099,NA,NA,NA,NA,NA,NA,NA,019,001,2024-10-14_09h45.41.523,PsychoPy Exp,2023.1.2,59.88475775912357
Belief,TRUE,TB-K,TT_NB,PsychoPyStudy2Stim/TT_NB_6.png,Adam THINKS there are TWO cubes,2,b,h,2,0,2,2,0,2,0,0,0,NB,-,0,104,104,125,NA,NA,NA,NA,NA,4.6879984438419e-4,669.7187737999484,670.1033160998486,670.2034708997235,672.2034791996703,672.603447899688,672.7059377999976,672.7059377999976,h,1,0.8753658998757601,673.6032701996155,673.6032701996155,673.6032701996155,673.6032701996155,NA,NA,NA,NA,NA,NA,NA,019,001,2024-10-14_09h45.41.523,PsychoPy Exp,2023.1.2,59.88475775912357
Belief,TRUE,FB-Ig,T_B_T,PsychoPyStudy2Stim/T_B_T_2.png,Adam THINKS there is ONE cube,1,b,h,2,0,2,1,0,1,1,0,1,B,-,0,105,105,153,NA,NA,NA,NA,NA,5.0550000742077e-4,673.6774439997971,674.0532946996391,674.153406499885,676.1536279995926,676.5534065999091,676.6563622998074,676.6563622998074,h,1,0.9329262999817728,677.6200194996782,677.6200194996782,677.6200194996782,677.6200194996782,NA,NA,NA,NA,NA,NA,NA,019,001,2024-10-14_09h45.41.523,PsychoPy Exp,2023.1.2,59.88475775912357
Knowledge,TRUE,TB-K-B,TT_B,PsychoPyStudy2Stim/TT_B_21.png,Adam KNOWS there are TWO cubes,2,b,h,2,0,2,2,0,2,0,0,0,B,-,0,106,106,254,NA,NA,NA,NA,NA,4.4499989598989e-4,677.7084043999203,678.0866445000283,678.186742299702,680.1869901996106,680.5867645996623,680.6891238000244,680.6891238000244,h,1,0.5487546003423631,681.2533050999045,681.2533050999045,681.2533050999045,681.2533050999045,NA,NA,NA,NA,NA,NA,NA,019,001,2024-10-14_09h45.41.523,PsychoPy Exp,2023.1.2,59.88475775912357
Belief,FALSE,TB-K,TD_NB,PsychoPyStudy2Stim/TD_NB_3.png,Adam THINKS there are TWO cubes,2,h,b,2,1,1,2,1,1,0,0,0,NB,PropFalse,0,107,107,173,NA,NA,NA,NA,NA,5.3839990869164e-4,681.3326069000177,681.7034061998129,681.8034522999078,683.803525199648,684.2034497000277,684.3056896999478,684.3056896999478,b,1,0.6755174002610147,685.0033137998544,685.0033137998544,685.0033137998544,685.0033137998544,NA,NA,NA,NA,NA,NA,NA,019,001,2024-10-14_09h45.41.523,PsychoPy Exp,2023.1.2,59.88475775912357
Reality,TRUE,TB-K-B,DD_B,PsychoPyStudy2Stim/DD_B_15.png,"In REALITY, there are ZERO cubes",0,b,h,2,2,0,2,2,0,0,0,0,B,-,0,108,108,28,NA,NA,NA,NA,NA,4.5039970427751e-4,685.0777063998394,685.4533078996465,685.5534295998514,687.5534326997586,687.9534900998697,688.0558477998711,688.0558477998711,b,0,0.4533587000332773,688.5367221999913,688.5367221999913,688.5367221999913,688.5367221999913,NA,NA,NA,NA,NA,NA,NA,019,001,2024-10-14_09h45.41.523,PsychoPy Exp,2023.1.2,59.88475775912357
Belief,TRUE,TB-K-B,TT_B,PsychoPyStudy2Stim/TT_B_6.png,Adam THINKS there are TWO cubes,2,b,h,2,0,2,2,0,2,0,0,0,B,-,0,109,109,139,NA,NA,NA,NA,NA,4.4510001316666e-4,688.6216173996218,689.0032825996168,689.1034864997491,691.1033936999738,691.5035134996288,691.6055278000422,691.6055278000422,h,1,0.9121356001123786,692.5369198997505,692.5369198997505,692.5369198997505,692.5369198997505,NA,NA,NA,NA,NA,NA,NA,019,001,2024-10-14_09h45.41.523,PsychoPy Exp,2023.1.2,59.88475775912357
Knowledge,TRUE,TB-K,TT_NB,PsychoPyStudy2Stim/TT_NB_3.png,Adam KNOWS there are TWO cubes,2,b,h,2,0,2,2,0,2,0,0,0,NB,-,0,110,110,230,NA,NA,NA,NA,NA,0.00218560034409165,692.6144740995951,692.9868222996593,693.0870086997747,695.0867979996838,695.4869537996128,695.5891048000194,695.5891048000194,h,1,2.343984799925238,697.9532893998548,697.9532893998548,697.9532893998548,697.9532893998548,NA,NA,NA,NA,NA,NA,NA,019,001,2024-10-14_09h45.41.523,PsychoPy Exp,2023.1.2,59.88475775912357
Knowledge,FALSE,FB-Ig,D_B_T,PsychoPyStudy2Stim/D_B_T_2.png,Adam KNOWS there is ONE cube,1,h,b,2,1,1,1,1,0,1,0,1,B,PropTrueNoKnowledge,0,111,111,319,NA,NA,NA,NA,NA,5.2469968795776e-4,698.0305331996642,698.4036013996229,698.503350999672,700.5036484999582,700.9036338999867,701.0055790999904,701.0055790999904,b,1,1.8077527000568807,702.8366282000206,702.8366282000206,702.8366282000206,702.8366282000206,NA,NA,NA,NA,NA,NA,NA,019,001,2024-10-14_09h45.41.523,PsychoPy Exp,2023.1.2,59.88475775912357
Knowledge,TRUE,TB-K-B,TT_B,PsychoPyStudy2Stim/TT_B_23.png,Adam KNOWS there are TWO cubes,2,b,h,2,0,2,2,0,2,0,0,0,B,-,0,112,112,256,NA,NA,NA,NA,NA,0.00187129992991685,702.9220766997896,703.3034700998105,703.4036512998864,705.4036236000247,705.8036170997657,705.9057137998752,705.9057137998752,h,1,4.427761300001293,710.3535349997692,710.3535349997692,710.3535349997692,710.3535349997692,NA,NA,NA,NA,NA,NA,NA,019,001,2024-10-14_09h45.41.523,PsychoPy Exp,2023.1.2,59.88475775912357
Belief,FALSE,TB-K,D_NB,PsychoPyStudy2Stim/D_NB_3.png,Adam THINKS there are TWO cubes,2,h,b,1,1,0,1,1,0,0,0,0,NB,PropFalse,0,113,113,164,NA,NA,NA,NA,NA,0.00190829997882246,710.4350890996866,710.8201914997771,710.9200394996442,712.9202728997916,713.3202525996603,713.4222597000189,713.4222597000189,b,1,0.7508438001386821,714.2032771999948,714.2032771999948,714.2032771999948,714.2032771999948,NA,NA,NA,NA,NA,NA,NA,019,001,2024-10-14_09h45.41.523,PsychoPy Exp,2023.1.2,59.88475775912357
Knowledge,FALSE,FB-Ig,T_B_T,PsychoPyStudy2Stim/T_B_T_4.png,Adam KNOWS there are TWO cubes,2,h,b,2,0,2,1,0,1,1,0,1,B,PropTrueNoKnowledge,0,114,114,315,NA,NA,NA,NA,NA,5.5630039423704e-4,714.2774715996347,714.6534867999144,714.7535787997767,716.7533408999443,717.1536187999882,717.2555773998611,717.2555773998611,b,1,4.9258472002111375,722.2033879999071,722.2033879999071,722.2033879999071,722.2033879999071,NA,NA,NA,NA,NA,NA,NA,019,001,2024-10-14_09h45.41.523,PsychoPy Exp,2023.1.2,59.88475775912357
Knowledge,TRUE,TB-K-B,TD_B,PsychoPyStudy2Stim/TD_B_2.png,Adam KNOWS there is ONE cube,1,b,h,2,1,1,2,1,1,0,0,0,B,-,0,115,115,259,NA,NA,NA,NA,NA,0.00151199987158179,722.2795719997957,722.6534345997497,722.7535849995911,724.7533652000129,725.1532894000411,725.2553492998704,725.2553492998704,h,1,1.0697713000699878,726.3531434996985,726.3531434996985,726.3531434996985,726.3531434996985,NA,NA,NA,NA,NA,NA,NA,019,001,2024-10-14_09h45.41.523,PsychoPy Exp,2023.1.2,59.88475775912357
Knowledge,FALSE,TB-Ig,D_B_D,PsychoPyStudy2Stim/D_B_D_4.png,Adam KNOWS there are ZERO cubes,0,h,b,2,2,0,1,1,0,1,1,0,B,PropTrueNoKnowledge,0,116,116,295,NA,NA,NA,NA,NA,6.844000890851e-4,726.430577499792,726.803162700031,726.9035558998585,728.903560699895,729.3035180997103,729.4057084997185,729.4057084997185,b,1,3.1672899001277983,732.6032439996488,732.6032439996488,732.6032439996488,732.6032439996488,NA,NA,NA,NA,NA,NA,NA,019,001,2024-10-14_09h45.41.523,PsychoPy Exp,2023.1.2,59.88475775912357
Knowledge,TRUE,TB-K,TT_NB,PsychoPyStudy2Stim/TT_NB_1.png,Adam KNOWS there are TWO cubes,2,b,h,2,0,2,2,0,2,0,0,0,NB,-,0,117,117,228,NA,NA,NA,NA,NA,5.4230028763413e-4,732.685706499964,733.070072799921,733.170167000033,735.1701543997042,735.5701796999201,735.6720255999826,735.6720255999826,h,1,1.341209200210869,737.036810499616,737.036810499616,737.036810499616,737.036810499616,NA,NA,NA,NA,NA,NA,NA,019,001,2024-10-14_09h45.41.523,PsychoPy Exp,2023.1.2,59.88475775912357
Belief,TRUE,TB-Ig,D_B,PsychoPyStudy2Stim/D_B_4.png,Adam THINKS there are ZERO cubes,0,b,h,1,1,0,1,1,0,0,0,0,B,-,0,118,118,129,NA,NA,NA,NA,NA,0.00165920006111264,737.126072499901,737.503371999599,737.6035194997676,739.6032916000113,740.0032089999877,740.1059641996399,740.1059641996399,h,1,3.011431799735874,743.136545999907,743.136545999907,743.136545999907,743.136545999907,NA,NA,NA,NA,NA,NA,NA,019,001,2024-10-14_09h45.41.523,PsychoPy Exp,2023.1.2,59.88475775912357
Knowledge,FALSE,TB-K,T_NB,PsychoPyStudy2Stim/T_NB_2.png,Adam KNOWS there are TWO cubes,2,h,b,1,0,1,1,0,1,0,0,0,NB,PropFalse,0,119,119,274,NA,NA,NA,NA,NA,3.8109999150037e-4,743.2154838000424,743.5867136996239,743.6865694997832,745.6868777000345,746.0866160998121,746.1890118997544,746.1890118997544,b,1,6.535980899818242,752.7532022995874,752.7532022995874,752.7532022995874,752.7532022995874,NA,NA,NA,NA,NA,NA,NA,019,001,2024-10-14_09h45.41.523,PsychoPy Exp,2023.1.2,59.88475775912357
Belief,TRUE,TB-K-B,TT_B,PsychoPyStudy2Stim/TT_B_1.png,Adam THINKS there are TWO cubes,2,b,h,2,0,2,2,0,2,0,0,0,B,-,0,120,120,134,NA,NA,NA,NA,NA,8.0029992386698e-4,752.8356645996682,753.2199737997726,753.3201195998117,755.3198420000263,755.7198492996395,755.8219516999088,755.8219516999088,h,1,1.7750895000062883,757.6199222998694,757.6199222998694,757.6199222998694,757.6199222998694,NA,NA,NA,NA,NA,NA,NA,019,001,2024-10-14_09h45.41.523,PsychoPy Exp,2023.1.2,59.88475775912357
Knowledge,TRUE,TB-K,D_NB,PsychoPyStudy2Stim/D_NB_1.png,Adam KNOWS there are ZERO cubes,0,b,h,1,1,0,1,1,0,0,0,0,NB,-,0,121,121,216,NA,NA,NA,NA,NA,8.3230016753077e-4,757.7042935998179,758.0866147000343,758.1867731995881,760.1864978997037,760.5866584996693,760.6888322997838,760.6888322997838,h,1,5.628462600056082,766.3366237999871,766.3366237999871,766.3366237999871,766.3366237999871,NA,NA,NA,NA,NA,NA,NA,019,001,2024-10-14_09h45.41.523,PsychoPy Exp,2023.1.2,59.88475775912357
Belief,FALSE,FB-Ig,T_B_T,PsychoPyStudy2Stim/T_B_T_3.png,Adam THINKS there are TWO cubes,2,h,b,2,0,2,1,0,1,1,0,1,B,PropTrueNoBelief,0,122,122,202,NA,NA,NA,NA,NA,0.00165889970958232,766.4184873998165,766.8032670998946,766.903416799847,768.903390399646,769.3033699998632,769.4053535000421,769.4053535000421,b,1,2.216693500056863,771.6532435999252,771.6532435999252,771.6532435999252,771.6532435999252,NA,NA,NA,NA,NA,NA,NA,019,001,2024-10-14_09h45.41.523,PsychoPy Exp,2023.1.2,59.88475775912357
Belief,FALSE,FB-Ig,D_B_T,PsychoPyStudy2Stim/D_B_T_3.png,Adam THINKS there is ONE cube,1,h,b,2,1,1,1,1,0,1,0,1,B,PropTrueNoBelief,0,123,123,214,NA,NA,NA,NA,NA,0.00158810010179877,771.7492637997493,772.1199044999667,772.2200205000117,774.2200088999234,774.620003500022,774.7221229998395,774.7221229998395,b,1,10.803286000154912,785.5529280998744,785.5529280998744,785.5529280998744,785.5529280998744,NA,NA,NA,NA,NA,NA,NA,019,001,2024-10-14_09h45.41.523,PsychoPy Exp,2023.1.2,59.88475775912357
Reality,FALSE,TB-Ig,D_B,PsychoPyStudy2Stim/D_B_2.png,"In REALITY, there are TWO cubes",2,h,b,1,1,0,1,1,0,0,0,0,B,PropFalse,0,124,124,73,NA,NA,NA,NA,NA,0.00172360008582472,785.6307691000402,786.0031787999906,786.1031271000393,788.1031652996317,788.5031957998872,788.6053740996867,788.6053740996867,b,1,1.2557671000249684,789.886573900003,789.886573900003,789.886573900003,789.886573900003,NA,NA,NA,NA,NA,NA,NA,019,001,2024-10-14_09h45.41.523,PsychoPy Exp,2023.1.2,59.88475775912357
Belief,TRUE,TB-K-B,TT_B,PsychoPyStudy2Stim/TT_B_10.png,Adam THINKS there are TWO cubes,2,b,h,2,0,2,2,0,2,0,0,0,B,-,0,125,125,143,NA,NA,NA,NA,NA,0.00167590007185935,789.9818540997803,790.3531812997535,790.4533075997606,792.4530957997777,792.8532724999823,792.9554002997465,792.9554002997465,h,1,0.7458053999580443,793.7197948996909,793.7197948996909,793.7197948996909,793.7197948996909,NA,NA,NA,NA,NA,NA,NA,019,001,2024-10-14_09h45.41.523,PsychoPy Exp,2023.1.2,59.88475775912357
Belief,TRUE,TB-K-B,TT_B,PsychoPyStudy2Stim/TT_B_8.png,Adam THINKS there are TWO cubes,2,b,h,2,0,2,2,0,2,0,0,0,B,-,0,126,126,141,NA,NA,NA,NA,NA,0.0014947997406125,793.8008465999737,794.1864597997628,794.2865948998369,796.2866170997731,796.6865022997372,796.7886914997362,796.7886914997362,h,1,0.5684675998054445,797.3865175000392,797.3865175000392,797.3865175000392,797.3865175000392,NA,NA,NA,NA,NA,NA,NA,019,001,2024-10-14_09h45.41.523,PsychoPy Exp,2023.1.2,59.88475775912357
Knowledge,FALSE,FB-Ig,T_B_T,PsychoPyStudy2Stim/T_B_T_3.png,Adam KNOWS there is ONE cube,1,h,b,2,0,2,1,0,1,1,0,1,B,PropFalse,0,127,127,302,NA,NA,NA,NA,NA,0.00171889970079064,797.4590364997275,797.8365181996487,797.9364107996225,799.9363241000101,800.3365544998087,800.4392699999735,800.4392699999735,b,1,1.382751100230962,801.8529471997172,801.8529471997172,801.8529471997172,801.8529471997172,NA,NA,NA,NA,NA,NA,NA,019,001,2024-10-14_09h45.41.523,PsychoPy Exp,2023.1.2,59.88475775912357
Belief,FALSE,FB-Ig,T_B_T,PsychoPyStudy2Stim/T_B_T_4.png,Adam THINKS there are TWO cubes,2,h,b,2,0,2,1,0,1,1,0,1,B,PropTrueNoBelief,0,128,128,203,NA,NA,NA,NA,NA,0.00172819988802075,801.9263855000027,802.3031230997294,802.403272899799,804.4029916999862,804.8032558998093,804.9053928996436,804.9053928996436,b,1,1.507759999949485,806.4365174998529,806.4365174998529,806.4365174998529,806.4365174998529,NA,NA,NA,NA,NA,NA,NA,019,001,2024-10-14_09h45.41.523,PsychoPy Exp,2023.1.2,59.88475775912357
Knowledge,FALSE,FB-Ig,T_B_T,PsychoPyStudy2Stim/T_B_T_2.png,Adam KNOWS there are TWO cubes,2,h,b,2,0,2,1,0,1,1,0,1,B,PropTrueNoKnowledge,0,129,129,313,NA,NA,NA,NA,NA,0.00166469998657703,806.5304740997963,806.9030816997401,807.0032244999893,809.0029663997702,809.4032597998157,809.5052314000204,809.5052314000204,b,1,0.5558647001162171,810.0861943997443,810.0861943997443,810.0861943997443,810.0861943997443,NA,NA,NA,NA,NA,NA,NA,019,001,2024-10-14_09h45.41.523,PsychoPy Exp,2023.1.2,59.88475775912357
Belief,TRUE,TB-K,T_NB,PsychoPyStudy2Stim/T_NB_3.png,Adam THINKS there is ONE cube,1,b,h,1,0,1,1,0,1,0,0,0,NB,-,0,130,130,113,NA,NA,NA,NA,NA,4.2500020936131e-4,810.1603445997462,810.5364373996854,810.6364047997631,812.6365395998582,813.0363225997426,813.1386235998943,813.1386235998943,h,1,1.3470499003306031,814.5031467997469,814.5031467997469,814.5031467997469,814.5031467997469,NA,NA,NA,NA,NA,NA,NA,019,001,2024-10-14_09h45.41.523,PsychoPy Exp,2023.1.2,59.88475775912357
Belief,FALSE,FB-Ig,T_B_T,PsychoPyStudy2Stim/T_B_T_5.png,Adam THINKS there are TWO cubes,2,h,b,2,0,2,1,0,1,1,0,1,B,PropTrueNoBelief,0,131,131,210,NA,NA,NA,NA,NA,0.00174139998853206,814.5965707995929,814.969766699709,815.0695721996017,817.0696756998077,817.4696127995849,817.5719945998862,817.5719945998862,b,1,1.2087461999617517,818.8028409997933,818.8028409997933,818.8028409997933,818.8028409997933,NA,NA,NA,NA,NA,NA,NA,019,001,2024-10-14_09h45.41.523,PsychoPy Exp,2023.1.2,59.88475775912357
Belief,TRUE,TB-K,TD_NB,PsychoPyStudy2Stim/TD_NB_2.png,Adam THINKS there is ONE cube,1,b,h,2,1,1,2,1,1,0,0,0,NB,-,0,132,132,118,NA,NA,NA,NA,NA,3.7489971145987e-4,818.8773015998304,819.2531194998883,819.3531428999268,821.3531767996028,821.7529394999146,821.8552681999281,821.8552681999281,h,1,1.789352500345558,823.669545199722,823.669545199722,823.669545199722,823.669545199722,NA,NA,NA,NA,NA,NA,NA,019,001,2024-10-14_09h45.41.523,PsychoPy Exp,2023.1.2,59.88475775912357
Reality,FALSE,FB-Ig,T_B_T,PsychoPyStudy2Stim/T_B_T_5.png,"In REALITY, there is ONE cube",1,h,b,2,0,2,1,0,1,1,0,1,B,PropFalse,0,133,133,96,NA,NA,NA,NA,NA,3.9470009505748e-4,823.7391956998035,824.1194504997693,824.2198798996396,826.219804899767,826.6195208998397,826.7219257997349,826.7219257997349,b,1,0.7628994998522103,827.5028327996843,827.5028327996843,827.5028327996843,827.5028327996843,NA,NA,NA,NA,NA,NA,NA,019,001,2024-10-14_09h45.41.523,PsychoPy Exp,2023.1.2,59.88475775912357
Knowledge,FALSE,TB-K,D_NB,PsychoPyStudy2Stim/D_NB_3.png,Adam KNOWS there are TWO cubes,2,h,b,1,1,0,1,1,0,0,0,0,NB,PropFalse,0,134,134,272,NA,NA,NA,NA,NA,4.2139971628785e-4,827.5717002996244,827.9530078996904,828.0531941000372,830.0529648000374,830.4531339998357,830.5550916995853,830.5550916995853,b,1,5.746272600255907,836.3194168996997,836.3194168996997,836.3194168996997,836.3194168996997,NA,NA,NA,NA,NA,NA,NA,019,001,2024-10-14_09h45.41.523,PsychoPy Exp,2023.1.2,59.88475775912357
Knowledge,TRUE,TB-K-B,TD_B,PsychoPyStudy2Stim/TD_B_6.png,Adam KNOWS there is ONE cube,1,b,h,2,1,1,2,1,1,0,0,0,B,-,0,135,135,263,NA,NA,NA,NA,NA,0.00186930038034915,836.3969308999367,836.7696779998951,836.869570299983,838.8697969997302,839.2696322998963,839.3719132998958,839.3719132998958,h,1,3.920810000039637,843.3195850998163,843.3195850998163,843.3195850998163,843.3195850998163,NA,NA,NA,NA,NA,NA,NA,019,001,2024-10-14_09h45.41.523,PsychoPy Exp,2023.1.2,59.88475775912357
Reality,FALSE,TB-K,DD_NB,PsychoPyStudy2Stim/DD_NB_2.png,"In REALITY, there are TWO cubes",2,h,b,2,2,0,2,2,0,0,0,0,NB,PropFalse,0,136,136,61,NA,NA,NA,NA,NA,0.00106080016121268,843.4309094999917,843.8029151996598,843.90305499965325,845.9030501996167,846.3030925998464,846.405268299859,846.405268299859,b,1,0.7913287002593279,847.219425200019,847.219425200019,847.219425200019,847.219425200019,NA,NA,NA,NA,NA,NA,NA,019,001,2024-10-14_09h45.41.523,PsychoPy Exp,2023.1.2,59.88475775912357
Knowledge,TRUE,TB-K,T_NB,PsychoPyStudy2Stim/T_NB_2.png,Adam KNOWS there is ONE cube,1,b,h,1,0,1,1,0,1,0,0,0,NB,-,0,137,137,220,NA,NA,NA,NA,NA,3.8950005546212e-4,847.285475499928,847.6696155997925,847.7695395997725,849.7697544996627,850.1697375997901,850.2718430999666,850.2718430999666,h,1,1.3087130999192595,851.6027347999625,851.6027347999625,851.6027347999625,851.6027347999625,NA,NA,NA,NA,NA,NA,NA,019,001,2024-10-14_09h45.41.523,PsychoPy Exp,2023.1.2,59.88475775912357
Knowledge,TRUE,TB-K-B,TD_B,PsychoPyStudy2Stim/TD_B_10.png,Adam KNOWS there is ONE cube,1,b,h,2,1,1,2,1,1,0,0,0,B,-,0,138,138,267,NA,NA,NA,NA,NA,4.024002701044e-4,851.6821131999604,852.052956099622,852.15305499965325,854.1530353999697,854.5527915996499,854.6550620999187,854.6550620999187,h,1,0.7415324999019504,855.4193577999249,855.4193577999249,855.4193577999249,855.4193577999249,NA,NA,NA,NA,NA,NA,NA,019,001,2024-10-14_09h45.41.523,PsychoPy Exp,2023.1.2,59.88475775912357
Reality,TRUE,TB-K,D_NB,PsychoPyStudy2Stim/D_NB_3.png,"In REALITY, there are ZERO cubes",0,b,h,1,1,0,1,1,0,0,0,0,NB,-,0,139,139,2,NA,NA,NA,NA,NA,3.9830012246966e-4,855.4871286000125,855.8695618999191,855.9697559997439,857.9697283999994,858.3694630996324,858.4717810996808,858.4717810996808,h,1,0.7501977998763323,859.2526797996834,859.2526797996834,859.2526797996834,859.2526797996834,NA,NA,NA,NA,NA,NA,NA,019,001,2024-10-14_09h45.41.523,PsychoPy Exp,2023.1.2,59.88475775912357
Knowledge,FALSE,FB-Ig,T_B_T,PsychoPyStudy2Stim/T_B_T_4.png,Adam KNOWS there are TWO cubes,2,h,b,2,0,2,1,0,1,1,0,1,B,PropTrueNoKnowledge,0,140,140,309,NA,NA,NA,NA,NA,3.9070006459951e-4,859.3233198998496,859.7029095999897,859.8030841997825,861.8030427997,862.2030215999112,862.3049726998433,862.3049726998433,b,1,1.3321822001598775,863.6528908996843,863.6528908996843,863.6528908996843,863.6528908996843,NA,NA,NA,NA,NA,NA,NA,019,001,2024-10-14_09h45.41.523,PsychoPy Exp,2023.1.2,59.88475775912357
Belief,TRUE,FB-Ig,T_B_T,PsychoPyStudy2Stim/T_B_T_1.png,Adam THINKS there is ONE cube,1,b,h,2,0,2,1,0,1,1,0,1,B,-,0,141,141,146,NA,NA,NA,NA,NA,0.00195960002020001,863.7421741997823,864.1195689998567,864.2194684999995,866.2194939996116,866.6194365997799,866.7217713999562,866.7217713999562,b,0,0.6511287996545434,867.4028761996888,867.4028761996888,867.4028761996888,867.4028761996888,NA,NA,NA,NA,NA,NA,NA,019,001,2024-10-14_09h45.41.523,PsychoPy Exp,2023.1.2,59.88475775912357
Knowledge,TRUE,TB-K,T_NB,PsychoPyStudy2Stim/T_NB_1.png,Adam KNOWS there is ONE cube,1,b,h,1,0,1,1,0,1,0,0,0,NB,-,0,142,142,219,NA,NA,NA,NA,NA,0.00179270002990961,867.4940251996741,867.8695705998689,867.9696629997343,869.9695985997096,870.3696908997372,870.4718190999702,870.4718190999702,h,1,0.5979093001224101,871.0862345998175,871.0862345998175,871.0862345998175,871.0862345998175,NA,NA,NA,NA,NA,NA,NA,019,001,2024-10-14_09h45.41.523,PsychoPy Exp,2023.1.2,59.88475775912357
Reality,TRUE,TB-K,T_NB,PsychoPyStudy2Stim/T_NB_1.png,"In REALITY, there is ONE cube",1,b,h,1,0,1,1,0,1,0,0,0,NB,-,0,143,143,3,NA,NA,NA,NA,NA,0.00186700001358985,871.1770868999884,871.5526409000158,871.6530210999772,873.652985799592,874.0529657998122,874.1550664999522,874.1550664999522,h,1,1.0418026996776462,875.2195564997382,875.2195564997382,875.2195564997382,875.2195564997382,NA,NA,NA,NA,NA,NA,NA,019,001,2024-10-14_09h45.41.523,PsychoPy Exp,2023.1.2,59.88475775912357
Reality,FALSE,FB-Ig,T_B_T,PsychoPyStudy2Stim/T_B_T_1.png,"In REALITY, there is ONE cube",1,h,b,2,0,2,1,0,1,1,0,1,B,PropFalse,0,144,144,92,NA,NA,NA,NA,NA,0.00217870017513632,875.2891350998543,875.6694711996242,875.76962799998,877.7696591997519,878.1695665996522,878.2716710995883,878.2716710995883,b,1,0.853131199721247,879.1528582996689,879.1528582996689,879.1528582996689,879.1528582996689,NA,NA,NA,NA,NA,NA,NA,019,001,2024-10-14_09h45.41.523,PsychoPy Exp,2023.1.2,59.88475775912357
Knowledge,TRUE,TB-K-B,TT_B,PsychoPyStudy2Stim/TT_B_20.png,Adam KNOWS there are TWO cubes,2,b,h,2,0,2,2,0,2,0,0,0,B,-,0,145,145,253,NA,NA,NA,NA,NA,0.00178899988532066,879.2468393999152,879.6195080997422,879.7196275996976,881.7193578998558,882.1195488995872,882.2217351999134,882.2217351999134,h,1,0.902819000184536,883.1526289000176,883.1526289000176,883.1526289000176,883.1526289000176,NA,NA,NA,NA,NA,NA,NA,019,001,2024-10-14_09h45.41.523,PsychoPy Exp,2023.1.2,59.88475775912357
Knowledge,FALSE,FB-Ig,T_B_T,PsychoPyStudy2Stim/T_B_T_1.png,Adam KNOWS there are TWO cubes,2,h,b,2,0,2,1,0,1,1,0,1,B,PropTrueNoKnowledge,0,146,146,306,NA,NA,NA,NA,NA,5.0259986892342e-4,883.2199646998197,883.6028458997607,883.7028729999438,885.7028655996546,886.102809399832,886.2051082998514,886.2051082998514,h,0,0.8480973998084664,887.0695050996728,887.0695050996728,887.0695050996728,887.0695050996728,NA,NA,NA,NA,NA,NA,NA,019,001,2024-10-14_09h45.41.523,PsychoPy Exp,2023.1.2,59.88475775912357
Knowledge,FALSE,TB-Ig,D_B,PsychoPyStudy2Stim/D_B_2.png,Adam KNOWS there are ZERO cubes,0,h,b,1,1,0,1,1,0,0,0,0,B,PropTrueNoKnowledge,0,147,147,289,NA,NA,NA,NA,NA,0.00165250012651085,887.1413296996616,887.5194683000445,887.6193393999711,889.6195343998261,890.0196106997319,890.1217164997943,890.1217164997943,b,1,1.451112000271678,891.6024956996553,891.6024956996553,891.6024956996553,891.6024956996553,NA,NA,NA,NA,NA,NA,NA,019,001,2024-10-14_09h45.41.523,PsychoPy Exp,2023.1.2,59.88475775912357
Knowledge,TRUE,TB-K,DD_NB,PsychoPyStudy2Stim/DD_NB_3.png,Adam KNOWS there are ZERO cubes,0,b,h,2,2,0,2,2,0,0,0,0,NB,-,0,148,148,224,NA,NA,NA,NA,NA,0.00164979975670576,891.6732333996333,892.0527677997015,892.152914899867,894.1527093998156,894.5528416996822,894.6546886996366,894.6546886996366,h,1,6.869922600220889,901.5526514998636,901.5526514998636,901.5526514998636,901.5526514998636,NA,NA,NA,NA,NA,NA,NA,019,001,2024-10-14_09h45.41.523,PsychoPy Exp,2023.1.2,59.88475775912357
Belief,FALSE,TB-Ig,D_B,PsychoPyStudy2Stim/D_B_1.png,Adam THINKS there is ONE cube,1,h,b,1,1,0,1,1,0,0,0,0,B,PropFalse,0,149,149,180,NA,NA,NA,NA,NA,0.00114609999582171,901.639476499986,902.0194194000214,902.1195157999172,904.1194973997772,904.5192386000416,904.6216275999324,904.6216275999324,b,1,0.7271406999789178,905.3694066996686,905.3694066996686,905.3694066996686,905.3694066996686,NA,NA,NA,NA,NA,NA,NA,019,001,2024-10-14_09h45.41.523,PsychoPy Exp,2023.1.2,59.88475775912357
Knowledge,TRUE,TB-K-B,TT_B,PsychoPyStudy2Stim/TT_B_14.png,Adam KNOWS there are TWO cubes,2,b,h,2,0,2,2,0,2,0,0,0,B,-,0,150,150,247,NA,NA,NA,NA,NA,0.00168049987405538,905.48848079983145,905.869409199804,905.9695065999404,907.9695096998475,908.3694501998834,908.471354600042,908.471354600042,h,1,2.917442500125617,911.419416199904,911.419416199904,911.419416199904,911.419416199904,NA,NA,NA,NA,NA,NA,NA,019,001,2024-10-14_09h45.41.523,PsychoPy Exp,2023.1.2,59.88475775912357
Reality,FALSE,TB-K-B,DD_B,PsychoPyStudy2Stim/DD_B_13.png,"In REALITY, there are TWO cubes",2,h,b,2,2,0,2,2,0,0,0,0,B,PropFalse,0,151,151,80,NA,NA,NA,NA,NA,0.00167289981618523,911.5203791996464,911.9027747996151,912.0028463997878,914.0028611999004,914.4028064999728,914.5049184998496,914.5049184998496,b,1,1.0039245998486876,915.536064099986,915.536064099986,915.536064099986,915.536064099986,NA,NA,NA,NA,NA,NA,NA,019,001,2024-10-14_09h45.41.523,PsychoPy Exp,2023.1.2,59.88475775912357
Knowledge,FALSE,FB-Ig,T_B_T,PsychoPyStudy2Stim/T_B_T_6.png,Adam KNOWS there are TWO cubes,2,h,b,2,0,2,1,0,1,1,0,1,B,PropTrueNoKnowledge,0,152,152,311,NA,NA,NA,NA,NA,0.00167550006881356,915.6248069996946,916.0027009998448,916.102848299779,918.1028714999557,918.502896099817,918.604923499748,918.604923499748,b,1,4.88062039995566,923.5027435999364,923.5027435999364,923.5027435999364,923.5027435999364,NA,NA,NA,NA,NA,NA,NA,019,001,2024-10-14_09h45.41.523,PsychoPy Exp,2023.1.2,59.88475775912357
Belief,TRUE,FB-Ig,T_B_T,PsychoPyStudy2Stim/T_B_T_3.png,Adam THINKS there is ONE cube,1,b,h,2,0,2,1,0,1,1,0,1,B,-,0,153,153,154,NA,NA,NA,NA,NA,0.00170930009335279,923.5942772999406,923.969322899822,924.0692777000368,926.069402099587,926.4694507997484,926.5715521997772,926.5715521997772,h,1,7.592851399909705,934.1858475999908,934.1858475999908,934.1858475999908,934.1858475999908,NA,NA,NA,NA,NA,NA,NA,019,001,2024-10-14_09h45.41.523,PsychoPy Exp,2023.1.2,59.88475775912357
Reality,FALSE,FB-Ig,T_B_T,PsychoPyStudy2Stim/T_B_T_5.png,"In REALITY, there is ONE cube",1,h,b,2,0,2,1,0,1,1,0,1,B,PropFalse,0,154,154,102,NA,NA,NA,NA,NA,0.00113940006121993,934.277355399914,934.6525753997266,934.7527234996668,936.7525154999456,937.1527185998856,937.2545198998414,937.2545198998414,b,1,5.36701579997316,942.6524189999328,942.6524189999328,942.6524189999328,942.6524189999328,NA,NA,NA,NA,NA,NA,NA,019,001,2024-10-14_09h45.41.523,PsychoPy Exp,2023.1.2,59.88475775912357
Knowledge,FALSE,TB-K,TT_NB,PsychoPyStudy2Stim/TT_NB_2.png,Adam KNOWS there are ZERO cubes,0,h,b,2,0,2,2,0,2,0,0,0,NB,PropFalse,0,155,155,283,NA,NA,NA,NA,NA,5.5270036682486e-4,942.7316014999524,943.102626899723,943.2026996999048,945.2027010996826,945.6027347999624,945.7048243996688,945.7048243996688,b,1,2.0357889998704195,947.769323699642,947.769323699642,947.769323699642,947.769323699642,NA,NA,NA,NA,NA,NA,NA,019,001,2024-10-14_09h45.41.523,PsychoPy Exp,2023.1.2,59.88475775912357
Reality,FALSE,TB-K-B,TD_B,PsychoPyStudy2Stim/TD_B_5.png,"In REALITY, there are ZERO cubes",0,h,b,2,1,1,2,1,1,0,0,0,B,PropFalse,0,156,156,88,NA,NA,NA,NA,NA,0.00183139974251389,947.8612479995936,948.23590159975,948.3358424999752,950.3357882997952,950.7359428997152,950.838068400044,950.838068400044,b,1,1.0472806999459865,951.9023257996888,951.9023257996888,951.9023257996888,951.9023257996888,NA,NA,NA,NA,NA,NA,NA,019,001,2024-10-14_09h45.41.523,PsychoPy Exp,2023.1.2,59.88475775912357
Reality,TRUE,TB-K,DD_NB,PsychoPyStudy2Stim/DD_NB_3.png,"In REALITY, there are ZERO cubes",0,b,h,2,2,0,2,2,0,0,0,0,NB,-,0,157,157,8,NA,NA,NA,NA,NA,0.00189319998025894,951.9654421997255,952.3357090996578,952.4359504999592,954.4359895996748,954.8358566998504,954.937897299882,954.937897299882,h,1,1.3709623999893663,956.3356337998994,956.3356337998994,956.3356337998994,956.3356337998994,NA,NA,NA,NA,NA,NA,NA,019,001,2024-10-14_09h45.41.523,PsychoPy Exp,2023.1.2,59.88475775912357
Reality,FALSE,FB-Ig,D_B_T,PsychoPyStudy2Stim/D_B_T_2.png,"In REALITY, there are ZERO cubes",0,h,b,2,1,1,1,1,0,1,0,1,B,PropFalse,0,158,158,105,NA,NA,NA,NA,NA,4.6310015022754e-4,956.400832399726,956.7858455996028,956.8859973000364,958.8860213998704,959.2858968996444,959.3880033995956,959.3880033995956,b,1,0.7445671004243195,960.152564899996,960.152564899996,960.152564899996,960.152564899996,NA,NA,NA,NA,NA,NA,NA,019,001,2024-10-14_09h45.41.523,PsychoPy Exp,2023.1.2,59.88475775912357
Knowledge,TRUE,TB-K-B,DD_B,PsychoPyStudy2Stim/DD_B_9.png,Adam KNOWS there are ZERO cubes,0,b,h,2,2,0,2,2,0,0,0,0,B,-,0,159,159,242,NA,NA,NA,NA,NA,0.00192660000175237,960.2433603997342,960.6192365000024,960.7193475998938,962.7193549997172,963.119097799994,963.2214457998052,963.2214457998052,h,1,0.9348202999681234,964.1857559997588,964.1857559997588,964.1857559997588,964.1857559997588,NA,NA,NA,NA,NA,NA,NA,019,001,2024-10-14_09h45.41.523,PsychoPy Exp,2023.1.2,59.88475775912357
Belief,TRUE,TB-K-B,TT_B,PsychoPyStudy2Stim/TT_B_9.png,Adam THINKS there are TWO cubes,2,b,h,2,0,2,2,0,2,0,0,0,B,-,0,160,160,142,NA,NA,NA,NA,NA,0.00121939973905682,964.2814265997148,964.6525047998877,964.7526114997454,966.7524282997474,967.1525535997936,967.2546912999824,967.2546912999824,b,0,0.6297921999357641,967.9023050996476,967.9023050996476,967.9023050996476,967.9023050996476,NA,NA,NA,NA,NA,NA,NA,019,001,2024-10-14_09h45.41.523,PsychoPy Exp,2023.1.2,59.88475775912357
Reality,TRUE,TB-K,TT_NB,PsychoPyStudy2Stim/TT_NB_5.png,"In REALITY, there are TWO cubes",2,b,h,2,0,2,2,0,2,0,0,0,NB,-,0,161,161,16,NA,NA,NA,NA,NA,6.3539994880557e-4,967.9819897999988,968.3524731998332,968.4526342996396,970.4526126999408,970.8526115999556,970.9546574996784,970.9546574996784,h,1,1.1698737000115216,972.1638000998646,NA,972.1638000998646,NA,space,82.85652479995042,NA,NA,NA,NA,NA,019,001,2024-10-14_09h45.41.523,PsychoPy Exp,2023.1.2,59.88475775912357
Reality,TRUE,FB-Ig,T_B_T,PsychoPyStudy2Stim/T_B_T_6.png,"In REALITY, there are TWO cubes",2,b,h,2,0,2,1,0,1,1,0,1,B,-,0,162,162,43,NA,NA,NA,NA,NA,0.00202770018950104,1055.1198668000288,1055.5021579996685,1055.6022828998975,1057.6022939998657,1058.0022812997922,1058.1041251998397,1058.1041251998397,h,1,1.2759255999699235,1059.4021260999143,1059.4021260999143,1059.4021260999143,1059.4021260999143,NA,NA,NA,NA,NA,NA,NA,019,001,2024-10-14_09h45.41.523,PsychoPy Exp,2023.1.2,59.88475775912357
Reality,FALSE,TB-K,TT_NB,PsychoPyStudy2Stim/TT_NB_6.png,"In REALITY, there is ONE cube",1,h,b,2,0,2,2,0,2,0,0,0,NB,PropFalse,0,163,163,71,NA,NA,NA,NA,NA,0.00176770007237792,1059.4880319000222,1059.868818399962,1059.968936499674,1061.9687236999162,1062.3688525999896,1062.470932399854,1062.470932399854,b,1,0.6692924997769296,1063.168837599922,1063.168837599922,1063.168837599922,1063.168837599922,NA,NA,NA,NA,NA,NA,NA,019,001,2024-10-14_09h45.41.523,PsychoPy Exp,2023.1.2,59.88475775912357
Reality,FALSE,TB-K-B,TD_B,PsychoPyStudy2Stim/TD_B_2.png,"In REALITY, there are ZERO cubes",0,h,b,2,1,1,2,1,1,0,0,0,B,PropFalse,0,164,164,85,NA,NA,NA,NA,NA,0.00172419985756278,1063.261384599842,1063.635505499784,1063.735610899981,1065.7353431000374,1066.135594399646,1066.2376894997433,1066.2376894997433,b,1,0.8701761998236179,1067.1352454000153,1067.1352454000153,1067.1352454000153,1067.1352454000153,NA,NA,NA,NA,NA,NA,NA,019,001,2024-10-14_09h45.41.523,PsychoPy Exp,2023.1.2,59.88475775912357
Reality,FALSE,FB-Ig,D_B_T,PsychoPyStudy2Stim/D_B_T_1.png,"In REALITY, there are ZERO cubes",0,h,b,2,1,1,1,1,0,1,0,1,B,PropFalse,0,165,165,104,NA,NA,NA,NA,NA,4.7410000115633e-4,1067.2061534998938,1067.585459899623,1067.6856138999574,1069.6853149998933,1070.085622599814,1070.1876616999507,1070.1876616999507,b,1,0.7685597999952734,1070.9852112997323,1070.9852112997323,1070.9852112997323,1070.9852112997323,NA,NA,NA,NA,NA,NA,NA,019,001,2024-10-14_09h45.41.523,PsychoPy Exp,2023.1.2,59.88475775912357
Knowledge,TRUE,TB-K-B,TT_B,PsychoPyStudy2Stim/TT_B_17.png,Adam KNOWS there are TWO cubes,2,b,h,2,0,2,2,0,2,0,0,0,B,-,0,166,166,250,NA,NA,NA,NA,NA,0.00176200037822127,1071.0658053997904,1071.435556399636,1071.5353130996227,1073.5353673999198,1073.935383199714,1074.037658599671,1074.037658599671,h,1,1.3025281000882387,1075.368879799731,1075.368879799731,1075.368879799731,1075.368879799731,NA,NA,NA,NA,NA,NA,NA,019,001,2024-10-14_09h45.41.523,PsychoPy Exp,2023.1.2,59.88475775912357
Knowledge,TRUE,TB-K-B,DD_B,PsychoPyStudy2Stim/DD_B_11.png,Adam KNOWS there are ZERO cubes,0,b,h,2,2,0,2,2,0,0,0,0,B,-,0,167,167,244,NA,NA,NA,NA,NA,0.00190060026943683,1075.470391599927,1075.8520901999436,1075.9522266997956,1077.9522925997153,1078.3520720996894,1078.4544333997185,1078.4544333997185,h,1,0.9016729998402296,1079.3851771997288,1079.3851771997288,1079.3851771997288,1079.3851771997288,NA,NA,NA,NA,NA,NA,NA,019,001,2024-10-14_09h45.41.523,PsychoPy Exp,2023.1.2,59.88475775912357
Belief,FALSE,TB-K-B,TT_B,PsychoPyStudy2Stim/TT_B_8.png,Adam THINKS there are ZERO cubes,0,h,b,2,0,2,2,0,2,0,0,0,B,PropFalse,0,168,168,195,NA,NA,NA,NA,NA,0.00193120026960968,1079.4590328000486,1079.8354154997503,1079.9355135997755,1081.9352944996208,1082.3352987999097,1082.4376031998545,1082.4376031998545,b,1,0.9101645001210272,1083.3685058997944,1083.3685058997944,1083.3685058997944,1083.3685058997944,NA,NA,NA,NA,NA,NA,NA,019,001,2024-10-14_09h45.41.523,PsychoPy Exp,2023.1.2,59.88475775912357
Knowledge,FALSE,FB-Ig,D_B_T,PsychoPyStudy2Stim/D_B_T_3.png,Adam KNOWS there are ZERO cubes,0,h,b,2,1,1,1,1,0,1,0,1,B,PropFalse,0,169,169,323,NA,NA,NA,NA,NA,5.7099992409348e-4,1083.4408729998397,1083.8186634997835,1083.9188323998824,1085.918813899625,1086.3190065999515,1086.420948700048,1086.420948700048,b,1,1.8068533996120095,1088.2519027995877,1088.2519027995877,1088.2519027995877,1088.2519027995877,NA,NA,NA,NA,NA,NA,NA,019,001,2024-10-14_09h45.41.523,PsychoPy Exp,2023.1.2,59.88475775912357
Knowledge,FALSE,FB-Ig,T_B_T,PsychoPyStudy2Stim/T_B_T_5.png,Adam KNOWS there are TWO cubes,2,h,b,2,0,2,1,0,1,1,0,1,B,PropTrueNoKnowledge,0,170,170,316,NA,NA,NA,NA,NA,6.0060014948248e-4,1088.3367745997384,1088.7187284999527,1088.8186564999633,1090.8189140995964,1091.2187443999574,1091.320825999603,1091.320825999603,b,1,1.915116199757904,1093.251864799764,1093.251864799764,1093.251864799764,1093.251864799764,NA,NA,NA,NA,NA,NA,NA,019,001,2024-10-14_09h45.41.523,PsychoPy Exp,2023.1.2,59.88475775912357
Belief,FALSE,TB-K,TT_NB,PsychoPyStudy2Stim/TT_NB_6.png,Adam THINKS there is ONE cube,1,h,b,2,0,2,2,0,2,0,0,0,NB,PropFalse,0,171,171,179,NA,NA,NA,NA,NA,8.2449987530708e-4,1093.326080800034,1093.7020234996453,1093.8021487998776,1095.8019205997698,1096.2020609998144,1096.3039211998694,1096.3039211998694,b,1,0.7647615000605583,1097.0853516999632,1097.0853516999632,1097.0853516999632,1097.0853516999632,NA,NA,NA,NA,NA,NA,NA,019,001,2024-10-14_09h45.41.523,PsychoPy Exp,2023.1.2,59.88475775912357
Reality,FALSE,TB-K,TT_NB,PsychoPyStudy2Stim/TT_NB_5.png,"In REALITY, there is ONE cube",1,h,b,2,0,2,2,0,2,0,0,0,NB,PropFalse,0,172,172,70,NA,NA,NA,NA,NA,0.00217689992859959,1097.1618424998596,1097.5353477997703,1097.6355018997565,1099.6353214997798,1100.035444600042,1100.1375812999904,1100.1375812999904,b,1,1.1061933003365991,1101.2685042000376,1101.2685042000376,1101.2685042000376,1101.2685042000376,NA,NA,NA,NA,NA,NA,NA,019,001,2024-10-14_09h45.41.523,PsychoPy Exp,2023.1.2,59.88475775912357
Belief,TRUE,TB-Ig,D_B_D,PsychoPyStudy2Stim/D_B_D_2.png,Adam THINKS there are ZERO cubes,0,b,h,2,2,0,1,1,0,1,1,0,B,-,0,173,173,131,NA,NA,NA,NA,NA,9.7450008615851e-4,1101.355391100049,1101.735302099958,1101.8352764998565,1103.8352294997312,1104.2354742996397,1104.337280899752,1104.337280899752,h,1,8.954796399921179,1113.3186614997685,1113.3186614997685,1113.3186614997685,1113.3186614997685,NA,NA,NA,NA,NA,NA,NA,019,001,2024-10-14_09h45.41.523,PsychoPy Exp,2023.1.2,59.88475775912357
Belief,FALSE,TB-K,TT_NB,PsychoPyStudy2Stim/TT_NB_4.png,Adam THINKS there is ONE cube,1,h,b,2,0,2,2,0,2,0,0,0,NB,PropFalse,0,174,174,177,NA,NA,NA,NA,NA,0.00190520007163286,1113.4045417997986,1113.7852507997304,1113.8851537997834,1115.8854034999383,1116.2854424999095,1116.3874309998937,1116.3874309998937,b,1,1.3762464001774788,1117.7850881996565,1117.7850881996565,1117.7850881996565,1117.7850881996565,NA,NA,NA,NA,NA,NA,NA,019,001,2024-10-14_09h45.41.523,PsychoPy Exp,2023.1.2,59.88475775912357
Reality,TRUE,FB-Ig,T_B_T,PsychoPyStudy2Stim/T_B_T_5.png,"In REALITY, there are TWO cubes",2,b,h,2,0,2,1,0,1,1,0,1,B,-,0,175,175,48,NA,NA,NA,NA,NA,5.8049988001585e-4,1117.8738432996906,1118.2519016000442,1118.3520406000316,1120.3520876998082,1120.7519421996549,1120.8541095997207,1120.8541095997207,h,1,1.6379176997579634,1122.5183500000276,1122.5183500000276,1122.5183500000276,1122.5183500000276,NA,NA,NA,NA,NA,NA,NA,019,001,2024-10-14_09h45.41.523,PsychoPy Exp,2023.1.2,59.88475775912357
Belief,TRUE,FB-Ig,T_B_T,PsychoPyStudy2Stim/T_B_T_5.png,Adam THINKS there is ONE cube,1,b,h,2,0,2,1,0,1,1,0,1,B,-,0,176,176,150,NA,NA,NA,NA,NA,0.00193759985268116,1122.5905223996378,1122.9685573996976,1123.068675399758,1125.0686781997792,1125.4685647999868,1125.5705150999129,1125.5705150999129,h,1,2.585142200347036,1128.1851148996502,1128.1851148996502,1128.1851148996502,1128.1851148996502,NA,NA,NA,NA,NA,NA,NA,019,001,2024-10-14_09h45.41.523,PsychoPy Exp,2023.1.2,59.88475775912357
Belief,TRUE,TB-K,DD_NB,PsychoPyStudy2Stim/DD_NB_2.png,Adam THINKS there are ZERO cubes,0,b,h,2,2,0,2,2,0,0,0,0,NB,-,0,177,177,115,NA,NA,NA,NA,NA,7.0959981530904e-4,1128.2688479996286,1128.6519375997595,1128.7520054997876,1130.7520148996264,1131.1517248996531,1131.2539919996634,1131.2539919996634,h,1,1.7662277999334035,1133.051660599653,1133.051660599653,1133.051660599653,1133.051660599653,NA,NA,NA,NA,NA,NA,NA,019,001,2024-10-14_09h45.41.523,PsychoPy Exp,2023.1.2,59.88475775912357
Reality,TRUE,TB-K-B,TD_B,PsychoPyStudy2Stim/TD_B_9.png,"In REALITY, there is ONE cube",1,b,h,2,1,1,2,1,1,0,0,0,B,-,0,178,178,37,NA,NA,NA,NA,NA,0.00180959980934858,1133.1248921998776,1133.5019244998691,1133.602008999791,1135.6019706996158,1136.001915199682,1136.1038096998818,1136.1038096998818,h,1,1.348573099821806,1137.4685621997342,1137.4685621997342,1137.4685621997342,1137.4685621997342,NA,NA,NA,NA,NA,NA,NA,019,001,2024-10-14_09h45.41.523,PsychoPy Exp,2023.1.2,59.88475775912357
Belief,FALSE,TB-K,TT_NB,PsychoPyStudy2Stim/TT_NB_2.png,Adam THINKS there are ZERO cubes,0,h,b,2,0,2,2,0,2,0,0,0,NB,PropFalse,0,179,179,175,NA,NA,NA,NA,NA,0.00203990004956722,1137.547901299782,1137.9186317999847,1138.018710299861,1140.0186184998602,1140.418575800024,1140.5205399999395,1140.5205399999395,b,1,0.7393952999264002,1141.2852737000212,1141.2852737000212,1141.2852737000212,1141.2852737000212,NA,NA,NA,NA,NA,NA,NA,019,001,2024-10-14_09h45.41.523,PsychoPy Exp,2023.1.2,59.88475775912357
Knowledge,TRUE,TB-K-B,DD_B,PsychoPyStudy2Stim/DD_B_7.png,Adam KNOWS there are ZERO cubes,0,b,h,2,2,0,2,2,0,0,0,0,B,-,0,180,180,240,NA,NA,NA,NA,NA,0.00192349962890148,1141.3830772000365,1141.7685314998962,1141.8686525998637,1143.8683280996047,1144.2686548996717,1144.370702699758,1144.370702699758,h,1,0.944849300198257,1145.3349242997356,1145.3349242997356,1145.3349242997356,1145.3349242997356,NA,NA,NA,NA,NA,NA,NA,019,001,2024-10-14_09h45.41.523,PsychoPy Exp,2023.1.2,59.88475775912357
Reality,FALSE,TB-K-B,DD_B,PsychoPyStudy2Stim/DD_B_15.png,"In REALITY, there are TWO cubes",2,h,b,2,2,0,2,2,0,0,0,0,B,PropFalse,0,181,181,82,NA,NA,NA,NA,NA,5.4290005937218e-4,1145.4173500998877,1145.8018726999871,1145.901991899591,1147.9019513996318,1148.3019336997531,1148.4039981998503,1148.4039981998503,b,1,0.8235034998506308,1149.25157209998,1149.25157209998,1149.25157209998,1149.25157209998,NA,NA,NA,NA,NA,NA,NA,019,001,2024-10-14_09h45.41.523,PsychoPy Exp,2023.1.2,59.88475775912357
Knowledge,FALSE,TB-Ig,D_B_D,PsychoPyStudy2Stim/D_B_D_2.png,Adam KNOWS there are ZERO cubes,0,h,b,2,2,0,1,1,0,1,1,0,B,PropTrueNoKnowledge,0,182,182,293,NA,NA,NA,NA,NA,4.1989982128143e-4,1149.3216061997227,1149.7018315996977,1149.801971799694,1151.801729499828,1152.201951999683,1152.304054799955,1152.304054799955,b,1,0.9641110999509692,1153.284934599884,1153.284934599884,1153.284934599884,1153.284934599884,NA,NA,NA,NA,NA,NA,NA,019,001,2024-10-14_09h45.41.523,PsychoPy Exp,2023.1.2,59.88475775912357
Reality,TRUE,TB-K,TD_NB,PsychoPyStudy2Stim/TD_NB_3.png,"In REALITY, there is ONE cube",1,b,h,2,1,1,2,1,1,0,0,0,NB,-,0,183,183,11,NA,NA,NA,NA,NA,5.6009972468018e-4,1153.3617666997015,1153.7351388996467,1153.8352882997133,1155.8349941000342,1156.235224199947,1156.3373982999474,1156.3373982999474,h,1,0.78645099978894,1157.151831299998,1157.151831299998,1157.151831299998,1157.151831299998,NA,NA,NA,NA,NA,NA,NA,019,001,2024-10-14_09h45.41.523,PsychoPy Exp,2023.1.2,59.88475775912357
Belief,TRUE,TB-K,TD_NB,PsychoPyStudy2Stim/TD_NB_3.png,Adam THINKS there is ONE cube,1,b,h,2,1,1,2,1,1,0,0,0,NB,-,0,184,184,119,NA,NA,NA,NA,NA,0.00194270024076104,1157.2362534999847,1157.6184510998428,1157.718562899623,1159.7184748998843,1160.1185409999453,1160.2206816999242,1160.2206816999242,b,0,1.4391246000304818,1161.6851797997952,1161.6851797997952,1161.6851797997952,1161.6851797997952,NA,NA,NA,NA,NA,NA,NA,019,001,2024-10-14_09h45.41.523,PsychoPy Exp,2023.1.2,59.88475775912357
Reality,TRUE,FB-Ig,T_B_T,PsychoPyStudy2Stim/T_B_T_3.png,"In REALITY, there are TWO cubes",2,b,h,2,0,2,1,0,1,1,0,1,B,-,0,185,185,46,NA,NA,NA,NA,NA,0.00181849999353289,1161.7763557997532,1162.1517273997888,1162.2519322000444,1164.2516820998862,1164.6517922999335,1164.7537976000458,1164.7537976000458,h,1,2.6576108001172543,1167.4347668997943,1167.4347668997943,1167.4347668997943,1167.4347668997943,NA,NA,NA,NA,NA,NA,NA,019,001,2024-10-14_09h45.41.523,PsychoPy Exp,2023.1.2,59.88475775912357
Knowledge,TRUE,TB-K,D_NB,PsychoPyStudy2Stim/D_NB_3.png,Adam KNOWS there are ZERO cubes,0,b,h,1,1,0,1,1,0,0,0,0,NB,-,0,186,186,218,NA,NA,NA,NA,NA,5.5020023137331e-4,1167.510093699675,1167.8850316996686,1167.9849608000368,1169.9850081996992,1170.3852087999694,1170.4873135997914,1170.4873135997914,h,1,2.0925229997374117,1172.601826999802,1172.601826999802,1172.601826999802,1172.601826999802,NA,NA,NA,NA,NA,NA,NA,019,001,2024-10-14_09h45.41.523,PsychoPy Exp,2023.1.2,59.88475775912357
Knowledge,TRUE,TB-K,T_NB,PsychoPyStudy2Stim/T_NB_3.png,Adam KNOWS there is ONE cube,1,b,h,1,0,1,1,0,1,0,0,0,NB,-,0,187,187,221,NA,NA,NA,NA,NA,0.00169799989089369,1172.6919811000116,1173.068399099633,1173.1682742997073,1175.1685458999127,1175.5684697995894,1175.670346699655,1175.670346699655,h,1,1.4212738000787797,1177.1181875998154,1177.1181875998154,1177.1181875998154,1177.1181875998154,NA,NA,NA,NA,NA,NA,NA,019,001,2024-10-14_09h45.41.523,PsychoPy Exp,2023.1.2,59.88475775912357
Reality,FALSE,TB-Ig,D_B_D,PsychoPyStudy2Stim/D_B_D_1.png,"In REALITY, there are TWO cubes",2,h,b,2,2,0,1,1,0,1,1,0,B,PropFalse,0,188,188,76,NA,NA,NA,NA,NA,4.2419973760843e-4,1177.1963512999937,1177.5683863000013,1177.6683043995872,1179.6685055997225,1180.0683803996071,1180.170506299939,1180.170506299939,b,1,0.833540600258857,1181.0351334000006,1181.0351334000006,1181.0351334000006,1181.0351334000006,NA,NA,NA,NA,NA,NA,NA,019,001,2024-10-14_09h45.41.523,PsychoPy Exp,2023.1.2,59.88475775912357
Belief,FALSE,FB-Ig,T_B_T,PsychoPyStudy2Stim/T_B_T_1.png,Adam THINKS there are TWO cubes,2,h,b,2,0,2,1,0,1,1,0,1,B,PropTrueNoBelief,0,189,189,206,NA,NA,NA,NA,NA,0.00171100022271275,1181.135325899813,1181.5183478998952,1181.6182850999758,1183.618451999966,1184.0183750996366,1184.120500399731,1184.120500399731,b,1,1.0354293002747,1185.1847639996558,1185.1847639996558,1185.1847639996558,1185.1847639996558,NA,NA,NA,NA,NA,NA,NA,019,001,2024-10-14_09h45.41.523,PsychoPy Exp,2023.1.2,59.88475775912357
Knowledge,TRUE,TB-K,TD_NB,PsychoPyStudy2Stim/TD_NB_2.png,Adam KNOWS there is ONE cube,1,b,h,2,1,1,2,1,1,0,0,0,NB,-,0,190,190,226,NA,NA,NA,NA,NA,4.3539982289075e-4,1185.2569222999737,1185.635027799755,1185.735132899601,1187.734877699986,1188.1351015996188,1188.2369785998017,1188.2369785998017,h,1,0.8788498998619616,1189.1347075998783,1189.1347075998783,1189.1347075998783,1189.1347075998783,NA,NA,NA,NA,NA,NA,NA,019,001,2024-10-14_09h45.41.523,PsychoPy Exp,2023.1.2,59.88475775912357
Belief,FALSE,TB-Ig,D_B_D,PsychoPyStudy2Stim/D_B_D_4.png,Adam THINKS there is ONE cube,1,h,b,2,2,0,1,1,0,1,1,0,B,PropFalse,0,191,191,187,NA,NA,NA,NA,NA,0.00167779996991157,1189.203860399779,1189.5849611996673,1189.6849223999309,1191.6850867997855,1192.0847892998718,1192.1871411995962,1192.1871411995962,b,1,1.040255299769342,1193.2514885999262,1193.2514885999262,1193.2514885999262,1193.2514885999262,NA,NA,NA,NA,NA,NA,NA,019,001,2024-10-14_09h45.41.523,PsychoPy Exp,2023.1.2,59.88475775912357
Belief,FALSE,TB-K-B,TT_B,PsychoPyStudy2Stim/TT_B_5.png,Adam THINKS there are ZERO cubes,0,h,b,2,0,2,2,0,2,0,0,0,B,PropFalse,0,192,192,192,NA,NA,NA,NA,NA,6.0500018298625e-4,1193.3442850997671,1193.7183169997295,1193.8184266998433,1195.818222799804,1196.2184209995903,1196.3203610996716,1196.3203610996716,b,1,0.9553589001297952,1197.3016503998078,1197.3016503998078,1197.3016503998078,1197.3016503998078,NA,NA,NA,NA,NA,NA,NA,019,001,2024-10-14_09h45.41.523,PsychoPy Exp,2023.1.2,59.88475775912357
Knowledge,TRUE,TB-K-B,TT_B,PsychoPyStudy2Stim/TT_B_15.png,Adam KNOWS there are TWO cubes,2,b,h,2,0,2,2,0,2,0,0,0,B,-,0,193,193,248,NA,NA,NA,NA,NA,0.00170759996399283,1197.386424199678,1197.7683031000197,1197.8684393996373,1199.868300399743,1200.2684100000188,1200.3705128999427,1200.3705128999427,h,1,1.2498878999613223,1201.6514042997733,1201.6514042997733,1201.6514042997733,1201.6514042997733,NA,NA,NA,NA,NA,NA,NA,019,001,2024-10-14_09h45.41.523,PsychoPy Exp,2023.1.2,59.88475775912357
Reality,TRUE,TB-K,T_NB,PsychoPyStudy2Stim/T_NB_3.png,"In REALITY, there is ONE cube",1,b,h,1,0,1,1,0,1,0,0,0,NB,-,0,194,194,5,NA,NA,NA,NA,NA,0.00149119971320033,1201.7175333998166,1202.101602499839,1202.201741699595,1204.2016856996345,1204.6015124996193,1204.7038173996843,1204.7038173996843,h,1,1.2599085997790098,1205.9850009996444,1205.9850009996444,1205.9850009996444,1205.9850009996444,NA,NA,NA,NA,NA,NA,NA,019,001,2024-10-14_09h45.41.523,PsychoPy Exp,2023.1.2,59.88475775912357
Reality,FALSE,TB-K,TT_NB,PsychoPyStudy2Stim/TT_NB_1.png,"In REALITY, there are ZERO cubes",0,h,b,2,0,2,2,0,2,0,0,0,NB,PropFalse,0,195,195,66,NA,NA,NA,NA,NA,0.0016920999623835,1206.0687384996563,1206.4515919997357,1206.551719599869,1208.5516884997487,1208.9515770999717,1209.053609199822,1209.053609199822,b,1,0.9178267000243068,1210.0015510995872,1210.0015510995872,1210.0015510995872,1210.0015510995872,NA,NA,NA,NA,NA,NA,NA,019,001,2024-10-14_09h45.41.523,PsychoPy Exp,2023.1.2,59.88475775912357
Knowledge,FALSE,TB-Ig,D_B,PsychoPyStudy2Stim/D_B_3.png,Adam KNOWS there are ZERO cubes,0,h,b,1,1,0,1,1,0,0,0,0,B,PropTrueNoKnowledge,0,196,196,290,NA,NA,NA,NA,NA,0.00152259971946477,1210.1174269998446,1210.5015658997,1210.6017728997394,1212.6014617998153,1213.0015619997866,1213.1037793997675,1213.1037793997675,b,1,4.980448899790645,1218.1015939000065,1218.1015939000065,1218.1015939000065,1218.1015939000065,NA,NA,NA,NA,NA,NA,NA,019,001,2024-10-14_09h45.41.523,PsychoPy Exp,2023.1.2,59.88475775912357
Belief,FALSE,TB-K-B,TT_B,PsychoPyStudy2Stim/TT_B_12.png,Adam THINKS there are ZERO cubes,0,h,b,2,0,2,2,0,2,0,0,0,B,PropFalse,0,197,197,199,NA,NA,NA,NA,NA,0.00165709992870688,1218.1898146998135,1218.5682198996656,1218.6681057997048,1220.6683412999846,1221.0683531998657,1221.1704323999584,1221.1704323999584,b,1,0.9292000997811556,1222.1181601998396,1222.1181601998396,1222.1181601998396,1222.1181601998396,NA,NA,NA,NA,NA,NA,NA,019,001,2024-10-14_09h45.41.523,PsychoPy Exp,2023.1.2,59.88475775912357
Reality,FALSE,FB-Ig,D_B_T,PsychoPyStudy2Stim/D_B_T_3.png,"In REALITY, there are ZERO cubes",0,h,b,2,1,1,1,1,0,1,0,1,B,PropFalse,0,198,198,106,NA,NA,NA,NA,NA,0.00152729963883757,1222.206909599714,1222.5848300997168,1222.685060699936,1224.6847540996969,1225.084930199664,1225.1871412997134,1225.1871412997134,b,1,2.2244537002407014,1227.434886700008,1227.434886700008,1227.434886700008,1227.434886700008,NA,NA,NA,NA,NA,NA,NA,019,001,2024-10-14_09h45.41.523,PsychoPy Exp,2023.1.2,59.88475775912357
Belief,TRUE,FB-Ig,D_B_T,PsychoPyStudy2Stim/D_B_T_3.png,Adam THINKS there are ZERO cubes,0,b,h,2,1,1,1,1,0,1,0,1,B,-,0,199,199,160,NA,NA,NA,NA,NA,0.00170239992439746,1227.532572099939,1227.9182475996204,1228.0182936997153,1230.018317699898,1230.4181982995942,1230.5203852998093,1230.5203852998093,h,1,1.6911280998028817,1232.2346896999516,1232.2346896999516,1232.2346896999516,1232.2346896999516,NA,NA,NA,NA,NA,NA,NA,019,001,2024-10-14_09h45.41.523,PsychoPy Exp,2023.1.2,59.88475775912357
Reality,FALSE,TB-K,T_NB,PsychoPyStudy2Stim/T_NB_1.png,"In REALITY, there are ZERO cubes",0,h,b,1,0,1,1,0,1,0,0,0,NB,PropFalse,0,200,200,57,NA,NA,NA,NA,NA,0.00169879989698529,1232.3089708997868,1232.6846463996917,1232.7849996997977,1234.7847266998142,1235.184831199702,1235.2870477996769,1235.2870477996769,b,1,1.324339899700135,1236.6348260999655,1236.6348260999655,1236.6348260999655,1236.6348260999655,NA,NA,NA,NA,NA,NA,NA,019,001,2024-10-14_09h45.41.523,PsychoPy Exp,2023.1.2,59.88475775912357
Belief,FALSE,TB-K,TD_NB,PsychoPyStudy2Stim/TD_NB_1.png,Adam THINKS there are ZERO cubes,0,h,b,2,1,1,2,1,1,0,0,0,NB,PropFalse,0,201,201,171,NA,NA,NA,NA,NA,0.00168560026213526,1236.7212367998436,1237.101498699747,1237.201439099852,1239.2015828997828,1239.601604599971,1239.7037323997356,1239.7037323997356,b,1,2.4917844999581575,1242.2181857000105,1242.2181857000105,1242.2181857000105,1242.2181857000105,NA,NA,NA,NA,NA,NA,NA,019,001,2024-10-14_09h45.41.523,PsychoPy Exp,2023.1.2,59.88475775912357
Belief,TRUE,FB-Ig,T_B_T,PsychoPyStudy2Stim/T_B_T_2.png,Adam THINKS there is ONE cube,1,b,h,2,0,2,1,0,1,1,0,1,B,-,0,202,202,147,NA,NA,NA,NA,NA,0.00168249988928437,1242.3265308998523,1242.701476200018,1242.801553899888,1244.801312299911,1245.2015684996732,1245.3037514998578,1245.3037514998578,h,1,0.8677739999257028,1246.2012269999832,1246.2012269999832,1246.2012269999832,1246.2012269999832,NA,NA,NA,NA,NA,NA,NA,019,001,2024-10-14_09h45.41.523,PsychoPy Exp,2023.1.2,59.88475775912357
Belief,FALSE,TB-K-B,TT_B,PsychoPyStudy2Stim/TT_B_4.png,Adam THINKS there are ZERO cubes,0,h,b,2,0,2,2,0,2,0,0,0,B,PropFalse,0,203,203,191,NA,NA,NA,NA,NA,0.00174889992922544,1246.2767604999244,1246.651411099825,1246.7515305997804,1248.751574299764,1249.1513989996165,1249.2538824998774,1249.2538824998774,b,1,2.9815398999489844,1252.251274399925,1252.251274399925,1252.251274399925,1252.251274399925,NA,NA,NA,NA,NA,NA,NA,019,001,2024-10-14_09h45.41.523,PsychoPy Exp,2023.1.2,59.88475775912357
Belief,TRUE,TB-K,T_NB,PsychoPyStudy2Stim/T_NB_1.png,Adam THINKS there is ONE cube,1,b,h,1,0,1,1,0,1,0,0,0,NB,-,0,204,204,111,NA,NA,NA,NA,NA,6.3060037791728e-4,1252.3222890999168,1252.7014031000435,1252.801566499751,1254.8013516999781,1255.2015553000383,1255.3036050000228,1255.3036050000228,h,1,0.6759503004141152,1256.0014927997254,1256.0014927997254,1256.0014927997254,1256.0014927997254,NA,NA,NA,NA,NA,NA,NA,019,001,2024-10-14_09h45.41.523,PsychoPy Exp,2023.1.2,59.88475775912357
Belief,FALSE,TB-K,T_NB,PsychoPyStudy2Stim/T_NB_1.png,Adam THINKS there are ZERO cubes,0,h,b,1,0,1,1,0,1,0,0,0,NB,PropFalse,0,205,205,165,NA,NA,NA,NA,NA,0.0016928999684751,1256.072095899843,1256.4513009996151,1256.5515211997554,1258.551326399669,1258.9514441997744,1259.0535272997804,1259.0535272997804,b,1,3.1497485996223986,1262.2344894995913,1262.2344894995913,1262.2344894995913,1262.2344894995913,NA,NA,NA,NA,NA,NA,NA,019,001,2024-10-14_09h45.41.523,PsychoPy Exp,2023.1.2,59.88475775912357
Reality,TRUE,TB-K,DD_NB,PsychoPyStudy2Stim/DD_NB_2.png,"In REALITY, there are ZERO cubes",0,b,h,2,2,0,2,2,0,0,0,0,NB,-,0,206,206,7,NA,NA,NA,NA,NA,3.919000737369e-4,1262.305104299914,1262.684764899779,1262.7845642999746,1264.7845882000402,1265.184810999781,1265.286615099758,1265.286615099758,h,1,0.7169638001359999,1266.0344814998098,1266.0344814998098,1266.0344814998098,1266.0344814998098,NA,NA,NA,NA,NA,NA,NA,019,001,2024-10-14_09h45.41.523,PsychoPy Exp,2023.1.2,59.88475775912357
Reality,TRUE,TB-K,D_NB,PsychoPyStudy2Stim/D_NB_2.png,"In REALITY, there are ZERO cubes",0,b,h,1,1,0,1,1,0,0,0,0,NB,-,0,207,207,1,NA,NA,NA,NA,NA,0.00172389997169375,1266.1040865997784,1266.484535599593,1266.5847857999615,1268.584762699902,1268.9848091998138,1269.0867065000348,1269.0867065000348,h,1,0.8688150001689792,1269.9844716996886,1269.9844716996886,1269.9844716996886,1269.9844716996886,NA,NA,NA,NA,NA,NA,NA,019,001,2024-10-14_09h45.41.523,PsychoPy Exp,2023.1.2,59.88475775912357
Reality,TRUE,TB-K-B,TD_B,PsychoPyStudy2Stim/TD_B_2.png,"In REALITY, there is ONE cube",1,b,h,2,1,1,2,1,1,0,0,0,B,-,0,208,208,31,NA,NA,NA,NA,NA,4.6129990369081e-4,1270.0574685996398,1270.4347108998336,1270.5346153997816,1272.534483899828,1272.9345541000366,1273.0369079997763,1273.0369079997763,h,1,0.7581925000995398,1273.8177789999172,1273.8177789999172,1273.8177789999172,1273.8177789999172,NA,NA,NA,NA,NA,NA,NA,019,001,2024-10-14_09h45.41.523,PsychoPy Exp,2023.1.2,59.88475775912357
Reality,TRUE,TB-Ig,D_B_D,PsychoPyStudy2Stim/D_B_D_4.png,"In REALITY, there are ZERO cubes",0,b,h,2,2,0,1,1,0,1,1,0,B,-,0,209,209,25,NA,NA,NA,NA,NA,4.0769996121525e-4,1273.890617699828,1274.268030299805,1274.3682156000286,1276.3681009998545,1276.7681221999228,1276.8700183997862,1276.8700183997862,h,1,0.8136064000427723,1277.7012467999011,1277.7012467999011,1277.7012467999011,1277.7012467999011,NA,NA,NA,NA,NA,NA,NA,019,001,2024-10-14_09h45.41.523,PsychoPy Exp,2023.1.2,59.88475775912357
Reality,TRUE,TB-Ig,D_B_D,PsychoPyStudy2Stim/D_B_D_1.png,"In REALITY, there are ZERO cubes",0,b,h,2,2,0,1,1,0,1,1,0,B,-,0,210,210,22,NA,NA,NA,NA,NA,9.3779992312192e-4,1277.787009499967,1278.168020399753,1278.2680361997336,1280.2678449996747,1280.6681323996745,1280.770347899757,1280.770347899757,h,1,0.5847269999794662,1281.3845873996615,1281.3845873996615,1281.3845873996615,1281.3845873996615,NA,NA,NA,NA,NA,NA,NA,019,001,2024-10-14_09h45.41.523,PsychoPy Exp,2023.1.2,59.88475775912357
Belief,FALSE,FB-Ig,T_B_T,PsychoPyStudy2Stim/T_B_T_6.png,Adam THINKS there are TWO cubes,2,h,b,2,0,2,1,0,1,1,0,1,B,PropTrueNoBelief,0,211,211,211,NA,NA,NA,NA,NA,7.8990031033754e-4,1281.4574132999403,1281.8344063996335,1281.9348032996058,1283.9348343997262,1284.3344628997147,1284.4370650998317,1284.4370650998317,b,1,0.814512699842453,1285.2677354998889,1285.2677354998889,1285.2677354998889,1285.2677354998889,NA,NA,NA,NA,NA,NA,NA,019,001,2024-10-14_09h45.41.523,PsychoPy Exp,2023.1.2,59.88475775912357
Reality,TRUE,TB-K,TT_NB,PsychoPyStudy2Stim/TT_NB_4.png,"In REALITY, there are TWO cubes",2,b,h,2,0,2,2,0,2,0,0,0,NB,-,0,212,212,15,NA,NA,NA,NA,NA,4.0999986231327e-4,1285.335170199629,1285.7179461997002,1285.8180897999555,1287.8178420998156,1288.2178062000312,1288.3199187996795,1288.3199187996795,h,1,0.7155653000809252,1289.0510395998135,1289.0510395998135,1289.0510395998135,1289.0510395998135,NA,NA,NA,NA,NA,NA,NA,019,001,2024-10-14_09h45.41.523,PsychoPy Exp,2023.1.2,59.88475775912357
Reality,FALSE,TB-K,TD_NB,PsychoPyStudy2Stim/TD_NB_2.png,"In REALITY, there are ZERO cubes",0,h,b,2,1,1,2,1,1,0,0,0,NB,PropFalse,0,213,213,64,NA,NA,NA,NA,NA,4.3800007551908e-4,1289.1226280997507,1289.501172399614,1289.6013118997216,1291.6014038999565,1292.0012919995934,1292.1034609996714,1292.1034609996714,h,0,0.8195579000748694,1292.951026499737,1292.951026499737,1292.951026499737,1292.951026499737,NA,NA,NA,NA,NA,NA,NA,019,001,2024-10-14_09h45.41.523,PsychoPy Exp,2023.1.2,59.88475775912357
Reality,TRUE,TB-K,TD_NB,PsychoPyStudy2Stim/TD_NB_1.png,"In REALITY, there is ONE cube",1,b,h,2,1,1,2,1,1,0,0,0,NB,-,0,214,214,9,NA,NA,NA,NA,NA,4.1739968582987e-4,1293.0248577999882,1293.4010308999568,1293.5014261999168,1295.5013384995982,1295.9012638996355,1296.0034738997929,1296.0034738997929,h,1,0.6322283004410565,1296.6510860999117,1296.6510860999117,1296.6510860999117,1296.6510860999117,NA,NA,NA,NA,NA,NA,NA,019,001,2024-10-14_09h45.41.523,PsychoPy Exp,2023.1.2,59.88475775912357
Knowledge,TRUE,TB-K-B,TD_B,PsychoPyStudy2Stim/TD_B_1.png,Adam KNOWS there is ONE cube,1,b,h,2,1,1,2,1,1,0,0,0,B,-,0,215,215,258,NA,NA,NA,NA,NA,4.3970020487904e-4,1296.7265397999436,1297.101247099694,1297.201411199756,1299.2013797997497,1299.60131129995,1299.7034419998529,1299.7034419998529,h,1,0.6674847998656332,1300.4011589000002,1300.4011589000002,1300.4011589000002,1300.4011589000002,NA,NA,NA,NA,NA,NA,NA,019,001,2024-10-14_09h45.41.523,PsychoPy Exp,2023.1.2,59.88475775912357
Reality,TRUE,TB-K-B,TD_B,PsychoPyStudy2Stim/TD_B_6.png,"In REALITY, there is ONE cube",1,b,h,2,1,1,2,1,1,0,0,0,B,-,0,216,216,35,NA,NA,NA,NA,NA,6.2189996242523e-4,1300.4731035996228,1300.8512124996632,1300.951344099827,1302.9510323996656,1303.3513462999836,1303.453251499683,1303.453251499683,h,1,1.0702137001790106,1304.550997399725,1304.550997399725,1304.550997399725,1304.550997399725,NA,NA,NA,NA,NA,NA,NA,019,001,2024-10-14_09h45.41.523,PsychoPy Exp,2023.1.2,59.88475775912357
Reality,TRUE,TB-K,D_NB,PsychoPyStudy2Stim/D_NB_1.png,"In REALITY, there are ZERO cubes",0,b,h,1,1,0,1,1,0,0,0,0,NB,-,0,217,217,0,NA,NA,NA,NA,NA,0.00168789969757199,1304.6185508999042,1305.0011911997572,1305.101312899962,1307.1013837000355,1307.5012880000286,1307.603371199686,1307.603371199686,h,1,0.8235233002342284,1308.4510503998026,1308.4510503998026,1308.4510503998026,1308.4510503998026,NA,NA,NA,NA,NA,NA,NA,019,001,2024-10-14_09h45.41.523,PsychoPy Exp,2023.1.2,59.88475775912357
Belief,TRUE,TB-K,TT_NB,PsychoPyStudy2Stim/TT_NB_2.png,Adam THINKS there are TWO cubes,2,b,h,2,0,2,2,0,2,0,0,0,NB,-,0,218,218,121,NA,NA,NA,NA,NA,4.3919961899518e-4,1308.5241426997818,1308.9009002000091,1309.0012195999734,1311.0013745999895,1311.4011943996884,1311.5035608997568,1311.5035608997568,b,0,1.0757460999302566,1312.6009525000118,1312.6009525000118,1312.6009525000118,1312.6009525000118,NA,NA,NA,NA,NA,NA,NA,019,001,2024-10-14_09h45.41.523,PsychoPy Exp,2023.1.2,59.88475775912357
Reality,TRUE,TB-K,DD_NB,PsychoPyStudy2Stim/DD_NB_1.png,"In REALITY, there are ZERO cubes",0,b,h,2,2,0,2,2,0,0,0,0,NB,-,0,219,219,6,NA,NA,NA,NA,NA,0.00167320016771554,1312.6764463996517,1313.0509421997704,1313.151019099634,1315.1513248998672,1315.5512287998572,1315.6533788996749,1315.6533788996749,h,1,2.3098862003535032,1317.9845443000086,1317.9845443000086,1317.9845443000086,1317.9845443000086,NA,NA,NA,NA,NA,NA,NA,019,001,2024-10-14_09h45.41.523,PsychoPy Exp,2023.1.2,59.88475775912357
Knowledge,FALSE,TB-K-B,TT_B,PsychoPyStudy2Stim/TT_B_15.png,Adam KNOWS there are ZERO cubes,0,h,b,2,0,2,2,0,2,0,0,0,B,PropFalse,0,220,220,297,NA,NA,NA,NA,NA,0.00166339986026287,1318.0741551998071,1318.450929599814,1318.5511367996223,1320.5512812999075,1320.9513191999868,1321.0532666998915,1321.0532666998915,b,1,0.8380223996937275,1321.9179910998791,1321.9179910998791,1321.9179910998791,1321.9179910998791,NA,NA,NA,NA,NA,NA,NA,019,001,2024-10-14_09h45.41.523,PsychoPy Exp,2023.1.2,59.88475775912357
Knowledge,FALSE,TB-K,DD_NB,PsychoPyStudy2Stim/DD_NB_1.png,Adam KNOWS there is ONE cube,1,h,b,2,2,0,2,2,0,0,0,0,NB,PropFalse,0,221,221,276,NA,NA,NA,NA,NA,0.00170989986509084,1321.9873301000334,1322.3675898998044,1322.4678901997397,1324.4680065996945,1324.8679154999554,1324.9700161996298,1324.9700161996298,b,1,0.7932274998165667,1325.7845446998251,1325.7845446998251,1325.7845446998251,1325.7845446998251,NA,NA,NA,NA,NA,NA,NA,019,001,2024-10-14_09h45.41.523,PsychoPy Exp,2023.1.2,59.88475775912357
Reality,FALSE,TB-K,TT_NB,PsychoPyStudy2Stim/TT_NB_4.png,"In REALITY, there is ONE cube",1,h,b,2,0,2,2,0,2,0,0,0,NB,PropFalse,0,222,222,69,NA,NA,NA,NA,NA,0.00168380001559853,1325.8720332998782,1326.2511477996595,1326.351237199735,1328.3512689997442,1328.751148399897,1328.85333730001,1328.85333730001,b,1,0.8378984001465142,1329.7175912996754,1329.7175912996754,1329.7175912996754,1329.7175912996754,NA,NA,NA,NA,NA,NA,NA,019,001,2024-10-14_09h45.41.523,PsychoPy Exp,2023.1.2,59.88475775912357
Reality,FALSE,TB-K,DD_NB,PsychoPyStudy2Stim/DD_NB_1.png,"In REALITY, there is ONE cube",1,h,b,2,2,0,2,2,0,0,0,0,NB,PropFalse,0,223,223,60,NA,NA,NA,NA,NA,0.00166800012812018,1329.780017899815,1330.1510909995995,1330.2512586000375,1332.2512399000116,1332.6511557996273,1332.7533196997829,1332.7533196997829,b,1,1.0982560999691486,1333.8677546996623,1333.8677546996623,1333.8677546996623,1333.8677546996623,NA,NA,NA,NA,NA,NA,NA,019,001,2024-10-14_09h45.41.523,PsychoPy Exp,2023.1.2,59.88475775912357
Knowledge,TRUE,TB-K,DD_NB,PsychoPyStudy2Stim/DD_NB_2.png,Adam KNOWS there are ZERO cubes,0,b,h,2,2,0,2,2,0,0,0,0,NB,-,0,224,224,223,NA,NA,NA,NA,NA,0.00149679975584149,1333.9594490998425,1334.3344533997588,1334.4343524998983,1336.434330899734,1336.8344539999962,1336.9366142000072,1336.9366142000072,h,1,1.1307884003035724,1338.0842482997105,1338.0842482997105,1338.0842482997105,1338.0842482997105,NA,NA,NA,NA,NA,NA,NA,019,001,2024-10-14_09h45.41.523,PsychoPy Exp,2023.1.2,59.88475775912357
Reality,FALSE,TB-K,TD_NB,PsychoPyStudy2Stim/TD_NB_3.png,"In REALITY, there are TWO cubes",2,h,b,2,1,1,2,1,1,0,0,0,NB,PropFalse,0,225,225,65,NA,NA,NA,NA,NA,5.1689986139535e-4,1338.1637862999924,1338.534476199653,1338.6343212998472,1340.6345473998226,1341.0345662999898,1341.136645199731,1341.136645199731,b,1,5.026197500061244,1346.1842189999295,1346.1842189999295,1346.1842189999295,1346.1842189999295,NA,NA,NA,NA,NA,NA,NA,019,001,2024-10-14_09h45.41.523,PsychoPy Exp,2023.1.2,59.88475775912357
Belief,FALSE,TB-K-B,TT_B,PsychoPyStudy2Stim/TT_B_10.png,Adam THINKS there are ZERO cubes,0,h,b,2,0,2,2,0,2,0,0,0,B,PropFalse,0,226,226,197,NA,NA,NA,NA,NA,5.4820021614432e-4,1346.2664513997734,1346.651094199624,1346.7512604999356,1348.7511857999489,1349.151185899973,1349.2530135000125,1349.2530135000125,b,1,2.382505400106311,1351.6507894997485,1351.6507894997485,1351.6507894997485,1351.6507894997485,NA,NA,NA,NA,NA,NA,NA,019,001,2024-10-14_09h45.41.523,PsychoPy Exp,2023.1.2,59.88475775912357
Belief,FALSE,TB-K-B,TT_B,PsychoPyStudy2Stim/TT_B_7.png,Adam THINKS there are ZERO cubes,0,h,b,2,0,2,2,0,2,0,0,0,B,PropFalse,0,227,227,194,NA,NA,NA,NA,NA,3.9440020918846e-4,1351.725149399601,1352.1011049998924,1352.2011640998537,1354.200974599924,1354.6011609998532,1354.703263099771,1354.703263099771,b,1,3.4119322998449206,1358.134405899793,1358.134405899793,1358.134405899793,1358.134405899793,NA,NA,NA,NA,NA,NA,NA,019,001,2024-10-14_09h45.41.523,PsychoPy Exp,2023.1.2,59.88475775912357
Reality,FALSE,TB-K-B,DD_B,PsychoPyStudy2Stim/DD_B_16.png,"In REALITY, there are TWO cubes",2,h,b,2,2,0,2,2,0,0,0,0,B,PropFalse,0,228,228,83,NA,NA,NA,NA,NA,0.00171330012381076,1358.2250370997936,1358.6010101996362,1358.7011410999112,1360.7011828999966,1361.1009317999706,1361.2033396996558,1361.2033396996558,b,1,15.871743199881166,1377.1009724000469,1377.1009724000469,1377.1009724000469,1377.1009724000469,NA,NA,NA,NA,NA,NA,NA,019,001,2024-10-14_09h45.41.523,PsychoPy Exp,2023.1.2,59.88475775912357
Reality,FALSE,TB-K,T_NB,PsychoPyStudy2Stim/T_NB_3.png,"In REALITY, there are TWO cubes",2,h,b,1,0,1,1,0,1,0,0,0,NB,PropFalse,0,229,229,59,NA,NA,NA,NA,NA,0.00169569998979568,1377.186673599761,1377.5674176998436,1377.6677775997669,1379.6674934998157,1380.0677155000158,1380.169785999693,1380.169785999693,b,1,0.7052364996634424,1380.9009471996687,1380.9009471996687,1380.9009471996687,1380.9009471996687,NA,NA,NA,NA,NA,NA,NA,019,001,2024-10-14_09h45.41.523,PsychoPy Exp,2023.1.2,59.88475775912357
Reality,FALSE,TB-K,TD_NB,PsychoPyStudy2Stim/TD_NB_1.png,"In REALITY, there are ZERO cubes",0,h,b,2,1,1,2,1,1,0,0,0,NB,PropFalse,0,230,230,63,NA,NA,NA,NA,NA,0.00165069987997412,1380.992813799996,1381.3676131996326,1381.4676886997186,1383.467732399702,1383.867714099586,1383.9697845997289,1383.9697845997289,b,1,0.5772385001182556,1384.56760379998,1384.56760379998,1384.56760379998,1384.56760379998,NA,NA,NA,NA,NA,NA,NA,019,001,2024-10-14_09h45.41.523,PsychoPy Exp,2023.1.2,59.88475775912357
Reality,TRUE,TB-K-B,TD_B,PsychoPyStudy2Stim/TD_B_5.png,"In REALITY, there is ONE cube",1,b,h,2,1,1,2,1,1,0,0,0,B,-,0,231,231,34,NA,NA,NA,NA,NA,0.00168260000646114,1384.6580509999767,1385.034195299726,1385.1343641998246,1387.134133500047,1387.5342945000157,1387.6365122999996,1387.6365122999996,h,1,0.9421666995622218,1388.6007563997991,1388.6007563997991,1388.6007563997991,1388.6007563997991,NA,NA,NA,NA,NA,NA,NA,019,001,2024-10-14_09h45.41.523,PsychoPy Exp,2023.1.2,59.88475775912357
Knowledge,TRUE,TB-K-B,DD_B,PsychoPyStudy2Stim/DD_B_4.png,Adam KNOWS there are ZERO cubes,0,b,h,2,2,0,2,2,0,0,0,0,B,-,0,232,232,237,NA,NA,NA,NA,NA,6.3709961250424e-4,1388.6936587998644,1389.0675665000454,1389.1677239998244,1391.1674934998157,1391.567699899897,1391.6695077000186,1391.6695077000186,h,1,1.2372309998609126,1392.9342010999098,1392.9342010999098,1392.9342010999098,1392.9342010999098,NA,NA,NA,NA,NA,NA,NA,019,001,2024-10-14_09h45.41.523,PsychoPy Exp,2023.1.2,59.88475775912357
Knowledge,FALSE,FB-Ig,T_B_T,PsychoPyStudy2Stim/T_B_T_5.png,Adam KNOWS there are TWO cubes,2,h,b,2,0,2,1,0,1,1,0,1,B,PropTrueNoKnowledge,0,233,233,310,NA,NA,NA,NA,NA,0.00116560002788901,1393.027039699722,1393.400828700047,1393.501037699636,1395.501007599756,1395.9009364997037,1396.00312929973,1396.00312929973,b,1,0.6645096000283957,1396.684239299968,1396.684239299968,1396.684239299968,1396.684239299968,NA,NA,NA,NA,NA,NA,NA,019,001,2024-10-14_09h45.41.523,PsychoPy Exp,2023.1.2,59.88475775912357
Reality,FALSE,TB-Ig,D_B_D,PsychoPyStudy2Stim/D_B_D_3.png,"In REALITY, there are TWO cubes",2,h,b,2,2,0,1,1,0,1,1,0,B,PropFalse,0,234,234,78,NA,NA,NA,NA,NA,0.00165090011432766,1396.7726336997002,1397.1508728000335,1397.2509620999915,1399.250754099805,1399.650993899908,1399.7539050998166,1399.7539050998166,b,1,0.6329159000888467,1400.417517799884,1400.417517799884,1400.417517799884,1400.417517799884,NA,NA,NA,NA,NA,NA,NA,019,001,2024-10-14_09h45.41.523,PsychoPy Exp,2023.1.2,59.88475775912357
Knowledge,FALSE,TB-K,TD_NB,PsychoPyStudy2Stim/TD_NB_2.png,Adam KNOWS there are ZERO cubes,0,h,b,2,1,1,2,1,1,0,0,0,NB,PropFalse,0,235,235,280,NA,NA,NA,NA,NA,0.00116020021960139,1400.50612849975,1400.8841866999865,1400.984291299712,1402.9843361997046,1403.3841034998186,1403.4863478997722,1403.4863478997722,b,1,1.1162262000143528,1404.6340149999596,1404.6340149999596,1404.6340149999596,1404.6340149999596,NA,NA,NA,NA,NA,NA,NA,019,001,2024-10-14_09h45.41.523,PsychoPy Exp,2023.1.2,59.88475775912357
Reality,TRUE,TB-Ig,D_B,PsychoPyStudy2Stim/D_B_1.png,"In REALITY, there are ZERO cubes",0,b,h,1,1,0,1,1,0,0,0,0,B,-,0,236,236,18,NA,NA,NA,NA,NA,4.8450008034706e-4,1404.7198801999912,1405.100511699915,1405.2006141999736,1407.2009229999967,1407.6007600999435,1407.703081799671,1407.703081799671,b,0,0.6275025000795722,1408.3506481996735,1408.3506481996735,1408.3506481996735,1408.3506481996735,NA,NA,NA,NA,NA,NA,NA,019,001,2024-10-14_09h45.41.523,PsychoPy Exp,2023.1.2,59.88475775912357
Belief,TRUE,TB-Ig,D_B_D,PsychoPyStudy2Stim/D_B_D_3.png,Adam THINKS there are ZERO cubes,0,b,h,2,2,0,1,1,0,1,1,0,B,-,0,237,237,132,NA,NA,NA,NA,NA,4.0319981053471e-4,1408.418191399891,1408.8008723999374,1408.9010044997558,1410.900590799749,1411.3009311999194,1411.4030332998373,1411.4030332998373,h,1,2.4558369000442326,1413.8839281997643,1413.8839281997643,1413.8839281997643,1413.8839281997643,NA,NA,NA,NA,NA,NA,NA,019,001,2024-10-14_09h45.41.523,PsychoPy Exp,2023.1.2,59.88475775912357
Knowledge,FALSE,TB-Ig,D_B_D,PsychoPyStudy2Stim/D_B_D_1.png,Adam KNOWS there are ZERO cubes,0,h,b,2,2,0,1,1,0,1,1,0,B,PropTrueNoKnowledge,0,238,238,292,NA,NA,NA,NA,NA,0.00147040002048015,1413.9533825996332,1414.33411419997,1414.4342626999132,1416.4340080996044,1416.8342675999738,1416.9363579000346,1416.9363579000346,b,1,0.962633500341326,1417.9174816999584,1417.9174816999584,1417.9174816999584,1417.9174816999584,NA,NA,NA,NA,NA,NA,NA,019,001,2024-10-14_09h45.41.523,PsychoPy Exp,2023.1.2,59.88475775912357
Reality,TRUE,TB-K,TT_NB,PsychoPyStudy2Stim/TT_NB_6.png,"In REALITY, there are TWO cubes",2,b,h,2,0,2,2,0,2,0,0,0,NB,-,0,239,239,17,NA,NA,NA,NA,NA,0.00170610006898641,1417.998717600014,1418.3841132000089,1418.4841530998235,1420.484240999911,1420.8841983997263,1420.98638259992,1420.98638259992,h,1,0.9366781003773212,1421.950544399675,1421.950544399675,1421.950544399675,1421.950544399675,NA,NA,NA,NA,NA,NA,NA,019,001,2024-10-14_09h45.41.523,PsychoPy Exp,2023.1.2,59.88475775912357
Knowledge,FALSE,TB-K-B,TT_B,PsychoPyStudy2Stim/TT_B_14.png,Adam KNOWS there is ONE cube,1,h,b,2,0,2,2,0,2,0,0,0,B,PropFalse,0,240,240,298,NA,NA,NA,NA,NA,0.00163959991186857,1422.0246400996111,1422.400785499718,1422.5009019998834,1424.5008932999335,1424.900628999807,1425.002954499796,1425.002954499796,b,1,2.567832900211215,1427.6006704997271,1427.6006704997271,1427.6006704997271,1427.6006704997271,NA,NA,NA,NA,NA,NA,NA,019,001,2024-10-14_09h45.41.523,PsychoPy Exp,2023.1.2,59.88475775912357
Knowledge,TRUE,TB-K,D_NB,PsychoPyStudy2Stim/D_NB_2.png,Adam KNOWS there are ZERO cubes,0,b,h,1,1,0,1,1,0,0,0,0,NB,-,0,241,241,217,NA,NA,NA,NA,NA,0.00147939985617995,1427.6865709000267,1428.0674117999151,1428.1675139996223,1430.1675018998794,1430.5675885998644,1430.6695690997876,1430.6695690997876,h,1,2.00527870003134,1432.7007498997264,1432.7007498997264,1432.7007498997264,1432.7007498997264,NA,NA,NA,NA,NA,NA,NA,019,001,2024-10-14_09h45.41.523,PsychoPy Exp,2023.1.2,59.88475775912357
Knowledge,FALSE,TB-K,T_NB,PsychoPyStudy2Stim/T_NB_1.png,Adam KNOWS there are ZERO cubes,0,h,b,1,0,1,1,0,1,0,0,0,NB,PropFalse,0,242,242,273,NA,NA,NA,NA,NA,0.00168519979342818,1432.7843363997526,1433.1673689996824,1433.2675047996454,1435.2672880999744,1435.6675292998552,1435.769630199764,1435.769630199764,b,1,1.313225000165403,1437.1008959999308,NA,1437.1008959999308,NA,space,47.89384989999235,NA,NA,NA,NA,NA,019,001,2024-10-14_09h45.41.523,PsychoPy Exp,2023.1.2,59.88475775912357
Belief,TRUE,TB-K,T_NB,PsychoPyStudy2Stim/T_NB_2.png,Adam THINKS there is ONE cube,1,b,h,1,0,1,1,0,1,0,0,0,NB,-,0,243,243,112,NA,NA,NA,NA,NA,0.0018016998656094,1485.107711599674,1485.4836368998513,1485.583703399636,1487.583932599984,1487.98374279961,1488.0860860999674,1488.0860860999674,b,0,1.54894379992038,1489.6505701998249,1489.6505701998249,1489.6505701998249,1489.6505701998249,NA,NA,NA,NA,NA,NA,NA,019,001,2024-10-14_09h45.41.523,PsychoPy Exp,2023.1.2,59.88475775912357
Knowledge,TRUE,TB-K-B,DD_B,PsychoPyStudy2Stim/DD_B_2.png,Adam KNOWS there are ZERO cubes,0,b,h,2,2,0,2,2,0,0,0,0,B,-,0,244,244,235,NA,NA,NA,NA,NA,0.00172549998387694,1489.74424359994,1490.1171758999117,1490.2174351997674,1492.2170789996162,1492.6172158997506,1492.719121699687,1492.719121699687,h,1,1.067581799812615,1493.817188099958,1493.817188099958,1493.817188099958,1493.817188099958,NA,NA,NA,NA,NA,NA,NA,019,001,2024-10-14_09h45.41.523,PsychoPy Exp,2023.1.2,59.88475775912357
Reality,TRUE,TB-K-B,DD_B,PsychoPyStudy2Stim/DD_B_13.png,"In REALITY, there are ZERO cubes",0,b,h,2,2,0,2,2,0,0,0,0,B,-,0,245,245,26,NA,NA,NA,NA,NA,0.00172120006754994,1493.9085475998,1494.2838554000482,1494.383897099644,1496.383780399803,1496.7839142996818,1496.8859824999236,1496.8859824999236,h,1,0.8366628000512719,1497.7502683997154,1497.7502683997154,1497.7502683997154,1497.7502683997154,NA,NA,NA,NA,NA,NA,NA,019,001,2024-10-14_09h45.41.523,PsychoPy Exp,2023.1.2,59.88475775912357
Belief,TRUE,FB-Ig,T_B_T,PsychoPyStudy2Stim/T_B_T_6.png,Adam THINKS there is ONE cube,1,b,h,2,0,2,1,0,1,1,0,1,B,-,0,246,246,157,NA,NA,NA,NA,NA,4.4400012120604e-4,1497.8267770996315,1498.2004827996716,1498.3004306997173,1500.3006118997,1500.7005658997225,1500.8025085995905,1500.8025085995905,h,1,3.3042586999945343,1504.1338309999555,1504.1338309999555,1504.1338309999555,1504.1338309999555,NA,NA,NA,NA,NA,NA,NA,019,001,2024-10-14_09h45.41.523,PsychoPy Exp,2023.1.2,59.88475775912357
Knowledge,FALSE,FB-Ig,D_B_T,PsychoPyStudy2Stim/D_B_T_1.png,Adam KNOWS there are ZERO cubes,0,h,b,2,1,1,1,1,0,1,0,1,B,PropFalse,0,247,247,322,NA,NA,NA,NA,NA,0.00164929963648319,1504.224018599838,1504.6005369997583,1504.700560699683,1506.7003771997988,1507.100448699668,1507.2025682996027,1507.2025682996027,b,1,2.0167795000597835,1509.2502225995995,1509.2502225995995,1509.2502225995995,1509.2502225995995,NA,NA,NA,NA,NA,NA,NA,019,001,2024-10-14_09h45.41.523,PsychoPy Exp,2023.1.2,59.88475775912357
Reality,FALSE,TB-K-B,TD_B,PsychoPyStudy2Stim/TD_B_9.png,"In REALITY, there are ZERO cubes",0,h,b,2,1,1,2,1,1,0,0,0,B,PropFalse,0,248,248,91,NA,NA,NA,NA,NA,3.8209976628422e-4,1509.3261694000105,1509.700417299755,1509.8005808000453,1511.800568799954,1512.2005385998636,1512.302645799704,1512.302645799704,b,1,2.7323174998164177,1515.0504288999364,1515.0504288999364,1515.0504288999364,1515.0504288999364,NA,NA,NA,NA,NA,NA,NA,019,001,2024-10-14_09h45.41.523,PsychoPy Exp,2023.1.2,59.88475775912357
Knowledge,FALSE,FB-Ig,D_B_T,PsychoPyStudy2Stim/D_B_T_4.png,Adam KNOWS there is ONE cube,1,h,b,2,1,1,1,1,0,1,0,1,B,PropTrueNoKnowledge,0,249,249,321,NA,NA,NA,NA,NA,0.00180420000106096,1515.1414101999253,1515.517099000048,1515.617179099936,1517.6169876996428,1518.0170925999992,1518.1192966997623,1518.1192966997623,b,1,1.8191545996814968,1519.9670208999887,1519.9670208999887,1519.9670208999887,1519.9670208999887,NA,NA,NA,NA,NA,NA,NA,019,001,2024-10-14_09h45.41.523,PsychoPy Exp,2023.1.2,59.88475775912357
Belief,FALSE,TB-K,TT_NB,PsychoPyStudy2Stim/TT_NB_3.png,Adam THINKS there are ZERO cubes,0,h,b,2,0,2,2,0,2,0,0,0,NB,PropFalse,0,250,250,176,NA,NA,NA,NA,NA,0.00173509959131479,1520.0660202996803,1520.4504135996103,1520.5503344000315,1522.550504599698,1522.9504135996103,1523.0526307998225,1523.0526307998225,b,1,0.6699000000953674,1523.7503736997023,1523.7503736997023,1523.7503736997023,1523.7503736997023,NA,NA,NA,NA,NA,NA,NA,019,001,2024-10-14_09h45.41.523,PsychoPy Exp,2023.1.2,59.88475775912357
Belief,TRUE,TB-K,DD_NB,PsychoPyStudy2Stim/DD_NB_3.png,Adam THINKS there are ZERO cubes,0,b,h,2,2,0,2,2,0,0,0,0,NB,-,0,251,251,116,NA,NA,NA,NA,NA,0.00192200019955635,1523.8440638999457,1524.2170588998124,1524.3169388999231,1526.316964800004,1526.7171700997278,1526.819318199996,1526.819318199996,b,0,0.8952104998752475,1527.7337110997178,1527.7337110997178,1527.7337110997178,1527.7337110997178,NA,NA,NA,NA,NA,NA,NA,019,001,2024-10-14_09h45.41.523,PsychoPy Exp,2023.1.2,59.88475775912357
Knowledge,TRUE,TB-K,TT_NB,PsychoPyStudy2Stim/TT_NB_6.png,Adam KNOWS there are TWO cubes,2,b,h,2,0,2,2,0,2,0,0,0,NB,-,0,252,252,233,NA,NA,NA,NA,NA,0.0019264998845756,1527.8243259997107,1528.2003433997745,1528.3005376998335,1530.3005625000224,1530.700129499659,1530.8023508000188,1530.8023508000188,h,1,1.839929100126028,1532.6669175997376,1532.6669175997376,1532.6669175997376,1532.6669175997376,NA,NA,NA,NA,NA,NA,NA,019,001,2024-10-14_09h45.41.523,PsychoPy Exp,2023.1.2,59.88475775912357
Belief,TRUE,TB-K,D_NB,PsychoPyStudy2Stim/D_NB_3.png,Adam THINKS there are ZERO cubes,0,b,h,1,1,0,1,1,0,0,0,0,NB,-,0,253,253,110,NA,NA,NA,NA,NA,9.9040009081363e-4,1532.750863199588,1533.1337671997026,1533.2338296999224,1535.2338612996973,1535.633709999733,1535.7358968998303,1535.7358968998303,b,0,1.2745675002224743,1537.0337070999667,1537.0337070999667,1537.0337070999667,1537.0337070999667,NA,NA,NA,NA,NA,NA,NA,019,001,2024-10-14_09h45.41.523,PsychoPy Exp,2023.1.2,59.88475775912357
Knowledge,TRUE,TB-K-B,TT_B,PsychoPyStudy2Stim/TT_B_24.png,Adam KNOWS there are TWO cubes,2,b,h,2,0,2,2,0,2,0,0,0,B,-,0,254,254,257,NA,NA,NA,NA,NA,0.00169550022110342,1537.123804599978,1537.5002854997292,1537.6001854999922,1539.6002206997946,1540.000448799692,1540.1026023998857,1540.1026023998857,h,1,0.9954940997995436,1541.1168212997727,1541.1168212997727,1541.1168212997727,1541.1168212997727,NA,NA,NA,NA,NA,NA,NA,019,001,2024-10-14_09h45.41.523,PsychoPy Exp,2023.1.2,59.88475775912357
Knowledge,FALSE,TB-K,TT_NB,PsychoPyStudy2Stim/TT_NB_3.png,Adam KNOWS there are ZERO cubes,0,h,b,2,0,2,2,0,2,0,0,0,NB,PropFalse,0,255,255,284,NA,NA,NA,NA,NA,5.9289997443556e-4,1541.2036297996528,1541.583626199979,1541.6837861998938,1543.683830499649,1544.0838203998285,1544.1858051996678,1544.1858051996678,b,1,2.633412200026214,1546.8500861995851,1546.8500861995851,1546.8500861995851,1546.8500861995851,NA,NA,NA,NA,NA,NA,NA,019,001,2024-10-14_09h45.41.523,PsychoPy Exp,2023.1.2,59.88475775912357
Reality,TRUE,TB-Ig,D_B,PsychoPyStudy2Stim/D_B_2.png,"In REALITY, there are ZERO cubes",0,b,h,1,1,0,1,1,0,0,0,0,B,-,0,256,256,19,NA,NA,NA,NA,NA,0.00170310027897357,1546.920170799829,1547.3002907000482,1547.4003078998066,1549.4004052998498,1549.8003437998705,1549.9024135000072,1549.9024135000072,h,1,1.1880406001582742,1551.117005599663,1551.117005599663,1551.117005599663,1551.117005599663,NA,NA,NA,NA,NA,NA,NA,019,001,2024-10-14_09h45.41.523,PsychoPy Exp,2023.1.2,59.88475775912357
Knowledge,TRUE,TB-K,TT_NB,PsychoPyStudy2Stim/TT_NB_4.png,Adam KNOWS there are TWO cubes,2,b,h,2,0,2,2,0,2,0,0,0,NB,-,0,257,257,231,NA,NA,NA,NA,NA,0.00170790031552314,1551.2124032997526,1551.5836335998029,1551.6837384998798,1553.6838295999914,1554.083647399675,1554.18561329972,1554.18561329972,h,1,1.833643100224435,1556.0500799999572,1556.0500799999572,1556.0500799999572,1556.0500799999572,NA,NA,NA,NA,NA,NA,NA,019,001,2024-10-14_09h45.41.523,PsychoPy Exp,2023.1.2,59.88475775912357
Reality,FALSE,FB-Ig,T_B_T,PsychoPyStudy2Stim/T_B_T_1.png,"In REALITY, there is ONE cube",1,h,b,2,0,2,1,0,1,1,0,1,B,PropFalse,0,258,258,98,NA,NA,NA,NA,NA,4.0300004184246e-4,1556.124498799909,1556.5002615996636,1556.600417399779,1558.6003598999232,1559.000372199807,1559.1024662996642,1559.1024662996642,b,1,1.4679026999510825,1560.6001156996936,1560.6001156996936,1560.6001156996936,1560.6001156996936,NA,NA,NA,NA,NA,NA,NA,019,001,2024-10-14_09h45.41.523,PsychoPy Exp,2023.1.2,59.88475775912357
Reality,TRUE,TB-K,TT_NB,PsychoPyStudy2Stim/TT_NB_2.png,"In REALITY, there are TWO cubes",2,b,h,2,0,2,2,0,2,0,0,0,NB,-,0,259,259,13,NA,NA,NA,NA,NA,9.1530010104179e-4,1560.6872442997992,1561.0669048996642,1561.1670227996074,1563.1668122997507,1563.5670161996968,1563.6688256999478,1563.6688256999478,h,1,0.5335584003478289,1564.2335125999523,1564.2335125999523,1564.2335125999523,1564.2335125999523,NA,NA,NA,NA,NA,NA,NA,019,001,2024-10-14_09h45.41.523,PsychoPy Exp,2023.1.2,59.88475775912357
Belief,TRUE,FB-Ig,T_B_T,PsychoPyStudy2Stim/T_B_T_5.png,Adam THINKS there is ONE cube,1,b,h,2,0,2,1,0,1,1,0,1,B,-,0,260,260,156,NA,NA,NA,NA,NA,0.00152279995381832,1564.3174874996766,1564.7002379996702,1564.8003928000107,1566.8001220999286,1567.200338299852,1567.302143299952,1567.302143299952,h,1,1.6442161002196372,1568.9669123999774,1568.9669123999774,1568.9669123999774,1568.9669123999774,NA,NA,NA,NA,NA,NA,NA,019,001,2024-10-14_09h45.41.523,PsychoPy Exp,2023.1.2,59.88475775912357
Belief,FALSE,TB-Ig,D_B,PsychoPyStudy2Stim/D_B_3.png,Adam THINKS there is ONE cube,1,h,b,1,1,0,1,1,0,0,0,0,B,PropFalse,0,261,261,182,NA,NA,NA,NA,NA,0.00166459986940026,1569.0506928996183,1569.4335920996964,1569.5336858998053,1571.5336897997186,1571.9334549997002,1572.0357859996147,1572.0357859996147,b,1,2.3985540000721812,1574.450166599825,1574.450166599825,1574.450166599825,1574.450166599825,NA,NA,NA,NA,NA,NA,NA,019,001,2024-10-14_09h45.41.523,PsychoPy Exp,2023.1.2,59.88475775912357
Reality,TRUE,TB-K,TT_NB,PsychoPyStudy2Stim/TT_NB_3.png,"In REALITY, there are TWO cubes",2,b,h,2,0,2,2,0,2,0,0,0,NB,-,0,262,262,14,NA,NA,NA,NA,NA,9.7029982134699e-4,1574.5405260999687,1574.9169553997926,1575.0169890997931,1577.0169285000302,1577.4169507999904,1577.519010399934,1577.519010399934,h,1,0.6353179002180696,1578.1835684999824,1578.1835684999824,1578.1835684999824,1578.1835684999824,NA,NA,NA,NA,NA,NA,NA,019,001,2024-10-14_09h45.41.523,PsychoPy Exp,2023.1.2,59.88475775912357
Knowledge,FALSE,TB-K-B,DD_B,PsychoPyStudy2Stim/DD_B_6.png,Adam KNOWS there is ONE cube,1,h,b,2,2,0,2,2,0,0,0,0,B,PropFalse,0,263,263,296,NA,NA,NA,NA,NA,0.00171899981796741,1578.259734199848,1578.6334785996005,1578.7333053997718,1580.733388299588,1581.1335450997576,1581.2354613998905,1581.2354613998905,b,1,1.79094859957695,1583.0502006998286,1583.0502006998286,1583.0502006998286,1583.0502006998286,NA,NA,NA,NA,NA,NA,NA,019,001,2024-10-14_09h45.41.523,PsychoPy Exp,2023.1.2,59.88475775912357
Reality,TRUE,TB-K-B,DD_B,PsychoPyStudy2Stim/DD_B_14.png,"In REALITY, there are ZERO cubes",0,b,h,2,2,0,2,2,0,0,0,0,B,-,0,264,264,27,NA,NA,NA,NA,NA,0.00169959990307688,1583.14164969977,1583.5168165997602,1583.617004599888,1585.6169815999456,1586.0168305998668,1586.1187862996012,1586.1187862996012,h,1,3.283534999936819,1589.4334584996104,1589.4334584996104,1589.4334584996104,1589.4334584996104,NA,NA,NA,NA,NA,NA,NA,019,001,2024-10-14_09h45.41.523,PsychoPy Exp,2023.1.2,59.88475775912357
Knowledge,TRUE,TB-K-B,TD_B,PsychoPyStudy2Stim/TD_B_3.png,Adam KNOWS there is ONE cube,1,b,h,2,1,1,2,1,1,0,0,0,B,-,0,265,265,260,NA,NA,NA,NA,NA,0.00165640003979206,1589.5263206996024,1589.8998316000216,1590.0002321996726,1592.0002573998645,1592.4001047997735,1592.502113499679,1592.502113499679,h,1,5.484126300085336,1598.0165001000278,1598.0165001000278,1598.0165001000278,1598.0165001000278,NA,NA,NA,NA,NA,NA,NA,019,001,2024-10-14_09h45.41.523,PsychoPy Exp,2023.1.2,59.88475775912357
Reality,TRUE,TB-K,TD_NB,PsychoPyStudy2Stim/TD_NB_2.png,"In REALITY, there is ONE cube",1,b,h,2,1,1,2,1,1,0,0,0,NB,-,0,266,266,10,NA,NA,NA,NA,NA,3.9019994437694e-4,1598.0839819996618,1598.4664612999186,1598.566546799615,1600.5666530998424,1600.9669151999988,1601.0689343996346,1601.0689343996346,h,1,0.7494437000714242,1601.833203899674,1601.833203899674,1601.833203899674,1601.833203899674,NA,NA,NA,NA,NA,NA,NA,019,001,2024-10-14_09h45.41.523,PsychoPy Exp,2023.1.2,59.88475775912357
Reality,TRUE,FB-Ig,T_B_T,PsychoPyStudy2Stim/T_B_T_4.png,"In REALITY, there are TWO cubes",2,b,h,2,0,2,1,0,1,1,0,1,B,-,0,267,267,47,NA,NA,NA,NA,NA,4.153000190854e-4,1601.9054833999835,1602.2832360998727,1602.3836256996728,1604.3833545995876,1604.783431799617,1604.885565999895,1604.885565999895,h,1,0.748941000085324,1605.650028700009,1605.650028700009,1605.650028700009,1605.650028700009,NA,NA,NA,NA,NA,NA,NA,019,001,2024-10-14_09h45.41.523,PsychoPy Exp,2023.1.2,59.88475775912357
Reality,TRUE,TB-K,TT_NB,PsychoPyStudy2Stim/TT_NB_1.png,"In REALITY, there are TWO cubes",2,b,h,2,0,2,2,0,2,0,0,0,NB,-,0,268,268,12,NA,NA,NA,NA,NA,0.00119319977238774,1605.732131999917,1606.1167707997374,1606.2168330997229,1608.2168105999008,1608.616864899639,1608.7188915996812,1608.7188915996812,h,1,1.0431871004402635,1609.783141099848,1609.783141099848,1609.783141099848,1609.783141099848,NA,NA,NA,NA,NA,NA,NA,019,001,2024-10-14_09h45.41.523,PsychoPy Exp,2023.1.2,59.88475775912357
Reality,TRUE,TB-Ig,D_B,PsychoPyStudy2Stim/D_B_4.png,"In REALITY, there are ZERO cubes",0,b,h,1,1,0,1,1,0,0,0,0,B,-,0,269,269,21,NA,NA,NA,NA,NA,0.00168270012363791,1609.852240599692,1610.2331792996265,1610.3334929998964,1612.3335304996,1612.7334968997166,1612.8356729997322,1612.8356729997322,h,1,0.9102819999679924,1613.7667325995862,1613.7667325995862,1613.7667325995862,1613.7667325995862,NA,NA,NA,NA,NA,NA,NA,019,001,2024-10-14_09h45.41.523,PsychoPy Exp,2023.1.2,59.88475775912357
Reality,TRUE,TB-Ig,D_B_D,PsychoPyStudy2Stim/D_B_D_3.png,"In REALITY, there are ZERO cubes",0,b,h,2,2,0,1,1,0,1,1,0,B,-,0,270,270,24,NA,NA,NA,NA,NA,0.0014784000813961,1613.8573286999017,1614.2333990996704,1614.3335053999908,1616.3333357996307,1616.733248299919,1616.8356228997,1616.8356228997,h,1,0.9101514997892082,1617.7665308997966,1617.7665308997966,1617.7665308997966,1617.7665308997966,NA,NA,NA,NA,NA,NA,NA,019,001,2024-10-14_09h45.41.523,PsychoPy Exp,2023.1.2,59.88475775912357
Belief,FALSE,FB-Ig,T_B_T,PsychoPyStudy2Stim/T_B_T_2.png,Adam THINKS there are TWO cubes,2,h,b,2,0,2,1,0,1,1,0,1,B,PropTrueNoBelief,0,271,271,201,NA,NA,NA,NA,NA,3.9510009810328e-4,1617.836317999754,1618.2167022000067,1618.3166194995863,1620.316632299684,1620.7168252998963,1620.8188256998546,1620.8188256998546,b,1,1.3274073996581135,1622.166729999706,1622.166729999706,1622.166729999706,1622.166729999706,NA,NA,NA,NA,NA,NA,NA,019,001,2024-10-14_09h45.41.523,PsychoPy Exp,2023.1.2,59.88475775912357
Knowledge,FALSE,FB-Ig,T_B_T,PsychoPyStudy2Stim/T_B_T_3.png,Adam KNOWS there are TWO cubes,2,h,b,2,0,2,1,0,1,1,0,1,B,PropTrueNoKnowledge,0,272,272,314,NA,NA,NA,NA,NA,0.00164779974147677,1622.2579834996725,1622.633336899802,1622.7334481999278,1624.7334388997406,1625.1334297996946,1625.2353303995917,1625.2353303995917,b,1,2.3265257999300957,1627.5832050000315,1627.5832050000315,1627.5832050000315,1627.5832050000315,NA,NA,NA,NA,NA,NA,NA,019,001,2024-10-14_09h45.41.523,PsychoPy Exp,2023.1.2,59.88475775912357
Reality,TRUE,TB-K-B,TD_B,PsychoPyStudy2Stim/TD_B_1.png,"In REALITY, there is ONE cube",1,b,h,2,1,1,2,1,1,0,0,0,B,-,0,273,273,30,NA,NA,NA,NA,NA,7.6289987191557e-4,1627.6741205998696,1628.0499841999265,1628.1498540998437,1630.1501570995897,1630.5501194000244,1630.6523866998032,1630.6523866998032,h,1,0.5657747001387179,1631.2498000999913,1631.2498000999913,1631.2498000999913,1631.2498000999913,NA,NA,NA,NA,NA,NA,NA,019,001,2024-10-14_09h45.41.523,PsychoPy Exp,2023.1.2,59.88475775912357
Reality,TRUE,TB-Ig,D_B,PsychoPyStudy2Stim/D_B_3.png,"In REALITY, there are ZERO cubes",0,b,h,1,1,0,1,1,0,0,0,0,B,-,0,274,274,20,NA,NA,NA,NA,NA,4.3629994615912e-4,1631.3192984997297,1631.6999885998666,1631.8000639998354,1633.79989210004,1634.2000172999687,1634.3022006000392,1634.3022006000392,h,1,0.8038393999449909,1635.133394499775,1635.133394499775,1635.133394499775,1635.133394499775,NA,NA,NA,NA,NA,NA,NA,019,001,2024-10-14_09h45.41.523,PsychoPy Exp,2023.1.2,59.88475775912357
Belief,FALSE,TB-K,DD_NB,PsychoPyStudy2Stim/DD_NB_3.png,Adam THINKS there are TWO cubes,2,h,b,2,2,0,2,2,0,0,0,0,NB,PropFalse,0,275,275,170,NA,NA,NA,NA,NA,0.00156910018995404,1635.2168633998372,1635.599991499912,1635.700100599788,1637.7000539000146,1638.0999217997305,1638.202196999919,1638.202196999919,b,1,1.3038099999539554,1639.5333213997071,1639.5333213997071,1639.5333213997071,1639.5333213997071,NA,NA,NA,NA,NA,NA,NA,019,001,2024-10-14_09h45.41.523,PsychoPy Exp,2023.1.2,59.88475775912357
Knowledge,FALSE,TB-Ig,D_B,PsychoPyStudy2Stim/D_B_1.png,Adam KNOWS there are ZERO cubes,0,h,b,1,1,0,1,1,0,0,0,0,B,PropTrueNoKnowledge,0,276,276,288,NA,NA,NA,NA,NA,0.00169590022414922,1639.62327969959,1639.9999925997108,1640.0999033995904,1642.0998345999978,1642.4998265998438,1642.602114399895,1642.602114399895,b,1,0.6798883997835219,1643.2997143999671,1643.2997143999671,1643.2997143999671,1643.2997143999671,NA,NA,NA,NA,NA,NA,NA,019,001,2024-10-14_09h45.41.523,PsychoPy Exp,2023.1.2,59.88475775912357
Reality,TRUE,FB-Ig,T_B_T,PsychoPyStudy2Stim/T_B_T_3.png,"In REALITY, there are TWO cubes",2,b,h,2,0,2,1,0,1,1,0,1,B,-,0,277,277,40,NA,NA,NA,NA,NA,4.2210007086396e-4,1643.373729799874,1643.7497547999956,1643.8499816996043,1645.850034199655,1646.2500413996167,1646.3521507997066,1646.3521507997066,h,1,0.5534826000221074,1646.932939399965,1646.932939399965,1646.932939399965,1646.932939399965,NA,NA,NA,NA,NA,NA,NA,019,001,2024-10-14_09h45.41.523,PsychoPy Exp,2023.1.2,59.88475775912357
Belief,TRUE,TB-K-B,TT_B,PsychoPyStudy2Stim/TT_B_2.png,Adam THINKS there are TWO cubes,2,b,h,2,0,2,2,0,2,0,0,0,B,-,0,278,278,135,NA,NA,NA,NA,NA,4.1230022907257e-4,1647.0077283997089,1647.3832572996616,1647.4833835000172,1649.4834044999443,1649.8833842999302,1649.9854506999254,1649.9854506999254,h,1,1.048536399845034,1651.0496171996929,1651.0496171996929,1651.0496171996929,1651.0496171996929,NA,NA,NA,NA,NA,NA,NA,019,001,2024-10-14_09h45.41.523,PsychoPy Exp,2023.1.2,59.88475775912357
Knowledge,FALSE,TB-K,DD_NB,PsychoPyStudy2Stim/DD_NB_2.png,Adam KNOWS there are TWO cubes,2,h,b,2,2,0,2,2,0,0,0,0,NB,PropFalse,0,279,279,277,NA,NA,NA,NA,NA,4.1790027171373e-4,1651.1244112998247,1651.499907199759,1651.600024299696,1653.5997828999534,1653.9998661000282,1654.101798999589,1654.101798999589,b,1,0.6122456998564303,1654.733326899819,1654.733326899819,1654.733326899819,1654.733326899819,NA,NA,NA,NA,NA,NA,NA,019,001,2024-10-14_09h45.41.523,PsychoPy Exp,2023.1.2,59.88475775912357
Reality,FALSE,TB-K-B,TD_B,PsychoPyStudy2Stim/TD_B_3.png,"In REALITY, there are ZERO cubes",0,h,b,2,1,1,2,1,1,0,0,0,B,PropFalse,0,280,280,86,NA,NA,NA,NA,NA,0.00167080014944076,1654.8057552999817,1655.1832063999027,1655.283081299625,1657.2833447000012,1657.683250299655,1657.7852399996482,1657.7852399996482,b,1,0.9124823999591172,1658.7163256998174,1658.7163256998174,1658.7163256998174,1658.7163256998174,NA,NA,NA,NA,NA,NA,NA,019,001,2024-10-14_09h45.41.523,PsychoPy Exp,2023.1.2,59.88475775912357
Belief,FALSE,FB-Ig,T_B_T,PsychoPyStudy2Stim/T_B_T_3.png,Adam THINKS there are TWO cubes,2,h,b,2,0,2,1,0,1,1,0,1,B,PropTrueNoBelief,0,281,281,208,NA,NA,NA,NA,NA,4.0630018338561e-4,1658.787549200002,1659.166516199708,1659.2666765996255,1661.2666602996178,1661.6666506999172,1661.7686119996945,1661.7686119996945,b,1,2.3054248997941613,1664.0998693997972,1664.0998693997972,1664.0998693997972,1664.0998693997972,NA,NA,NA,NA,NA,NA,NA,019,001,2024-10-14_09h45.41.523,PsychoPy Exp,2023.1.2,59.88475775912357
Reality,TRUE,TB-K-B,TD_B,PsychoPyStudy2Stim/TD_B_3.png,"In REALITY, there is ONE cube",1,b,h,2,1,1,2,1,1,0,0,0,B,-,0,282,282,32,NA,NA,NA,NA,NA,0.00169980013743042,1664.1749364999123,1664.549701299984,1664.6499528000131,1666.6499317996204,1667.0498409997672,1667.1517827999778,1667.1517827999778,h,1,0.642281100153923,1667.8165380996652,1667.8165380996652,1667.8165380996652,1667.8165380996652,NA,NA,NA,NA,NA,NA,NA,019,001,2024-10-14_09h45.41.523,PsychoPy Exp,2023.1.2,59.88475775912357
Reality,FALSE,FB-Ig,T_B_T,PsychoPyStudy2Stim/T_B_T_6.png,"In REALITY, there is ONE cube",1,h,b,2,0,2,1,0,1,1,0,1,B,PropFalse,0,283,283,97,NA,NA,NA,NA,NA,0.00164440041407942,1667.9057497000322,1668.2831560997292,1668.3832771000452,1670.3832843997516,1670.783230399713,1670.8851929996165,1670.8851929996165,b,1,0.9088004999794066,1671.8165054996498,1671.8165054996498,1671.8165054996498,1671.8165054996498,NA,NA,NA,NA,NA,NA,NA,019,001,2024-10-14_09h45.41.523,PsychoPy Exp,2023.1.2,59.88475775912357
Reality,FALSE,FB-Ig,T_B_T,PsychoPyStudy2Stim/T_B_T_2.png,"In REALITY, there is ONE cube",1,h,b,2,0,2,1,0,1,1,0,1,B,PropFalse,0,284,284,99,NA,NA,NA,NA,NA,0.00168039975687861,1671.9100507996045,1672.28319989983,1672.3830017000437,1674.3832397996448,1674.783027399797,1674.8853774997406,1674.8853774997406,b,1,0.9725549002178012,1675.883179599885,1675.883179599885,1675.883179599885,1675.883179599885,NA,NA,NA,NA,NA,NA,NA,019,001,2024-10-14_09h45.41.523,PsychoPy Exp,2023.1.2,59.88475775912357
Belief,FALSE,TB-K,D_NB,PsychoPyStudy2Stim/D_NB_1.png,Adam THINKS there is ONE cube,1,h,b,1,1,0,1,1,0,0,0,0,NB,PropFalse,0,285,285,162,NA,NA,NA,NA,NA,0.00171130010858178,1675.968722299673,1676.3497766996734,1676.449760799762,1678.4496577000243,1678.8496451997198,1678.9521484998986,1678.9521484998986,b,1,1.2334268996492028,1680.2162949000483,1680.2162949000483,1680.2162949000483,1680.2162949000483,NA,NA,NA,NA,NA,NA,NA,019,001,2024-10-14_09h45.41.523,PsychoPy Exp,2023.1.2,59.88475775912357
Belief,FALSE,TB-K-B,TT_B,PsychoPyStudy2Stim/TT_B_2.png,Adam THINKS there are ZERO cubes,0,h,b,2,0,2,2,0,2,0,0,0,B,PropFalse,0,286,286,189,NA,NA,NA,NA,NA,5.3820013999938e-4,1680.3013983997516,1680.682902999688,1680.783044300042,1682.7831325996667,1683.183161899913,1683.2852582000196,1683.2852582000196,b,1,6.292329299729317,1689.59950369969,1689.59950369969,1689.59950369969,1689.59950369969,NA,NA,NA,NA,NA,NA,NA,019,001,2024-10-14_09h45.41.523,PsychoPy Exp,2023.1.2,59.88475775912357
Knowledge,FALSE,FB-Ig,T_B_T,PsychoPyStudy2Stim/T_B_T_2.png,Adam KNOWS there are TWO cubes,2,h,b,2,0,2,1,0,1,1,0,1,B,PropTrueNoKnowledge,0,287,287,307,NA,NA,NA,NA,NA,3.7920009344816e-4,1689.671792499721,1690.0495464997366,1690.149881299585,1692.1498542996123,1692.549857399892,1692.652069599833,1692.652069599833,b,1,0.9665661002509296,1693.6494827000424,1693.6494827000424,1693.6494827000424,1693.6494827000424,NA,NA,NA,NA,NA,NA,NA,019,001,2024-10-14_09h45.41.523,PsychoPy Exp,2023.1.2,59.88475775912357
Belief,TRUE,TB-K,TT_NB,PsychoPyStudy2Stim/TT_NB_1.png,Adam THINKS there are TWO cubes,2,b,h,2,0,2,2,0,2,0,0,0,NB,-,0,288,288,120,NA,NA,NA,NA,NA,0.00167870009317994,1693.7147711999714,1694.099730100017,1694.1998895998113,1696.1999259996228,1696.5996006997302,1696.7020078999922,1696.7020078999922,h,1,0.8434770996682346,1697.5661240997724,1697.5661240997724,1697.5661240997724,1697.5661240997724,NA,NA,NA,NA,NA,NA,NA,019,001,2024-10-14_09h45.41.523,PsychoPy Exp,2023.1.2,59.88475775912357
Knowledge,TRUE,TB-K-B,DD_B,PsychoPyStudy2Stim/DD_B_6.png,Adam KNOWS there are ZERO cubes,0,b,h,2,2,0,2,2,0,0,0,0,B,-,0,289,289,239,NA,NA,NA,NA,NA,4.0639983490109e-4,1697.6508302995935,1698.0327805997804,1698.132977399975,1700.1332260998895,1700.5329016996548,1700.6355961998925,1700.6355961998925,h,1,4.718358600046486,1705.3830690998584,1705.3830690998584,1705.3830690998584,1705.3830690998584,NA,NA,NA,NA,NA,NA,NA,019,001,2024-10-14_09h45.41.523,PsychoPy Exp,2023.1.2,59.88475775912357
Belief,FALSE,TB-K-B,TT_B,PsychoPyStudy2Stim/TT_B_9.png,Adam THINKS there are ZERO cubes,0,h,b,2,0,2,2,0,2,0,0,0,B,PropFalse,0,290,290,196,NA,NA,NA,NA,NA,0.00166509998962283,1705.468328999821,1705.8496648999862,1705.9498397000134,1707.9498975998722,1708.3498313999737,1708.4516679998487,1708.4516679998487,b,1,5.901822699699551,1714.3828111998737,1714.3828111998737,1714.3828111998737,1714.3828111998737,NA,NA,NA,NA,NA,NA,NA,019,001,2024-10-14_09h45.41.523,PsychoPy Exp,2023.1.2,59.88475775912357
Belief,FALSE,FB-Ig,T_B_T,PsychoPyStudy2Stim/T_B_T_6.png,Adam THINKS there are TWO cubes,2,h,b,2,0,2,1,0,1,1,0,1,B,PropTrueNoBelief,0,291,291,205,NA,NA,NA,NA,NA,4.9939984455704e-4,1714.466607299633,1714.8496725996956,1714.9498458998278,1716.9497933997773,1717.3495037998073,1717.4518280997872,1717.4518280997872,b,1,3.254072300158441,1720.7330424999818,1720.7330424999818,1720.7330424999818,1720.7330424999818,NA,NA,NA,NA,NA,NA,NA,019,001,2024-10-14_09h45.41.523,PsychoPy Exp,2023.1.2,59.88475775912357
Reality,FALSE,TB-K,TT_NB,PsychoPyStudy2Stim/TT_NB_2.png,"In REALITY, there are ZERO cubes",0,h,b,2,0,2,2,0,2,0,0,0,NB,PropFalse,0,292,292,67,NA,NA,NA,NA,NA,0.00185150001198053,1720.834158099722,1721.21630069986,1721.3162585999817,1723.316476299893,1723.7164153996855,1723.818507899996,1723.818507899996,b,1,7.783157399855554,1731.632778999861,1731.632778999861,1731.632778999861,1731.632778999861,NA,NA,NA,NA,NA,NA,NA,019,001,2024-10-14_09h45.41.523,PsychoPy Exp,2023.1.2,59.88475775912357
Reality,FALSE,FB-Ig,T_B_T,PsychoPyStudy2Stim/T_B_T_4.png,"In REALITY, there is ONE cube",1,h,b,2,0,2,1,0,1,1,0,1,B,PropFalse,0,293,293,101,NA,NA,NA,NA,NA,4.0140002965927e-4,1731.7057953998446,1732.082904599607,1732.1827806998044,1734.1830074000172,1734.5830063996837,1734.6849521999247,1734.6849521999247,b,1,1.1564876004122198,1735.8659959998913,1735.8659959998913,1735.8659959998913,1735.8659959998913,NA,NA,NA,NA,NA,NA,NA,019,001,2024-10-14_09h45.41.523,PsychoPy Exp,2023.1.2,59.88475775912357
Knowledge,FALSE,TB-K,TT_NB,PsychoPyStudy2Stim/TT_NB_1.png,Adam KNOWS there are ZERO cubes,0,h,b,2,0,2,2,0,2,0,0,0,NB,PropFalse,0,294,294,282,NA,NA,NA,NA,NA,4.3489970266819e-4,1735.9422470997088,1736.316222799942,1736.4161069998518,1738.4162030997686,1738.8161887000315,1738.9184519997798,1738.9184519997798,b,1,0.8510495000518858,1739.7995543000288,1739.7995543000288,1739.7995543000288,1739.7995543000288,NA,NA,NA,NA,NA,NA,NA,019,001,2024-10-14_09h45.41.523,PsychoPy Exp,2023.1.2,59.88475775912357
Belief,TRUE,TB-K,TD_NB,PsychoPyStudy2Stim/TD_NB_1.png,Adam THINKS there is ONE cube,1,b,h,2,1,1,2,1,1,0,0,0,NB,-,0,295,295,117,NA,NA,NA,NA,NA,0.00148169975727796,1739.8698819000274,1740.2493622996844,1740.3495102999732,1742.3496685996652,1742.749720899854,1742.8517075995917,1742.8517075995917,b,0,1.7340170997194946,1744.6159398998134,1744.6159398998134,1744.6159398998134,1744.6159398998134,NA,NA,NA,NA,NA,NA,NA,019,001,2024-10-14_09h45.41.523,PsychoPy Exp,2023.1.2,59.88475775912357
Reality,FALSE,TB-K,D_NB,PsychoPyStudy2Stim/D_NB_3.png,"In REALITY, there are TWO cubes",2,h,b,1,1,0,1,1,0,0,0,0,NB,PropFalse,0,296,296,56,NA,NA,NA,NA,NA,4.1419966146349e-4,1744.691195399966,1745.0662191999145,1745.166300700046,1747.1663194997236,1747.5663640997373,1747.668373099994,1747.668373099994,b,1,0.6293609999120235,1748.3162161000073,1748.3162161000073,1748.3162161000073,1748.3162161000073,NA,NA,NA,NA,NA,NA,NA,019,001,2024-10-14_09h45.41.523,PsychoPy Exp,2023.1.2,59.88475775912357
Belief,TRUE,TB-K-B,TT_B,PsychoPyStudy2Stim/TT_B_5.png,Adam THINKS there are TWO cubes,2,b,h,2,0,2,2,0,2,0,0,0,B,-,0,297,297,138,NA,NA,NA,NA,NA,0.00150799984112381,1748.4021362997591,1748.7829024996608,1748.882842199877,1750.8830206999555,1751.282911399845,1751.3850545999594,1751.3850545999594,h,1,1.752681199926883,1753.166203300003,1753.166203300003,1753.166203300003,1753.166203300003,NA,NA,NA,NA,NA,NA,NA,019,001,2024-10-14_09h45.41.523,PsychoPy Exp,2023.1.2,59.88475775912357
Reality,FALSE,TB-K-B,TD_B,PsychoPyStudy2Stim/TD_B_7.png,"In REALITY, there are ZERO cubes",0,h,b,2,1,1,2,1,1,0,0,0,B,PropFalse,0,298,298,90,NA,NA,NA,NA,NA,0.00170170003548264,1753.2649662997574,1753.6495269997977,1753.7496492997743,1755.7496406999417,1756.149528699927,1756.2516303998418,1756.2516303998418,b,1,0.9258987000212072,1757.1995099997148,1757.1995099997148,1757.1995099997148,1757.1995099997148,NA,NA,NA,NA,NA,NA,NA,019,001,2024-10-14_09h45.41.523,PsychoPy Exp,2023.1.2,59.88475775912357
Belief,FALSE,TB-K,D_NB,PsychoPyStudy2Stim/D_NB_2.png,Adam THINKS there is ONE cube,1,h,b,1,1,0,1,1,0,0,0,0,NB,PropFalse,0,299,299,163,NA,NA,NA,NA,NA,0.00165440002456307,1757.2682400997728,1757.6495115999132,1757.7496377998032,1759.7496408997104,1760.1493635997176,1760.2516203997657,1760.2516203997657,b,1,1.0056403004564345,1761.282625499647,1761.282625499647,1761.282625499647,1761.282625499647,NA,NA,NA,NA,NA,NA,NA,019,001,2024-10-14_09h45.41.523,PsychoPy Exp,2023.1.2,59.88475775912357
Belief,TRUE,TB-Ig,D_B,PsychoPyStudy2Stim/D_B_3.png,Adam THINKS there are ZERO cubes,0,b,h,1,1,0,1,1,0,0,0,0,B,-,0,300,300,128,NA,NA,NA,NA,NA,4.305001348257e-4,1761.3529733996838,1761.732846699655,1761.8328529000282,1763.832698199898,1764.2328804996796,1764.3348113996908,1764.3348113996908,h,1,1.3388307997956872,1765.6994741000235,1765.6994741000235,1765.6994741000235,1765.6994741000235,NA,NA,NA,NA,NA,NA,NA,019,001,2024-10-14_09h45.41.523,PsychoPy Exp,2023.1.2,59.88475775912357
Reality,TRUE,FB-Ig,T_B_T,PsychoPyStudy2Stim/T_B_T_2.png,"In REALITY, there are TWO cubes",2,b,h,2,0,2,1,0,1,1,0,1,B,-,0,301,301,39,NA,NA,NA,NA,NA,0.00174969993531703,1765.793855899945,1766.1661332999356,1766.26628409978,1768.265966099687,1768.666178399697,1768.7681112997234,1768.7681112997234,h,1,1.4255007999017837,1770.216099799611,1770.216099799611,1770.216099799611,1770.216099799611,NA,NA,NA,NA,NA,NA,NA,019,001,2024-10-14_09h45.41.523,PsychoPy Exp,2023.1.2,59.88475775912357
Knowledge,TRUE,TB-K-B,DD_B,PsychoPyStudy2Stim/DD_B_3.png,Adam KNOWS there are ZERO cubes,0,b,h,2,2,0,2,2,0,0,0,0,B,-,0,302,302,236,NA,NA,NA,NA,NA,0.00151350023224949,1770.310099299997,1770.6825196999123,1770.782543499954,1772.7828994998708,1773.1829387997277,1773.2848030999303,1773.2848030999303,h,1,1.4927763999439776,1774.799374499824,1774.799374499824,1774.799374499824,1774.799374499824,NA,NA,NA,NA,NA,NA,NA,019,001,2024-10-14_09h45.41.523,PsychoPy Exp,2023.1.2,59.88475775912357
Belief,FALSE,TB-K-B,TT_B,PsychoPyStudy2Stim/TT_B_6.png,Adam THINKS there are ZERO cubes,0,h,b,2,0,2,2,0,2,0,0,0,B,PropFalse,0,303,303,193,NA,NA,NA,NA,NA,0.00166970025748014,1774.9149071997963,1775.2994683999568,1775.3995365998708,1777.3994268998504,1777.7995443996042,1777.9019406000152,1777.9019406000152,b,1,2.1073137996718287,1780.0325985997915,1780.0325985997915,1780.0325985997915,1780.0325985997915,NA,NA,NA,NA,NA,NA,NA,019,001,2024-10-14_09h45.41.523,PsychoPy Exp,2023.1.2,59.88475775912357
Knowledge,TRUE,TB-K-B,DD_B,PsychoPyStudy2Stim/DD_B_12.png,Adam KNOWS there are ZERO cubes,0,b,h,2,2,0,2,2,0,0,0,0,B,-,0,304,304,245,NA,NA,NA,NA,NA,7.5489981099963e-4,1780.1366624999791,1780.5160719999112,1780.6160185998306,1782.6162474998273,1783.0162013997324,1783.1182939000428,1783.1182939000428,h,1,0.667274700012058,1783.8160580997355,1783.8160580997355,1783.8160580997355,1783.8160580997355,NA,NA,NA,NA,NA,NA,NA,019,001,2024-10-14_09h45.41.523,PsychoPy Exp,2023.1.2,59.88475775912357
Reality,FALSE,TB-Ig,D_B,PsychoPyStudy2Stim/D_B_4.png,"In REALITY, there are TWO cubes",2,h,b,1,1,0,1,1,0,0,0,0,B,PropFalse,0,305,305,75,NA,NA,NA,NA,NA,0.00172170018777251,1783.8896883996204,1784.2658442999236,1784.3661680999212,1786.3661039997824,1786.7660646997392,1786.868212999776,1786.868212999776,b,1,0.5572804003022611,1787.4493638998829,1787.4493638998829,1787.4493638998829,1787.4493638998829,NA,NA,NA,NA,NA,NA,NA,019,001,2024-10-14_09h45.41.523,PsychoPy Exp,2023.1.2,59.88475775912357
Knowledge,TRUE,TB-K-B,TT_B,PsychoPyStudy2Stim/TT_B_19.png,Adam KNOWS there are TWO cubes,2,b,h,2,0,2,2,0,2,0,0,0,B,-,0,306,306,252,NA,NA,NA,NA,NA,0.00202760007232427,1787.5414975997992,1787.916052799672,1788.0161261996254,1790.015982999932,1790.4159774999134,1790.518039699644,1790.518039699644,h,1,1.387515400070697,1791.93268670002,1791.93268670002,1791.93268670002,1791.93268670002,NA,NA,NA,NA,NA,NA,NA,019,001,2024-10-14_09h45.41.523,PsychoPy Exp,2023.1.2,59.88475775912357
Belief,FALSE,TB-K,T_NB,PsychoPyStudy2Stim/T_NB_3.png,Adam THINKS there are TWO cubes,2,h,b,1,0,1,1,0,1,0,0,0,NB,PropFalse,0,307,307,167,NA,NA,NA,NA,NA,0.00164780020713806,1792.0245956997387,1792.3991521997375,1792.499518299941,1794.4995269998908,1794.899482099805,1795.001407600008,1795.001407600008,b,1,0.73616630025208,1795.765993999783,1795.765993999783,1795.765993999783,1795.765993999783,NA,NA,NA,NA,NA,NA,NA,019,001,2024-10-14_09h45.41.523,PsychoPy Exp,2023.1.2,59.88475775912357
Knowledge,TRUE,TB-K,TT_NB,PsychoPyStudy2Stim/TT_NB_5.png,Adam KNOWS there are TWO cubes,2,b,h,2,0,2,2,0,2,0,0,0,NB,-,0,308,308,232,NA,NA,NA,NA,NA,0.00192440021783113,1795.854699799791,1796.2326848995872,1796.3325935998,1798.3326155999675,1798.7325885999016,1798.8348153997213,1798.8348153997213,h,1,0.6627293000929058,1799.5160580999218,1799.5160580999218,1799.5160580999218,1799.5160580999218,NA,NA,NA,NA,NA,NA,NA,019,001,2024-10-14_09h45.41.523,PsychoPy Exp,2023.1.2,59.88475775912357
Knowledge,FALSE,TB-Ig,D_B_D,PsychoPyStudy2Stim/D_B_D_3.png,Adam KNOWS there are ZERO cubes,0,h,b,2,2,0,1,1,0,1,1,0,B,PropTrueNoKnowledge,0,309,309,294,NA,NA,NA,NA,NA,0.0019225999712944,1799.603336100001,1799.9826927999966,1800.082564199809,1802.0828025997616,1802.4827435999175,1802.584591699764,1802.584591699764,b,1,2.3049963996745646,1804.9159980998377,1804.9159980998377,1804.9159980998377,1804.9159980998377,NA,NA,NA,NA,NA,NA,NA,019,001,2024-10-14_09h45.41.523,PsychoPy Exp,2023.1.2,59.88475775912357
Knowledge,FALSE,FB-Ig,T_B_T,PsychoPyStudy2Stim/T_B_T_1.png,Adam KNOWS there is ONE cube,1,h,b,2,0,2,1,0,1,1,0,1,B,PropFalse,0,310,310,300,NA,NA,NA,NA,NA,0.00180390011519193,1804.9944519996643,1805.3657415998168,1805.4660863997417,1807.4657964999788,1807.865984799806,1807.9681867999025,1807.9681867999025,b,1,15.041283699683843,1823.0326320999304,1823.0326320999304,1823.0326320999304,1823.0326320999304,NA,NA,NA,NA,NA,NA,NA,019,001,2024-10-14_09h45.41.523,PsychoPy Exp,2023.1.2,59.88475775912357
Belief,TRUE,FB-Ig,T_B_T,PsychoPyStudy2Stim/T_B_T_1.png,Adam THINKS there is ONE cube,1,b,h,2,0,2,1,0,1,1,0,1,B,-,0,311,311,152,NA,NA,NA,NA,NA,0.00193849997594952,1823.1297768997028,1823.4992163996212,1823.599374199752,1825.59942159988,1825.9993822998367,1826.1014633998277,1826.1014633998277,h,1,3.171691999770701,1829.2991268998012,1829.2991268998012,1829.2991268998012,1829.2991268998012,NA,NA,NA,NA,NA,NA,NA,019,001,2024-10-14_09h45.41.523,PsychoPy Exp,2023.1.2,59.88475775912357
Knowledge,TRUE,TB-K-B,TD_B,PsychoPyStudy2Stim/TD_B_7.png,Adam KNOWS there is ONE cube,1,b,h,2,1,1,2,1,1,0,0,0,B,-,0,312,312,264,NA,NA,NA,NA,NA,0.00150940008461475,1829.3892065999096,1829.7657356997952,1829.8657521000132,1831.8657831000164,1832.2659804997968,1832.367891999893,1832.367891999893,h,1,0.6015380001626909,1832.9989527999423,1832.9989527999423,1832.9989527999423,1832.9989527999423,NA,NA,NA,NA,NA,NA,NA,019,001,2024-10-14_09h45.41.523,PsychoPy Exp,2023.1.2,59.88475775912357
Knowledge,FALSE,FB-Ig,D_B_T,PsychoPyStudy2Stim/D_B_T_3.png,Adam KNOWS there is ONE cube,1,h,b,2,1,1,1,1,0,1,0,1,B,PropTrueNoKnowledge,0,313,313,320,NA,NA,NA,NA,NA,0.00216430006548762,1833.065500299912,1833.4491942999884,1833.5493697999043,1835.5491303997112,1835.9493183996528,1836.051423699595,1836.051423699595,b,1,0.8936157003045082,1836.9656596998684,1836.9656596998684,1836.9656596998684,1836.9656596998684,NA,NA,NA,NA,NA,NA,NA,019,001,2024-10-14_09h45.41.523,PsychoPy Exp,2023.1.2,59.88475775912357
Reality,TRUE,FB-Ig,T_B_T,PsychoPyStudy2Stim/T_B_T_1.png,"In REALITY, there are TWO cubes",2,b,h,2,0,2,1,0,1,1,0,1,B,-,0,314,314,44,NA,NA,NA,NA,NA,4.1650002822279e-4,1837.038132299669,1837.4158878996968,1837.5156716997735,1839.5159674999304,1839.9159496999343,1840.0180516997352,1840.0180516997352,h,1,0.48744119983166456,1840.5323068997825,1840.5323068997825,1840.5323068997825,1840.5323068997825,NA,NA,NA,NA,NA,NA,NA,019,001,2024-10-14_09h45.41.523,PsychoPy Exp,2023.1.2,59.88475775912357
Belief,TRUE,FB-Ig,T_B_T,PsychoPyStudy2Stim/T_B_T_6.png,Adam THINKS there is ONE cube,1,b,h,2,0,2,1,0,1,1,0,1,B,-,0,315,315,151,NA,NA,NA,NA,NA,0.00192820001393556,1840.6034412998704,1840.9825045997277,1841.0826689996757,1843.0824551996775,1843.4824703000488,1843.584654499777,1843.584654499777,h,1,1.3287191996350884,1844.9323032996615,1844.9323032996615,1844.9323032996615,1844.9323032996615,NA,NA,NA,NA,NA,NA,NA,019,001,2024-10-14_09h45.41.523,PsychoPy Exp,2023.1.2,59.88475775912357
Belief,FALSE,TB-Ig,D_B_D,PsychoPyStudy2Stim/D_B_D_2.png,Adam THINKS there is ONE cube,1,h,b,2,2,0,1,1,0,1,1,0,B,PropFalse,0,316,316,185,NA,NA,NA,NA,NA,0.0021319999359548,1844.997841899749,1845.3824716997333,1845.4826311999932,1847.48264870001,1847.8824724997392,1847.9847223996185,1847.9847223996185,b,1,0.5764746000058949,1848.582330300007,1848.582330300007,1848.582330300007,1848.582330300007,NA,NA,NA,NA,NA,NA,NA,019,001,2024-10-14_09h45.41.523,PsychoPy Exp,2023.1.2,59.88475775912357
Knowledge,FALSE,FB-Ig,T_B_T,PsychoPyStudy2Stim/T_B_T_5.png,Adam KNOWS there is ONE cube,1,h,b,2,0,2,1,0,1,1,0,1,B,PropFalse,0,317,317,304,NA,NA,NA,NA,NA,0.0019311998039484,1848.6514709000476,1849.0324706998656,1849.1326416996308,1851.13227729965,1851.5322767999023,1851.635100199841,1851.635100199841,b,1,1.2537894998677075,1852.9154625996016,1852.9154625996016,1852.9154625996016,1852.9154625996016,NA,NA,NA,NA,NA,NA,NA,019,001,2024-10-14_09h45.41.523,PsychoPy Exp,2023.1.2,59.88475775912357
Knowledge,FALSE,FB-Ig,T_B_T,PsychoPyStudy2Stim/T_B_T_3.png,Adam KNOWS there are TWO cubes,2,h,b,2,0,2,1,0,1,1,0,1,B,PropTrueNoKnowledge,0,318,318,308,NA,NA,NA,NA,NA,4.3839961290359e-4,1852.9930149000136,1853.3654684997164,1853.4656306998804,1855.4658920997751,1855.865820299834,1855.9679278996773,1855.9679278996773,b,1,0.6653873003087938,1856.6488202000037,1856.6488202000037,1856.6488202000037,1856.6488202000037,NA,NA,NA,NA,NA,NA,NA,019,001,2024-10-14_09h45.41.523,PsychoPy Exp,2023.1.2,59.88475775912357
Belief,TRUE,FB-Ig,T_B_T,PsychoPyStudy2Stim/T_B_T_4.png,Adam THINKS there is ONE cube,1,b,h,2,0,2,1,0,1,1,0,1,B,-,0,319,319,149,NA,NA,NA,NA,NA,4.5339995995163e-4,1856.7198982997795,1857.0991199999116,1857.1992534999736,1859.1992260999975,1859.5992195997387,1859.7013423000465,1859.7013423000465,h,1,0.5960317999124527,1860.3158255997112,1860.3158255997112,1860.3158255997112,1860.3158255997112,NA,NA,NA,NA,NA,NA,NA,019,001,2024-10-14_09h45.41.523,PsychoPy Exp,2023.1.2,59.88475775912357
Belief,FALSE,TB-K,TT_NB,PsychoPyStudy2Stim/TT_NB_5.png,Adam THINKS there is ONE cube,1,h,b,2,0,2,2,0,2,0,0,0,NB,PropFalse,0,320,320,178,NA,NA,NA,NA,NA,0.00194070022553205,1860.4003926999867,1860.782419799827,1860.8825403996743,1862.8823069999928,1863.282261699904,1863.3851560996843,1863.3851560996843,b,1,0.7837416999973357,1864.1988011999056,1864.1988011999056,1864.1988011999056,1864.1988011999056,NA,NA,NA,NA,NA,NA,NA,019,001,2024-10-14_09h45.41.523,PsychoPy Exp,2023.1.2,59.88475775912357
Knowledge,TRUE,TB-K-B,TD_B,PsychoPyStudy2Stim/TD_B_9.png,Adam KNOWS there is ONE cube,1,b,h,2,1,1,2,1,1,0,0,0,B,-,0,321,321,266,NA,NA,NA,NA,NA,4.7399988397955e-4,1864.2693731999025,1864.6487302999012,1864.748882399872,1866.748959199991,1867.149125899654,1867.2513088998385,1867.2513088998385,h,1,0.7096315999515355,1867.9821815998291,1867.9821815998291,1867.9821815998291,1867.9821815998291,NA,NA,NA,NA,NA,NA,NA,019,001,2024-10-14_09h45.41.523,PsychoPy Exp,2023.1.2,59.88475775912357
Reality,TRUE,FB-Ig,T_B_T,PsychoPyStudy2Stim/T_B_T_1.png,"In REALITY, there are TWO cubes",2,b,h,2,0,2,1,0,1,1,0,1,B,-,0,322,322,38,NA,NA,NA,NA,NA,4.5970035716891e-4,1868.050953899976,1868.4324360997416,1868.532285499852,1870.532491199672,1870.9324242998848,1871.034637799952,1871.034637799952,h,1,0.6223320998251438,1871.682509299833,1871.682509299833,1871.682509299833,1871.682509299833,NA,NA,NA,NA,NA,NA,NA,019,001,2024-10-14_09h45.41.523,PsychoPy Exp,2023.1.2,59.88475775912357
Reality,FALSE,TB-Ig,D_B_D,PsychoPyStudy2Stim/D_B_D_2.png,"In REALITY, there are TWO cubes",2,h,b,2,2,0,1,1,0,1,1,0,B,PropFalse,0,323,323,77,NA,NA,NA,NA,NA,0.00117610022425651,1871.7749920999631,1872.1491151996888,1872.2491890997624,1874.2492015999744,1874.648947000038,1874.7511934996585,1874.7511934996585,b,1,0.77009839983657,1875.549327899702,1875.549327899702,1875.549327899702,1875.549327899702,NA,NA,NA,NA,NA,NA,NA,019,001,2024-10-14_09h45.41.523,PsychoPy Exp,2023.1.2,59.88475775912357
NA,NA,NA,NA,NA,NA,NA,NA,NA,NA,NA,NA,NA,NA,NA,NA,NA,NA,NA,NA,NA,NA,NA,NA,NA,NA,NA,NA,NA,NA,NA,NA,NA,NA,NA,NA,NA,NA,NA,NA,NA,NA,NA,NA,NA,NA,1875.549327899702,1876.5492342999205,1885.5490230997093,1885.5490230997093,NA,019,001,2024-10-14_09h45.41.523,PsychoPy Exp,2023.1.2,59.88475775912357
