Condition,TrueFalse,Scenario,StimType,Stimulus,Statement,StatementNum,CorAnsEven,CorAnsOdd,TotalObjects,TotalDistractors,TotalTargets,VisibleObjects,VisibleDistractors,VisibleTargets,HiddenObjects,HiddenDistractors,HiddenTargets,Barrier,WhyFalse,ExpTrial.thisRepN,ExpTrial.thisTrialN,ExpTrial.thisN,ExpTrial.thisIndex,ExpIntroText.started,ExpIntroPressSPACEText.started,ExpIntroPressSPACE.started,ExpIntroPressSPACE.keys,ExpIntroPressSPACE.rt,ExpISI.started,ExpPrimerText.started,ExpPrimerText.stopped,ExpText.started,ExpImagePrimer.started,ExpImagePrimer.stopped,ExpImage.started,ExpResponse.started,ExpResponse.keys,ExpResponse.corr,ExpResponse.rt,BreakTextPrompt.started,BreakTextPrompt.stopped,BreakTextKeyResponse.started,BreakTextKeyResponse.stopped,BreakTextKeyResponse.keys,BreakTextKeyResponse.rt,ExpEndText.started,ExpEndPressSPACE.started,ExpEndPressSPACE.keys,ExpEndPressSPACE.rt,participant,session,date,expName,psychopyVersion,frameRate
NA,NA,NA,NA,NA,NA,NA,NA,NA,NA,NA,NA,NA,NA,NA,NA,NA,NA,NA,NA,NA,NA,NA,NA,12.941743500065058,14.920662299962714,14.920662299962714,space,33.56154010002501,NA,NA,NA,NA,NA,NA,NA,NA,NA,NA,NA,NA,NA,NA,NA,NA,NA,NA,NA,NA,NA,006,001,2024-10-02_16h38.34.993,PsychoPy Exp,2023.1.2,59.93213286622176
Belief,TRUE,TB-Ig,D_B_D,PsychoPyStudy2Stim/D_B_D_4.png,Adam THINKS there are ZERO cubes,0,b,h,2,2,0,1,1,0,1,1,0,B,-,0,0,0,133,NA,NA,NA,NA,NA,0.19626210001297295,48.768661400070414,49.15294010005891,49.25316740013659,51.25294860010035,51.65309499995783,51.7912656001281,51.7912656001281,b,1,2.8832083002198488,54.703000700101256,54.703000700101256,54.703000700101256,54.703000700101256,NA,NA,NA,NA,NA,NA,006,001,2024-10-02_16h38.34.993,PsychoPy Exp,2023.1.2,59.93213286622176
Reality,FALSE,FB-Ig,T_B_T,PsychoPyStudy2Stim/T_B_T_6.png,"In REALITY, there is ONE cube",1,h,b,2,0,2,1,0,1,1,0,1,B,PropFalse,0,1,1,103,NA,NA,NA,NA,NA,0.00169910001568496,54.802171000046656,55.18629129999317,55.28624889999628,57.286420500138775,57.68645039992407,57.78866590000689,57.78866590000689,h,1,2.3177398999687284,60.13635489996523,60.13635489996523,60.13635489996523,60.13635489996523,NA,NA,NA,NA,NA,NA,006,001,2024-10-02_16h38.34.993,PsychoPy Exp,2023.1.2,59.93213286622176
Knowledge,TRUE,TB-K-B,DD_B,PsychoPyStudy2Stim/DD_B_1.png,Adam KNOWS there are ZERO cubes,0,b,h,2,2,0,2,2,0,0,0,0,B,-,0,2,2,234,NA,NA,NA,NA,NA,0.00169750000350177,60.22770470008254,60.60293249995448,60.70308479992673,62.70305499993265,63.103017300134525,63.20533929998055,63.20533929998055,b,1,0.9569977999199182,64.18625489994884,64.18625489994884,64.18625489994884,64.18625489994884,NA,NA,NA,NA,NA,NA,006,001,2024-10-02_16h38.34.993,PsychoPy Exp,2023.1.2,59.93213286622176
Knowledge,TRUE,TB-K,TD_NB,PsychoPyStudy2Stim/TD_NB_1.png,Adam KNOWS there is ONE cube,1,b,h,2,1,1,2,1,1,0,0,0,NB,-,0,3,3,225,NA,NA,NA,NA,NA,0.00150799984112381,64.26132700010203,64.63599120010622,64.73615240002982,66.73642640002072,67.13630220014602,67.23869969998486,67.23869969998486,b,1,0.6116969001013786,67.86967960000038,67.86967960000038,67.86967960000038,67.86967960000038,NA,NA,NA,NA,NA,NA,006,001,2024-10-02_16h38.34.993,PsychoPy Exp,2023.1.2,59.93213286622176
Reality,FALSE,TB-Ig,D_B,PsychoPyStudy2Stim/D_B_3.png,"In REALITY, there are TWO cubes",2,h,b,1,1,0,1,1,0,0,0,0,B,PropFalse,0,4,4,74,NA,NA,NA,NA,NA,0.00170950009487569,67.96741949999705,68.35291579994373,68.45301910000853,70.45282110013068,70.85287669999525,70.95523079996929,70.95523079996929,h,1,0.8551503999624401,71.83628219994716,71.83628219994716,71.83628219994716,71.83628219994716,NA,NA,NA,NA,NA,NA,006,001,2024-10-02_16h38.34.993,PsychoPy Exp,2023.1.2,59.93213286622176
Reality,TRUE,TB-K,T_NB,PsychoPyStudy2Stim/T_NB_3.png,"In REALITY, there is ONE cube",1,b,h,1,0,1,1,0,1,0,0,0,NB,-,0,5,5,5,NA,NA,NA,NA,NA,0.00168090010993182,71.92409400013275,72.30289250006899,72.4030065999832,74.40302400011569,74.80293720006011,74.90522690000944,74.90522690000944,b,1,0.8651908000465482,75.78606680012308,75.78606680012308,75.78606680012308,75.78606680012308,NA,NA,NA,NA,NA,NA,006,001,2024-10-02_16h38.34.993,PsychoPy Exp,2023.1.2,59.93213286622176
Knowledge,FALSE,FB-Ig,T_B_T,PsychoPyStudy2Stim/T_B_T_1.png,Adam KNOWS there are TWO cubes,2,h,b,2,0,2,1,0,1,1,0,1,B,PropTrueNoKnowledge,0,6,6,312,NA,NA,NA,NA,NA,0.00148240011185407,75.85997770004906,76.23618960008025,76.33634919999167,78.33633990003727,78.73631900013424,78.838701199973,78.838701199973,h,1,0.9478891000617296,79.80273430002853,79.80273430002853,79.80273430002853,79.80273430002853,NA,NA,NA,NA,NA,NA,006,001,2024-10-02_16h38.34.993,PsychoPy Exp,2023.1.2,59.93213286622176
Knowledge,TRUE,TB-K-B,TT_B,PsychoPyStudy2Stim/TT_B_18.png,Adam KNOWS there are TWO cubes,2,b,h,2,0,2,2,0,2,0,0,0,B,-,0,7,7,251,NA,NA,NA,NA,NA,4.5110005885362e-4,79.87945770006627,80.25287090009078,80.35281620011665,82.3528881999664,82.75297149992548,82.85522549995221,82.85522549995221,b,1,0.7711334000341594,83.652892800048,83.652892800048,83.652892800048,83.652892800048,NA,NA,NA,NA,NA,NA,006,001,2024-10-02_16h38.34.993,PsychoPy Exp,2023.1.2,59.93213286622176
Knowledge,TRUE,TB-K,TT_NB,PsychoPyStudy2Stim/TT_NB_1.png,Adam KNOWS there are TWO cubes,2,b,h,2,0,2,2,0,2,0,0,0,NB,-,0,8,8,228,NA,NA,NA,NA,NA,0.00168560002930462,83.74663610011339,84.11954650003463,84.21967529994436,86.21963519998826,86.61968220002018,86.7219800001476,86.7219800001476,b,1,0.8083144999109209,87.55268980003893,87.55268980003893,87.55268980003893,87.55268980003893,NA,NA,NA,NA,NA,NA,006,001,2024-10-02_16h38.34.993,PsychoPy Exp,2023.1.2,59.93213286622176
Belief,TRUE,TB-Ig,D_B,PsychoPyStudy2Stim/D_B_4.png,Adam THINKS there are ZERO cubes,0,b,h,1,1,0,1,1,0,0,0,0,B,-,0,9,9,129,NA,NA,NA,NA,NA,0.00170099991373717,87.62453710008413,88.00283719995059,88.10298960004002,90.10301219997928,90.50293840002269,90.60515550011768,90.60515550011768,b,1,1.1172909999731928,91.75287480000408,91.75287480000408,91.75287480000408,91.75287480000408,NA,NA,NA,NA,NA,NA,006,001,2024-10-02_16h38.34.993,PsychoPy Exp,2023.1.2,59.93213286622176
Reality,TRUE,TB-K,TT_NB,PsychoPyStudy2Stim/TT_NB_5.png,"In REALITY, there are TWO cubes",2,b,h,2,0,2,2,0,2,0,0,0,NB,-,0,10,10,16,NA,NA,NA,NA,NA,0.00168600003235042,91.84153760015032,92.2194998001214,92.31961579993369,94.31945009995252,94.71950360015036,94.8219175999984,94.8219175999984,b,1,0.6523827998898923,95.5028478000313,95.5028478000313,95.5028478000313,95.5028478000313,NA,NA,NA,NA,NA,NA,006,001,2024-10-02_16h38.34.993,PsychoPy Exp,2023.1.2,59.93213286622176
Knowledge,FALSE,FB-Ig,T_B_T,PsychoPyStudy2Stim/T_B_T_5.png,Adam KNOWS there are TWO cubes,2,h,b,2,0,2,1,0,1,1,0,1,B,PropTrueNoKnowledge,0,11,11,310,NA,NA,NA,NA,NA,0.00167550006881356,95.58684240002184,95.9692989999894,96.06962750013918,98.06943159992808,98.4695469001308,98.5718970000744,98.5718970000744,h,1,1.1900639000814408,99.78618669998832,99.78618669998832,99.78618669998832,99.78618669998832,NA,NA,NA,NA,NA,NA,006,001,2024-10-02_16h38.34.993,PsychoPy Exp,2023.1.2,59.93213286622176
Reality,TRUE,TB-K,TD_NB,PsychoPyStudy2Stim/TD_NB_1.png,"In REALITY, there is ONE cube",1,b,h,2,1,1,2,1,1,0,0,0,NB,-,0,12,12,9,NA,NA,NA,NA,NA,0.00100619997829198,99.86435270006768,100.23617070005275,100.33624089998192,102.33620609994978,102.73622309998608,102.83846410014668,102.83846410014668,b,1,0.5646873000077903,103.41950369998813,103.41950369998813,103.41950369998813,103.41950369998813,NA,NA,NA,NA,NA,NA,006,001,2024-10-02_16h38.34.993,PsychoPy Exp,2023.1.2,59.93213286622176
Reality,TRUE,FB-Ig,T_B_T,PsychoPyStudy2Stim/T_B_T_1.png,"In REALITY, there are TWO cubes",2,b,h,2,0,2,1,0,1,1,0,1,B,-,0,13,13,38,NA,NA,NA,NA,NA,0.0016920999623835,103.51435140008108,103.886107099941,103.98623830010185,105.98620530008338,106.38613800005989,106.48875509994105,106.48875509994105,b,1,0.7215074000414461,107.23614319995976,107.23614319995976,107.23614319995976,107.23614319995976,NA,NA,NA,NA,NA,NA,006,001,2024-10-02_16h38.34.993,PsychoPy Exp,2023.1.2,59.93213286622176
Knowledge,FALSE,FB-Ig,T_B_T,PsychoPyStudy2Stim/T_B_T_6.png,Adam KNOWS there is ONE cube,1,h,b,2,0,2,1,0,1,1,0,1,B,PropFalse,0,14,14,305,NA,NA,NA,NA,NA,0.0017018998041749,107.33166000014172,107.7027364000678,107.80287400004454,109.80285959993488,110.2027658999432,110.30511429999024,110.30511429999024,b,0,0.6087847000453621,110.93597110011616,110.93597110011616,110.93597110011616,110.93597110011616,NA,NA,NA,NA,NA,NA,006,001,2024-10-02_16h38.34.993,PsychoPy Exp,2023.1.2,59.93213286622176
Knowledge,FALSE,FB-Ig,T_B_T,PsychoPyStudy2Stim/T_B_T_2.png,Adam KNOWS there is ONE cube,1,h,b,2,0,2,1,0,1,1,0,1,B,PropFalse,0,15,15,301,NA,NA,NA,NA,NA,3.8880016654729e-4,111.00566649995744,111.38607720006256,111.48620139993729,113.4860253999941,113.88622780004516,113.98844680003822,113.98844680003822,b,0,0.7574170001316816,114.76923770015128,114.76923770015128,114.76923770015128,114.76923770015128,NA,NA,NA,NA,NA,NA,006,001,2024-10-02_16h38.34.993,PsychoPy Exp,2023.1.2,59.93213286622176
Belief,TRUE,TB-K-B,TT_B,PsychoPyStudy2Stim/TT_B_1.png,Adam THINKS there are TWO cubes,2,b,h,2,0,2,2,0,2,0,0,0,B,-,0,16,16,134,NA,NA,NA,NA,NA,5.9060007333755e-4,114.85082749999128,115.23605299997143,115.3361947000958,117.3362247000914,117.73614379996434,117.8384658000432,117.8384658000432,b,1,0.555721600074321,118.41926930006592,118.41926930006592,118.41926930006592,118.41926930006592,NA,NA,NA,NA,NA,NA,006,001,2024-10-02_16h38.34.993,PsychoPy Exp,2023.1.2,59.93213286622176
Belief,FALSE,FB-Ig,T_B_T,PsychoPyStudy2Stim/T_B_T_1.png,Adam THINKS there are TWO cubes,2,h,b,2,0,2,1,0,1,1,0,1,B,PropTrueNoBelief,0,17,17,206,NA,NA,NA,NA,NA,0.00199070014059543,118.49172829999588,118.86939790006728,118.96948470012283,120.9695359999314,121.36953300004824,121.47180900000969,121.47180900000969,h,1,1.4500378998927772,122.95267540006898,122.95267540006898,122.95267540006898,122.95267540006898,NA,NA,NA,NA,NA,NA,006,001,2024-10-02_16h38.34.993,PsychoPy Exp,2023.1.2,59.93213286622176
Belief,TRUE,TB-Ig,D_B_D,PsychoPyStudy2Stim/D_B_D_3.png,Adam THINKS there are ZERO cubes,0,b,h,2,2,0,1,1,0,1,1,0,B,-,0,18,18,132,NA,NA,NA,NA,NA,7.4449996463954e-4,123.04442699998616,123.41936759999952,123.51952140009962,125.51938370009884,125.9194738001097,126.0217544999905,126.0217544999905,b,1,0.6282985999714583,126.66921099997126,126.66921099997126,126.66921099997126,126.66921099997126,NA,NA,NA,NA,NA,NA,006,001,2024-10-02_16h38.34.993,PsychoPy Exp,2023.1.2,59.93213286622176
Reality,FALSE,TB-K-B,TD_B,PsychoPyStudy2Stim/TD_B_2.png,"In REALITY, there are ZERO cubes",0,h,b,2,1,1,2,1,1,0,0,0,B,PropFalse,0,19,19,85,NA,NA,NA,NA,NA,0.00174329988658428,126.74137940001674,127.11925180000252,127.2195081000682,129.21950380015187,129.61947989999317,129.72175529995002,129.72175529995002,h,1,0.8000367998611182,130.5526644999627,130.5526644999627,130.5526644999627,130.5526644999627,NA,NA,NA,NA,NA,NA,006,001,2024-10-02_16h38.34.993,PsychoPy Exp,2023.1.2,59.93213286622176
Knowledge,FALSE,TB-K,DD_NB,PsychoPyStudy2Stim/DD_NB_2.png,Adam KNOWS there are TWO cubes,2,h,b,2,2,0,2,2,0,0,0,0,NB,PropFalse,0,20,20,277,NA,NA,NA,NA,NA,7.9600000753998e-4,130.6483100000769,131.0193231001031,131.1194547000341,133.11925050010905,133.51948769995943,133.6217696999665,133.6217696999665,h,1,1.6280761000234634,135.26926259999163,135.26926259999163,135.26926259999163,135.26926259999163,NA,NA,NA,NA,NA,NA,006,001,2024-10-02_16h38.34.993,PsychoPy Exp,2023.1.2,59.93213286622176
Belief,FALSE,TB-K-B,TT_B,PsychoPyStudy2Stim/TT_B_8.png,Adam THINKS there are ZERO cubes,0,h,b,2,0,2,2,0,2,0,0,0,B,PropFalse,0,21,21,195,NA,NA,NA,NA,NA,7.7209994196891e-4,135.3633843001444,135.7360020999331,135.8359924000688,137.83600879996084,138.23599660000764,138.33842890011147,138.33842890011147,h,1,1.6811373999807984,140.03603269997984,140.03603269997984,140.03603269997984,140.03603269997984,NA,NA,NA,NA,NA,NA,006,001,2024-10-02_16h38.34.993,PsychoPy Exp,2023.1.2,59.93213286622176
Belief,TRUE,TB-K,TD_NB,PsychoPyStudy2Stim/TD_NB_2.png,Adam THINKS there is ONE cube,1,b,h,2,1,1,2,1,1,0,0,0,NB,-,0,22,22,118,NA,NA,NA,NA,NA,0.0018412999343127,140.13636230002157,140.51931020012125,140.61943270009942,142.61948460014537,143.01928899995983,143.12153030000627,143.12153030000627,b,1,0.648784700082615,143.7859674000647,143.7859674000647,143.7859674000647,143.7859674000647,NA,NA,NA,NA,NA,NA,006,001,2024-10-02_16h38.34.993,PsychoPy Exp,2023.1.2,59.93213286622176
Knowledge,TRUE,TB-K-B,DD_B,PsychoPyStudy2Stim/DD_B_5.png,Adam KNOWS there are ZERO cubes,0,b,h,2,2,0,2,2,0,0,0,0,B,-,0,23,23,238,NA,NA,NA,NA,NA,0.0018164999783039,143.87861969997175,144.25261280010454,144.35259180003777,146.3527258001268,146.75275980005972,146.85497390013188,146.85497390013188,b,1,0.963775800075382,147.8359445000533,147.8359445000533,147.8359445000533,147.8359445000533,NA,NA,NA,NA,NA,NA,006,001,2024-10-02_16h38.34.993,PsychoPy Exp,2023.1.2,59.93213286622176
Reality,TRUE,FB-Ig,T_B_T,PsychoPyStudy2Stim/T_B_T_4.png,"In REALITY, there are TWO cubes",2,b,h,2,0,2,1,0,1,1,0,1,B,-,0,24,24,41,NA,NA,NA,NA,NA,0.00159280002117156,147.91183160012588,148.28593529993668,148.38609199994244,150.38607060001232,150.78589719999582,150.88821740006097,150.88821740006097,b,1,0.9459579999092966,151.85251210001297,151.85251210001297,151.85251210001297,151.85251210001297,NA,NA,NA,NA,NA,NA,006,001,2024-10-02_16h38.34.993,PsychoPy Exp,2023.1.2,59.93213286622176
Knowledge,TRUE,TB-K-B,TD_B,PsychoPyStudy2Stim/TD_B_12.png,Adam KNOWS there is ONE cube,1,b,h,2,1,1,2,1,1,0,0,0,B,-,0,25,25,269,NA,NA,NA,NA,NA,0.00191920017823576,151.93141830014065,152.30257120006718,152.40277769998647,154.40271589998156,154.8027119000908,154.90494040003978,154.90494040003978,b,1,0.7208358000498265,155.65252240002155,155.65252240002155,155.65252240002155,155.65252240002155,NA,NA,NA,NA,NA,NA,006,001,2024-10-02_16h38.34.993,PsychoPy Exp,2023.1.2,59.93213286622176
Belief,TRUE,FB-Ig,T_B_T,PsychoPyStudy2Stim/T_B_T_3.png,Adam THINKS there is ONE cube,1,b,h,2,0,2,1,0,1,1,0,1,B,-,0,26,26,154,NA,NA,NA,NA,NA,0.0012097000144422,155.72669390006922,156.10253840009682,156.20261160004884,158.20267880009487,158.60258850012906,158.70495819998905,158.70495819998905,b,1,0.6571015999652445,159.38599109998904,159.38599109998904,159.38599109998904,159.38599109998904,NA,NA,NA,NA,NA,NA,006,001,2024-10-02_16h38.34.993,PsychoPy Exp,2023.1.2,59.93213286622176
Knowledge,TRUE,TB-K-B,DD_B,PsychoPyStudy2Stim/DD_B_12.png,Adam KNOWS there are ZERO cubes,0,b,h,2,2,0,2,2,0,0,0,0,B,-,0,27,27,245,NA,NA,NA,NA,NA,0.00168810016475617,159.47920659999363,159.85256700008176,159.95273040002212,161.95268350001425,162.35271700005978,162.4548736999277,162.4548736999277,b,1,0.7067925999872386,163.18570880009793,163.18570880009793,163.18570880009793,163.18570880009793,NA,NA,NA,NA,NA,NA,006,001,2024-10-02_16h38.34.993,PsychoPy Exp,2023.1.2,59.93213286622176
Belief,TRUE,FB-Ig,D_B_T,PsychoPyStudy2Stim/D_B_T_4.png,Adam THINKS there are ZERO cubes,0,b,h,2,1,1,1,1,0,1,0,1,B,-,0,28,28,161,NA,NA,NA,NA,NA,4.7129997983574e-4,163.26021130010486,163.6357311999891,163.73600969999097,165.73599339998327,166.13572570006363,166.23833730001934,166.23833730001934,b,1,0.7481194001156837,167.00238680001348,167.00238680001348,167.00238680001348,167.00238680001348,NA,NA,NA,NA,NA,NA,006,001,2024-10-02_16h38.34.993,PsychoPy Exp,2023.1.2,59.93213286622176
Knowledge,TRUE,TB-K-B,TT_B,PsychoPyStudy2Stim/TT_B_24.png,Adam KNOWS there are TWO cubes,2,b,h,2,0,2,2,0,2,0,0,0,B,-,0,29,29,257,NA,NA,NA,NA,NA,0.0016652001067996,167.0814934000373,167.45255520008504,167.55255310004577,169.5526684001088,169.95263870013878,170.0549085999373,170.0549085999373,b,1,0.5947496998123825,170.6690281999763,170.6690281999763,170.6690281999763,170.6690281999763,NA,NA,NA,NA,NA,NA,006,001,2024-10-02_16h38.34.993,PsychoPy Exp,2023.1.2,59.93213286622176
Belief,FALSE,TB-K,D_NB,PsychoPyStudy2Stim/D_NB_3.png,Adam THINKS there are TWO cubes,2,h,b,1,1,0,1,1,0,0,0,0,NB,PropFalse,0,30,30,164,NA,NA,NA,NA,NA,4.5190006494522e-4,170.74097479996271,171.1191690999549,171.21921120001934,173.21930709993467,173.6193143001292,173.7214939999394,173.7214939999394,h,1,1.0242167999967933,174.76916890009306,174.76916890009306,174.76916890009306,174.76916890009306,NA,NA,NA,NA,NA,NA,006,001,2024-10-02_16h38.34.993,PsychoPy Exp,2023.1.2,59.93213286622176
Knowledge,TRUE,TB-K,TT_NB,PsychoPyStudy2Stim/TT_NB_6.png,Adam KNOWS there are TWO cubes,2,b,h,2,0,2,2,0,2,0,0,0,NB,-,0,31,31,233,NA,NA,NA,NA,NA,0.00104549992829561,174.86291919997893,175.23570220009424,175.33605560008436,177.3359674999956,177.73594549996778,177.8382759001106,177.8382759001106,b,1,0.6357911999803036,178.50255120010115,178.50255120010115,178.50255120010115,178.50255120010115,NA,NA,NA,NA,NA,NA,006,001,2024-10-02_16h38.34.993,PsychoPy Exp,2023.1.2,59.93213286622176
Knowledge,TRUE,TB-K-B,TT_B,PsychoPyStudy2Stim/TT_B_13.png,Adam KNOWS there are TWO cubes,2,b,h,2,0,2,2,0,2,0,0,0,B,-,0,32,32,246,NA,NA,NA,NA,NA,0.00179859995841979,178.58073100005277,178.95242590014823,179.052617700072,181.0526040000841,181.45261469995603,181.5548904000316,181.5548904000316,b,1,0.6387873000930995,182.21904930006713,182.21904930006713,182.21904930006713,182.21904930006713,NA,NA,NA,NA,NA,NA,006,001,2024-10-02_16h38.34.993,PsychoPy Exp,2023.1.2,59.93213286622176
Belief,TRUE,FB-Ig,T_B_T,PsychoPyStudy2Stim/T_B_T_6.png,Adam THINKS there is ONE cube,1,b,h,2,0,2,1,0,1,1,0,1,B,-,0,33,33,151,NA,NA,NA,NA,NA,7.4889999814331e-4,182.3011022999417,182.68581530009396,182.7859261999838,184.78594420012087,185.18583080009557,185.28815819998272,185.28815819998272,b,1,0.7377800000831485,186.0525591999758,186.0525591999758,186.0525591999758,186.0525591999758,NA,NA,NA,NA,NA,NA,006,001,2024-10-02_16h38.34.993,PsychoPy Exp,2023.1.2,59.93213286622176
Knowledge,TRUE,TB-K-B,TT_B,PsychoPyStudy2Stim/TT_B_14.png,Adam KNOWS there are TWO cubes,2,b,h,2,0,2,2,0,2,0,0,0,B,-,0,34,34,247,NA,NA,NA,NA,NA,0.0018124000634998,186.12612919998355,186.50245110015385,186.60260350001045,188.60259909997697,189.0026223999448,189.10484930011444,189.10484930011444,b,1,0.6410538000054657,189.7690471999813,189.7690471999813,189.7690471999813,189.7690471999813,NA,NA,NA,NA,NA,NA,006,001,2024-10-02_16h38.34.993,PsychoPy Exp,2023.1.2,59.93213286622176
Reality,TRUE,TB-K,T_NB,PsychoPyStudy2Stim/T_NB_1.png,"In REALITY, there is ONE cube",1,b,h,1,0,1,1,0,1,0,0,0,NB,-,0,35,35,3,NA,NA,NA,NA,NA,0.00189319998025894,189.83527919999324,190.219164500013,190.31909670005552,192.31926329992712,192.7191658001393,192.82166110002436,192.82166110002436,b,1,0.6919736999552697,193.535618300084,193.535618300084,193.535618300084,193.535618300084,NA,NA,NA,NA,NA,NA,006,001,2024-10-02_16h38.34.993,PsychoPy Exp,2023.1.2,59.93213286622176
Belief,TRUE,TB-Ig,D_B,PsychoPyStudy2Stim/D_B_1.png,Adam THINKS there are ZERO cubes,0,b,h,1,1,0,1,1,0,0,0,0,B,-,0,36,36,126,NA,NA,NA,NA,NA,5.7449983432888e-4,193.62067859992385,194.00233460008167,194.10247240005992,196.1024756000843,196.50259599997665,196.60492940014228,196.60492940014228,b,1,0.44481860008090734,197.06906679994427,197.06906679994427,197.06906679994427,197.06906679994427,NA,NA,NA,NA,NA,NA,006,001,2024-10-02_16h38.34.993,PsychoPy Exp,2023.1.2,59.93213286622176
Reality,TRUE,TB-K,TD_NB,PsychoPyStudy2Stim/TD_NB_3.png,"In REALITY, there is ONE cube",1,b,h,2,1,1,2,1,1,0,0,0,NB,-,0,37,37,11,NA,NA,NA,NA,NA,0.00167750008404254,197.1677181001287,197.55241320002824,197.65256260009485,199.6525831001345,200.0524917000439,200.15506669995375,200.15506669995375,b,1,0.7508849001023918,200.93558500008655,200.93558500008655,200.93558500008655,200.93558500008655,NA,NA,NA,NA,NA,NA,006,001,2024-10-02_16h38.34.993,PsychoPy Exp,2023.1.2,59.93213286622176
Belief,FALSE,TB-K-B,TT_B,PsychoPyStudy2Stim/TT_B_7.png,Adam THINKS there are ZERO cubes,0,h,b,2,0,2,2,0,2,0,0,0,B,PropFalse,0,38,38,194,NA,NA,NA,NA,NA,4.0649995207786e-4,201.01488890009932,201.3857386999298,201.4858723001089,203.4858534000814,203.88590899994597,203.98814540007152,203.98814540007152,h,1,2.941698799841106,206.95243720011783,206.95243720011783,206.95243720011783,206.95243720011783,NA,NA,NA,NA,NA,NA,006,001,2024-10-02_16h38.34.993,PsychoPy Exp,2023.1.2,59.93213286622176
Belief,TRUE,TB-K,D_NB,PsychoPyStudy2Stim/D_NB_3.png,Adam THINKS there are ZERO cubes,0,b,h,1,1,0,1,1,0,0,0,0,NB,-,0,39,39,110,NA,NA,NA,NA,NA,0.00182970007881522,207.03711150004528,207.41905470006168,207.51917179999873,209.51904610008933,209.91911090002395,210.0215002000332,210.0215002000332,b,1,0.8360114998649806,210.88558560004455,210.88558560004455,210.88558560004455,210.88558560004455,NA,NA,NA,NA,NA,NA,006,001,2024-10-02_16h38.34.993,PsychoPy Exp,2023.1.2,59.93213286622176
Knowledge,FALSE,TB-K,D_NB,PsychoPyStudy2Stim/D_NB_1.png,Adam KNOWS there is ONE cube,1,h,b,1,1,0,1,1,0,0,0,0,NB,PropFalse,0,40,40,270,NA,NA,NA,NA,NA,6.598001345992e-4,210.9707369001117,211.35236910008825,211.4525015000254,213.4525302001275,213.8523902001325,213.9547357999254,213.9547357999254,h,1,1.047697699861601,215.0190632999875,215.0190632999875,215.0190632999875,215.0190632999875,NA,NA,NA,NA,NA,NA,006,001,2024-10-02_16h38.34.993,PsychoPy Exp,2023.1.2,59.93213286622176
Belief,FALSE,TB-K,T_NB,PsychoPyStudy2Stim/T_NB_2.png,Adam THINKS there are TWO cubes,2,h,b,1,0,1,1,0,1,0,0,0,NB,PropFalse,0,41,41,166,NA,NA,NA,NA,NA,0.00145370000973343,215.12243689992465,215.5023441000376,215.6024978000205,217.60250440007076,218.00248549995013,218.10492380009964,218.10492380009964,h,1,0.752620599931106,218.88561230013147,218.88561230013147,218.88561230013147,218.88561230013147,NA,NA,NA,NA,NA,NA,006,001,2024-10-02_16h38.34.993,PsychoPy Exp,2023.1.2,59.93213286622176
Belief,FALSE,TB-Ig,D_B_D,PsychoPyStudy2Stim/D_B_D_1.png,Adam THINKS there is ONE cube,1,h,b,2,2,0,1,1,0,1,1,0,B,PropFalse,0,42,42,184,NA,NA,NA,NA,NA,9.838999249041e-4,218.9907597999554,219.3690065999981,219.4690533000976,221.46913169999607,221.8690818999894,221.97150610014796,221.97150610014796,h,1,1.4471045001409948,223.4357231000904,223.4357231000904,223.4357231000904,223.4357231000904,NA,NA,NA,NA,NA,NA,006,001,2024-10-02_16h38.34.993,PsychoPy Exp,2023.1.2,59.93213286622176
Reality,FALSE,TB-K,T_NB,PsychoPyStudy2Stim/T_NB_1.png,"In REALITY, there are ZERO cubes",0,h,b,1,0,1,1,0,1,0,0,0,NB,PropFalse,0,43,43,57,NA,NA,NA,NA,NA,0.00183570012450218,223.53354490012865,223.9190023001283,224.0191103999969,226.0191127001308,226.41883600014265,226.52132129995152,226.52132129995152,h,1,1.4483181999530643,227.985575000057,227.985575000057,227.985575000057,227.985575000057,NA,NA,NA,NA,NA,NA,006,001,2024-10-02_16h38.34.993,PsychoPy Exp,2023.1.2,59.93213286622176
Knowledge,TRUE,TB-K-B,TT_B,PsychoPyStudy2Stim/TT_B_17.png,Adam KNOWS there are TWO cubes,2,b,h,2,0,2,2,0,2,0,0,0,B,-,0,44,44,250,NA,NA,NA,NA,NA,6.9070002064108e-4,228.07046650000848,228.4523201000411,228.55234290007505,230.55235960008577,230.95241570007056,231.0547297000885,231.0547297000885,b,1,1.074981699930504,232.15236830012873,232.15236830012873,232.15236830012873,232.15236830012873,NA,NA,NA,NA,NA,NA,006,001,2024-10-02_16h38.34.993,PsychoPy Exp,2023.1.2,59.93213286622176
Knowledge,FALSE,TB-K,DD_NB,PsychoPyStudy2Stim/DD_NB_3.png,Adam KNOWS there are TWO cubes,2,h,b,2,2,0,2,2,0,0,0,0,NB,PropFalse,0,45,45,278,NA,NA,NA,NA,NA,0.00194830005057156,232.23866820009425,232.61880980012936,232.71909600007348,234.71906529995613,235.11914309998977,235.22133770002984,235.22133770002984,h,1,0.6761505000758916,235.91885250015184,235.91885250015184,235.91885250015184,235.91885250015184,NA,NA,NA,NA,NA,NA,006,001,2024-10-02_16h38.34.993,PsychoPy Exp,2023.1.2,59.93213286622176
Knowledge,FALSE,FB-Ig,T_B_T,PsychoPyStudy2Stim/T_B_T_2.png,Adam KNOWS there are TWO cubes,2,h,b,2,0,2,1,0,1,1,0,1,B,PropTrueNoKnowledge,0,46,46,307,NA,NA,NA,NA,NA,6.1749992892146e-4,236.00113650015555,236.38558330014348,236.48570750001815,238.4857584000565,238.88573860004544,238.98801259999163,238.98801259999163,h,1,1.0143971999641508,240.01898199995048,240.01898199995048,240.01898199995048,240.01898199995048,NA,NA,NA,NA,NA,NA,006,001,2024-10-02_16h38.34.993,PsychoPy Exp,2023.1.2,59.93213286622176
Reality,FALSE,TB-K-B,DD_B,PsychoPyStudy2Stim/DD_B_13.png,"In REALITY, there are TWO cubes",2,h,b,2,2,0,2,2,0,0,0,0,B,PropFalse,0,47,47,80,NA,NA,NA,NA,NA,0.00177680002525448,240.10664970008656,240.48559350008145,240.5857689001132,242.58571100002155,242.9857781000901,243.08792570000512,243.08792570000512,h,1,0.6496955000329763,243.7688468999695,243.7688468999695,243.7688468999695,243.7688468999695,NA,NA,NA,NA,NA,NA,006,001,2024-10-02_16h38.34.993,PsychoPy Exp,2023.1.2,59.93213286622176
Belief,FALSE,TB-K-B,TT_B,PsychoPyStudy2Stim/TT_B_12.png,Adam THINKS there are ZERO cubes,0,h,b,2,0,2,2,0,2,0,0,0,B,PropFalse,0,48,48,199,NA,NA,NA,NA,NA,6.4799981191754e-4,243.84460530010983,244.2189195000101,244.31904740002935,246.3190663999412,246.71903080004267,246.82136670011096,246.82136670011096,h,1,1.1967044998891652,248.03533590002917,248.03533590002917,248.03533590002917,248.03533590002917,NA,NA,NA,NA,NA,NA,006,001,2024-10-02_16h38.34.993,PsychoPy Exp,2023.1.2,59.93213286622176
Knowledge,TRUE,TB-K,TT_NB,PsychoPyStudy2Stim/TT_NB_4.png,Adam KNOWS there are TWO cubes,2,b,h,2,0,2,2,0,2,0,0,0,NB,-,0,49,49,231,NA,NA,NA,NA,NA,4.8759998753666e-4,248.11130210012195,248.48556350008585,248.5855950000696,250.5856767001096,250.98558750003576,251.0880052000284,251.0880052000284,b,1,0.6666083000600338,251.7853274000809,251.7853274000809,251.7853274000809,251.7853274000809,NA,NA,NA,NA,NA,NA,006,001,2024-10-02_16h38.34.993,PsychoPy Exp,2023.1.2,59.93213286622176
Belief,TRUE,FB-Ig,T_B_T,PsychoPyStudy2Stim/T_B_T_5.png,Adam THINKS there is ONE cube,1,b,h,2,0,2,1,0,1,1,0,1,B,-,0,50,50,150,NA,NA,NA,NA,NA,4.116001073271e-4,251.8635375001468,252.23554269992744,252.33565170015208,254.3356850000564,254.73564979992807,254.83788529993035,254.83788529993035,b,1,0.9801032999530436,255.83557470003143,255.83557470003143,255.83557470003143,255.83557470003143,NA,NA,NA,NA,NA,NA,006,001,2024-10-02_16h38.34.993,PsychoPy Exp,2023.1.2,59.93213286622176
Belief,TRUE,FB-Ig,T_B_T,PsychoPyStudy2Stim/T_B_T_4.png,Adam THINKS there is ONE cube,1,b,h,2,0,2,1,0,1,1,0,1,B,-,0,51,51,155,NA,NA,NA,NA,NA,0.0013192999176681,255.90607780008577,256.2855211000424,256.3856329000555,258.3856230999809,258.78549499996006,258.8878896001261,258.8878896001261,b,1,0.5145180998370051,259.4188586000819,259.4188586000819,259.4188586000819,259.4188586000819,NA,NA,NA,NA,NA,NA,006,001,2024-10-02_16h38.34.993,PsychoPy Exp,2023.1.2,59.93213286622176
Knowledge,FALSE,FB-Ig,T_B_T,PsychoPyStudy2Stim/T_B_T_4.png,Adam KNOWS there are TWO cubes,2,h,b,2,0,2,1,0,1,1,0,1,B,PropTrueNoKnowledge,0,52,52,315,NA,NA,NA,NA,NA,0.00195190007798373,259.51580030005425,259.88533630012535,259.98567940015346,261.9856692000758,262.3855878999457,262.4878777000122,262.4878777000122,h,1,0.8015925998333842,263.31876290007494,263.31876290007494,263.31876290007494,263.31876290007494,NA,NA,NA,NA,NA,NA,006,001,2024-10-02_16h38.34.993,PsychoPy Exp,2023.1.2,59.93213286622176
Belief,FALSE,FB-Ig,T_B_T,PsychoPyStudy2Stim/T_B_T_2.png,Adam THINKS there are TWO cubes,2,h,b,2,0,2,1,0,1,1,0,1,B,PropTrueNoBelief,0,53,53,207,NA,NA,NA,NA,NA,0.00194719992578029,263.38943920005113,263.76885100011714,263.8689546000678,265.8689655000344,266.26886900002137,266.3711186000146,266.3711186000146,h,1,1.3265556001570076,267.71883010002784,267.71883010002784,267.71883010002784,267.71883010002784,NA,NA,NA,NA,NA,NA,006,001,2024-10-02_16h38.34.993,PsychoPy Exp,2023.1.2,59.93213286622176
Belief,TRUE,TB-K-B,TT_B,PsychoPyStudy2Stim/TT_B_7.png,Adam THINKS there are TWO cubes,2,b,h,2,0,2,2,0,2,0,0,0,B,-,0,54,54,140,NA,NA,NA,NA,NA,0.00192469987086951,267.8050075999927,268.1854978001211,268.28560580010526,270.28560089995153,270.6855450000148,270.78787850006483,270.78787850006483,b,1,1.1819670998957008,271.9853491000831,271.9853491000831,271.9853491000831,271.9853491000831,NA,NA,NA,NA,NA,NA,006,001,2024-10-02_16h38.34.993,PsychoPy Exp,2023.1.2,59.93213286622176
Knowledge,FALSE,TB-K-B,TT_B,PsychoPyStudy2Stim/TT_B_14.png,Adam KNOWS there is ONE cube,1,h,b,2,0,2,2,0,2,0,0,0,B,PropFalse,0,55,55,298,NA,NA,NA,NA,NA,0.00171640003100037,272.0583872999996,272.4354777999688,272.535655700136,274.5355932000093,274.9355033999309,275.0378289001528,275.0378289001528,h,1,1.075809699948877,276.13550129998475,276.13550129998475,276.13550129998475,276.13550129998475,NA,NA,NA,NA,NA,NA,006,001,2024-10-02_16h38.34.993,PsychoPy Exp,2023.1.2,59.93213286622176
Knowledge,FALSE,TB-K,T_NB,PsychoPyStudy2Stim/T_NB_3.png,Adam KNOWS there are TWO cubes,2,h,b,1,0,1,1,0,1,0,0,0,NB,PropFalse,0,56,56,275,NA,NA,NA,NA,NA,0.00198590010404586,276.2269493001513,276.60214870003983,276.702280000085,278.7022867000196,279.10223100008443,279.20486250007525,279.20486250007525,h,1,0.7646385000552982,279.98546520015225,279.98546520015225,279.98546520015225,279.98546520015225,NA,NA,NA,NA,NA,NA,006,001,2024-10-02_16h38.34.993,PsychoPy Exp,2023.1.2,59.93213286622176
Knowledge,FALSE,TB-K-B,TT_B,PsychoPyStudy2Stim/TT_B_15.png,Adam KNOWS there are ZERO cubes,0,h,b,2,0,2,2,0,2,0,0,0,B,PropFalse,0,57,57,297,NA,NA,NA,NA,NA,9.0889981947839e-4,280.0695879999548,280.452112399973,280.55222230008803,282.55219820002094,282.95209100004286,283.0544291001279,283.0544291001279,h,1,0.923159800004214,284.0021840999834,284.0021840999834,284.0021840999834,284.0021840999834,NA,NA,NA,NA,NA,NA,006,001,2024-10-02_16h38.34.993,PsychoPy Exp,2023.1.2,59.93213286622176
Reality,FALSE,FB-Ig,T_B_T,PsychoPyStudy2Stim/T_B_T_3.png,"In REALITY, there is ONE cube",1,h,b,2,0,2,1,0,1,1,0,1,B,PropFalse,0,58,58,100,NA,NA,NA,NA,NA,0.00194470002315938,284.09139810013585,284.4687475999817,284.56877840007655,286.5687158999499,286.9685536001343,287.07096119993366,287.07096119993366,h,1,0.9543224999215454,288.05205020005815,288.05205020005815,288.05205020005815,288.05205020005815,NA,NA,NA,NA,NA,NA,006,001,2024-10-02_16h38.34.993,PsychoPy Exp,2023.1.2,59.93213286622176
Belief,TRUE,FB-Ig,D_B_T,PsychoPyStudy2Stim/D_B_T_2.png,Adam THINKS there are ZERO cubes,0,b,h,2,1,1,1,1,0,1,0,1,B,-,0,59,59,159,NA,NA,NA,NA,NA,9.2060002498328e-4,288.1262334000785,288.5018380000256,288.6022231001407,290.60221379995346,291.00217889994383,291.10450050001964,291.10450050001964,b,1,1.1448330997955054,292.26874800003134,292.26874800003134,292.26874800003134,292.26874800003134,NA,NA,NA,NA,NA,NA,006,001,2024-10-02_16h38.34.993,PsychoPy Exp,2023.1.2,59.93213286622176
Reality,TRUE,TB-K-B,TD_B,PsychoPyStudy2Stim/TD_B_9.png,"In REALITY, there is ONE cube",1,b,h,2,1,1,2,1,1,0,0,0,B,-,0,60,60,37,NA,NA,NA,NA,NA,0.00132900010794401,292.3515778000001,292.73541510012,292.8355412001256,294.8352938001044,295.23551280004904,295.3376754000783,295.3376754000783,b,1,0.6002941001206636,295.96877290005796,295.96877290005796,295.96877290005796,295.96877290005796,NA,NA,NA,NA,NA,NA,006,001,2024-10-02_16h38.34.993,PsychoPy Exp,2023.1.2,59.93213286622176
Reality,FALSE,TB-K,T_NB,PsychoPyStudy2Stim/T_NB_3.png,"In REALITY, there are TWO cubes",2,h,b,1,0,1,1,0,1,0,0,0,NB,PropFalse,0,61,61,59,NA,NA,NA,NA,NA,0.00199220003560185,296.041199499974,296.4187175000552,296.51886199996807,298.51869489997625,298.91878830012865,299.0210117001552,299.0210117001552,h,1,0.7725015000905842,299.81867310008965,299.81867310008965,299.81867310008965,299.81867310008965,NA,NA,NA,NA,NA,NA,006,001,2024-10-02_16h38.34.993,PsychoPy Exp,2023.1.2,59.93213286622176
Reality,FALSE,TB-K-B,TD_B,PsychoPyStudy2Stim/TD_B_7.png,"In REALITY, there are ZERO cubes",0,h,b,2,1,1,2,1,1,0,0,0,B,PropFalse,0,62,62,90,NA,NA,NA,NA,NA,0.00176759995520114,299.8995426001493,300.2684375999961,300.36869959998876,302.36888059997,302.76870890008286,302.87103980011307,302.87103980011307,h,1,2.3151194001547992,305.20185369998217,305.20185369998217,305.20185369998217,305.20185369998217,NA,NA,NA,NA,NA,NA,006,001,2024-10-02_16h38.34.993,PsychoPy Exp,2023.1.2,59.93213286622176
Reality,TRUE,TB-K-B,TD_B,PsychoPyStudy2Stim/TD_B_1.png,"In REALITY, there is ONE cube",1,b,h,2,1,1,2,1,1,0,0,0,B,-,0,63,63,30,NA,NA,NA,NA,NA,4.9860007129609e-4,305.28426710003987,305.66866740002297,305.76880030008033,307.76866600010544,308.1688860000577,308.2710456000641,308.2710456000641,b,1,0.6826722000259906,308.9851981000975,308.9851981000975,308.9851981000975,308.9851981000975,NA,NA,NA,NA,NA,NA,006,001,2024-10-02_16h38.34.993,PsychoPy Exp,2023.1.2,59.93213286622176
Knowledge,FALSE,FB-Ig,T_B_T,PsychoPyStudy2Stim/T_B_T_4.png,Adam KNOWS there is ONE cube,1,h,b,2,0,2,1,0,1,1,0,1,B,PropFalse,0,64,64,303,NA,NA,NA,NA,NA,4.6080001629889e-4,309.06234570010565,309.4353249000851,309.53544649994,311.5354745001532,311.9353148001246,312.0380535000004,312.0380535000004,b,0,0.4834561999887228,312.55187790002674,312.55187790002674,312.55187790002674,312.55187790002674,NA,NA,NA,NA,NA,NA,006,001,2024-10-02_16h38.34.993,PsychoPy Exp,2023.1.2,59.93213286622176
Knowledge,TRUE,TB-K-B,TD_B,PsychoPyStudy2Stim/TD_B_2.png,Adam KNOWS there is ONE cube,1,b,h,2,1,1,2,1,1,0,0,0,B,-,0,65,65,259,NA,NA,NA,NA,NA,0.00188719993457198,312.6179190000985,313.0019380999729,313.10213829996064,315.10191740002483,315.50215870002285,315.6043177000247,315.6043177000247,b,1,0.556790400063619,316.185101600131,316.185101600131,316.185101600131,316.185101600131,NA,NA,NA,NA,NA,NA,006,001,2024-10-02_16h38.34.993,PsychoPy Exp,2023.1.2,59.93213286622176
Belief,FALSE,FB-Ig,D_B_T,PsychoPyStudy2Stim/D_B_T_2.png,Adam THINKS there is ONE cube,1,h,b,2,1,1,1,1,0,1,0,1,B,PropTrueNoBelief,0,66,66,213,NA,NA,NA,NA,NA,4.4580013491213e-4,316.2606277000159,316.63533700001426,316.7354701999575,318.73543850006536,319.13526950008236,319.23772340011783,319.23772340011783,h,1,1.1316619999706743,320.38531040004455,320.38531040004455,320.38531040004455,320.38531040004455,NA,NA,NA,NA,NA,NA,006,001,2024-10-02_16h38.34.993,PsychoPy Exp,2023.1.2,59.93213286622176
Belief,TRUE,FB-Ig,T_B_T,PsychoPyStudy2Stim/T_B_T_6.png,Adam THINKS there is ONE cube,1,b,h,2,0,2,1,0,1,1,0,1,B,-,0,67,67,157,NA,NA,NA,NA,NA,0.00122270011343061,320.47844099998474,320.8519254999701,320.9520952999592,322.95212100003846,323.35196750005707,323.45423400006257,323.45423400006257,b,1,0.8672846001572907,324.35206219996326,324.35206219996326,324.35206219996326,324.35206219996326,NA,NA,NA,NA,NA,NA,006,001,2024-10-02_16h38.34.993,PsychoPy Exp,2023.1.2,59.93213286622176
Reality,FALSE,TB-Ig,D_B,PsychoPyStudy2Stim/D_B_1.png,"In REALITY, there are TWO cubes",2,h,b,1,1,0,1,1,0,0,0,0,B,PropFalse,0,68,68,72,NA,NA,NA,NA,NA,0.00187379983253777,324.44621510012075,324.81863630004227,324.9185591000132,326.9187134001404,327.31872020009905,327.4209686999675,327.4209686999675,h,1,0.660353200044483,328.1017547000665,328.1017547000665,328.1017547000665,328.1017547000665,NA,NA,NA,NA,NA,NA,006,001,2024-10-02_16h38.34.993,PsychoPy Exp,2023.1.2,59.93213286622176
Reality,FALSE,TB-K,D_NB,PsychoPyStudy2Stim/D_NB_2.png,"In REALITY, there is ONE cube",1,h,b,1,1,0,1,1,0,0,0,0,NB,PropFalse,0,69,69,55,NA,NA,NA,NA,NA,0.00190020003356039,328.1681343000382,328.5519467999693,328.6520458001178,330.6520533999428,331.0518786001485,331.1543119000271,331.1543119000271,h,1,1.1748387000989169,332.3520013000816,332.3520013000816,332.3520013000816,332.3520013000816,NA,NA,NA,NA,NA,NA,006,001,2024-10-02_16h38.34.993,PsychoPy Exp,2023.1.2,59.93213286622176
Belief,FALSE,TB-Ig,D_B,PsychoPyStudy2Stim/D_B_3.png,Adam THINKS there is ONE cube,1,h,b,1,1,0,1,1,0,0,0,0,B,PropFalse,0,70,70,182,NA,NA,NA,NA,NA,0.00123789999634027,332.4363150000572,332.8185827000998,332.9187287001405,334.918584600091,335.3185860000085,335.42099060001783,335.42099060001783,h,1,0.54047070001252,335.98510190006346,335.98510190006346,335.98510190006346,335.98510190006346,NA,NA,NA,NA,NA,NA,006,001,2024-10-02_16h38.34.993,PsychoPy Exp,2023.1.2,59.93213286622176
Reality,FALSE,TB-Ig,D_B_D,PsychoPyStudy2Stim/D_B_D_1.png,"In REALITY, there are TWO cubes",2,h,b,2,2,0,1,1,0,1,1,0,B,PropFalse,0,71,71,76,NA,NA,NA,NA,NA,4.5599997974932e-4,336.05547240003943,336.4352227000054,336.53535769996233,338.5353517001495,338.93532059993595,339.03757830010727,339.03757830010727,h,1,0.6916286000050604,339.7518943999894,339.7518943999894,339.7518943999894,339.7518943999894,NA,NA,NA,NA,NA,NA,006,001,2024-10-02_16h38.34.993,PsychoPy Exp,2023.1.2,59.93213286622176
Belief,FALSE,TB-K-B,TT_B,PsychoPyStudy2Stim/TT_B_4.png,Adam THINKS there are ZERO cubes,0,h,b,2,0,2,2,0,2,0,0,0,B,PropFalse,0,72,72,191,NA,NA,NA,NA,NA,0.00179450004361569,339.84181999997236,340.2185585000552,340.318690800108,342.3184816001449,342.71866010013036,342.82093330007046,342.82093330007046,h,1,1.564845999935642,344.4019094000105,344.4019094000105,344.4019094000105,344.4019094000105,NA,NA,NA,NA,NA,NA,006,001,2024-10-02_16h38.34.993,PsychoPy Exp,2023.1.2,59.93213286622176
Knowledge,FALSE,FB-Ig,T_B_T,PsychoPyStudy2Stim/T_B_T_6.png,Adam KNOWS there are TWO cubes,2,h,b,2,0,2,1,0,1,1,0,1,B,PropTrueNoKnowledge,0,73,73,317,NA,NA,NA,NA,NA,0.00169189996086061,344.4946198000107,344.86856350000016,344.96864460012875,346.96851569996215,347.3683768999763,347.4715621001087,347.4715621001087,h,1,1.1459480000194162,348.63507700012997,348.63507700012997,348.63507700012997,348.63507700012997,NA,NA,NA,NA,NA,NA,006,001,2024-10-02_16h38.34.993,PsychoPy Exp,2023.1.2,59.93213286622176
Knowledge,TRUE,TB-K-B,DD_B,PsychoPyStudy2Stim/DD_B_10.png,Adam KNOWS there are ZERO cubes,0,b,h,2,2,0,2,2,0,0,0,0,B,-,0,74,74,243,NA,NA,NA,NA,NA,5.8780005201697e-4,348.7202137000859,349.10187050001696,349.2020318999421,351.20200329995714,351.6019866000861,351.7042978000827,351.7042978000827,b,1,1.6570168000180274,353.3852067999542,353.3852067999542,353.3852067999542,353.3852067999542,NA,NA,NA,NA,NA,NA,006,001,2024-10-02_16h38.34.993,PsychoPy Exp,2023.1.2,59.93213286622176
Knowledge,TRUE,TB-K,D_NB,PsychoPyStudy2Stim/D_NB_3.png,Adam KNOWS there are ZERO cubes,0,b,h,1,1,0,1,1,0,0,0,0,NB,-,0,75,75,218,NA,NA,NA,NA,NA,0.00170090002939105,353.4709352001082,353.85185110010207,353.9519801000133,355.9519621001091,356.35184379993007,356.454127300065,356.454127300065,b,1,0.6352907000109553,357.11834209994413,357.11834209994413,357.11834209994413,357.11834209994413,NA,NA,NA,NA,NA,NA,006,001,2024-10-02_16h38.34.993,PsychoPy Exp,2023.1.2,59.93213286622176
Knowledge,TRUE,TB-K-B,DD_B,PsychoPyStudy2Stim/DD_B_8.png,Adam KNOWS there are ZERO cubes,0,b,h,2,2,0,2,2,0,0,0,0,B,-,0,76,76,241,NA,NA,NA,NA,NA,0.00171189988031983,357.1921528999228,357.5684861000627,357.6685928001534,359.66863560001366,360.0685747000389,360.17086950014345,360.17086950014345,b,1,0.6625018999911845,360.8517217999324,360.8517217999324,360.8517217999324,360.8517217999324,NA,NA,NA,NA,NA,NA,006,001,2024-10-02_16h38.34.993,PsychoPy Exp,2023.1.2,59.93213286622176
Belief,TRUE,TB-Ig,D_B,PsychoPyStudy2Stim/D_B_2.png,Adam THINKS there are ZERO cubes,0,b,h,1,1,0,1,1,0,0,0,0,B,-,0,77,77,127,NA,NA,NA,NA,NA,0.00182379991747438,360.92314140009694,361.3018160001375,361.4019730000291,363.40191829996184,363.8018942000344,363.9041145001538,363.9041145001538,b,1,0.6172386999242008,364.5518300000113,364.5518300000113,364.5518300000113,364.5518300000113,NA,NA,NA,NA,NA,NA,006,001,2024-10-02_16h38.34.993,PsychoPy Exp,2023.1.2,59.93213286622176
Knowledge,FALSE,TB-K,TT_NB,PsychoPyStudy2Stim/TT_NB_4.png,Adam KNOWS there is ONE cube,1,h,b,2,0,2,2,0,2,0,0,0,NB,PropFalse,0,78,78,285,NA,NA,NA,NA,NA,0.00179730006493628,364.6457919999957,365.0184188999702,365.11857570009306,367.1185872000642,367.51860509999096,367.6208099001087,367.6208099001087,h,1,1.2441321001388133,368.884970900137,368.884970900137,368.884970900137,368.884970900137,NA,NA,NA,NA,NA,NA,006,001,2024-10-02_16h38.34.993,PsychoPy Exp,2023.1.2,59.93213286622176
Belief,TRUE,TB-K-B,TT_B,PsychoPyStudy2Stim/TT_B_8.png,Adam THINKS there are TWO cubes,2,b,h,2,0,2,2,0,2,0,0,0,B,-,0,79,79,141,NA,NA,NA,NA,NA,4.5150006189942e-4,368.96099689998664,369.3351386000868,369.435141999973,371.4350648000837,371.8352216000203,371.9374009000603,371.9374009000603,b,1,0.8077338000293821,372.7683351000305,372.7683351000305,372.7683351000305,372.7683351000305,NA,NA,NA,NA,NA,NA,006,001,2024-10-02_16h38.34.993,PsychoPy Exp,2023.1.2,59.93213286622176
Belief,TRUE,TB-K-B,TT_B,PsychoPyStudy2Stim/TT_B_3.png,Adam THINKS there are TWO cubes,2,b,h,2,0,2,2,0,2,0,0,0,B,-,0,80,80,136,NA,NA,NA,NA,NA,0.00188140012323856,372.8349691000767,373.21840350003913,373.3185682001058,375.3185866000131,375.71840730006807,375.82079020002857,375.82079020002857,b,1,0.5084179001860321,376.3699185999576,NA,376.3699185999576,NA,space,35.56728329998441,NA,NA,NA,NA,006,001,2024-10-02_16h38.34.993,PsychoPy Exp,2023.1.2,59.93213286622176
Reality,FALSE,FB-Ig,D_B_T,PsychoPyStudy2Stim/D_B_T_3.png,"In REALITY, there are ZERO cubes",0,h,b,2,1,1,1,1,0,1,0,1,B,PropFalse,0,81,81,106,NA,NA,NA,NA,NA,0.00167240016162395,412.0666398999747,412.4516662999522,412.55175710003823,414.55160750006326,414.9517802000046,415.0538328001276,415.0538328001276,h,1,2.955442300066352,418.0349642999936,418.0349642999936,418.0349642999936,418.0349642999936,NA,NA,NA,NA,NA,NA,006,001,2024-10-02_16h38.34.993,PsychoPy Exp,2023.1.2,59.93213286622176
Knowledge,FALSE,TB-Ig,D_B_D,PsychoPyStudy2Stim/D_B_D_2.png,Adam KNOWS there are ZERO cubes,0,h,b,2,2,0,1,1,0,1,1,0,B,PropTrueNoKnowledge,0,82,82,293,NA,NA,NA,NA,NA,0.00188350002281367,418.1200266999658,418.5015841999557,418.6015743999742,420.6017328000162,421.0017291000113,421.1043589999899,421.1043589999899,h,1,1.792701300000772,422.91826150007546,422.91826150007546,422.91826150007546,422.91826150007546,NA,NA,NA,NA,NA,NA,006,001,2024-10-02_16h38.34.993,PsychoPy Exp,2023.1.2,59.93213286622176
Reality,TRUE,TB-K,T_NB,PsychoPyStudy2Stim/T_NB_2.png,"In REALITY, there is ONE cube",1,b,h,1,0,1,1,0,1,0,0,0,NB,-,0,83,83,4,NA,NA,NA,NA,NA,0.00179159990511834,423.0164851001464,423.40144579997286,423.50167390005663,425.5015803999267,425.90172399999574,426.00407349993475,426.00407349993475,b,1,1.8209892001468688,427.8516741001513,427.8516741001513,427.8516741001513,427.8516741001513,NA,NA,NA,NA,NA,NA,006,001,2024-10-02_16h38.34.993,PsychoPy Exp,2023.1.2,59.93213286622176
Knowledge,FALSE,FB-Ig,T_B_T,PsychoPyStudy2Stim/T_B_T_6.png,Adam KNOWS there are TWO cubes,2,h,b,2,0,2,1,0,1,1,0,1,B,PropTrueNoKnowledge,0,84,84,311,NA,NA,NA,NA,NA,0.0017744000069797,427.9537116999272,428.3348781999666,428.4348693001084,430.4348434000276,430.83493020012975,430.9371893999632,430.9371893999632,h,1,1.0803543999791143,432.03481440013275,432.03481440013275,432.03481440013275,432.03481440013275,NA,NA,NA,NA,NA,NA,006,001,2024-10-02_16h38.34.993,PsychoPy Exp,2023.1.2,59.93213286622176
Knowledge,FALSE,TB-Ig,D_B,PsychoPyStudy2Stim/D_B_1.png,Adam KNOWS there are ZERO cubes,0,h,b,1,1,0,1,1,0,0,0,0,B,PropTrueNoKnowledge,0,85,85,288,NA,NA,NA,NA,NA,0.00133720017038285,432.1260900001507,432.5015012000222,432.60165959992446,434.6016377999913,435.001706100069,435.1039780999999,435.1039780999999,b,0,1.2089641001075506,436.3349717000965,436.3349717000965,436.3349717000965,436.3349717000965,NA,NA,NA,NA,NA,NA,006,001,2024-10-02_16h38.34.993,PsychoPy Exp,2023.1.2,59.93213286622176
Reality,FALSE,TB-K,TD_NB,PsychoPyStudy2Stim/TD_NB_1.png,"In REALITY, there are ZERO cubes",0,h,b,2,1,1,2,1,1,0,0,0,NB,PropFalse,0,86,86,63,NA,NA,NA,NA,NA,0.00178629998117685,436.42640190012753,436.8015344000887,436.9016752000898,438.9016517000273,439.3016673999373,439.4041206999682,439.4041206999682,h,1,1.70093460008502,441.13489080010913,441.13489080010913,441.13489080010913,441.13489080010913,NA,NA,NA,NA,NA,NA,006,001,2024-10-02_16h38.34.993,PsychoPy Exp,2023.1.2,59.93213286622176
Belief,FALSE,TB-Ig,D_B,PsychoPyStudy2Stim/D_B_4.png,Adam THINKS there is ONE cube,1,h,b,1,1,0,1,1,0,0,0,0,B,PropFalse,0,87,87,183,NA,NA,NA,NA,NA,0.00180949992500245,441.23110660002567,441.6012613000348,441.701590300072,443.70167570002377,444.1015960001386,444.20382030005567,444.20382030005567,h,1,1.0691843000240624,445.30134720006026,445.30134720006026,445.30134720006026,445.30134720006026,NA,NA,NA,NA,NA,NA,006,001,2024-10-02_16h38.34.993,PsychoPy Exp,2023.1.2,59.93213286622176
Knowledge,TRUE,TB-K,DD_NB,PsychoPyStudy2Stim/DD_NB_1.png,Adam KNOWS there are ZERO cubes,0,b,h,2,2,0,2,2,0,0,0,0,NB,-,0,88,88,222,NA,NA,NA,NA,NA,0.00179790006950497,445.3718340999913,445.75146790011786,445.8516081001144,447.8515411000699,448.25156509992667,448.3538846001029,448.3538846001029,b,1,1.49507679999806,449.8681918999646,449.8681918999646,449.8681918999646,449.8681918999646,NA,NA,NA,NA,NA,NA,006,001,2024-10-02_16h38.34.993,PsychoPy Exp,2023.1.2,59.93213286622176
Knowledge,TRUE,TB-K,D_NB,PsychoPyStudy2Stim/D_NB_1.png,Adam KNOWS there are ZERO cubes,0,b,h,1,1,0,1,1,0,0,0,0,NB,-,0,89,89,216,NA,NA,NA,NA,NA,0.00186680001206696,449.9536334001459,450.33480060007423,450.4349285000935,452.43496210011654,452.8347577999811,452.93725130008534,452.93725130008534,b,1,1.0320191998034716,453.9846698001493,453.9846698001493,453.9846698001493,453.9846698001493,NA,NA,NA,NA,NA,NA,006,001,2024-10-02_16h38.34.993,PsychoPy Exp,2023.1.2,59.93213286622176
Knowledge,TRUE,TB-K-B,TT_B,PsychoPyStudy2Stim/TT_B_20.png,Adam KNOWS there are TWO cubes,2,b,h,2,0,2,2,0,2,0,0,0,B,-,0,90,90,253,NA,NA,NA,NA,NA,0.00178979989141225,454.0627562000882,454.4347719000653,454.53491270006634,456.5347271000501,456.9349309001118,457.03713670000434,457.03713670000434,b,1,0.4838139999192208,457.5515121000353,457.5515121000353,457.5515121000353,457.5515121000353,NA,NA,NA,NA,NA,NA,006,001,2024-10-02_16h38.34.993,PsychoPy Exp,2023.1.2,59.93213286622176
Reality,FALSE,FB-Ig,T_B_T,PsychoPyStudy2Stim/T_B_T_1.png,"In REALITY, there is ONE cube",1,h,b,2,0,2,1,0,1,1,0,1,B,PropFalse,0,91,91,92,NA,NA,NA,NA,NA,0.00177840003743767,457.64106049994007,458.0179598000832,458.1182645999361,460.1181978001259,460.5182644999586,460.62044059997424,460.62044059997424,h,1,0.7325887000188231,461.3681310999673,461.3681310999673,461.3681310999673,461.3681310999673,NA,NA,NA,NA,NA,NA,006,001,2024-10-02_16h38.34.993,PsychoPy Exp,2023.1.2,59.93213286622176
Belief,FALSE,TB-K,DD_NB,PsychoPyStudy2Stim/DD_NB_1.png,Adam THINKS there is ONE cube,1,h,b,2,2,0,2,2,0,0,0,0,NB,PropFalse,0,92,92,168,NA,NA,NA,NA,NA,9.9039985798299e-4,461.4623239999637,461.8346041000914,461.9348796999547,463.9348955999594,464.33494550012983,464.43716850015335,464.43716850015335,h,1,2.2914226001594216,466.75140139996074,466.75140139996074,466.75140139996074,466.75140139996074,NA,NA,NA,NA,NA,NA,006,001,2024-10-02_16h38.34.993,PsychoPy Exp,2023.1.2,59.93213286622176
Knowledge,TRUE,TB-K-B,DD_B,PsychoPyStudy2Stim/DD_B_6.png,Adam KNOWS there are ZERO cubes,0,b,h,2,2,0,2,2,0,0,0,0,B,-,0,93,93,239,NA,NA,NA,NA,NA,9.7240018658339e-4,466.83778599998914,467.2180940001272,467.31819860008545,469.3180462000891,469.7181746000424,469.8204669000115,469.8204669000115,b,1,0.7646546000614762,470.6014058999717,470.6014058999717,470.6014058999717,470.6014058999717,NA,NA,NA,NA,NA,NA,006,001,2024-10-02_16h38.34.993,PsychoPy Exp,2023.1.2,59.93213286622176
Knowledge,FALSE,TB-K,T_NB,PsychoPyStudy2Stim/T_NB_1.png,Adam KNOWS there are ZERO cubes,0,h,b,1,0,1,1,0,1,0,0,0,NB,PropFalse,0,94,94,273,NA,NA,NA,NA,NA,8.4309978410601e-4,470.685463400092,471.0680339001119,471.1681828999426,473.1681655999273,473.5681696999818,473.67045040009543,473.67045040009543,h,1,0.8423957000486553,474.5346624001395,474.5346624001395,474.5346624001395,474.5346624001395,NA,NA,NA,NA,NA,NA,006,001,2024-10-02_16h38.34.993,PsychoPy Exp,2023.1.2,59.93213286622176
Belief,FALSE,TB-K-B,TT_B,PsychoPyStudy2Stim/TT_B_9.png,Adam THINKS there are ZERO cubes,0,h,b,2,0,2,2,0,2,0,0,0,B,PropFalse,0,95,95,196,NA,NA,NA,NA,NA,0.00179269979707896,474.6041656001471,474.98472910001874,475.08469710010104,477.084750500042,477.4848201000132,477.587165400153,477.587165400153,h,1,1.4454469999764117,479.05131849995814,479.05131849995814,479.05131849995814,479.05131849995814,NA,NA,NA,NA,NA,NA,006,001,2024-10-02_16h38.34.993,PsychoPy Exp,2023.1.2,59.93213286622176
Knowledge,TRUE,TB-K-B,TT_B,PsychoPyStudy2Stim/TT_B_16.png,Adam KNOWS there are TWO cubes,2,b,h,2,0,2,2,0,2,0,0,0,B,-,0,96,96,249,NA,NA,NA,NA,NA,8.1839994527399e-4,479.13893750007264,479.5179916000925,479.6181091000326,481.6181828000117,482.01805349998176,482.1204173001461,482.1204173001461,b,1,0.520857899915427,482.6678069001064,482.6678069001064,482.6678069001064,482.6678069001064,NA,NA,NA,NA,NA,NA,006,001,2024-10-02_16h38.34.993,PsychoPy Exp,2023.1.2,59.93213286622176
Knowledge,FALSE,TB-K,TT_NB,PsychoPyStudy2Stim/TT_NB_3.png,Adam KNOWS there are ZERO cubes,0,h,b,2,0,2,2,0,2,0,0,0,NB,PropFalse,0,97,97,284,NA,NA,NA,NA,NA,4.1340012103319e-4,482.7353858000133,483.118025300093,483.21813390008174,485.2182076999452,485.61803240003064,485.7203617000486,485.7203617000486,h,1,0.6971296998672187,486.4346330000553,486.4346330000553,486.4346330000553,486.4346330000553,NA,NA,NA,NA,NA,NA,006,001,2024-10-02_16h38.34.993,PsychoPy Exp,2023.1.2,59.93213286622176
Belief,TRUE,TB-K-B,TT_B,PsychoPyStudy2Stim/TT_B_12.png,Adam THINKS there are TWO cubes,2,b,h,2,0,2,2,0,2,0,0,0,B,-,0,98,98,145,NA,NA,NA,NA,NA,0.00167479994706809,486.52489140001126,486.9013619001489,487.0013314001262,489.001514100004,489.4013547000941,489.5037942000199,489.5037942000199,b,1,1.2410488000605255,490.76785559998825,490.76785559998825,490.76785559998825,490.76785559998825,NA,NA,NA,NA,NA,NA,006,001,2024-10-02_16h38.34.993,PsychoPy Exp,2023.1.2,59.93213286622176
Belief,TRUE,TB-K-B,TT_B,PsychoPyStudy2Stim/TT_B_11.png,Adam THINKS there are TWO cubes,2,b,h,2,0,2,2,0,2,0,0,0,B,-,0,99,99,144,NA,NA,NA,NA,NA,0.00189179996959865,490.83883820008487,491.2180250000674,491.3181191000622,493.31793080014177,493.7180761999916,493.8203704000916,493.8203704000916,b,1,0.8761416999623179,494.7178627999965,494.7178627999965,494.7178627999965,494.7178627999965,NA,NA,NA,NA,NA,NA,006,001,2024-10-02_16h38.34.993,PsychoPy Exp,2023.1.2,59.93213286622176
Belief,TRUE,FB-Ig,D_B_T,PsychoPyStudy2Stim/D_B_T_3.png,Adam THINKS there are ZERO cubes,0,b,h,2,1,1,1,1,0,1,0,1,B,-,0,100,100,160,NA,NA,NA,NA,NA,5.1819998770952e-4,494.8027348001488,495.1846056000795,495.28459930000827,497.2846230000723,497.68475580005907,497.78708459995687,497.78708459995687,b,1,1.67736029997468,499.4845519999508,499.4845519999508,499.4845519999508,499.4845519999508,NA,NA,NA,NA,NA,NA,006,001,2024-10-02_16h38.34.993,PsychoPy Exp,2023.1.2,59.93213286622176
Knowledge,FALSE,FB-Ig,T_B_T,PsychoPyStudy2Stim/T_B_T_3.png,Adam KNOWS there are TWO cubes,2,h,b,2,0,2,1,0,1,1,0,1,B,PropTrueNoKnowledge,0,101,101,308,NA,NA,NA,NA,NA,4.4249999336898e-4,499.55613450007513,499.93459670012817,500.0347275000531,502.03474660008214,502.43471010006033,502.5369047999848,502.5369047999848,h,1,0.6558530000038445,503.2179601001553,503.2179601001553,503.2179601001553,503.2179601001553,NA,NA,NA,NA,NA,NA,006,001,2024-10-02_16h38.34.993,PsychoPy Exp,2023.1.2,59.93213286622176
Knowledge,FALSE,TB-Ig,D_B_D,PsychoPyStudy2Stim/D_B_D_3.png,Adam KNOWS there are ZERO cubes,0,h,b,2,2,0,1,1,0,1,1,0,B,PropTrueNoKnowledge,0,102,102,294,NA,NA,NA,NA,NA,0.00178620009683072,503.3065212001093,503.6845796001144,503.7847255000379,505.78456729999743,506.1846137000248,506.28698770003393,506.28698770003393,b,0,0.5936078000813723,506.9011915000155,506.9011915000155,506.9011915000155,506.9011915000155,NA,NA,NA,NA,NA,NA,006,001,2024-10-02_16h38.34.993,PsychoPy Exp,2023.1.2,59.93213286622176
Reality,FALSE,FB-Ig,T_B_T,PsychoPyStudy2Stim/T_B_T_2.png,"In REALITY, there is ONE cube",1,h,b,2,0,2,1,0,1,1,0,1,B,PropFalse,0,103,103,93,NA,NA,NA,NA,NA,0.00179299991577863,506.97244839998893,507.3512949999422,507.4513828000054,509.4514077999629,509.8513954000082,509.9535687000025,509.9535687000025,b,0,0.6232467000372708,510.6011685000267,510.6011685000267,510.6011685000267,510.6011685000267,NA,NA,NA,NA,NA,NA,006,001,2024-10-02_16h38.34.993,PsychoPy Exp,2023.1.2,59.93213286622176
Reality,FALSE,TB-K-B,TD_B,PsychoPyStudy2Stim/TD_B_9.png,"In REALITY, there are ZERO cubes",0,h,b,2,1,1,2,1,1,0,0,0,B,PropFalse,0,104,104,91,NA,NA,NA,NA,NA,4.5130006037652e-4,510.6729179001414,511.0512310999911,511.1513626000378,513.1513352999464,513.5513397001196,513.6536151999608,513.6536151999608,b,0,2.363688899902627,516.034281700151,516.034281700151,516.034281700151,516.034281700151,NA,NA,NA,NA,NA,NA,006,001,2024-10-02_16h38.34.993,PsychoPy Exp,2023.1.2,59.93213286622176
Reality,TRUE,TB-K-B,DD_B,PsychoPyStudy2Stim/DD_B_13.png,"In REALITY, there are ZERO cubes",0,b,h,2,2,0,2,2,0,0,0,0,B,-,0,105,105,26,NA,NA,NA,NA,NA,4.1420012712478e-4,516.1289961999282,516.5011976999231,516.6012202999555,518.6011969000101,519.0013459001202,519.1035997001454,519.1035997001454,b,1,1.4815098999533802,520.6012445001397,520.6012445001397,520.6012445001397,520.6012445001397,NA,NA,NA,NA,NA,NA,006,001,2024-10-02_16h38.34.993,PsychoPy Exp,2023.1.2,59.93213286622176
Reality,TRUE,TB-K,TD_NB,PsychoPyStudy2Stim/TD_NB_2.png,"In REALITY, there is ONE cube",1,b,h,2,1,1,2,1,1,0,0,0,NB,-,0,106,106,10,NA,NA,NA,NA,NA,0.00177670014090836,520.6925687000621,521.067871700041,521.1679744001012,523.168053700123,523.5679647000507,523.6701843000483,523.6701843000483,b,1,0.6667677001096308,524.367769200122,524.367769200122,524.367769200122,524.367769200122,NA,NA,NA,NA,NA,NA,006,001,2024-10-02_16h38.34.993,PsychoPy Exp,2023.1.2,59.93213286622176
Belief,TRUE,TB-K,D_NB,PsychoPyStudy2Stim/D_NB_1.png,Adam THINKS there are ZERO cubes,0,b,h,1,1,0,1,1,0,0,0,0,NB,-,0,107,107,108,NA,NA,NA,NA,NA,0.00188730005174875,524.4372950000688,524.8176935000811,524.9180384001229,526.9179603001103,527.3179492999334,527.4202606000472,527.4202606000472,b,1,0.9000890001188964,528.3509748999495,528.3509748999495,528.3509748999495,528.3509748999495,NA,NA,NA,NA,NA,NA,006,001,2024-10-02_16h38.34.993,PsychoPy Exp,2023.1.2,59.93213286622176
Reality,TRUE,FB-Ig,T_B_T,PsychoPyStudy2Stim/T_B_T_5.png,"In REALITY, there are TWO cubes",2,b,h,2,0,2,1,0,1,1,0,1,B,-,0,108,108,48,NA,NA,NA,NA,NA,4.5350007712841e-4,528.4241252001375,528.8011825999711,528.9011063999496,530.9012196999975,531.3012753999792,531.4040330999997,531.4040330999997,b,1,1.0523814000189304,532.4845157000236,532.4845157000236,532.4845157000236,532.4845157000236,NA,NA,NA,NA,NA,NA,006,001,2024-10-02_16h38.34.993,PsychoPy Exp,2023.1.2,59.93213286622176
Belief,TRUE,TB-K,DD_NB,PsychoPyStudy2Stim/DD_NB_2.png,Adam THINKS there are ZERO cubes,0,b,h,2,2,0,2,2,0,0,0,0,NB,-,0,109,109,115,NA,NA,NA,NA,NA,0.00122010009363293,532.5794589000288,532.9510882999748,533.0512904000934,535.0511652000714,535.4512424001005,535.5535677999724,535.5535677999724,b,1,0.919082400156185,536.50100270006806,536.50100270006806,536.50100270006806,536.50100270006806,NA,NA,NA,NA,NA,NA,006,001,2024-10-02_16h38.34.993,PsychoPy Exp,2023.1.2,59.93213286622176
Knowledge,FALSE,TB-K,D_NB,PsychoPyStudy2Stim/D_NB_2.png,Adam KNOWS there is ONE cube,1,h,b,1,1,0,1,1,0,0,0,0,NB,PropFalse,0,110,110,271,NA,NA,NA,NA,NA,4.4490001164376e-4,536.5714277001098,536.9511474000756,537.051201299997,539.0512252000626,539.4512334000319,539.5534830000252,539.5534830000252,h,1,1.5751263001002371,541.151180600049,541.151180600049,541.151180600049,541.151180600049,NA,NA,NA,NA,NA,NA,006,001,2024-10-02_16h38.34.993,PsychoPy Exp,2023.1.2,59.93213286622176
Belief,TRUE,TB-K-B,TT_B,PsychoPyStudy2Stim/TT_B_6.png,Adam THINKS there are TWO cubes,2,b,h,2,0,2,2,0,2,0,0,0,B,-,0,111,111,139,NA,NA,NA,NA,NA,0.00218289997428655,541.2491606001277,541.6344532000367,541.7345694999676,543.7345633001532,544.1343849000987,544.2366800000891,544.2366800000891,b,1,0.6279684000182897,544.8845027000643,544.8845027000643,544.8845027000643,544.8845027000643,NA,NA,NA,NA,NA,NA,006,001,2024-10-02_16h38.34.993,PsychoPy Exp,2023.1.2,59.93213286622176
Belief,TRUE,TB-K,T_NB,PsychoPyStudy2Stim/T_NB_2.png,Adam THINKS there is ONE cube,1,b,h,1,0,1,1,0,1,0,0,0,NB,-,0,112,112,112,NA,NA,NA,NA,NA,0.0019809000659734,544.9599363999441,545.3347807999235,545.4345784999896,547.4345327999908,547.8344354000874,547.9367921999656,547.9367921999656,b,1,0.6806264999322593,548.6344693000428,548.6344693000428,548.6344693000428,548.6344693000428,NA,NA,NA,NA,NA,NA,006,001,2024-10-02_16h38.34.993,PsychoPy Exp,2023.1.2,59.93213286622176
Reality,TRUE,TB-Ig,D_B_D,PsychoPyStudy2Stim/D_B_D_1.png,"In REALITY, there are ZERO cubes",0,b,h,2,2,0,1,1,0,1,1,0,B,-,0,113,113,22,NA,NA,NA,NA,NA,0.0017742000054568,548.72294649994,549.1010750001296,549.2010129999835,551.2010441001039,551.6012055999599,551.703480000142,551.703480000142,b,1,2.017151099862531,553.7509765001014,553.7509765001014,553.7509765001014,553.7509765001014,NA,NA,NA,NA,NA,NA,006,001,2024-10-02_16h38.34.993,PsychoPy Exp,2023.1.2,59.93213286622176
Belief,TRUE,FB-Ig,T_B_T,PsychoPyStudy2Stim/T_B_T_1.png,Adam THINKS there is ONE cube,1,b,h,2,0,2,1,0,1,1,0,1,B,-,0,114,114,146,NA,NA,NA,NA,NA,0.00184629997238516,553.8229013001546,554.2011432000436,554.3011581001338,556.3009474999271,556.7011901000515,556.8032899999525,556.8032899999525,b,1,1.1335769998840988,557.967759200139,557.967759200139,557.967759200139,557.967759200139,NA,NA,NA,NA,NA,NA,006,001,2024-10-02_16h38.34.993,PsychoPy Exp,2023.1.2,59.93213286622176
Knowledge,FALSE,TB-K,TT_NB,PsychoPyStudy2Stim/TT_NB_5.png,Adam KNOWS there is ONE cube,1,h,b,2,0,2,2,0,2,0,0,0,NB,PropFalse,0,115,115,286,NA,NA,NA,NA,NA,0.00206430000253021,558.0769649001304,558.4510357000399,558.5510517000221,560.5511827999726,560.9511379001196,561.0535298001487,561.0535298001487,b,0,0.7230205000378191,561.8011267001275,561.8011267001275,561.8011267001275,561.8011267001275,NA,NA,NA,NA,NA,NA,006,001,2024-10-02_16h38.34.993,PsychoPy Exp,2023.1.2,59.93213286622176
Reality,FALSE,TB-K,D_NB,PsychoPyStudy2Stim/D_NB_1.png,"In REALITY, there is ONE cube",1,h,b,1,1,0,1,1,0,0,0,0,NB,PropFalse,0,116,116,54,NA,NA,NA,NA,NA,0.00199640006758272,561.8953468000982,562.2677009000909,562.3676670999266,564.3678594999947,564.7678458001465,564.8700580000877,564.8700580000877,h,1,1.290523200063035,566.1842257000972,566.1842257000972,566.1842257000972,566.1842257000972,NA,NA,NA,NA,NA,NA,006,001,2024-10-02_16h38.34.993,PsychoPy Exp,2023.1.2,59.93213286622176
Reality,FALSE,TB-K-B,TD_B,PsychoPyStudy2Stim/TD_B_6.png,"In REALITY, there are ZERO cubes",0,h,b,2,1,1,2,1,1,0,0,0,B,PropFalse,0,117,117,89,NA,NA,NA,NA,NA,0.0017935000360012,566.2654512999579,566.6510540000163,566.7512246000115,568.7510069001,569.1511371999513,569.2535125000868,569.2535125000868,h,1,0.9950618001166732,570.2676407000981,570.2676407000981,570.2676407000981,570.2676407000981,NA,NA,NA,NA,NA,NA,006,001,2024-10-02_16h38.34.993,PsychoPy Exp,2023.1.2,59.93213286622176
Reality,TRUE,TB-Ig,D_B,PsychoPyStudy2Stim/D_B_4.png,"In REALITY, there are ZERO cubes",0,b,h,1,1,0,1,1,0,0,0,0,B,-,0,118,118,21,NA,NA,NA,NA,NA,0.00180299999192357,570.3346272001509,570.717535899952,570.8178383000195,572.8178075000178,573.2178380000405,573.3200620000716,573.3200620000716,b,1,1.7444134999532253,575.0843672000337,575.0843672000337,575.0843672000337,575.0843672000337,NA,NA,NA,NA,NA,NA,006,001,2024-10-02_16h38.34.993,PsychoPy Exp,2023.1.2,59.93213286622176
Knowledge,TRUE,TB-K-B,TD_B,PsychoPyStudy2Stim/TD_B_4.png,Adam KNOWS there is ONE cube,1,b,h,2,1,1,2,1,1,0,0,0,B,-,0,119,119,261,NA,NA,NA,NA,NA,0.00196680007502436,575.1732455000747,575.5509822999593,575.6511149001308,577.651035200106,578.0510897000786,578.1534172999673,578.1534172999673,b,1,0.49508369993418455,578.667679599952,578.667679599952,578.667679599952,578.667679599952,NA,NA,NA,NA,NA,NA,006,001,2024-10-02_16h38.34.993,PsychoPy Exp,2023.1.2,59.93213286622176
Reality,TRUE,TB-K,TT_NB,PsychoPyStudy2Stim/TT_NB_6.png,"In REALITY, there are TWO cubes",2,b,h,2,0,2,2,0,2,0,0,0,NB,-,0,120,120,17,NA,NA,NA,NA,NA,0.0022246001753956,578.7454183001537,579.1176502001472,579.2177536000963,581.2176421000622,581.6177271001507,581.7199325000402,581.7199325000402,b,1,0.5682796000037342,582.317533200141,582.317533200141,582.317533200141,582.317533200141,NA,NA,NA,NA,NA,NA,006,001,2024-10-02_16h38.34.993,PsychoPy Exp,2023.1.2,59.93213286622176
Knowledge,TRUE,TB-K-B,TT_B,PsychoPyStudy2Stim/TT_B_23.png,Adam KNOWS there are TWO cubes,2,b,h,2,0,2,2,0,2,0,0,0,B,-,0,121,121,256,NA,NA,NA,NA,NA,0.00101110013201832,582.3927045001183,582.7676287000068,582.8677393000107,584.8677638000809,585.2677633999847,585.3700296999887,585.3700296999887,b,1,0.750440200092271,586.1508444000501,586.1508444000501,586.1508444000501,586.1508444000501,NA,NA,NA,NA,NA,NA,006,001,2024-10-02_16h38.34.993,PsychoPy Exp,2023.1.2,59.93213286622176
Belief,TRUE,TB-Ig,D_B_D,PsychoPyStudy2Stim/D_B_D_2.png,Adam THINKS there are ZERO cubes,0,b,h,2,2,0,1,1,0,1,1,0,B,-,0,122,122,131,NA,NA,NA,NA,NA,4.6510016545653e-4,586.2227932999376,586.6009454000741,586.7010661000386,588.7009709000122,589.1008115999866,589.2033542999998,589.2033542999998,b,1,0.965660700108856,590.184157700045,590.184157700045,590.184157700045,590.184157700045,NA,NA,NA,NA,NA,NA,006,001,2024-10-02_16h38.34.993,PsychoPy Exp,2023.1.2,59.93213286622176
Knowledge,FALSE,FB-Ig,T_B_T,PsychoPyStudy2Stim/T_B_T_4.png,Adam KNOWS there are TWO cubes,2,h,b,2,0,2,1,0,1,1,0,1,B,PropTrueNoKnowledge,0,123,123,309,NA,NA,NA,NA,NA,0.00179859995841979,590.2525317000691,590.6342674000189,590.7344003000762,592.7344218001235,593.1342524001375,593.23661240004,593.23661240004,h,1,1.851809199899435,595.1175422000233,595.1175422000233,595.1175422000233,595.1175422000233,NA,NA,NA,NA,NA,NA,006,001,2024-10-02_16h38.34.993,PsychoPy Exp,2023.1.2,59.93213286622176
Reality,FALSE,TB-K-B,TD_B,PsychoPyStudy2Stim/TD_B_1.png,"In REALITY, there are ZERO cubes",0,h,b,2,1,1,2,1,1,0,0,0,B,PropFalse,0,124,124,84,NA,NA,NA,NA,NA,0.00200890004634857,595.2118798000738,595.5842441001441,595.6843711000402,597.6843663000036,598.0842047999613,598.1866289000027,598.1866289000027,h,1,1.5258180000819266,599.734259699937,599.734259699937,599.734259699937,599.734259699937,NA,NA,NA,NA,NA,NA,006,001,2024-10-02_16h38.34.993,PsychoPy Exp,2023.1.2,59.93213286622176
Reality,FALSE,FB-Ig,T_B_T,PsychoPyStudy2Stim/T_B_T_1.png,"In REALITY, there is ONE cube",1,h,b,2,0,2,1,0,1,1,0,1,B,PropFalse,0,125,125,98,NA,NA,NA,NA,NA,0.00186629989184439,599.8239555000328,600.2010045000352,600.3008735000622,602.3008850000333,602.7009906999301,602.8032114999369,602.8032114999369,b,0,0.8291777998674661,603.6509350999258,603.6509350999258,603.6509350999258,603.6509350999258,NA,NA,NA,NA,NA,NA,006,001,2024-10-02_16h38.34.993,PsychoPy Exp,2023.1.2,59.93213286622176
Reality,TRUE,TB-K-B,TD_B,PsychoPyStudy2Stim/TD_B_3.png,"In REALITY, there is ONE cube",1,b,h,2,1,1,2,1,1,0,0,0,B,-,0,126,126,32,NA,NA,NA,NA,NA,0.00200189999304711,603.7594214000273,604.1342450999655,604.2343755001202,606.2343111999799,606.6343622999266,606.7365673000459,606.7365673000459,b,1,0.6322268000803888,607.384175100131,607.384175100131,607.384175100131,607.384175100131,NA,NA,NA,NA,NA,NA,006,001,2024-10-02_16h38.34.993,PsychoPy Exp,2023.1.2,59.93213286622176
Knowledge,FALSE,TB-Ig,D_B,PsychoPyStudy2Stim/D_B_3.png,Adam KNOWS there are ZERO cubes,0,h,b,1,1,0,1,1,0,0,0,0,B,PropTrueNoKnowledge,0,127,127,290,NA,NA,NA,NA,NA,0.00157100008800625,607.4766114000231,607.8508637000341,607.9508889999706,609.9509783000685,610.3508751001209,610.4532506000251,610.4532506000251,b,0,2.787188900168985,613.2674394999631,613.2674394999631,613.2674394999631,613.2674394999631,NA,NA,NA,NA,NA,NA,006,001,2024-10-02_16h38.34.993,PsychoPy Exp,2023.1.2,59.93213286622176
Reality,TRUE,FB-Ig,T_B_T,PsychoPyStudy2Stim/T_B_T_3.png,"In REALITY, there are TWO cubes",2,b,h,2,0,2,1,0,1,1,0,1,B,-,0,128,128,46,NA,NA,NA,NA,NA,3.8699992001056e-4,613.3467582000885,613.7175360999536,613.8177315001376,615.8176891999319,616.2174897000659,616.3198696000036,616.3198696000036,b,1,1.0404717000201344,617.3841856000945,617.3841856000945,617.3841856000945,617.3841856000945,NA,NA,NA,NA,NA,NA,006,001,2024-10-02_16h38.34.993,PsychoPy Exp,2023.1.2,59.93213286622176
Reality,TRUE,TB-K,TT_NB,PsychoPyStudy2Stim/TT_NB_3.png,"In REALITY, there are TWO cubes",2,b,h,2,0,2,2,0,2,0,0,0,NB,-,0,129,129,14,NA,NA,NA,NA,NA,0.00169999990612268,617.4725045000669,617.8508260999806,617.9509473000653,619.9509451999329,620.3509752999526,620.4532729999628,620.4532729999628,b,1,0.9476933998521416,621.4174389000982,621.4174389000982,621.4174389000982,621.4174389000982,NA,NA,NA,NA,NA,NA,006,001,2024-10-02_16h38.34.993,PsychoPy Exp,2023.1.2,59.93213286622176
Reality,FALSE,FB-Ig,D_B_T,PsychoPyStudy2Stim/D_B_T_2.png,"In REALITY, there are ZERO cubes",0,h,b,2,1,1,1,1,0,1,0,1,B,PropFalse,0,130,130,105,NA,NA,NA,NA,NA,0.00147229991853237,621.5069210999645,621.8841202999465,621.9843161001336,623.9842415000312,624.3842553000432,624.486453599995,624.486453599995,h,1,1.9778967001475392,626.484165500151,626.484165500151,626.484165500151,626.484165500151,NA,NA,NA,NA,NA,NA,006,001,2024-10-02_16h38.34.993,PsychoPy Exp,2023.1.2,59.93213286622176
Reality,FALSE,TB-K,TD_NB,PsychoPyStudy2Stim/TD_NB_3.png,"In REALITY, there are TWO cubes",2,h,b,2,1,1,2,1,1,0,0,0,NB,PropFalse,0,131,131,65,NA,NA,NA,NA,NA,0.00164459994994103,626.5741844000295,626.9508651001379,627.0509025999345,629.0508530000225,629.4507695001084,629.553407000145,629.553407000145,h,1,0.950571099994704,630.5339281000197,630.5339281000197,630.5339281000197,630.5339281000197,NA,NA,NA,NA,NA,NA,006,001,2024-10-02_16h38.34.993,PsychoPy Exp,2023.1.2,59.93213286622176
Belief,FALSE,TB-K,TD_NB,PsychoPyStudy2Stim/TD_NB_2.png,Adam THINKS there are ZERO cubes,0,h,b,2,1,1,2,1,1,0,0,0,NB,PropFalse,0,132,132,172,NA,NA,NA,NA,NA,4.0289992466568e-4,630.6140513999853,630.9839360001497,631.0840580000076,633.0842973000836,633.483923099935,633.5864516000729,633.5864516000729,h,1,1.1818458999041468,634.7838574999478,634.7838574999478,634.7838574999478,634.7838574999478,NA,NA,NA,NA,NA,NA,006,001,2024-10-02_16h38.34.993,PsychoPy Exp,2023.1.2,59.93213286622176
Knowledge,FALSE,FB-Ig,T_B_T,PsychoPyStudy2Stim/T_B_T_5.png,Adam KNOWS there is ONE cube,1,h,b,2,0,2,1,0,1,1,0,1,B,PropFalse,0,133,133,304,NA,NA,NA,NA,NA,3.969999961555e-4,634.8669982999563,635.2505264000501,635.350659500109,637.3506490001455,637.7506186000537,637.8539835000411,637.8539835000411,b,0,0.6259489001240581,638.5005654001143,638.5005654001143,638.5005654001143,638.5005654001143,NA,NA,NA,NA,NA,NA,006,001,2024-10-02_16h38.34.993,PsychoPy Exp,2023.1.2,59.93213286622176
Reality,TRUE,FB-Ig,D_B_T,PsychoPyStudy2Stim/D_B_T_3.png,"In REALITY, there is ONE cube",1,b,h,2,1,1,1,1,0,1,0,1,B,-,0,134,134,52,NA,NA,NA,NA,NA,3.9310008287429e-4,638.5776444000658,638.9505378999747,639.0506392000243,641.0507060000673,641.4505751000252,641.55363490013406,641.55363490013406,b,1,0.6542783998884261,642.2338662999682,642.2338662999682,642.2338662999682,642.2338662999682,NA,NA,NA,NA,NA,NA,006,001,2024-10-02_16h38.34.993,PsychoPy Exp,2023.1.2,59.93213286622176
Belief,TRUE,FB-Ig,T_B_T,PsychoPyStudy2Stim/T_B_T_5.png,Adam THINKS there is ONE cube,1,b,h,2,0,2,1,0,1,1,0,1,B,-,0,135,135,156,NA,NA,NA,NA,NA,4.7739990986883e-4,642.3084961001296,642.6838291999884,642.7840057001449,644.7840146000963,645.183964200085,645.2866855000611,645.2866855000611,b,1,0.5772589999251068,645.8837872000877,645.8837872000877,645.8837872000877,645.8837872000877,NA,NA,NA,NA,NA,NA,006,001,2024-10-02_16h38.34.993,PsychoPy Exp,2023.1.2,59.93213286622176
Knowledge,FALSE,TB-K,DD_NB,PsychoPyStudy2Stim/DD_NB_1.png,Adam KNOWS there is ONE cube,1,h,b,2,2,0,2,2,0,0,0,0,NB,PropFalse,0,136,136,276,NA,NA,NA,NA,NA,4.1519990190863e-4,645.9753624000587,646.3504960001446,646.4506969000213,648.4505960000679,648.8506891001016,648.95327920001,648.95327920001,h,1,0.7106191997881979,649.6837486999575,649.6837486999575,649.6837486999575,649.6837486999575,NA,NA,NA,NA,NA,NA,006,001,2024-10-02_16h38.34.993,PsychoPy Exp,2023.1.2,59.93213286622176
Knowledge,TRUE,TB-K-B,TD_B,PsychoPyStudy2Stim/TD_B_11.png,Adam KNOWS there is ONE cube,1,b,h,2,1,1,2,1,1,0,0,0,B,-,0,137,137,268,NA,NA,NA,NA,NA,4.4689979404211e-4,649.7633963001426,650.1340197001118,650.2341597999912,652.234143699985,652.6341279000044,652.7366551000159,652.7366551000159,b,1,0.6952168000862002,653.4505630999338,653.4505630999338,653.4505630999338,653.4505630999338,NA,NA,NA,NA,NA,NA,006,001,2024-10-02_16h38.34.993,PsychoPy Exp,2023.1.2,59.93213286622176
Reality,TRUE,TB-K-B,TD_B,PsychoPyStudy2Stim/TD_B_2.png,"In REALITY, there is ONE cube",1,b,h,2,1,1,2,1,1,0,0,0,B,-,0,138,138,31,NA,NA,NA,NA,NA,4.3269991874694e-4,653.5261752000079,653.9005498001352,654.0007917000912,656.0007921999786,656.4008939000778,656.5030364000704,656.5030364000704,b,1,0.5373642998747528,657.0671387999319,657.0671387999319,657.0671387999319,657.0671387999319,NA,NA,NA,NA,NA,NA,006,001,2024-10-02_16h38.34.993,PsychoPy Exp,2023.1.2,59.93213286622176
Reality,TRUE,TB-Ig,D_B,PsychoPyStudy2Stim/D_B_3.png,"In REALITY, there are ZERO cubes",0,b,h,1,1,0,1,1,0,0,0,0,B,-,0,139,139,20,NA,NA,NA,NA,NA,4.976000636816e-4,657.136261299951,657.5173233000096,657.6174695000518,659.6174358001444,660.0173887000419,660.1197572001256,660.1197572001256,b,1,0.6162391998805106,660.7672095999587,660.7672095999587,660.7672095999587,660.7672095999587,NA,NA,NA,NA,NA,NA,006,001,2024-10-02_16h38.34.993,PsychoPy Exp,2023.1.2,59.93213286622176
Belief,TRUE,TB-K-B,TT_B,PsychoPyStudy2Stim/TT_B_5.png,Adam THINKS there are TWO cubes,2,b,h,2,0,2,2,0,2,0,0,0,B,-,0,140,140,138,NA,NA,NA,NA,NA,9.5200003124773e-4,660.8505232001189,661.233997900039,661.3339541000314,663.3340253001079,663.7340249000117,663.8363447999582,663.8363447999582,b,1,0.5078505999408662,664.3673650999554,664.3673650999554,664.3673650999554,664.3673650999554,NA,NA,NA,NA,NA,NA,006,001,2024-10-02_16h38.34.993,PsychoPy Exp,2023.1.2,59.93213286622176
Knowledge,TRUE,TB-K-B,TD_B,PsychoPyStudy2Stim/TD_B_9.png,Adam KNOWS there is ONE cube,1,b,h,2,1,1,2,1,1,0,0,0,B,-,0,141,141,266,NA,NA,NA,NA,NA,0.00168589991517364,664.4560020000208,664.8338097999804,664.934095100034,666.9340355000459,667.3341127000749,667.4363721001428,667.4363721001428,b,1,0.5234373998828232,667.983752900036,667.983752900036,667.983752900036,667.983752900036,NA,NA,NA,NA,NA,NA,006,001,2024-10-02_16h38.34.993,PsychoPy Exp,2023.1.2,59.93213286622176
Reality,TRUE,FB-Ig,T_B_T,PsychoPyStudy2Stim/T_B_T_6.png,"In REALITY, there are TWO cubes",2,b,h,2,0,2,1,0,1,1,0,1,B,-,0,142,142,43,NA,NA,NA,NA,NA,5.1170005463063e-4,668.0591452999506,668.4339691000059,668.5341934000608,670.5338765000924,670.9338152001146,671.036352599971,671.036352599971,b,1,0.7236938001587987,671.7839896001387,671.7839896001387,671.7839896001387,671.7839896001387,NA,NA,NA,NA,NA,NA,006,001,2024-10-02_16h38.34.993,PsychoPy Exp,2023.1.2,59.93213286622176
Belief,TRUE,TB-K-B,TT_B,PsychoPyStudy2Stim/TT_B_2.png,Adam THINKS there are TWO cubes,2,b,h,2,0,2,2,0,2,0,0,0,B,-,0,143,143,135,NA,NA,NA,NA,NA,0.00164719996973872,671.862252100138,672.2340106000192,672.3339661001228,674.3340789999347,674.7340921000578,674.8363355000038,674.8363355000038,b,1,0.5808389000594616,675.4338116000872,675.4338116000872,675.4338116000872,675.4338116000872,NA,NA,NA,NA,NA,NA,006,001,2024-10-02_16h38.34.993,PsychoPy Exp,2023.1.2,59.93213286622176
Reality,FALSE,TB-Ig,D_B_D,PsychoPyStudy2Stim/D_B_D_2.png,"In REALITY, there are TWO cubes",2,h,b,2,2,0,1,1,0,1,1,0,B,PropFalse,0,144,144,77,NA,NA,NA,NA,NA,3.9350008592009e-4,675.5034666000865,675.8839118999895,675.9838668999728,677.9840814000927,678.3840008000843,678.4864070999902,678.4864070999902,h,1,0.8097184998914599,679.3172864001244,679.3172864001244,679.3172864001244,679.3172864001244,NA,NA,NA,NA,NA,NA,006,001,2024-10-02_16h38.34.993,PsychoPy Exp,2023.1.2,59.93213286622176
Knowledge,TRUE,TB-K-B,TT_B,PsychoPyStudy2Stim/TT_B_22.png,Adam KNOWS there are TWO cubes,2,b,h,2,0,2,2,0,2,0,0,0,B,-,0,145,145,255,NA,NA,NA,NA,NA,0.00164650008082389,679.4067085999995,679.7839586001355,679.8839185000397,681.8840421000496,682.2840654000174,682.3862620999571,682.3862620999571,b,1,0.5504222000017762,682.9672227001283,682.9672227001283,682.9672227001283,682.9672227001283,NA,NA,NA,NA,NA,NA,006,001,2024-10-02_16h38.34.993,PsychoPy Exp,2023.1.2,59.93213286622176
Belief,FALSE,TB-K,TT_NB,PsychoPyStudy2Stim/TT_NB_1.png,Adam THINKS there are ZERO cubes,0,h,b,2,0,2,2,0,2,0,0,0,NB,PropFalse,0,146,146,174,NA,NA,NA,NA,NA,0.00147580006159842,683.0586522000376,683.4339155999478,683.5339164999314,685.5340299999807,685.9340840000659,686.0362863999326,686.0362863999326,b,0,0.6758265001699328,686.7339306001086,686.7339306001086,686.7339306001086,686.7339306001086,NA,NA,NA,NA,NA,NA,006,001,2024-10-02_16h38.34.993,PsychoPy Exp,2023.1.2,59.93213286622176
Belief,FALSE,FB-Ig,T_B_T,PsychoPyStudy2Stim/T_B_T_5.png,Adam THINKS there are TWO cubes,2,h,b,2,0,2,1,0,1,1,0,1,B,PropTrueNoBelief,0,147,147,210,NA,NA,NA,NA,NA,0.00178469996899366,686.8225052999333,687.2003784000408,687.3007098999806,689.300543700112,689.7006632001139,689.802917700028,689.802917700028,h,1,0.909096600022167,690.7339023000095,690.7339023000095,690.7339023000095,690.7339023000095,NA,NA,NA,NA,NA,NA,006,001,2024-10-02_16h38.34.993,PsychoPy Exp,2023.1.2,59.93213286622176
Knowledge,TRUE,TB-K,TT_NB,PsychoPyStudy2Stim/TT_NB_5.png,Adam KNOWS there are TWO cubes,2,b,h,2,0,2,2,0,2,0,0,0,NB,-,0,148,148,232,NA,NA,NA,NA,NA,0.00171270011924207,690.823255199939,691.2005229000933,691.3006373001263,693.3005961000454,693.700620100135,693.8028667999897,693.8028667999897,b,1,0.99792949995026,694.8172476000618,694.8172476000618,694.8172476000618,694.8172476000618,NA,NA,NA,NA,NA,NA,006,001,2024-10-02_16h38.34.993,PsychoPy Exp,2023.1.2,59.93213286622176
Reality,FALSE,TB-K,TT_NB,PsychoPyStudy2Stim/TT_NB_3.png,"In REALITY, there are ZERO cubes",0,h,b,2,0,2,2,0,2,0,0,0,NB,PropFalse,0,149,149,68,NA,NA,NA,NA,NA,0.00200939993374049,694.8864128000569,695.2669468999375,695.3673425000161,697.3672033001203,697.7672764000017,697.8695261999965,697.8695261999965,h,1,1.1383169000037014,699.0338898000773,699.0338898000773,699.0338898000773,699.0338898000773,NA,NA,NA,NA,NA,NA,006,001,2024-10-02_16h38.34.993,PsychoPy Exp,2023.1.2,59.93213286622176
Reality,FALSE,FB-Ig,T_B_T,PsychoPyStudy2Stim/T_B_T_2.png,"In REALITY, there is ONE cube",1,h,b,2,0,2,1,0,1,1,0,1,B,PropFalse,0,150,150,99,NA,NA,NA,NA,NA,0.00171729992143809,699.1329886000603,699.5171465999447,699.6172561000567,701.6173380999826,702.0173390000127,702.1195491000544,702.1195491000544,b,0,1.137136499863118,703.2837886000052,703.2837886000052,703.2837886000052,703.2837886000052,NA,NA,NA,NA,NA,NA,006,001,2024-10-02_16h38.34.993,PsychoPy Exp,2023.1.2,59.93213286622176
Knowledge,TRUE,TB-K-B,DD_B,PsychoPyStudy2Stim/DD_B_2.png,Adam KNOWS there are ZERO cubes,0,b,h,2,2,0,2,2,0,0,0,0,B,-,0,151,151,235,NA,NA,NA,NA,NA,3.8899993523955e-4,703.3635369001422,703.7337925001048,703.8339397001546,705.8339672000147,706.2337677001487,706.3360792000312,706.3360792000312,b,1,1.232339600101113,707.5837225001305,707.5837225001305,707.5837225001305,707.5837225001305,NA,NA,NA,NA,NA,NA,006,001,2024-10-02_16h38.34.993,PsychoPy Exp,2023.1.2,59.93213286622176
Knowledge,FALSE,FB-Ig,D_B_T,PsychoPyStudy2Stim/D_B_T_3.png,Adam KNOWS there is ONE cube,1,h,b,2,1,1,1,1,0,1,0,1,B,PropTrueNoKnowledge,0,152,152,320,NA,NA,NA,NA,NA,0.00177099998109042,707.6584210000001,708.0335870999843,708.1339692000765,710.1339485000353,710.5339031000622,710.6364097001497,710.6364097001497,h,1,1.8272732999175787,712.4836387999821,712.4836387999821,712.4836387999821,712.4836387999821,NA,NA,NA,NA,NA,NA,006,001,2024-10-02_16h38.34.993,PsychoPy Exp,2023.1.2,59.93213286622176
Knowledge,TRUE,TB-K-B,DD_B,PsychoPyStudy2Stim/DD_B_11.png,Adam KNOWS there are ZERO cubes,0,b,h,2,2,0,2,2,0,0,0,0,B,-,0,153,153,244,NA,NA,NA,NA,NA,3.8290000520646e-4,712.5676569000352,712.9505064999685,713.0505812999327,715.0506295999512,715.4505384999793,715.5528408000246,715.5528408000246,b,1,1.7031342999543997,717.2838246999308,717.2838246999308,717.2838246999308,717.2838246999308,NA,NA,NA,NA,NA,NA,006,001,2024-10-02_16h38.34.993,PsychoPy Exp,2023.1.2,59.93213286622176
Belief,TRUE,FB-Ig,T_B_T,PsychoPyStudy2Stim/T_B_T_2.png,Adam THINKS there is ONE cube,1,b,h,2,0,2,1,0,1,1,0,1,B,-,0,154,154,153,NA,NA,NA,NA,NA,0.00165200000628829,717.3815071000718,717.7669405001216,717.8672950000037,719.8672464000992,720.2672470000107,720.3694734000601,720.3694734000601,b,1,0.6622139001265168,721.0504108001478,721.0504108001478,721.0504108001478,721.0504108001478,NA,NA,NA,NA,NA,NA,006,001,2024-10-02_16h38.34.993,PsychoPy Exp,2023.1.2,59.93213286622176
Reality,TRUE,TB-K-B,DD_B,PsychoPyStudy2Stim/DD_B_14.png,"In REALITY, there are ZERO cubes",0,b,h,2,2,0,2,2,0,0,0,0,B,-,0,155,155,27,NA,NA,NA,NA,NA,7.7109993435442e-4,721.1302319001406,721.5004495000467,721.6005259000231,723.600424699951,724.0005912999623,724.1029044999741,724.1029044999741,b,1,3.0890577998943627,727.2169101999607,727.2169101999607,727.2169101999607,727.2169101999607,NA,NA,NA,NA,NA,NA,006,001,2024-10-02_16h38.34.993,PsychoPy Exp,2023.1.2,59.93213286622176
Knowledge,TRUE,TB-K-B,TD_B,PsychoPyStudy2Stim/TD_B_3.png,Adam KNOWS there is ONE cube,1,b,h,2,1,1,2,1,1,0,0,0,B,-,0,156,156,260,NA,NA,NA,NA,NA,0.00171539979055523,727.2885809999425,727.6670890999958,727.7670210001525,729.7671807000879,730.1670437001158,730.2694796000142,730.2694796000142,b,1,0.5541373000014573,730.8502287000883,730.8502287000883,730.8502287000883,730.8502287000883,NA,NA,NA,NA,NA,NA,006,001,2024-10-02_16h38.34.993,PsychoPy Exp,2023.1.2,59.93213286622176
Reality,FALSE,TB-K,TT_NB,PsychoPyStudy2Stim/TT_NB_4.png,"In REALITY, there is ONE cube",1,h,b,2,0,2,2,0,2,0,0,0,NB,PropFalse,0,157,157,69,NA,NA,NA,NA,NA,4.1189999319612e-4,730.9169408001471,731.3002710000146,731.400355800055,733.4005342000164,733.8012944001239,733.9026695999783,733.9026695999783,h,1,1.0657150000333786,734.9835870999377,734.9835870999377,734.9835870999377,734.9835870999377,NA,NA,NA,NA,NA,NA,006,001,2024-10-02_16h38.34.993,PsychoPy Exp,2023.1.2,59.93213286622176
Knowledge,TRUE,TB-K-B,DD_B,PsychoPyStudy2Stim/DD_B_7.png,Adam KNOWS there are ZERO cubes,0,b,h,2,2,0,2,2,0,0,0,0,B,-,0,158,158,240,NA,NA,NA,NA,NA,0.00164839997887611,735.0618968999479,735.4337069001049,735.5338485999964,737.5338942001108,737.9336091000587,738.0360952001065,738.0360952001065,b,1,0.8434466999024153,738.9002815999556,738.9002815999556,738.9002815999556,738.9002815999556,NA,NA,NA,NA,NA,NA,006,001,2024-10-02_16h38.34.993,PsychoPy Exp,2023.1.2,59.93213286622176
Belief,FALSE,TB-K,T_NB,PsychoPyStudy2Stim/T_NB_1.png,Adam THINKS there are ZERO cubes,0,h,b,1,0,1,1,0,1,0,0,0,NB,PropFalse,0,159,159,165,NA,NA,NA,NA,NA,3.9810012094676e-4,738.971218300052,739.3503692001104,739.4503285000101,741.450499900151,741.8504447001033,741.9527090999763,741.9527090999763,h,1,0.7271924000233412,742.7003955000546,742.7003955000546,742.7003955000546,742.7003955000546,NA,NA,NA,NA,NA,NA,006,001,2024-10-02_16h38.34.993,PsychoPy Exp,2023.1.2,59.93213286622176
Belief,FALSE,TB-Ig,D_B_D,PsychoPyStudy2Stim/D_B_D_2.png,Adam THINKS there is ONE cube,1,h,b,2,2,0,1,1,0,1,1,0,B,PropFalse,0,160,160,185,NA,NA,NA,NA,NA,0.00200320011936128,742.7767898000311,743.1503413999453,743.2504642999265,745.2503252001479,745.6504826999735,745.7527364999987,745.7527364999987,h,1,0.6950973998755217,746.4669641000219,746.4669641000219,746.4669641000219,746.4669641000219,NA,NA,NA,NA,NA,NA,006,001,2024-10-02_16h38.34.993,PsychoPy Exp,2023.1.2,59.93213286622176
Belief,FALSE,TB-K,TT_NB,PsychoPyStudy2Stim/TT_NB_4.png,Adam THINKS there is ONE cube,1,h,b,2,0,2,2,0,2,0,0,0,NB,PropFalse,0,161,161,177,NA,NA,NA,NA,NA,0.00147300004027783,746.5326541999821,746.9169811999891,747.017114700051,749.017125000013,749.4171223000158,749.5193753000349,749.5193753000349,h,1,0.8244765000417829,750.3819101001136,NA,750.3819101001136,NA,space,45.31347530009225,NA,NA,NA,NA,006,001,2024-10-02_16h38.34.993,PsychoPy Exp,2023.1.2,59.93213286622176
Reality,TRUE,TB-Ig,D_B_D,PsychoPyStudy2Stim/D_B_D_2.png,"In REALITY, there are ZERO cubes",0,b,h,2,2,0,1,1,0,1,1,0,B,-,0,162,162,23,NA,NA,NA,NA,NA,4.1699991561472e-4,795.7903738000896,796.1666633000132,796.2667878000066,798.2667719000019,798.6670006001368,798.7699949999806,798.7699949999806,b,1,1.0140744000673294,799.8001266999636,799.8001266999636,799.8001266999636,799.8001266999636,NA,NA,NA,NA,NA,NA,006,001,2024-10-02_16h38.34.993,PsychoPy Exp,2023.1.2,59.93213286622176
Reality,FALSE,TB-K,TT_NB,PsychoPyStudy2Stim/TT_NB_6.png,"In REALITY, there is ONE cube",1,h,b,2,0,2,2,0,2,0,0,0,NB,PropFalse,0,163,163,71,NA,NA,NA,NA,NA,0.00161769986152648,799.8985808999278,800.2834844000172,800.3836014000699,802.3835241999477,802.7835043000523,802.8857191000134,802.8857191000134,h,1,0.9218562000896782,803.8333944999613,803.8333944999613,803.8333944999613,803.8333944999613,NA,NA,NA,NA,NA,NA,006,001,2024-10-02_16h38.34.993,PsychoPy Exp,2023.1.2,59.93213286622176
Knowledge,FALSE,TB-Ig,D_B,PsychoPyStudy2Stim/D_B_4.png,Adam KNOWS there are ZERO cubes,0,h,b,1,1,0,1,1,0,0,0,0,B,PropTrueNoKnowledge,0,164,164,291,NA,NA,NA,NA,NA,0.00149980001151561,803.9114968001377,804.2834453000687,804.3833749999758,806.3834810000844,806.7835152000189,806.8858815000858,806.8858815000858,b,0,1.1778076000045985,808.0834900999907,808.0834900999907,808.0834900999907,808.0834900999907,NA,NA,NA,NA,NA,NA,006,001,2024-10-02_16h38.34.993,PsychoPy Exp,2023.1.2,59.93213286622176
Reality,FALSE,TB-K,DD_NB,PsychoPyStudy2Stim/DD_NB_1.png,"In REALITY, there is ONE cube",1,h,b,2,2,0,2,2,0,0,0,0,NB,PropFalse,0,165,165,60,NA,NA,NA,NA,NA,0.0017748000100255,808.1778552001342,808.5501143999863,808.6499675000086,810.6500035000499,811.0500293001533,811.1533322001342,811.1533322001342,h,1,0.5663610999472439,811.7498675000388,811.7498675000388,811.7498675000388,811.7498675000388,NA,NA,NA,NA,NA,NA,006,001,2024-10-02_16h38.34.993,PsychoPy Exp,2023.1.2,59.93213286622176
Belief,TRUE,TB-K-B,TT_B,PsychoPyStudy2Stim/TT_B_4.png,Adam THINKS there are TWO cubes,2,b,h,2,0,2,2,0,2,0,0,0,B,-,0,166,166,137,NA,NA,NA,NA,NA,4.2590009979903e-4,811.8227530000731,812.2002101999242,812.300255500013,814.2999220001511,814.7002290000673,814.8024657000788,814.8024657000788,b,1,0.49309200001880527,815.3167401000392,815.3167401000392,815.3167401000392,815.3167401000392,NA,NA,NA,NA,NA,NA,006,001,2024-10-02_16h38.34.993,PsychoPy Exp,2023.1.2,59.93213286622176
Knowledge,FALSE,TB-K,TT_NB,PsychoPyStudy2Stim/TT_NB_6.png,Adam KNOWS there is ONE cube,1,h,b,2,0,2,2,0,2,0,0,0,NB,PropFalse,0,167,167,287,NA,NA,NA,NA,NA,0.00125119998119771,815.3925546000246,815.7667509000748,815.866592900129,817.866708900081,818.2665779001545,818.369107699953,818.369107699953,h,1,0.9902287998702376,819.3832175000571,819.3832175000571,819.3832175000571,819.3832175000571,NA,NA,NA,NA,NA,NA,006,001,2024-10-02_16h38.34.993,PsychoPy Exp,2023.1.2,59.93213286622176
Reality,FALSE,FB-Ig,T_B_T,PsychoPyStudy2Stim/T_B_T_4.png,"In REALITY, there is ONE cube",1,h,b,2,0,2,1,0,1,1,0,1,B,PropFalse,0,168,168,101,NA,NA,NA,NA,NA,4.2319996282458e-4,819.4565747000743,819.8334038001485,819.9335579001345,821.9335034000687,822.3334656001534,822.4357624000404,822.4357624000404,h,1,0.7075275999959558,823.1665535999928,823.1665535999928,823.1665535999928,823.1665535999928,NA,NA,NA,NA,NA,NA,006,001,2024-10-02_16h38.34.993,PsychoPy Exp,2023.1.2,59.93213286622176
Knowledge,FALSE,FB-Ig,T_B_T,PsychoPyStudy2Stim/T_B_T_3.png,Adam KNOWS there are TWO cubes,2,h,b,2,0,2,1,0,1,1,0,1,B,PropTrueNoKnowledge,0,169,169,314,NA,NA,NA,NA,NA,5.3429999388754e-4,823.252477500122,823.633241500007,823.7332971000578,825.7333045999985,826.1332312999293,826.2365030001383,826.2365030001383,h,1,0.570738899987191,826.8331133001484,826.8331133001484,826.8331133001484,826.8331133001484,NA,NA,NA,NA,NA,NA,006,001,2024-10-02_16h38.34.993,PsychoPy Exp,2023.1.2,59.93213286622176
Knowledge,TRUE,TB-K,TD_NB,PsychoPyStudy2Stim/TD_NB_3.png,Adam KNOWS there is ONE cube,1,b,h,2,1,1,2,1,1,0,0,0,NB,-,0,170,170,227,NA,NA,NA,NA,NA,0.00041620014235377003,826.9145691001322,827.2998192000668,827.3998881999869,829.3999181999825,829.7999347001314,829.9024227000773,829.9024227000773,b,1,0.8247733998578042,830.7497034000698,830.7497034000698,830.7497034000698,830.7497034000698,NA,NA,NA,NA,NA,NA,006,001,2024-10-02_16h38.34.993,PsychoPy Exp,2023.1.2,59.93213286622176
Knowledge,FALSE,FB-Ig,D_B_T,PsychoPyStudy2Stim/D_B_T_4.png,Adam KNOWS there is ONE cube,1,h,b,2,1,1,1,1,0,1,0,1,B,PropTrueNoKnowledge,0,171,171,321,NA,NA,NA,NA,NA,4.051998257637e-4,830.8211002000608,831.1998707000166,831.300114700105,833.2998633999377,833.6999200000428,833.802787499968,833.802787499968,h,1,1.164951500017196,834.9831348001026,834.9831348001026,834.9831348001026,834.9831348001026,NA,NA,NA,NA,NA,NA,006,001,2024-10-02_16h38.34.993,PsychoPy Exp,2023.1.2,59.93213286622176
Belief,FALSE,FB-Ig,T_B_T,PsychoPyStudy2Stim/T_B_T_2.png,Adam THINKS there are TWO cubes,2,h,b,2,0,2,1,0,1,1,0,1,B,PropTrueNoBelief,0,172,172,201,NA,NA,NA,NA,NA,3.8230000063776e-4,835.0620417001192,835.4333214000799,835.5333205000497,837.5334580999333,837.9334575000685,838.0357246999629,838.0357246999629,h,1,0.8438449997920543,838.8998738001101,838.8998738001101,838.8998738001101,838.8998738001101,NA,NA,NA,NA,NA,NA,006,001,2024-10-02_16h38.34.993,PsychoPy Exp,2023.1.2,59.93213286622176
Belief,TRUE,TB-K,TT_NB,PsychoPyStudy2Stim/TT_NB_4.png,Adam THINKS there are TWO cubes,2,b,h,2,0,2,2,0,2,0,0,0,NB,-,0,173,173,123,NA,NA,NA,NA,NA,4.0309992618858e-4,838.966442800127,839.3498234001454,839.4501060000621,841.4501676999498,841.8500902000815,841.9522027000785,841.9522027000785,b,1,0.6481526999268681,842.616608100012,842.616608100012,842.616608100012,842.616608100012,NA,NA,NA,NA,NA,NA,006,001,2024-10-02_16h38.34.993,PsychoPy Exp,2023.1.2,59.93213286622176
Belief,FALSE,FB-Ig,T_B_T,PsychoPyStudy2Stim/T_B_T_5.png,Adam THINKS there are TWO cubes,2,h,b,2,0,2,1,0,1,1,0,1,B,PropTrueNoBelief,0,174,174,204,NA,NA,NA,NA,NA,4.159000236541e-4,842.6853017001413,843.0665001000743,843.1664430999663,845.1667627000716,845.5667807999998,845.6690273000859,845.6690273000859,h,1,0.7384628998115659,846.4332936999854,846.4332936999854,846.4332936999854,846.4332936999854,NA,NA,NA,NA,NA,NA,006,001,2024-10-02_16h38.34.993,PsychoPy Exp,2023.1.2,59.93213286622176
Reality,FALSE,TB-Ig,D_B,PsychoPyStudy2Stim/D_B_4.png,"In REALITY, there are TWO cubes",2,h,b,1,1,0,1,1,0,0,0,0,B,PropFalse,0,175,175,75,NA,NA,NA,NA,NA,0.00166320009157061,846.5061499001458,846.8832831999753,846.9834778001532,848.9834183999337,849.3833958001342,849.4856418999843,849.4856418999843,h,1,0.6255595998372883,850.1329773999751,850.1329773999751,850.1329773999751,850.1329773999751,NA,NA,NA,NA,NA,NA,006,001,2024-10-02_16h38.34.993,PsychoPy Exp,2023.1.2,59.93213286622176
Belief,FALSE,FB-Ig,D_B_T,PsychoPyStudy2Stim/D_B_T_3.png,Adam THINKS there is ONE cube,1,h,b,2,1,1,1,1,0,1,0,1,B,PropTrueNoBelief,0,176,176,214,NA,NA,NA,NA,NA,4.1890004649758e-4,850.2330195999239,850.6166793000884,850.7165044001304,852.7166879000142,853.1166604000609,853.2190431000199,853.2190431000199,h,1,0.7082056999206543,853.9499034001492,853.9499034001492,853.9499034001492,853.9499034001492,NA,NA,NA,NA,NA,NA,006,001,2024-10-02_16h38.34.993,PsychoPy Exp,2023.1.2,59.93213286622176
Knowledge,TRUE,TB-K,D_NB,PsychoPyStudy2Stim/D_NB_2.png,Adam KNOWS there are ZERO cubes,0,b,h,1,1,0,1,1,0,0,0,0,NB,-,0,177,177,217,NA,NA,NA,NA,NA,0.0011519999243319,854.0285621001385,854.3997903999407,854.5000789000187,856.5000559999608,856.9000107999891,857.0025059001055,857.0025059001055,b,1,0.8927429001778364,857.9162960001267,857.9162960001267,857.9162960001267,857.9162960001267,NA,NA,NA,NA,NA,NA,006,001,2024-10-02_16h38.34.993,PsychoPy Exp,2023.1.2,59.93213286622176
Belief,FALSE,TB-K-B,TT_B,PsychoPyStudy2Stim/TT_B_2.png,Adam THINKS there are ZERO cubes,0,h,b,2,0,2,2,0,2,0,0,0,B,PropFalse,0,178,178,189,NA,NA,NA,NA,NA,3.9800000376999e-4,857.9980899000075,858.3830103001092,858.4831791000906,860.4833712999243,860.8833493001293,860.9855868001468,860.9855868001468,h,1,1.1175316001754254,862.132975500077,862.132975500077,862.132975500077,862.132975500077,NA,NA,NA,NA,NA,NA,006,001,2024-10-02_16h38.34.993,PsychoPy Exp,2023.1.2,59.93213286622176
Belief,FALSE,TB-Ig,D_B_D,PsychoPyStudy2Stim/D_B_D_3.png,Adam THINKS there is ONE cube,1,h,b,2,2,0,1,1,0,1,1,0,B,PropFalse,0,179,179,186,NA,NA,NA,NA,NA,7.9859979450702e-4,862.211728699971,862.5832041001413,862.6831743000075,864.6833614001516,865.0831228001043,865.1855679000728,865.1855679000728,h,1,1.1336558000184596,866.3497830000706,866.3497830000706,866.3497830000706,866.3497830000706,NA,NA,NA,NA,NA,NA,006,001,2024-10-02_16h38.34.993,PsychoPy Exp,2023.1.2,59.93213286622176
Reality,TRUE,TB-Ig,D_B_D,PsychoPyStudy2Stim/D_B_D_3.png,"In REALITY, there are ZERO cubes",0,b,h,2,2,0,1,1,0,1,1,0,B,-,0,180,180,24,NA,NA,NA,NA,NA,3.8060010410845e-4,866.4357406999916,866.8165806999896,866.9166776000056,868.9165884000249,869.3165311999619,869.4187865999993,869.4187865999993,b,1,0.5562652999069542,869.9999041000847,869.9999041000847,869.9999041000847,869.9999041000847,NA,NA,NA,NA,NA,NA,006,001,2024-10-02_16h38.34.993,PsychoPy Exp,2023.1.2,59.93213286622176
Reality,FALSE,FB-Ig,T_B_T,PsychoPyStudy2Stim/T_B_T_6.png,"In REALITY, there is ONE cube",1,h,b,2,0,2,1,0,1,1,0,1,B,PropFalse,0,181,181,97,NA,NA,NA,NA,NA,0.00115279993042349,870.0925772001501,870.466555400053,870.5666513999458,872.566671699984,872.9666474999394,873.0688891001046,873.0688891001046,h,1,0.8905700999312103,873.9830881999806,873.9830881999806,873.9830881999806,873.9830881999806,NA,NA,NA,NA,NA,NA,006,001,2024-10-02_16h38.34.993,PsychoPy Exp,2023.1.2,59.93213286622176
Belief,FALSE,TB-K-B,TT_B,PsychoPyStudy2Stim/TT_B_3.png,Adam THINKS there are ZERO cubes,0,h,b,2,0,2,2,0,2,0,0,0,B,PropFalse,0,182,182,190,NA,NA,NA,NA,NA,0.00168050010688602,874.0542260000948,874.433101600036,874.5333487000316,876.5331208000425,876.9331833999604,877.0356544000097,877.0356544000097,h,1,0.6354054999537766,877.6997740000952,877.6997740000952,877.6997740000952,877.6997740000952,NA,NA,NA,NA,NA,NA,006,001,2024-10-02_16h38.34.993,PsychoPy Exp,2023.1.2,59.93213286622176
Reality,TRUE,TB-Ig,D_B_D,PsychoPyStudy2Stim/D_B_D_4.png,"In REALITY, there are ZERO cubes",0,b,h,2,2,0,1,1,0,1,1,0,B,-,0,183,183,25,NA,NA,NA,NA,NA,3.8520013913512e-4,877.7708211001009,878.1498308000155,878.2499534001108,880.2497926000506,880.6499243001454,880.752264900133,880.752264900133,b,1,0.5189102999866009,881.2997647000011,881.2997647000011,881.2997647000011,881.2997647000011,NA,NA,NA,NA,NA,NA,006,001,2024-10-02_16h38.34.993,PsychoPy Exp,2023.1.2,59.93213286622176
Knowledge,TRUE,TB-K-B,DD_B,PsychoPyStudy2Stim/DD_B_9.png,Adam KNOWS there are ZERO cubes,0,b,h,2,2,0,2,2,0,0,0,0,B,-,0,184,184,242,NA,NA,NA,NA,NA,0.00110959983430802,881.3897331999615,881.7664634999819,881.8666888000444,883.8664186999667,884.2666436000727,884.3689053000417,884.3689053000417,b,1,0.6470156998839229,885.033160299994,885.033160299994,885.033160299994,885.033160299994,NA,NA,NA,NA,NA,NA,006,001,2024-10-02_16h38.34.993,PsychoPy Exp,2023.1.2,59.93213286622176
Knowledge,TRUE,TB-K-B,TD_B,PsychoPyStudy2Stim/TD_B_1.png,Adam KNOWS there is ONE cube,1,b,h,2,1,1,2,1,1,0,0,0,B,-,0,185,185,258,NA,NA,NA,NA,NA,6.883000023663e-4,885.1216975999996,885.4998216000386,885.5999499000609,887.5999400001019,887.9998445000965,888.1021141000092,888.1021141000092,b,1,0.6413207999430597,888.7665304001421,888.7665304001421,888.7665304001421,888.7665304001421,NA,NA,NA,NA,NA,NA,006,001,2024-10-02_16h38.34.993,PsychoPy Exp,2023.1.2,59.93213286622176
Reality,TRUE,TB-K,D_NB,PsychoPyStudy2Stim/D_NB_3.png,"In REALITY, there are ZERO cubes",0,b,h,1,1,0,1,1,0,0,0,0,NB,-,0,186,186,2,NA,NA,NA,NA,NA,0.0017034001648426,888.8556884001009,889.2330964999273,889.3332489000168,891.3331236999948,891.7331386001315,891.8354665001389,891.8354665001389,b,1,0.7079060000833124,892.5664286999963,892.5664286999963,892.5664286999963,892.5664286999963,NA,NA,NA,NA,NA,NA,006,001,2024-10-02_16h38.34.993,PsychoPy Exp,2023.1.2,59.93213286622176
Belief,FALSE,FB-Ig,D_B_T,PsychoPyStudy2Stim/D_B_T_1.png,Adam THINKS there is ONE cube,1,h,b,2,1,1,1,1,0,1,0,1,B,PropTrueNoBelief,0,187,187,212,NA,NA,NA,NA,NA,0.00148350000381469,892.6486148000695,893.0330471999478,893.1332336000632,895.1332438001409,895.533080900088,895.6358038000762,895.6358038000762,h,1,0.7478567999787629,896.399768400006,896.399768400006,896.399768400006,896.399768400006,NA,NA,NA,NA,NA,NA,006,001,2024-10-02_16h38.34.993,PsychoPy Exp,2023.1.2,59.93213286622176
Belief,TRUE,TB-K-B,TT_B,PsychoPyStudy2Stim/TT_B_9.png,Adam THINKS there are TWO cubes,2,b,h,2,0,2,2,0,2,0,0,0,B,-,0,188,188,142,NA,NA,NA,NA,NA,0.00147089990787208,896.4780924001243,896.8498146999627,896.949757500086,898.9496530001052,899.3497965999413,899.4521979000419,899.4521979000419,b,1,0.6996849998831749,900.1830462000798,900.1830462000798,900.1830462000798,900.1830462000798,NA,NA,NA,NA,NA,NA,006,001,2024-10-02_16h38.34.993,PsychoPy Exp,2023.1.2,59.93213286622176
Belief,FALSE,TB-Ig,D_B,PsychoPyStudy2Stim/D_B_1.png,Adam THINKS there is ONE cube,1,h,b,1,1,0,1,1,0,0,0,0,B,PropFalse,0,189,189,180,NA,NA,NA,NA,NA,3.8499990478157e-4,900.254122500075,900.6330695000943,900.7331394001376,902.7332326001488,903.1332024000584,903.235483699944,903.235483699944,h,1,0.6114584999158978,903.8662533999886,903.8662533999886,903.8662533999886,903.8662533999886,NA,NA,NA,NA,NA,NA,006,001,2024-10-02_16h38.34.993,PsychoPy Exp,2023.1.2,59.93213286622176
Belief,FALSE,TB-K,T_NB,PsychoPyStudy2Stim/T_NB_3.png,Adam THINKS there are TWO cubes,2,h,b,1,0,1,1,0,1,0,0,0,NB,PropFalse,0,190,190,167,NA,NA,NA,NA,NA,3.734000492841e-4,903.931173000019,904.3162547999528,904.4165272000246,906.4165189000778,906.8164890999906,906.9188505001366,906.9188505001366,h,1,0.6001172999385744,907.549579200102,907.549579200102,907.549579200102,907.549579200102,NA,NA,NA,NA,NA,NA,006,001,2024-10-02_16h38.34.993,PsychoPy Exp,2023.1.2,59.93213286622176
Reality,FALSE,FB-Ig,D_B_T,PsychoPyStudy2Stim/D_B_T_4.png,"In REALITY, there are ZERO cubes",0,h,b,2,1,1,1,1,0,1,0,1,B,PropFalse,0,191,191,107,NA,NA,NA,NA,NA,5.204000044614e-4,907.621400800068,907.9995757001452,908.0997300001328,910.0998561999296,910.4997658999636,910.6021197999362,910.6021197999362,h,1,1.4137222000863403,912.0330169000664,912.0330169000664,912.0330169000664,912.0330169000664,NA,NA,NA,NA,NA,NA,006,001,2024-10-02_16h38.34.993,PsychoPy Exp,2023.1.2,59.93213286622176
Reality,FALSE,TB-K,TT_NB,PsychoPyStudy2Stim/TT_NB_5.png,"In REALITY, there is ONE cube",1,h,b,2,0,2,2,0,2,0,0,0,NB,PropFalse,0,192,192,70,NA,NA,NA,NA,NA,7.7509996481239e-4,912.124480900122,912.4997336999512,912.5996201001108,914.5998102999292,914.9997708001174,915.101997199934,915.101997199934,h,1,0.985326400026679,916.1163166000042,916.1163166000042,916.1163166000042,916.1163166000042,NA,NA,NA,NA,NA,NA,006,001,2024-10-02_16h38.34.993,PsychoPy Exp,2023.1.2,59.93213286622176
Reality,TRUE,FB-Ig,T_B_T,PsychoPyStudy2Stim/T_B_T_1.png,"In REALITY, there are TWO cubes",2,b,h,2,0,2,1,0,1,1,0,1,B,-,0,193,193,44,NA,NA,NA,NA,NA,4.1990005411207e-4,916.1903717000968,916.566371700028,916.6664843999316,918.666477299994,919.0664638001472,919.1687150001526,919.1687150001526,b,1,0.5986894001252949,919.7830157000571,919.7830157000571,919.7830157000571,919.7830157000571,NA,NA,NA,NA,NA,NA,006,001,2024-10-02_16h38.34.993,PsychoPy Exp,2023.1.2,59.93213286622176
Reality,TRUE,FB-Ig,D_B_T,PsychoPyStudy2Stim/D_B_T_1.png,"In REALITY, there is ONE cube",1,b,h,2,1,1,1,1,0,1,0,1,B,-,0,194,194,50,NA,NA,NA,NA,NA,8.9410017244517e-4,919.8690321999602,920.2496879000682,920.3497585000003,922.349779299926,922.7496440000832,922.8521362999454,922.8521362999454,b,1,0.731518300017342,923.5997192000503,923.5997192000503,923.5997192000503,923.5997192000503,NA,NA,NA,NA,NA,NA,006,001,2024-10-02_16h38.34.993,PsychoPy Exp,2023.1.2,59.93213286622176
Reality,TRUE,FB-Ig,T_B_T,PsychoPyStudy2Stim/T_B_T_4.png,"In REALITY, there are TWO cubes",2,b,h,2,0,2,1,0,1,1,0,1,B,-,0,195,195,47,NA,NA,NA,NA,NA,0.00165740004740655,923.6911711001304,924.066318300087,924.1664577000774,926.1664358000272,926.5664514000528,926.6685431001242,926.6685431001242,b,1,0.5947480001486838,927.283021399984,927.283021399984,927.283021399984,927.283021399984,NA,NA,NA,NA,NA,NA,006,001,2024-10-02_16h38.34.993,PsychoPy Exp,2023.1.2,59.93213286622176
Reality,TRUE,FB-Ig,T_B_T,PsychoPyStudy2Stim/T_B_T_3.png,"In REALITY, there are TWO cubes",2,b,h,2,0,2,1,0,1,1,0,1,B,-,0,196,196,40,NA,NA,NA,NA,NA,0.00169640011154115,927.368899699999,927.7496128000784,927.8497627000324,929.849742700113,930.2497014000546,930.3520885999314,930.3520885999314,b,1,0.5591255000326782,930.9330041999928,930.9330041999928,930.9330041999928,930.9330041999928,NA,NA,NA,NA,NA,NA,006,001,2024-10-02_16h38.34.993,PsychoPy Exp,2023.1.2,59.93213286622176
Knowledge,FALSE,TB-Ig,D_B_D,PsychoPyStudy2Stim/D_B_D_4.png,Adam KNOWS there are ZERO cubes,0,h,b,2,2,0,1,1,0,1,1,0,B,PropTrueNoKnowledge,0,197,197,295,NA,NA,NA,NA,NA,0.00176999997347593,931.0212503999936,931.399632100016,931.4996267999522,933.4997857999988,933.8997748999392,934.0019149000292,934.0019149000292,h,1,0.7170039000920951,934.7495464000384,934.7495464000384,934.7495464000384,934.7495464000384,NA,NA,NA,NA,NA,NA,006,001,2024-10-02_16h38.34.993,PsychoPy Exp,2023.1.2,59.93213286622176
Reality,FALSE,TB-K-B,DD_B,PsychoPyStudy2Stim/DD_B_16.png,"In REALITY, there are TWO cubes",2,h,b,2,2,0,2,2,0,0,0,0,B,PropFalse,0,198,198,83,NA,NA,NA,NA,NA,3.9959978312253e-4,934.8246144999284,935.19960250007,935.2997370001394,937.2998526000885,937.6997730000876,937.8021782001016,937.8021782001016,h,1,1.3492022000718862,939.182843599934,939.182843599934,939.182843599934,939.182843599934,NA,NA,NA,NA,NA,NA,006,001,2024-10-02_16h38.34.993,PsychoPy Exp,2023.1.2,59.93213286622176
Reality,FALSE,TB-K-B,TD_B,PsychoPyStudy2Stim/TD_B_5.png,"In REALITY, there are ZERO cubes",0,h,b,2,1,1,2,1,1,0,0,0,B,PropFalse,0,199,199,88,NA,NA,NA,NA,NA,3.7389993667602e-4,939.2562655000949,939.632825500099,939.7329692000058,941.7329587000422,942.132932000095,942.2352736000904,942.2352736000904,b,0,0.8199485999066383,943.0829752001446,943.0829752001446,943.0829752001446,943.0829752001446,NA,NA,NA,NA,NA,NA,006,001,2024-10-02_16h38.34.993,PsychoPy Exp,2023.1.2,59.93213286622176
Knowledge,FALSE,FB-Ig,D_B_T,PsychoPyStudy2Stim/D_B_T_1.png,Adam KNOWS there is ONE cube,1,h,b,2,1,1,1,1,0,1,0,1,B,PropTrueNoKnowledge,0,200,200,318,NA,NA,NA,NA,NA,0.00178540009073913,943.1569783999583,943.5329569999594,943.6330556001049,945.633037300082,946.0329281000886,946.135538800154,946.135538800154,h,1,1.7194945998489857,947.8829475000966,947.8829475000966,947.8829475000966,947.8829475000966,NA,NA,NA,NA,NA,NA,006,001,2024-10-02_16h38.34.993,PsychoPy Exp,2023.1.2,59.93213286622176
Knowledge,TRUE,TB-K,DD_NB,PsychoPyStudy2Stim/DD_NB_3.png,Adam KNOWS there are ZERO cubes,0,b,h,2,2,0,2,2,0,0,0,0,NB,-,0,201,201,224,NA,NA,NA,NA,NA,0.00171049986965954,947.975862600142,948.3494275000412,948.4496848999988,950.4497128000947,950.8496550000272,950.9519665001426,950.9519665001426,b,1,1.0954416000749916,952.0662599999924,952.0662599999924,952.0662599999924,952.0662599999924,NA,NA,NA,NA,NA,NA,006,001,2024-10-02_16h38.34.993,PsychoPy Exp,2023.1.2,59.93213286622176
Reality,TRUE,TB-K-B,DD_B,PsychoPyStudy2Stim/DD_B_16.png,"In REALITY, there are ZERO cubes",0,b,h,2,2,0,2,2,0,0,0,0,B,-,0,202,202,29,NA,NA,NA,NA,NA,0.001660100184381,952.167577800108,952.5494025000372,952.6495640999638,954.649573800154,955.0495967001189,955.1522270001004,955.1522270001004,b,1,3.5669943001121283,958.749544700142,958.749544700142,958.749544700142,958.749544700142,NA,NA,NA,NA,NA,NA,006,001,2024-10-02_16h38.34.993,PsychoPy Exp,2023.1.2,59.93213286622176
Reality,TRUE,TB-K,DD_NB,PsychoPyStudy2Stim/DD_NB_1.png,"In REALITY, there are ZERO cubes",0,b,h,2,2,0,2,2,0,0,0,0,NB,-,0,203,203,6,NA,NA,NA,NA,NA,0.00166529999114573,958.8344896000344,959.2161952001044,959.3163066999988,961.316349199973,961.7161848000252,961.8185469999444,961.8185469999444,b,1,0.6207255001645535,962.4661820000038,962.4661820000038,962.4661820000038,962.4661820000038,NA,NA,NA,NA,NA,NA,006,001,2024-10-02_16h38.34.993,PsychoPy Exp,2023.1.2,59.93213286622176
Reality,FALSE,TB-K,DD_NB,PsychoPyStudy2Stim/DD_NB_3.png,"In REALITY, there are TWO cubes",2,h,b,2,2,0,2,2,0,0,0,0,NB,PropFalse,0,204,204,62,NA,NA,NA,NA,NA,0.00168389989994466,962.5525521000382,962.9328324000816,963.0329696000554,965.0329619999976,965.4329347000456,965.5352183999494,965.5352183999494,b,0,0.5919128998648375,966.1495485000778,966.1495485000778,966.1495485000778,966.1495485000778,NA,NA,NA,NA,NA,NA,006,001,2024-10-02_16h38.34.993,PsychoPy Exp,2023.1.2,59.93213286622176
Reality,TRUE,TB-K-B,TD_B,PsychoPyStudy2Stim/TD_B_5.png,"In REALITY, there is ONE cube",1,b,h,2,1,1,2,1,1,0,0,0,B,-,0,205,205,34,NA,NA,NA,NA,NA,0.00165709992870688,966.2390163000672,966.6161752000916,966.7162830000744,968.7162868999876,969.1162960000802,969.2185827000068,969.2185827000068,b,1,1.3004888999275863,970.5492835000624,970.5492835000624,970.5492835000624,970.5492835000624,NA,NA,NA,NA,NA,NA,006,001,2024-10-02_16h38.34.993,PsychoPy Exp,2023.1.2,59.93213286622176
Knowledge,FALSE,TB-K,D_NB,PsychoPyStudy2Stim/D_NB_3.png,Adam KNOWS there are TWO cubes,2,h,b,1,1,0,1,1,0,0,0,0,NB,PropFalse,0,206,206,272,NA,NA,NA,NA,NA,4.0889997035264e-4,970.6173010999336,970.999492400093,971.0994641000872,973.0995447000024,973.4996057001408,973.601996100042,973.601996100042,h,1,0.6046720000449568,974.2326460999902,974.2326460999902,974.2326460999902,974.2326460999902,NA,NA,NA,NA,NA,NA,006,001,2024-10-02_16h38.34.993,PsychoPy Exp,2023.1.2,59.93213286622176
Knowledge,TRUE,TB-K,T_NB,PsychoPyStudy2Stim/T_NB_2.png,Adam KNOWS there is ONE cube,1,b,h,1,0,1,1,0,1,0,0,0,NB,-,0,207,207,220,NA,NA,NA,NA,NA,4.3189991265535e-4,974.3056491001043,974.682797000045,974.7829216001556,976.78288850002,977.1829210000578,977.2853620999958,977.2853620999958,b,1,0.8013172000646591,978.115870299982,978.115870299982,978.115870299982,978.115870299982,NA,NA,NA,NA,NA,NA,006,001,2024-10-02_16h38.34.993,PsychoPy Exp,2023.1.2,59.93213286622176
Reality,TRUE,FB-Ig,T_B_T,PsychoPyStudy2Stim/T_B_T_2.png,"In REALITY, there are TWO cubes",2,b,h,2,0,2,1,0,1,1,0,1,B,-,0,208,208,39,NA,NA,NA,NA,NA,4.0400004945695e-4,978.1891129000578,978.5661170000676,978.6662781001068,980.666072400054,981.0662342000288,981.1684805001132,981.1684805001132,b,1,0.5827887000050396,981.7827294999734,981.7827294999734,981.7827294999734,981.7827294999734,NA,NA,NA,NA,NA,NA,006,001,2024-10-02_16h38.34.993,PsychoPy Exp,2023.1.2,59.93213286622176
Reality,FALSE,FB-Ig,T_B_T,PsychoPyStudy2Stim/T_B_T_5.png,"In REALITY, there is ONE cube",1,h,b,2,0,2,1,0,1,1,0,1,B,PropFalse,0,209,209,102,NA,NA,NA,NA,NA,0.00154189998283982,981.8698857999408,982.2494856000412,982.3494186000898,984.3495410999748,984.7495321999304,984.8517821999268,984.8517821999268,b,0,0.7638191999867558,985.6327184000984,985.6327184000984,985.6327184000984,985.6327184000984,NA,NA,NA,NA,NA,NA,006,001,2024-10-02_16h38.34.993,PsychoPy Exp,2023.1.2,59.93213286622176
Belief,FALSE,TB-K,DD_NB,PsychoPyStudy2Stim/DD_NB_3.png,Adam THINKS there are TWO cubes,2,h,b,2,2,0,2,2,0,0,0,0,NB,PropFalse,0,210,210,170,NA,NA,NA,NA,NA,0.00112380017526447,985.7172521001194,986.099472900154,986.1996077001096,988.1995755999816,988.5995426999872,988.701827300014,988.701827300014,h,1,0.7611982999369502,989.482720799977,989.482720799977,989.482720799977,989.482720799977,NA,NA,NA,NA,NA,NA,006,001,2024-10-02_16h38.34.993,PsychoPy Exp,2023.1.2,59.93213286622176
Knowledge,FALSE,FB-Ig,D_B_T,PsychoPyStudy2Stim/D_B_T_2.png,Adam KNOWS there is ONE cube,1,h,b,2,1,1,1,1,0,1,0,1,B,PropTrueNoKnowledge,0,211,211,319,NA,NA,NA,NA,NA,0.00152299995534122,989.56287480006,989.9328161999584,990.0328951999544,992.0328553,992.4328855001368,992.5352125000207,992.5352125000207,h,1,1.664505199994892,994.2159833000042,994.2159833000042,994.2159833000042,994.2159833000042,NA,NA,NA,NA,NA,NA,006,001,2024-10-02_16h38.34.993,PsychoPy Exp,2023.1.2,59.93213286622176
Reality,TRUE,TB-K-B,TD_B,PsychoPyStudy2Stim/TD_B_4.png,"In REALITY, there is ONE cube",1,b,h,2,1,1,2,1,1,0,0,0,B,-,0,212,212,33,NA,NA,NA,NA,NA,0.00169419986195862,994.2877024000044,994.6660148999654,994.7662349999882,996.7661928001326,997.1661384999752,997.2683755999896,997.2683755999896,b,1,0.9863674000371248,998.2825722000562,998.2825722000562,998.2825722000562,998.2825722000562,NA,NA,NA,NA,NA,NA,006,001,2024-10-02_16h38.34.993,PsychoPy Exp,2023.1.2,59.93213286622176
Belief,TRUE,TB-K-B,TT_B,PsychoPyStudy2Stim/TT_B_10.png,Adam THINKS there are TWO cubes,2,b,h,2,0,2,2,0,2,0,0,0,B,-,0,213,213,143,NA,NA,NA,NA,NA,0.0014971001073718,998.3595614000224,998.7326897999736,998.83278720011,1000.8329286000226,1001.2329607999418,1001.3350859000348,1001.3350859000348,b,1,1.135915300110355,1002.4994064001366,1002.4994064001366,1002.4994064001366,1002.4994064001366,NA,NA,NA,NA,NA,NA,006,001,2024-10-02_16h38.34.993,PsychoPy Exp,2023.1.2,59.93213286622176
Knowledge,TRUE,TB-K,T_NB,PsychoPyStudy2Stim/T_NB_1.png,Adam KNOWS there is ONE cube,1,b,h,1,0,1,1,0,1,0,0,0,NB,-,0,214,214,219,NA,NA,NA,NA,NA,0.00164910010062158,1002.5857897000388,1002.9659994000104,1003.0661222001072,1005.0661254001316,1005.4660666000564,1005.5681612000336,1005.5681612000336,b,1,0.5585062000900507,1006.149272599956,1006.149272599956,1006.149272599956,1006.149272599956,NA,NA,NA,NA,NA,NA,006,001,2024-10-02_16h38.34.993,PsychoPy Exp,2023.1.2,59.93213286622176
Reality,FALSE,TB-Ig,D_B,PsychoPyStudy2Stim/D_B_2.png,"In REALITY, there are TWO cubes",2,h,b,1,1,0,1,1,0,0,0,0,B,PropFalse,0,215,215,73,NA,NA,NA,NA,NA,5.9810001403093e-4,1006.2402578000912,1006.6161096000578,1006.716000100132,1008.7161588999444,1009.116121100029,1009.2183646999764,1009.2183646999764,h,1,0.5722548000048846,1009.8158575000708,1009.8158575000708,1009.8158575000708,1009.8158575000708,NA,NA,NA,NA,NA,NA,006,001,2024-10-02_16h38.34.993,PsychoPy Exp,2023.1.2,59.93213286622176
Reality,FALSE,TB-K-B,TD_B,PsychoPyStudy2Stim/TD_B_3.png,"In REALITY, there are ZERO cubes",0,h,b,2,1,1,2,1,1,0,0,0,B,PropFalse,0,216,216,86,NA,NA,NA,NA,NA,4.9240002408623e-4,1009.8895874000154,1010.2659962000324,1010.3661442999728,1012.3661543999332,1012.7661466000136,1012.8683462000918,1012.8683462000918,h,1,2.650250599952414,1015.549289799994,1015.549289799994,1015.549289799994,1015.549289799994,NA,NA,NA,NA,NA,NA,006,001,2024-10-02_16h38.34.993,PsychoPy Exp,2023.1.2,59.93213286622176
Reality,FALSE,TB-K,D_NB,PsychoPyStudy2Stim/D_NB_3.png,"In REALITY, there are TWO cubes",2,h,b,1,1,0,1,1,0,0,0,0,NB,PropFalse,0,217,217,56,NA,NA,NA,NA,NA,0.00106530007906258,1015.6407099000644,1016.015874600038,1016.1159534000326,1018.1161351001356,1018.5160821999888,1018.6184769999236,1018.6184769999236,h,1,0.7645696001127362,1019.3991553001106,1019.3991553001106,1019.3991553001106,1019.3991553001106,NA,NA,NA,NA,NA,NA,006,001,2024-10-02_16h38.34.993,PsychoPy Exp,2023.1.2,59.93213286622176
Belief,FALSE,TB-K,TT_NB,PsychoPyStudy2Stim/TT_NB_2.png,Adam THINKS there are ZERO cubes,0,h,b,2,0,2,2,0,2,0,0,0,NB,PropFalse,0,218,218,175,NA,NA,NA,NA,NA,4.7699990682303e-4,1019.4786316000392,1019.8493242000696,1019.9494847999886,1021.949265900068,1022.3493516000452,1022.4519275999628,1022.4519275999628,b,0,0.6906679999083281,1023.165954099968,1023.165954099968,1023.165954099968,1023.165954099968,NA,NA,NA,NA,NA,NA,006,001,2024-10-02_16h38.34.993,PsychoPy Exp,2023.1.2,59.93213286622176
Reality,FALSE,TB-Ig,D_B_D,PsychoPyStudy2Stim/D_B_D_3.png,"In REALITY, there are TWO cubes",2,h,b,2,2,0,1,1,0,1,1,0,B,PropFalse,0,219,219,78,NA,NA,NA,NA,NA,7.8330002725124e-4,1023.2656747000292,1023.6492614001036,1023.7494328001048,1025.7493380999658,1026.1494408000726,1026.2516721999273,1026.2516721999273,h,1,1.379444400081411,1027.6493180999532,1027.6493180999532,1027.6493180999532,1027.6493180999532,NA,NA,NA,NA,NA,NA,006,001,2024-10-02_16h38.34.993,PsychoPy Exp,2023.1.2,59.93213286622176
Belief,FALSE,TB-K,DD_NB,PsychoPyStudy2Stim/DD_NB_2.png,Adam THINKS there are TWO cubes,2,h,b,2,2,0,2,2,0,0,0,0,NB,PropFalse,0,220,220,169,NA,NA,NA,NA,NA,0.00167270004749298,1027.7526398000773,1028.13248619996,1028.2327275001444,1030.2325728000142,1030.6326655000448,1030.734977700049,1030.734977700049,h,1,0.8323765001259744,1031.5825618000235,1031.5825618000235,1031.5825618000235,1031.5825618000235,NA,NA,NA,NA,NA,NA,006,001,2024-10-02_16h38.34.993,PsychoPy Exp,2023.1.2,59.93213286622176
Knowledge,FALSE,TB-K,TT_NB,PsychoPyStudy2Stim/TT_NB_1.png,Adam KNOWS there are ZERO cubes,0,h,b,2,0,2,2,0,2,0,0,0,NB,PropFalse,0,221,221,282,NA,NA,NA,NA,NA,0.00147669995203614,1031.6714389999397,1032.0492762001231,1032.1491495000664,1034.1493826000951,1034.5494011000264,1034.6517576000188,1034.6517576000188,h,1,1.683269000146538,1036.3659306000918,1036.3659306000918,1036.3659306000918,1036.3659306000918,NA,NA,NA,NA,NA,NA,006,001,2024-10-02_16h38.34.993,PsychoPy Exp,2023.1.2,59.93213286622176
Knowledge,FALSE,FB-Ig,T_B_T,PsychoPyStudy2Stim/T_B_T_5.png,Adam KNOWS there are TWO cubes,2,h,b,2,0,2,1,0,1,1,0,1,B,PropTrueNoKnowledge,0,222,222,316,NA,NA,NA,NA,NA,0.00171400001272559,1036.4587557001505,1036.8325996000783,1036.93270809995,1038.9326677999925,1039.3325007001404,1039.4349644000176,1039.4349644000176,h,1,2.0918457999359816,1041.549263900146,1041.549263900146,1041.549263900146,1041.549263900146,NA,NA,NA,NA,NA,NA,006,001,2024-10-02_16h38.34.993,PsychoPy Exp,2023.1.2,59.93213286622176
Knowledge,TRUE,TB-K-B,TD_B,PsychoPyStudy2Stim/TD_B_5.png,Adam KNOWS there is ONE cube,1,b,h,2,1,1,2,1,1,0,0,0,B,-,0,223,223,262,NA,NA,NA,NA,NA,0.00170159991830587,1041.6373795000836,1042.015923399944,1042.11601470015,1044.1160011000466,1044.515979200136,1044.6183346000034,1044.6183346000034,b,1,0.908510999986902,1045.5492484001445,1045.5492484001445,1045.5492484001445,1045.5492484001445,NA,NA,NA,NA,NA,NA,006,001,2024-10-02_16h38.34.993,PsychoPy Exp,2023.1.2,59.93213286622176
Belief,FALSE,FB-Ig,T_B_T,PsychoPyStudy2Stim/T_B_T_4.png,Adam THINKS there are TWO cubes,2,h,b,2,0,2,1,0,1,1,0,1,B,PropTrueNoBelief,0,224,224,203,NA,NA,NA,NA,NA,0.00170969986356794,1045.630868300097,1046.0159179000184,1046.1159964001272,1048.116029900033,1048.515925799962,1048.6182013000362,1048.6182013000362,h,1,0.9086565000470728,1049.549233000027,1049.549233000027,1049.549233000027,1049.549233000027,NA,NA,NA,NA,NA,NA,006,001,2024-10-02_16h38.34.993,PsychoPy Exp,2023.1.2,59.93213286622176
Belief,FALSE,FB-Ig,T_B_T,PsychoPyStudy2Stim/T_B_T_6.png,Adam THINKS there are TWO cubes,2,h,b,2,0,2,1,0,1,1,0,1,B,PropTrueNoBelief,0,225,225,211,NA,NA,NA,NA,NA,0.00167090003378689,1049.636402900098,1050.0158702000044,1050.115996000124,1052.1159705999307,1052.5158973000944,1052.618127200054,1052.618127200054,h,1,1.133162699872628,1053.782549600117,1053.782549600117,1053.782549600117,1053.782549600117,NA,NA,NA,NA,NA,NA,006,001,2024-10-02_16h38.34.993,PsychoPy Exp,2023.1.2,59.93213286622176
Knowledge,TRUE,TB-K,T_NB,PsychoPyStudy2Stim/T_NB_3.png,Adam KNOWS there is ONE cube,1,b,h,1,0,1,1,0,1,0,0,0,NB,-,0,226,226,221,NA,NA,NA,NA,NA,0.00167939998209476,1053.8765686000695,1054.249163800152,1054.349316500127,1056.3491545999425,1056.7493017001543,1056.8515878999606,1056.8515878999606,b,1,0.4830710999667645,1057.3656387999654,1057.3656387999654,1057.3656387999654,1057.3656387999654,NA,NA,NA,NA,NA,NA,006,001,2024-10-02_16h38.34.993,PsychoPy Exp,2023.1.2,59.93213286622176
Belief,FALSE,TB-K,TT_NB,PsychoPyStudy2Stim/TT_NB_3.png,Adam THINKS there are ZERO cubes,0,h,b,2,0,2,2,0,2,0,0,0,NB,PropFalse,0,227,227,176,NA,NA,NA,NA,NA,9.0870005078613e-4,1057.4439827001188,1057.8158377001528,1057.9159618001431,1059.9159542999696,1060.3158046000171,1060.4182545000222,1060.4182545000222,h,1,0.8203454001341015,1061.2656726001296,1061.2656726001296,1061.2656726001296,1061.2656726001296,NA,NA,NA,NA,NA,NA,006,001,2024-10-02_16h38.34.993,PsychoPy Exp,2023.1.2,59.93213286622176
Reality,FALSE,TB-K,TD_NB,PsychoPyStudy2Stim/TD_NB_2.png,"In REALITY, there are ZERO cubes",0,h,b,2,1,1,2,1,1,0,0,0,NB,PropFalse,0,228,228,64,NA,NA,NA,NA,NA,0.00165969994850456,1061.3374409999233,1061.715811599977,1061.8159543999936,1063.8159519999754,1064.2158143999986,1064.3182173001114,1064.3182173001114,h,1,0.7045753002166748,1065.049204299925,1065.049204299925,1065.049204299925,1065.049204299925,NA,NA,NA,NA,NA,NA,006,001,2024-10-02_16h38.34.993,PsychoPy Exp,2023.1.2,59.93213286622176
Knowledge,TRUE,TB-K-B,DD_B,PsychoPyStudy2Stim/DD_B_4.png,Adam KNOWS there are ZERO cubes,0,b,h,2,2,0,2,2,0,0,0,0,B,-,0,229,229,237,NA,NA,NA,NA,NA,0.00165440002456307,1065.1541879000142,1065.5324858000968,1065.6324921001217,1067.632590800058,1068.0326527999714,1068.1348317000084,1068.1348317000084,h,0,0.8879376000259072,1069.0489483999554,1069.0489483999554,1069.0489483999554,1069.0489483999554,NA,NA,NA,NA,NA,NA,006,001,2024-10-02_16h38.34.993,PsychoPy Exp,2023.1.2,59.93213286622176
Belief,FALSE,TB-Ig,D_B,PsychoPyStudy2Stim/D_B_2.png,Adam THINKS there is ONE cube,1,h,b,1,1,0,1,1,0,0,0,0,B,PropFalse,0,230,230,181,NA,NA,NA,NA,NA,4.1850004345178e-4,1069.1330957999453,1069.5157717999537,1069.6159085999243,1071.615908200154,1072.0159038000274,1072.1181101999246,1072.1181101999246,h,1,1.0882197001483291,1073.2322780000975,1073.2322780000975,1073.2322780000975,1073.2322780000975,NA,NA,NA,NA,NA,NA,006,001,2024-10-02_16h38.34.993,PsychoPy Exp,2023.1.2,59.93213286622176
Belief,FALSE,TB-K-B,TT_B,PsychoPyStudy2Stim/TT_B_11.png,Adam THINKS there are ZERO cubes,0,h,b,2,0,2,2,0,2,0,0,0,B,PropFalse,0,231,231,198,NA,NA,NA,NA,NA,4.1420012712478e-4,1073.321049100021,1073.6990525999572,1073.799228399992,1075.7992267000957,1076.1991954001132,1076.3016152000057,1076.3016152000057,h,1,2.0977998001035303,1078.4157945001498,1078.4157945001498,1078.4157945001498,1078.4157945001498,NA,NA,NA,NA,NA,NA,006,001,2024-10-02_16h38.34.993,PsychoPy Exp,2023.1.2,59.93213286622176
Belief,TRUE,TB-K,DD_NB,PsychoPyStudy2Stim/DD_NB_3.png,Adam THINKS there are ZERO cubes,0,b,h,2,2,0,2,2,0,0,0,0,NB,-,0,232,232,116,NA,NA,NA,NA,NA,0.00173290004022419,1078.5181863000616,1078.899112700019,1078.9991880999878,1080.9990549001377,1081.3990434000734,1081.5014680000022,1081.5014680000022,h,0,0.5771951000206172,1082.0989934001118,1082.0989934001118,1082.0989934001118,1082.0989934001118,NA,NA,NA,NA,NA,NA,006,001,2024-10-02_16h38.34.993,PsychoPy Exp,2023.1.2,59.93213286622176
Knowledge,FALSE,TB-K,T_NB,PsychoPyStudy2Stim/T_NB_2.png,Adam KNOWS there are TWO cubes,2,h,b,1,0,1,1,0,1,0,0,0,NB,PropFalse,0,233,233,274,NA,NA,NA,NA,NA,0.00167140015400946,1082.1704315999525,1082.5490838999394,1082.6491181000602,1084.649210399948,1085.0492223999463,1085.1515808000695,1085.1515808000695,h,1,0.9750153000932188,1086.1490541000385,1086.1490541000385,1086.1490541000385,1086.1490541000385,NA,NA,NA,NA,NA,NA,006,001,2024-10-02_16h38.34.993,PsychoPy Exp,2023.1.2,59.93213286622176
Knowledge,TRUE,TB-K,TT_NB,PsychoPyStudy2Stim/TT_NB_3.png,Adam KNOWS there are TWO cubes,2,b,h,2,0,2,2,0,2,0,0,0,NB,-,0,234,234,230,NA,NA,NA,NA,NA,0.00150700006633996,1086.2341263999697,1086.6156892001163,1086.715816100128,1088.7158160000108,1089.1158680999652,1089.2181102000177,1089.2181102000177,b,1,0.6282829998526722,1089.865701599978,1089.865701599978,1089.865701599978,1089.865701599978,NA,NA,NA,NA,NA,NA,006,001,2024-10-02_16h38.34.993,PsychoPy Exp,2023.1.2,59.93213286622176
Reality,FALSE,FB-Ig,T_B_T,PsychoPyStudy2Stim/T_B_T_4.png,"In REALITY, there is ONE cube",1,h,b,2,0,2,1,0,1,1,0,1,B,PropFalse,0,235,235,95,NA,NA,NA,NA,NA,9.2989997938275e-4,1089.9597191000355,1090.3323659000453,1090.4324858000036,1092.4325578999706,1092.8324828001205,1092.9347528000362,1092.9347528000362,b,0,1.3034875998273492,1094.2656233999878,1094.2656233999878,1094.2656233999878,1094.2656233999878,NA,NA,NA,NA,NA,NA,006,001,2024-10-02_16h38.34.993,PsychoPy Exp,2023.1.2,59.93213286622176
Belief,TRUE,TB-K,TT_NB,PsychoPyStudy2Stim/TT_NB_3.png,Adam THINKS there are TWO cubes,2,b,h,2,0,2,2,0,2,0,0,0,NB,-,0,236,236,122,NA,NA,NA,NA,NA,3.7820008583366e-4,1094.3330548000522,1094.7156557000708,1094.815783200087,1096.815841200063,1097.2157662999816,1097.317876999965,1097.317876999965,b,1,1.017039599828422,1098.365656600101,1098.365656600101,1098.365656600101,1098.365656600101,NA,NA,NA,NA,NA,NA,006,001,2024-10-02_16h38.34.993,PsychoPy Exp,2023.1.2,59.93213286622176
Knowledge,TRUE,TB-K-B,TD_B,PsychoPyStudy2Stim/TD_B_7.png,Adam KNOWS there is ONE cube,1,b,h,2,1,1,2,1,1,0,0,0,B,-,0,237,237,264,NA,NA,NA,NA,NA,0.00148950004950165,1098.4566901000217,1098.8323254999705,1098.9323138999753,1100.932458500145,1101.332432999974,1101.4347399999388,1101.4347399999388,b,1,0.5085050000343472,1101.9657032000832,1101.9657032000832,1101.9657032000832,1101.9657032000832,NA,NA,NA,NA,NA,NA,006,001,2024-10-02_16h38.34.993,PsychoPy Exp,2023.1.2,59.93213286622176
Belief,FALSE,TB-K,TD_NB,PsychoPyStudy2Stim/TD_NB_3.png,Adam THINKS there are TWO cubes,2,h,b,2,1,1,2,1,1,0,0,0,NB,PropFalse,0,238,238,173,NA,NA,NA,NA,NA,0.00169400009326636,1102.0485920000356,1102.432292700047,1102.5324693000875,1104.5324518000707,1104.9324012999425,1105.034708400024,1105.034708400024,h,1,0.7166932001709938,1105.7821078000125,1105.7821078000125,1105.7821078000125,1105.7821078000125,NA,NA,NA,NA,NA,NA,006,001,2024-10-02_16h38.34.993,PsychoPy Exp,2023.1.2,59.93213286622176
Reality,FALSE,FB-Ig,T_B_T,PsychoPyStudy2Stim/T_B_T_3.png,"In REALITY, there is ONE cube",1,h,b,2,0,2,1,0,1,1,0,1,B,PropFalse,0,239,239,94,NA,NA,NA,NA,NA,3.7879985757172e-4,1105.8606068000663,1106.2322915999684,1106.3324112999253,1108.332292099949,1108.7323203000706,1108.834639500128,1108.834639500128,h,1,0.7483032001182437,1109.5990379999855,1109.5990379999855,1109.5990379999855,1109.5990379999855,NA,NA,NA,NA,NA,NA,006,001,2024-10-02_16h38.34.993,PsychoPy Exp,2023.1.2,59.93213286622176
Reality,TRUE,TB-K,D_NB,PsychoPyStudy2Stim/D_NB_2.png,"In REALITY, there are ZERO cubes",0,b,h,1,1,0,1,1,0,0,0,0,NB,-,0,240,240,1,NA,NA,NA,NA,NA,0.00166999991051852,1109.6987394001335,1110.0823161001315,1110.1824426001403,1112.1823799000122,1112.5823180000298,1112.684566100128,1112.684566100128,b,1,0.6180726001039147,1113.3322360999882,1113.3322360999882,1113.3322360999882,1113.3322360999882,NA,NA,NA,NA,NA,NA,006,001,2024-10-02_16h38.34.993,PsychoPy Exp,2023.1.2,59.93213286622176
Reality,TRUE,TB-K,DD_NB,PsychoPyStudy2Stim/DD_NB_2.png,"In REALITY, there are ZERO cubes",0,b,h,2,2,0,2,2,0,0,0,0,NB,-,0,241,241,7,NA,NA,NA,NA,NA,4.7659990377724e-4,1113.3945528999902,1113.7656149000395,1113.865723400144,1115.8657527000178,1116.265699200099,1116.3679468999617,1116.3679468999617,h,0,0.7745064999908209,1117.1655852999538,1117.1655852999538,1117.1655852999538,1117.1655852999538,NA,NA,NA,NA,NA,NA,006,001,2024-10-02_16h38.34.993,PsychoPy Exp,2023.1.2,59.93213286622176
Reality,TRUE,TB-Ig,D_B,PsychoPyStudy2Stim/D_B_2.png,"In REALITY, there are ZERO cubes",0,b,h,1,1,0,1,1,0,0,0,0,B,-,0,242,242,19,NA,NA,NA,NA,NA,0.00114120007492601,1117.2482992000878,1117.6322477001231,1117.7324169001076,1119.732391800033,1120.1323706000112,1120.2347385000903,1120.2347385000903,b,1,1.4435268000233918,1121.699236500077,NA,1121.699236500077,NA,space,65.78680270002224,NA,NA,NA,NA,006,001,2024-10-02_16h38.34.993,PsychoPy Exp,2023.1.2,59.93213286622176
Knowledge,FALSE,TB-K-B,TD_B,PsychoPyStudy2Stim/TD_B_11.png,Adam KNOWS there are ZERO cubes,0,h,b,2,1,1,2,1,1,0,0,0,B,PropFalse,0,243,243,299,NA,NA,NA,NA,NA,4.0549994446337e-4,1187.592904200079,1187.9653143000323,1188.0653274001088,1190.065470600035,1190.465445900103,1190.5677928000223,1190.5677928000223,h,1,1.150484099984169,1191.7487093999516,1191.7487093999516,1191.7487093999516,1191.7487093999516,NA,NA,NA,NA,NA,NA,006,001,2024-10-02_16h38.34.993,PsychoPy Exp,2023.1.2,59.93213286622176
Belief,FALSE,TB-K-B,TT_B,PsychoPyStudy2Stim/TT_B_6.png,Adam THINKS there are ZERO cubes,0,h,b,2,0,2,2,0,2,0,0,0,B,PropFalse,0,244,244,193,NA,NA,NA,NA,NA,0.00166660011745989,1191.83606770006,1192.2152937001083,1192.315468800021,1194.3155259999912,1194.7152921999805,1194.8176728999242,1194.8176728999242,h,1,1.381313499994576,1196.2153374000918,1196.2153374000918,1196.2153374000918,1196.2153374000918,NA,NA,NA,NA,NA,NA,006,001,2024-10-02_16h38.34.993,PsychoPy Exp,2023.1.2,59.93213286622176
Belief,FALSE,TB-K-B,TT_B,PsychoPyStudy2Stim/TT_B_1.png,Adam THINKS there are ZERO cubes,0,h,b,2,0,2,2,0,2,0,0,0,B,PropFalse,0,245,245,188,NA,NA,NA,NA,NA,0.00172939989715814,1196.321034300141,1196.6986384999473,1196.7987516000867,1198.7988217000384,1199.198688700097,1199.3009556999896,1199.3009556999896,h,1,1.0570781999267638,1200.3818499001209,1200.3818499001209,1200.3818499001209,1200.3818499001209,NA,NA,NA,NA,NA,NA,006,001,2024-10-02_16h38.34.993,PsychoPy Exp,2023.1.2,59.93213286622176
Reality,TRUE,TB-K,TT_NB,PsychoPyStudy2Stim/TT_NB_4.png,"In REALITY, there are TWO cubes",2,b,h,2,0,2,2,0,2,0,0,0,NB,-,0,246,246,15,NA,NA,NA,NA,NA,0.00151879992336034,1200.4586251000874,1200.831991099985,1200.93202190008,1202.93189430004,1203.3319516000338,1203.4343159000855,1203.4343159000855,b,1,1.155747499782592,1204.6152844000608,1204.6152844000608,1204.6152844000608,1204.6152844000608,NA,NA,NA,NA,NA,NA,006,001,2024-10-02_16h38.34.993,PsychoPy Exp,2023.1.2,59.93213286622176
Belief,FALSE,TB-Ig,D_B_D,PsychoPyStudy2Stim/D_B_D_4.png,Adam THINKS there is ONE cube,1,h,b,2,2,0,1,1,0,1,1,0,B,PropFalse,0,247,247,187,NA,NA,NA,NA,NA,0.00166240008547902,1204.706961200107,1205.0819058001507,1205.181984300027,1207.1819031001069,1207.582050499972,1207.6847687999252,1207.6847687999252,h,1,1.2891164000611752,1208.998449400067,1208.998449400067,1208.998449400067,1208.998449400067,NA,NA,NA,NA,NA,NA,006,001,2024-10-02_16h38.34.993,PsychoPy Exp,2023.1.2,59.93213286622176
Belief,TRUE,FB-Ig,T_B_T,PsychoPyStudy2Stim/T_B_T_2.png,Adam THINKS there is ONE cube,1,b,h,2,0,2,1,0,1,1,0,1,B,-,0,248,248,147,NA,NA,NA,NA,NA,4.1419989429414e-4,1209.076727299951,1209.4485530001111,1209.548688299954,1211.548641399946,1211.9486605001148,1212.0509892001282,1212.0509892001282,b,1,0.6108824000693858,1212.6817441000603,1212.6817441000603,1212.6817441000603,1212.6817441000603,NA,NA,NA,NA,NA,NA,006,001,2024-10-02_16h38.34.993,PsychoPy Exp,2023.1.2,59.93213286622176
Belief,FALSE,FB-Ig,T_B_T,PsychoPyStudy2Stim/T_B_T_4.png,Adam THINKS there are TWO cubes,2,h,b,2,0,2,1,0,1,1,0,1,B,PropTrueNoBelief,0,249,249,209,NA,NA,NA,NA,NA,4.8359995707869e-4,1212.7650939000305,1213.1485607000068,1213.248707700055,1215.2485148000997,1215.6486722999252,1215.751503400039,1215.751503400039,h,1,0.6149925000499934,1216.3817410001066,1216.3817410001066,1216.3817410001066,1216.3817410001066,NA,NA,NA,NA,NA,NA,006,001,2024-10-02_16h38.34.993,PsychoPy Exp,2023.1.2,59.93213286622176
Knowledge,TRUE,TB-K-B,DD_B,PsychoPyStudy2Stim/DD_B_3.png,Adam KNOWS there are ZERO cubes,0,b,h,2,2,0,2,2,0,0,0,0,B,-,0,250,250,236,NA,NA,NA,NA,NA,0.00146840000525116,1216.4684576001018,1216.8485364001244,1216.948693400016,1218.9485363999847,1219.3486959000584,1219.45098720002,1219.45098720002,b,1,0.8028814001008868,1220.281766100088,1220.281766100088,1220.281766100088,1220.281766100088,NA,NA,NA,NA,NA,NA,006,001,2024-10-02_16h38.34.993,PsychoPy Exp,2023.1.2,59.93213286622176
Knowledge,FALSE,TB-Ig,D_B_D,PsychoPyStudy2Stim/D_B_D_1.png,Adam KNOWS there are ZERO cubes,0,h,b,2,2,0,1,1,0,1,1,0,B,PropTrueNoKnowledge,0,251,251,292,NA,NA,NA,NA,NA,5.9730000793933e-4,1220.374690500088,1220.748422600096,1220.848657600116,1222.8486005000304,1223.2484969000798,1223.3509227000177,1223.3509227000177,h,1,1.0072401999495924,1224.3819918001536,1224.3819918001536,1224.3819918001536,1224.3819918001536,NA,NA,NA,NA,NA,NA,006,001,2024-10-02_16h38.34.993,PsychoPy Exp,2023.1.2,59.93213286622176
Belief,FALSE,TB-K,D_NB,PsychoPyStudy2Stim/D_NB_2.png,Adam THINKS there is ONE cube,1,h,b,1,1,0,1,1,0,0,0,0,NB,PropFalse,0,252,252,163,NA,NA,NA,NA,NA,0.00169120007194578,1224.4720799000934,1224.8483623999637,1224.9486283001024,1226.9486595001072,1227.3485691000242,1227.4509099000134,1227.4509099000134,h,1,1.9389011000748724,1229.4150272000115,1229.4150272000115,1229.4150272000115,1229.4150272000115,NA,NA,NA,NA,NA,NA,006,001,2024-10-02_16h38.34.993,PsychoPy Exp,2023.1.2,59.93213286622176
Knowledge,TRUE,TB-K-B,TD_B,PsychoPyStudy2Stim/TD_B_6.png,Adam KNOWS there is ONE cube,1,b,h,2,1,1,2,1,1,0,0,0,B,-,0,253,253,263,NA,NA,NA,NA,NA,4.588000010699e-4,1229.4958085999824,1229.865155100124,1229.9652796001174,1231.9650475000965,1232.365309700137,1232.4675020999275,1232.4675020999275,b,1,1.3147287999745458,1233.7984402000438,1233.7984402000438,1233.7984402000438,1233.7984402000438,NA,NA,NA,NA,NA,NA,006,001,2024-10-02_16h38.34.993,PsychoPy Exp,2023.1.2,59.93213286622176
Knowledge,FALSE,FB-Ig,T_B_T,PsychoPyStudy2Stim/T_B_T_1.png,Adam KNOWS there is ONE cube,1,h,b,2,0,2,1,0,1,1,0,1,B,PropFalse,0,254,254,300,NA,NA,NA,NA,NA,5.9750000946223e-4,1233.8675830999855,1234.2484875000082,1234.3486281000078,1236.3486089000944,1236.7485299000982,1236.8508717999794,1236.8508717999794,b,0,2.3069410000462085,1239.181775700068,1239.181775700068,1239.181775700068,1239.181775700068,NA,NA,NA,NA,NA,NA,006,001,2024-10-02_16h38.34.993,PsychoPy Exp,2023.1.2,59.93213286622176
Knowledge,TRUE,TB-K-B,TD_B,PsychoPyStudy2Stim/TD_B_8.png,Adam KNOWS there is ONE cube,1,b,h,2,1,1,2,1,1,0,0,0,B,-,0,255,255,265,NA,NA,NA,NA,NA,9.2260004021227e-4,1239.2585688999388,1239.631810599938,1239.7319130999967,1241.7318587999323,1242.131829299964,1242.234211300034,1242.234211300034,b,1,2.132058000192046,1244.381810599938,1244.381810599938,1244.381810599938,1244.381810599938,NA,NA,NA,NA,NA,NA,006,001,2024-10-02_16h38.34.993,PsychoPy Exp,2023.1.2,59.93213286622176
Knowledge,TRUE,TB-K-B,TD_B,PsychoPyStudy2Stim/TD_B_10.png,Adam KNOWS there is ONE cube,1,b,h,2,1,1,2,1,1,0,0,0,B,-,0,256,256,267,NA,NA,NA,NA,NA,0.00114109995774924,1244.488230300136,1244.8652051999234,1244.96522490005,1246.965266500134,1247.3651479000691,1247.4687737999484,1247.4687737999484,b,1,0.7370157998520881,1248.2317065999378,1248.2317065999378,1248.2317065999378,1248.2317065999378,NA,NA,NA,NA,NA,NA,006,001,2024-10-02_16h38.34.993,PsychoPy Exp,2023.1.2,59.93213286622176
Knowledge,TRUE,TB-K,TD_NB,PsychoPyStudy2Stim/TD_NB_2.png,Adam KNOWS there is ONE cube,1,b,h,2,1,1,2,1,1,0,0,0,NB,-,0,257,257,226,NA,NA,NA,NA,NA,3.9299996569752e-4,1248.3001248000655,1248.6817175000906,1248.781908400124,1250.7819421000313,1251.1817344999872,1251.2849193001166,1251.2849193001166,b,1,1.5051768999546766,1252.815152599942,1252.815152599942,1252.815152599942,1252.815152599942,NA,NA,NA,NA,NA,NA,006,001,2024-10-02_16h38.34.993,PsychoPy Exp,2023.1.2,59.93213286622176
Reality,TRUE,TB-K,TT_NB,PsychoPyStudy2Stim/TT_NB_2.png,"In REALITY, there are TWO cubes",2,b,h,2,0,2,2,0,2,0,0,0,NB,-,0,258,258,13,NA,NA,NA,NA,NA,0.00161299994215369,1252.9028515000828,1253.2817582001444,1253.3818817001302,1255.3815844000785,1255.7817820000928,1255.8841752000153,1255.8841752000153,b,1,0.8824173000175506,1256.7982658001129,1256.7982658001129,1256.7982658001129,1256.7982658001129,NA,NA,NA,NA,NA,NA,006,001,2024-10-02_16h38.34.993,PsychoPy Exp,2023.1.2,59.93213286622176
Reality,TRUE,TB-K-B,TD_B,PsychoPyStudy2Stim/TD_B_6.png,"In REALITY, there is ONE cube",1,b,h,2,1,1,2,1,1,0,0,0,B,-,0,259,259,35,NA,NA,NA,NA,NA,0.00171340000815689,1256.8669619001448,1257.2482313001528,1257.3485350001138,1259.3485650999935,1259.748451200081,1259.850831200136,1259.850831200136,b,1,1.658967199968174,1261.531689299969,1261.531689299969,1261.531689299969,1261.531689299969,NA,NA,NA,NA,NA,NA,006,001,2024-10-02_16h38.34.993,PsychoPy Exp,2023.1.2,59.93213286622176
Reality,TRUE,TB-K,DD_NB,PsychoPyStudy2Stim/DD_NB_3.png,"In REALITY, there are ZERO cubes",0,b,h,2,2,0,2,2,0,0,0,0,NB,-,0,260,260,8,NA,NA,NA,NA,NA,0.00149210006929934,1261.6241725001018,1261.9983673000245,1262.0985211001243,1264.0985016999766,1264.498361099977,1264.6007781999651,1264.6007781999651,b,1,1.0292520998045802,1265.6484076001216,1265.6484076001216,1265.6484076001216,1265.6484076001216,NA,NA,NA,NA,NA,NA,006,001,2024-10-02_16h38.34.993,PsychoPy Exp,2023.1.2,59.93213286622176
Belief,TRUE,TB-K,D_NB,PsychoPyStudy2Stim/D_NB_2.png,Adam THINKS there are ZERO cubes,0,b,h,1,1,0,1,1,0,0,0,0,NB,-,0,261,261,109,NA,NA,NA,NA,NA,0.00167979998514056,1265.7221816999372,1266.0983520001173,1266.1984950001352,1268.1983990001029,1268.5984456001315,1268.7006061000284,1268.7006061000284,b,1,0.8980856998823583,1269.615114599932,1269.615114599932,1269.615114599932,1269.615114599932,NA,NA,NA,NA,NA,NA,006,001,2024-10-02_16h38.34.993,PsychoPy Exp,2023.1.2,59.93213286622176
Reality,TRUE,FB-Ig,D_B_T,PsychoPyStudy2Stim/D_B_T_2.png,"In REALITY, there is ONE cube",1,b,h,2,1,1,1,1,0,1,0,1,B,-,0,262,262,51,NA,NA,NA,NA,NA,0.00167819997295737,1269.7097453000024,1270.081749800127,1270.1818733999971,1272.1816748001147,1272.5817287000827,1272.684096599929,1272.684096599929,b,1,1.56959389988333,1274.2816711999476,1274.2816711999476,1274.2816711999476,1274.2816711999476,NA,NA,NA,NA,NA,NA,006,001,2024-10-02_16h38.34.993,PsychoPy Exp,2023.1.2,59.93213286622176
Knowledge,FALSE,TB-K,TT_NB,PsychoPyStudy2Stim/TT_NB_2.png,Adam KNOWS there are ZERO cubes,0,h,b,2,0,2,2,0,2,0,0,0,NB,PropFalse,0,263,263,283,NA,NA,NA,NA,NA,0.00111489999108016,1274.3739507999271,1274.7483244000468,1274.8482959999235,1276.8482727000955,1277.248473300133,1277.3506446999963,1277.3506446999963,h,1,0.8950509999413043,1278.2648704999592,1278.2648704999592,1278.2648704999592,1278.2648704999592,NA,NA,NA,NA,NA,NA,006,001,2024-10-02_16h38.34.993,PsychoPy Exp,2023.1.2,59.93213286622176
Knowledge,TRUE,TB-K-B,TT_B,PsychoPyStudy2Stim/TT_B_15.png,Adam KNOWS there are TWO cubes,2,b,h,2,0,2,2,0,2,0,0,0,B,-,0,264,264,248,NA,NA,NA,NA,NA,5.1450007595121e-4,1278.3619828000665,1278.7316515001005,1278.8317911000922,1280.8316162999254,1281.231672800146,1281.334087399999,1281.334087399999,b,1,0.664391300175339,1282.0150345000438,1282.0150345000438,1282.0150345000438,1282.0150345000438,NA,NA,NA,NA,NA,NA,006,001,2024-10-02_16h38.34.993,PsychoPy Exp,2023.1.2,59.93213286622176
Reality,TRUE,TB-K,D_NB,PsychoPyStudy2Stim/D_NB_1.png,"In REALITY, there are ZERO cubes",0,b,h,1,1,0,1,1,0,0,0,0,NB,-,0,265,265,0,NA,NA,NA,NA,NA,0.00164270005188882,1282.1021475000307,1282.481606699992,1282.5817762999795,1284.5817275000736,1284.9816606000531,1285.0840179000515,1285.0840179000515,b,1,1.4576314999721944,1286.5649564000778,1286.5649564000778,1286.5649564000778,1286.5649564000778,NA,NA,NA,NA,NA,NA,006,001,2024-10-02_16h38.34.993,PsychoPy Exp,2023.1.2,59.93213286622176
Belief,TRUE,FB-Ig,T_B_T,PsychoPyStudy2Stim/T_B_T_3.png,Adam THINKS there is ONE cube,1,b,h,2,0,2,1,0,1,1,0,1,B,-,0,266,266,148,NA,NA,NA,NA,NA,7.5299991294741e-4,1286.6661257001106,1287.0481831000652,1287.1483048000373,1289.1483867000788,1289.5484452999665,1289.6506674999837,1289.6506674999837,b,1,1.019133900059387,1290.6983344999608,1290.6983344999608,1290.6983344999608,1290.6983344999608,NA,NA,NA,NA,NA,NA,006,001,2024-10-02_16h38.34.993,PsychoPy Exp,2023.1.2,59.93213286622176
Knowledge,FALSE,TB-K,TD_NB,PsychoPyStudy2Stim/TD_NB_1.png,Adam KNOWS there are ZERO cubes,0,h,b,2,1,1,2,1,1,0,0,0,NB,PropFalse,0,267,267,279,NA,NA,NA,NA,NA,0.00164969987235963,1290.7704940999392,1291.1482444999274,1291.2482628000434,1293.24839780014,1293.6481218999252,1293.7508716001175,1293.7508716001175,h,1,1.487270100042224,1295.264753299998,1295.264753299998,1295.264753299998,1295.264753299998,NA,NA,NA,NA,NA,NA,006,001,2024-10-02_16h38.34.993,PsychoPy Exp,2023.1.2,59.93213286622176
Reality,FALSE,TB-K-B,DD_B,PsychoPyStudy2Stim/DD_B_14.png,"In REALITY, there are TWO cubes",2,h,b,2,2,0,2,2,0,0,0,0,B,PropFalse,0,268,268,81,NA,NA,NA,NA,NA,4.4680014252662e-4,1295.3486864001025,1295.7315899999812,1295.8317054000215,1297.831547100097,1298.2317184000276,1298.3341942999978,1298.3341942999978,h,1,0.9673023000359536,1299.331463099923,1299.331463099923,1299.331463099923,1299.331463099923,NA,NA,NA,NA,NA,NA,006,001,2024-10-02_16h38.34.993,PsychoPy Exp,2023.1.2,59.93213286622176
Reality,TRUE,FB-Ig,T_B_T,PsychoPyStudy2Stim/T_B_T_6.png,"In REALITY, there are TWO cubes",2,b,h,2,0,2,1,0,1,1,0,1,B,-,0,269,269,49,NA,NA,NA,NA,NA,4.7329999506473e-4,1299.3999886999372,1299.7814385001548,1299.88160600001,1301.8816808999982,1302.2816961000208,1302.3839135000017,1302.3839135000017,b,1,0.7501205001026392,1303.1648627000395,1303.1648627000395,1303.1648627000395,1303.1648627000395,NA,NA,NA,NA,NA,NA,006,001,2024-10-02_16h38.34.993,PsychoPy Exp,2023.1.2,59.93213286622176
Reality,TRUE,TB-K-B,DD_B,PsychoPyStudy2Stim/DD_B_15.png,"In REALITY, there are ZERO cubes",0,b,h,2,2,0,2,2,0,0,0,0,B,-,0,270,270,28,NA,NA,NA,NA,NA,0.00113909994252026,1303.24772939994,1303.631554099964,1303.7316887001507,1305.7315269999672,1306.1315437001176,1306.2339850000571,1306.2339850000571,b,1,2.035863900091499,1308.29823880014,1308.29823880014,1308.29823880014,1308.29823880014,NA,NA,NA,NA,NA,NA,006,001,2024-10-02_16h38.34.993,PsychoPy Exp,2023.1.2,59.93213286622176
Knowledge,FALSE,TB-K,TD_NB,PsychoPyStudy2Stim/TD_NB_3.png,Adam KNOWS there are TWO cubes,2,h,b,2,1,1,2,1,1,0,0,0,NB,PropFalse,0,271,271,281,NA,NA,NA,NA,NA,0.00166270020417869,1308.3895457000472,1308.764873499982,1308.864903799957,1310.8650402999483,1311.264903299976,1311.3672838001512,1311.3672838001512,h,1,2.534200199879706,1313.931665299926,1313.931665299926,1313.931665299926,1313.931665299926,NA,NA,NA,NA,NA,NA,006,001,2024-10-02_16h38.34.993,PsychoPy Exp,2023.1.2,59.93213286622176
Knowledge,FALSE,TB-Ig,D_B,PsychoPyStudy2Stim/D_B_2.png,Adam KNOWS there are ZERO cubes,0,h,b,1,1,0,1,1,0,0,0,0,B,PropTrueNoKnowledge,0,272,272,289,NA,NA,NA,NA,NA,4.2279995977878e-4,1314.01005910011,1314.3815198999364,1314.481630699942,1316.481651900103,1316.881619000109,1316.9839192000218,1316.9839192000218,b,0,0.5659574000164866,1317.5645968001336,1317.5645968001336,1317.5645968001336,1317.5645968001336,NA,NA,NA,NA,NA,NA,006,001,2024-10-02_16h38.34.993,PsychoPy Exp,2023.1.2,59.93213286622176
Belief,TRUE,TB-K,TT_NB,PsychoPyStudy2Stim/TT_NB_6.png,Adam THINKS there are TWO cubes,2,b,h,2,0,2,2,0,2,0,0,0,NB,-,0,273,273,125,NA,NA,NA,NA,NA,3.7929997779428e-4,1317.638285800116,1318.0147927000653,1318.1150313001126,1320.1148904000877,1320.51497499994,1320.6171621999238,1320.6171621999238,b,1,0.5168441999703646,1321.1646879999898,1321.1646879999898,1321.1646879999898,1321.1646879999898,NA,NA,NA,NA,NA,NA,006,001,2024-10-02_16h38.34.993,PsychoPy Exp,2023.1.2,59.93213286622176
Belief,TRUE,FB-Ig,T_B_T,PsychoPyStudy2Stim/T_B_T_4.png,Adam THINKS there is ONE cube,1,b,h,2,0,2,1,0,1,1,0,1,B,-,0,274,274,149,NA,NA,NA,NA,NA,3.9429985918104e-4,1321.239359800005,1321.6148471999911,1321.7149762001354,1323.7149319001471,1324.114829499973,1324.217218700098,1324.217218700098,b,1,0.5087091999594122,1324.7482281001285,1324.7482281001285,1324.7482281001285,1324.7482281001285,NA,NA,NA,NA,NA,NA,006,001,2024-10-02_16h38.34.993,PsychoPy Exp,2023.1.2,59.93213286622176
Reality,FALSE,FB-Ig,D_B_T,PsychoPyStudy2Stim/D_B_T_1.png,"In REALITY, there are ZERO cubes",0,h,b,2,1,1,1,1,0,1,0,1,B,PropFalse,0,275,275,104,NA,NA,NA,NA,NA,0.00173899997025728,1324.8358144001104,1325.21481949999,1325.314891899936,1327.3149200000337,1327.7149855000898,1327.817231199937,1327.817231199937,h,1,1.997218000004068,1329.8313862001523,1329.8313862001523,1329.8313862001523,1329.8313862001523,NA,NA,NA,NA,NA,NA,006,001,2024-10-02_16h38.34.993,PsychoPy Exp,2023.1.2,59.93213286622176
Belief,FALSE,TB-K,TT_NB,PsychoPyStudy2Stim/TT_NB_6.png,Adam THINKS there is ONE cube,1,h,b,2,0,2,2,0,2,0,0,0,NB,PropFalse,0,276,276,179,NA,NA,NA,NA,NA,0.0017317000310868,1329.902868000092,1330.2814305000938,1330.381573599996,1332.3814720001535,1332.7815483000595,1332.883834999986,1332.883834999986,h,1,0.97794650006108,1333.881480100099,1333.881480100099,1333.881480100099,1333.881480100099,NA,NA,NA,NA,NA,NA,006,001,2024-10-02_16h38.34.993,PsychoPy Exp,2023.1.2,59.93213286622176
Knowledge,TRUE,TB-K-B,TT_B,PsychoPyStudy2Stim/TT_B_21.png,Adam KNOWS there are TWO cubes,2,b,h,2,0,2,2,0,2,0,0,0,B,-,0,277,277,254,NA,NA,NA,NA,NA,0.00167439994402229,1333.982617400121,1334.3647624999285,1334.4649640000423,1336.4649243000897,1336.8648415000644,1336.9672086001374,1336.9672086001374,b,1,1.1902004999574274,1338.1812954000195,1338.1812954000195,1338.1812954000195,1338.1812954000195,NA,NA,NA,NA,NA,NA,006,001,2024-10-02_16h38.34.993,PsychoPy Exp,2023.1.2,59.93213286622176
Belief,TRUE,TB-K,DD_NB,PsychoPyStudy2Stim/DD_NB_1.png,Adam THINKS there are ZERO cubes,0,b,h,2,2,0,2,2,0,0,0,0,NB,-,0,278,278,114,NA,NA,NA,NA,NA,4.1380012407898e-4,1338.2625275000464,1338.6480769000482,1338.7482193999458,1340.7482221999671,1341.1481985000428,1341.2504801000468,1341.2504801000468,b,1,0.9232454998418688,1342.1981343999505,1342.1981343999505,1342.1981343999505,1342.1981343999505,NA,NA,NA,NA,NA,NA,006,001,2024-10-02_16h38.34.993,PsychoPy Exp,2023.1.2,59.93213286622176
Reality,FALSE,TB-K,TT_NB,PsychoPyStudy2Stim/TT_NB_2.png,"In REALITY, there are ZERO cubes",0,h,b,2,0,2,2,0,2,0,0,0,NB,PropFalse,0,279,279,67,NA,NA,NA,NA,NA,0.00186119996942579,1342.2929651001468,1342.664741900051,1342.764920799993,1344.7648867000826,1345.1648355000652,1345.2670779000036,1345.2670779000036,h,1,0.6346499999053776,1345.9314651000311,1345.9314651000311,1345.9314651000311,1345.9314651000311,NA,NA,NA,NA,NA,NA,006,001,2024-10-02_16h38.34.993,PsychoPy Exp,2023.1.2,59.93213286622176
Knowledge,FALSE,FB-Ig,T_B_T,PsychoPyStudy2Stim/T_B_T_3.png,Adam KNOWS there is ONE cube,1,h,b,2,0,2,1,0,1,1,0,1,B,PropFalse,0,280,280,302,NA,NA,NA,NA,NA,0.00170950009487569,1346.0078390999695,1346.381567799952,1346.481508000055,1348.4814236001112,1348.8813968999311,1348.98371890001,1348.98371890001,b,0,0.5899568998720497,1349.5978310001085,1349.5978310001085,1349.5978310001085,1349.5978310001085,NA,NA,NA,NA,NA,NA,006,001,2024-10-02_16h38.34.993,PsychoPy Exp,2023.1.2,59.93213286622176
Knowledge,FALSE,FB-Ig,T_B_T,PsychoPyStudy2Stim/T_B_T_1.png,Adam KNOWS there are TWO cubes,2,h,b,2,0,2,1,0,1,1,0,1,B,PropTrueNoKnowledge,0,281,281,306,NA,NA,NA,NA,NA,0.00166150019504129,1349.6660267000552,1350.0480808999855,1350.1482061001009,1352.1482132000383,1352.5480766000692,1352.6504528999794,1352.6504528999794,h,1,0.6349310001824051,1353.3145737999585,1353.3145737999585,1353.3145737999585,1353.3145737999585,NA,NA,NA,NA,NA,NA,006,001,2024-10-02_16h38.34.993,PsychoPy Exp,2023.1.2,59.93213286622176
Belief,TRUE,TB-K,T_NB,PsychoPyStudy2Stim/T_NB_1.png,Adam THINKS there is ONE cube,1,b,h,1,0,1,1,0,1,0,0,0,NB,-,0,282,282,111,NA,NA,NA,NA,NA,6.6070002503693e-4,1353.3979523000307,1353.7813736000098,1353.881529700011,1355.8814612999558,1356.2814742000774,1356.3837822000496,1356.3837822000496,b,1,0.4378259000368416,1356.8479788000695,1356.8479788000695,1356.8479788000695,1356.8479788000695,NA,NA,NA,NA,NA,NA,006,001,2024-10-02_16h38.34.993,PsychoPy Exp,2023.1.2,59.93213286622176
Belief,FALSE,FB-Ig,D_B_T,PsychoPyStudy2Stim/D_B_T_4.png,Adam THINKS there is ONE cube,1,h,b,2,1,1,1,1,0,1,0,1,B,PropTrueNoBelief,0,283,283,215,NA,NA,NA,NA,NA,0.00150960008613765,1356.966530200094,1357.3480647001415,1357.4481455001514,1359.4480355000123,1359.848138100002,1359.9503752000164,1359.9503752000164,h,1,1.3109860001131892,1361.281145100016,1361.281145100016,1361.281145100016,1361.281145100016,NA,NA,NA,NA,NA,NA,006,001,2024-10-02_16h38.34.993,PsychoPy Exp,2023.1.2,59.93213286622176
Belief,TRUE,TB-K,TT_NB,PsychoPyStudy2Stim/TT_NB_1.png,Adam THINKS there are TWO cubes,2,b,h,2,0,2,2,0,2,0,0,0,NB,-,0,284,284,120,NA,NA,NA,NA,NA,3.8969982415437e-4,1361.3535885999445,1361.7313274999617,1361.8315276999492,1363.8314517999534,1364.2314333000686,1364.3337129000574,1364.3337129000574,b,1,0.6805753998924047,1365.0311368000694,1365.0311368000694,1365.0311368000694,1365.0311368000694,NA,NA,NA,NA,NA,NA,006,001,2024-10-02_16h38.34.993,PsychoPy Exp,2023.1.2,59.93213286622176
Belief,TRUE,TB-K,TD_NB,PsychoPyStudy2Stim/TD_NB_3.png,Adam THINKS there is ONE cube,1,b,h,2,1,1,2,1,1,0,0,0,NB,-,0,285,285,119,NA,NA,NA,NA,NA,0.00193689996376633,1365.0972202999983,1365.4813429000787,1365.581478399923,1367.5813478999771,1367.981456700014,1368.0837902999483,1368.0837902999483,b,1,0.4981585999485105,1368.5978304001037,1368.5978304001037,1368.5978304001037,1368.5978304001037,NA,NA,NA,NA,NA,NA,006,001,2024-10-02_16h38.34.993,PsychoPy Exp,2023.1.2,59.93213286622176
Belief,TRUE,TB-K,TT_NB,PsychoPyStudy2Stim/TT_NB_5.png,Adam THINKS there are TWO cubes,2,b,h,2,0,2,2,0,2,0,0,0,NB,-,0,286,286,124,NA,NA,NA,NA,NA,0.00165079999715089,1368.664115899941,1369.047968100058,1369.1480513999704,1371.148125699954,1371.5481281999964,1371.650297899963,1371.650297899963,b,1,0.4270469001494348,1372.097827200079,1372.097827200079,1372.097827200079,1372.097827200079,NA,NA,NA,NA,NA,NA,006,001,2024-10-02_16h38.34.993,PsychoPy Exp,2023.1.2,59.93213286622176
Reality,TRUE,FB-Ig,D_B_T,PsychoPyStudy2Stim/D_B_T_4.png,"In REALITY, there is ONE cube",1,b,h,2,1,1,1,1,0,1,0,1,B,-,0,287,287,53,NA,NA,NA,NA,NA,4.4080009683966e-4,1372.1749716000631,1372.5479669999331,1372.648087500129,1374.6477902999611,1375.0480374000035,1375.150332200108,1375.150332200108,b,1,1.087222799891606,1376.2644925001075,1376.2644925001075,1376.2644925001075,1376.2644925001075,NA,NA,NA,NA,NA,NA,006,001,2024-10-02_16h38.34.993,PsychoPy Exp,2023.1.2,59.93213286622176
Belief,TRUE,TB-Ig,D_B,PsychoPyStudy2Stim/D_B_3.png,Adam THINKS there are ZERO cubes,0,b,h,1,1,0,1,1,0,0,0,0,B,-,0,288,288,128,NA,NA,NA,NA,NA,0.00164090003818273,1376.335951300105,1376.7144760999363,1376.814737699926,1378.8147212001495,1379.21468980005,1379.3170082001016,1379.3170082001016,b,1,0.5046286000870168,1379.8479879000224,1379.8479879000224,1379.8479879000224,1379.8479879000224,NA,NA,NA,NA,NA,NA,006,001,2024-10-02_16h38.34.993,PsychoPy Exp,2023.1.2,59.93213286622176
Belief,FALSE,TB-K,TT_NB,PsychoPyStudy2Stim/TT_NB_5.png,Adam THINKS there is ONE cube,1,h,b,2,0,2,2,0,2,0,0,0,NB,PropFalse,0,289,289,178,NA,NA,NA,NA,NA,0.00164990010671317,1379.9234593999572,1380.2979161001276,1380.3980124001391,1382.3980721000116,1382.798026600154,1382.9005746999756,1382.9005746999756,h,1,0.9050328999292104,1383.8313033999875,1383.8313033999875,1383.8313033999875,1383.8313033999875,NA,NA,NA,NA,NA,NA,006,001,2024-10-02_16h38.34.993,PsychoPy Exp,2023.1.2,59.93213286622176
Reality,FALSE,TB-K,T_NB,PsychoPyStudy2Stim/T_NB_2.png,"In REALITY, there are TWO cubes",2,h,b,1,0,1,1,0,1,0,0,0,NB,PropFalse,0,290,290,58,NA,NA,NA,NA,NA,0.00164039991796016,1383.9163563000038,1384.297891800059,1384.398008499993,1386.3978899000213,1386.7979874000885,1386.900251199957,1386.900251199957,h,1,0.8173145998734981,1387.7479520000052,1387.7479520000052,1387.7479520000052,1387.7479520000052,NA,NA,NA,NA,NA,NA,006,001,2024-10-02_16h38.34.993,PsychoPy Exp,2023.1.2,59.93213286622176
Belief,FALSE,FB-Ig,T_B_T,PsychoPyStudy2Stim/T_B_T_3.png,Adam THINKS there are TWO cubes,2,h,b,2,0,2,1,0,1,1,0,1,B,PropTrueNoBelief,0,291,291,208,NA,NA,NA,NA,NA,0.00166770000942051,1387.839795900043,1388.2145700999536,1388.3147160999945,1390.3147498001345,1390.7146576000378,1390.816993100103,1390.816993100103,h,1,1.1725524999201298,1392.014574900037,1392.014574900037,1392.014574900037,1392.014574900037,NA,NA,NA,NA,NA,NA,006,001,2024-10-02_16h38.34.993,PsychoPy Exp,2023.1.2,59.93213286622176
Reality,TRUE,FB-Ig,T_B_T,PsychoPyStudy2Stim/T_B_T_5.png,"In REALITY, there are TWO cubes",2,b,h,2,0,2,1,0,1,1,0,1,B,-,0,292,292,42,NA,NA,NA,NA,NA,0.00167959998361766,1392.1068891999312,1392.4812261001207,1392.5813450000717,1394.5812137001194,1394.9812577001285,1395.0835311999545,1395.0835311999545,b,1,1.305673599941656,1396.4142990000546,1396.4142990000546,1396.4142990000546,1396.4142990000546,NA,NA,NA,NA,NA,NA,006,001,2024-10-02_16h38.34.993,PsychoPy Exp,2023.1.2,59.93213286622176
Knowledge,TRUE,TB-K-B,TT_B,PsychoPyStudy2Stim/TT_B_19.png,Adam KNOWS there are TWO cubes,2,b,h,2,0,2,2,0,2,0,0,0,B,-,0,293,293,252,NA,NA,NA,NA,NA,4.0540006011724e-4,1396.5020437000785,1396.8811681000516,1396.981170099927,1398.9813020001166,1399.381303400034,1399.4835141000804,1399.4835141000804,b,1,0.5380004998296499,1400.0478994001169,1400.0478994001169,1400.0478994001169,1400.0478994001169,NA,NA,NA,NA,NA,NA,006,001,2024-10-02_16h38.34.993,PsychoPy Exp,2023.1.2,59.93213286622176
Belief,TRUE,TB-K,T_NB,PsychoPyStudy2Stim/T_NB_3.png,Adam THINKS there is ONE cube,1,b,h,1,0,1,1,0,1,0,0,0,NB,-,0,294,294,113,NA,NA,NA,NA,NA,0.00166009995155036,1400.1358467000537,1400.5145145000424,1400.614685999928,1402.6145171001554,1403.0146401000677,1403.1169889001176,1403.1169889001176,b,1,0.4725220999680459,1403.6145484999288,1403.6145484999288,1403.6145484999288,1403.6145484999288,NA,NA,NA,NA,NA,NA,006,001,2024-10-02_16h38.34.993,PsychoPy Exp,2023.1.2,59.93213286622176
Belief,TRUE,TB-K,TT_NB,PsychoPyStudy2Stim/TT_NB_2.png,Adam THINKS there are TWO cubes,2,b,h,2,0,2,2,0,2,0,0,0,NB,-,0,295,295,121,NA,NA,NA,NA,NA,0.00168369989842176,1403.70461240015,1404.0812782000285,1404.1811685999855,1406.1814822000451,1406.5812168000266,1406.6835775999352,1406.6835775999352,b,1,0.45797139988280833,1407.1645436000545,1407.1645436000545,1407.1645436000545,1407.1645436000545,NA,NA,NA,NA,NA,NA,006,001,2024-10-02_16h38.34.993,PsychoPy Exp,2023.1.2,59.93213286622176
Belief,FALSE,TB-K-B,TT_B,PsychoPyStudy2Stim/TT_B_10.png,Adam THINKS there are ZERO cubes,0,h,b,2,0,2,2,0,2,0,0,0,B,PropFalse,0,296,296,197,NA,NA,NA,NA,NA,0.00165160000324249,1407.26730590011,1407.647834399948,1407.747972900048,1409.7478706999682,1410.1478903000243,1410.2501318000725,1410.2501318000725,b,0,0.7232206000480801,1410.9979209001176,1410.9979209001176,1410.9979209001176,1410.9979209001176,NA,NA,NA,NA,NA,NA,006,001,2024-10-02_16h38.34.993,PsychoPy Exp,2023.1.2,59.93213286622176
Knowledge,FALSE,TB-K,TD_NB,PsychoPyStudy2Stim/TD_NB_2.png,Adam KNOWS there are ZERO cubes,0,h,b,2,1,1,2,1,1,0,0,0,NB,PropFalse,0,297,297,280,NA,NA,NA,NA,NA,0.0016733999364078,1411.0864240000956,1411.4645074000582,1411.5646236999892,1413.564617800061,1413.9643963000271,1414.0669337001164,1414.0669337001164,h,1,1.2263245000503955,1415.3144932000432,1415.3144932000432,1415.3144932000432,1415.3144932000432,NA,NA,NA,NA,NA,NA,006,001,2024-10-02_16h38.34.993,PsychoPy Exp,2023.1.2,59.93213286622176
Reality,TRUE,TB-Ig,D_B,PsychoPyStudy2Stim/D_B_1.png,"In REALITY, there are ZERO cubes",0,b,h,1,1,0,1,1,0,0,0,0,B,-,0,298,298,18,NA,NA,NA,NA,NA,0.00170419993810355,1415.413993400056,1415.7976542001124,1415.89792080014,1417.897909400053,1418.2977372999303,1418.400171299931,1418.400171299931,b,1,1.0850273999385536,1419.5141477000434,1419.5141477000434,1419.5141477000434,1419.5141477000434,NA,NA,NA,NA,NA,NA,006,001,2024-10-02_16h38.34.993,PsychoPy Exp,2023.1.2,59.93213286622176
Reality,FALSE,FB-Ig,T_B_T,PsychoPyStudy2Stim/T_B_T_5.png,"In REALITY, there is ONE cube",1,h,b,2,0,2,1,0,1,1,0,1,B,PropFalse,0,299,299,96,NA,NA,NA,NA,NA,4.051998257637e-4,1419.5943937001284,1419.9642366000917,1420.064319700003,1422.064616000047,1422.4644685001113,1422.567342699971,1422.567342699971,h,1,1.486150700133294,1424.081140400143,1424.081140400143,1424.081140400143,1424.081140400143,NA,NA,NA,NA,NA,NA,006,001,2024-10-02_16h38.34.993,PsychoPy Exp,2023.1.2,59.93213286622176
Belief,TRUE,FB-Ig,T_B_T,PsychoPyStudy2Stim/T_B_T_1.png,Adam THINKS there is ONE cube,1,b,h,2,0,2,1,0,1,1,0,1,B,-,0,300,300,152,NA,NA,NA,NA,NA,0.00163770001381635,1424.176552799996,1424.5477589999791,1424.6477642999962,1426.6478502000682,1427.0477485000156,1427.150048200041,1427.150048200041,b,1,0.8550801000092179,1428.0309707000852,1428.0309707000852,1428.0309707000852,1428.0309707000852,NA,NA,NA,NA,NA,NA,006,001,2024-10-02_16h38.34.993,PsychoPy Exp,2023.1.2,59.93213286622176
Knowledge,FALSE,FB-Ig,T_B_T,PsychoPyStudy2Stim/T_B_T_2.png,Adam KNOWS there are TWO cubes,2,h,b,2,0,2,1,0,1,1,0,1,B,PropTrueNoKnowledge,0,301,301,313,NA,NA,NA,NA,NA,3.8950005546212e-4,1428.100583899999,1428.4810574001167,1428.5812270001045,1430.5811318999622,1430.9810957999434,1431.083498999942,1431.083498999942,h,1,1.3307801999617368,1432.4310242999345,1432.4310242999345,1432.4310242999345,1432.4310242999345,NA,NA,NA,NA,NA,NA,006,001,2024-10-02_16h38.34.993,PsychoPy Exp,2023.1.2,59.93213286622176
Belief,FALSE,TB-K-B,TT_B,PsychoPyStudy2Stim/TT_B_5.png,Adam THINKS there are ZERO cubes,0,h,b,2,0,2,2,0,2,0,0,0,B,PropFalse,0,302,302,192,NA,NA,NA,NA,NA,0.0017081000842154,1432.5105914000887,1432.8810845999978,1432.981214800151,1434.9809109999333,1435.3811373000501,1435.4833064000122,1435.4833064000122,h,1,1.0740759000182152,1436.5810794001443,1436.5810794001443,1436.5810794001443,1436.5810794001443,NA,NA,NA,NA,NA,NA,006,001,2024-10-02_16h38.34.993,PsychoPy Exp,2023.1.2,59.93213286622176
Belief,FALSE,TB-K,TD_NB,PsychoPyStudy2Stim/TD_NB_1.png,Adam THINKS there are ZERO cubes,0,h,b,2,1,1,2,1,1,0,0,0,NB,PropFalse,0,303,303,171,NA,NA,NA,NA,NA,0.00171440001577138,1436.6498499000445,1437.0310418000445,1437.1311546999495,1439.131187000079,1439.5311738001185,1439.6334788000677,1439.6334788000677,h,1,1.2278486001305282,1440.881044199923,1440.881044199923,1440.881044199923,1440.881044199923,NA,NA,NA,NA,NA,NA,006,001,2024-10-02_16h38.34.993,PsychoPy Exp,2023.1.2,59.93213286622176
Knowledge,FALSE,FB-Ig,D_B_T,PsychoPyStudy2Stim/D_B_T_1.png,Adam KNOWS there are ZERO cubes,0,h,b,2,1,1,1,1,0,1,0,1,B,PropFalse,0,304,304,322,NA,NA,NA,NA,NA,0.00145770004019141,1440.9696674000006,1441.347757200012,1441.4477940001525,1443.447813200066,1443.84782860009,1443.9500667999964,1443.9500667999964,b,0,0.7513104001991451,1444.7308321001474,1444.7308321001474,1444.7308321001474,1444.7308321001474,NA,NA,NA,NA,NA,NA,006,001,2024-10-02_16h38.34.993,PsychoPy Exp,2023.1.2,59.93213286622176
Belief,FALSE,FB-Ig,T_B_T,PsychoPyStudy2Stim/T_B_T_3.png,Adam THINKS there are TWO cubes,2,h,b,2,0,2,1,0,1,1,0,1,B,PropTrueNoBelief,0,305,305,202,NA,NA,NA,NA,NA,4.2939977720379e-4,1444.8018956999294,1445.1810266000684,1445.2811292000115,1447.2812064001337,1447.681065000128,1447.7833833999466,1447.7833833999466,h,1,0.5501671000383794,1448.364406400127,1448.364406400127,1448.364406400127,1448.364406400127,NA,NA,NA,NA,NA,NA,006,001,2024-10-02_16h38.34.993,PsychoPy Exp,2023.1.2,59.93213286622176
Knowledge,TRUE,TB-K,DD_NB,PsychoPyStudy2Stim/DD_NB_2.png,Adam KNOWS there are ZERO cubes,0,b,h,2,2,0,2,2,0,0,0,0,NB,-,0,306,306,223,NA,NA,NA,NA,NA,0.00172910001128911,1448.4537367001176,1448.8310418999754,1448.9311838001013,1450.9311121001374,1451.331196000101,1451.43344589998,1451.43344589998,b,1,0.603954799938947,1452.0642020001542,1452.0642020001542,1452.0642020001542,1452.0642020001542,NA,NA,NA,NA,NA,NA,006,001,2024-10-02_16h38.34.993,PsychoPy Exp,2023.1.2,59.93213286622176
Belief,FALSE,TB-K,D_NB,PsychoPyStudy2Stim/D_NB_1.png,Adam THINKS there is ONE cube,1,h,b,1,1,0,1,1,0,0,0,0,NB,PropFalse,0,307,307,162,NA,NA,NA,NA,NA,3.734000492841e-4,1452.131610600045,1452.514355899999,1452.614291500067,1454.614461600082,1455.0144375001546,1455.1166652000975,1455.1166652000975,h,1,0.6973360001575202,1455.831026100088,1455.831026100088,1455.831026100088,1455.831026100088,NA,NA,NA,NA,NA,NA,006,001,2024-10-02_16h38.34.993,PsychoPy Exp,2023.1.2,59.93213286622176
Belief,TRUE,TB-K,TD_NB,PsychoPyStudy2Stim/TD_NB_1.png,Adam THINKS there is ONE cube,1,b,h,2,1,1,2,1,1,0,0,0,NB,-,0,308,308,117,NA,NA,NA,NA,NA,0.00164799997583031,1455.9050376000814,1456.2810029000975,1456.3810865001287,1458.3811226000544,1458.7810615999624,1458.883616300067,1458.883616300067,b,1,0.6498127998784184,1459.5643364000134,1459.5643364000134,1459.5643364000134,1459.5643364000134,NA,NA,NA,NA,NA,NA,006,001,2024-10-02_16h38.34.993,PsychoPy Exp,2023.1.2,59.93213286622176
Reality,FALSE,TB-K,TT_NB,PsychoPyStudy2Stim/TT_NB_1.png,"In REALITY, there are ZERO cubes",0,h,b,2,0,2,2,0,2,0,0,0,NB,PropFalse,0,309,309,66,NA,NA,NA,NA,NA,0.00166179984807968,1459.6504645000678,1460.0309276999906,1460.1310986001045,1462.1310449000448,1462.5309105999768,1462.633353400044,1462.633353400044,h,1,1.6918617999181151,1464.3475083000958,1464.3475083000958,1464.3475083000958,1464.3475083000958,NA,NA,NA,NA,NA,NA,006,001,2024-10-02_16h38.34.993,PsychoPy Exp,2023.1.2,59.93213286622176
Reality,TRUE,TB-K-B,TD_B,PsychoPyStudy2Stim/TD_B_7.png,"In REALITY, there is ONE cube",1,b,h,2,1,1,2,1,1,0,0,0,B,-,0,310,310,36,NA,NA,NA,NA,NA,0.00151670002378523,1464.4199157999828,1464.797617299948,1464.897709199926,1466.8975734999403,1467.2976424000226,1467.400052699959,1467.400052699959,b,1,0.7978358000982553,1468.214358600089,1468.214358600089,1468.214358600089,1468.214358600089,NA,NA,NA,NA,NA,NA,006,001,2024-10-02_16h38.34.993,PsychoPy Exp,2023.1.2,59.93213286622176
Belief,FALSE,FB-Ig,T_B_T,PsychoPyStudy2Stim/T_B_T_1.png,Adam THINKS there are TWO cubes,2,h,b,2,0,2,1,0,1,1,0,1,B,PropTrueNoBelief,0,311,311,200,NA,NA,NA,NA,NA,0.00162019999697804,1468.303241400048,1468.6809209999628,1468.7810666000005,1470.7810678000096,1471.180950799957,1471.2833265999798,1471.2833265999798,h,1,1.017980300122872,1472.3308218000457,1472.3308218000457,1472.3308218000457,1472.3308218000457,NA,NA,NA,NA,NA,NA,006,001,2024-10-02_16h38.34.993,PsychoPy Exp,2023.1.2,59.93213286622176
Reality,FALSE,TB-Ig,D_B_D,PsychoPyStudy2Stim/D_B_D_4.png,"In REALITY, there are TWO cubes",2,h,b,2,2,0,1,1,0,1,1,0,B,PropFalse,0,312,312,79,NA,NA,NA,NA,NA,0.00165370013564825,1472.4030735001434,1472.7809566000942,1472.8808714000045,1474.8809529000428,1475.2809633000288,1475.3832809999583,1475.3832809999583,h,1,0.6535729998722672,1476.063994300086,1476.063994300086,1476.063994300086,1476.063994300086,NA,NA,NA,NA,NA,NA,006,001,2024-10-02_16h38.34.993,PsychoPy Exp,2023.1.2,59.93213286622176
Reality,FALSE,TB-K-B,TD_B,PsychoPyStudy2Stim/TD_B_4.png,"In REALITY, there are ZERO cubes",0,h,b,2,1,1,2,1,1,0,0,0,B,PropFalse,0,313,313,87,NA,NA,NA,NA,NA,3.7409993819892e-4,1476.162932000123,1476.547581100138,1476.6475655999966,1478.6476948999334,1479.0477448999882,1479.15002800012,1479.15002800012,h,1,1.2791617000475526,1480.447565099923,1480.447565099923,1480.447565099923,1480.447565099923,NA,NA,NA,NA,NA,NA,006,001,2024-10-02_16h38.34.993,PsychoPy Exp,2023.1.2,59.93213286622176
Reality,TRUE,FB-Ig,T_B_T,PsychoPyStudy2Stim/T_B_T_2.png,"In REALITY, there are TWO cubes",2,b,h,2,0,2,1,0,1,1,0,1,B,-,0,314,314,45,NA,NA,NA,NA,NA,0.00113349989987909,1480.54360980005,1480.9142458999995,1481.0143726000097,1483.0143443001434,1483.4142716999631,1483.5165327999275,1483.5165327999275,b,1,0.760418799938634,1484.297511999961,1484.297511999961,1484.297511999961,1484.297511999961,NA,NA,NA,NA,NA,NA,006,001,2024-10-02_16h38.34.993,PsychoPy Exp,2023.1.2,59.93213286622176
Belief,FALSE,FB-Ig,T_B_T,PsychoPyStudy2Stim/T_B_T_6.png,Adam THINKS there are TWO cubes,2,h,b,2,0,2,1,0,1,1,0,1,B,PropTrueNoBelief,0,315,315,205,NA,NA,NA,NA,NA,0.00104120001196861,1484.3798877000809,1484.7642167001031,1484.8643414999824,1486.864375000121,1487.2643397001084,1487.3667093999684,1487.3667093999684,b,0,0.8941859998740256,1488.280754999956,1488.280754999956,1488.280754999956,1488.280754999956,NA,NA,NA,NA,NA,NA,006,001,2024-10-02_16h38.34.993,PsychoPy Exp,2023.1.2,59.93213286622176
Belief,TRUE,FB-Ig,D_B_T,PsychoPyStudy2Stim/D_B_T_1.png,Adam THINKS there are ZERO cubes,0,b,h,2,1,1,1,1,0,1,0,1,B,-,0,316,316,158,NA,NA,NA,NA,NA,3.7089991383254e-4,1488.3489670001436,1488.7308871001003,1488.8310084000695,1490.8309647999704,1491.230966800125,1491.3331927999388,1491.3331927999388,b,1,1.4239123999141157,1492.780830200063,1492.780830200063,1492.780830200063,1492.780830200063,NA,NA,NA,NA,NA,NA,006,001,2024-10-02_16h38.34.993,PsychoPy Exp,2023.1.2,59.93213286622176
Knowledge,FALSE,FB-Ig,D_B_T,PsychoPyStudy2Stim/D_B_T_3.png,Adam KNOWS there are ZERO cubes,0,h,b,2,1,1,1,1,0,1,0,1,B,PropFalse,0,317,317,323,NA,NA,NA,NA,NA,0.00150800007395446,1492.884985500015,1493.2641859001014,1493.3643182001542,1495.3640540000051,1495.764307100093,1495.8666914000642,1495.8666914000642,b,0,1.1384925998281687,1497.0307201000396,1497.0307201000396,1497.0307201000396,1497.0307201000396,NA,NA,NA,NA,NA,NA,006,001,2024-10-02_16h38.34.993,PsychoPy Exp,2023.1.2,59.93213286622176
Reality,FALSE,TB-K,DD_NB,PsychoPyStudy2Stim/DD_NB_2.png,"In REALITY, there are TWO cubes",2,h,b,2,2,0,2,2,0,0,0,0,NB,PropFalse,0,318,318,61,NA,NA,NA,NA,NA,0.00177540001459419,1497.1017398999538,1497.48081670003,1497.580958200153,1499.580927900039,1499.9808487999253,1500.0831894001458,1500.0831894001458,h,1,0.6899552000686526,1500.7975274000785,1500.7975274000785,1500.7975274000785,1500.7975274000785,NA,NA,NA,NA,NA,NA,006,001,2024-10-02_16h38.34.993,PsychoPy Exp,2023.1.2,59.93213286622176
Knowledge,TRUE,TB-K,TT_NB,PsychoPyStudy2Stim/TT_NB_2.png,Adam KNOWS there are TWO cubes,2,b,h,2,0,2,2,0,2,0,0,0,NB,-,0,319,319,229,NA,NA,NA,NA,NA,0.00167990010231733,1500.8685840000398,1501.2474692999383,1501.347621000139,1503.3475492999423,1503.7475416001398,1503.8498289999552,1503.8498289999552,b,1,1.123013800010085,1504.9973353000823,1504.9973353000823,1504.9973353000823,1504.9973353000823,NA,NA,NA,NA,NA,NA,006,001,2024-10-02_16h38.34.993,PsychoPy Exp,2023.1.2,59.93213286622176
Reality,FALSE,TB-K-B,DD_B,PsychoPyStudy2Stim/DD_B_15.png,"In REALITY, there are TWO cubes",2,h,b,2,2,0,2,2,0,0,0,0,B,PropFalse,0,320,320,82,NA,NA,NA,NA,NA,3.9010006003081e-4,1505.0701685000677,1505.44745029998,1505.5476150000468,1507.547557400074,1507.947491900064,1508.049845200032,1508.049845200032,h,1,1.179570799926296,1509.247492800001,1509.247492800001,1509.247492800001,1509.247492800001,NA,NA,NA,NA,NA,NA,006,001,2024-10-02_16h38.34.993,PsychoPy Exp,2023.1.2,59.93213286622176
Belief,TRUE,TB-Ig,D_B_D,PsychoPyStudy2Stim/D_B_D_1.png,Adam THINKS there are ZERO cubes,0,b,h,2,2,0,1,1,0,1,1,0,B,-,0,321,321,130,NA,NA,NA,NA,NA,0.0017121999990195,1509.339743199991,1509.7141005999874,1509.81425340008,1511.8142564001027,1512.2141360000242,1512.3165140000638,1512.3165140000638,b,1,1.6725934999994934,1514.014143700013,1514.014143700013,1514.014143700013,1514.014143700013,NA,NA,NA,NA,NA,NA,006,001,2024-10-02_16h38.34.993,PsychoPy Exp,2023.1.2,59.93213286622176
Knowledge,FALSE,TB-K-B,DD_B,PsychoPyStudy2Stim/DD_B_6.png,Adam KNOWS there is ONE cube,1,h,b,2,2,0,2,2,0,0,0,0,B,PropFalse,0,322,322,296,NA,NA,NA,NA,NA,0.00175389996729791,1514.1248796000143,1514.4974108000752,1514.5974034999963,1516.5974700001534,1516.9975654999726,1517.099782400066,1517.099782400066,h,1,0.9849594999104738,1518.11393709993,1518.11393709993,1518.11393709993,1518.11393709993,NA,NA,NA,NA,NA,NA,006,001,2024-10-02_16h38.34.993,PsychoPy Exp,2023.1.2,59.93213286622176
Reality,TRUE,TB-K,TT_NB,PsychoPyStudy2Stim/TT_NB_1.png,"In REALITY, there are TWO cubes",2,b,h,2,0,2,2,0,2,0,0,0,NB,-,0,323,323,12,NA,NA,NA,NA,NA,5.5429991334676e-4,1518.1846052000765,1518.5640639001504,1518.6641273000278,1520.6640792000107,1521.064109900035,1521.1663971000817,1521.1663971000817,b,1,0.750743999844417,1521.9477000001352,1521.9477000001352,1521.9477000001352,1521.9477000001352,NA,NA,NA,NA,NA,NA,006,001,2024-10-02_16h38.34.993,PsychoPy Exp,2023.1.2,59.93213286622176
NA,NA,NA,NA,NA,NA,NA,NA,NA,NA,NA,NA,NA,NA,NA,NA,NA,NA,NA,NA,NA,NA,NA,NA,NA,NA,NA,NA,NA,NA,NA,NA,NA,NA,NA,NA,NA,NA,NA,NA,NA,NA,NA,NA,NA,NA,1521.9477000001352,1522.9475771000143,space,1.9537127001676708,006,001,2024-10-02_16h38.34.993,PsychoPy Exp,2023.1.2,59.93213286622176
