Condition,TrueFalse,Scenario,StimType,Stimulus,Statement,StatementNum,CorAnsEven,CorAnsOdd,TotalObjects,TotalDistractors,TotalTargets,VisibleObjects,VisibleDistractors,VisibleTargets,HiddenObjects,HiddenDistractors,HiddenTargets,Barrier,WhyFalse,ExpTrial.thisRepN,ExpTrial.thisTrialN,ExpTrial.thisN,ExpTrial.thisIndex,ExpIntroText.started,ExpIntroPressSPACEText.started,ExpIntroPressSPACE.started,ExpIntroPressSPACE.keys,ExpIntroPressSPACE.rt,ExpISI.started,ExpPrimerText.started,ExpPrimerText.stopped,ExpText.started,ExpImagePrimer.started,ExpImagePrimer.stopped,ExpImage.started,ExpResponse.started,ExpResponse.keys,ExpResponse.corr,ExpResponse.rt,BreakTextPrompt.started,BreakTextPrompt.stopped,BreakTextKeyResponse.started,BreakTextKeyResponse.stopped,BreakTextKeyResponse.keys,BreakTextKeyResponse.rt,ExpEndText.started,ExpEndPressSPACE.started,ExpEndPressSPACE.keys,ExpEndPressSPACE.rt,participant,session,date,expName,psychopyVersion,frameRate
NA,NA,NA,NA,NA,NA,NA,NA,NA,NA,NA,NA,NA,NA,NA,NA,NA,NA,NA,NA,NA,NA,NA,NA,27.178114999998797,29.16160160000072,29.16160160000072,space,17.51577559999714,NA,NA,NA,NA,NA,NA,NA,NA,NA,NA,NA,NA,NA,NA,NA,NA,NA,NA,NA,NA,NA,036,001,2024-10-22_16h33.56.977,PsychoPy Exp,2023.1.2,59.980554304606756
Knowledge,FALSE,TB-Ig,D_B_D,PsychoPyStudy2Stim/D_B_D_1.png,Adam KNOWS there are ZERO cubes,0,h,b,2,2,0,1,1,0,1,1,0,B,PropTrueNoKnowledge,0,0,0,292,NA,NA,NA,NA,NA,0.19960109999738052,46.958459100002074,47.34393760000239,47.44406650000019,49.444222099999024,49.8440479000019,49.9716064000022,49.9716064000022,h,1,12.785493600000336,62.77728070000012,62.77728070000012,62.77728070000012,62.77728070000012,NA,NA,NA,NA,NA,NA,036,001,2024-10-22_16h33.56.977,PsychoPy Exp,2023.1.2,59.980554304606756
Knowledge,FALSE,TB-K,TD_NB,PsychoPyStudy2Stim/TD_NB_1.png,Adam KNOWS there are ZERO cubes,0,h,b,2,1,1,2,1,1,0,0,0,NB,PropFalse,0,1,1,279,NA,NA,NA,NA,NA,0.00111739999920246,62.87921389999974,63.26062810000076,63.360798100002285,65.3606507000004,65.76063500000237,65.86305400000128,65.86305400000128,h,1,4.685960999999224,70.57720500000141,70.57720500000141,70.57720500000141,70.57720500000141,NA,NA,NA,NA,NA,NA,036,001,2024-10-22_16h33.56.977,PsychoPy Exp,2023.1.2,59.980554304606756
Belief,FALSE,TB-Ig,D_B_D,PsychoPyStudy2Stim/D_B_D_1.png,Adam THINKS there is ONE cube,1,h,b,2,2,0,1,1,0,1,1,0,B,PropFalse,0,2,2,184,NA,NA,NA,NA,NA,5.8490000083111e-4,70.6656976000013,71.04393680000067,71.14409380000143,73.14420539999992,73.54397790000075,73.64618179999889,73.64618179999889,h,1,5.687420199999906,79.36045530000047,79.36045530000047,79.36045530000047,79.36045530000047,NA,NA,NA,NA,NA,NA,036,001,2024-10-22_16h33.56.977,PsychoPy Exp,2023.1.2,59.980554304606756
Reality,TRUE,TB-K,D_NB,PsychoPyStudy2Stim/D_NB_1.png,"In REALITY, there are ZERO cubes",0,b,h,1,1,0,1,1,0,0,0,0,NB,-,0,3,3,0,NA,NA,NA,NA,NA,3.8800000038463e-4,79.43231939999896,79.81057990000045,79.91083580000122,81.91061640000044,82.31072610000047,82.4129568999997,82.4129568999997,b,1,1.9283520999997563,84.3606491999999,84.3606491999999,84.3606491999999,84.3606491999999,NA,NA,NA,NA,NA,NA,036,001,2024-10-22_16h33.56.977,PsychoPy Exp,2023.1.2,59.980554304606756
Belief,TRUE,FB-Ig,T_B_T,PsychoPyStudy2Stim/T_B_T_3.png,Adam THINKS there is ONE cube,1,b,h,2,0,2,1,0,1,1,0,1,B,-,0,4,4,154,NA,NA,NA,NA,NA,0.00167969999893102,84.43641290000232,84.81058259999918,84.91061030000128,86.91057509999882,87.31068059999961,87.41294850000122,87.41294850000122,b,1,3.448085500000161,90.87709670000186,90.87709670000186,90.87709670000186,90.87709670000186,NA,NA,NA,NA,NA,NA,036,001,2024-10-22_16h33.56.977,PsychoPy Exp,2023.1.2,59.980554304606756
Belief,TRUE,TB-Ig,D_B,PsychoPyStudy2Stim/D_B_1.png,Adam THINKS there are ZERO cubes,0,b,h,1,1,0,1,1,0,0,0,0,B,-,0,5,5,126,NA,NA,NA,NA,NA,4.6870000005583e-4,90.95550430000004,91.3272007000014,91.42737510000006,93.4273893999998,93.82726520000142,93.92955970000185,93.92955970000185,b,1,3.41177080000125,97.36055300000226,97.36055300000226,97.36055300000226,97.36055300000226,NA,NA,NA,NA,NA,NA,036,001,2024-10-22_16h33.56.977,PsychoPy Exp,2023.1.2,59.980554304606756
Belief,TRUE,TB-K-B,TT_B,PsychoPyStudy2Stim/TT_B_12.png,Adam THINKS there are TWO cubes,2,b,h,2,0,2,2,0,2,0,0,0,B,-,0,6,6,145,NA,NA,NA,NA,NA,0.00170509999952628,97.43951860000016,97.81054360000051,97.91066680000222,99.91052750000016,100.3106269000018,100.41329960000076,100.41329960000076,b,1,3.5436162000005424,103.97714970000015,103.97714970000015,103.97714970000015,103.97714970000015,NA,NA,NA,NA,NA,NA,036,001,2024-10-22_16h33.56.977,PsychoPy Exp,2023.1.2,59.980554304606756
Reality,TRUE,FB-Ig,T_B_T,PsychoPyStudy2Stim/T_B_T_1.png,"In REALITY, there are TWO cubes",2,b,h,2,0,2,1,0,1,1,0,1,B,-,0,7,7,44,NA,NA,NA,NA,NA,4.4259999776841e-4,104.0571783000014,104.42708349999884,104.5271967000008,106.5273257000008,106.92735820000236,107.02955490000022,107.02955490000022,b,1,3.2233417999996163,110.27705950000018,110.27705950000018,110.27705950000018,110.27705950000018,NA,NA,NA,NA,NA,NA,036,001,2024-10-22_16h33.56.977,PsychoPy Exp,2023.1.2,59.980554304606756
Belief,TRUE,TB-K-B,TT_B,PsychoPyStudy2Stim/TT_B_5.png,Adam THINKS there are TWO cubes,2,b,h,2,0,2,2,0,2,0,0,0,B,-,0,8,8,138,NA,NA,NA,NA,NA,4.521000009845e-4,110.36759499999972,110.74381469999936,110.84397249999893,112.8439900000012,113.24399850000192,113.34617179999988,113.34617179999988,b,1,2.2587731999992684,115.62715450000178,115.62715450000178,115.62715450000178,115.62715450000178,NA,NA,NA,NA,NA,NA,036,001,2024-10-22_16h33.56.977,PsychoPy Exp,2023.1.2,59.980554304606756
Knowledge,FALSE,TB-K,TD_NB,PsychoPyStudy2Stim/TD_NB_2.png,Adam KNOWS there are ZERO cubes,0,h,b,2,1,1,2,1,1,0,0,0,NB,PropFalse,0,9,9,280,NA,NA,NA,NA,NA,0.00112559999979566,115.70081850000132,116.07714839999971,116.17730859999938,118.1773252999992,118.57729180000024,118.67946999999911,118.67946999999911,h,1,3.8617063999990937,122.56054360000051,122.56054360000051,122.56054360000051,122.56054360000051,NA,NA,NA,NA,NA,NA,036,001,2024-10-22_16h33.56.977,PsychoPy Exp,2023.1.2,59.980554304606756
Knowledge,FALSE,FB-Ig,T_B_T,PsychoPyStudy2Stim/T_B_T_4.png,Adam KNOWS there is ONE cube,1,h,b,2,0,2,1,0,1,1,0,1,B,PropFalse,0,10,10,303,NA,NA,NA,NA,NA,0.00168929999927058,122.6358853999991,123.01041429999896,123.11058070000216,125.11056820000158,125.51039519999904,125.61282260000009,125.61282260000009,h,1,24.048384699999588,149.67687880000085,149.67687880000085,149.67687880000085,149.67687880000085,NA,NA,NA,NA,NA,NA,036,001,2024-10-22_16h33.56.977,PsychoPy Exp,2023.1.2,59.980554304606756
Reality,FALSE,TB-K,TT_NB,PsychoPyStudy2Stim/TT_NB_2.png,"In REALITY, there are ZERO cubes",0,h,b,2,0,2,2,0,2,0,0,0,NB,PropFalse,0,11,11,67,NA,NA,NA,NA,NA,4.071000003023e-4,149.7530728999991,150.1270566000021,150.2271793,152.22708870000133,152.62721199999942,152.72951549999925,152.72951549999925,h,1,3.4435751999990316,156.19376170000032,156.19376170000032,156.19376170000032,156.19376170000032,NA,NA,NA,NA,NA,NA,036,001,2024-10-22_16h33.56.977,PsychoPy Exp,2023.1.2,59.980554304606756
Knowledge,TRUE,TB-K-B,TT_B,PsychoPyStudy2Stim/TT_B_21.png,Adam KNOWS there are TWO cubes,2,b,h,2,0,2,2,0,2,0,0,0,B,-,0,12,12,254,NA,NA,NA,NA,NA,0.00168439999833935,156.29945159999988,156.67708330000096,156.77707329999976,158.7772184000023,159.1770902999997,159.27938949999952,159.27938949999952,b,1,1.9576763000004576,161.26041950000217,161.26041950000217,161.26041950000217,161.26041950000217,NA,NA,NA,NA,NA,NA,036,001,2024-10-22_16h33.56.977,PsychoPy Exp,2023.1.2,59.980554304606756
Belief,TRUE,FB-Ig,D_B_T,PsychoPyStudy2Stim/D_B_T_2.png,Adam THINKS there are ZERO cubes,0,b,h,2,1,1,1,1,0,1,0,1,B,-,0,13,13,159,NA,NA,NA,NA,NA,0.00166879999960656,161.35847600000125,161.74370590000035,161.84380299999975,163.84380539999984,164.24380600000222,164.34592780000094,164.34592780000094,b,1,7.627070500002446,171.9936908999989,171.9936908999989,171.9936908999989,171.9936908999989,NA,NA,NA,NA,NA,NA,036,001,2024-10-22_16h33.56.977,PsychoPy Exp,2023.1.2,59.980554304606756
Belief,TRUE,TB-K-B,TT_B,PsychoPyStudy2Stim/TT_B_9.png,Adam THINKS there are TWO cubes,2,b,h,2,0,2,2,0,2,0,0,0,B,-,0,14,14,142,NA,NA,NA,NA,NA,0.00179220000063651,172.07603949999975,172.46032840000044,172.56044829999882,174.56028530000185,174.960382199999,175.06257910000204,175.06257910000204,b,1,3.0064669999992475,178.09346970000115,178.09346970000115,178.09346970000115,178.09346970000115,NA,NA,NA,NA,NA,NA,036,001,2024-10-22_16h33.56.977,PsychoPy Exp,2023.1.2,59.980554304606756
Belief,FALSE,TB-K,TT_NB,PsychoPyStudy2Stim/TT_NB_6.png,Adam THINKS there is ONE cube,1,h,b,2,0,2,2,0,2,0,0,0,NB,PropFalse,0,15,15,179,NA,NA,NA,NA,NA,0.00151819999882718,178.16339190000144,178.54367840000123,178.64363190000222,180.64359390000027,181.04366149999987,181.14609800000107,181.14609800000107,h,1,2.2665956999990158,183.44352210000216,183.44352210000216,183.44352210000216,183.44352210000216,NA,NA,NA,NA,NA,NA,036,001,2024-10-22_16h33.56.977,PsychoPy Exp,2023.1.2,59.980554304606756
Knowledge,TRUE,TB-K-B,DD_B,PsychoPyStudy2Stim/DD_B_2.png,Adam KNOWS there are ZERO cubes,0,b,h,2,2,0,2,2,0,0,0,0,B,-,0,16,16,235,NA,NA,NA,NA,NA,6.2439999965135e-4,183.54368149999937,183.9269729000007,184.0270672000006,186.02712020000035,186.4271136999996,186.52928470000188,186.52928470000188,b,1,3.107434800000192,189.66027329999997,189.66027329999997,189.66027329999997,189.66027329999997,NA,NA,NA,NA,NA,NA,036,001,2024-10-22_16h33.56.977,PsychoPy Exp,2023.1.2,59.980554304606756
Knowledge,TRUE,TB-K-B,TD_B,PsychoPyStudy2Stim/TD_B_4.png,Adam KNOWS there is ONE cube,1,b,h,2,1,1,2,1,1,0,0,0,B,-,0,17,17,261,NA,NA,NA,NA,NA,0.00151929999992717,189.73140570000032,190.11028330000045,190.21039720000044,192.2102706000005,192.61043240000072,192.71295920000193,192.71295920000193,b,1,2.628032799999346,195.36029960000087,195.36029960000087,195.36029960000087,195.36029960000087,NA,NA,NA,NA,NA,NA,036,001,2024-10-22_16h33.56.977,PsychoPy Exp,2023.1.2,59.980554304606756
Reality,FALSE,FB-Ig,T_B_T,PsychoPyStudy2Stim/T_B_T_1.png,"In REALITY, there is ONE cube",1,h,b,2,0,2,1,0,1,1,0,1,B,PropFalse,0,18,18,92,NA,NA,NA,NA,NA,0.00167760000113048,195.44880530000228,195.82690490000095,195.92703610000171,197.92703769999935,198.327036900002,198.4292024000024,198.4292024000024,h,1,2.175809799999115,200.6269785000004,200.6269785000004,200.6269785000004,200.6269785000004,NA,NA,NA,NA,NA,NA,036,001,2024-10-22_16h33.56.977,PsychoPy Exp,2023.1.2,59.980554304606756
Knowledge,FALSE,TB-K,TT_NB,PsychoPyStudy2Stim/TT_NB_4.png,Adam KNOWS there is ONE cube,1,h,b,2,0,2,2,0,2,0,0,0,NB,PropFalse,0,19,19,285,NA,NA,NA,NA,NA,0.00167959999816957,200.7096310000015,201.0935755999999,201.193677700001,203.19370960000015,203.59377830000085,203.69594549999965,203.69594549999965,h,1,2.381494900000689,206.09359450000193,206.09359450000193,206.09359450000193,206.09359450000193,NA,NA,NA,NA,NA,NA,036,001,2024-10-22_16h33.56.977,PsychoPy Exp,2023.1.2,59.980554304606756
Knowledge,TRUE,TB-K-B,TD_B,PsychoPyStudy2Stim/TD_B_2.png,Adam KNOWS there is ONE cube,1,b,h,2,1,1,2,1,1,0,0,0,B,-,0,20,20,259,NA,NA,NA,NA,NA,0.00167309999960707,206.16643739999927,206.54355729999952,206.6436830999992,208.64379180000105,209.04371660000103,209.14593199999945,209.14593199999945,b,1,3.6107531000016024,212.77687370000055,212.77687370000055,212.77687370000055,212.77687370000055,NA,NA,NA,NA,NA,NA,036,001,2024-10-22_16h33.56.977,PsychoPy Exp,2023.1.2,59.980554304606756
Belief,TRUE,FB-Ig,D_B_T,PsychoPyStudy2Stim/D_B_T_4.png,Adam THINKS there are ZERO cubes,0,b,h,2,1,1,1,1,0,1,0,1,B,-,0,21,21,161,NA,NA,NA,NA,NA,0.00149760000203968,212.87334860000192,213.24355560000183,213.34368320000067,215.343536700002,215.7437028999993,215.84627550000005,215.84627550000005,b,1,7.902801200001704,223.77691369999957,223.77691369999957,223.77691369999957,223.77691369999957,NA,NA,NA,NA,NA,NA,036,001,2024-10-22_16h33.56.977,PsychoPy Exp,2023.1.2,59.980554304606756
Belief,TRUE,TB-K-B,TT_B,PsychoPyStudy2Stim/TT_B_6.png,Adam THINKS there are TWO cubes,2,b,h,2,0,2,2,0,2,0,0,0,B,-,0,22,22,139,NA,NA,NA,NA,NA,0.00170749999961117,223.87438730000213,224.2435508999988,224.34369539999895,226.3435446000003,226.743628799999,226.84575640000185,226.84575640000185,b,1,8.350789899999654,235.22677359999943,235.22677359999943,235.22677359999943,235.22677359999943,NA,NA,NA,NA,NA,NA,036,001,2024-10-22_16h33.56.977,PsychoPy Exp,2023.1.2,59.980554304606756
Knowledge,FALSE,TB-K,D_NB,PsychoPyStudy2Stim/D_NB_1.png,Adam KNOWS there is ONE cube,1,h,b,1,1,0,1,1,0,0,0,0,NB,PropFalse,0,23,23,270,NA,NA,NA,NA,NA,9.790999974939e-4,235.29943540000025,235.6767839000022,235.77693640000143,237.77680260000125,238.1766850999993,238.27904520000084,238.27904520000084,h,1,1.6937436000007438,239.99328550000064,239.99328550000064,239.99328550000064,239.99328550000064,NA,NA,NA,NA,NA,NA,036,001,2024-10-22_16h33.56.977,PsychoPy Exp,2023.1.2,59.980554304606756
Knowledge,FALSE,FB-Ig,D_B_T,PsychoPyStudy2Stim/D_B_T_3.png,Adam KNOWS there are ZERO cubes,0,h,b,2,1,1,1,1,0,1,0,1,B,PropFalse,0,24,24,323,NA,NA,NA,NA,NA,0.00169190000087837,240.0647874999995,240.44344199999975,240.54343449999945,242.5435959000024,242.9434622000008,243.04585020000013,243.04585020000013,h,1,7.974658500002988,251.04334780000136,251.04334780000136,251.04334780000136,251.04334780000136,NA,NA,NA,NA,NA,NA,036,001,2024-10-22_16h33.56.977,PsychoPy Exp,2023.1.2,59.980554304606756
Reality,TRUE,TB-K,DD_NB,PsychoPyStudy2Stim/DD_NB_2.png,"In REALITY, there are ZERO cubes",0,b,h,2,2,0,2,2,0,0,0,0,NB,-,0,25,25,7,NA,NA,NA,NA,NA,4.8640000022714e-4,251.1281334000014,251.51006140000027,251.61022140000205,253.60989849999896,254.0102145000019,254.1124051000006,254.1124051000006,b,1,1.476018599998497,255.6099589000005,255.6099589000005,255.6099589000005,255.6099589000005,NA,NA,NA,NA,NA,NA,036,001,2024-10-22_16h33.56.977,PsychoPy Exp,2023.1.2,59.980554304606756
Knowledge,FALSE,TB-Ig,D_B,PsychoPyStudy2Stim/D_B_4.png,Adam KNOWS there are ZERO cubes,0,h,b,1,1,0,1,1,0,0,0,0,B,PropTrueNoKnowledge,0,26,26,291,NA,NA,NA,NA,NA,4.2720000055851e-4,255.6819190999995,256.06006960000013,256.1599919,258.1601795000024,258.5601711999989,258.6623628000016,258.6623628000016,h,1,5.142390799999703,263.8267936000011,263.8267936000011,263.8267936000011,263.8267936000011,NA,NA,NA,NA,NA,NA,036,001,2024-10-22_16h33.56.977,PsychoPy Exp,2023.1.2,59.980554304606756
Belief,FALSE,FB-Ig,T_B_T,PsychoPyStudy2Stim/T_B_T_5.png,Adam THINKS there are TWO cubes,2,h,b,2,0,2,1,0,1,1,0,1,B,PropTrueNoBelief,0,27,27,204,NA,NA,NA,NA,NA,0.00168359999952372,263.91114480000033,264.2933742999994,264.3935328000007,266.3934775000016,266.7935163000002,266.8956235000005,266.8956235000005,h,1,16.333491399997,283.259819400002,283.259819400002,283.259819400002,283.259819400002,NA,NA,NA,NA,NA,NA,036,001,2024-10-22_16h33.56.977,PsychoPy Exp,2023.1.2,59.980554304606756
Belief,TRUE,TB-Ig,D_B_D,PsychoPyStudy2Stim/D_B_D_1.png,Adam THINKS there are ZERO cubes,0,b,h,2,2,0,1,1,0,1,1,0,B,-,0,28,28,130,NA,NA,NA,NA,NA,4.5160000081523e-4,283.3372586000005,283.7097448000022,283.8099480000019,285.8100811000004,286.2099296000015,286.31227330000183,286.31227330000183,b,1,4.7333259000006365,291.0765152000022,291.0765152000022,291.0765152000022,291.0765152000022,NA,NA,NA,NA,NA,NA,036,001,2024-10-22_16h33.56.977,PsychoPy Exp,2023.1.2,59.980554304606756
Knowledge,TRUE,TB-K,TD_NB,PsychoPyStudy2Stim/TD_NB_2.png,Adam KNOWS there is ONE cube,1,b,h,2,1,1,2,1,1,0,0,0,NB,-,0,29,29,226,NA,NA,NA,NA,NA,0.00168399999893154,291.14259310000125,291.5266374999992,291.6267618999991,293.62671500000215,294.0267281000015,294.12887169999885,294.12887169999885,b,1,1.7557978000004368,295.90980130000025,295.90980130000025,295.90980130000025,295.90980130000025,NA,NA,NA,NA,NA,NA,036,001,2024-10-22_16h33.56.977,PsychoPy Exp,2023.1.2,59.980554304606756
Belief,TRUE,TB-K-B,TT_B,PsychoPyStudy2Stim/TT_B_4.png,Adam THINKS there are TWO cubes,2,b,h,2,0,2,2,0,2,0,0,0,B,-,0,30,30,137,NA,NA,NA,NA,NA,0.00169059999825549,295.98953370000163,296.35998250000193,296.4598700000024,298.460163300002,298.8600528999996,298.96223490000193,298.96223490000193,b,1,12.010042999998404,310.99308210000163,310.99308210000163,310.99308210000163,310.99308210000163,NA,NA,NA,NA,NA,NA,036,001,2024-10-22_16h33.56.977,PsychoPy Exp,2023.1.2,59.980554304606756
Belief,FALSE,FB-Ig,T_B_T,PsychoPyStudy2Stim/T_B_T_4.png,Adam THINKS there are TWO cubes,2,h,b,2,0,2,1,0,1,1,0,1,B,PropTrueNoBelief,0,31,31,203,NA,NA,NA,NA,NA,3.9110000216169e-4,311.063109499999,311.4432130999994,311.5433529000002,313.5431772000011,313.9430456000009,314.04613880000034,314.04613880000034,h,1,2.7661742999989656,316.8432189000014,316.8432189000014,316.8432189000014,316.8432189000014,NA,NA,NA,NA,NA,NA,036,001,2024-10-22_16h33.56.977,PsychoPy Exp,2023.1.2,59.980554304606756
Knowledge,FALSE,TB-K,T_NB,PsychoPyStudy2Stim/T_NB_2.png,Adam KNOWS there are TWO cubes,2,h,b,1,0,1,1,0,1,0,0,0,NB,PropFalse,0,32,32,274,NA,NA,NA,NA,NA,9.3460000061895e-4,316.9411882000022,317.3263896999997,317.42671960000007,319.42664380000133,319.82663460000185,319.9288001999994,319.9288001999994,h,1,1.6838045000004058,321.64324620000116,321.64324620000116,321.64324620000116,321.64324620000116,NA,NA,NA,NA,NA,NA,036,001,2024-10-22_16h33.56.977,PsychoPy Exp,2023.1.2,59.980554304606756
Knowledge,FALSE,TB-Ig,D_B_D,PsychoPyStudy2Stim/D_B_D_2.png,Adam KNOWS there are ZERO cubes,0,h,b,2,2,0,1,1,0,1,1,0,B,PropTrueNoKnowledge,0,33,33,293,NA,NA,NA,NA,NA,0.00167599999986123,321.7203859000001,322.0931664000018,322.193346,324.1933785000001,324.59336520000215,324.69555050000054,324.69555050000054,h,1,10.844978599998283,335.56000610000046,335.56000610000046,335.56000610000046,335.56000610000046,NA,NA,NA,NA,NA,NA,036,001,2024-10-22_16h33.56.977,PsychoPy Exp,2023.1.2,59.980554304606756
Belief,TRUE,FB-Ig,T_B_T,PsychoPyStudy2Stim/T_B_T_4.png,Adam THINKS there is ONE cube,1,b,h,2,0,2,1,0,1,1,0,1,B,-,0,34,34,149,NA,NA,NA,NA,NA,0.00177800000165007,335.635505000002,336.00986940000075,336.10997000000134,338.1100140000017,338.5099756999989,338.6121803999995,338.6121803999995,b,1,3.5603259000017715,342.19304190000184,342.19304190000184,342.19304190000184,342.19304190000184,NA,NA,NA,NA,NA,NA,036,001,2024-10-22_16h33.56.977,PsychoPy Exp,2023.1.2,59.980554304606756
Belief,TRUE,TB-K,DD_NB,PsychoPyStudy2Stim/DD_NB_1.png,Adam THINKS there are ZERO cubes,0,b,h,2,2,0,2,2,0,0,0,0,NB,-,0,35,35,114,NA,NA,NA,NA,NA,0.00169230000028619,342.26238600000215,342.64316139999937,342.74327090000224,344.7433068999999,345.1430930000024,345.245536800001,345.245536800001,b,1,3.5430027000002156,348.80984420000095,348.80984420000095,348.80984420000095,348.80984420000095,NA,NA,NA,NA,NA,NA,036,001,2024-10-22_16h33.56.977,PsychoPy Exp,2023.1.2,59.980554304606756
Knowledge,TRUE,TB-K-B,TT_B,PsychoPyStudy2Stim/TT_B_20.png,Adam KNOWS there are TWO cubes,2,b,h,2,0,2,2,0,2,0,0,0,B,-,0,36,36,253,NA,NA,NA,NA,NA,0.0016914000007091,348.9100170999991,349.2931381999988,349.3932590000004,351.3932397999997,351.79316610000024,351.8954283000021,351.8954283000021,b,1,6.349510200001532,358.27625030000127,358.27625030000127,358.27625030000127,358.27625030000127,NA,NA,NA,NA,NA,NA,036,001,2024-10-22_16h33.56.977,PsychoPy Exp,2023.1.2,59.980554304606756
Belief,TRUE,TB-K,D_NB,PsychoPyStudy2Stim/D_NB_2.png,Adam THINKS there are ZERO cubes,0,b,h,1,1,0,1,1,0,0,0,0,NB,-,0,37,37,109,NA,NA,NA,NA,NA,3.8479999784613e-4,358.3462557000021,358.7263708999999,358.8264440000021,360.82645369999955,361.22654669999974,361.32880569999907,361.32880569999907,b,1,5.435700199999701,366.7931212000003,366.7931212000003,366.7931212000003,366.7931212000003,NA,NA,NA,NA,NA,NA,036,001,2024-10-22_16h33.56.977,PsychoPy Exp,2023.1.2,59.980554304606756
Knowledge,TRUE,TB-K,TT_NB,PsychoPyStudy2Stim/TT_NB_6.png,Adam KNOWS there are TWO cubes,2,b,h,2,0,2,2,0,2,0,0,0,NB,-,0,38,38,233,NA,NA,NA,NA,NA,0.00169520000054035,366.8808417,367.2597772000008,367.3598692000014,369.3598015999996,369.7598419000024,369.8620693000012,369.8620693000012,b,1,3.174386599999707,373.05980120000095,373.05980120000095,373.05980120000095,373.05980120000095,NA,NA,NA,NA,NA,NA,036,001,2024-10-22_16h33.56.977,PsychoPy Exp,2023.1.2,59.980554304606756
Reality,FALSE,TB-K-B,TD_B,PsychoPyStudy2Stim/TD_B_7.png,"In REALITY, there are ZERO cubes",0,h,b,2,1,1,2,1,1,0,0,0,B,PropFalse,0,39,39,90,NA,NA,NA,NA,NA,0.00168289999783155,373.1353396000013,373.5097557000008,373.6098650999993,375.60998689999906,376.0097062999994,376.1120545000013,376.1120545000013,h,1,1.692441699997289,377.8264431999996,377.8264431999996,377.8264431999996,377.8264431999996,NA,NA,NA,NA,NA,NA,036,001,2024-10-22_16h33.56.977,PsychoPy Exp,2023.1.2,59.980554304606756
Knowledge,FALSE,TB-K,TT_NB,PsychoPyStudy2Stim/TT_NB_2.png,Adam KNOWS there are ZERO cubes,0,h,b,2,0,2,2,0,2,0,0,0,NB,PropFalse,0,40,40,283,NA,NA,NA,NA,NA,0.00169689999893307,377.92199729999993,378.2928519000015,378.3931604999998,380.3932492999993,380.79313919999913,380.89518529999987,380.89518529999987,h,1,2.597669999999198,383.50954999999885,383.50954999999885,383.50954999999885,383.50954999999885,NA,NA,NA,NA,NA,NA,036,001,2024-10-22_16h33.56.977,PsychoPy Exp,2023.1.2,59.980554304606756
Knowledge,TRUE,TB-K-B,TD_B,PsychoPyStudy2Stim/TD_B_3.png,Adam KNOWS there is ONE cube,1,b,h,2,1,1,2,1,1,0,0,0,B,-,0,41,41,260,NA,NA,NA,NA,NA,3.9730000207782e-4,383.58223609999914,383.95966300000146,384.0598022000013,386.0598108000013,386.4597343000023,386.5618763999992,386.5618763999992,b,1,1.9319551999979012,388.5097084000008,388.5097084000008,388.5097084000008,388.5097084000008,NA,NA,NA,NA,NA,NA,036,001,2024-10-22_16h33.56.977,PsychoPy Exp,2023.1.2,59.980554304606756
Knowledge,FALSE,FB-Ig,T_B_T,PsychoPyStudy2Stim/T_B_T_4.png,Adam KNOWS there are TWO cubes,2,h,b,2,0,2,1,0,1,1,0,1,B,PropTrueNoKnowledge,0,42,42,315,NA,NA,NA,NA,NA,0.00172249999741325,388.6066228000018,388.9763950000015,389.0762943000009,391.07628119999936,391.4764055000014,391.57854940000107,391.57854940000107,h,1,3.5536305000023276,395.15970310000193,395.15970310000193,395.15970310000193,395.15970310000193,NA,NA,NA,NA,NA,NA,036,001,2024-10-22_16h33.56.977,PsychoPy Exp,2023.1.2,59.980554304606756
Reality,FALSE,TB-K,TD_NB,PsychoPyStudy2Stim/TD_NB_3.png,"In REALITY, there are TWO cubes",2,h,b,2,1,1,2,1,1,0,0,0,NB,PropFalse,0,43,43,65,NA,NA,NA,NA,NA,0.00171950000003562,395.25111820000166,395.62628490000134,395.7264400999993,397.7262756000018,398.1263207000011,398.2285558000003,398.2285558000003,h,1,3.439483099999052,401.6928625000001,401.6928625000001,401.6928625000001,401.6928625000001,NA,NA,NA,NA,NA,NA,036,001,2024-10-22_16h33.56.977,PsychoPy Exp,2023.1.2,59.980554304606756
Knowledge,FALSE,FB-Ig,T_B_T,PsychoPyStudy2Stim/T_B_T_2.png,Adam KNOWS there is ONE cube,1,h,b,2,0,2,1,0,1,1,0,1,B,PropFalse,0,44,44,301,NA,NA,NA,NA,NA,5.8870000066235e-4,401.7888189000005,402.1596194000013,402.25972550000006,404.2595887999996,404.6597299999994,404.76193480000074,404.76193480000074,h,1,6.370603100000153,411.1596572999988,411.1596572999988,411.1596572999988,411.1596572999988,NA,NA,NA,NA,NA,NA,036,001,2024-10-22_16h33.56.977,PsychoPy Exp,2023.1.2,59.980554304606756
Reality,FALSE,TB-K,D_NB,PsychoPyStudy2Stim/D_NB_1.png,"In REALITY, there is ONE cube",1,h,b,1,1,0,1,1,0,0,0,0,NB,PropFalse,0,45,45,54,NA,NA,NA,NA,NA,0.00171279999995022,411.24996060000194,411.6261149999991,411.7263841000022,413.7263726000019,414.1264005000012,414.22851450000235,414.22851450000235,h,1,2.7595714000017324,417.00955819999945,417.00955819999945,417.00955819999945,417.00955819999945,NA,NA,NA,NA,NA,NA,036,001,2024-10-22_16h33.56.977,PsychoPy Exp,2023.1.2,59.980554304606756
Reality,TRUE,TB-K-B,TD_B,PsychoPyStudy2Stim/TD_B_7.png,"In REALITY, there is ONE cube",1,b,h,2,1,1,2,1,1,0,0,0,B,-,0,46,46,36,NA,NA,NA,NA,NA,0.00148340000305324,417.0804759999992,417.45958840000094,417.5597075000005,419.5595288000004,419.9596798000021,420.0618211000001,420.0618211000001,b,1,1.831196799997997,421.9096275000011,421.9096275000011,421.9096275000011,421.9096275000011,NA,NA,NA,NA,NA,NA,036,001,2024-10-22_16h33.56.977,PsychoPy Exp,2023.1.2,59.980554304606756
Belief,TRUE,TB-Ig,D_B,PsychoPyStudy2Stim/D_B_3.png,Adam THINKS there are ZERO cubes,0,b,h,1,1,0,1,1,0,0,0,0,B,-,0,47,47,128,NA,NA,NA,NA,NA,0.00170140000045648,422.00128960000075,422.37621950000175,422.4763880999999,424.47621789999903,424.87632700000177,424.97883680000086,424.97883680000086,b,1,6.8254328000002715,431.826261000002,431.826261000002,431.826261000002,431.826261000002,NA,NA,NA,NA,NA,NA,036,001,2024-10-22_16h33.56.977,PsychoPy Exp,2023.1.2,59.980554304606756
Reality,FALSE,TB-K,TT_NB,PsychoPyStudy2Stim/TT_NB_5.png,"In REALITY, there is ONE cube",1,h,b,2,0,2,2,0,2,0,0,0,NB,PropFalse,0,48,48,70,NA,NA,NA,NA,NA,0.00168979999943985,431.9229126999998,432.2928303000008,432.39299120000214,434.3929666000003,434.7926435000009,434.8952809000002,434.8952809000002,h,1,1.725016799999139,436.6428975000017,436.6428975000017,436.6428975000017,436.6428975000017,NA,NA,NA,NA,NA,NA,036,001,2024-10-22_16h33.56.977,PsychoPy Exp,2023.1.2,59.980554304606756
Belief,FALSE,TB-K-B,TT_B,PsychoPyStudy2Stim/TT_B_7.png,Adam THINKS there are ZERO cubes,0,h,b,2,0,2,2,0,2,0,0,0,B,PropFalse,0,49,49,194,NA,NA,NA,NA,NA,0.00168019999910029,436.72978200000216,437.1095191000022,437.2094547000015,439.20943629999965,439.6093705000021,439.7117409000021,439.7117409000021,h,1,3.388382299999648,443.1260284000018,443.1260284000018,443.1260284000018,443.1260284000018,NA,NA,NA,NA,NA,NA,036,001,2024-10-22_16h33.56.977,PsychoPy Exp,2023.1.2,59.980554304606756
Belief,TRUE,TB-K-B,TT_B,PsychoPyStudy2Stim/TT_B_8.png,Adam THINKS there are TWO cubes,2,b,h,2,0,2,2,0,2,0,0,0,B,-,0,50,50,141,NA,NA,NA,NA,NA,0.00398710000081337,443.2033732000018,443.576018300002,443.6762770000023,445.6763223000016,446.07629480000105,446.1782998999988,446.1782998999988,b,1,5.650339100000565,451.8595286000018,451.8595286000018,451.8595286000018,451.8595286000018,NA,NA,NA,NA,NA,NA,036,001,2024-10-22_16h33.56.977,PsychoPy Exp,2023.1.2,59.980554304606756
Knowledge,TRUE,TB-K-B,DD_B,PsychoPyStudy2Stim/DD_B_3.png,Adam KNOWS there are ZERO cubes,0,b,h,2,2,0,2,2,0,0,0,0,B,-,0,51,51,236,NA,NA,NA,NA,NA,0.00167720000172266,451.96395380000104,452.3428138999989,452.4429467000009,454.44275879999987,454.84276610000234,454.9451784000012,454.9451784000012,b,1,2.7628179999992426,457.7259801,457.7259801,457.7259801,457.7259801,NA,NA,NA,NA,NA,NA,036,001,2024-10-22_16h33.56.977,PsychoPy Exp,2023.1.2,59.980554304606756
Knowledge,TRUE,TB-K-B,TT_B,PsychoPyStudy2Stim/TT_B_14.png,Adam KNOWS there are TWO cubes,2,b,h,2,0,2,2,0,2,0,0,0,B,-,0,52,52,247,NA,NA,NA,NA,NA,3.8570000106119e-4,457.80564199999935,458.1761011999988,458.2763804999995,460.27612149999914,460.676215200001,460.7784778000023,460.7784778000023,b,1,4.4817651999983354,465.2760143000014,465.2760143000014,465.2760143000014,465.2760143000014,NA,NA,NA,NA,NA,NA,036,001,2024-10-22_16h33.56.977,PsychoPy Exp,2023.1.2,59.980554304606756
Belief,FALSE,TB-Ig,D_B_D,PsychoPyStudy2Stim/D_B_D_2.png,Adam THINKS there is ONE cube,1,h,b,2,2,0,1,1,0,1,1,0,B,PropFalse,0,53,53,185,NA,NA,NA,NA,NA,7.6059999992139e-4,465.3606713000008,465.7427882000011,465.84292809999897,467.8428682000013,468.242925999999,468.3456450000013,468.3456450000013,h,1,3.522454900001321,471.8927298000017,471.8927298000017,471.8927298000017,471.8927298000017,NA,NA,NA,NA,NA,NA,036,001,2024-10-22_16h33.56.977,PsychoPy Exp,2023.1.2,59.980554304606756
Knowledge,TRUE,TB-K-B,DD_B,PsychoPyStudy2Stim/DD_B_7.png,Adam KNOWS there are ZERO cubes,0,b,h,2,2,0,2,2,0,0,0,0,B,-,0,54,54,240,NA,NA,NA,NA,NA,0.00150010000288602,471.9816083000005,472.35941699999967,472.4595216000016,474.4595475000024,474.8594911,474.9618434000003,474.9618434000003,b,1,3.610290899996471,478.59275010000056,478.59275010000056,478.59275010000056,478.59275010000056,NA,NA,NA,NA,NA,NA,036,001,2024-10-22_16h33.56.977,PsychoPy Exp,2023.1.2,59.980554304606756
Belief,FALSE,TB-K-B,TT_B,PsychoPyStudy2Stim/TT_B_5.png,Adam THINKS there are ZERO cubes,0,h,b,2,0,2,2,0,2,0,0,0,B,PropFalse,0,55,55,192,NA,NA,NA,NA,NA,0.00168699999994714,478.686553800002,479.05937330000233,479.1596137000015,481.15928500000155,481.5594859000011,481.66178760000184,481.66178760000184,h,1,2.0702462999979616,483.7594428000011,483.7594428000011,483.7594428000011,483.7594428000011,NA,NA,NA,NA,NA,NA,036,001,2024-10-22_16h33.56.977,PsychoPy Exp,2023.1.2,59.980554304606756
Reality,TRUE,FB-Ig,T_B_T,PsychoPyStudy2Stim/T_B_T_2.png,"In REALITY, there are TWO cubes",2,b,h,2,0,2,1,0,1,1,0,1,B,-,0,56,56,39,NA,NA,NA,NA,NA,0.00137109999923268,483.8538580000022,484.22609250000096,484.3261418000002,486.3261973000008,486.7260747,486.8283797000004,486.8283797000004,b,1,1.5996183999995992,488.4593519000009,488.4593519000009,488.4593519000009,488.4593519000009,NA,NA,NA,NA,NA,NA,036,001,2024-10-22_16h33.56.977,PsychoPy Exp,2023.1.2,59.980554304606756
Belief,TRUE,TB-K,T_NB,PsychoPyStudy2Stim/T_NB_1.png,Adam THINKS there is ONE cube,1,b,h,1,0,1,1,0,1,0,0,0,NB,-,0,57,57,111,NA,NA,NA,NA,NA,0.00113789999886648,488.5559500999989,488.92603040000176,489.0261568000023,491.02603570000065,491.4260979999999,491.5282459000009,491.5282459000009,b,1,2.371870899998612,493.92611269999907,493.92611269999907,493.92611269999907,493.92611269999907,NA,NA,NA,NA,NA,NA,036,001,2024-10-22_16h33.56.977,PsychoPy Exp,2023.1.2,59.980554304606756
Knowledge,TRUE,TB-K-B,TT_B,PsychoPyStudy2Stim/TT_B_17.png,Adam KNOWS there are TWO cubes,2,b,h,2,0,2,2,0,2,0,0,0,B,-,0,58,58,250,NA,NA,NA,NA,NA,0.00166779999926802,494.0314423000018,494.4093108000015,494.509485999999,496.5094519000013,496.9093829000012,497.0116350999997,497.0116350999997,b,1,1.944441100000404,498.9760572000014,498.9760572000014,498.9760572000014,498.9760572000014,NA,NA,NA,NA,NA,NA,036,001,2024-10-22_16h33.56.977,PsychoPy Exp,2023.1.2,59.980554304606756
Reality,TRUE,TB-Ig,D_B,PsychoPyStudy2Stim/D_B_2.png,"In REALITY, there are ZERO cubes",0,b,h,1,1,0,1,1,0,0,0,0,B,-,0,59,59,19,NA,NA,NA,NA,NA,0.00167789999977685,499.07009019999896,499.4426416000024,499.5427645000018,501.54265020000094,501.9427074000014,502.04498310000054,502.04498310000054,b,1,2.2151553000003332,504.2760120999992,504.2760120999992,504.2760120999992,504.2760120999992,NA,NA,NA,NA,NA,NA,036,001,2024-10-22_16h33.56.977,PsychoPy Exp,2023.1.2,59.980554304606756
Belief,TRUE,TB-K,D_NB,PsychoPyStudy2Stim/D_NB_1.png,Adam THINKS there are ZERO cubes,0,b,h,1,1,0,1,1,0,0,0,0,NB,-,0,60,60,108,NA,NA,NA,NA,NA,0.00120069999684346,504.36042929999894,504.74267370000234,504.8427703000016,506.8425782000013,507.2426790999998,507.34491270000217,507.34491270000217,b,1,3.3873353999988467,510.7593201999989,510.7593201999989,510.7593201999989,510.7593201999989,NA,NA,NA,NA,NA,NA,036,001,2024-10-22_16h33.56.977,PsychoPy Exp,2023.1.2,59.980554304606756
Belief,TRUE,TB-K-B,TT_B,PsychoPyStudy2Stim/TT_B_11.png,Adam THINKS there are TWO cubes,2,b,h,2,0,2,2,0,2,0,0,0,B,-,0,61,61,144,NA,NA,NA,NA,NA,0.00169090000053984,510.8551449000006,511.226011499999,511.3259374000008,513.3261108000006,513.7260793000023,513.8283582000004,513.8283582000004,b,1,6.591622600000846,520.4426716000016,520.4426716000016,520.4426716000016,520.4426716000016,NA,NA,NA,NA,NA,NA,036,001,2024-10-22_16h33.56.977,PsychoPy Exp,2023.1.2,59.980554304606756
Belief,FALSE,TB-K-B,TT_B,PsychoPyStudy2Stim/TT_B_6.png,Adam THINKS there are ZERO cubes,0,h,b,2,0,2,2,0,2,0,0,0,B,PropFalse,0,62,62,193,NA,NA,NA,NA,NA,0.00166700000045239,520.529203099999,520.9092440000022,521.0093632999997,523.0093962999999,523.4094167000003,523.5116382000015,523.5116382000015,h,1,2.4285342000002856,525.9591185999998,525.9591185999998,525.9591185999998,525.9591185999998,NA,NA,NA,NA,NA,NA,036,001,2024-10-22_16h33.56.977,PsychoPy Exp,2023.1.2,59.980554304606756
Knowledge,TRUE,TB-K-B,TT_B,PsychoPyStudy2Stim/TT_B_24.png,Adam KNOWS there are TWO cubes,2,b,h,2,0,2,2,0,2,0,0,0,B,-,0,63,63,257,NA,NA,NA,NA,NA,0.0016827999970700999,526.0383751000008,526.4092732999998,526.5094136000007,528.5094437000007,528.9092439000015,529.0116720000005,529.0116720000005,b,1,2.816700799998216,531.8592940000017,531.8592940000017,531.8592940000017,531.8592940000017,NA,NA,NA,NA,NA,NA,036,001,2024-10-22_16h33.56.977,PsychoPy Exp,2023.1.2,59.980554304606756
Belief,FALSE,FB-Ig,D_B_T,PsychoPyStudy2Stim/D_B_T_3.png,Adam THINKS there is ONE cube,1,h,b,2,1,1,1,1,0,1,0,1,B,PropTrueNoBelief,0,64,64,214,NA,NA,NA,NA,NA,0.00170269999944139,531.9662105999996,532.3425943000002,532.4425659000008,534.4424390000022,534.8426556000013,534.9446919000002,534.9446919000002,h,1,2.019033799999306,536.9925581999996,536.9925581999996,536.9925581999996,536.9925581999996,NA,NA,NA,NA,NA,NA,036,001,2024-10-22_16h33.56.977,PsychoPy Exp,2023.1.2,59.980554304606756
Belief,FALSE,TB-Ig,D_B,PsychoPyStudy2Stim/D_B_2.png,Adam THINKS there is ONE cube,1,h,b,1,1,0,1,1,0,0,0,0,B,PropFalse,0,65,65,181,NA,NA,NA,NA,NA,0.001151899999968,537.0800595000001,537.4592443000001,537.5593353000004,539.559342200002,539.9593896000006,540.0614616999992,540.0614616999992,h,1,3.847275799998897,543.9258470999994,543.9258470999994,543.9258470999994,543.9258470999994,NA,NA,NA,NA,NA,NA,036,001,2024-10-22_16h33.56.977,PsychoPy Exp,2023.1.2,59.980554304606756
Knowledge,TRUE,TB-K-B,TT_B,PsychoPyStudy2Stim/TT_B_22.png,Adam KNOWS there are TWO cubes,2,b,h,2,0,2,2,0,2,0,0,0,B,-,0,66,66,255,NA,NA,NA,NA,NA,0.0015203000002657,544.0341576999999,544.4091942000014,544.5094102000003,546.5094372000021,546.9092275000003,547.0113758000007,547.0113758000007,b,1,2.7283282000025793,549.759163900002,549.759163900002,549.759163900002,549.759163900002,NA,NA,NA,NA,NA,NA,036,001,2024-10-22_16h33.56.977,PsychoPy Exp,2023.1.2,59.980554304606756
Knowledge,FALSE,TB-K-B,TD_B,PsychoPyStudy2Stim/TD_B_11.png,Adam KNOWS there are ZERO cubes,0,h,b,2,1,1,2,1,1,0,0,0,B,PropFalse,0,67,67,299,NA,NA,NA,NA,NA,0.00114650000250549,549.8491954000019,550.2257170000012,550.3258707999994,552.3257101999989,552.7256491000007,552.8286172000007,552.8286172000007,h,1,3.086918599998171,555.942426900001,555.942426900001,555.942426900001,555.942426900001,NA,NA,NA,NA,NA,NA,036,001,2024-10-22_16h33.56.977,PsychoPy Exp,2023.1.2,59.980554304606756
Knowledge,TRUE,TB-K-B,TD_B,PsychoPyStudy2Stim/TD_B_6.png,Adam KNOWS there is ONE cube,1,b,h,2,1,1,2,1,1,0,0,0,B,-,0,68,68,263,NA,NA,NA,NA,NA,4.5799999861628e-4,556.0320917999998,556.4088785999993,556.5089886000023,558.5090617000023,558.9089888999988,559.0115174999992,559.0115174999992,b,1,5.272041500000341,564.3088852000001,564.3088852000001,564.3088852000001,564.3088852000001,NA,NA,NA,NA,NA,NA,036,001,2024-10-22_16h33.56.977,PsychoPy Exp,2023.1.2,59.980554304606756
Knowledge,TRUE,TB-K-B,TD_B,PsychoPyStudy2Stim/TD_B_5.png,Adam KNOWS there is ONE cube,1,b,h,2,1,1,2,1,1,0,0,0,B,-,0,69,69,262,NA,NA,NA,NA,NA,3.9800000013201e-4,564.3880788000024,564.7588904000004,564.8589829000011,566.8589878000021,567.2590658000008,567.3615368999999,567.3615368999999,b,1,3.40196350000042,570.792223299999,570.792223299999,570.792223299999,570.792223299999,NA,NA,NA,NA,NA,NA,036,001,2024-10-22_16h33.56.977,PsychoPy Exp,2023.1.2,59.980554304606756
Knowledge,TRUE,TB-K-B,TT_B,PsychoPyStudy2Stim/TT_B_15.png,Adam KNOWS there are TWO cubes,2,b,h,2,0,2,2,0,2,0,0,0,B,-,0,70,70,248,NA,NA,NA,NA,NA,3.9280000055441e-4,570.8745950000011,571.2588744999994,571.3592193000004,573.3589432000008,573.7589780999988,573.8614101000021,573.8614101000021,b,1,2.0860313000011956,575.9755753999998,575.9755753999998,575.9755753999998,575.9755753999998,NA,NA,NA,NA,NA,NA,036,001,2024-10-22_16h33.56.977,PsychoPy Exp,2023.1.2,59.980554304606756
Belief,FALSE,TB-K-B,TT_B,PsychoPyStudy2Stim/TT_B_4.png,Adam THINKS there are ZERO cubes,0,h,b,2,0,2,2,0,2,0,0,0,B,PropFalse,0,71,71,191,NA,NA,NA,NA,NA,5.2909999794792e-4,576.0583518000021,576.4424178000008,576.5425457999991,578.5425753000018,578.9425554000009,579.0447544999988,579.0447544999988,h,1,2.3510767000007036,581.425815300001,581.425815300001,581.425815300001,581.425815300001,NA,NA,NA,NA,NA,NA,036,001,2024-10-22_16h33.56.977,PsychoPy Exp,2023.1.2,59.980554304606756
Knowledge,FALSE,FB-Ig,T_B_T,PsychoPyStudy2Stim/T_B_T_1.png,Adam KNOWS there are TWO cubes,2,h,b,2,0,2,1,0,1,1,0,1,B,PropTrueNoKnowledge,0,72,72,306,NA,NA,NA,NA,NA,0.00167510000028414,581.5207857999994,581.8924441000017,581.9925640000001,583.9923670999997,584.3923842000004,584.4946739000006,584.4946739000006,h,1,3.10100269999748,587.6257025000014,587.6257025000014,587.6257025000014,587.6257025000014,NA,NA,NA,NA,NA,NA,036,001,2024-10-22_16h33.56.977,PsychoPy Exp,2023.1.2,59.980554304606756
Reality,TRUE,FB-Ig,T_B_T,PsychoPyStudy2Stim/T_B_T_4.png,"In REALITY, there are TWO cubes",2,b,h,2,0,2,1,0,1,1,0,1,B,-,0,73,73,47,NA,NA,NA,NA,NA,6.7510000008041e-4,587.7258652000019,588.1087721000004,588.208884300002,590.2090067999998,590.6091611000011,590.7113157999993,590.7113157999993,b,1,1.4521475000001374,592.1922917000011,592.1922917000011,592.1922917000011,592.1922917000011,NA,NA,NA,NA,NA,NA,036,001,2024-10-22_16h33.56.977,PsychoPy Exp,2023.1.2,59.980554304606756
Reality,TRUE,FB-Ig,D_B_T,PsychoPyStudy2Stim/D_B_T_1.png,"In REALITY, there is ONE cube",1,b,h,2,1,1,1,1,0,1,0,1,B,-,0,74,74,50,NA,NA,NA,NA,NA,6.7679999847314e-4,592.2819882000003,592.6589569999996,592.7591647000008,594.7591658000019,595.1590926999997,595.2615459000008,595.2615459000008,b,1,1.7342750999996497,597.0255539999998,597.0255539999998,597.0255539999998,597.0255539999998,NA,NA,NA,NA,NA,NA,036,001,2024-10-22_16h33.56.977,PsychoPy Exp,2023.1.2,59.980554304606756
Reality,FALSE,FB-Ig,D_B_T,PsychoPyStudy2Stim/D_B_T_3.png,"In REALITY, there are ZERO cubes",0,h,b,2,1,1,1,1,0,1,0,1,B,PropFalse,0,75,75,106,NA,NA,NA,NA,NA,4.1970000165747e-4,597.1032201000016,597.4756369999996,597.575793,599.5757574999989,599.9758212000015,600.0781083000002,600.0781083000002,h,1,1.0698206999986724,601.1757178000007,601.1757178000007,601.1757178000007,601.1757178000007,NA,NA,NA,NA,NA,NA,036,001,2024-10-22_16h33.56.977,PsychoPy Exp,2023.1.2,59.980554304606756
Reality,TRUE,TB-K-B,TD_B,PsychoPyStudy2Stim/TD_B_9.png,"In REALITY, there is ONE cube",1,b,h,2,1,1,2,1,1,0,0,0,B,-,0,76,76,37,NA,NA,NA,NA,NA,0.00184119999903487,601.2854468000005,601.6589829000004,601.7589380999998,603.7590982000002,604.159120700002,604.2612300000001,604.2612300000001,b,1,1.638302899998962,605.9256022000009,605.9256022000009,605.9256022000009,605.9256022000009,NA,NA,NA,NA,NA,NA,036,001,2024-10-22_16h33.56.977,PsychoPy Exp,2023.1.2,59.980554304606756
Reality,FALSE,FB-Ig,T_B_T,PsychoPyStudy2Stim/T_B_T_3.png,"In REALITY, there is ONE cube",1,h,b,2,0,2,1,0,1,1,0,1,B,PropFalse,0,77,77,100,NA,NA,NA,NA,NA,0.00151129999721888,606.0032978000017,606.3756135000003,606.4757647000006,608.4756187999992,608.8757385999997,608.9780525000024,608.9780525000024,h,1,3.1615282999991905,612.158950699999,612.158950699999,612.158950699999,612.158950699999,NA,NA,NA,NA,NA,NA,036,001,2024-10-22_16h33.56.977,PsychoPy Exp,2023.1.2,59.980554304606756
Belief,TRUE,TB-Ig,D_B_D,PsychoPyStudy2Stim/D_B_D_2.png,Adam THINKS there are ZERO cubes,0,b,h,2,2,0,1,1,0,1,1,0,B,-,0,78,78,131,NA,NA,NA,NA,NA,0.00114310000208206,612.2600276000012,612.6423310999999,612.742343599999,614.7424506999996,615.1424126999991,615.2446600000003,615.2446600000003,b,1,4.783487000000605,620.0588413000005,620.0588413000005,620.0588413000005,620.0588413000005,NA,NA,NA,NA,NA,NA,036,001,2024-10-22_16h33.56.977,PsychoPy Exp,2023.1.2,59.980554304606756
Knowledge,TRUE,TB-K-B,DD_B,PsychoPyStudy2Stim/DD_B_6.png,Adam KNOWS there are ZERO cubes,0,b,h,2,2,0,2,2,0,0,0,0,B,-,0,79,79,239,NA,NA,NA,NA,NA,3.8750000021536e-4,620.1444026999998,620.5255698000001,620.6256396999997,622.6256852000006,623.0257855999989,623.1278029999994,623.1278029999994,b,1,2.364527999998245,625.5088225,625.5088225,625.5088225,625.5088225,NA,NA,NA,NA,NA,NA,036,001,2024-10-22_16h33.56.977,PsychoPy Exp,2023.1.2,59.980554304606756
Reality,FALSE,TB-K,TD_NB,PsychoPyStudy2Stim/TD_NB_1.png,"In REALITY, there are ZERO cubes",0,h,b,2,1,1,2,1,1,0,0,0,NB,PropFalse,0,80,80,63,NA,NA,NA,NA,NA,3.9040000046952e-4,625.5910342999996,625.9756350999996,626.0757316999989,628.0757736000014,628.4757344999998,628.577859699999,628.577859699999,h,1,2.3058106999997108,630.9138998999988,NA,630.9138998999988,NA,space,7.809499200000573,NA,NA,NA,NA,036,001,2024-10-22_16h33.56.977,PsychoPy Exp,2023.1.2,59.980554304606756
Reality,TRUE,FB-Ig,D_B_T,PsychoPyStudy2Stim/D_B_T_2.png,"In REALITY, there is ONE cube",1,b,h,2,1,1,1,1,0,1,0,1,B,-,0,81,81,51,NA,NA,NA,NA,NA,3.761999978451e-4,638.8222661,639.192180500002,639.2923212999995,641.2923740000006,641.6923162000021,641.7945198000016,641.7945198000016,b,1,2.12881600000037,643.9419602000016,643.9419602000016,643.9419602000016,643.9419602000016,NA,NA,NA,NA,NA,NA,036,001,2024-10-22_16h33.56.977,PsychoPy Exp,2023.1.2,59.980554304606756
Reality,FALSE,TB-K-B,TD_B,PsychoPyStudy2Stim/TD_B_1.png,"In REALITY, there are ZERO cubes",0,h,b,2,1,1,2,1,1,0,0,0,B,PropFalse,0,82,82,84,NA,NA,NA,NA,NA,4.8540000352659e-4,644.0220339000007,644.392200000002,644.4923894999993,646.4923259999996,646.8922510000011,646.9944594000008,646.9944594000008,h,1,1.8090216999989936,648.825536100001,648.825536100001,648.825536100001,648.825536100001,NA,NA,NA,NA,NA,NA,036,001,2024-10-22_16h33.56.977,PsychoPy Exp,2023.1.2,59.980554304606756
Reality,FALSE,TB-K-B,DD_B,PsychoPyStudy2Stim/DD_B_15.png,"In REALITY, there are TWO cubes",2,h,b,2,2,0,2,2,0,0,0,0,B,PropFalse,0,83,83,82,NA,NA,NA,NA,NA,0.00161250000019208,648.9167342000001,649.2920568000009,649.3922848000002,651.392167500002,651.792265,651.8945156000009,651.8945156000009,h,1,1.7654628999989654,653.6755698000015,653.6755698000015,653.6755698000015,653.6755698000015,NA,NA,NA,NA,NA,NA,036,001,2024-10-22_16h33.56.977,PsychoPy Exp,2023.1.2,59.980554304606756
Knowledge,FALSE,FB-Ig,D_B_T,PsychoPyStudy2Stim/D_B_T_2.png,Adam KNOWS there is ONE cube,1,h,b,2,1,1,1,1,0,1,0,1,B,PropTrueNoKnowledge,0,84,84,319,NA,NA,NA,NA,NA,0.00169919999825651,653.7646690000001,654.142146000002,654.2422673000001,656.2423286000012,656.6422973000008,656.7446746999995,656.7446746999995,h,1,1.3865545000007842,658.1586864000019,658.1586864000019,658.1586864000019,658.1586864000019,NA,NA,NA,NA,NA,NA,036,001,2024-10-22_16h33.56.977,PsychoPy Exp,2023.1.2,59.980554304606756
Belief,TRUE,FB-Ig,T_B_T,PsychoPyStudy2Stim/T_B_T_4.png,Adam THINKS there is ONE cube,1,b,h,2,0,2,1,0,1,1,0,1,B,-,0,85,85,155,NA,NA,NA,NA,NA,3.76399999368e-4,658.2285336000023,658.6088143000015,658.7089602000015,660.7088012000022,661.1089874999998,661.2112893000012,661.2112893000012,b,1,5.840348800000356,667.0753594000016,667.0753594000016,667.0753594000016,667.0753594000016,NA,NA,NA,NA,NA,NA,036,001,2024-10-22_16h33.56.977,PsychoPy Exp,2023.1.2,59.980554304606756
Belief,FALSE,TB-K,DD_NB,PsychoPyStudy2Stim/DD_NB_1.png,Adam THINKS there is ONE cube,1,h,b,2,2,0,2,2,0,0,0,0,NB,PropFalse,0,86,86,168,NA,NA,NA,NA,NA,0.00169029999960912,667.1464833999999,667.5254831999991,667.6256023999995,669.6254616000006,670.0255362999997,670.1277485999999,670.1277485999999,h,1,1.4917922999993607,671.6421489000022,671.6421489000022,671.6421489000022,671.6421489000022,NA,NA,NA,NA,NA,NA,036,001,2024-10-22_16h33.56.977,PsychoPy Exp,2023.1.2,59.980554304606756
Knowledge,FALSE,TB-K,TT_NB,PsychoPyStudy2Stim/TT_NB_3.png,Adam KNOWS there are ZERO cubes,0,h,b,2,0,2,2,0,2,0,0,0,NB,PropFalse,0,87,87,284,NA,NA,NA,NA,NA,0.00169349999850965,671.7250249999997,672.1087650000009,672.2089149000021,674.2087781000009,674.6089398000004,674.7110791000014,674.7110791000014,h,1,1.5564717999986897,676.2921692999989,676.2921692999989,676.2921692999989,676.2921692999989,NA,NA,NA,NA,NA,NA,036,001,2024-10-22_16h33.56.977,PsychoPy Exp,2023.1.2,59.980554304606756
Reality,TRUE,TB-K-B,TD_B,PsychoPyStudy2Stim/TD_B_2.png,"In REALITY, there is ONE cube",1,b,h,2,1,1,2,1,1,0,0,0,B,-,0,88,88,31,NA,NA,NA,NA,NA,0.0016715000019758,676.4037353999993,676.7751973000013,676.8752760999996,678.8755397000023,679.275364000001,679.3777263000011,679.3777263000011,b,1,2.850239999999758,682.2586130000018,682.2586130000018,682.2586130000018,682.2586130000018,NA,NA,NA,NA,NA,NA,036,001,2024-10-22_16h33.56.977,PsychoPy Exp,2023.1.2,59.980554304606756
Reality,TRUE,TB-K,DD_NB,PsychoPyStudy2Stim/DD_NB_1.png,"In REALITY, there are ZERO cubes",0,b,h,2,2,0,2,2,0,0,0,0,NB,-,0,89,89,6,NA,NA,NA,NA,NA,4.4039999920642e-4,682.3392951000023,682.7086976999999,682.8087567000002,684.8087320000013,685.2087907000023,685.3110684999992,685.3110684999992,b,1,0.8364995000010822,686.1754767999992,686.1754767999992,686.1754767999992,686.1754767999992,NA,NA,NA,NA,NA,NA,036,001,2024-10-22_16h33.56.977,PsychoPy Exp,2023.1.2,59.980554304606756
Belief,FALSE,TB-K,TT_NB,PsychoPyStudy2Stim/TT_NB_3.png,Adam THINKS there are ZERO cubes,0,h,b,2,0,2,2,0,2,0,0,0,NB,PropFalse,0,90,90,176,NA,NA,NA,NA,NA,0.00168900000062421,686.2615536000012,686.6420677000024,686.742236099999,688.742027799999,689.1421291000006,689.2443997000009,689.2443997000009,h,1,3.9591855999969994,693.2254042000022,693.2254042000022,693.2254042000022,693.2254042000022,NA,NA,NA,NA,NA,NA,036,001,2024-10-22_16h33.56.977,PsychoPy Exp,2023.1.2,59.980554304606756
Knowledge,FALSE,FB-Ig,T_B_T,PsychoPyStudy2Stim/T_B_T_5.png,Adam KNOWS there are TWO cubes,2,h,b,2,0,2,1,0,1,1,0,1,B,PropTrueNoKnowledge,0,91,91,316,NA,NA,NA,NA,NA,0.0016728000009607,693.3243591999999,693.7087054000003,693.8088398,695.8088381000016,696.2088379000015,696.3110011999997,696.3110011999997,h,1,2.028488500000094,698.358784,698.358784,698.358784,698.358784,NA,NA,NA,NA,NA,NA,036,001,2024-10-22_16h33.56.977,PsychoPy Exp,2023.1.2,59.980554304606756
Reality,TRUE,TB-K-B,TD_B,PsychoPyStudy2Stim/TD_B_4.png,"In REALITY, there is ONE cube",1,b,h,2,1,1,2,1,1,0,0,0,B,-,0,92,92,33,NA,NA,NA,NA,NA,0.00167209999926853,698.452625599999,698.8252723000005,698.9254676000019,700.9255353000008,701.3254210000014,701.4276857000004,701.4276857000004,b,1,1.6395273999987694,703.0920917000003,703.0920917000003,703.0920917000003,703.0920917000003,NA,NA,NA,NA,NA,NA,036,001,2024-10-22_16h33.56.977,PsychoPy Exp,2023.1.2,59.980554304606756
Reality,FALSE,TB-K,DD_NB,PsychoPyStudy2Stim/DD_NB_2.png,"In REALITY, there are TWO cubes",2,h,b,2,2,0,2,2,0,0,0,0,NB,PropFalse,0,93,93,61,NA,NA,NA,NA,NA,7.6750000152969e-4,703.1684650999996,703.5420770000019,703.642119600001,705.6421546999991,706.042021600002,706.1442777000011,706.1442777000011,h,1,0.9318736000022908,707.0920664000005,707.0920664000005,707.0920664000005,707.0920664000005,NA,NA,NA,NA,NA,NA,036,001,2024-10-22_16h33.56.977,PsychoPy Exp,2023.1.2,59.980554304606756
Belief,FALSE,TB-K,TT_NB,PsychoPyStudy2Stim/TT_NB_5.png,Adam THINKS there is ONE cube,1,h,b,2,0,2,2,0,2,0,0,0,NB,PropFalse,0,94,94,178,NA,NA,NA,NA,NA,0.00168169999960809,707.1698964999996,707.5419690999988,707.6421418999998,709.6421402000014,710.0419812,710.1442762000006,710.1442762000006,h,1,1.955145600000833,712.1253980000001,712.1253980000001,712.1253980000001,712.1253980000001,NA,NA,NA,NA,NA,NA,036,001,2024-10-22_16h33.56.977,PsychoPy Exp,2023.1.2,59.980554304606756
Knowledge,TRUE,TB-K,TT_NB,PsychoPyStudy2Stim/TT_NB_5.png,Adam KNOWS there are TWO cubes,2,b,h,2,0,2,2,0,2,0,0,0,NB,-,0,95,95,232,NA,NA,NA,NA,NA,0.00175189999936264,712.219050300002,712.5919952000004,712.6921513000016,714.6919830000006,715.0921024000017,715.1943782000017,715.1943782000017,b,1,1.2334893999977794,716.4585050000023,716.4585050000023,716.4585050000023,716.4585050000023,NA,NA,NA,NA,NA,NA,036,001,2024-10-22_16h33.56.977,PsychoPy Exp,2023.1.2,59.980554304606756
Knowledge,FALSE,FB-Ig,T_B_T,PsychoPyStudy2Stim/T_B_T_4.png,Adam KNOWS there are TWO cubes,2,h,b,2,0,2,1,0,1,1,0,1,B,PropTrueNoKnowledge,0,96,96,309,NA,NA,NA,NA,NA,3.9679999827058e-4,716.5294629000018,716.9086848000006,717.0087963000005,719.008684299999,719.4087509000019,719.5108775000008,719.5108775000008,h,1,3.860576299997774,723.3920165999989,723.3920165999989,723.3920165999989,723.3920165999989,NA,NA,NA,NA,NA,NA,036,001,2024-10-22_16h33.56.977,PsychoPy Exp,2023.1.2,59.980554304606756
Reality,TRUE,FB-Ig,T_B_T,PsychoPyStudy2Stim/T_B_T_4.png,"In REALITY, there are TWO cubes",2,b,h,2,0,2,1,0,1,1,0,1,B,-,0,97,97,41,NA,NA,NA,NA,NA,0.00168940000003203,723.4838807000015,723.8586266999991,723.9585994000008,725.9587519000015,726.3586274000008,726.4608786999997,726.4608786999997,b,1,2.198928400001023,728.6751704999988,728.6751704999988,728.6751704999988,728.6751704999988,NA,NA,NA,NA,NA,NA,036,001,2024-10-22_16h33.56.977,PsychoPy Exp,2023.1.2,59.980554304606756
Knowledge,FALSE,FB-Ig,T_B_T,PsychoPyStudy2Stim/T_B_T_5.png,Adam KNOWS there are TWO cubes,2,h,b,2,0,2,1,0,1,1,0,1,B,PropTrueNoKnowledge,0,98,98,310,NA,NA,NA,NA,NA,4.7669999912614e-4,728.7568123000019,729.1419738000004,729.2419762999998,731.2418309000022,731.642029300001,731.7443257000014,731.7443257000014,h,1,3.57062340000266,735.3417623999994,735.3417623999994,735.3417623999994,735.3417623999994,NA,NA,NA,NA,NA,NA,036,001,2024-10-22_16h33.56.977,PsychoPy Exp,2023.1.2,59.980554304606756
Knowledge,FALSE,FB-Ig,T_B_T,PsychoPyStudy2Stim/T_B_T_5.png,Adam KNOWS there is ONE cube,1,h,b,2,0,2,1,0,1,1,0,1,B,PropFalse,0,99,99,304,NA,NA,NA,NA,NA,4.2229999962728e-4,735.4192277000002,735.7919112000018,735.8919274,737.8918665000019,738.2918750999997,738.3939935000017,738.3939935000017,h,1,8.977098000003025,747.3918353000008,747.3918353000008,747.3918353000008,747.3918353000008,NA,NA,NA,NA,NA,NA,036,001,2024-10-22_16h33.56.977,PsychoPy Exp,2023.1.2,59.980554304606756
Reality,TRUE,FB-Ig,T_B_T,PsychoPyStudy2Stim/T_B_T_2.png,"In REALITY, there are TWO cubes",2,b,h,2,0,2,1,0,1,1,0,1,B,-,0,100,100,45,NA,NA,NA,NA,NA,8.9560000196797e-4,747.5052775000004,747.8752243999988,747.9750787000012,749.9751262999998,750.3752710000008,750.4776525000016,750.4776525000016,b,1,9.541551299997082,760.0416848000023,760.0416848000023,760.0416848000023,760.0416848000023,NA,NA,NA,NA,NA,NA,036,001,2024-10-22_16h33.56.977,PsychoPy Exp,2023.1.2,59.980554304606756
Knowledge,FALSE,TB-Ig,D_B_D,PsychoPyStudy2Stim/D_B_D_3.png,Adam KNOWS there are ZERO cubes,0,h,b,2,2,0,1,1,0,1,1,0,B,PropTrueNoKnowledge,0,101,101,294,NA,NA,NA,NA,NA,0.00147170000127516,760.1185279000019,760.4916352,760.5919653000019,762.5919892999991,762.9919345999988,763.0942126000009,763.0942126000009,h,1,6.925131399999373,770.041909399999,770.041909399999,770.041909399999,770.041909399999,NA,NA,NA,NA,NA,NA,036,001,2024-10-22_16h33.56.977,PsychoPy Exp,2023.1.2,59.980554304606756
Belief,FALSE,TB-K,TT_NB,PsychoPyStudy2Stim/TT_NB_2.png,Adam THINKS there are ZERO cubes,0,h,b,2,0,2,2,0,2,0,0,0,NB,PropFalse,0,102,102,175,NA,NA,NA,NA,NA,0.00168309999935445,770.1373485000004,770.508303999999,770.6086224999999,772.6086773999996,773.0086269999993,773.1107367000004,773.1107367000004,h,1,1.3808177999999316,774.5084330999998,774.5084330999998,774.5084330999998,774.5084330999998,NA,NA,NA,NA,NA,NA,036,001,2024-10-22_16h33.56.977,PsychoPy Exp,2023.1.2,59.980554304606756
Belief,TRUE,TB-K,TT_NB,PsychoPyStudy2Stim/TT_NB_4.png,Adam THINKS there are TWO cubes,2,b,h,2,0,2,2,0,2,0,0,0,NB,-,0,103,103,123,NA,NA,NA,NA,NA,6.054999976186e-4,774.591078100002,774.9751529999994,775.0753401000002,777.0751908999991,777.4751701999994,777.578113800002,777.578113800002,b,1,2.2652373000018997,779.8583561000014,779.8583561000014,779.8583561000014,779.8583561000014,NA,NA,NA,NA,NA,NA,036,001,2024-10-22_16h33.56.977,PsychoPy Exp,2023.1.2,59.980554304606756
Belief,FALSE,FB-Ig,D_B_T,PsychoPyStudy2Stim/D_B_T_4.png,Adam THINKS there is ONE cube,1,h,b,2,1,1,1,1,0,1,0,1,B,PropTrueNoBelief,0,104,104,215,NA,NA,NA,NA,NA,4.9740000031306e-4,779.9460947000007,780.3249648000019,780.4250812999999,782.4250242000016,782.8250852000019,782.9285267000014,782.9285267000014,h,1,2.2103661999972246,785.1581875000011,785.1581875000011,785.1581875000011,785.1581875000011,NA,NA,NA,NA,NA,NA,036,001,2024-10-22_16h33.56.977,PsychoPy Exp,2023.1.2,59.980554304606756
Belief,FALSE,TB-K-B,TT_B,PsychoPyStudy2Stim/TT_B_9.png,Adam THINKS there are ZERO cubes,0,h,b,2,0,2,2,0,2,0,0,0,B,PropFalse,0,105,105,196,NA,NA,NA,NA,NA,4.1129999954137e-4,785.238842900002,785.6081109000006,785.7082240999989,787.7083469999998,788.1082886000004,788.2107218000019,788.2107218000019,h,1,2.592120099998283,790.8249866000006,790.8249866000006,790.8249866000006,790.8249866000006,NA,NA,NA,NA,NA,NA,036,001,2024-10-22_16h33.56.977,PsychoPy Exp,2023.1.2,59.980554304606756
Belief,TRUE,TB-K,TT_NB,PsychoPyStudy2Stim/TT_NB_6.png,Adam THINKS there are TWO cubes,2,b,h,2,0,2,2,0,2,0,0,0,NB,-,0,106,106,125,NA,NA,NA,NA,NA,4.4580000030691e-4,790.9061901999994,791.2915133000024,791.3916033000023,793.3916329000022,793.7915933000004,793.8940953999991,793.8940953999991,b,1,1.636760499997763,795.5581628,795.5581628,795.5581628,795.5581628,NA,NA,NA,NA,NA,NA,036,001,2024-10-22_16h33.56.977,PsychoPy Exp,2023.1.2,59.980554304606756
Reality,FALSE,TB-K-B,DD_B,PsychoPyStudy2Stim/DD_B_13.png,"In REALITY, there are TWO cubes",2,h,b,2,2,0,2,2,0,0,0,0,B,PropFalse,0,107,107,80,NA,NA,NA,NA,NA,4.360999992059e-4,795.6387925000017,796.008228499999,796.1083261999993,798.1083634999995,798.5083283000022,798.6107923000018,798.6107923000018,h,1,1.344003000001976,799.9748102000012,799.9748102000012,799.9748102000012,799.9748102000012,NA,NA,NA,NA,NA,NA,036,001,2024-10-22_16h33.56.977,PsychoPy Exp,2023.1.2,59.980554304606756
Knowledge,FALSE,TB-Ig,D_B,PsychoPyStudy2Stim/D_B_3.png,Adam KNOWS there are ZERO cubes,0,h,b,1,1,0,1,1,0,0,0,0,B,PropTrueNoKnowledge,0,108,108,290,NA,NA,NA,NA,NA,4.8640000022714e-4,800.0503315999995,800.4248069999994,800.524889100001,802.5249375000021,802.9249287999992,803.0273823999996,803.0273823999996,h,1,3.46457300000111,806.5084372000019,806.5084372000019,806.5084372000019,806.5084372000019,NA,NA,NA,NA,NA,NA,036,001,2024-10-22_16h33.56.977,PsychoPy Exp,2023.1.2,59.980554304606756
Knowledge,TRUE,TB-K-B,TD_B,PsychoPyStudy2Stim/TD_B_1.png,Adam KNOWS there is ONE cube,1,b,h,2,1,1,2,1,1,0,0,0,B,-,0,109,109,258,NA,NA,NA,NA,NA,0.00193030000082217,806.6208201000009,806.991750600002,807.0917805999998,809.0918616999988,809.4915535,809.5942175000018,809.5942175000018,b,1,3.016655299998092,812.6414756000013,812.6414756000013,812.6414756000013,812.6414756000013,NA,NA,NA,NA,NA,NA,036,001,2024-10-22_16h33.56.977,PsychoPy Exp,2023.1.2,59.980554304606756
Knowledge,TRUE,TB-K-B,TT_B,PsychoPyStudy2Stim/TT_B_18.png,Adam KNOWS there are TWO cubes,2,b,h,2,0,2,2,0,2,0,0,0,B,-,0,110,110,251,NA,NA,NA,NA,NA,4.5590000081574e-4,812.728207600001,813.1080658999999,813.2082044999988,815.2082974000004,815.6083947000006,815.7107827,815.7107827,b,1,1.4439407999998366,817.1747653999992,817.1747653999992,817.1747653999992,817.1747653999992,NA,NA,NA,NA,NA,NA,036,001,2024-10-22_16h33.56.977,PsychoPy Exp,2023.1.2,59.980554304606756
Belief,TRUE,FB-Ig,T_B_T,PsychoPyStudy2Stim/T_B_T_5.png,Adam THINKS there is ONE cube,1,b,h,2,0,2,1,0,1,1,0,1,B,-,0,111,111,156,NA,NA,NA,NA,NA,5.4119999913382e-4,817.255153500002,817.6247694000012,817.7248749999999,819.7250891000003,820.1249576000009,820.2279655999992,820.2279655999992,b,1,3.726806700000452,823.9747457000012,823.9747457000012,823.9747457000012,823.9747457000012,NA,NA,NA,NA,NA,NA,036,001,2024-10-22_16h33.56.977,PsychoPy Exp,2023.1.2,59.980554304606756
Knowledge,FALSE,TB-Ig,D_B_D,PsychoPyStudy2Stim/D_B_D_4.png,Adam KNOWS there are ZERO cubes,0,h,b,2,2,0,1,1,0,1,1,0,B,PropTrueNoKnowledge,0,112,112,295,NA,NA,NA,NA,NA,4.521000009845e-4,824.0679622999996,824.4415601000001,824.5415641,826.5415682999992,826.9415319,827.0440933999998,827.0440933999998,h,1,1.7186598000007507,828.7914443000009,828.7914443000009,828.7914443000009,828.7914443000009,NA,NA,NA,NA,NA,NA,036,001,2024-10-22_16h33.56.977,PsychoPy Exp,2023.1.2,59.980554304606756
Reality,FALSE,FB-Ig,T_B_T,PsychoPyStudy2Stim/T_B_T_5.png,"In REALITY, there is ONE cube",1,h,b,2,0,2,1,0,1,1,0,1,B,PropFalse,0,113,113,96,NA,NA,NA,NA,NA,4.259000015736e-4,828.866513500001,829.2413658000005,829.3415077999998,831.3414778000006,831.7414759999992,831.8439486999996,831.8439486999996,h,1,3.638795700000628,835.5080209000007,835.5080209000007,835.5080209000007,835.5080209000007,NA,NA,NA,NA,NA,NA,036,001,2024-10-22_16h33.56.977,PsychoPy Exp,2023.1.2,59.980554304606756
Reality,FALSE,TB-K-B,DD_B,PsychoPyStudy2Stim/DD_B_14.png,"In REALITY, there are TWO cubes",2,h,b,2,2,0,2,2,0,0,0,0,B,PropFalse,0,114,114,81,NA,NA,NA,NA,NA,7.2739999814075e-4,835.592912600001,835.9747375000006,836.0748105999992,838.0750455000016,838.4749004000005,838.5772864999999,838.5772864999999,h,1,1.4414426000003004,840.0414114000014,840.0414114000014,840.0414114000014,840.0414114000014,NA,NA,NA,NA,NA,NA,036,001,2024-10-22_16h33.56.977,PsychoPy Exp,2023.1.2,59.980554304606756
Belief,FALSE,TB-K,D_NB,PsychoPyStudy2Stim/D_NB_1.png,Adam THINKS there is ONE cube,1,h,b,1,1,0,1,1,0,0,0,0,NB,PropFalse,0,115,115,162,NA,NA,NA,NA,NA,4.4909999996889e-4,840.1184753000016,840.4914601000019,840.5914639000002,842.5916015000003,842.9915486999998,843.0940845000005,843.0940845000005,h,1,3.4285815000002913,846.5416929000021,846.5416929000021,846.5416929000021,846.5416929000021,NA,NA,NA,NA,NA,NA,036,001,2024-10-22_16h33.56.977,PsychoPy Exp,2023.1.2,59.980554304606756
Knowledge,TRUE,TB-K-B,TD_B,PsychoPyStudy2Stim/TD_B_8.png,Adam KNOWS there is ONE cube,1,b,h,2,1,1,2,1,1,0,0,0,B,-,0,116,116,265,NA,NA,NA,NA,NA,4.2739999844343e-4,846.6516919000023,847.0248565000002,847.1250423999991,849.1250631000003,849.5249270000022,849.6270608000013,849.6270608000013,b,1,2.471615099999326,852.1245662000001,852.1245662000001,852.1245662000001,852.1245662000001,NA,NA,NA,NA,NA,NA,036,001,2024-10-22_16h33.56.977,PsychoPy Exp,2023.1.2,59.980554304606756
Reality,TRUE,TB-K-B,DD_B,PsychoPyStudy2Stim/DD_B_14.png,"In REALITY, there are ZERO cubes",0,b,h,2,2,0,2,2,0,0,0,0,B,-,0,117,117,27,NA,NA,NA,NA,NA,4.2560000292724e-4,852.2036262000001,852.5745812999994,852.6747157999998,854.6750315999998,855.0750222999995,855.177216600001,855.177216600001,b,1,3.1775355999998283,858.3749599000002,858.3749599000002,858.3749599000002,858.3749599000002,NA,NA,NA,NA,NA,NA,036,001,2024-10-22_16h33.56.977,PsychoPy Exp,2023.1.2,59.980554304606756
Belief,TRUE,TB-Ig,D_B_D,PsychoPyStudy2Stim/D_B_D_3.png,Adam THINKS there are ZERO cubes,0,b,h,2,2,0,1,1,0,1,1,0,B,-,0,118,118,132,NA,NA,NA,NA,NA,9.9589999808813e-4,858.4720884999988,858.8415258999994,858.9417512,860.9417184000013,861.3416514000019,861.4440028999998,861.4440028999998,b,1,9.39104260000022,870.8580149000009,870.8580149000009,870.8580149000009,870.8580149000009,NA,NA,NA,NA,NA,NA,036,001,2024-10-22_16h33.56.977,PsychoPy Exp,2023.1.2,59.980554304606756
Reality,TRUE,TB-K,DD_NB,PsychoPyStudy2Stim/DD_NB_3.png,"In REALITY, there are ZERO cubes",0,b,h,2,2,0,2,2,0,0,0,0,NB,-,0,119,119,8,NA,NA,NA,NA,NA,4.5870000030845e-4,870.9325129999997,871.3082154000003,871.4083432000007,873.408201000002,873.8082504000013,873.9105858000003,873.9105858000003,h,0,1.164958299999853,875.0914669000013,875.0914669000013,875.0914669000013,875.0914669000013,NA,NA,NA,NA,NA,NA,036,001,2024-10-22_16h33.56.977,PsychoPy Exp,2023.1.2,59.980554304606756
Reality,FALSE,TB-K,T_NB,PsychoPyStudy2Stim/T_NB_2.png,"In REALITY, there are TWO cubes",2,h,b,1,0,1,1,0,1,0,0,0,NB,PropFalse,0,120,120,58,NA,NA,NA,NA,NA,5.955000015092e-4,875.1752976999996,875.5581553000011,875.6582846000019,877.6582782000005,878.0581843,878.160362999999,878.160362999999,h,1,1.9467633999993268,880.1247332000021,880.1247332000021,880.1247332000021,880.1247332000021,NA,NA,NA,NA,NA,NA,036,001,2024-10-22_16h33.56.977,PsychoPy Exp,2023.1.2,59.980554304606756
Reality,TRUE,TB-K-B,TD_B,PsychoPyStudy2Stim/TD_B_6.png,"In REALITY, there is ONE cube",1,b,h,2,1,1,2,1,1,0,0,0,B,-,0,121,121,35,NA,NA,NA,NA,NA,7.136000022001e-4,880.2133343999994,880.5915150000001,880.691614899999,882.6915889000011,883.091583100002,883.1937208000018,883.1937208000018,b,1,1.5052732000003743,884.7248048000001,884.7248048000001,884.7248048000001,884.7248048000001,NA,NA,NA,NA,NA,NA,036,001,2024-10-22_16h33.56.977,PsychoPy Exp,2023.1.2,59.980554304606756
Reality,TRUE,TB-K-B,TD_B,PsychoPyStudy2Stim/TD_B_1.png,"In REALITY, there is ONE cube",1,b,h,2,1,1,2,1,1,0,0,0,B,-,0,122,122,30,NA,NA,NA,NA,NA,0.00192349999997532,884.8123264000023,885.1913239000023,885.2913221000017,887.2915367000023,887.6913988000015,887.7938098000013,887.7938098000013,b,1,4.3847984000021825,892.2081180000023,892.2081180000023,892.2081180000023,892.2081180000023,NA,NA,NA,NA,NA,NA,036,001,2024-10-22_16h33.56.977,PsychoPy Exp,2023.1.2,59.980554304606756
Belief,FALSE,TB-K,D_NB,PsychoPyStudy2Stim/D_NB_3.png,Adam THINKS there are TWO cubes,2,h,b,1,1,0,1,1,0,0,0,0,NB,PropFalse,0,123,123,164,NA,NA,NA,NA,NA,9.8299999808659e-4,892.2985886999995,892.6748392000009,892.7749540000004,894.7748878999992,895.1748549000004,895.2771869999997,895.2771869999997,h,1,1.2696842000004835,896.5746263000001,896.5746263000001,896.5746263000001,896.5746263000001,NA,NA,NA,NA,NA,NA,036,001,2024-10-22_16h33.56.977,PsychoPy Exp,2023.1.2,59.980554304606756
Knowledge,TRUE,TB-K-B,TT_B,PsychoPyStudy2Stim/TT_B_16.png,Adam KNOWS there are TWO cubes,2,b,h,2,0,2,2,0,2,0,0,0,B,-,0,124,124,249,NA,NA,NA,NA,NA,4.0950000038719e-4,896.6528335000003,897.0247148999988,897.1247446000016,899.1249262999991,899.5247722999993,899.6270360999988,899.6270360999988,b,1,1.480283499997313,901.1246393,901.1246393,901.1246393,901.1246393,NA,NA,NA,NA,NA,NA,036,001,2024-10-22_16h33.56.977,PsychoPy Exp,2023.1.2,59.980554304606756
Reality,TRUE,TB-K,TT_NB,PsychoPyStudy2Stim/TT_NB_5.png,"In REALITY, there are TWO cubes",2,b,h,2,0,2,2,0,2,0,0,0,NB,-,0,125,125,16,NA,NA,NA,NA,NA,4.5740000132354e-4,901.1951632000018,901.574698299999,901.6747570000008,903.6748391,904.0748760999996,904.1769682000012,904.1769682000012,b,1,1.969784400000208,906.1747586999992,906.1747586999992,906.1747586999992,906.1747586999992,NA,NA,NA,NA,NA,NA,036,001,2024-10-22_16h33.56.977,PsychoPy Exp,2023.1.2,59.980554304606756
Belief,TRUE,TB-Ig,D_B,PsychoPyStudy2Stim/D_B_4.png,Adam THINKS there are ZERO cubes,0,b,h,1,1,0,1,1,0,0,0,0,B,-,0,126,126,129,NA,NA,NA,NA,NA,0.00169729999834089,906.269698,906.641380699999,906.7415255000014,908.7415529999998,909.1414999000008,909.2438871000012,909.2438871000012,b,1,1.9109269000000495,911.1746851999995,911.1746851999995,911.1746851999995,911.1746851999995,NA,NA,NA,NA,NA,NA,036,001,2024-10-22_16h33.56.977,PsychoPy Exp,2023.1.2,59.980554304606756
Belief,FALSE,TB-K,DD_NB,PsychoPyStudy2Stim/DD_NB_2.png,Adam THINKS there are TWO cubes,2,h,b,2,2,0,2,2,0,0,0,0,NB,PropFalse,0,127,127,169,NA,NA,NA,NA,NA,0.00148139999873819,911.2463214000018,911.6247222999992,911.7248342999992,913.7246672,914.1248027,914.227147900001,914.227147900001,h,1,1.048369999996794,915.2914340999996,915.2914340999996,915.2914340999996,915.2914340999996,NA,NA,NA,NA,NA,NA,036,001,2024-10-22_16h33.56.977,PsychoPy Exp,2023.1.2,59.980554304606756
Belief,TRUE,FB-Ig,T_B_T,PsychoPyStudy2Stim/T_B_T_2.png,Adam THINKS there is ONE cube,1,b,h,2,0,2,1,0,1,1,0,1,B,-,0,128,128,147,NA,NA,NA,NA,NA,0.00168500000290805,915.3722582000008,915.7412875000008,915.8414956000016,917.8414303999998,918.241253,918.3445481999988,918.3445481999988,b,1,4.890359200002422,923.258061200002,923.258061200002,923.258061200002,923.258061200002,NA,NA,NA,NA,NA,NA,036,001,2024-10-22_16h33.56.977,PsychoPy Exp,2023.1.2,59.980554304606756
Belief,TRUE,TB-K,T_NB,PsychoPyStudy2Stim/T_NB_3.png,Adam THINKS there is ONE cube,1,b,h,1,0,1,1,0,1,0,0,0,NB,-,0,129,129,113,NA,NA,NA,NA,NA,0.00166370000079041,923.349135299999,923.7246675000024,923.8247231999994,925.8248043999992,926.224782100002,926.3270090000004,926.3270090000004,b,1,1.1158839000017906,927.4746240000022,927.4746240000022,927.4746240000022,927.4746240000022,NA,NA,NA,NA,NA,NA,036,001,2024-10-22_16h33.56.977,PsychoPy Exp,2023.1.2,59.980554304606756
Reality,TRUE,TB-K,TT_NB,PsychoPyStudy2Stim/TT_NB_4.png,"In REALITY, there are TWO cubes",2,b,h,2,0,2,2,0,2,0,0,0,NB,-,0,130,130,15,NA,NA,NA,NA,NA,8.1259999933536e-4,927.5680618000006,927.9411390999994,928.0414758000006,930.041458300002,930.441436600002,930.5435300999998,930.5435300999998,b,1,1.0509412999999768,931.6245516000016,931.6245516000016,931.6245516000016,931.6245516000016,NA,NA,NA,NA,NA,NA,036,001,2024-10-22_16h33.56.977,PsychoPy Exp,2023.1.2,59.980554304606756
Reality,TRUE,FB-Ig,D_B_T,PsychoPyStudy2Stim/D_B_T_4.png,"In REALITY, there is ONE cube",1,b,h,2,1,1,1,1,0,1,0,1,B,-,0,131,131,53,NA,NA,NA,NA,NA,5.3629999820259e-4,931.711435199999,932.0913160000018,932.1915197999988,934.191423100001,934.591361400002,934.693665400002,934.693665400002,b,1,1.1664531999995231,935.874733200002,935.874733200002,935.874733200002,935.874733200002,NA,NA,NA,NA,NA,NA,036,001,2024-10-22_16h33.56.977,PsychoPy Exp,2023.1.2,59.980554304606756
Reality,TRUE,TB-K,T_NB,PsychoPyStudy2Stim/T_NB_1.png,"In REALITY, there is ONE cube",1,b,h,1,0,1,1,0,1,0,0,0,NB,-,0,132,132,3,NA,NA,NA,NA,NA,4.8279999828082e-4,935.9659902999992,936.3412198000004,936.4412809999994,938.4413010999996,938.8412931999992,938.9435621000011,938.9435621000011,b,1,1.5068742000003112,940.4744400999988,940.4744400999988,940.4744400999988,940.4744400999988,NA,NA,NA,NA,NA,NA,036,001,2024-10-22_16h33.56.977,PsychoPy Exp,2023.1.2,59.980554304606756
Belief,FALSE,TB-K,TD_NB,PsychoPyStudy2Stim/TD_NB_1.png,Adam THINKS there are ZERO cubes,0,h,b,2,1,1,2,1,1,0,0,0,NB,PropFalse,0,133,133,171,NA,NA,NA,NA,NA,3.9880000258563e-4,940.5470141000004,940.9246378999997,941.0245909000004,943.024558699999,943.4247596999994,943.526886800002,943.526886800002,h,1,1.1161720999989484,944.6579749000012,944.6579749000012,944.6579749000012,944.6579749000012,NA,NA,NA,NA,NA,NA,036,001,2024-10-22_16h33.56.977,PsychoPy Exp,2023.1.2,59.980554304606756
Belief,TRUE,TB-K,TD_NB,PsychoPyStudy2Stim/TD_NB_2.png,Adam THINKS there is ONE cube,1,b,h,2,1,1,2,1,1,0,0,0,NB,-,0,134,134,118,NA,NA,NA,NA,NA,9.1160000010859e-4,944.7753754000004,945.1579797000012,945.2580643,947.2580552,947.6580276999994,947.7600194000006,947.7600194000006,b,1,0.8188163000013446,948.607822599999,948.607822599999,948.607822599999,948.607822599999,NA,NA,NA,NA,NA,NA,036,001,2024-10-22_16h33.56.977,PsychoPy Exp,2023.1.2,59.980554304606756
Belief,TRUE,FB-Ig,T_B_T,PsychoPyStudy2Stim/T_B_T_5.png,Adam THINKS there is ONE cube,1,b,h,2,0,2,1,0,1,1,0,1,B,-,0,135,135,150,NA,NA,NA,NA,NA,3.8739999945391e-4,948.6746844000008,949.0579872999988,949.1580404000016,951.1579210000018,951.5580169999994,951.660262100002,951.660262100002,b,1,2.950193100001343,954.6411044000016,954.6411044000016,954.6411044000016,954.6411044000016,NA,NA,NA,NA,NA,NA,036,001,2024-10-22_16h33.56.977,PsychoPy Exp,2023.1.2,59.980554304606756
Belief,TRUE,FB-Ig,D_B_T,PsychoPyStudy2Stim/D_B_T_3.png,Adam THINKS there are ZERO cubes,0,b,h,2,1,1,1,1,0,1,0,1,B,-,0,136,136,160,NA,NA,NA,NA,NA,6.2599999728263e-4,954.7145256000005,955.09114279999994,955.191369,957.1913810000004,957.5913701999998,957.6936556,957.6936556,b,1,2.261087299997598,959.9746127,959.9746127,959.9746127,959.9746127,NA,NA,NA,NA,NA,NA,036,001,2024-10-22_16h33.56.977,PsychoPy Exp,2023.1.2,59.980554304606756
Belief,FALSE,TB-K-B,TT_B,PsychoPyStudy2Stim/TT_B_12.png,Adam THINKS there are ZERO cubes,0,h,b,2,0,2,2,0,2,0,0,0,B,PropFalse,0,137,137,199,NA,NA,NA,NA,NA,0.00173510000240639,960.0697870000004,960.4411522000008,960.5413245000018,962.5414005999992,962.9414039000004,963.0436909000018,963.0436909000018,h,1,1.422682899999927,964.4910611000014,964.4910611000014,964.4910611000014,964.4910611000014,NA,NA,NA,NA,NA,NA,036,001,2024-10-22_16h33.56.977,PsychoPy Exp,2023.1.2,59.980554304606756
Belief,TRUE,TB-K,TT_NB,PsychoPyStudy2Stim/TT_NB_2.png,Adam THINKS there are TWO cubes,2,b,h,2,0,2,2,0,2,0,0,0,NB,-,0,138,138,121,NA,NA,NA,NA,NA,3.7679999877582e-4,964.5617824,964.941281800002,965.0414117,967.0412080999996,967.4412656999992,967.5434788999992,967.5434788999992,b,1,1.251209399997606,968.8244013000004,968.8244013000004,968.8244013000004,968.8244013000004,NA,NA,NA,NA,NA,NA,036,001,2024-10-22_16h33.56.977,PsychoPy Exp,2023.1.2,59.980554304606756
Knowledge,FALSE,TB-K,TD_NB,PsychoPyStudy2Stim/TD_NB_3.png,Adam KNOWS there are TWO cubes,2,h,b,2,1,1,2,1,1,0,0,0,NB,PropFalse,0,139,139,281,NA,NA,NA,NA,NA,0.0017824999995355,968.9013030000024,969.2743888000005,969.3747224,971.374659600002,971.7746470999992,971.8767727000012,971.8767727000012,h,1,1.5256866999989145,973.4245372000004,973.4245372000004,973.4245372000004,973.4245372000004,NA,NA,NA,NA,NA,NA,036,001,2024-10-22_16h33.56.977,PsychoPy Exp,2023.1.2,59.980554304606756
Knowledge,TRUE,TB-K-B,TD_B,PsychoPyStudy2Stim/TD_B_7.png,Adam KNOWS there is ONE cube,1,b,h,2,1,1,2,1,1,0,0,0,B,-,0,140,140,264,NA,NA,NA,NA,NA,0.00147569999899133,973.5164091000006,973.8911812000006,973.9912953999992,975.9911458999997,976.3914374000016,976.4934592999998,976.4934592999998,b,1,3.501253900001757,980.0245684,980.0245684,980.0245684,980.0245684,NA,NA,NA,NA,NA,NA,036,001,2024-10-22_16h33.56.977,PsychoPy Exp,2023.1.2,59.980554304606756
Belief,FALSE,FB-Ig,T_B_T,PsychoPyStudy2Stim/T_B_T_3.png,Adam THINKS there are TWO cubes,2,h,b,2,0,2,1,0,1,1,0,1,B,PropTrueNoBelief,0,141,141,202,NA,NA,NA,NA,NA,0.00108199999885982,980.1147300000011,980.4911398000004,980.5912858000012,982.5911422999998,982.9910096999992,983.0934853,983.0934853,h,1,2.7978602000002866,985.907847800001,985.907847800001,985.907847800001,985.907847800001,NA,NA,NA,NA,NA,NA,036,001,2024-10-22_16h33.56.977,PsychoPy Exp,2023.1.2,59.980554304606756
Knowledge,FALSE,FB-Ig,T_B_T,PsychoPyStudy2Stim/T_B_T_1.png,Adam KNOWS there is ONE cube,1,h,b,2,0,2,1,0,1,1,0,1,B,PropFalse,0,142,142,300,NA,NA,NA,NA,NA,0.00167709999732323,986.0029107000008,986.3744948999991,986.4746371,988.4746196000016,988.8744172000006,988.976792100002,988.976792100002,h,1,4.450334400000429,993.4576908000016,993.4576908000016,993.4576908000016,993.4576908000016,NA,NA,NA,NA,NA,NA,036,001,2024-10-22_16h33.56.977,PsychoPy Exp,2023.1.2,59.980554304606756
Reality,FALSE,FB-Ig,T_B_T,PsychoPyStudy2Stim/T_B_T_1.png,"In REALITY, there is ONE cube",1,h,b,2,0,2,1,0,1,1,0,1,B,PropFalse,0,143,143,98,NA,NA,NA,NA,NA,4.399999997986e-4,993.5318345000014,993.9077830999996,994.0078806999992,996.0079179000022,996.4078960000006,996.510009900001,996.510009900001,h,1,1.1966356999982963,997.7242291000002,997.7242291000002,997.7242291000002,997.7242291000002,NA,NA,NA,NA,NA,NA,036,001,2024-10-22_16h33.56.977,PsychoPy Exp,2023.1.2,59.980554304606756
Reality,FALSE,FB-Ig,T_B_T,PsychoPyStudy2Stim/T_B_T_4.png,"In REALITY, there is ONE cube",1,h,b,2,0,2,1,0,1,1,0,1,B,PropFalse,0,144,144,101,NA,NA,NA,NA,NA,3.7580000207526e-4,997.7925653999991,998.1743324999989,998.2746291000004,1000.2745520999996,1000.674526900002,1000.7768380000016,1000.7768380000016,h,1,2.0737388000015926,1002.8744478000008,1002.8744478000008,1002.8744478000008,1002.8744478000008,NA,NA,NA,NA,NA,NA,036,001,2024-10-22_16h33.56.977,PsychoPy Exp,2023.1.2,59.980554304606756
Knowledge,FALSE,TB-Ig,D_B,PsychoPyStudy2Stim/D_B_1.png,Adam KNOWS there are ZERO cubes,0,h,b,1,1,0,1,1,0,0,0,0,B,PropTrueNoKnowledge,0,145,145,288,NA,NA,NA,NA,NA,0.0017757999994501,1002.9802794999996,1003.3577555000012,1003.4577390000012,1005.4575430000004,1005.8575980000024,1005.9602816000006,1005.9602816000006,h,1,3.0500737999973353,1009.0408671000004,1009.0408671000004,1009.0408671000004,1009.0408671000004,NA,NA,NA,NA,NA,NA,036,001,2024-10-22_16h33.56.977,PsychoPy Exp,2023.1.2,59.980554304606756
Knowledge,TRUE,TB-K,D_NB,PsychoPyStudy2Stim/D_NB_1.png,Adam KNOWS there are ZERO cubes,0,b,h,1,1,0,1,1,0,0,0,0,NB,-,0,146,146,216,NA,NA,NA,NA,NA,3.8869999843882e-4,1009.1072607999996,1009.4907924,1009.5910756000012,1011.5912035,1011.9910369999998,1012.0934627000024,1012.0934627000024,b,1,4.437380700001086,1016.5577588000016,1016.5577588000016,1016.5577588000016,1016.5577588000016,NA,NA,NA,NA,NA,NA,036,001,2024-10-22_16h33.56.977,PsychoPy Exp,2023.1.2,59.980554304606756
Reality,FALSE,FB-Ig,T_B_T,PsychoPyStudy2Stim/T_B_T_6.png,"In REALITY, there is ONE cube",1,h,b,2,0,2,1,0,1,1,0,1,B,PropFalse,0,147,147,97,NA,NA,NA,NA,NA,0.00164769999901182,1016.6424327000022,1017.024358900002,1017.124535400002,1019.1244975000008,1019.524395200002,1019.6268425000015,1019.6268425000015,h,1,1.8077049999992596,1021.4577857000004,1021.4577857000004,1021.4577857000004,1021.4577857000004,NA,NA,NA,NA,NA,NA,036,001,2024-10-22_16h33.56.977,PsychoPy Exp,2023.1.2,59.980554304606756
Reality,FALSE,TB-K,TT_NB,PsychoPyStudy2Stim/TT_NB_4.png,"In REALITY, there is ONE cube",1,h,b,2,0,2,2,0,2,0,0,0,NB,PropFalse,0,148,148,69,NA,NA,NA,NA,NA,0.00164670000231126,1021.5405978999988,1021.9244022999992,1022.0245360000008,1024.0244989999992,1024.4242962999997,1024.5268385000018,1024.5268385000018,h,1,0.8275075999990804,1025.374184700002,1025.374184700002,1025.374184700002,1025.374184700002,NA,NA,NA,NA,NA,NA,036,001,2024-10-22_16h33.56.977,PsychoPy Exp,2023.1.2,59.980554304606756
Knowledge,TRUE,TB-K-B,TT_B,PsychoPyStudy2Stim/TT_B_13.png,Adam KNOWS there are TWO cubes,2,b,h,2,0,2,2,0,2,0,0,0,B,-,0,149,149,246,NA,NA,NA,NA,NA,0.00176130000181728,1025.4497617000015,1025.824359000002,1025.924487700002,1027.9243792000016,1028.324428,1028.4266725000016,1028.4266725000016,b,1,1.6075163000023167,1030.057570500001,1030.057570500001,1030.057570500001,1030.057570500001,NA,NA,NA,NA,NA,NA,036,001,2024-10-22_16h33.56.977,PsychoPy Exp,2023.1.2,59.980554304606756
Reality,TRUE,TB-Ig,D_B,PsychoPyStudy2Stim/D_B_4.png,"In REALITY, there are ZERO cubes",0,b,h,1,1,0,1,1,0,0,0,0,B,-,0,150,150,21,NA,NA,NA,NA,NA,3.8739999945391e-4,1030.1290743999998,1030.5076989000008,1030.6078063000025,1032.6077812000003,1033.007774400001,1033.1099581000017,1033.1099581000017,b,1,3.852498899999773,1036.9909823000016,1036.9909823000016,1036.9909823000016,1036.9909823000016,NA,NA,NA,NA,NA,NA,036,001,2024-10-22_16h33.56.977,PsychoPy Exp,2023.1.2,59.980554304606756
Belief,TRUE,TB-K,TT_NB,PsychoPyStudy2Stim/TT_NB_3.png,Adam THINKS there are TWO cubes,2,b,h,2,0,2,2,0,2,0,0,0,NB,-,0,151,151,122,NA,NA,NA,NA,NA,0.0014725000000908,1037.0827040000004,1037.4574122000013,1037.557856200001,1039.5576562000024,1039.9578105,1040.0599060999994,1040.0599060999994,b,1,1.399124200001097,1041.4740794999998,1041.4740794999998,1041.4740794999998,1041.4740794999998,NA,NA,NA,NA,NA,NA,036,001,2024-10-22_16h33.56.977,PsychoPy Exp,2023.1.2,59.980554304606756
Belief,FALSE,TB-K-B,TT_B,PsychoPyStudy2Stim/TT_B_2.png,Adam THINKS there are ZERO cubes,0,h,b,2,0,2,2,0,2,0,0,0,B,PropFalse,0,152,152,189,NA,NA,NA,NA,NA,0.00163100000281701,1041.5496605000008,1041.9243047000018,1042.0243518999996,1044.024493500001,1044.424452700001,1044.5267846999996,1044.5267846999996,h,1,1.3877441000004185,1045.9409092000024,1045.9409092000024,1045.9409092000024,1045.9409092000024,NA,NA,NA,NA,NA,NA,036,001,2024-10-22_16h33.56.977,PsychoPy Exp,2023.1.2,59.980554304606756
Knowledge,FALSE,TB-K-B,TT_B,PsychoPyStudy2Stim/TT_B_14.png,Adam KNOWS there is ONE cube,1,h,b,2,0,2,2,0,2,0,0,0,B,PropFalse,0,153,153,298,NA,NA,NA,NA,NA,0.00150950000170269,1046.0435294999988,1046.4243084000009,1046.5242555000004,1048.5243523999998,1048.9241852000014,1049.0266354000014,1049.0266354000014,h,1,3.400083299999096,1052.4576650999988,1052.4576650999988,1052.4576650999988,1052.4576650999988,NA,NA,NA,NA,NA,NA,036,001,2024-10-22_16h33.56.977,PsychoPy Exp,2023.1.2,59.980554304606756
Reality,TRUE,FB-Ig,T_B_T,PsychoPyStudy2Stim/T_B_T_6.png,"In REALITY, there are TWO cubes",2,b,h,2,0,2,1,0,1,1,0,1,B,-,0,154,154,43,NA,NA,NA,NA,NA,0.00170060000164085,1052.5527643000023,1052.9242615000005,1053.024393800002,1055.024421500002,1055.4243874000022,1055.5265169000013,1055.5265169000013,b,1,1.3963379000015266,1056.940907799999,1056.940907799999,1056.940907799999,1056.940907799999,NA,NA,NA,NA,NA,NA,036,001,2024-10-22_16h33.56.977,PsychoPy Exp,2023.1.2,59.980554304606756
Reality,FALSE,TB-K,TT_NB,PsychoPyStudy2Stim/TT_NB_6.png,"In REALITY, there is ONE cube",1,h,b,2,0,2,2,0,2,0,0,0,NB,PropFalse,0,155,155,71,NA,NA,NA,NA,NA,0.00146930000119027,1057.0273029000018,1057.407567300001,1057.5076688000008,1059.5075417000007,1059.907543600002,1060.0098155000014,1060.0098155000014,h,1,1.1366619000000355,1061.174282,1061.174282,1061.174282,1061.174282,NA,NA,NA,NA,NA,NA,036,001,2024-10-22_16h33.56.977,PsychoPy Exp,2023.1.2,59.980554304606756
Belief,FALSE,TB-K,T_NB,PsychoPyStudy2Stim/T_NB_1.png,Adam THINKS there are ZERO cubes,0,h,b,1,0,1,1,0,1,0,0,0,NB,PropFalse,0,156,156,165,NA,NA,NA,NA,NA,0.00164469999799621,1061.262096999999,1061.6409276000013,1061.7410596000009,1063.741040500001,1064.1410266999992,1064.2432910999996,1064.2432910999996,h,1,1.6387199999990116,1065.9073057999994,1065.9073057999994,1065.9073057999994,1065.9073057999994,NA,NA,NA,NA,NA,NA,036,001,2024-10-22_16h33.56.977,PsychoPy Exp,2023.1.2,59.980554304606756
Reality,FALSE,TB-K,TT_NB,PsychoPyStudy2Stim/TT_NB_1.png,"In REALITY, there are ZERO cubes",0,h,b,2,0,2,2,0,2,0,0,0,NB,PropFalse,0,157,157,66,NA,NA,NA,NA,NA,3.8969999877735e-4,1065.9789359000024,1066.3573861000004,1066.4576616000013,1068.4576828999998,1068.8576703,1068.9597805000012,1068.9597805000012,h,1,1.4903470999997808,1070.4741792000025,1070.4741792000025,1070.4741792000025,1070.4741792000025,NA,NA,NA,NA,NA,NA,036,001,2024-10-22_16h33.56.977,PsychoPy Exp,2023.1.2,59.980554304606756
Belief,TRUE,TB-K,DD_NB,PsychoPyStudy2Stim/DD_NB_3.png,Adam THINKS there are ZERO cubes,0,b,h,2,2,0,2,2,0,0,0,0,NB,-,0,158,158,116,NA,NA,NA,NA,NA,6.5510000058566e-4,1070.5610739000003,1070.9407713,1071.041036999999,1073.0410508999994,1073.440971600001,1073.5433223,1073.5433223,b,1,1.6031814000016311,1075.174079200002,1075.174079200002,1075.174079200002,1075.174079200002,NA,NA,NA,NA,NA,NA,036,001,2024-10-22_16h33.56.977,PsychoPy Exp,2023.1.2,59.980554304606756
Belief,TRUE,FB-Ig,T_B_T,PsychoPyStudy2Stim/T_B_T_1.png,Adam THINKS there is ONE cube,1,b,h,2,0,2,1,0,1,1,0,1,B,-,0,159,159,152,NA,NA,NA,NA,NA,3.9929999911691e-4,1075.2498082999991,1075.6242663000012,1075.7243772000002,1077.7243565999995,1078.1243075999992,1078.2264544999998,1078.2264544999998,b,1,2.071673300000839,1080.3242066999992,1080.3242066999992,1080.3242066999992,1080.3242066999992,NA,NA,NA,NA,NA,NA,036,001,2024-10-22_16h33.56.977,PsychoPy Exp,2023.1.2,59.980554304606756
Knowledge,TRUE,TB-K-B,TT_B,PsychoPyStudy2Stim/TT_B_19.png,Adam KNOWS there are TWO cubes,2,b,h,2,0,2,2,0,2,0,0,0,B,-,0,160,160,252,NA,NA,NA,NA,NA,0.0013457000022754,1080.4193603000022,1080.7908546,1080.8909685,1082.8910345000004,1083.2909690000015,1083.3931952999992,1083.3931952999992,b,1,1.2568602999999712,1084.6741022000024,1084.6741022000024,1084.6741022000024,1084.6741022000024,NA,NA,NA,NA,NA,NA,036,001,2024-10-22_16h33.56.977,PsychoPy Exp,2023.1.2,59.980554304606756
Reality,FALSE,TB-Ig,D_B,PsychoPyStudy2Stim/D_B_4.png,"In REALITY, there are TWO cubes",2,h,b,1,1,0,1,1,0,0,0,0,B,PropFalse,0,161,161,75,NA,NA,NA,NA,NA,3.8810000114608e-4,1084.7472702000014,1085.124214200001,1085.2243108000002,1087.2243143000014,1087.6242834000004,1087.7265281,1087.7265281,h,1,1.2275036000028194,1088.974448500001,NA,1088.974448500001,NA,space,9.50790550000238,NA,NA,NA,NA,036,001,2024-10-22_16h33.56.977,PsychoPy Exp,2023.1.2,59.980554304606756
Belief,FALSE,TB-K-B,TT_B,PsychoPyStudy2Stim/TT_B_1.png,Adam THINKS there are ZERO cubes,0,h,b,2,0,2,2,0,2,0,0,0,B,PropFalse,0,162,162,188,NA,NA,NA,NA,NA,0.00173219999851426,1098.582945400001,1098.9574562000016,1099.057502800002,1101.057444099999,1101.457551899999,1101.5597493000023,1101.5597493000023,h,1,4.506572900001629,1106.0908072999991,1106.0908072999991,1106.0908072999991,1106.0908072999991,NA,NA,NA,NA,NA,NA,036,001,2024-10-22_16h33.56.977,PsychoPy Exp,2023.1.2,59.980554304606756
Reality,FALSE,TB-K-B,TD_B,PsychoPyStudy2Stim/TD_B_4.png,"In REALITY, there are ZERO cubes",0,h,b,2,1,1,2,1,1,0,0,0,B,PropFalse,0,163,163,87,NA,NA,NA,NA,NA,0.00183140000081039,1106.1737753000016,1106.5574268000018,1106.657562700002,1108.6575467000002,1109.0575977000008,1109.1596953000007,1109.1596953000007,h,1,4.874281000000337,1114.057270199999,1114.057270199999,1114.057270199999,1114.057270199999,NA,NA,NA,NA,NA,NA,036,001,2024-10-22_16h33.56.977,PsychoPy Exp,2023.1.2,59.980554304606756
Reality,FALSE,FB-Ig,T_B_T,PsychoPyStudy2Stim/T_B_T_2.png,"In REALITY, there is ONE cube",1,h,b,2,0,2,1,0,1,1,0,1,B,PropFalse,0,164,164,99,NA,NA,NA,NA,NA,4.004000002169e-4,1114.132161100002,1114.5074120999998,1114.6075272000016,1116.6074804000018,1117.0074454000023,1117.1098819,1117.1098819,h,1,1.459965199999715,1118.5905808999996,1118.5905808999996,1118.5905808999996,1118.5905808999996,NA,NA,NA,NA,NA,NA,036,001,2024-10-22_16h33.56.977,PsychoPy Exp,2023.1.2,59.980554304606756
Knowledge,FALSE,FB-Ig,T_B_T,PsychoPyStudy2Stim/T_B_T_3.png,Adam KNOWS there are TWO cubes,2,h,b,2,0,2,1,0,1,1,0,1,B,PropTrueNoKnowledge,0,165,165,314,NA,NA,NA,NA,NA,3.7370000063674e-4,1118.6602932000023,1119.0407976000024,1119.140869400002,1121.1407350000009,1121.5408586000012,1121.643211900002,1121.643211900002,h,1,5.559013300000515,1127.2241075999991,1127.2241075999991,1127.2241075999991,1127.2241075999991,NA,NA,NA,NA,NA,NA,036,001,2024-10-22_16h33.56.977,PsychoPy Exp,2023.1.2,59.980554304606756
Reality,FALSE,FB-Ig,T_B_T,PsychoPyStudy2Stim/T_B_T_6.png,"In REALITY, there is ONE cube",1,h,b,2,0,2,1,0,1,1,0,1,B,PropFalse,0,166,166,103,NA,NA,NA,NA,NA,0.00173379999978351,1127.3164008999993,1127.6906897000008,1127.790856800002,1129.7911776,1130.1907620999991,1130.2931004999991,1130.2931004999991,h,1,1.1731074999988778,1131.4906493999988,1131.4906493999988,1131.4906493999988,1131.4906493999988,NA,NA,NA,NA,NA,NA,036,001,2024-10-22_16h33.56.977,PsychoPy Exp,2023.1.2,59.980554304606756
Reality,FALSE,TB-K-B,TD_B,PsychoPyStudy2Stim/TD_B_6.png,"In REALITY, there are ZERO cubes",0,h,b,2,1,1,2,1,1,0,0,0,B,PropFalse,0,167,167,89,NA,NA,NA,NA,NA,0.00169230000028619,1131.5632250000017,1131.9406817999989,1132.040821300001,1134.040716200001,1134.440811200002,1134.5429901999996,1134.5429901999996,h,1,1.9479375000009895,1136.5074177999995,1136.5074177999995,1136.5074177999995,1136.5074177999995,NA,NA,NA,NA,NA,NA,036,001,2024-10-22_16h33.56.977,PsychoPy Exp,2023.1.2,59.980554304606756
Belief,FALSE,TB-Ig,D_B_D,PsychoPyStudy2Stim/D_B_D_4.png,Adam THINKS there is ONE cube,1,h,b,2,2,0,1,1,0,1,1,0,B,PropFalse,0,168,168,187,NA,NA,NA,NA,NA,0.00171789999876637,1136.6002346000023,1136.9740500000007,1137.074146400002,1139.073946700002,1139.474170000001,1139.5764295000008,1139.5764295000008,h,1,2.753818000001047,1142.3572012000004,1142.3572012000004,1142.3572012000004,1142.3572012000004,NA,NA,NA,NA,NA,NA,036,001,2024-10-22_16h33.56.977,PsychoPy Exp,2023.1.2,59.980554304606756
Belief,TRUE,TB-K,TT_NB,PsychoPyStudy2Stim/TT_NB_5.png,Adam THINKS there are TWO cubes,2,b,h,2,0,2,2,0,2,0,0,0,NB,-,0,169,169,124,NA,NA,NA,NA,NA,0.0016765000000305,1142.424769100002,1142.8072302,1142.9073534000015,1144.9073181999993,1145.3074732999994,1145.409773800002,1145.409773800002,b,1,0.8649522999985493,1146.2907014000011,1146.2907014000011,1146.2907014000011,1146.2907014000011,NA,NA,NA,NA,NA,NA,036,001,2024-10-22_16h33.56.977,PsychoPy Exp,2023.1.2,59.980554304606756
Reality,FALSE,FB-Ig,T_B_T,PsychoPyStudy2Stim/T_B_T_5.png,"In REALITY, there is ONE cube",1,h,b,2,0,2,1,0,1,1,0,1,B,PropFalse,0,170,170,102,NA,NA,NA,NA,NA,0.00166520000129821,1146.3640827999989,1146.740699500002,1146.840783399999,1148.8407571999996,1149.2407601000014,1149.343106100001,1149.343106100001,h,1,1.283389399999578,1150.6573721000022,1150.6573721000022,1150.6573721000022,1150.6573721000022,NA,NA,NA,NA,NA,NA,036,001,2024-10-22_16h33.56.977,PsychoPy Exp,2023.1.2,59.980554304606756
Belief,TRUE,TB-Ig,D_B,PsychoPyStudy2Stim/D_B_2.png,Adam THINKS there are ZERO cubes,0,b,h,1,1,0,1,1,0,0,0,0,B,-,0,171,171,127,NA,NA,NA,NA,NA,0.00167899999723886,1150.7527044000017,1151.1237965,1151.2238150000012,1153.2240638000003,1153.623963500002,1153.7262548,1153.7262548,b,1,2.8439331999979913,1156.5907143000004,1156.5907143000004,1156.5907143000004,1156.5907143000004,NA,NA,NA,NA,NA,NA,036,001,2024-10-22_16h33.56.977,PsychoPy Exp,2023.1.2,59.980554304606756
Knowledge,FALSE,FB-Ig,T_B_T,PsychoPyStudy2Stim/T_B_T_1.png,Adam KNOWS there are TWO cubes,2,h,b,2,0,2,1,0,1,1,0,1,B,PropTrueNoKnowledge,0,172,172,312,NA,NA,NA,NA,NA,0.00168900000062421,1156.6829493000005,1157.0573162,1157.1572715000002,1159.1573142000016,1159.5574877,1159.659588300001,1159.659588300001,h,1,2.2863236000011966,1161.973857500001,1161.973857500001,1161.973857500001,1161.973857500001,NA,NA,NA,NA,NA,NA,036,001,2024-10-22_16h33.56.977,PsychoPy Exp,2023.1.2,59.980554304606756
Belief,FALSE,TB-Ig,D_B_D,PsychoPyStudy2Stim/D_B_D_3.png,Adam THINKS there is ONE cube,1,h,b,2,2,0,1,1,0,1,1,0,B,PropFalse,0,173,173,186,NA,NA,NA,NA,NA,6.9380000059027e-4,1162.0557523999996,1162.440572200001,1162.5406416000003,1164.5405668999992,1164.9406448000009,1165.0431702999997,1165.0431702999997,h,1,3.1669837000008556,1168.2404277000023,1168.2404277000023,1168.2404277000023,1168.2404277000023,NA,NA,NA,NA,NA,NA,036,001,2024-10-22_16h33.56.977,PsychoPy Exp,2023.1.2,59.980554304606756
Reality,FALSE,TB-Ig,D_B,PsychoPyStudy2Stim/D_B_1.png,"In REALITY, there are TWO cubes",2,h,b,1,1,0,1,1,0,0,0,0,B,PropFalse,0,174,174,72,NA,NA,NA,NA,NA,3.7940000038361e-4,1168.315351900001,1168.6905662999998,1168.7907132,1170.7907320000013,1171.1905487000004,1171.292743599999,1171.292743599999,h,1,10.03752529999838,1181.3572853000005,1181.3572853000005,1181.3572853000005,1181.3572853000005,NA,NA,NA,NA,NA,NA,036,001,2024-10-22_16h33.56.977,PsychoPy Exp,2023.1.2,59.980554304606756
Reality,TRUE,TB-K,T_NB,PsychoPyStudy2Stim/T_NB_2.png,"In REALITY, there is ONE cube",1,b,h,1,0,1,1,0,1,0,0,0,NB,-,0,175,175,4,NA,NA,NA,NA,NA,0.00169679999817162,1181.4476910000012,1181.823923100001,1181.9240142000017,1183.9240605000014,1184.3239042999994,1184.4262531000022,1184.4262531000022,b,1,1.007557100001577,1185.4571773999996,1185.4571773999996,1185.4571773999996,1185.4571773999996,NA,NA,NA,NA,NA,NA,036,001,2024-10-22_16h33.56.977,PsychoPy Exp,2023.1.2,59.980554304606756
Belief,FALSE,TB-K,T_NB,PsychoPyStudy2Stim/T_NB_2.png,Adam THINKS there are TWO cubes,2,h,b,1,0,1,1,0,1,0,0,0,NB,PropFalse,0,176,176,166,NA,NA,NA,NA,NA,8.5449999824049e-4,1185.5439114,1185.9238637999988,1186.024060300002,1188.0239667999997,1188.4238984000003,1188.5263760000016,1188.5263760000016,h,1,1.035338800000318,1189.590441100001,1189.590441100001,1189.590441100001,1189.590441100001,NA,NA,NA,NA,NA,NA,036,001,2024-10-22_16h33.56.977,PsychoPy Exp,2023.1.2,59.980554304606756
Knowledge,TRUE,TB-K,TT_NB,PsychoPyStudy2Stim/TT_NB_4.png,Adam KNOWS there are TWO cubes,2,b,h,2,0,2,2,0,2,0,0,0,NB,-,0,177,177,231,NA,NA,NA,NA,NA,3.9689999903202e-4,1189.6591221000017,1190.0404845000012,1190.1406457000012,1192.1405804999995,1192.5406674000003,1192.642774100001,1192.642774100001,b,1,1.391169099999388,1194.0571487000016,1194.0571487000016,1194.0571487000016,1194.0571487000016,NA,NA,NA,NA,NA,NA,036,001,2024-10-22_16h33.56.977,PsychoPy Exp,2023.1.2,59.980554304606756
Reality,TRUE,TB-K,TT_NB,PsychoPyStudy2Stim/TT_NB_6.png,"In REALITY, there are TWO cubes",2,b,h,2,0,2,2,0,2,0,0,0,NB,-,0,178,178,17,NA,NA,NA,NA,NA,0.00146350000068196,1194.1456589000009,1194.5238288,1194.623787200002,1196.6239913999998,1197.0239331000012,1197.1262339999994,1197.1262339999994,b,1,1.18016969999735,1198.3237045999997,1198.3237045999997,1198.3237045999997,1198.3237045999997,NA,NA,NA,NA,NA,NA,036,001,2024-10-22_16h33.56.977,PsychoPy Exp,2023.1.2,59.980554304606756
Knowledge,TRUE,TB-K,T_NB,PsychoPyStudy2Stim/T_NB_3.png,Adam KNOWS there is ONE cube,1,b,h,1,0,1,1,0,1,0,0,0,NB,-,0,179,179,221,NA,NA,NA,NA,NA,5.3149999803281e-4,1198.4052669000012,1198.7904761999998,1198.8906033999992,1200.8906248999992,1201.2905635999996,1201.392842199999,1201.392842199999,b,1,2.553169599999819,1203.9738574000005,1203.9738574000005,1203.9738574000005,1203.9738574000005,NA,NA,NA,NA,NA,NA,036,001,2024-10-22_16h33.56.977,PsychoPy Exp,2023.1.2,59.980554304606756
Belief,FALSE,TB-K-B,TT_B,PsychoPyStudy2Stim/TT_B_10.png,Adam THINKS there are ZERO cubes,0,h,b,2,0,2,2,0,2,0,0,0,B,PropFalse,0,180,180,197,NA,NA,NA,NA,NA,0.00166859999808366,1204.072520900001,1204.4571335,1204.5572563000023,1206.5571209000009,1206.957231299999,1207.0595383,1207.0595383,h,1,1.6467042000003858,1208.723733400002,1208.723733400002,1208.723733400002,1208.723733400002,NA,NA,NA,NA,NA,NA,036,001,2024-10-22_16h33.56.977,PsychoPy Exp,2023.1.2,59.980554304606756
Reality,FALSE,TB-K-B,TD_B,PsychoPyStudy2Stim/TD_B_2.png,"In REALITY, there are ZERO cubes",0,h,b,2,1,1,2,1,1,0,0,0,B,PropFalse,0,181,181,85,NA,NA,NA,NA,NA,5.2049999794689e-4,1208.7974957000006,1209.1738364000012,1209.2737615000003,1211.2739275000022,1211.6739041,1211.776098000002,1211.776098000002,h,1,1.5459298999994644,1213.3403394000015,1213.3403394000015,1213.3403394000015,1213.3403394000015,NA,NA,NA,NA,NA,NA,036,001,2024-10-22_16h33.56.977,PsychoPy Exp,2023.1.2,59.980554304606756
Reality,TRUE,TB-K-B,DD_B,PsychoPyStudy2Stim/DD_B_16.png,"In REALITY, there are ZERO cubes",0,b,h,2,2,0,2,2,0,0,0,0,B,-,0,182,182,29,NA,NA,NA,NA,NA,0.00172200000088196,1213.414122500002,1213.7904277000016,1213.890574000001,1215.8906142000014,1216.2902833000007,1216.3927444,1216.3927444,b,1,1.32892830000128,1217.7403333000002,1217.7403333000002,1217.7403333000002,1217.7403333000002,NA,NA,NA,NA,NA,NA,036,001,2024-10-22_16h33.56.977,PsychoPy Exp,2023.1.2,59.980554304606756
Reality,FALSE,FB-Ig,T_B_T,PsychoPyStudy2Stim/T_B_T_2.png,"In REALITY, there is ONE cube",1,h,b,2,0,2,1,0,1,1,0,1,B,PropFalse,0,183,183,93,NA,NA,NA,NA,NA,5.4649999947287e-4,1217.8268246000007,1218.2071787000025,1218.3071858000003,1220.3072546000003,1220.7068723000011,1220.8095012000013,1220.8095012000013,h,1,1.4885132999988857,1222.3236794000004,1222.3236794000004,1222.3236794000004,1222.3236794000004,NA,NA,NA,NA,NA,NA,036,001,2024-10-22_16h33.56.977,PsychoPy Exp,2023.1.2,59.980554304606756
Belief,FALSE,FB-Ig,T_B_T,PsychoPyStudy2Stim/T_B_T_6.png,Adam THINKS there are TWO cubes,2,h,b,2,0,2,1,0,1,1,0,1,B,PropTrueNoBelief,0,184,184,211,NA,NA,NA,NA,NA,0.00176460000147926,1222.3946527000007,1222.7737951000015,1222.8739117000005,1224.8738386000005,1225.2738181000022,1225.3762013000014,1225.3762013000014,h,1,2.650549099998898,1228.0402801000018,1228.0402801000018,1228.0402801000018,1228.0402801000018,NA,NA,NA,NA,NA,NA,036,001,2024-10-22_16h33.56.977,PsychoPy Exp,2023.1.2,59.980554304606756
Knowledge,TRUE,TB-K,D_NB,PsychoPyStudy2Stim/D_NB_3.png,Adam KNOWS there are ZERO cubes,0,b,h,1,1,0,1,1,0,0,0,0,NB,-,0,185,185,218,NA,NA,NA,NA,NA,4.9889999718288e-4,1228.1223557000012,1228.5070745000012,1228.6071868,1230.6070123999998,1231.007225600002,1231.1094139000015,1231.1094139000015,b,1,1.5084351000004972,1232.6404311000006,1232.6404311000006,1232.6404311000006,1232.6404311000006,NA,NA,NA,NA,NA,NA,036,001,2024-10-22_16h33.56.977,PsychoPy Exp,2023.1.2,59.980554304606756
Knowledge,FALSE,TB-K-B,DD_B,PsychoPyStudy2Stim/DD_B_6.png,Adam KNOWS there is ONE cube,1,h,b,2,2,0,2,2,0,0,0,0,B,PropFalse,0,186,186,296,NA,NA,NA,NA,NA,0.00169319999986328,1232.7334826000006,1233.1068883000007,1233.2071649999998,1235.2069856000016,1235.6071684999988,1235.7093729000007,1235.7093729000007,h,1,1.797334699997009,1237.5237109000009,1237.5237109000009,1237.5237109000009,1237.5237109000009,NA,NA,NA,NA,NA,NA,036,001,2024-10-22_16h33.56.977,PsychoPy Exp,2023.1.2,59.980554304606756
Knowledge,FALSE,FB-Ig,T_B_T,PsychoPyStudy2Stim/T_B_T_6.png,Adam KNOWS there is ONE cube,1,h,b,2,0,2,1,0,1,1,0,1,B,PropFalse,0,187,187,305,NA,NA,NA,NA,NA,0.00149180000153137,1237.6151376000016,1237.9903468000011,1238.0904384000023,1240.0905306000022,1240.4904869999991,1240.5926547000015,1240.5926547000015,h,1,4.297815800000535,1244.9070581000014,1244.9070581000014,1244.9070581000014,1244.9070581000014,NA,NA,NA,NA,NA,NA,036,001,2024-10-22_16h33.56.977,PsychoPy Exp,2023.1.2,59.980554304606756
Reality,TRUE,TB-Ig,D_B,PsychoPyStudy2Stim/D_B_1.png,"In REALITY, there are ZERO cubes",0,b,h,1,1,0,1,1,0,0,0,0,B,-,0,188,188,18,NA,NA,NA,NA,NA,0.00164090000180294,1245.0040818000016,1245.3736749000018,1245.4737969000016,1247.4738197000006,1247.8736737,1247.9763592000018,1247.9763592000018,b,1,2.689530999999988,1250.690377700001,1250.690377700001,1250.690377700001,1250.690377700001,NA,NA,NA,NA,NA,NA,036,001,2024-10-22_16h33.56.977,PsychoPy Exp,2023.1.2,59.980554304606756
Reality,FALSE,FB-Ig,D_B_T,PsychoPyStudy2Stim/D_B_T_2.png,"In REALITY, there are ZERO cubes",0,h,b,2,1,1,1,1,0,1,0,1,B,PropFalse,0,189,189,105,NA,NA,NA,NA,NA,0.00164649999715038,1250.776216599999,1251.1569812000016,1251.257108599999,1253.2569378000007,1253.6570329000024,1253.7591630999996,1253.7591630999996,h,1,1.3476854000000458,1255.1236914,1255.1236914,1255.1236914,1255.1236914,NA,NA,NA,NA,NA,NA,036,001,2024-10-22_16h33.56.977,PsychoPy Exp,2023.1.2,59.980554304606756
Knowledge,FALSE,TB-K,TT_NB,PsychoPyStudy2Stim/TT_NB_6.png,Adam KNOWS there is ONE cube,1,h,b,2,0,2,2,0,2,0,0,0,NB,PropFalse,0,190,190,287,NA,NA,NA,NA,NA,0.00169159999859402,1255.2136969999992,1255.5903087000006,1255.6904761000003,1257.6905112999991,1258.0903639999997,1258.1924538999992,1258.1924538999992,h,1,1.2891189999972994,1259.506899,1259.506899,1259.506899,1259.506899,NA,NA,NA,NA,NA,NA,036,001,2024-10-22_16h33.56.977,PsychoPy Exp,2023.1.2,59.980554304606756
Belief,FALSE,TB-K,D_NB,PsychoPyStudy2Stim/D_NB_2.png,Adam THINKS there is ONE cube,1,h,b,1,1,0,1,1,0,0,0,0,NB,PropFalse,0,191,191,163,NA,NA,NA,NA,NA,6.7630000194185e-4,1259.5894454000008,1259.9736784000015,1260.073747800001,1262.0734669000012,1262.4737655999998,1262.5759808000005,1262.5759808000005,h,1,1.2822331999996095,1263.873641500002,1263.873641500002,1263.873641500002,1263.873641500002,NA,NA,NA,NA,NA,NA,036,001,2024-10-22_16h33.56.977,PsychoPy Exp,2023.1.2,59.980554304606756
Knowledge,TRUE,TB-K-B,TD_B,PsychoPyStudy2Stim/TD_B_9.png,Adam KNOWS there is ONE cube,1,b,h,2,1,1,2,1,1,0,0,0,B,-,0,192,192,266,NA,NA,NA,NA,NA,0.00164510000104201,1263.966486100002,1264.3401273000018,1264.440405100002,1266.4402934999998,1266.8404169000023,1266.9425741000014,1266.9425741000014,b,1,1.2672869999987595,1268.2403402000018,1268.2403402000018,1268.2403402000018,1268.2403402000018,NA,NA,NA,NA,NA,NA,036,001,2024-10-22_16h33.56.977,PsychoPy Exp,2023.1.2,59.980554304606756
Reality,TRUE,TB-K,TD_NB,PsychoPyStudy2Stim/TD_NB_2.png,"In REALITY, there is ONE cube",1,b,h,2,1,1,2,1,1,0,0,0,NB,-,0,193,193,10,NA,NA,NA,NA,NA,0.00163529999917955,1268.3236904000005,1268.7069575999994,1268.8069256000017,1270.806964200001,1271.2070142000011,1271.3091777000009,1271.3091777000009,b,1,2.3172706000004837,1273.656842100001,1273.656842100001,1273.656842100001,1273.656842100001,NA,NA,NA,NA,NA,NA,036,001,2024-10-22_16h33.56.977,PsychoPy Exp,2023.1.2,59.980554304606756
Belief,FALSE,TB-Ig,D_B,PsychoPyStudy2Stim/D_B_1.png,Adam THINKS there is ONE cube,1,h,b,1,1,0,1,1,0,0,0,0,B,PropFalse,0,194,194,180,NA,NA,NA,NA,NA,0.00170359999901847,1273.7294784000003,1274.1069179000006,1274.2069158000013,1276.206951,1276.6070977000018,1276.709307600002,1276.709307600002,h,1,1.7324884000008751,1278.4568605000022,1278.4568605000022,1278.4568605000022,1278.4568605000022,NA,NA,NA,NA,NA,NA,036,001,2024-10-22_16h33.56.977,PsychoPy Exp,2023.1.2,59.980554304606756
Knowledge,FALSE,TB-K,T_NB,PsychoPyStudy2Stim/T_NB_3.png,Adam KNOWS there are TWO cubes,2,h,b,1,0,1,1,0,1,0,0,0,NB,PropFalse,0,195,195,275,NA,NA,NA,NA,NA,5.1580000217654e-4,1278.540278600001,1278.923383600002,1279.0237396000011,1281.0237404,1281.4235499999995,1281.5260568000012,1281.5260568000012,h,1,1.1877936000018965,1282.7402810999993,1282.7402810999993,1282.7402810999993,1282.7402810999993,NA,NA,NA,NA,NA,NA,036,001,2024-10-22_16h33.56.977,PsychoPy Exp,2023.1.2,59.980554304606756
Knowledge,TRUE,TB-K-B,DD_B,PsychoPyStudy2Stim/DD_B_10.png,Adam KNOWS there are ZERO cubes,0,b,h,2,2,0,2,2,0,0,0,0,B,-,0,196,196,243,NA,NA,NA,NA,NA,0.00168240000130026,1282.823965300002,1283.2070131,1283.3069227000017,1285.306878899999,1285.7070147000013,1285.809302900001,1285.809302900001,b,1,1.192472999999154,1287.0233690999994,1287.0233690999994,1287.0233690999994,1287.0233690999994,NA,NA,NA,NA,NA,NA,036,001,2024-10-22_16h33.56.977,PsychoPy Exp,2023.1.2,59.980554304606756
Belief,FALSE,FB-Ig,T_B_T,PsychoPyStudy2Stim/T_B_T_1.png,Adam THINKS there are TWO cubes,2,h,b,2,0,2,1,0,1,1,0,1,B,PropTrueNoBelief,0,197,197,206,NA,NA,NA,NA,NA,0.00113160000182688,1287.1002818000015,1287.4735256000022,1287.5736582999998,1289.5737498999988,1289.973653500001,1290.0758877000007,1290.0758877000007,h,1,1.805663299997832,1291.906900500002,1291.906900500002,1291.906900500002,1291.906900500002,NA,NA,NA,NA,NA,NA,036,001,2024-10-22_16h33.56.977,PsychoPy Exp,2023.1.2,59.980554304606756
Reality,TRUE,FB-Ig,T_B_T,PsychoPyStudy2Stim/T_B_T_3.png,"In REALITY, there are TWO cubes",2,b,h,2,0,2,1,0,1,1,0,1,B,-,0,198,198,40,NA,NA,NA,NA,NA,0.00150419999772566,1291.9931929000013,1292.373521900001,1292.4733906,1294.4735677999995,1294.873506100001,1294.975893400002,1294.975893400002,b,1,0.9218459999974584,1295.9236128000011,1295.9236128000011,1295.9236128000011,1295.9236128000011,NA,NA,NA,NA,NA,NA,036,001,2024-10-22_16h33.56.977,PsychoPy Exp,2023.1.2,59.980554304606756
Reality,FALSE,TB-K-B,TD_B,PsychoPyStudy2Stim/TD_B_5.png,"In REALITY, there are ZERO cubes",0,h,b,2,1,1,2,1,1,0,0,0,B,PropFalse,0,199,199,88,NA,NA,NA,NA,NA,0.00163050000264775,1296.0149686000004,1296.3900465000006,1296.4903151,1298.4903302999992,1298.8902736000018,1298.9926285,1298.9926285,h,1,2.761106199999631,1301.7735345,1301.7735345,1301.7735345,1301.7735345,NA,NA,NA,NA,NA,NA,036,001,2024-10-22_16h33.56.977,PsychoPy Exp,2023.1.2,59.980554304606756
Knowledge,FALSE,FB-Ig,T_B_T,PsychoPyStudy2Stim/T_B_T_3.png,Adam KNOWS there is ONE cube,1,h,b,2,0,2,1,0,1,1,0,1,B,PropFalse,0,200,200,302,NA,NA,NA,NA,NA,0.0016386000024795,1301.8494668999992,1302.2235082000009,1302.3233997999996,1304.323671500002,1304.7235060999992,1304.8258318000007,1304.8258318000007,h,1,2.2804231000009167,1307.1234464000008,1307.1234464000008,1307.1234464000008,1307.1234464000008,NA,NA,NA,NA,NA,NA,036,001,2024-10-22_16h33.56.977,PsychoPy Exp,2023.1.2,59.980554304606756
Reality,FALSE,TB-K,D_NB,PsychoPyStudy2Stim/D_NB_3.png,"In REALITY, there are TWO cubes",2,h,b,1,1,0,1,1,0,0,0,0,NB,PropFalse,0,201,201,56,NA,NA,NA,NA,NA,6.1220000134198e-4,1307.2128239000012,1307.590185600002,1307.6902773000002,1309.6902826000005,1310.0902137000012,1310.1924995000008,1310.1924995000008,h,1,1.328881100002036,1311.5399915000016,1311.5399915000016,1311.5399915000016,1311.5399915000016,NA,NA,NA,NA,NA,NA,036,001,2024-10-22_16h33.56.977,PsychoPy Exp,2023.1.2,59.980554304606756
Belief,FALSE,TB-K-B,TT_B,PsychoPyStudy2Stim/TT_B_3.png,Adam THINKS there are ZERO cubes,0,h,b,2,0,2,2,0,2,0,0,0,B,PropFalse,0,202,202,190,NA,NA,NA,NA,NA,0.00102830000105313,1311.6241145999993,1312.0068183000003,1312.1069595000008,1314.1069543000012,1314.5070567000002,1314.609128,1314.609128,h,1,4.240556900000229,1318.8733553999991,1318.8733553999991,1318.8733553999991,1318.8733553999991,NA,NA,NA,NA,NA,NA,036,001,2024-10-22_16h33.56.977,PsychoPy Exp,2023.1.2,59.980554304606756
Reality,TRUE,TB-K,D_NB,PsychoPyStudy2Stim/D_NB_2.png,"In REALITY, there are ZERO cubes",0,b,h,1,1,0,1,1,0,0,0,0,NB,-,0,203,203,1,NA,NA,NA,NA,NA,0.0016552999986743,1318.9408758999998,1319.3235133000017,1319.4234585000013,1321.423569900002,1321.8235022000008,1321.9258214,1321.9258214,b,1,2.0438592999998946,1323.9901782000015,1323.9901782000015,1323.9901782000015,1323.9901782000015,NA,NA,NA,NA,NA,NA,036,001,2024-10-22_16h33.56.977,PsychoPy Exp,2023.1.2,59.980554304606756
Reality,FALSE,TB-Ig,D_B,PsychoPyStudy2Stim/D_B_3.png,"In REALITY, there are TWO cubes",2,h,b,1,1,0,1,1,0,0,0,0,B,PropFalse,0,204,204,74,NA,NA,NA,NA,NA,0.00166410000019823,1324.0931272000016,1324.4734522,1324.573522499999,1326.5734107999997,1326.973492000001,1327.0758991000002,1327.0758991000002,h,1,1.885414700002002,1328.9900923000023,1328.9900923000023,1328.9900923000023,1328.9900923000023,NA,NA,NA,NA,NA,NA,036,001,2024-10-22_16h33.56.977,PsychoPy Exp,2023.1.2,59.980554304606756
Reality,FALSE,TB-K,DD_NB,PsychoPyStudy2Stim/DD_NB_1.png,"In REALITY, there is ONE cube",1,h,b,2,2,0,2,2,0,0,0,0,NB,PropFalse,0,205,205,60,NA,NA,NA,NA,NA,9.3009999909554e-4,1329.0632594000017,1329.4400864999989,1329.5402294000014,1331.5402385000016,1331.9401939000018,1332.0423091000011,1332.0423091000011,h,1,1.2480877000016335,1333.306772,1333.306772,1333.306772,1333.306772,NA,NA,NA,NA,NA,NA,036,001,2024-10-22_16h33.56.977,PsychoPy Exp,2023.1.2,59.980554304606756
Reality,TRUE,TB-K,TT_NB,PsychoPyStudy2Stim/TT_NB_1.png,"In REALITY, there are TWO cubes",2,b,h,2,0,2,2,0,2,0,0,0,NB,-,0,206,206,12,NA,NA,NA,NA,NA,0.00168139999732375,1333.3974235999997,1333.7734555999996,1333.8735238000008,1335.8734356000025,1336.2733432000025,1336.3757393000014,1336.3757393000014,b,1,8.850070800002868,1345.256728700002,1345.256728700002,1345.256728700002,1345.256728700002,NA,NA,NA,NA,NA,NA,036,001,2024-10-22_16h33.56.977,PsychoPy Exp,2023.1.2,59.980554304606756
Belief,FALSE,FB-Ig,T_B_T,PsychoPyStudy2Stim/T_B_T_5.png,Adam THINKS there are TWO cubes,2,h,b,2,0,2,1,0,1,1,0,1,B,PropTrueNoBelief,0,207,207,210,NA,NA,NA,NA,NA,0.00165810000180499,1345.3311351000011,1345.7067241000004,1345.8066037999995,1347.8066667999992,1348.206835500001,1348.3090615,1348.3090615,h,1,15.444421799998963,1363.773303599999,1363.773303599999,1363.773303599999,1363.773303599999,NA,NA,NA,NA,NA,NA,036,001,2024-10-22_16h33.56.977,PsychoPy Exp,2023.1.2,59.980554304606756
Reality,FALSE,TB-Ig,D_B_D,PsychoPyStudy2Stim/D_B_D_1.png,"In REALITY, there are TWO cubes",2,h,b,2,2,0,1,1,0,1,1,0,B,PropFalse,0,208,208,76,NA,NA,NA,NA,NA,0.00149770000280113,1363.8651967000003,1364.240024900002,1364.3401885999992,1366.339932400002,1366.740069800002,1366.8424675000024,1366.8424675000024,h,1,1.3907695000016247,1368.2564588999994,1368.2564588999994,1368.2564588999994,1368.2564588999994,NA,NA,NA,NA,NA,NA,036,001,2024-10-22_16h33.56.977,PsychoPy Exp,2023.1.2,59.980554304606756
Belief,TRUE,TB-Ig,D_B_D,PsychoPyStudy2Stim/D_B_D_4.png,Adam THINKS there are ZERO cubes,0,b,h,2,2,0,1,1,0,1,1,0,B,-,0,209,209,133,NA,NA,NA,NA,NA,4.8610000158078e-4,1368.3389711000018,1368.7233392000016,1368.8234257000004,1370.8234235000018,1371.2234049,1371.3255845000022,1371.3255845000022,b,1,3.5324112999987847,1374.8732786,1374.8732786,1374.8732786,1374.8732786,NA,NA,NA,NA,NA,NA,036,001,2024-10-22_16h33.56.977,PsychoPy Exp,2023.1.2,59.980554304606756
Belief,TRUE,TB-K,T_NB,PsychoPyStudy2Stim/T_NB_2.png,Adam THINKS there is ONE cube,1,b,h,1,0,1,1,0,1,0,0,0,NB,-,0,210,210,112,NA,NA,NA,NA,NA,0.00164590000349562,1374.9728882000018,1375.356620900002,1375.4565325000003,1377.4565789000007,1377.856704599999,1377.959058299999,1377.959058299999,b,1,1.33105820000128,1379.3066853000018,1379.3066853000018,1379.3066853000018,1379.3066853000018,NA,NA,NA,NA,NA,NA,036,001,2024-10-22_16h33.56.977,PsychoPy Exp,2023.1.2,59.980554304606756
Knowledge,FALSE,TB-K,TT_NB,PsychoPyStudy2Stim/TT_NB_5.png,Adam KNOWS there is ONE cube,1,h,b,2,0,2,2,0,2,0,0,0,NB,PropFalse,0,211,211,286,NA,NA,NA,NA,NA,0.00166159999935189,1379.383647499999,1379.7566006000015,1379.8565792000009,1381.8567193000015,1382.256689599999,1382.3588767,1382.3588767,h,1,1.8265840999993088,1384.2066768000004,1384.2066768000004,1384.2066768000004,1384.2066768000004,NA,NA,NA,NA,NA,NA,036,001,2024-10-22_16h33.56.977,PsychoPy Exp,2023.1.2,59.980554304606756
Knowledge,FALSE,FB-Ig,D_B_T,PsychoPyStudy2Stim/D_B_T_1.png,Adam KNOWS there is ONE cube,1,h,b,2,1,1,1,1,0,1,0,1,B,PropTrueNoKnowledge,0,212,212,318,NA,NA,NA,NA,NA,0.00164270000095712,1384.2967540999998,1384.6732668000004,1384.7733364000014,1386.7734547,1387.1733453000015,1387.2754282000024,1387.2754282000024,h,1,5.654051700003038,1392.9565500999995,1392.9565500999995,1392.9565500999995,1392.9565500999995,NA,NA,NA,NA,NA,NA,036,001,2024-10-22_16h33.56.977,PsychoPy Exp,2023.1.2,59.980554304606756
Reality,FALSE,TB-Ig,D_B_D,PsychoPyStudy2Stim/D_B_D_2.png,"In REALITY, there are TWO cubes",2,h,b,2,2,0,1,1,0,1,1,0,B,PropFalse,0,213,213,77,NA,NA,NA,NA,NA,0.0015477999986615,1393.0590377000008,1393.4399446999996,1393.5398348000017,1395.539814600001,1395.9399569000016,1396.042234299999,1396.042234299999,h,1,1.2951644999993732,1397.3565598000023,1397.3565598000023,1397.3565598000023,1397.3565598000023,NA,NA,NA,NA,NA,NA,036,001,2024-10-22_16h33.56.977,PsychoPy Exp,2023.1.2,59.980554304606756
Knowledge,FALSE,FB-Ig,T_B_T,PsychoPyStudy2Stim/T_B_T_2.png,Adam KNOWS there are TWO cubes,2,h,b,2,0,2,1,0,1,1,0,1,B,PropTrueNoKnowledge,0,214,214,313,NA,NA,NA,NA,NA,0.00165280000146594,1397.4543844,1397.8398081000014,1397.9400461000005,1399.9400147000017,1400.3399830000017,1400.4422046,1400.4422046,h,1,2.670998599998711,1403.1397488000002,1403.1397488000002,1403.1397488000002,1403.1397488000002,NA,NA,NA,NA,NA,NA,036,001,2024-10-22_16h33.56.977,PsychoPy Exp,2023.1.2,59.980554304606756
Belief,TRUE,TB-K-B,TT_B,PsychoPyStudy2Stim/TT_B_3.png,Adam THINKS there are TWO cubes,2,b,h,2,0,2,2,0,2,0,0,0,B,-,0,215,215,136,NA,NA,NA,NA,NA,0.00163479999901028,1403.213807600001,1403.5898522999996,1403.6899760000017,1405.6898892999998,1406.0899342000012,1406.1920847,1406.1920847,b,1,3.3369980999996187,1409.5564269999995,1409.5564269999995,1409.5564269999995,1409.5564269999995,NA,NA,NA,NA,NA,NA,036,001,2024-10-22_16h33.56.977,PsychoPy Exp,2023.1.2,59.980554304606756
Reality,FALSE,TB-K-B,TD_B,PsychoPyStudy2Stim/TD_B_9.png,"In REALITY, there are ZERO cubes",0,h,b,2,1,1,2,1,1,0,0,0,B,PropFalse,0,216,216,91,NA,NA,NA,NA,NA,6.7440000202623e-4,1409.6528674,1410.0231468999991,1410.1233063,1412.1231670000016,1412.5232687999996,1412.625482800002,1412.625482800002,h,1,1.9755428999997091,1414.6230127000017,1414.6230127000017,1414.6230127000017,1414.6230127000017,NA,NA,NA,NA,NA,NA,036,001,2024-10-22_16h33.56.977,PsychoPy Exp,2023.1.2,59.980554304606756
Reality,TRUE,FB-Ig,D_B_T,PsychoPyStudy2Stim/D_B_T_3.png,"In REALITY, there is ONE cube",1,b,h,2,1,1,1,1,0,1,0,1,B,-,0,217,217,52,NA,NA,NA,NA,NA,4.4899999920744e-4,1414.6998381000012,1415.0729709000009,1415.1732020000018,1417.173248200001,1417.573239100002,1417.6754438999997,1417.6754438999997,b,1,1.4696603999982472,1419.1729269999996,1419.1729269999996,1419.1729269999996,1419.1729269999996,NA,NA,NA,NA,NA,NA,036,001,2024-10-22_16h33.56.977,PsychoPy Exp,2023.1.2,59.980554304606756
Belief,FALSE,FB-Ig,T_B_T,PsychoPyStudy2Stim/T_B_T_2.png,Adam THINKS there are TWO cubes,2,h,b,2,0,2,1,0,1,1,0,1,B,PropTrueNoBelief,0,218,218,201,NA,NA,NA,NA,NA,5.8390000049257e-4,1419.2452825,1419.6231343,1419.723090899999,1421.723176899999,1422.1233161000018,1422.2255900000018,1422.2255900000018,h,1,4.175767299999279,1426.4231844000024,1426.4231844000024,1426.4231844000024,1426.4231844000024,NA,NA,NA,NA,NA,NA,036,001,2024-10-22_16h33.56.977,PsychoPy Exp,2023.1.2,59.980554304606756
Knowledge,FALSE,FB-Ig,T_B_T,PsychoPyStudy2Stim/T_B_T_6.png,Adam KNOWS there are TWO cubes,2,h,b,2,0,2,1,0,1,1,0,1,B,PropTrueNoKnowledge,0,219,219,311,NA,NA,NA,NA,NA,0.00165220000053523,1426.5123807000018,1426.8897964999996,1426.989961899999,1428.9898568999995,1429.3899181000015,1429.492124299999,1429.492124299999,h,1,3.636857900000905,1433.1563915000006,1433.1563915000006,1433.1563915000006,1433.1563915000006,NA,NA,NA,NA,NA,NA,036,001,2024-10-22_16h33.56.977,PsychoPy Exp,2023.1.2,59.980554304606756
Knowledge,FALSE,FB-Ig,D_B_T,PsychoPyStudy2Stim/D_B_T_3.png,Adam KNOWS there is ONE cube,1,h,b,2,1,1,1,1,0,1,0,1,B,PropTrueNoKnowledge,0,220,220,320,NA,NA,NA,NA,NA,6.7159999889554e-4,1433.2481850000004,1433.6230890000006,1433.7232810999994,1435.7230839000003,1436.1231607000009,1436.2256061000007,1436.2256061000007,h,1,1.7357520000005024,1437.9897956999994,1437.9897956999994,1437.9897956999994,1437.9897956999994,NA,NA,NA,NA,NA,NA,036,001,2024-10-22_16h33.56.977,PsychoPy Exp,2023.1.2,59.980554304606756
Reality,TRUE,TB-K,D_NB,PsychoPyStudy2Stim/D_NB_3.png,"In REALITY, there are ZERO cubes",0,b,h,1,1,0,1,1,0,0,0,0,NB,-,0,221,221,2,NA,NA,NA,NA,NA,0.00171050000062678,1438.071641900002,1438.4564404000012,1438.556385,1440.5565922999997,1440.9566341999998,1441.0587668000007,1441.0587668000007,b,1,9.150602199999412,1450.2397834000003,1450.2397834000003,1450.2397834000003,1450.2397834000003,NA,NA,NA,NA,NA,NA,036,001,2024-10-22_16h33.56.977,PsychoPy Exp,2023.1.2,59.980554304606756
Reality,TRUE,TB-Ig,D_B,PsychoPyStudy2Stim/D_B_3.png,"In REALITY, there are ZERO cubes",0,b,h,1,1,0,1,1,0,0,0,0,B,-,0,222,222,20,NA,NA,NA,NA,NA,0.00166529999842168,1450.327391900002,1450.706402300002,1450.8064943999998,1452.806364,1453.206322500002,1453.3086651000012,1453.3086651000012,b,1,1.5969843999992008,1454.922976599999,1454.922976599999,1454.922976599999,1454.922976599999,NA,NA,NA,NA,NA,NA,036,001,2024-10-22_16h33.56.977,PsychoPy Exp,2023.1.2,59.980554304606756
Knowledge,FALSE,FB-Ig,D_B_T,PsychoPyStudy2Stim/D_B_T_1.png,Adam KNOWS there are ZERO cubes,0,h,b,2,1,1,1,1,0,1,0,1,B,PropFalse,0,223,223,322,NA,NA,NA,NA,NA,5.7139999989885e-4,1455.0094266000017,1455.3896760999996,1455.489798300001,1457.4896676999997,1457.889800699999,1457.9919813000015,1457.9919813000015,h,1,2.2412578000003123,1460.2564076999988,1460.2564076999988,1460.2564076999988,1460.2564076999988,NA,NA,NA,NA,NA,NA,036,001,2024-10-22_16h33.56.977,PsychoPy Exp,2023.1.2,59.980554304606756
Knowledge,TRUE,TB-K,T_NB,PsychoPyStudy2Stim/T_NB_1.png,Adam KNOWS there is ONE cube,1,b,h,1,0,1,1,0,1,0,0,0,NB,-,0,224,224,219,NA,NA,NA,NA,NA,0.00169500000265543,1460.3640560999993,1460.7395122000016,1460.8398568000011,1462.839846400002,1463.2397664000018,1463.3421282999989,1463.3421282999989,b,1,2.2590997999977844,1465.6227321000006,1465.6227321000006,1465.6227321000006,1465.6227321000006,NA,NA,NA,NA,NA,NA,036,001,2024-10-22_16h33.56.977,PsychoPy Exp,2023.1.2,59.980554304606756
Reality,FALSE,TB-K,T_NB,PsychoPyStudy2Stim/T_NB_1.png,"In REALITY, there are ZERO cubes",0,h,b,1,0,1,1,0,1,0,0,0,NB,PropFalse,0,225,225,57,NA,NA,NA,NA,NA,0.00114979999852948,1465.6956811000018,1466.0729818,1466.1731856000006,1468.1731518000015,1468.5729001,1468.6754726,1468.6754726,h,1,1.2777611999990768,1469.9730498999998,1469.9730498999998,1469.9730498999998,1469.9730498999998,NA,NA,NA,NA,NA,NA,036,001,2024-10-22_16h33.56.977,PsychoPy Exp,2023.1.2,59.980554304606756
Belief,FALSE,TB-K,TD_NB,PsychoPyStudy2Stim/TD_NB_2.png,Adam THINKS there are ZERO cubes,0,h,b,2,1,1,2,1,1,0,0,0,NB,PropFalse,0,226,226,172,NA,NA,NA,NA,NA,0.00166750000062165,1470.0482420000008,1470.4229817000014,1470.523051,1472.522929400002,1472.9231456000016,1473.0252681999991,1473.0252681999991,h,1,4.1116335000006075,1477.1561540000002,1477.1561540000002,1477.1561540000002,1477.1561540000002,NA,NA,NA,NA,NA,NA,036,001,2024-10-22_16h33.56.977,PsychoPy Exp,2023.1.2,59.980554304606756
Knowledge,TRUE,TB-K-B,DD_B,PsychoPyStudy2Stim/DD_B_8.png,Adam KNOWS there are ZERO cubes,0,b,h,2,2,0,2,2,0,0,0,0,B,-,0,227,227,241,NA,NA,NA,NA,NA,4.2620000021997e-4,1477.2422780000015,1477.6228687000005,1477.7229573000004,1479.7229243000002,1480.1230028999998,1480.2251443000025,1480.2251443000025,b,1,1.519680699999299,1481.7728174000003,1481.7728174000003,1481.7728174000003,1481.7728174000003,NA,NA,NA,NA,NA,NA,036,001,2024-10-22_16h33.56.977,PsychoPy Exp,2023.1.2,59.980554304606756
Belief,FALSE,TB-K-B,TT_B,PsychoPyStudy2Stim/TT_B_11.png,Adam THINKS there are ZERO cubes,0,h,b,2,0,2,2,0,2,0,0,0,B,PropFalse,0,228,228,198,NA,NA,NA,NA,NA,3.8510000013047e-4,1481.8524180000022,1482.2227832999995,1482.3231348000008,1484.323088000001,1484.7231155000009,1484.8251834000002,1484.8251834000002,h,1,1.7520552999994834,1486.6063197000003,1486.6063197000003,1486.6063197000003,1486.6063197000003,NA,NA,NA,NA,NA,NA,036,001,2024-10-22_16h33.56.977,PsychoPy Exp,2023.1.2,59.980554304606756
Belief,FALSE,FB-Ig,T_B_T,PsychoPyStudy2Stim/T_B_T_2.png,Adam THINKS there are TWO cubes,2,h,b,2,0,2,1,0,1,1,0,1,B,PropTrueNoBelief,0,229,229,207,NA,NA,NA,NA,NA,0.00165100000231177,1486.6958371,1487.0729361000012,1487.1730687999989,1489.1728862000018,1489.573040899999,1489.6751580000018,1489.6751580000018,h,1,8.758005000003322,1498.456290000002,1498.456290000002,1498.456290000002,1498.456290000002,NA,NA,NA,NA,NA,NA,036,001,2024-10-22_16h33.56.977,PsychoPy Exp,2023.1.2,59.980554304606756
Knowledge,TRUE,TB-K,DD_NB,PsychoPyStudy2Stim/DD_NB_3.png,Adam KNOWS there are ZERO cubes,0,b,h,2,2,0,2,2,0,0,0,0,NB,-,0,230,230,224,NA,NA,NA,NA,NA,0.00163030000112485,1498.546985699999,1498.922914499999,1499.0230876000023,1501.0230674000013,1501.423069700002,1501.5252161999997,1501.5252161999997,b,1,1.684069000002637,1503.2395679,1503.2395679,1503.2395679,1503.2395679,NA,NA,NA,NA,NA,NA,036,001,2024-10-22_16h33.56.977,PsychoPy Exp,2023.1.2,59.980554304606756
Belief,FALSE,TB-K,DD_NB,PsychoPyStudy2Stim/DD_NB_3.png,Adam THINKS there are TWO cubes,2,h,b,2,2,0,2,2,0,0,0,0,NB,PropFalse,0,231,231,170,NA,NA,NA,NA,NA,0.00171309999859659,1503.3356386000014,1503.7062522000017,1503.8063721,1505.8062351000008,1506.2063903000017,1506.3084729000002,1506.3084729000002,h,1,3.1335347999993246,1509.472753099999,1509.472753099999,1509.472753099999,1509.472753099999,NA,NA,NA,NA,NA,NA,036,001,2024-10-22_16h33.56.977,PsychoPy Exp,2023.1.2,59.980554304606756
Belief,FALSE,TB-Ig,D_B,PsychoPyStudy2Stim/D_B_4.png,Adam THINKS there is ONE cube,1,h,b,1,1,0,1,1,0,0,0,0,B,PropFalse,0,232,232,183,NA,NA,NA,NA,NA,4.1140000030281e-4,1509.549003799999,1509.9229333000003,1510.0230020999988,1512.0230186000008,1512.4229777,1512.5252020000007,1512.5252020000007,h,1,1.7806662000002689,1514.322874000001,1514.322874000001,1514.322874000001,1514.322874000001,NA,NA,NA,NA,NA,NA,036,001,2024-10-22_16h33.56.977,PsychoPy Exp,2023.1.2,59.980554304606756
Reality,FALSE,FB-Ig,T_B_T,PsychoPyStudy2Stim/T_B_T_3.png,"In REALITY, there is ONE cube",1,h,b,2,0,2,1,0,1,1,0,1,B,PropFalse,0,233,233,94,NA,NA,NA,NA,NA,0.00165620000188937,1514.413922600001,1514.7895228000016,1514.8896246000004,1516.889500600002,1517.2895258999995,1517.3918285,1517.3918285,h,1,1.0815867999990587,1518.489358900002,1518.489358900002,1518.489358900002,1518.489358900002,NA,NA,NA,NA,NA,NA,036,001,2024-10-22_16h33.56.977,PsychoPy Exp,2023.1.2,59.980554304606756
Belief,TRUE,FB-Ig,T_B_T,PsychoPyStudy2Stim/T_B_T_6.png,Adam THINKS there is ONE cube,1,b,h,2,0,2,1,0,1,1,0,1,B,-,0,234,234,151,NA,NA,NA,NA,NA,3.9689999903202e-4,1518.5629942000014,1518.9395267,1519.0396732000008,1521.0394072000015,1521.439602800001,1521.5417724,1521.5417724,b,1,4.067252799999551,1525.6394968999994,1525.6394968999994,1525.6394968999994,1525.6394968999994,NA,NA,NA,NA,NA,NA,036,001,2024-10-22_16h33.56.977,PsychoPy Exp,2023.1.2,59.980554304606756
Belief,FALSE,FB-Ig,D_B_T,PsychoPyStudy2Stim/D_B_T_1.png,Adam THINKS there is ONE cube,1,h,b,2,1,1,1,1,0,1,0,1,B,PropTrueNoBelief,0,235,235,212,NA,NA,NA,NA,NA,0.00149859999874024,1525.7322681000005,1526.1061464000013,1526.2062915999995,1528.2060906000006,1528.6062521000022,1528.7085718000017,1528.7085718000017,h,1,1.604522800000268,1530.3395442,1530.3395442,1530.3395442,1530.3395442,NA,NA,NA,NA,NA,NA,036,001,2024-10-22_16h33.56.977,PsychoPy Exp,2023.1.2,59.980554304606756
Reality,TRUE,TB-Ig,D_B_D,PsychoPyStudy2Stim/D_B_D_1.png,"In REALITY, there are ZERO cubes",0,b,h,2,2,0,1,1,0,1,1,0,B,-,0,236,236,22,NA,NA,NA,NA,NA,0.00169129999994765,1530.4336516000003,1530.8061387000016,1530.9063232000008,1532.906254100002,1533.306273099999,1533.4085029000016,1533.4085029000016,b,1,1.0970344999986992,1534.5227371,1534.5227371,1534.5227371,1534.5227371,NA,NA,NA,NA,NA,NA,036,001,2024-10-22_16h33.56.977,PsychoPy Exp,2023.1.2,59.980554304606756
Reality,FALSE,TB-K,TT_NB,PsychoPyStudy2Stim/TT_NB_3.png,"In REALITY, there are ZERO cubes",0,h,b,2,0,2,2,0,2,0,0,0,NB,PropFalse,0,237,237,68,NA,NA,NA,NA,NA,7.5429999924381e-4,1534.6108944000007,1534.9894717999996,1535.089587800001,1537.0895727999996,1537.4894155000002,1537.5917389000024,1537.5917389000024,h,1,1.113658400001441,1538.7226126000023,1538.7226126000023,1538.7226126000023,1538.7226126000023,NA,NA,NA,NA,NA,NA,036,001,2024-10-22_16h33.56.977,PsychoPy Exp,2023.1.2,59.980554304606756
Reality,TRUE,TB-K,TD_NB,PsychoPyStudy2Stim/TD_NB_1.png,"In REALITY, there is ONE cube",1,b,h,2,1,1,2,1,1,0,0,0,NB,-,0,238,238,9,NA,NA,NA,NA,NA,4.2910000047413e-4,1538.7977766000004,1539.1727769999998,1539.2727550000018,1541.2729001000007,1541.6729027,1541.7749531000009,1541.7749531000009,b,1,1.0337375000017346,1542.8394654000003,1542.8394654000003,1542.8394654000003,1542.8394654000003,NA,NA,NA,NA,NA,NA,036,001,2024-10-22_16h33.56.977,PsychoPy Exp,2023.1.2,59.980554304606756
Belief,FALSE,TB-K,TD_NB,PsychoPyStudy2Stim/TD_NB_3.png,Adam THINKS there are TWO cubes,2,h,b,2,1,1,2,1,1,0,0,0,NB,PropFalse,0,239,239,173,NA,NA,NA,NA,NA,7.5939999805996e-4,1542.9360705,1543.306094800002,1543.4060668999991,1545.4060881000005,1545.8062314999988,1545.908387800002,1545.908387800002,h,1,1.284631400001672,1547.222812,1547.222812,1547.222812,1547.222812,NA,NA,NA,NA,NA,NA,036,001,2024-10-22_16h33.56.977,PsychoPy Exp,2023.1.2,59.980554304606756
Knowledge,TRUE,TB-K-B,DD_B,PsychoPyStudy2Stim/DD_B_11.png,Adam KNOWS there are ZERO cubes,0,b,h,2,2,0,2,2,0,0,0,0,B,-,0,240,240,244,NA,NA,NA,NA,NA,0.0016968000018096,1547.3153595000003,1547.6894725999991,1547.7895644000018,1549.789624000001,1550.1895917000002,1550.2918226000002,1550.2918226000002,b,1,1.6851915000006557,1552.0061268999998,1552.0061268999998,1552.0061268999998,1552.0061268999998,NA,NA,NA,NA,NA,NA,036,001,2024-10-22_16h33.56.977,PsychoPy Exp,2023.1.2,59.980554304606756
Reality,FALSE,FB-Ig,D_B_T,PsychoPyStudy2Stim/D_B_T_1.png,"In REALITY, there are ZERO cubes",0,h,b,2,1,1,1,1,0,1,0,1,B,PropFalse,0,241,241,104,NA,NA,NA,NA,NA,0.00161719999960041,1552.0855857000024,1552.4560702999988,1552.556201800002,1554.556017400002,1554.956205800001,1555.0583690999993,1555.0583690999993,h,1,1.7826185999983863,1556.8726687999988,1556.8726687999988,1556.8726687999988,1556.8726687999988,NA,NA,NA,NA,NA,NA,036,001,2024-10-22_16h33.56.977,PsychoPy Exp,2023.1.2,59.980554304606756
Belief,FALSE,FB-Ig,D_B_T,PsychoPyStudy2Stim/D_B_T_2.png,Adam THINKS there is ONE cube,1,h,b,2,1,1,1,1,0,1,0,1,B,PropTrueNoBelief,0,242,242,213,NA,NA,NA,NA,NA,5.7240000023739e-4,1556.9505456000006,1557.322726000002,1557.4227022000014,1559.4227142000018,1559.822813499999,1559.9251996999992,1559.9251996999992,h,1,1.364335400001437,1561.3072821999997,NA,1561.3072821999997,NA,space,10.085725400000229,NA,NA,NA,NA,036,001,2024-10-22_16h33.56.977,PsychoPy Exp,2023.1.2,59.980554304606756
Belief,FALSE,FB-Ig,T_B_T,PsychoPyStudy2Stim/T_B_T_1.png,Adam THINKS there are TWO cubes,2,h,b,2,0,2,1,0,1,1,0,1,B,PropTrueNoBelief,0,243,243,200,NA,NA,NA,NA,NA,0.00172659999952884,1571.4933280000005,1571.8726580000002,1571.9728061000023,1573.9727371000008,1574.3727566000016,1574.4749809000025,1574.4749809000025,h,1,4.133989300000394,1578.6393683999995,1578.6393683999995,1578.6393683999995,1578.6393683999995,NA,NA,NA,NA,NA,NA,036,001,2024-10-22_16h33.56.977,PsychoPy Exp,2023.1.2,59.980554304606756
Knowledge,TRUE,TB-K,DD_NB,PsychoPyStudy2Stim/DD_NB_2.png,Adam KNOWS there are ZERO cubes,0,b,h,2,2,0,2,2,0,0,0,0,NB,-,0,244,244,223,NA,NA,NA,NA,NA,0.0016384000009566,1578.743425200002,1579.122591700001,1579.2228225,1581.2227483999995,1581.622761900002,1581.724936900002,1581.724936900002,b,1,3.835947399998986,1585.5891580999996,1585.5891580999996,1585.5891580999996,1585.5891580999996,NA,NA,NA,NA,NA,NA,036,001,2024-10-22_16h33.56.977,PsychoPy Exp,2023.1.2,59.980554304606756
Belief,FALSE,TB-K,TT_NB,PsychoPyStudy2Stim/TT_NB_4.png,Adam THINKS there is ONE cube,1,h,b,2,0,2,2,0,2,0,0,0,NB,PropFalse,0,245,245,177,NA,NA,NA,NA,NA,0.00164029999723425,1585.6602337000004,1586.0392576000013,1586.1393248000022,1588.143887000002,1588.5393081000002,1588.6416587000022,1588.6416587000022,h,1,2.119263700002193,1590.789370999999,1590.789370999999,1590.789370999999,1590.789370999999,NA,NA,NA,NA,NA,NA,036,001,2024-10-22_16h33.56.977,PsychoPy Exp,2023.1.2,59.980554304606756
Knowledge,TRUE,TB-K,TD_NB,PsychoPyStudy2Stim/TD_NB_1.png,Adam KNOWS there is ONE cube,1,b,h,2,1,1,2,1,1,0,0,0,NB,-,0,246,246,225,NA,NA,NA,NA,NA,0.00178069999674335,1590.8811317,1591.2560250000024,1591.3558828000023,1593.3559196000024,1593.7560689999991,1593.8582707999994,1593.8582707999994,b,1,1.4625835999977426,1595.3393952000006,1595.3393952000006,1595.3393952000006,1595.3393952000006,NA,NA,NA,NA,NA,NA,036,001,2024-10-22_16h33.56.977,PsychoPy Exp,2023.1.2,59.980554304606756
Reality,TRUE,TB-Ig,D_B_D,PsychoPyStudy2Stim/D_B_D_2.png,"In REALITY, there are ZERO cubes",0,b,h,2,2,0,1,1,0,1,1,0,B,-,0,247,247,23,NA,NA,NA,NA,NA,0.00188939999861759,1595.420762400001,1595.8059329999996,1595.9060828,1597.905980800002,1598.306003400001,1598.4081582,1598.4081582,b,1,5.720965200001956,1604.155997599999,1604.155997599999,1604.155997599999,1604.155997599999,NA,NA,NA,NA,NA,NA,036,001,2024-10-22_16h33.56.977,PsychoPy Exp,2023.1.2,59.980554304606756
Belief,TRUE,TB-K-B,TT_B,PsychoPyStudy2Stim/TT_B_7.png,Adam THINKS there are TWO cubes,2,b,h,2,0,2,2,0,2,0,0,0,B,-,0,248,248,140,NA,NA,NA,NA,NA,0.00188260000140871,1604.256045500002,1604.6392608000024,1604.7394091999995,1606.7392299999992,1607.1392474000022,1607.2416316000017,1607.2416316000017,b,1,1.5029990000002726,1608.7725404000012,1608.7725404000012,1608.7725404000012,1608.7725404000012,NA,NA,NA,NA,NA,NA,036,001,2024-10-22_16h33.56.977,PsychoPy Exp,2023.1.2,59.980554304606756
Knowledge,TRUE,TB-K,D_NB,PsychoPyStudy2Stim/D_NB_2.png,Adam KNOWS there are ZERO cubes,0,b,h,1,1,0,1,1,0,0,0,0,NB,-,0,249,249,217,NA,NA,NA,NA,NA,0.00126539999837405,1608.8603092000012,1609.2392323999993,1609.339161,1611.3393385000018,1611.7392526000003,1611.8415735000017,1611.8415735000017,b,1,1.887385699999868,1613.755761299999,1613.755761299999,1613.755761299999,1613.755761299999,NA,NA,NA,NA,NA,NA,036,001,2024-10-22_16h33.56.977,PsychoPy Exp,2023.1.2,59.980554304606756
Knowledge,TRUE,TB-K-B,DD_B,PsychoPyStudy2Stim/DD_B_1.png,Adam KNOWS there are ZERO cubes,0,b,h,2,2,0,2,2,0,0,0,0,B,-,0,250,250,234,NA,NA,NA,NA,NA,0.00176769999961834,1613.8297973000008,1614.2058813000003,1614.3059678999998,1616.3060035000017,1616.7059313999998,1616.8081620000012,1616.8081620000012,b,1,3.160413999998127,1619.9891183,1619.9891183,1619.9891183,1619.9891183,NA,NA,NA,NA,NA,NA,036,001,2024-10-22_16h33.56.977,PsychoPy Exp,2023.1.2,59.980554304606756
Knowledge,FALSE,TB-K,DD_NB,PsychoPyStudy2Stim/DD_NB_1.png,Adam KNOWS there is ONE cube,1,h,b,2,2,0,2,2,0,0,0,0,NB,PropFalse,0,251,251,276,NA,NA,NA,NA,NA,0.00117089999912423,1620.0740527000016,1620.4558959999997,1620.5558003000006,1622.5557974000003,1622.9560075000009,1623.058165999999,1623.058165999999,h,1,1.6945549000010942,1624.772377600002,1624.772377600002,1624.772377600002,1624.772377600002,NA,NA,NA,NA,NA,NA,036,001,2024-10-22_16h33.56.977,PsychoPy Exp,2023.1.2,59.980554304606756
Knowledge,FALSE,TB-K,TT_NB,PsychoPyStudy2Stim/TT_NB_1.png,Adam KNOWS there are ZERO cubes,0,h,b,2,0,2,2,0,2,0,0,0,NB,PropFalse,0,252,252,282,NA,NA,NA,NA,NA,0.00187820000064675,1624.8388644000006,1625.2225400999996,1625.3225268000024,1627.3226544999998,1627.722678099999,1627.8248707999992,1627.8248707999992,h,1,1.4003794000018388,1629.2556600999997,1629.2556600999997,1629.2556600999997,1629.2556600999997,NA,NA,NA,NA,NA,NA,036,001,2024-10-22_16h33.56.977,PsychoPy Exp,2023.1.2,59.980554304606756
Knowledge,TRUE,TB-K-B,DD_B,PsychoPyStudy2Stim/DD_B_9.png,Adam KNOWS there are ZERO cubes,0,b,h,2,2,0,2,2,0,0,0,0,B,-,0,253,253,242,NA,NA,NA,NA,NA,4.2439999742782e-4,1629.3333638000004,1629.7058249000002,1629.8059286999996,1631.806016300001,1632.205994399999,1632.308268000001,1632.308268000001,b,1,2.4444269000014174,1634.772568700002,1634.772568700002,1634.772568700002,1634.772568700002,NA,NA,NA,NA,NA,NA,036,001,2024-10-22_16h33.56.977,PsychoPy Exp,2023.1.2,59.980554304606756
Knowledge,TRUE,TB-K,TT_NB,PsychoPyStudy2Stim/TT_NB_1.png,Adam KNOWS there are TWO cubes,2,b,h,2,0,2,2,0,2,0,0,0,NB,-,0,254,254,228,NA,NA,NA,NA,NA,0.00178199999936623,1634.8461896000008,1635.2224898999991,1635.3226620999994,1637.3226151000017,1637.7224833,1637.8250389000025,1637.8250389000025,b,1,1.1754125000006752,1639.0223177000007,1639.0223177000007,1639.0223177000007,1639.0223177000007,NA,NA,NA,NA,NA,NA,036,001,2024-10-22_16h33.56.977,PsychoPy Exp,2023.1.2,59.980554304606756
Reality,TRUE,TB-K-B,TD_B,PsychoPyStudy2Stim/TD_B_3.png,"In REALITY, there is ONE cube",1,b,h,2,1,1,2,1,1,0,0,0,B,-,0,255,255,32,NA,NA,NA,NA,NA,5.2280000090831e-4,1639.1020131000005,1639.472441500002,1639.5725815000003,1641.5724633999998,1641.9724053999998,1642.0747443,1642.0747443,b,1,1.0937048000014329,1643.189113299999,1643.189113299999,1643.189113299999,1643.189113299999,NA,NA,NA,NA,NA,NA,036,001,2024-10-22_16h33.56.977,PsychoPy Exp,2023.1.2,59.980554304606756
Reality,TRUE,TB-K-B,DD_B,PsychoPyStudy2Stim/DD_B_15.png,"In REALITY, there are ZERO cubes",0,b,h,2,2,0,2,2,0,0,0,0,B,-,0,256,256,28,NA,NA,NA,NA,NA,8.6230000306386e-4,1643.3025070000003,1643.6724722,1643.772643799999,1645.772574999999,1646.1725678000005,1646.2746116999988,1646.2746116999988,b,1,0.9101047000003746,1647.2058613000008,1647.2058613000008,1647.2058613000008,1647.2058613000008,NA,NA,NA,NA,NA,NA,036,001,2024-10-22_16h33.56.977,PsychoPy Exp,2023.1.2,59.980554304606756
Belief,TRUE,TB-K-B,TT_B,PsychoPyStudy2Stim/TT_B_10.png,Adam THINKS there are TWO cubes,2,b,h,2,0,2,2,0,2,0,0,0,B,-,0,257,257,143,NA,NA,NA,NA,NA,0.00175519999902462,1647.3045386000013,1647.6891505999993,1647.7891372000013,1649.7891332,1650.1891254000002,1650.2914175000003,1650.2914175000003,b,1,1.2853020999973523,1651.605807399999,1651.605807399999,1651.605807399999,1651.605807399999,NA,NA,NA,NA,NA,NA,036,001,2024-10-22_16h33.56.977,PsychoPy Exp,2023.1.2,59.980554304606756
Knowledge,TRUE,TB-K-B,TD_B,PsychoPyStudy2Stim/TD_B_11.png,Adam KNOWS there is ONE cube,1,b,h,2,1,1,2,1,1,0,0,0,B,-,0,258,258,268,NA,NA,NA,NA,NA,0.00182969999877968,1651.6919342,1652.0724262000003,1652.1724015,1654.1726401000014,1654.5726133999997,1654.674759900001,1654.674759900001,b,1,1.7419054999991204,1656.4391314000022,1656.4391314000022,1656.4391314000022,1656.4391314000022,NA,NA,NA,NA,NA,NA,036,001,2024-10-22_16h33.56.977,PsychoPy Exp,2023.1.2,59.980554304606756
Belief,TRUE,TB-K-B,TT_B,PsychoPyStudy2Stim/TT_B_1.png,Adam THINKS there are TWO cubes,2,b,h,2,0,2,2,0,2,0,0,0,B,-,0,259,259,134,NA,NA,NA,NA,NA,0.001647299999604,1656.5449009000004,1656.9225054000017,1657.0225978000017,1659.022537500001,1659.4224555,1659.5248089000015,1659.5248089000015,b,1,1.6195385000028182,1661.1722781999997,1661.1722781999997,1661.1722781999997,1661.1722781999997,NA,NA,NA,NA,NA,NA,036,001,2024-10-22_16h33.56.977,PsychoPy Exp,2023.1.2,59.980554304606756
Reality,FALSE,TB-Ig,D_B_D,PsychoPyStudy2Stim/D_B_D_4.png,"In REALITY, there are TWO cubes",2,h,b,2,2,0,1,1,0,1,1,0,B,PropFalse,0,260,260,79,NA,NA,NA,NA,NA,5.5470000006607e-4,1661.255903100002,1661.639106900002,1661.739139100002,1663.7389979,1664.1392190000006,1664.2413459999989,1664.2413459999989,h,1,1.8392298000035223,1666.1057225000004,1666.1057225000004,1666.1057225000004,1666.1057225000004,NA,NA,NA,NA,NA,NA,036,001,2024-10-22_16h33.56.977,PsychoPy Exp,2023.1.2,59.980554304606756
Knowledge,TRUE,TB-K-B,DD_B,PsychoPyStudy2Stim/DD_B_12.png,Adam KNOWS there are ZERO cubes,0,b,h,2,2,0,2,2,0,0,0,0,B,-,0,261,261,245,NA,NA,NA,NA,NA,0.00158030000238795,1666.1999671000012,1666.5723820999992,1666.6725559000006,1668.6725198000022,1669.0723964999995,1669.174844000001,1669.174844000001,b,1,0.898151900000812,1670.0889678999993,1670.0889678999993,1670.0889678999993,1670.0889678999993,NA,NA,NA,NA,NA,NA,036,001,2024-10-22_16h33.56.977,PsychoPy Exp,2023.1.2,59.980554304606756
Reality,TRUE,FB-Ig,T_B_T,PsychoPyStudy2Stim/T_B_T_1.png,"In REALITY, there are TWO cubes",2,b,h,2,0,2,1,0,1,1,0,1,B,-,0,262,262,38,NA,NA,NA,NA,NA,5.5549999888171e-4,1670.160800900001,1670.5390270999997,1670.6391820999995,1672.638995199999,1673.0391402999994,1673.1413735999995,1673.1413735999995,b,1,2.5318170999998983,1675.6889397000014,1675.6889397000014,1675.6889397000014,1675.6889397000014,NA,NA,NA,NA,NA,NA,036,001,2024-10-22_16h33.56.977,PsychoPy Exp,2023.1.2,59.980554304606756
Reality,TRUE,TB-K,TT_NB,PsychoPyStudy2Stim/TT_NB_3.png,"In REALITY, there are TWO cubes",2,b,h,2,0,2,2,0,2,0,0,0,NB,-,0,263,263,14,NA,NA,NA,NA,NA,0.00192640000022947,1675.7558136000007,1676.1390142000018,1676.2391296000023,1678.2392068000008,1678.6391070999998,1678.7414432000005,1678.7414432000005,b,1,0.994854900000064,1679.7555503000003,1679.7555503000003,1679.7555503000003,1679.7555503000003,NA,NA,NA,NA,NA,NA,036,001,2024-10-22_16h33.56.977,PsychoPy Exp,2023.1.2,59.980554304606756
Belief,TRUE,TB-K,D_NB,PsychoPyStudy2Stim/D_NB_3.png,Adam THINKS there are ZERO cubes,0,b,h,1,1,0,1,1,0,0,0,0,NB,-,0,264,264,110,NA,NA,NA,NA,NA,6.7730000228038e-4,1679.838695999999,1680.2222747000014,1680.3222950000018,1682.3224150000024,1682.7224174000005,1682.8246137000024,1682.8246137000024,b,1,1.4080066999995324,1684.2556786000025,1684.2556786000025,1684.2556786000025,1684.2556786000025,NA,NA,NA,NA,NA,NA,036,001,2024-10-22_16h33.56.977,PsychoPy Exp,2023.1.2,59.980554304606756
Belief,FALSE,FB-Ig,T_B_T,PsychoPyStudy2Stim/T_B_T_4.png,Adam THINKS there are TWO cubes,2,h,b,2,0,2,1,0,1,1,0,1,B,PropTrueNoBelief,0,265,265,209,NA,NA,NA,NA,NA,0.00177479999911156,1684.3398834,1684.7221887000014,1684.8224348000003,1686.8224033000006,1687.2224467000017,1687.324638099999,1687.324638099999,h,1,1.4276774999998452,1688.7721507000024,1688.7721507000024,1688.7721507000024,1688.7721507000024,NA,NA,NA,NA,NA,NA,036,001,2024-10-22_16h33.56.977,PsychoPy Exp,2023.1.2,59.980554304606756
Knowledge,TRUE,TB-K,TT_NB,PsychoPyStudy2Stim/TT_NB_3.png,Adam KNOWS there are TWO cubes,2,b,h,2,0,2,2,0,2,0,0,0,NB,-,0,266,266,230,NA,NA,NA,NA,NA,0.00103030000173021,1688.8451118000012,1689.2222708000008,1689.3225404000004,1691.322430700002,1691.7224121,1691.8248190000013,1691.8248190000013,b,1,1.191505999999208,1693.0388870999996,1693.0388870999996,1693.0388870999996,1693.0388870999996,NA,NA,NA,NA,NA,NA,036,001,2024-10-22_16h33.56.977,PsychoPy Exp,2023.1.2,59.980554304606756
Reality,TRUE,TB-K,T_NB,PsychoPyStudy2Stim/T_NB_3.png,"In REALITY, there is ONE cube",1,b,h,1,0,1,1,0,1,0,0,0,NB,-,0,267,267,5,NA,NA,NA,NA,NA,6.7130000024917e-4,1693.1248373999988,1693.5056274999988,1693.6056291999994,1695.6057693000002,1696.0057463000012,1696.1079615999988,1696.1079615999988,b,1,1.0606823999987682,1697.1890117000005,1697.1890117000005,1697.1890117000005,1697.1890117000005,NA,NA,NA,NA,NA,NA,036,001,2024-10-22_16h33.56.977,PsychoPy Exp,2023.1.2,59.980554304606756
Reality,FALSE,TB-Ig,D_B_D,PsychoPyStudy2Stim/D_B_D_3.png,"In REALITY, there are TWO cubes",2,h,b,2,2,0,1,1,0,1,1,0,B,PropFalse,0,268,268,78,NA,NA,NA,NA,NA,0.00187120000191498,1697.2950523,1697.672285200002,1697.7722547000012,1699.7724192999997,1700.1724706999994,1700.2746829999996,1700.2746829999996,h,1,0.7822618999998667,1701.072161,1701.072161,1701.072161,1701.072161,NA,NA,NA,NA,NA,NA,036,001,2024-10-22_16h33.56.977,PsychoPy Exp,2023.1.2,59.980554304606756
Belief,FALSE,TB-K,TT_NB,PsychoPyStudy2Stim/TT_NB_1.png,Adam THINKS there are ZERO cubes,0,h,b,2,0,2,2,0,2,0,0,0,NB,PropFalse,0,269,269,174,NA,NA,NA,NA,NA,4.8679999963496e-4,1701.140690600001,1701.522348800001,1701.6222802000011,1703.622418400002,1704.022426800002,1704.1247614000022,1704.1247614000022,h,1,1.4996100000025765,1705.6555536000014,1705.6555536000014,1705.6555536000014,1705.6555536000014,NA,NA,NA,NA,NA,NA,036,001,2024-10-22_16h33.56.977,PsychoPy Exp,2023.1.2,59.980554304606756
Belief,TRUE,TB-K,DD_NB,PsychoPyStudy2Stim/DD_NB_2.png,Adam THINKS there are ZERO cubes,0,b,h,2,2,0,2,2,0,0,0,0,NB,-,0,270,270,115,NA,NA,NA,NA,NA,0.0014913000013621,1705.7393684000017,1706.1222927999988,1706.2223965000012,1708.222325400002,1708.622316500001,1708.7246546000024,1708.7246546000024,b,1,1.675869499998953,1710.4222842000015,1710.4222842000015,1710.4222842000015,1710.4222842000015,NA,NA,NA,NA,NA,NA,036,001,2024-10-22_16h33.56.977,PsychoPy Exp,2023.1.2,59.980554304606756
Knowledge,TRUE,TB-K-B,TT_B,PsychoPyStudy2Stim/TT_B_23.png,Adam KNOWS there are TWO cubes,2,b,h,2,0,2,2,0,2,0,0,0,B,-,0,271,271,256,NA,NA,NA,NA,NA,0.00186329999996814,1710.5116406000016,1710.888900900001,1710.989070800002,1712.9890401000011,1713.3890622,1713.491225400001,1713.491225400001,b,1,2.029307000000699,1715.5389710000018,1715.5389710000018,1715.5389710000018,1715.5389710000018,NA,NA,NA,NA,NA,NA,036,001,2024-10-22_16h33.56.977,PsychoPy Exp,2023.1.2,59.980554304606756
Reality,TRUE,FB-Ig,T_B_T,PsychoPyStudy2Stim/T_B_T_5.png,"In REALITY, there are TWO cubes",2,b,h,2,0,2,1,0,1,1,0,1,B,-,0,272,272,42,NA,NA,NA,NA,NA,0.00175779999699443,1715.639358700002,1716.0221755999992,1716.1223667000013,1718.1223396000023,1718.5223158000008,1718.6244582,1718.6244582,b,1,4.151663300002838,1722.805387700002,1722.805387700002,1722.805387700002,1722.805387700002,NA,NA,NA,NA,NA,NA,036,001,2024-10-22_16h33.56.977,PsychoPy Exp,2023.1.2,59.980554304606756
Belief,FALSE,TB-K-B,TT_B,PsychoPyStudy2Stim/TT_B_8.png,Adam THINKS there are ZERO cubes,0,h,b,2,0,2,2,0,2,0,0,0,B,PropFalse,0,273,273,195,NA,NA,NA,NA,NA,4.0569999691797e-4,1722.8816125000012,1723.2555575000006,1723.3554986000015,1725.3554504000022,1725.7555735000024,1725.857854400001,1725.857854400001,h,1,2.638652199999342,1728.522037300001,1728.522037300001,1728.522037300001,1728.522037300001,NA,NA,NA,NA,NA,NA,036,001,2024-10-22_16h33.56.977,PsychoPy Exp,2023.1.2,59.980554304606756
Reality,FALSE,TB-K-B,TD_B,PsychoPyStudy2Stim/TD_B_3.png,"In REALITY, there are ZERO cubes",0,h,b,2,1,1,2,1,1,0,0,0,B,PropFalse,0,274,274,86,NA,NA,NA,NA,NA,0.00187100000039208,1728.5985239,1728.972076500002,1729.0723356000017,1731.072198599999,1731.4722619000022,1731.5744234000013,1731.5744234000013,h,1,1.6099714000010863,1733.2055729999993,1733.2055729999993,1733.2055729999993,1733.2055729999993,NA,NA,NA,NA,NA,NA,036,001,2024-10-22_16h33.56.977,PsychoPy Exp,2023.1.2,59.980554304606756
Reality,TRUE,FB-Ig,T_B_T,PsychoPyStudy2Stim/T_B_T_6.png,"In REALITY, there are TWO cubes",2,b,h,2,0,2,1,0,1,1,0,1,B,-,0,275,275,49,NA,NA,NA,NA,NA,0.00186530000064522,1733.3014651000012,1733.6722348000003,1733.7723039000011,1735.7721932000022,1736.1721830000024,1736.2743424,1736.2743424,b,1,0.9581378000002588,1737.2553578000006,1737.2553578000006,1737.2553578000006,1737.2553578000006,NA,NA,NA,NA,NA,NA,036,001,2024-10-22_16h33.56.977,PsychoPy Exp,2023.1.2,59.980554304606756
Belief,FALSE,FB-Ig,T_B_T,PsychoPyStudy2Stim/T_B_T_3.png,Adam THINKS there are TWO cubes,2,h,b,2,0,2,1,0,1,1,0,1,B,PropTrueNoBelief,0,276,276,208,NA,NA,NA,NA,NA,0.00185539999802131,1737.3253793000003,1737.705418100002,1737.8056730999997,1739.805351400002,1740.2054763000017,1740.3078373999997,1740.3078373999997,h,1,5.524538500001654,1745.855466699999,1745.855466699999,1745.855466699999,1745.855466699999,NA,NA,NA,NA,NA,NA,036,001,2024-10-22_16h33.56.977,PsychoPy Exp,2023.1.2,59.980554304606756
Knowledge,TRUE,TB-K-B,TD_B,PsychoPyStudy2Stim/TD_B_10.png,Adam KNOWS there is ONE cube,1,b,h,2,1,1,2,1,1,0,0,0,B,-,0,277,277,267,NA,NA,NA,NA,NA,0.00329710000005434,1745.9399164999995,1746.322219400001,1746.4222642000022,1748.4223354000023,1748.8221981999995,1748.9244645,1748.9244645,b,1,1.283670600001642,1750.2386370000022,1750.2386370000022,1750.2386370000022,1750.2386370000022,NA,NA,NA,NA,NA,NA,036,001,2024-10-22_16h33.56.977,PsychoPy Exp,2023.1.2,59.980554304606756
Reality,TRUE,TB-K,TT_NB,PsychoPyStudy2Stim/TT_NB_2.png,"In REALITY, there are TWO cubes",2,b,h,2,0,2,2,0,2,0,0,0,NB,-,0,278,278,13,NA,NA,NA,NA,NA,5.1499999972293e-4,1750.3171651000011,1750.6888322000011,1750.7889139,1752.7888170000006,1753.1888166999995,1753.2910273000016,1753.2910273000016,b,1,2.085434799999348,1755.4054821999998,1755.4054821999998,1755.4054821999998,1755.4054821999998,NA,NA,NA,NA,NA,NA,036,001,2024-10-22_16h33.56.977,PsychoPy Exp,2023.1.2,59.980554304606756
Knowledge,FALSE,TB-Ig,D_B,PsychoPyStudy2Stim/D_B_2.png,Adam KNOWS there are ZERO cubes,0,h,b,1,1,0,1,1,0,0,0,0,B,PropTrueNoKnowledge,0,279,279,289,NA,NA,NA,NA,NA,0.00188470000284723,1755.4902679000006,1755.8721645000005,1755.9722086000002,1757.972106199999,1758.3722371000003,1758.4745925999996,1758.4745925999996,h,1,2.6057589999982156,1761.1055066000008,1761.1055066000008,1761.1055066000008,1761.1055066000008,NA,NA,NA,NA,NA,NA,036,001,2024-10-22_16h33.56.977,PsychoPy Exp,2023.1.2,59.980554304606756
Knowledge,TRUE,TB-K-B,TD_B,PsychoPyStudy2Stim/TD_B_12.png,Adam KNOWS there is ONE cube,1,b,h,2,1,1,2,1,1,0,0,0,B,-,0,280,280,269,NA,NA,NA,NA,NA,0.00184220000301138,1761.2034986,1761.5887987000024,1761.6889061000002,1763.688853399999,1764.088856800001,1764.1911751000007,1764.1911751000007,b,1,2.249541600001976,1766.4719415,1766.4719415,1766.4719415,1766.4719415,NA,NA,NA,NA,NA,NA,036,001,2024-10-22_16h33.56.977,PsychoPy Exp,2023.1.2,59.980554304606756
Belief,FALSE,TB-K,T_NB,PsychoPyStudy2Stim/T_NB_3.png,Adam THINKS there are TWO cubes,2,h,b,1,0,1,1,0,1,0,0,0,NB,PropFalse,0,281,281,167,NA,NA,NA,NA,NA,5.1270000039949e-4,1766.5412154000005,1766.9220779999996,1767.022100099999,1769.0221745999988,1769.4222260999995,1769.5243837000016,1769.5243837000016,h,1,1.2439770999990287,1770.788864099999,1770.788864099999,1770.788864099999,1770.788864099999,NA,NA,NA,NA,NA,NA,036,001,2024-10-22_16h33.56.977,PsychoPy Exp,2023.1.2,59.980554304606756
Knowledge,TRUE,TB-K,TD_NB,PsychoPyStudy2Stim/TD_NB_3.png,Adam KNOWS there is ONE cube,1,b,h,2,1,1,2,1,1,0,0,0,NB,-,0,282,282,227,NA,NA,NA,NA,NA,0.00190700000166543,1770.869351199999,1771.2387037000008,1771.338851299999,1773.3387686000024,1773.7388355000005,1773.8409904,1773.8409904,b,1,2.2953471999971953,1776.1554311,1776.1554311,1776.1554311,1776.1554311,NA,NA,NA,NA,NA,NA,036,001,2024-10-22_16h33.56.977,PsychoPy Exp,2023.1.2,59.980554304606756
Belief,TRUE,FB-Ig,D_B_T,PsychoPyStudy2Stim/D_B_T_1.png,Adam THINKS there are ZERO cubes,0,b,h,2,1,1,1,1,0,1,0,1,B,-,0,283,283,158,NA,NA,NA,NA,NA,0.00184169999920413,1776.2514785999992,1776.6220758000018,1776.722146600001,1778.722181000001,1779.1221557999995,1779.224405500001,1779.224405500001,b,1,7.719929899998533,1786.9719981000017,1786.9719981000017,1786.9719981000017,1786.9719981000017,NA,NA,NA,NA,NA,NA,036,001,2024-10-22_16h33.56.977,PsychoPy Exp,2023.1.2,59.980554304606756
Reality,FALSE,FB-Ig,T_B_T,PsychoPyStudy2Stim/T_B_T_4.png,"In REALITY, there is ONE cube",1,h,b,2,0,2,1,0,1,1,0,1,B,PropFalse,0,284,284,95,NA,NA,NA,NA,NA,0.00179919999936828,1787.0448404999988,1787.421999099999,1787.5219741,1789.522120900001,1789.9219121000024,1790.024294400002,1790.024294400002,h,1,5.1519289999996545,1795.2052951000005,1795.2052951000005,1795.2052951000005,1795.2052951000005,NA,NA,NA,NA,NA,NA,036,001,2024-10-22_16h33.56.977,PsychoPy Exp,2023.1.2,59.980554304606756
Belief,TRUE,FB-Ig,T_B_T,PsychoPyStudy2Stim/T_B_T_3.png,Adam THINKS there is ONE cube,1,b,h,2,0,2,1,0,1,1,0,1,B,-,0,285,285,148,NA,NA,NA,NA,NA,0.00174440000046161,1795.2964771000006,1795.6719365999998,1795.7719920000018,1797.772044600002,1798.171934599999,1798.2742615999996,1798.2742615999996,b,1,4.470017399999051,1802.772025599999,1802.772025599999,1802.772025599999,1802.772025599999,NA,NA,NA,NA,NA,NA,036,001,2024-10-22_16h33.56.977,PsychoPy Exp,2023.1.2,59.980554304606756
Reality,FALSE,TB-K,DD_NB,PsychoPyStudy2Stim/DD_NB_3.png,"In REALITY, there are TWO cubes",2,h,b,2,2,0,2,2,0,0,0,0,NB,PropFalse,0,286,286,62,NA,NA,NA,NA,NA,0.00163859999884152,1802.8742700000005,1803.2553321000016,1803.3552474999997,1805.3553092,1805.7554056000008,1805.8580335000008,1805.8580335000008,h,1,1.718235000000277,1807.6053474,1807.6053474,1807.6053474,1807.6053474,NA,NA,NA,NA,NA,NA,036,001,2024-10-22_16h33.56.977,PsychoPy Exp,2023.1.2,59.980554304606756
Belief,FALSE,TB-Ig,D_B,PsychoPyStudy2Stim/D_B_3.png,Adam THINKS there is ONE cube,1,h,b,1,1,0,1,1,0,0,0,0,B,PropFalse,0,287,287,182,NA,NA,NA,NA,NA,0.00165689999994356,1807.699163100002,1808.071923899999,1808.1719312000023,1810.1719140999992,1810.572000600001,1810.6742360999997,1810.6742360999997,h,1,1.6622910000005504,1812.3551862000024,1812.3551862000024,1812.3551862000024,1812.3551862000024,NA,NA,NA,NA,NA,NA,036,001,2024-10-22_16h33.56.977,PsychoPy Exp,2023.1.2,59.980554304606756
Reality,FALSE,TB-K,D_NB,PsychoPyStudy2Stim/D_NB_2.png,"In REALITY, there is ONE cube",1,h,b,1,1,0,1,1,0,0,0,0,NB,PropFalse,0,288,288,55,NA,NA,NA,NA,NA,0.00167719999808468,1812.4279263999997,1812.805097200002,1812.9054170999989,1814.9052646000016,1815.3053843000016,1815.4075448000003,1815.4075448000003,h,1,1.576538100001926,1817.0052166999992,1817.0052166999992,1817.0052166999992,1817.0052166999992,NA,NA,NA,NA,NA,NA,036,001,2024-10-22_16h33.56.977,PsychoPy Exp,2023.1.2,59.980554304606756
Belief,TRUE,FB-Ig,T_B_T,PsychoPyStudy2Stim/T_B_T_2.png,Adam THINKS there is ONE cube,1,b,h,2,0,2,1,0,1,1,0,1,B,-,0,289,289,153,NA,NA,NA,NA,NA,0.00170399999842629,1817.0980869000016,1817.4720216000023,1817.5720841,1819.5717780000016,1819.9719657000023,1820.074289600001,1820.074289600001,b,1,1.9982678999986092,1822.0886243999992,1822.0886243999992,1822.0886243999992,1822.0886243999992,NA,NA,NA,NA,NA,NA,036,001,2024-10-22_16h33.56.977,PsychoPy Exp,2023.1.2,59.980554304606756
Reality,TRUE,FB-Ig,T_B_T,PsychoPyStudy2Stim/T_B_T_3.png,"In REALITY, there are TWO cubes",2,b,h,2,0,2,1,0,1,1,0,1,B,-,0,290,290,46,NA,NA,NA,NA,NA,0.00188709999929415,1822.1785784999993,1822.5552515999989,1822.6553767000005,1824.6551830999997,1825.0552386999989,1825.1577690000013,1825.1577690000013,b,1,1.02639999999883,1826.2052718000016,1826.2052718000016,1826.2052718000016,1826.2052718000016,NA,NA,NA,NA,NA,NA,036,001,2024-10-22_16h33.56.977,PsychoPy Exp,2023.1.2,59.980554304606756
Belief,FALSE,FB-Ig,T_B_T,PsychoPyStudy2Stim/T_B_T_6.png,Adam THINKS there are TWO cubes,2,h,b,2,0,2,1,0,1,1,0,1,B,PropTrueNoBelief,0,291,291,205,NA,NA,NA,NA,NA,0.00178390000291983,1826.301686499999,1826.6718067,1826.772021299999,1828.7720291000005,1829.172044400002,1829.2741926999988,1829.2741926999988,h,1,1.4538079000012658,1830.755245299999,1830.755245299999,1830.755245299999,1830.755245299999,NA,NA,NA,NA,NA,NA,036,001,2024-10-22_16h33.56.977,PsychoPy Exp,2023.1.2,59.980554304606756
Knowledge,FALSE,FB-Ig,T_B_T,PsychoPyStudy2Stim/T_B_T_2.png,Adam KNOWS there are TWO cubes,2,h,b,2,0,2,1,0,1,1,0,1,B,PropTrueNoKnowledge,0,292,292,307,NA,NA,NA,NA,NA,0.00199549999888404,1830.8410372,1831.2218988000025,1831.3218681,1833.3220081,1833.7219891000025,1833.8242711999992,1833.8242711999992,h,1,2.5275292999976955,1836.3717397,1836.3717397,1836.3717397,1836.3717397,NA,NA,NA,NA,NA,NA,036,001,2024-10-22_16h33.56.977,PsychoPy Exp,2023.1.2,59.980554304606756
Knowledge,TRUE,TB-K,T_NB,PsychoPyStudy2Stim/T_NB_2.png,Adam KNOWS there is ONE cube,1,b,h,1,0,1,1,0,1,0,0,0,NB,-,0,293,293,220,NA,NA,NA,NA,NA,5.1080000048386e-4,1836.4472776,1836.8218445999992,1836.9219876999996,1838.9218212000017,1839.3219893000023,1839.4242175,1839.4242175,b,1,1.4556007999999565,1840.9050046000011,1840.9050046000011,1840.9050046000011,1840.9050046000011,NA,NA,NA,NA,NA,NA,036,001,2024-10-22_16h33.56.977,PsychoPy Exp,2023.1.2,59.980554304606756
Reality,FALSE,TB-K,TD_NB,PsychoPyStudy2Stim/TD_NB_2.png,"In REALITY, there are ZERO cubes",0,h,b,2,1,1,2,1,1,0,0,0,NB,PropFalse,0,294,294,64,NA,NA,NA,NA,NA,4.9940000099013e-4,1840.975294300002,1841.3549741999996,1841.4553220000016,1843.4553130000024,1843.8553568999996,1843.9575575999988,1843.9575575999988,h,1,1.954248899997765,1845.9383022,1845.9383022,1845.9383022,1845.9383022,NA,NA,NA,NA,NA,NA,036,001,2024-10-22_16h33.56.977,PsychoPy Exp,2023.1.2,59.980554304606756
Knowledge,TRUE,TB-K,DD_NB,PsychoPyStudy2Stim/DD_NB_1.png,Adam KNOWS there are ZERO cubes,0,b,h,2,2,0,2,2,0,0,0,0,NB,-,0,295,295,222,NA,NA,NA,NA,NA,4.3440000081318e-4,1846.0093823999996,1846.3885945,1846.488648300001,1848.4884746999996,1848.8886788000016,1848.9910402999992,1848.9910402999992,b,1,1.498644900002546,1850.5050673000003,1850.5050673000003,1850.5050673000003,1850.5050673000003,NA,NA,NA,NA,NA,NA,036,001,2024-10-22_16h33.56.977,PsychoPy Exp,2023.1.2,59.980554304606756
Reality,FALSE,TB-K,T_NB,PsychoPyStudy2Stim/T_NB_3.png,"In REALITY, there are TWO cubes",2,h,b,1,0,1,1,0,1,0,0,0,NB,PropFalse,0,296,296,59,NA,NA,NA,NA,NA,0.00201640000159386,1850.5733097000011,1850.955138500001,1851.0553024,1853.0552687999989,1853.455295899999,1853.5573595999997,1853.5573595999997,h,1,2.026674099997763,1855.6049175000007,1855.6049175000007,1855.6049175000007,1855.6049175000007,NA,NA,NA,NA,NA,NA,036,001,2024-10-22_16h33.56.977,PsychoPy Exp,2023.1.2,59.980554304606756
Reality,TRUE,FB-Ig,T_B_T,PsychoPyStudy2Stim/T_B_T_5.png,"In REALITY, there are TWO cubes",2,b,h,2,0,2,1,0,1,1,0,1,B,-,0,297,297,48,NA,NA,NA,NA,NA,0.0019021000007342,1855.6709822000012,1856.0552315000025,1856.1552527000024,1858.1552917000008,1858.5551407999992,1858.6575384999996,1858.6575384999996,b,1,1.1905734000029042,1859.8718561999997,1859.8718561999997,1859.8718561999997,1859.8718561999997,NA,NA,NA,NA,NA,NA,036,001,2024-10-22_16h33.56.977,PsychoPy Exp,2023.1.2,59.980554304606756
Knowledge,TRUE,TB-K,TT_NB,PsychoPyStudy2Stim/TT_NB_2.png,Adam KNOWS there are TWO cubes,2,b,h,2,0,2,2,0,2,0,0,0,NB,-,0,298,298,229,NA,NA,NA,NA,NA,0.00185880000208271,1859.959920100002,1860.3384426000011,1860.4384353999992,1862.4385681000024,1862.8385762,1862.9408188000016,1862.9408188000016,b,1,1.0351126999994449,1864.0049762000017,1864.0049762000017,1864.0049762000017,1864.0049762000017,NA,NA,NA,NA,NA,NA,036,001,2024-10-22_16h33.56.977,PsychoPy Exp,2023.1.2,59.980554304606756
Belief,TRUE,FB-Ig,T_B_T,PsychoPyStudy2Stim/T_B_T_1.png,Adam THINKS there is ONE cube,1,b,h,2,0,2,1,0,1,1,0,1,B,-,0,299,299,146,NA,NA,NA,NA,NA,4.1359999886481e-4,1864.0746786000016,1864.4550641000023,1864.5550710999996,1866.5552307,1866.9552476999995,1867.0574302000025,1867.0574302000025,b,1,1.4222932999982731,1868.5049674,1868.5049674,1868.5049674,1868.5049674,NA,NA,NA,NA,NA,NA,036,001,2024-10-22_16h33.56.977,PsychoPy Exp,2023.1.2,59.980554304606756
Knowledge,FALSE,FB-Ig,T_B_T,PsychoPyStudy2Stim/T_B_T_6.png,Adam KNOWS there are TWO cubes,2,h,b,2,0,2,1,0,1,1,0,1,B,PropTrueNoKnowledge,0,300,300,317,NA,NA,NA,NA,NA,6.7759999728878e-4,1868.5890062,1868.9717396000017,1869.071747099999,1871.0717135000016,1871.4718613000005,1871.5740435000007,1871.5740435000007,h,1,1.2097411999966423,1872.8049355000005,1872.8049355000005,1872.8049355000005,1872.8049355000005,NA,NA,NA,NA,NA,NA,036,001,2024-10-22_16h33.56.977,PsychoPy Exp,2023.1.2,59.980554304606756
Knowledge,TRUE,TB-K-B,DD_B,PsychoPyStudy2Stim/DD_B_5.png,Adam KNOWS there are ZERO cubes,0,b,h,2,2,0,2,2,0,0,0,0,B,-,0,301,301,238,NA,NA,NA,NA,NA,4.6780000047874e-4,1872.893434199999,1873.2717422999997,1873.3719222,1875.3719081999989,1875.7718403,1875.874221800001,1875.874221800001,b,1,2.3738326000020606,1878.271800300001,1878.271800300001,1878.271800300001,1878.271800300001,NA,NA,NA,NA,NA,NA,036,001,2024-10-22_16h33.56.977,PsychoPy Exp,2023.1.2,59.980554304606756
Belief,TRUE,TB-K,TD_NB,PsychoPyStudy2Stim/TD_NB_1.png,Adam THINKS there is ONE cube,1,b,h,2,1,1,2,1,1,0,0,0,NB,-,0,302,302,117,NA,NA,NA,NA,NA,0.00176869999995687,1878.3631733,1878.7383425000007,1878.8383730999992,1880.8385142000009,1881.2385083000008,1881.3408077999993,1881.3408077999993,b,1,3.1479103000019677,1884.504925100002,1884.504925100002,1884.504925100002,1884.504925100002,NA,NA,NA,NA,NA,NA,036,001,2024-10-22_16h33.56.977,PsychoPy Exp,2023.1.2,59.980554304606756
Knowledge,TRUE,TB-K-B,DD_B,PsychoPyStudy2Stim/DD_B_4.png,Adam KNOWS there are ZERO cubes,0,b,h,2,2,0,2,2,0,0,0,0,B,-,0,303,303,237,NA,NA,NA,NA,NA,5.0829999963752e-4,1884.6006984000016,1884.971697699999,1885.0718572000003,1887.071855000002,1887.4718042999991,1887.5738741999992,1887.5738741999992,b,1,3.754154300000664,1891.355002100001,1891.355002100001,1891.355002100001,1891.355002100001,NA,NA,NA,NA,NA,NA,036,001,2024-10-22_16h33.56.977,PsychoPy Exp,2023.1.2,59.980554304606756
Knowledge,FALSE,FB-Ig,D_B_T,PsychoPyStudy2Stim/D_B_T_4.png,Adam KNOWS there is ONE cube,1,h,b,2,1,1,1,1,0,1,0,1,B,PropTrueNoKnowledge,0,304,304,321,NA,NA,NA,NA,NA,0.00200899999981629,1891.4596628,1891.8383135000004,1891.9382976000015,1893.9384666000003,1894.3384589000016,1894.4406411000016,1894.4406411000016,h,1,2.5513924000006227,1897.0217311000015,1897.0217311000015,1897.0217311000015,1897.0217311000015,NA,NA,NA,NA,NA,NA,036,001,2024-10-22_16h33.56.977,PsychoPy Exp,2023.1.2,59.980554304606756
Belief,TRUE,TB-K,TD_NB,PsychoPyStudy2Stim/TD_NB_3.png,Adam THINKS there is ONE cube,1,b,h,2,1,1,2,1,1,0,0,0,NB,-,0,305,305,119,NA,NA,NA,NA,NA,0.00191429999904357,1897.1141098000007,1897.4883644,1897.5884450000012,1899.5882913999992,1899.9884464999996,1900.0906649999995,1900.0906649999995,b,1,1.9572509000026912,1902.0715167000017,1902.0715167000017,1902.0715167000017,1902.0715167000017,NA,NA,NA,NA,NA,NA,036,001,2024-10-22_16h33.56.977,PsychoPy Exp,2023.1.2,59.980554304606756
Reality,TRUE,TB-K,TD_NB,PsychoPyStudy2Stim/TD_NB_3.png,"In REALITY, there is ONE cube",1,b,h,2,1,1,2,1,1,0,0,0,NB,-,0,306,306,11,NA,NA,NA,NA,NA,0.00165660000129719,1902.1412686000003,1902.521631800002,1902.6217795000011,1904.6216889999996,1905.0217159000024,1905.1239936999991,1905.1239936999991,b,1,1.0917077000012796,1906.2382528000016,1906.2382528000016,1906.2382528000016,1906.2382528000016,NA,NA,NA,NA,NA,NA,036,001,2024-10-22_16h33.56.977,PsychoPy Exp,2023.1.2,59.980554304606756
Knowledge,FALSE,TB-K,T_NB,PsychoPyStudy2Stim/T_NB_1.png,Adam KNOWS there are ZERO cubes,0,h,b,1,0,1,1,0,1,0,0,0,NB,PropFalse,0,307,307,273,NA,NA,NA,NA,NA,0.00100839999868185,1906.3283629,1906.7050039999997,1906.8051044000024,1908.8050465000017,1909.2050793999988,1909.3075180000017,1909.3075180000017,h,1,1.7332529000013892,1911.071508699999,1911.071508699999,1911.071508699999,1911.071508699999,NA,NA,NA,NA,NA,NA,036,001,2024-10-22_16h33.56.977,PsychoPy Exp,2023.1.2,59.980554304606756
Knowledge,FALSE,TB-K-B,TT_B,PsychoPyStudy2Stim/TT_B_15.png,Adam KNOWS there are ZERO cubes,0,h,b,2,0,2,2,0,2,0,0,0,B,PropFalse,0,308,308,297,NA,NA,NA,NA,NA,5.423000002338e-4,1911.149141400001,1911.521643600001,1911.6217505999991,1913.6216644000017,1914.0216924000017,1914.124082000002,1914.124082000002,h,1,1.7235177000002295,1915.8715193999997,1915.8715193999997,1915.8715193999997,1915.8715193999997,NA,NA,NA,NA,NA,NA,036,001,2024-10-22_16h33.56.977,PsychoPy Exp,2023.1.2,59.980554304606756
Reality,FALSE,FB-Ig,D_B_T,PsychoPyStudy2Stim/D_B_T_4.png,"In REALITY, there are ZERO cubes",0,h,b,2,1,1,1,1,0,1,0,1,B,PropFalse,0,309,309,107,NA,NA,NA,NA,NA,7.648999999219e-4,1915.9571590000016,1916.3381229000008,1916.4384245,1918.438460199999,1918.8383355000003,1918.9405308999992,1918.9405308999992,h,1,1.300016000001051,1920.271668199999,1920.271668199999,1920.271668199999,1920.271668199999,NA,NA,NA,NA,NA,NA,036,001,2024-10-22_16h33.56.977,PsychoPy Exp,2023.1.2,59.980554304606756
Knowledge,FALSE,TB-K,D_NB,PsychoPyStudy2Stim/D_NB_2.png,Adam KNOWS there is ONE cube,1,h,b,1,1,0,1,1,0,0,0,0,NB,PropFalse,0,310,310,271,NA,NA,NA,NA,NA,0.00193310000031488,1920.3456856000012,1920.721619399999,1920.8217538999995,1922.821581,1923.2217783000017,1923.3238657,1923.3238657,h,1,2.0038485000004584,1925.3546749000016,1925.3546749000016,1925.3546749000016,1925.3546749000016,NA,NA,NA,NA,NA,NA,036,001,2024-10-22_16h33.56.977,PsychoPy Exp,2023.1.2,59.980554304606756
Reality,TRUE,TB-Ig,D_B_D,PsychoPyStudy2Stim/D_B_D_4.png,"In REALITY, there are ZERO cubes",0,b,h,2,2,0,1,1,0,1,1,0,B,-,0,311,311,25,NA,NA,NA,NA,NA,6.4670000210753e-4,1925.428742,1925.8049702999997,1925.9051585000016,1927.9048786999992,1928.3049235,1928.4072269999997,1928.4072269999997,b,1,8.536385399998835,1936.9715118000024,1936.9715118000024,1936.9715118000024,1936.9715118000024,NA,NA,NA,NA,NA,NA,036,001,2024-10-22_16h33.56.977,PsychoPy Exp,2023.1.2,59.980554304606756
Belief,TRUE,FB-Ig,T_B_T,PsychoPyStudy2Stim/T_B_T_6.png,Adam THINKS there is ONE cube,1,b,h,2,0,2,1,0,1,1,0,1,B,-,0,312,312,157,NA,NA,NA,NA,NA,0.00190519999887328,1937.053322300002,1937.4382315000005,1937.538410600002,1939.538400400001,1939.9383233000008,1940.040480300002,1940.040480300002,b,1,1.823011000000406,1941.888068,1941.888068,1941.888068,1941.888068,NA,NA,NA,NA,NA,NA,036,001,2024-10-22_16h33.56.977,PsychoPy Exp,2023.1.2,59.980554304606756
Knowledge,FALSE,TB-K,D_NB,PsychoPyStudy2Stim/D_NB_3.png,Adam KNOWS there are TWO cubes,2,h,b,1,1,0,1,1,0,0,0,0,NB,PropFalse,0,313,313,272,NA,NA,NA,NA,NA,5.3370000023278e-4,1941.9621871999989,1942.3381948000024,1942.4383359999993,1944.4381507,1944.8382598999997,1944.9406321000024,1944.9406321000024,h,1,1.2587704999968992,1946.2212427000013,1946.2212427000013,1946.2212427000013,1946.2212427000013,NA,NA,NA,NA,NA,NA,036,001,2024-10-22_16h33.56.977,PsychoPy Exp,2023.1.2,59.980554304606756
Reality,TRUE,TB-K-B,TD_B,PsychoPyStudy2Stim/TD_B_5.png,"In REALITY, there is ONE cube",1,b,h,2,1,1,2,1,1,0,0,0,B,-,0,314,314,34,NA,NA,NA,NA,NA,4.482000003918e-4,1946.3009282999992,1946.671522200002,1946.771573099999,1948.771499999999,1949.1713969000011,1949.2738632,1949.2738632,b,1,1.182659699999931,1950.4714777000008,1950.4714777000008,1950.4714777000008,1950.4714777000008,NA,NA,NA,NA,NA,NA,036,001,2024-10-22_16h33.56.977,PsychoPy Exp,2023.1.2,59.980554304606756
Knowledge,FALSE,FB-Ig,T_B_T,PsychoPyStudy2Stim/T_B_T_3.png,Adam KNOWS there are TWO cubes,2,h,b,2,0,2,1,0,1,1,0,1,B,PropTrueNoKnowledge,0,315,315,308,NA,NA,NA,NA,NA,0.00133830000049783,1950.5457879999992,1950.9215146999995,1951.0215704,1953.021557,1953.4216075000004,1953.523712500002,1953.523712500002,h,1,2.6680739000003086,1956.2214808999995,1956.2214808999995,1956.2214808999995,1956.2214808999995,NA,NA,NA,NA,NA,NA,036,001,2024-10-22_16h33.56.977,PsychoPy Exp,2023.1.2,59.980554304606756
Reality,TRUE,TB-K-B,DD_B,PsychoPyStudy2Stim/DD_B_13.png,"In REALITY, there are ZERO cubes",0,b,h,2,2,0,2,2,0,0,0,0,B,-,0,316,316,26,NA,NA,NA,NA,NA,0.00228730000162613,1956.3161412000009,1956.6881815000015,1956.7883277,1958.7881202999995,1959.1880894999997,1959.2905575000004,1959.2905575000004,b,1,2.213762900002621,1961.521319200001,1961.521319200001,1961.521319200001,1961.521319200001,NA,NA,NA,NA,NA,NA,036,001,2024-10-22_16h33.56.977,PsychoPy Exp,2023.1.2,59.980554304606756
Belief,TRUE,TB-K-B,TT_B,PsychoPyStudy2Stim/TT_B_2.png,Adam THINKS there are TWO cubes,2,b,h,2,0,2,2,0,2,0,0,0,B,-,0,317,317,135,NA,NA,NA,NA,NA,0.00221570000212523,1961.6008377,1961.9715527000008,1962.0716604000008,1964.0716140000004,1964.4716393999988,1964.5739410000024,1964.5739410000024,b,1,1.2338385000002745,1965.838103500002,1965.838103500002,1965.838103500002,1965.838103500002,NA,NA,NA,NA,NA,NA,036,001,2024-10-22_16h33.56.977,PsychoPy Exp,2023.1.2,59.980554304606756
Reality,TRUE,TB-Ig,D_B_D,PsychoPyStudy2Stim/D_B_D_3.png,"In REALITY, there are ZERO cubes",0,b,h,2,2,0,1,1,0,1,1,0,B,-,0,318,318,24,NA,NA,NA,NA,NA,0.00200260000201524,1965.9351318000008,1966.3047742999988,1966.4049146,1968.404712200001,1968.804901800002,1968.9070792999992,1968.9070792999992,b,1,6.460434599997825,1975.388081000001,1975.388081000001,1975.388081000001,1975.388081000001,NA,NA,NA,NA,NA,NA,036,001,2024-10-22_16h33.56.977,PsychoPy Exp,2023.1.2,59.980554304606756
Knowledge,FALSE,TB-K,DD_NB,PsychoPyStudy2Stim/DD_NB_3.png,Adam KNOWS there are TWO cubes,2,h,b,2,2,0,2,2,0,0,0,0,NB,PropFalse,0,319,319,278,NA,NA,NA,NA,NA,0.00177620000249589,1975.4779660000024,1975.8547872000015,1975.954684100001,1977.954984600001,1978.3549428000008,1978.4570602999993,1978.4570602999993,h,1,1.031086499999219,1979.504704400002,1979.504704400002,1979.504704400002,1979.504704400002,NA,NA,NA,NA,NA,NA,036,001,2024-10-22_16h33.56.977,PsychoPy Exp,2023.1.2,59.980554304606756
Belief,TRUE,TB-K,TT_NB,PsychoPyStudy2Stim/TT_NB_1.png,Adam THINKS there are TWO cubes,2,b,h,2,0,2,2,0,2,0,0,0,NB,-,0,320,320,120,NA,NA,NA,NA,NA,0.00153320000026724,1979.5919403000007,1979.9714110999992,1980.0715573000016,1982.071533800001,1982.471537100002,1982.5738544000017,1982.5738544000017,b,1,1.5303086999992956,1984.1212462000003,1984.1212462000003,1984.1212462000003,1984.1212462000003,NA,NA,NA,NA,NA,NA,036,001,2024-10-22_16h33.56.977,PsychoPy Exp,2023.1.2,59.980554304606756
Reality,FALSE,TB-K-B,DD_B,PsychoPyStudy2Stim/DD_B_16.png,"In REALITY, there are TWO cubes",2,h,b,2,2,0,2,2,0,0,0,0,B,PropFalse,0,321,321,83,NA,NA,NA,NA,NA,4.4989999878453e-4,1984.2066417000024,1984.588076,1984.6881442000013,1986.688154200001,1987.0882272999988,1987.190352900001,1987.190352900001,h,1,0.96941710000101,1988.1880965000016,1988.1880965000016,1988.1880965000016,1988.1880965000016,NA,NA,NA,NA,NA,NA,036,001,2024-10-22_16h33.56.977,PsychoPy Exp,2023.1.2,59.980554304606756
Reality,FALSE,TB-Ig,D_B,PsychoPyStudy2Stim/D_B_2.png,"In REALITY, there are TWO cubes",2,h,b,1,1,0,1,1,0,0,0,0,B,PropFalse,0,322,322,73,NA,NA,NA,NA,NA,0.00179839999691466,1988.2767726999991,1988.6547310000024,1988.7548976,1990.7549094999997,1991.1548666000017,1991.2569035000015,1991.2569035000015,h,1,2.270524600000499,1993.5544826000005,1993.5544826000005,1993.5544826000005,1993.5544826000005,NA,NA,NA,NA,NA,NA,036,001,2024-10-22_16h33.56.977,PsychoPy Exp,2023.1.2,59.980554304606756
Knowledge,FALSE,TB-K,DD_NB,PsychoPyStudy2Stim/DD_NB_2.png,Adam KNOWS there are TWO cubes,2,h,b,2,2,0,2,2,0,0,0,0,NB,PropFalse,0,323,323,277,NA,NA,NA,NA,NA,4.5459999819286e-4,1993.6241340000015,1994.0047213,1994.1048259000015,1996.1048274999991,1996.5046258,1996.6070089999992,1996.6070089999992,h,1,2.528996000000916,1999.1550124000023,1999.1550124000023,1999.1550124000023,1999.1550124000023,NA,NA,NA,NA,NA,NA,036,001,2024-10-22_16h33.56.977,PsychoPy Exp,2023.1.2,59.980554304606756
NA,NA,NA,NA,NA,NA,NA,NA,NA,NA,NA,NA,NA,NA,NA,NA,NA,NA,NA,NA,NA,NA,NA,NA,NA,NA,NA,NA,NA,NA,NA,NA,NA,NA,NA,NA,NA,NA,NA,NA,NA,NA,NA,NA,NA,NA,1999.1550124000023,2000.154901400001,space,5.1164682999988145,036,001,2024-10-22_16h33.56.977,PsychoPy Exp,2023.1.2,59.980554304606756
