Condition,TrueFalse,Scenario,StimType,Stimulus,Statement,StatementNum,CorAnsEven,CorAnsOdd,TotalObjects,TotalDistractors,TotalTargets,VisibleObjects,VisibleDistractors,VisibleTargets,HiddenObjects,HiddenDistractors,HiddenTargets,Barrier,WhyFalse,ExpTrial.thisRepN,ExpTrial.thisTrialN,ExpTrial.thisN,ExpTrial.thisIndex,ExpIntroText.started,ExpIntroPressSPACEText.started,ExpIntroPressSPACE.started,ExpIntroPressSPACE.keys,ExpIntroPressSPACE.rt,ExpISI.started,ExpPrimerText.started,ExpPrimerText.stopped,ExpText.started,ExpImagePrimer.started,ExpImagePrimer.stopped,ExpImage.started,ExpResponse.started,ExpResponse.keys,ExpResponse.corr,ExpResponse.rt,BreakTextPrompt.started,BreakTextPrompt.stopped,BreakTextKeyResponse.started,BreakTextKeyResponse.stopped,BreakTextKeyResponse.keys,BreakTextKeyResponse.rt,ExpEndText.started,ExpEndPressSPACE.started,ExpEndPressSPACE.keys,ExpEndPressSPACE.rt,participant,session,date,expName,psychopyVersion,frameRate
NA,NA,NA,NA,NA,NA,NA,NA,NA,NA,NA,NA,NA,NA,NA,NA,NA,NA,NA,NA,NA,NA,NA,NA,27.7594002999831,29.736905000172555,29.736905000172555,space,13.215992399957033,NA,NA,NA,NA,NA,NA,NA,NA,NA,NA,NA,NA,NA,NA,NA,NA,NA,NA,NA,NA,NA,005,001,2024-10-02_15h30.09.216,PsychoPy Exp,2023.1.2,59.97023074626071
Belief,TRUE,TB-K-B,TT_B,PsychoPyStudy2Stim/TT_B_7.png,Adam THINKS there are TWO cubes,2,b,h,2,0,2,2,0,2,0,0,0,B,-,0,0,0,140,NA,NA,NA,NA,NA,0.20334589993581176,43.25470330007374,43.636171699967235,43.7363186001312,45.73635580018163,46.13618150004186,46.271829900098965,46.271829900098965,h,1,1.185144599992782,47.48617300018668,47.48617300018668,47.48617300018668,47.48617300018668,NA,NA,NA,NA,NA,NA,005,001,2024-10-02_15h30.09.216,PsychoPy Exp,2023.1.2,59.97023074626071
Reality,FALSE,TB-K,TT_NB,PsychoPyStudy2Stim/TT_NB_6.png,"In REALITY, there is ONE cube",1,h,b,2,0,2,2,0,2,0,0,0,NB,PropFalse,0,1,1,71,NA,NA,NA,NA,NA,0.00169460009783506,47.58794410014525,47.96945650014095,48.06960509996861,50.06966060004197,50.46957479999401,50.5718494001776,50.5718494001776,b,1,2.0526582000311464,52.65263500018045,52.65263500018045,52.65263500018045,52.65263500018045,NA,NA,NA,NA,NA,NA,005,001,2024-10-02_15h30.09.216,PsychoPy Exp,2023.1.2,59.97023074626071
Reality,FALSE,FB-Ig,D_B_T,PsychoPyStudy2Stim/D_B_T_3.png,"In REALITY, there are ZERO cubes",0,h,b,2,1,1,1,1,0,1,0,1,B,PropFalse,0,2,2,106,NA,NA,NA,NA,NA,4.1390000842511e-4,52.733293200144544,53.10278940014541,53.20275410008617,55.20286129997112,55.60287130018696,55.7052533000242,55.7052533000242,b,1,2.7432513998355716,58.46911470009945,58.46911470009945,58.46911470009945,58.46911470009945,NA,NA,NA,NA,NA,NA,005,001,2024-10-02_15h30.09.216,PsychoPy Exp,2023.1.2,59.97023074626071
Knowledge,FALSE,FB-Ig,D_B_T,PsychoPyStudy2Stim/D_B_T_1.png,Adam KNOWS there are ZERO cubes,0,h,b,2,1,1,1,1,0,1,0,1,B,PropFalse,0,3,3,322,NA,NA,NA,NA,NA,4.0760007686913e-4,58.55309320008382,58.93608919996768,59.03631600015797,61.03611610014923,61.43622560007498,61.53861439996399,61.53861439996399,b,1,1.910240299999714,63.4694895001594,63.4694895001594,63.4694895001594,63.4694895001594,NA,NA,NA,NA,NA,NA,005,001,2024-10-02_15h30.09.216,PsychoPy Exp,2023.1.2,59.97023074626071
Reality,TRUE,FB-Ig,D_B_T,PsychoPyStudy2Stim/D_B_T_2.png,"In REALITY, there is ONE cube",1,b,h,2,1,1,1,1,0,1,0,1,B,-,0,4,4,51,NA,NA,NA,NA,NA,0.00171039998531341,63.5541147000622,63.93606370012276,64.03619670006447,66.03620700002648,66.43611730006523,66.53849530010484,66.53849530010484,h,1,1.1581207001581788,67.71938040014356,67.71938040014356,67.71938040014356,67.71938040014356,NA,NA,NA,NA,NA,NA,005,001,2024-10-02_15h30.09.216,PsychoPy Exp,2023.1.2,59.97023074626071
Reality,FALSE,TB-K,DD_NB,PsychoPyStudy2Stim/DD_NB_2.png,"In REALITY, there are TWO cubes",2,h,b,2,2,0,2,2,0,0,0,0,NB,PropFalse,0,5,5,61,NA,NA,NA,NA,NA,8.7519991211593e-4,67.81284170015715,68.18604449997656,68.28620480000973,70.28622060013004,70.68607709999196,70.7885386000853,70.7885386000853,b,1,2.459985899971798,73.26930449996144,73.26930449996144,73.26930449996144,73.26930449996144,NA,NA,NA,NA,NA,NA,005,001,2024-10-02_15h30.09.216,PsychoPy Exp,2023.1.2,59.97023074626071
Reality,FALSE,TB-Ig,D_B_D,PsychoPyStudy2Stim/D_B_D_1.png,"In REALITY, there are TWO cubes",2,h,b,2,2,0,1,1,0,1,1,0,B,PropFalse,0,6,6,76,NA,NA,NA,NA,NA,7.1760010905563e-4,73.36240690015256,73.73601000010967,73.83617330016568,75.83609580015764,76.23618600005284,76.3392676000949,76.3392676000949,b,1,0.7415524998214096,77.1027183001861,77.1027183001861,77.1027183001861,77.1027183001861,NA,NA,NA,NA,NA,NA,005,001,2024-10-02_15h30.09.216,PsychoPy Exp,2023.1.2,59.97023074626071
Belief,TRUE,TB-K-B,TT_B,PsychoPyStudy2Stim/TT_B_1.png,Adam THINKS there are TWO cubes,2,b,h,2,0,2,2,0,2,0,0,0,B,-,0,7,7,134,NA,NA,NA,NA,NA,0.00168790016323328,77.18504430004396,77.56924570002593,77.66938880016096,79.66940590017475,80.06946280016564,80.17182220006362,80.17182220006362,h,1,1.404983500018716,81.6025757000316,81.6025757000316,81.6025757000316,81.6025757000316,NA,NA,NA,NA,NA,NA,005,001,2024-10-02_15h30.09.216,PsychoPy Exp,2023.1.2,59.97023074626071
Knowledge,TRUE,TB-K-B,DD_B,PsychoPyStudy2Stim/DD_B_10.png,Adam KNOWS there are ZERO cubes,0,b,h,2,2,0,2,2,0,0,0,0,B,-,0,8,8,243,NA,NA,NA,NA,NA,3.8930005393922e-4,81.69066040008329,82.06932130013593,82.16949030011892,84.1693685001228,84.56949510006234,84.67169320001267,84.67169320001267,h,1,1.2169589998666197,85.91932430001907,85.91932430001907,85.91932430001907,85.91932430001907,NA,NA,NA,NA,NA,NA,005,001,2024-10-02_15h30.09.216,PsychoPy Exp,2023.1.2,59.97023074626071
Belief,TRUE,TB-K-B,TT_B,PsychoPyStudy2Stim/TT_B_8.png,Adam THINKS there are TWO cubes,2,b,h,2,0,2,2,0,2,0,0,0,B,-,0,9,9,141,NA,NA,NA,NA,NA,0.00114919990301132,86.00644679996185,86.38579159998335,86.48620470007882,88.48605190007947,88.88609839999117,88.98851569998078,88.98851569998078,h,1,1.5560465999878943,90.56936249998398,90.56936249998398,90.56936249998398,90.56936249998398,NA,NA,NA,NA,NA,NA,005,001,2024-10-02_15h30.09.216,PsychoPy Exp,2023.1.2,59.97023074626071
Reality,TRUE,TB-Ig,D_B,PsychoPyStudy2Stim/D_B_3.png,"In REALITY, there are ZERO cubes",0,b,h,1,1,0,1,1,0,0,0,0,B,-,0,10,10,20,NA,NA,NA,NA,NA,0.00168170011602342,90.64858740009367,91.01920810015872,91.11933620017952,93.11942710005678,93.51925840019248,93.6217303001322,93.6217303001322,h,1,3.114913299912587,96.75260760006496,96.75260760006496,96.75260760006496,96.75260760006496,NA,NA,NA,NA,NA,NA,005,001,2024-10-02_15h30.09.216,PsychoPy Exp,2023.1.2,59.97023074626071
Belief,FALSE,FB-Ig,T_B_T,PsychoPyStudy2Stim/T_B_T_5.png,Adam THINKS there are TWO cubes,2,h,b,2,0,2,1,0,1,1,0,1,B,PropTrueNoBelief,0,11,11,204,NA,NA,NA,NA,NA,6.7649991251528e-4,96.85098069999368,97.2359641001094,97.33608889998868,99.33609930006789,99.73610450001432,99.83837820007466,99.83837820007466,b,1,1.8423703000880776,101.70266780001111,101.70266780001111,101.70266780001111,101.70266780001111,NA,NA,NA,NA,NA,NA,005,001,2024-10-02_15h30.09.216,PsychoPy Exp,2023.1.2,59.97023074626071
Reality,FALSE,TB-K,T_NB,PsychoPyStudy2Stim/T_NB_3.png,"In REALITY, there are TWO cubes",2,h,b,1,0,1,1,0,1,0,0,0,NB,PropFalse,0,12,12,59,NA,NA,NA,NA,NA,0.00168280000798404,101.7836492001079,102.16927490010858,102.2692542001605,104.2693947001826,104.66929800016806,104.7716743000783,104.7716743000783,b,1,0.90106839989312,105.70258849998936,105.70258849998936,105.70258849998936,105.70258849998936,NA,NA,NA,NA,NA,NA,005,001,2024-10-02_15h30.09.216,PsychoPy Exp,2023.1.2,59.97023074626071
Belief,TRUE,TB-K,TT_NB,PsychoPyStudy2Stim/TT_NB_5.png,Adam THINKS there are TWO cubes,2,b,h,2,0,2,2,0,2,0,0,0,NB,-,0,13,13,124,NA,NA,NA,NA,NA,0.00169460009783506,105.79301660018972,106.16924760001712,106.26938459998928,108.26938110007904,108.66945150005633,108.771642500069,108.771642500069,h,1,1.372766099870205,110.16914250003174,110.16914250003174,110.16914250003174,110.16914250003174,NA,NA,NA,NA,NA,NA,005,001,2024-10-02_15h30.09.216,PsychoPy Exp,2023.1.2,59.97023074626071
Reality,FALSE,FB-Ig,T_B_T,PsychoPyStudy2Stim/T_B_T_2.png,"In REALITY, there is ONE cube",1,h,b,2,0,2,1,0,1,1,0,1,B,PropFalse,0,14,14,93,NA,NA,NA,NA,NA,0.00113980006426572,110.24454770004375,110.61920440010726,110.71921580005436,112.71923430007882,113.11932140006684,113.22173750004733,113.22173750004733,b,1,1.5478017998393625,114.7859459000174,114.7859459000174,114.7859459000174,114.7859459000174,NA,NA,NA,NA,NA,NA,005,001,2024-10-02_15h30.09.216,PsychoPy Exp,2023.1.2,59.97023074626071
Reality,TRUE,FB-Ig,T_B_T,PsychoPyStudy2Stim/T_B_T_3.png,"In REALITY, there are TWO cubes",2,b,h,2,0,2,1,0,1,1,0,1,B,-,0,15,15,46,NA,NA,NA,NA,NA,0.00170999998226761,114.86854010005482,115.25253820000216,115.35267850011589,117.35253360006028,117.75263480003925,117.85488440003246,117.85488440003246,h,1,0.8414948000572622,118.7191389000509,118.7191389000509,118.7191389000509,118.7191389000509,NA,NA,NA,NA,NA,NA,005,001,2024-10-02_15h30.09.216,PsychoPy Exp,2023.1.2,59.97023074626071
Reality,TRUE,TB-K,TT_NB,PsychoPyStudy2Stim/TT_NB_6.png,"In REALITY, there are TWO cubes",2,b,h,2,0,2,2,0,2,0,0,0,NB,-,0,16,16,17,NA,NA,NA,NA,NA,3.9410009048879e-4,118.78605230012909,119.16916680010036,119.2692350000143,121.26933400006963,121.66924790013582,121.7717933000531,121.7717933000531,h,1,0.7813057000748813,122.56916299997827,122.56916299997827,122.56916299997827,122.56916299997827,NA,NA,NA,NA,NA,NA,005,001,2024-10-02_15h30.09.216,PsychoPy Exp,2023.1.2,59.97023074626071
Knowledge,TRUE,TB-K,TT_NB,PsychoPyStudy2Stim/TT_NB_4.png,Adam KNOWS there are TWO cubes,2,b,h,2,0,2,2,0,2,0,0,0,NB,-,0,17,17,231,NA,NA,NA,NA,NA,0.00152930011972785,122.6563931000419,123.03572609997354,123.13599740015344,125.1358898000326,125.53591300011612,125.63818830018865,125.63818830018865,h,1,0.6744748998899013,126.33587720012292,126.33587720012292,126.33587720012292,126.33587720012292,NA,NA,NA,NA,NA,NA,005,001,2024-10-02_15h30.09.216,PsychoPy Exp,2023.1.2,59.97023074626071
Reality,FALSE,TB-K-B,TD_B,PsychoPyStudy2Stim/TD_B_7.png,"In REALITY, there are ZERO cubes",0,h,b,2,1,1,2,1,1,0,0,0,B,PropFalse,0,18,18,90,NA,NA,NA,NA,NA,0.00180050008930265,126.40875339997,126.78585400013252,126.88598650018685,128.88601880008355,129.28585930005647,129.3883035001345,129.3883035001345,b,1,2.3974650998134166,131.80252530006692,131.80252530006692,131.80252530006692,131.80252530006692,NA,NA,NA,NA,NA,NA,005,001,2024-10-02_15h30.09.216,PsychoPy Exp,2023.1.2,59.97023074626071
Knowledge,FALSE,FB-Ig,D_B_T,PsychoPyStudy2Stim/D_B_T_3.png,Adam KNOWS there is ONE cube,1,h,b,2,1,1,1,1,0,1,0,1,B,PropTrueNoKnowledge,0,19,19,320,NA,NA,NA,NA,NA,0.00168529991060495,131.89488809998147,132.2691419001203,132.36932890000753,134.3691629001405,134.76915440009907,134.87152440007776,134.87152440007776,b,1,2.0815282999537885,136.96911290008575,136.96911290008575,136.96911290008575,136.96911290008575,NA,NA,NA,NA,NA,NA,005,001,2024-10-02_15h30.09.216,PsychoPy Exp,2023.1.2,59.97023074626071
Knowledge,FALSE,TB-Ig,D_B,PsychoPyStudy2Stim/D_B_3.png,Adam KNOWS there are ZERO cubes,0,h,b,1,1,0,1,1,0,0,0,0,B,PropTrueNoKnowledge,0,20,20,290,NA,NA,NA,NA,NA,0.00153560005128383,137.0634175001178,137.43579340004362,137.53593330015428,139.53594630002044,139.9357969001867,140.0382269001566,140.0382269001566,b,1,2.68275889987126,142.7522776001133,142.7522776001133,142.7522776001133,142.7522776001133,NA,NA,NA,NA,NA,NA,005,001,2024-10-02_15h30.09.216,PsychoPy Exp,2023.1.2,59.97023074626071
Knowledge,TRUE,TB-K,DD_NB,PsychoPyStudy2Stim/DD_NB_2.png,Adam KNOWS there are ZERO cubes,0,b,h,2,2,0,2,2,0,0,0,0,NB,-,0,21,21,223,NA,NA,NA,NA,NA,0.00184169993735849,142.81550590018742,143.1857606000267,143.2859269999899,145.28592339996248,145.68593910010532,145.7882191000972,145.7882191000972,h,1,0.7325872001238167,146.5523416001815,146.5523416001815,146.5523416001815,146.5523416001815,NA,NA,NA,NA,NA,NA,005,001,2024-10-02_15h30.09.216,PsychoPy Exp,2023.1.2,59.97023074626071
Reality,TRUE,FB-Ig,T_B_T,PsychoPyStudy2Stim/T_B_T_5.png,"In REALITY, there are TWO cubes",2,b,h,2,0,2,1,0,1,1,0,1,B,-,0,22,22,42,NA,NA,NA,NA,NA,0.00122950016520917,146.6248657000251,147.00241000019014,147.1025378999766,149.1025578000117,149.5023925001733,149.60474129999056,149.60474129999056,h,1,0.6358753000386059,150.26911140000448,150.26911140000448,150.26911140000448,150.26911140000448,NA,NA,NA,NA,NA,NA,005,001,2024-10-02_15h30.09.216,PsychoPy Exp,2023.1.2,59.97023074626071
Knowledge,FALSE,FB-Ig,T_B_T,PsychoPyStudy2Stim/T_B_T_4.png,Adam KNOWS there is ONE cube,1,h,b,2,0,2,1,0,1,1,0,1,B,PropFalse,0,23,23,303,NA,NA,NA,NA,NA,0.00182419992052018,150.34967040014453,150.7190509000793,150.81898039998487,152.81918820017015,153.21907150000334,153.32154480018653,153.32154480018653,b,1,2.431509400019422,155.76908580004238,155.76908580004238,155.76908580004238,155.76908580004238,NA,NA,NA,NA,NA,NA,005,001,2024-10-02_15h30.09.216,PsychoPy Exp,2023.1.2,59.97023074626071
Belief,TRUE,TB-Ig,D_B,PsychoPyStudy2Stim/D_B_3.png,Adam THINKS there are ZERO cubes,0,b,h,1,1,0,1,1,0,0,0,0,B,-,0,24,24,128,NA,NA,NA,NA,NA,0.00186030007898807,155.8457777001895,156.2190592000261,156.31921120011248,158.31920610019006,158.71923250006512,158.8216170000378,158.8216170000378,h,1,3.7065917002037168,162.55231459997594,162.55231459997594,162.55231459997594,162.55231459997594,NA,NA,NA,NA,NA,NA,005,001,2024-10-02_15h30.09.216,PsychoPy Exp,2023.1.2,59.97023074626071
Reality,TRUE,TB-Ig,D_B,PsychoPyStudy2Stim/D_B_2.png,"In REALITY, there are ZERO cubes",0,b,h,1,1,0,1,1,0,0,0,0,B,-,0,25,25,19,NA,NA,NA,NA,NA,9.7379996441304e-4,162.64476420008577,163.01898260018788,163.11916470015422,165.119178700028,165.5191272001248,165.62150220014155,165.62150220014155,h,1,2.4188664997927845,168.06893549999222,168.06893549999222,168.06893549999222,168.06893549999222,NA,NA,NA,NA,NA,NA,005,001,2024-10-02_15h30.09.216,PsychoPy Exp,2023.1.2,59.97023074626071
Knowledge,FALSE,FB-Ig,T_B_T,PsychoPyStudy2Stim/T_B_T_6.png,Adam KNOWS there are TWO cubes,2,h,b,2,0,2,1,0,1,1,0,1,B,PropTrueNoKnowledge,0,26,26,311,NA,NA,NA,NA,NA,6.643000524491e-4,168.14634790015407,168.51897350000218,168.6191700999625,170.61914200009778,171.01915520010516,171.12144450005144,171.12144450005144,b,1,1.118706500157714,172.2690211001318,172.2690211001318,172.2690211001318,172.2690211001318,NA,NA,NA,NA,NA,NA,005,001,2024-10-02_15h30.09.216,PsychoPy Exp,2023.1.2,59.97023074626071
Belief,FALSE,TB-K,D_NB,PsychoPyStudy2Stim/D_NB_2.png,Adam THINKS there is ONE cube,1,h,b,1,1,0,1,1,0,0,0,0,NB,PropFalse,0,27,27,163,NA,NA,NA,NA,NA,9.9049997515976e-4,172.34606840019114,172.71897620009258,172.81901330011897,174.81911430018954,175.2191226000432,175.32164540002125,175.32164540002125,b,1,2.3504576000850648,177.70240429998375,177.70240429998375,177.70240429998375,177.70240429998375,NA,NA,NA,NA,NA,NA,005,001,2024-10-02_15h30.09.216,PsychoPy Exp,2023.1.2,59.97023074626071
Reality,FALSE,FB-Ig,D_B_T,PsychoPyStudy2Stim/D_B_T_4.png,"In REALITY, there are ZERO cubes",0,h,b,2,1,1,1,1,0,1,0,1,B,PropFalse,0,28,28,107,NA,NA,NA,NA,NA,0.00184360006824135,177.80650570010766,178.18565810006112,178.28579220012762,180.28572609997352,180.68560059997253,180.78808750002645,180.78808750002645,h,0,0.948292399989441,181.7521763001569,181.7521763001569,181.7521763001569,181.7521763001569,NA,NA,NA,NA,NA,NA,005,001,2024-10-02_15h30.09.216,PsychoPy Exp,2023.1.2,59.97023074626071
Belief,FALSE,TB-K-B,TT_B,PsychoPyStudy2Stim/TT_B_6.png,Adam THINKS there are ZERO cubes,0,h,b,2,0,2,2,0,2,0,0,0,B,PropFalse,0,29,29,193,NA,NA,NA,NA,NA,7.1419985033571e-4,181.8431156000588,182.2189305999782,182.31906840018928,184.31908749998547,184.7190926000476,184.82141540013257,184.82141540013257,b,1,2.859017599839717,187.7023082000669,187.7023082000669,187.7023082000669,187.7023082000669,NA,NA,NA,NA,NA,NA,005,001,2024-10-02_15h30.09.216,PsychoPy Exp,2023.1.2,59.97023074626071
Belief,TRUE,TB-Ig,D_B,PsychoPyStudy2Stim/D_B_1.png,Adam THINKS there are ZERO cubes,0,b,h,1,1,0,1,1,0,0,0,0,B,-,0,30,30,126,NA,NA,NA,NA,NA,0.00169780012220144,187.7961256001145,188.16891860007308,188.26908140000887,190.2690632999875,190.66901500010863,190.77159820008092,190.77159820008092,h,1,7.476629100041464,198.2687383000739,198.2687383000739,198.2687383000739,198.2687383000739,NA,NA,NA,NA,NA,NA,005,001,2024-10-02_15h30.09.216,PsychoPy Exp,2023.1.2,59.97023074626071
Reality,TRUE,FB-Ig,T_B_T,PsychoPyStudy2Stim/T_B_T_1.png,"In REALITY, there are TWO cubes",2,b,h,2,0,2,1,0,1,1,0,1,B,-,0,31,31,44,NA,NA,NA,NA,NA,0.00159310013987123,198.3467650001403,198.7188530000858,198.81903190002777,200.8190308001358,201.21889110002667,201.3214759000111,201.3214759000111,h,1,1.9746040999889376,203.3188373001758,203.3188373001758,203.3188373001758,203.3188373001758,NA,NA,NA,NA,NA,NA,005,001,2024-10-02_15h30.09.216,PsychoPy Exp,2023.1.2,59.97023074626071
Knowledge,FALSE,TB-Ig,D_B_D,PsychoPyStudy2Stim/D_B_D_3.png,Adam KNOWS there are ZERO cubes,0,h,b,2,2,0,1,1,0,1,1,0,B,PropTrueNoKnowledge,0,32,32,294,NA,NA,NA,NA,NA,7.4889999814331e-4,203.4072720000986,203.78549150004983,203.88553920015693,205.8855942999944,206.2856756001711,206.38807600014843,206.38807600014843,b,1,4.2681835000403225,210.68539740005508,210.68539740005508,210.68539740005508,210.68539740005508,NA,NA,NA,NA,NA,NA,005,001,2024-10-02_15h30.09.216,PsychoPy Exp,2023.1.2,59.97023074626071
Belief,FALSE,TB-K,T_NB,PsychoPyStudy2Stim/T_NB_3.png,Adam THINKS there are TWO cubes,2,h,b,1,0,1,1,0,1,0,0,0,NB,PropFalse,0,33,33,167,NA,NA,NA,NA,NA,0.00139029999263584,210.7596244001761,211.1355646001175,211.2354630001355,213.23566680005752,213.63555070012808,213.73778129997663,213.73778129997663,b,1,5.038319899933413,218.8019791999832,218.8019791999832,218.8019791999832,218.8019791999832,NA,NA,NA,NA,NA,NA,005,001,2024-10-02_15h30.09.216,PsychoPy Exp,2023.1.2,59.97023074626071
Belief,TRUE,FB-Ig,T_B_T,PsychoPyStudy2Stim/T_B_T_2.png,Adam THINKS there is ONE cube,1,b,h,2,0,2,1,0,1,1,0,1,B,-,0,34,34,147,NA,NA,NA,NA,NA,0.00105020008049905,218.89132170006633,219.268783000065,219.36885730014183,221.3688939001877,221.7689445000142,221.87115660007112,221.87115660007112,h,1,0.9529907000251114,222.8520355999935,222.8520355999935,222.8520355999935,222.8520355999935,NA,NA,NA,NA,NA,NA,005,001,2024-10-02_15h30.09.216,PsychoPy Exp,2023.1.2,59.97023074626071
Belief,TRUE,TB-Ig,D_B_D,PsychoPyStudy2Stim/D_B_D_2.png,Adam THINKS there are ZERO cubes,0,b,h,2,2,0,1,1,0,1,1,0,B,-,0,35,35,131,NA,NA,NA,NA,NA,0.00141189992427825,222.92381730000488,223.30208230018616,223.4023355001118,225.40220300015065,225.8022804001812,225.9046829000581,225.9046829000581,h,1,6.135394700104371,232.0687594001647,232.0687594001647,232.0687594001647,232.0687594001647,NA,NA,NA,NA,NA,NA,005,001,2024-10-02_15h30.09.216,PsychoPy Exp,2023.1.2,59.97023074626071
Knowledge,TRUE,TB-K-B,DD_B,PsychoPyStudy2Stim/DD_B_3.png,Adam KNOWS there are ZERO cubes,0,b,h,2,2,0,2,2,0,0,0,0,B,-,0,36,36,236,NA,NA,NA,NA,NA,0.00176570005714893,232.14917510002851,232.51863200007935,232.61875859997235,234.61898780008775,235.01875860011205,235.1212228001095,235.1212228001095,h,1,1.9427141000051051,237.08528020000085,237.08528020000085,237.08528020000085,237.08528020000085,NA,NA,NA,NA,NA,NA,005,001,2024-10-02_15h30.09.216,PsychoPy Exp,2023.1.2,59.97023074626071
Belief,FALSE,FB-Ig,T_B_T,PsychoPyStudy2Stim/T_B_T_6.png,Adam THINKS there are TWO cubes,2,h,b,2,0,2,1,0,1,1,0,1,B,PropTrueNoBelief,0,37,37,205,NA,NA,NA,NA,NA,4.8599997535347e-4,237.1628056000918,237.53531239996664,237.63557190005668,239.63528449996377,240.0356670001056,240.1378423999995,240.1378423999995,b,1,1.854295999975875,242.01860050018877,242.01860050018877,242.01860050018877,242.01860050018877,NA,NA,NA,NA,NA,NA,005,001,2024-10-02_15h30.09.216,PsychoPy Exp,2023.1.2,59.97023074626071
Reality,FALSE,FB-Ig,T_B_T,PsychoPyStudy2Stim/T_B_T_1.png,"In REALITY, there is ONE cube",1,h,b,2,0,2,1,0,1,1,0,1,B,PropFalse,0,38,38,98,NA,NA,NA,NA,NA,0.00151510001160204,242.08955210004933,242.4687136001885,242.56869970005937,244.56869880016893,244.9687189999968,245.07114500016905,245.07114500016905,b,1,7.201060200110078,252.3020413001068,252.3020413001068,252.3020413001068,252.3020413001068,NA,NA,NA,NA,NA,NA,005,001,2024-10-02_15h30.09.216,PsychoPy Exp,2023.1.2,59.97023074626071
Belief,FALSE,TB-K-B,TT_B,PsychoPyStudy2Stim/TT_B_3.png,Adam THINKS there are ZERO cubes,0,h,b,2,0,2,2,0,2,0,0,0,B,PropFalse,0,39,39,190,NA,NA,NA,NA,NA,0.0017038001678884,252.39409600012004,252.76874770014547,252.8686574001331,254.86884130002,255.26869130018167,255.37117260019295,255.37117260019295,b,1,2.172662500059232,257.56849480001256,257.56849480001256,257.56849480001256,257.56849480001256,NA,NA,NA,NA,NA,NA,005,001,2024-10-02_15h30.09.216,PsychoPy Exp,2023.1.2,59.97023074626071
Knowledge,TRUE,TB-K,TD_NB,PsychoPyStudy2Stim/TD_NB_3.png,Adam KNOWS there is ONE cube,1,b,h,2,1,1,2,1,1,0,0,0,NB,-,0,40,40,227,NA,NA,NA,NA,NA,5.8960006572306e-4,257.64336950005963,258.0184842001181,258.1186400000006,260.11858920007944,260.51860129996203,260.6212591000367,260.6212591000367,h,1,3.5869241000618786,264.23536250018515,264.23536250018515,264.23536250018515,264.23536250018515,NA,NA,NA,NA,NA,NA,005,001,2024-10-02_15h30.09.216,PsychoPy Exp,2023.1.2,59.97023074626071
Knowledge,TRUE,TB-K-B,DD_B,PsychoPyStudy2Stim/DD_B_1.png,Adam KNOWS there are ZERO cubes,0,b,h,2,2,0,2,2,0,0,0,0,B,-,0,41,41,234,NA,NA,NA,NA,NA,0.00167510006576776,264.33625280018896,264.7185992000159,264.8187482000794,266.81864099996164,267.2187501001172,267.321131200064,267.321131200064,h,1,1.6549947999883443,269.0020101000555,269.0020101000555,269.0020101000555,269.0020101000555,NA,NA,NA,NA,NA,NA,005,001,2024-10-02_15h30.09.216,PsychoPy Exp,2023.1.2,59.97023074626071
Belief,FALSE,TB-K,TT_NB,PsychoPyStudy2Stim/TT_NB_3.png,Adam THINKS there are ZERO cubes,0,h,b,2,0,2,2,0,2,0,0,0,NB,PropFalse,0,42,42,176,NA,NA,NA,NA,NA,0.00168660003691911,269.10005560005084,269.4852167000063,269.5854611999821,271.58527270006016,271.98545920010656,272.08784759999253,272.08784759999253,b,1,4.097053499892354,276.20169880008325,276.20169880008325,276.20169880008325,276.20169880008325,NA,NA,NA,NA,NA,NA,005,001,2024-10-02_15h30.09.216,PsychoPy Exp,2023.1.2,59.97023074626071
Reality,TRUE,TB-K-B,TD_B,PsychoPyStudy2Stim/TD_B_4.png,"In REALITY, there is ONE cube",1,b,h,2,1,1,2,1,1,0,0,0,B,-,0,43,43,33,NA,NA,NA,NA,NA,3.8979994133114e-4,276.2888569000643,276.6684215001296,276.76864350005053,278.7684504999779,279.1684096001554,279.27087370003574,279.27087370003574,h,1,1.3768141998443753,280.6683706000913,280.6683706000913,280.6683706000913,280.6683706000913,NA,NA,NA,NA,NA,NA,005,001,2024-10-02_15h30.09.216,PsychoPy Exp,2023.1.2,59.97023074626071
Knowledge,FALSE,TB-Ig,D_B,PsychoPyStudy2Stim/D_B_4.png,Adam KNOWS there are ZERO cubes,0,h,b,1,1,0,1,1,0,0,0,0,B,PropTrueNoKnowledge,0,44,44,291,NA,NA,NA,NA,NA,4.0609994903206e-4,280.74413330014795,281.11829010001384,281.2184804000426,283.21847740001976,283.6185049000196,283.72179089998826,283.72179089998826,b,1,2.7179815000854433,286.4685576001648,286.4685576001648,286.4685576001648,286.4685576001648,NA,NA,NA,NA,NA,NA,005,001,2024-10-02_15h30.09.216,PsychoPy Exp,2023.1.2,59.97023074626071
Reality,TRUE,FB-Ig,D_B_T,PsychoPyStudy2Stim/D_B_T_1.png,"In REALITY, there is ONE cube",1,b,h,2,1,1,1,1,0,1,0,1,B,-,0,45,45,50,NA,NA,NA,NA,NA,0.00121790007688105,286.5709953000769,286.95187059999444,287.0518747000024,289.05177110014483,289.4519138999749,289.5543985001277,289.5543985001277,h,1,1.3012908999808133,290.884986900026,290.884986900026,290.884986900026,290.884986900026,NA,NA,NA,NA,NA,NA,005,001,2024-10-02_15h30.09.216,PsychoPy Exp,2023.1.2,59.97023074626071
Knowledge,TRUE,TB-K,TD_NB,PsychoPyStudy2Stim/TD_NB_2.png,Adam KNOWS there is ONE cube,1,b,h,2,1,1,2,1,1,0,0,0,NB,-,0,46,46,226,NA,NA,NA,NA,NA,4.3470016680657e-4,290.9750490000006,291.35176320001483,291.4519885999616,293.4517612999771,293.85169000015594,293.954111300176,293.954111300176,h,1,1.1660660000052303,295.13500980008394,295.13500980008394,295.13500980008394,295.13500980008394,NA,NA,NA,NA,NA,NA,005,001,2024-10-02_15h30.09.216,PsychoPy Exp,2023.1.2,59.97023074626071
Knowledge,FALSE,TB-K,TT_NB,PsychoPyStudy2Stim/TT_NB_3.png,Adam KNOWS there are ZERO cubes,0,h,b,2,0,2,2,0,2,0,0,0,NB,PropFalse,0,47,47,284,NA,NA,NA,NA,NA,4.2610010132193e-4,295.2065457000863,295.58490560017526,295.6851053000428,297.6850398001261,298.0850921999663,298.18761660018936,298.18761660018936,b,1,1.4360253000631928,299.65157730015926,299.65157730015926,299.65157730015926,299.65157730015926,NA,NA,NA,NA,NA,NA,005,001,2024-10-02_15h30.09.216,PsychoPy Exp,2023.1.2,59.97023074626071
Reality,TRUE,TB-K-B,TD_B,PsychoPyStudy2Stim/TD_B_2.png,"In REALITY, there is ONE cube",1,b,h,2,1,1,2,1,1,0,0,0,B,-,0,48,48,31,NA,NA,NA,NA,NA,5.2380003035068e-4,299.7532224000897,300.13487190008163,300.2350141000934,302.23504810011946,302.63504780014046,302.73769280011766,302.73769280011766,h,1,0.9500041001010686,303.71824540011585,303.71824540011585,303.71824540011585,303.71824540011585,NA,NA,NA,NA,NA,NA,005,001,2024-10-02_15h30.09.216,PsychoPy Exp,2023.1.2,59.97023074626071
Reality,FALSE,TB-K-B,DD_B,PsychoPyStudy2Stim/DD_B_13.png,"In REALITY, there are TWO cubes",2,h,b,2,2,0,2,2,0,0,0,0,B,PropFalse,0,49,49,80,NA,NA,NA,NA,NA,4.5810011215507e-4,303.79958350001834,304.1849014000036,304.2850803001784,306.28501980006695,306.68509970000014,306.7878005001694,306.7878005001694,b,1,1.475805000169203,308.28490770002827,308.28490770002827,308.28490770002827,308.28490770002827,NA,NA,NA,NA,NA,NA,005,001,2024-10-02_15h30.09.216,PsychoPy Exp,2023.1.2,59.97023074626071
Reality,FALSE,TB-K-B,TD_B,PsychoPyStudy2Stim/TD_B_9.png,"In REALITY, there are ZERO cubes",0,h,b,2,1,1,2,1,1,0,0,0,B,PropFalse,0,50,50,91,NA,NA,NA,NA,NA,4.1720014996826e-4,308.3671741001308,308.751629000064,308.85168400011025,310.85181750007905,311.2519102001097,311.3543917001225,311.3543917001225,b,1,2.325225100154057,313.70167920016684,313.70167920016684,313.70167920016684,313.70167920016684,NA,NA,NA,NA,NA,NA,005,001,2024-10-02_15h30.09.216,PsychoPy Exp,2023.1.2,59.97023074626071
Belief,TRUE,TB-K,TD_NB,PsychoPyStudy2Stim/TD_NB_2.png,Adam THINKS there is ONE cube,1,b,h,2,1,1,2,1,1,0,0,0,NB,-,0,51,51,118,NA,NA,NA,NA,NA,4.9020000733435e-4,313.7828440000303,314.16836840007454,314.2686356001068,316.26857030019164,316.6686088000424,316.7707543000579,316.7707543000579,h,1,1.7170105001423508,318.5183453001082,318.5183453001082,318.5183453001082,318.5183453001082,NA,NA,NA,NA,NA,NA,005,001,2024-10-02_15h30.09.216,PsychoPy Exp,2023.1.2,59.97023074626071
Belief,TRUE,TB-K,TT_NB,PsychoPyStudy2Stim/TT_NB_6.png,Adam THINKS there are TWO cubes,2,b,h,2,0,2,2,0,2,0,0,0,NB,-,0,52,52,125,NA,NA,NA,NA,NA,0.00122090009972453,318.6008634001482,318.9850992001593,319.0851529999636,321.0853468000423,321.4850954001304,321.58753870008513,321.58753870008513,h,1,0.6201836001127958,322.2349970000796,322.2349970000796,322.2349970000796,322.2349970000796,NA,NA,NA,NA,NA,NA,005,001,2024-10-02_15h30.09.216,PsychoPy Exp,2023.1.2,59.97023074626071
Reality,TRUE,TB-K-B,DD_B,PsychoPyStudy2Stim/DD_B_13.png,"In REALITY, there are ZERO cubes",0,b,h,2,2,0,2,2,0,0,0,0,B,-,0,53,53,26,NA,NA,NA,NA,NA,0.00106279994361102,322.3239007999655,322.70164390001446,322.8017534001265,324.80178650002927,325.20189160015434,325.304190200055,325.304190200055,h,1,2.0874700001440942,327.41831900016405,327.41831900016405,327.41831900016405,327.41831900016405,NA,NA,NA,NA,NA,NA,005,001,2024-10-02_15h30.09.216,PsychoPy Exp,2023.1.2,59.97023074626071
Knowledge,FALSE,TB-K,TD_NB,PsychoPyStudy2Stim/TD_NB_3.png,Adam KNOWS there are TWO cubes,2,h,b,2,1,1,2,1,1,0,0,0,NB,PropFalse,0,54,54,281,NA,NA,NA,NA,NA,8.360999636352e-4,327.49035269999877,327.8682935000397,327.9685092000291,329.9684552999679,330.36857599997893,330.4711119001731,330.4711119001731,b,1,1.6245683999732137,332.1182393000927,332.1182393000927,332.1182393000927,332.1182393000927,NA,NA,NA,NA,NA,NA,005,001,2024-10-02_15h30.09.216,PsychoPy Exp,2023.1.2,59.97023074626071
Belief,FALSE,TB-K-B,TT_B,PsychoPyStudy2Stim/TT_B_7.png,Adam THINKS there are ZERO cubes,0,h,b,2,0,2,2,0,2,0,0,0,B,PropFalse,0,55,55,194,NA,NA,NA,NA,NA,0.00100940000265836,332.1947645000182,332.568214799976,332.6684430001769,334.6685504000634,335.06846330012195,335.17089840001427,335.17089840001427,b,1,5.4446363998577,340.6348787001334,340.6348787001334,340.6348787001334,340.6348787001334,NA,NA,NA,NA,NA,NA,005,001,2024-10-02_15h30.09.216,PsychoPy Exp,2023.1.2,59.97023074626071
Knowledge,FALSE,TB-K,TT_NB,PsychoPyStudy2Stim/TT_NB_1.png,Adam KNOWS there are ZERO cubes,0,h,b,2,0,2,2,0,2,0,0,0,NB,PropFalse,0,56,56,282,NA,NA,NA,NA,NA,4.7329999506473e-4,340.70632590004243,341.0849756000098,341.1849790001288,343.18504350003786,343.58496870007366,343.6874094000086,343.6874094000086,b,1,1.5361134000122547,345.25157040008344,345.25157040008344,345.25157040008344,345.25157040008344,NA,NA,NA,NA,NA,NA,005,001,2024-10-02_15h30.09.216,PsychoPy Exp,2023.1.2,59.97023074626071
Knowledge,TRUE,TB-K-B,TT_B,PsychoPyStudy2Stim/TT_B_24.png,Adam KNOWS there are TWO cubes,2,b,h,2,0,2,2,0,2,0,0,0,B,-,0,57,57,257,NA,NA,NA,NA,NA,4.4790003448724e-4,345.33490010001697,345.7183493000921,345.81848970009014,347.8183846999891,348.21837220015004,348.3210108000785,348.3210108000785,h,1,0.902641799999401,349.2514103001449,349.2514103001449,349.2514103001449,349.2514103001449,NA,NA,NA,NA,NA,NA,005,001,2024-10-02_15h30.09.216,PsychoPy Exp,2023.1.2,59.97023074626071
Belief,TRUE,FB-Ig,T_B_T,PsychoPyStudy2Stim/T_B_T_5.png,Adam THINKS there is ONE cube,1,b,h,2,0,2,1,0,1,1,0,1,B,-,0,58,58,150,NA,NA,NA,NA,NA,0.00114870001561939,349.32308780006133,349.7016800001729,349.80179820000194,351.80161810014397,352.2017159999814,352.30415550014004,352.30415550014004,h,1,2.303523600101471,354.63488410017453,354.63488410017453,354.63488410017453,354.63488410017453,NA,NA,NA,NA,NA,NA,005,001,2024-10-02_15h30.09.216,PsychoPy Exp,2023.1.2,59.97023074626071
Knowledge,FALSE,FB-Ig,T_B_T,PsychoPyStudy2Stim/T_B_T_2.png,Adam KNOWS there are TWO cubes,2,h,b,2,0,2,1,0,1,1,0,1,B,PropTrueNoKnowledge,0,59,59,313,NA,NA,NA,NA,NA,0.00128279998898506,354.726228200132,355.10168760013767,355.20188300008886,357.20156499999575,357.60167680005543,357.70418670005165,357.70418670005165,b,1,1.8715407000854611,359.6014890000224,359.6014890000224,359.6014890000224,359.6014890000224,NA,NA,NA,NA,NA,NA,005,001,2024-10-02_15h30.09.216,PsychoPy Exp,2023.1.2,59.97023074626071
Knowledge,TRUE,TB-K,TD_NB,PsychoPyStudy2Stim/TD_NB_1.png,Adam KNOWS there is ONE cube,1,b,h,2,1,1,2,1,1,0,0,0,NB,-,0,60,60,225,NA,NA,NA,NA,NA,0.00170990009792149,359.6721878000535,360.05158530012704,360.1517575001344,362.1516893000808,362.5516233001835,362.65400910004973,362.65400910004973,h,1,0.985724400030449,363.66827940009534,363.66827940009534,363.66827940009534,363.66827940009534,NA,NA,NA,NA,NA,NA,005,001,2024-10-02_15h30.09.216,PsychoPy Exp,2023.1.2,59.97023074626071
Belief,TRUE,TB-K,T_NB,PsychoPyStudy2Stim/T_NB_3.png,Adam THINKS there is ONE cube,1,b,h,1,0,1,1,0,1,0,0,0,NB,-,0,61,61,113,NA,NA,NA,NA,NA,0.00171470013447105,363.74033060017973,364.11836279998533,364.2182347001508,366.2182801000308,366.61845470010303,366.72087380010635,366.72087380010635,h,1,1.1990728001110256,367.9348568001296,367.9348568001296,367.9348568001296,367.9348568001296,NA,NA,NA,NA,NA,NA,005,001,2024-10-02_15h30.09.216,PsychoPy Exp,2023.1.2,59.97023074626071
Knowledge,TRUE,TB-K,TT_NB,PsychoPyStudy2Stim/TT_NB_2.png,Adam KNOWS there are TWO cubes,2,b,h,2,0,2,2,0,2,0,0,0,NB,-,0,62,62,229,NA,NA,NA,NA,NA,4.5249983668327e-4,368.0057409000583,368.38502400019206,368.4851589000318,370.484965500189,370.8850106999744,370.9874003001023,370.9874003001023,h,1,1.3400437999516726,372.3514533000998,372.3514533000998,372.3514533000998,372.3514533000998,NA,NA,NA,NA,NA,NA,005,001,2024-10-02_15h30.09.216,PsychoPy Exp,2023.1.2,59.97023074626071
Knowledge,FALSE,FB-Ig,T_B_T,PsychoPyStudy2Stim/T_B_T_2.png,Adam KNOWS there is ONE cube,1,h,b,2,0,2,1,0,1,1,0,1,B,PropFalse,0,63,63,301,NA,NA,NA,NA,NA,4.9949996173381e-4,372.43300710013136,372.8181418001186,372.9184491999913,374.91836909996346,375.3183524999767,375.42106169997714,375.42106169997714,b,1,2.0344493999145925,377.4847421001177,377.4847421001177,377.4847421001177,377.4847421001177,NA,NA,NA,NA,NA,NA,005,001,2024-10-02_15h30.09.216,PsychoPy Exp,2023.1.2,59.97023074626071
Knowledge,FALSE,FB-Ig,T_B_T,PsychoPyStudy2Stim/T_B_T_4.png,Adam KNOWS there are TWO cubes,2,h,b,2,0,2,1,0,1,1,0,1,B,PropTrueNoKnowledge,0,64,64,309,NA,NA,NA,NA,NA,7.8679993748664e-4,377.5699197000358,377.9515780999791,378.0516057000495,380.0516457001213,380.4516368000768,380.5540965001565,380.5540965001565,b,1,1.7416389000136403,382.31827170006,382.31827170006,382.31827170006,382.31827170006,NA,NA,NA,NA,NA,NA,005,001,2024-10-02_15h30.09.216,PsychoPy Exp,2023.1.2,59.97023074626071
Knowledge,FALSE,TB-K-B,TT_B,PsychoPyStudy2Stim/TT_B_15.png,Adam KNOWS there are ZERO cubes,0,h,b,2,0,2,2,0,2,0,0,0,B,PropFalse,0,65,65,297,NA,NA,NA,NA,NA,0.00191079988144338,382.41225449997,382.7848673001863,382.88483720016666,384.8850197000429,385.28503759996966,385.3873744001612,385.3873744001612,b,1,1.355980500113219,386.7679839001503,386.7679839001503,386.7679839001503,386.7679839001503,NA,NA,NA,NA,NA,NA,005,001,2024-10-02_15h30.09.216,PsychoPy Exp,2023.1.2,59.97023074626071
Belief,FALSE,TB-Ig,D_B_D,PsychoPyStudy2Stim/D_B_D_2.png,Adam THINKS there is ONE cube,1,h,b,2,2,0,1,1,0,1,1,0,B,PropFalse,0,66,66,185,NA,NA,NA,NA,NA,4.3799984268844e-4,386.8400312999729,387.21816260018386,387.3183341000695,389.3181499000639,389.7182472001295,389.82083740015514,389.82083740015514,b,1,1.8507471000775697,391.701494500041,391.701494500041,391.701494500041,391.701494500041,NA,NA,NA,NA,NA,NA,005,001,2024-10-02_15h30.09.216,PsychoPy Exp,2023.1.2,59.97023074626071
Reality,TRUE,TB-Ig,D_B_D,PsychoPyStudy2Stim/D_B_D_3.png,"In REALITY, there are ZERO cubes",0,b,h,2,2,0,1,1,0,1,1,0,B,-,0,67,67,24,NA,NA,NA,NA,NA,8.6260004900395e-4,391.7946324001532,392.16813470004126,392.2681230001617,394.268310500076,394.66827600006945,394.770620000083,394.770620000083,h,1,2.7328125999774784,397.5347087001428,397.5347087001428,397.5347087001428,397.5347087001428,NA,NA,NA,NA,NA,NA,005,001,2024-10-02_15h30.09.216,PsychoPy Exp,2023.1.2,59.97023074626071
Reality,TRUE,FB-Ig,D_B_T,PsychoPyStudy2Stim/D_B_T_3.png,"In REALITY, there is ONE cube",1,b,h,2,1,1,1,1,0,1,0,1,B,-,0,68,68,52,NA,NA,NA,NA,NA,5.0349999219179e-4,397.6083460000809,397.9846272000578,398.084932600148,400.0849540999625,400.48477300000377,400.5872051999904,400.5872051999904,h,1,1.3241604999639094,401.9347254000604,401.9347254000604,401.9347254000604,401.9347254000604,NA,NA,NA,NA,NA,NA,005,001,2024-10-02_15h30.09.216,PsychoPy Exp,2023.1.2,59.97023074626071
Belief,FALSE,FB-Ig,D_B_T,PsychoPyStudy2Stim/D_B_T_1.png,Adam THINKS there is ONE cube,1,h,b,2,1,1,1,1,0,1,0,1,B,PropTrueNoBelief,0,69,69,212,NA,NA,NA,NA,NA,0.00115189980715513,402.03103080019355,402.4014250000473,402.5016073000152,404.5013650001493,404.9013763000258,405.0039081000723,405.0039081000723,b,1,3.0116709000431,408.0346399000846,408.0346399000846,408.0346399000846,408.0346399000846,NA,NA,NA,NA,NA,NA,005,001,2024-10-02_15h30.09.216,PsychoPy Exp,2023.1.2,59.97023074626071
Belief,FALSE,TB-Ig,D_B,PsychoPyStudy2Stim/D_B_3.png,Adam THINKS there is ONE cube,1,h,b,1,1,0,1,1,0,0,0,0,B,PropFalse,0,70,70,182,NA,NA,NA,NA,NA,0.0015215000603348,408.1051215000916,408.4848007999826,408.5849258999806,410.5849021000322,410.9848865000531,411.08719220012426,411.08719220012426,b,1,1.6970544999931008,412.8013720000163,412.8013720000163,412.8013720000163,412.8013720000163,NA,NA,NA,NA,NA,NA,005,001,2024-10-02_15h30.09.216,PsychoPy Exp,2023.1.2,59.97023074626071
Reality,FALSE,TB-K,TT_NB,PsychoPyStudy2Stim/TT_NB_4.png,"In REALITY, there is ONE cube",1,h,b,2,0,2,2,0,2,0,0,0,NB,PropFalse,0,71,71,69,NA,NA,NA,NA,NA,0.00106220017187297,412.8885816000402,413.2680926001631,413.3680390999653,415.36820859997533,415.7681963001378,415.87046050000936,415.87046050000936,b,1,1.8167840999085456,417.71800060011446,417.71800060011446,417.71800060011446,417.71800060011446,NA,NA,NA,NA,NA,NA,005,001,2024-10-02_15h30.09.216,PsychoPy Exp,2023.1.2,59.97023074626071
Reality,FALSE,FB-Ig,T_B_T,PsychoPyStudy2Stim/T_B_T_5.png,"In REALITY, there is ONE cube",1,h,b,2,0,2,1,0,1,1,0,1,B,PropFalse,0,72,72,102,NA,NA,NA,NA,NA,9.5839984714984e-4,417.7884290001821,418.1680381000042,418.26795110013336,420.2680130000226,420.6681952001527,420.77074429998174,420.77074429998174,b,1,1.116821700008586,421.91810240014456,421.91810240014456,421.91810240014456,421.91810240014456,NA,NA,NA,NA,NA,NA,005,001,2024-10-02_15h30.09.216,PsychoPy Exp,2023.1.2,59.97023074626071
Knowledge,TRUE,TB-K,DD_NB,PsychoPyStudy2Stim/DD_NB_3.png,Adam KNOWS there are ZERO cubes,0,b,h,2,2,0,2,2,0,0,0,0,NB,-,0,73,73,224,NA,NA,NA,NA,NA,0.00171640003100037,421.99189110007137,422.368107000133,422.46811989997514,424.4680000001099,424.8681529001333,424.9704184001312,424.9704184001312,h,1,1.2771154998335987,426.267920400016,426.267920400016,426.267920400016,426.267920400016,NA,NA,NA,NA,NA,NA,005,001,2024-10-02_15h30.09.216,PsychoPy Exp,2023.1.2,59.97023074626071
Belief,TRUE,TB-K,D_NB,PsychoPyStudy2Stim/D_NB_3.png,Adam THINKS there are ZERO cubes,0,b,h,1,1,0,1,1,0,0,0,0,NB,-,0,74,74,110,NA,NA,NA,NA,NA,0.00152590009383857,426.3383394000121,426.71803029999137,426.8181742001325,428.8179770000279,429.2181802999694,429.3204559001606,429.3204559001606,h,1,2.631480799987912,431.9679586000275,431.9679586000275,431.9679586000275,431.9679586000275,NA,NA,NA,NA,NA,NA,005,001,2024-10-02_15h30.09.216,PsychoPy Exp,2023.1.2,59.97023074626071
Belief,TRUE,TB-K,DD_NB,PsychoPyStudy2Stim/DD_NB_3.png,Adam THINKS there are ZERO cubes,0,b,h,2,2,0,2,2,0,0,0,0,NB,-,0,75,75,116,NA,NA,NA,NA,NA,0.00153290014714002,432.0578080001287,432.4346541999839,432.5348553999793,434.5346667000558,434.93468980002217,435.0371394001413,435.0371394001413,h,1,1.2103245998732746,436.26794799999334,436.26794799999334,436.26794799999334,436.26794799999334,NA,NA,NA,NA,NA,NA,005,001,2024-10-02_15h30.09.216,PsychoPy Exp,2023.1.2,59.97023074626071
Knowledge,TRUE,TB-K,T_NB,PsychoPyStudy2Stim/T_NB_2.png,Adam KNOWS there is ONE cube,1,b,h,1,0,1,1,0,1,0,0,0,NB,-,0,76,76,220,NA,NA,NA,NA,NA,0.00150619982741773,436.34157110005617,436.71798139996827,436.8179932001513,438.81815820001066,439.2181292001624,439.3204814000055,439.3204814000055,h,1,1.318736599991098,440.667899500113,440.667899500113,440.667899500113,440.667899500113,NA,NA,NA,NA,NA,NA,005,001,2024-10-02_15h30.09.216,PsychoPy Exp,2023.1.2,59.97023074626071
Knowledge,FALSE,FB-Ig,T_B_T,PsychoPyStudy2Stim/T_B_T_3.png,Adam KNOWS there are TWO cubes,2,h,b,2,0,2,1,0,1,1,0,1,B,PropTrueNoKnowledge,0,77,77,314,NA,NA,NA,NA,NA,5.9839989989995e-4,440.7464244000148,441.1179853000213,441.2181097001303,443.21815530001186,443.6180342000443,443.7203414000105,443.7203414000105,b,1,0.7352027001325041,444.4846608999651,444.4846608999651,444.4846608999651,444.4846608999651,NA,NA,NA,NA,NA,NA,005,001,2024-10-02_15h30.09.216,PsychoPy Exp,2023.1.2,59.97023074626071
Knowledge,TRUE,TB-K-B,TD_B,PsychoPyStudy2Stim/TD_B_7.png,Adam KNOWS there is ONE cube,1,b,h,2,1,1,2,1,1,0,0,0,B,-,0,78,78,264,NA,NA,NA,NA,NA,0.00168680003844201,444.5745358001441,444.9512356000487,445.05144560011104,447.05141560011543,447.45135890017264,447.5537843001075,447.5537843001075,h,1,0.8056610999628901,448.3846950000152,448.3846950000152,448.3846950000152,448.3846950000152,NA,NA,NA,NA,NA,NA,005,001,2024-10-02_15h30.09.216,PsychoPy Exp,2023.1.2,59.97023074626071
Knowledge,FALSE,FB-Ig,T_B_T,PsychoPyStudy2Stim/T_B_T_4.png,Adam KNOWS there are TWO cubes,2,h,b,2,0,2,1,0,1,1,0,1,B,PropTrueNoKnowledge,0,79,79,315,NA,NA,NA,NA,NA,0.00180880003608763,448.4717777001206,448.8512846000958,448.9514321000315,450.9513224000111,451.35130550013855,451.4537786000874,451.4537786000874,b,1,0.6575970000121742,452.1345548001118,452.1345548001118,452.1345548001118,452.1345548001118,NA,NA,NA,NA,NA,NA,005,001,2024-10-02_15h30.09.216,PsychoPy Exp,2023.1.2,59.97023074626071
Belief,FALSE,TB-K-B,TT_B,PsychoPyStudy2Stim/TT_B_12.png,Adam THINKS there are ZERO cubes,0,h,b,2,0,2,2,0,2,0,0,0,B,PropFalse,0,80,80,199,NA,NA,NA,NA,NA,0.00150469993241131,452.23431070009246,452.6179432000499,452.7181312001776,454.7181024001911,455.11805130005814,455.220399599988,455.220399599988,b,1,1.0670766001567245,456.3246911000461,NA,456.3246911000461,NA,space,3.0589677998796105,NA,NA,NA,NA,005,001,2024-10-02_15h30.09.216,PsychoPy Exp,2023.1.2,59.97023074626071
Knowledge,FALSE,TB-K,D_NB,PsychoPyStudy2Stim/D_NB_2.png,Adam KNOWS there is ONE cube,1,h,b,1,1,0,1,1,0,0,0,0,NB,PropFalse,0,81,81,271,NA,NA,NA,NA,NA,0.00168869993649423,459.4735620999709,459.85120020015165,459.9513946000952,461.95123490015976,462.35130550013855,462.4536807001568,462.4536807001568,b,1,2.945399999851361,465.4177703000605,465.4177703000605,465.4177703000605,465.4177703000605,NA,NA,NA,NA,NA,NA,005,001,2024-10-02_15h30.09.216,PsychoPy Exp,2023.1.2,59.97023074626071
Knowledge,TRUE,TB-K-B,DD_B,PsychoPyStudy2Stim/DD_B_9.png,Adam KNOWS there are ZERO cubes,0,b,h,2,2,0,2,2,0,0,0,0,B,-,0,82,82,242,NA,NA,NA,NA,NA,5.5649993009865e-4,465.5085175000131,465.8845216999762,465.9846376001369,467.9845561000984,468.3846980000381,468.48691950016655,468.48691950016655,h,1,3.752418899908662,472.26780829997733,472.26780829997733,472.26780829997733,472.26780829997733,NA,NA,NA,NA,NA,NA,005,001,2024-10-02_15h30.09.216,PsychoPy Exp,2023.1.2,59.97023074626071
Belief,TRUE,TB-K,D_NB,PsychoPyStudy2Stim/D_NB_2.png,Adam THINKS there are ZERO cubes,0,b,h,1,1,0,1,1,0,0,0,0,NB,-,0,83,83,109,NA,NA,NA,NA,NA,0.00177149986848235,472.3539348000195,472.7345239999704,472.8347145000007,474.83470020000823,475.2346518000122,475.3369567999616,475.3369567999616,h,1,2.022324899910018,477.3845995001029,477.3845995001029,477.3845995001029,477.3845995001029,NA,NA,NA,NA,NA,NA,005,001,2024-10-02_15h30.09.216,PsychoPy Exp,2023.1.2,59.97023074626071
Belief,TRUE,TB-K,T_NB,PsychoPyStudy2Stim/T_NB_1.png,Adam THINKS there is ONE cube,1,b,h,1,0,1,1,0,1,0,0,0,NB,-,0,84,84,111,NA,NA,NA,NA,NA,0.00198780000209808,477.47585820010863,477.8511379000265,477.9513191001024,479.9513156001922,480.3512785001658,480.4535362001043,480.4535362001043,h,1,1.3459560999181122,481.81792560010217,481.81792560010217,481.81792560010217,481.81792560010217,NA,NA,NA,NA,NA,NA,005,001,2024-10-02_15h30.09.216,PsychoPy Exp,2023.1.2,59.97023074626071
Reality,FALSE,FB-Ig,T_B_T,PsychoPyStudy2Stim/T_B_T_6.png,"In REALITY, there is ONE cube",1,h,b,2,0,2,1,0,1,1,0,1,B,PropFalse,0,85,85,97,NA,NA,NA,NA,NA,0.00197480013594031,481.9119492999744,482.2844802001491,482.384473600192,484.384565200191,484.7845807999838,484.8869871001225,484.8869871001225,b,1,1.840002299984917,486.751016800059,486.751016800059,486.751016800059,486.751016800059,NA,NA,NA,NA,NA,NA,005,001,2024-10-02_15h30.09.216,PsychoPy Exp,2023.1.2,59.97023074626071
Belief,FALSE,TB-K,T_NB,PsychoPyStudy2Stim/T_NB_1.png,Adam THINKS there are ZERO cubes,0,h,b,1,0,1,1,0,1,0,0,0,NB,PropFalse,0,86,86,165,NA,NA,NA,NA,NA,5.1729986444115e-4,486.82616530009545,487.20118930004537,487.3011839999818,489.3010964000132,489.70125839998946,489.8035466000438,489.8035466000438,b,1,1.7161042999941856,491.55112760001794,491.55112760001794,491.55112760001794,491.55112760001794,NA,NA,NA,NA,NA,NA,005,001,2024-10-02_15h30.09.216,PsychoPy Exp,2023.1.2,59.97023074626071
Belief,TRUE,TB-K,TT_NB,PsychoPyStudy2Stim/TT_NB_2.png,Adam THINKS there are TWO cubes,2,b,h,2,0,2,2,0,2,0,0,0,NB,-,0,87,87,121,NA,NA,NA,NA,NA,0.00198290008120238,491.6433024001308,492.01775760017335,492.1182367000729,494.11778070009314,494.5177354000043,494.62009060010314,494.62009060010314,h,1,1.3789321000222117,496.01758550014347,496.01758550014347,496.01758550014347,496.01758550014347,NA,NA,NA,NA,NA,NA,005,001,2024-10-02_15h30.09.216,PsychoPy Exp,2023.1.2,59.97023074626071
Knowledge,TRUE,TB-K-B,TD_B,PsychoPyStudy2Stim/TD_B_5.png,Adam KNOWS there is ONE cube,1,b,h,2,1,1,2,1,1,0,0,0,B,-,0,88,88,262,NA,NA,NA,NA,NA,4.632999189198e-4,496.0911076001358,496.4677759001497,496.5677146001253,498.5678314000834,498.96785979997367,499.0701373000629,499.0701373000629,h,1,0.7852210002020001,499.88443800015375,499.88443800015375,499.88443800015375,499.88443800015375,NA,NA,NA,NA,NA,NA,005,001,2024-10-02_15h30.09.216,PsychoPy Exp,2023.1.2,59.97023074626071
Knowledge,FALSE,FB-Ig,T_B_T,PsychoPyStudy2Stim/T_B_T_1.png,Adam KNOWS there is ONE cube,1,h,b,2,0,2,1,0,1,1,0,1,B,PropFalse,0,89,89,300,NA,NA,NA,NA,NA,0.00192659976892173,499.9727138001472,500.35111510008574,500.45106680016033,502.4512755000033,502.85120410006493,502.95350260008126,502.95350260008126,b,1,1.7897435000631958,504.7677643999923,504.7677643999923,504.7677643999923,504.7677643999923,NA,NA,NA,NA,NA,NA,005,001,2024-10-02_15h30.09.216,PsychoPy Exp,2023.1.2,59.97023074626071
Belief,FALSE,FB-Ig,D_B_T,PsychoPyStudy2Stim/D_B_T_3.png,Adam THINKS there is ONE cube,1,h,b,2,1,1,1,1,0,1,0,1,B,PropTrueNoBelief,0,90,90,214,NA,NA,NA,NA,NA,0.00193889997899532,504.8629030000884,505.2344397001434,505.3345459999982,507.3345179001335,507.7344577000477,507.8367659000214,507.8367659000214,b,1,1.426515500061214,509.28452280000784,509.28452280000784,509.28452280000784,509.28452280000784,NA,NA,NA,NA,NA,NA,005,001,2024-10-02_15h30.09.216,PsychoPy Exp,2023.1.2,59.97023074626071
Reality,TRUE,FB-Ig,T_B_T,PsychoPyStudy2Stim/T_B_T_6.png,"In REALITY, there are TWO cubes",2,b,h,2,0,2,1,0,1,1,0,1,B,-,0,91,91,43,NA,NA,NA,NA,NA,0.00203130021691322,509.3587782001123,509.7343335000333,509.8343466001097,511.8345246000681,512.2344222001266,512.3367673000321,512.3367673000321,h,1,4.886026899795979,517.2507490001153,517.2507490001153,517.2507490001153,517.2507490001153,NA,NA,NA,NA,NA,NA,005,001,2024-10-02_15h30.09.216,PsychoPy Exp,2023.1.2,59.97023074626071
Belief,TRUE,TB-K,DD_NB,PsychoPyStudy2Stim/DD_NB_1.png,Adam THINKS there are ZERO cubes,0,b,h,2,2,0,2,2,0,0,0,0,NB,-,0,92,92,114,NA,NA,NA,NA,NA,4.352000541985e-4,517.3279351000674,517.7009778001811,517.801047099987,519.8010142000858,520.2011318001896,520.3034073000308,520.3034073000308,h,1,1.871748199919239,522.2010811001528,522.2010811001528,522.2010811001528,522.2010811001528,NA,NA,NA,NA,NA,NA,005,001,2024-10-02_15h30.09.216,PsychoPy Exp,2023.1.2,59.97023074626071
Knowledge,TRUE,TB-K-B,TT_B,PsychoPyStudy2Stim/TT_B_22.png,Adam KNOWS there are TWO cubes,2,b,h,2,0,2,2,0,2,0,0,0,B,-,0,93,93,255,NA,NA,NA,NA,NA,0.00188639992848038,522.2913958001882,522.6676631001756,522.7676343000494,524.7677889000624,525.1676658000797,525.2700774001423,525.2700774001423,h,1,1.4250948999542743,526.7176961000077,526.7176961000077,526.7176961000077,526.7176961000077,NA,NA,NA,NA,NA,NA,005,001,2024-10-02_15h30.09.216,PsychoPy Exp,2023.1.2,59.97023074626071
Belief,FALSE,TB-K-B,TT_B,PsychoPyStudy2Stim/TT_B_11.png,Adam THINKS there are ZERO cubes,0,h,b,2,0,2,2,0,2,0,0,0,B,PropFalse,0,94,94,198,NA,NA,NA,NA,NA,0.00191130000166594,526.8115585001651,527.184296600055,527.2844781000167,529.2843353999779,529.6844350001775,529.7868376001716,529.7868376001716,b,1,1.3879074999131262,531.2006977000274,531.2006977000274,531.2006977000274,531.2006977000274,NA,NA,NA,NA,NA,NA,005,001,2024-10-02_15h30.09.216,PsychoPy Exp,2023.1.2,59.97023074626071
Belief,FALSE,TB-K-B,TT_B,PsychoPyStudy2Stim/TT_B_1.png,Adam THINKS there are ZERO cubes,0,h,b,2,0,2,2,0,2,0,0,0,B,PropFalse,0,95,95,188,NA,NA,NA,NA,NA,3.7880009040236e-4,531.2680751001462,531.6509933001362,531.7511467000004,533.7511150999926,534.151016100077,534.2534994999878,534.2534994999878,b,1,1.6499499001074582,535.9340570000932,535.9340570000932,535.9340570000932,535.9340570000932,NA,NA,NA,NA,NA,NA,005,001,2024-10-02_15h30.09.216,PsychoPy Exp,2023.1.2,59.97023074626071
Reality,FALSE,TB-K-B,TD_B,PsychoPyStudy2Stim/TD_B_4.png,"In REALITY, there are ZERO cubes",0,h,b,2,1,1,2,1,1,0,0,0,B,PropFalse,0,96,96,87,NA,NA,NA,NA,NA,5.0359987653791e-4,536.0123481000774,536.3842476001009,536.4844178000931,538.4844206999987,538.8842313999776,538.9867903999984,538.9867903999984,b,1,1.164816299919039,540.1674778000452,540.1674778000452,540.1674778000452,540.1674778000452,NA,NA,NA,NA,NA,NA,005,001,2024-10-02_15h30.09.216,PsychoPy Exp,2023.1.2,59.97023074626071
Knowledge,FALSE,FB-Ig,D_B_T,PsychoPyStudy2Stim/D_B_T_1.png,Adam KNOWS there is ONE cube,1,h,b,2,1,1,1,1,0,1,0,1,B,PropTrueNoKnowledge,0,97,97,318,NA,NA,NA,NA,NA,0.00188159989193081,540.2393553999718,540.6175624001771,540.7175835000817,542.7177355000749,543.1175716000143,543.2200243000407,543.2200243000407,b,1,1.5947589999996126,544.8341035000049,544.8341035000049,544.8341035000049,544.8341035000049,NA,NA,NA,NA,NA,NA,005,001,2024-10-02_15h30.09.216,PsychoPy Exp,2023.1.2,59.97023074626071
Belief,FALSE,TB-K-B,TT_B,PsychoPyStudy2Stim/TT_B_5.png,Adam THINKS there are ZERO cubes,0,h,b,2,0,2,2,0,2,0,0,0,B,PropFalse,0,98,98,192,NA,NA,NA,NA,NA,5.3299986757338e-4,544.911770200124,545.28421910014,545.3844153999817,547.3843104999978,547.7843359999824,547.8866699000355,547.8866699000355,b,1,1.072181300027296,548.9842026999686,548.9842026999686,548.9842026999686,548.9842026999686,NA,NA,NA,NA,NA,NA,005,001,2024-10-02_15h30.09.216,PsychoPy Exp,2023.1.2,59.97023074626071
Belief,TRUE,FB-Ig,T_B_T,PsychoPyStudy2Stim/T_B_T_6.png,Adam THINKS there is ONE cube,1,b,h,2,0,2,1,0,1,1,0,1,B,-,0,99,99,157,NA,NA,NA,NA,NA,0.00219530006870627,549.0626793000847,549.4342549000867,549.5343749001622,551.5342437999789,551.9343256000429,552.0366879999638,552.0366879999638,h,1,0.938079999992624,553.00076490012,553.00076490012,553.00076490012,553.00076490012,NA,NA,NA,NA,NA,NA,005,001,2024-10-02_15h30.09.216,PsychoPy Exp,2023.1.2,59.97023074626071
Knowledge,FALSE,TB-K,TD_NB,PsychoPyStudy2Stim/TD_NB_1.png,Adam KNOWS there are ZERO cubes,0,h,b,2,1,1,2,1,1,0,0,0,NB,PropFalse,0,100,100,279,NA,NA,NA,NA,NA,5.9900013729929e-4,553.077563200146,553.4508599000983,553.5508449000772,555.5510184001178,555.9510266999714,556.05313939997,556.05313939997,b,1,2.1619688998907804,558.234229600057,558.234229600057,558.234229600057,558.234229600057,NA,NA,NA,NA,NA,NA,005,001,2024-10-02_15h30.09.216,PsychoPy Exp,2023.1.2,59.97023074626071
Knowledge,TRUE,TB-K,D_NB,PsychoPyStudy2Stim/D_NB_3.png,Adam KNOWS there are ZERO cubes,0,b,h,1,1,0,1,1,0,0,0,0,NB,-,0,101,101,218,NA,NA,NA,NA,NA,0.00188029999844729,558.319446900161,558.7008229000494,558.8010081001557,560.8008876000531,561.2008689001668,561.3033631001599,561.3033631001599,h,1,1.8318926999345424,563.1507712001912,563.1507712001912,563.1507712001912,563.1507712001912,NA,NA,NA,NA,NA,NA,005,001,2024-10-02_15h30.09.216,PsychoPy Exp,2023.1.2,59.97023074626071
Belief,FALSE,FB-Ig,T_B_T,PsychoPyStudy2Stim/T_B_T_4.png,Adam THINKS there are TWO cubes,2,h,b,2,0,2,1,0,1,1,0,1,B,PropTrueNoBelief,0,102,102,203,NA,NA,NA,NA,NA,0.00220440002158284,563.2226113001816,563.600823200075,563.7009668000974,565.7010309000034,566.1009657999966,566.2033631000668,566.2033631000668,b,1,2.627656100085005,568.850851100171,568.850851100171,568.850851100171,568.850851100171,NA,NA,NA,NA,NA,NA,005,001,2024-10-02_15h30.09.216,PsychoPy Exp,2023.1.2,59.97023074626071
Knowledge,TRUE,TB-K-B,DD_B,PsychoPyStudy2Stim/DD_B_6.png,Adam KNOWS there are ZERO cubes,0,b,h,2,2,0,2,2,0,0,0,0,B,-,0,103,103,239,NA,NA,NA,NA,NA,0.0024242999497801,568.9426285000518,569.3174978001043,569.4175336000044,571.4176201999653,571.8175806000363,571.9198515000753,571.9198515000753,h,1,4.511157300090417,576.4508523000404,576.4508523000404,576.4508523000404,576.4508523000404,NA,NA,NA,NA,NA,NA,005,001,2024-10-02_15h30.09.216,PsychoPy Exp,2023.1.2,59.97023074626071
Knowledge,TRUE,TB-K-B,DD_B,PsychoPyStudy2Stim/DD_B_2.png,Adam KNOWS there are ZERO cubes,0,b,h,2,2,0,2,2,0,0,0,0,B,-,0,104,104,235,NA,NA,NA,NA,NA,0.00186119996942579,576.5550981000997,576.9340994001832,577.0342558000702,579.0342727000825,579.4340141001157,579.5364046001341,579.5364046001341,h,1,1.4150431000161916,580.9674752000719,580.9674752000719,580.9674752000719,580.9674752000719,NA,NA,NA,NA,NA,NA,005,001,2024-10-02_15h30.09.216,PsychoPy Exp,2023.1.2,59.97023074626071
Knowledge,TRUE,TB-K,D_NB,PsychoPyStudy2Stim/D_NB_1.png,Adam KNOWS there are ZERO cubes,0,b,h,1,1,0,1,1,0,0,0,0,NB,-,0,105,105,216,NA,NA,NA,NA,NA,0.00186580000445246,581.0506517000031,581.4339978999924,581.5342805001419,583.5342421999667,583.934211099986,584.036630500108,584.036630500108,h,1,1.9705970999784768,586.0341310000513,586.0341310000513,586.0341310000513,586.0341310000513,NA,NA,NA,NA,NA,NA,005,001,2024-10-02_15h30.09.216,PsychoPy Exp,2023.1.2,59.97023074626071
Belief,FALSE,FB-Ig,T_B_T,PsychoPyStudy2Stim/T_B_T_2.png,Adam THINKS there are TWO cubes,2,h,b,2,0,2,1,0,1,1,0,1,B,PropTrueNoBelief,0,106,106,201,NA,NA,NA,NA,NA,0.00219099991954863,586.1260693001095,586.5007299000863,586.6008795001544,588.6007201001048,589.0008748001419,589.1031518999953,589.1031518999953,b,1,1.111530799884349,590.2339047000278,590.2339047000278,590.2339047000278,590.2339047000278,NA,NA,NA,NA,NA,NA,005,001,2024-10-02_15h30.09.216,PsychoPy Exp,2023.1.2,59.97023074626071
Reality,TRUE,TB-Ig,D_B,PsychoPyStudy2Stim/D_B_1.png,"In REALITY, there are ZERO cubes",0,b,h,1,1,0,1,1,0,0,0,0,B,-,0,107,107,18,NA,NA,NA,NA,NA,9.0060010552406e-4,590.3190518000629,590.7004965001252,590.8008604999632,592.8007432001177,593.2008697001729,593.3030548000243,593.3030548000243,h,1,1.0956056998111308,594.417212100001,594.417212100001,594.417212100001,594.417212100001,NA,NA,NA,NA,NA,NA,005,001,2024-10-02_15h30.09.216,PsychoPy Exp,2023.1.2,59.97023074626071
Belief,TRUE,FB-Ig,D_B_T,PsychoPyStudy2Stim/D_B_T_2.png,Adam THINKS there are ZERO cubes,0,b,h,2,1,1,1,1,0,1,0,1,B,-,0,108,108,159,NA,NA,NA,NA,NA,4.352000541985e-4,594.4877508000936,594.8673648000695,594.9675514001865,596.9674039999954,597.367523800116,597.4698432001751,597.4698432001751,h,1,2.0247416000347584,599.5172711999621,599.5172711999621,599.5172711999621,599.5172711999621,NA,NA,NA,NA,NA,NA,005,001,2024-10-02_15h30.09.216,PsychoPy Exp,2023.1.2,59.97023074626071
Belief,TRUE,TB-K,TD_NB,PsychoPyStudy2Stim/TD_NB_3.png,Adam THINKS there is ONE cube,1,b,h,2,1,1,2,1,1,0,0,0,NB,-,0,109,109,119,NA,NA,NA,NA,NA,6.8189995363354e-4,599.5912049000617,599.9671734001022,600.0673352000304,602.0673340000212,602.4674464999698,602.5698449001648,602.5698449001648,h,1,0.7407342998776585,603.3339688000269,603.3339688000269,603.3339688000269,603.3339688000269,NA,NA,NA,NA,NA,NA,005,001,2024-10-02_15h30.09.216,PsychoPy Exp,2023.1.2,59.97023074626071
Reality,TRUE,FB-Ig,T_B_T,PsychoPyStudy2Stim/T_B_T_4.png,"In REALITY, there are TWO cubes",2,b,h,2,0,2,1,0,1,1,0,1,B,-,0,110,110,41,NA,NA,NA,NA,NA,9.141000919044e-4,603.4058330999687,603.7840549000539,603.8841617000289,605.8841433001217,606.2840556001756,606.3865516001824,606.3865516001824,h,1,0.8920055998023599,607.300505900057,607.300505900057,607.300505900057,607.300505900057,NA,NA,NA,NA,NA,NA,005,001,2024-10-02_15h30.09.216,PsychoPy Exp,2023.1.2,59.97023074626071
Knowledge,TRUE,TB-K-B,TT_B,PsychoPyStudy2Stim/TT_B_20.png,Adam KNOWS there are TWO cubes,2,b,h,2,0,2,2,0,2,0,0,0,B,-,0,111,111,253,NA,NA,NA,NA,NA,8.7250000797212e-4,607.3852642001584,607.7673244001344,607.8673388999887,609.8673704999965,610.2674959001597,610.369978700066,610.369978700066,h,1,1.2135331998579204,611.6005907000508,611.6005907000508,611.6005907000508,611.6005907000508,NA,NA,NA,NA,NA,NA,005,001,2024-10-02_15h30.09.216,PsychoPy Exp,2023.1.2,59.97023074626071
Reality,FALSE,TB-Ig,D_B,PsychoPyStudy2Stim/D_B_4.png,"In REALITY, there are TWO cubes",2,h,b,1,1,0,1,1,0,0,0,0,B,PropFalse,0,112,112,75,NA,NA,NA,NA,NA,0.00103590008802711,611.7088554999791,612.0840194001794,612.1841498999856,614.184161500074,614.5840176001657,614.6863619000651,614.6863619000651,b,1,0.952522600069642,615.6673310000915,615.6673310000915,615.6673310000915,615.6673310000915,NA,NA,NA,NA,NA,NA,005,001,2024-10-02_15h30.09.216,PsychoPy Exp,2023.1.2,59.97023074626071
Reality,FALSE,TB-K-B,TD_B,PsychoPyStudy2Stim/TD_B_2.png,"In REALITY, there are ZERO cubes",0,h,b,2,1,1,2,1,1,0,0,0,B,PropFalse,0,113,113,85,NA,NA,NA,NA,NA,0.00227460009045898,615.7556345001794,616.1340046001133,616.2339572999626,618.2341118999757,618.6341405999847,618.7366620001849,618.7366620001849,b,1,1.3741863002069294,620.1339698999655,620.1339698999655,620.1339698999655,620.1339698999655,NA,NA,NA,NA,NA,NA,005,001,2024-10-02_15h30.09.216,PsychoPy Exp,2023.1.2,59.97023074626071
Reality,FALSE,TB-K-B,TD_B,PsychoPyStudy2Stim/TD_B_3.png,"In REALITY, there are ZERO cubes",0,h,b,2,1,1,2,1,1,0,0,0,B,PropFalse,0,114,114,86,NA,NA,NA,NA,NA,0.00234430003911256,620.2179686001036,620.6005909000523,620.7007652001921,622.7007937000599,623.1007741000503,623.2029798000585,623.2029798000585,b,1,1.4358743999619037,624.6673326001037,624.6673326001037,624.6673326001037,624.6673326001037,NA,NA,NA,NA,NA,NA,005,001,2024-10-02_15h30.09.216,PsychoPy Exp,2023.1.2,59.97023074626071
Knowledge,FALSE,TB-K-B,DD_B,PsychoPyStudy2Stim/DD_B_6.png,Adam KNOWS there is ONE cube,1,h,b,2,2,0,2,2,0,0,0,0,B,PropFalse,0,115,115,296,NA,NA,NA,NA,NA,0.00216159992851316,624.7602844999637,625.1339508001693,625.2340874001384,627.2339578000829,627.6342121001799,627.7363805000205,627.7363805000205,b,1,3.73445999994874,631.5005950999912,631.5005950999912,631.5005950999912,631.5005950999912,NA,NA,NA,NA,NA,NA,005,001,2024-10-02_15h30.09.216,PsychoPy Exp,2023.1.2,59.97023074626071
Knowledge,TRUE,TB-K-B,TD_B,PsychoPyStudy2Stim/TD_B_3.png,Adam KNOWS there is ONE cube,1,b,h,2,1,1,2,1,1,0,0,0,B,-,0,116,116,260,NA,NA,NA,NA,NA,0.00167509983293712,631.5868097001221,631.9672146001831,632.0674392001238,634.0673595999833,634.467249999987,634.5697504000273,634.5697504000273,h,1,0.7490707999095321,635.3337592000607,635.3337592000607,635.3337592000607,635.3337592000607,NA,NA,NA,NA,NA,NA,005,001,2024-10-02_15h30.09.216,PsychoPy Exp,2023.1.2,59.97023074626071
Knowledge,TRUE,TB-K-B,TD_B,PsychoPyStudy2Stim/TD_B_12.png,Adam KNOWS there is ONE cube,1,b,h,2,1,1,2,1,1,0,0,0,B,-,0,117,117,269,NA,NA,NA,NA,NA,7.1469997055828e-4,635.4151693000458,635.8005680001806,635.9005321001168,637.9005007001106,638.3006001000758,638.4031715001911,638.4031715001911,h,1,1.7875901001971215,640.2172407000326,640.2172407000326,640.2172407000326,640.2172407000326,NA,NA,NA,NA,NA,NA,005,001,2024-10-02_15h30.09.216,PsychoPy Exp,2023.1.2,59.97023074626071
Reality,TRUE,TB-K,TT_NB,PsychoPyStudy2Stim/TT_NB_3.png,"In REALITY, there are TWO cubes",2,b,h,2,0,2,2,0,2,0,0,0,NB,-,0,118,118,14,NA,NA,NA,NA,NA,0.00214509991928935,640.3028659000993,640.6838921001181,640.7840821000282,642.7838502000086,643.1839523001108,643.2864310001023,643.2864310001023,h,1,0.6325621001888067,643.9337751001585,643.9337751001585,643.9337751001585,643.9337751001585,NA,NA,NA,NA,NA,NA,005,001,2024-10-02_15h30.09.216,PsychoPy Exp,2023.1.2,59.97023074626071
Reality,FALSE,FB-Ig,D_B_T,PsychoPyStudy2Stim/D_B_T_1.png,"In REALITY, there are ZERO cubes",0,h,b,2,1,1,1,1,0,1,0,1,B,PropFalse,0,119,119,104,NA,NA,NA,NA,NA,0.00224009994417428,644.0093454001471,644.3838198001031,644.4840120000299,646.4838003001641,646.88403690001,646.9863154001068,646.9863154001068,b,1,2.1404001000337303,649.150545099983,649.150545099983,649.150545099983,649.150545099983,NA,NA,NA,NA,NA,NA,005,001,2024-10-02_15h30.09.216,PsychoPy Exp,2023.1.2,59.97023074626071
Reality,TRUE,TB-K,DD_NB,PsychoPyStudy2Stim/DD_NB_3.png,"In REALITY, there are ZERO cubes",0,b,h,2,2,0,2,2,0,0,0,0,NB,-,0,120,120,8,NA,NA,NA,NA,NA,0.00188950006850063,649.2271203000564,649.600487299962,649.7005585001316,651.7005672000814,652.1005971000995,652.2029850999825,652.2029850999825,h,1,0.6594185999128968,652.8837003000081,652.8837003000081,652.8837003000081,652.8837003000081,NA,NA,NA,NA,NA,NA,005,001,2024-10-02_15h30.09.216,PsychoPy Exp,2023.1.2,59.97023074626071
Reality,TRUE,TB-K-B,TD_B,PsychoPyStudy2Stim/TD_B_5.png,"In REALITY, there is ONE cube",1,b,h,2,1,1,2,1,1,0,0,0,B,-,0,121,121,34,NA,NA,NA,NA,NA,6.9870008155703e-4,652.9633594001643,653.3337964999955,653.4339782001916,655.4339266000316,655.8339434000663,655.9363406000193,655.9363406000193,h,1,0.6063288000877947,656.5671988001559,656.5671988001559,656.5671988001559,656.5671988001559,NA,NA,NA,NA,NA,NA,005,001,2024-10-02_15h30.09.216,PsychoPy Exp,2023.1.2,59.97023074626071
Reality,TRUE,TB-K,DD_NB,PsychoPyStudy2Stim/DD_NB_2.png,"In REALITY, there are ZERO cubes",0,b,h,2,2,0,2,2,0,0,0,0,NB,-,0,122,122,7,NA,NA,NA,NA,NA,0.00218499987386167,656.6506560000125,657.0338263001759,657.1338647000957,659.1339227000717,659.5339516999666,659.6362366999965,659.6362366999965,h,1,2.3308095999527723,661.98363719997,661.98363719997,661.98363719997,661.98363719997,NA,NA,NA,NA,NA,NA,005,001,2024-10-02_15h30.09.216,PsychoPy Exp,2023.1.2,59.97023074626071
Belief,FALSE,TB-K,T_NB,PsychoPyStudy2Stim/T_NB_2.png,Adam THINKS there are TWO cubes,2,h,b,1,0,1,1,0,1,0,0,0,NB,PropFalse,0,123,123,166,NA,NA,NA,NA,NA,0.00260220002382993,662.0648362999782,662.4504408000503,662.5503203000408,664.5505984001793,664.9506074001547,665.0528043999802,665.0528043999802,b,1,1.1379191000014544,666.2171434999909,666.2171434999909,666.2171434999909,666.2171434999909,NA,NA,NA,NA,NA,NA,005,001,2024-10-02_15h30.09.216,PsychoPy Exp,2023.1.2,59.97023074626071
Knowledge,FALSE,TB-K-B,TD_B,PsychoPyStudy2Stim/TD_B_11.png,Adam KNOWS there are ZERO cubes,0,h,b,2,1,1,2,1,1,0,0,0,B,PropFalse,0,124,124,299,NA,NA,NA,NA,NA,0.00188190001063048,666.3148112001363,666.700427000178,666.8005846000742,668.8006589000579,669.2004599000793,669.3028916001786,669.3028916001786,b,1,2.4236961000133306,671.7503818999976,671.7503818999976,671.7503818999976,671.7503818999976,NA,NA,NA,NA,NA,NA,005,001,2024-10-02_15h30.09.216,PsychoPy Exp,2023.1.2,59.97023074626071
Reality,FALSE,TB-K,TD_NB,PsychoPyStudy2Stim/TD_NB_2.png,"In REALITY, there are ZERO cubes",0,h,b,2,1,1,2,1,1,0,0,0,NB,PropFalse,0,125,125,64,NA,NA,NA,NA,NA,0.00199420005083084,671.83913330012,672.2169272999745,672.317052999977,674.3172512000892,674.7171426001005,674.8196285001468,674.8196285001468,b,1,1.0590113000944257,675.9002197000664,675.9002197000664,675.9002197000664,675.9002197000664,NA,NA,NA,NA,NA,NA,005,001,2024-10-02_15h30.09.216,PsychoPy Exp,2023.1.2,59.97023074626071
Reality,FALSE,TB-Ig,D_B_D,PsychoPyStudy2Stim/D_B_D_2.png,"In REALITY, there are TWO cubes",2,h,b,2,2,0,1,1,0,1,1,0,B,PropFalse,0,126,126,77,NA,NA,NA,NA,NA,0.00248230015859007,675.976244200021,676.3502172001172,676.4505098999944,678.4505569001194,678.8505157001782,678.952864299994,678.952864299994,b,1,1.5338795999996364,680.5169332001824,680.5169332001824,680.5169332001824,680.5169332001824,NA,NA,NA,NA,NA,NA,005,001,2024-10-02_15h30.09.216,PsychoPy Exp,2023.1.2,59.97023074626071
Reality,FALSE,FB-Ig,T_B_T,PsychoPyStudy2Stim/T_B_T_1.png,"In REALITY, there is ONE cube",1,h,b,2,0,2,1,0,1,1,0,1,B,PropFalse,0,127,127,92,NA,NA,NA,NA,NA,5.2320002578198e-4,680.6093172000255,680.9837293000892,681.08394520008,683.083865800174,683.4838690999895,683.5862523000687,683.5862523000687,b,1,1.956324600148946,685.5670519999694,685.5670519999694,685.5670519999694,685.5670519999694,NA,NA,NA,NA,NA,NA,005,001,2024-10-02_15h30.09.216,PsychoPy Exp,2023.1.2,59.97023074626071
Reality,TRUE,TB-K-B,TD_B,PsychoPyStudy2Stim/TD_B_3.png,"In REALITY, there is ONE cube",1,b,h,2,1,1,2,1,1,0,0,0,B,-,0,128,128,32,NA,NA,NA,NA,NA,0.0018796999938786,685.6525836000219,686.0336234001443,686.1336638999637,688.1338043001015,688.5338149999734,688.6360096000135,688.6360096000135,h,1,1.1861837001051754,689.8502495000139,689.8502495000139,689.8502495000139,689.8502495000139,NA,NA,NA,NA,NA,NA,005,001,2024-10-02_15h30.09.216,PsychoPy Exp,2023.1.2,59.97023074626071
Knowledge,TRUE,TB-K-B,TD_B,PsychoPyStudy2Stim/TD_B_1.png,Adam KNOWS there is ONE cube,1,b,h,2,1,1,2,1,1,0,0,0,B,-,0,129,129,258,NA,NA,NA,NA,NA,6.502999458462e-4,689.9481099001132,690.3336638000328,690.4338351001497,692.4338120999746,692.8337727000471,692.9361290000379,692.9361290000379,h,1,0.7663316000252962,693.7335800000001,693.7335800000001,693.7335800000001,693.7335800000001,NA,NA,NA,NA,NA,NA,005,001,2024-10-02_15h30.09.216,PsychoPy Exp,2023.1.2,59.97023074626071
Reality,TRUE,TB-K,D_NB,PsychoPyStudy2Stim/D_NB_3.png,"In REALITY, there are ZERO cubes",0,b,h,1,1,0,1,1,0,0,0,0,NB,-,0,130,130,2,NA,NA,NA,NA,NA,7.2499993257224e-4,693.8272769001778,694.2003115999978,694.300397900166,696.3005141001195,696.7004603000823,696.8026908000465,696.8026908000465,h,1,1.7235789000988009,698.5502371999901,698.5502371999901,698.5502371999901,698.5502371999901,NA,NA,NA,NA,NA,NA,005,001,2024-10-02_15h30.09.216,PsychoPy Exp,2023.1.2,59.97023074626071
Belief,FALSE,TB-K,TD_NB,PsychoPyStudy2Stim/TD_NB_1.png,Adam THINKS there are ZERO cubes,0,h,b,2,1,1,2,1,1,0,0,0,NB,PropFalse,0,131,131,171,NA,NA,NA,NA,NA,6.769997999072e-4,698.6530400000047,699.0336829000153,699.1337824000511,701.133866700111,701.533742700005,701.6362929001916,701.6362929001916,b,1,1.3219257001765072,702.9836063999683,702.9836063999683,702.9836063999683,702.9836063999683,NA,NA,NA,NA,NA,NA,005,001,2024-10-02_15h30.09.216,PsychoPy Exp,2023.1.2,59.97023074626071
Reality,FALSE,TB-Ig,D_B_D,PsychoPyStudy2Stim/D_B_D_4.png,"In REALITY, there are TWO cubes",2,h,b,2,2,0,1,1,0,1,1,0,B,PropFalse,0,132,132,79,NA,NA,NA,NA,NA,7.080000359565e-4,703.0761852001306,703.4501803000458,703.5505133999977,705.5503220001701,705.950417800108,706.0526870000176,706.0526870000176,b,1,1.4818327000830325,707.5501626001205,707.5501626001205,707.5501626001205,707.5501626001205,NA,NA,NA,NA,NA,NA,005,001,2024-10-02_15h30.09.216,PsychoPy Exp,2023.1.2,59.97023074626071
Knowledge,TRUE,TB-K-B,TD_B,PsychoPyStudy2Stim/TD_B_2.png,Adam KNOWS there is ONE cube,1,b,h,2,1,1,2,1,1,0,0,0,B,-,0,133,133,259,NA,NA,NA,NA,NA,4.6760006807744e-4,707.6314803001005,708.0169582001399,708.1171081000939,710.1170777000953,710.5169611000456,710.6196813001297,710.6196813001297,h,1,0.9788077999837697,711.6169176001567,711.6169176001567,711.6169176001567,711.6169176001567,NA,NA,NA,NA,NA,NA,005,001,2024-10-02_15h30.09.216,PsychoPy Exp,2023.1.2,59.97023074626071
Reality,TRUE,TB-K,TT_NB,PsychoPyStudy2Stim/TT_NB_2.png,"In REALITY, there are TWO cubes",2,b,h,2,0,2,2,0,2,0,0,0,NB,-,0,134,134,13,NA,NA,NA,NA,NA,0.00218119984492659,711.6915583000518,712.0669144999702,712.1670803001616,714.1669324000832,714.5670286000241,714.6695324000902,714.6695324000902,h,1,1.4085868000984192,716.1001971000805,716.1001971000805,716.1001971000805,716.1001971000805,NA,NA,NA,NA,NA,NA,005,001,2024-10-02_15h30.09.216,PsychoPy Exp,2023.1.2,59.97023074626071
Belief,TRUE,TB-K,T_NB,PsychoPyStudy2Stim/T_NB_2.png,Adam THINKS there is ONE cube,1,b,h,1,0,1,1,0,1,0,0,0,NB,-,0,135,135,112,NA,NA,NA,NA,NA,4.3649994768202e-4,716.1721761999652,716.5499971001409,716.6501919999719,718.6503720001783,719.0504134001676,719.1526648001745,719.1526648001745,h,1,1.1094258001539856,720.283401099965,720.283401099965,720.283401099965,720.283401099965,NA,NA,NA,NA,NA,NA,005,001,2024-10-02_15h30.09.216,PsychoPy Exp,2023.1.2,59.97023074626071
Belief,FALSE,TB-Ig,D_B_D,PsychoPyStudy2Stim/D_B_D_1.png,Adam THINKS there is ONE cube,1,h,b,2,2,0,1,1,0,1,1,0,B,PropFalse,0,136,136,184,NA,NA,NA,NA,NA,5.1070004701614e-4,720.3721434001345,720.7502713999711,720.850428200094,722.8504121999722,723.2500883999746,723.3529338999651,723.3529338999651,b,1,1.4373574999626726,724.8168442000169,724.8168442000169,724.8168442000169,724.8168442000169,NA,NA,NA,NA,NA,NA,005,001,2024-10-02_15h30.09.216,PsychoPy Exp,2023.1.2,59.97023074626071
Reality,TRUE,TB-Ig,D_B_D,PsychoPyStudy2Stim/D_B_D_2.png,"In REALITY, there are ZERO cubes",0,b,h,2,2,0,1,1,0,1,1,0,B,-,0,137,137,23,NA,NA,NA,NA,NA,0.00147729995660483,724.909596499987,725.283587400103,725.3837223001756,727.3836759000551,727.7835462000221,727.8861142999958,727.8861142999958,h,1,3.5763000999577343,731.483563200105,731.483563200105,731.483563200105,731.483563200105,NA,NA,NA,NA,NA,NA,005,001,2024-10-02_15h30.09.216,PsychoPy Exp,2023.1.2,59.97023074626071
Reality,FALSE,FB-Ig,T_B_T,PsychoPyStudy2Stim/T_B_T_3.png,"In REALITY, there is ONE cube",1,h,b,2,0,2,1,0,1,1,0,1,B,PropFalse,0,138,138,100,NA,NA,NA,NA,NA,0.00167310005053877,731.5889139999636,731.9668584000319,732.0667914000805,734.0668683999684,734.4669407000765,734.5692123000044,734.5692123000044,b,1,0.8612129001412541,735.4502218000125,735.4502218000125,735.4502218000125,735.4502218000125,NA,NA,NA,NA,NA,NA,005,001,2024-10-02_15h30.09.216,PsychoPy Exp,2023.1.2,59.97023074626071
Belief,FALSE,FB-Ig,D_B_T,PsychoPyStudy2Stim/D_B_T_2.png,Adam THINKS there is ONE cube,1,h,b,2,1,1,1,1,0,1,0,1,B,PropTrueNoBelief,0,139,139,213,NA,NA,NA,NA,NA,0.0017750000115484,735.5628670000006,735.9334731001873,736.0337056000717,738.0334987000097,738.4335833999794,738.5359887001105,738.5359887001105,b,1,2.82209140015766,741.383417500183,741.383417500183,741.383417500183,741.383417500183,NA,NA,NA,NA,NA,NA,005,001,2024-10-02_15h30.09.216,PsychoPy Exp,2023.1.2,59.97023074626071
Reality,TRUE,TB-K-B,DD_B,PsychoPyStudy2Stim/DD_B_15.png,"In REALITY, there are ZERO cubes",0,b,h,2,2,0,2,2,0,0,0,0,B,-,0,140,140,28,NA,NA,NA,NA,NA,5.4879998788237e-4,741.487194100162,741.8668146000709,741.9668269001413,743.9669423000887,744.3669918000232,744.469230200164,744.469230200164,h,1,1.8571328001562504,746.3501826000866,746.3501826000866,746.3501826000866,746.3501826000866,NA,NA,NA,NA,NA,NA,005,001,2024-10-02_15h30.09.216,PsychoPy Exp,2023.1.2,59.97023074626071
Reality,FALSE,TB-K,TT_NB,PsychoPyStudy2Stim/TT_NB_1.png,"In REALITY, there are ZERO cubes",0,h,b,2,0,2,2,0,2,0,0,0,NB,PropFalse,0,141,141,66,NA,NA,NA,NA,NA,0.0016725999303162,746.4525601000059,746.8333344000857,746.933646999998,748.9336206000298,749.3336126001086,749.4359757001512,749.4359757001512,b,1,1.747430399991572,751.2001573001035,751.2001573001035,751.2001573001035,751.2001573001035,NA,NA,NA,NA,NA,NA,005,001,2024-10-02_15h30.09.216,PsychoPy Exp,2023.1.2,59.97023074626071
Knowledge,TRUE,TB-K-B,TD_B,PsychoPyStudy2Stim/TD_B_10.png,Adam KNOWS there is ONE cube,1,b,h,2,1,1,2,1,1,0,0,0,B,-,0,142,142,267,NA,NA,NA,NA,NA,0.00168540002778172,751.3019950001035,751.6834992000367,751.7835532000754,753.7836070000194,754.1835845001042,754.2859363001771,754.2859363001771,h,1,2.536421800032258,756.8501790000591,756.8501790000591,756.8501790000591,756.8501790000591,NA,NA,NA,NA,NA,NA,005,001,2024-10-02_15h30.09.216,PsychoPy Exp,2023.1.2,59.97023074626071
Belief,TRUE,TB-Ig,D_B,PsychoPyStudy2Stim/D_B_4.png,Adam THINKS there are ZERO cubes,0,b,h,1,1,0,1,1,0,0,0,0,B,-,0,143,143,129,NA,NA,NA,NA,NA,0.00170350004918873,756.9451918001287,757.3168077999726,757.4167859000154,759.4169429000467,759.816834700061,759.91914490005,759.91914490005,b,0,1.886792899807915,761.8333104001358,761.8333104001358,761.8333104001358,761.8333104001358,NA,NA,NA,NA,NA,NA,005,001,2024-10-02_15h30.09.216,PsychoPy Exp,2023.1.2,59.97023074626071
Belief,TRUE,FB-Ig,T_B_T,PsychoPyStudy2Stim/T_B_T_6.png,Adam THINKS there is ONE cube,1,b,h,2,0,2,1,0,1,1,0,1,B,-,0,144,144,151,NA,NA,NA,NA,NA,5.2220001816749e-4,761.9312206001487,762.3167589001823,762.4169018999673,764.4167080000043,764.8167700001504,764.9191614000592,764.9191614000592,h,1,3.3508073000703007,768.2999333001208,768.2999333001208,768.2999333001208,768.2999333001208,NA,NA,NA,NA,NA,NA,005,001,2024-10-02_15h30.09.216,PsychoPy Exp,2023.1.2,59.97023074626071
Knowledge,TRUE,TB-K-B,TT_B,PsychoPyStudy2Stim/TT_B_17.png,Adam KNOWS there are TWO cubes,2,b,h,2,0,2,2,0,2,0,0,0,B,-,0,145,145,250,NA,NA,NA,NA,NA,5.171000957489e-4,768.3995209001005,768.7834008999635,768.8835620000027,770.8835379001684,771.2835139001254,771.3858174001798,771.3858174001798,h,1,0.8845267000142485,772.2998780000489,772.2998780000489,772.2998780000489,772.2998780000489,NA,NA,NA,NA,NA,NA,005,001,2024-10-02_15h30.09.216,PsychoPy Exp,2023.1.2,59.97023074626071
Reality,TRUE,TB-K-B,DD_B,PsychoPyStudy2Stim/DD_B_16.png,"In REALITY, there are ZERO cubes",0,b,h,2,2,0,2,2,0,0,0,0,B,-,0,146,146,29,NA,NA,NA,NA,NA,0.0016733999364078,772.3690486000851,772.750077500008,772.8502603999805,774.8501734000165,775.2501851001289,775.3525521999691,775.3525521999691,h,1,2.014093599980697,777.3831688000355,777.3831688000355,777.3831688000355,777.3831688000355,NA,NA,NA,NA,NA,NA,005,001,2024-10-02_15h30.09.216,PsychoPy Exp,2023.1.2,59.97023074626071
Reality,TRUE,TB-K-B,DD_B,PsychoPyStudy2Stim/DD_B_14.png,"In REALITY, there are ZERO cubes",0,b,h,2,2,0,2,2,0,0,0,0,B,-,0,147,147,27,NA,NA,NA,NA,NA,4.2910012416541e-4,777.4577810000628,777.8332022000104,777.9335465000477,779.933529500151,780.3332573000807,780.4357859999873,780.4357859999873,h,1,0.738510400056839,781.2000200999901,781.2000200999901,781.2000200999901,781.2000200999901,NA,NA,NA,NA,NA,NA,005,001,2024-10-02_15h30.09.216,PsychoPy Exp,2023.1.2,59.97023074626071
Reality,FALSE,TB-K-B,TD_B,PsychoPyStudy2Stim/TD_B_6.png,"In REALITY, there are ZERO cubes",0,h,b,2,1,1,2,1,1,0,0,0,B,PropFalse,0,148,148,89,NA,NA,NA,NA,NA,0.0016455000732094,781.2879951000214,781.6665378999896,781.7668294999748,783.7668420001864,784.1668740999885,784.2690379000269,784.2690379000269,b,1,1.577256899792701,785.8667013000231,785.8667013000231,785.8667013000231,785.8667013000231,NA,NA,NA,NA,NA,NA,005,001,2024-10-02_15h30.09.216,PsychoPy Exp,2023.1.2,59.97023074626071
Belief,FALSE,TB-Ig,D_B,PsychoPyStudy2Stim/D_B_2.png,Adam THINKS there is ONE cube,1,h,b,1,1,0,1,1,0,0,0,0,B,PropFalse,0,149,149,181,NA,NA,NA,NA,NA,0.00165629992261528,785.9706109999679,786.350003400119,786.4501308000181,788.4500957999844,788.8500928999856,788.9525373000652,788.9525373000652,b,1,2.06966710020788,791.0498434000183,791.0498434000183,791.0498434000183,791.0498434000183,NA,NA,NA,NA,NA,NA,005,001,2024-10-02_15h30.09.216,PsychoPy Exp,2023.1.2,59.97023074626071
Belief,FALSE,FB-Ig,D_B_T,PsychoPyStudy2Stim/D_B_T_4.png,Adam THINKS there is ONE cube,1,h,b,2,1,1,1,1,0,1,0,1,B,PropTrueNoBelief,0,150,150,215,NA,NA,NA,NA,NA,3.9099995046854e-4,791.1249898001552,791.4999464000575,791.5998884001747,793.6001335000619,794.0000952000264,794.1024027999956,794.1024027999956,b,1,1.5914270000066608,795.7164570000023,795.7164570000023,795.7164570000023,795.7164570000023,NA,NA,NA,NA,NA,NA,005,001,2024-10-02_15h30.09.216,PsychoPy Exp,2023.1.2,59.97023074626071
Reality,FALSE,TB-Ig,D_B,PsychoPyStudy2Stim/D_B_2.png,"In REALITY, there are TWO cubes",2,h,b,1,1,0,1,1,0,0,0,0,B,PropFalse,0,151,151,73,NA,NA,NA,NA,NA,3.8910005241632e-4,795.7902116000187,796.1665966000874,796.2667712999973,798.2665862999856,798.6667543000076,798.7690386001486,798.7690386001486,b,1,1.7011322998441756,800.4997939001769,800.4997939001769,800.4997939001769,800.4997939001769,NA,NA,NA,NA,NA,NA,005,001,2024-10-02_15h30.09.216,PsychoPy Exp,2023.1.2,59.97023074626071
Reality,TRUE,TB-K,DD_NB,PsychoPyStudy2Stim/DD_NB_1.png,"In REALITY, there are ZERO cubes",0,b,h,2,2,0,2,2,0,0,0,0,NB,-,0,152,152,6,NA,NA,NA,NA,NA,0.0015099998563528,800.5876138000749,800.9665820000228,801.0665174000897,803.0667289001867,803.46671529999,803.5690248999745,803.5690248999745,h,1,0.7168378001078963,804.3165306001902,804.3165306001902,804.3165306001902,804.3165306001902,NA,NA,NA,NA,NA,NA,005,001,2024-10-02_15h30.09.216,PsychoPy Exp,2023.1.2,59.97023074626071
Knowledge,FALSE,FB-Ig,D_B_T,PsychoPyStudy2Stim/D_B_T_2.png,Adam KNOWS there is ONE cube,1,h,b,2,1,1,1,1,0,1,0,1,B,PropTrueNoKnowledge,0,153,153,319,NA,NA,NA,NA,NA,0.00148730003274977,804.4127349001355,804.7832275000401,804.8834117001388,806.8833938001189,807.2833907001186,807.3856318001635,807.3856318001635,b,1,1.2602140000090003,808.6663997001015,808.6663997001015,808.6663997001015,808.6663997001015,NA,NA,NA,NA,NA,NA,005,001,2024-10-02_15h30.09.216,PsychoPy Exp,2023.1.2,59.97023074626071
Reality,TRUE,TB-K,T_NB,PsychoPyStudy2Stim/T_NB_2.png,"In REALITY, there is ONE cube",1,b,h,1,0,1,1,0,1,0,0,0,NB,-,0,154,154,4,NA,NA,NA,NA,NA,4.5949988998472e-4,808.7422817000188,809.116556199966,809.2165045000147,811.2166822999716,811.6166036999784,811.718994700117,811.718994700117,h,1,0.8951776998583227,812.6332364000846,812.6332364000846,812.6332364000846,812.6332364000846,NA,NA,NA,NA,NA,NA,005,001,2024-10-02_15h30.09.216,PsychoPy Exp,2023.1.2,59.97023074626071
Belief,TRUE,FB-Ig,T_B_T,PsychoPyStudy2Stim/T_B_T_1.png,Adam THINKS there is ONE cube,1,b,h,2,0,2,1,0,1,1,0,1,B,-,0,155,155,146,NA,NA,NA,NA,NA,0.00172040006145834,812.7219102000818,813.0998639001045,813.2000288001727,815.1998942000791,815.600057200063,815.7023595999926,815.7023595999926,h,1,2.8714350000955164,818.599792700028,818.599792700028,818.599792700028,818.599792700028,NA,NA,NA,NA,NA,NA,005,001,2024-10-02_15h30.09.216,PsychoPy Exp,2023.1.2,59.97023074626071
Reality,FALSE,TB-K,TD_NB,PsychoPyStudy2Stim/TD_NB_1.png,"In REALITY, there are ZERO cubes",0,h,b,2,1,1,2,1,1,0,0,0,NB,PropFalse,0,156,156,63,NA,NA,NA,NA,NA,5.7739997282624e-4,818.6862781001255,819.0665178000927,819.1667184999678,821.1665299001615,821.5665009000804,821.6690172001254,821.6690172001254,b,1,1.3691104999743402,823.0665537000168,823.0665537000168,823.0665537000168,823.0665537000168,NA,NA,NA,NA,NA,NA,005,001,2024-10-02_15h30.09.216,PsychoPy Exp,2023.1.2,59.97023074626071
Reality,FALSE,TB-K-B,DD_B,PsychoPyStudy2Stim/DD_B_15.png,"In REALITY, there are TWO cubes",2,h,b,2,2,0,2,2,0,0,0,0,B,PropFalse,0,157,157,82,NA,NA,NA,NA,NA,0.00166120007634162,823.1644689000677,823.5498936001677,823.6500175001565,825.6498450001236,826.0500046999659,826.1526397000998,826.1526397000998,b,1,2.573432700010017,828.749881700147,828.749881700147,828.749881700147,828.749881700147,NA,NA,NA,NA,NA,NA,005,001,2024-10-02_15h30.09.216,PsychoPy Exp,2023.1.2,59.97023074626071
Reality,TRUE,TB-K,T_NB,PsychoPyStudy2Stim/T_NB_3.png,"In REALITY, there is ONE cube",1,b,h,1,0,1,1,0,1,0,0,0,NB,-,0,158,158,5,NA,NA,NA,NA,NA,0.00174649991095066,828.8439506001305,829.2164700999856,829.3166205000598,831.3165401001461,831.7164196001831,831.818903400097,831.818903400097,h,1,0.6908356000203639,832.5331850000657,832.5331850000657,832.5331850000657,832.5331850000657,NA,NA,NA,NA,NA,NA,005,001,2024-10-02_15h30.09.216,PsychoPy Exp,2023.1.2,59.97023074626071
Belief,FALSE,TB-K-B,TT_B,PsychoPyStudy2Stim/TT_B_2.png,Adam THINKS there are ZERO cubes,0,h,b,2,0,2,2,0,2,0,0,0,B,PropFalse,0,159,159,189,NA,NA,NA,NA,NA,7.9489988274872e-4,832.6520510001574,833.0331541001797,833.133304500021,835.1332982000895,835.5332617000677,835.6355940999929,835.6355940999929,b,1,1.0741559001617134,836.7329706000164,836.7329706000164,836.7329706000164,836.7329706000164,NA,NA,NA,NA,NA,NA,005,001,2024-10-02_15h30.09.216,PsychoPy Exp,2023.1.2,59.97023074626071
Belief,TRUE,TB-Ig,D_B_D,PsychoPyStudy2Stim/D_B_D_1.png,Adam THINKS there are ZERO cubes,0,b,h,2,2,0,1,1,0,1,1,0,B,-,0,160,160,130,NA,NA,NA,NA,NA,4.823999479413e-4,836.8015443000477,837.1831154001411,837.2832784999628,839.28329390008,839.6831196001731,839.7856450001709,839.7856450001709,h,1,5.924057400086895,845.7331079000141,845.7331079000141,845.7331079000141,845.7331079000141,NA,NA,NA,NA,NA,NA,005,001,2024-10-02_15h30.09.216,PsychoPy Exp,2023.1.2,59.97023074626071
Knowledge,FALSE,FB-Ig,T_B_T,PsychoPyStudy2Stim/T_B_T_5.png,Adam KNOWS there are TWO cubes,2,h,b,2,0,2,1,0,1,1,0,1,B,PropTrueNoKnowledge,0,161,161,316,NA,NA,NA,NA,NA,6.5689999610185e-4,845.8307978999801,846.2162280001212,846.3165929000825,848.3164063000586,848.7165799001232,848.8188823000528,848.8188823000528,b,1,1.178774100029841,850.0166670000181,NA,850.0166670000181,NA,space,10.26130670006387,NA,NA,NA,NA,005,001,2024-10-02_15h30.09.216,PsychoPy Exp,2023.1.2,59.97023074626071
Belief,FALSE,FB-Ig,T_B_T,PsychoPyStudy2Stim/T_B_T_2.png,Adam THINKS there are TWO cubes,2,h,b,2,0,2,1,0,1,1,0,1,B,PropTrueNoBelief,0,162,162,207,NA,NA,NA,NA,NA,0.00176370004191994,860.3813549999613,860.766255900031,860.8664202000946,862.8665438001044,863.2662281000521,863.3688022000715,863.3688022000715,b,1,4.214079699944705,867.59957020008,867.59957020008,867.59957020008,867.59957020008,NA,NA,NA,NA,NA,NA,005,001,2024-10-02_15h30.09.216,PsychoPy Exp,2023.1.2,59.97023074626071
Reality,TRUE,TB-K,TD_NB,PsychoPyStudy2Stim/TD_NB_1.png,"In REALITY, there is ONE cube",1,b,h,2,1,1,2,1,1,0,0,0,NB,-,0,163,163,9,NA,NA,NA,NA,NA,3.8149999454617e-4,867.6713772001676,868.0496476001572,868.1497943999711,870.149791700067,870.549815100152,870.651989800157,870.651989800157,h,1,3.362214299850166,874.0328870001249,874.0328870001249,874.0328870001249,874.0328870001249,NA,NA,NA,NA,NA,NA,005,001,2024-10-02_15h30.09.216,PsychoPy Exp,2023.1.2,59.97023074626071
Reality,TRUE,TB-K,D_NB,PsychoPyStudy2Stim/D_NB_1.png,"In REALITY, there are ZERO cubes",0,b,h,1,1,0,1,1,0,0,0,0,NB,-,0,164,164,0,NA,NA,NA,NA,NA,0.00167810008861124,874.1104713999666,874.4829622001853,874.5831466000527,876.583124200115,876.9830181000289,877.0854470001068,877.0854470001068,h,1,0.9364682999439538,878.0495098000392,878.0495098000392,878.0495098000392,878.0495098000392,NA,NA,NA,NA,NA,NA,005,001,2024-10-02_15h30.09.216,PsychoPy Exp,2023.1.2,59.97023074626071
Knowledge,TRUE,TB-K-B,DD_B,PsychoPyStudy2Stim/DD_B_11.png,Adam KNOWS there are ZERO cubes,0,b,h,2,2,0,2,2,0,0,0,0,B,-,0,165,165,244,NA,NA,NA,NA,NA,7.3239998891949e-4,878.1257661001291,878.4996460999828,878.5998144999612,880.5996026999783,880.9998536000494,881.1021833000705,881.1021833000705,h,1,0.9997823999729007,882.1329867001623,882.1329867001623,882.1329867001623,882.1329867001623,NA,NA,NA,NA,NA,NA,005,001,2024-10-02_15h30.09.216,PsychoPy Exp,2023.1.2,59.97023074626071
Belief,TRUE,FB-Ig,T_B_T,PsychoPyStudy2Stim/T_B_T_3.png,Adam THINKS there is ONE cube,1,b,h,2,0,2,1,0,1,1,0,1,B,-,0,166,166,148,NA,NA,NA,NA,NA,0.0017083000857383,882.2277165001724,882.5996088001411,882.6997875999659,884.6997488001361,885.0995663001668,885.2022316001821,885.2022316001821,h,1,1.219354100059718,886.4494614000432,886.4494614000432,886.4494614000432,886.4494614000432,NA,NA,NA,NA,NA,NA,005,001,2024-10-02_15h30.09.216,PsychoPy Exp,2023.1.2,59.97023074626071
Knowledge,TRUE,TB-K-B,DD_B,PsychoPyStudy2Stim/DD_B_8.png,Adam KNOWS there are ZERO cubes,0,b,h,2,2,0,2,2,0,0,0,0,B,-,0,167,167,241,NA,NA,NA,NA,NA,0.00137159996666014,886.5347750000656,886.9163017000537,887.0164457999635,889.016406300012,889.4164088000543,889.5186936000828,889.5186936000828,h,1,1.303111799992621,890.8494363001082,890.8494363001082,890.8494363001082,890.8494363001082,NA,NA,NA,NA,NA,NA,005,001,2024-10-02_15h30.09.216,PsychoPy Exp,2023.1.2,59.97023074626071
Belief,FALSE,FB-Ig,T_B_T,PsychoPyStudy2Stim/T_B_T_5.png,Adam THINKS there are TWO cubes,2,h,b,2,0,2,1,0,1,1,0,1,B,PropTrueNoBelief,0,168,168,210,NA,NA,NA,NA,NA,3.9939978159964e-4,890.928125699982,891.2994341000449,891.3997659001034,893.3997530001216,893.7997213001363,893.9019854001235,893.9019854001235,b,1,1.3435472999699414,895.266148300143,895.266148300143,895.266148300143,895.266148300143,NA,NA,NA,NA,NA,NA,005,001,2024-10-02_15h30.09.216,PsychoPy Exp,2023.1.2,59.97023074626071
Belief,TRUE,TB-K-B,TT_B,PsychoPyStudy2Stim/TT_B_2.png,Adam THINKS there are TWO cubes,2,b,h,2,0,2,2,0,2,0,0,0,B,-,0,169,169,135,NA,NA,NA,NA,NA,0.00039390008896589003,895.3372965001035,895.7162585000042,895.8164029000327,897.81643360015,898.2163401001599,898.3188430001028,898.3188430001028,h,1,4.247250800020993,902.5828195000068,902.5828195000068,902.5828195000068,902.5828195000068,NA,NA,NA,NA,NA,NA,005,001,2024-10-02_15h30.09.216,PsychoPy Exp,2023.1.2,59.97023074626071
Knowledge,TRUE,TB-K,TT_NB,PsychoPyStudy2Stim/TT_NB_6.png,Adam KNOWS there are TWO cubes,2,b,h,2,0,2,2,0,2,0,0,0,NB,-,0,170,170,233,NA,NA,NA,NA,NA,7.0840003900229e-4,902.6735241001006,903.0495184999892,903.1495234000032,905.1497033999768,905.5496223999652,905.6520380000584,905.6520380000584,h,1,0.5696623001713306,906.2494839001448,906.2494839001448,906.2494839001448,906.2494839001448,NA,NA,NA,NA,NA,NA,005,001,2024-10-02_15h30.09.216,PsychoPy Exp,2023.1.2,59.97023074626071
Belief,FALSE,TB-K,TD_NB,PsychoPyStudy2Stim/TD_NB_3.png,Adam THINKS there are TWO cubes,2,h,b,2,1,1,2,1,1,0,0,0,NB,PropFalse,0,171,171,173,NA,NA,NA,NA,NA,0.00148470001295208,906.3516013000626,906.7328619000036,906.8330187001266,908.8328821000176,909.2329973999877,909.3353165001608,909.3353165001608,b,1,0.990124800009653,910.3493703000712,910.3493703000712,910.3493703000712,910.3493703000712,NA,NA,NA,NA,NA,NA,005,001,2024-10-02_15h30.09.216,PsychoPy Exp,2023.1.2,59.97023074626071
Belief,TRUE,TB-Ig,D_B_D,PsychoPyStudy2Stim/D_B_D_3.png,Adam THINKS there are ZERO cubes,0,b,h,2,2,0,1,1,0,1,1,0,B,-,0,172,172,132,NA,NA,NA,NA,NA,3.7249992601573e-4,910.427748200018,910.7995015000924,910.8996921000072,912.8997163001914,913.2996720999944,913.401942800032,913.401942800032,h,1,2.483805599855259,915.91604920011,915.91604920011,915.91604920011,915.91604920011,NA,NA,NA,NA,NA,NA,005,001,2024-10-02_15h30.09.216,PsychoPy Exp,2023.1.2,59.97023074626071
Knowledge,FALSE,TB-K,DD_NB,PsychoPyStudy2Stim/DD_NB_3.png,Adam KNOWS there are TWO cubes,2,h,b,2,2,0,2,2,0,0,0,0,NB,PropFalse,0,173,173,278,NA,NA,NA,NA,NA,0.00171099998988211,915.989318100037,916.3659378001466,916.4663345001172,918.4660918000154,918.8663175001276,918.9686431000008,918.9686431000008,b,1,1.957085399888456,920.9495322001168,920.9495322001168,920.9495322001168,920.9495322001168,NA,NA,NA,NA,NA,NA,005,001,2024-10-02_15h30.09.216,PsychoPy Exp,2023.1.2,59.97023074626071
Knowledge,FALSE,FB-Ig,T_B_T,PsychoPyStudy2Stim/T_B_T_1.png,Adam KNOWS there are TWO cubes,2,h,b,2,0,2,1,0,1,1,0,1,B,PropTrueNoKnowledge,0,174,174,306,NA,NA,NA,NA,NA,0.00174880004487931,921.0434061000124,921.4159848000854,921.5162927999628,923.5162709001452,923.9162765000948,924.018593700137,924.018593700137,b,1,2.2508280999027193,926.2995240001474,926.2995240001474,926.2995240001474,926.2995240001474,NA,NA,NA,NA,NA,NA,005,001,2024-10-02_15h30.09.216,PsychoPy Exp,2023.1.2,59.97023074626071
Knowledge,FALSE,TB-K,T_NB,PsychoPyStudy2Stim/T_NB_1.png,Adam KNOWS there are ZERO cubes,0,h,b,1,0,1,1,0,1,0,0,0,NB,PropFalse,0,175,175,273,NA,NA,NA,NA,NA,0.00136089976876974,926.395216600038,926.7661007000132,926.865996000124,928.8662912000436,929.2661580001004,929.3685972001404,929.3685972001404,b,1,1.469077300047502,930.8660999001004,930.8660999001004,930.8660999001004,930.8660999001004,NA,NA,NA,NA,NA,NA,005,001,2024-10-02_15h30.09.216,PsychoPy Exp,2023.1.2,59.97023074626071
Knowledge,FALSE,TB-K,TT_NB,PsychoPyStudy2Stim/TT_NB_5.png,Adam KNOWS there is ONE cube,1,h,b,2,0,2,2,0,2,0,0,0,NB,PropFalse,0,176,176,286,NA,NA,NA,NA,NA,0.00137090007774531,930.9477570001036,931.3327630001586,931.4329517001752,933.4329137001188,933.8329107000028,933.9351392001844,933.9351392001844,b,1,0.9586046000476928,934.9160967001226,934.9160967001226,934.9160967001226,934.9160967001226,NA,NA,NA,NA,NA,NA,005,001,2024-10-02_15h30.09.216,PsychoPy Exp,2023.1.2,59.97023074626071
Belief,FALSE,TB-K,TT_NB,PsychoPyStudy2Stim/TT_NB_1.png,Adam THINKS there are ZERO cubes,0,h,b,2,0,2,2,0,2,0,0,0,NB,PropFalse,0,177,177,174,NA,NA,NA,NA,NA,0.00172599987126886,935.0004559999796,935.3827478999738,935.482905199984,937.4829386000056,937.8829459000845,937.9852171000092,937.9852171000092,b,1,0.7404245000798255,938.749389700126,938.749389700126,938.749389700126,938.749389700126,NA,NA,NA,NA,NA,NA,005,001,2024-10-02_15h30.09.216,PsychoPy Exp,2023.1.2,59.97023074626071
Belief,FALSE,TB-K,TD_NB,PsychoPyStudy2Stim/TD_NB_2.png,Adam THINKS there are ZERO cubes,0,h,b,2,1,1,2,1,1,0,0,0,NB,PropFalse,0,178,178,172,NA,NA,NA,NA,NA,0.001559300115332,938.8351507000624,939.2160679001828,939.31621560012,941.316255700076,941.7160991001874,941.8184852001724,941.8184852001724,b,1,1.1873936001211405,943.032646600157,943.032646600157,943.032646600157,943.032646600157,NA,NA,NA,NA,NA,NA,005,001,2024-10-02_15h30.09.216,PsychoPy Exp,2023.1.2,59.97023074626071
Belief,FALSE,TB-K-B,TT_B,PsychoPyStudy2Stim/TT_B_4.png,Adam THINKS there are ZERO cubes,0,h,b,2,0,2,2,0,2,0,0,0,B,PropFalse,0,179,179,191,NA,NA,NA,NA,NA,0.00170039990916848,943.1000695000404,943.4827283001504,943.5829122001304,945.5828817000148,945.9828546000645,946.0851710001008,946.0851710001008,b,1,1.840083200018853,947.9493450999726,947.9493450999726,947.9493450999726,947.9493450999726,NA,NA,NA,NA,NA,NA,005,001,2024-10-02_15h30.09.216,PsychoPy Exp,2023.1.2,59.97023074626071
Knowledge,FALSE,TB-K,T_NB,PsychoPyStudy2Stim/T_NB_2.png,Adam KNOWS there are TWO cubes,2,h,b,1,0,1,1,0,1,0,0,0,NB,PropFalse,0,180,180,274,NA,NA,NA,NA,NA,4.1350000537931e-4,948.0173190000932,948.399366900092,948.4992982000113,950.4993362000678,950.899465000024,951.0018778999802,951.0018778999802,b,1,2.043418199988082,953.0658855000512,953.0658855000512,953.0658855000512,953.0658855000512,NA,NA,NA,NA,NA,NA,005,001,2024-10-02_15h30.09.216,PsychoPy Exp,2023.1.2,59.97023074626071
Reality,TRUE,TB-K-B,TD_B,PsychoPyStudy2Stim/TD_B_7.png,"In REALITY, there is ONE cube",1,b,h,2,1,1,2,1,1,0,0,0,B,-,0,181,181,36,NA,NA,NA,NA,NA,4.5729987323284e-4,953.1532797000835,953.5326696000992,953.6328384999651,955.6326649000404,956.0329041001388,956.135453700088,956.135453700088,h,1,1.2861586001235992,957.4493927001022,957.4493927001022,957.4493927001022,957.4493927001022,NA,NA,NA,NA,NA,NA,005,001,2024-10-02_15h30.09.216,PsychoPy Exp,2023.1.2,59.97023074626071
Belief,TRUE,TB-K-B,TT_B,PsychoPyStudy2Stim/TT_B_12.png,Adam THINKS there are TWO cubes,2,b,h,2,0,2,2,0,2,0,0,0,B,-,0,182,182,145,NA,NA,NA,NA,NA,0.00167610007338225,957.551490199985,957.9326607000548,958.0328562001232,960.0328612001612,960.4326689001172,960.5351158999838,960.5351158999838,h,1,1.534119199961424,962.0992676001042,962.0992676001042,962.0992676001042,962.0992676001042,NA,NA,NA,NA,NA,NA,005,001,2024-10-02_15h30.09.216,PsychoPy Exp,2023.1.2,59.97023074626071
Belief,TRUE,TB-K,TT_NB,PsychoPyStudy2Stim/TT_NB_1.png,Adam THINKS there are TWO cubes,2,b,h,2,0,2,2,0,2,0,0,0,NB,-,0,183,183,120,NA,NA,NA,NA,NA,5.1310006529092e-4,962.1807972001844,962.5660186000168,962.6661356000697,964.6658422001638,965.0661119001452,965.1684375000186,965.1684375000186,h,1,2.22117010015063,967.41607929999,967.41607929999,967.41607929999,967.41607929999,NA,NA,NA,NA,NA,NA,005,001,2024-10-02_15h30.09.216,PsychoPy Exp,2023.1.2,59.97023074626071
Belief,FALSE,TB-Ig,D_B_D,PsychoPyStudy2Stim/D_B_D_4.png,Adam THINKS there is ONE cube,1,h,b,2,2,0,1,1,0,1,1,0,B,PropFalse,0,184,184,187,NA,NA,NA,NA,NA,0.00345359998755157,967.5051953999792,967.8826876000968,967.9826651001348,969.9826848001684,970.382695700042,970.485134900082,970.485134900082,b,1,2.1601778001058847,972.6659149001352,972.6659149001352,972.6659149001352,972.6659149001352,NA,NA,NA,NA,NA,NA,005,001,2024-10-02_15h30.09.216,PsychoPy Exp,2023.1.2,59.97023074626071
Belief,FALSE,FB-Ig,T_B_T,PsychoPyStudy2Stim/T_B_T_1.png,Adam THINKS there are TWO cubes,2,h,b,2,0,2,1,0,1,1,0,1,B,PropTrueNoBelief,0,185,185,206,NA,NA,NA,NA,NA,0.00116030010394752,972.7436010001692,973.1160516999662,973.2161183001008,975.2159545000176,975.6160881000104,975.7185615999624,975.7185615999624,b,1,1.215212400071323,976.9493664000184,976.9493664000184,976.9493664000184,976.9493664000184,NA,NA,NA,NA,NA,NA,005,001,2024-10-02_15h30.09.216,PsychoPy Exp,2023.1.2,59.97023074626071
Belief,TRUE,TB-K-B,TT_B,PsychoPyStudy2Stim/TT_B_6.png,Adam THINKS there are TWO cubes,2,b,h,2,0,2,2,0,2,0,0,0,B,-,0,186,186,139,NA,NA,NA,NA,NA,0.00170759996399283,977.0538040001412,977.432584400056,977.5327183001208,979.5326039001812,979.9326800999696,980.0350957000628,980.0350957000628,h,1,1.5061020001303405,981.5659628000576,981.5659628000576,981.5659628000576,981.5659628000576,NA,NA,NA,NA,NA,NA,005,001,2024-10-02_15h30.09.216,PsychoPy Exp,2023.1.2,59.97023074626071
Knowledge,TRUE,TB-K-B,TD_B,PsychoPyStudy2Stim/TD_B_9.png,Adam KNOWS there is ONE cube,1,b,h,2,1,1,2,1,1,0,0,0,B,-,0,187,187,266,NA,NA,NA,NA,NA,8.1470003351569e-4,981.653803100111,982.0325790999924,982.1327367001212,984.1327308001928,984.5327525001484,984.6350387001876,984.6350387001876,h,1,3.683319500181824,988.34927100013,988.34927100013,988.34927100013,988.34927100013,NA,NA,NA,NA,NA,NA,005,001,2024-10-02_15h30.09.216,PsychoPy Exp,2023.1.2,59.97023074626071
Belief,TRUE,TB-Ig,D_B_D,PsychoPyStudy2Stim/D_B_D_4.png,Adam THINKS there are ZERO cubes,0,b,h,2,2,0,1,1,0,1,1,0,B,-,0,188,188,133,NA,NA,NA,NA,NA,0.00167550006881356,988.4249156999869,988.7992442001124,988.8993426000234,990.8992273001932,991.2993050001096,991.4016195000148,991.4016195000148,h,1,3.507865299936384,994.9325958001428,994.9325958001428,994.9325958001428,994.9325958001428,NA,NA,NA,NA,NA,NA,005,001,2024-10-02_15h30.09.216,PsychoPy Exp,2023.1.2,59.97023074626071
Belief,FALSE,TB-K,DD_NB,PsychoPyStudy2Stim/DD_NB_1.png,Adam THINKS there is ONE cube,1,h,b,2,2,0,2,2,0,0,0,0,NB,PropFalse,0,189,189,168,NA,NA,NA,NA,NA,0.00171340000815689,995.021007000003,995.3991748001426,995.4991976001766,997.4990751000588,997.899349699961,998.0016050999984,998.0016050999984,b,1,1.171868099831045,999.1991806000004,999.1991806000004,999.1991806000004,999.1991806000004,NA,NA,NA,NA,NA,NA,005,001,2024-10-02_15h30.09.216,PsychoPy Exp,2023.1.2,59.97023074626071
Knowledge,FALSE,TB-K,D_NB,PsychoPyStudy2Stim/D_NB_1.png,Adam KNOWS there is ONE cube,1,h,b,1,1,0,1,1,0,0,0,0,NB,PropFalse,0,190,190,270,NA,NA,NA,NA,NA,0.00171109987422823,999.2892810001504,999.6658832000104,999.7659682000522,1001.7658220999874,1002.1659876001067,1002.268253599992,1002.268253599992,b,1,1.3374115000478923,1003.6325615001842,1003.6325615001842,1003.6325615001842,1003.6325615001842,NA,NA,NA,NA,NA,NA,005,001,2024-10-02_15h30.09.216,PsychoPy Exp,2023.1.2,59.97023074626071
Belief,TRUE,TB-K,TT_NB,PsychoPyStudy2Stim/TT_NB_3.png,Adam THINKS there are TWO cubes,2,b,h,2,0,2,2,0,2,0,0,0,NB,-,0,191,191,122,NA,NA,NA,NA,NA,0.0016461000777781,1003.7179938000628,1004.0991971001496,1004.1993064000272,1006.199323100038,1006.5992250000128,1006.701526200166,1006.701526200166,h,1,0.6076218001544476,1007.332344100112,1007.332344100112,1007.332344100112,1007.332344100112,NA,NA,NA,NA,NA,NA,005,001,2024-10-02_15h30.09.216,PsychoPy Exp,2023.1.2,59.97023074626071
Reality,FALSE,FB-Ig,T_B_T,PsychoPyStudy2Stim/T_B_T_2.png,"In REALITY, there is ONE cube",1,h,b,2,0,2,1,0,1,1,0,1,B,PropFalse,0,192,192,99,NA,NA,NA,NA,NA,6.1019998975098e-4,1007.4096101999748,1007.7824060001876,1007.8826125999911,1009.8826065000612,1010.2825490999968,1010.3848246000708,1010.3848246000708,b,1,1.6606151999440044,1012.0658766000996,1012.0658766000996,1012.0658766000996,1012.0658766000996,NA,NA,NA,NA,NA,NA,005,001,2024-10-02_15h30.09.216,PsychoPy Exp,2023.1.2,59.97023074626071
Knowledge,TRUE,TB-K-B,TD_B,PsychoPyStudy2Stim/TD_B_6.png,Adam KNOWS there is ONE cube,1,b,h,2,1,1,2,1,1,0,0,0,B,-,0,193,193,263,NA,NA,NA,NA,NA,0.00175360008142888,1012.1582010001875,1012.53245040006,1012.6325913001784,1014.6326046001632,1015.032578200102,1015.1349218999968,1015.1349218999968,h,1,0.8313710999209434,1015.9825979000888,1015.9825979000888,1015.9825979000888,1015.9825979000888,NA,NA,NA,NA,NA,NA,005,001,2024-10-02_15h30.09.216,PsychoPy Exp,2023.1.2,59.97023074626071
Knowledge,FALSE,FB-Ig,T_B_T,PsychoPyStudy2Stim/T_B_T_5.png,Adam KNOWS there are TWO cubes,2,h,b,2,0,2,1,0,1,1,0,1,B,PropTrueNoKnowledge,0,194,194,310,NA,NA,NA,NA,NA,0.00165140000171959,1016.0705216000788,1016.4490873999894,1016.5492911001202,1018.549159300048,1018.9492794000544,1019.0515948999672,1019.0515948999672,b,1,1.1697394999209791,1020.2489871999716,1020.2489871999716,1020.2489871999716,1020.2489871999716,NA,NA,NA,NA,NA,NA,005,001,2024-10-02_15h30.09.216,PsychoPy Exp,2023.1.2,59.97023074626071
Reality,TRUE,TB-K,TT_NB,PsychoPyStudy2Stim/TT_NB_4.png,"In REALITY, there are TWO cubes",2,b,h,2,0,2,2,0,2,0,0,0,NB,-,0,195,195,15,NA,NA,NA,NA,NA,3.8049998693168e-4,1020.3233531001024,1020.6991189999972,1020.7992551999632,1022.7992312000132,1023.1992379000876,1023.3015412001404,1023.3015412001404,h,1,0.6645741998218,1023.9824194000104,1023.9824194000104,1023.9824194000104,1023.9824194000104,NA,NA,NA,NA,NA,NA,005,001,2024-10-02_15h30.09.216,PsychoPy Exp,2023.1.2,59.97023074626071
Belief,FALSE,FB-Ig,T_B_T,PsychoPyStudy2Stim/T_B_T_3.png,Adam THINKS there are TWO cubes,2,h,b,2,0,2,1,0,1,1,0,1,B,PropTrueNoBelief,0,196,196,208,NA,NA,NA,NA,NA,0.00147750019095838,1024.0548386001028,1024.4324118001389,1024.5325609999709,1026.5324773001485,1026.9325727999676,1027.0348009001464,1027.0348009001464,b,1,1.298876499990001,1028.3491344000213,1028.3491344000213,1028.3491344000213,1028.3491344000213,NA,NA,NA,NA,NA,NA,005,001,2024-10-02_15h30.09.216,PsychoPy Exp,2023.1.2,59.97023074626071
Knowledge,FALSE,TB-K,DD_NB,PsychoPyStudy2Stim/DD_NB_2.png,Adam KNOWS there are TWO cubes,2,h,b,2,2,0,2,2,0,0,0,0,NB,PropFalse,0,197,197,277,NA,NA,NA,NA,NA,0.00168939982540905,1028.437900400022,1028.8157246001065,1028.9158875001594,1030.9158970001154,1031.3158654000144,1031.418294500094,1031.418294500094,b,1,1.0834296001121402,1032.5325240001548,1032.5325240001548,1032.5325240001548,1032.5325240001548,NA,NA,NA,NA,NA,NA,005,001,2024-10-02_15h30.09.216,PsychoPy Exp,2023.1.2,59.97023074626071
Belief,TRUE,FB-Ig,T_B_T,PsychoPyStudy2Stim/T_B_T_4.png,Adam THINKS there is ONE cube,1,b,h,2,0,2,1,0,1,1,0,1,B,-,0,198,198,155,NA,NA,NA,NA,NA,0.00167200015857815,1032.6319707001094,1033.015719300136,1033.1156892001163,1035.1157492001075,1035.5158059999812,1035.618148599984,1035.618148599984,h,1,2.6108610001392663,1038.2489392000716,1038.2489392000716,1038.2489392000716,1038.2489392000716,NA,NA,NA,NA,NA,NA,005,001,2024-10-02_15h30.09.216,PsychoPy Exp,2023.1.2,59.97023074626071
Reality,TRUE,TB-Ig,D_B_D,PsychoPyStudy2Stim/D_B_D_1.png,"In REALITY, there are ZERO cubes",0,b,h,2,2,0,1,1,0,1,1,0,B,-,0,199,199,22,NA,NA,NA,NA,NA,6.5240007825195e-4,1038.342992400052,1038.715702000074,1038.8158510001376,1040.8158633001149,1041.2157085000072,1041.3181108999995,1041.3181108999995,h,1,2.991201699944213,1044.332374599995,1044.332374599995,1044.332374599995,1044.332374599995,NA,NA,NA,NA,NA,NA,005,001,2024-10-02_15h30.09.216,PsychoPy Exp,2023.1.2,59.97023074626071
Reality,FALSE,TB-K,TD_NB,PsychoPyStudy2Stim/TD_NB_3.png,"In REALITY, there are TWO cubes",2,h,b,2,1,1,2,1,1,0,0,0,NB,PropFalse,0,200,200,65,NA,NA,NA,NA,NA,0.0016461000777781,1044.413976300042,1044.7990320001263,1044.8991551999934,1046.8990434000734,1047.298991800053,1047.4012378000189,1047.4012378000189,b,1,1.5717424999456853,1048.9988265000284,1048.9988265000284,1048.9988265000284,1048.9988265000284,NA,NA,NA,NA,NA,NA,005,001,2024-10-02_15h30.09.216,PsychoPy Exp,2023.1.2,59.97023074626071
Reality,TRUE,TB-Ig,D_B_D,PsychoPyStudy2Stim/D_B_D_4.png,"In REALITY, there are ZERO cubes",0,b,h,2,2,0,1,1,0,1,1,0,B,-,0,201,201,25,NA,NA,NA,NA,NA,5.0420011393725e-4,1049.0868959999643,1049.4656231000554,1049.5658146999776,1051.5657161001582,1051.9658201001585,1052.068170200102,1052.068170200102,h,1,1.4090754999779165,1053.4990314000752,1053.4990314000752,1053.4990314000752,1053.4990314000752,NA,NA,NA,NA,NA,NA,005,001,2024-10-02_15h30.09.216,PsychoPy Exp,2023.1.2,59.97023074626071
Belief,TRUE,FB-Ig,D_B_T,PsychoPyStudy2Stim/D_B_T_3.png,Adam THINKS there are ZERO cubes,0,b,h,2,1,1,1,1,0,1,0,1,B,-,0,202,202,160,NA,NA,NA,NA,NA,0.00165169988758862,1053.608473500004,1053.9823259999976,1054.0824937999714,1056.0823056001682,1056.4823869999964,1056.5847347001545,1056.5847347001545,h,1,1.3649949999526143,1057.965659999987,1057.965659999987,1057.965659999987,1057.965659999987,NA,NA,NA,NA,NA,NA,005,001,2024-10-02_15h30.09.216,PsychoPy Exp,2023.1.2,59.97023074626071
Belief,TRUE,TB-K-B,TT_B,PsychoPyStudy2Stim/TT_B_5.png,Adam THINKS there are TWO cubes,2,b,h,2,0,2,2,0,2,0,0,0,B,-,0,203,203,138,NA,NA,NA,NA,NA,0.00167690007947385,1058.0506959999911,1058.4323309001047,1058.5324681999628,1060.5324640001636,1060.932194800116,1061.0347664,1061.0347664,h,1,0.6984848999418318,1061.7489334000277,1061.7489334000277,1061.7489334000277,1061.7489334000277,NA,NA,NA,NA,NA,NA,005,001,2024-10-02_15h30.09.216,PsychoPy Exp,2023.1.2,59.97023074626071
Reality,TRUE,TB-Ig,D_B,PsychoPyStudy2Stim/D_B_4.png,"In REALITY, there are ZERO cubes",0,b,h,1,1,0,1,1,0,0,0,0,B,-,0,204,204,21,NA,NA,NA,NA,NA,7.732999511063e-4,1061.8374022999778,1062.215618400136,1062.315753800096,1064.3156026001088,1064.7157273001503,1064.8180774999782,1064.8180774999782,h,1,0.5153853001538664,1065.3489775001071,1065.3489775001071,1065.3489775001071,1065.3489775001071,NA,NA,NA,NA,NA,NA,005,001,2024-10-02_15h30.09.216,PsychoPy Exp,2023.1.2,59.97023074626071
Belief,FALSE,TB-K,D_NB,PsychoPyStudy2Stim/D_NB_3.png,Adam THINKS there are TWO cubes,2,h,b,1,1,0,1,1,0,0,0,0,NB,PropFalse,0,205,205,164,NA,NA,NA,NA,NA,0.00170410005375742,1065.4378758000676,1065.815615199972,1065.9157603001222,1067.915784999961,1068.315678599989,1068.417988399975,1068.417988399975,b,1,1.1788778000045568,1069.6154243999626,1069.6154243999626,1069.6154243999626,1069.6154243999626,NA,NA,NA,NA,NA,NA,005,001,2024-10-02_15h30.09.216,PsychoPy Exp,2023.1.2,59.97023074626071
Reality,TRUE,TB-K,D_NB,PsychoPyStudy2Stim/D_NB_2.png,"In REALITY, there are ZERO cubes",0,b,h,1,1,0,1,1,0,0,0,0,NB,-,0,206,206,1,NA,NA,NA,NA,NA,4.2410008609294e-4,1069.692244200036,1070.0655845999718,1070.1657100000884,1072.165700300131,1072.5657052001916,1072.6680746001657,1072.6680746001657,h,1,0.9608003001194448,1073.6488133000676,1073.6488133000676,1073.6488133000676,1073.6488133000676,NA,NA,NA,NA,NA,NA,005,001,2024-10-02_15h30.09.216,PsychoPy Exp,2023.1.2,59.97023074626071
Belief,FALSE,FB-Ig,T_B_T,PsychoPyStudy2Stim/T_B_T_6.png,Adam THINKS there are TWO cubes,2,h,b,2,0,2,1,0,1,1,0,1,B,PropTrueNoBelief,0,207,207,211,NA,NA,NA,NA,NA,5.8039999566972e-4,1073.7353737000376,1074.1155503999908,1074.2157468001824,1076.2155395001173,1076.6156472000291,1076.7180368001573,1076.7180368001573,b,1,2.478822600096464,1079.2154819001444,1079.2154819001444,1079.2154819001444,1079.2154819001444,NA,NA,NA,NA,NA,NA,005,001,2024-10-02_15h30.09.216,PsychoPy Exp,2023.1.2,59.97023074626071
Reality,FALSE,TB-K,TT_NB,PsychoPyStudy2Stim/TT_NB_3.png,"In REALITY, there are ZERO cubes",0,h,b,2,0,2,2,0,2,0,0,0,NB,PropFalse,0,208,208,68,NA,NA,NA,NA,NA,6.7409989424049e-4,1079.3065967999864,1079.682204700075,1079.782254599966,1081.7823558000382,1082.182270999998,1082.2845823001117,1082.2845823001117,b,1,1.2090680999681354,1083.515553900041,1083.515553900041,1083.515553900041,1083.515553900041,NA,NA,NA,NA,NA,NA,005,001,2024-10-02_15h30.09.216,PsychoPy Exp,2023.1.2,59.97023074626071
Reality,FALSE,TB-Ig,D_B_D,PsychoPyStudy2Stim/D_B_D_3.png,"In REALITY, there are TWO cubes",2,h,b,2,2,0,1,1,0,1,1,0,B,PropFalse,0,209,209,78,NA,NA,NA,NA,NA,0.00177530013024806,1083.6090681999922,1083.9821958001703,1084.0823417000938,1086.0823687000666,1086.482261999976,1086.5846751001664,1086.5846751001664,b,1,1.244123499840498,1087.8488490001764,1087.8488490001764,1087.8488490001764,1087.8488490001764,NA,NA,NA,NA,NA,NA,005,001,2024-10-02_15h30.09.216,PsychoPy Exp,2023.1.2,59.97023074626071
Reality,FALSE,FB-Ig,D_B_T,PsychoPyStudy2Stim/D_B_T_2.png,"In REALITY, there are ZERO cubes",0,h,b,2,1,1,1,1,0,1,0,1,B,PropFalse,0,210,210,105,NA,NA,NA,NA,NA,6.5709999762475e-4,1087.9411865000147,1088.3155737000052,1088.4156786000822,1090.4154845001176,1090.8156875001732,1090.917949900031,1090.917949900031,b,1,0.6874158000573516,1091.632238900056,1091.632238900056,1091.632238900056,1091.632238900056,NA,NA,NA,NA,NA,NA,005,001,2024-10-02_15h30.09.216,PsychoPy Exp,2023.1.2,59.97023074626071
Reality,FALSE,TB-K-B,TD_B,PsychoPyStudy2Stim/TD_B_5.png,"In REALITY, there are ZERO cubes",0,h,b,2,1,1,2,1,1,0,0,0,B,PropFalse,0,211,211,88,NA,NA,NA,NA,NA,0.00166380009613931,1091.7178875000682,1092.0985666001216,1092.1987080001272,1094.198788400041,1094.5989439999685,1094.7012997001875,1094.7012997001875,b,1,1.0642096002120525,1095.782084900187,1095.782084900187,1095.782084900187,1095.782084900187,NA,NA,NA,NA,NA,NA,005,001,2024-10-02_15h30.09.216,PsychoPy Exp,2023.1.2,59.97023074626071
Belief,FALSE,TB-Ig,D_B,PsychoPyStudy2Stim/D_B_1.png,Adam THINKS there is ONE cube,1,h,b,1,1,0,1,1,0,0,0,0,B,PropFalse,0,212,212,180,NA,NA,NA,NA,NA,6.26299995929e-4,1095.8881847001612,1096.2654668001924,1096.3655354001094,1098.3655189999845,1098.7656362000853,1098.8678751999978,1098.8678751999978,b,1,1.4409026999492198,1100.3319431000857,1100.3319431000857,1100.3319431000857,1100.3319431000857,NA,NA,NA,NA,NA,NA,005,001,2024-10-02_15h30.09.216,PsychoPy Exp,2023.1.2,59.97023074626071
Knowledge,TRUE,TB-K-B,DD_B,PsychoPyStudy2Stim/DD_B_4.png,Adam KNOWS there are ZERO cubes,0,b,h,2,2,0,2,2,0,0,0,0,B,-,0,213,213,237,NA,NA,NA,NA,NA,3.882001619786e-4,1100.411041600164,1100.7821257000323,1100.8822993000504,1102.8821245001163,1103.2821969999932,1103.3846001001075,1103.3846001001075,h,1,2.733032900141552,1106.148687100038,1106.148687100038,1106.148687100038,1106.148687100038,NA,NA,NA,NA,NA,NA,005,001,2024-10-02_15h30.09.216,PsychoPy Exp,2023.1.2,59.97023074626071
Belief,TRUE,TB-K,D_NB,PsychoPyStudy2Stim/D_NB_1.png,Adam THINKS there are ZERO cubes,0,b,h,1,1,0,1,1,0,0,0,0,NB,-,0,214,214,108,NA,NA,NA,NA,NA,0.00149470008909702,1106.2186551999766,1106.598779000109,1106.6989395001438,1108.6989597000647,1109.0989562000614,1109.20122659998,1109.20122659998,b,0,3.3556585998740047,1112.5821092000697,1112.5821092000697,1112.5821092000697,1112.5821092000697,NA,NA,NA,NA,NA,NA,005,001,2024-10-02_15h30.09.216,PsychoPy Exp,2023.1.2,59.97023074626071
Knowledge,FALSE,TB-K,TT_NB,PsychoPyStudy2Stim/TT_NB_2.png,Adam KNOWS there are ZERO cubes,0,h,b,2,0,2,2,0,2,0,0,0,NB,PropFalse,0,215,215,283,NA,NA,NA,NA,NA,0.00166040007025003,1112.655059600016,1113.0320764000062,1113.1322521001566,1115.132294700015,1115.532238600077,1115.634619700024,1115.634619700024,b,1,4.250049399910495,1119.91534720012,1119.91534720012,1119.91534720012,1119.91534720012,NA,NA,NA,NA,NA,NA,005,001,2024-10-02_15h30.09.216,PsychoPy Exp,2023.1.2,59.97023074626071
Knowledge,TRUE,TB-K,T_NB,PsychoPyStudy2Stim/T_NB_3.png,Adam KNOWS there is ONE cube,1,b,h,1,0,1,1,0,1,0,0,0,NB,-,0,216,216,221,NA,NA,NA,NA,NA,6.8860012106597e-4,1119.9870919999669,1120.3652764,1120.4653636000585,1122.465389400022,1122.865610399982,1122.9678033001255,1122.9678033001255,h,1,1.5251881999429315,1124.5154046001844,1124.5154046001844,1124.5154046001844,1124.5154046001844,NA,NA,NA,NA,NA,NA,005,001,2024-10-02_15h30.09.216,PsychoPy Exp,2023.1.2,59.97023074626071
Knowledge,TRUE,TB-K-B,TD_B,PsychoPyStudy2Stim/TD_B_8.png,Adam KNOWS there is ONE cube,1,b,h,2,1,1,2,1,1,0,0,0,B,-,0,217,217,265,NA,NA,NA,NA,NA,0.00165480002760887,1124.6057504001074,1124.9820427000525,1125.0821632000152,1127.082169700181,1127.4821039000526,1127.584548600018,1127.584548600018,h,1,0.597343800123781,1128.198722800007,1128.198722800007,1128.198722800007,1128.198722800007,NA,NA,NA,NA,NA,NA,005,001,2024-10-02_15h30.09.216,PsychoPy Exp,2023.1.2,59.97023074626071
Reality,FALSE,TB-K,TT_NB,PsychoPyStudy2Stim/TT_NB_2.png,"In REALITY, there are ZERO cubes",0,h,b,2,0,2,2,0,2,0,0,0,NB,PropFalse,0,218,218,67,NA,NA,NA,NA,NA,0.0016412001568824,1128.287224800093,1128.665346099995,1128.7655287000816,1130.7653255001642,1131.165469800122,1131.2677522001322,1131.2677522001322,b,1,0.8173366999253631,1132.1151030000765,1132.1151030000765,1132.1151030000765,1132.1151030000765,NA,NA,NA,NA,NA,NA,005,001,2024-10-02_15h30.09.216,PsychoPy Exp,2023.1.2,59.97023074626071
Knowledge,TRUE,TB-K-B,DD_B,PsychoPyStudy2Stim/DD_B_12.png,Adam KNOWS there are ZERO cubes,0,b,h,2,2,0,2,2,0,0,0,0,B,-,0,219,219,245,NA,NA,NA,NA,NA,4.0369993075728e-4,1132.1979094001,1132.581983900163,1132.6822015000507,1134.682152000023,1135.0820748000406,1135.1844663000666,1135.1844663000666,h,1,2.428471100050956,1137.6318898000754,1137.6318898000754,1137.6318898000754,1137.6318898000754,NA,NA,NA,NA,NA,NA,005,001,2024-10-02_15h30.09.216,PsychoPy Exp,2023.1.2,59.97023074626071
Reality,FALSE,TB-K,T_NB,PsychoPyStudy2Stim/T_NB_2.png,"In REALITY, there are TWO cubes",2,h,b,1,0,1,1,0,1,0,0,0,NB,PropFalse,0,220,220,58,NA,NA,NA,NA,NA,0.00172579986974596,1137.7013479999732,1138.0819943000097,1138.1820676999632,1140.1821401000489,1140.5819749999791,1140.6844826000745,1140.6844826000745,b,1,1.336394299985841,1142.0486014999915,1142.0486014999915,1142.0486014999915,1142.0486014999915,NA,NA,NA,NA,NA,NA,005,001,2024-10-02_15h30.09.216,PsychoPy Exp,2023.1.2,59.97023074626071
Reality,TRUE,TB-K-B,TD_B,PsychoPyStudy2Stim/TD_B_9.png,"In REALITY, there is ONE cube",1,b,h,2,1,1,2,1,1,0,0,0,B,-,0,221,221,37,NA,NA,NA,NA,NA,0.00132740009576082,1142.1431387001649,1142.5153143999632,1142.6154230001848,1144.615378400078,1145.0153417000547,1145.1177499999758,1145.1177499999758,h,1,0.838727000169456,1145.9816401000137,1145.9816401000137,1145.9816401000137,1145.9816401000137,NA,NA,NA,NA,NA,NA,005,001,2024-10-02_15h30.09.216,PsychoPy Exp,2023.1.2,59.97023074626071
Knowledge,FALSE,TB-K,TT_NB,PsychoPyStudy2Stim/TT_NB_4.png,Adam KNOWS there is ONE cube,1,h,b,2,0,2,2,0,2,0,0,0,NB,PropFalse,0,222,222,285,NA,NA,NA,NA,NA,4.0480005554854e-4,1146.052777200006,1146.4320072000846,1146.5320968001615,1148.531902299961,1148.9319813000038,1149.034518999979,1149.034518999979,b,1,0.75424600020051,1149.81530570006,1149.81530570006,1149.81530570006,1149.81530570006,NA,NA,NA,NA,NA,NA,005,001,2024-10-02_15h30.09.216,PsychoPy Exp,2023.1.2,59.97023074626071
Knowledge,TRUE,TB-K-B,TT_B,PsychoPyStudy2Stim/TT_B_13.png,Adam KNOWS there are TWO cubes,2,b,h,2,0,2,2,0,2,0,0,0,B,-,0,223,223,246,NA,NA,NA,NA,NA,0.00327139999717474,1149.927959700115,1150.2986304000951,1150.398759000003,1152.3986140000634,1152.7986870000605,1152.9010475999676,1152.9010475999676,h,1,0.6959007000550628,1153.6153853000142,1153.6153853000142,1153.6153853000142,1153.6153853000142,NA,NA,NA,NA,NA,NA,005,001,2024-10-02_15h30.09.216,PsychoPy Exp,2023.1.2,59.97023074626071
Reality,FALSE,TB-Ig,D_B,PsychoPyStudy2Stim/D_B_3.png,"In REALITY, there are TWO cubes",2,h,b,1,1,0,1,1,0,0,0,0,B,PropFalse,0,224,224,74,NA,NA,NA,NA,NA,0.00168300000950694,1153.7171398999635,1154.098654099973,1154.1987499999814,1156.198756000027,1156.5986296001356,1156.7009314000609,1156.7009314000609,b,1,1.1520178001374006,1157.8817714999896,1157.8817714999896,1157.8817714999896,1157.8817714999896,NA,NA,NA,NA,NA,NA,005,001,2024-10-02_15h30.09.216,PsychoPy Exp,2023.1.2,59.97023074626071
Belief,FALSE,TB-K,TT_NB,PsychoPyStudy2Stim/TT_NB_6.png,Adam THINKS there is ONE cube,1,h,b,2,0,2,2,0,2,0,0,0,NB,PropFalse,0,225,225,179,NA,NA,NA,NA,NA,3.7269992753863e-4,1157.96526730014,1158.348585900152,1158.4487423000392,1160.448745300062,1160.8487283000725,1160.9509718001354,1160.9509718001354,b,1,4.293750499840826,1165.2651914001908,1165.2651914001908,1165.2651914001908,1165.2651914001908,NA,NA,NA,NA,NA,NA,005,001,2024-10-02_15h30.09.216,PsychoPy Exp,2023.1.2,59.97023074626071
Knowledge,FALSE,FB-Ig,T_B_T,PsychoPyStudy2Stim/T_B_T_6.png,Adam KNOWS there are TWO cubes,2,h,b,2,0,2,1,0,1,1,0,1,B,PropTrueNoKnowledge,0,226,226,317,NA,NA,NA,NA,NA,0.0014591000508517,1165.3522586000618,1165.731894999975,1165.8320592001546,1167.8319062001538,1168.2320302000735,1168.3343824001497,1168.3343824001497,b,1,0.7024753999430686,1169.0649018001277,1169.0649018001277,1169.0649018001277,1169.0649018001277,NA,NA,NA,NA,NA,NA,005,001,2024-10-02_15h30.09.216,PsychoPy Exp,2023.1.2,59.97023074626071
Knowledge,FALSE,TB-K,T_NB,PsychoPyStudy2Stim/T_NB_3.png,Adam KNOWS there are TWO cubes,2,h,b,1,0,1,1,0,1,0,0,0,NB,PropFalse,0,227,227,275,NA,NA,NA,NA,NA,3.8979994133114e-4,1169.1331569000613,1169.5151680000126,1169.615359200165,1171.615375100169,1172.0153326001018,1172.117672200082,1172.117672200082,b,1,0.9271362000145018,1173.0652179999745,1173.0652179999745,1173.0652179999745,1173.0652179999745,NA,NA,NA,NA,NA,NA,005,001,2024-10-02_15h30.09.216,PsychoPy Exp,2023.1.2,59.97023074626071
Reality,TRUE,FB-Ig,T_B_T,PsychoPyStudy2Stim/T_B_T_1.png,"In REALITY, there are TWO cubes",2,b,h,2,0,2,1,0,1,1,0,1,B,-,0,228,228,38,NA,NA,NA,NA,NA,0.00174760003574192,1173.1516793000046,1173.531845800113,1173.631991900038,1175.6319993000943,1176.0319829001091,1176.1342754000798,1176.1342754000798,h,1,1.9902753001078963,1178.1484942999668,1178.1484942999668,1178.1484942999668,1178.1484942999668,NA,NA,NA,NA,NA,NA,005,001,2024-10-02_15h30.09.216,PsychoPy Exp,2023.1.2,59.97023074626071
Knowledge,FALSE,TB-Ig,D_B_D,PsychoPyStudy2Stim/D_B_D_1.png,Adam KNOWS there are ZERO cubes,0,h,b,2,2,0,1,1,0,1,1,0,B,PropTrueNoKnowledge,0,229,229,292,NA,NA,NA,NA,NA,0.00112539995461702,1178.238596700132,1178.615190600045,1178.7153186001815,1180.715181000065,1181.1152745999862,1181.2176294999665,1181.2176294999665,b,1,1.9790157000534236,1183.215124099981,1183.215124099981,1183.215124099981,1183.215124099981,NA,NA,NA,NA,NA,NA,005,001,2024-10-02_15h30.09.216,PsychoPy Exp,2023.1.2,59.97023074626071
Reality,FALSE,TB-K,D_NB,PsychoPyStudy2Stim/D_NB_3.png,"In REALITY, there are TWO cubes",2,h,b,1,1,0,1,1,0,0,0,0,NB,PropFalse,0,230,230,56,NA,NA,NA,NA,NA,0.0011245000641793,1183.304830700159,1183.6817906000651,1183.78192400001,1185.7817597000394,1186.181866100058,1186.2840778001118,1186.2840778001118,b,1,0.9847051000688224,1187.2984389001504,1187.2984389001504,1187.2984389001504,1187.2984389001504,NA,NA,NA,NA,NA,NA,005,001,2024-10-02_15h30.09.216,PsychoPy Exp,2023.1.2,59.97023074626071
Reality,FALSE,TB-K,D_NB,PsychoPyStudy2Stim/D_NB_1.png,"In REALITY, there is ONE cube",1,h,b,1,1,0,1,1,0,0,0,0,NB,PropFalse,0,231,231,54,NA,NA,NA,NA,NA,0.00151739991270005,1187.3728075001854,1187.7484280001372,1187.8486574999988,1189.848432300147,1190.2485770001076,1190.350895400159,1190.350895400159,b,1,1.133530299877748,1191.5151098000351,1191.5151098000351,1191.5151098000351,1191.5151098000351,NA,NA,NA,NA,NA,NA,005,001,2024-10-02_15h30.09.216,PsychoPy Exp,2023.1.2,59.97023074626071
Reality,TRUE,FB-Ig,T_B_T,PsychoPyStudy2Stim/T_B_T_6.png,"In REALITY, there are TWO cubes",2,b,h,2,0,2,1,0,1,1,0,1,B,-,0,232,232,49,NA,NA,NA,NA,NA,7.8170001506805e-4,1191.6148773999885,1191.9985146999825,1192.0986232000869,1194.0984073001891,1194.4985820001457,1194.6008971000556,1194.6008971000556,h,1,1.5558160999789834,1196.1818617000245,1196.1818617000245,1196.1818617000245,1196.1818617000245,NA,NA,NA,NA,NA,NA,005,001,2024-10-02_15h30.09.216,PsychoPy Exp,2023.1.2,59.97023074626071
Knowledge,FALSE,FB-Ig,D_B_T,PsychoPyStudy2Stim/D_B_T_3.png,Adam KNOWS there are ZERO cubes,0,h,b,2,1,1,1,1,0,1,0,1,B,PropFalse,0,233,233,323,NA,NA,NA,NA,NA,0.00166059983894228,1196.2770424999762,1196.6484213999938,1196.748406900093,1198.7485658000223,1199.148577200016,1199.250941100065,1199.250941100065,b,1,2.961822699988261,1202.2316382999998,1202.2316382999998,1202.2316382999998,1202.2316382999998,NA,NA,NA,NA,NA,NA,005,001,2024-10-02_15h30.09.216,PsychoPy Exp,2023.1.2,59.97023074626071
Knowledge,FALSE,TB-K,DD_NB,PsychoPyStudy2Stim/DD_NB_1.png,Adam KNOWS there is ONE cube,1,h,b,2,2,0,2,2,0,0,0,0,NB,PropFalse,0,234,234,276,NA,NA,NA,NA,NA,0.00165780005045235,1202.3029832001776,1202.6817446001803,1202.7819265001451,1204.7816318001132,1205.181744800182,1205.2841837999877,1205.2841837999877,b,1,0.6649465998634696,1205.9651194000617,1205.9651194000617,1205.9651194000617,1205.9651194000617,NA,NA,NA,NA,NA,NA,005,001,2024-10-02_15h30.09.216,PsychoPy Exp,2023.1.2,59.97023074626071
Reality,FALSE,TB-K-B,TD_B,PsychoPyStudy2Stim/TD_B_1.png,"In REALITY, there are ZERO cubes",0,h,b,2,1,1,2,1,1,0,0,0,B,PropFalse,0,235,235,84,NA,NA,NA,NA,NA,0.00168380001559853,1206.0554606001824,1206.4314455999993,1206.5315648000687,1208.531687100185,1208.931928800186,1209.034185100114,1209.034185100114,b,1,0.7224514000117779,1209.781663400121,1209.781663400121,1209.781663400121,1209.781663400121,NA,NA,NA,NA,NA,NA,005,001,2024-10-02_15h30.09.216,PsychoPy Exp,2023.1.2,59.97023074626071
Knowledge,FALSE,TB-Ig,D_B,PsychoPyStudy2Stim/D_B_2.png,Adam KNOWS there are ZERO cubes,0,h,b,1,1,0,1,1,0,0,0,0,B,PropTrueNoKnowledge,0,236,236,289,NA,NA,NA,NA,NA,0.0015524998307228,1209.8723067999815,1210.2484132000243,1210.348568300018,1212.3483782999683,1212.748532500118,1212.850866400171,1212.850866400171,b,1,2.281995200086385,1215.1483931001276,1215.1483931001276,1215.1483931001276,1215.1483931001276,NA,NA,NA,NA,NA,NA,005,001,2024-10-02_15h30.09.216,PsychoPy Exp,2023.1.2,59.97023074626071
Belief,FALSE,TB-K,D_NB,PsychoPyStudy2Stim/D_NB_1.png,Adam THINKS there is ONE cube,1,h,b,1,1,0,1,1,0,0,0,0,NB,PropFalse,0,237,237,162,NA,NA,NA,NA,NA,0.00170570006594061,1215.2285557000432,1215.5983651001006,1215.698530800175,1217.6981584001333,1218.098572000163,1218.2008038000204,1218.2008038000204,b,1,2.883661599829793,1221.1149705001153,1221.1149705001153,1221.1149705001153,1221.1149705001153,NA,NA,NA,NA,NA,NA,005,001,2024-10-02_15h30.09.216,PsychoPy Exp,2023.1.2,59.97023074626071
Belief,FALSE,TB-K,DD_NB,PsychoPyStudy2Stim/DD_NB_2.png,Adam THINKS there are TWO cubes,2,h,b,2,2,0,2,2,0,0,0,0,NB,PropFalse,0,238,238,169,NA,NA,NA,NA,NA,0.00166300009004771,1221.2162967000622,1221.598108800128,1221.6985405001324,1223.698522000108,1224.0983037999831,1224.200968600111,1224.200968600111,b,1,1.019412999972701,1225.248139000032,1225.248139000032,1225.248139000032,1225.248139000032,NA,NA,NA,NA,NA,NA,005,001,2024-10-02_15h30.09.216,PsychoPy Exp,2023.1.2,59.97023074626071
Belief,TRUE,FB-Ig,T_B_T,PsychoPyStudy2Stim/T_B_T_1.png,Adam THINKS there is ONE cube,1,b,h,2,0,2,1,0,1,1,0,1,B,-,0,239,239,152,NA,NA,NA,NA,NA,3.9090006612241e-4,1225.3261317000724,1225.6981298001483,1225.7983184000475,1227.7985855999868,1228.1984795001335,1228.300746400142,1228.300746400142,h,1,1.248254399979487,1229.5650089001283,1229.5650089001283,1229.5650089001283,1229.5650089001283,NA,NA,NA,NA,NA,NA,005,001,2024-10-02_15h30.09.216,PsychoPy Exp,2023.1.2,59.97023074626071
Belief,TRUE,TB-K,TD_NB,PsychoPyStudy2Stim/TD_NB_1.png,Adam THINKS there is ONE cube,1,b,h,2,1,1,2,1,1,0,0,0,NB,-,0,240,240,117,NA,NA,NA,NA,NA,0.00169369997456669,1229.658833499998,1230.0316582000814,1230.1318246000446,1232.1318681000266,1232.5317717001308,1232.6340863001533,1232.6340863001533,h,1,0.7224314999766648,1233.3815784000326,1233.3815784000326,1233.3815784000326,1233.3815784000326,NA,NA,NA,NA,NA,NA,005,001,2024-10-02_15h30.09.216,PsychoPy Exp,2023.1.2,59.97023074626071
Belief,FALSE,FB-Ig,T_B_T,PsychoPyStudy2Stim/T_B_T_1.png,Adam THINKS there are TWO cubes,2,h,b,2,0,2,1,0,1,1,0,1,B,PropTrueNoBelief,0,241,241,200,NA,NA,NA,NA,NA,0.00145680014975368,1233.4685259000398,1233.848296900047,1233.9481954001822,1235.9484376001635,1236.348434300162,1236.4505723000038,1236.4505723000038,b,1,1.2580252001062036,1237.7316585001536,1237.7316585001536,1237.7316585001536,1237.7316585001536,NA,NA,NA,NA,NA,NA,005,001,2024-10-02_15h30.09.216,PsychoPy Exp,2023.1.2,59.97023074626071
Knowledge,FALSE,FB-Ig,T_B_T,PsychoPyStudy2Stim/T_B_T_5.png,Adam KNOWS there is ONE cube,1,h,b,2,0,2,1,0,1,1,0,1,B,PropFalse,0,242,242,304,NA,NA,NA,NA,NA,0.00164819997735321,1237.8079705999698,1238.1816476001404,1238.28180350014,1240.2817534001078,1240.6816186001524,1240.7839802000672,1240.7839802000672,h,0,2.3882581000216305,1243.2011164000724,NA,1243.2011164000724,NA,space,3.9476838000118737,NA,NA,NA,NA,005,001,2024-10-02_15h30.09.216,PsychoPy Exp,2023.1.2,59.97023074626071
Reality,TRUE,FB-Ig,T_B_T,PsychoPyStudy2Stim/T_B_T_5.png,"In REALITY, there are TWO cubes",2,b,h,2,0,2,1,0,1,1,0,1,B,-,0,243,243,48,NA,NA,NA,NA,NA,0.00168730015866458,1247.2582498001866,1247.631553400075,1247.73171130009,1249.7317570000887,1250.1316813000012,1250.2343870999755,1250.2343870999755,h,1,1.1381286999676377,1251.3982965000905,1251.3982965000905,1251.3982965000905,1251.3982965000905,NA,NA,NA,NA,NA,NA,005,001,2024-10-02_15h30.09.216,PsychoPy Exp,2023.1.2,59.97023074626071
Knowledge,FALSE,FB-Ig,T_B_T,PsychoPyStudy2Stim/T_B_T_3.png,Adam KNOWS there is ONE cube,1,h,b,2,0,2,1,0,1,1,0,1,B,PropFalse,0,244,244,302,NA,NA,NA,NA,NA,0.00166290020570158,1251.4893855000846,1251.8649236999918,1251.9650799999945,1253.965005400125,1254.3648763000965,1254.467327099992,1254.467327099992,b,1,13.953179099829867,1268.4481769001577,1268.4481769001577,1268.4481769001577,1268.4481769001577,NA,NA,NA,NA,NA,NA,005,001,2024-10-02_15h30.09.216,PsychoPy Exp,2023.1.2,59.97023074626071
Reality,TRUE,FB-Ig,T_B_T,PsychoPyStudy2Stim/T_B_T_4.png,"In REALITY, there are TWO cubes",2,b,h,2,0,2,1,0,1,1,0,1,B,-,0,245,245,47,NA,NA,NA,NA,NA,0.00166639988310635,1268.542358400067,1268.9148584001232,1269.0147991999984,1271.0147925000638,1271.4148351000622,1271.5172260000836,1271.5172260000836,h,1,0.5668904001358896,1272.114752700087,1272.114752700087,1272.114752700087,1272.114752700087,NA,NA,NA,NA,NA,NA,005,001,2024-10-02_15h30.09.216,PsychoPy Exp,2023.1.2,59.97023074626071
Belief,TRUE,FB-Ig,T_B_T,PsychoPyStudy2Stim/T_B_T_2.png,Adam THINKS there is ONE cube,1,b,h,2,0,2,1,0,1,1,0,1,B,-,0,246,246,153,NA,NA,NA,NA,NA,9.1850012540817e-4,1272.2071678000502,1272.5813655999957,1272.6815170999616,1274.6814344001468,1275.0816212999634,1275.184034800157,1275.184034800157,h,1,0.8841133001260459,1276.0980064000469,1276.0980064000469,1276.0980064000469,1276.0980064000469,NA,NA,NA,NA,NA,NA,005,001,2024-10-02_15h30.09.216,PsychoPy Exp,2023.1.2,59.97023074626071
Reality,FALSE,TB-K,T_NB,PsychoPyStudy2Stim/T_NB_1.png,"In REALITY, there are ZERO cubes",0,h,b,1,0,1,1,0,1,0,0,0,NB,PropFalse,0,247,247,57,NA,NA,NA,NA,NA,3.8350000977516e-4,1276.1671135001816,1276.5481159000192,1276.6482836001087,1278.648302400019,1279.0482213001233,1279.1505697001703,1279.1505697001703,b,1,2.789464599918574,1281.9645575000905,1281.9645575000905,1281.9645575000905,1281.9645575000905,NA,NA,NA,NA,NA,NA,005,001,2024-10-02_15h30.09.216,PsychoPy Exp,2023.1.2,59.97023074626071
Knowledge,FALSE,FB-Ig,T_B_T,PsychoPyStudy2Stim/T_B_T_1.png,Adam KNOWS there are TWO cubes,2,h,b,2,0,2,1,0,1,1,0,1,B,PropTrueNoKnowledge,0,248,248,312,NA,NA,NA,NA,NA,4.348000511527e-4,1282.0422714999877,1282.414760699961,1282.5149305001833,1284.5149096001403,1284.9148940001614,1285.0172496000305,1285.0172496000305,b,1,3.3711769999936223,1288.4145914001856,1288.4145914001856,1288.4145914001856,1288.4145914001856,NA,NA,NA,NA,NA,NA,005,001,2024-10-02_15h30.09.216,PsychoPy Exp,2023.1.2,59.97023074626071
Belief,TRUE,TB-K-B,TT_B,PsychoPyStudy2Stim/TT_B_3.png,Adam THINKS there are TWO cubes,2,b,h,2,0,2,2,0,2,0,0,0,B,-,0,249,249,136,NA,NA,NA,NA,NA,3.7429993972182e-4,1288.498192399973,1288.881264799973,1288.9815413001925,1290.9814551000018,1291.381435400108,1291.4838131000288,1291.4838131000288,h,1,0.7922578998841345,1292.2980092000216,1292.2980092000216,1292.2980092000216,1292.2980092000216,NA,NA,NA,NA,NA,NA,005,001,2024-10-02_15h30.09.216,PsychoPy Exp,2023.1.2,59.97023074626071
Belief,TRUE,TB-Ig,D_B,PsychoPyStudy2Stim/D_B_2.png,Adam THINKS there are ZERO cubes,0,b,h,1,1,0,1,1,0,0,0,0,B,-,0,250,250,127,NA,NA,NA,NA,NA,6.0320016928017e-4,1292.3855336001145,1292.7647526001092,1292.8647152001504,1294.864882600028,1295.264912800165,1295.3671687000897,1295.3671687000897,h,1,1.7816209001466632,1297.1647185001057,1297.1647185001057,1297.1647185001057,1297.1647185001057,NA,NA,NA,NA,NA,NA,005,001,2024-10-02_15h30.09.216,PsychoPy Exp,2023.1.2,59.97023074626071
Reality,TRUE,TB-K,T_NB,PsychoPyStudy2Stim/T_NB_1.png,"In REALITY, there is ONE cube",1,b,h,1,0,1,1,0,1,0,0,0,NB,-,0,251,251,3,NA,NA,NA,NA,NA,0.00165830017067492,1297.258201500168,1297.631361000007,1297.7315118000845,1299.7314859000037,1300.1313481000252,1300.2338176001797,1300.2338176001797,h,1,0.6025606000330299,1300.8647614000363,1300.8647614000363,1300.8647614000363,1300.8647614000363,NA,NA,NA,NA,NA,NA,005,001,2024-10-02_15h30.09.216,PsychoPy Exp,2023.1.2,59.97023074626071
Knowledge,TRUE,TB-K-B,TT_B,PsychoPyStudy2Stim/TT_B_14.png,Adam KNOWS there are TWO cubes,2,b,h,2,0,2,2,0,2,0,0,0,B,-,0,252,252,247,NA,NA,NA,NA,NA,0.00164829986169934,1300.9581383999905,1301.3313933999743,1301.4315693001265,1303.431495100027,1303.8314557000997,1303.9337601000443,1303.9337601000443,h,1,0.9664072999730706,1304.9311727001332,1304.9311727001332,1304.9311727001332,1304.9311727001332,NA,NA,NA,NA,NA,NA,005,001,2024-10-02_15h30.09.216,PsychoPy Exp,2023.1.2,59.97023074626071
Belief,FALSE,TB-K,TT_NB,PsychoPyStudy2Stim/TT_NB_5.png,Adam THINKS there is ONE cube,1,h,b,2,0,2,2,0,2,0,0,0,NB,PropFalse,0,253,253,178,NA,NA,NA,NA,NA,5.7099992409348e-4,1305.005691200029,1305.3812623000704,1305.4814878001343,1307.4815364000387,1307.8813914000057,1307.9838893001431,1307.9838893001431,b,1,0.836305599892512,1308.8479303000497,1308.8479303000497,1308.8479303000497,1308.8479303000497,NA,NA,NA,NA,NA,NA,005,001,2024-10-02_15h30.09.216,PsychoPy Exp,2023.1.2,59.97023074626071
Reality,FALSE,TB-K-B,DD_B,PsychoPyStudy2Stim/DD_B_16.png,"In REALITY, there are TWO cubes",2,h,b,2,2,0,2,2,0,0,0,0,B,PropFalse,0,254,254,83,NA,NA,NA,NA,NA,0.00169870001263916,1308.9172867999878,1309.29801210016,1309.3981302001048,1311.3979708000552,1311.79819640005,1311.9004582001362,1311.9004582001362,b,1,0.5915246999356896,1312.5144871000666,1312.5144871000666,1312.5144871000666,1312.5144871000666,NA,NA,NA,NA,NA,NA,005,001,2024-10-02_15h30.09.216,PsychoPy Exp,2023.1.2,59.97023074626071
Knowledge,TRUE,TB-K-B,DD_B,PsychoPyStudy2Stim/DD_B_7.png,Adam KNOWS there are ZERO cubes,0,b,h,2,2,0,2,2,0,0,0,0,B,-,0,255,255,240,NA,NA,NA,NA,NA,5.8440002612769e-4,1312.593245800119,1312.9646332000848,1313.0648237999994,1315.0648128001485,1315.464751500171,1315.5670006000437,1315.5670006000437,b,0,0.8141574000474066,1316.3976871001069,1316.3976871001069,1316.3976871001069,1316.3976871001069,NA,NA,NA,NA,NA,NA,005,001,2024-10-02_15h30.09.216,PsychoPy Exp,2023.1.2,59.97023074626071
Knowledge,TRUE,TB-K-B,TD_B,PsychoPyStudy2Stim/TD_B_11.png,Adam KNOWS there is ONE cube,1,b,h,2,1,1,2,1,1,0,0,0,B,-,0,256,256,268,NA,NA,NA,NA,NA,3.7989998236298e-4,1316.466641300125,1316.847823300166,1316.9479416999966,1318.9481218999715,1319.34813700011,1319.4503536000848,1319.4503536000848,h,1,4.689924800070003,1324.164658700116,1324.164658700116,1324.164658700116,1324.164658700116,NA,NA,NA,NA,NA,NA,005,001,2024-10-02_15h30.09.216,PsychoPy Exp,2023.1.2,59.97023074626071
Belief,TRUE,TB-K-B,TT_B,PsychoPyStudy2Stim/TT_B_11.png,Adam THINKS there are TWO cubes,2,b,h,2,0,2,2,0,2,0,0,0,B,-,0,257,257,144,NA,NA,NA,NA,NA,0.00171350012533366,1324.2737261999864,1324.647860400146,1324.7480874001049,1326.7480838000774,1327.1478656001857,1327.2509632001163,1327.2509632001163,h,1,2.88165200012736,1330.1480199000798,1330.1480199000798,1330.1480199000798,1330.1480199000798,NA,NA,NA,NA,NA,NA,005,001,2024-10-02_15h30.09.216,PsychoPy Exp,2023.1.2,59.97023074626071
Reality,TRUE,FB-Ig,T_B_T,PsychoPyStudy2Stim/T_B_T_3.png,"In REALITY, there are TWO cubes",2,b,h,2,0,2,1,0,1,1,0,1,B,-,0,258,258,40,NA,NA,NA,NA,NA,0.00171729992143809,1330.24242650019,1330.614529600134,1330.7147319000214,1332.7145597999915,1333.114766899962,1333.216958800098,1333.216958800098,h,1,1.594994799932465,1334.831099400064,1334.831099400064,1334.831099400064,1334.831099400064,NA,NA,NA,NA,NA,NA,005,001,2024-10-02_15h30.09.216,PsychoPy Exp,2023.1.2,59.97023074626071
Knowledge,FALSE,FB-Ig,D_B_T,PsychoPyStudy2Stim/D_B_T_4.png,Adam KNOWS there is ONE cube,1,h,b,2,1,1,1,1,0,1,0,1,B,PropTrueNoKnowledge,0,259,259,321,NA,NA,NA,NA,NA,4.3399981223046e-4,1334.9111866999883,1335.2812423000578,1335.3813701001927,1337.3812852001283,1337.7812227001414,1337.883552600164,1337.883552600164,b,1,2.4329027000349015,1340.331259000115,1340.331259000115,1340.331259000115,1340.331259000115,NA,NA,NA,NA,NA,NA,005,001,2024-10-02_15h30.09.216,PsychoPy Exp,2023.1.2,59.97023074626071
Knowledge,TRUE,TB-K-B,TT_B,PsychoPyStudy2Stim/TT_B_23.png,Adam KNOWS there are TWO cubes,2,b,h,2,0,2,2,0,2,0,0,0,B,-,0,260,260,256,NA,NA,NA,NA,NA,0.00171820004470646,1340.412419400178,1340.7978956999723,1340.897908900166,1342.8980533001013,1343.2980076000094,1343.4003731000705,1343.4003731000705,h,1,0.843519699992612,1344.2644116000738,1344.2644116000738,1344.2644116000738,1344.2644116000738,NA,NA,NA,NA,NA,NA,005,001,2024-10-02_15h30.09.216,PsychoPy Exp,2023.1.2,59.97023074626071
Reality,FALSE,TB-K,DD_NB,PsychoPyStudy2Stim/DD_NB_3.png,"In REALITY, there are TWO cubes",2,h,b,2,2,0,2,2,0,0,0,0,NB,PropFalse,0,261,261,62,NA,NA,NA,NA,NA,5.3630000911653e-4,1344.346232800046,1344.7311935999896,1344.831382200122,1346.8311913001817,1347.2311428000685,1347.3338056001812,1347.3338056001812,b,1,1.1023168000392616,1348.4644450000487,1348.4644450000487,1348.4644450000487,1348.4644450000487,NA,NA,NA,NA,NA,NA,005,001,2024-10-02_15h30.09.216,PsychoPy Exp,2023.1.2,59.97023074626071
Belief,TRUE,TB-K-B,TT_B,PsychoPyStudy2Stim/TT_B_9.png,Adam THINKS there are TWO cubes,2,b,h,2,0,2,2,0,2,0,0,0,B,-,0,262,262,142,NA,NA,NA,NA,NA,0.00175420008599758,1348.538118300028,1348.9145365001168,1349.0146999000572,1351.0146990001667,1351.4146096999757,1351.5169832000977,1351.5169832000977,h,1,2.406918399967253,1353.9477917000186,1353.9477917000186,1353.9477917000186,1353.9477917000186,NA,NA,NA,NA,NA,NA,005,001,2024-10-02_15h30.09.216,PsychoPy Exp,2023.1.2,59.97023074626071
Reality,TRUE,FB-Ig,D_B_T,PsychoPyStudy2Stim/D_B_T_4.png,"In REALITY, there is ONE cube",1,b,h,2,1,1,1,1,0,1,0,1,B,-,0,263,263,53,NA,NA,NA,NA,NA,7.6709990389645e-4,1354.0414609999862,1354.414490000112,1354.5144378000405,1356.5146383000538,1356.914321700111,1357.0169909000397,1357.0169909000397,h,1,1.563999200006947,1358.5978505001403,1358.5978505001403,1358.5978505001403,1358.5978505001403,NA,NA,NA,NA,NA,NA,005,001,2024-10-02_15h30.09.216,PsychoPy Exp,2023.1.2,59.97023074626071
Belief,TRUE,TB-K-B,TT_B,PsychoPyStudy2Stim/TT_B_10.png,Adam THINKS there are TWO cubes,2,b,h,2,0,2,2,0,2,0,0,0,B,-,0,264,264,143,NA,NA,NA,NA,NA,0.00166249996982514,1358.6863345999736,1359.064523600042,1359.1646444001235,1361.1644318001345,1361.5645936999936,1361.6670145001262,1361.6670145001262,h,1,1.0815224000252783,1362.7643898001406,1362.7643898001406,1362.7643898001406,1362.7643898001406,NA,NA,NA,NA,NA,NA,005,001,2024-10-02_15h30.09.216,PsychoPy Exp,2023.1.2,59.97023074626071
Knowledge,FALSE,TB-Ig,D_B,PsychoPyStudy2Stim/D_B_1.png,Adam KNOWS there are ZERO cubes,0,h,b,1,1,0,1,1,0,0,0,0,B,PropTrueNoKnowledge,0,265,265,288,NA,NA,NA,NA,NA,0.00173079990781843,1362.8361144000664,1363.2145210001618,1363.314654600108,1365.3146113001276,1365.7146187000908,1365.816999100149,1365.816999100149,b,1,2.748090400127694,1368.5809859000146,1368.5809859000146,1368.5809859000146,1368.5809859000146,NA,NA,NA,NA,NA,NA,005,001,2024-10-02_15h30.09.216,PsychoPy Exp,2023.1.2,59.97023074626071
Reality,FALSE,TB-K,D_NB,PsychoPyStudy2Stim/D_NB_2.png,"In REALITY, there is ONE cube",1,h,b,1,1,0,1,1,0,0,0,0,NB,PropFalse,0,266,266,55,NA,NA,NA,NA,NA,3.9009982720017e-4,1368.6511617000217,1369.031069500139,1369.1312216001097,1371.131230900064,1371.5311769000257,1371.6335711001884,1371.6335711001884,b,1,0.9313149000518024,1372.5811580000443,1372.5811580000443,1372.5811580000443,1372.5811580000443,NA,NA,NA,NA,NA,NA,005,001,2024-10-02_15h30.09.216,PsychoPy Exp,2023.1.2,59.97023074626071
Knowledge,FALSE,TB-K,TD_NB,PsychoPyStudy2Stim/TD_NB_2.png,Adam KNOWS there are ZERO cubes,0,h,b,2,1,1,2,1,1,0,0,0,NB,PropFalse,0,267,267,280,NA,NA,NA,NA,NA,0.00165739981457591,1372.6517794001848,1373.0310754000675,1373.131261800183,1375.1312373999972,1375.531202699989,1375.6336422001475,1375.6336422001475,b,1,2.922438899986446,1378.5811262000352,1378.5811262000352,1378.5811262000352,1378.5811262000352,NA,NA,NA,NA,NA,NA,005,001,2024-10-02_15h30.09.216,PsychoPy Exp,2023.1.2,59.97023074626071
Reality,TRUE,FB-Ig,T_B_T,PsychoPyStudy2Stim/T_B_T_2.png,"In REALITY, there are TWO cubes",2,b,h,2,0,2,1,0,1,1,0,1,B,-,0,268,268,45,NA,NA,NA,NA,NA,0.00166469998657703,1378.671872700099,1379.0477214001585,1379.1477709000465,1381.1478403001092,1381.5478753000498,1381.6502398999874,1381.6502398999874,h,1,1.2658202000893652,1382.947525100084,1382.947525100084,1382.947525100084,1382.947525100084,NA,NA,NA,NA,NA,NA,005,001,2024-10-02_15h30.09.216,PsychoPy Exp,2023.1.2,59.97023074626071
Reality,FALSE,FB-Ig,T_B_T,PsychoPyStudy2Stim/T_B_T_4.png,"In REALITY, there is ONE cube",1,h,b,2,0,2,1,0,1,1,0,1,B,PropFalse,0,269,269,101,NA,NA,NA,NA,NA,5.75200188905e-4,1383.0360830000136,1383.4144413999747,1383.514549100073,1385.5145400001202,1385.9144386001865,1386.0167346000671,1386.0167346000671,b,1,0.8111668999772519,1386.8476718000602,1386.8476718000602,1386.8476718000602,1386.8476718000602,NA,NA,NA,NA,NA,NA,005,001,2024-10-02_15h30.09.216,PsychoPy Exp,2023.1.2,59.97023074626071
Belief,TRUE,FB-Ig,T_B_T,PsychoPyStudy2Stim/T_B_T_3.png,Adam THINKS there is ONE cube,1,b,h,2,0,2,1,0,1,1,0,1,B,-,0,270,270,154,NA,NA,NA,NA,NA,0.001521100057289,1386.9383200001903,1387.3143517000135,1387.4145254001487,1389.4145184000954,1389.8145251001697,1389.9167834001128,1389.9167834001128,h,1,1.423297599889338,1391.3644260000435,1391.3644260000435,1391.3644260000435,1391.3644260000435,NA,NA,NA,NA,NA,NA,005,001,2024-10-02_15h30.09.216,PsychoPy Exp,2023.1.2,59.97023074626071
Knowledge,TRUE,TB-K-B,DD_B,PsychoPyStudy2Stim/DD_B_5.png,Adam KNOWS there are ZERO cubes,0,b,h,2,2,0,2,2,0,0,0,0,B,-,0,271,271,238,NA,NA,NA,NA,NA,0.00164840021170675,1391.4764982999768,1391.847672900185,1391.9478502999991,1393.9478357001208,1394.3478535001632,1394.450140299974,1394.450140299974,h,1,1.0736070999410003,1395.5476214000955,1395.5476214000955,1395.5476214000955,1395.5476214000955,NA,NA,NA,NA,NA,NA,005,001,2024-10-02_15h30.09.216,PsychoPy Exp,2023.1.2,59.97023074626071
Belief,FALSE,TB-Ig,D_B,PsychoPyStudy2Stim/D_B_4.png,Adam THINKS there is ONE cube,1,h,b,1,1,0,1,1,0,0,0,0,B,PropFalse,0,272,272,183,NA,NA,NA,NA,NA,7.6460000127553e-4,1395.6436447000597,1396.0143397001084,1396.1144922000822,1398.1144610999618,1398.5143282001372,1398.6167590001132,1398.6167590001132,b,1,1.8112682001665237,1400.447680700105,1400.447680700105,1400.447680700105,1400.447680700105,NA,NA,NA,NA,NA,NA,005,001,2024-10-02_15h30.09.216,PsychoPy Exp,2023.1.2,59.97023074626071
Belief,FALSE,TB-K,TT_NB,PsychoPyStudy2Stim/TT_NB_2.png,Adam THINKS there are ZERO cubes,0,h,b,2,0,2,2,0,2,0,0,0,NB,PropFalse,0,273,273,175,NA,NA,NA,NA,NA,0.00174940004944801,1400.5316606000997,1400.9143364001063,1401.014379300177,1403.0143439001404,1403.4144181001466,1403.5167592000216,1403.5167592000216,b,1,0.9512189999222757,1404.4976633000188,1404.4976633000188,1404.4976633000188,1404.4976633000188,NA,NA,NA,NA,NA,NA,005,001,2024-10-02_15h30.09.216,PsychoPy Exp,2023.1.2,59.97023074626071
Belief,TRUE,FB-Ig,D_B_T,PsychoPyStudy2Stim/D_B_T_4.png,Adam THINKS there are ZERO cubes,0,b,h,2,1,1,1,1,0,1,0,1,B,-,0,274,274,161,NA,NA,NA,NA,NA,0.00165789993479847,1404.5836389001925,1404.964292100165,1405.064480200177,1407.0643868001644,1407.4644051000942,1407.5667991000228,1407.5667991000228,b,0,1.7492337001021951,1409.330935300095,1409.330935300095,1409.330935300095,1409.330935300095,NA,NA,NA,NA,NA,NA,005,001,2024-10-02_15h30.09.216,PsychoPy Exp,2023.1.2,59.97023074626071
Knowledge,FALSE,TB-Ig,D_B_D,PsychoPyStudy2Stim/D_B_D_2.png,Adam KNOWS there are ZERO cubes,0,h,b,2,2,0,1,1,0,1,1,0,B,PropTrueNoKnowledge,0,275,275,293,NA,NA,NA,NA,NA,8.9779985137283e-4,1409.4212607999798,1409.7975650001315,1409.8977977000177,1411.8977863001635,1412.2978022000752,1412.4003381000366,1412.4003381000366,b,1,3.9158585001714528,1416.3474715000484,1416.3474715000484,1416.3474715000484,1416.3474715000484,NA,NA,NA,NA,NA,NA,005,001,2024-10-02_15h30.09.216,PsychoPy Exp,2023.1.2,59.97023074626071
Reality,TRUE,FB-Ig,T_B_T,PsychoPyStudy2Stim/T_B_T_2.png,"In REALITY, there are TWO cubes",2,b,h,2,0,2,1,0,1,1,0,1,B,-,0,276,276,39,NA,NA,NA,NA,NA,0.00169989978894591,1416.4207723001018,1416.797595000127,1416.8977290000769,1418.8975149001926,1419.297714699991,1419.3999638999812,1419.3999638999812,h,1,0.5159036999102682,1419.9307789001614,1419.9307789001614,1419.9307789001614,1419.9307789001614,NA,NA,NA,NA,NA,NA,005,001,2024-10-02_15h30.09.216,PsychoPy Exp,2023.1.2,59.97023074626071
Reality,FALSE,TB-K,DD_NB,PsychoPyStudy2Stim/DD_NB_1.png,"In REALITY, there is ONE cube",1,h,b,2,2,0,2,2,0,0,0,0,NB,PropFalse,0,277,277,60,NA,NA,NA,NA,NA,4.5399996452033e-4,1420.0054381999653,1420.3809229000472,1420.4810207001865,1422.4810199001804,1422.881048800191,1422.9835004999768,1422.9835004999768,b,1,1.2205427999142555,1424.230866700178,1424.230866700178,1424.230866700178,1424.230866700178,NA,NA,NA,NA,NA,NA,005,001,2024-10-02_15h30.09.216,PsychoPy Exp,2023.1.2,59.97023074626071
Belief,FALSE,TB-K,DD_NB,PsychoPyStudy2Stim/DD_NB_3.png,Adam THINKS there are TWO cubes,2,h,b,2,2,0,2,2,0,0,0,0,NB,PropFalse,0,278,278,170,NA,NA,NA,NA,NA,0.00164699996821582,1424.302680999972,1424.6809098999947,1424.7810735001694,1426.7810217000078,1427.1808923000935,1427.2833476001397,1427.2833476001397,b,1,2.4328101999126375,1429.7473423001356,1429.7473423001356,1429.7473423001356,1429.7473423001356,NA,NA,NA,NA,NA,NA,005,001,2024-10-02_15h30.09.216,PsychoPy Exp,2023.1.2,59.97023074626071
Reality,TRUE,TB-K-B,TD_B,PsychoPyStudy2Stim/TD_B_6.png,"In REALITY, there is ONE cube",1,b,h,2,1,1,2,1,1,0,0,0,B,-,0,279,279,35,NA,NA,NA,NA,NA,4.0060002356767e-4,1429.82369260001,1430.197526599979,1430.2976838999894,1432.29767,1432.697663099971,1432.8000266000165,1432.8000266000165,h,1,0.635475300019607,1433.464110800065,1433.464110800065,1433.464110800065,1433.464110800065,NA,NA,NA,NA,NA,NA,005,001,2024-10-02_15h30.09.216,PsychoPy Exp,2023.1.2,59.97023074626071
Reality,TRUE,TB-K,TT_NB,PsychoPyStudy2Stim/TT_NB_1.png,"In REALITY, there are TWO cubes",2,b,h,2,0,2,2,0,2,0,0,0,NB,-,0,280,280,12,NA,NA,NA,NA,NA,5.8349990285933e-4,1433.5471930999774,1433.9305809000507,1434.031051500002,1436.0309052001685,1436.4308951001149,1436.5332459001802,1436.5332459001802,h,1,0.550671000033617,1437.1140299001709,1437.1140299001709,1437.1140299001709,1437.1140299001709,NA,NA,NA,NA,NA,NA,005,001,2024-10-02_15h30.09.216,PsychoPy Exp,2023.1.2,59.97023074626071
Belief,TRUE,TB-K-B,TT_B,PsychoPyStudy2Stim/TT_B_4.png,Adam THINKS there are TWO cubes,2,b,h,2,0,2,2,0,2,0,0,0,B,-,0,281,281,137,NA,NA,NA,NA,NA,3.9319996722042e-4,1437.18543469999,1437.5642234999686,1437.6641777001787,1439.6641429001463,1440.0640843000729,1440.1666927000042,1440.1666927000042,h,1,0.7815161999315023,1440.964249000186,1440.964249000186,1440.964249000186,1440.964249000186,NA,NA,NA,NA,NA,NA,005,001,2024-10-02_15h30.09.216,PsychoPy Exp,2023.1.2,59.97023074626071
Reality,FALSE,FB-Ig,T_B_T,PsychoPyStudy2Stim/T_B_T_6.png,"In REALITY, there is ONE cube",1,h,b,2,0,2,1,0,1,1,0,1,B,PropFalse,0,282,282,103,NA,NA,NA,NA,NA,0.00165049987845122,1441.04397540004,1441.4141391001176,1441.5143129001372,1443.5141776001549,1443.914299200056,1444.0166784001049,1444.0166784001049,h,0,0.5951594000216573,1444.630836599972,1444.630836599972,1444.630836599972,1444.630836599972,NA,NA,NA,NA,NA,NA,005,001,2024-10-02_15h30.09.216,PsychoPy Exp,2023.1.2,59.97023074626071
Knowledge,TRUE,TB-K-B,TD_B,PsychoPyStudy2Stim/TD_B_4.png,Adam KNOWS there is ONE cube,1,b,h,2,1,1,2,1,1,0,0,0,B,-,0,283,283,261,NA,NA,NA,NA,NA,0.00164109980687499,1444.7220139000565,1445.0974612000864,1445.1974591000471,1447.1975175000262,1447.597567900084,1447.6999385000672,1447.6999385000672,h,1,4.680399199947715,1452.397344800178,1452.397344800178,1452.397344800178,1452.397344800178,NA,NA,NA,NA,NA,NA,005,001,2024-10-02_15h30.09.216,PsychoPy Exp,2023.1.2,59.97023074626071
Knowledge,FALSE,FB-Ig,T_B_T,PsychoPyStudy2Stim/T_B_T_2.png,Adam KNOWS there are TWO cubes,2,h,b,2,0,2,1,0,1,1,0,1,B,PropTrueNoKnowledge,0,284,284,307,NA,NA,NA,NA,NA,6.1580003239214e-4,1452.485117000062,1452.8639483000152,1452.9642976999748,1454.964288900141,1455.364104400156,1455.466564600123,1455.466564600123,b,1,1.5295029999688268,1457.0141118001193,1457.0141118001193,1457.0141118001193,1457.0141118001193,NA,NA,NA,NA,NA,NA,005,001,2024-10-02_15h30.09.216,PsychoPy Exp,2023.1.2,59.97023074626071
Knowledge,TRUE,TB-K-B,TT_B,PsychoPyStudy2Stim/TT_B_15.png,Adam KNOWS there are TWO cubes,2,b,h,2,0,2,2,0,2,0,0,0,B,-,0,285,285,248,NA,NA,NA,NA,NA,0.00170150003395974,1457.1139717001934,1457.4974632000085,1457.5974056001287,1459.5975513001904,1459.9975234000012,1460.0998598001895,1460.0998598001895,h,1,2.1278411999810487,1462.247399999993,1462.247399999993,1462.247399999993,1462.247399999993,NA,NA,NA,NA,NA,NA,005,001,2024-10-02_15h30.09.216,PsychoPy Exp,2023.1.2,59.97023074626071
Reality,TRUE,TB-K,TD_NB,PsychoPyStudy2Stim/TD_NB_2.png,"In REALITY, there is ONE cube",1,b,h,2,1,1,2,1,1,0,0,0,NB,-,0,286,286,10,NA,NA,NA,NA,NA,0.00147779984399676,1462.322066300083,1462.697380800033,1462.7975577001926,1464.797601800179,1465.1974552001338,1465.2998144000303,1465.2998144000303,h,1,1.327589699998498,1466.6472283001058,1466.6472283001058,1466.6472283001058,1466.6472283001058,NA,NA,NA,NA,NA,NA,005,001,2024-10-02_15h30.09.216,PsychoPy Exp,2023.1.2,59.97023074626071
Knowledge,TRUE,TB-K,TT_NB,PsychoPyStudy2Stim/TT_NB_3.png,Adam KNOWS there are TWO cubes,2,b,h,2,0,2,2,0,2,0,0,0,NB,-,0,287,287,230,NA,NA,NA,NA,NA,4.0529994294047e-4,1466.720871000085,1467.097397700185,1467.1975535000674,1469.197343799984,1469.59754470014,1469.699917100137,1469.699917100137,h,1,0.5597596999723464,1470.2807090000715,1470.2807090000715,1470.2807090000715,1470.2807090000715,NA,NA,NA,NA,NA,NA,005,001,2024-10-02_15h30.09.216,PsychoPy Exp,2023.1.2,59.97023074626071
Knowledge,TRUE,TB-K-B,TT_B,PsychoPyStudy2Stim/TT_B_18.png,Adam KNOWS there are TWO cubes,2,b,h,2,0,2,2,0,2,0,0,0,B,-,0,288,288,251,NA,NA,NA,NA,NA,0.00147700007073581,1470.3574039000086,1470.73063500016,1470.8308837001678,1472.8307523000983,1473.2308645001613,1473.3331936001778,1473.3331936001778,h,1,0.9344041000586004,1474.2973462999798,1474.2973462999798,1474.2973462999798,1474.2973462999798,NA,NA,NA,NA,NA,NA,005,001,2024-10-02_15h30.09.216,PsychoPy Exp,2023.1.2,59.97023074626071
Belief,FALSE,TB-K-B,TT_B,PsychoPyStudy2Stim/TT_B_10.png,Adam THINKS there are ZERO cubes,0,h,b,2,0,2,2,0,2,0,0,0,B,PropFalse,0,289,289,197,NA,NA,NA,NA,NA,9.2900008894503e-4,1474.392712000059,1474.764026900055,1474.8642376000062,1476.864206600003,1477.2642149999738,1477.366512000095,1477.366512000095,b,1,1.6448969000484794,1479.0306140000466,1479.0306140000466,1479.0306140000466,1479.0306140000466,NA,NA,NA,NA,NA,NA,005,001,2024-10-02_15h30.09.216,PsychoPy Exp,2023.1.2,59.97023074626071
Reality,FALSE,FB-Ig,T_B_T,PsychoPyStudy2Stim/T_B_T_3.png,"In REALITY, there is ONE cube",1,h,b,2,0,2,1,0,1,1,0,1,B,PropFalse,0,290,290,94,NA,NA,NA,NA,NA,5.0909980200231e-4,1479.116171900183,1479.4973948001862,1479.5975025000516,1481.5973826001864,1481.9974048000297,1482.0996944000944,1482.0996944000944,b,1,1.239636099897325,1483.3637425999625,1483.3637425999625,1483.3637425999625,1483.3637425999625,NA,NA,NA,NA,NA,NA,005,001,2024-10-02_15h30.09.216,PsychoPy Exp,2023.1.2,59.97023074626071
Knowledge,TRUE,TB-K,DD_NB,PsychoPyStudy2Stim/DD_NB_1.png,Adam KNOWS there are ZERO cubes,0,b,h,2,2,0,2,2,0,0,0,0,NB,-,0,291,291,222,NA,NA,NA,NA,NA,4.1579990647733e-4,1483.4341465001926,1483.8140273999888,1483.9141936001834,1485.913988500135,1486.3140036000405,1486.4164297999814,1486.4164297999814,h,1,1.04287840006873,1487.4805956000928,1487.4805956000928,1487.4805956000928,1487.4805956000928,NA,NA,NA,NA,NA,NA,005,001,2024-10-02_15h30.09.216,PsychoPy Exp,2023.1.2,59.97023074626071
Reality,TRUE,TB-K,TT_NB,PsychoPyStudy2Stim/TT_NB_5.png,"In REALITY, there are TWO cubes",2,b,h,2,0,2,2,0,2,0,0,0,NB,-,0,292,292,16,NA,NA,NA,NA,NA,5.4330006241798e-4,1487.556620400166,1487.9307115001138,1488.0307204001583,1490.0307891000994,1490.4306336001027,1490.5331703000702,1490.5331703000702,h,1,1.8701178000774237,1492.4304987001233,1492.4304987001233,1492.4304987001233,1492.4304987001233,NA,NA,NA,NA,NA,NA,005,001,2024-10-02_15h30.09.216,PsychoPy Exp,2023.1.2,59.97023074626071
Knowledge,FALSE,TB-K,D_NB,PsychoPyStudy2Stim/D_NB_3.png,Adam KNOWS there are TWO cubes,2,h,b,1,1,0,1,1,0,0,0,0,NB,PropFalse,0,293,293,272,NA,NA,NA,NA,NA,4.5070005580782e-4,1492.515521600144,1492.897324200021,1492.997280600015,1494.9972805001307,1495.3973656001035,1495.4998385000508,1495.4998385000508,b,1,1.2157651002053171,1496.730458599981,1496.730458599981,1496.730458599981,1496.730458599981,NA,NA,NA,NA,NA,NA,005,001,2024-10-02_15h30.09.216,PsychoPy Exp,2023.1.2,59.97023074626071
Reality,FALSE,FB-Ig,T_B_T,PsychoPyStudy2Stim/T_B_T_5.png,"In REALITY, there is ONE cube",1,h,b,2,0,2,1,0,1,1,0,1,B,PropFalse,0,294,294,96,NA,NA,NA,NA,NA,4.1339988820254e-4,1496.811664600158,1497.1972757000476,1497.2974630000535,1499.297398700146,1499.6973977000453,1499.7996704999823,1499.7996704999823,b,1,2.243874100036919,1502.0639469001908,1502.0639469001908,1502.0639469001908,1502.0639469001908,NA,NA,NA,NA,NA,NA,005,001,2024-10-02_15h30.09.216,PsychoPy Exp,2023.1.2,59.97023074626071
Knowledge,TRUE,TB-K,T_NB,PsychoPyStudy2Stim/T_NB_1.png,Adam KNOWS there is ONE cube,1,b,h,1,0,1,1,0,1,0,0,0,NB,-,0,295,295,219,NA,NA,NA,NA,NA,0.00164699996821582,1502.148391700117,1502.530591099989,1502.6307495001238,1504.6307555001697,1505.0306979999878,1505.133046100149,1505.133046100149,h,1,1.26263860007748,1506.4139634000603,1506.4139634000603,1506.4139634000603,1506.4139634000603,NA,NA,NA,NA,NA,NA,005,001,2024-10-02_15h30.09.216,PsychoPy Exp,2023.1.2,59.97023074626071
Reality,FALSE,TB-Ig,D_B,PsychoPyStudy2Stim/D_B_1.png,"In REALITY, there are TWO cubes",2,h,b,1,1,0,1,1,0,0,0,0,B,PropFalse,0,296,296,72,NA,NA,NA,NA,NA,0.00272389990277588,1506.5046789001208,1506.8806040000636,1506.9807619999629,1508.9807619999629,1509.380513300188,1509.4830130001064,1509.4830130001064,b,1,1.3045086001511663,1510.8138083000667,1510.8138083000667,1510.8138083000667,1510.8138083000667,NA,NA,NA,NA,NA,NA,005,001,2024-10-02_15h30.09.216,PsychoPy Exp,2023.1.2,59.97023074626071
Belief,FALSE,TB-K-B,TT_B,PsychoPyStudy2Stim/TT_B_8.png,Adam THINKS there are ZERO cubes,0,h,b,2,0,2,2,0,2,0,0,0,B,PropFalse,0,297,297,195,NA,NA,NA,NA,NA,0.00192439998500049,1510.891637500143,1511.263876200188,1511.3640592000447,1513.3639476001265,1513.7641217000782,1513.8664884001482,1513.8664884001482,b,1,1.3372917999513447,1515.2305944000836,1515.2305944000836,1515.2305944000836,1515.2305944000836,NA,NA,NA,NA,NA,NA,005,001,2024-10-02_15h30.09.216,PsychoPy Exp,2023.1.2,59.97023074626071
Knowledge,FALSE,TB-K-B,TT_B,PsychoPyStudy2Stim/TT_B_14.png,Adam KNOWS there is ONE cube,1,h,b,2,0,2,2,0,2,0,0,0,B,PropFalse,0,298,298,298,NA,NA,NA,NA,NA,0.0022148999851197,1515.33579859999,1515.7138194001743,1515.8138465001248,1517.81398169999,1518.2138613001443,1518.3162155000027,1518.3162155000027,b,1,3.727362200152129,1522.0638976001646,1522.0638976001646,1522.0638976001646,1522.0638976001646,NA,NA,NA,NA,NA,NA,005,001,2024-10-02_15h30.09.216,PsychoPy Exp,2023.1.2,59.97023074626071
Knowledge,TRUE,TB-K,TT_NB,PsychoPyStudy2Stim/TT_NB_5.png,Adam KNOWS there are TWO cubes,2,b,h,2,0,2,2,0,2,0,0,0,NB,-,0,299,299,232,NA,NA,NA,NA,NA,0.00224039983004331,1522.1567255000118,1522.530519100139,1522.6306869999971,1524.6305333001071,1525.0305556000676,1525.1328907001298,1525.1328907001298,h,1,1.334699200000614,1526.4972499001306,1526.4972499001306,1526.4972499001306,1526.4972499001306,NA,NA,NA,NA,NA,NA,005,001,2024-10-02_15h30.09.216,PsychoPy Exp,2023.1.2,59.97023074626071
Belief,FALSE,TB-Ig,D_B_D,PsychoPyStudy2Stim/D_B_D_3.png,Adam THINKS there is ONE cube,1,h,b,2,2,0,1,1,0,1,1,0,B,PropFalse,0,300,300,186,NA,NA,NA,NA,NA,0.00186530011706054,1526.5756153000984,1526.9471680000424,1527.047373500187,1529.0471886000596,1529.4472441000398,1529.54961740016,1529.54961740016,b,1,0.8055801999289542,1530.3803894000594,1530.3803894000594,1530.3803894000594,1530.3803894000594,NA,NA,NA,NA,NA,NA,005,001,2024-10-02_15h30.09.216,PsychoPy Exp,2023.1.2,59.97023074626071
Knowledge,FALSE,FB-Ig,T_B_T,PsychoPyStudy2Stim/T_B_T_6.png,Adam KNOWS there is ONE cube,1,h,b,2,0,2,1,0,1,1,0,1,B,PropFalse,0,301,301,305,NA,NA,NA,NA,NA,7.9209986142814e-4,1530.466477200156,1530.8472299000714,1530.9473296001088,1532.9472940000703,1533.3469912,1533.4496393001173,1533.4496393001173,h,0,2.3859302001073956,1535.8637257001828,1535.8637257001828,1535.8637257001828,1535.8637257001828,NA,NA,NA,NA,NA,NA,005,001,2024-10-02_15h30.09.216,PsychoPy Exp,2023.1.2,59.97023074626071
Knowledge,TRUE,TB-K-B,TT_B,PsychoPyStudy2Stim/TT_B_16.png,Adam KNOWS there are TWO cubes,2,b,h,2,0,2,2,0,2,0,0,0,B,-,0,302,302,249,NA,NA,NA,NA,NA,0.00222769984975457,1535.9420661001932,1536.313805400161,1536.4139462001622,1538.4137294001412,1538.813967800001,1538.9163307000415,1538.9163307000415,h,1,1.199170600157231,1540.1469507999718,1540.1469507999718,1540.1469507999718,1540.1469507999718,NA,NA,NA,NA,NA,NA,005,001,2024-10-02_15h30.09.216,PsychoPy Exp,2023.1.2,59.97023074626071
Belief,FALSE,TB-K-B,TT_B,PsychoPyStudy2Stim/TT_B_9.png,Adam THINKS there are ZERO cubes,0,h,b,2,0,2,2,0,2,0,0,0,B,PropFalse,0,303,303,196,NA,NA,NA,NA,NA,6.683999672532e-4,1540.2272193001118,1540.5971427999905,1540.6973370001651,1542.6973046001513,1543.0971856999677,1543.1995207001455,1543.1995207001455,b,1,2.051967800129205,1545.2803909999784,1545.2803909999784,1545.2803909999784,1545.2803909999784,NA,NA,NA,NA,NA,NA,005,001,2024-10-02_15h30.09.216,PsychoPy Exp,2023.1.2,59.97023074626071
Reality,FALSE,TB-K,TT_NB,PsychoPyStudy2Stim/TT_NB_5.png,"In REALITY, there is ONE cube",1,h,b,2,0,2,2,0,2,0,0,0,NB,PropFalse,0,304,304,70,NA,NA,NA,NA,NA,0.00189119996502995,1545.3475777001586,1545.730418200139,1545.830600199988,1547.8305478000548,1548.2305328000805,1548.3327739001252,1548.3327739001252,b,1,0.9187349998392164,1549.2804307001643,1549.2804307001643,1549.2804307001643,1549.2804307001643,NA,NA,NA,NA,NA,NA,005,001,2024-10-02_15h30.09.216,PsychoPy Exp,2023.1.2,59.97023074626071
Knowledge,FALSE,FB-Ig,T_B_T,PsychoPyStudy2Stim/T_B_T_3.png,Adam KNOWS there are TWO cubes,2,h,b,2,0,2,1,0,1,1,0,1,B,PropTrueNoKnowledge,0,305,305,308,NA,NA,NA,NA,NA,0.00219039991497993,1549.3825130001642,1549.7637722999789,1549.86373750004,1551.8639401001856,1552.263715900015,1552.3661966000218,1552.3661966000218,b,1,1.501299599884078,1553.897135599982,1553.897135599982,1553.897135599982,1553.897135599982,NA,NA,NA,NA,NA,NA,005,001,2024-10-02_15h30.09.216,PsychoPy Exp,2023.1.2,59.97023074626071
Belief,TRUE,FB-Ig,D_B_T,PsychoPyStudy2Stim/D_B_T_1.png,Adam THINKS there are ZERO cubes,0,b,h,2,1,1,1,1,0,1,0,1,B,-,0,306,306,158,NA,NA,NA,NA,NA,0.00220969994552433,1553.9855919000693,1554.3637497001328,1554.4639088001568,1556.4639080001507,1556.8639203000348,1556.9662658001762,1556.9662658001762,h,1,4.901037400122732,1561.8970785001293,1561.8970785001293,1561.8970785001293,1561.8970785001293,NA,NA,NA,NA,NA,NA,005,001,2024-10-02_15h30.09.216,PsychoPy Exp,2023.1.2,59.97023074626071
Reality,FALSE,FB-Ig,T_B_T,PsychoPyStudy2Stim/T_B_T_4.png,"In REALITY, there is ONE cube",1,h,b,2,0,2,1,0,1,1,0,1,B,PropFalse,0,307,307,95,NA,NA,NA,NA,NA,0.0013003000058233701,1561.991361600114,1562.3637087000534,1562.4638569999952,1564.4638338000514,1564.8638534001077,1564.9660617001357,1564.9660617001357,b,1,1.4853568999096751,1566.480196800083,1566.480196800083,1566.480196800083,1566.480196800083,NA,NA,NA,NA,NA,NA,005,001,2024-10-02_15h30.09.216,PsychoPy Exp,2023.1.2,59.97023074626071
Knowledge,FALSE,TB-K,TT_NB,PsychoPyStudy2Stim/TT_NB_6.png,Adam KNOWS there is ONE cube,1,h,b,2,0,2,2,0,2,0,0,0,NB,PropFalse,0,308,308,287,NA,NA,NA,NA,NA,0.00188799994066357,1566.5501206000336,1566.930395100033,1567.0305388001725,1569.0303530001547,1569.4304690000135,1569.53321829997,1569.53321829997,b,1,2.086161499843002,1571.64706200012,1571.64706200012,1571.64706200012,1571.64706200012,NA,NA,NA,NA,NA,NA,005,001,2024-10-02_15h30.09.216,PsychoPy Exp,2023.1.2,59.97023074626071
Knowledge,TRUE,TB-K-B,TT_B,PsychoPyStudy2Stim/TT_B_19.png,Adam KNOWS there are TWO cubes,2,b,h,2,0,2,2,0,2,0,0,0,B,-,0,309,309,252,NA,NA,NA,NA,NA,0.00243859994225204,1571.7544746999629,1572.130331600085,1572.230492200004,1574.2303969000932,1574.6304743001238,1574.732953300001,1574.732953300001,h,1,1.062201399821788,1575.8134820000269,1575.8134820000269,1575.8134820000269,1575.8134820000269,NA,NA,NA,NA,NA,NA,005,001,2024-10-02_15h30.09.216,PsychoPy Exp,2023.1.2,59.97023074626071
Belief,FALSE,TB-K,TT_NB,PsychoPyStudy2Stim/TT_NB_4.png,Adam THINKS there is ONE cube,1,h,b,2,0,2,2,0,2,0,0,0,NB,PropFalse,0,310,310,177,NA,NA,NA,NA,NA,5.8500003069639e-4,1575.883413700154,1576.2636296001729,1576.3637244000563,1578.363813900156,1578.7638493000995,1578.8660774000457,1578.8660774000457,b,1,0.8732804998289794,1579.7636438000482,1579.7636438000482,1579.7636438000482,1579.7636438000482,NA,NA,NA,NA,NA,NA,005,001,2024-10-02_15h30.09.216,PsychoPy Exp,2023.1.2,59.97023074626071
Belief,TRUE,TB-K,TT_NB,PsychoPyStudy2Stim/TT_NB_4.png,Adam THINKS there are TWO cubes,2,b,h,2,0,2,2,0,2,0,0,0,NB,-,0,311,311,123,NA,NA,NA,NA,NA,0.00221529998816549,1579.8521142001264,1580.230314000044,1580.3304509001318,1582.3304389000405,1582.7304371001665,1582.83276580018,1582.83276580018,h,1,1.3866806000005454,1584.2469262001105,1584.2469262001105,1584.2469262001105,1584.2469262001105,NA,NA,NA,NA,NA,NA,005,001,2024-10-02_15h30.09.216,PsychoPy Exp,2023.1.2,59.97023074626071
Belief,FALSE,FB-Ig,T_B_T,PsychoPyStudy2Stim/T_B_T_4.png,Adam THINKS there are TWO cubes,2,h,b,2,0,2,1,0,1,1,0,1,B,PropTrueNoBelief,0,312,312,209,NA,NA,NA,NA,NA,0.00168289989233016,1584.3357379999943,1584.713635900058,1584.813851900166,1586.8138342001475,1587.2136792000383,1587.316110700136,1587.316110700136,b,1,1.0391551000066102,1588.380183200119,1588.380183200119,1588.380183200119,1588.380183200119,NA,NA,NA,NA,NA,NA,005,001,2024-10-02_15h30.09.216,PsychoPy Exp,2023.1.2,59.97023074626071
Reality,FALSE,TB-K-B,DD_B,PsychoPyStudy2Stim/DD_B_14.png,"In REALITY, there are TWO cubes",2,h,b,2,2,0,2,2,0,0,0,0,B,PropFalse,0,313,313,81,NA,NA,NA,NA,NA,0.0022136999759823,1588.4589577000588,1588.8302494999953,1588.9304202001076,1590.9303568999749,1591.3303078999743,1591.4327686000615,1591.4327686000615,b,1,0.7785580998752266,1592.2301440001463,1592.2301440001463,1592.2301440001463,1592.2301440001463,NA,NA,NA,NA,NA,NA,005,001,2024-10-02_15h30.09.216,PsychoPy Exp,2023.1.2,59.97023074626071
Belief,TRUE,FB-Ig,T_B_T,PsychoPyStudy2Stim/T_B_T_5.png,Adam THINKS there is ONE cube,1,b,h,2,0,2,1,0,1,1,0,1,B,-,0,314,314,156,NA,NA,NA,NA,NA,0.00115310004912316,1592.3126964000985,1592.6969279001933,1592.797076100018,1594.7969986000098,1595.1970206000842,1595.2993354999926,1595.2993354999926,h,1,0.559940499952063,1595.880273200106,1595.880273200106,1595.880273200106,1595.880273200106,NA,NA,NA,NA,NA,NA,005,001,2024-10-02_15h30.09.216,PsychoPy Exp,2023.1.2,59.97023074626071
Belief,FALSE,FB-Ig,T_B_T,PsychoPyStudy2Stim/T_B_T_3.png,Adam THINKS there are TWO cubes,2,h,b,2,0,2,1,0,1,1,0,1,B,PropTrueNoBelief,0,315,315,202,NA,NA,NA,NA,NA,0.00220220000483095,1595.9531988000963,1596.3302518001292,1596.4304357001092,1598.430410400033,1598.830221900018,1598.932864299975,1598.932864299975,b,1,1.7743742000311613,1600.7301299001556,1600.7301299001556,1600.7301299001556,1600.7301299001556,NA,NA,NA,NA,NA,NA,005,001,2024-10-02_15h30.09.216,PsychoPy Exp,2023.1.2,59.97023074626071
Knowledge,TRUE,TB-K,TT_NB,PsychoPyStudy2Stim/TT_NB_1.png,Adam KNOWS there are TWO cubes,2,b,h,2,0,2,2,0,2,0,0,0,NB,-,0,316,316,228,NA,NA,NA,NA,NA,0.00186370010487735,1600.800833699992,1601.1802450001703,1601.2804022000637,1603.2804017001763,1603.6801955001429,1603.782690500142,1603.782690500142,h,1,0.9812774998135864,1604.780246600043,1604.780246600043,1604.780246600043,1604.780246600043,NA,NA,NA,NA,NA,NA,005,001,2024-10-02_15h30.09.216,PsychoPy Exp,2023.1.2,59.97023074626071
Knowledge,TRUE,TB-K,D_NB,PsychoPyStudy2Stim/D_NB_2.png,Adam KNOWS there are ZERO cubes,0,b,h,1,1,0,1,1,0,0,0,0,NB,-,0,317,317,217,NA,NA,NA,NA,NA,0.00217719981446862,1604.8671943000518,1605.246909199981,1605.346821000101,1607.3470387000125,1607.7470319001004,1607.849328899989,1607.849328899989,h,1,1.633870400022715,1609.5134797999635,1609.5134797999635,1609.5134797999635,1609.5134797999635,NA,NA,NA,NA,NA,NA,005,001,2024-10-02_15h30.09.216,PsychoPy Exp,2023.1.2,59.97023074626071
Reality,TRUE,TB-K-B,TD_B,PsychoPyStudy2Stim/TD_B_1.png,"In REALITY, there is ONE cube",1,b,h,2,1,1,2,1,1,0,0,0,B,-,0,318,318,30,NA,NA,NA,NA,NA,0.00196769996546208,1609.6012294001412,1609.9801867001224,1610.0803290000183,1612.080075800186,1612.4803450000472,1612.582818099996,1612.582818099996,h,1,0.684124399907887,1613.2968586999923,1613.2968586999923,1613.2968586999923,1613.2968586999923,NA,NA,NA,NA,NA,NA,005,001,2024-10-02_15h30.09.216,PsychoPy Exp,2023.1.2,59.97023074626071
Belief,TRUE,FB-Ig,T_B_T,PsychoPyStudy2Stim/T_B_T_4.png,Adam THINKS there is ONE cube,1,b,h,2,0,2,1,0,1,1,0,1,B,-,0,319,319,149,NA,NA,NA,NA,NA,0.00120680010877549,1613.3873652000912,1613.7634984001052,1613.8634149001446,1615.8636894000228,1616.2635833001696,1616.3659973000176,1616.3659973000176,h,1,1.09287179983221,1617.4800958000124,1617.4800958000124,1617.4800958000124,1617.4800958000124,NA,NA,NA,NA,NA,NA,005,001,2024-10-02_15h30.09.216,PsychoPy Exp,2023.1.2,59.97023074626071
Reality,TRUE,TB-K,TD_NB,PsychoPyStudy2Stim/TD_NB_3.png,"In REALITY, there is ONE cube",1,b,h,2,1,1,2,1,1,0,0,0,NB,-,0,320,320,11,NA,NA,NA,NA,NA,0.00105660012923181,1617.565864500124,1617.946884900099,1618.046986500034,1620.046889899997,1620.446875500027,1620.549125400139,1620.549125400139,h,1,0.7021019998937845,1621.2802124000154,1621.2802124000154,1621.2802124000154,1621.2802124000154,NA,NA,NA,NA,NA,NA,005,001,2024-10-02_15h30.09.216,PsychoPy Exp,2023.1.2,59.97023074626071
Knowledge,FALSE,TB-Ig,D_B_D,PsychoPyStudy2Stim/D_B_D_4.png,Adam KNOWS there are ZERO cubes,0,h,b,2,2,0,1,1,0,1,1,0,B,PropTrueNoKnowledge,0,321,321,295,NA,NA,NA,NA,NA,0.0021953999530524,1621.3661834001539,1621.746810000157,1621.8469795000274,1623.846936200047,1624.2469827001914,1624.349228200037,1624.349228200037,b,1,2.3019999000243843,1626.6801550001835,1626.6801550001835,1626.6801550001835,1626.6801550001835,NA,NA,NA,NA,NA,NA,005,001,2024-10-02_15h30.09.216,PsychoPy Exp,2023.1.2,59.97023074626071
Knowledge,TRUE,TB-K-B,TT_B,PsychoPyStudy2Stim/TT_B_21.png,Adam KNOWS there are TWO cubes,2,b,h,2,0,2,2,0,2,0,0,0,B,-,0,322,322,254,NA,NA,NA,NA,NA,0.00220609991811215,1626.7702651000582,1627.14683480002,1627.2470064000229,1629.2467958000489,1629.6466793001164,1629.7492641001008,1629.7492641001008,h,1,1.0216087000444531,1630.7966679001693,1630.7966679001693,1630.7966679001693,1630.7966679001693,NA,NA,NA,NA,NA,NA,005,001,2024-10-02_15h30.09.216,PsychoPy Exp,2023.1.2,59.97023074626071
Belief,TRUE,TB-K,DD_NB,PsychoPyStudy2Stim/DD_NB_2.png,Adam THINKS there are ZERO cubes,0,b,h,2,2,0,2,2,0,0,0,0,NB,-,0,323,323,115,NA,NA,NA,NA,NA,8.017998188734e-4,1630.8686508999672,1631.2467318000272,1631.3467857001815,1633.3469666000456,1633.7467784001492,1633.8493174000178,1633.8493174000178,h,1,1.8658779000397772,1635.7302225001622,1635.7302225001622,1635.7302225001622,1635.7302225001622,NA,NA,NA,NA,NA,NA,005,001,2024-10-02_15h30.09.216,PsychoPy Exp,2023.1.2,59.97023074626071
NA,NA,NA,NA,NA,NA,NA,NA,NA,NA,NA,NA,NA,NA,NA,NA,NA,NA,NA,NA,NA,NA,NA,NA,NA,NA,NA,NA,NA,NA,NA,NA,NA,NA,NA,NA,NA,NA,NA,NA,NA,NA,NA,NA,NA,NA,1635.7302225001622,1636.7302699000577,space,0.46492440020665526,005,001,2024-10-02_15h30.09.216,PsychoPy Exp,2023.1.2,59.97023074626071
