Statement_Type,Reg_Neg,Truth_Value,Experimental,Scenario,Stimuli_Type,Stimulus,Statement,Statement_Number,CorAnsOdd,CorAnsEven,Barrier,Why_False,Check_Trial,Exp_Trial.thisRepN,Exp_Trial.thisTrialN,Exp_Trial.thisN,Exp_Trial.thisIndex,thisRow.t,notes,Exp_Intro.started,Exp_Intro_Text.started,Exp_Intro_Press_SPACE_Text.started,Exp_Intro_Press_SPACE.started,Exp_Intro.stopped,Exp_Intro_Press_SPACE.keys,Exp_Intro_Press_SPACE.rt,Exp_Intro_Press_SPACE.duration,Exp_Routine.started,Exp_Routine_ISI.started,Exp_Routine_Statement_Primer.started,Exp_Routine_Statement_Primer.stopped,Exp_Routine_Statement.started,Exp_Routine_Image_Primer.started,Exp_Routine_Image_Primer.stopped,Exp_Routine_Image.started,Exp_Routine_Key_Resp.started,Exp_Routine.stopped,Exp_Routine_Key_Resp.keys,Exp_Routine_Key_Resp.corr,Exp_Routine_Key_Resp.rt,Exp_Routine_Key_Resp.duration,Break.started,Break_Text.started,Break_Text.stopped,Break_Key_Resp.started,Break_Key_Resp.stopped,Break.stopped,Break_Key_Resp.keys,Break_Key_Resp.rt,Break_Key_Resp.duration,Exp_End.started,Exp_End_Text.started,Exp_End_Key_Resp.started,Exp_End.stopped,Exp_End_Key_Resp.keys,Exp_End_Key_Resp.rt,Exp_End_Key_Resp.duration,participant,session,date,expName,psychopyVersion,frameRate,expStart
NA,NA,NA,NA,NA,NA,NA,NA,NA,NA,NA,NA,NA,NA,NA,NA,NA,NA,NA,NA,0.00308409996796399,0.02512240002397447,2.0069437000202015,2.0069437000202015,6.432444199919701,space,4.404714800068177,NA,NA,NA,NA,NA,NA,NA,NA,NA,NA,NA,NA,NA,NA,NA,NA,NA,NA,NA,NA,NA,NA,NA,NA,NA,NA,NA,NA,NA,NA,NA,032,001,2025-10-10_09h47.53.340,Study_5_PsychoPy_Experiment,2024.1.5,NA,2025-10-10 09h48.05.520472 +0100
Reality,Reg,TRUE,N,FB-Ig,B_T,PsychoPyStudy5Stim/B_T_1.png,"In REALITY, there is ONE cube",One,h,b,N,-,N,0,0,0,317,6.558671499951743,NA,NA,NA,NA,NA,NA,NA,NA,NA,6.555297699989751,0.1228607000084594,6.671785600017756,7.056013399967924,7.155926599982195,9.155942999990655,9.55599969998002,9.678146100020967,9.678146100020967,10.809410099987872,b,1,1.117431699996814,NA,10.81128110003192,10.822563200024888,10.822563200024888,10.822563200024888,10.822563200024888,10.812110199942254,NA,NA,NA,NA,NA,NA,NA,NA,NA,NA,032,001,2025-10-10_09h47.53.340,Study_5_PsychoPy_Experiment,2024.1.5,NA,2025-10-10 09h48.05.520472 +0100
Belief,Neg,TRUE,Y,FB-Ig,D_B_T,PsychoPyStudy5Stim/D_B_T_8.png,Adam does NOT THINK there is ONE cube,One,h,b,Y,-,N,0,1,1,31,10.822563200024888,NA,NA,NA,NA,NA,NA,NA,NA,NA,10.813166599953547,4.8739998601377e-4,10.912451199954376,11.289287199964749,11.389483999926597,13.389343400020152,13.789377399953082,13.891739699989555,13.891739699989555,16.608984599937685,b,1,2.703362900065258,NA,16.60943730000872,16.62237819994334,16.62237819994334,16.62237819994334,16.62237819994334,16.60992720001377,NA,NA,NA,NA,NA,NA,NA,NA,NA,NA,032,001,2025-10-10_09h47.53.340,Study_5_PsychoPy_Experiment,2024.1.5,NA,2025-10-10 09h48.05.520472 +0100
Knowledge,Neg,TRUE,Y,FB-Ig,D_B_T,PsychoPyStudy5Stim/D_B_T_4.png,Adam does NOT KNOW there is ONE cube,One,h,b,Y,-,N,0,2,2,11,16.62237819994334,NA,NA,NA,NA,NA,NA,NA,NA,NA,16.610264700022526,2.6250001974403e-4,16.698404900031164,17.072578600025736,17.172709899954498,19.17271339998115,19.572625699918717,19.675171099952426,19.675171099952426,20.6090533999959,b,1,0.9282299000769854,NA,20.609654000028968,20.6224663000321,20.6224663000321,20.6224663000321,20.6224663000321,20.610319799976423,NA,NA,NA,NA,NA,NA,NA,NA,NA,NA,032,001,2025-10-10_09h47.53.340,Study_5_PsychoPy_Experiment,2024.1.5,NA,2025-10-10 09h48.05.520472 +0100
Belief,Reg,FALSE,N,FB-Ig,T_B_T,PsychoPyStudy5Stim/T_B_T_1.png,Adam THINKS there are ZERO cubes,Zero,b,h,N,PropFalse,N,0,3,3,283,20.6224663000321,NA,NA,NA,NA,NA,NA,NA,NA,NA,20.61079039995093,3.6750000435858e-4,20.714989300002344,21.08922700001858,21.189344299957156,23.189313099952415,23.58927729993593,23.6916624000296,23.6916624000296,25.627084099920467,h,1,1.927884700009599,NA,25.628375899977986,25.63926929992158,25.63926929992158,25.63926929992158,25.63926929992158,25.629592999932356,NA,NA,NA,NA,NA,NA,NA,NA,NA,NA,032,001,2025-10-10_09h47.53.340,Study_5_PsychoPy_Experiment,2024.1.5,NA,2025-10-10 09h48.05.520472 +0100
Reality,Reg,TRUE,N,NB-TB-K,TT_NB,PsychoPyStudy5Stim/TT_NB_3.png,"In REALITY, there are TWO cubes",Two,h,b,N,-,N,0,4,4,192,25.63926929992158,NA,NA,NA,NA,NA,NA,NA,NA,NA,25.630530899972655,7.2860007639974e-4,25.723233000026084,26.10594239993952,26.20602289994713,28.205929799936712,28.605869499966506,28.708335799979977,28.708335799979977,30.092704399954528,b,1,1.3674096999457106,NA,30.093396299984303,30.10566459991969,30.10566459991969,30.10566459991969,30.10566459991969,30.094183299923316,NA,NA,NA,NA,NA,NA,NA,NA,NA,NA,032,001,2025-10-10_09h47.53.340,Study_5_PsychoPy_Experiment,2024.1.5,NA,2025-10-10 09h48.05.520472 +0100
Knowledge,Reg,FALSE,N,FB-Ig,B_TT,PsychoPyStudy5Stim/B_TT_1.png,Adam KNOWS there are ZERO cubes,Zero,b,h,N,PropTrueNoKnow,Y,0,5,5,321,30.10566459991969,NA,NA,NA,NA,NA,NA,NA,NA,NA,30.094718899927106,4.1789992246776e-4,30.199370899936184,30.572599199949764,30.67250540002715,32.672613200033084,33.07258549996186,33.17493480001576,33.17493480001576,35.5920454999432,h,1,2.4044445999898016,NA,35.592349999933504,35.60570920002647,35.60570920002647,35.60570920002647,35.60570920002647,35.59272219997365,NA,NA,NA,NA,NA,NA,NA,NA,NA,NA,032,001,2025-10-10_09h47.53.340,Study_5_PsychoPy_Experiment,2024.1.5,NA,2025-10-10 09h48.05.520472 +0100
Knowledge,Neg,FALSE,N,TB-K,TT_B,PsychoPyStudy5Stim/TT_B_2.png,Adam does NOT KNOW there are TWO cubes,Two,b,h,Y,PropFalse,N,0,6,6,89,35.60570920002647,NA,NA,NA,NA,NA,NA,NA,NA,NA,35.59293789998628,1.6990001313388e-4,35.6805320000276,36.05560949991923,36.15586199995596,38.15594790002797,38.55603259999771,38.658241000026464,38.658241000026464,40.825909700011835,h,1,2.153013200033456,NA,40.82659289997537,40.83903559995815,40.83903559995815,40.83903559995815,40.83903559995815,40.8273451999994,NA,NA,NA,NA,NA,NA,NA,NA,NA,NA,032,001,2025-10-10_09h47.53.340,Study_5_PsychoPy_Experiment,2024.1.5,NA,2025-10-10 09h48.05.520472 +0100
Belief,Neg,FALSE,N,TB-K,TT_B,PsychoPyStudy5Stim/TT_B_1.png,Adam does NOT THINK there are TWO cubes,Two,b,h,Y,PropFalse,N,0,7,7,96,40.83903559995815,NA,NA,NA,NA,NA,NA,NA,NA,NA,40.82792139996309,4.7510000877082e-4,40.92954609997105,41.3056941999821,41.40603990003001,43.405988799990155,43.805997199960984,43.90830739994999,43.90830739994999,45.65968289994635,h,1,1.742722800001502,NA,45.66057469998486,45.67247889994178,45.67247889994178,45.67247889994178,45.67247889994178,45.66158339998219,NA,NA,NA,NA,NA,NA,NA,NA,NA,NA,032,001,2025-10-10_09h47.53.340,Study_5_PsychoPy_Experiment,2024.1.5,NA,2025-10-10 09h48.05.520472 +0100
Knowledge,Neg,FALSE,N,TB-K,TD_B,PsychoPyStudy5Stim/TD_B_4.png,Adam does NOT KNOW there is ONE cube,One,b,h,Y,PropFalse,N,0,8,8,115,45.67247889994178,NA,NA,NA,NA,NA,NA,NA,NA,NA,45.66229759994894,5.634999834001e-4,45.764215099974535,46.13915930001531,46.23914900003001,48.239138899953105,48.63927039992995,48.74172169994563,48.74172169994563,52.25889789999928,h,1,3.5097859000088647,NA,52.25940239999909,52.27235949994065,52.27235949994065,52.27235949994065,52.27235949994065,52.25996429997031,NA,NA,NA,NA,NA,NA,NA,NA,NA,NA,032,001,2025-10-10_09h47.53.340,Study_5_PsychoPy_Experiment,2024.1.5,NA,2025-10-10 09h48.05.520472 +0100
Belief,Neg,TRUE,N,TB-K,TD_B,PsychoPyStudy5Stim/TD_B_1.png,Adam does NOT THINK there are TWO cubes,Two,h,b,Y,-,N,0,9,9,108,52.27235949994065,NA,NA,NA,NA,NA,NA,NA,NA,NA,52.26034569996409,2.9659993015229e-4,52.35746580001432,52.73912179993931,52.83914349996485,54.8390685999766,55.23920439998619,55.341649499954656,55.341649499954656,57.2091470999876,b,1,1.8616712000221016,NA,57.20980269997381,57.222374100005254,57.222374100005254,57.222374100005254,57.222374100005254,57.21051300002728,NA,NA,NA,NA,NA,NA,NA,NA,NA,NA,032,001,2025-10-10_09h47.53.340,Study_5_PsychoPy_Experiment,2024.1.5,NA,2025-10-10 09h48.05.520472 +0100
Knowledge,Neg,FALSE,N,TB-K,TD_B,PsychoPyStudy5Stim/TD_B_6.png,Adam does NOT KNOW there is ONE cube,One,b,h,Y,PropFalse,N,0,10,10,117,57.222374100005254,NA,NA,NA,NA,NA,NA,NA,NA,NA,57.21101610001642,3.9149995427578e-4,57.30747569992673,57.688992799958214,57.78940409992356,59.78919019992463,60.1892583000008,60.29160999995656,60.29160999995656,67.84272910002619,h,1,7.5358370000030845,NA,67.8434239999624,67.85562859999482,67.85562859999482,67.85562859999482,67.85562859999482,67.84416430001147,NA,NA,NA,NA,NA,NA,NA,NA,NA,NA,032,001,2025-10-10_09h47.53.340,Study_5_PsychoPy_Experiment,2024.1.5,NA,2025-10-10 09h48.05.520472 +0100
Knowledge,Neg,FALSE,N,NB-TB-K,TT_NB,PsychoPyStudy5Stim/TT_NB_5.png,Adam does NOT KNOW there are TWO cubes,Two,b,h,Y,PropFalse,N,0,11,11,68,67.85562859999482,NA,NA,NA,NA,NA,NA,NA,NA,NA,67.84469359996729,4.1099998634308e-4,67.937049799948,68.32240189996082,68.42251609999221,70.42240039992612,70.82239689992275,70.92485960002523,70.92485960002523,72.44248790002894,h,1,1.5020909999730063,NA,72.44321339996532,72.45569500001147,72.45569500001147,72.45569500001147,72.45569500001147,72.4439753999468,NA,NA,NA,NA,NA,NA,NA,NA,NA,NA,032,001,2025-10-10_09h47.53.340,Study_5_PsychoPy_Experiment,2024.1.5,NA,2025-10-10 09h48.05.520472 +0100
Knowledge,Reg,FALSE,N,FB-Ig,B_TT,PsychoPyStudy5Stim/B_TT_4.png,Adam KNOWS there are ZERO cubes,Zero,b,h,N,PropTrueNoKnow,Y,0,12,12,324,72.45569500001147,NA,NA,NA,NA,NA,NA,NA,NA,NA,72.44451319996733,4.1819992475211e-4,72.53796659992076,72.9223631999921,73.022508700029,75.02242529997602,75.42245049995836,75.52486989996396,75.52486989996396,77.32542539993301,h,1,1.790584799950011,NA,77.3259992999956,77.3389782999875,77.3389782999875,77.3389782999875,77.3389782999875,77.32663709996268,NA,NA,NA,NA,NA,NA,NA,NA,NA,NA,032,001,2025-10-10_09h47.53.340,Study_5_PsychoPy_Experiment,2024.1.5,NA,2025-10-10 09h48.05.520472 +0100
Reality,Reg,TRUE,N,FB-Ig,B_TT,PsychoPyStudy5Stim/B_TT_2.png,"In REALITY, there are TWO cubes",Two,h,b,N,-,N,0,13,13,332,77.3389782999875,NA,NA,NA,NA,NA,NA,NA,NA,NA,77.3270778999431,3.455999540165e-4,77.42906250001397,77.80564769997727,77.90580089995638,79.90568329999223,80.30568079999648,80.40830210002605,80.40830210002605,81.5593826000113,b,1,1.1471924000652507,NA,81.56012389995158,81.57228890003171,81.57228890003171,81.57228890003171,81.57228890003171,81.56088699994143,NA,NA,NA,NA,NA,NA,NA,NA,NA,NA,032,001,2025-10-10_09h47.53.340,Study_5_PsychoPy_Experiment,2024.1.5,NA,2025-10-10 09h48.05.520472 +0100
Knowledge,Neg,FALSE,N,TB-K,TT_B,PsychoPyStudy5Stim/TT_B_1.png,Adam does NOT KNOW there are TWO cubes,Two,b,h,Y,PropFalse,N,0,14,14,88,81.57228890003171,NA,NA,NA,NA,NA,NA,NA,NA,NA,81.56145439995453,4.1470001451671e-4,81.65761609992478,82.0390593999764,82.13904329994693,84.1389398999745,84.53902349993587,84.64143399999011,84.64143399999011,89.92607980000321,h,1,5.274137999978848,NA,89.9267996000126,89.9389265999198,89.9389265999198,89.9389265999198,89.9389265999198,89.92755569994915,NA,NA,NA,NA,NA,NA,NA,NA,NA,NA,032,001,2025-10-10_09h47.53.340,Study_5_PsychoPy_Experiment,2024.1.5,NA,2025-10-10 09h48.05.520472 +0100
Knowledge,Reg,TRUE,N,NB-TB-K,D_NB,PsychoPyStudy5Stim/D_NB_3.png,Adam KNOWS there are ZERO cubes,Zero,h,b,N,-,N,0,15,15,130,89.9389265999198,NA,NA,NA,NA,NA,NA,NA,NA,NA,89.92808189999778,4.0699995588511e-4,90.01713109994307,90.38868909992745,90.4888243000023,92.48898459994234,92.88897989992984,92.9914619999472,92.9914619999472,97.30843239999376,b,1,4.300766999949701,NA,97.30890720000023,97.32214699999896,97.32214699999896,97.32214699999896,97.32214699999896,97.30940179992469,NA,NA,NA,NA,NA,NA,NA,NA,NA,NA,032,001,2025-10-10_09h47.53.340,Study_5_PsychoPy_Experiment,2024.1.5,NA,2025-10-10 09h48.05.520472 +0100
Knowledge,Reg,FALSE,N,NB-TB-K,TT_NB,PsychoPyStudy5Stim/TT_NB_4.png,Adam KNOWS there is ONE cube,One,b,h,N,PropFalse,N,0,16,16,175,97.32214699999896,NA,NA,NA,NA,NA,NA,NA,NA,NA,97.30973739991896,2.6080000679939e-4,97.39740899996832,97.77228809997904,97.87231090001296,99.87236439995468,100.272337900009,100.37467249995098,100.37467249995098,102.49356249999256,h,1,2.1008546999655664,NA,102.49494529992808,102.50558350002392,102.50558350002392,102.50558350002392,102.50558350002392,102.4965107999742,NA,NA,NA,NA,NA,NA,NA,NA,NA,NA,032,001,2025-10-10_09h47.53.340,Study_5_PsychoPy_Experiment,2024.1.5,NA,2025-10-10 09h48.05.520472 +0100
Knowledge,Reg,TRUE,N,NB-TB-K,DD_NB,PsychoPyStudy5Stim/DD_NB_6.png,Adam KNOWS there are ZERO cubes,Zero,h,b,N,-,N,0,17,17,152,102.50558350002392,NA,NA,NA,NA,NA,NA,NA,NA,NA,102.49765259993728,8.9780008420348e-4,102.60887400002684,102.98890150000808,103.08903499995358,105.08906739996746,105.488903200021,105.59132369991858,105.59132369991858,107.12581559992395,b,1,1.5323625999735668,NA,107.12650359992404,107.13888689992018,107.13888689992018,107.13888689992018,107.13888689992018,107.12724609998986,NA,NA,NA,NA,NA,NA,NA,NA,NA,NA,032,001,2025-10-10_09h47.53.340,Study_5_PsychoPy_Experiment,2024.1.5,NA,2025-10-10 09h48.05.520472 +0100
Knowledge,Neg,FALSE,N,TB-K,TT_B,PsychoPyStudy5Stim/TT_B_4.png,Adam does NOT KNOW there are TWO cubes,Two,b,h,Y,PropFalse,N,0,18,18,91,107.13888689992018,NA,NA,NA,NA,NA,NA,NA,NA,NA,107.1277768999571,4.0989997796714e-4,107.2180870999582,107.58890279999468,107.68908089993056,109.68907740002032,110.08908960002007,110.19139049993828,110.19139049993828,111.65902839996852,h,1,1.460117599926889,NA,111.65977070003282,111.67219209996983,111.67219209996983,111.67219209996983,111.67219209996983,111.66053540003486,NA,NA,NA,NA,NA,NA,NA,NA,NA,NA,032,001,2025-10-10_09h47.53.340,Study_5_PsychoPy_Experiment,2024.1.5,NA,2025-10-10 09h48.05.520472 +0100
Knowledge,Reg,FALSE,N,FB-Ig,T_B_T,PsychoPyStudy5Stim/T_B_T_5.png,Adam KNOWS there are ZERO cubes,Zero,b,h,N,PropFalse,N,0,19,19,279,111.67219209996983,NA,NA,NA,NA,NA,NA,NA,NA,NA,111.6610746999504,4.1569990571588e-4,111.75378479994832,112.13873180001974,112.23887699993792,114.2389719999628,114.63872940000148,114.74136520002504,114.74136520002504,117.40883289999329,h,1,2.6547687998972833,NA,117.40947049995884,117.42214019992387,117.42214019992387,117.42214019992387,117.42214019992387,117.41016939992552,NA,NA,NA,NA,NA,NA,NA,NA,NA,NA,032,001,2025-10-10_09h47.53.340,Study_5_PsychoPy_Experiment,2024.1.5,NA,2025-10-10 09h48.05.520472 +0100
Knowledge,Neg,FALSE,N,TB-K,TT_B,PsychoPyStudy5Stim/TT_B_8.png,Adam does NOT KNOW there are TWO cubes,Two,b,h,Y,PropFalse,N,0,20,20,95,117.42214019992387,NA,NA,NA,NA,NA,NA,NA,NA,NA,117.41066349996254,3.8479990325868e-4,117.5108422000194,117.8886927999556,117.98909789999016,119.98896899993996,120.38894400000572,120.49139019998256,120.49139019998256,123.24152969999705,h,1,2.743873200030066,NA,123.24184279993642,123.25539039995056,123.25539039995056,123.25539039995056,123.25539039995056,123.24217099999078,NA,NA,NA,NA,NA,NA,NA,NA,NA,NA,032,001,2025-10-10_09h47.53.340,Study_5_PsychoPy_Experiment,2024.1.5,NA,2025-10-10 09h48.05.520472 +0100
Belief,Neg,TRUE,N,NB-TB-K,T_NB,PsychoPyStudy5Stim/T_NB_2.png,Adam does NOT THINK there are TWO cubes,Two,h,b,Y,-,N,0,21,21,37,123.25539039995056,NA,NA,NA,NA,NA,NA,NA,NA,NA,123.24238900002092,1.7290003597736e-4,123.34322409995366,123.72219190001488,123.82236410002224,125.82225440000184,126.22227259993088,126.32505560002755,126.32505560002755,132.7927707999479,b,1,6.463294800021686,NA,132.7936100999359,132.8055078999605,132.8055078999605,132.8055078999605,132.8055078999605,132.7945458999602,NA,NA,NA,NA,NA,NA,NA,NA,NA,NA,032,001,2025-10-10_09h47.53.340,Study_5_PsychoPy_Experiment,2024.1.5,NA,2025-10-10 09h48.05.520472 +0100
Knowledge,Neg,TRUE,Y,FB-Ig,D_B_T,PsychoPyStudy5Stim/D_B_T_7.png,Adam does NOT KNOW there is ONE cube,One,h,b,Y,-,N,0,22,22,14,132.8055078999605,NA,NA,NA,NA,NA,NA,NA,NA,NA,132.7952527999878,5.1869999151676e-4,132.89513530000113,133.27221099997405,133.37221199995838,135.37231360003352,135.77233079995494,135.8745849999832,135.8745849999832,138.34243580000475,b,1,2.4648363000014797,NA,138.3431341999676,138.35537889995612,138.35537889995612,138.35537889995612,138.35537889995612,138.34391189995222,NA,NA,NA,NA,NA,NA,NA,NA,NA,NA,032,001,2025-10-10_09h47.53.340,Study_5_PsychoPy_Experiment,2024.1.5,NA,2025-10-10 09h48.05.520472 +0100
Reality,Reg,FALSE,N,FB-Ig,B_T,PsychoPyStudy5Stim/B_T_3.png,"In REALITY, there are ZERO cubes",Zero,b,h,N,-,N,0,23,23,319,138.35537889995612,NA,NA,NA,NA,NA,NA,NA,NA,NA,138.34449489996769,4.5950000640004e-4,138.4355998999672,138.80546719999984,138.90561679995153,140.9055557999527,141.30548450001515,141.40768419997767,141.40768419997767,143.29216519999318,h,1,1.8677357999840751,NA,143.292843000032,143.30535699997563,143.30535699997563,143.30535699997563,143.30535699997563,143.29360309999902,NA,NA,NA,NA,NA,NA,NA,NA,NA,NA,032,001,2025-10-10_09h47.53.340,Study_5_PsychoPy_Experiment,2024.1.5,NA,2025-10-10 09h48.05.520472 +0100
Knowledge,Reg,FALSE,N,TB-Ig,D_B,PsychoPyStudy5Stim/D_B_D_2.png,Adam KNOWS there are ZERO cubes,Zero,b,h,N,PropTrueNoKnow,Y,0,24,24,207,143.30535699997563,NA,NA,NA,NA,NA,NA,NA,NA,NA,143.29413399996702,4.1310000233352e-4,143.38749090000056,143.7721287999302,143.87221339996904,145.8721082999837,146.27215590002015,146.3744017999852,146.3744017999852,148.84196520003024,h,1,2.460890999995172,NA,148.8425512999529,148.8553292999277,148.8553292999277,148.8553292999277,148.8553292999277,148.8431804999709,NA,NA,NA,NA,NA,NA,NA,NA,NA,NA,032,001,2025-10-10_09h47.53.340,Study_5_PsychoPy_Experiment,2024.1.5,NA,2025-10-10 09h48.05.520472 +0100
Reality,Reg,TRUE,N,NB-TB-K,TT_NB,PsychoPyStudy5Stim/TT_NB_5.png,"In REALITY, there are TWO cubes",Two,h,b,N,-,N,0,25,25,193,148.8553292999277,NA,NA,NA,NA,NA,NA,NA,NA,NA,148.84361969993915,3.4290004987269e-4,148.9349569999613,149.3054413999198,149.40545329998713,151.40535409993026,151.80556829995476,151.90797940001357,151.90797940001357,152.9079008999979,b,1,0.9911794000072404,NA,152.90822049998678,152.92193439998664,152.92193439998664,152.92193439998664,152.92193439998664,152.9085642999271,NA,NA,NA,NA,NA,NA,NA,NA,NA,NA,032,001,2025-10-10_09h47.53.340,Study_5_PsychoPy_Experiment,2024.1.5,NA,2025-10-10 09h48.05.520472 +0100
Knowledge,Reg,FALSE,N,FB-Ig,D_B_T,PsychoPyStudy5Stim/D_B_T_5.png,Adam KNOWS there are TWO cubes,Two,b,h,N,PropFalse,N,0,26,26,295,152.92193439998664,NA,NA,NA,NA,NA,NA,NA,NA,NA,152.90879240003414,1.7979997210204e-4,153.01191380003002,153.3887512999354,153.48875449993648,155.48876029998064,155.8888098000316,155.99120449996553,155.99120449996553,157.1756405000342,h,1,1.1724725000094622,NA,157.17633149994072,157.1886856999481,157.1886856999481,157.1886856999481,157.1886856999481,157.17716989992186,NA,NA,NA,NA,NA,NA,NA,NA,NA,NA,032,001,2025-10-10_09h47.53.340,Study_5_PsychoPy_Experiment,2024.1.5,NA,2025-10-10 09h48.05.520472 +0100
Belief,Neg,TRUE,Y,FB-Ig,D_B_T,PsychoPyStudy5Stim/D_B_T_2.png,Adam does NOT THINK there is ONE cube,One,h,b,Y,-,N,0,27,27,25,157.1886856999481,NA,NA,NA,NA,NA,NA,NA,NA,NA,157.17773919994943,4.5079994015395e-4,157.2685405999655,157.63857529999223,157.7386890000198,159.738821499981,160.13884969998617,160.24119079997763,160.24119079997763,162.19204699993134,b,1,1.9469461999833584,NA,162.19237369997427,162.20522240002174,162.20522240002174,162.20522240002174,162.20522240002174,162.19270879996475,NA,NA,NA,NA,NA,NA,NA,NA,NA,NA,032,001,2025-10-10_09h47.53.340,Study_5_PsychoPy_Experiment,2024.1.5,NA,2025-10-10 09h48.05.520472 +0100
Belief,Reg,TRUE,N,FB-Ig,B_TT,PsychoPyStudy5Stim/B_TT_2.png,Adam THINKS there are ZERO cubes,Zero,h,b,N,-,Y,0,28,28,327,162.20522240002174,NA,NA,NA,NA,NA,NA,NA,NA,NA,162.19292669999413,1.7240003217011e-4,162.2806199999759,162.65512679994572,162.7552672999445,164.75538039999083,165.1553957000142,165.25781929993536,165.25781929993536,167.87468080001418,b,1,2.601342499954626,NA,167.8750547999516,167.88859649992082,167.88859649992082,167.88859649992082,167.88859649992082,167.87545880000107,NA,NA,NA,NA,NA,NA,NA,NA,NA,NA,032,001,2025-10-10_09h47.53.340,Study_5_PsychoPy_Experiment,2024.1.5,NA,2025-10-10 09h48.05.520472 +0100
Knowledge,Reg,FALSE,N,FB-Ig,T_B_T,PsychoPyStudy5Stim/T_B_T_7.png,Adam KNOWS there are ZERO cubes,Zero,b,h,N,PropFalse,N,0,29,29,281,167.88859649992082,NA,NA,NA,NA,NA,NA,NA,NA,NA,167.87575050001033,2.3330003023147e-4,167.98611419997178,168.35537829995155,168.45548569993116,170.45526550000068,170.85539379995316,170.95785160001833,170.95785160001833,175.3751170999603,h,1,4.413683700026013,NA,175.3756840999704,175.38854109996464,175.38854109996464,175.38854109996464,175.38854109996464,175.37628419999965,NA,NA,NA,NA,NA,NA,NA,NA,NA,NA,032,001,2025-10-10_09h47.53.340,Study_5_PsychoPy_Experiment,2024.1.5,NA,2025-10-10 09h48.05.520472 +0100
Belief,Neg,FALSE,N,TB-K,TD_B,PsychoPyStudy5Stim/TD_B_1.png,Adam does NOT THINK there is ONE cube,One,b,h,Y,PropFalse,N,0,30,30,120,175.38854109996464,NA,NA,NA,NA,NA,NA,NA,NA,NA,175.3766961999936,3.1859998125582e-4,175.47338320000563,175.85526219999883,175.95560590003151,177.95537530002184,178.35539209994022,178.45772499998566,178.45772499998566,181.32467140001245,h,1,2.857546499930322,NA,181.32499380002264,181.33847309998237,181.33847309998237,181.33847309998237,181.33847309998237,181.3253397999797,NA,NA,NA,NA,NA,NA,NA,NA,NA,NA,032,001,2025-10-10_09h47.53.340,Study_5_PsychoPy_Experiment,2024.1.5,NA,2025-10-10 09h48.05.520472 +0100
Knowledge,Reg,TRUE,N,TB-K-B,DD_B,PsychoPyStudy5Stim/DD_B_5.png,Adam KNOWS there are ZERO cubes,Zero,h,b,N,-,N,0,31,31,219,181.33847309998237,NA,NA,NA,NA,NA,NA,NA,NA,NA,181.3255706999917,1.8269999418407e-4,181.4189711000072,181.7883791999193,181.88857259997167,183.8887240999611,184.28871240001172,184.3910888999235,184.3910888999235,188.29200210003185,b,1,3.884289799956605,NA,188.292682099971,188.30522729991935,188.30522729991935,188.30522729991935,188.30522729991935,188.29339080001228,NA,NA,NA,NA,NA,NA,NA,NA,NA,NA,032,001,2025-10-10_09h47.53.340,Study_5_PsychoPy_Experiment,2024.1.5,NA,2025-10-10 09h48.05.520472 +0100
Belief,Neg,TRUE,N,TB-K,TT_B,PsychoPyStudy5Stim/TT_B_2.png,Adam does NOT THINK there is ONE cube,One,h,b,Y,-,N,0,32,32,85,188.30522729991935,NA,NA,NA,NA,NA,NA,NA,NA,NA,188.2938879999565,3.8780004251748e-4,188.38912740000524,188.7719804999651,188.87206480000168,190.87208589992952,191.2719999999972,191.3743968999479,191.3743968999479,198.8083380999742,b,1,7.421098799910396,NA,198.8088478000136,198.8219487000024,198.8219487000024,198.8219487000024,198.8219487000024,198.8094102999894,NA,NA,NA,NA,NA,NA,NA,NA,NA,NA,032,001,2025-10-10_09h47.53.340,Study_5_PsychoPy_Experiment,2024.1.5,NA,2025-10-10 09h48.05.520472 +0100
Knowledge,Reg,FALSE,N,FB-Ig,T_B_T,PsychoPyStudy5Stim/T_B_T_3.png,Adam KNOWS there are ZERO cubes,Zero,b,h,N,PropFalse,N,0,33,33,277,198.8219487000024,NA,NA,NA,NA,NA,NA,NA,NA,NA,198.8097940000007,2.9979995451867e-4,198.9178109000204,199.28863059997093,199.3885848999489,201.38855119992513,201.78864169993903,201.8910637999652,201.8910637999652,205.37451969995163,h,1,3.480734199983999,NA,205.3748250999488,205.3883231999353,205.3883231999353,205.3883231999353,205.3883231999353,205.37515119998716,NA,NA,NA,NA,NA,NA,NA,NA,NA,NA,032,001,2025-10-10_09h47.53.340,Study_5_PsychoPy_Experiment,2024.1.5,NA,2025-10-10 09h48.05.520472 +0100
Belief,Neg,TRUE,Y,FB-Ig,T_B_T,PsychoPyStudy5Stim/T_B_T_3.png,Adam does NOT THINK there are TWO cubes,Two,h,b,Y,-,N,0,34,34,18,205.3883231999353,NA,NA,NA,NA,NA,NA,NA,NA,NA,205.37537999998312,1.7149990890175e-4,205.46104760002345,205.83839349995833,205.9385607999284,207.93866260000505,208.33874499995727,208.4409358999692,208.4409358999692,209.44179960002657,b,1,0.9857864000368864,NA,209.44244949996937,209.4551744000055,209.4551744000055,209.4551744000055,209.4551744000055,209.443113300018,NA,NA,NA,NA,NA,NA,NA,NA,NA,NA,032,001,2025-10-10_09h47.53.340,Study_5_PsychoPy_Experiment,2024.1.5,NA,2025-10-10 09h48.05.520472 +0100
Belief,Neg,FALSE,N,TB-K,TD_B,PsychoPyStudy5Stim/TD_B_3.png,Adam does NOT THINK there is ONE cube,One,b,h,Y,PropFalse,N,0,35,35,122,209.4551744000055,NA,NA,NA,NA,NA,NA,NA,NA,NA,209.44360959995535,3.8720003794878e-4,209.54687019996345,209.92191759997513,210.0220721999649,212.0220034000231,212.42188979999628,212.5243220999837,212.5243220999837,216.57450250000693,h,1,4.047586100059561,NA,216.57480469997972,216.5884098999668,216.5884098999668,216.5884098999668,216.5884098999668,216.57514520001132,NA,NA,NA,NA,NA,NA,NA,NA,NA,NA,032,001,2025-10-10_09h47.53.340,Study_5_PsychoPy_Experiment,2024.1.5,NA,2025-10-10 09h48.05.520472 +0100
Belief,Neg,FALSE,N,TB-K,TT_B,PsychoPyStudy5Stim/TT_B_6.png,Adam does NOT THINK there are TWO cubes,Two,b,h,Y,PropFalse,N,0,36,36,101,216.5884098999668,NA,NA,NA,NA,NA,NA,NA,NA,NA,216.57535940001253,1.6820000018924e-4,216.6692742999876,217.03839330002663,217.13881429994944,219.1386864000233,219.53860520001035,219.64092969999183,219.64092969999183,222.44166300003417,h,1,2.78557239996735,NA,222.4422351999674,222.4551083999686,222.4551083999686,222.4551083999686,222.4551083999686,222.44286529999223,NA,NA,NA,NA,NA,NA,NA,NA,NA,NA,032,001,2025-10-10_09h47.53.340,Study_5_PsychoPy_Experiment,2024.1.5,NA,2025-10-10 09h48.05.520472 +0100
Reality,Reg,TRUE,N,TB-K-B,TD_B,PsychoPyStudy5Stim/TD_B_4.png,"In REALITY, there is ONE cube",One,h,b,N,-,N,0,37,37,272,222.4551083999686,NA,NA,NA,NA,NA,NA,NA,NA,NA,222.4433171999408,3.5129999741911e-4,222.53287569992244,222.9051578999497,223.00518320000265,225.0052282999968,225.4052257000003,225.50753129995428,225.50753129995428,230.6252074999502,b,1,5.112105100066401,NA,230.6259294999763,230.63835969998036,230.63835969998036,230.63835969998036,230.63835969998036,230.62669579999056,NA,NA,NA,NA,NA,NA,NA,NA,NA,NA,032,001,2025-10-10_09h47.53.340,Study_5_PsychoPy_Experiment,2024.1.5,NA,2025-10-10 09h48.05.520472 +0100
Belief,Reg,FALSE,N,TB-K-B,TT_B,PsychoPyStudy5Stim/TT_B_2.png,Adam THINKS there is ONE cube,One,b,h,N,PropFalse,N,0,38,38,250,230.63835969998036,NA,NA,NA,NA,NA,NA,NA,NA,NA,230.62722899997607,4.1460001375526e-4,230.731981299934,231.1051486999495,231.20525939995423,233.20524819998536,233.60516589996405,233.7074627999682,233.7074627999682,236.75783969997428,h,1,3.0482922999653965,NA,236.75813710002697,236.77165479992985,236.77165479992985,236.77165479992985,236.77165479992985,236.7584634999512,NA,NA,NA,NA,NA,NA,NA,NA,NA,NA,032,001,2025-10-10_09h47.53.340,Study_5_PsychoPy_Experiment,2024.1.5,NA,2025-10-10 09h48.05.520472 +0100
Knowledge,Reg,TRUE,N,TB-K-B,DD_B,PsychoPyStudy5Stim/DD_B_8.png,Adam KNOWS there are ZERO cubes,Zero,h,b,N,-,N,0,39,39,222,236.77165479992985,NA,NA,NA,NA,NA,NA,NA,NA,NA,236.75867829995696,1.6950001008808e-4,236.869507699972,237.25510149996265,237.3549615999218,239.3552260999568,239.755186400027,239.8575877000112,239.8575877000112,244.7417209999403,b,1,4.8746546999318525,NA,244.74240009998903,244.75501560000703,244.75501560000703,244.75501560000703,244.75501560000703,244.74309170001652,NA,NA,NA,NA,NA,NA,NA,NA,NA,NA,032,001,2025-10-10_09h47.53.340,Study_5_PsychoPy_Experiment,2024.1.5,NA,2025-10-10 09h48.05.520472 +0100
Belief,Reg,TRUE,N,TB-Ig,D_B,PsychoPyStudy5Stim/D_B_D_1.png,Adam THINKS there are ZERO cubes,Zero,h,b,N,-,Y,0,40,40,209,244.75501560000703,NA,NA,NA,NA,NA,NA,NA,NA,NA,244.74362530000508,3.9319996722042e-4,244.82882729999255,245.20501359994523,245.3052288999315,247.3051904999884,247.70516509993467,247.80749919998925,247.80749919998925,250.8082464999752,b,1,2.987461799988523,NA,250.80880659993272,250.8216605000198,250.8216605000198,250.8216605000198,250.8216605000198,250.80943319993096,NA,NA,NA,NA,NA,NA,NA,NA,NA,NA,032,001,2025-10-10_09h47.53.340,Study_5_PsychoPy_Experiment,2024.1.5,NA,2025-10-10 09h48.05.520472 +0100
Reality,Reg,FALSE,N,NB-TB-K,TT_NB,PsychoPyStudy5Stim/TT_NB_7.png,"In REALITY, there are ZERO cubes",Zero,b,h,N,PropFalse,N,0,41,41,194,250.8216605000198,NA,NA,NA,NA,NA,NA,NA,NA,NA,250.80985830002464,3.53500014171e-4,250.90132910001557,251.2717163999332,251.3718643999891,253.371873499942,253.7717852999922,253.87411400000565,253.87411400000565,254.8748445999809,h,1,0.992508800001815,NA,254.87534499994945,254.8882619999349,254.8882619999349,254.8882619999349,254.8882619999349,254.87591579998843,NA,NA,NA,NA,NA,NA,NA,NA,NA,NA,032,001,2025-10-10_09h47.53.340,Study_5_PsychoPy_Experiment,2024.1.5,NA,2025-10-10 09h48.05.520472 +0100
Knowledge,Reg,FALSE,N,TB-K-B,DD_B,PsychoPyStudy5Stim/DD_B_9.png,Adam KNOWS there is ONE cube,One,b,h,N,PropFalse,N,0,42,42,223,254.8882619999349,NA,NA,NA,NA,NA,NA,NA,NA,NA,254.8762966999784,2.9749993700534e-4,254.9671328000259,255.33815780002624,255.43838289997075,257.43848120002076,257.8383930999553,257.94082969997544,257.94082969997544,264.4582526999293,h,1,6.50219280004967,NA,264.45891909999773,264.47164939995855,264.47164939995855,264.47164939995855,264.47164939995855,264.45961239992175,NA,NA,NA,NA,NA,NA,NA,NA,NA,NA,032,001,2025-10-10_09h47.53.340,Study_5_PsychoPy_Experiment,2024.1.5,NA,2025-10-10 09h48.05.520472 +0100
Knowledge,Neg,FALSE,N,TB-K,TT_B,PsychoPyStudy5Stim/TT_B_5.png,Adam does NOT KNOW there are TWO cubes,Two,b,h,Y,PropFalse,N,0,43,43,92,264.47164939995855,NA,NA,NA,NA,NA,NA,NA,NA,NA,264.46008180000354,3.6359997466206e-4,264.549452999956,264.92164379998576,265.02193930000067,267.0218007999938,267.421706299996,267.52415089996066,267.52415089996066,270.6082799999276,h,1,3.080133100040257,NA,270.60887859994546,270.6215779000195,270.6215779000195,270.6215779000195,270.6215779000195,270.6094831000082,NA,NA,NA,NA,NA,NA,NA,NA,NA,NA,032,001,2025-10-10_09h47.53.340,Study_5_PsychoPy_Experiment,2024.1.5,NA,2025-10-10 09h48.05.520472 +0100
Belief,Neg,FALSE,N,NB-TB-K,TT_NB,PsychoPyStudy5Stim/TT_NB_5.png,Adam does NOT THINK there are TWO cubes,Two,b,h,Y,PropFalse,N,0,44,44,76,270.6215779000195,NA,NA,NA,NA,NA,NA,NA,NA,NA,270.60990679997485,3.3069995697587e-4,270.7028692000313,271.0880674999207,271.1882024999941,273.1885038999608,273.58851319993846,273.6908202000195,273.6908202000195,275.3415829000296,h,1,1.6404687999747694,NA,275.34225370001514,275.3549326999346,275.3549326999346,275.3549326999346,275.3549326999346,275.3429412000114,NA,NA,NA,NA,NA,NA,NA,NA,NA,NA,032,001,2025-10-10_09h47.53.340,Study_5_PsychoPy_Experiment,2024.1.5,NA,2025-10-10 09h48.05.520472 +0100
Knowledge,Reg,FALSE,N,FB-Ig,B_T,PsychoPyStudy5Stim/B_T_3.png,Adam KNOWS there are ZERO cubes,Zero,b,h,N,PropTrueNoKnow,Y,0,45,45,309,275.3549326999346,NA,NA,NA,NA,NA,NA,NA,NA,NA,275.34347690001596,4.2439997196197e-4,275.43805579992477,275.8215561999241,275.9216797000263,277.92163989995606,278.3219031000044,278.42406999995,278.42406999995,284.2753200000152,h,1,5.843016300001182,NA,284.2762252999237,284.2882845000131,284.2882845000131,284.2882845000131,284.2882845000131,284.2771531000035,NA,NA,NA,NA,NA,NA,NA,NA,NA,NA,032,001,2025-10-10_09h47.53.340,Study_5_PsychoPy_Experiment,2024.1.5,NA,2025-10-10 09h48.05.520472 +0100
Reality,Reg,TRUE,N,NB-TB-K,DD_NB,PsychoPyStudy5Stim/DD_NB_4.png,"In REALITY, there are ZERO cubes",Zero,h,b,N,-,N,0,46,46,160,284.2882845000131,NA,NA,NA,NA,NA,NA,NA,NA,NA,284.27782119996846,5.1819998770952e-4,284.37429459998384,284.7549459999427,284.85509369999636,286.8550749999704,287.25508689996786,287.3574371000286,287.3574371000286,288.74213769997004,b,1,1.3819617999251932,NA,288.7429757999489,288.7549377999967,288.7549377999967,288.7549377999967,288.7549377999967,288.74387529992964,NA,NA,NA,NA,NA,NA,NA,NA,NA,NA,032,001,2025-10-10_09h47.53.340,Study_5_PsychoPy_Experiment,2024.1.5,NA,2025-10-10 09h48.05.520472 +0100
Reality,Reg,FALSE,N,NB-TB-K,DD_NB,PsychoPyStudy5Stim/DD_NB_6.png,"In REALITY, there are TWO cubes",Two,b,h,N,PropFalse,N,0,47,47,162,288.7549377999967,NA,NA,NA,NA,NA,NA,NA,NA,NA,288.74453299993183,5.092000355944e-4,288.8411417999305,289.22157489997335,289.3216594000114,291.3215859000338,291.72159530001227,291.8239459999604,291.8239459999604,293.72491039999295,h,1,1.898685400024988,NA,293.72560819995124,293.7382056999486,293.7382056999486,293.7382056999486,293.7382056999486,293.72629789996427,NA,NA,NA,NA,NA,NA,NA,NA,NA,NA,032,001,2025-10-10_09h47.53.340,Study_5_PsychoPy_Experiment,2024.1.5,NA,2025-10-10 09h48.05.520472 +0100
Belief,Reg,TRUE,N,TB-K-B,TT_B,PsychoPyStudy5Stim/TT_B_6.png,Adam THINKS there are TWO cubes,Two,h,b,N,-,N,0,48,48,247,293.7382056999486,NA,NA,NA,NA,NA,NA,NA,NA,NA,293.7268312999513,3.9240007754415e-4,293.8124431000324,294.18806079996284,294.28842310002074,296.2883718999801,296.68829940003343,296.7905829999363,296.7905829999363,298.6086502999533,b,1,1.804359900066629,NA,298.6094947999809,298.62159919994883,298.62159919994883,298.62159919994883,298.62159919994883,298.6103961999761,NA,NA,NA,NA,NA,NA,NA,NA,NA,NA,032,001,2025-10-10_09h47.53.340,Study_5_PsychoPy_Experiment,2024.1.5,NA,2025-10-10 09h48.05.520472 +0100
Knowledge,Reg,FALSE,N,FB-Ig,T_B_T,PsychoPyStudy5Stim/T_B_T_6.png,Adam KNOWS there are ZERO cubes,Zero,b,h,N,PropFalse,N,0,49,49,280,298.62159919994883,NA,NA,NA,NA,NA,NA,NA,NA,NA,298.61105499998666,5.1059992983937e-4,298.71675170003437,299.08832570002414,299.188209899934,301.1882966000121,301.5882895999821,301.6907502999529,301.6907502999529,303.6582353999838,h,1,1.9519414999522269,NA,303.65891030000057,303.67149219999555,303.67149219999555,303.67149219999555,303.67149219999555,303.6596429999918,NA,NA,NA,NA,NA,NA,NA,NA,NA,NA,032,001,2025-10-10_09h47.53.340,Study_5_PsychoPy_Experiment,2024.1.5,NA,2025-10-10 09h48.05.520472 +0100
Knowledge,Reg,FALSE,N,TB-Ig,D_B,PsychoPyStudy5Stim/D_B_3.png,Adam KNOWS there are ZERO cubes,Zero,b,h,N,PropTrueNoKnow,Y,0,50,50,199,303.67149219999555,NA,NA,NA,NA,NA,NA,NA,NA,NA,303.66017009993084,4.0990009438246e-4,303.75643129996024,304.13821300002746,304.23833520000335,306.23838100000285,306.6382919999305,306.7405863000313,306.7405863000313,310.8243660000153,h,1,4.070247100084089,NA,310.8246782999486,310.83797719993163,310.83797719993163,310.83797719993163,310.83797719993163,310.82516120001674,NA,NA,NA,NA,NA,NA,NA,NA,NA,NA,032,001,2025-10-10_09h47.53.340,Study_5_PsychoPy_Experiment,2024.1.5,NA,2025-10-10 09h48.05.520472 +0100
Belief,Neg,TRUE,Y,FB-Ig,T_B_T,PsychoPyStudy5Stim/T_B_T_2.png,Adam does NOT THINK there are TWO cubes,Two,h,b,Y,-,N,0,51,51,17,310.83797719993163,NA,NA,NA,NA,NA,NA,NA,NA,NA,310.82545479992405,2.5009992532432e-4,310.9150029999437,311.2881656999234,311.38833739992697,313.38833799993154,313.78815399995074,313.8906965999631,313.8906965999631,324.2083483999595,b,1,10.312664399971254,NA,324.2090375999687,324.22138699993957,324.22138699993957,324.22138699993957,324.22138699993957,324.20978989999276,NA,NA,NA,NA,NA,NA,NA,NA,NA,NA,032,001,2025-10-10_09h47.53.340,Study_5_PsychoPy_Experiment,2024.1.5,NA,2025-10-10 09h48.05.520472 +0100
Knowledge,Reg,FALSE,N,FB-Ig,D_B_T,PsychoPyStudy5Stim/D_B_T_6.png,Adam KNOWS there are TWO cubes,Two,b,h,N,PropFalse,N,0,52,52,296,324.22138699993957,NA,NA,NA,NA,NA,NA,NA,NA,NA,324.2103619999252,4.5300007332116e-4,324.31165359995794,324.6881470999215,324.7882011999609,326.78816689993255,327.1881488999352,327.2905107999686,327.2905107999686,335.6414010999724,h,1,8.33610570000019,NA,335.64208359993063,335.65470039995853,335.65470039995853,335.65470039995853,335.65470039995853,335.6428396999836,NA,NA,NA,NA,NA,NA,NA,NA,NA,NA,032,001,2025-10-10_09h47.53.340,Study_5_PsychoPy_Experiment,2024.1.5,NA,2025-10-10 09h48.05.520472 +0100
Reality,Reg,FALSE,N,TB-K-B,TD_B,PsychoPyStudy5Stim/TD_B_6.png,"In REALITY, there are ZERO cubes",Zero,b,h,N,PropFalse,N,0,53,53,273,335.65470039995853,NA,NA,NA,NA,NA,NA,NA,NA,NA,335.64336039999034,4.0399993304163e-4,335.7297476999229,336.1046122999396,336.2046109000221,338.2049218999455,338.60479459993076,338.7071303999983,338.7071303999983,339.9750079999212,h,1,1.2636043999809772,NA,339.975743799936,339.98814219993073,339.98814219993073,339.98814219993073,339.98814219993073,339.97648109996226,NA,NA,NA,NA,NA,NA,NA,NA,NA,NA,032,001,2025-10-10_09h47.53.340,Study_5_PsychoPy_Experiment,2024.1.5,NA,2025-10-10 09h48.05.520472 +0100
Belief,Neg,FALSE,N,NB-TB-K,T_NB,PsychoPyStudy5Stim/T_NB_8.png,Adam does NOT THINK there is ONE cube,One,b,h,Y,PropFalse,N,0,54,54,55,339.98814219993073,NA,NA,NA,NA,NA,NA,NA,NA,NA,339.9770257000346,4.2050005868077e-4,340.0639187999768,340.43797440000344,340.53832649998367,342.5382027999731,342.93821499997284,343.0406173999654,343.0406173999654,346.00804570002947,h,1,2.9534401000710204,NA,346.00875509995967,346.02135980001185,346.02135980001185,346.02135980001185,346.02135980001185,346.0095177999465,NA,NA,NA,NA,NA,NA,NA,NA,NA,NA,032,001,2025-10-10_09h47.53.340,Study_5_PsychoPy_Experiment,2024.1.5,NA,2025-10-10 09h48.05.520472 +0100
Reality,Reg,TRUE,N,TB-K-B,TD_B,PsychoPyStudy5Stim/TD_B_2.png,"In REALITY, there is ONE cube",One,h,b,N,-,N,0,55,55,271,346.02135980001185,NA,NA,NA,NA,NA,NA,NA,NA,NA,346.01009789993986,4.6169990673661e-4,346.1053241000045,346.4880436999956,346.58813109993935,348.58805999998003,348.98810780001804,349.09048339992296,349.09048339992296,350.07517049997114,b,1,0.9679860000032932,NA,350.0760632000165,350.0880938000046,350.0880938000046,350.0880938000046,350.0880938000046,350.07706049992703,NA,NA,NA,NA,NA,NA,NA,NA,NA,NA,032,001,2025-10-10_09h47.53.340,Study_5_PsychoPy_Experiment,2024.1.5,NA,2025-10-10 09h48.05.520472 +0100
Knowledge,Reg,FALSE,N,TB-Ig,D_B,PsychoPyStudy5Stim/D_B_D_3.png,Adam KNOWS there are ZERO cubes,Zero,b,h,N,PropTrueNoKnow,Y,0,56,56,208,350.0880938000046,NA,NA,NA,NA,NA,NA,NA,NA,NA,350.07776569994166,5.5869994685053e-4,350.17525869992096,350.55469359993003,350.65480539994314,352.65461389999837,353.0548170999391,353.1571722999215,353.1571722999215,354.6739730000263,h,1,1.5009718999499455,NA,354.6742936000228,354.6877537999535,354.6877537999535,354.6877537999535,354.6877537999535,354.67461939994246,NA,NA,NA,NA,NA,NA,NA,NA,NA,NA,032,001,2025-10-10_09h47.53.340,Study_5_PsychoPy_Experiment,2024.1.5,NA,2025-10-10 09h48.05.520472 +0100
Belief,Reg,TRUE,N,FB-Ig,B_TT,PsychoPyStudy5Stim/B_TT_4.png,Adam THINKS there are ZERO cubes,Zero,h,b,N,-,Y,0,57,57,329,354.6877537999535,NA,NA,NA,NA,NA,NA,NA,NA,NA,354.6748347999528,1.7140002455562e-4,354.7614602999529,355.13791439996567,355.2382779000327,357.2380305000115,357.6380479999352,357.740475700004,357.740475700004,358.8749099000124,h,0,1.117781799985096,NA,358.87556179997046,358.8878094999818,358.8878094999818,358.8878094999818,358.8878094999818,358.87619600002654,NA,NA,NA,NA,NA,NA,NA,NA,NA,NA,032,001,2025-10-10_09h47.53.340,Study_5_PsychoPy_Experiment,2024.1.5,NA,2025-10-10 09h48.05.520472 +0100
Reality,Reg,FALSE,N,TB-Ig,D_B,PsychoPyStudy5Stim/D_B_3.png,"In REALTY, there are TWO cubes",Two,b,h,N,-,N,0,58,58,205,358.8878094999818,NA,NA,NA,NA,NA,NA,NA,NA,NA,358.87661819998175,3.2940006349235e-4,358.9650613999693,359.3379943999462,359.43812860001344,361.43807349994313,361.8380392999388,361.9403981999494,361.9403981999494,364.57469409995247,h,1,2.621611800044775,NA,364.5754135999596,364.5879366999725,364.5879366999725,364.5879366999725,364.5879366999725,364.5761487999698,NA,NA,NA,NA,NA,NA,NA,NA,NA,NA,032,001,2025-10-10_09h47.53.340,Study_5_PsychoPy_Experiment,2024.1.5,NA,2025-10-10 09h48.05.520472 +0100
Belief,Neg,FALSE,N,NB-TB-K,TT_NB,PsychoPyStudy5Stim/TT_NB_8.png,Adam does NOT THINK there are TWO cubes,Two,b,h,Y,PropFalse,N,0,59,59,79,364.5879366999725,NA,NA,NA,NA,NA,NA,NA,NA,NA,364.57668319996446,4.1430001147091e-4,364.6723729999503,365.0546669999603,365.1548480000347,367.1546292999992,367.5547434999607,367.6572472000262,367.6572472000262,371.8252116999356,h,1,4.161343600018881,NA,371.82614040002227,371.8378411999438,371.8378411999438,371.8378411999438,371.8378411999438,371.8270552000031,NA,NA,NA,NA,NA,NA,NA,NA,NA,NA,032,001,2025-10-10_09h47.53.340,Study_5_PsychoPy_Experiment,2024.1.5,NA,2025-10-10 09h48.05.520472 +0100
Belief,Reg,FALSE,N,TB-K-B,TD_B,PsychoPyStudy5Stim/TD_B_5.png,Adam THINKS there are ZERO cubes,Zero,b,h,N,PropFalse,N,0,60,60,267,371.8378411999438,NA,NA,NA,NA,NA,NA,NA,NA,NA,371.8277798999334,5.7169992942363e-4,371.9094789000228,372.2879616999998,372.38814679998904,374.3881266999524,374.7880019999575,374.8903773999773,374.8903773999773,379.3571340999333,h,1,4.464238399988972,NA,379.3574451999739,379.3711336000124,379.3711336000124,379.3711336000124,379.3711336000124,379.3577676999848,NA,NA,NA,NA,NA,NA,NA,NA,NA,NA,032,001,2025-10-10_09h47.53.340,Study_5_PsychoPy_Experiment,2024.1.5,NA,2025-10-10 09h48.05.520472 +0100
Belief,Neg,TRUE,Y,FB-Ig,D_B_T,PsychoPyStudy5Stim/D_B_T_4.png,Adam does NOT THINK there is ONE cube,One,h,b,Y,-,N,0,61,61,27,379.3711336000124,NA,NA,NA,NA,NA,NA,NA,NA,NA,379.3579894999275,1.7560005653649e-4,379.44499310001265,379.82126110000536,379.9214592999778,381.92143039999064,382.3212968999287,382.423765799962,382.423765799962,388.6410821999889,b,1,6.210752799990587,NA,388.64165609993506,388.65445859998,388.65445859998,388.65445859998,388.65445859998,388.6422782000154,NA,NA,NA,NA,NA,NA,NA,NA,NA,NA,032,001,2025-10-10_09h47.53.340,Study_5_PsychoPy_Experiment,2024.1.5,NA,2025-10-10 09h48.05.520472 +0100
Belief,Neg,FALSE,N,NB-TB-K,T_NB,PsychoPyStudy5Stim/T_NB_7.png,Adam does NOT THINK there is ONE cube,One,b,h,Y,PropFalse,N,0,62,62,54,388.65445859998,NA,NA,NA,NA,NA,NA,NA,NA,NA,388.642720200005,3.4370005596429e-4,388.7370265999343,389.1213726999704,389.2213711999357,391.2213374000275,391.62133110000286,391.7237692000344,391.7237692000344,394.14054129994474,h,1,2.41552459995728,NA,394.1408896999201,394.1543992999941,394.1543992999941,394.1543992999941,394.1543992999941,394.1413076999597,NA,NA,NA,NA,NA,NA,NA,NA,NA,NA,032,001,2025-10-10_09h47.53.340,Study_5_PsychoPy_Experiment,2024.1.5,NA,2025-10-10 09h48.05.520472 +0100
Knowledge,Reg,FALSE,N,TB-Ig,D_B,PsychoPyStudy5Stim/D_B_1.png,Adam KNOWS there are ZERO cubes,Zero,b,h,N,PropTrueNoKnow,Y,0,63,63,197,394.1543992999941,NA,NA,NA,NA,NA,NA,NA,NA,NA,394.1415593000129,1.9950000569224e-4,394.2483438999625,394.62120439996943,394.72134639997967,396.7213072000304,397.12129359995015,397.2236316999188,397.2236316999188,398.6745871999301,h,1,1.434453200083226,NA,398.67529309995007,398.6878570999252,398.6878570999252,398.6878570999252,398.6878570999252,398.6760358000174,NA,NA,NA,NA,NA,NA,NA,NA,NA,NA,032,001,2025-10-10_09h47.53.340,Study_5_PsychoPy_Experiment,2024.1.5,NA,2025-10-10 09h48.05.520472 +0100
Reality,Reg,FALSE,N,TB-Ig,D_B,PsychoPyStudy5Stim/D_B_D_2.png,"In REALITY, there is ONE cube",One,b,h,N,NA,N,0,64,64,213,398.6878570999252,NA,NA,NA,NA,NA,NA,NA,NA,NA,398.67657339992,4.1400000918656e-4,398.7747636999702,399.15450970001984,399.2546248999424,401.2546168999979,401.6546080999542,401.7569505999563,401.7569505999563,403.5593623999739,h,1,1.7977380000520498,NA,403.5605977999512,403.57134000002407,403.57134000002407,403.57134000002407,403.57134000002407,403.56198150001,NA,NA,NA,NA,NA,NA,NA,NA,NA,NA,032,001,2025-10-10_09h47.53.340,Study_5_PsychoPy_Experiment,2024.1.5,NA,2025-10-10 09h48.05.520472 +0100
Knowledge,Reg,TRUE,N,NB-TB-K,D_NB,PsychoPyStudy5Stim/D_NB_8.png,Adam KNOWS there are ZERO cubes,Zero,h,b,N,-,N,0,65,65,135,403.57134000002407,NA,NA,NA,NA,NA,NA,NA,NA,NA,403.56295990000945,0.00075150001794098995,403.6727343000239,404.05449639994185,404.1546472000191,406.1546374999453,406.5545893999515,406.6569617999485,406.6569617999485,407.72370829992,b,1,1.0497655000071973,NA,407.7240539999912,407.73766019998584,407.73766019998584,407.73766019998584,407.73766019998584,407.7244687000057,NA,NA,NA,NA,NA,NA,NA,NA,NA,NA,032,001,2025-10-10_09h47.53.340,Study_5_PsychoPy_Experiment,2024.1.5,NA,2025-10-10 09h48.05.520472 +0100
Belief,Reg,FALSE,N,FB-Ig,T_B_T,PsychoPyStudy5Stim/T_B_T_6.png,Adam THINKS there are ZERO cubes,Zero,b,h,N,PropFalse,N,0,66,66,288,407.73766019998584,NA,NA,NA,NA,NA,NA,NA,NA,NA,407.7247184999287,1.9510008860379e-4,407.81071649992373,408.18779559992254,408.2879908999894,410.2879787000129,410.6879020999186,410.79046439996455,410.79046439996455,414.34148109995294,h,1,3.5489773999433964,NA,414.3421880999813,414.3544342999812,414.3544342999812,414.3544342999812,414.3544342999812,414.34295890002977,NA,NA,NA,NA,NA,NA,NA,NA,NA,NA,032,001,2025-10-10_09h47.53.340,Study_5_PsychoPy_Experiment,2024.1.5,NA,2025-10-10 09h48.05.520472 +0100
Knowledge,Neg,TRUE,Y,FB-Ig,D_B_T,PsychoPyStudy5Stim/D_B_T_5.png,Adam does NOT KNOW there is ONE cube,One,h,b,Y,-,N,0,67,67,12,414.3544342999812,NA,NA,NA,NA,NA,NA,NA,NA,NA,414.3435334999813,4.5329995919018e-4,414.4305090999696,414.80421879992355,414.90435339999385,416.9045914999442,417.3046020999318,417.4069380000001,417.4069380000001,422.45787399995606,b,1,5.04405099991709,NA,422.45855370000936,422.4710270999931,422.4710270999931,422.4710270999931,422.4710270999931,422.4593042000197,NA,NA,NA,NA,NA,NA,NA,NA,NA,NA,032,001,2025-10-10_09h47.53.340,Study_5_PsychoPy_Experiment,2024.1.5,NA,2025-10-10 09h48.05.520472 +0100
Reality,Reg,TRUE,N,TB-K-B,DD_B,PsychoPyStudy5Stim/DD_B_7.png,"In REALITY, there are ZERO cubes",Zero,h,b,N,-,N,0,68,68,238,422.4710270999931,NA,NA,NA,NA,NA,NA,NA,NA,NA,422.4598342999816,4.1179999243468e-4,422.5609919999261,422.9377950000344,423.0378708000062,425.0379361999221,425.4378550000256,425.5402292999206,425.5402292999206,430.0906366999261,b,1,4.533871199935675,NA,430.0910729999887,430.1043069999432,430.1043069999432,430.1043069999432,430.1043069999432,430.09153879992664,NA,NA,NA,NA,NA,NA,NA,NA,NA,NA,032,001,2025-10-10_09h47.53.340,Study_5_PsychoPy_Experiment,2024.1.5,NA,2025-10-10 09h48.05.520472 +0100
Knowledge,Neg,TRUE,Y,FB-Ig,T_B_T,PsychoPyStudy5Stim/T_B_T_2.png,Adam does NOT KNOW there are TWO cubes,Two,h,b,Y,-,N,0,69,69,1,430.1043069999432,NA,NA,NA,NA,NA,NA,NA,NA,NA,430.0918545000022,2.4510000366717e-4,430.1864913000027,430.5710919999983,430.6712164999917,432.6712123999605,433.0712325000204,433.17355239996687,433.17355239996687,434.3911466000136,b,1,1.2051052999449894,NA,434.3918680999195,434.4043798999628,434.4043798999628,434.4043798999628,434.4043798999628,434.392631100025,NA,NA,NA,NA,NA,NA,NA,NA,NA,NA,032,001,2025-10-10_09h47.53.340,Study_5_PsychoPy_Experiment,2024.1.5,NA,2025-10-10 09h48.05.520472 +0100
Belief,Reg,FALSE,N,NB-TB-K,TT_NB,PsychoPyStudy5Stim/TT_NB_8.png,Adam THINKS there are ZERO cubes,Zero,b,h,N,PropFalse,N,0,70,70,188,434.4043798999628,NA,NA,NA,NA,NA,NA,NA,NA,NA,434.3931627999991,4.1269999928772e-4,434.490094000008,434.87090400001034,434.9710328999208,436.9711902999552,437.3711676999228,437.4734721999848,437.4734721999848,440.3572544000344,h,1,2.880529099958949,NA,440.3575740000233,440.3708163999254,440.3708163999254,440.3708163999254,440.3708163999254,440.35790269996505,NA,NA,NA,NA,NA,NA,NA,NA,NA,NA,032,001,2025-10-10_09h47.53.340,Study_5_PsychoPy_Experiment,2024.1.5,NA,2025-10-10 09h48.05.520472 +0100
Knowledge,Reg,FALSE,N,TB-Ig,D_B,PsychoPyStudy5Stim/D_B_D_1.png,Adam KNOWS there are ZERO cubes,Zero,b,h,N,PropTrueNoKnow,Y,0,71,71,206,440.3708163999254,NA,NA,NA,NA,NA,NA,NA,NA,NA,440.3581205999944,1.7070001922547e-4,440.4516180999344,440.82081249996554,440.9213199999649,442.92111779993866,443.3211343999719,443.42349089996424,443.42349089996424,444.7072946999688,h,1,1.2667118000099435,NA,444.7078086999245,444.7209446999477,444.7209446999477,444.7209446999477,444.7209446999477,444.7083470999496,NA,NA,NA,NA,NA,NA,NA,NA,NA,NA,032,001,2025-10-10_09h47.53.340,Study_5_PsychoPy_Experiment,2024.1.5,NA,2025-10-10 09h48.05.520472 +0100
Belief,Reg,FALSE,N,NB-TB-K,TT_NB,PsychoPyStudy5Stim/TT_NB_1.png,Adam THINKS there are ZERO cubes,Zero,b,h,N,PropFalse,N,0,72,72,181,444.7209446999477,NA,NA,NA,NA,NA,NA,NA,NA,NA,444.7087321999715,2.9859994538128e-4,444.7961017999333,445.1710736999521,445.2711503999308,447.2711265999824,447.6710876999423,447.7732770999428,447.7732770999428,449.0743661000161,h,1,1.284468000056222,NA,449.07497489999514,449.0876073000254,449.0876073000254,449.0876073000254,449.0876073000254,449.075583799975,NA,NA,NA,NA,NA,NA,NA,NA,NA,NA,032,001,2025-10-10_09h47.53.340,Study_5_PsychoPy_Experiment,2024.1.5,NA,2025-10-10 09h48.05.520472 +0100
Belief,Neg,TRUE,N,TB-K,TD_B,PsychoPyStudy5Stim/TD_B_3.png,Adam does NOT THINK there are TWO cubes,Two,h,b,Y,-,N,0,73,73,110,449.0876073000254,NA,NA,NA,NA,NA,NA,NA,NA,NA,449.0760531999403,3.4759996924549e-4,449.1726668999763,449.5543784999754,449.6544894999825,451.65451509994455,452.05441550002433,452.1567816999741,452.1567816999741,454.60743079998065,b,1,2.446852699969895,NA,454.60795239999425,454.6209130999632,454.6209130999632,454.6209130999632,454.6209130999632,454.60849909996614,NA,NA,NA,NA,NA,NA,NA,NA,NA,NA,032,001,2025-10-10_09h47.53.340,Study_5_PsychoPy_Experiment,2024.1.5,NA,2025-10-10 09h48.05.520472 +0100
Belief,Neg,TRUE,N,NB-TB-K,T_NB,PsychoPyStudy5Stim/T_NB_3.png,Adam does NOT THINK there are TWO cubes,Two,h,b,Y,-,N,0,74,74,38,454.6209130999632,NA,NA,NA,NA,NA,NA,NA,NA,NA,454.6088817999698,3.1939998734742e-4,454.7148936999729,455.0876590999542,455.1877729999833,457.1877792000305,457.58778079994954,457.69008430000395,457.69008430000395,459.60700550000183,b,1,1.911825399962254,NA,459.607302099932,459.6208748000208,459.6208748000208,459.6208748000208,459.6208748000208,459.6076281999703,NA,NA,NA,NA,NA,NA,NA,NA,NA,NA,032,001,2025-10-10_09h47.53.340,Study_5_PsychoPy_Experiment,2024.1.5,NA,2025-10-10 09h48.05.520472 +0100
Reality,Reg,TRUE,N,NB-TB-K,DD_NB,PsychoPyStudy5Stim/DD_NB_3.png,"In REALITY, there are ZERO cubes",Zero,h,b,N,-,N,0,75,75,159,459.6208748000208,NA,NA,NA,NA,NA,NA,NA,NA,NA,459.60784159996547,1.6999989748001e-4,459.7085274999263,460.0876590999542,460.18779839994386,462.18778909998946,462.5876130999531,462.69003509997856,462.69003509997856,464.1405784999952,b,1,1.448908600024879,NA,464.14107270003296,464.1542212999193,464.1542212999193,464.1542212999193,464.1542212999193,464.1416123999515,NA,NA,NA,NA,NA,NA,NA,NA,NA,NA,032,001,2025-10-10_09h47.53.340,Study_5_PsychoPy_Experiment,2024.1.5,NA,2025-10-10 09h48.05.520472 +0100
Knowledge,Neg,FALSE,N,TB-K,TT_B,PsychoPyStudy5Stim/TT_B_7.png,Adam does NOT KNOW there are TWO cubes,Two,b,h,Y,PropFalse,N,0,76,76,94,464.1542212999193,NA,NA,NA,NA,NA,NA,NA,NA,NA,464.1419928999385,2.9720005113631e-4,464.2397593000205,464.6208670999622,464.7212101999903,466.72102669999,467.12109719996806,467.22346769995056,467.22346769995056,473.4742654999718,h,1,6.2427620000671595,NA,473.4749484999338,473.48754449991975,473.48754449991975,473.48754449991975,473.48754449991975,473.47567600000184,NA,NA,NA,NA,NA,NA,NA,NA,NA,NA,032,001,2025-10-10_09h47.53.340,Study_5_PsychoPy_Experiment,2024.1.5,NA,2025-10-10 09h48.05.520472 +0100
Belief,Neg,TRUE,Y,FB-Ig,T_B_T,PsychoPyStudy5Stim/T_B_T_4.png,Adam does NOT THINK there are TWO cubes,Two,h,b,Y,-,N,0,77,77,19,473.48754449991975,NA,NA,NA,NA,NA,NA,NA,NA,NA,473.47623999998905,4.4840003829449e-4,473.57424779993016,473.95419439999387,474.0544114999939,476.05429559992626,476.4543962000171,476.55690780002624,476.55690780002624,478.7910376000218,b,1,2.2214238999877125,NA,478.791744899936,478.8041897999355,478.8041897999355,478.8041897999355,478.8041897999355,478.79247340001166,NA,NA,NA,NA,NA,NA,NA,NA,NA,NA,032,001,2025-10-10_09h47.53.340,Study_5_PsychoPy_Experiment,2024.1.5,NA,2025-10-10 09h48.05.520472 +0100
Knowledge,Reg,TRUE,N,NB-TB-K,DT_NB,PsychoPyStudy5Stim/TD_NB_2.png,Adam KNOWS there is ONE cube,One,h,b,N,-,N,0,78,78,164,478.8041897999355,NA,NA,NA,NA,NA,NA,NA,NA,NA,478.79300720000174,4.1400000918656e-4,478.8802296000067,479.2542622999754,479.354384599952,481.3543632000219,481.754086400033,481.8563706999412,481.8563706999412,484.6741992000025,b,1,2.809589999960735,NA,484.674917700002,484.687520599924,484.687520599924,484.687520599924,484.687520599924,484.6756409999216,NA,NA,NA,NA,NA,NA,NA,NA,NA,NA,032,001,2025-10-10_09h47.53.340,Study_5_PsychoPy_Experiment,2024.1.5,NA,2025-10-10 09h48.05.520472 +0100
Belief,Neg,TRUE,Y,FB-Ig,D_B_T,PsychoPyStudy5Stim/D_B_T_3.png,Adam does NOT THINK there is ONE cube,One,h,b,Y,-,N,0,79,79,26,484.687520599924,NA,NA,NA,NA,NA,NA,NA,NA,NA,484.6762062000344,4.2070006020367e-4,484.7651106999256,485.137635699939,485.237792699947,487.2376897999784,487.6377039999934,487.740060799988,487.740060799988,490.374477699981,b,1,2.63033189997077,NA,490.3752134999959,490.38749320001807,490.38749320001807,490.38749320001807,490.38749320001807,490.37593700003345,NA,NA,NA,NA,NA,NA,NA,NA,NA,NA,032,001,2025-10-10_09h47.53.340,Study_5_PsychoPy_Experiment,2024.1.5,NA,2025-10-10 09h48.05.520472 +0100
Belief,Reg,FALSE,N,NB-TB-K,DD_NB,PsychoPyStudy5Stim/DD_NB_1.png,Adam THINKS there is ONE cube,One,b,h,N,PropFalse,N,0,80,80,157,490.38749320001807,NA,NA,NA,NA,NA,NA,NA,NA,NA,490.3765012000222,4.1430001147091e-4,490.4617837999249,490.8374373000115,490.9376355999848,492.9374700000044,493.3375417999923,493.4397470999975,493.4397470999975,494.6408351999707,h,1,1.185871599940583,NA,494.6415684999665,494.6541595000308,494.6541595000308,494.6541595000308,494.6541595000308,494.6422909999965,NA,NA,NA,NA,NA,NA,NA,NA,NA,NA,032,001,2025-10-10_09h47.53.340,Study_5_PsychoPy_Experiment,2024.1.5,NA,2025-10-10 09h48.05.520472 +0100
Reality,Reg,FALSE,N,TB-Ig,D_B,PsychoPyStudy5Stim/D_B_2.png,"In REALITY, there is ONE cube",One,b,h,N,-,N,0,81,81,204,494.6541595000308,NA,NA,NA,NA,NA,NA,NA,NA,NA,494.6428594000172,4.1860004421323e-4,494.740912499954,495.1208246999886,495.22097439994104,497.2208282999927,497.62093660002574,497.723194399965,497.723194399965,500.5241652999539,h,1,2.7990970000391826,NA,500.524801600026,500.5374787999317,500.5374787999317,500.5374787999317,500.5374787999317,500.5254924999317,NA,NA,NA,NA,NA,NA,NA,NA,NA,NA,032,001,2025-10-10_09h47.53.340,Study_5_PsychoPy_Experiment,2024.1.5,NA,2025-10-10 09h48.05.520472 +0100
Belief,Reg,FALSE,N,FB-Ig,T_B_T,PsychoPyStudy5Stim/T_B_T_4.png,Adam THINKS there are ZERO cubes,Zero,b,h,N,PropFalse,N,0,82,82,286,500.5374787999317,NA,NA,NA,NA,NA,NA,NA,NA,NA,500.5259863999672,3.8389989640563e-4,500.6236875000177,501.0041988999583,501.10433070000727,503.1041866999585,503.50424689997453,503.6067430999829,503.6067430999829,506.6240997000132,h,1,3.002643199986778,NA,506.6247441000305,506.6373835999984,506.6373835999984,506.6373835999984,506.6373835999984,506.62544099998195,NA,NA,NA,NA,NA,NA,NA,NA,NA,NA,032,001,2025-10-10_09h47.53.340,Study_5_PsychoPy_Experiment,2024.1.5,NA,2025-10-10 09h48.05.520472 +0100
Reality,Reg,TRUE,N,TB-K-B,TT_B,PsychoPyStudy5Stim/TT_B_3.png,"In REALITY, there are TWO cubes",Two,h,b,N,-,N,0,83,83,251,506.6373835999984,NA,NA,NA,NA,NA,NA,NA,NA,NA,506.62594189995434,3.8910005241632e-4,506.72899159998633,507.1041598999873,507.20428339997306,509.2042169999331,509.60418199992273,509.70682209997904,509.70682209997904,510.9570480999537,b,1,1.2474770999979228,NA,510.95736260002013,510.9711765999673,NA,510.9711765999673,NA,524.6229638999794,space,13.646911200019533,NA,NA,NA,NA,NA,NA,NA,NA,032,001,2025-10-10_09h47.53.340,Study_5_PsychoPy_Experiment,2024.1.5,NA,2025-10-10 09h48.05.520472 +0100
Knowledge,Reg,TRUE,N,NB-TB-K,DD_NB,PsychoPyStudy5Stim/DD_NB_2.png,Adam KNOWS there are ZERO cubes,Zero,h,b,N,-,N,0,84,84,148,524.6374816999305,NA,NA,NA,NA,NA,NA,NA,NA,NA,524.6247032999527,5.8079999871551e-4,524.7281666999916,525.1040646999609,525.2041805000044,527.204164499999,527.604165900033,527.706436599954,527.706436599954,528.8237526000012,b,1,1.103557099937461,NA,528.8243681000313,528.837333100033,528.837333100033,528.837333100033,528.837333100033,528.8258137999801,NA,NA,NA,NA,NA,NA,NA,NA,NA,NA,032,001,2025-10-10_09h47.53.340,Study_5_PsychoPy_Experiment,2024.1.5,NA,2025-10-10 09h48.05.520472 +0100
Reality,Reg,FALSE,N,FB-Ig,B_TT,PsychoPyStudy5Stim/B_TT_4.png,"In REALITY, there are ZERO cubes",Zero,b,h,N,-,N,0,85,85,334,528.837333100033,NA,NA,NA,NA,NA,NA,NA,NA,NA,528.8263571999269,3.9009994361549e-4,528.9323972000275,529.3041529000038,529.4042171000037,531.4040619999869,531.8039867000189,531.906560100033,531.906560100033,533.1242435999447,b,0,1.215605500037782,NA,533.1249772999436,533.137384200003,533.137384200003,533.137384200003,533.137384200003,533.1257641999982,NA,NA,NA,NA,NA,NA,NA,NA,NA,NA,032,001,2025-10-10_09h47.53.340,Study_5_PsychoPy_Experiment,2024.1.5,NA,2025-10-10 09h48.05.520472 +0100
Knowledge,Reg,TRUE,N,NB-TB-K,D_NB,PsychoPyStudy5Stim/D_NB_5.png,Adam KNOWS there are ZERO cubes,Zero,h,b,N,-,N,0,86,86,132,533.137384200003,NA,NA,NA,NA,NA,NA,NA,NA,NA,533.12633489992,4.4009997509419e-4,533.2333307999652,533.6040091000032,533.7040900000138,535.7041974000167,536.1041194000281,536.2065220000222,536.2065220000222,537.6906601999654,b,1,1.4756606000009924,NA,537.6912821999285,537.70398769993335,537.70398769993335,537.70398769993335,537.70398769993335,537.6919070000295,NA,NA,NA,NA,NA,NA,NA,NA,NA,NA,032,001,2025-10-10_09h47.53.340,Study_5_PsychoPy_Experiment,2024.1.5,NA,2025-10-10 09h48.05.520472 +0100
Knowledge,Neg,TRUE,N,NB-TB-K,TT_NB,PsychoPyStudy5Stim/TT_NB_3.png,Adam does NOT KNOW there is ONE cube,One,h,b,Y,-,N,0,87,87,58,537.70398769993335,NA,NA,NA,NA,NA,NA,NA,NA,NA,537.6923850999447,3.770999610424e-4,537.7978696000064,538.1706016999669,538.2709725999739,540.2708900999278,540.6707778000273,540.773204099969,540.773204099969,541.7901733999606,h,0,1.0048140999861062,NA,541.7904835999943,541.8037677999819,541.8037677999819,541.8037677999819,541.8037677999819,541.7908102999208,NA,NA,NA,NA,NA,NA,NA,NA,NA,NA,032,001,2025-10-10_09h47.53.340,Study_5_PsychoPy_Experiment,2024.1.5,NA,2025-10-10 09h48.05.520472 +0100
Belief,Reg,TRUE,N,FB-Ig,B_T,PsychoPyStudy5Stim/B_T_4.png,Adam THINKS there are ZERO cubes,Zero,h,b,N,-,Y,0,88,88,315,541.8037677999819,NA,NA,NA,NA,NA,NA,NA,NA,NA,541.7910463999724,1.9039993640035e-4,541.895765000023,542.2706665999722,542.3708345999476,544.3706660999451,544.7707040000241,544.8731748999562,544.8731748999562,546.9076111000031,b,1,2.024119600071572,NA,546.9084720999235,546.9206624999642,546.9206624999642,546.9206624999642,546.9206624999642,546.9092904999852,NA,NA,NA,NA,NA,NA,NA,NA,NA,NA,032,001,2025-10-10_09h47.53.340,Study_5_PsychoPy_Experiment,2024.1.5,NA,2025-10-10 09h48.05.520472 +0100
Belief,Reg,FALSE,N,FB-Ig,D_B_T,PsychoPyStudy5Stim/D_B_T_6.png,Adam THINKS there are TWO cubes,Two,b,h,N,PropFalse,N,0,89,89,304,546.9206624999642,NA,NA,NA,NA,NA,NA,NA,NA,NA,546.9098680999596,4.4710002839565e-4,547.0092100999318,547.3873506999807,547.4874229999259,549.4875003999332,549.8874254999682,549.9897310999222,549.9897310999222,551.7739476999268,h,1,1.7727909999666736,NA,551.7745923999464,551.7872897000052,551.7872897000052,551.7872897000052,551.7872897000052,551.775257900008,NA,NA,NA,NA,NA,NA,NA,NA,NA,NA,032,001,2025-10-10_09h47.53.340,Study_5_PsychoPy_Experiment,2024.1.5,NA,2025-10-10 09h48.05.520472 +0100
Reality,Reg,FALSE,N,NB-TB-K,TT_NB,PsychoPyStudy5Stim/TT_NB_2.png,"In REALITY, there are ZERO cubes",Zero,b,h,N,PropFalse,N,0,90,90,195,551.7872897000052,NA,NA,NA,NA,NA,NA,NA,NA,NA,551.775759799988,3.7270004395395e-4,551.8723847999936,552.2537966999225,552.3541934000095,554.3540625999449,554.7540104999207,554.8563494000118,554.8563494000118,555.6739332999568,h,1,0.8095394000411034,NA,555.6745851000305,555.6872749000322,555.6872749000322,555.6872749000322,555.6872749000322,555.6752833999926,NA,NA,NA,NA,NA,NA,NA,NA,NA,NA,032,001,2025-10-10_09h47.53.340,Study_5_PsychoPy_Experiment,2024.1.5,NA,2025-10-10 09h48.05.520472 +0100
Knowledge,Reg,FALSE,N,TB-K-B,DD_B,PsychoPyStudy5Stim/DD_B_2.png,Adam KNOWS there is ONE cube,One,b,h,N,PropFalse,N,0,91,91,225,555.6872749000322,NA,NA,NA,NA,NA,NA,NA,NA,NA,555.6758141999599,4.1899993084371e-4,555.7806116000284,556.153942200006,556.2540351999924,558.2541289000073,558.6539996999782,558.7563391999574,558.7563391999574,563.9241617999505,h,1,5.150507000042126,NA,563.9250398000004,563.9373065999243,563.9373065999243,563.9373065999243,563.9373065999243,563.9259708999889,NA,NA,NA,NA,NA,NA,NA,NA,NA,NA,032,001,2025-10-10_09h47.53.340,Study_5_PsychoPy_Experiment,2024.1.5,NA,2025-10-10 09h48.05.520472 +0100
Knowledge,Neg,TRUE,N,TB-K,TT_B,PsychoPyStudy5Stim/TT_B_3.png,Adam does NOT KNOW there is ONE cube,One,h,b,Y,-,N,0,92,92,82,563.9373065999243,NA,NA,NA,NA,NA,NA,NA,NA,NA,563.9266313000116,5.1180005539208e-4,564.0236396000255,564.4038645999972,564.5040607999545,566.5039715999737,566.9040452999761,567.0064132999396,567.0064132999396,569.04050629993435,h,0,2.018865799997002,NA,569.0411753000226,569.0538747999817,569.0538747999817,569.0538747999817,569.0538747999817,569.0418702999596,NA,NA,NA,NA,NA,NA,NA,NA,NA,NA,032,001,2025-10-10_09h47.53.340,Study_5_PsychoPy_Experiment,2024.1.5,NA,2025-10-10 09h48.05.520472 +0100
Belief,Neg,FALSE,N,TB-K,TD_B,PsychoPyStudy5Stim/TD_B_7.png,Adam does NOT THINK there is ONE cube,One,b,h,Y,PropFalse,N,0,93,93,126,569.0538747999817,NA,NA,NA,NA,NA,NA,NA,NA,NA,569.0424052999588,4.2459997348487e-4,569.1299655999755,569.5039293000009,569.6040294999257,571.6040936999489,572.0040332999779,572.1067010000115,572.1067010000115,576.3253051999491,h,1,4.206852600094862,NA,576.3265202000039,576.3373153000139,576.3373153000139,576.3373153000139,576.3373153000139,576.3279172999319,NA,NA,NA,NA,NA,NA,NA,NA,NA,NA,032,001,2025-10-10_09h47.53.340,Study_5_PsychoPy_Experiment,2024.1.5,NA,2025-10-10 09h48.05.520472 +0100
Knowledge,Neg,TRUE,N,TB-K,TD_B,PsychoPyStudy5Stim/TD_B_2.png,Adam does NOT KNOW there are TWO cubes,Two,h,b,Y,-,N,0,94,94,105,576.3373153000139,NA,NA,NA,NA,NA,NA,NA,NA,NA,576.3289023999823,7.6520000584423e-4,576.4441705999197,576.8202898999443,576.9205877999775,578.9208322999766,579.3206642000005,579.4230626999633,579.4230626999633,581.7575746999355,b,1,2.330766399973072,NA,581.7582579000155,581.7705211000284,581.7705211000284,581.7705211000284,581.7705211000284,581.7590729999356,NA,NA,NA,NA,NA,NA,NA,NA,NA,NA,032,001,2025-10-10_09h47.53.340,Study_5_PsychoPy_Experiment,2024.1.5,NA,2025-10-10 09h48.05.520472 +0100
Belief,Reg,TRUE,N,TB-K-B,DD_B,PsychoPyStudy5Stim/DD_B_3.png,Adam THINKS there are ZERO cubes,Zero,h,b,N,-,N,0,95,95,228,581.7705211000284,NA,NA,NA,NA,NA,NA,NA,NA,NA,581.7595994999865,4.0789996273815e-4,581.8553993999958,582.2372517000185,582.3373729999876,584.3372490999755,584.7372629999882,584.8396298999432,584.8396298999432,588.1231052000076,b,1,3.2822348000481725,NA,588.123410500004,588.1370498000178,588.1370498000178,588.1370498000178,588.1370498000178,588.123806699994,NA,NA,NA,NA,NA,NA,NA,NA,NA,NA,032,001,2025-10-10_09h47.53.340,Study_5_PsychoPy_Experiment,2024.1.5,NA,2025-10-10 09h48.05.520472 +0100
Belief,Neg,FALSE,N,NB-TB-K,T_NB,PsychoPyStudy5Stim/T_NB_5.png,Adam does NOT THINK there is ONE cube,One,b,h,Y,PropFalse,N,0,96,96,52,588.1370498000178,NA,NA,NA,NA,NA,NA,NA,NA,NA,588.1240559000289,1.8730002921074e-4,588.2275494999485,588.6036769000348,588.7041146999691,590.7038823999465,591.1039318999974,591.2060936000198,591.2060936000198,596.990435799933,h,1,5.779433900024742,NA,596.9907494999934,597.0035761999898,597.0035761999898,597.0035761999898,597.0035761999898,596.9911096999422,NA,NA,NA,NA,NA,NA,NA,NA,NA,NA,032,001,2025-10-10_09h47.53.340,Study_5_PsychoPy_Experiment,2024.1.5,NA,2025-10-10 09h48.05.520472 +0100
Belief,Neg,FALSE,N,TB-K,TD_B,PsychoPyStudy5Stim/TD_B_5.png,Adam does NOT THINK there is ONE cube,One,b,h,Y,PropFalse,N,0,97,97,124,597.0035761999898,NA,NA,NA,NA,NA,NA,NA,NA,NA,596.9913383999374,1.8059997819364e-4,597.0905627999455,597.4702812000178,597.5704596999567,599.5706802000059,599.9705669999821,600.0729300000239,600.0729300000239,604.040376399993,h,1,3.9526318000862375,NA,604.041082700016,604.0537338999566,604.0537338999566,604.0537338999566,604.0537338999566,604.0418078999501,NA,NA,NA,NA,NA,NA,NA,NA,NA,NA,032,001,2025-10-10_09h47.53.340,Study_5_PsychoPy_Experiment,2024.1.5,NA,2025-10-10 09h48.05.520472 +0100
Belief,Reg,FALSE,N,TB-K-B,TD_B,PsychoPyStudy5Stim/TD_B_7.png,Adam THINKS there are ZERO cubes,Zero,b,h,N,PropFalse,N,0,98,98,269,604.0537338999566,NA,NA,NA,NA,NA,NA,NA,NA,NA,604.0423372000223,4.1019998025149e-4,604.1405724999495,604.5204846999841,604.620603099931,606.620621799957,607.0206297999248,607.1228965999326,607.1228965999326,608.7071427999763,h,1,1.567731500021182,NA,608.707860799972,608.7204093999462,608.7204093999462,608.7204093999462,608.7204093999462,608.7086575999856,NA,NA,NA,NA,NA,NA,NA,NA,NA,NA,032,001,2025-10-10_09h47.53.340,Study_5_PsychoPy_Experiment,2024.1.5,NA,2025-10-10 09h48.05.520472 +0100
Knowledge,Reg,TRUE,N,NB-TB-K,T_NB,PsychoPyStudy5Stim/T_NB_1.png,Adam KNOWS there is ONE cube,One,h,b,N,-,N,0,99,99,140,608.7204093999462,NA,NA,NA,NA,NA,NA,NA,NA,NA,608.709189999965,4.1209999471902e-4,608.812591199996,609.1870634999359,609.2872159000253,611.2871614999603,611.6870928999269,611.7896039999323,611.7896039999323,612.8403660999611,b,1,1.036299900035374,NA,612.8409773999592,612.8537303999765,612.8537303999765,612.8537303999765,612.8537303999765,612.8415982000297,NA,NA,NA,NA,NA,NA,NA,NA,NA,NA,032,001,2025-10-10_09h47.53.340,Study_5_PsychoPy_Experiment,2024.1.5,NA,2025-10-10 09h48.05.520472 +0100
Knowledge,Reg,FALSE,N,FB-Ig,D_B_T,PsychoPyStudy5Stim/D_B_T_1.png,Adam KNOWS there are TWO cubes,Two,b,h,N,PropFalse,N,0,100,100,291,612.8537303999765,NA,NA,NA,NA,NA,NA,NA,NA,NA,612.8420785999624,3.8139999378472e-4,612.9533047999721,613.3370507999789,613.4372203999665,615.4371034000069,615.8370713000186,615.9394849999808,615.9394849999808,617.9904072999489,h,1,2.047010000096634,NA,617.9909386999207,618.0036644999636,618.0036644999636,618.0036644999636,618.0036644999636,617.9914804999717,NA,NA,NA,NA,NA,NA,NA,NA,NA,NA,032,001,2025-10-10_09h47.53.340,Study_5_PsychoPy_Experiment,2024.1.5,NA,2025-10-10 09h48.05.520472 +0100
Belief,Reg,TRUE,N,NB-TB-K,T_NB,PsychoPyStudy5Stim/T_NB_3.png,Adam THINKS there is ONE cube,One,h,b,N,-,N,0,101,101,142,618.0036644999636,NA,NA,NA,NA,NA,NA,NA,NA,NA,617.9918611999601,3.1789997592568e-4,618.0893296999857,618.4704539999366,618.5705535999732,620.5705359999556,620.9705355999758,621.0727941999212,621.0727941999212,622.6583881999832,b,1,1.5690457000164315,NA,622.6596242999658,622.6703112999676,622.6703112999676,622.6703112999676,622.6703112999676,622.6605834999355,NA,NA,NA,NA,NA,NA,NA,NA,NA,NA,032,001,2025-10-10_09h47.53.340,Study_5_PsychoPy_Experiment,2024.1.5,NA,2025-10-10 09h48.05.520472 +0100
Reality,Reg,TRUE,N,FB-Ig,B_TT,PsychoPyStudy5Stim/B_TT_3.png,"In REALITY, there are TWO cubes",Two,h,b,N,-,N,0,102,102,333,622.6703112999676,NA,NA,NA,NA,NA,NA,NA,NA,NA,622.6612669000169,5.3050008136779e-4,622.7641418999992,623.1370248999447,623.23708849994,625.2370684000198,625.6371660999721,625.7394788999809,625.7394788999809,627.0403895999771,b,1,1.286160200019367,NA,627.0410648999969,627.0536932999967,627.0536932999967,627.0536932999967,627.0536932999967,627.0418507999275,NA,NA,NA,NA,NA,NA,NA,NA,NA,NA,032,001,2025-10-10_09h47.53.340,Study_5_PsychoPy_Experiment,2024.1.5,NA,2025-10-10 09h48.05.520472 +0100
Knowledge,Neg,TRUE,Y,FB-Ig,D_B_T,PsychoPyStudy5Stim/D_B_T_2.png,Adam does NOT KNOW there is ONE cube,One,h,b,Y,-,N,0,103,103,9,627.0536932999967,NA,NA,NA,NA,NA,NA,NA,NA,NA,627.0423822000157,4.1079998482018e-4,627.1457786000101,627.5204202999594,627.6205798999872,629.6205385000212,630.0204048999585,630.1228552999673,630.1228552999673,635.0238090000348,b,1,4.894809199962765,NA,635.024499699939,635.0369504999835,635.0369504999835,635.0369504999835,635.0369504999835,635.0252763000317,NA,NA,NA,NA,NA,NA,NA,NA,NA,NA,032,001,2025-10-10_09h47.53.340,Study_5_PsychoPy_Experiment,2024.1.5,NA,2025-10-10 09h48.05.520472 +0100
Belief,Reg,TRUE,N,TB-K-B,TD_B,PsychoPyStudy5Stim/TD_B_6.png,Adam THINKS there is ONE cube,One,h,b,N,-,N,0,104,104,260,635.0369504999835,NA,NA,NA,NA,NA,NA,NA,NA,NA,635.02585179999,4.5569997746497e-4,635.1261732999701,635.5038412000285,635.6036702999845,637.6038193999557,638.0036517999833,638.1061897999607,638.1061897999607,641.42386500001885,b,1,3.3119478001026437,NA,641.4246736000059,641.4369363000151,641.4369363000151,641.4369363000151,641.4369363000151,641.4254063999979,NA,NA,NA,NA,NA,NA,NA,NA,NA,NA,032,001,2025-10-10_09h47.53.340,Study_5_PsychoPy_Experiment,2024.1.5,NA,2025-10-10 09h48.05.520472 +0100
Knowledge,Neg,FALSE,N,TB-K,TD_B,PsychoPyStudy5Stim/TD_B_7.png,Adam does NOT KNOW there is ONE cube,One,b,h,Y,PropFalse,N,0,105,105,118,641.4369363000151,NA,NA,NA,NA,NA,NA,NA,NA,NA,641.4259544999804,4.2589998338371e-4,641.5130488999421,641.8869580000173,641.987145400024,643.9872304999735,644.3870183000108,644.4894923999673,644.4894923999673,649.29030959995,h,1,4.78380490001291,NA,649.290943400003,649.3035761999199,649.3035761999199,649.3035761999199,649.3035761999199,649.2916982999304,NA,NA,NA,NA,NA,NA,NA,NA,NA,NA,032,001,2025-10-10_09h47.53.340,Study_5_PsychoPy_Experiment,2024.1.5,NA,2025-10-10 09h48.05.520472 +0100
Belief,Neg,FALSE,N,NB-TB-K,TT_NB,PsychoPyStudy5Stim/TT_NB_7.png,Adam does NOT THINK there are TWO cubes,Two,b,h,Y,PropFalse,N,0,106,106,78,649.3035761999199,NA,NA,NA,NA,NA,NA,NA,NA,NA,649.2921965999994,3.8729992229491e-4,649.3898284999887,649.7703908999683,649.8704977999441,651.8705473999726,652.2704708999954,652.3726942000212,652.3726942000212,657.5229148999788,h,1,5.141441399930045,NA,657.523253899999,657.5368014000123,657.5368014000123,657.5368014000123,657.5368014000123,657.5236216000048,NA,NA,NA,NA,NA,NA,NA,NA,NA,NA,032,001,2025-10-10_09h47.53.340,Study_5_PsychoPy_Experiment,2024.1.5,NA,2025-10-10 09h48.05.520472 +0100
Belief,Neg,FALSE,N,TB-K,TT_B,PsychoPyStudy5Stim/TT_B_5.png,Adam does NOT THINK there are TWO cubes,Two,b,h,Y,PropFalse,N,0,107,107,100,657.5368014000123,NA,NA,NA,NA,NA,NA,NA,NA,NA,657.5238661000039,1.9309995695948e-4,657.626001699944,658.0037455999991,658.1037912999745,660.1037836000323,660.5036566000199,660.606282099965,660.606282099965,662.4060951999854,h,1,1.787469899980351,NA,662.4064015999902,662.4201248999452,662.4201248999452,662.4201248999452,662.4201248999452,662.4067296999274,NA,NA,NA,NA,NA,NA,NA,NA,NA,NA,032,001,2025-10-10_09h47.53.340,Study_5_PsychoPy_Experiment,2024.1.5,NA,2025-10-10 09h48.05.520472 +0100
Belief,Reg,FALSE,N,FB-Ig,D_B_T,PsychoPyStudy5Stim/D_B_T_3.png,Adam THINKS there are TWO cubes,Two,b,h,N,PropFalse,N,0,108,108,301,662.4201248999452,NA,NA,NA,NA,NA,NA,NA,NA,NA,662.4069484999636,1.7279991880059e-4,662.5017104999861,662.8869475999381,662.9868461999577,664.9870354000013,665.3870854999404,665.4895056999521,665.4895056999521,666.7905696999514,h,1,1.288060900056735,NA,666.7914028000087,666.8036547999363,666.8036547999363,666.8036547999363,666.8036547999363,666.7922840999672,NA,NA,NA,NA,NA,NA,NA,NA,NA,NA,032,001,2025-10-10_09h47.53.340,Study_5_PsychoPy_Experiment,2024.1.5,NA,2025-10-10 09h48.05.520472 +0100
Knowledge,Neg,FALSE,N,NB-TB-K,TT_NB,PsychoPyStudy5Stim/TT_NB_4.png,Adam does NOT KNOW there are TWO cubes,Two,b,h,Y,PropFalse,N,0,109,109,67,666.8036547999363,NA,NA,NA,NA,NA,NA,NA,NA,NA,666.792936499929,5.0269998610019e-4,666.9004603999201,667.2701339999912,667.370261700009,669.370366099989,669.770238099969,669.8730641999282,669.8730641999282,673.2731090999441,h,1,3.3925169999711215,NA,673.2736421999289,673.2867136999266,673.2867136999266,673.2867136999266,673.2867136999266,673.2741796999471,NA,NA,NA,NA,NA,NA,NA,NA,NA,NA,032,001,2025-10-10_09h47.53.340,Study_5_PsychoPy_Experiment,2024.1.5,NA,2025-10-10 09h48.05.520472 +0100
Belief,Reg,TRUE,N,TB-K-B,DD_B,PsychoPyStudy5Stim/DD_B_4.png,Adam THINKS there are ZERO cubes,Zero,h,b,N,-,N,0,110,110,229,673.2867136999266,NA,NA,NA,NA,NA,NA,NA,NA,NA,673.2745835999958,3.2190000638365e-4,673.3724049000302,673.7535533999326,673.853542799945,675.8538126000203,676.2536614999408,676.3560006000334,676.3560006000334,677.0906031000195,b,1,0.7256399999605492,NA,677.0914695999818,677.1035591999535,677.1035591999535,677.1035591999535,677.1035591999535,677.0923911000136,NA,NA,NA,NA,NA,NA,NA,NA,NA,NA,032,001,2025-10-10_09h47.53.340,Study_5_PsychoPy_Experiment,2024.1.5,NA,2025-10-10 09h48.05.520472 +0100
Belief,Reg,FALSE,N,FB-Ig,D_B_T,PsychoPyStudy5Stim/D_B_T_4.png,Adam THINKS there are TWO cubes,Two,b,h,N,PropFalse,N,0,111,111,302,677.1035591999535,NA,NA,NA,NA,NA,NA,NA,NA,NA,677.0931722000241,5.6590000167489e-4,677.1966691999696,677.57008580002,677.670117600006,679.6702675999841,680.07024739997,680.1726886000251,680.1726886000251,682.4732251999667,h,1,2.292798100039363,NA,682.4736153000267,682.4866306999465,682.4866306999465,682.4866306999465,682.4866306999465,682.4740051999688,NA,NA,NA,NA,NA,NA,NA,NA,NA,NA,032,001,2025-10-10_09h47.53.340,Study_5_PsychoPy_Experiment,2024.1.5,NA,2025-10-10 09h48.05.520472 +0100
Belief,Reg,FALSE,N,NB-TB-K,DD_NB,PsychoPyStudy5Stim/DD_NB_2.png,Adam THINKS there is ONE cube,One,b,h,N,PropFalse,N,0,112,112,158,682.4866306999465,NA,NA,NA,NA,NA,NA,NA,NA,NA,682.4742422000272,1.9110005814582e-4,682.569874299923,682.9533569000196,683.0534176999936,685.0536139999749,685.4537001999561,685.5560698999325,685.5560698999325,689.7563429999864,h,1,4.189138100016862,NA,689.7566631999798,689.7699429999338,689.7699429999338,689.7699429999338,689.7699429999338,689.7570222999202,NA,NA,NA,NA,NA,NA,NA,NA,NA,NA,032,001,2025-10-10_09h47.53.340,Study_5_PsychoPy_Experiment,2024.1.5,NA,2025-10-10 09h48.05.520472 +0100
Reality,Reg,TRUE,N,NB-TB-K,T_NB,PsychoPyStudy5Stim/T_NB_5.png,"In REALITY, there is ONE cube",One,h,b,N,-,N,0,113,113,144,689.7699429999338,NA,NA,NA,NA,NA,NA,NA,NA,NA,689.7572580999695,1.8470000941306e-4,689.8605890999315,690.2365522999316,690.3367067999206,692.3367753999773,692.7367189999204,692.8398147999542,692.8398147999542,693.6751166000031,b,1,0.8263785000890493,NA,693.6763734000269,693.6867134999484,693.6867134999484,693.6867134999484,693.6867134999484,693.6778584999265,NA,NA,NA,NA,NA,NA,NA,NA,NA,NA,032,001,2025-10-10_09h47.53.340,Study_5_PsychoPy_Experiment,2024.1.5,NA,2025-10-10 09h48.05.520472 +0100
Reality,Reg,TRUE,N,NB-TB-K,D_NB,PsychoPyStudy5Stim/D_NB_4.png,"In REALITY, there are ZERO cubes",Zero,h,b,N,-,N,0,114,114,137,693.6867134999484,NA,NA,NA,NA,NA,NA,NA,NA,NA,693.6788491000189,7.6050008647143e-4,693.7693575000158,694.1532567000249,694.2534553000005,696.2534357999684,696.6534787999699,696.7564597999444,696.7564597999444,699.5073259000201,b,1,2.7490750999422744,NA,699.507697999943,699.5198993999511,699.5198993999511,699.5198993999511,699.5198993999511,699.5081151999766,NA,NA,NA,NA,NA,NA,NA,NA,NA,NA,032,001,2025-10-10_09h47.53.340,Study_5_PsychoPy_Experiment,2024.1.5,NA,2025-10-10 09h48.05.520472 +0100
Belief,Neg,TRUE,Y,FB-Ig,D_B_T,PsychoPyStudy5Stim/D_B_T_1.png,Adam does NOT THINK there is ONE cube,One,h,b,Y,-,N,0,115,115,24,699.5198993999511,NA,NA,NA,NA,NA,NA,NA,NA,NA,699.5083883999614,2.0720006432384e-4,699.6061842999188,699.9865838999394,700.0867283999687,702.0869163000025,702.4868662999943,702.5893758999882,702.5893758999882,706.4395912999753,b,1,3.844600500073284,NA,706.4399037000258,706.4533080999972,706.4533080999972,706.4533080999972,706.4533080999972,706.4402502999874,NA,NA,NA,NA,NA,NA,NA,NA,NA,NA,032,001,2025-10-10_09h47.53.340,Study_5_PsychoPy_Experiment,2024.1.5,NA,2025-10-10 09h48.05.520472 +0100
Belief,Reg,FALSE,N,TB-K-B,TD_B,PsychoPyStudy5Stim/TD_B_3.png,Adam THINKS there are ZERO cubes,Zero,b,h,N,PropFalse,N,0,116,116,265,706.4533080999972,NA,NA,NA,NA,NA,NA,NA,NA,NA,706.4404961999971,1.8690002616494e-4,706.5490769000025,706.9198710999917,707.0199913999531,709.02000150003,709.4199098999379,709.5225320999743,709.5225320999743,711.5562358000316,h,1,2.0227554000448436,NA,711.5565604999429,711.5698475999525,711.5698475999525,711.5698475999525,711.5698475999525,711.5568945999257,NA,NA,NA,NA,NA,NA,NA,NA,NA,NA,032,001,2025-10-10_09h47.53.340,Study_5_PsychoPy_Experiment,2024.1.5,NA,2025-10-10 09h48.05.520472 +0100
Knowledge,Neg,FALSE,N,TB-K,TD_B,PsychoPyStudy5Stim/TD_B_1.png,Adam does NOT KNOW there is ONE cube,One,b,h,Y,PropFalse,N,0,117,117,112,711.5698475999525,NA,NA,NA,NA,NA,NA,NA,NA,NA,711.5571165999863,1.7489993479102e-4,711.6590275999624,712.0367277000332,712.1369334999472,714.1367497999454,714.5368729999755,714.6400734999916,714.6400734999916,716.2898255999899,h,1,1.641470600035973,NA,716.2901707999408,716.3032166999765,716.3032166999765,716.3032166999765,716.3032166999765,716.2905657999218,NA,NA,NA,NA,NA,NA,NA,NA,NA,NA,032,001,2025-10-10_09h47.53.340,Study_5_PsychoPy_Experiment,2024.1.5,NA,2025-10-10 09h48.05.520472 +0100
Belief,Reg,TRUE,N,TB-K-B,DD_B,PsychoPyStudy5Stim/DD_B_7.png,Adam THINKS there are ZERO cubes,Zero,h,b,N,-,N,0,118,118,232,716.3032166999765,NA,NA,NA,NA,NA,NA,NA,NA,NA,716.2907981999451,1.8400000408291e-4,716.3968559999485,716.7698453000048,716.8700726999668,718.8699442999205,719.269944599946,719.3728575999849,719.3728575999849,721.6230843999656,b,1,2.2442753999494016,NA,721.623404599959,721.6365736000007,721.6365736000007,721.6365736000007,721.6365736000007,721.623761099996,NA,NA,NA,NA,NA,NA,NA,NA,NA,NA,032,001,2025-10-10_09h47.53.340,Study_5_PsychoPy_Experiment,2024.1.5,NA,2025-10-10 09h48.05.520472 +0100
Belief,Neg,FALSE,N,TB-K,TT_B,PsychoPyStudy5Stim/TT_B_2.png,Adam does NOT THINK there are TWO cubes,Two,b,h,Y,PropFalse,N,0,119,119,97,721.6365736000007,NA,NA,NA,NA,NA,NA,NA,NA,NA,721.6239824999357,1.7690006643533e-4,721.7302296999842,722.1031790999696,722.2033232999966,724.2034123999765,724.6033372000093,724.705927999923,724.705927999923,731.6728265000274,h,1,6.951373400050215,NA,731.6731352999341,731.6864611000055,731.6864611000055,731.6864611000055,731.6864611000055,731.6735462999204,NA,NA,NA,NA,NA,NA,NA,NA,NA,NA,032,001,2025-10-10_09h47.53.340,Study_5_PsychoPy_Experiment,2024.1.5,NA,2025-10-10 09h48.05.520472 +0100
Belief,Neg,FALSE,N,NB-TB-K,T_NB,PsychoPyStudy5Stim/T_NB_3.png,Adam does NOT THINK there is ONE cube,One,b,h,Y,PropFalse,N,0,120,120,50,731.6864611000055,NA,NA,NA,NA,NA,NA,NA,NA,NA,731.6737654999597,1.7239991575479e-4,731.7663304000162,732.1364767999621,732.2366556000197,734.2366451999405,734.6366305999691,734.7392624999629,734.7392624999629,738.1398990999442,h,1,3.398643800057471,NA,738.1402094999794,738.1531796000199,738.1531796000199,738.1531796000199,738.1531796000199,738.1405204000184,NA,NA,NA,NA,NA,NA,NA,NA,NA,NA,032,001,2025-10-10_09h47.53.340,Study_5_PsychoPy_Experiment,2024.1.5,NA,2025-10-10 09h48.05.520472 +0100
Knowledge,Reg,FALSE,N,FB-Ig,B_T,PsychoPyStudy5Stim/B_T_1.png,Adam KNOWS there are ZERO cubes,Zero,b,h,N,PropTrueNoKnow,Y,0,121,121,307,738.1531796000199,NA,NA,NA,NA,NA,NA,NA,NA,NA,738.1407548999414,1.9030005205422e-4,738.2485132999718,738.61977999995,738.7199184999336,740.7199330999283,741.1200678999303,741.2224830000196,741.2224830000196,743.3737648000242,h,1,2.1473406999139115,NA,743.374637400033,743.3866215000162,743.3866215000162,743.3866215000162,743.3866215000162,743.3755528000183,NA,NA,NA,NA,NA,NA,NA,NA,NA,NA,032,001,2025-10-10_09h47.53.340,Study_5_PsychoPy_Experiment,2024.1.5,NA,2025-10-10 09h48.05.520472 +0100
Knowledge,Neg,FALSE,N,NB-TB-K,T_NB,PsychoPyStudy5Stim/T_NB_5.png,Adam does NOT KNOW there is ONE cube,One,b,h,Y,PropFalse,N,0,122,122,44,743.3866215000162,NA,NA,NA,NA,NA,NA,NA,NA,NA,743.3762217999902,5.1829998847097e-4,743.4642726000166,743.8364868999925,743.9368125000037,745.9367376000155,746.3368136999197,746.4390721999807,746.4390721999807,749.9230637999717,h,1,3.4735301000764593,NA,749.9236493000062,749.9365576999262,749.9365576999262,749.9365576999262,749.9365576999262,749.9242778000189,NA,NA,NA,NA,NA,NA,NA,NA,NA,NA,032,001,2025-10-10_09h47.53.340,Study_5_PsychoPy_Experiment,2024.1.5,NA,2025-10-10 09h48.05.520472 +0100
Reality,Reg,FALSE,N,TB-K-B,TD_B,PsychoPyStudy5Stim/TD_B_8.png,"In REALITY, there are TWO cubes",Two,b,h,N,PropFalse,N,0,123,123,274,749.9365576999262,NA,NA,NA,NA,NA,NA,NA,NA,NA,749.9247218000237,3.4699996467679e-4,750.0126032999251,750.3865585000021,750.4867560999701,752.4867488000309,752.8866368000163,752.9890108000254,752.9890108000254,755.2726197999436,h,1,2.2679140000836924,NA,755.272927199956,755.2863986999728,755.2863986999728,755.2863986999728,755.2863986999728,755.2732528999913,NA,NA,NA,NA,NA,NA,NA,NA,NA,NA,032,001,2025-10-10_09h47.53.340,Study_5_PsychoPy_Experiment,2024.1.5,NA,2025-10-10 09h48.05.520472 +0100
Belief,Neg,TRUE,Y,FB-Ig,D_B_T,PsychoPyStudy5Stim/D_B_T_5.png,Adam does NOT THINK there is ONE cube,One,h,b,Y,-,N,0,124,124,28,755.2863986999728,NA,NA,NA,NA,NA,NA,NA,NA,NA,755.2734727999195,1.740000443533e-4,755.3710202999646,755.7531564999372,755.8531395000173,757.8532802999252,758.2533627999946,758.3557906999486,758.3557906999486,764.0068973000161,b,1,5.646053700009361,NA,764.0076056999387,764.0198904999997,764.0198904999997,764.0198904999997,764.0198904999997,764.0083651000168,NA,NA,NA,NA,NA,NA,NA,NA,NA,NA,032,001,2025-10-10_09h47.53.340,Study_5_PsychoPy_Experiment,2024.1.5,NA,2025-10-10 09h48.05.520472 +0100
Reality,Reg,TRUE,N,NB-TB-K,D_NB,PsychoPyStudy5Stim/D_NB_2.png,"In REALITY, there are ZERO cubes",Zero,h,b,N,-,N,0,125,125,136,764.0198904999997,NA,NA,NA,NA,NA,NA,NA,NA,NA,764.0089448000072,4.5960000716149e-4,764.1089773999993,764.4865690999432,764.5866936999373,766.5865689999191,766.9866933999583,767.0889645999996,767.0889645999996,771.5564906999934,b,1,4.456105299992487,NA,771.557106000022,771.5698174999561,771.5698174999561,771.5698174999561,771.5698174999561,771.5577230999479,NA,NA,NA,NA,NA,NA,NA,NA,NA,NA,032,001,2025-10-10_09h47.53.340,Study_5_PsychoPy_Experiment,2024.1.5,NA,2025-10-10 09h48.05.520472 +0100
Belief,Reg,FALSE,N,NB-TB-K,TT_NB,PsychoPyStudy5Stim/TT_NB_5.png,Adam THINKS there are ZERO cubes,Zero,b,h,N,PropFalse,N,0,126,126,185,771.5698174999561,NA,NA,NA,NA,NA,NA,NA,NA,NA,771.5582000999711,3.7720007821917e-4,771.6525319999782,772.0365625999402,772.1366909999633,774.1364662999986,774.5365739000263,774.6388328999747,774.6388328999747,778.1062942999415,h,1,3.4505939000518993,NA,778.1069004000165,778.1198273999617,778.1198273999617,778.1198273999617,778.1198273999617,778.1075392999919,NA,NA,NA,NA,NA,NA,NA,NA,NA,NA,032,001,2025-10-10_09h47.53.340,Study_5_PsychoPy_Experiment,2024.1.5,NA,2025-10-10 09h48.05.520472 +0100
Belief,Reg,TRUE,N,FB-Ig,B_T,PsychoPyStudy5Stim/B_T_1.png,Adam THINKS there are ZERO cubes,Zero,h,b,N,-,Y,0,127,127,312,778.1198273999617,NA,NA,NA,NA,NA,NA,NA,NA,NA,778.1080093999626,3.658999921754e-4,778.1987016999628,778.5697253999533,778.6699094999349,780.6697204000084,781.0697443999816,781.1722369999625,781.1722369999625,782.4562323000282,b,1,1.276626200065948,NA,782.4567265999503,782.4697322000284,782.4697322000284,782.4697322000284,782.4697322000284,782.4572790999664,NA,NA,NA,NA,NA,NA,NA,NA,NA,NA,032,001,2025-10-10_09h47.53.340,Study_5_PsychoPy_Experiment,2024.1.5,NA,2025-10-10 09h48.05.520472 +0100
Knowledge,Reg,FALSE,N,FB-Ig,T_B_T,PsychoPyStudy5Stim/T_B_T_8.png,Adam KNOWS there are ZERO cubes,Zero,b,h,N,PropFalse,N,0,128,128,282,782.4697322000284,NA,NA,NA,NA,NA,NA,NA,NA,NA,782.4576598999556,2.9729993548244e-4,782.5633732000133,782.936454199953,783.03666350001,785.0366195000242,785.4364135999931,785.5390065999236,785.5390065999236,787.7058164000046,h,1,2.158286599908024,NA,787.706213700003,787.7196768999565,787.7196768999565,787.7196768999565,787.7196768999565,787.7066971999593,NA,NA,NA,NA,NA,NA,NA,NA,NA,NA,032,001,2025-10-10_09h47.53.340,Study_5_PsychoPy_Experiment,2024.1.5,NA,2025-10-10 09h48.05.520472 +0100
Knowledge,Reg,TRUE,N,NB-TB-K,DD_NB,PsychoPyStudy5Stim/DD_NB_4.png,Adam KNOWS there are ZERO cubes,Zero,h,b,N,-,N,0,129,129,150,787.7196768999565,NA,NA,NA,NA,NA,NA,NA,NA,NA,787.7069917999906,2.3040000814944e-4,787.8158342000097,788.1864953000331,788.2865436000284,790.2865932999412,790.6866223999532,790.7889466999331,790.7889466999331,798.0396802999312,b,1,7.235579299973324,NA,798.0402782999445,798.0530534000136,798.0530534000136,798.0530534000136,798.0530534000136,798.0409558999818,NA,NA,NA,NA,NA,NA,NA,NA,NA,NA,032,001,2025-10-10_09h47.53.340,Study_5_PsychoPy_Experiment,2024.1.5,NA,2025-10-10 09h48.05.520472 +0100
Knowledge,Reg,FALSE,N,FB-Ig,B_T,PsychoPyStudy5Stim/B_T_5.png,Adam KNOWS there are ZERO cubes,Zero,b,h,N,PropTrueNoKnow,Y,0,130,130,311,798.0530534000136,NA,NA,NA,NA,NA,NA,NA,NA,NA,798.041424099938,3.658999921754e-4,798.1271483999444,798.5030641999329,798.6031211999943,800.6032641999191,801.0032545999857,801.1058307000203,801.1058307000203,802.1894248999888,h,1,1.0712058999342844,NA,802.1899175000144,802.2029984999681,802.2029984999681,802.2029984999681,802.2029984999681,802.1904586999444,NA,NA,NA,NA,NA,NA,NA,NA,NA,NA,032,001,2025-10-10_09h47.53.340,Study_5_PsychoPy_Experiment,2024.1.5,NA,2025-10-10 09h48.05.520472 +0100
Knowledge,Neg,FALSE,N,NB-TB-K,TT_NB,PsychoPyStudy5Stim/TT_NB_6.png,Adam does NOT KNOW there are TWO cubes,Two,b,h,Y,PropFalse,N,0,131,131,69,802.2029984999681,NA,NA,NA,NA,NA,NA,NA,NA,NA,802.1908359000226,2.9410002753138e-4,802.2757740999805,802.6530988999875,802.7532624999294,804.7533419999527,805.1531151999952,805.2555303999688,805.2555303999688,806.5558886999497,h,1,1.2987980999751016,NA,806.5562043000245,806.5695062000304,806.5695062000304,806.5695062000304,806.5695062000304,806.5565273999237,NA,NA,NA,NA,NA,NA,NA,NA,NA,NA,032,001,2025-10-10_09h47.53.340,Study_5_PsychoPy_Experiment,2024.1.5,NA,2025-10-10 09h48.05.520472 +0100
Reality,Reg,FALSE,N,NB-TB-K,D_NB,PsychoPyStudy5Stim/D_NB_6.png,"In REALITY, there is ONE cube",One,b,h,N,PropFalse,N,0,132,132,138,806.5695062000304,NA,NA,NA,NA,NA,NA,NA,NA,NA,806.5568731999956,3.0179996974766e-4,806.644239999936,807.0195461999392,807.1196167999879,809.1198824000312,809.5197720000288,809.622133399942,809.622133399942,810.5569503000006,h,1,0.9310584000777452,NA,810.5578040999826,810.5696659999667,810.5696659999667,810.5696659999667,810.5696659999667,810.5587072999915,NA,NA,NA,NA,NA,NA,NA,NA,NA,NA,032,001,2025-10-10_09h47.53.340,Study_5_PsychoPy_Experiment,2024.1.5,NA,2025-10-10 09h48.05.520472 +0100
Belief,Reg,TRUE,N,FB-Ig,B_T,PsychoPyStudy5Stim/B_T_5.png,Adam THINKS there are ZERO cubes,Zero,h,b,N,-,Y,0,133,133,316,810.5696659999667,NA,NA,NA,NA,NA,NA,NA,NA,NA,810.5593707999215,5.1330006681382e-4,810.6490933999885,811.0196192000294,811.1196317999857,813.1197768999264,813.519845200004,813.6221450000303,813.6221450000303,814.5062461999478,b,1,0.8746477999957278,NA,814.5068537000334,814.5196447999915,814.5196447999915,814.5196447999915,814.5196447999915,814.5074734999798,NA,NA,NA,NA,NA,NA,NA,NA,NA,NA,032,001,2025-10-10_09h47.53.340,Study_5_PsychoPy_Experiment,2024.1.5,NA,2025-10-10 09h48.05.520472 +0100
Belief,Reg,TRUE,N,FB-Ig,B_T,PsychoPyStudy5Stim/B_T_3.png,Adam THINKS there are ZERO cubes,Zero,h,b,N,-,Y,0,134,134,314,814.5196447999915,NA,NA,NA,NA,NA,NA,NA,NA,NA,814.507987299934,4.157000221312e-4,814.599766499945,814.9695564999711,815.0697233999381,817.0700275999261,817.4698314999696,817.5723154000007,817.5723154000007,818.4726627999917,b,1,0.8930929000489414,NA,818.4731559000211,818.4862665999681,818.4862665999681,818.4862665999681,818.4862665999681,818.47371749999,NA,NA,NA,NA,NA,NA,NA,NA,NA,NA,032,001,2025-10-10_09h47.53.340,Study_5_PsychoPy_Experiment,2024.1.5,NA,2025-10-10 09h48.05.520472 +0100
Belief,Reg,FALSE,N,NB-TB-K,TT_NB,PsychoPyStudy5Stim/TT_NB_6.png,Adam THINKS there is ONE cube,One,b,h,N,PropFalse,N,0,135,135,190,818.4862665999681,NA,NA,NA,NA,NA,NA,NA,NA,NA,818.4740992999868,2.9869994614273e-4,818.5640822999412,818.9363324999576,819.0366307999939,821.0364942000015,821.4364925000118,821.5386924999766,821.5386924999766,822.8901668000035,h,1,1.342769099981524,NA,822.8910007999511,822.9030500999652,822.9030500999652,822.9030500999652,822.9030500999652,822.89197649993,NA,NA,NA,NA,NA,NA,NA,NA,NA,NA,032,001,2025-10-10_09h47.53.340,Study_5_PsychoPy_Experiment,2024.1.5,NA,2025-10-10 09h48.05.520472 +0100
Belief,Reg,TRUE,N,TB-K-B,DD_B,PsychoPyStudy5Stim/DD_B_6.png,Adam THINKS there are ZERO cubes,Zero,h,b,N,-,N,0,136,136,231,822.9030500999652,NA,NA,NA,NA,NA,NA,NA,NA,NA,822.8926336999284,5.1000004168599e-4,822.982087399927,823.3529648999684,823.453164699953,825.4530476999935,825.8530418999726,825.9555212999694,825.9555212999694,827.8562401999952,b,1,1.885666299960576,NA,827.8568832000019,827.8696430999553,827.8696430999553,827.8696430999553,827.8696430999553,827.8576260999544,NA,NA,NA,NA,NA,NA,NA,NA,NA,NA,032,001,2025-10-10_09h47.53.340,Study_5_PsychoPy_Experiment,2024.1.5,NA,2025-10-10 09h48.05.520472 +0100
Belief,Neg,FALSE,N,TB-K,TD_B,PsychoPyStudy5Stim/TD_B_4.png,Adam does NOT THINK there is ONE cube,One,b,h,Y,PropFalse,N,0,137,137,123,827.8696430999553,NA,NA,NA,NA,NA,NA,NA,NA,NA,827.8581870000344,4.5270007103681e-4,827.9561262999196,828.3362064999528,828.4362714999588,830.4364636000246,830.8363010999747,830.9388512999285,830.9388512999285,833.5734934000066,h,1,2.6307004999835044,NA,833.5743919999804,833.5862553999759,833.5862553999759,833.5862553999759,833.5862553999759,833.5752751999535,NA,NA,NA,NA,NA,NA,NA,NA,NA,NA,032,001,2025-10-10_09h47.53.340,Study_5_PsychoPy_Experiment,2024.1.5,NA,2025-10-10 09h48.05.520472 +0100
Knowledge,Reg,TRUE,N,TB-K-B,TD_B,PsychoPyStudy5Stim/TD_B_8.png,Adam KNOWS there is ONE cube,One,h,b,N,-,N,0,138,138,258,833.5862553999759,NA,NA,NA,NA,NA,NA,NA,NA,NA,833.5759419000242,5.1569996867328e-4,833.6640776999993,834.0360697000287,834.136221599998,836.1364213000052,836.5363916999195,836.6387479000259,836.6387479000259,847.6222123999614,h,0,10.970165299950168,NA,847.6225417000242,847.6361532999435,847.6361532999435,847.6361532999435,847.6361532999435,847.6228909000056,NA,NA,NA,NA,NA,NA,NA,NA,NA,NA,032,001,2025-10-10_09h47.53.340,Study_5_PsychoPy_Experiment,2024.1.5,NA,2025-10-10 09h48.05.520472 +0100
Knowledge,Neg,TRUE,N,NB-TB-K,T_NB,PsychoPyStudy5Stim/T_NB_3.png,Adam does NOT KNOW there are TWO cubes,Two,h,b,Y,-,N,0,139,139,34,847.6361532999435,NA,NA,NA,NA,NA,NA,NA,NA,NA,847.6231219000183,1.8209998961538e-4,847.7047133999877,848.0862495999318,848.1864713999676,850.1862547999481,850.5863532000221,850.6885977999773,850.6885977999773,854.2896476000315,h,0,3.5928297999780625,NA,854.2902863000054,854.3028929999564,854.3028929999564,854.3028929999564,854.3028929999564,854.2909685999621,NA,NA,NA,NA,NA,NA,NA,NA,NA,NA,032,001,2025-10-10_09h47.53.340,Study_5_PsychoPy_Experiment,2024.1.5,NA,2025-10-10 09h48.05.520472 +0100
Belief,Reg,FALSE,N,TB-K-B,DD_B,PsychoPyStudy5Stim/DD_B_5.png,Adam THINKS there is ONE cube,One,b,h,N,PropFalse,N,0,140,140,236,854.3028929999564,NA,NA,NA,NA,NA,NA,NA,NA,NA,854.291464000009,3.852000227198e-4,854.4016302999808,854.7862267999444,854.8863633000292,856.8863866999745,857.2863117000088,857.3886504999828,857.3886504999828,858.6722381999716,h,1,1.26750409998931,NA,858.6726190999616,858.6861194999656,858.6861194999656,858.6861194999656,858.6861194999656,858.6730058999965,NA,NA,NA,NA,NA,NA,NA,NA,NA,NA,032,001,2025-10-10_09h47.53.340,Study_5_PsychoPy_Experiment,2024.1.5,NA,2025-10-10 09h48.05.520472 +0100
Reality,Reg,TRUE,N,NB-TB-K,TT_NB,PsychoPyStudy5Stim/TT_NB_1.png,"In REALITY, there are TWO cubes",Two,h,b,N,-,N,0,141,141,191,858.6861194999656,NA,NA,NA,NA,NA,NA,NA,NA,NA,858.6732607999584,2.1319999359548e-4,858.7623266000301,859.136167599936,859.236361599993,861.2362791999476,861.6362742999336,861.7387521000346,861.7387521000346,862.6560679000104,b,1,0.9098603000165896,NA,862.656641599955,862.6694782000268,862.6694782000268,862.6694782000268,862.6694782000268,862.6572691999609,NA,NA,NA,NA,NA,NA,NA,NA,NA,NA,032,001,2025-10-10_09h47.53.340,Study_5_PsychoPy_Experiment,2024.1.5,NA,2025-10-10 09h48.05.520472 +0100
Belief,Neg,FALSE,N,TB-K,TT_B,PsychoPyStudy5Stim/TT_B_8.png,Adam does NOT THINK there are TWO cubes,Two,b,h,Y,PropFalse,N,0,142,142,103,862.6694782000268,NA,NA,NA,NA,NA,NA,NA,NA,NA,862.6577093999367,3.4120003692805e-4,862.7559494000161,863.1360513999825,863.236330899992,865.2364272000268,865.6363250999711,865.7387043000199,865.7387043000199,875.3894381999271,h,1,9.638341099955142,NA,875.3900648999261,875.402780400007,875.402780400007,875.402780400007,875.402780400007,875.3906884000171,NA,NA,NA,NA,NA,NA,NA,NA,NA,NA,032,001,2025-10-10_09h47.53.340,Study_5_PsychoPy_Experiment,2024.1.5,NA,2025-10-10 09h48.05.520472 +0100
Belief,Reg,FALSE,N,TB-K-B,TD_B,PsychoPyStudy5Stim/TD_B_2.png,Adam THINKS there are ZERO cubes,Zero,b,h,N,PropFalse,N,0,143,143,264,875.402780400007,NA,NA,NA,NA,NA,NA,NA,NA,NA,875.3911676999414,3.7789996713399e-4,875.4857490999857,875.8695160999196,875.9696403000271,877.969385299948,878.3695641999366,878.4718444999307,878.4718444999307,880.1229369000066,h,1,1.6493493999587372,NA,880.1235346000176,880.136069900007,880.136069900007,880.136069900007,880.136069900007,880.12417309999,NA,NA,NA,NA,NA,NA,NA,NA,NA,NA,032,001,2025-10-10_09h47.53.340,Study_5_PsychoPy_Experiment,2024.1.5,NA,2025-10-10 09h48.05.520472 +0100
Reality,Reg,FALSE,N,NB-TB-K,DT_NB,PsychoPyStudy5Stim/TD_NB_2.png,"In REALITY, there are TWO cubes",Two,b,h,N,PropFalse,N,0,144,144,170,880.136069900007,NA,NA,NA,NA,NA,NA,NA,NA,NA,880.1246223999187,3.4829997457563e-4,880.2190129000228,880.6027575000189,880.7029204999562,882.7028640999924,883.1029150999384,883.205157599994,883.205157599994,886.7388799999608,h,1,3.532014299998991,NA,886.739185799961,886.7525612999452,886.7525612999452,886.7525612999452,886.7525612999452,886.739491699962,NA,NA,NA,NA,NA,NA,NA,NA,NA,NA,032,001,2025-10-10_09h47.53.340,Study_5_PsychoPy_Experiment,2024.1.5,NA,2025-10-10 09h48.05.520472 +0100
Belief,Neg,TRUE,Y,FB-Ig,T_B_T,PsychoPyStudy5Stim/T_B_T_5.png,Adam does NOT THINK there are TWO cubes,Two,h,b,Y,-,N,0,145,145,20,886.7525612999452,NA,NA,NA,NA,NA,NA,NA,NA,NA,886.7397085999837,1.6799999866634e-4,886.83686099993065,887.2192860000068,887.3196927999379,889.3194575000089,889.7195133999921,889.8219468999887,889.8219468999887,891.3223287999863,b,1,1.4910450999159366,NA,891.3227380999597,891.3360280999914,891.3360280999914,891.3360280999914,891.3360280999914,891.323189000017,NA,NA,NA,NA,NA,NA,NA,NA,NA,NA,032,001,2025-10-10_09h47.53.340,Study_5_PsychoPy_Experiment,2024.1.5,NA,2025-10-10 09h48.05.520472 +0100
Knowledge,Reg,TRUE,N,NB-TB-K,TT_NB,PsychoPyStudy5Stim/TT_NB_5.png,Adam KNOWS there are TWO cubes,Two,h,b,N,-,N,0,146,146,171,891.3360280999914,NA,NA,NA,NA,NA,NA,NA,NA,NA,891.3234913999913,2.3330003023147e-4,891.4088940999936,891.7862394999247,891.8861647000303,893.8861125999829,894.2861094999826,894.388442000025,894.388442000025,896.2554060999537,b,1,1.8515640000114215,NA,896.2557209000224,896.2692062000278,896.2692062000278,896.2692062000278,896.2692062000278,896.2560498999665,NA,NA,NA,NA,NA,NA,NA,NA,NA,NA,032,001,2025-10-10_09h47.53.340,Study_5_PsychoPy_Experiment,2024.1.5,NA,2025-10-10 09h48.05.520472 +0100
Belief,Reg,FALSE,N,NB-TB-K,TT_NB,PsychoPyStudy5Stim/TT_NB_2.png,Adam THINKS there is ONE cube,One,b,h,N,PropFalse,N,0,147,147,189,896.2692062000278,NA,NA,NA,NA,NA,NA,NA,NA,NA,896.2562765999464,1.8000009004026e-4,896.3536027999362,896.7360594000202,896.8361152999569,898.8362508999417,899.235974399955,899.3384007000132,899.3384007000132,903.6558966999874,h,1,4.302298999973573,NA,903.6563885000068,903.6693438999356,903.6693438999356,903.6693438999356,903.6693438999356,903.6570180000272,NA,NA,NA,NA,NA,NA,NA,NA,NA,NA,032,001,2025-10-10_09h47.53.340,Study_5_PsychoPy_Experiment,2024.1.5,NA,2025-10-10 09h48.05.520472 +0100
Knowledge,Reg,TRUE,N,TB-K-B,TD_B,PsychoPyStudy5Stim/TD_B_7.png,Adam KNOWS there is ONE cube,One,h,b,N,-,N,0,148,148,257,903.6693438999356,NA,NA,NA,NA,NA,NA,NA,NA,NA,903.6574018999236,3.0050007626414e-4,903.747887799982,904.119408800034,904.2194488999668,906.2195351999252,906.6195096999872,906.72190340003,906.72190340003,908.0889814000112,b,1,1.351189999957569,NA,908.0895149999996,908.1026092999382,908.1026092999382,908.1026092999382,908.1026092999382,908.0900880999396,NA,NA,NA,NA,NA,NA,NA,NA,NA,NA,032,001,2025-10-10_09h47.53.340,Study_5_PsychoPy_Experiment,2024.1.5,NA,2025-10-10 09h48.05.520472 +0100
Knowledge,Reg,FALSE,N,FB-Ig,D_B_T,PsychoPyStudy5Stim/D_B_T_4.png,Adam KNOWS there are TWO cubes,Two,b,h,N,PropFalse,N,0,149,149,294,908.1026092999382,NA,NA,NA,NA,NA,NA,NA,NA,NA,908.090481400024,3.0750001315027e-4,908.1837828999852,908.5694262000034,908.6695162999677,910.6692761000012,911.0692713999888,911.1718956999248,911.1718956999248,914.57261449995,h,1,3.3885881000896916,NA,914.573301999946,914.5859973999904,914.5859973999904,914.5859973999904,914.5859973999904,914.574048899929,NA,NA,NA,NA,NA,NA,NA,NA,NA,NA,032,001,2025-10-10_09h47.53.340,Study_5_PsychoPy_Experiment,2024.1.5,NA,2025-10-10 09h48.05.520472 +0100
Belief,Reg,FALSE,N,NB-TB-K,TT_NB,PsychoPyStudy5Stim/TT_NB_7.png,Adam THINKS there are ZERO cubes,Zero,b,h,N,PropFalse,N,0,150,150,187,914.5859973999904,NA,NA,NA,NA,NA,NA,NA,NA,NA,914.5746408000124,4.7129997983574e-4,914.658205099986,915.0361146000214,915.136260399944,917.1362102000276,917.5361695999744,917.6385036000283,917.6385036000283,919.7886666000122,h,1,2.1378579000011086,NA,919.7889659999636,919.8025716999546,919.8025716999546,919.8025716999546,919.8025716999546,919.7892909999936,NA,NA,NA,NA,NA,NA,NA,NA,NA,NA,032,001,2025-10-10_09h47.53.340,Study_5_PsychoPy_Experiment,2024.1.5,NA,2025-10-10 09h48.05.520472 +0100
Belief,Reg,TRUE,N,TB-K-B,DD_B,PsychoPyStudy5Stim/DD_B_5.png,Adam THINKS there are ZERO cubes,Zero,h,b,N,-,N,0,151,151,230,919.8025716999546,NA,NA,NA,NA,NA,NA,NA,NA,NA,919.7895075000124,1.7260003369301e-4,919.8693933000322,920.2526627000188,920.3526923999888,922.3528202000308,922.752707800013,922.8550546999322,922.8550546999322,926.972788300016,b,1,4.113641600008123,NA,926.9734415999848,926.9859596999596,926.9859596999596,926.9859596999596,926.9859596999596,926.9741373999276,NA,NA,NA,NA,NA,NA,NA,NA,NA,NA,032,001,2025-10-10_09h47.53.340,Study_5_PsychoPy_Experiment,2024.1.5,NA,2025-10-10 09h48.05.520472 +0100
Belief,Reg,TRUE,N,NB-TB-K,T_NB,PsychoPyStudy5Stim/T_NB_4.png,Adam THINKS there is ONE cube,One,h,b,N,-,N,0,152,152,143,926.9859596999596,NA,NA,NA,NA,NA,NA,NA,NA,NA,926.9746310999616,3.8240000139921e-4,927.0746923999396,927.4526667000029,927.552812299924,929.5527523999336,929.9526462999638,930.0550138999242,930.0550138999242,933.0393114000326,b,1,2.977525099995546,NA,933.0399728999472,933.052557399962,933.052557399962,933.052557399962,933.052557399962,933.0407182000343,NA,NA,NA,NA,NA,NA,NA,NA,NA,NA,032,001,2025-10-10_09h47.53.340,Study_5_PsychoPy_Experiment,2024.1.5,NA,2025-10-10 09h48.05.520472 +0100
Reality,Reg,FALSE,N,TB-Ig,D_B,PsychoPyStudy5Stim/D_B_D_3.png,"In REALTY, there are TWO cubes",Two,b,h,N,NA,N,0,153,153,214,933.052557399962,NA,NA,NA,NA,NA,NA,NA,NA,NA,933.0412374000298,4.0680007077753e-4,933.1369447000324,933.5192561999428,933.61934450001,935.6193151000188,936.0192499000112,936.1216571999248,936.1216571999248,937.38979809999,h,1,1.2634388000005856,NA,937.39009939995594,937.402351900004,937.402351900004,937.402351900004,937.402351900004,937.3904366999632,NA,NA,NA,NA,NA,NA,NA,NA,NA,NA,032,001,2025-10-10_09h47.53.340,Study_5_PsychoPy_Experiment,2024.1.5,NA,2025-10-10 09h48.05.520472 +0100
Knowledge,Reg,FALSE,N,FB-Ig,B_T,PsychoPyStudy5Stim/B_T_2.png,Adam KNOWS there are ZERO cubes,Zero,b,h,N,PropTrueNoKnow,Y,0,154,154,308,937.402351900004,NA,NA,NA,NA,NA,NA,NA,NA,NA,937.390651499969,1.6979989595711e-4,937.4758812999352,937.8525920999236,937.9527218999574,939.9529454000294,940.3525957999518,940.4550311999628,940.4550311999628,942.1061414999422,h,1,1.641217999975197,NA,942.1067336000268,942.119091499946,942.119091499946,942.119091499946,942.119091499946,942.1074277999578,NA,NA,NA,NA,NA,NA,NA,NA,NA,NA,032,001,2025-10-10_09h47.53.340,Study_5_PsychoPy_Experiment,2024.1.5,NA,2025-10-10 09h48.05.520472 +0100
Belief,Reg,TRUE,N,TB-Ig,D_B,PsychoPyStudy5Stim/D_B_D_2.png,Adam THINKS there are ZERO cubes,Zero,h,b,N,-,Y,0,155,155,210,942.119091499946,NA,NA,NA,NA,NA,NA,NA,NA,NA,942.107920199982,3.6970002111047e-4,942.2048106000292,942.585987700033,942.6859163999324,944.6859340999508,945.0860104999738,945.1883539999836,945.1883539999836,949.4393517000136,b,1,4.243450500071049,NA,949.4397024000064,949.4523267999756,949.4523267999756,949.4523267999756,949.4523267999756,949.4400705000152,NA,NA,NA,NA,NA,NA,NA,NA,NA,NA,032,001,2025-10-10_09h47.53.340,Study_5_PsychoPy_Experiment,2024.1.5,NA,2025-10-10 09h48.05.520472 +0100
Belief,Neg,TRUE,Y,FB-Ig,T_B_T,PsychoPyStudy5Stim/T_B_T_1.png,Adam does NOT THINK there are TWO cubes,Two,h,b,Y,-,N,0,156,156,16,949.4523267999756,NA,NA,NA,NA,NA,NA,NA,NA,NA,949.4403456000146,1.9440008327364e-4,949.54027769994,949.9191991999978,950.0193797999528,952.0193636999466,952.4192462000065,952.521738899988,952.521738899988,954.4219686000142,b,1,1.894456299953163,NA,954.4224364999682,954.4357770999196,954.4357770999196,954.4357770999196,954.4357770999196,954.422922299942,NA,NA,NA,NA,NA,NA,NA,NA,NA,NA,032,001,2025-10-10_09h47.53.340,Study_5_PsychoPy_Experiment,2024.1.5,NA,2025-10-10 09h48.05.520472 +0100
Knowledge,Reg,TRUE,N,TB-K-B,DD_B,PsychoPyStudy5Stim/DD_B_6.png,Adam KNOWS there are ZERO cubes,Zero,h,b,N,-,N,0,157,157,220,954.4357770999196,NA,NA,NA,NA,NA,NA,NA,NA,NA,954.4232774999692,2.8370006475597e-4,954.5123118000338,954.885609399993,954.9858383999672,956.9859893999528,957.3859083999414,957.4884344999446,957.4884344999446,958.6055553000188,b,1,1.1125038000755012,NA,958.6060875999974,958.6190771999536,958.6190771999536,958.6190771999536,958.6190771999536,958.6066308999434,NA,NA,NA,NA,NA,NA,NA,NA,NA,NA,032,001,2025-10-10_09h47.53.340,Study_5_PsychoPy_Experiment,2024.1.5,NA,2025-10-10 09h48.05.520472 +0100
Knowledge,Neg,TRUE,Y,FB-Ig,D_B_T,PsychoPyStudy5Stim/D_B_T_3.png,Adam does NOT KNOW there is ONE cube,One,h,b,Y,-,N,0,158,158,10,958.6190771999536,NA,NA,NA,NA,NA,NA,NA,NA,NA,958.6070632999764,3.4999998752027e-4,958.7037067000056,959.0859235000098,959.1860075999284,961.1859750000294,961.5858745999868,961.6883923999268,961.6883923999268,963.8891206999542,b,1,2.1922680999850854,NA,963.8897115000292,963.9024854999734,963.9024854999734,963.9024854999734,963.9024854999734,963.8903637999902,NA,NA,NA,NA,NA,NA,NA,NA,NA,NA,032,001,2025-10-10_09h47.53.340,Study_5_PsychoPy_Experiment,2024.1.5,NA,2025-10-10 09h48.05.520472 +0100
Reality,Reg,FALSE,N,NB-TB-K,DT_NB,PsychoPyStudy5Stim/TD_NB_1.png,"In REALITY, there are ZERO cubes",Zero,b,h,N,PropFalse,N,0,159,159,169,963.9024854999734,NA,NA,NA,NA,NA,NA,NA,NA,NA,963.8908255000132,3.6229996476322e-4,963.977073899936,964.3523930999218,964.4525998999598,966.4526966999985,966.852635200019,966.9549677999456,966.9549677999456,974.1219971999526,h,1,7.15026859997306,NA,974.1225154999412,974.1357442999724,974.1357442999724,974.1357442999724,974.1357442999724,974.1230630999198,NA,NA,NA,NA,NA,NA,NA,NA,NA,NA,032,001,2025-10-10_09h47.53.340,Study_5_PsychoPy_Experiment,2024.1.5,NA,2025-10-10 09h48.05.520472 +0100
Knowledge,Neg,FALSE,N,NB-TB-K,TT_NB,PsychoPyStudy5Stim/TT_NB_1.png,Adam does NOT KNOW there are TWO cubes,Two,b,h,Y,PropFalse,N,0,160,160,64,974.1357442999724,NA,NA,NA,NA,NA,NA,NA,NA,NA,974.1234929999335,3.0680000782012e-4,974.205461799982,974.5856995999349,974.6858834000304,976.6858229999198,977.0858439999864,977.1881990999682,977.1881990999682,978.721941899974,h,1,1.5168075000401586,NA,978.7222453999566,978.7356866999762,978.7356866999762,978.7356866999762,978.7356866999762,978.7225770999212,NA,NA,NA,NA,NA,NA,NA,NA,NA,NA,032,001,2025-10-10_09h47.53.340,Study_5_PsychoPy_Experiment,2024.1.5,NA,2025-10-10 09h48.05.520472 +0100
Belief,Reg,TRUE,N,NB-TB-K,TT_NB,PsychoPyStudy5Stim/TT_NB_8.png,Adam THINKS there are TWO cubes,Two,h,b,N,-,N,0,161,161,180,978.7356866999762,NA,NA,NA,NA,NA,NA,NA,NA,NA,978.7227945999476,1.7180002760142e-4,978.8152251000284,979.18577370001,979.2859073999572,981.2858517999994,981.685854399926,981.7882593999384,981.7882593999384,984.7890680999262,b,1,2.9877306999405846,NA,984.789366299985,984.802338099922,984.802338099922,984.802338099922,984.802338099922,984.7896991999588,NA,NA,NA,NA,NA,NA,NA,NA,NA,NA,032,001,2025-10-10_09h47.53.340,Study_5_PsychoPy_Experiment,2024.1.5,NA,2025-10-10 09h48.05.520472 +0100
Belief,Reg,FALSE,N,FB-Ig,T_B_T,PsychoPyStudy5Stim/T_B_T_8.png,Adam THINKS there are ZERO cubes,Zero,b,h,N,PropFalse,N,0,162,162,290,984.802338099922,NA,NA,NA,NA,NA,NA,NA,NA,NA,984.7899090999272,1.6809999942779e-4,984.8744309999748,985.2521967999636,985.3523462000304,987.3525759000332,987.7525082000066,987.854908999987,987.854908999987,988.6556570000248,h,1,0.7851249000523239,NA,988.656324999989,988.6690255999564,988.6690255999564,988.6690255999564,988.6690255999564,988.6569910999388,NA,NA,NA,NA,NA,NA,NA,NA,NA,NA,032,001,2025-10-10_09h47.53.340,Study_5_PsychoPy_Experiment,2024.1.5,NA,2025-10-10 09h48.05.520472 +0100
Knowledge,Neg,TRUE,N,TB-K,TD_B,PsychoPyStudy5Stim/TD_B_4.png,Adam does NOT KNOW there are TWO cubes,Two,h,b,Y,-,N,0,163,163,107,988.6690255999564,NA,NA,NA,NA,NA,NA,NA,NA,NA,988.6574570999946,3.6119995638728e-4,988.75178349996,989.1357777999948,989.2358905000146,991.2358069999608,991.6357996999286,991.7383772999748,991.7383772999748,994.5409134000074,b,1,2.7981156000168994,NA,994.542126199929,994.552548800013,994.552548800013,994.552548800013,994.552548800013,994.5435264999978,NA,NA,NA,NA,NA,NA,NA,NA,NA,NA,032,001,2025-10-10_09h47.53.340,Study_5_PsychoPy_Experiment,2024.1.5,NA,2025-10-10 09h48.05.520472 +0100
Belief,Reg,FALSE,N,TB-K-B,TD_B,PsychoPyStudy5Stim/TD_B_6.png,Adam THINKS there are ZERO cubes,Zero,b,h,N,PropFalse,N,0,164,164,268,994.552548800013,NA,NA,NA,NA,NA,NA,NA,NA,NA,994.5445019999752,7.5910007581114e-4,994.6443738000236,995.018861199962,995.119039800018,997.11920539999835,997.519166199956,997.621561100008,997.621561100008,1002.2882992000086,h,1,4.651144500006922,NA,1002.288596499944,1002.302270299988,1002.302270299988,1002.302270299988,1002.302270299988,1002.2889228999848,NA,NA,NA,NA,NA,NA,NA,NA,NA,NA,032,001,2025-10-10_09h47.53.340,Study_5_PsychoPy_Experiment,2024.1.5,NA,2025-10-10 09h48.05.520472 +0100
Belief,Reg,TRUE,N,NB-TB-K,TT_NB,PsychoPyStudy5Stim/TT_NB_7.png,Adam THINKS there are TWO cubes,Two,h,b,N,-,N,0,165,165,179,1002.302270299988,NA,NA,NA,NA,NA,NA,NA,NA,NA,1002.2891333999578,1.6710010822862e-4,1002.3724660000298,1002.7523896000348,1002.8523999999744,1004.8525229999796,1005.2525611999444,1005.355034200009,1005.355034200009,1008.8053782000206,b,1,3.4466727999970317,NA,1008.8058839000296,1008.8189524000044,1008.8189524000044,1008.8189524000044,1008.8189524000044,1008.806503299973,NA,NA,NA,NA,NA,NA,NA,NA,NA,NA,032,001,2025-10-10_09h47.53.340,Study_5_PsychoPy_Experiment,2024.1.5,NA,2025-10-10 09h48.05.520472 +0100
Belief,Neg,TRUE,N,NB-TB-K,T_NB,PsychoPyStudy5Stim/T_NB_1.png,Adam does NOT THINK there are TWO cubes,Two,h,b,Y,-,N,0,166,166,36,1008.8189524000044,NA,NA,NA,NA,NA,NA,NA,NA,NA,1008.8068794999272,2.9380002524703e-4,1008.8905636999988,1009.2689933999208,1009.369234999991,1011.3690349999816,1011.7691544999834,1011.871739299968,1011.871739299968,1013.9389763999498,b,1,2.065141799976118,NA,1013.9395887999564,1013.9523190000328,1013.9523190000328,1013.9523190000328,1013.9523190000328,1013.94020870002,NA,NA,NA,NA,NA,NA,NA,NA,NA,NA,032,001,2025-10-10_09h47.53.340,Study_5_PsychoPy_Experiment,2024.1.5,NA,2025-10-10 09h48.05.520472 +0100
Knowledge,Neg,TRUE,N,NB-TB-K,T_NB,PsychoPyStudy5Stim/T_NB_1.png,Adam does NOT KNOW there are TWO cubes,Two,h,b,Y,-,N,0,167,167,32,1013.9523190000328,NA,NA,NA,NA,NA,NA,NA,NA,NA,1013.940683700028,3.7479994352906e-4,1014.0353128999704,1014.4187545999883,1014.518911799998,1016.51917590003,1016.9191154999426,1017.02147659997,1017.02147659997,1021.955837699934,b,1,4.932131699984893,NA,1021.9565614999738,1021.9769716999726,NA,1021.9769716999726,NA,1033.5540261999704,space,11.56747890007682,NA,NA,NA,NA,NA,NA,NA,NA,032,001,2025-10-10_09h47.53.340,Study_5_PsychoPy_Experiment,2024.1.5,NA,2025-10-10 09h48.05.520472 +0100
Belief,Neg,TRUE,N,NB-TB-K,TT_NB,PsychoPyStudy5Stim/TT_NB_2.png,Adam does NOT THINK there is ONE cube,One,h,b,Y,-,N,0,168,168,61,1033.5689440999413,NA,NA,NA,NA,NA,NA,NA,NA,NA,1033.554872000008,3.8109999150037e-4,1033.6514728999464,1034.0355918999994,1034.135739899939,1036.135755999945,1036.5356573000315,1036.63800799998,1036.63800799998,1038.2218889999203,b,1,1.5703814000589773,NA,1038.2224095999263,1038.2354923000094,1038.2354923000094,1038.2354923000094,1038.2354923000094,1038.223690200015,NA,NA,NA,NA,NA,NA,NA,NA,NA,NA,032,001,2025-10-10_09h47.53.340,Study_5_PsychoPy_Experiment,2024.1.5,NA,2025-10-10 09h48.05.520472 +0100
Knowledge,Neg,TRUE,Y,FB-Ig,T_B_T,PsychoPyStudy5Stim/T_B_T_6.png,Adam does NOT KNOW there are TWO cubes,Two,h,b,Y,-,N,0,169,169,5,1038.2354923000094,NA,NA,NA,NA,NA,NA,NA,NA,NA,1038.2240812999662,2.9909994918853e-4,1038.321355800028,1038.7020142999245,1038.8021797999972,1040.802401999943,1041.202375599998,1041.3047569999471,1041.3047569999471,1042.7719066999853,b,1,1.4551458000205455,NA,1042.7723323999671,1042.785449899966,1042.785449899966,1042.785449899966,1042.785449899966,1042.7728024999378,NA,NA,NA,NA,NA,NA,NA,NA,NA,NA,032,001,2025-10-10_09h47.53.340,Study_5_PsychoPy_Experiment,2024.1.5,NA,2025-10-10 09h48.05.520472 +0100
Belief,Neg,FALSE,N,NB-TB-K,TT_NB,PsychoPyStudy5Stim/TT_NB_4.png,Adam does NOT THINK there are TWO cubes,Two,b,h,Y,PropFalse,N,0,170,170,75,1042.785449899966,NA,NA,NA,NA,NA,NA,NA,NA,NA,1042.773120900034,2.4870003107935e-4,1042.8604326000204,1043.2353709000165,1043.335491099977,1045.335707099992,1045.7356751000043,1045.837993499939,1045.837993499939,1047.1884681999218,b,0,1.337758100009523,NA,1047.189075900009,1047.2021499000257,1047.2021499000257,1047.2021499000257,1047.2021499000257,1047.1897159999935,NA,NA,NA,NA,NA,NA,NA,NA,NA,NA,032,001,2025-10-10_09h47.53.340,Study_5_PsychoPy_Experiment,2024.1.5,NA,2025-10-10 09h48.05.520472 +0100
Knowledge,Reg,TRUE,N,NB-TB-K,D_NB,PsychoPyStudy5Stim/D_NB_6.png,Adam KNOWS there are ZERO cubes,Zero,h,b,N,-,N,0,171,171,133,1047.2021499000257,NA,NA,NA,NA,NA,NA,NA,NA,NA,1047.1901566999732,3.4160003997385e-4,1047.28330739995,1047.6686429999536,1047.7687846999615,1049.7689055999508,1050.16894090001,1050.2713257999858,1050.2713257999858,1051.3885249999585,b,1,1.1046048999996856,NA,1051.3890548999188,1051.4020875999704,1051.4020875999704,1051.4020875999704,1051.4020875999704,1051.3895908999257,NA,NA,NA,NA,NA,NA,NA,NA,NA,NA,032,001,2025-10-10_09h47.53.340,Study_5_PsychoPy_Experiment,2024.1.5,NA,2025-10-10 09h48.05.520472 +0100
Belief,Neg,TRUE,Y,FB-Ig,T_B_T,PsychoPyStudy5Stim/T_B_T_8.png,Adam does NOT THINK there are TWO cubes,Two,h,b,Y,-,N,0,172,172,23,1051.4020875999704,NA,NA,NA,NA,NA,NA,NA,NA,NA,1051.3900036999255,3.2980006653815e-4,1051.482434800011,1051.8520432999358,1051.952188099967,1053.9521603999892,1054.3530796000268,1054.454699599999,1054.454699599999,1056.5385603000177,b,1,2.0738563999766484,NA,1056.5390568999574,1056.5521120999474,1056.5521120999474,1056.5521120999474,1056.5521120999474,1056.5395793999778,NA,NA,NA,NA,NA,NA,NA,NA,NA,NA,032,001,2025-10-10_09h47.53.340,Study_5_PsychoPy_Experiment,2024.1.5,NA,2025-10-10 09h48.05.520472 +0100
Belief,Reg,FALSE,N,FB-Ig,T_B_T,PsychoPyStudy5Stim/T_B_T_3.png,Adam THINKS there are ZERO cubes,Zero,b,h,N,PropFalse,N,0,173,173,285,1056.5521120999474,NA,NA,NA,NA,NA,NA,NA,NA,NA,1056.5399604999693,2.9799994081258e-4,1056.6364943999797,1057.0186070000054,1057.1187473000027,1059.1190151999472,1059.5189142000163,1059.6213675999315,1059.6213675999315,1060.9214754999848,h,1,1.298424999928102,NA,1060.9217873000307,1060.9354479999747,1060.9354479999747,1060.9354479999747,1060.9354479999747,1060.9221104999306,NA,NA,NA,NA,NA,NA,NA,NA,NA,NA,032,001,2025-10-10_09h47.53.340,Study_5_PsychoPy_Experiment,2024.1.5,NA,2025-10-10 09h48.05.520472 +0100
Knowledge,Neg,FALSE,N,TB-K,TD_B,PsychoPyStudy5Stim/TD_B_2.png,Adam does NOT KNOW there is ONE cube,One,b,h,Y,PropFalse,N,0,174,174,113,1060.9354479999747,NA,NA,NA,NA,NA,NA,NA,NA,NA,1060.9223228000335,1.6920000780373e-4,1061.0074897999875,1061.3852704999736,1061.4854619000107,1063.4854656999232,1063.8855854999274,1063.988011599984,1063.988011599984,1067.705541800009,h,1,3.7162092999788,NA,1067.7061591999372,1067.7187656000024,1067.7187656000024,1067.7187656000024,1067.7187656000024,1067.7067681000335,NA,NA,NA,NA,NA,NA,NA,NA,NA,NA,032,001,2025-10-10_09h47.53.340,Study_5_PsychoPy_Experiment,2024.1.5,NA,2025-10-10 09h48.05.520472 +0100
Belief,Reg,FALSE,N,NB-TB-K,TT_NB,PsychoPyStudy5Stim/TT_NB_2.png,Adam THINKS there are ZERO cubes,Zero,b,h,N,PropFalse,N,0,175,175,182,1067.7187656000024,NA,NA,NA,NA,NA,NA,NA,NA,NA,1067.7072399000172,3.7439994048327e-4,1067.7996350999456,1068.1686037000036,1068.2687584999949,1070.268725699978,1070.6687060999684,1070.7712863000345,1070.7712863000345,1071.9547312000068,h,1,1.1723741000751031,NA,1071.9550343999872,1071.9686906000134,1071.9686906000134,1071.9686906000134,1071.9686906000134,1071.955357800005,NA,NA,NA,NA,NA,NA,NA,NA,NA,NA,032,001,2025-10-10_09h47.53.340,Study_5_PsychoPy_Experiment,2024.1.5,NA,2025-10-10 09h48.05.520472 +0100
Knowledge,Reg,TRUE,N,NB-TB-K,DD_NB,PsychoPyStudy5Stim/DD_NB_1.png,Adam KNOWS there are ZERO cubes,Zero,h,b,N,-,N,0,176,176,147,1071.9686906000134,NA,NA,NA,NA,NA,NA,NA,NA,NA,1071.9555663999636,1.6619998496025e-4,1072.0529895999937,1072.435239100014,1072.5353916999884,1074.5354714000132,1074.935371899977,1075.0382345999824,1075.0382345999824,1076.221681599971,b,1,1.1777051999233663,NA,1076.2220000999514,1076.2352670999244,1076.2352670999244,1076.2352670999244,1076.2352670999244,1076.222327299998,NA,NA,NA,NA,NA,NA,NA,NA,NA,NA,032,001,2025-10-10_09h47.53.340,Study_5_PsychoPy_Experiment,2024.1.5,NA,2025-10-10 09h48.05.520472 +0100
Belief,Neg,TRUE,N,TB-K,TT_B,PsychoPyStudy5Stim/TT_B_3.png,Adam does NOT THINK there is ONE cube,One,h,b,Y,-,N,0,177,177,86,1076.2352670999244,NA,NA,NA,NA,NA,NA,NA,NA,NA,1076.2225463999202,1.8010009080171e-4,1076.3229309000308,1076.702126599965,1076.802217499935,1078.8021938999882,1079.2022301999386,1079.3046098999912,1079.3046098999912,1080.488456399995,h,0,1.1677387999370694,NA,1080.488947900012,1080.5020709999371,1080.5020709999371,1080.5020709999371,1080.5020709999371,1080.4894901999503,NA,NA,NA,NA,NA,NA,NA,NA,NA,NA,032,001,2025-10-10_09h47.53.340,Study_5_PsychoPy_Experiment,2024.1.5,NA,2025-10-10 09h48.05.520472 +0100
Belief,Neg,FALSE,N,TB-K,TD_B,PsychoPyStudy5Stim/TD_B_8.png,Adam does NOT THINK there is ONE cube,One,b,h,Y,PropFalse,N,0,178,178,127,1080.5020709999371,NA,NA,NA,NA,NA,NA,NA,NA,NA,1080.4898702999344,2.9830005951225e-4,1080.5815057000143,1080.9518649999518,1081.052003599936,1083.0521387000335,1083.4521746999817,1083.554541499936,1083.554541499936,1085.9388932000147,h,1,2.3823219999903813,NA,1085.9396068999777,1085.952087300015,1085.952087300015,1085.952087300015,1085.952087300015,1085.9403193999317,NA,NA,NA,NA,NA,NA,NA,NA,NA,NA,032,001,2025-10-10_09h47.53.340,Study_5_PsychoPy_Experiment,2024.1.5,NA,2025-10-10 09h48.05.520472 +0100
Belief,Reg,TRUE,N,TB-K-B,TT_B,PsychoPyStudy5Stim/TT_B_5.png,Adam THINKS there are TWO cubes,Two,h,b,N,-,N,0,179,179,246,1085.952087300015,NA,NA,NA,NA,NA,NA,NA,NA,NA,1085.9408845999278,4.2000005487352e-4,1086.0317853000015,1086.4021296999415,1086.5021172999404,1088.5021217999747,1088.9020667999284,1089.0044233999215,1089.0044233999215,1091.7221841999562,b,1,2.7159669999964535,NA,1091.7227800999535,1091.735322099994,1091.735322099994,1091.735322099994,1091.735322099994,1091.723399600014,NA,NA,NA,NA,NA,NA,NA,NA,NA,NA,032,001,2025-10-10_09h47.53.340,Study_5_PsychoPy_Experiment,2024.1.5,NA,2025-10-10 09h48.05.520472 +0100
Belief,Reg,TRUE,N,TB-K-B,TD_B,PsychoPyStudy5Stim/TD_B_7.png,Adam THINKS there is ONE cube,One,h,b,N,-,N,0,180,180,261,1091.735322099994,NA,NA,NA,NA,NA,NA,NA,NA,NA,1091.7238453000318,3.4679996315389e-4,1091.818191200029,1092.2018021999393,1092.3019212000072,1094.3021161999786,1094.702182499925,1094.804545699968,1094.804545699968,1096.422096099937,b,1,1.6032693000743166,NA,1096.42275649996,1096.435361700016,1096.435361700016,1096.435361700016,1096.435361700016,1096.42348509992,NA,NA,NA,NA,NA,NA,NA,NA,NA,NA,032,001,2025-10-10_09h47.53.340,Study_5_PsychoPy_Experiment,2024.1.5,NA,2025-10-10 09h48.05.520472 +0100
Knowledge,Reg,FALSE,N,FB-Ig,D_B_T,PsychoPyStudy5Stim/D_B_T_2.png,Adam KNOWS there are TWO cubes,Two,b,h,N,PropFalse,N,0,181,181,292,1096.435361700016,NA,NA,NA,NA,NA,NA,NA,NA,NA,1096.4240005000029,4.0300004184246e-4,1096.5099430999253,1096.8852146000136,1096.985248700017,1098.985468699946,1099.3853999000276,1099.4877685999963,1099.4877685999963,1102.0713037999813,h,1,2.5764541999669746,NA,1102.071598200011,1102.0851014999207,1102.0851014999207,1102.0851014999207,1102.0851014999207,1102.071923499927,NA,NA,NA,NA,NA,NA,NA,NA,NA,NA,032,001,2025-10-10_09h47.53.340,Study_5_PsychoPy_Experiment,2024.1.5,NA,2025-10-10 09h48.05.520472 +0100
Belief,Neg,FALSE,N,NB-TB-K,TT_NB,PsychoPyStudy5Stim/TT_NB_1.png,Adam does NOT THINK there are TWO cubes,Two,b,h,Y,PropFalse,N,0,182,182,72,1102.0851014999207,NA,NA,NA,NA,NA,NA,NA,NA,NA,1102.072132900008,1.7729995306581e-4,1102.154504999984,1102.5351061000256,1102.6353076000232,1104.635485899984,1105.035535300034,1105.1378616000293,1105.1378616000293,1106.3063418000238,h,1,1.158235799986869,NA,1106.3072331999429,1106.3186763999984,1106.3186763999984,1106.3186763999984,1106.3186763999984,1106.30810819997,NA,NA,NA,NA,NA,NA,NA,NA,NA,NA,032,001,2025-10-10_09h47.53.340,Study_5_PsychoPy_Experiment,2024.1.5,NA,2025-10-10 09h48.05.520472 +0100
Knowledge,Neg,TRUE,Y,FB-Ig,T_B_T,PsychoPyStudy5Stim/T_B_T_7.png,Adam does NOT KNOW there are TWO cubes,Two,h,b,Y,-,N,0,183,183,6,1106.3186763999984,NA,NA,NA,NA,NA,NA,NA,NA,NA,1106.308760099928,5.0299998838454e-4,1106.4175454999786,1106.8017818999942,1106.9019307999406,1108.9019273000304,1109.3022408999968,1109.4047534000129,1109.4047534000129,1113.0388830000302,b,1,3.6273751999251544,NA,1113.039604499936,1113.0519838000182,1113.0519838000182,1113.0519838000182,1113.0519838000182,1113.0403400999494,NA,NA,NA,NA,NA,NA,NA,NA,NA,NA,032,001,2025-10-10_09h47.53.340,Study_5_PsychoPy_Experiment,2024.1.5,NA,2025-10-10 09h48.05.520472 +0100
Knowledge,Reg,TRUE,N,TB-K-B,TT_B,PsychoPyStudy5Stim/TT_B_7.png,Adam KNOWS there are TWO cubes,Two,h,b,N,-,N,0,184,184,243,1113.0519838000182,NA,NA,NA,NA,NA,NA,NA,NA,NA,1113.0408695000224,4.1239999700337e-4,1113.1418248999398,1113.5183739999777,1113.6186020999448,1115.6187405999517,1116.0187464000192,1116.121033399948,1116.121033399948,1117.1722681999672,b,1,1.0470075000775978,NA,1117.1729769000085,1117.185308199958,1117.185308199958,1117.185308199958,1117.185308199958,1117.1737075999845,NA,NA,NA,NA,NA,NA,NA,NA,NA,NA,032,001,2025-10-10_09h47.53.340,Study_5_PsychoPy_Experiment,2024.1.5,NA,2025-10-10 09h48.05.520472 +0100
Knowledge,Reg,TRUE,N,TB-K-B,DD_B,PsychoPyStudy5Stim/DD_B_3.png,Adam KNOWS there are ZERO cubes,Zero,h,b,N,-,N,0,185,185,217,1117.185308199958,NA,NA,NA,NA,NA,NA,NA,NA,NA,1117.1742383999515,4.1360000614076e-4,1117.2790202000178,1117.651709400001,1117.751874999958,1119.7520527000306,1120.1520243999548,1120.2545754000312,1120.2545754000312,1121.2384216999635,b,1,0.969628099934198,NA,1121.2389121999731,1121.2518569999374,1121.2518569999374,1121.2518569999374,1121.2518569999374,1121.2394769999664,NA,NA,NA,NA,NA,NA,NA,NA,NA,NA,032,001,2025-10-10_09h47.53.340,Study_5_PsychoPy_Experiment,2024.1.5,NA,2025-10-10 09h48.05.520472 +0100
Belief,Neg,FALSE,N,TB-K,TT_B,PsychoPyStudy5Stim/TT_B_3.png,Adam does NOT THINK there are TWO cubes,Two,b,h,Y,PropFalse,N,0,186,186,98,1121.2518569999374,NA,NA,NA,NA,NA,NA,NA,NA,NA,1121.2398526000325,2.9300001915544e-4,1121.331369100022,1121.7016942999326,1121.8018777000252,1123.8021069000242,1124.2019805000164,1124.3043859000318,1124.3043859000318,1127.1880410999293,h,1,2.8721580000128597,NA,1127.1883662999608,1127.2018481999403,1127.2018481999403,1127.2018481999403,1127.2018481999403,1127.1887169999536,NA,NA,NA,NA,NA,NA,NA,NA,NA,NA,032,001,2025-10-10_09h47.53.340,Study_5_PsychoPy_Experiment,2024.1.5,NA,2025-10-10 09h48.05.520472 +0100
Belief,Reg,TRUE,N,FB-Ig,B_TT,PsychoPyStudy5Stim/B_TT_5.png,Adam THINKS there are ZERO cubes,Zero,h,b,N,-,Y,0,187,187,330,1127.2018481999403,NA,NA,NA,NA,NA,NA,NA,NA,NA,1127.1889529000036,1.8720002844929e-4,1127.286788700032,1127.66837520001,1127.768533900031,1129.7686997000128,1130.168476599967,1130.2714235000312,1130.2714235000312,1131.1392960000085,b,1,0.8646506000077352,NA,1131.1396208999213,1131.1516903999727,1131.1516903999727,1131.1516903999727,1131.1516903999727,1131.1400125999935,NA,NA,NA,NA,NA,NA,NA,NA,NA,NA,032,001,2025-10-10_09h47.53.340,Study_5_PsychoPy_Experiment,2024.1.5,NA,2025-10-10 09h48.05.520472 +0100
Belief,Reg,FALSE,N,FB-Ig,T_B_T,PsychoPyStudy5Stim/T_B_T_2.png,Adam THINKS there are ZERO cubes,Zero,b,h,N,PropFalse,N,0,188,188,284,1131.1516903999727,NA,NA,NA,NA,NA,NA,NA,NA,NA,1131.140276500024,2.1339999511837e-4,1131.235241599963,1131.6185617999872,1131.718704400002,1133.7187370000174,1134.1185711999424,1134.221184300026,1134.221184300026,1136.0217215999728,h,1,1.786719600087963,NA,1136.0224062999478,1136.0352157999296,1136.0352157999296,1136.0352157999296,1136.0352157999296,1136.023110799957,NA,NA,NA,NA,NA,NA,NA,NA,NA,NA,032,001,2025-10-10_09h47.53.340,Study_5_PsychoPy_Experiment,2024.1.5,NA,2025-10-10 09h48.05.520472 +0100
Belief,Reg,FALSE,N,NB-TB-K,TT_NB,PsychoPyStudy5Stim/TT_NB_3.png,Adam THINKS there are ZERO cubes,Zero,b,h,N,PropFalse,N,0,189,189,183,1136.0352157999296,NA,NA,NA,NA,NA,NA,NA,NA,NA,1136.0235770000145,3.6169996019452e-4,1136.1164222999942,1136.5019415999996,1136.6021093999734,1138.6019643000327,1139.001906099962,1139.1043939000228,1139.1043939000228,1140.2546734999632,h,1,1.1434180999640375,NA,1140.254984500003,1140.2684517999878,1140.2684517999878,1140.2684517999878,1140.2684517999878,1140.255325899925,NA,NA,NA,NA,NA,NA,NA,NA,NA,NA,032,001,2025-10-10_09h47.53.340,Study_5_PsychoPy_Experiment,2024.1.5,NA,2025-10-10 09h48.05.520472 +0100
Reality,Reg,FALSE,N,TB-K-B,DD_B,PsychoPyStudy5Stim/DD_B_9.png,"In REALITY, there are TWO cubes",Two,b,h,N,PropFalse,N,0,190,190,240,1140.2684517999878,NA,NA,NA,NA,NA,NA,NA,NA,NA,1140.2555513000116,1.7819995991885e-4,1140.3545674999475,1140.7352356000338,1140.8352222000249,1142.835208100034,1143.235214299988,1143.3376524000196,1143.3376524000196,1145.8721046999565,h,1,2.5184252000181004,NA,1145.872813199996,1145.8852018000323,1145.8852018000323,1145.8852018000323,1145.8852018000323,1145.873596600024,NA,NA,NA,NA,NA,NA,NA,NA,NA,NA,032,001,2025-10-10_09h47.53.340,Study_5_PsychoPy_Experiment,2024.1.5,NA,2025-10-10 09h48.05.520472 +0100
Belief,Reg,TRUE,N,NB-TB-K,DT_NB,PsychoPyStudy5Stim/TD_NB_2.png,Adam THINKS there is ONE cube,One,h,b,N,-,N,0,191,191,166,1145.8852018000323,NA,NA,NA,NA,NA,NA,NA,NA,NA,1145.8741548999678,4.354000557214e-4,1145.9710959999356,1146.3517855999526,1146.4521599999862,1148.4520409000106,1148.851981899934,1148.9543074999235,1148.9543074999235,1149.6885773999384,b,1,0.7175840999698266,NA,1149.689246700029,1149.7018387999851,1149.7018387999851,1149.7018387999851,1149.7018387999851,1149.690002599964,NA,NA,NA,NA,NA,NA,NA,NA,NA,NA,032,001,2025-10-10_09h47.53.340,Study_5_PsychoPy_Experiment,2024.1.5,NA,2025-10-10 09h48.05.520472 +0100
Reality,Reg,FALSE,N,NB-TB-K,TT_NB,PsychoPyStudy5Stim/TT_NB_4.png,"In REALITY, there is ONE cube",One,b,h,N,PropFalse,N,0,192,192,196,1149.7018387999851,NA,NA,NA,NA,NA,NA,NA,NA,NA,1149.690524699981,4.0559994522482e-4,1149.785808900022,1150.1685392999789,1150.2686139999423,1152.2686389000155,1152.6686002999777,1152.7709922000067,1152.7709922000067,1153.8550920999842,h,1,1.068345500039868,NA,1153.8557159999618,1153.868481499958,1153.868481499958,1153.868481499958,1153.868481499958,1153.8564161999384,NA,NA,NA,NA,NA,NA,NA,NA,NA,NA,032,001,2025-10-10_09h47.53.340,Study_5_PsychoPy_Experiment,2024.1.5,NA,2025-10-10 09h48.05.520472 +0100
Belief,Neg,FALSE,N,NB-TB-K,TT_NB,PsychoPyStudy5Stim/TT_NB_2.png,Adam does NOT THINK there are TWO cubes,Two,b,h,Y,PropFalse,N,0,193,193,73,1153.868481499958,NA,NA,NA,NA,NA,NA,NA,NA,NA,1153.856905899942,3.8179999683052e-4,1153.9409165999386,1154.3182700999314,1154.418407500023,1156.4187021999387,1156.818620499922,1156.9210764999734,1156.9210764999734,1157.905277899932,h,1,0.9747659999411552,NA,1157.9059820999391,1157.918481300003,1157.918481300003,1157.918481300003,1157.918481300003,1157.906697400031,NA,NA,NA,NA,NA,NA,NA,NA,NA,NA,032,001,2025-10-10_09h47.53.340,Study_5_PsychoPy_Experiment,2024.1.5,NA,2025-10-10 09h48.05.520472 +0100
Belief,Neg,FALSE,N,TB-K,TT_B,PsychoPyStudy5Stim/TT_B_4.png,Adam does NOT THINK there are TWO cubes,Two,b,h,Y,PropFalse,N,0,194,194,99,1157.918481300003,NA,NA,NA,NA,NA,NA,NA,NA,NA,1157.9072536999593,4.1380000766366e-4,1158.000168700004,1158.3851068000076,1158.485293500009,1160.4853486999637,1160.8851438999409,1160.9876182000153,1160.9876182000153,1163.6880375000185,h,1,2.6842767000198364,NA,1163.6884324999992,1163.701716199983,1163.701716199983,1163.701716199983,1163.701716199983,1163.6888766000047,NA,NA,NA,NA,NA,NA,NA,NA,NA,NA,032,001,2025-10-10_09h47.53.340,Study_5_PsychoPy_Experiment,2024.1.5,NA,2025-10-10 09h48.05.520472 +0100
Knowledge,Neg,TRUE,Y,FB-Ig,T_B_T,PsychoPyStudy5Stim/T_B_T_4.png,Adam does NOT KNOW there are TWO cubes,Two,h,b,Y,-,N,0,195,195,3,1163.701716199983,NA,NA,NA,NA,NA,NA,NA,NA,NA,1163.6891699000262,2.2899999748915e-4,1163.7798981999513,1164.1515754000284,1164.252263500006,1166.2519818999572,1166.651933699963,1166.754378999933,1166.754378999933,1171.1219479999272,b,1,4.3654786999104545,NA,1171.1226664999267,1171.1351142999483,1171.1351142999483,1171.1351142999483,1171.1351142999483,1171.1233949000016,NA,NA,NA,NA,NA,NA,NA,NA,NA,NA,032,001,2025-10-10_09h47.53.340,Study_5_PsychoPy_Experiment,2024.1.5,NA,2025-10-10 09h48.05.520472 +0100
Knowledge,Neg,FALSE,N,TB-K,TD_B,PsychoPyStudy5Stim/TD_B_8.png,Adam does NOT KNOW there is ONE cube,One,b,h,Y,PropFalse,N,0,196,196,119,1171.1351142999483,NA,NA,NA,NA,NA,NA,NA,NA,NA,1171.123993400019,4.5420008245855e-4,1171.2106941000093,1171.5848650999833,1171.6851600999944,1173.685293299961,1174.085157499998,1174.1874601999298,1174.1874601999298,1175.8876483999193,h,1,1.68432220001705,NA,1175.8879686000291,1175.9016706999391,1175.9016706999391,1175.9016706999391,1175.9016706999391,1175.8882918999298,NA,NA,NA,NA,NA,NA,NA,NA,NA,NA,032,001,2025-10-10_09h47.53.340,Study_5_PsychoPy_Experiment,2024.1.5,NA,2025-10-10 09h48.05.520472 +0100
Knowledge,Reg,FALSE,N,NB-TB-K,DD_NB,PsychoPyStudy5Stim/DD_NB_8.png,Adam KNOWS there is ONE cube,One,b,h,N,PropFalse,N,0,197,197,156,1175.9016706999391,NA,NA,NA,NA,NA,NA,NA,NA,NA,1175.888500000001,1.6369996592402e-4,1175.9950418999651,1176.368183100014,1176.46829530003,1178.4686036999335,1178.8683608999709,1178.9708887999875,1178.9708887999875,1181.12154740002,h,1,2.149340200005099,NA,1181.122069499921,1181.1350129999919,1181.1350129999919,1181.1350129999919,1181.1350129999919,1181.1226063999347,NA,NA,NA,NA,NA,NA,NA,NA,NA,NA,032,001,2025-10-10_09h47.53.340,Study_5_PsychoPy_Experiment,2024.1.5,NA,2025-10-10 09h48.05.520472 +0100
Belief,Reg,FALSE,N,TB-K-B,TD_B,PsychoPyStudy5Stim/TD_B_1.png,Adam THINKS there are ZERO cubes,Zero,b,h,N,PropFalse,N,0,198,198,263,1181.1350129999919,NA,NA,NA,NA,NA,NA,NA,NA,NA,1181.1229868999217,3.1569995917379e-4,1181.215339599992,1181.58486860001,1181.684939299943,1183.6851745999884,1184.0851205999495,1184.1875074999407,1184.1875074999407,1185.5547036000062,h,1,1.3655018000863492,NA,1185.5551963000323,1185.5683222999796,1185.5683222999796,1185.5683222999796,1185.5683222999796,1185.5557493999368,NA,NA,NA,NA,NA,NA,NA,NA,NA,NA,032,001,2025-10-10_09h47.53.340,Study_5_PsychoPy_Experiment,2024.1.5,NA,2025-10-10 09h48.05.520472 +0100
Belief,Reg,TRUE,N,TB-K-B,TT_B,PsychoPyStudy5Stim/TT_B_8.png,Adam THINKS there are TWO cubes,Two,h,b,N,-,N,0,199,199,249,1185.5683222999796,NA,NA,NA,NA,NA,NA,NA,NA,NA,1185.5561277000234,2.9620004352182e-4,1185.649555800017,1186.0348156000257,1186.1349329999648,1188.1351419999264,1188.5350981999654,1188.6374689999502,1188.6374689999502,1189.721410400001,b,1,1.0665410000365227,NA,1189.7219880999764,1189.7349918999244,1189.7349918999244,1189.7349918999244,1189.7349918999244,1189.7226399999345,NA,NA,NA,NA,NA,NA,NA,NA,NA,NA,032,001,2025-10-10_09h47.53.340,Study_5_PsychoPy_Experiment,2024.1.5,NA,2025-10-10 09h48.05.520472 +0100
Knowledge,Neg,TRUE,Y,FB-Ig,D_B_T,PsychoPyStudy5Stim/D_B_T_6.png,Adam does NOT KNOW there is ONE cube,One,h,b,Y,-,N,0,200,200,13,1189.7349918999244,NA,NA,NA,NA,NA,NA,NA,NA,NA,1189.723103499971,3.6579999141395e-4,1189.8125134999864,1190.1851525999373,1190.285205699969,1192.2850006999215,1192.6850574000273,1192.7874474999262,1192.7874474999262,1193.6550410999916,b,1,0.8519317000173032,NA,1193.6557031000266,1193.6683221999556,1193.6683221999556,1193.6683221999556,1193.6683221999556,1193.6563948999392,NA,NA,NA,NA,NA,NA,NA,NA,NA,NA,032,001,2025-10-10_09h47.53.340,Study_5_PsychoPy_Experiment,2024.1.5,NA,2025-10-10 09h48.05.520472 +0100
Reality,Reg,TRUE,N,FB-Ig,B_TT,PsychoPyStudy5Stim/B_TT_1.png,"In REALITY, there are TWO cubes",Two,h,b,N,-,N,0,201,201,331,1193.6683221999556,NA,NA,NA,NA,NA,NA,NA,NA,NA,1193.6568883999716,3.8559990935027e-4,1193.7548500000266,1194.1349591999317,1194.2352681999328,1196.235134699964,1196.635109200026,1196.7374471999938,1196.7374471999938,1197.6715315999463,b,1,0.926826799986884,NA,1197.6721086000323,1197.684966200031,1197.684966200031,1197.684966200031,1197.684966200031,1197.6727515999228,NA,NA,NA,NA,NA,NA,NA,NA,NA,NA,032,001,2025-10-10_09h47.53.340,Study_5_PsychoPy_Experiment,2024.1.5,NA,2025-10-10 09h48.05.520472 +0100
Knowledge,Reg,TRUE,N,NB-TB-K,TT_NB,PsychoPyStudy5Stim/TT_NB_6.png,Adam KNOWS there are TWO cubes,Two,h,b,N,-,N,0,202,202,172,1197.684966200031,NA,NA,NA,NA,NA,NA,NA,NA,NA,1197.673214499955,3.6579999141395e-4,1197.7554001000244,1198.1350038999226,1198.235003800015,1200.2350279999664,1200.6350868999723,1200.737506299978,1200.737506299978,1203.3210842999397,b,1,2.573860000004061,NA,1203.321400900022,1203.3347595999949,1203.3347595999949,1203.3347595999949,1203.3347595999949,1203.321737900027,NA,NA,NA,NA,NA,NA,NA,NA,NA,NA,032,001,2025-10-10_09h47.53.340,Study_5_PsychoPy_Experiment,2024.1.5,NA,2025-10-10 09h48.05.520472 +0100
Knowledge,Neg,FALSE,N,NB-TB-K,T_NB,PsychoPyStudy5Stim/T_NB_1.png,Adam does NOT KNOW there is ONE cube,One,b,h,Y,PropFalse,N,0,203,203,40,1203.3347595999949,NA,NA,NA,NA,NA,NA,NA,NA,NA,1203.3219512000214,1.6880000475794e-4,1203.40653129993,1203.784745199955,1203.8848905999912,1205.8851802999852,1206.28509749996,1206.387395799975,1206.387395799975,1209.0715257999254,h,1,2.6678852000040933,NA,1209.0718417000026,1209.0848380000098,1209.0848380000098,1209.0848380000098,1209.0848380000098,1209.0721962000243,NA,NA,NA,NA,NA,NA,NA,NA,NA,NA,032,001,2025-10-10_09h47.53.340,Study_5_PsychoPy_Experiment,2024.1.5,NA,2025-10-10 09h48.05.520472 +0100
Reality,Reg,FALSE,N,TB-K-B,DD_B,PsychoPyStudy5Stim/DD_B_8.png,"In REALITY, there is ONE cube",One,b,h,N,PropFalse,N,0,204,204,239,1209.0848380000098,NA,NA,NA,NA,NA,NA,NA,NA,NA,1209.0724354999838,1.7919996753335e-4,1209.173537399969,1209.5514192000264,1209.651700199931,1211.6517087999964,1212.0516510999296,1212.1545332999667,1212.1545332999667,1213.3046772999223,h,1,1.1488935999805108,NA,1213.304979700013,1213.3180636999896,1213.3180636999896,1213.3180636999896,1213.3180636999896,1213.3053125999868,NA,NA,NA,NA,NA,NA,NA,NA,NA,NA,032,001,2025-10-10_09h47.53.340,Study_5_PsychoPy_Experiment,2024.1.5,NA,2025-10-10 09h48.05.520472 +0100
Knowledge,Reg,TRUE,N,NB-TB-K,D_NB,PsychoPyStudy5Stim/D_NB_1.png,Adam KNOWS there are ZERO cubes,Zero,h,b,N,-,N,0,205,205,128,1213.3180636999896,NA,NA,NA,NA,NA,NA,NA,NA,NA,1213.3055462000193,1.7999997362494e-4,1213.4185755000217,1213.8014415999642,1213.9015195999527,1215.901535199955,1216.3015648999717,1216.4041168999393,1216.4041168999393,1217.8713970999231,b,1,1.4596043000929058,NA,1217.871722199954,1217.884833100019,1217.884833100019,1217.884833100019,1217.884833100019,1217.8720631999895,NA,NA,NA,NA,NA,NA,NA,NA,NA,NA,032,001,2025-10-10_09h47.53.340,Study_5_PsychoPy_Experiment,2024.1.5,NA,2025-10-10 09h48.05.520472 +0100
Belief,Reg,TRUE,N,TB-Ig,D_B,PsychoPyStudy5Stim/D_B_3.png,Adam THINKS there are ZERO cubes,Zero,h,b,N,-,Y,0,206,206,202,1217.884833100019,NA,NA,NA,NA,NA,NA,NA,NA,NA,1217.8722965000195,1.866000238806e-4,1217.982991799945,1218.3680554999737,1218.4681999000022,1220.468431700021,1220.8682880999986,1220.971332999994,1220.971332999994,1224.4212660000194,b,1,3.4355926000280306,NA,1224.4215847000014,1224.4347119999584,1224.4347119999584,1224.4347119999584,1224.4347119999584,1224.421920599998,NA,NA,NA,NA,NA,NA,NA,NA,NA,NA,032,001,2025-10-10_09h47.53.340,Study_5_PsychoPy_Experiment,2024.1.5,NA,2025-10-10 09h48.05.520472 +0100
Knowledge,Neg,FALSE,N,TB-K,TT_B,PsychoPyStudy5Stim/TT_B_3.png,Adam does NOT KNOW there are TWO cubes,Two,b,h,Y,PropFalse,N,0,207,207,90,1224.4347119999584,NA,NA,NA,NA,NA,NA,NA,NA,NA,1224.42214229994,1.8470000941306e-4,1224.5141351999482,1224.8846969000297,1224.9848940999946,1226.9849395999918,1227.384858199977,1227.4875312999357,1227.4875312999357,1229.3046814999543,h,1,1.8158795998897403,NA,1229.3049897999736,1229.318036200013,1229.318036200013,1229.318036200013,1229.318036200013,1229.3053201999282,NA,NA,NA,NA,NA,NA,NA,NA,NA,NA,032,001,2025-10-10_09h47.53.340,Study_5_PsychoPy_Experiment,2024.1.5,NA,2025-10-10 09h48.05.520472 +0100
Knowledge,Neg,FALSE,N,NB-TB-K,TT_NB,PsychoPyStudy5Stim/TT_NB_3.png,Adam does NOT KNOW there are TWO cubes,Two,b,h,Y,PropFalse,N,0,208,208,66,1229.318036200013,NA,NA,NA,NA,NA,NA,NA,NA,NA,1229.305533699924,1.6840000171214e-4,1229.3870576999616,1229.768053399981,1229.8681859999197,1231.8684079999805,1232.2682098000078,1232.3708442000209,1232.3708442000209,1235.8044504999416,h,1,3.428051399998367,NA,1235.804753699922,1235.8181891000131,1235.8181891000131,1235.8181891000131,1235.8181891000131,1235.805085,NA,NA,NA,NA,NA,NA,NA,NA,NA,NA,032,001,2025-10-10_09h47.53.340,Study_5_PsychoPy_Experiment,2024.1.5,NA,2025-10-10 09h48.05.520472 +0100
Reality,Reg,TRUE,N,TB-K-B,DD_B,PsychoPyStudy5Stim/DD_B_6.png,"In REALITY, there are ZERO cubes",Zero,h,b,N,-,N,0,209,209,237,1235.8181891000131,NA,NA,NA,NA,NA,NA,NA,NA,NA,1235.805300500011,1.7140002455562e-4,1235.9113509999588,1236.2846530999525,1236.38501670002,1238.3847777999472,1238.7847723999294,1238.8872421999697,1238.8872421999697,1240.3206373000285,b,1,1.4166489000199365,NA,1240.320939199999,1240.334751999937,1240.334751999937,1240.334751999937,1240.334751999937,1240.3212697999552,NA,NA,NA,NA,NA,NA,NA,NA,NA,NA,032,001,2025-10-10_09h47.53.340,Study_5_PsychoPy_Experiment,2024.1.5,NA,2025-10-10 09h48.05.520472 +0100
Belief,Neg,FALSE,N,NB-TB-K,T_NB,PsychoPyStudy5Stim/T_NB_4.png,Adam does NOT THINK there is ONE cube,One,b,h,Y,PropFalse,N,0,210,210,51,1240.334751999937,NA,NA,NA,NA,NA,NA,NA,NA,NA,1240.321488799993,1.7499993555247e-4,1240.4214727999642,1240.8013173999498,1240.9014219000237,1242.9015546999872,1243.3015841000015,1243.40394009999,1243.40394009999,1250.7394478999777,h,1,7.323820799938403,NA,1250.7407697000308,1250.75148430001,1250.75148430001,1250.75148430001,1250.75148430001,1250.7420743999537,NA,NA,NA,NA,NA,NA,NA,NA,NA,NA,032,001,2025-10-10_09h47.53.340,Study_5_PsychoPy_Experiment,2024.1.5,NA,2025-10-10 09h48.05.520472 +0100
Knowledge,Reg,FALSE,N,FB-Ig,D_B_T,PsychoPyStudy5Stim/D_B_T_3.png,Adam KNOWS there are TWO cubes,Two,b,h,N,PropFalse,N,0,211,211,293,1250.75148430001,NA,NA,NA,NA,NA,NA,NA,NA,NA,1250.7431212000083,8.3329994231462e-4,1250.832758900011,1251.2182523999363,1251.318283400033,1253.3182227999205,1253.7181848000037,1253.8205907000229,1253.8205907000229,1254.9542674999684,h,1,1.1227438999339938,NA,1254.9545862999512,1254.9680072999329,1254.9680072999329,1254.9680072999329,1254.9680072999329,1254.9548843000084,NA,NA,NA,NA,NA,NA,NA,NA,NA,NA,032,001,2025-10-10_09h47.53.340,Study_5_PsychoPy_Experiment,2024.1.5,NA,2025-10-10 09h48.05.520472 +0100
Knowledge,Neg,FALSE,N,TB-K,TD_B,PsychoPyStudy5Stim/TD_B_3.png,Adam does NOT KNOW there is ONE cube,One,b,h,Y,PropFalse,N,0,212,212,114,1254.9680072999329,NA,NA,NA,NA,NA,NA,NA,NA,NA,1254.955096799997,1.6789999790489e-4,1255.040823600022,1255.4180037999758,1255.5180242999922,1257.5181787000038,1257.9182148999537,1258.0207919999957,1258.0207919999957,1268.9378005999606,h,1,10.899688099976627,NA,1268.9383808999555,1268.951385900029,1268.951385900029,1268.951385900029,1268.951385900029,1268.9390182999196,NA,NA,NA,NA,NA,NA,NA,NA,NA,NA,032,001,2025-10-10_09h47.53.340,Study_5_PsychoPy_Experiment,2024.1.5,NA,2025-10-10 09h48.05.520472 +0100
Reality,Reg,FALSE,N,TB-K-B,TT_B,PsychoPyStudy5Stim/TT_B_5.png,"In REALITY, there are ZERO cubes",Zero,b,h,N,PropFalse,N,0,213,213,253,1268.951385900029,NA,NA,NA,NA,NA,NA,NA,NA,NA,1268.9394646999426,3.4549995325505e-4,1269.0358905999456,1269.418114,1269.51803929999,1271.518281899975,1271.9181742999936,1272.0205668000272,1272.0205668000272,1278.337699500029,h,1,6.315531200030819,NA,1278.3382674999302,1278.351321300026,1278.351321300026,1278.351321300026,1278.351321300026,1278.3388546999777,NA,NA,NA,NA,NA,NA,NA,NA,NA,NA,032,001,2025-10-10_09h47.53.340,Study_5_PsychoPy_Experiment,2024.1.5,NA,2025-10-10 09h48.05.520472 +0100
Knowledge,Neg,TRUE,N,NB-TB-K,T_NB,PsychoPyStudy5Stim/T_NB_2.png,Adam does NOT KNOW there are TWO cubes,Two,h,b,Y,-,N,0,214,214,33,1278.351321300026,NA,NA,NA,NA,NA,NA,NA,NA,NA,1278.339232099941,2.9319990426301e-4,1278.4355924000265,1278.8179768000264,1278.9181250999682,1280.9180097000208,1281.3182212000247,1281.4204042999772,1281.4204042999772,1283.921535899979,h,0,2.4989640000276268,NA,1283.9222615000326,1283.93467899994,1283.93467899994,1283.93467899994,1283.93467899994,1283.922994100023,NA,NA,NA,NA,NA,NA,NA,NA,NA,NA,032,001,2025-10-10_09h47.53.340,Study_5_PsychoPy_Experiment,2024.1.5,NA,2025-10-10 09h48.05.520472 +0100
Belief,Neg,TRUE,N,NB-TB-K,TT_NB,PsychoPyStudy5Stim/TT_NB_1.png,Adam does NOT THINK there is ONE cube,One,h,b,Y,-,N,0,215,215,60,1283.93467899994,NA,NA,NA,NA,NA,NA,NA,NA,NA,1283.9235524999676,4.1300000157207e-4,1284.018435099977,1284.4011418999871,1284.5013007000089,1286.5015698999632,1286.901455199928,1287.0037893999834,1287.0037893999834,1289.087803100003,b,1,2.0755448000272736,NA,1289.0883605999406,1289.101271499996,1289.101271499996,1289.101271499996,1289.101271499996,1289.0889051000122,NA,NA,NA,NA,NA,NA,NA,NA,NA,NA,032,001,2025-10-10_09h47.53.340,Study_5_PsychoPy_Experiment,2024.1.5,NA,2025-10-10 09h48.05.520472 +0100
Knowledge,Neg,TRUE,N,TB-K,TD_B,PsychoPyStudy5Stim/TD_B_1.png,Adam does NOT KNOW there are TWO cubes,Two,h,b,Y,-,N,0,216,216,104,1289.101271499996,NA,NA,NA,NA,NA,NA,NA,NA,NA,1289.0893126999729,3.2480002846568e-4,1289.1842092999725,1289.5677684999537,1289.6679417999694,1291.668034799979,1292.068080500001,1292.1705678999424,1292.1705678999424,1293.4872436999576,h,0,1.300381799926981,NA,1293.487542100018,1293.501255900017,1293.501255900017,1293.501255900017,1293.501255900017,1293.48785949999,NA,NA,NA,NA,NA,NA,NA,NA,NA,NA,032,001,2025-10-10_09h47.53.340,Study_5_PsychoPy_Experiment,2024.1.5,NA,2025-10-10 09h48.05.520472 +0100
Belief,Reg,FALSE,N,FB-Ig,D_B_T,PsychoPyStudy5Stim/D_B_T_8.png,Adam THINKS there are TWO cubes,Two,b,h,N,PropFalse,N,0,217,217,306,1293.501255900017,NA,NA,NA,NA,NA,NA,NA,NA,NA,1293.4880706999684,1.6779999714344e-4,1293.585537499981,1293.9677591000218,1294.0678985000122,1296.0681771999225,1296.4681632999564,1296.5704654,1296.5704654,1297.588186000008,h,1,1.013660499942489,NA,1297.5889015999855,1297.6013467999874,1297.6013467999874,1297.6013467999874,1297.6013467999874,1297.589636299992,NA,NA,NA,NA,NA,NA,NA,NA,NA,NA,032,001,2025-10-10_09h47.53.340,Study_5_PsychoPy_Experiment,2024.1.5,NA,2025-10-10 09h48.05.520472 +0100
Belief,Neg,TRUE,Y,FB-Ig,D_B_T,PsychoPyStudy5Stim/D_B_T_6.png,Adam does NOT THINK there is ONE cube,One,h,b,Y,-,N,0,218,218,29,1297.6013467999874,NA,NA,NA,NA,NA,NA,NA,NA,NA,1297.5902039000066,4.2210007086396e-4,1297.6858375000302,1298.0677502999315,1298.1679642000236,1300.1680184999714,1300.5680849000346,1300.670599999954,1300.670599999954,1302.0538146999895,b,1,1.3689091000705955,NA,1302.0541119999252,1302.067829299951,1302.067829299951,1302.067829299951,1302.067829299951,1302.0544315000298,NA,NA,NA,NA,NA,NA,NA,NA,NA,NA,032,001,2025-10-10_09h47.53.340,Study_5_PsychoPy_Experiment,2024.1.5,NA,2025-10-10 09h48.05.520472 +0100
Belief,Reg,TRUE,N,TB-K-B,DD_B,PsychoPyStudy5Stim/DD_B_2.png,Adam THINKS there are ZERO cubes,Zero,h,b,N,-,N,0,219,219,227,1302.067829299951,NA,NA,NA,NA,NA,NA,NA,NA,NA,1302.0546424000058,1.670999918133e-4,1302.156110699987,1302.534392499947,1302.6345215999754,1304.6348295999924,1305.034778699977,1305.137166599976,1305.137166599976,1306.3371336000273,b,1,1.1896025000605732,NA,1306.3374277999392,1306.3511705999265,1306.3511705999265,1306.3511705999265,1306.3511705999265,1306.3377483999357,NA,NA,NA,NA,NA,NA,NA,NA,NA,NA,032,001,2025-10-10_09h47.53.340,Study_5_PsychoPy_Experiment,2024.1.5,NA,2025-10-10 09h48.05.520472 +0100
Belief,Reg,TRUE,N,TB-K-B,TD_B,PsychoPyStudy5Stim/TD_B_5.png,Adam THINKS there is ONE cube,One,h,b,N,-,N,0,220,220,259,1306.3511705999265,NA,NA,NA,NA,NA,NA,NA,NA,NA,1306.3379625999369,1.6990001313388e-4,1306.4233769000275,1306.8010342000052,1306.9012051000027,1308.901177700027,1309.3013514999766,1309.4040507000173,1309.4040507000173,1315.753837099997,b,1,6.339384999941103,NA,1315.7541528999573,1315.767756499932,1315.767756499932,1315.767756499932,1315.767756499932,1315.754478399991,NA,NA,NA,NA,NA,NA,NA,NA,NA,NA,032,001,2025-10-10_09h47.53.340,Study_5_PsychoPy_Experiment,2024.1.5,NA,2025-10-10 09h48.05.520472 +0100
Knowledge,Reg,TRUE,N,NB-TB-K,DD_NB,PsychoPyStudy5Stim/DD_NB_7.png,Adam KNOWS there are ZERO cubes,Zero,h,b,N,-,N,0,221,221,153,1315.767756499932,NA,NA,NA,NA,NA,NA,NA,NA,NA,1315.7546906999778,1.6930000856518e-4,1315.861611799919,1316.2345528999576,1316.3347393999577,1318.3345894999802,1318.7347365999594,1318.8370930999515,1318.8370930999515,1320.853950800025,b,1,2.010144800064154,NA,1320.8542488999665,1320.8678353999276,1320.8678353999276,1320.8678353999276,1320.8678353999276,1320.8545674999475,NA,NA,NA,NA,NA,NA,NA,NA,NA,NA,032,001,2025-10-10_09h47.53.340,Study_5_PsychoPy_Experiment,2024.1.5,NA,2025-10-10 09h48.05.520472 +0100
Belief,Reg,TRUE,N,TB-K-B,DD_B,PsychoPyStudy5Stim/DD_B_1.png,Adam THINKS there are ZERO cubes,Zero,h,b,N,-,N,0,222,222,226,1320.8678353999276,NA,NA,NA,NA,NA,NA,NA,NA,NA,1320.8547796999335,1.6880000475794e-4,1320.9465402999194,1321.3176473999629,1321.4177958000218,1323.417988399975,1323.8181520999642,1323.9204396000132,1323.9204396000132,1325.2539686999517,b,1,1.3185714000137525,NA,1325.2543631999288,1325.26784580003,1325.26784580003,1325.26784580003,1325.26784580003,1325.2548062999267,NA,NA,NA,NA,NA,NA,NA,NA,NA,NA,032,001,2025-10-10_09h47.53.340,Study_5_PsychoPy_Experiment,2024.1.5,NA,2025-10-10 09h48.05.520472 +0100
Reality,Reg,FALSE,N,NB-TB-K,D_NB,PsychoPyStudy5Stim/D_NB_8.png,"In REALITY, there are TWO cubes",Two,b,h,N,PropFalse,N,0,223,223,139,1325.26784580003,NA,NA,NA,NA,NA,NA,NA,NA,NA,1325.2551313999577,2.6600004639476e-4,1325.3523311000315,1325.7343387999572,1325.8344994999934,1327.834646599949,1328.2344740999397,1328.3369742999785,1328.3369742999785,1329.838071099948,h,1,1.49421480007004,NA,1329.8387670000084,1329.8511651000008,1329.8511651000008,1329.8511651000008,1329.8511651000008,1329.8395817999262,NA,NA,NA,NA,NA,NA,NA,NA,NA,NA,032,001,2025-10-10_09h47.53.340,Study_5_PsychoPy_Experiment,2024.1.5,NA,2025-10-10 09h48.05.520472 +0100
Knowledge,Reg,FALSE,N,FB-Ig,T_B_T,PsychoPyStudy5Stim/T_B_T_1.png,Adam KNOWS there are ZERO cubes,Zero,b,h,N,PropFalse,N,0,224,224,275,1329.8511651000008,NA,NA,NA,NA,NA,NA,NA,NA,NA,1329.8401450000238,4.4510001316666e-4,1329.93753450003,1330.317673799931,1330.4177754999837,1332.4178391000023,1332.8177569999823,1332.920601699967,1332.920601699967,1336.1047075999668,h,1,3.1752409000182524,NA,1336.10537939996,1336.117855199962,1336.117855199962,1336.117855199962,1336.117855199962,1336.1061290999642,NA,NA,NA,NA,NA,NA,NA,NA,NA,NA,032,001,2025-10-10_09h47.53.340,Study_5_PsychoPy_Experiment,2024.1.5,NA,2025-10-10 09h48.05.520472 +0100
Knowledge,Neg,FALSE,N,NB-TB-K,T_NB,PsychoPyStudy5Stim/T_NB_3.png,Adam does NOT KNOW there is ONE cube,One,b,h,Y,PropFalse,N,0,225,225,42,1336.117855199962,NA,NA,NA,NA,NA,NA,NA,NA,NA,1336.1066447999328,4.0060002356767e-4,1336.203585500014,1336.584274100023,1336.6844295000192,1338.6846909000303,1339.0846097000176,1339.1870757000288,1339.1870757000288,1341.871219499968,h,1,2.6683397999731824,NA,1341.8719175999286,1341.8844751999711,1341.8844751999711,1341.8844751999711,1341.8844751999711,1341.8726413999684,NA,NA,NA,NA,NA,NA,NA,NA,NA,NA,032,001,2025-10-10_09h47.53.340,Study_5_PsychoPy_Experiment,2024.1.5,NA,2025-10-10 09h48.05.520472 +0100
Belief,Reg,FALSE,N,TB-K-B,DD_B,PsychoPyStudy5Stim/DD_B_4.png,Adam THINKS there is ONE cube,One,b,h,N,PropFalse,N,0,226,226,235,1341.8844751999711,NA,NA,NA,NA,NA,NA,NA,NA,NA,1341.8731651999988,4.0719995740801e-4,1341.9741002999945,1342.3509441999486,1342.4510602999944,1344.4513256999198,1344.8512290000217,1344.953602100024,1344.953602100024,1346.454460699926,h,1,1.4858327999245375,NA,1346.4551292000106,1346.4677894000197,1346.4677894000197,1346.4677894000197,1346.4677894000197,1346.455825399957,NA,NA,NA,NA,NA,NA,NA,NA,NA,NA,032,001,2025-10-10_09h47.53.340,Study_5_PsychoPy_Experiment,2024.1.5,NA,2025-10-10 09h48.05.520472 +0100
Knowledge,Neg,TRUE,N,TB-K,TD_B,PsychoPyStudy5Stim/TD_B_3.png,Adam does NOT KNOW there are TWO cubes,Two,h,b,Y,-,N,0,227,227,106,1346.4677894000197,NA,NA,NA,NA,NA,NA,NA,NA,NA,1346.4563767999643,4.3729995377361e-4,1346.5458866999252,1346.9176122000208,1347.017738600029,1349.0178679999665,1349.4178671999834,1349.5202530999668,1349.5202530999668,1352.1717226000037,h,0,2.6473388000158593,NA,1352.1725904999766,1352.1845049000112,1352.1845049000112,1352.1845049000112,1352.1845049000112,1352.173526300001,NA,NA,NA,NA,NA,NA,NA,NA,NA,NA,032,001,2025-10-10_09h47.53.340,Study_5_PsychoPy_Experiment,2024.1.5,NA,2025-10-10 09h48.05.520472 +0100
Reality,Reg,TRUE,N,NB-TB-K,DT_NB,PsychoPyStudy5Stim/TD_NB_1.png,"In REALITY, there is ONE cube",One,h,b,N,-,N,0,228,228,167,1352.1845049000112,NA,NA,NA,NA,NA,NA,NA,NA,NA,1352.1741851000115,5.1320006605237e-4,1352.2752916000318,1352.6508876000298,1352.7510036999593,1354.751109899953,1355.151218999992,1355.253491399926,1355.253491399926,1355.904058199958,b,1,0.6336223999969661,NA,1355.9046398999635,1355.917732300004,1355.917732300004,1355.917732300004,1355.917732300004,1355.905251599965,NA,NA,NA,NA,NA,NA,NA,NA,NA,NA,032,001,2025-10-10_09h47.53.340,Study_5_PsychoPy_Experiment,2024.1.5,NA,2025-10-10 09h48.05.520472 +0100
Knowledge,Reg,FALSE,N,FB-Ig,D_B_T,PsychoPyStudy5Stim/D_B_T_7.png,Adam KNOWS there are TWO cubes,Two,b,h,N,PropFalse,N,0,229,229,297,1355.917732300004,NA,NA,NA,NA,NA,NA,NA,NA,NA,1355.9056959999723,3.4450006205588e-4,1356.005085599958,1356.3842368000187,1356.4843709999695,1358.4845763000194,1358.8844552999362,1358.9867775000166,1358.9867775000166,1362.0878386999248,h,1,3.092240799916908,NA,1362.088432700024,1362.1010011000326,1362.1010011000326,1362.1010011000326,1362.1010011000326,1362.0890566000016,NA,NA,NA,NA,NA,NA,NA,NA,NA,NA,032,001,2025-10-10_09h47.53.340,Study_5_PsychoPy_Experiment,2024.1.5,NA,2025-10-10 09h48.05.520472 +0100
Knowledge,Reg,TRUE,N,NB-TB-K,D_NB,PsychoPyStudy5Stim/D_NB_4.png,Adam KNOWS there are ZERO cubes,Zero,h,b,N,-,N,0,230,230,131,1362.1010011000326,NA,NA,NA,NA,NA,NA,NA,NA,NA,1362.0894945999607,3.409000346437e-4,1362.1884007999906,1362.5675230999475,1362.6676490999523,1364.6677942000097,1365.0678127999415,1365.1702166999455,1365.1702166999455,1366.4044604999945,b,1,1.221032099914737,NA,1366.405128799961,1366.417734000017,1366.417734000017,1366.417734000017,1366.417734000017,1366.4058596999384,NA,NA,NA,NA,NA,NA,NA,NA,NA,NA,032,001,2025-10-10_09h47.53.340,Study_5_PsychoPy_Experiment,2024.1.5,NA,2025-10-10 09h48.05.520472 +0100
Knowledge,Reg,TRUE,N,TB-K-B,DD_B,PsychoPyStudy5Stim/DD_B_1.png,Adam KNOWS there are ZERO cubes,Zero,h,b,N,-,N,0,231,231,215,1366.417734000017,NA,NA,NA,NA,NA,NA,NA,NA,NA,1366.4063819999574,4.0829996578395e-4,1366.4894475999754,1366.867503699963,1366.9676362000173,1368.9678866999457,1369.3679924999597,1369.4702798000071,1369.4702798000071,1370.2044008999364,b,1,0.7209080999018624,NA,1370.205019999994,1370.217661599978,1370.217661599978,1370.217661599978,1370.217661599978,1370.2057142999256,NA,NA,NA,NA,NA,NA,NA,NA,NA,NA,032,001,2025-10-10_09h47.53.340,Study_5_PsychoPy_Experiment,2024.1.5,NA,2025-10-10 09h48.05.520472 +0100
Belief,Reg,TRUE,N,FB-Ig,B_TT,PsychoPyStudy5Stim/B_TT_3.png,Adam THINKS there are ZERO cubes,Zero,h,b,N,-,Y,0,232,232,328,1370.217661599978,NA,NA,NA,NA,NA,NA,NA,NA,NA,1370.2062007000204,3.8079998921602e-4,1370.3064132999862,1370.6841775999635,1370.7843411000213,1372.7848540999694,1373.1843010999728,1373.2867422000272,1373.2867422000272,1374.220825699973,b,1,0.9205523999407887,NA,1374.2213830000255,1374.2343357999343,1374.2343357999343,1374.2343357999343,1374.2343357999343,1374.2220102000283,NA,NA,NA,NA,NA,NA,NA,NA,NA,NA,032,001,2025-10-10_09h47.53.340,Study_5_PsychoPy_Experiment,2024.1.5,NA,2025-10-10 09h48.05.520472 +0100
Knowledge,Reg,FALSE,N,FB-Ig,B_TT,PsychoPyStudy5Stim/B_TT_5.png,Adam KNOWS there are ZERO cubes,Zero,b,h,N,PropTrueNoKnow,Y,0,233,233,325,1374.2343357999343,NA,NA,NA,NA,NA,NA,NA,NA,NA,1374.2224485999905,3.4500006586313e-4,1374.3257999999914,1374.7007933999412,1374.8009655999483,1376.8011387999868,1377.2013179999776,1377.3034229000332,1377.3034229000332,1380.7380025000311,b,0,3.432327499962412,NA,1380.7387229999297,1380.7510865000077,1380.7510865000077,1380.7510865000077,1380.7510865000077,1380.739490399952,NA,NA,NA,NA,NA,NA,NA,NA,NA,NA,032,001,2025-10-10_09h47.53.340,Study_5_PsychoPy_Experiment,2024.1.5,NA,2025-10-10 09h48.05.520472 +0100
Reality,Reg,TRUE,N,FB-Ig,B_T,PsychoPyStudy5Stim/B_T_2.png,"In REALITY, there is ONE cube",One,h,b,N,-,N,0,234,234,318,1380.7510865000077,NA,NA,NA,NA,NA,NA,NA,NA,NA,1380.7400182000129,4.1009997949004e-4,1380.8410958999302,1381.2178099999437,1381.3176642999751,1383.317795199924,1383.717737399973,1383.820106899948,1383.820106899948,1386.9539234000258,b,1,3.1323754999320954,NA,1386.9542383999797,1386.967446799972,1386.967446799972,1386.967446799972,1386.967446799972,1386.9545618999982,NA,NA,NA,NA,NA,NA,NA,NA,NA,NA,032,001,2025-10-10_09h47.53.340,Study_5_PsychoPy_Experiment,2024.1.5,NA,2025-10-10 09h48.05.520472 +0100
Reality,Reg,TRUE,N,NB-TB-K,T_NB,PsychoPyStudy5Stim/T_NB_6.png,"In REALITY, there is ONE cube",One,h,b,N,-,N,0,235,235,145,1386.967446799972,NA,NA,NA,NA,NA,NA,NA,NA,NA,1386.954779600026,1.7340003978461e-4,1387.053164999932,1387.4341109999225,1387.5342292999849,1389.5343483999604,1389.9344678999623,1390.0367818999805,1390.0367818999805,1391.6538231000304,b,1,1.6024663000134751,NA,1391.6543534999946,1391.667569299927,1391.667569299927,1391.667569299927,1391.667569299927,1391.6548851999687,NA,NA,NA,NA,NA,NA,NA,NA,NA,NA,032,001,2025-10-10_09h47.53.340,Study_5_PsychoPy_Experiment,2024.1.5,NA,2025-10-10 09h48.05.520472 +0100
Belief,Neg,TRUE,N,NB-TB-K,TT_NB,PsychoPyStudy5Stim/TT_NB_4.png,Adam does NOT THINK there is ONE cube,One,h,b,Y,-,N,0,236,236,63,1391.667569299927,NA,NA,NA,NA,NA,NA,NA,NA,NA,1391.6552906000288,3.2270001247525e-4,1391.7403260000283,1392.117413399974,1392.217575000017,1394.2178277999628,1394.6177640999667,1394.720120199956,1394.720120199956,1397.5878075999208,b,1,2.8551638999488205,NA,1397.5886310000203,1397.6009752999526,1397.6009752999526,1397.6009752999526,1397.6009752999526,1397.589375599986,NA,NA,NA,NA,NA,NA,NA,NA,NA,NA,032,001,2025-10-10_09h47.53.340,Study_5_PsychoPy_Experiment,2024.1.5,NA,2025-10-10 09h48.05.520472 +0100
Knowledge,Reg,TRUE,N,TB-K-B,DD_B,PsychoPyStudy5Stim/DD_B_2.png,Adam KNOWS there are ZERO cubes,Zero,h,b,N,-,N,0,237,237,216,1397.6009752999526,NA,NA,NA,NA,NA,NA,NA,NA,NA,1397.5899074999616,4.149000160396e-4,1397.6818102999823,1398.0508133999538,1398.1508644999703,1400.1510691000149,1400.5511144000338,1400.6534559000283,1400.6534559000283,1401.6545989000006,b,1,0.9939192999154328,NA,1401.6554340999571,1401.6676306999288,1401.6676306999288,1401.6676306999288,1401.6676306999288,1401.6563392999817,NA,NA,NA,NA,NA,NA,NA,NA,NA,NA,032,001,2025-10-10_09h47.53.340,Study_5_PsychoPy_Experiment,2024.1.5,NA,2025-10-10 09h48.05.520472 +0100
Belief,Neg,FALSE,N,NB-TB-K,TT_NB,PsychoPyStudy5Stim/TT_NB_6.png,Adam does NOT THINK there are TWO cubes,Two,b,h,Y,PropFalse,N,0,238,238,77,1401.6676306999288,NA,NA,NA,NA,NA,NA,NA,NA,NA,1401.656990199932,5.0680001731961e-4,1401.7508049999597,1402.1340824000072,1402.2342048999851,1404.2344313999638,1404.6343325999333,1404.736806700006,1404.736806700006,1407.6374958999222,h,1,2.8941416000016034,NA,1407.6381544999313,1407.6508838000009,1407.6508838000009,1407.6508838000009,1407.6508838000009,1407.6387711999705,NA,NA,NA,NA,NA,NA,NA,NA,NA,NA,032,001,2025-10-10_09h47.53.340,Study_5_PsychoPy_Experiment,2024.1.5,NA,2025-10-10 09h48.05.520472 +0100
Knowledge,Reg,FALSE,N,TB-Ig,D_B,PsychoPyStudy5Stim/D_B_2.png,Adam KNOWS there are ZERO cubes,Zero,b,h,N,PropTrueNoKnow,Y,0,239,239,198,1407.6508838000009,NA,NA,NA,NA,NA,NA,NA,NA,NA,1407.6392370000249,3.4509995020926e-4,1407.739693699987,1408.1173418000108,1408.2175070999656,1410.2177599000281,1410.6176754999906,1410.720011999947,1410.720011999947,1412.9204577000346,h,1,2.198976199957542,NA,1412.9207685999572,1412.934036499937,1412.934036499937,1412.934036499937,1412.934036499937,1412.9211002999218,NA,NA,NA,NA,NA,NA,NA,NA,NA,NA,032,001,2025-10-10_09h47.53.340,Study_5_PsychoPy_Experiment,2024.1.5,NA,2025-10-10 09h48.05.520472 +0100
Knowledge,Neg,FALSE,N,NB-TB-K,TT_NB,PsychoPyStudy5Stim/TT_NB_7.png,Adam does NOT KNOW there are TWO cubes,Two,b,h,Y,PropFalse,N,0,240,240,70,1412.934036499937,NA,NA,NA,NA,NA,NA,NA,NA,NA,1412.9213138999185,1.7070001922547e-4,1413.008461099933,1413.3840025999816,1413.4841695999494,1415.4842031999724,1415.8841185999336,1415.9866351999808,1415.9866351999808,1417.6208810999524,h,1,1.6283585999626666,NA,1417.621188799967,1417.6342018999858,1417.6342018999858,1417.6342018999858,1417.6342018999858,1417.621528599993,NA,NA,NA,NA,NA,NA,NA,NA,NA,NA,032,001,2025-10-10_09h47.53.340,Study_5_PsychoPy_Experiment,2024.1.5,NA,2025-10-10 09h48.05.520472 +0100
Knowledge,Reg,FALSE,N,NB-TB-K,DD_NB,PsychoPyStudy5Stim/DD_NB_7.png,Adam KNOWS there is ONE cube,One,b,h,N,PropFalse,N,0,241,241,155,1417.6342018999858,NA,NA,NA,NA,NA,NA,NA,NA,NA,1417.62174089998,1.7030001617968e-4,1417.714765899931,1418.084319000016,1418.184260400012,1420.1844065999612,1420.5841636999976,1420.6866633000318,1420.6866633000318,1422.320880300016,h,1,1.62408169999253,NA,1422.3215636999812,1422.3342180999462,1422.3342180999462,1422.3342180999462,1422.3342180999462,1422.3223237999482,NA,NA,NA,NA,NA,NA,NA,NA,NA,NA,032,001,2025-10-10_09h47.53.340,Study_5_PsychoPy_Experiment,2024.1.5,NA,2025-10-10 09h48.05.520472 +0100
Knowledge,Neg,FALSE,N,NB-TB-K,TT_NB,PsychoPyStudy5Stim/TT_NB_8.png,Adam does NOT KNOW there are TWO cubes,Two,b,h,Y,PropFalse,N,0,242,242,71,1422.3342180999462,NA,NA,NA,NA,NA,NA,NA,NA,NA,1422.3228861999232,4.4450000859797e-4,1422.4106400000164,1422.7841451999266,1422.8842633999884,1424.8843275000108,1425.2842874999624,1425.3866582999472,1425.3866582999472,1426.7545617999276,h,1,1.3558044000528753,NA,1426.7554014000343,1426.7675398000283,1426.7675398000283,1426.7675398000283,1426.7675398000283,1426.7562910999404,NA,NA,NA,NA,NA,NA,NA,NA,NA,NA,032,001,2025-10-10_09h47.53.340,Study_5_PsychoPy_Experiment,2024.1.5,NA,2025-10-10 09h48.05.520472 +0100
Knowledge,Reg,TRUE,N,NB-TB-K,TT_NB,PsychoPyStudy5Stim/TT_NB_7.png,Adam KNOWS there are TWO cubes,Two,h,b,N,-,N,0,243,243,173,1426.7675398000283,NA,NA,NA,NA,NA,NA,NA,NA,NA,1426.7569520999675,5.0819991156458e-4,1426.841730199987,1427.217405000003,1427.3177820999408,1429.3175988999428,1429.717608799925,1429.8200128999306,1429.8200128999306,1431.170882200007,b,1,1.3472927000839263,NA,1431.171446399996,1431.1840608000057,1431.1840608000057,1431.1840608000057,1431.1840608000057,1431.1720594000071,NA,NA,NA,NA,NA,NA,NA,NA,NA,NA,032,001,2025-10-10_09h47.53.340,Study_5_PsychoPy_Experiment,2024.1.5,NA,2025-10-10 09h48.05.520472 +0100
Knowledge,Reg,FALSE,N,FB-Ig,B_T,PsychoPyStudy5Stim/B_T_4.png,Adam KNOWS there are ZERO cubes,Zero,b,h,N,PropTrueNoKnow,Y,0,244,244,310,1431.1840608000057,NA,NA,NA,NA,NA,NA,NA,NA,NA,1431.172500399989,3.4470006357878e-4,1431.272584400023,1431.650811700034,1431.7509962000186,1433.7512587999229,1434.1509430999868,1434.2532480999362,1434.2532480999362,1435.072057000012,h,1,0.8097124999621883,NA,1435.0723589999834,1435.0839575999416,1435.0839575999416,1435.0839575999416,1435.0839575999416,1435.0726989000104,NA,NA,NA,NA,NA,NA,NA,NA,NA,NA,032,001,2025-10-10_09h47.53.340,Study_5_PsychoPy_Experiment,2024.1.5,NA,2025-10-10 09h48.05.520472 +0100
Belief,Reg,TRUE,N,TB-Ig,D_B,PsychoPyStudy5Stim/D_B_2.png,Adam THINKS there are ZERO cubes,Zero,h,b,N,-,Y,0,245,245,201,1435.0839575999416,NA,NA,NA,NA,NA,NA,NA,NA,NA,1435.0729118000015,1.6940000932663e-4,1435.1699193000095,1435.550613799947,1435.6507506999187,1437.650917500025,1438.0508727999404,1438.1532731000334,1438.1532731000334,1439.1036826999623,b,1,0.9333324000472204,NA,1439.1041922000004,1439.117415899993,1439.117415899993,1439.117415899993,1439.117415899993,1439.1047209999524,NA,NA,NA,NA,NA,NA,NA,NA,NA,NA,032,001,2025-10-10_09h47.53.340,Study_5_PsychoPy_Experiment,2024.1.5,NA,2025-10-10 09h48.05.520472 +0100
Knowledge,Reg,TRUE,N,NB-TB-K,DD_NB,PsychoPyStudy5Stim/DD_NB_8.png,Adam KNOWS there are ZERO cubes,Zero,h,b,N,-,N,0,246,246,154,1439.117415899993,NA,NA,NA,NA,NA,NA,NA,NA,NA,1439.1051019999431,2.9819994233548e-4,1439.203822899959,1439.584000300034,1439.6841298999498,1441.6840839999495,1442.0840489999391,1442.1862980999283,1442.1862980999283,1445.9382326999912,b,1,3.740752700017765,NA,1445.9391032999847,1445.9506793000037,1445.9506793000037,1445.9506793000037,1445.9506793000037,1445.939968099934,NA,NA,NA,NA,NA,NA,NA,NA,NA,NA,032,001,2025-10-10_09h47.53.340,Study_5_PsychoPy_Experiment,2024.1.5,NA,2025-10-10 09h48.05.520472 +0100
Knowledge,Neg,TRUE,N,TB-K,TT_B,PsychoPyStudy5Stim/TT_B_4.png,Adam does NOT KNOW there is ONE cube,One,h,b,Y,-,N,0,247,247,83,1445.9506793000037,NA,NA,NA,NA,NA,NA,NA,NA,NA,1445.940467400011,3.8999994285404e-4,1446.0295559000224,1446.4006489999592,1446.5007291999646,1448.5009582999628,1448.900905199931,1449.0033386999276,1449.0033386999276,1453.8873164999532,h,0,4.875520899891853,NA,1453.8879023999907,1453.9007302999962,1453.9007302999962,1453.9007302999962,1453.9007302999962,1453.8885245999554,NA,NA,NA,NA,NA,NA,NA,NA,NA,NA,032,001,2025-10-10_09h47.53.340,Study_5_PsychoPy_Experiment,2024.1.5,NA,2025-10-10 09h48.05.520472 +0100
Knowledge,Neg,TRUE,Y,FB-Ig,D_B_T,PsychoPyStudy5Stim/D_B_T_8.png,Adam does NOT KNOW there is ONE cube,One,h,b,Y,-,N,0,248,248,15,1453.9007302999962,NA,NA,NA,NA,NA,NA,NA,NA,NA,1453.8889678999549,3.46599961631e-4,1453.983666599961,1454.3672802000074,1454.467385099968,1456.4676237999229,1456.8674254999496,1456.9701816999586,1456.9701816999586,1458.637317799963,b,1,1.6530408000107857,NA,1458.6379472999834,1458.6507353999186,1458.6507353999186,1458.6507353999186,1458.6507353999186,1458.6387405999703,NA,NA,NA,NA,NA,NA,NA,NA,NA,NA,032,001,2025-10-10_09h47.53.340,Study_5_PsychoPy_Experiment,2024.1.5,NA,2025-10-10 09h48.05.520472 +0100
Belief,Reg,FALSE,N,TB-K-B,DD_B,PsychoPyStudy5Stim/DD_B_3.png,Adam THINKS there is ONE cube,One,b,h,N,PropFalse,N,0,249,249,234,1458.6507353999186,NA,NA,NA,NA,NA,NA,NA,NA,NA,1458.6392371000256,4.1269999928772e-4,1458.7364397000056,1459.1171752000228,1459.2172885999316,1461.217566599953,1461.6175440999214,1461.719798599952,1461.719798599952,1462.754011599929,h,1,1.032086200080812,NA,1462.754637099919,1462.7673826999962,1462.7673826999962,1462.7673826999962,1462.7673826999962,1462.7552586999957,NA,NA,NA,NA,NA,NA,NA,NA,NA,NA,032,001,2025-10-10_09h47.53.340,Study_5_PsychoPy_Experiment,2024.1.5,NA,2025-10-10 09h48.05.520472 +0100
Belief,Neg,TRUE,N,TB-K,TD_B,PsychoPyStudy5Stim/TD_B_4.png,Adam does NOT THINK there are TWO cubes,Two,h,b,Y,-,N,0,250,250,111,1462.7673826999962,NA,NA,NA,NA,NA,NA,NA,NA,NA,1462.7557366000256,3.7929997779428e-4,1462.8522289999528,1463.2338353999658,1463.334041299997,1465.334149000002,1465.7341320000123,1465.836493199924,1465.836493199924,1467.4700818000128,b,1,1.6178130999905989,NA,1467.470380499959,1467.4839606999883,1467.4839606999883,1467.4839606999883,1467.4839606999883,1467.4707064999966,NA,NA,NA,NA,NA,NA,NA,NA,NA,NA,032,001,2025-10-10_09h47.53.340,Study_5_PsychoPy_Experiment,2024.1.5,NA,2025-10-10 09h48.05.520472 +0100
Knowledge,Neg,FALSE,N,NB-TB-K,T_NB,PsychoPyStudy5Stim/T_NB_8.png,Adam does NOT KNOW there is ONE cube,One,b,h,Y,PropFalse,N,0,251,251,47,1467.4839606999883,NA,NA,NA,NA,NA,NA,NA,NA,NA,1467.470919499989,1.6960001084953e-4,1467.5678382000187,1467.9505068999715,1468.050625899923,1470.0508883999428,1470.4507611999288,1470.5532183999894,1470.5532183999894,1473.3710966999645,h,1,2.8061043000780046,NA,1473.3719096999848,1473.396211699932,NA,1473.396211699932,NA,1488.8362294000108,space,15.426161799929105,NA,NA,NA,NA,NA,NA,NA,NA,032,001,2025-10-10_09h47.53.340,Study_5_PsychoPy_Experiment,2024.1.5,NA,2025-10-10 09h48.05.520472 +0100
Belief,Reg,TRUE,N,NB-TB-K,TT_NB,PsychoPyStudy5Stim/TT_NB_5.png,Adam THINKS there are TWO cubes,Two,h,b,N,-,N,0,252,252,177,1488.8506933000172,NA,NA,NA,NA,NA,NA,NA,NA,NA,1488.8373382999562,5.4759997874498e-4,1488.9358596999664,1489.3170766999249,1489.4171903999522,1491.4174804999493,1491.81745089998,1491.9197903999593,1491.9197903999593,1493.0037855999544,b,1,1.0801838000770658,NA,1493.004288499942,1493.0172032000264,1493.0172032000264,1493.0172032000264,1493.0172032000264,1493.005566500011,NA,NA,NA,NA,NA,NA,NA,NA,NA,NA,032,001,2025-10-10_09h47.53.340,Study_5_PsychoPy_Experiment,2024.1.5,NA,2025-10-10 09h48.05.520472 +0100
Knowledge,Neg,FALSE,N,NB-TB-K,T_NB,PsychoPyStudy5Stim/T_NB_6.png,Adam does NOT KNOW there is ONE cube,One,b,h,Y,PropFalse,N,0,253,253,45,1493.0172032000264,NA,NA,NA,NA,NA,NA,NA,NA,NA,1493.005959299975,3.0019995756447e-4,1493.0925820999546,1493.4670559000224,1493.5672350999666,1495.5672688999912,1495.967209000024,1496.0704511000076,1496.0704511000076,1497.253232399933,b,0,1.1681331999134272,NA,1497.2535459999926,1497.2672341000289,1497.2672341000289,1497.2672341000289,1497.2672341000289,1497.253884100006,NA,NA,NA,NA,NA,NA,NA,NA,NA,NA,032,001,2025-10-10_09h47.53.340,Study_5_PsychoPy_Experiment,2024.1.5,NA,2025-10-10 09h48.05.520472 +0100
Belief,Neg,FALSE,N,TB-K,TD_B,PsychoPyStudy5Stim/TD_B_2.png,Adam does NOT THINK there is ONE cube,One,b,h,Y,PropFalse,N,0,254,254,121,1497.2672341000289,NA,NA,NA,NA,NA,NA,NA,NA,NA,1497.254110299982,1.7949996981769e-4,1497.3458729999838,1497.717037800001,1497.8176540000131,1499.8174277999206,1500.2173397999725,1500.319707399933,1500.319707399933,1501.5875212999526,h,1,1.2636827999958768,NA,1501.5881509999745,1501.6005846000044,1501.6005846000044,1501.6005846000044,1501.6005846000044,1501.588846800034,NA,NA,NA,NA,NA,NA,NA,NA,NA,NA,032,001,2025-10-10_09h47.53.340,Study_5_PsychoPy_Experiment,2024.1.5,NA,2025-10-10 09h48.05.520472 +0100
Knowledge,Neg,TRUE,N,TB-K,TT_B,PsychoPyStudy5Stim/TT_B_2.png,Adam does NOT KNOW there is ONE cube,One,h,b,Y,-,N,0,255,255,81,1501.6005846000044,NA,NA,NA,NA,NA,NA,NA,NA,NA,1501.5893384999365,3.844000166282e-4,1501.687287800014,1502.067076999927,1502.1671636999818,1504.1673823000165,1504.567405699985,1504.669675000012,1504.669675000012,1506.586939599947,h,0,1.9048709999769928,NA,1506.5875033999328,1506.600580999977,1506.600580999977,1506.600580999977,1506.600580999977,1506.5882009000052,NA,NA,NA,NA,NA,NA,NA,NA,NA,NA,032,001,2025-10-10_09h47.53.340,Study_5_PsychoPy_Experiment,2024.1.5,NA,2025-10-10 09h48.05.520472 +0100
Belief,Reg,FALSE,N,FB-Ig,T_B_T,PsychoPyStudy5Stim/T_B_T_5.png,Adam THINKS there are ZERO cubes,Zero,b,h,N,PropFalse,N,0,256,256,287,1506.600580999977,NA,NA,NA,NA,NA,NA,NA,NA,NA,1506.588637199951,3.4140003845095e-4,1506.6808241999242,1507.0503255999647,1507.1505888999673,1509.150540899951,1509.5506808999926,1509.6530881000217,1509.6530881000217,1511.6038740000222,h,1,1.9371167999925092,NA,1511.6044180999745,1511.6170697000343,1511.6170697000343,1511.6170697000343,1511.6170697000343,1511.6050128999632,NA,NA,NA,NA,NA,NA,NA,NA,NA,NA,032,001,2025-10-10_09h47.53.340,Study_5_PsychoPy_Experiment,2024.1.5,NA,2025-10-10 09h48.05.520472 +0100
Reality,Reg,TRUE,N,TB-Ig,D_B,PsychoPyStudy5Stim/D_B_1.png,"In REALITY, there are ZERO cubes",Zero,h,b,N,-,N,0,257,257,203,1511.6170697000343,NA,NA,NA,NA,NA,NA,NA,NA,NA,1511.6054260999665,3.2210000790655e-4,1511.7005591000195,1512.0836228999542,1512.1838353000348,1514.1839761999436,1514.5839747999562,1514.6864154000068,1514.6864154000068,1515.903789700009,b,1,1.200367100071162,NA,1515.9043746999232,1515.9171706000343,1515.9171706000343,1515.9171706000343,1515.9171706000343,1515.9049984000158,NA,NA,NA,NA,NA,NA,NA,NA,NA,NA,032,001,2025-10-10_09h47.53.340,Study_5_PsychoPy_Experiment,2024.1.5,NA,2025-10-10 09h48.05.520472 +0100
Knowledge,Reg,TRUE,N,TB-K-B,DD_B,PsychoPyStudy5Stim/DD_B_4.png,Adam KNOWS there are ZERO cubes,Zero,h,b,N,-,N,0,258,258,218,1515.9171706000343,NA,NA,NA,NA,NA,NA,NA,NA,NA,1515.9054294999223,3.3730000723153e-4,1516.0017287000082,1516.383625300019,1516.4838845999911,1518.4839790000117,1518.8839643999236,1518.9864345999667,1518.9864345999667,1520.5707466999302,b,1,1.580279399990104,NA,1520.571353700012,1520.5838394999737,1520.5838394999737,1520.5838394999737,1520.5838394999737,1520.5720189999556,NA,NA,NA,NA,NA,NA,NA,NA,NA,NA,032,001,2025-10-10_09h47.53.340,Study_5_PsychoPy_Experiment,2024.1.5,NA,2025-10-10 09h48.05.520472 +0100
Knowledge,Reg,TRUE,N,NB-TB-K,D_NB,PsychoPyStudy5Stim/D_NB_2.png,Adam KNOWS there are ZERO cubes,Zero,h,b,N,-,N,0,259,259,129,1520.5838394999737,NA,NA,NA,NA,NA,NA,NA,NA,NA,1520.5724791999671,3.5580003168433e-4,1520.6629224999342,1521.0339011999313,1521.1340961999958,1523.133800099953,1523.5338620999828,1523.6361892999848,1523.6361892999848,1526.0700793999713,b,1,2.418408100027591,NA,1526.0705671999604,1526.0837139999494,1526.0837139999494,1526.0837139999494,1526.0837139999494,1526.071109600016,NA,NA,NA,NA,NA,NA,NA,NA,NA,NA,032,001,2025-10-10_09h47.53.340,Study_5_PsychoPy_Experiment,2024.1.5,NA,2025-10-10 09h48.05.520472 +0100
Knowledge,Reg,FALSE,N,FB-Ig,T_B_T,PsychoPyStudy5Stim/T_B_T_4.png,Adam KNOWS there are ZERO cubes,Zero,b,h,N,PropFalse,N,0,260,260,278,1526.0837139999494,NA,NA,NA,NA,NA,NA,NA,NA,NA,1526.0714854999678,2.9379990883171e-4,1526.1547706000274,1526.5338127999566,1526.6340100999223,1528.6340061000085,1529.0339706999948,1529.1363777000224,1529.1363777000224,1530.5035422999645,h,1,1.3502721999539062,NA,1530.504098400008,1530.517100899946,1530.517100899946,1530.517100899946,1530.517100899946,1530.5047172999475,NA,NA,NA,NA,NA,NA,NA,NA,NA,NA,032,001,2025-10-10_09h47.53.340,Study_5_PsychoPy_Experiment,2024.1.5,NA,2025-10-10 09h48.05.520472 +0100
Knowledge,Reg,TRUE,N,NB-TB-K,T_NB,PsychoPyStudy5Stim/T_NB_2.png,Adam KNOWS there is ONE cube,One,h,b,N,-,N,0,261,261,141,1530.517100899946,NA,NA,NA,NA,NA,NA,NA,NA,NA,1530.5051469999598,3.3469998743385e-4,1530.6018380000023,1530.9838425000198,1531.0842428000178,1533.083652399946,1533.4837431999622,1533.58613229997,1533.58613229997,1534.7372270999476,b,1,1.1493260000133887,NA,1534.7378578999778,1534.7503554000286,1534.7503554000286,1534.7503554000286,1534.7503554000286,1534.7384954999434,NA,NA,NA,NA,NA,NA,NA,NA,NA,NA,032,001,2025-10-10_09h47.53.340,Study_5_PsychoPy_Experiment,2024.1.5,NA,2025-10-10 09h48.05.520472 +0100
Knowledge,Reg,FALSE,N,TB-K-B,DD_B,PsychoPyStudy5Stim/DD_B_1.png,Adam KNOWS there is ONE cube,One,b,h,N,PropFalse,N,0,262,262,224,1534.7503554000286,NA,NA,NA,NA,NA,NA,NA,NA,NA,1534.7389634000135,3.6149995867162e-4,1534.8355455999265,1535.2169241999509,1535.3170518999686,1537.317323999945,1537.717120599933,1537.819577599992,1537.819577599992,1540.8206323999912,h,1,2.9867429999867454,NA,1540.82139669999,1540.8336522999452,1540.8336522999452,1540.8336522999452,1540.8336522999452,1540.822229399928,NA,NA,NA,NA,NA,NA,NA,NA,NA,NA,032,001,2025-10-10_09h47.53.340,Study_5_PsychoPy_Experiment,2024.1.5,NA,2025-10-10 09h48.05.520472 +0100
Knowledge,Neg,TRUE,Y,FB-Ig,T_B_T,PsychoPyStudy5Stim/T_B_T_8.png,Adam does NOT KNOW there are TWO cubes,Two,h,b,Y,-,N,0,263,263,7,1540.8336522999452,NA,NA,NA,NA,NA,NA,NA,NA,NA,1540.8228607999629,4.9830006901174e-4,1540.9170233999612,1541.3002751999302,1541.4004499999571,1543.400690899929,1543.8005560999736,1543.9029287999729,1543.9029287999729,1545.186907800031,b,1,1.2717029000632465,NA,1545.1874678999884,1545.2003904000155,1545.2003904000155,1545.2003904000155,1545.2003904000155,1545.1880866999272,NA,NA,NA,NA,NA,NA,NA,NA,NA,NA,032,001,2025-10-10_09h47.53.340,Study_5_PsychoPy_Experiment,2024.1.5,NA,2025-10-10 09h48.05.520472 +0100
Belief,Reg,FALSE,N,FB-Ig,D_B_T,PsychoPyStudy5Stim/D_B_T_5.png,Adam THINKS there are TWO cubes,Two,b,h,N,PropFalse,N,0,264,264,303,1545.2003904000155,NA,NA,NA,NA,NA,NA,NA,NA,NA,1545.1885084999958,3.8690003566443e-4,1545.283073800034,1545.6668707999634,1545.7670102999546,1547.767142900033,1548.167158999946,1548.2694743999746,1548.2694743999746,1550.7203873000108,h,1,2.449459200026467,NA,1550.720967000001,1550.7337029000046,1550.7337029000046,1550.7337029000046,1550.7337029000046,1550.7215922999894,NA,NA,NA,NA,NA,NA,NA,NA,NA,NA,032,001,2025-10-10_09h47.53.340,Study_5_PsychoPy_Experiment,2024.1.5,NA,2025-10-10 09h48.05.520472 +0100
Knowledge,Reg,TRUE,N,NB-TB-K,DD_NB,PsychoPyStudy5Stim/DD_NB_3.png,Adam KNOWS there are ZERO cubes,Zero,h,b,N,-,N,0,265,265,149,1550.7337029000046,NA,NA,NA,NA,NA,NA,NA,NA,NA,1550.722028799937,3.3820001408457e-4,1550.81981799996,1551.200251000002,1551.3003805000335,1553.3005212999417,1553.7004562999357,1553.802821099991,1553.802821099991,1556.5388927999884,h,0,2.731587699963711,NA,1556.540221899981,1556.5503610000014,1556.5503610000014,1556.5503610000014,1556.5503610000014,1556.5415656999685,NA,NA,NA,NA,NA,NA,NA,NA,NA,NA,032,001,2025-10-10_09h47.53.340,Study_5_PsychoPy_Experiment,2024.1.5,NA,2025-10-10 09h48.05.520472 +0100
Knowledge,Reg,TRUE,N,TB-K-B,TT_B,PsychoPyStudy5Stim/TT_B_6.png,Adam KNOWS there are TWO cubes,Two,h,b,N,-,N,0,266,266,242,1556.5503610000014,NA,NA,NA,NA,NA,NA,NA,NA,NA,1556.5426229999866,8.3270005416125e-4,1556.6452748000156,1557.016826899955,1557.1169812999433,1559.1171204999555,1559.5171046999749,1559.6195070999674,1559.6195070999674,1560.1538116999436,b,1,0.5306454999372363,NA,1560.1544933000114,1560.167053699959,1560.167053699959,1560.167053699959,1560.167053699959,1560.1552599000281,NA,NA,NA,NA,NA,NA,NA,NA,NA,NA,032,001,2025-10-10_09h47.53.340,Study_5_PsychoPy_Experiment,2024.1.5,NA,2025-10-10 09h48.05.520472 +0100
Knowledge,Reg,FALSE,N,FB-Ig,B_TT,PsychoPyStudy5Stim/B_TT_3.png,Adam KNOWS there are ZERO cubes,Zero,b,h,N,PropTrueNoKnow,Y,0,267,267,323,1560.167053699959,NA,NA,NA,NA,NA,NA,NA,NA,NA,1560.1557803000323,4.0580006316304e-4,1560.242297400022,1560.6168933999725,1560.7169839999406,1562.7171478000237,1563.1171035999432,1563.2195820999332,1563.2195820999332,1564.5539162999485,h,1,1.3312410999787971,NA,1564.554621499963,1564.5669888999546,1564.5669888999546,1564.5669888999546,1564.5669888999546,1564.5553520999383,NA,NA,NA,NA,NA,NA,NA,NA,NA,NA,032,001,2025-10-10_09h47.53.340,Study_5_PsychoPy_Experiment,2024.1.5,NA,2025-10-10 09h48.05.520472 +0100
Knowledge,Neg,FALSE,N,NB-TB-K,T_NB,PsychoPyStudy5Stim/T_NB_4.png,Adam does NOT KNOW there is ONE cube,One,b,h,Y,PropFalse,N,0,268,268,43,1564.5669888999546,NA,NA,NA,NA,NA,NA,NA,NA,NA,1564.5559177999385,4.4769991654902e-4,1564.6511031999253,1565.0334763999565,1565.133606599993,1567.1338151999516,1567.53380189999,1567.6362789999694,1567.6362789999694,1570.4033038000343,b,0,2.7544736000709236,NA,1570.403972900007,1570.416916499962,1570.416916499962,1570.416916499962,1570.416916499962,1570.404581699986,NA,NA,NA,NA,NA,NA,NA,NA,NA,NA,032,001,2025-10-10_09h47.53.340,Study_5_PsychoPy_Experiment,2024.1.5,NA,2025-10-10 09h48.05.520472 +0100
Knowledge,Reg,TRUE,N,TB-K-B,TD_B,PsychoPyStudy5Stim/TD_B_5.png,Adam KNOWS there is ONE cube,One,h,b,N,-,N,0,269,269,255,1570.416916499962,NA,NA,NA,NA,NA,NA,NA,NA,NA,1570.405013200012,3.1899998430162e-4,1570.5004129000008,1570.8834872000152,1570.983600199921,1572.9838274000213,1573.383744299994,1573.4861736999592,1573.4861736999592,1575.0200637999224,b,1,1.5204108000034466,NA,1575.0206586000277,1575.0336159999715,1575.0336159999715,1575.0336159999715,1575.0336159999715,1575.0212838000152,NA,NA,NA,NA,NA,NA,NA,NA,NA,NA,032,001,2025-10-10_09h47.53.340,Study_5_PsychoPy_Experiment,2024.1.5,NA,2025-10-10 09h48.05.520472 +0100
Belief,Reg,FALSE,N,TB-K-B,TD_B,PsychoPyStudy5Stim/TD_B_8.png,Adam THINKS there are ZERO cubes,Zero,b,h,N,PropFalse,N,0,270,270,270,1575.0336159999715,NA,NA,NA,NA,NA,NA,NA,NA,NA,1575.0217540999874,3.7310004699975e-4,1575.1182310000297,1575.5001569000306,1575.600228199968,1577.6004571999656,1578.0003889999352,1578.1028270999668,1578.1028270999668,1579.0203305999748,h,1,0.9037092999788,NA,1579.0210242000176,1579.03361709998,1579.03361709998,1579.03361709998,1579.03361709998,1579.0217595000286,NA,NA,NA,NA,NA,NA,NA,NA,NA,NA,032,001,2025-10-10_09h47.53.340,Study_5_PsychoPy_Experiment,2024.1.5,NA,2025-10-10 09h48.05.520472 +0100
Knowledge,Neg,FALSE,N,NB-TB-K,TT_NB,PsychoPyStudy5Stim/TT_NB_2.png,Adam does NOT KNOW there are TWO cubes,Two,b,h,Y,PropFalse,N,0,271,271,65,1579.03361709998,NA,NA,NA,NA,NA,NA,NA,NA,NA,1579.0222867999692,4.0699995588511e-4,1579.1056108999765,1579.483430000022,1579.5836039999267,1581.5838594000088,1581.9837703999365,1582.0861005999614,1582.0861005999614,1583.62005649996,h,1,1.5205728999571877,NA,1583.6205762999598,1583.63357559999,1583.63357559999,1583.63357559999,1583.63357559999,1583.6211471999995,NA,NA,NA,NA,NA,NA,NA,NA,NA,NA,032,001,2025-10-10_09h47.53.340,Study_5_PsychoPy_Experiment,2024.1.5,NA,2025-10-10 09h48.05.520472 +0100
Belief,Neg,TRUE,N,NB-TB-K,T_NB,PsychoPyStudy5Stim/T_NB_4.png,Adam does NOT THINK there are TWO cubes,Two,h,b,Y,-,N,0,272,272,39,1583.63357559999,NA,NA,NA,NA,NA,NA,NA,NA,NA,1583.6215404999675,3.0920002609491e-4,1583.715032899985,1584.1000596999656,1584.200258799945,1586.2003788999282,1586.600427899975,1586.702713900013,1586.702713900013,1590.0366484000117,h,0,3.319912899984047,NA,1590.0371411999222,1590.0502143999329,1590.0502143999329,1590.0502143999329,1590.0502143999329,1590.0376737000188,NA,NA,NA,NA,NA,NA,NA,NA,NA,NA,032,001,2025-10-10_09h47.53.340,Study_5_PsychoPy_Experiment,2024.1.5,NA,2025-10-10 09h48.05.520472 +0100
Belief,Reg,FALSE,N,NB-TB-K,TT_NB,PsychoPyStudy5Stim/TT_NB_6.png,Adam THINKS there are ZERO cubes,Zero,b,h,N,PropFalse,N,0,273,273,186,1590.0502143999329,NA,NA,NA,NA,NA,NA,NA,NA,NA,1590.038051999989,2.9500003438442e-4,1590.1279243000315,1590.50002269994,1590.6001526999753,1592.6003835999873,1593.000384300016,1593.1027403000044,1593.1027403000044,1595.6370316999964,h,1,2.527803900069557,NA,1595.6377303999616,1595.6502653999487,1595.6502653999487,1595.6502653999487,1595.6502653999487,1595.6384516999824,NA,NA,NA,NA,NA,NA,NA,NA,NA,NA,032,001,2025-10-10_09h47.53.340,Study_5_PsychoPy_Experiment,2024.1.5,NA,2025-10-10 09h48.05.520472 +0100
Belief,Reg,TRUE,N,TB-Ig,D_B,PsychoPyStudy5Stim/D_B_1.png,Adam THINKS there are ZERO cubes,Zero,h,b,N,-,Y,0,274,274,200,1595.6502653999487,NA,NA,NA,NA,NA,NA,NA,NA,NA,1595.6389538999647,3.8839993067085e-4,1595.7320292999502,1596.1167287999997,1596.2168592999224,1598.2171128999908,1598.617051600013,1598.7193395999493,1598.7193395999493,1600.920143699972,b,1,2.1837014999473467,NA,1600.9208286999492,1600.9335846999893,1600.9335846999893,1600.9335846999893,1600.9335846999893,1600.9215811999748,NA,NA,NA,NA,NA,NA,NA,NA,NA,NA,032,001,2025-10-10_09h47.53.340,Study_5_PsychoPy_Experiment,2024.1.5,NA,2025-10-10 09h48.05.520472 +0100
Belief,Reg,FALSE,N,FB-Ig,T_B_T,PsychoPyStudy5Stim/T_B_T_7.png,Adam THINKS there are ZERO cubes,Zero,b,h,N,PropFalse,N,0,275,275,289,1600.9335846999893,NA,NA,NA,NA,NA,NA,NA,NA,NA,1600.9221454999642,4.4780003372579e-4,1601.0113807999296,1601.3832902000286,1601.4834273000015,1603.483780300012,1603.8836728000315,1603.9858476999216,1603.9858476999216,1605.0369764999489,h,1,1.044347499962896,NA,1605.0376802999526,1605.050238900003,1605.050238900003,1605.050238900003,1605.050238900003,1605.0384764999617,NA,NA,NA,NA,NA,NA,NA,NA,NA,NA,032,001,2025-10-10_09h47.53.340,Study_5_PsychoPy_Experiment,2024.1.5,NA,2025-10-10 09h48.05.520472 +0100
Reality,Reg,FALSE,N,TB-K-B,TT_B,PsychoPyStudy5Stim/TT_B_6.png,"In REALITY, there is ONE cube",One,b,h,N,PropFalse,N,0,276,276,254,1605.050238900003,NA,NA,NA,NA,NA,NA,NA,NA,NA,1605.0390001999913,4.079999634996e-4,1605.134758799919,1605.5167789999396,1605.6167361999396,1607.6170233000305,1608.016894600005,1608.1193071999587,1608.1193071999587,1609.636446599965,h,1,1.5030289000133052,NA,1609.6369325999403,1609.6501221000217,1609.6501221000217,1609.6501221000217,1609.6501221000217,1609.6375041999854,NA,NA,NA,NA,NA,NA,NA,NA,NA,NA,032,001,2025-10-10_09h47.53.340,Study_5_PsychoPy_Experiment,2024.1.5,NA,2025-10-10 09h48.05.520472 +0100
Knowledge,Neg,FALSE,N,TB-K,TT_B,PsychoPyStudy5Stim/TT_B_6.png,Adam does NOT KNOW there are TWO cubes,Two,b,h,Y,PropFalse,N,0,277,277,93,1609.6501221000217,NA,NA,NA,NA,NA,NA,NA,NA,NA,1609.6378889000043,3.0149996746331e-4,1609.7248198000016,1610.1000328999944,1610.2001662999392,1612.2003597000148,1612.6004013000056,1612.7026451999554,1612.7026451999554,1613.9368902000133,h,1,1.2236312000313774,NA,1613.9375501000322,1613.9501467000227,1613.9501467000227,1613.9501467000227,1613.9501467000227,1613.9382532000309,NA,NA,NA,NA,NA,NA,NA,NA,NA,NA,032,001,2025-10-10_09h47.53.340,Study_5_PsychoPy_Experiment,2024.1.5,NA,2025-10-10 09h48.05.520472 +0100
Knowledge,Neg,TRUE,N,NB-TB-K,TT_NB,PsychoPyStudy5Stim/TT_NB_1.png,Adam does NOT KNOW there is ONE cube,One,h,b,Y,-,N,0,278,278,56,1613.9501467000227,NA,NA,NA,NA,NA,NA,NA,NA,NA,1613.938744599931,3.8109999150037e-4,1614.0313116000034,1614.4169005999574,1614.5170364999212,1616.516958800028,1616.9169500999851,1617.0192306999816,1617.0192306999816,1618.6035436999518,h,0,1.5785633999621496,NA,1618.6042365999892,1618.6168337999843,1618.6168337999843,1618.6168337999843,1618.6168337999843,1618.6049661999568,NA,NA,NA,NA,NA,NA,NA,NA,NA,NA,032,001,2025-10-10_09h47.53.340,Study_5_PsychoPy_Experiment,2024.1.5,NA,2025-10-10 09h48.05.520472 +0100
Knowledge,Reg,FALSE,N,TB-K-B,TT_B,PsychoPyStudy5Stim/TT_B_1.png,Adam KNOWS there is ONE cube,One,b,h,N,PropFalse,N,0,279,279,245,1618.6168337999843,NA,NA,NA,NA,NA,NA,NA,NA,NA,1618.6054844999453,4.0299992542713e-4,1618.7017581999537,1619.0835043999832,1619.1836458999896,1621.1836620999966,1621.5834702999564,1621.6859213999703,1621.6859213999703,1623.4531332999468,h,1,1.751950600068085,NA,1623.4536175000248,1623.4667399999453,1623.4667399999453,1623.4667399999453,1623.4667399999453,1623.4541932999855,NA,NA,NA,NA,NA,NA,NA,NA,NA,NA,032,001,2025-10-10_09h47.53.340,Study_5_PsychoPy_Experiment,2024.1.5,NA,2025-10-10 09h48.05.520472 +0100
Belief,Reg,FALSE,N,FB-Ig,D_B_T,PsychoPyStudy5Stim/D_B_T_2.png,Adam THINKS there are TWO cubes,Two,b,h,N,PropFalse,N,0,280,280,300,1623.4667399999453,NA,NA,NA,NA,NA,NA,NA,NA,NA,1623.454565300024,2.913000062108e-4,1623.5400127000175,1623.9168699999573,1624.016945399926,1626.017021299922,1626.4169655999867,1626.5193989999825,1626.5193989999825,1627.2194175999612,h,1,0.686834100051783,NA,1627.2197125999955,1627.2332454000134,1627.2332454000134,1627.2332454000134,1627.2332454000134,1627.2200380000286,NA,NA,NA,NA,NA,NA,NA,NA,NA,NA,032,001,2025-10-10_09h47.53.340,Study_5_PsychoPy_Experiment,2024.1.5,NA,2025-10-10 09h48.05.520472 +0100
Knowledge,Reg,TRUE,N,TB-K-B,DD_B,PsychoPyStudy5Stim/DD_B_7.png,Adam KNOWS there are ZERO cubes,Zero,h,b,N,-,N,0,281,281,221,1627.2332454000134,NA,NA,NA,NA,NA,NA,NA,NA,NA,1627.2202469999902,1.6519997734576e-4,1627.3067301999545,1627.6833209999604,1627.7834038999863,1629.783638200024,1630.1835360999685,1630.2860260999296,1630.2860260999296,1635.0201177999843,h,0,4.7211978998966515,NA,1635.0207601999864,1635.033303899923,1635.033303899923,1635.033303899923,1635.033303899923,1635.0214460999705,NA,NA,NA,NA,NA,NA,NA,NA,NA,NA,032,001,2025-10-10_09h47.53.340,Study_5_PsychoPy_Experiment,2024.1.5,NA,2025-10-10 09h48.05.520472 +0100
Belief,Neg,TRUE,Y,FB-Ig,T_B_T,PsychoPyStudy5Stim/T_B_T_7.png,Adam does NOT THINK there are TWO cubes,Two,h,b,Y,-,N,0,282,282,22,1635.033303899923,NA,NA,NA,NA,NA,NA,NA,NA,NA,1635.0219140999252,3.6810000892728e-4,1635.107104799943,1635.4832235999638,1635.583394199959,1637.5836106999775,1637.9836212999653,1638.086041099974,1638.086041099974,1641.7372541999212,b,1,3.640328200068325,NA,1641.738078400027,1641.7501442999346,1641.7501442999346,1641.7501442999346,1641.7501442999346,1641.7389431999763,NA,NA,NA,NA,NA,NA,NA,NA,NA,NA,032,001,2025-10-10_09h47.53.340,Study_5_PsychoPy_Experiment,2024.1.5,NA,2025-10-10 09h48.05.520472 +0100
Belief,Neg,TRUE,Y,FB-Ig,T_B_T,PsychoPyStudy5Stim/T_B_T_6.png,Adam does NOT THINK there are TWO cubes,Two,h,b,Y,-,N,0,283,283,21,1641.7501442999346,NA,NA,NA,NA,NA,NA,NA,NA,NA,1641.7396390999202,5.4809998255223e-4,1641.83750959998,1642.2165194000115,1642.3166903000092,1644.3167626999784,1644.716713599977,1644.8192320999224,1644.8192320999224,1646.7371089999797,b,1,1.9075250000460071,NA,1646.7379927999573,1646.7500586999813,1646.7500586999813,1646.7500586999813,1646.7500586999813,1646.738889600034,NA,NA,NA,NA,NA,NA,NA,NA,NA,NA,032,001,2025-10-10_09h47.53.340,Study_5_PsychoPy_Experiment,2024.1.5,NA,2025-10-10 09h48.05.520472 +0100
Belief,Reg,TRUE,N,TB-K-B,TT_B,PsychoPyStudy5Stim/TT_B_7.png,Adam THINKS there are TWO cubes,Two,h,b,N,-,N,0,284,284,248,1646.7500586999813,NA,NA,NA,NA,NA,NA,NA,NA,NA,1646.7395492999349,5.4629996884614e-4,1646.8308449999895,1647.2000056999968,1647.3002596999286,1649.2999793000054,1649.7001631000312,1649.8025869999549,1649.8025869999549,1650.7200398999266,b,1,0.9001756000798196,NA,1650.7207573999185,1650.7333912999602,1650.7333912999602,1650.7333912999602,1650.7333912999602,1650.7214921999257,NA,NA,NA,NA,NA,NA,NA,NA,NA,NA,032,001,2025-10-10_09h47.53.340,Study_5_PsychoPy_Experiment,2024.1.5,NA,2025-10-10 09h48.05.520472 +0100
Belief,Reg,FALSE,N,FB-Ig,D_B_T,PsychoPyStudy5Stim/D_B_T_1.png,Adam THINKS there are TWO cubes,Two,b,h,N,PropFalse,N,0,285,285,299,1650.7333912999602,NA,NA,NA,NA,NA,NA,NA,NA,NA,1650.7220552000215,4.2070006020367e-4,1650.828095600009,1651.1998313999502,1651.2999836999224,1653.300080499961,1653.7001868999796,1653.802512299968,1653.802512299968,1657.8698799000122,h,1,4.059642000007443,NA,1657.870442799991,1657.8833247999428,1657.8833247999428,1657.8833247999428,1657.8833247999428,1657.8710709000006,NA,NA,NA,NA,NA,NA,NA,NA,NA,NA,032,001,2025-10-10_09h47.53.340,Study_5_PsychoPy_Experiment,2024.1.5,NA,2025-10-10 09h48.05.520472 +0100
Knowledge,Reg,FALSE,N,FB-Ig,B_TT,PsychoPyStudy5Stim/B_TT_2.png,Adam KNOWS there are ZERO cubes,Zero,b,h,N,PropTrueNoKnow,Y,0,286,286,322,1657.8833247999428,NA,NA,NA,NA,NA,NA,NA,NA,NA,1657.8715089999605,3.4180004149675e-4,1657.9687123999463,1658.3498419999378,1658.449900800013,1660.4500960999867,1660.8501150999218,1660.952446799958,1660.952446799958,1662.920037999982,h,1,1.9656423999695107,NA,1662.9206876999233,1662.9333493999438,1662.9333493999438,1662.9333493999438,1662.9333493999438,1662.9213131000288,NA,NA,NA,NA,NA,NA,NA,NA,NA,NA,032,001,2025-10-10_09h47.53.340,Study_5_PsychoPy_Experiment,2024.1.5,NA,2025-10-10 09h48.05.520472 +0100
Reality,Reg,TRUE,N,TB-K-B,TT_B,PsychoPyStudy5Stim/TT_B_4.png,"In REALITY, there are TWO cubes",Two,h,b,N,-,N,0,287,287,252,1662.9333493999438,NA,NA,NA,NA,NA,NA,NA,NA,NA,1662.92178720003,3.7130003329366e-4,1663.0183623000048,1663.3997890999308,1663.4999719000189,1665.5000560999615,1665.900085399975,1666.0025871000253,1666.0025871000253,1668.7698679999448,b,1,2.7560803999658674,NA,1668.770435799961,1668.7833100999703,1668.7833100999703,1668.7833100999703,1668.7833100999703,1668.771074899938,NA,NA,NA,NA,NA,NA,NA,NA,NA,NA,032,001,2025-10-10_09h47.53.340,Study_5_PsychoPy_Experiment,2024.1.5,NA,2025-10-10 09h48.05.520472 +0100
Knowledge,Neg,FALSE,N,NB-TB-K,T_NB,PsychoPyStudy5Stim/T_NB_2.png,Adam does NOT KNOW there is ONE cube,One,b,h,Y,PropFalse,N,0,288,288,41,1668.7833100999703,NA,NA,NA,NA,NA,NA,NA,NA,NA,1668.771509299986,3.6149995867162e-4,1668.8551204999676,1669.233364499989,1669.3335358999902,1671.333511299919,1671.7335029999958,1671.8358732999768,1671.8358732999768,1675.4531121000182,h,1,3.610155100002885,NA,1675.453424999956,1675.46643879998,1675.46643879998,1675.46643879998,1675.46643879998,1675.4537670999998,NA,NA,NA,NA,NA,NA,NA,NA,NA,NA,032,001,2025-10-10_09h47.53.340,Study_5_PsychoPy_Experiment,2024.1.5,NA,2025-10-10 09h48.05.520472 +0100
Knowledge,Neg,TRUE,N,NB-TB-K,TT_NB,PsychoPyStudy5Stim/TT_NB_4.png,Adam does NOT KNOW there is ONE cube,One,h,b,Y,-,N,0,289,289,59,1675.46643879998,NA,NA,NA,NA,NA,NA,NA,NA,NA,1675.4539850000292,1.7190002836287e-4,1675.5406999000115,1675.9167714000214,1676.0169294999214,1678.0167765999213,1678.416747799958,1678.519080900005,1678.519080900005,1680.6027752999216,h,0,2.0801316000288352,NA,1680.603076600004,1680.616406999994,1680.616406999994,1680.616406999994,1680.616406999994,1680.6034117999952,NA,NA,NA,NA,NA,NA,NA,NA,NA,NA,032,001,2025-10-10_09h47.53.340,Study_5_PsychoPy_Experiment,2024.1.5,NA,2025-10-10 09h48.05.520472 +0100
Belief,Reg,FALSE,N,NB-TB-K,TT_NB,PsychoPyStudy5Stim/TT_NB_4.png,Adam THINKS there are ZERO cubes,Zero,b,h,N,PropFalse,N,0,290,290,184,1680.616406999994,NA,NA,NA,NA,NA,NA,NA,NA,NA,1680.6036319999257,1.7470004968345e-4,1680.6877069999464,1681.0664707999676,1681.1668732999824,1683.1667140999343,1683.5666928000282,1683.6690026000142,1683.6690026000142,1686.0693405999336,h,1,2.392749100108631,NA,1686.069798399927,1686.083144999924,1686.083144999924,1686.083144999924,1686.083144999924,1686.0702865000349,NA,NA,NA,NA,NA,NA,NA,NA,NA,NA,032,001,2025-10-10_09h47.53.340,Study_5_PsychoPy_Experiment,2024.1.5,NA,2025-10-10 09h48.05.520472 +0100
Belief,Reg,TRUE,N,TB-K-B,TD_B,PsychoPyStudy5Stim/TD_B_8.png,Adam THINKS there is ONE cube,One,h,b,N,-,N,0,291,291,262,1686.083144999924,NA,NA,NA,NA,NA,NA,NA,NA,NA,1686.0706176999956,2.604000037536e-4,1686.1636279999511,1686.533026500023,1686.6331966000143,1688.6334164999423,1689.0333248999668,1689.135658300016,1689.135658300016,1690.486391699989,b,1,1.3428009999915955,NA,1690.4869659999383,1690.4998668000335,1690.4998668000335,1690.4998668000335,1690.4998668000335,1690.4875819999725,NA,NA,NA,NA,NA,NA,NA,NA,NA,NA,032,001,2025-10-10_09h47.53.340,Study_5_PsychoPy_Experiment,2024.1.5,NA,2025-10-10 09h48.05.520472 +0100
Reality,Reg,TRUE,N,TB-Ig,D_B,PsychoPyStudy5Stim/D_B_D_1.png,"In REALITY, there are ZERO cubes",Zero,h,b,N,-,N,0,292,292,212,1690.4998668000335,NA,NA,NA,NA,NA,NA,NA,NA,NA,1690.4880258999765,3.4390005748718e-4,1690.5883046999809,1690.9663577999454,1691.0664899999974,1693.0667268999389,1693.4667035000166,1693.5691280999454,1693.5691280999454,1694.271093999967,b,1,0.6927591999992728,NA,1694.2722266999772,1694.2832539000085,1694.2832539000085,1694.2832539000085,1694.2832539000085,1694.273515500012,NA,NA,NA,NA,NA,NA,NA,NA,NA,NA,032,001,2025-10-10_09h47.53.340,Study_5_PsychoPy_Experiment,2024.1.5,NA,2025-10-10 09h48.05.520472 +0100
Belief,Neg,TRUE,N,TB-K,TT_B,PsychoPyStudy5Stim/TT_B_1.png,Adam does NOT THINK there is ONE cube,One,h,b,Y,-,N,0,293,293,84,1694.2832539000085,NA,NA,NA,NA,NA,NA,NA,NA,NA,1694.2744354000315,6.7679991479963e-4,1694.361528199981,1694.7330003000095,1694.8331448999234,1696.8332663000328,1697.2333914999615,1697.335897199926,1697.335897199926,1708.3028853000142,b,1,10.958169399993494,NA,1708.3034002999775,1708.3164201999316,1708.3164201999316,1708.3164201999316,1708.3164201999316,1708.303973000031,NA,NA,NA,NA,NA,NA,NA,NA,NA,NA,032,001,2025-10-10_09h47.53.340,Study_5_PsychoPy_Experiment,2024.1.5,NA,2025-10-10 09h48.05.520472 +0100
Belief,Neg,FALSE,N,NB-TB-K,T_NB,PsychoPyStudy5Stim/T_NB_6.png,Adam does NOT THINK there is ONE cube,One,b,h,Y,PropFalse,N,0,294,294,53,1708.3164201999316,NA,NA,NA,NA,NA,NA,NA,NA,NA,1708.304364599986,3.0539999715983e-4,1708.3951227000216,1708.7662799999816,1708.8665141999954,1710.8664561000187,1711.266662799986,1711.3690456999466,1711.3690456999466,1712.819446999929,h,1,1.4448553000111133,NA,1712.8197759999894,1712.8330046000192,1712.8330046000192,1712.8330046000192,1712.8330046000192,1712.8201119999867,NA,NA,NA,NA,NA,NA,NA,NA,NA,NA,032,001,2025-10-10_09h47.53.340,Study_5_PsychoPy_Experiment,2024.1.5,NA,2025-10-10 09h48.05.520472 +0100
Knowledge,Neg,FALSE,N,TB-K,TD_B,PsychoPyStudy5Stim/TD_B_5.png,Adam does NOT KNOW there is ONE cube,One,b,h,Y,PropFalse,N,0,295,295,116,1712.8330046000192,NA,NA,NA,NA,NA,NA,NA,NA,NA,1712.8203443000093,1.8630002159625e-4,1712.9092182000168,1713.2829850999406,1713.3830806999467,1715.383307299926,1715.783260499942,1715.885649499949,1715.885649499949,1719.0530119999312,h,1,3.1521671999944374,NA,1719.0535774999298,1719.066474799998,1719.066474799998,1719.066474799998,1719.066474799998,1719.0542810999325,NA,NA,NA,NA,NA,NA,NA,NA,NA,NA,032,001,2025-10-10_09h47.53.340,Study_5_PsychoPy_Experiment,2024.1.5,NA,2025-10-10 09h48.05.520472 +0100
Knowledge,Reg,TRUE,N,TB-K-B,TD_B,PsychoPyStudy5Stim/TD_B_6.png,Adam KNOWS there is ONE cube,One,h,b,N,-,N,0,296,296,256,1719.066474799998,NA,NA,NA,NA,NA,NA,NA,NA,NA,1719.0547583999578,3.7660007365047e-4,1719.1470403999556,1719.5162830000045,1719.6163549999474,1721.6166462999536,1722.01635229995,1722.1190689000068,1722.1190689000068,1723.7533159999875,b,1,1.6319456999190152,NA,1723.7540392000228,1723.766458399943,1723.766458399943,1723.766458399943,1723.766458399943,1723.7547865000088,NA,NA,NA,NA,NA,NA,NA,NA,NA,NA,032,001,2025-10-10_09h47.53.340,Study_5_PsychoPy_Experiment,2024.1.5,NA,2025-10-10 09h48.05.520472 +0100
Knowledge,Neg,TRUE,N,TB-K,TT_B,PsychoPyStudy5Stim/TT_B_1.png,Adam does NOT KNOW there is ONE cube,One,h,b,Y,-,N,0,297,297,80,1723.766458399943,NA,NA,NA,NA,NA,NA,NA,NA,NA,1723.7553194999928,4.1480001527816e-4,1723.8431612999411,1724.2162514999509,1724.3163804999783,1726.316685799975,1726.7163598999614,1726.8189407000318,1726.8189407000318,1729.4690088999923,h,0,2.6427236000308767,NA,1729.4693108999636,1729.4830761000048,1729.4830761000048,1729.4830761000048,1729.4830761000048,1729.4696373000045,NA,NA,NA,NA,NA,NA,NA,NA,NA,NA,032,001,2025-10-10_09h47.53.340,Study_5_PsychoPy_Experiment,2024.1.5,NA,2025-10-10 09h48.05.520472 +0100
Knowledge,Neg,TRUE,N,NB-TB-K,TT_NB,PsychoPyStudy5Stim/TT_NB_2.png,Adam does NOT KNOW there is ONE cube,One,h,b,Y,-,N,0,298,298,57,1729.4830761000048,NA,NA,NA,NA,NA,NA,NA,NA,NA,1729.4698476999763,1.6850000247359e-4,1729.550013500033,1729.9329588999972,1730.03304010001,1732.0332185999723,1732.433278899989,1732.535784299951,1732.535784299951,1736.1199485999532,b,1,3.581989400088787,NA,1736.1202684999444,1736.132858500001,1736.132858500001,1736.132858500001,1736.132858500001,1736.120603999938,NA,NA,NA,NA,NA,NA,NA,NA,NA,NA,032,001,2025-10-10_09h47.53.340,Study_5_PsychoPy_Experiment,2024.1.5,NA,2025-10-10 09h48.05.520472 +0100
Knowledge,Neg,TRUE,Y,FB-Ig,T_B_T,PsychoPyStudy5Stim/T_B_T_5.png,Adam does NOT KNOW there are TWO cubes,Two,h,b,Y,-,N,0,299,299,4,1736.132858500001,NA,NA,NA,NA,NA,NA,NA,NA,NA,1736.1208367999643,1.8079997971653e-4,1736.20818159997,1736.5830802000128,1736.683284100029,1738.683213799959,1739.0831663999709,1739.1856134999543,1739.1856134999543,1740.7024850000162,b,1,1.5083964000223204,NA,1740.7028937999858,1740.716286299983,1740.716286299983,1740.716286299983,1740.716286299983,1740.70334300003,NA,NA,NA,NA,NA,NA,NA,NA,NA,NA,032,001,2025-10-10_09h47.53.340,Study_5_PsychoPy_Experiment,2024.1.5,NA,2025-10-10 09h48.05.520472 +0100
Belief,Reg,TRUE,N,TB-Ig,D_B,PsychoPyStudy5Stim/D_B_D_3.png,Adam THINKS there are ZERO cubes,Zero,h,b,N,-,Y,0,300,300,211,1740.716286299983,NA,NA,NA,NA,NA,NA,NA,NA,NA,1740.7036402999656,2.3390003480017e-4,1740.7969899999443,1741.1662202000152,1741.2665645999368,1743.2665736000054,1743.666528000031,1743.7688771999674,1743.7688771999674,1747.869670999935,b,1,4.0927995999809355,NA,1747.8703561000293,1747.883048099931,1747.883048099931,1747.883048099931,1747.883048099931,1747.8710969999663,NA,NA,NA,NA,NA,NA,NA,NA,NA,NA,032,001,2025-10-10_09h47.53.340,Study_5_PsychoPy_Experiment,2024.1.5,NA,2025-10-10 09h48.05.520472 +0100
Knowledge,Reg,FALSE,N,FB-Ig,T_B_T,PsychoPyStudy5Stim/T_B_T_2.png,Adam KNOWS there are ZERO cubes,Zero,b,h,N,PropFalse,N,0,301,301,276,1747.883048099931,NA,NA,NA,NA,NA,NA,NA,NA,NA,1747.871654500021,4.4069997966289e-4,1747.9690434000222,1748.3494870000286,1748.449605599977,1750.4498865000205,1750.8497432000004,1750.9521756999893,1750.9521756999893,1752.736340799951,h,1,1.7741893000202251,NA,1752.737018499989,1752.7496468999889,1752.7496468999889,1752.7496468999889,1752.7496468999889,1752.737798599992,NA,NA,NA,NA,NA,NA,NA,NA,NA,NA,032,001,2025-10-10_09h47.53.340,Study_5_PsychoPy_Experiment,2024.1.5,NA,2025-10-10 09h48.05.520472 +0100
Knowledge,Neg,FALSE,N,NB-TB-K,T_NB,PsychoPyStudy5Stim/T_NB_7.png,Adam does NOT KNOW there is ONE cube,One,b,h,Y,PropFalse,N,0,302,302,46,1752.7496468999889,NA,NA,NA,NA,NA,NA,NA,NA,NA,1752.7383529000217,4.3800007551908e-4,1752.840437399922,1753.2161438999465,1753.3162793000229,1755.3163599999389,1755.716460100026,1755.8188131999923,1755.8188131999923,1757.8198880000273,h,1,1.9948125999653712,NA,1757.82058900001,1757.83302609995,1757.83302609995,1757.83302609995,1757.83302609995,1757.821329999948,NA,NA,NA,NA,NA,NA,NA,NA,NA,NA,032,001,2025-10-10_09h47.53.340,Study_5_PsychoPy_Experiment,2024.1.5,NA,2025-10-10 09h48.05.520472 +0100
Belief,Neg,TRUE,N,NB-TB-K,TT_NB,PsychoPyStudy5Stim/TT_NB_3.png,Adam does NOT THINK there is ONE cube,One,h,b,Y,-,N,0,303,303,62,1757.83302609995,NA,NA,NA,NA,NA,NA,NA,NA,NA,1757.8218926999252,4.4510001316666e-4,1757.9153950000182,1758.2994236999657,1758.3996462000068,1760.399883899954,1760.7998662999598,1760.9022489000345,1760.9022489000345,1766.8524509000126,b,1,5.935556199983694,NA,1766.8528611999936,1766.8660894000204,1766.8660894000204,1766.8660894000204,1766.8660894000204,1766.8532903000014,NA,NA,NA,NA,NA,NA,NA,NA,NA,NA,032,001,2025-10-10_09h47.53.340,Study_5_PsychoPy_Experiment,2024.1.5,NA,2025-10-10 09h48.05.520472 +0100
Belief,Neg,FALSE,N,TB-K,TD_B,PsychoPyStudy5Stim/TD_B_6.png,Adam does NOT THINK there is ONE cube,One,b,h,Y,PropFalse,N,0,304,304,125,1766.8660894000204,NA,NA,NA,NA,NA,NA,NA,NA,NA,1766.853579199989,2.2729998454451e-4,1766.936475800001,1767.3160826999228,1767.4162323999917,1769.4165056999773,1769.81643789995,1769.9188307999866,1769.9188307999866,1772.0695281999651,h,1,2.134927699924446,NA,1772.0701772000175,1772.0828887999523,1772.0828887999523,1772.0828887999523,1772.0828887999523,1772.07086899993,NA,NA,NA,NA,NA,NA,NA,NA,NA,NA,032,001,2025-10-10_09h47.53.340,Study_5_PsychoPy_Experiment,2024.1.5,NA,2025-10-10 09h48.05.520472 +0100
Knowledge,Reg,TRUE,N,TB-K-B,TT_B,PsychoPyStudy5Stim/TT_B_8.png,Adam KNOWS there are TWO cubes,Two,h,b,N,-,N,0,305,305,244,1772.0828887999523,NA,NA,NA,NA,NA,NA,NA,NA,NA,1772.0713628999656,3.8490002043545e-4,1772.167782100034,1772.549408799969,1772.6495330999603,1774.649742199923,1775.049713699962,1775.1520654999183,1775.1520654999183,1777.269388500019,b,1,2.101818700088188,NA,1777.2697164999554,1777.2828785999443,1777.2828785999443,1777.2828785999443,1777.2828785999443,1777.2700626000296,NA,NA,NA,NA,NA,NA,NA,NA,NA,NA,032,001,2025-10-10_09h47.53.340,Study_5_PsychoPy_Experiment,2024.1.5,NA,2025-10-10 09h48.05.520472 +0100
Knowledge,Neg,TRUE,Y,FB-Ig,T_B_T,PsychoPyStudy5Stim/T_B_T_1.png,Adam does NOT KNOW there are TWO cubes,Two,h,b,Y,-,N,0,306,306,0,1777.2828785999443,NA,NA,NA,NA,NA,NA,NA,NA,NA,1777.2702787999297,1.6980001237243e-4,1777.357290099957,1777.7326966000255,1777.8329350999556,1779.8331233999925,1780.2330573999789,1780.3355074999854,1780.3355074999854,1781.3192196999444,b,1,0.96650390001013875,NA,1781.3197258999571,1781.332798199961,1781.332798199961,1781.332798199961,1781.332798199961,1781.3203289000085,NA,NA,NA,NA,NA,NA,NA,NA,NA,NA,032,001,2025-10-10_09h47.53.340,Study_5_PsychoPy_Experiment,2024.1.5,NA,2025-10-10 09h48.05.520472 +0100
Reality,Reg,TRUE,N,NB-TB-K,DT_NB,PsychoPyStudy5Stim/TD_NB_2.png,"In REALITY, there is ONE cube",One,h,b,N,-,N,0,307,307,168,1781.332798199961,NA,NA,NA,NA,NA,NA,NA,NA,NA,1781.3207093999954,2.9650004580616e-4,1781.405449599959,1781.7827369000297,1781.8828064999543,1783.883021899965,1784.282996600028,1784.3854131000116,1784.3854131000116,1785.3028913999442,b,1,0.90101620007772,NA,1785.303554999991,1785.316241499968,1785.316241499968,1785.316241499968,1785.316241499968,1785.3042260999791,NA,NA,NA,NA,NA,NA,NA,NA,NA,NA,032,001,2025-10-10_09h47.53.340,Study_5_PsychoPy_Experiment,2024.1.5,NA,2025-10-10 09h48.05.520472 +0100
Knowledge,Neg,TRUE,N,NB-TB-K,T_NB,PsychoPyStudy5Stim/T_NB_4.png,Adam does NOT KNOW there are TWO cubes,Two,h,b,Y,-,N,0,308,308,35,1785.316241499968,NA,NA,NA,NA,NA,NA,NA,NA,NA,1785.3047434999608,3.8209999911487e-4,1785.4018007999985,1785.7827946000034,1785.8828911000164,1787.8830479999306,1788.2830489999617,1788.3853975000093,1788.3853975000093,1793.0688334000297,h,0,4.676338899997063,NA,1793.06913920003,1793.0826663000043,1793.0826663000043,1793.0826663000043,1793.0826663000043,1793.0694503999548,NA,NA,NA,NA,NA,NA,NA,NA,NA,NA,032,001,2025-10-10_09h47.53.340,Study_5_PsychoPy_Experiment,2024.1.5,NA,2025-10-10 09h48.05.520472 +0100
Belief,Reg,TRUE,N,FB-Ig,B_TT,PsychoPyStudy5Stim/B_TT_1.png,Adam THINKS there are ZERO cubes,Zero,h,b,N,-,Y,0,309,309,326,1793.0826663000043,NA,NA,NA,NA,NA,NA,NA,NA,NA,1793.0696864000056,1.9549997523427e-4,1793.1577821000246,1793.5327439999674,1793.632858900004,1795.6328409999842,1796.0327455999795,1796.1353233000264,1796.1353233000264,1798.1854186999844,b,1,2.037830099929124,NA,1798.185726399999,1798.1993339000037,1798.1993339000037,1798.1993339000037,1798.1993339000037,1798.186051000026,NA,NA,NA,NA,NA,NA,NA,NA,NA,NA,032,001,2025-10-10_09h47.53.340,Study_5_PsychoPy_Experiment,2024.1.5,NA,2025-10-10 09h48.05.520472 +0100
Reality,Reg,FALSE,N,NB-TB-K,T_NB,PsychoPyStudy5Stim/T_NB_7.png,"In REALITY, there are ZERO cubes",Zero,b,h,N,PropFalse,N,0,310,310,146,1798.1993339000037,NA,NA,NA,NA,NA,NA,NA,NA,NA,1798.1862793000182,1.7330003902316e-4,1798.2723094000248,1798.6493293999229,1798.7495212999638,1800.7497502999613,1801.1495868000202,1801.2519897000166,1801.2519897000166,1802.852660399978,h,1,1.5939479999942705,NA,1802.8533308999613,1802.8663377999328,1802.8663377999328,1802.8663377999328,1802.8663377999328,1802.853997100028,NA,NA,NA,NA,NA,NA,NA,NA,NA,NA,032,001,2025-10-10_09h47.53.340,Study_5_PsychoPy_Experiment,2024.1.5,NA,2025-10-10 09h48.05.520472 +0100
Belief,Neg,FALSE,N,NB-TB-K,T_NB,PsychoPyStudy5Stim/T_NB_2.png,Adam does NOT THINK there is ONE cube,One,b,h,Y,PropFalse,N,0,311,311,49,1802.8663377999328,NA,NA,NA,NA,NA,NA,NA,NA,NA,1802.8544945999747,3.8879993371665e-4,1802.9538779000288,1803.3326860999225,1803.4327771000096,1805.4330540000228,1805.8328160999808,1805.935409100028,1805.935409100028,1808.1023848999755,h,1,2.1574854999780655,NA,1808.1026813000208,1808.1161826000316,1808.1161826000316,1808.1161826000316,1808.1161826000316,1808.1030073999427,NA,NA,NA,NA,NA,NA,NA,NA,NA,NA,032,001,2025-10-10_09h47.53.340,Study_5_PsychoPy_Experiment,2024.1.5,NA,2025-10-10 09h48.05.520472 +0100
Knowledge,Neg,TRUE,Y,FB-Ig,D_B_T,PsychoPyStudy5Stim/D_B_T_1.png,Adam does NOT KNOW there is ONE cube,One,h,b,Y,-,N,0,312,312,8,1808.1161826000316,NA,NA,NA,NA,NA,NA,NA,NA,NA,1808.1032165000215,1.6569998115301e-4,1808.2092605999203,1808.5826361000072,1808.682748400024,1810.6830638999816,1811.0829811999577,1811.185353899957,1811.185353899957,1812.2360814999556,b,1,1.0444411999778822,NA,1812.236673999927,1812.249465700006,1812.249465700006,1812.249465700006,1812.249465700006,1812.2373442000244,NA,NA,NA,NA,NA,NA,NA,NA,NA,NA,032,001,2025-10-10_09h47.53.340,Study_5_PsychoPy_Experiment,2024.1.5,NA,2025-10-10 09h48.05.520472 +0100
Belief,Neg,FALSE,N,NB-TB-K,TT_NB,PsychoPyStudy5Stim/TT_NB_3.png,Adam does NOT THINK there are TWO cubes,Two,b,h,Y,PropFalse,N,0,313,313,74,1812.249465700006,NA,NA,NA,NA,NA,NA,NA,NA,NA,1812.237819599919,3.7739996332675e-4,1812.3311965999892,1812.715934399981,1812.8160861999495,1814.8163166999584,1815.2162592000095,1815.318692400004,1815.318692400004,1818.7692570999495,h,1,3.44692799996119,NA,1818.7695556000108,1818.7826524999691,1818.7826524999691,1818.7826524999691,1818.7826524999691,1818.7698502999265,NA,NA,NA,NA,NA,NA,NA,NA,NA,NA,032,001,2025-10-10_09h47.53.340,Study_5_PsychoPy_Experiment,2024.1.5,NA,2025-10-10 09h48.05.520472 +0100
Reality,Reg,FALSE,N,FB-Ig,B_T,PsychoPyStudy5Stim/B_T_4.png,"In REALITY, there are TWO cubes",Two,b,h,N,-,N,0,314,314,320,1818.7826524999691,NA,NA,NA,NA,NA,NA,NA,NA,NA,1818.7700729999924,1.6739999409765e-4,1818.857744399924,1819.2327181999572,1819.332804400008,1821.3328494000016,1821.7328341000248,1821.8351087999763,1821.8351087999763,1823.4860568000004,h,1,1.6341566999908537,NA,1823.486748400028,1823.4993801999371,1823.4993801999371,1823.4993801999371,1823.4993801999371,1823.4874830000335,NA,NA,NA,NA,NA,NA,NA,NA,NA,NA,032,001,2025-10-10_09h47.53.340,Study_5_PsychoPy_Experiment,2024.1.5,NA,2025-10-10 09h48.05.520472 +0100
Belief,Neg,FALSE,N,TB-K,TT_B,PsychoPyStudy5Stim/TT_B_7.png,Adam does NOT THINK there are TWO cubes,Two,b,h,Y,PropFalse,N,0,315,315,102,1823.4993801999371,NA,NA,NA,NA,NA,NA,NA,NA,NA,1823.488009099965,4.1059998329728e-4,1823.5765098999257,1823.9492236999797,1824.049457599991,1826.0497237999225,1826.4493620999856,1826.5520153000252,1826.5520153000252,1829.518779099919,h,1,2.95706079993397,NA,1829.519094299991,1829.532537800027,1829.532537800027,1829.532537800027,1829.532537800027,1829.5194160999963,NA,NA,NA,NA,NA,NA,NA,NA,NA,NA,032,001,2025-10-10_09h47.53.340,Study_5_PsychoPy_Experiment,2024.1.5,NA,2025-10-10 09h48.05.520472 +0100
Belief,Reg,TRUE,N,TB-K-B,DD_B,PsychoPyStudy5Stim/DD_B_8.png,Adam THINKS there are ZERO cubes,Zero,h,b,N,-,N,0,316,316,233,1829.532537800027,NA,NA,NA,NA,NA,NA,NA,NA,NA,1829.5196310000028,1.7100002150982e-4,1829.6059432999464,1829.9825401999988,1830.0826503999997,1832.082920899964,1832.48285749997,1832.5852801,1832.5852801,1833.519509500009,b,1,0.9327010000124574,NA,1833.5201529000187,1833.5327363000251,1833.5327363000251,1833.5327363000251,1833.5327363000251,1833.5208368999884,NA,NA,NA,NA,NA,NA,NA,NA,NA,NA,032,001,2025-10-10_09h47.53.340,Study_5_PsychoPy_Experiment,2024.1.5,NA,2025-10-10 09h48.05.520472 +0100
Belief,Neg,FALSE,N,NB-TB-K,T_NB,PsychoPyStudy5Stim/T_NB_1.png,Adam does NOT THINK there is ONE cube,One,b,h,Y,PropFalse,N,0,317,317,48,1833.5327363000251,NA,NA,NA,NA,NA,NA,NA,NA,NA,1833.5213029999288,3.6079995334148e-4,1833.6164812999775,1833.9992464999668,1834.0993843999456,1836.099589199992,1836.499464099994,1836.6019328000257,1836.6019328000257,1839.535794800031,h,1,2.923370100092143,NA,1839.5362993000308,1839.5493155999577,1839.5493155999577,1839.5493155999577,1839.5493155999577,1839.5368671999313,NA,NA,NA,NA,NA,NA,NA,NA,NA,NA,032,001,2025-10-10_09h47.53.340,Study_5_PsychoPy_Experiment,2024.1.5,NA,2025-10-10 09h48.05.520472 +0100
Belief,Reg,FALSE,N,FB-Ig,D_B_T,PsychoPyStudy5Stim/D_B_T_7.png,Adam THINKS there are TWO cubes,Two,b,h,N,PropFalse,N,0,318,318,305,1839.5493155999577,NA,NA,NA,NA,NA,NA,NA,NA,NA,1839.5372601000129,3.0930002685636e-4,1839.625453899964,1839.999154799967,1840.0992852000056,1842.0995507999323,1842.49939979997,1842.601664799964,1842.601664799964,1844.0525954000184,h,1,1.443728999933228,NA,1844.0532221000176,1844.0660394999431,1844.0660394999431,1844.0660394999431,1844.0660394999431,1844.053931499948,NA,NA,NA,NA,NA,NA,NA,NA,NA,NA,032,001,2025-10-10_09h47.53.340,Study_5_PsychoPy_Experiment,2024.1.5,NA,2025-10-10 09h48.05.520472 +0100
Reality,Reg,FALSE,N,FB-Ig,B_TT,PsychoPyStudy5Stim/B_TT_5.png,"In REALITY, there is ONE cube",One,b,h,N,-,N,0,319,319,335,1844.0660394999431,NA,NA,NA,NA,NA,NA,NA,NA,NA,1844.054456199985,4.1499990038573e-4,1844.150967799942,1844.5324822999537,1844.63258580002,1846.6327118999325,1847.0328168999404,1847.1351813999936,1847.1351813999936,1849.1697078000288,h,1,2.0221304999431595,NA,1849.1705893999897,1849.1826911999376,1849.1826911999376,1849.1826911999376,1849.1826911999376,1849.1714859999483,NA,NA,NA,NA,NA,NA,NA,NA,NA,NA,032,001,2025-10-10_09h47.53.340,Study_5_PsychoPy_Experiment,2024.1.5,NA,2025-10-10 09h48.05.520472 +0100
Knowledge,Neg,TRUE,Y,FB-Ig,T_B_T,PsychoPyStudy5Stim/T_B_T_3.png,Adam does NOT KNOW there are TWO cubes,Two,h,b,Y,-,N,0,320,320,2,1849.1826911999376,NA,NA,NA,NA,NA,NA,NA,NA,NA,1849.172134499997,5.3620000835508e-4,1849.2686325999675,1849.6491415000055,1849.7492862999209,1851.7495512999592,1852.1495273000328,1852.2516963999951,1852.2516963999951,1853.4028483999427,b,1,1.1470831000478938,NA,1853.4034660999896,1853.4160044000016,1853.4160044000016,1853.4160044000016,1853.4160044000016,1853.4041780999396,NA,NA,NA,NA,NA,NA,NA,NA,NA,NA,032,001,2025-10-10_09h47.53.340,Study_5_PsychoPy_Experiment,2024.1.5,NA,2025-10-10 09h48.05.520472 +0100
Knowledge,Reg,TRUE,N,NB-TB-K,DD_NB,PsychoPyStudy5Stim/DD_NB_5.png,Adam KNOWS there are ZERO cubes,Zero,h,b,N,-,N,0,321,321,151,1853.4160044000016,NA,NA,NA,NA,NA,NA,NA,NA,NA,1853.404660500004,3.7779996637254e-4,1853.5025205999848,1853.8824400999583,1853.9825758999216,1855.982823999948,1856.3825640999712,1856.4850972000277,1856.4850972000277,1858.3193290999625,b,1,1.824495399952866,NA,1858.3199714999648,1858.332575700013,1858.332575700013,1858.332575700013,1858.332575700013,1858.320691999979,NA,NA,NA,NA,NA,NA,NA,NA,NA,NA,032,001,2025-10-10_09h47.53.340,Study_5_PsychoPy_Experiment,2024.1.5,NA,2025-10-10 09h48.05.520472 +0100
Belief,Neg,TRUE,Y,FB-Ig,D_B_T,PsychoPyStudy5Stim/D_B_T_7.png,Adam does NOT THINK there is ONE cube,One,h,b,Y,-,N,0,322,322,30,1858.332575700013,NA,NA,NA,NA,NA,NA,NA,NA,NA,1858.3211826999905,3.8250000216066e-4,1858.4195624999704,1858.7990988999372,1858.899242799962,1860.89943999995,1861.2994278999977,1861.4019447999308,1861.4019447999308,1869.419665299938,b,1,8.012470599962398,NA,1869.4203465000028,1869.4324976999776,1869.4324976999776,1869.4324976999776,1869.4324976999776,1869.421074199956,NA,NA,NA,NA,NA,NA,NA,NA,NA,NA,032,001,2025-10-10_09h47.53.340,Study_5_PsychoPy_Experiment,2024.1.5,NA,2025-10-10 09h48.05.520472 +0100
Belief,Reg,TRUE,N,NB-TB-K,DT_NB,PsychoPyStudy5Stim/TD_NB_1.png,Adam THINKS there is ONE cube,One,h,b,N,-,N,0,323,323,165,1869.4324976999776,NA,NA,NA,NA,NA,NA,NA,NA,NA,1869.42151679995,3.2989995088428e-4,1869.5069912000329,1869.8823890999192,1869.9824909999736,1871.9826980999203,1872.3827648999868,1872.4850828999188,1872.4850828999188,1873.86863859999,b,1,1.3760582000249997,NA,1873.8689403999597,1873.882484599948,1873.882484599948,1873.882484599948,1873.882484599948,1873.869263099972,NA,NA,NA,NA,NA,NA,NA,NA,NA,NA,032,001,2025-10-10_09h47.53.340,Study_5_PsychoPy_Experiment,2024.1.5,NA,2025-10-10 09h48.05.520472 +0100
Belief,Reg,TRUE,N,FB-Ig,B_T,PsychoPyStudy5Stim/B_T_2.png,Adam THINKS there are ZERO cubes,Zero,h,b,N,-,Y,0,324,324,313,1873.882484599948,NA,NA,NA,NA,NA,NA,NA,NA,NA,1873.8694751999576,1.6840000171214e-4,1873.9543965000191,1874.3326661000028,1874.4328292999417,1876.432663399959,1876.8326807999983,1876.9350306999404,1876.9350306999404,1879.8190499999328,b,1,2.878534400020726,NA,1879.8196111000143,1879.8325364999473,1879.8325364999473,1879.8325364999473,1879.8325364999473,1879.820254100021,NA,NA,NA,NA,NA,NA,NA,NA,NA,NA,032,001,2025-10-10_09h47.53.340,Study_5_PsychoPy_Experiment,2024.1.5,NA,2025-10-10 09h48.05.520472 +0100
Knowledge,Reg,TRUE,N,NB-TB-K,DT_NB,PsychoPyStudy5Stim/TD_NB_1.png,Adam KNOWS there is ONE cube,One,h,b,N,-,N,0,325,325,163,1879.8325364999473,NA,NA,NA,NA,NA,NA,NA,NA,NA,1879.820695900009,3.4589995630085e-4,1879.913893799996,1880.2992810999276,1880.3993248000045,1882.3993254000088,1882.7993049999932,1882.9016677000327,1882.9016677000327,1884.7528387999628,b,1,1.849175399984233,NA,1884.753512799973,1884.7658903999256,1884.7658903999256,1884.7658903999256,1884.7658903999256,1884.754248699988,NA,NA,NA,NA,NA,NA,NA,NA,NA,NA,032,001,2025-10-10_09h47.53.340,Study_5_PsychoPy_Experiment,2024.1.5,NA,2025-10-10 09h48.05.520472 +0100
Knowledge,Reg,FALSE,N,FB-Ig,D_B_T,PsychoPyStudy5Stim/D_B_T_8.png,Adam KNOWS there are TWO cubes,Two,b,h,N,PropFalse,N,0,326,326,298,1884.7658903999256,NA,NA,NA,NA,NA,NA,NA,NA,NA,1884.754773600027,4.0630006697028e-4,1884.8411758999573,1885.2159278999316,1885.316062900005,1887.3160671999212,1887.7160262999823,1887.8183501999592,1887.8183501999592,1893.7024803999811,h,1,5.8672218000283465,NA,1893.7031564000065,1893.7158782000188,1893.7158782000188,1893.7158782000188,1893.7158782000188,1893.7039181999864,NA,NA,NA,NA,NA,NA,NA,NA,NA,NA,032,001,2025-10-10_09h47.53.340,Study_5_PsychoPy_Experiment,2024.1.5,NA,2025-10-10 09h48.05.520472 +0100
Belief,Neg,TRUE,N,TB-K,TD_B,PsychoPyStudy5Stim/TD_B_2.png,Adam does NOT THINK there are TWO cubes,Two,h,b,Y,-,N,0,327,327,109,1893.7158782000188,NA,NA,NA,NA,NA,NA,NA,NA,NA,1893.7044833999823,4.4730002991855e-4,1893.8006770999637,1894.182284199982,1894.2824145000195,1896.2827281999637,1896.6826317999512,1896.7850660999536,1896.7850660999536,1898.0196681999369,b,1,1.2200045000063255,NA,1898.020531599992,1898.0324954999376,1898.0324954999376,1898.0324954999376,1898.0324954999376,1898.021543400013,NA,NA,NA,NA,NA,NA,NA,NA,NA,NA,032,001,2025-10-10_09h47.53.340,Study_5_PsychoPy_Experiment,2024.1.5,NA,2025-10-10 09h48.05.520472 +0100
Knowledge,Reg,FALSE,N,NB-TB-K,TT_NB,PsychoPyStudy5Stim/TT_NB_8.png,Adam KNOWS there is ONE cube,One,b,h,N,PropFalse,N,0,328,328,176,1898.0324954999376,NA,NA,NA,NA,NA,NA,NA,NA,NA,1898.0222376999443,5.480000982061e-4,1898.1171929999257,1898.4989568999736,1898.5991101999537,1900.5991965000285,1900.9992824000071,1901.101613799925,1901.101613799925,1902.569561499986,h,1,1.4557850999990478,NA,1902.570369099965,1902.5824618999611,1902.5824618999611,1902.5824618999611,1902.5824618999611,1902.5712737999856,NA,NA,NA,NA,NA,NA,NA,NA,NA,NA,032,001,2025-10-10_09h47.53.340,Study_5_PsychoPy_Experiment,2024.1.5,NA,2025-10-10 09h48.05.520472 +0100
Reality,Reg,FALSE,N,NB-TB-K,DD_NB,PsychoPyStudy5Stim/DD_NB_5.png,"In REALITY, there is ONE cube",One,b,h,N,PropFalse,N,0,329,329,161,1902.5824618999611,NA,NA,NA,NA,NA,NA,NA,NA,NA,1902.571914899978,4.9409992061555e-4,1902.6570819999324,1903.0322971999412,1903.132415,1905.132605199935,1905.532648399938,1905.6349429999243,1905.6349429999243,1908.5194679999256,h,1,2.882427400094457,NA,1908.520134099992,1908.532507900032,1908.532507900032,1908.532507900032,1908.532507900032,1908.5208778999513,NA,NA,NA,NA,NA,NA,NA,NA,NA,NA,032,001,2025-10-10_09h47.53.340,Study_5_PsychoPy_Experiment,2024.1.5,NA,2025-10-10 09h48.05.520472 +0100
Knowledge,Reg,TRUE,N,NB-TB-K,D_NB,PsychoPyStudy5Stim/D_NB_7.png,Adam KNOWS there are ZERO cubes,Zero,h,b,N,-,N,0,330,330,134,1908.532507900032,NA,NA,NA,NA,NA,NA,NA,NA,NA,1908.5213988999603,4.0469993837177e-4,1908.6154808999272,1908.9989914000032,1909.0990628999425,1911.0993184000256,1911.4991587999975,1911.601603499963,1911.601603499963,1912.4693313000023,b,1,0.8592606999445707,NA,1912.4699745000107,1912.4824613999808,1912.4824613999808,1912.4824613999808,1912.4824613999808,1912.4707052999877,NA,NA,NA,NA,NA,NA,NA,NA,NA,NA,032,001,2025-10-10_09h47.53.340,Study_5_PsychoPy_Experiment,2024.1.5,NA,2025-10-10 09h48.05.520472 +0100
Belief,Neg,TRUE,N,TB-K,TT_B,PsychoPyStudy5Stim/TT_B_4.png,Adam does NOT THINK there is ONE cube,One,h,b,Y,-,N,0,331,331,87,1912.4824613999808,NA,NA,NA,NA,NA,NA,NA,NA,NA,1912.471191599965,3.7969998084008e-4,1912.569390699966,1912.948917499976,1913.0490326000145,1915.0490221999353,1915.4489958999911,1915.5515582999217,1915.5515582999217,1919.701728999964,b,1,4.141881700023077,NA,1919.7020453999285,1919.7155571000185,1919.7155571000185,1919.7155571000185,1919.7155571000185,1919.7023864999649,NA,NA,NA,NA,NA,NA,NA,NA,NA,NA,032,001,2025-10-10_09h47.53.340,Study_5_PsychoPy_Experiment,2024.1.5,NA,2025-10-10 09h48.05.520472 +0100
Knowledge,Reg,TRUE,N,NB-TB-K,TT_NB,PsychoPyStudy5Stim/TT_NB_8.png,Adam KNOWS there are TWO cubes,Two,h,b,N,-,N,0,332,332,174,1919.7155571000185,NA,NA,NA,NA,NA,NA,NA,NA,NA,1919.7026023999788,1.7449993174523e-4,1919.790370499948,1920.165807100013,1920.2659481000155,1922.2658025999551,1922.6658427999355,1922.7682007999392,1922.7682007999392,1923.3861645000288,b,1,0.6135744000785053,NA,1923.386834200006,1923.3990992000329,1923.3990992000329,1923.3990992000329,1923.3990992000329,1923.3875485999745,NA,NA,NA,NA,NA,NA,NA,NA,NA,NA,032,001,2025-10-10_09h47.53.340,Study_5_PsychoPy_Experiment,2024.1.5,NA,2025-10-10 09h48.05.520472 +0100
Belief,Reg,TRUE,N,NB-TB-K,TT_NB,PsychoPyStudy5Stim/TT_NB_6.png,Adam THINKS there are TWO cubes,Two,h,b,N,-,N,0,333,333,178,1923.3990992000329,NA,NA,NA,NA,NA,NA,NA,NA,NA,1923.388106400031,4.4140010140836e-4,1923.4825954999544,1923.8655108999228,1923.9656529999336,1925.965790899936,1926.365820099949,1926.4681235000023,1926.4681235000023,1927.9184665000064,b,1,1.4489848000230268,NA,1927.918765799957,1927.9323248999424,1927.9323248999424,1927.9323248999424,1927.9323248999424,1927.9190826999256,NA,NA,NA,NA,NA,NA,NA,NA,NA,NA,032,001,2025-10-10_09h47.53.340,Study_5_PsychoPy_Experiment,2024.1.5,NA,2025-10-10 09h48.05.520472 +0100
Knowledge,Reg,TRUE,N,TB-K-B,TT_B,PsychoPyStudy5Stim/TT_B_5.png,Adam KNOWS there are TWO cubes,Two,h,b,N,-,N,0,334,334,241,1927.9323248999424,NA,NA,NA,NA,NA,NA,NA,NA,NA,1927.919293600018,1.6749999485909e-4,1928.0037518999304,1928.3824816999256,1928.48242070002,1930.4825916999253,1930.882541000028,1930.984961299924,1930.984961299924,1934.58571949997,b,1,3.59646069991868,NA,1934.586281799944,1934.599024199997,1934.599024199997,1934.599024199997,1934.599024199997,1934.58690679993,NA,NA,NA,NA,NA,NA,NA,NA,NA,NA,032,001,2025-10-10_09h47.53.340,Study_5_PsychoPy_Experiment,2024.1.5,NA,2025-10-10 09h48.05.520472 +0100
Belief,Reg,FALSE,N,TB-K-B,TD_B,PsychoPyStudy5Stim/TD_B_4.png,Adam THINKS there are ZERO cubes,Zero,b,h,N,PropFalse,N,0,335,335,266,1934.599024199997,NA,NA,NA,NA,NA,NA,NA,NA,NA,1934.587344700005,3.4229992888867e-4,1934.6828060999976,1935.0657358999597,1935.1658801999872,1937.1658478999743,1937.5658066000324,1937.668285300024,1937.668285300024,1938.768956999993,h,1,1.0892625000560656,NA,1938.769549199962,1938.7825504000064,1938.7825504000064,1938.7825504000064,1938.7825504000064,1938.7701722999336,NA,NA,NA,NA,NA,NA,NA,NA,NA,NA,032,001,2025-10-10_09h47.53.340,Study_5_PsychoPy_Experiment,2024.1.5,NA,2025-10-10 09h48.05.520472 +0100
NA,NA,NA,NA,NA,NA,NA,NA,NA,NA,NA,NA,NA,NA,NA,NA,NA,NA,NA,NA,NA,NA,NA,NA,NA,NA,NA,NA,NA,NA,NA,NA,NA,NA,NA,NA,NA,NA,NA,NA,NA,NA,NA,NA,NA,NA,NA,NA,NA,NA,NA,1938.7703919999767,1938.7825504000064,1939.7825167999836,1942.633975100005,space,2.838903700001538,NA,032,001,2025-10-10_09h47.53.340,Study_5_PsychoPy_Experiment,2024.1.5,NA,2025-10-10 09h48.05.520472 +0100
