Statement_Type,Reg_Neg,Truth_Value,Experimental,Scenario,Stimuli_Type,Stimulus,Statement,Statement_Number,CorAnsOdd,CorAnsEven,Barrier,Why_False,Check_Trial,Exp_Trial.thisRepN,Exp_Trial.thisTrialN,Exp_Trial.thisN,Exp_Trial.thisIndex,thisRow.t,notes,Exp_Intro.started,Exp_Intro_Text.started,Exp_Intro_Press_SPACE_Text.started,Exp_Intro_Press_SPACE.started,Exp_Intro.stopped,Exp_Intro_Press_SPACE.keys,Exp_Intro_Press_SPACE.rt,Exp_Intro_Press_SPACE.duration,Exp_Routine.started,Exp_Routine_ISI.started,Exp_Routine_Statement_Primer.started,Exp_Routine_Statement_Primer.stopped,Exp_Routine_Statement.started,Exp_Routine_Image_Primer.started,Exp_Routine_Image_Primer.stopped,Exp_Routine_Image.started,Exp_Routine_Key_Resp.started,Exp_Routine.stopped,Exp_Routine_Key_Resp.keys,Exp_Routine_Key_Resp.corr,Exp_Routine_Key_Resp.rt,Exp_Routine_Key_Resp.duration,Break.started,Break_Text.started,Break_Text.stopped,Break_Key_Resp.started,Break_Key_Resp.stopped,Break.stopped,Break_Key_Resp.keys,Break_Key_Resp.rt,Break_Key_Resp.duration,Exp_End.started,Exp_End_Text.started,Exp_End_Key_Resp.started,Exp_End.stopped,Exp_End_Key_Resp.keys,Exp_End_Key_Resp.rt,Exp_End_Key_Resp.duration,participant,session,date,expName,psychopyVersion,frameRate,expStart
NA,NA,NA,NA,NA,NA,NA,NA,NA,NA,NA,NA,NA,NA,NA,NA,NA,NA,NA,NA,0.00299379997886717,0.02587449998827651,2.0013053999864496,2.0013053999864496,13.531404500012286,space,11.501288200030103,NA,NA,NA,NA,NA,NA,NA,NA,NA,NA,NA,NA,NA,NA,NA,NA,NA,NA,NA,NA,NA,NA,NA,NA,NA,NA,NA,NA,NA,NA,NA,026,001,2025-10-09_09h45.50.592,Study_5_PsychoPy_Experiment,2024.1.5,NA,2025-10-09 09h46.02.245236 +0100
Knowledge,Neg,TRUE,N,TB-K,TT_B,PsychoPyStudy5Stim/TT_B_3.png,Adam does NOT KNOW there is ONE cube,One,h,b,Y,-,N,0,0,0,82,13.657178699970244,NA,NA,NA,NA,NA,NA,NA,NA,NA,13.65408499998739,0.12267919996520504,13.74127529998077,14.116905300004872,14.216986800020097,16.217215800017584,16.617152699967846,16.746951100009028,16.746951100009028,24.90348159999121,h,0,8.13935599999968,NA,24.90504029998556,24.91700449999189,24.91700449999189,24.91700449999189,24.91700449999189,24.90572300000349,NA,NA,NA,NA,NA,NA,NA,NA,NA,NA,026,001,2025-10-09_09h45.50.592,Study_5_PsychoPy_Experiment,2024.1.5,NA,2025-10-09 09h46.02.245236 +0100
Belief,Reg,TRUE,N,NB-TB-K,TT_NB,PsychoPyStudy5Stim/TT_NB_5.png,Adam THINKS there are TWO cubes,Two,h,b,N,-,N,0,1,1,177,24.91700449999189,NA,NA,NA,NA,NA,NA,NA,NA,NA,24.906610600010023,3.9560004370287e-4,24.997333300008904,25.367043100006413,25.467227399989497,27.467197399993893,27.86713949998375,27.969157200015616,27.969157200015616,30.320112999994308,h,0,2.333800100022927,NA,30.3208050999674,30.33366990002105,30.33366990002105,30.33366990002105,30.33366990002105,30.321542599995155,NA,NA,NA,NA,NA,NA,NA,NA,NA,NA,026,001,2025-10-09_09h45.50.592,Study_5_PsychoPy_Experiment,2024.1.5,NA,2025-10-09 09h46.02.245236 +0100
Knowledge,Reg,FALSE,N,TB-Ig,D_B,PsychoPyStudy5Stim/D_B_D_3.png,Adam KNOWS there are ZERO cubes,Zero,b,h,N,PropTrueNoKnow,Y,0,2,2,208,30.33366990002105,NA,NA,NA,NA,NA,NA,NA,NA,NA,30.322113399975933,4.5019999379292e-4,30.43268759996863,30.817037499975413,30.91715509997448,32.917158299998846,33.317055999999866,33.41937640000833,33.41937640000833,36.18712030001916,h,1,2.7636132999905385,NA,36.18779579998227,36.20031129999552,36.20031129999552,36.20031129999552,36.20031129999552,36.18851329997415,NA,NA,NA,NA,NA,NA,NA,NA,NA,NA,026,001,2025-10-09_09h45.50.592,Study_5_PsychoPy_Experiment,2024.1.5,NA,2025-10-09 09h46.02.245236 +0100
Reality,Reg,TRUE,N,FB-Ig,B_TT,PsychoPyStudy5Stim/B_TT_1.png,"In REALITY, there are TWO cubes",Two,h,b,N,-,N,0,3,3,331,36.20031129999552,NA,NA,NA,NA,NA,NA,NA,NA,NA,36.189039000018965,4.087999695912e-4,36.289749999996275,36.666934599983506,36.76720830000704,38.76699709997047,39.16701460001059,39.26913009997224,39.26913009997224,40.2865958000184,b,1,1.0009372000349686,NA,40.28719740000088,40.300234899972565,40.300234899972565,40.300234899972565,40.300234899972565,40.2878113000188,NA,NA,NA,NA,NA,NA,NA,NA,NA,NA,026,001,2025-10-09_09h45.50.592,Study_5_PsychoPy_Experiment,2024.1.5,NA,2025-10-09 09h46.02.245236 +0100
Belief,Reg,FALSE,N,NB-TB-K,TT_NB,PsychoPyStudy5Stim/TT_NB_2.png,Adam THINKS there is ONE cube,One,b,h,N,PropFalse,N,0,4,4,189,40.300234899972565,NA,NA,NA,NA,NA,NA,NA,NA,NA,40.28834139998071,3.5450002178549e-4,40.3769803000032,40.750329400005285,40.85021459998097,42.85048550000647,43.25033189996611,43.352628299966455,43.352628299966455,46.452833999996074,h,1,3.0845833999919705,NA,46.453198899980634,46.46683370001847,46.46683370001847,46.46683370001847,46.46683370001847,46.45360629999777,NA,NA,NA,NA,NA,NA,NA,NA,NA,NA,026,001,2025-10-09_09h45.50.592,Study_5_PsychoPy_Experiment,2024.1.5,NA,2025-10-09 09h46.02.245236 +0100
Belief,Reg,TRUE,N,FB-Ig,B_TT,PsychoPyStudy5Stim/B_TT_5.png,Adam THINKS there are ZERO cubes,Zero,h,b,N,-,Y,0,5,5,330,46.46683370001847,NA,NA,NA,NA,NA,NA,NA,NA,NA,46.45387149997987,2.0819995552301e-4,46.56470519996947,46.950304199999664,47.05045430001337,49.05043060000753,49.450311099994,49.55253519996768,49.55253519996768,54.25312599999597,b,1,4.684735099959653,NA,54.253650499973446,54.26686309999786,54.26686309999786,54.26686309999786,54.26686309999786,54.254203099990264,NA,NA,NA,NA,NA,NA,NA,NA,NA,NA,026,001,2025-10-09_09h45.50.592,Study_5_PsychoPy_Experiment,2024.1.5,NA,2025-10-09 09h46.02.245236 +0100
Reality,Reg,FALSE,N,FB-Ig,B_TT,PsychoPyStudy5Stim/B_TT_5.png,"In REALITY, there is ONE cube",One,b,h,N,-,N,0,6,6,335,54.26686309999786,NA,NA,NA,NA,NA,NA,NA,NA,NA,54.25458419998176,2.9540003743022e-4,54.349929000018165,54.73348409996834,54.83376960002352,56.83372870000312,57.23369010002352,57.33587140002055,57.33587140002055,58.60348420002265,h,1,1.2615007999702357,NA,58.60413609998068,58.61691109999083,58.61691109999083,58.61691109999083,58.61691109999083,58.604824499983806,NA,NA,NA,NA,NA,NA,NA,NA,NA,NA,026,001,2025-10-09_09h45.50.592,Study_5_PsychoPy_Experiment,2024.1.5,NA,2025-10-09 09h46.02.245236 +0100
Belief,Neg,FALSE,N,TB-K,TT_B,PsychoPyStudy5Stim/TT_B_8.png,Adam does NOT THINK there are TWO cubes,Two,b,h,Y,PropFalse,N,0,7,7,103,58.61691109999083,NA,NA,NA,NA,NA,NA,NA,NA,NA,58.60529430001043,3.3969996729865e-4,58.71210090001114,59.08354690001579,59.183689299970865,61.18366969999624,61.583521499997005,61.686094900011085,61.686094900011085,65.98666950000916,h,1,4.296801499964204,NA,65.98716429999331,66.00014780001948,66.00014780001948,66.00014780001948,66.00014780001948,65.98773240001174,NA,NA,NA,NA,NA,NA,NA,NA,NA,NA,026,001,2025-10-09_09h45.50.592,Study_5_PsychoPy_Experiment,2024.1.5,NA,2025-10-09 09h46.02.245236 +0100
Belief,Neg,FALSE,N,TB-K,TT_B,PsychoPyStudy5Stim/TT_B_4.png,Adam does NOT THINK there are TWO cubes,Two,b,h,Y,PropFalse,N,0,8,8,99,66.00014780001948,NA,NA,NA,NA,NA,NA,NA,NA,NA,65.9881109999842,2.9340002220124e-4,66.07535060000373,66.45023020001827,66.55025159998331,68.55027090001386,68.95029579999391,69.05252289999044,69.05252289999044,73.70321389997844,b,0,4.634408899990376,NA,73.70371259999229,73.71666809997987,73.71666809997987,73.71666809997987,73.71666809997987,73.70423779997509,NA,NA,NA,NA,NA,NA,NA,NA,NA,NA,026,001,2025-10-09_09h45.50.592,Study_5_PsychoPy_Experiment,2024.1.5,NA,2025-10-09 09h46.02.245236 +0100
Belief,Reg,TRUE,N,TB-K-B,TT_B,PsychoPyStudy5Stim/TT_B_6.png,Adam THINKS there are TWO cubes,Two,h,b,N,-,N,0,9,9,247,73.71666809997987,NA,NA,NA,NA,NA,NA,NA,NA,NA,73.7046206999803,3.0040001729503e-4,73.7928354999749,74.16660509997746,74.26673600001959,76.26689849997638,76.66693639999721,76.76921320002293,76.76921320002293,78.10346579999896,b,1,1.324637400044594,NA,78.10410960001172,78.11677049996797,78.11677049996797,78.11677049996797,78.11677049996797,78.10478729999159,NA,NA,NA,NA,NA,NA,NA,NA,NA,NA,026,001,2025-10-09_09h45.50.592,Study_5_PsychoPy_Experiment,2024.1.5,NA,2025-10-09 09h46.02.245236 +0100
Knowledge,Neg,FALSE,N,TB-K,TT_B,PsychoPyStudy5Stim/TT_B_3.png,Adam does NOT KNOW there are TWO cubes,Two,b,h,Y,PropFalse,N,0,10,10,90,78.11677049996797,NA,NA,NA,NA,NA,NA,NA,NA,NA,78.10528389998944,3.8689997745677e-4,78.20203519996721,78.58349549997365,78.68353079998633,80.68351519998396,81.08357189997332,81.18595840001944,81.18595840001944,85.88682720001088,h,1,4.699524199997541,NA,85.88718570000492,85.89990079996642,85.89990079996642,85.89990079996642,85.89990079996642,85.8875834000064,NA,NA,NA,NA,NA,NA,NA,NA,NA,NA,026,001,2025-10-09_09h45.50.592,Study_5_PsychoPy_Experiment,2024.1.5,NA,2025-10-09 09h46.02.245236 +0100
Belief,Reg,TRUE,N,NB-TB-K,TT_NB,PsychoPyStudy5Stim/TT_NB_8.png,Adam THINKS there are TWO cubes,Two,h,b,N,-,N,0,11,11,180,85.89990079996642,NA,NA,NA,NA,NA,NA,NA,NA,NA,85.88783500000136,1.920000067912e-4,85.97580720001133,86.35018599999603,86.45032669999637,88.45027169998502,88.85031369997887,88.95272649999242,88.95272649999242,91.75312629999826,h,0,2.797001800034195,NA,91.75364920002175,91.76664629997686,91.76664629997686,91.76664629997686,91.76664629997686,91.75418210000498,NA,NA,NA,NA,NA,NA,NA,NA,NA,NA,026,001,2025-10-09_09h45.50.592,Study_5_PsychoPy_Experiment,2024.1.5,NA,2025-10-09 09h46.02.245236 +0100
Knowledge,Reg,TRUE,N,NB-TB-K,D_NB,PsychoPyStudy5Stim/D_NB_3.png,Adam KNOWS there are ZERO cubes,Zero,h,b,N,-,N,0,12,12,130,91.76664629997686,NA,NA,NA,NA,NA,NA,NA,NA,NA,91.75458760000764,3.1989999115467e-4,91.85214480001014,92.2334476999822,92.33355159999336,94.33351209998364,94.73350640002172,94.83582979999484,94.83582979999484,96.73622999998042,b,1,1.889688200026285,NA,96.73675569996703,96.75002629996744,96.75002629996744,96.75002629996744,96.75002629996744,96.73728529998334,NA,NA,NA,NA,NA,NA,NA,NA,NA,NA,026,001,2025-10-09_09h45.50.592,Study_5_PsychoPy_Experiment,2024.1.5,NA,2025-10-09 09h46.02.245236 +0100
Knowledge,Reg,FALSE,N,TB-Ig,D_B,PsychoPyStudy5Stim/D_B_3.png,Adam KNOWS there are ZERO cubes,Zero,b,h,N,PropTrueNoKnow,Y,0,13,13,199,96.75002629996744,NA,NA,NA,NA,NA,NA,NA,NA,NA,96.73768600000768,3.1959998887032e-4,96.82585399999516,97.20016579999356,97.30026180000276,99.3002663999796,99.70010730001376,99.80248549999668,99.80248549999668,102.11962969996966,h,1,2.307170199987013,NA,102.12013679998928,102.13335070002358,102.13335070002358,102.13335070002358,102.13335070002358,102.1206816000049,NA,NA,NA,NA,NA,NA,NA,NA,NA,NA,026,001,2025-10-09_09h45.50.592,Study_5_PsychoPy_Experiment,2024.1.5,NA,2025-10-09 09h46.02.245236 +0100
Knowledge,Neg,TRUE,N,NB-TB-K,T_NB,PsychoPyStudy5Stim/T_NB_1.png,Adam does NOT KNOW there are TWO cubes,Two,h,b,Y,-,N,0,14,14,32,102.13335070002358,NA,NA,NA,NA,NA,NA,NA,NA,NA,102.12108429998624,3.1850003870204e-4,102.22070659999736,102.60010929999407,102.70024420000846,104.70028769999044,105.10029309999663,105.20258619997183,105.20258619997183,113.51923019997776,h,0,8.306913900014479,NA,113.51952939998591,113.53327549999813,113.53327549999813,113.53327549999813,113.53327549999813,113.51985069998771,NA,NA,NA,NA,NA,NA,NA,NA,NA,NA,026,001,2025-10-09_09h45.50.592,Study_5_PsychoPy_Experiment,2024.1.5,NA,2025-10-09 09h46.02.245236 +0100
Belief,Reg,TRUE,N,TB-K-B,TD_B,PsychoPyStudy5Stim/TD_B_5.png,Adam THINKS there is ONE cube,One,h,b,N,-,N,0,15,15,259,113.53327549999813,NA,NA,NA,NA,NA,NA,NA,NA,NA,113.52006160002202,1.6679998952895e-4,113.61803010001312,114.00006130000112,114.10018259997014,116.10020320001058,116.50008989998604,116.60237719997532,116.60237719997532,119.26987349998672,b,1,2.6586781999794766,NA,119.2705483000027,119.28330130001996,119.28330130001996,119.28330130001996,119.28330130001996,119.27127879997715,NA,NA,NA,NA,NA,NA,NA,NA,NA,NA,026,001,2025-10-09_09h45.50.592,Study_5_PsychoPy_Experiment,2024.1.5,NA,2025-10-09 09h46.02.245236 +0100
Knowledge,Neg,TRUE,N,TB-K,TT_B,PsychoPyStudy5Stim/TT_B_2.png,Adam does NOT KNOW there is ONE cube,One,h,b,Y,-,N,0,16,16,81,119.28330130001996,NA,NA,NA,NA,NA,NA,NA,NA,NA,119.2718021000037,4.0690001333132e-4,119.36313050001628,119.73330819996772,119.8333196999738,121.83335189998616,122.23339790001046,122.33565449999878,122.33565449999878,127.53636339999504,h,0,5.189939700008836,NA,127.5369919000077,127.54998760001035,127.54998760001035,127.54998760001035,127.54998760001035,127.53764029999728,NA,NA,NA,NA,NA,NA,NA,NA,NA,NA,026,001,2025-10-09_09h45.50.592,Study_5_PsychoPy_Experiment,2024.1.5,NA,2025-10-09 09h46.02.245236 +0100
Reality,Reg,FALSE,N,NB-TB-K,D_NB,PsychoPyStudy5Stim/D_NB_6.png,"In REALITY, there is ONE cube",One,b,h,N,PropFalse,N,0,17,17,138,127.54998760001035,NA,NA,NA,NA,NA,NA,NA,NA,NA,127.5381096000201,3.6309997085481e-4,127.62880940001924,127.99994130001868,128.10009279998485,130.10008469998138,130.50002759997733,130.60218799998984,130.60218799998984,132.0197128999862,h,1,1.403149299963843,NA,132.02035900001647,132.0332755999989,132.0332755999989,132.0332755999989,132.0332755999989,132.02098430000478,NA,NA,NA,NA,NA,NA,NA,NA,NA,NA,026,001,2025-10-09_09h45.50.592,Study_5_PsychoPy_Experiment,2024.1.5,NA,2025-10-09 09h46.02.245236 +0100
Knowledge,Reg,TRUE,N,NB-TB-K,DD_NB,PsychoPyStudy5Stim/DD_NB_4.png,Adam KNOWS there are ZERO cubes,Zero,h,b,N,-,N,0,18,18,150,132.0332755999989,NA,NA,NA,NA,NA,NA,NA,NA,NA,132.02147699997295,3.8889999268576e-4,132.11206139996648,132.48333720001392,132.5834510999848,134.5834831999964,134.98344859998906,135.08558909996646,135.08558909996646,136.86992759996792,b,1,1.7676994999637827,NA,136.8706396999769,136.8832631999976,136.8832631999976,136.8832631999976,136.8832631999976,136.87134559999686,NA,NA,NA,NA,NA,NA,NA,NA,NA,NA,026,001,2025-10-09_09h45.50.592,Study_5_PsychoPy_Experiment,2024.1.5,NA,2025-10-09 09h46.02.245236 +0100
Knowledge,Reg,TRUE,N,NB-TB-K,D_NB,PsychoPyStudy5Stim/D_NB_8.png,Adam KNOWS there are ZERO cubes,Zero,h,b,N,-,N,0,19,19,135,136.8832631999976,NA,NA,NA,NA,NA,NA,NA,NA,NA,136.87186650000513,4.0120002813637e-4,136.96866760001285,137.34996189997764,137.45012699998915,139.4498670999892,139.85000139998738,139.9522334000212,139.9522334000212,141.38720070000272,b,1,1.4293336999835446,NA,141.3881573000108,141.400020400004,141.400020400004,141.400020400004,141.400020400004,141.38906429999042,NA,NA,NA,NA,NA,NA,NA,NA,NA,NA,026,001,2025-10-09_09h45.50.592,Study_5_PsychoPy_Experiment,2024.1.5,NA,2025-10-09 09h46.02.245236 +0100
Knowledge,Reg,FALSE,N,TB-K-B,TT_B,PsychoPyStudy5Stim/TT_B_1.png,Adam KNOWS there is ONE cube,One,b,h,N,PropFalse,N,0,20,20,245,141.400020400004,NA,NA,NA,NA,NA,NA,NA,NA,NA,141.38975949998712,5.3829996613785e-4,141.47920250002062,141.84996760002105,141.95007339998847,143.94985149998683,144.35007280000718,144.45209909998812,144.45209909998812,145.78619720001006,h,1,1.3214491000398991,NA,145.7867613999988,145.79988419997972,145.79988419997972,145.79988419997972,145.79988419997972,145.78737109998474,NA,NA,NA,NA,NA,NA,NA,NA,NA,NA,026,001,2025-10-09_09h45.50.592,Study_5_PsychoPy_Experiment,2024.1.5,NA,2025-10-09 09h46.02.245236 +0100
Knowledge,Reg,TRUE,N,TB-K-B,DD_B,PsychoPyStudy5Stim/DD_B_4.png,Adam KNOWS there are ZERO cubes,Zero,h,b,N,-,N,0,21,21,218,145.79988419997972,NA,NA,NA,NA,NA,NA,NA,NA,NA,145.78781100001652,3.4200004301965e-4,145.8780276000034,146.24996519996785,146.34992569999304,148.3500677999691,148.74992360000033,148.8522320999764,148.8522320999764,150.68643719999818,b,1,1.817405299982056,NA,150.6871390999877,150.69986649998464,150.69986649998464,150.69986649998464,150.69986649998464,150.68789860000834,NA,NA,NA,NA,NA,NA,NA,NA,NA,NA,026,001,2025-10-09_09h45.50.592,Study_5_PsychoPy_Experiment,2024.1.5,NA,2025-10-09 09h46.02.245236 +0100
Belief,Neg,TRUE,Y,FB-Ig,D_B_T,PsychoPyStudy5Stim/D_B_T_7.png,Adam does NOT THINK there is ONE cube,One,h,b,Y,-,N,0,22,22,30,150.69986649998464,NA,NA,NA,NA,NA,NA,NA,NA,NA,150.68842530000256,4.0889997035264e-4,150.78675630001817,151.16647250001552,151.26656939997338,153.2667497000075,153.6665323000052,153.76905539998552,153.76905539998552,156.40365260001272,b,1,2.619882500031963,NA,156.40452809998533,156.41661880002357,156.41661880002357,156.41661880002357,156.41661880002357,156.40551349997986,NA,NA,NA,NA,NA,NA,NA,NA,NA,NA,026,001,2025-10-09_09h45.50.592,Study_5_PsychoPy_Experiment,2024.1.5,NA,2025-10-09 09h46.02.245236 +0100
Knowledge,Reg,TRUE,N,NB-TB-K,D_NB,PsychoPyStudy5Stim/D_NB_5.png,Adam KNOWS there are ZERO cubes,Zero,h,b,N,-,N,0,23,23,132,156.41661880002357,NA,NA,NA,NA,NA,NA,NA,NA,NA,156.40621400001692,5.4959999397397e-4,156.5112048999872,156.88324830000056,156.98327219998464,158.9833305000211,159.38336560002062,159.485599800013,159.485599800013,161.6863158000051,b,1,2.199553999991622,NA,161.68682040000567,161.69974700000603,161.69974700000603,161.69974700000603,161.69974700000603,161.6874453999917,NA,NA,NA,NA,NA,NA,NA,NA,NA,NA,026,001,2025-10-09_09h45.50.592,Study_5_PsychoPy_Experiment,2024.1.5,NA,2025-10-09 09h46.02.245236 +0100
Knowledge,Reg,FALSE,N,TB-Ig,D_B,PsychoPyStudy5Stim/D_B_1.png,Adam KNOWS there are ZERO cubes,Zero,b,h,N,PropTrueNoKnow,Y,0,24,24,197,161.69974700000603,NA,NA,NA,NA,NA,NA,NA,NA,NA,161.68782689998625,2.9530003666877e-4,161.7735984000028,162.14989300002344,162.25002159998985,164.2500501999748,164.6500072000199,164.75250100000994,164.75250100000994,166.20306700002402,h,1,1.4369995999732057,NA,166.20373190002283,166.21646009996766,166.21646009996766,166.21646009996766,166.21646009996766,166.20444050000515,NA,NA,NA,NA,NA,NA,NA,NA,NA,NA,026,001,2025-10-09_09h45.50.592,Study_5_PsychoPy_Experiment,2024.1.5,NA,2025-10-09 09h46.02.245236 +0100
Knowledge,Neg,TRUE,Y,FB-Ig,T_B_T,PsychoPyStudy5Stim/T_B_T_8.png,Adam does NOT KNOW there are TWO cubes,Two,h,b,Y,-,N,0,25,25,7,166.21646009996766,NA,NA,NA,NA,NA,NA,NA,NA,NA,166.20492869999725,3.7560000782832e-4,166.30111310002394,166.6831559999846,166.78326920000836,168.7833642999758,169.1832715999917,169.28552510001464,169.28552510001464,170.88558790000388,b,1,1.584449800022412,NA,170.8858853999991,170.89973750000354,170.89973750000354,170.89973750000354,170.89973750000354,170.8862100999686,NA,NA,NA,NA,NA,NA,NA,NA,NA,NA,026,001,2025-10-09_09h45.50.592,Study_5_PsychoPy_Experiment,2024.1.5,NA,2025-10-09 09h46.02.245236 +0100
Belief,Reg,FALSE,N,TB-K-B,TD_B,PsychoPyStudy5Stim/TD_B_1.png,Adam THINKS there are ZERO cubes,Zero,b,h,N,PropFalse,N,0,26,26,263,170.89973750000354,NA,NA,NA,NA,NA,NA,NA,NA,NA,170.88642220001202,1.6720005078241e-4,170.97581749997337,171.34986850002315,171.45004450000124,173.44991440000013,173.84995730000082,173.9523883999791,173.9523883999791,176.03688079997664,h,1,2.0776497999904677,NA,176.03773430001456,176.04985730000772,176.04985730000772,176.04985730000772,176.04985730000772,176.03863339999225,NA,NA,NA,NA,NA,NA,NA,NA,NA,NA,026,001,2025-10-09_09h45.50.592,Study_5_PsychoPy_Experiment,2024.1.5,NA,2025-10-09 09h46.02.245236 +0100
Belief,Neg,TRUE,N,TB-K,TD_B,PsychoPyStudy5Stim/TD_B_1.png,Adam does NOT THINK there are TWO cubes,Two,h,b,Y,-,N,0,27,27,108,176.04985730000772,NA,NA,NA,NA,NA,NA,NA,NA,NA,176.03933120000875,5.5029999930411e-4,176.1396488000173,176.51642300002277,176.61664530000417,178.61657750001177,179.0164995000232,179.11885640001856,179.11885640001856,189.28678899997612,b,1,10.151047899969852,NA,189.2876143999747,189.29978479997953,189.29978479997953,189.29978479997953,189.29978479997953,189.28851119999308,NA,NA,NA,NA,NA,NA,NA,NA,NA,NA,026,001,2025-10-09_09h45.50.592,Study_5_PsychoPy_Experiment,2024.1.5,NA,2025-10-09 09h46.02.245236 +0100
Belief,Reg,FALSE,N,FB-Ig,T_B_T,PsychoPyStudy5Stim/T_B_T_6.png,Adam THINKS there are ZERO cubes,Zero,b,h,N,PropFalse,N,0,28,28,288,189.29978479997953,NA,NA,NA,NA,NA,NA,NA,NA,NA,189.2891607999918,5.0269998610019e-4,189.37669579999056,189.74980430002324,189.8497290000087,191.84989279997535,192.249885600002,192.3520625999663,192.3520625999663,195.1202717999695,h,1,2.75715159997344,NA,195.12115369999083,195.13303089997495,195.13303089997495,195.13303089997495,195.13303089997495,195.12203719996617,NA,NA,NA,NA,NA,NA,NA,NA,NA,NA,026,001,2025-10-09_09h45.50.592,Study_5_PsychoPy_Experiment,2024.1.5,NA,2025-10-09 09h46.02.245236 +0100
Knowledge,Reg,FALSE,N,FB-Ig,B_TT,PsychoPyStudy5Stim/B_TT_4.png,Adam KNOWS there are ZERO cubes,Zero,b,h,N,PropTrueNoKnow,Y,0,29,29,324,195.13303089997495,NA,NA,NA,NA,NA,NA,NA,NA,NA,195.12272739998295,5.0949997967109e-4,195.21266869996907,195.58319620002297,195.68323630001396,197.6831818000064,198.08314449997852,198.18540710001253,198.18540710001253,202.05281239998297,h,1,3.85972429998219,NA,202.05340849998177,202.06627650000155,202.06627650000155,202.06627650000155,202.06627650000155,202.05400980002017,NA,NA,NA,NA,NA,NA,NA,NA,NA,NA,026,001,2025-10-09_09h45.50.592,Study_5_PsychoPy_Experiment,2024.1.5,NA,2025-10-09 09h46.02.245236 +0100
Belief,Neg,TRUE,Y,FB-Ig,T_B_T,PsychoPyStudy5Stim/T_B_T_4.png,Adam does NOT THINK there are TWO cubes,Two,h,b,Y,-,N,0,30,30,19,202.06627650000155,NA,NA,NA,NA,NA,NA,NA,NA,NA,202.05447319999803,3.4070003312081e-4,202.1409905999899,202.5164048000006,202.6165761000011,204.61655119998613,205.01642870000796,205.1187106000143,205.1187106000143,208.66921770002227,b,1,3.53441689995816,NA,208.6696523000137,208.682951099996,208.682951099996,208.682951099996,208.682951099996,208.67012839997187,NA,NA,NA,NA,NA,NA,NA,NA,NA,NA,026,001,2025-10-09_09h45.50.592,Study_5_PsychoPy_Experiment,2024.1.5,NA,2025-10-09 09h46.02.245236 +0100
Knowledge,Neg,FALSE,N,NB-TB-K,T_NB,PsychoPyStudy5Stim/T_NB_3.png,Adam does NOT KNOW there is ONE cube,One,b,h,Y,PropFalse,N,0,31,31,42,208.682951099996,NA,NA,NA,NA,NA,NA,NA,NA,NA,208.6704573999741,2.5530002312734e-4,208.7614670000039,209.1330600000219,209.23319329996593,211.23316549998708,211.63311709999107,211.73562639998272,211.73562639998272,215.6023541999748,h,1,3.8617303000064567,NA,215.6027686999878,215.61626470001647,215.61626470001647,215.61626470001647,215.61626470001647,215.603209999972,NA,NA,NA,NA,NA,NA,NA,NA,NA,NA,026,001,2025-10-09_09h45.50.592,Study_5_PsychoPy_Experiment,2024.1.5,NA,2025-10-09 09h46.02.245236 +0100
Belief,Neg,FALSE,N,TB-K,TT_B,PsychoPyStudy5Stim/TT_B_3.png,Adam does NOT THINK there are TWO cubes,Two,b,h,Y,PropFalse,N,0,32,32,98,215.61626470001647,NA,NA,NA,NA,NA,NA,NA,NA,NA,215.6035018999828,2.2729998454451e-4,215.6915004000184,216.0663152000052,216.16651199996704,218.1663957000128,218.566317699966,218.66874709998956,218.66874709998956,221.43617419997463,h,1,2.7524329000152647,NA,221.4368123000022,221.44965889997547,221.44965889997547,221.44965889997547,221.44965889997547,221.43752159998985,NA,NA,NA,NA,NA,NA,NA,NA,NA,NA,026,001,2025-10-09_09h45.50.592,Study_5_PsychoPy_Experiment,2024.1.5,NA,2025-10-09 09h46.02.245236 +0100
Knowledge,Reg,FALSE,N,FB-Ig,T_B_T,PsychoPyStudy5Stim/T_B_T_3.png,Adam KNOWS there are ZERO cubes,Zero,b,h,N,PropFalse,N,0,33,33,277,221.44965889997547,NA,NA,NA,NA,NA,NA,NA,NA,NA,221.43801370001165,3.8230000063776e-4,221.5355542000034,221.91629309998825,222.01644729997497,224.01644139998825,224.41639019997092,224.51852649997457,224.51852649997457,227.70256080001127,h,1,3.166760799998883,NA,227.70287590002408,227.7162234999705,227.7162234999705,227.7162234999705,227.7162234999705,227.70327320002252,NA,NA,NA,NA,NA,NA,NA,NA,NA,NA,026,001,2025-10-09_09h45.50.592,Study_5_PsychoPy_Experiment,2024.1.5,NA,2025-10-09 09h46.02.245236 +0100
Belief,Reg,TRUE,N,TB-Ig,D_B,PsychoPyStudy5Stim/D_B_D_1.png,Adam THINKS there are ZERO cubes,Zero,h,b,N,-,Y,0,34,34,209,227.7162234999705,NA,NA,NA,NA,NA,NA,NA,NA,NA,227.7036063999985,2.5469996035099e-4,227.80739099998027,228.1829797999817,228.28309749998152,230.28300990001296,230.68310179997937,230.78535459999696,230.78535459999696,233.1863413999672,b,1,2.3959336999687366,NA,233.1870179999969,233.19962640001904,233.19962640001904,233.19962640001904,233.19962640001904,233.1877568999771,NA,NA,NA,NA,NA,NA,NA,NA,NA,NA,026,001,2025-10-09_09h45.50.592,Study_5_PsychoPy_Experiment,2024.1.5,NA,2025-10-09 09h46.02.245236 +0100
Belief,Reg,TRUE,N,TB-K-B,DD_B,PsychoPyStudy5Stim/DD_B_6.png,Adam THINKS there are ZERO cubes,Zero,h,b,N,-,N,0,35,35,231,233.19962640001904,NA,NA,NA,NA,NA,NA,NA,NA,NA,233.1883491000044,4.7400000039488e-4,233.27606860001103,233.64964089996647,233.7497617999907,235.7497225999832,236.14966029999775,236.2519403999904,236.2519403999904,240.4856481999741,b,1,4.216851000033785,NA,240.4859459999716,240.4994791999925,240.4994791999925,240.4994791999925,240.4994791999925,240.48627270001452,NA,NA,NA,NA,NA,NA,NA,NA,NA,NA,026,001,2025-10-09_09h45.50.592,Study_5_PsychoPy_Experiment,2024.1.5,NA,2025-10-09 09h46.02.245236 +0100
Reality,Reg,FALSE,N,TB-Ig,D_B,PsychoPyStudy5Stim/D_B_2.png,"In REALITY, there is ONE cube",One,b,h,N,-,N,0,36,36,204,240.4994791999925,NA,NA,NA,NA,NA,NA,NA,NA,NA,240.48648710001729,1.6880000475794e-4,240.5783924999996,240.9495504000224,241.04967300000135,243.04968070000177,243.44966669997663,243.55194999999367,243.55194999999367,247.5528057999909,h,1,3.9893902000039816,NA,247.5534530999721,247.56617870001355,247.56617870001355,247.56617870001355,247.56617870001355,247.5541845000116,NA,NA,NA,NA,NA,NA,NA,NA,NA,NA,026,001,2025-10-09_09h45.50.592,Study_5_PsychoPy_Experiment,2024.1.5,NA,2025-10-09 09h46.02.245236 +0100
Knowledge,Reg,TRUE,N,TB-K-B,DD_B,PsychoPyStudy5Stim/DD_B_3.png,Adam KNOWS there are ZERO cubes,Zero,h,b,N,-,N,0,37,37,217,247.56617870001355,NA,NA,NA,NA,NA,NA,NA,NA,NA,247.55467649997445,3.8280000444501e-4,247.6426580999978,248.01612169999865,248.11642259999644,250.1164325000136,250.5163373000105,250.61880759999625,250.61880759999625,253.35453459998823,b,1,2.7307300999527797,NA,253.35583159996895,253.36634589999449,253.36634589999449,253.36634589999449,253.36634589999449,253.3572824000148,NA,NA,NA,NA,NA,NA,NA,NA,NA,NA,026,001,2025-10-09_09h45.50.592,Study_5_PsychoPy_Experiment,2024.1.5,NA,2025-10-09 09h46.02.245236 +0100
Knowledge,Neg,FALSE,N,NB-TB-K,T_NB,PsychoPyStudy5Stim/T_NB_5.png,Adam does NOT KNOW there is ONE cube,One,b,h,Y,PropFalse,N,0,38,38,44,253.36634589999449,NA,NA,NA,NA,NA,NA,NA,NA,NA,253.3583317999728,8.2209997344762e-4,253.46784719999417,253.8496316000237,253.94976019999012,255.9497616000008,256.3496847000206,256.45214379997924,256.45214379997924,259.1523223000113,h,1,2.697528700053226,NA,259.15261499996996,259.16606540000066,259.16606540000066,259.16606540000066,259.16606540000066,259.15293089998886,NA,NA,NA,NA,NA,NA,NA,NA,NA,NA,026,001,2025-10-09_09h45.50.592,Study_5_PsychoPy_Experiment,2024.1.5,NA,2025-10-09 09h46.02.245236 +0100
Knowledge,Reg,FALSE,N,FB-Ig,T_B_T,PsychoPyStudy5Stim/T_B_T_8.png,Adam KNOWS there are ZERO cubes,Zero,b,h,N,PropFalse,N,0,39,39,282,259.16606540000066,NA,NA,NA,NA,NA,NA,NA,NA,NA,259.1531426999718,1.6639998648315e-4,259.23834139999235,259.6161779999966,259.71634809998795,261.7163281000103,262.1164047999773,262.2188451999682,262.2188451999682,264.8694350000005,h,1,2.6425215000053868,NA,264.8700876000221,264.88281290000305,264.88281290000305,264.88281290000305,264.88281290000305,264.8707369000185,NA,NA,NA,NA,NA,NA,NA,NA,NA,NA,026,001,2025-10-09_09h45.50.592,Study_5_PsychoPy_Experiment,2024.1.5,NA,2025-10-09 09h46.02.245236 +0100
Belief,Neg,FALSE,N,TB-K,TD_B,PsychoPyStudy5Stim/TD_B_4.png,Adam does NOT THINK there is ONE cube,One,b,h,Y,PropFalse,N,0,40,40,123,264.88281290000305,NA,NA,NA,NA,NA,NA,NA,NA,NA,264.87126019998686,4.1219999548047e-4,264.96518280002056,265.34951919998275,265.4496355999727,267.44959350000136,267.8494898999925,267.951756399998,267.951756399998,270.96969190001255,h,1,3.0049239000072703,NA,270.9704478000058,270.9828073999961,270.9828073999961,270.9828073999961,270.9828073999961,270.9712797999964,NA,NA,NA,NA,NA,NA,NA,NA,NA,NA,026,001,2025-10-09_09h45.50.592,Study_5_PsychoPy_Experiment,2024.1.5,NA,2025-10-09 09h46.02.245236 +0100
Belief,Neg,FALSE,N,TB-K,TD_B,PsychoPyStudy5Stim/TD_B_2.png,Adam does NOT THINK there is ONE cube,One,b,h,Y,PropFalse,N,0,41,41,121,270.9828073999961,NA,NA,NA,NA,NA,NA,NA,NA,NA,270.9718793000211,4.6489998931065e-4,271.07571459998144,271.449458899966,271.5495727999951,273.54957929998636,273.94953839998925,274.0519327999791,274.0519327999791,282.6859612999833,b,0,8.61758949997602,NA,282.68655889999354,282.69936739996774,282.69936739996774,282.69936739996774,282.69936739996774,282.6871657000156,NA,NA,NA,NA,NA,NA,NA,NA,NA,NA,026,001,2025-10-09_09h45.50.592,Study_5_PsychoPy_Experiment,2024.1.5,NA,2025-10-09 09h46.02.245236 +0100
Reality,Reg,TRUE,N,NB-TB-K,D_NB,PsychoPyStudy5Stim/D_NB_4.png,"In REALITY, there are ZERO cubes",Zero,h,b,N,-,N,0,42,42,137,282.69936739996774,NA,NA,NA,NA,NA,NA,NA,NA,NA,282.68767680000747,4.1429995326325e-4,282.7795332999667,283.1495124999783,283.2495568000013,285.24963590002153,285.64958069997374,285.75174649996916,285.75174649996916,288.1527524999692,b,1,2.3975372000131756,NA,288.1533862000215,288.1660439000116,288.1660439000116,288.1660439000116,288.1660439000116,288.15407479996793,NA,NA,NA,NA,NA,NA,NA,NA,NA,NA,026,001,2025-10-09_09h45.50.592,Study_5_PsychoPy_Experiment,2024.1.5,NA,2025-10-09 09h46.02.245236 +0100
Reality,Reg,FALSE,N,NB-TB-K,D_NB,PsychoPyStudy5Stim/D_NB_8.png,"In REALITY, there are TWO cubes",Two,b,h,N,PropFalse,N,0,43,43,139,288.1660439000116,NA,NA,NA,NA,NA,NA,NA,NA,NA,288.15456499997526,3.7979998160153e-4,288.23941119998926,288.6160964000155,288.71596110000974,290.71610050002346,291.11620639998,291.218660500017,291.218660500017,292.1360088000074,h,1,0.9068444999866188,NA,292.1366402999847,292.1494245000067,292.1494245000067,292.1494245000067,292.1494245000067,292.137307099998,NA,NA,NA,NA,NA,NA,NA,NA,NA,NA,026,001,2025-10-09_09h45.50.592,Study_5_PsychoPy_Experiment,2024.1.5,NA,2025-10-09 09h46.02.245236 +0100
Knowledge,Neg,TRUE,N,TB-K,TT_B,PsychoPyStudy5Stim/TT_B_4.png,Adam does NOT KNOW there is ONE cube,One,h,b,Y,-,N,0,44,44,83,292.1494245000067,NA,NA,NA,NA,NA,NA,NA,NA,NA,292.1378522000159,3.9330002618953e-4,292.2230985999922,292.5993979999912,292.699534400017,294.6996097000083,295.09953449998284,295.20183099998394,295.20183099998394,296.38616290001664,h,0,1.1710012999828905,NA,296.3868735000142,296.3994071999914,296.3994071999914,296.3994071999914,296.3994071999914,296.38759930001106,NA,NA,NA,NA,NA,NA,NA,NA,NA,NA,026,001,2025-10-09_09h45.50.592,Study_5_PsychoPy_Experiment,2024.1.5,NA,2025-10-09 09h46.02.245236 +0100
Knowledge,Reg,FALSE,N,FB-Ig,D_B_T,PsychoPyStudy5Stim/D_B_T_1.png,Adam KNOWS there are TWO cubes,Two,b,h,N,PropFalse,N,0,45,45,291,296.3994071999914,NA,NA,NA,NA,NA,NA,NA,NA,NA,296.3881656000158,4.1329994564875e-4,296.48583620000863,296.86609189998126,296.96623839996755,298.9659682000056,299.3659693999798,299.4682042999775,299.4682042999775,300.3365777999861,h,1,0.8646551999845542,NA,300.3373995000147,300.34940900001675,300.34940900001675,300.34940900001675,300.34940900001675,300.3382840999984,NA,NA,NA,NA,NA,NA,NA,NA,NA,NA,026,001,2025-10-09_09h45.50.592,Study_5_PsychoPy_Experiment,2024.1.5,NA,2025-10-09 09h46.02.245236 +0100
Reality,Reg,FALSE,N,NB-TB-K,TT_NB,PsychoPyStudy5Stim/TT_NB_4.png,"In REALITY, there is ONE cube",One,b,h,N,PropFalse,N,0,46,46,196,300.34940900001675,NA,NA,NA,NA,NA,NA,NA,NA,NA,300.3389316999819,5.0039996858686e-4,300.4234043000033,300.79940620000707,300.8994293999858,302.8994026000146,303.2994018999743,303.40172449999955,303.40172449999955,304.7856313000084,h,1,1.3802753000054508,NA,304.786137899966,304.79928829998244,304.79928829998244,304.79928829998244,304.79928829998244,304.7866894999752,NA,NA,NA,NA,NA,NA,NA,NA,NA,NA,026,001,2025-10-09_09h45.50.592,Study_5_PsychoPy_Experiment,2024.1.5,NA,2025-10-09 09h46.02.245236 +0100
Belief,Reg,FALSE,N,FB-Ig,D_B_T,PsychoPyStudy5Stim/D_B_T_1.png,Adam THINKS there are TWO cubes,Two,b,h,N,PropFalse,N,0,47,47,299,304.79928829998244,NA,NA,NA,NA,NA,NA,NA,NA,NA,304.787069300015,2.9369996627792e-4,304.88081449997844,305.2661531000049,305.3662611999898,307.3661510000238,307.76612569997087,307.8684279000154,307.8684279000154,310.0862544999691,h,1,2.21620670001721,NA,310.0869263000204,310.09933679999085,310.09933679999085,310.09933679999085,310.09933679999085,310.0876621999778,NA,NA,NA,NA,NA,NA,NA,NA,NA,NA,026,001,2025-10-09_09h45.50.592,Study_5_PsychoPy_Experiment,2024.1.5,NA,2025-10-09 09h46.02.245236 +0100
Reality,Reg,TRUE,N,NB-TB-K,T_NB,PsychoPyStudy5Stim/T_NB_5.png,"In REALITY, there is ONE cube",One,h,b,N,-,N,0,48,48,144,310.09933679999085,NA,NA,NA,NA,NA,NA,NA,NA,NA,310.088186900015,4.0669995360076e-4,310.1710407999926,310.5492060999968,310.6495835999958,312.6494669999811,313.0493213000009,313.1516006999882,313.1516006999882,314.4193184999749,b,1,1.2617556999903172,NA,314.42003839998506,314.43263709999155,314.43263709999155,314.43263709999155,314.43263709999155,314.4207730999915,NA,NA,NA,NA,NA,NA,NA,NA,NA,NA,026,001,2025-10-09_09h45.50.592,Study_5_PsychoPy_Experiment,2024.1.5,NA,2025-10-09 09h46.02.245236 +0100
Reality,Reg,FALSE,N,TB-Ig,D_B,PsychoPyStudy5Stim/D_B_3.png,"In REALTY, there are TWO cubes",Two,b,h,N,-,N,0,49,49,205,314.43263709999155,NA,NA,NA,NA,NA,NA,NA,NA,NA,314.4213705000002,4.7189998440444e-4,314.5057935999939,314.88278129999526,314.98285719996784,316.98260079999454,317.3827474999707,317.4850359999691,317.4850359999691,318.0522588000167,h,1,0.560272199974861,NA,318.05282789998455,318.0659311999916,318.0659311999916,318.0659311999916,318.0659311999916,318.053456499998,NA,NA,NA,NA,NA,NA,NA,NA,NA,NA,026,001,2025-10-09_09h45.50.592,Study_5_PsychoPy_Experiment,2024.1.5,NA,2025-10-09 09h46.02.245236 +0100
Knowledge,Reg,FALSE,N,NB-TB-K,DD_NB,PsychoPyStudy5Stim/DD_NB_8.png,Adam KNOWS there is ONE cube,One,b,h,N,PropFalse,N,0,50,50,156,318.0659311999916,NA,NA,NA,NA,NA,NA,NA,NA,NA,318.0538947000168,3.4179998328909e-4,318.1532718000235,318.5326205000165,318.63276970002335,320.63283879996743,321.0325032999972,321.13534350000555,321.13534350000555,322.3023099999991,h,1,1.1574293000157925,NA,322.3028750999947,322.31586410000455,322.31586410000455,322.31586410000455,322.31586410000455,322.3034969000146,NA,NA,NA,NA,NA,NA,NA,NA,NA,NA,026,001,2025-10-09_09h45.50.592,Study_5_PsychoPy_Experiment,2024.1.5,NA,2025-10-09 09h46.02.245236 +0100
Knowledge,Reg,FALSE,N,FB-Ig,T_B_T,PsychoPyStudy5Stim/T_B_T_5.png,Adam KNOWS there are ZERO cubes,Zero,b,h,N,PropFalse,N,0,51,51,279,322.31586410000455,NA,NA,NA,NA,NA,NA,NA,NA,NA,322.30393140000524,3.3670000266283e-4,322.39190679998137,322.7660270999768,322.8661720000091,324.8661070999806,325.26600359997246,325.36827659996925,325.36827659996925,327.71976900001755,h,1,2.3409120999858715,NA,327.72063990001334,327.7325853999937,327.7325853999937,327.7325853999937,327.7325853999937,327.7215987999807,NA,NA,NA,NA,NA,NA,NA,NA,NA,NA,026,001,2025-10-09_09h45.50.592,Study_5_PsychoPy_Experiment,2024.1.5,NA,2025-10-09 09h46.02.245236 +0100
Belief,Neg,TRUE,N,TB-K,TT_B,PsychoPyStudy5Stim/TT_B_2.png,Adam does NOT THINK there is ONE cube,One,h,b,Y,-,N,0,52,52,85,327.7325853999937,NA,NA,NA,NA,NA,NA,NA,NA,NA,327.7222976000048,5.5080000311136e-4,327.8148212999804,328.1992738000117,328.2994718999835,330.29944819997763,330.6993408999988,330.80168849998154,330.80168849998154,336.13568419998046,h,0,5.323572100023739,NA,336.13619910000125,336.1491466999869,336.1491466999869,336.1491466999869,336.1491466999869,336.1367597000208,NA,NA,NA,NA,NA,NA,NA,NA,NA,NA,026,001,2025-10-09_09h45.50.592,Study_5_PsychoPy_Experiment,2024.1.5,NA,2025-10-09 09h46.02.245236 +0100
Knowledge,Neg,FALSE,N,NB-TB-K,TT_NB,PsychoPyStudy5Stim/TT_NB_2.png,Adam does NOT KNOW there are TWO cubes,Two,b,h,Y,PropFalse,N,0,53,53,65,336.1491466999869,NA,NA,NA,NA,NA,NA,NA,NA,NA,336.13714860001346,3.0140002490952e-4,336.21981939999387,336.59935049997875,336.6992634999915,338.6994073999813,339.09934090002207,339.20167570002377,339.20167570002377,342.0855128999683,h,1,2.866844600008335,NA,342.0860430999892,342.0991674999823,342.0991674999823,342.0991674999823,342.0991674999823,342.08657099999255,NA,NA,NA,NA,NA,NA,NA,NA,NA,NA,026,001,2025-10-09_09h45.50.592,Study_5_PsychoPy_Experiment,2024.1.5,NA,2025-10-09 09h46.02.245236 +0100
Knowledge,Neg,FALSE,N,TB-K,TD_B,PsychoPyStudy5Stim/TD_B_6.png,Adam does NOT KNOW there is ONE cube,One,b,h,Y,PropFalse,N,0,54,54,117,342.0991674999823,NA,NA,NA,NA,NA,NA,NA,NA,NA,342.0869703000062,3.1009997474029e-4,342.1793709999765,342.5492291999981,342.64941509999335,344.64941100002034,345.0493062000023,345.1514825000195,345.1514825000195,351.00166289997287,h,1,5.837577800033614,NA,351.00198870000895,351.0157497000182,351.0157497000182,351.0157497000182,351.0157497000182,351.0023239000002,NA,NA,NA,NA,NA,NA,NA,NA,NA,NA,026,001,2025-10-09_09h45.50.592,Study_5_PsychoPy_Experiment,2024.1.5,NA,2025-10-09 09h46.02.245236 +0100
Knowledge,Neg,FALSE,N,NB-TB-K,TT_NB,PsychoPyStudy5Stim/TT_NB_7.png,Adam does NOT KNOW there are TWO cubes,Two,b,h,Y,PropFalse,N,0,55,55,70,351.0157497000182,NA,NA,NA,NA,NA,NA,NA,NA,NA,351.0025501999771,1.7790001584216e-4,351.0927950000041,351.46578279999085,351.565853099979,353.56606230000034,353.9660156000173,354.0682214999688,354.0682214999688,355.7851876000059,h,1,1.7048262999742292,NA,355.7855204999796,355.7990926000057,355.7990926000057,355.7990926000057,355.7990926000057,355.78587119997246,NA,NA,NA,NA,NA,NA,NA,NA,NA,NA,026,001,2025-10-09_09h45.50.592,Study_5_PsychoPy_Experiment,2024.1.5,NA,2025-10-09 09h46.02.245236 +0100
Knowledge,Neg,FALSE,N,TB-K,TD_B,PsychoPyStudy5Stim/TD_B_4.png,Adam does NOT KNOW there is ONE cube,One,b,h,Y,PropFalse,N,0,56,56,115,355.7990926000057,NA,NA,NA,NA,NA,NA,NA,NA,NA,355.78609940002207,1.7879996448755e-4,355.8716197999893,356.2491912000114,356.3493285999866,358.34924959996715,358.7493026999873,358.85138999996707,358.85138999996707,363.4692030000151,h,1,4.601322699978482,NA,363.4698808999965,363.48249650001526,363.48249650001526,363.48249650001526,363.48249650001526,363.47054180002306,NA,NA,NA,NA,NA,NA,NA,NA,NA,NA,026,001,2025-10-09_09h45.50.592,Study_5_PsychoPy_Experiment,2024.1.5,NA,2025-10-09 09h46.02.245236 +0100
Reality,Reg,FALSE,N,NB-TB-K,DD_NB,PsychoPyStudy5Stim/DD_NB_5.png,"In REALITY, there is ONE cube",One,b,h,N,PropFalse,N,0,57,57,161,363.48249650001526,NA,NA,NA,NA,NA,NA,NA,NA,NA,363.4710634999792,3.8489996222779e-4,363.56234639999457,363.9323748999741,364.03245140000945,366.0324597000144,366.4325867000152,366.5348197999992,366.5348197999992,367.91909069998655,h,1,1.3822245000046678,NA,367.9198505000095,367.93247639999026,367.93247639999026,367.93247639999026,367.93247639999026,367.920566899993,NA,NA,NA,NA,NA,NA,NA,NA,NA,NA,026,001,2025-10-09_09h45.50.592,Study_5_PsychoPy_Experiment,2024.1.5,NA,2025-10-09 09h46.02.245236 +0100
Belief,Neg,TRUE,N,NB-TB-K,T_NB,PsychoPyStudy5Stim/T_NB_1.png,Adam does NOT THINK there are TWO cubes,Two,h,b,Y,-,N,0,58,58,36,367.93247639999026,NA,NA,NA,NA,NA,NA,NA,NA,NA,367.92113309999695,4.1300000157207e-4,368.0225398999755,368.39914449997013,368.4993379000225,370.4993142000166,370.8991589000216,371.001382699993,371.001382699993,374.0684042000212,h,0,3.0586740999715403,NA,374.06869899999583,374.0823456000071,374.0823456000071,374.0823456000071,374.0823456000071,374.0690204999992,NA,NA,NA,NA,NA,NA,NA,NA,NA,NA,026,001,2025-10-09_09h45.50.592,Study_5_PsychoPy_Experiment,2024.1.5,NA,2025-10-09 09h46.02.245236 +0100
Belief,Reg,TRUE,N,TB-K-B,DD_B,PsychoPyStudy5Stim/DD_B_2.png,Adam THINKS there are ZERO cubes,Zero,h,b,N,-,N,0,59,59,227,374.0823456000071,NA,NA,NA,NA,NA,NA,NA,NA,NA,374.0692290000152,1.6530003631487e-4,374.15716270002304,374.5324234999716,374.6325723999762,376.6325468000141,377.0325553999865,377.1347671999829,377.1347671999829,378.5192640000023,b,1,1.3818758000270464,NA,378.5199921000167,378.5324073000229,378.5324073000229,378.5324073000229,378.5324073000229,378.52070749999257,NA,NA,NA,NA,NA,NA,NA,NA,NA,NA,026,001,2025-10-09_09h45.50.592,Study_5_PsychoPy_Experiment,2024.1.5,NA,2025-10-09 09h46.02.245236 +0100
Belief,Reg,FALSE,N,TB-K-B,TD_B,PsychoPyStudy5Stim/TD_B_5.png,Adam THINKS there are ZERO cubes,Zero,b,h,N,PropFalse,N,0,60,60,267,378.5324073000229,NA,NA,NA,NA,NA,NA,NA,NA,NA,378.5212411999819,4.1149999015033e-4,378.6147160999826,378.9991464000195,379.09927160001826,381.0993801999721,381.4990263999789,381.6017202999792,381.6017202999792,385.88563089998206,h,1,4.275309799995739,NA,385.88627700001234,385.89902620000066,385.89902620000066,385.89902620000066,385.89902620000066,385.8869097999995,NA,NA,NA,NA,NA,NA,NA,NA,NA,NA,026,001,2025-10-09_09h45.50.592,Study_5_PsychoPy_Experiment,2024.1.5,NA,2025-10-09 09h46.02.245236 +0100
Knowledge,Reg,FALSE,N,FB-Ig,B_T,PsychoPyStudy5Stim/B_T_5.png,Adam KNOWS there are ZERO cubes,Zero,b,h,N,PropTrueNoKnow,Y,0,61,61,311,385.89902620000066,NA,NA,NA,NA,NA,NA,NA,NA,NA,385.88740860001417,3.6659999750554e-4,385.98461779998615,386.3655168999685,386.465992500016,388.4658037999762,388.86574470001506,388.9680355999735,388.9680355999735,395.402044699993,h,1,6.420804399996996,NA,395.4025427000015,395.41561500000535,395.41561500000535,395.41561500000535,395.41561500000535,395.4030864000088,NA,NA,NA,NA,NA,NA,NA,NA,NA,NA,026,001,2025-10-09_09h45.50.592,Study_5_PsychoPy_Experiment,2024.1.5,NA,2025-10-09 09h46.02.245236 +0100
Belief,Reg,FALSE,N,FB-Ig,D_B_T,PsychoPyStudy5Stim/D_B_T_8.png,Adam THINKS there are TWO cubes,Two,b,h,N,PropFalse,N,0,62,62,306,395.41561500000535,NA,NA,NA,NA,NA,NA,NA,NA,NA,395.4034658999881,2.9510003514587e-4,395.5009640000062,395.88231640000595,395.9825106000062,397.9825197000173,398.3824487999664,398.48499919997994,398.48499919997994,399.7853745999746,h,1,1.2967443999950774,NA,399.7858771000174,399.7989490000182,399.7989490000182,399.7989490000182,399.7989490000182,399.7863881000085,NA,NA,NA,NA,NA,NA,NA,NA,NA,NA,026,001,2025-10-09_09h45.50.592,Study_5_PsychoPy_Experiment,2024.1.5,NA,2025-10-09 09h46.02.245236 +0100
Belief,Reg,FALSE,N,FB-Ig,T_B_T,PsychoPyStudy5Stim/T_B_T_3.png,Adam THINKS there are ZERO cubes,Zero,b,h,N,PropFalse,N,0,63,63,285,399.7989490000182,NA,NA,NA,NA,NA,NA,NA,NA,NA,399.78676689998247,2.9360002372413e-4,399.88287319999654,400.2656941000023,400.3658025999903,402.3658452000236,402.76573579997057,402.86807189998217,402.86807189998217,405.48540180001874,h,1,2.608524000039324,NA,405.486022899975,405.49897509999573,405.49897509999573,405.49897509999573,405.49897509999573,405.48671269998886,NA,NA,NA,NA,NA,NA,NA,NA,NA,NA,026,001,2025-10-09_09h45.50.592,Study_5_PsychoPy_Experiment,2024.1.5,NA,2025-10-09 09h46.02.245236 +0100
Belief,Reg,TRUE,N,TB-K-B,TD_B,PsychoPyStudy5Stim/TD_B_7.png,Adam THINKS there is ONE cube,One,h,b,N,-,N,0,64,64,261,405.49897509999573,NA,NA,NA,NA,NA,NA,NA,NA,NA,405.4871989999665,3.7850002991035e-4,405.5773475000169,405.948992599966,406.04917339998065,408.04899819998536,408.4490272999974,408.55126390000805,408.55126390000805,409.8037200999679,b,1,1.2463058000430465,NA,409.80500579997897,409.81577819999075,409.81577819999075,409.81577819999075,409.81577819999075,409.8063777000061,NA,NA,NA,NA,NA,NA,NA,NA,NA,NA,026,001,2025-10-09_09h45.50.592,Study_5_PsychoPy_Experiment,2024.1.5,NA,2025-10-09 09h46.02.245236 +0100
Belief,Neg,TRUE,Y,FB-Ig,T_B_T,PsychoPyStudy5Stim/T_B_T_6.png,Adam does NOT THINK there are TWO cubes,Two,h,b,Y,-,N,0,65,65,21,409.81577819999075,NA,NA,NA,NA,NA,NA,NA,NA,NA,409.8074063999811,8.0139999045059e-4,409.90805029997136,410.2823460000218,410.38245139998617,412.38237180002034,412.7823323999765,412.8846152999904,412.8846152999904,415.1353492999915,b,1,2.240203399967868,NA,415.13591110002017,415.1488992000231,415.1488992000231,415.1488992000231,415.1488992000231,415.1365245999768,NA,NA,NA,NA,NA,NA,NA,NA,NA,NA,026,001,2025-10-09_09h45.50.592,Study_5_PsychoPy_Experiment,2024.1.5,NA,2025-10-09 09h46.02.245236 +0100
Belief,Neg,TRUE,Y,FB-Ig,D_B_T,PsychoPyStudy5Stim/D_B_T_3.png,Adam does NOT THINK there is ONE cube,One,h,b,Y,-,N,0,66,66,26,415.1488992000231,NA,NA,NA,NA,NA,NA,NA,NA,NA,415.13695770001505,3.3730000723153e-4,415.2311564999982,415.61559980001766,415.7158021000214,417.7156675999868,418.1155061000027,418.217891999986,418.217891999986,422.8360198999871,b,1,4.602352000016253,NA,422.8368981999811,422.8489599999739,422.8489599999739,422.8489599999739,422.8489599999739,422.8377858999884,NA,NA,NA,NA,NA,NA,NA,NA,NA,NA,026,001,2025-10-09_09h45.50.592,Study_5_PsychoPy_Experiment,2024.1.5,NA,2025-10-09 09h46.02.245236 +0100
Knowledge,Reg,TRUE,N,NB-TB-K,DD_NB,PsychoPyStudy5Stim/DD_NB_2.png,Adam KNOWS there are ZERO cubes,Zero,h,b,N,-,N,0,67,67,148,422.8489599999739,NA,NA,NA,NA,NA,NA,NA,NA,NA,422.83848430000944,5.4850004380568e-4,422.9466938999831,423.3322143999976,423.43239029997494,425.4323785000015,425.8324493999826,425.9346555999946,425.9346555999946,427.11999069998274,b,1,1.1817053999984637,NA,427.1211044000229,427.1323256000178,427.1323256000178,427.1323256000178,427.1323256000178,427.1223286999739,NA,NA,NA,NA,NA,NA,NA,NA,NA,NA,026,001,2025-10-09_09h45.50.592,Study_5_PsychoPy_Experiment,2024.1.5,NA,2025-10-09 09h46.02.245236 +0100
Reality,Reg,TRUE,N,NB-TB-K,DT_NB,PsychoPyStudy5Stim/TD_NB_2.png,"In REALITY, there is ONE cube",One,h,b,N,-,N,0,68,68,168,427.1323256000178,NA,NA,NA,NA,NA,NA,NA,NA,NA,427.1232143000234,6.8699999246746e-4,427.2210754000116,427.5987018999877,427.6988151000114,429.6989944999805,430.0989828999736,430.20119739999063,430.20119739999063,431.0185679999995,b,1,0.8118488999898545,NA,431.01914039999247,431.0321449000039,431.0321449000039,431.0321449000039,431.0321449000039,431.0197543000104,NA,NA,NA,NA,NA,NA,NA,NA,NA,NA,026,001,2025-10-09_09h45.50.592,Study_5_PsychoPy_Experiment,2024.1.5,NA,2025-10-09 09h46.02.245236 +0100
Belief,Neg,TRUE,Y,FB-Ig,T_B_T,PsychoPyStudy5Stim/T_B_T_3.png,Adam does NOT THINK there are TWO cubes,Two,h,b,Y,-,N,0,69,69,18,431.0321449000039,NA,NA,NA,NA,NA,NA,NA,NA,NA,431.02018779999344,3.3780001103878e-4,431.10480630001985,431.4822712999885,431.5823265999789,433.5824099999736,433.9823238999816,434.0845085000037,434.0845085000037,435.68528159998823,b,1,1.5840010999818332,NA,435.68588619999355,435.6988902000012,435.6988902000012,435.6988902000012,435.6988902000012,435.68651199998567,NA,NA,NA,NA,NA,NA,NA,NA,NA,NA,026,001,2025-10-09_09h45.50.592,Study_5_PsychoPy_Experiment,2024.1.5,NA,2025-10-09 09h46.02.245236 +0100
Belief,Neg,TRUE,Y,FB-Ig,T_B_T,PsychoPyStudy5Stim/T_B_T_2.png,Adam does NOT THINK there are TWO cubes,Two,h,b,Y,-,N,0,70,70,17,435.6988902000012,NA,NA,NA,NA,NA,NA,NA,NA,NA,435.6869726000005,3.5589997423812e-4,435.78247259999625,436.1655224999995,436.265733200009,438.26566500001354,438.665683500003,438.7679912999738,438.7679912999738,441.6354450000217,b,1,2.8523801999981515,NA,441.6361165000126,441.6488826000132,441.6488826000132,441.6488826000132,441.6488826000132,441.6368261000025,NA,NA,NA,NA,NA,NA,NA,NA,NA,NA,026,001,2025-10-09_09h45.50.592,Study_5_PsychoPy_Experiment,2024.1.5,NA,2025-10-09 09h46.02.245236 +0100
Knowledge,Reg,FALSE,N,FB-Ig,D_B_T,PsychoPyStudy5Stim/D_B_T_7.png,Adam KNOWS there are TWO cubes,Two,b,h,N,PropFalse,N,0,71,71,297,441.6488826000132,NA,NA,NA,NA,NA,NA,NA,NA,NA,441.6373852000106,4.4109998270869e-4,441.7392289999989,442.11528129997896,442.2154208999709,444.2156098000123,444.6156765000196,444.71787980000954,444.71787980000954,446.0186893999926,h,1,1.2949031999451108,NA,446.019330399984,446.0321969999932,446.0321969999932,446.0321969999932,446.0321969999932,446.02000670001144,NA,NA,NA,NA,NA,NA,NA,NA,NA,NA,026,001,2025-10-09_09h45.50.592,Study_5_PsychoPy_Experiment,2024.1.5,NA,2025-10-09 09h46.02.245236 +0100
Belief,Reg,TRUE,N,TB-K-B,DD_B,PsychoPyStudy5Stim/DD_B_8.png,Adam THINKS there are ZERO cubes,Zero,h,b,N,-,N,0,72,72,233,446.0321969999932,NA,NA,NA,NA,NA,NA,NA,NA,NA,446.020503000007,3.838000120595e-4,446.11407900002087,446.4989064999973,446.599008899997,448.5989889000193,448.99900840001646,449.1012708999915,449.1012708999915,451.2689689999679,b,1,2.151031899964437,NA,451.26963930000784,451.2821208999958,451.2821208999958,451.2821208999958,451.2821208999958,451.2703515000176,NA,NA,NA,NA,NA,NA,NA,NA,NA,NA,026,001,2025-10-09_09h45.50.592,Study_5_PsychoPy_Experiment,2024.1.5,NA,2025-10-09 09h46.02.245236 +0100
Belief,Neg,FALSE,N,TB-K,TT_B,PsychoPyStudy5Stim/TT_B_5.png,Adam does NOT THINK there are TWO cubes,Two,b,h,Y,PropFalse,N,0,73,73,100,451.2821208999958,NA,NA,NA,NA,NA,NA,NA,NA,NA,451.270871500019,4.0339998668059e-4,451.3670088999788,451.7488436999847,451.84905119996984,453.8490185000119,454.24893750000047,454.3511664000107,454.3511664000107,458.7020300999866,b,0,4.341303699999116,NA,458.7026809999952,458.7154152999865,458.7154152999865,458.7154152999865,458.7154152999865,458.70329580002,NA,NA,NA,NA,NA,NA,NA,NA,NA,NA,026,001,2025-10-09_09h45.50.592,Study_5_PsychoPy_Experiment,2024.1.5,NA,2025-10-09 09h46.02.245236 +0100
Belief,Neg,TRUE,Y,FB-Ig,T_B_T,PsychoPyStudy5Stim/T_B_T_1.png,Adam does NOT THINK there are TWO cubes,Two,h,b,Y,-,N,0,74,74,16,458.7154152999865,NA,NA,NA,NA,NA,NA,NA,NA,NA,458.703764099977,3.4410000080242e-4,458.7899312999798,459.1655313000083,459.26564009999856,461.265660199977,461.6655779000139,461.76821190002374,461.76821190002374,467.06876389996614,b,1,5.283583299955353,NA,467.0694687999785,467.0820956999669,467.0820956999669,467.0820956999669,467.0820956999669,467.0701962999883,NA,NA,NA,NA,NA,NA,NA,NA,NA,NA,026,001,2025-10-09_09h45.50.592,Study_5_PsychoPy_Experiment,2024.1.5,NA,2025-10-09 09h46.02.245236 +0100
Knowledge,Reg,TRUE,N,NB-TB-K,D_NB,PsychoPyStudy5Stim/D_NB_1.png,Adam KNOWS there are ZERO cubes,Zero,h,b,N,-,N,0,75,75,128,467.0820956999669,NA,NA,NA,NA,NA,NA,NA,NA,NA,467.0707139999722,4.0040002204477e-4,467.175269600004,467.5487790000043,467.6488383999677,469.6489741000114,470.0489062999841,470.1511339999852,470.1511339999852,472.7186057000072,b,1,2.5576845000032336,NA,472.7192661999725,472.7319994000136,472.7319994000136,472.7319994000136,472.7319994000136,472.71994029998314,NA,NA,NA,NA,NA,NA,NA,NA,NA,NA,026,001,2025-10-09_09h45.50.592,Study_5_PsychoPy_Experiment,2024.1.5,NA,2025-10-09 09h46.02.245236 +0100
Belief,Reg,TRUE,N,FB-Ig,B_TT,PsychoPyStudy5Stim/B_TT_1.png,Adam THINKS there are ZERO cubes,Zero,h,b,N,-,Y,0,76,76,326,472.7319994000136,NA,NA,NA,NA,NA,NA,NA,NA,NA,472.72043320001103,3.8230000063776e-4,472.82231149997097,473.1987578999833,473.2988774999976,475.2988781000022,475.6987801999785,475.8011497000116,475.8011497000116,476.7855128999799,b,1,0.9792400000151248,NA,476.78620580001734,476.79876739997417,476.79876739997417,476.79876739997417,476.79876739997417,476.7869520999957,NA,NA,NA,NA,NA,NA,NA,NA,NA,NA,026,001,2025-10-09_09h45.50.592,Study_5_PsychoPy_Experiment,2024.1.5,NA,2025-10-09 09h46.02.245236 +0100
Knowledge,Neg,TRUE,N,TB-K,TT_B,PsychoPyStudy5Stim/TT_B_1.png,Adam does NOT KNOW there is ONE cube,One,h,b,Y,-,N,0,77,77,80,476.79876739997417,NA,NA,NA,NA,NA,NA,NA,NA,NA,476.7875231999787,4.5170000521466e-4,476.8876456000144,477.2654268000042,477.3654048999888,479.3655684000114,479.7654959000065,479.86770970001817,479.86770970001817,480.7518583000055,h,0,0.8811765999998897,NA,480.7523611999932,480.76533919997746,480.76533919997746,480.76533919997746,480.76533919997746,480.7529445000109,NA,NA,NA,NA,NA,NA,NA,NA,NA,NA,026,001,2025-10-09_09h45.50.592,Study_5_PsychoPy_Experiment,2024.1.5,NA,2025-10-09 09h46.02.245236 +0100
Belief,Reg,TRUE,N,FB-Ig,B_TT,PsychoPyStudy5Stim/B_TT_2.png,Adam THINKS there are ZERO cubes,Zero,h,b,N,-,Y,0,78,78,327,480.76533919997746,NA,NA,NA,NA,NA,NA,NA,NA,NA,480.7533284999663,2.9900000663474e-4,480.85801369999535,481.2320797999855,481.3322042999789,483.3320802999661,483.7322107999935,483.8343857,483.8343857,486.7020224999869,b,1,2.8508144000079483,NA,486.7027224000194,486.7153368999716,486.7153368999716,486.7153368999716,486.7153368999716,486.70343509997474,NA,NA,NA,NA,NA,NA,NA,NA,NA,NA,026,001,2025-10-09_09h45.50.592,Study_5_PsychoPy_Experiment,2024.1.5,NA,2025-10-09 09h46.02.245236 +0100
Knowledge,Reg,FALSE,N,FB-Ig,T_B_T,PsychoPyStudy5Stim/T_B_T_6.png,Adam KNOWS there are ZERO cubes,Zero,b,h,N,PropFalse,N,0,79,79,280,486.7153368999716,NA,NA,NA,NA,NA,NA,NA,NA,NA,486.7039629999781,4.0929997339844e-4,486.8050878000213,487.1820718999952,487.2821728999843,489.28216210001847,489.68211320001865,489.78436990000773,489.78436990000773,493.9354317999678,h,1,4.148339300008956,NA,493.936075399979,493.948655300017,493.948655300017,493.948655300017,493.948655300017,493.9367529000155,NA,NA,NA,NA,NA,NA,NA,NA,NA,NA,026,001,2025-10-09_09h45.50.592,Study_5_PsychoPy_Experiment,2024.1.5,NA,2025-10-09 09h46.02.245236 +0100
Belief,Neg,FALSE,N,TB-K,TD_B,PsychoPyStudy5Stim/TD_B_6.png,Adam does NOT THINK there is ONE cube,One,b,h,Y,PropFalse,N,0,80,80,125,493.948655300017,NA,NA,NA,NA,NA,NA,NA,NA,NA,493.93724190001376,3.8030004361644e-4,494.0342569000204,494.41537639999297,494.51550899998983,496.5153821000131,496.9154235000024,497.0176629999769,497.0176629999769,502.63481259997934,h,1,5.610362700012047,NA,502.635140999977,502.64848580001853,502.64848580001853,502.64848580001853,502.64848580001853,502.63546720001614,NA,NA,NA,NA,NA,NA,NA,NA,NA,NA,026,001,2025-10-09_09h45.50.592,Study_5_PsychoPy_Experiment,2024.1.5,NA,2025-10-09 09h46.02.245236 +0100
Knowledge,Neg,FALSE,N,NB-TB-K,TT_NB,PsychoPyStudy5Stim/TT_NB_5.png,Adam does NOT KNOW there are TWO cubes,Two,b,h,Y,PropFalse,N,0,81,81,68,502.64848580001853,NA,NA,NA,NA,NA,NA,NA,NA,NA,502.6356912999763,1.7640000442042e-4,502.7316606999957,503.11534650000976,503.2156329000136,505.21551579999505,505.61546270002145,505.7177205000189,505.7177205000189,510.3345539000002,h,1,4.6143677000072785,NA,510.3348496999824,510.34853139996994,510.34853139996994,510.34853139996994,510.34853139996994,510.33516740001505,NA,NA,NA,NA,NA,NA,NA,NA,NA,NA,026,001,2025-10-09_09h45.50.592,Study_5_PsychoPy_Experiment,2024.1.5,NA,2025-10-09 09h46.02.245236 +0100
Knowledge,Neg,TRUE,Y,FB-Ig,D_B_T,PsychoPyStudy5Stim/D_B_T_8.png,Adam does NOT KNOW there is ONE cube,One,h,b,Y,-,N,0,82,82,15,510.34853139996994,NA,NA,NA,NA,NA,NA,NA,NA,NA,510.3353759999736,1.6419996973127e-4,510.42098330002045,510.79854310001247,510.8988371000159,512.8987364000059,513.2987941000029,513.4011034999858,513.4011034999858,515.6019907000009,b,1,2.1949443999910727,NA,515.6027236999944,515.6152322000125,515.6152322000125,515.6152322000125,515.6152322000125,515.6034712999826,NA,NA,NA,NA,NA,NA,NA,NA,NA,NA,026,001,2025-10-09_09h45.50.592,Study_5_PsychoPy_Experiment,2024.1.5,NA,2025-10-09 09h46.02.245236 +0100
Belief,Neg,FALSE,N,TB-K,TD_B,PsychoPyStudy5Stim/TD_B_3.png,Adam does NOT THINK there is ONE cube,One,b,h,Y,PropFalse,N,0,83,83,122,515.6152322000125,NA,NA,NA,NA,NA,NA,NA,NA,NA,515.6040724000195,4.7470000572502e-4,515.69250309997,516.0653745000018,516.1655359999859,518.165385500004,518.5653604000108,518.6677397000021,518.6677397000021,520.6849006999983,h,1,2.000951099966187,NA,520.6853948999778,520.7009700000053,NA,520.7009700000053,NA,534.6341264999937,space,13.919068899995182,NA,NA,NA,NA,NA,NA,NA,NA,026,001,2025-10-09_09h45.50.592,Study_5_PsychoPy_Experiment,2024.1.5,NA,2025-10-09 09h46.02.245236 +0100
Belief,Reg,TRUE,N,TB-K-B,TT_B,PsychoPyStudy5Stim/TT_B_7.png,Adam THINKS there are TWO cubes,Two,h,b,N,-,N,0,84,84,248,534.6484073000029,NA,NA,NA,NA,NA,NA,NA,NA,NA,534.6358645000146,5.885999999009e-4,534.7195898999926,535.098519399995,535.1986414999701,537.1987427999848,537.5985848999699,537.7008878000197,537.7008878000197,540.8178185999859,h,0,3.111622800002806,NA,540.8182127000182,540.831690699968,540.831690699968,540.831690699968,540.831690699968,540.819154399971,NA,NA,NA,NA,NA,NA,NA,NA,NA,NA,026,001,2025-10-09_09h45.50.592,Study_5_PsychoPy_Experiment,2024.1.5,NA,2025-10-09 09h46.02.245236 +0100
Knowledge,Neg,FALSE,N,NB-TB-K,T_NB,PsychoPyStudy5Stim/T_NB_1.png,Adam does NOT KNOW there is ONE cube,One,b,h,Y,PropFalse,N,0,85,85,40,540.831690699968,NA,NA,NA,NA,NA,NA,NA,NA,NA,540.8194313999848,2.1440000273287e-4,540.9074247999815,541.2817998999963,541.382031199988,543.3819576000096,543.7819270999753,543.8842289000168,543.8842289000168,550.9181874999776,h,1,7.032346600026358,NA,550.9186637999956,550.9317251999746,550.9317251999746,550.9317251999746,550.9317251999746,550.91913200001,NA,NA,NA,NA,NA,NA,NA,NA,NA,NA,026,001,2025-10-09_09h45.50.592,Study_5_PsychoPy_Experiment,2024.1.5,NA,2025-10-09 09h46.02.245236 +0100
Knowledge,Reg,TRUE,N,TB-K-B,TT_B,PsychoPyStudy5Stim/TT_B_6.png,Adam KNOWS there are TWO cubes,Two,h,b,N,-,N,0,86,86,242,550.9317251999746,NA,NA,NA,NA,NA,NA,NA,NA,NA,550.9194602000061,2.5569996796548e-4,551.0144503000192,551.3985105999745,551.4985880000168,553.4986246000044,553.898706500011,554.0006423000013,554.0006423000013,555.8514781999984,b,1,1.8350988000165671,NA,555.8520019999705,555.8650652000215,555.8650652000215,555.8650652000215,555.8650652000215,555.8525359000196,NA,NA,NA,NA,NA,NA,NA,NA,NA,NA,026,001,2025-10-09_09h45.50.592,Study_5_PsychoPy_Experiment,2024.1.5,NA,2025-10-09 09h46.02.245236 +0100
Knowledge,Reg,TRUE,N,NB-TB-K,TT_NB,PsychoPyStudy5Stim/TT_NB_8.png,Adam KNOWS there are TWO cubes,Two,h,b,N,-,N,0,87,87,174,555.8650652000215,NA,NA,NA,NA,NA,NA,NA,NA,NA,555.8529356999788,2.9569998150691e-4,555.9438436999917,556.3151406999677,556.4152755999821,558.4152577000204,558.8152289999998,558.9175472999923,558.9175472999923,559.7681723000132,b,1,0.8471486999769695,NA,559.768772099982,559.7816844999907,559.7816844999907,559.7816844999907,559.7816844999907,559.769397099968,NA,NA,NA,NA,NA,NA,NA,NA,NA,NA,026,001,2025-10-09_09h45.50.592,Study_5_PsychoPy_Experiment,2024.1.5,NA,2025-10-09 09h46.02.245236 +0100
Knowledge,Reg,TRUE,N,TB-K-B,DD_B,PsychoPyStudy5Stim/DD_B_7.png,Adam KNOWS there are ZERO cubes,Zero,h,b,N,-,N,0,88,88,221,559.7816844999907,NA,NA,NA,NA,NA,NA,NA,NA,NA,559.7698372000013,3.4070003312081e-4,559.8689881999744,560.248337499972,560.3486708999844,562.3486574999988,562.7485071999836,562.8514321999974,562.8514321999974,564.3520868999767,b,1,1.4884706000448205,NA,564.3529173000134,564.3651096000103,564.3651096000103,564.3651096000103,564.3651096000103,564.35382129997015,NA,NA,NA,NA,NA,NA,NA,NA,NA,NA,026,001,2025-10-09_09h45.50.592,Study_5_PsychoPy_Experiment,2024.1.5,NA,2025-10-09 09h46.02.245236 +0100
Knowledge,Neg,TRUE,N,TB-K,TD_B,PsychoPyStudy5Stim/TD_B_3.png,Adam does NOT KNOW there are TWO cubes,Two,h,b,Y,-,N,0,89,89,106,564.3651096000103,NA,NA,NA,NA,NA,NA,NA,NA,NA,564.3544855000218,5.1779998466372e-4,564.4396206000238,564.8151696000132,564.9151727000135,566.9153024000116,567.3153039999888,567.4175445999717,567.4175445999717,572.1516694999882,b,1,4.721983099996578,NA,572.1523367000045,572.1650934999925,572.1650934999925,572.1650934999925,572.1650934999925,572.1530498000211,NA,NA,NA,NA,NA,NA,NA,NA,NA,NA,026,001,2025-10-09_09h45.50.592,Study_5_PsychoPy_Experiment,2024.1.5,NA,2025-10-09 09h46.02.245236 +0100
Belief,Neg,TRUE,Y,FB-Ig,T_B_T,PsychoPyStudy5Stim/T_B_T_8.png,Adam does NOT THINK there are TWO cubes,Two,h,b,Y,-,N,0,90,90,23,572.1650934999925,NA,NA,NA,NA,NA,NA,NA,NA,NA,572.1535710999742,4.0439999429509e-4,572.2495198000106,572.6317580000032,572.7319227000116,574.7317704000161,575.1318580000079,575.2340488000191,575.2340488000191,577.6852464000112,b,1,2.4495445000356995,NA,577.6859195000143,577.6983757999842,577.6983757999842,577.6983757999842,577.6983757999842,577.6866268999875,NA,NA,NA,NA,NA,NA,NA,NA,NA,NA,026,001,2025-10-09_09h45.50.592,Study_5_PsychoPy_Experiment,2024.1.5,NA,2025-10-09 09h46.02.245236 +0100
Knowledge,Neg,FALSE,N,NB-TB-K,TT_NB,PsychoPyStudy5Stim/TT_NB_3.png,Adam does NOT KNOW there are TWO cubes,Two,b,h,Y,PropFalse,N,0,91,91,66,577.6983757999842,NA,NA,NA,NA,NA,NA,NA,NA,NA,577.6871442999691,4.0089996764436e-4,577.7822681000107,578.1650942999986,578.2652313999715,580.2652295000153,580.6652160999947,580.7674367,580.7674367,582.6695877999882,h,1,1.892273599980399,NA,582.6708172999788,582.681857699994,582.681857699994,582.681857699994,582.681857699994,582.6722017999855,NA,NA,NA,NA,NA,NA,NA,NA,NA,NA,026,001,2025-10-09_09h45.50.592,Study_5_PsychoPy_Experiment,2024.1.5,NA,2025-10-09 09h46.02.245236 +0100
Knowledge,Reg,TRUE,N,NB-TB-K,D_NB,PsychoPyStudy5Stim/D_NB_2.png,Adam KNOWS there are ZERO cubes,Zero,h,b,N,-,N,0,92,92,129,582.681857699994,NA,NA,NA,NA,NA,NA,NA,NA,NA,582.67316820001,7.4679998215287e-4,582.7829167000018,583.1650316999876,583.2650693000178,585.2650488999789,585.6652601999813,585.7674773000181,585.7674773000181,586.9511693000095,b,1,1.1730374999460764,NA,586.9517141999677,586.9649609000189,586.9649609000189,586.9649609000189,586.9649609000189,586.9522749999887,NA,NA,NA,NA,NA,NA,NA,NA,NA,NA,026,001,2025-10-09_09h45.50.592,Study_5_PsychoPy_Experiment,2024.1.5,NA,2025-10-09 09h46.02.245236 +0100
Reality,Reg,FALSE,N,FB-Ig,B_T,PsychoPyStudy5Stim/B_T_3.png,"In REALITY, there are ZERO cubes",Zero,b,h,N,-,N,0,93,93,319,586.9649609000189,NA,NA,NA,NA,NA,NA,NA,NA,NA,586.9526975000044,3.343999851495e-4,587.041676199995,587.4150221999735,587.5151813999983,589.5152128000045,589.9151022000005,590.0173645999748,590.0173645999748,591.4014793999959,h,1,1.3784629000001587,NA,591.4020481000189,591.4149280000129,591.4149280000129,591.4149280000129,591.4149280000129,591.4026620999794,NA,NA,NA,NA,NA,NA,NA,NA,NA,NA,026,001,2025-10-09_09h45.50.592,Study_5_PsychoPy_Experiment,2024.1.5,NA,2025-10-09 09h46.02.245236 +0100
Reality,Reg,FALSE,N,NB-TB-K,DT_NB,PsychoPyStudy5Stim/TD_NB_2.png,"In REALITY, there are TWO cubes",Two,b,h,N,PropFalse,N,0,94,94,170,591.4149280000129,NA,NA,NA,NA,NA,NA,NA,NA,NA,591.4030992999906,3.3990002702921e-4,591.4857272999943,591.86484200001,591.965367399971,593.9650608000229,594.3650531999883,594.4672764000134,594.4672764000134,596.9849616999854,h,1,2.5044819999602623,NA,596.9857054000022,596.9983376999735,596.9983376999735,596.9983376999735,596.9983376999735,596.9864732999704,NA,NA,NA,NA,NA,NA,NA,NA,NA,NA,026,001,2025-10-09_09h45.50.592,Study_5_PsychoPy_Experiment,2024.1.5,NA,2025-10-09 09h46.02.245236 +0100
Belief,Reg,TRUE,N,FB-Ig,B_T,PsychoPyStudy5Stim/B_T_3.png,Adam THINKS there are ZERO cubes,Zero,h,b,N,-,Y,0,95,95,314,596.9983376999735,NA,NA,NA,NA,NA,NA,NA,NA,NA,596.987071999989,4.4490001164376e-4,597.0843263000133,597.4648622999666,597.5650390000083,599.5650993000017,599.9650387999718,600.0671990999836,600.0671990999836,602.4015131000197,h,0,2.320327499997802,NA,602.4021845000098,602.4149465999799,602.4149465999799,602.4149465999799,602.4149465999799,602.4028624999919,NA,NA,NA,NA,NA,NA,NA,NA,NA,NA,026,001,2025-10-09_09h45.50.592,Study_5_PsychoPy_Experiment,2024.1.5,NA,2025-10-09 09h46.02.245236 +0100
Reality,Reg,TRUE,N,TB-Ig,D_B,PsychoPyStudy5Stim/D_B_D_1.png,"In REALITY, there are ZERO cubes",Zero,h,b,N,-,N,0,96,96,212,602.4149465999799,NA,NA,NA,NA,NA,NA,NA,NA,NA,602.4033497999771,3.7959998007863e-4,602.5037284999853,602.8816229000222,602.981702799967,604.9817581999814,605.3817490999936,605.4839375999873,605.4839375999873,606.9015720000025,b,1,1.4163418999523856,NA,606.9021543000126,606.9149157999782,606.9149157999782,606.9149157999782,606.9149157999782,606.9027638999978,NA,NA,NA,NA,NA,NA,NA,NA,NA,NA,026,001,2025-10-09_09h45.50.592,Study_5_PsychoPy_Experiment,2024.1.5,NA,2025-10-09 09h46.02.245236 +0100
Belief,Reg,TRUE,N,TB-K-B,TD_B,PsychoPyStudy5Stim/TD_B_6.png,Adam THINKS there is ONE cube,One,h,b,N,-,N,0,97,97,260,606.9149157999782,NA,NA,NA,NA,NA,NA,NA,NA,NA,606.9032031999668,3.4199998481199e-4,606.9994380999706,607.3814785999712,607.4814945000107,609.4817555000191,609.8815795999835,609.9839107000153,609.9839107000153,611.8180848999764,b,1,1.828482699987944,NA,611.8187684000004,611.8314982000156,611.8314982000156,611.8314982000156,611.8314982000156,611.8194680999732,NA,NA,NA,NA,NA,NA,NA,NA,NA,NA,026,001,2025-10-09_09h45.50.592,Study_5_PsychoPy_Experiment,2024.1.5,NA,2025-10-09 09h46.02.245236 +0100
Knowledge,Neg,FALSE,N,TB-K,TT_B,PsychoPyStudy5Stim/TT_B_1.png,Adam does NOT KNOW there are TWO cubes,Two,b,h,Y,PropFalse,N,0,98,98,88,611.8314982000156,NA,NA,NA,NA,NA,NA,NA,NA,NA,611.8199542000075,3.7810002686455e-4,611.9058375000022,612.2814861999941,612.3818647000007,614.3816554999794,614.7817622000002,614.8841708999826,614.8841708999826,616.4842370999977,h,1,1.583755099971313,NA,616.4845336999861,616.4981888000038,616.4981888000038,616.4981888000038,616.4981888000038,616.4848508000141,NA,NA,NA,NA,NA,NA,NA,NA,NA,NA,026,001,2025-10-09_09h45.50.592,Study_5_PsychoPy_Experiment,2024.1.5,NA,2025-10-09 09h46.02.245236 +0100
Belief,Neg,TRUE,N,NB-TB-K,TT_NB,PsychoPyStudy5Stim/TT_NB_1.png,Adam does NOT THINK there is ONE cube,One,h,b,Y,-,N,0,99,99,60,616.4981888000038,NA,NA,NA,NA,NA,NA,NA,NA,NA,616.4850599999772,1.6569998115301e-4,616.5689660999924,616.9482823999715,617.0483208000078,619.0484346000012,619.4482983999769,619.5506584999966,619.5506584999966,623.7679532999755,b,1,4.2139048999524675,NA,623.7682866000105,623.7813119000057,623.7813119000057,623.7813119000057,623.7813119000057,623.7686213999987,NA,NA,NA,NA,NA,NA,NA,NA,NA,NA,026,001,2025-10-09_09h45.50.592,Study_5_PsychoPy_Experiment,2024.1.5,NA,2025-10-09 09h46.02.245236 +0100
Knowledge,Neg,FALSE,N,TB-K,TD_B,PsychoPyStudy5Stim/TD_B_2.png,Adam does NOT KNOW there is ONE cube,One,b,h,Y,PropFalse,N,0,100,100,113,623.7813119000057,NA,NA,NA,NA,NA,NA,NA,NA,NA,623.7688460000209,1.7820001812651e-4,623.8662883000216,624.2483237999841,624.3482991000055,626.3482780000195,626.7483246999909,626.8506177999661,626.8506177999661,629.3846483000088,h,1,2.5302798000047915,NA,629.3851548999664,629.3981410000124,629.3981410000124,629.3981410000124,629.3981410000124,629.3856689999811,NA,NA,NA,NA,NA,NA,NA,NA,NA,NA,026,001,2025-10-09_09h45.50.592,Study_5_PsychoPy_Experiment,2024.1.5,NA,2025-10-09 09h46.02.245236 +0100
Belief,Reg,FALSE,N,NB-TB-K,TT_NB,PsychoPyStudy5Stim/TT_NB_5.png,Adam THINKS there are ZERO cubes,Zero,b,h,N,PropFalse,N,0,101,101,185,629.3981410000124,NA,NA,NA,NA,NA,NA,NA,NA,NA,629.38605109998025,2.9759999597445e-4,629.4746505999938,629.8482371999999,629.9483723000158,631.9483819999732,632.3483621000196,632.4505959000089,632.4505959000089,633.968058199971,h,1,1.5053711999789812,NA,633.9687309999717,633.9815258000162,633.9815258000162,633.9815258000162,633.9815258000162,633.9694605999975,NA,NA,NA,NA,NA,NA,NA,NA,NA,NA,026,001,2025-10-09_09h45.50.592,Study_5_PsychoPy_Experiment,2024.1.5,NA,2025-10-09 09h46.02.245236 +0100
Belief,Neg,FALSE,N,NB-TB-K,TT_NB,PsychoPyStudy5Stim/TT_NB_1.png,Adam does NOT THINK there are TWO cubes,Two,b,h,Y,PropFalse,N,0,102,102,72,633.9815258000162,NA,NA,NA,NA,NA,NA,NA,NA,NA,633.9700202000095,4.4380000326782e-4,634.0616238000221,634.4313292999868,634.5314292999683,636.5316635000054,636.9316222000052,637.0339060999686,637.0339060999686,644.5005817000056,h,1,7.451054400007706,NA,644.5008822000236,644.5147046999773,644.5147046999773,644.5147046999773,644.5147046999773,644.5012000999996,NA,NA,NA,NA,NA,NA,NA,NA,NA,NA,026,001,2025-10-09_09h45.50.592,Study_5_PsychoPy_Experiment,2024.1.5,NA,2025-10-09 09h46.02.245236 +0100
Reality,Reg,TRUE,N,NB-TB-K,T_NB,PsychoPyStudy5Stim/T_NB_6.png,"In REALITY, there is ONE cube",One,h,b,N,-,N,0,103,103,145,644.5147046999773,NA,NA,NA,NA,NA,NA,NA,NA,NA,644.5014113999787,1.664999872446e-4,644.6013469999889,644.98152630002,645.0814356000046,647.0815341999987,647.4814656999661,647.5837837000145,647.5837837000145,649.0175751000061,b,1,1.4281972000026144,NA,649.0181411000085,649.0314032000024,649.0314032000024,649.0314032000024,649.0314032000024,649.0186658999883,NA,NA,NA,NA,NA,NA,NA,NA,NA,NA,026,001,2025-10-09_09h45.50.592,Study_5_PsychoPy_Experiment,2024.1.5,NA,2025-10-09 09h46.02.245236 +0100
Belief,Reg,FALSE,N,NB-TB-K,TT_NB,PsychoPyStudy5Stim/TT_NB_7.png,Adam THINKS there are ZERO cubes,Zero,b,h,N,PropFalse,N,0,104,104,187,649.0314032000024,NA,NA,NA,NA,NA,NA,NA,NA,NA,649.0190754000214,3.2599997939541e-4,649.1157684000209,649.4981351000024,649.5982749999966,651.5982512999908,651.9981509000063,652.100448000012,652.100448000012,654.5845322000096,h,1,2.4713001999771222,NA,654.5851986000198,654.5981005000067,654.5981005000067,654.5981005000067,654.5981005000067,654.5858994000009,NA,NA,NA,NA,NA,NA,NA,NA,NA,NA,026,001,2025-10-09_09h45.50.592,Study_5_PsychoPy_Experiment,2024.1.5,NA,2025-10-09 09h46.02.245236 +0100
Belief,Reg,FALSE,N,TB-K-B,TD_B,PsychoPyStudy5Stim/TD_B_8.png,Adam THINKS there are ZERO cubes,Zero,b,h,N,PropFalse,N,0,105,105,270,654.5981005000067,NA,NA,NA,NA,NA,NA,NA,NA,NA,654.5863925999729,3.8320000749081e-4,654.6720398999751,655.0481573999859,655.1482388000004,657.1481803000206,657.5481456000125,657.650451399968,657.650451399968,660.5677962999907,h,1,2.9052171999937855,NA,660.568339999998,660.5813379000174,660.5813379000174,660.5813379000174,660.5813379000174,660.568977100018,NA,NA,NA,NA,NA,NA,NA,NA,NA,NA,026,001,2025-10-09_09h45.50.592,Study_5_PsychoPy_Experiment,2024.1.5,NA,2025-10-09 09h46.02.245236 +0100
Knowledge,Neg,TRUE,N,TB-K,TD_B,PsychoPyStudy5Stim/TD_B_1.png,Adam does NOT KNOW there are TWO cubes,Two,h,b,Y,-,N,0,106,106,104,660.5813379000174,NA,NA,NA,NA,NA,NA,NA,NA,NA,660.56940019998,3.2970000756904e-4,660.6629661999759,661.0481069000089,661.1482178000151,663.1482456999947,663.5481853000238,663.6503573000082,663.6503573000082,670.936195999966,h,0,7.28127019997919,NA,670.93746679998,670.9480729000061,670.9480729000061,670.9480729000061,670.9480729000061,670.9384856999968,NA,NA,NA,NA,NA,NA,NA,NA,NA,NA,026,001,2025-10-09_09h45.50.592,Study_5_PsychoPy_Experiment,2024.1.5,NA,2025-10-09 09h46.02.245236 +0100
Knowledge,Reg,FALSE,N,NB-TB-K,TT_NB,PsychoPyStudy5Stim/TT_NB_8.png,Adam KNOWS there is ONE cube,One,b,h,N,PropFalse,N,0,107,107,176,670.9480729000061,NA,NA,NA,NA,NA,NA,NA,NA,NA,670.9391768000205,5.4320000344887e-4,671.0199115999858,671.3980769999907,671.4981963000027,673.4981469999766,673.8981134999776,674.0003139000037,674.0003139000037,676.9679455999867,h,1,2.963807200023439,NA,676.9685472999699,676.9812644000049,676.9812644000049,676.9812644000049,676.9812644000049,676.969181399967,NA,NA,NA,NA,NA,NA,NA,NA,NA,NA,026,001,2025-10-09_09h45.50.592,Study_5_PsychoPy_Experiment,2024.1.5,NA,2025-10-09 09h46.02.245236 +0100
Knowledge,Neg,FALSE,N,TB-K,TT_B,PsychoPyStudy5Stim/TT_B_2.png,Adam does NOT KNOW there are TWO cubes,Two,b,h,Y,PropFalse,N,0,108,108,89,676.9812644000049,NA,NA,NA,NA,NA,NA,NA,NA,NA,676.9696277999901,3.4670002060011e-4,677.0692997999722,677.4480076999753,677.5480777000193,679.5482306000195,679.9481675999705,680.0505227000103,680.0505227000103,681.3513118000119,h,1,1.288964700012002,NA,681.3519947999739,681.3646276000072,681.3646276000072,681.3646276000072,681.3646276000072,681.3527327000047,NA,NA,NA,NA,NA,NA,NA,NA,NA,NA,026,001,2025-10-09_09h45.50.592,Study_5_PsychoPy_Experiment,2024.1.5,NA,2025-10-09 09h46.02.245236 +0100
Belief,Reg,TRUE,N,NB-TB-K,T_NB,PsychoPyStudy5Stim/T_NB_4.png,Adam THINKS there is ONE cube,One,h,b,N,-,N,0,109,109,143,681.3646276000072,NA,NA,NA,NA,NA,NA,NA,NA,NA,681.3532556999708,4.0560000343248e-4,681.444908000005,681.8147108000121,681.91482429998,683.9146171999746,684.3145650000079,684.4172504000016,684.4172504000016,687.7013162000221,h,0,3.2743087999988347,NA,687.7020902999793,687.7146447999985,687.7146447999985,687.7146447999985,687.7146447999985,687.7028608999681,NA,NA,NA,NA,NA,NA,NA,NA,NA,NA,026,001,2025-10-09_09h45.50.592,Study_5_PsychoPy_Experiment,2024.1.5,NA,2025-10-09 09h46.02.245236 +0100
Belief,Reg,FALSE,N,NB-TB-K,TT_NB,PsychoPyStudy5Stim/TT_NB_8.png,Adam THINKS there are ZERO cubes,Zero,b,h,N,PropFalse,N,0,110,110,188,687.7146447999985,NA,NA,NA,NA,NA,NA,NA,NA,NA,687.7034238000051,4.6720000682398e-4,687.7967096000211,688.1812987999874,688.2814201000147,690.2814564,690.6813988999929,690.7836662000045,690.7836662000045,692.684450700006,h,1,1.8922742999857292,NA,692.6851231000037,692.6979632999864,692.6979632999864,692.6979632999864,692.6979632999864,692.6857768999762,NA,NA,NA,NA,NA,NA,NA,NA,NA,NA,026,001,2025-10-09_09h45.50.592,Study_5_PsychoPy_Experiment,2024.1.5,NA,2025-10-09 09h46.02.245236 +0100
Knowledge,Reg,FALSE,N,FB-Ig,T_B_T,PsychoPyStudy5Stim/T_B_T_4.png,Adam KNOWS there are ZERO cubes,Zero,b,h,N,PropFalse,N,0,111,111,278,692.6979632999864,NA,NA,NA,NA,NA,NA,NA,NA,NA,692.6862985999906,3.8539996603503e-4,692.7812998999725,693.1647325999802,693.2646617999999,695.2648062999942,695.6647444000118,695.767060299986,695.767060299986,697.4504891000106,h,1,1.6686612000339665,NA,697.4507885000203,697.464515300002,697.464515300002,697.464515300002,697.464515300002,697.4511034999741,NA,NA,NA,NA,NA,NA,NA,NA,NA,NA,026,001,2025-10-09_09h45.50.592,Study_5_PsychoPy_Experiment,2024.1.5,NA,2025-10-09 09h46.02.245236 +0100
Belief,Neg,FALSE,N,TB-K,TD_B,PsychoPyStudy5Stim/TD_B_8.png,Adam does NOT THINK there is ONE cube,One,b,h,Y,PropFalse,N,0,112,112,127,697.464515300002,NA,NA,NA,NA,NA,NA,NA,NA,NA,697.4513138000038,1.6470003174617e-4,697.5399847999797,697.9146508999984,698.0148265999742,700.014723100001,700.414712400001,700.5169490000117,700.5169490000117,704.0174331999733,h,1,3.4864293999853544,NA,704.017751300009,704.0310373000102,704.0310373000102,704.0310373000102,704.0310373000102,704.0180777999922,NA,NA,NA,NA,NA,NA,NA,NA,NA,NA,026,001,2025-10-09_09h45.50.592,Study_5_PsychoPy_Experiment,2024.1.5,NA,2025-10-09 09h46.02.245236 +0100
Belief,Neg,TRUE,N,TB-K,TT_B,PsychoPyStudy5Stim/TT_B_1.png,Adam does NOT THINK there is ONE cube,One,h,b,Y,-,N,0,113,113,84,704.0310373000102,NA,NA,NA,NA,NA,NA,NA,NA,NA,704.0182968999725,1.728999777697e-4,704.1018436999875,704.4810604000231,704.5811941999709,706.5813531000167,706.9814277999685,707.0836290000007,707.0836290000007,708.6344215999707,b,1,1.5445111999870278,NA,708.6350403999677,708.647900299984,708.647900299984,708.647900299984,708.647900299984,708.6357087999932,NA,NA,NA,NA,NA,NA,NA,NA,NA,NA,026,001,2025-10-09_09h45.50.592,Study_5_PsychoPy_Experiment,2024.1.5,NA,2025-10-09 09h46.02.245236 +0100
Knowledge,Neg,TRUE,Y,FB-Ig,D_B_T,PsychoPyStudy5Stim/D_B_T_7.png,Adam does NOT KNOW there is ONE cube,One,h,b,Y,-,N,0,114,114,14,708.647900299984,NA,NA,NA,NA,NA,NA,NA,NA,NA,708.6361928000115,3.7650001468136e-4,708.7218004000024,709.097967299982,709.1981267000083,711.1981310999836,711.5978788000066,711.7002461000229,711.7002461000229,713.7190483000013,b,1,2.015721000032499,NA,713.7201632999931,713.7312665000209,713.7312665000209,713.7312665000209,713.7312665000209,713.7213875000016,NA,NA,NA,NA,NA,NA,NA,NA,NA,NA,026,001,2025-10-09_09h45.50.592,Study_5_PsychoPy_Experiment,2024.1.5,NA,2025-10-09 09h46.02.245236 +0100
Belief,Reg,FALSE,N,NB-TB-K,TT_NB,PsychoPyStudy5Stim/TT_NB_1.png,Adam THINKS there are ZERO cubes,Zero,b,h,N,PropFalse,N,0,115,115,181,713.7312665000209,NA,NA,NA,NA,NA,NA,NA,NA,NA,713.722336900013,6.7550002131611e-4,713.8239508999977,714.1979158999748,714.297966699989,716.2980559999705,716.6979455999681,716.8003036999726,716.8003036999726,717.8188905999996,h,1,1.0108385999919849,NA,717.8193371000234,717.831072299974,717.831072299974,717.831072299974,717.831072299974,717.8199913999997,NA,NA,NA,NA,NA,NA,NA,NA,NA,NA,026,001,2025-10-09_09h45.50.592,Study_5_PsychoPy_Experiment,2024.1.5,NA,2025-10-09 09h46.02.245236 +0100
Belief,Reg,TRUE,N,NB-TB-K,DT_NB,PsychoPyStudy5Stim/TD_NB_2.png,Adam THINKS there is ONE cube,One,h,b,N,-,N,0,116,116,166,717.831072299974,NA,NA,NA,NA,NA,NA,NA,NA,NA,717.8203925999696,2.9560003895312e-4,717.8995429999777,718.2810392999672,718.3811223999946,720.3812770000077,720.7812814000063,720.8835287999827,720.8835287999827,722.5679659000016,b,1,1.6805622999672778,NA,722.5685758999898,722.5811298000044,722.5811298000044,722.5811298000044,722.5811298000044,722.5691754000145,NA,NA,NA,NA,NA,NA,NA,NA,NA,NA,026,001,2025-10-09_09h45.50.592,Study_5_PsychoPy_Experiment,2024.1.5,NA,2025-10-09 09h46.02.245236 +0100
Knowledge,Neg,TRUE,N,NB-TB-K,TT_NB,PsychoPyStudy5Stim/TT_NB_2.png,Adam does NOT KNOW there is ONE cube,One,h,b,Y,-,N,0,117,117,57,722.5811298000044,NA,NA,NA,NA,NA,NA,NA,NA,NA,722.5696451999829,3.710999735631e-4,722.6680438999902,723.0479189999751,723.148089299968,725.1480279999669,725.547894999967,725.6502493000007,725.6502493000007,729.9004747999716,h,0,4.233322200016119,NA,729.900795399968,729.9144233000115,729.9144233000115,729.9144233000115,729.9144233000115,729.9011301000137,NA,NA,NA,NA,NA,NA,NA,NA,NA,NA,026,001,2025-10-09_09h45.50.592,Study_5_PsychoPy_Experiment,2024.1.5,NA,2025-10-09 09h46.02.245236 +0100
Knowledge,Reg,TRUE,N,TB-K-B,TT_B,PsychoPyStudy5Stim/TT_B_7.png,Adam KNOWS there are TWO cubes,Two,h,b,N,-,N,0,118,118,243,729.9144233000115,NA,NA,NA,NA,NA,NA,NA,NA,NA,729.9013567999937,1.7850002041086e-4,729.9903130999883,730.3645098999841,730.4646668999922,732.4647548000212,732.8645485999878,732.9668158999993,732.9668158999993,736.3011840999825,b,1,3.324703500024043,NA,736.3018903000047,736.3144763999735,736.3144763999735,736.3144763999735,736.3144763999735,736.3026108000195,NA,NA,NA,NA,NA,NA,NA,NA,NA,NA,026,001,2025-10-09_09h45.50.592,Study_5_PsychoPy_Experiment,2024.1.5,NA,2025-10-09 09h46.02.245236 +0100
Belief,Neg,FALSE,N,TB-K,TD_B,PsychoPyStudy5Stim/TD_B_1.png,Adam does NOT THINK there is ONE cube,One,b,h,Y,PropFalse,N,0,119,119,120,736.3144763999735,NA,NA,NA,NA,NA,NA,NA,NA,NA,736.3031374000129,4.0789996273815e-4,736.3899771000142,736.7642429000116,736.8645027999883,738.8646351000061,739.2646136999829,739.3673385999864,739.3673385999864,742.5362618999789,h,1,3.164145999995526,NA,742.5374822000158,742.5478219999932,742.5478219999932,742.5478219999932,742.5478219999932,742.538918700011,NA,NA,NA,NA,NA,NA,NA,NA,NA,NA,026,001,2025-10-09_09h45.50.592,Study_5_PsychoPy_Experiment,2024.1.5,NA,2025-10-09 09h46.02.245236 +0100
Belief,Reg,FALSE,N,FB-Ig,D_B_T,PsychoPyStudy5Stim/D_B_T_7.png,Adam THINKS there are TWO cubes,Two,b,h,N,PropFalse,N,0,120,120,305,742.5478219999932,NA,NA,NA,NA,NA,NA,NA,NA,NA,742.5398924999754,7.5380003545433e-4,742.618870700011,742.9978455000091,743.0979623000021,745.0979541999986,745.4978097999701,745.6002485000063,745.6002485000063,747.5844318000018,h,1,1.971743400034029,NA,747.5851425000001,747.5977728000144,747.5977728000144,747.5977728000144,747.5977728000144,747.5858710000175,NA,NA,NA,NA,NA,NA,NA,NA,NA,NA,026,001,2025-10-09_09h45.50.592,Study_5_PsychoPy_Experiment,2024.1.5,NA,2025-10-09 09h46.02.245236 +0100
Knowledge,Neg,TRUE,N,NB-TB-K,T_NB,PsychoPyStudy5Stim/T_NB_4.png,Adam does NOT KNOW there are TWO cubes,Two,h,b,Y,-,N,0,121,121,35,747.5977728000144,NA,NA,NA,NA,NA,NA,NA,NA,NA,747.5863956999965,4.0730001637712e-4,747.6744643999846,748.0477378999931,748.1479665000224,750.1479346000124,750.5477408000152,750.6501165999798,750.6501165999798,751.8674658999662,h,0,1.201251599995885,NA,751.8679734999896,751.8810201999731,751.8810201999731,751.8810201999731,751.8810201999731,751.8685089999926,NA,NA,NA,NA,NA,NA,NA,NA,NA,NA,026,001,2025-10-09_09h45.50.592,Study_5_PsychoPy_Experiment,2024.1.5,NA,2025-10-09 09h46.02.245236 +0100
Knowledge,Neg,TRUE,Y,FB-Ig,D_B_T,PsychoPyStudy5Stim/D_B_T_5.png,Adam does NOT KNOW there is ONE cube,One,h,b,Y,-,N,0,122,122,12,751.8810201999731,NA,NA,NA,NA,NA,NA,NA,NA,NA,751.8688903999864,2.976999967359e-4,751.9551969000022,752.3309722999693,752.4313347999705,754.431295300019,754.8312073000125,754.9335423000157,754.9335423000157,758.1170700999792,b,1,3.173803100013174,NA,758.1173801000114,758.1310207999777,758.1310207999777,758.1310207999777,758.1310207999777,758.117701900017,NA,NA,NA,NA,NA,NA,NA,NA,NA,NA,026,001,2025-10-09_09h45.50.592,Study_5_PsychoPy_Experiment,2024.1.5,NA,2025-10-09 09h46.02.245236 +0100
Belief,Reg,TRUE,N,TB-K-B,DD_B,PsychoPyStudy5Stim/DD_B_1.png,Adam THINKS there are ZERO cubes,Zero,h,b,N,-,N,0,123,123,226,758.1310207999777,NA,NA,NA,NA,NA,NA,NA,NA,NA,758.11792109999806,1.7339998157694e-4,758.2034732999746,758.5809625000111,758.6810740000219,760.6812987999874,761.0811937999679,761.1836822999758,761.1836822999758,766.9506544999895,b,1,5.756045299989637,NA,766.9512086000177,766.9643428999698,766.9643428999698,766.9643428999698,766.9643428999698,766.9517874000012,NA,NA,NA,NA,NA,NA,NA,NA,NA,NA,026,001,2025-10-09_09h45.50.592,Study_5_PsychoPy_Experiment,2024.1.5,NA,2025-10-09 09h46.02.245236 +0100
Belief,Reg,TRUE,N,TB-K-B,DD_B,PsychoPyStudy5Stim/DD_B_5.png,Adam THINKS there are ZERO cubes,Zero,h,b,N,-,N,0,124,124,230,766.9643428999698,NA,NA,NA,NA,NA,NA,NA,NA,NA,766.952208600007,3.2599997939541e-4,767.0443686000071,767.4144005000126,767.5144946000073,769.5144663999672,769.914487299975,770.016733299999,770.016733299999,771.0339347000117,b,1,1.0023608999908902,NA,771.0345281999907,771.0476574000204,771.0476574000204,771.0476574000204,771.0476574000204,771.0351446999703,NA,NA,NA,NA,NA,NA,NA,NA,NA,NA,026,001,2025-10-09_09h45.50.592,Study_5_PsychoPy_Experiment,2024.1.5,NA,2025-10-09 09h46.02.245236 +0100
Reality,Reg,TRUE,N,NB-TB-K,TT_NB,PsychoPyStudy5Stim/TT_NB_1.png,"In REALITY, there are TWO cubes",Two,h,b,N,-,N,0,125,125,191,771.0476574000204,NA,NA,NA,NA,NA,NA,NA,NA,NA,771.0355856000097,3.4220004454255e-4,771.1258651000098,771.4977366999956,771.5979214999825,773.5978040000191,773.9977870999719,774.1000346000073,774.1000346000073,776.4840319000068,b,1,2.37524600001052,NA,776.484690000012,776.4976655999781,776.4976655999781,776.4976655999781,776.4976655999781,776.4853620000067,NA,NA,NA,NA,NA,NA,NA,NA,NA,NA,026,001,2025-10-09_09h45.50.592,Study_5_PsychoPy_Experiment,2024.1.5,NA,2025-10-09 09h46.02.245236 +0100
Belief,Reg,FALSE,N,TB-K-B,TD_B,PsychoPyStudy5Stim/TD_B_6.png,Adam THINKS there are ZERO cubes,Zero,b,h,N,PropFalse,N,0,126,126,268,776.4976655999781,NA,NA,NA,NA,NA,NA,NA,NA,NA,776.4858588000061,3.8779998430982e-4,776.5810858000186,776.9643652000232,777.064516399987,779.064255299978,779.46458359999815,779.5670783999958,779.5670783999958,782.9508261000155,h,1,3.3807482999982312,NA,782.9513346999884,782.9642345000175,782.9642345000175,782.9642345000175,782.9642345000175,782.9518661000184,NA,NA,NA,NA,NA,NA,NA,NA,NA,NA,026,001,2025-10-09_09h45.50.592,Study_5_PsychoPy_Experiment,2024.1.5,NA,2025-10-09 09h46.02.245236 +0100
Belief,Neg,FALSE,N,NB-TB-K,TT_NB,PsychoPyStudy5Stim/TT_NB_5.png,Adam does NOT THINK there are TWO cubes,Two,b,h,Y,PropFalse,N,0,127,127,76,782.9642345000175,NA,NA,NA,NA,NA,NA,NA,NA,NA,782.9522507999791,2.9950001044198e-4,783.0433914000168,783.414283399994,783.5144506000215,785.5144865000038,785.9143558000214,786.0165955999983,786.0165955999983,787.8841809000005,h,1,1.8511537999729624,NA,787.8847467000014,787.8975859999773,787.8975859999773,787.8975859999773,787.8975859999773,787.8853535000235,NA,NA,NA,NA,NA,NA,NA,NA,NA,NA,026,001,2025-10-09_09h45.50.592,Study_5_PsychoPy_Experiment,2024.1.5,NA,2025-10-09 09h46.02.245236 +0100
Belief,Neg,TRUE,Y,FB-Ig,T_B_T,PsychoPyStudy5Stim/T_B_T_7.png,Adam does NOT THINK there are TWO cubes,Two,h,b,Y,-,N,0,128,128,22,787.8975859999773,NA,NA,NA,NA,NA,NA,NA,NA,NA,787.8857850999921,3.3609999809414e-4,787.9691338000121,788.3476377999759,788.447822600021,790.4477448000107,790.8477614999865,790.9499146000016,790.9499146000016,793.3016746999929,b,1,2.3497420999919996,NA,793.3025692999945,793.3143421999994,793.3143421999994,793.3143421999994,793.3143421999994,793.3034869999974,NA,NA,NA,NA,NA,NA,NA,NA,NA,NA,026,001,2025-10-09_09h45.50.592,Study_5_PsychoPy_Experiment,2024.1.5,NA,2025-10-09 09h46.02.245236 +0100
Belief,Reg,FALSE,N,TB-K-B,DD_B,PsychoPyStudy5Stim/DD_B_4.png,Adam THINKS there is ONE cube,One,b,h,N,PropFalse,N,0,129,129,235,793.3143421999994,NA,NA,NA,NA,NA,NA,NA,NA,NA,793.3041542000137,5.1439995877444e-4,793.4049081999692,793.781016199966,793.8810246000066,795.8810727999662,796.2810765000177,796.3833434999688,796.3833434999688,798.1844752000179,h,1,1.787920699978713,NA,798.1853467000183,798.1976507999934,798.1976507999934,798.1976507999934,798.1976507999934,798.186262800009,NA,NA,NA,NA,NA,NA,NA,NA,NA,NA,026,001,2025-10-09_09h45.50.592,Study_5_PsychoPy_Experiment,2024.1.5,NA,2025-10-09 09h46.02.245236 +0100
Belief,Neg,TRUE,Y,FB-Ig,D_B_T,PsychoPyStudy5Stim/D_B_T_6.png,Adam does NOT THINK there is ONE cube,One,h,b,Y,-,N,0,130,130,29,798.1976507999934,NA,NA,NA,NA,NA,NA,NA,NA,NA,798.1869153999723,5.0560000818222e-4,798.2832796999719,798.6642549000098,798.76438160002,800.7644792000065,801.1643843000056,801.2667163999868,801.2667163999868,804.033953599981,b,1,2.760852400038857,NA,804.0345258999732,804.0474928999902,804.0474928999902,804.0474928999902,804.0474928999902,804.0351375999744,NA,NA,NA,NA,NA,NA,NA,NA,NA,NA,026,001,2025-10-09_09h45.50.592,Study_5_PsychoPy_Experiment,2024.1.5,NA,2025-10-09 09h46.02.245236 +0100
Knowledge,Reg,TRUE,N,NB-TB-K,T_NB,PsychoPyStudy5Stim/T_NB_2.png,Adam KNOWS there is ONE cube,One,h,b,N,-,N,0,131,131,141,804.0474928999902,NA,NA,NA,NA,NA,NA,NA,NA,NA,804.035573399975,3.3929996425285e-4,804.1192651999881,804.4973214999773,804.5977886000182,806.5977613999858,806.9975736999768,807.0998734000023,807.0998734000023,808.3841063000145,b,1,1.2717381000402384,NA,808.3847696000012,808.3975414999877,808.3975414999877,808.3975414999877,808.3975414999877,808.3854824000155,NA,NA,NA,NA,NA,NA,NA,NA,NA,NA,026,001,2025-10-09_09h45.50.592,Study_5_PsychoPy_Experiment,2024.1.5,NA,2025-10-09 09h46.02.245236 +0100
Belief,Neg,TRUE,Y,FB-Ig,D_B_T,PsychoPyStudy5Stim/D_B_T_8.png,Adam does NOT THINK there is ONE cube,One,h,b,Y,-,N,0,132,132,31,808.3975414999877,NA,NA,NA,NA,NA,NA,NA,NA,NA,808.3860025000176,4.019999760203e-4,808.4852807999705,808.8641513999901,808.9643727000221,810.9642026000074,811.3643715999788,811.4665933999931,811.4665933999931,813.1677281999728,b,1,1.6969673999701629,NA,813.1683986000135,813.180866300012,813.180866300012,813.180866300012,813.180866300012,813.1691084000049,NA,NA,NA,NA,NA,NA,NA,NA,NA,NA,026,001,2025-10-09_09h45.50.592,Study_5_PsychoPy_Experiment,2024.1.5,NA,2025-10-09 09h46.02.245236 +0100
Belief,Reg,FALSE,N,TB-K-B,DD_B,PsychoPyStudy5Stim/DD_B_5.png,Adam THINKS there is ONE cube,One,b,h,N,PropFalse,N,0,133,133,236,813.180866300012,NA,NA,NA,NA,NA,NA,NA,NA,NA,813.1696359000052,4.1130004683509e-4,813.2556717999978,813.6308686999837,813.7309669000097,815.7310452999664,816.1309179000091,816.2331543000182,816.2331543000182,817.2673670999939,h,1,1.017699200019706,NA,817.2680289999698,817.2807940000203,817.2807940000203,817.2807940000203,817.2807940000203,817.26870760001475,NA,NA,NA,NA,NA,NA,NA,NA,NA,NA,026,001,2025-10-09_09h45.50.592,Study_5_PsychoPy_Experiment,2024.1.5,NA,2025-10-09 09h46.02.245236 +0100
Knowledge,Reg,FALSE,N,FB-Ig,D_B_T,PsychoPyStudy5Stim/D_B_T_6.png,Adam KNOWS there are TWO cubes,Two,b,h,N,PropFalse,N,0,134,134,296,817.2807940000203,NA,NA,NA,NA,NA,NA,NA,NA,NA,817.2691960000084,3.7959998007863e-4,817.3534689000226,817.7308646999882,817.8309751999914,819.8308964999742,820.2309357000049,820.3331621999969,820.3331621999969,821.3343140999787,h,1,0.998150400002487,NA,821.3350009999704,821.3475058000186,821.3475058000186,821.3475058000186,821.3475058000186,821.3357584999758,NA,NA,NA,NA,NA,NA,NA,NA,NA,NA,026,001,2025-10-09_09h45.50.592,Study_5_PsychoPy_Experiment,2024.1.5,NA,2025-10-09 09h46.02.245236 +0100
Belief,Reg,TRUE,N,FB-Ig,B_T,PsychoPyStudy5Stim/B_T_4.png,Adam THINKS there are ZERO cubes,Zero,h,b,N,-,Y,0,135,135,315,821.3475058000186,NA,NA,NA,NA,NA,NA,NA,NA,NA,821.3363192999968,4.4340000022202e-4,821.4343662000028,821.8141649999889,821.9143746999907,823.9143278999836,824.3143313999753,824.4165681999875,824.4165681999875,826.3672923999839,b,1,1.946993899997324,NA,826.3678557999665,826.3808086999925,826.3808086999925,826.3808086999925,826.3808086999925,826.3685296999756,NA,NA,NA,NA,NA,NA,NA,NA,NA,NA,026,001,2025-10-09_09h45.50.592,Study_5_PsychoPy_Experiment,2024.1.5,NA,2025-10-09 09h46.02.245236 +0100
Knowledge,Reg,FALSE,N,FB-Ig,B_T,PsychoPyStudy5Stim/B_T_2.png,Adam KNOWS there are ZERO cubes,Zero,b,h,N,PropTrueNoKnow,Y,0,136,136,308,826.3808086999925,NA,NA,NA,NA,NA,NA,NA,NA,NA,826.3689641999663,3.3869995968416e-4,826.4628021999961,826.847532099986,826.947660100006,828.9476142000058,829.3476355000166,829.4498913999996,829.4498913999996,832.5007823000196,h,1,3.0414007999934256,NA,832.5014901999966,832.5141297000227,832.5141297000227,832.5141297000227,832.5141297000227,832.5022124999668,NA,NA,NA,NA,NA,NA,NA,NA,NA,NA,026,001,2025-10-09_09h45.50.592,Study_5_PsychoPy_Experiment,2024.1.5,NA,2025-10-09 09h46.02.245236 +0100
Belief,Reg,TRUE,N,TB-K-B,TT_B,PsychoPyStudy5Stim/TT_B_8.png,Adam THINKS there are TWO cubes,Two,h,b,N,-,N,0,137,137,249,832.5141297000227,NA,NA,NA,NA,NA,NA,NA,NA,NA,832.5027392000193,4.087999695912e-4,832.6029597999877,832.9807512999978,833.080984500004,835.0807505999692,835.4810370000196,835.5831060999772,835.5831060999772,837.3504809999722,b,1,1.7651471000281165,NA,837.3510700999759,837.3640775000094,837.3640775000094,837.3640775000094,837.3640775000094,837.3516719000181,NA,NA,NA,NA,NA,NA,NA,NA,NA,NA,026,001,2025-10-09_09h45.50.592,Study_5_PsychoPy_Experiment,2024.1.5,NA,2025-10-09 09h46.02.245236 +0100
Belief,Neg,FALSE,N,NB-TB-K,TT_NB,PsychoPyStudy5Stim/TT_NB_3.png,Adam does NOT THINK there are TWO cubes,Two,b,h,Y,PropFalse,N,0,138,138,74,837.3640775000094,NA,NA,NA,NA,NA,NA,NA,NA,NA,837.3521159000229,3.4449994564056e-4,837.4381207000115,837.8139477000223,837.9140299999854,839.9142737999791,840.3142160999705,840.4165956000215,840.4165956000215,846.9175605999772,h,1,6.490476400009356,NA,846.9182282999973,846.9307692999719,846.9307692999719,846.9307692999719,846.9307692999719,846.9189489000128,NA,NA,NA,NA,NA,NA,NA,NA,NA,NA,026,001,2025-10-09_09h45.50.592,Study_5_PsychoPy_Experiment,2024.1.5,NA,2025-10-09 09h46.02.245236 +0100
Knowledge,Reg,TRUE,N,TB-K-B,TD_B,PsychoPyStudy5Stim/TD_B_8.png,Adam KNOWS there is ONE cube,One,h,b,N,-,N,0,139,139,258,846.9307692999719,NA,NA,NA,NA,NA,NA,NA,NA,NA,846.9194700000226,4.0570000419393e-4,847.0191991999745,847.3974415999837,847.4975875000237,849.4973969999701,849.8974865999771,849.9997933999985,849.9997933999985,855.0671096000005,b,1,5.059506899968255,NA,855.0677475999692,855.0807333000121,855.0807333000121,855.0807333000121,855.0807333000121,855.0684414000134,NA,NA,NA,NA,NA,NA,NA,NA,NA,NA,026,001,2025-10-09_09h45.50.592,Study_5_PsychoPy_Experiment,2024.1.5,NA,2025-10-09 09h46.02.245236 +0100
Belief,Neg,FALSE,N,NB-TB-K,T_NB,PsychoPyStudy5Stim/T_NB_2.png,Adam does NOT THINK there is ONE cube,One,b,h,Y,PropFalse,N,0,140,140,49,855.0807333000121,NA,NA,NA,NA,NA,NA,NA,NA,NA,855.068929800007,3.7829997017979e-4,855.1631277999841,855.5473543999833,855.6475071000168,857.647529400012,858.0474159999867,858.149795699981,858.149795699981,859.3503424000228,h,1,1.1897982999798842,NA,859.3509413999855,859.3640118999756,859.3640118999756,859.3640118999756,859.3640118999756,859.3515589999733,NA,NA,NA,NA,NA,NA,NA,NA,NA,NA,026,001,2025-10-09_09h45.50.592,Study_5_PsychoPy_Experiment,2024.1.5,NA,2025-10-09 09h46.02.245236 +0100
Knowledge,Neg,FALSE,N,NB-TB-K,TT_NB,PsychoPyStudy5Stim/TT_NB_1.png,Adam does NOT KNOW there are TWO cubes,Two,b,h,Y,PropFalse,N,0,141,141,64,859.3640118999756,NA,NA,NA,NA,NA,NA,NA,NA,NA,859.3519937999663,3.3660000190138e-4,859.4423771000002,859.8140489999787,859.9142278999789,861.914230800001,862.3142795999884,862.416471900011,862.416471900011,865.4502853999729,h,1,3.026650800020434,NA,865.4505886000115,865.4638318999787,865.4638318999787,865.4638318999787,865.4638318999787,865.4509336000192,NA,NA,NA,NA,NA,NA,NA,NA,NA,NA,026,001,2025-10-09_09h45.50.592,Study_5_PsychoPy_Experiment,2024.1.5,NA,2025-10-09 09h46.02.245236 +0100
Knowledge,Reg,TRUE,N,NB-TB-K,TT_NB,PsychoPyStudy5Stim/TT_NB_5.png,Adam KNOWS there are TWO cubes,Two,h,b,N,-,N,0,142,142,171,865.4638318999787,NA,NA,NA,NA,NA,NA,NA,NA,NA,865.4511498999782,1.7190002836287e-4,865.5372681000154,865.914166099974,866.0143105000025,868.014070699981,868.4140457999893,868.5164282000042,868.5164282000042,869.7171518999967,h,0,1.1835656999610364,NA,869.7178316999925,869.7307074000128,869.7307074000128,869.7307074000128,869.7307074000128,869.7185432999977,NA,NA,NA,NA,NA,NA,NA,NA,NA,NA,026,001,2025-10-09_09h45.50.592,Study_5_PsychoPy_Experiment,2024.1.5,NA,2025-10-09 09h46.02.245236 +0100
Knowledge,Neg,TRUE,N,NB-TB-K,TT_NB,PsychoPyStudy5Stim/TT_NB_3.png,Adam does NOT KNOW there is ONE cube,One,h,b,Y,-,N,0,143,143,58,869.7307074000128,NA,NA,NA,NA,NA,NA,NA,NA,NA,869.7190639000037,4.031000426039e-4,869.814272699994,870.1973553000134,870.2974139999715,872.297454399988,872.6974342999747,872.7997227999731,872.7997227999731,881.666489199968,h,0,8.851279700000305,NA,881.6668025999679,881.6805415999843,881.6805415999843,881.6805415999843,881.6805415999843,881.667136300006,NA,NA,NA,NA,NA,NA,NA,NA,NA,NA,026,001,2025-10-09_09h45.50.592,Study_5_PsychoPy_Experiment,2024.1.5,NA,2025-10-09 09h46.02.245236 +0100
Belief,Neg,FALSE,N,NB-TB-K,T_NB,PsychoPyStudy5Stim/T_NB_7.png,Adam does NOT THINK there is ONE cube,One,b,h,Y,PropFalse,N,0,144,144,54,881.6805415999843,NA,NA,NA,NA,NA,NA,NA,NA,NA,881.6673611999722,1.7770001431927e-4,881.767840799992,882.147354900022,882.2474656999693,884.2474436999764,884.6474808999919,884.7497674999759,884.7497674999759,886.3672767999815,h,1,1.6055474000168033,NA,886.3679436999955,886.3805758000235,886.3805758000235,886.3805758000235,886.3805758000235,886.3687402000069,NA,NA,NA,NA,NA,NA,NA,NA,NA,NA,026,001,2025-10-09_09h45.50.592,Study_5_PsychoPy_Experiment,2024.1.5,NA,2025-10-09 09h46.02.245236 +0100
Reality,Reg,TRUE,N,TB-K-B,TD_B,PsychoPyStudy5Stim/TD_B_2.png,"In REALITY, there is ONE cube",One,h,b,N,-,N,0,145,145,271,886.3805758000235,NA,NA,NA,NA,NA,NA,NA,NA,NA,886.369297199999,4.4029997661709e-4,886.469218400016,886.8473946999875,886.9472879999666,888.9472730999696,889.347322000016,889.4495943000074,889.4495943000074,890.7169782000128,b,1,1.2657050000270829,NA,890.7175755000208,890.7305590999895,890.7305590999895,890.7305590999895,890.7305590999895,890.7182064999943,NA,NA,NA,NA,NA,NA,NA,NA,NA,NA,026,001,2025-10-09_09h45.50.592,Study_5_PsychoPy_Experiment,2024.1.5,NA,2025-10-09 09h46.02.245236 +0100
Belief,Reg,FALSE,N,FB-Ig,T_B_T,PsychoPyStudy5Stim/T_B_T_5.png,Adam THINKS there are ZERO cubes,Zero,b,h,N,PropFalse,N,0,146,146,287,890.7305590999895,NA,NA,NA,NA,NA,NA,NA,NA,NA,890.7186512000044,3.4200004301965e-4,890.8284701000084,891.2138889000053,891.3140824000002,893.3139550000196,893.7140220999718,893.8163143999991,893.8163143999991,895.8997935000225,h,1,2.074235500011127,NA,895.9001037999988,895.9137149999733,895.9137149999733,895.9137149999733,895.9137149999733,895.9004292999743,NA,NA,NA,NA,NA,NA,NA,NA,NA,NA,026,001,2025-10-09_09h45.50.592,Study_5_PsychoPy_Experiment,2024.1.5,NA,2025-10-09 09h46.02.245236 +0100
Belief,Reg,TRUE,N,NB-TB-K,TT_NB,PsychoPyStudy5Stim/TT_NB_7.png,Adam THINKS there are TWO cubes,Two,h,b,N,-,N,0,147,147,179,895.9137149999733,NA,NA,NA,NA,NA,NA,NA,NA,NA,895.9006464999984,1.7230003140866e-4,895.9943837000174,896.3638701000018,896.4640394999878,898.464051100018,898.863817800011,898.9659879999817,898.9659879999817,900.2004431000096,b,1,1.221451099961996,NA,900.2010646999697,900.213842600002,900.213842600002,900.213842600002,900.213842600002,900.2017659000121,NA,NA,NA,NA,NA,NA,NA,NA,NA,NA,026,001,2025-10-09_09h45.50.592,Study_5_PsychoPy_Experiment,2024.1.5,NA,2025-10-09 09h46.02.245236 +0100
Belief,Reg,TRUE,N,NB-TB-K,DT_NB,PsychoPyStudy5Stim/TD_NB_1.png,Adam THINKS there is ONE cube,One,h,b,N,-,N,0,148,148,165,900.213842600002,NA,NA,NA,NA,NA,NA,NA,NA,NA,900.2022696000058,3.8540002424269e-4,900.2946164999739,900.6636513000121,900.7637710999696,902.7639497999916,903.1637767999782,903.2663136000048,903.2663136000048,909.2015044,b,1,5.920803699991666,NA,909.2019325,909.2137151000206,909.2137151000206,909.2137151000206,909.2137151000206,909.2024723999784,NA,NA,NA,NA,NA,NA,NA,NA,NA,NA,026,001,2025-10-09_09h45.50.592,Study_5_PsychoPy_Experiment,2024.1.5,NA,2025-10-09 09h46.02.245236 +0100
Belief,Neg,FALSE,N,TB-K,TT_B,PsychoPyStudy5Stim/TT_B_1.png,Adam does NOT THINK there are TWO cubes,Two,b,h,Y,PropFalse,N,0,149,149,96,909.2137151000206,NA,NA,NA,NA,NA,NA,NA,NA,NA,909.2027742000064,2.2520002676174e-4,909.3004693000112,909.6803152000066,909.7804710000056,911.7805217999849,912.1804620000185,912.2829200999696,912.2829200999696,915.9832489999826,h,1,3.688071899989154,NA,915.9836394999876,915.9970963000088,915.9970963000088,915.9970963000088,915.9970963000088,915.9840849000028,NA,NA,NA,NA,NA,NA,NA,NA,NA,NA,026,001,2025-10-09_09h45.50.592,Study_5_PsychoPy_Experiment,2024.1.5,NA,2025-10-09 09h46.02.245236 +0100
Knowledge,Neg,TRUE,Y,FB-Ig,T_B_T,PsychoPyStudy5Stim/T_B_T_2.png,Adam does NOT KNOW there are TWO cubes,Two,h,b,Y,-,N,0,150,150,1,915.9970963000088,NA,NA,NA,NA,NA,NA,NA,NA,NA,915.9843781999662,2.284999936819e-4,916.0788530000136,916.463844200014,916.5640419999836,918.5639224000042,918.9639168999856,919.0661927000036,919.0661927000036,921.4997058999724,b,1,2.4182152000139467,NA,921.4999988999916,921.5137434999924,921.5137434999924,921.5137434999924,921.5137434999924,921.5003119999892,NA,NA,NA,NA,NA,NA,NA,NA,NA,NA,026,001,2025-10-09_09h45.50.592,Study_5_PsychoPy_Experiment,2024.1.5,NA,2025-10-09 09h46.02.245236 +0100
Belief,Neg,TRUE,N,NB-TB-K,TT_NB,PsychoPyStudy5Stim/TT_NB_3.png,Adam does NOT THINK there is ONE cube,One,h,b,Y,-,N,0,151,151,62,921.5137434999924,NA,NA,NA,NA,NA,NA,NA,NA,NA,921.5005187999924,1.6439997125416e-4,921.5842878000112,921.9638795999928,922.0637996000004,924.0637628000112,924.46376459999,924.5661980999868,924.5661980999868,931.5845272999724,b,1,7.004050099989399,NA,931.584942699992,931.59709559998,931.59709559998,931.59709559998,931.59709559998,931.5855289999744,NA,NA,NA,NA,NA,NA,NA,NA,NA,NA,026,001,2025-10-09_09h45.50.592,Study_5_PsychoPy_Experiment,2024.1.5,NA,2025-10-09 09h46.02.245236 +0100
Knowledge,Neg,TRUE,Y,FB-Ig,D_B_T,PsychoPyStudy5Stim/D_B_T_2.png,Adam does NOT KNOW there is ONE cube,One,h,b,Y,-,N,0,152,152,9,931.59709559998,NA,NA,NA,NA,NA,NA,NA,NA,NA,931.5858615000034,2.3890001466497e-4,931.7011712999664,932.0805133999676,932.1805441000032,934.1805654999916,934.5804834999726,934.6828658999876,934.6828658999876,935.4175796000054,b,1,0.7280058999895118,NA,935.4179428999778,935.4302651999752,935.4302651999752,935.4302651999752,935.4302651999752,935.4183903000084,NA,NA,NA,NA,NA,NA,NA,NA,NA,NA,026,001,2025-10-09_09h45.50.592,Study_5_PsychoPy_Experiment,2024.1.5,NA,2025-10-09 09h46.02.245236 +0100
Belief,Reg,FALSE,N,FB-Ig,T_B_T,PsychoPyStudy5Stim/T_B_T_7.png,Adam THINKS there are ZERO cubes,Zero,b,h,N,PropFalse,N,0,153,153,289,935.4302651999752,NA,NA,NA,NA,NA,NA,NA,NA,NA,935.4186879000044,2.1039997227489e-4,935.5246831999976,935.8969959999667,935.9970330999932,937.9970214000203,938.3969789000112,938.499524599989,938.499524599989,939.2498737999704,h,1,0.7351059000357054,NA,939.2501790999668,939.2635347999748,939.2635347999748,939.2635347999748,939.2635347999748,939.2505277000018,NA,NA,NA,NA,NA,NA,NA,NA,NA,NA,026,001,2025-10-09_09h45.50.592,Study_5_PsychoPy_Experiment,2024.1.5,NA,2025-10-09 09h46.02.245236 +0100
Knowledge,Neg,TRUE,Y,FB-Ig,D_B_T,PsychoPyStudy5Stim/D_B_T_4.png,Adam does NOT KNOW there is ONE cube,One,h,b,Y,-,N,0,154,154,11,939.2635347999748,NA,NA,NA,NA,NA,NA,NA,NA,NA,939.2507698999834,1.9340001745149e-4,939.3393996999948,939.7135719999789,939.8136629000072,941.8136834999896,942.2137293000123,942.3161542000016,942.3161542000016,943.4329256999772,b,1,1.1023258000495844,NA,943.433229200018,943.4468776999856,943.4468776999856,943.4468776999856,943.4468776999856,943.4335392999928,NA,NA,NA,NA,NA,NA,NA,NA,NA,NA,026,001,2025-10-09_09h45.50.592,Study_5_PsychoPy_Experiment,2024.1.5,NA,2025-10-09 09h46.02.245236 +0100
Knowledge,Reg,TRUE,N,TB-K-B,TD_B,PsychoPyStudy5Stim/TD_B_7.png,Adam KNOWS there is ONE cube,One,h,b,N,-,N,0,155,155,257,943.4468776999856,NA,NA,NA,NA,NA,NA,NA,NA,NA,943.4337559000124,1.7040001694113e-4,943.52421220002,943.8968449999812,943.9970176999924,945.997002899996,946.3969576999662,946.5001301000012,946.5001301000012,947.1998094000156,b,1,0.685968000034336,NA,947.200111299986,947.2136133000022,947.2136133000022,947.2136133000022,947.2136133000022,947.2004413999966,NA,NA,NA,NA,NA,NA,NA,NA,NA,NA,026,001,2025-10-09_09h45.50.592,Study_5_PsychoPy_Experiment,2024.1.5,NA,2025-10-09 09h46.02.245236 +0100
Belief,Reg,FALSE,N,FB-Ig,D_B_T,PsychoPyStudy5Stim/D_B_T_5.png,Adam THINKS there are TWO cubes,Two,b,h,N,PropFalse,N,0,156,156,303,947.2136133000022,NA,NA,NA,NA,NA,NA,NA,NA,NA,947.2006530999788,1.6699999105185e-4,947.2868946000236,947.6636088999804,947.7637400999664,949.7636423999792,950.1636605999664,950.2664417999912,950.2664417999912,951.0998388999724,h,1,0.8164407999720424,NA,951.100156600005,951.1135051000164,951.1135051000164,951.1135051000164,951.1135051000164,951.1004926000024,NA,NA,NA,NA,NA,NA,NA,NA,NA,NA,026,001,2025-10-09_09h45.50.592,Study_5_PsychoPy_Experiment,2024.1.5,NA,2025-10-09 09h46.02.245236 +0100
Belief,Neg,TRUE,Y,FB-Ig,D_B_T,PsychoPyStudy5Stim/D_B_T_4.png,Adam does NOT THINK there is ONE cube,One,h,b,Y,-,N,0,157,157,27,951.1135051000164,NA,NA,NA,NA,NA,NA,NA,NA,NA,951.1007143000024,1.7410004511475e-4,951.1886024000124,951.5635436999728,951.6638231999824,953.663677399978,954.06363769999,954.166211600008,954.166211600008,957.433353899978,b,1,3.25248940003803,NA,957.4336855,957.4468733000105,957.4468733000105,957.4468733000105,957.4468733000105,957.4340227000066,NA,NA,NA,NA,NA,NA,NA,NA,NA,NA,026,001,2025-10-09_09h45.50.592,Study_5_PsychoPy_Experiment,2024.1.5,NA,2025-10-09 09h46.02.245236 +0100
Belief,Neg,FALSE,N,NB-TB-K,T_NB,PsychoPyStudy5Stim/T_NB_8.png,Adam does NOT THINK there is ONE cube,One,b,h,Y,PropFalse,N,0,158,158,55,957.4468733000105,NA,NA,NA,NA,NA,NA,NA,NA,NA,957.434240099974,1.7159996787086e-4,957.536010699987,957.9134803999914,958.0137610000093,960.0135892999824,960.4136376999668,960.51604149997,960.51604149997,961.7829435999738,h,1,1.254720799974166,NA,961.7832537000068,961.7968104999744,961.7968104999744,961.7968104999744,961.7968104999744,961.7835813999992,NA,NA,NA,NA,NA,NA,NA,NA,NA,NA,026,001,2025-10-09_09h45.50.592,Study_5_PsychoPy_Experiment,2024.1.5,NA,2025-10-09 09h46.02.245236 +0100
Belief,Reg,FALSE,N,FB-Ig,T_B_T,PsychoPyStudy5Stim/T_B_T_2.png,Adam THINKS there are ZERO cubes,Zero,b,h,N,PropFalse,N,0,159,159,284,961.7968104999744,NA,NA,NA,NA,NA,NA,NA,NA,NA,961.7837977000164,1.7169996863231e-4,961.8751115999768,962.2467982000088,962.3469876999734,964.3469913000008,964.7469290000154,964.8499745000154,964.8499745000154,966.0328392999944,h,1,1.1687734999577517,NA,966.0331408000202,966.0468723999802,966.0468723999802,966.0468723999802,966.0468723999802,966.033443399996,NA,NA,NA,NA,NA,NA,NA,NA,NA,NA,026,001,2025-10-09_09h45.50.592,Study_5_PsychoPy_Experiment,2024.1.5,NA,2025-10-09 09h46.02.245236 +0100
Belief,Reg,FALSE,N,NB-TB-K,DD_NB,PsychoPyStudy5Stim/DD_NB_2.png,Adam THINKS there is ONE cube,One,b,h,N,PropFalse,N,0,160,160,158,966.0468723999802,NA,NA,NA,NA,NA,NA,NA,NA,NA,966.033654799976,1.6830000095069e-4,966.1205235000234,966.4971817000188,966.5970803999808,968.5968972999837,968.9971591000212,969.0992187000228,969.0992187000228,970.1664556000032,h,1,1.0640033000381663,NA,970.1668401000206,970.1801646999666,970.1801646999666,970.1801646999666,970.1801646999666,970.1672548999776,NA,NA,NA,NA,NA,NA,NA,NA,NA,NA,026,001,2025-10-09_09h45.50.592,Study_5_PsychoPy_Experiment,2024.1.5,NA,2025-10-09 09h46.02.245236 +0100
Knowledge,Neg,TRUE,N,NB-TB-K,TT_NB,PsychoPyStudy5Stim/TT_NB_4.png,Adam does NOT KNOW there is ONE cube,One,h,b,Y,-,N,0,161,161,59,970.1801646999666,NA,NA,NA,NA,NA,NA,NA,NA,NA,970.1675371999736,2.1979998564347e-4,970.260156399978,970.6301192999816,970.7303694000002,972.7304310000036,973.1303374000126,973.2327015000046,973.2327015000046,976.5493660999928,h,0,3.306173699966166,NA,976.5496596000156,976.5635074999882,976.5635074999882,976.5635074999882,976.5635074999882,976.5499734000186,NA,NA,NA,NA,NA,NA,NA,NA,NA,NA,026,001,2025-10-09_09h45.50.592,Study_5_PsychoPy_Experiment,2024.1.5,NA,2025-10-09 09h46.02.245236 +0100
Knowledge,Reg,FALSE,N,FB-Ig,B_TT,PsychoPyStudy5Stim/B_TT_1.png,Adam KNOWS there are ZERO cubes,Zero,b,h,N,PropTrueNoKnow,Y,0,162,162,321,976.5635074999882,NA,NA,NA,NA,NA,NA,NA,NA,NA,976.550185500004,1.6910000704228e-4,976.635241799988,977.0136696000118,977.1137909999816,979.1136656000162,979.513682299992,979.6159522000236,979.6159522000236,982.2335190000013,h,1,2.6024815000128,NA,982.2341848000068,982.2469256999902,982.2469256999902,982.2469256999902,982.2469256999902,982.23487689998,NA,NA,NA,NA,NA,NA,NA,NA,NA,NA,026,001,2025-10-09_09h45.50.592,Study_5_PsychoPy_Experiment,2024.1.5,NA,2025-10-09 09h46.02.245236 +0100
Reality,Reg,FALSE,N,NB-TB-K,DD_NB,PsychoPyStudy5Stim/DD_NB_6.png,"In REALITY, there are TWO cubes",Two,b,h,N,PropFalse,N,0,163,163,162,982.2469256999902,NA,NA,NA,NA,NA,NA,NA,NA,NA,982.2354259999702,4.3379998533055e-4,982.3285727999756,982.7135013000224,982.8136137999828,984.81364030001,985.2136088999688,985.3160167000024,985.3160167000024,987.0001278999844,h,1,1.678487099998165,NA,987.0004482999792,987.0133586999729,987.0133586999729,987.0133586999729,987.0133586999729,987.0008061999688,NA,NA,NA,NA,NA,NA,NA,NA,NA,NA,026,001,2025-10-09_09h45.50.592,Study_5_PsychoPy_Experiment,2024.1.5,NA,2025-10-09 09h46.02.245236 +0100
Reality,Reg,FALSE,N,TB-K-B,TT_B,PsychoPyStudy5Stim/TT_B_5.png,"In REALITY, there are ZERO cubes",Zero,b,h,N,PropFalse,N,0,164,164,253,987.0133586999729,NA,NA,NA,NA,NA,NA,NA,NA,NA,987.0010946000112,2.1600001491606e-4,987.087540699984,987.4634646999766,987.563645199989,989.5637469000068,989.9635749000008,990.0658278000192,990.0658278000192,990.8499878000002,h,1,0.7683714000158943,NA,990.8504211999824,990.863506899972,990.863506899972,990.863506899972,990.863506899972,990.8509024999804,NA,NA,NA,NA,NA,NA,NA,NA,NA,NA,026,001,2025-10-09_09h45.50.592,Study_5_PsychoPy_Experiment,2024.1.5,NA,2025-10-09 09h46.02.245236 +0100
Belief,Neg,TRUE,N,TB-K,TT_B,PsychoPyStudy5Stim/TT_B_3.png,Adam does NOT THINK there is ONE cube,One,h,b,Y,-,N,0,165,165,86,990.863506899972,NA,NA,NA,NA,NA,NA,NA,NA,NA,990.8512332999962,2.5869999080896e-4,990.95374919998,991.3302499999992,991.4303806999816,993.4304328999716,993.8301989000174,993.9326587999822,993.9326587999822,995.5004122999962,h,0,1.5582202000077814,NA,995.5011557000108,995.5135951999692,995.5135951999692,995.5135951999692,995.5135951999692,995.5019353000098,NA,NA,NA,NA,NA,NA,NA,NA,NA,NA,026,001,2025-10-09_09h45.50.592,Study_5_PsychoPy_Experiment,2024.1.5,NA,2025-10-09 09h46.02.245236 +0100
Knowledge,Reg,FALSE,N,TB-K-B,DD_B,PsychoPyStudy5Stim/DD_B_1.png,Adam KNOWS there is ONE cube,One,b,h,N,PropFalse,N,0,166,166,224,995.5135951999692,NA,NA,NA,NA,NA,NA,NA,NA,NA,995.5024870000198,4.2519997805356e-4,995.597369599971,995.9803399000084,996.0803830000224,998.0803273000056,998.480316900008,998.582381699991,998.582381699991,1000.367374799971,h,1,1.780458599969279,NA,1000.3682090999793,1000.3802002000156,1000.3802002000156,1000.3802002000156,1000.3802002000156,1000.3691159000156,NA,NA,NA,NA,NA,NA,NA,NA,NA,NA,026,001,2025-10-09_09h45.50.592,Study_5_PsychoPy_Experiment,2024.1.5,NA,2025-10-09 09h46.02.245236 +0100
Knowledge,Reg,TRUE,N,TB-K-B,DD_B,PsychoPyStudy5Stim/DD_B_5.png,Adam KNOWS there are ZERO cubes,Zero,h,b,N,-,N,0,167,167,219,1000.3802002000156,NA,NA,NA,NA,NA,NA,NA,NA,NA,1000.3698079999886,5.0650001503527e-4,1000.4545796000166,1000.8302332999884,1000.9304837000092,1002.9303166000172,1003.3302527000196,1003.4324676999822,1003.4324676999822,1004.6498113999842,b,1,1.21053069998743,NA,1004.6501358000096,1004.6638514000224,NA,1004.6638514000224,NA,1009.2823618999682,space,4.611355000000913,NA,NA,NA,NA,NA,NA,NA,NA,026,001,2025-10-09_09h45.50.592,Study_5_PsychoPy_Experiment,2024.1.5,NA,2025-10-09 09h46.02.245236 +0100
Belief,Reg,FALSE,N,NB-TB-K,TT_NB,PsychoPyStudy5Stim/TT_NB_2.png,Adam THINKS there are ZERO cubes,Zero,b,h,N,PropFalse,N,0,168,168,182,1009.296897799999,NA,NA,NA,NA,NA,NA,NA,NA,NA,1009.28343999997,5.2379997214302e-4,1009.3809039000188,1009.7635274999776,1009.863482100016,1011.8635881000082,1012.2636101999668,1012.3657821000088,1012.3657821000088,1014.0329947000135,h,1,1.6524717999855056,NA,1014.0332944999682,1014.046727399982,1014.046727399982,1014.046727399982,1014.046727399982,1014.0340288999724,NA,NA,NA,NA,NA,NA,NA,NA,NA,NA,026,001,2025-10-09_09h45.50.592,Study_5_PsychoPy_Experiment,2024.1.5,NA,2025-10-09 09h46.02.245236 +0100
Reality,Reg,FALSE,N,NB-TB-K,TT_NB,PsychoPyStudy5Stim/TT_NB_7.png,"In REALITY, there are ZERO cubes",Zero,b,h,N,PropFalse,N,0,169,169,194,1014.046727399982,NA,NA,NA,NA,NA,NA,NA,NA,NA,1014.034245399991,1.6970001161098e-4,1014.1268210000126,1014.4969208000113,1014.597004899988,1016.5969916000032,1016.9969856999816,1017.099051499972,1017.099051499972,1017.7336156999808,h,1,0.6316787000396289,NA,1017.7343037999816,1017.7468057000078,1017.7468057000078,1017.7468057000078,1017.7468057000078,1017.7351035000174,NA,NA,NA,NA,NA,NA,NA,NA,NA,NA,026,001,2025-10-09_09h45.50.592,Study_5_PsychoPy_Experiment,2024.1.5,NA,2025-10-09 09h46.02.245236 +0100
Belief,Reg,FALSE,N,FB-Ig,T_B_T,PsychoPyStudy5Stim/T_B_T_8.png,Adam THINKS there are ZERO cubes,Zero,b,h,N,PropFalse,N,0,170,170,290,1017.7468057000078,NA,NA,NA,NA,NA,NA,NA,NA,NA,1017.7357083999668,4.9260002560913e-4,1017.8249216999976,1018.1966075000236,1018.2966971999848,1020.2970056000048,1020.6969753999728,1020.7992184999748,1020.7992184999748,1022.2018574000105,h,1,1.3956379999872297,NA,1022.2031638000044,1022.2134540000116,1022.2134540000116,1022.2134540000116,1022.2134540000116,1022.2046061999864,NA,NA,NA,NA,NA,NA,NA,NA,NA,NA,026,001,2025-10-09_09h45.50.592,Study_5_PsychoPy_Experiment,2024.1.5,NA,2025-10-09 09h46.02.245236 +0100
Belief,Neg,TRUE,N,NB-TB-K,T_NB,PsychoPyStudy5Stim/T_NB_4.png,Adam does NOT THINK there are TWO cubes,Two,h,b,Y,-,N,0,171,171,39,1022.2134540000116,NA,NA,NA,NA,NA,NA,NA,NA,NA,1022.205627999967,7.9459999687969e-4,1022.297304000007,1022.6802277999814,1022.7802558999974,1024.7803317999933,1025.1802629000158,1025.2825328999895,1025.2825328999895,1026.3838072000071,h,0,1.097342099994421,NA,1026.3845335000078,1026.3968080999912,1026.3968080999912,1026.3968080999912,1026.3968080999912,1026.3852787999786,NA,NA,NA,NA,NA,NA,NA,NA,NA,NA,026,001,2025-10-09_09h45.50.592,Study_5_PsychoPy_Experiment,2024.1.5,NA,2025-10-09 09h46.02.245236 +0100
Knowledge,Neg,TRUE,Y,FB-Ig,T_B_T,PsychoPyStudy5Stim/T_B_T_7.png,Adam does NOT KNOW there are TWO cubes,Two,h,b,Y,-,N,0,172,172,6,1026.3968080999912,NA,NA,NA,NA,NA,NA,NA,NA,NA,1026.3857975999708,3.9900001138448e-4,1026.482463799999,1026.8634493999998,1026.9636136000045,1028.963503499981,1029.3635405999958,1029.465894599969,1029.465894599969,1034.9171724999906,b,1,5.449627199966926,NA,1034.9178529999915,1034.930088199966,1034.930088199966,1034.930088199966,1034.930088199966,1034.9185362000137,NA,NA,NA,NA,NA,NA,NA,NA,NA,NA,026,001,2025-10-09_09h45.50.592,Study_5_PsychoPy_Experiment,2024.1.5,NA,2025-10-09 09h46.02.245236 +0100
Reality,Reg,TRUE,N,TB-K-B,TT_B,PsychoPyStudy5Stim/TT_B_4.png,"In REALITY, there are TWO cubes",Two,h,b,N,-,N,0,173,173,252,1034.930088199966,NA,NA,NA,NA,NA,NA,NA,NA,NA,1034.9190315000014,3.84800019674e-4,1035.019434900023,1035.3968117000186,1035.4969237999758,1037.4968012999743,1037.8967858999968,1037.9989808999817,1037.9989808999817,1039.6331074999762,b,1,1.627957399992738,NA,1039.6336325000157,1039.6467075999826,1039.6467075999826,1039.6467075999826,1039.6467075999826,1039.634227400005,NA,NA,NA,NA,NA,NA,NA,NA,NA,NA,026,001,2025-10-09_09h45.50.592,Study_5_PsychoPy_Experiment,2024.1.5,NA,2025-10-09 09h46.02.245236 +0100
Belief,Neg,TRUE,N,TB-K,TD_B,PsychoPyStudy5Stim/TD_B_3.png,Adam does NOT THINK there are TWO cubes,Two,h,b,Y,-,N,0,174,174,110,1039.6467075999826,NA,NA,NA,NA,NA,NA,NA,NA,NA,1039.6346073999885,2.9609998455271e-4,1039.7309683000203,1040.1134306999738,1040.2136193999904,1042.2135539000155,1042.6134280000117,1042.7158036999754,1042.7158036999754,1044.0676496999804,b,1,1.3430657000280917,NA,1044.0685441999813,1044.0800329999763,1044.0800329999763,1044.0800329999763,1044.0800329999763,1044.0694128000175,NA,NA,NA,NA,NA,NA,NA,NA,NA,NA,026,001,2025-10-09_09h45.50.592,Study_5_PsychoPy_Experiment,2024.1.5,NA,2025-10-09 09h46.02.245236 +0100
Knowledge,Reg,TRUE,N,NB-TB-K,DD_NB,PsychoPyStudy5Stim/DD_NB_8.png,Adam KNOWS there are ZERO cubes,Zero,h,b,N,-,N,0,175,175,154,1044.0800329999763,NA,NA,NA,NA,NA,NA,NA,NA,NA,1044.0700578999822,5.0010002451017e-4,1044.1626513000228,1044.546759299992,1044.6468810000224,1046.6468891999684,1047.046754400013,1047.149035200011,1047.149035200011,1048.2166898999712,b,1,1.0619263999979012,NA,1048.2173763000171,1048.2300112000084,1048.2300112000084,1048.2300112000084,1048.2300112000084,1048.2181060999865,NA,NA,NA,NA,NA,NA,NA,NA,NA,NA,026,001,2025-10-09_09h45.50.592,Study_5_PsychoPy_Experiment,2024.1.5,NA,2025-10-09 09h46.02.245236 +0100
Belief,Reg,FALSE,N,NB-TB-K,TT_NB,PsychoPyStudy5Stim/TT_NB_6.png,Adam THINKS there are ZERO cubes,Zero,b,h,N,PropFalse,N,0,176,176,186,1048.2300112000084,NA,NA,NA,NA,NA,NA,NA,NA,NA,1048.2186263999902,4.0439999429509e-4,1048.302026499994,1048.6800769999973,1048.7800813000067,1050.7801637999946,1051.1800768999965,1051.2822839000146,1051.2822839000146,1055.8663409000146,h,1,4.567487100022845,NA,1055.8669060000102,1055.8799401000142,1055.8799401000142,1055.8799401000142,1055.8799401000142,1055.8675226999912,NA,NA,NA,NA,NA,NA,NA,NA,NA,NA,026,001,2025-10-09_09h45.50.592,Study_5_PsychoPy_Experiment,2024.1.5,NA,2025-10-09 09h46.02.245236 +0100
Knowledge,Reg,TRUE,N,NB-TB-K,DD_NB,PsychoPyStudy5Stim/DD_NB_3.png,Adam KNOWS there are ZERO cubes,Zero,h,b,N,-,N,0,177,177,149,1055.8799401000142,NA,NA,NA,NA,NA,NA,NA,NA,NA,1055.8679507999914,3.3200002508237e-4,1055.9641153999837,1056.3466709000058,1056.4468066999689,1058.446870099986,1058.8467267000233,1058.9490273999982,1058.9490273999982,1060.3669699999737,b,1,1.4048797999857925,NA,1060.3677781000151,1060.3800434999866,1060.3800434999866,1060.3800434999866,1060.3800434999866,1060.3686706000008,NA,NA,NA,NA,NA,NA,NA,NA,NA,NA,026,001,2025-10-09_09h45.50.592,Study_5_PsychoPy_Experiment,2024.1.5,NA,2025-10-09 09h46.02.245236 +0100
Knowledge,Neg,FALSE,N,NB-TB-K,TT_NB,PsychoPyStudy5Stim/TT_NB_4.png,Adam does NOT KNOW there are TWO cubes,Two,b,h,Y,PropFalse,N,0,178,178,67,1060.3800434999866,NA,NA,NA,NA,NA,NA,NA,NA,NA,1060.3693090999732,4.9189996207132e-4,1060.4679551000008,1060.8466938000056,1060.9468259999994,1062.9466361000086,1063.3467914999928,1063.4491942999884,1063.4491942999884,1064.4002788999933,h,1,0.9467410999932326,NA,1064.4009933000198,1064.413291200006,1064.413291200006,1064.413291200006,1064.413291200006,1064.4017386999913,NA,NA,NA,NA,NA,NA,NA,NA,NA,NA,026,001,2025-10-09_09h45.50.592,Study_5_PsychoPy_Experiment,2024.1.5,NA,2025-10-09 09h46.02.245236 +0100
Knowledge,Neg,FALSE,N,TB-K,TT_B,PsychoPyStudy5Stim/TT_B_7.png,Adam does NOT KNOW there are TWO cubes,Two,b,h,Y,PropFalse,N,0,179,179,94,1064.413291200006,NA,NA,NA,NA,NA,NA,NA,NA,NA,1064.402259399998,4.0300004184246e-4,1064.4832230000177,1064.863344900019,1064.963525599975,1066.9634066,1067.3633794999914,1067.4657282999833,1067.4657282999833,1069.8005845000152,b,0,2.320711800013669,NA,1069.8014498999692,1069.8133347000112,1069.8133347000112,1069.8133347000112,1069.8133347000112,1069.8024140999769,NA,NA,NA,NA,NA,NA,NA,NA,NA,NA,026,001,2025-10-09_09h45.50.592,Study_5_PsychoPy_Experiment,2024.1.5,NA,2025-10-09 09h46.02.245236 +0100
Knowledge,Neg,FALSE,N,TB-K,TD_B,PsychoPyStudy5Stim/TD_B_3.png,Adam does NOT KNOW there is ONE cube,One,b,h,Y,PropFalse,N,0,180,180,114,1069.8133347000112,NA,NA,NA,NA,NA,NA,NA,NA,NA,1069.803108000022,5.3710001520812e-4,1069.9035238000215,1070.2799771999707,1070.3801177999703,1072.3800809999811,1072.780117599992,1072.882369900006,1072.882369900006,1078.2657311999938,h,1,5.367921400000341,NA,1078.2660274999798,1078.2796899999958,1078.2796899999958,1078.2796899999958,1078.2796899999958,1078.2663399999728,NA,NA,NA,NA,NA,NA,NA,NA,NA,NA,026,001,2025-10-09_09h45.50.592,Study_5_PsychoPy_Experiment,2024.1.5,NA,2025-10-09 09h46.02.245236 +0100
Reality,Reg,FALSE,N,TB-K-B,TT_B,PsychoPyStudy5Stim/TT_B_6.png,"In REALITY, there is ONE cube",One,b,h,N,PropFalse,N,0,181,181,254,1078.2796899999958,NA,NA,NA,NA,NA,NA,NA,NA,NA,1078.26655260002,1.6820000018924e-4,1078.3556975999963,1078.7300080999848,1078.8299491999787,1080.830072899989,1081.2299887000115,1081.332133500022,1081.332133500022,1082.1338019999675,h,1,0.799194399965927,NA,1082.1346973999753,1082.1466571000055,1082.1466571000055,1082.1466571000055,1082.1466571000055,1082.1356795000029,NA,NA,NA,NA,NA,NA,NA,NA,NA,NA,026,001,2025-10-09_09h45.50.592,Study_5_PsychoPy_Experiment,2024.1.5,NA,2025-10-09 09h46.02.245236 +0100
Reality,Reg,TRUE,N,FB-Ig,B_T,PsychoPyStudy5Stim/B_T_1.png,"In REALITY, there is ONE cube",One,h,b,N,-,N,0,182,182,317,1082.1466571000055,NA,NA,NA,NA,NA,NA,NA,NA,NA,1082.1363867999753,5.4799998179078e-4,1082.2387629000004,1082.613326599996,1082.713395299972,1084.7134686000063,1085.113284699968,1085.2155080999946,1085.2155080999946,1085.9505993999774,b,1,0.7319158000173047,NA,1085.9513711999753,1085.9630370999805,1085.9630370999805,1085.9630370999805,1085.9630370999805,1085.9522129999823,NA,NA,NA,NA,NA,NA,NA,NA,NA,NA,026,001,2025-10-09_09h45.50.592,Study_5_PsychoPy_Experiment,2024.1.5,NA,2025-10-09 09h46.02.245236 +0100
Belief,Neg,FALSE,N,TB-K,TD_B,PsychoPyStudy5Stim/TD_B_7.png,Adam does NOT THINK there is ONE cube,One,b,h,Y,PropFalse,N,0,183,183,126,1085.9630370999805,NA,NA,NA,NA,NA,NA,NA,NA,NA,1085.9528191999998,4.705999745056e-4,1086.032767399971,1086.4132234000135,1086.5134252000134,1088.513284399989,1088.9133846000186,1089.0154104999965,1089.0154104999965,1098.699970000016,b,0,9.667975599993952,NA,1098.700685799995,1098.7131855000043,1098.7131855000043,1098.7131855000043,1098.7131855000043,1098.7014237999683,NA,NA,NA,NA,NA,NA,NA,NA,NA,NA,026,001,2025-10-09_09h45.50.592,Study_5_PsychoPy_Experiment,2024.1.5,NA,2025-10-09 09h46.02.245236 +0100
Belief,Reg,TRUE,N,TB-Ig,D_B,PsychoPyStudy5Stim/D_B_D_2.png,Adam THINKS there are ZERO cubes,Zero,h,b,N,-,Y,0,184,184,210,1098.7131855000043,NA,NA,NA,NA,NA,NA,NA,NA,NA,1098.701948700007,4.1059998329728e-4,1098.791127900011,1099.1630932000116,1099.2633854000014,1101.263303400017,1101.663414700015,1101.7654959000065,1101.7654959000065,1104.9158870999818,b,1,3.148257900029421,NA,1104.9162042000098,1104.9297419000068,1104.9297419000068,1104.9297419000068,1104.9297419000068,1104.916533600015,NA,NA,NA,NA,NA,NA,NA,NA,NA,NA,026,001,2025-10-09_09h45.50.592,Study_5_PsychoPy_Experiment,2024.1.5,NA,2025-10-09 09h46.02.245236 +0100
Belief,Neg,FALSE,N,NB-TB-K,TT_NB,PsychoPyStudy5Stim/TT_NB_8.png,Adam does NOT THINK there are TWO cubes,Two,b,h,Y,PropFalse,N,0,185,185,79,1104.9297419000068,NA,NA,NA,NA,NA,NA,NA,NA,NA,1104.9167539000046,1.7539999680593e-4,1105.0057159999851,1105.379737099982,1105.4799507000134,1107.480065700016,1107.87995089998,1107.9833083999692,1107.9833083999692,1109.0822867999668,h,1,1.0833442999864928,NA,1109.0826143000158,1109.0963822000194,1109.0963822000194,1109.0963822000194,1109.0963822000194,1109.082957400009,NA,NA,NA,NA,NA,NA,NA,NA,NA,NA,026,001,2025-10-09_09h45.50.592,Study_5_PsychoPy_Experiment,2024.1.5,NA,2025-10-09 09h46.02.245236 +0100
Knowledge,Reg,TRUE,N,NB-TB-K,D_NB,PsychoPyStudy5Stim/D_NB_7.png,Adam KNOWS there are ZERO cubes,Zero,h,b,N,-,N,0,186,186,134,1109.0963822000194,NA,NA,NA,NA,NA,NA,NA,NA,NA,1109.0831856000004,1.7990003107115e-4,1109.1898155999952,1109.5630314999726,1109.6631121999817,1111.6630868000211,1112.0630586000043,1112.1658431999967,1112.1658431999967,1116.735087900015,b,1,4.565563999989536,NA,1116.7363107000128,1116.7463343999698,1116.7463343999698,1116.7463343999698,1116.7463343999698,1116.737706999993,NA,NA,NA,NA,NA,NA,NA,NA,NA,NA,026,001,2025-10-09_09h45.50.592,Study_5_PsychoPy_Experiment,2024.1.5,NA,2025-10-09 09h46.02.245236 +0100
Knowledge,Neg,TRUE,Y,FB-Ig,T_B_T,PsychoPyStudy5Stim/T_B_T_3.png,Adam does NOT KNOW there are TWO cubes,Two,h,b,Y,-,N,0,187,187,2,1116.7463343999698,NA,NA,NA,NA,NA,NA,NA,NA,NA,1116.738475799968,5.5679999059066e-4,1116.8387536000228,1117.213051699975,1117.3131416999968,1119.313090700016,1119.7131698000012,1119.8161092000082,1119.8161092000082,1123.3824814999823,b,1,3.562949400045909,NA,1123.382797300001,1123.3963671000092,1123.3963671000092,1123.3963671000092,1123.3963671000092,1123.3831514000194,NA,NA,NA,NA,NA,NA,NA,NA,NA,NA,026,001,2025-10-09_09h45.50.592,Study_5_PsychoPy_Experiment,2024.1.5,NA,2025-10-09 09h46.02.245236 +0100
Knowledge,Reg,FALSE,N,FB-Ig,D_B_T,PsychoPyStudy5Stim/D_B_T_2.png,Adam KNOWS there are TWO cubes,Two,b,h,N,PropFalse,N,0,188,188,292,1123.3963671000092,NA,NA,NA,NA,NA,NA,NA,NA,NA,1123.3833742999705,1.7650000518187e-4,1123.4716696999967,1123.8462453999673,1123.946473399992,1125.946424099966,1126.34655810002,1126.449010899989,1126.449010899989,1132.7490961999863,h,1,6.288981000019703,NA,1132.7494093999849,1132.7629259999958,1132.7629259999958,1132.7629259999958,1132.7629259999958,1132.749721399974,NA,NA,NA,NA,NA,NA,NA,NA,NA,NA,026,001,2025-10-09_09h45.50.592,Study_5_PsychoPy_Experiment,2024.1.5,NA,2025-10-09 09h46.02.245236 +0100
Knowledge,Reg,FALSE,N,FB-Ig,B_T,PsychoPyStudy5Stim/B_T_4.png,Adam KNOWS there are ZERO cubes,Zero,b,h,N,PropTrueNoKnow,Y,0,189,189,310,1132.7629259999958,NA,NA,NA,NA,NA,NA,NA,NA,NA,1132.749947000004,1.8280005315318e-4,1132.838581899996,1133.2128415000043,1133.312993599975,1135.3131765999717,1135.7130086999969,1135.8154585000011,1135.8154585000011,1141.2008420000202,h,1,5.370650199998636,NA,1141.2019157999894,1141.2131498000235,1141.2131498000235,1141.2131498000235,1141.2131498000235,1141.2031558000017,NA,NA,NA,NA,NA,NA,NA,NA,NA,NA,026,001,2025-10-09_09h45.50.592,Study_5_PsychoPy_Experiment,2024.1.5,NA,2025-10-09 09h46.02.245236 +0100
Belief,Neg,TRUE,Y,FB-Ig,D_B_T,PsychoPyStudy5Stim/D_B_T_2.png,Adam does NOT THINK there is ONE cube,One,h,b,Y,-,N,0,190,190,25,1141.2131498000235,NA,NA,NA,NA,NA,NA,NA,NA,NA,1141.204014900024,6.6590000642463e-4,1141.3154473999748,1141.6962104999693,1141.7966033999692,1143.7963115000166,1144.196235899988,1144.298563999997,1144.298563999997,1146.2490962999873,b,1,1.943508099997416,NA,1146.2494029999943,1146.262913100014,1146.262913100014,1146.262913100014,1146.262913100014,1146.2497050000238,NA,NA,NA,NA,NA,NA,NA,NA,NA,NA,026,001,2025-10-09_09h45.50.592,Study_5_PsychoPy_Experiment,2024.1.5,NA,2025-10-09 09h46.02.245236 +0100
Knowledge,Neg,TRUE,Y,FB-Ig,T_B_T,PsychoPyStudy5Stim/T_B_T_6.png,Adam does NOT KNOW there are TWO cubes,Two,h,b,Y,-,N,0,191,191,5,1146.262913100014,NA,NA,NA,NA,NA,NA,NA,NA,NA,1146.2499212999828,1.7020001541823e-4,1146.34454869997,1146.7294494999803,1146.8297014000127,1148.8297516999885,1149.229588599992,1149.331858599966,1149.331858599966,1150.0995392000186,b,1,0.7589712000335567,NA,1150.100192199985,1150.1129358999897,1150.1129358999897,1150.1129358999897,1150.1129358999897,1150.1008772000205,NA,NA,NA,NA,NA,NA,NA,NA,NA,NA,026,001,2025-10-09_09h45.50.592,Study_5_PsychoPy_Experiment,2024.1.5,NA,2025-10-09 09h46.02.245236 +0100
Belief,Reg,FALSE,N,TB-K-B,TD_B,PsychoPyStudy5Stim/TD_B_4.png,Adam THINKS there are ZERO cubes,Zero,b,h,N,PropFalse,N,0,192,192,266,1150.1129358999897,NA,NA,NA,NA,NA,NA,NA,NA,NA,1150.101367699972,3.8010004209354e-4,1150.2090008999803,1150.5794320999994,1150.6797912999757,1152.6797631999943,1153.079615499999,1153.1820335999946,1153.1820335999946,1154.0324561999878,h,1,0.8359412000281736,NA,1154.032762799994,1154.0461254999973,1154.0461254999973,1154.0461254999973,1154.0461254999973,1154.033079500019,NA,NA,NA,NA,NA,NA,NA,NA,NA,NA,026,001,2025-10-09_09h45.50.592,Study_5_PsychoPy_Experiment,2024.1.5,NA,2025-10-09 09h46.02.245236 +0100
Knowledge,Reg,FALSE,N,FB-Ig,B_T,PsychoPyStudy5Stim/B_T_3.png,Adam KNOWS there are ZERO cubes,Zero,b,h,N,PropTrueNoKnow,Y,0,193,193,309,1154.0461254999973,NA,NA,NA,NA,NA,NA,NA,NA,NA,1154.033294999972,1.7000001389533e-4,1154.1163834999898,1154.496401500015,1154.5962500000023,1156.5963714999962,1156.996377100004,1157.098734500003,1157.098734500003,1158.9160246999818,h,1,1.8150224999990312,NA,1158.9165848999985,1158.9295891000074,1158.9295891000074,1158.9295891000074,1158.9295891000074,1158.9171982000116,NA,NA,NA,NA,NA,NA,NA,NA,NA,NA,026,001,2025-10-09_09h45.50.592,Study_5_PsychoPy_Experiment,2024.1.5,NA,2025-10-09 09h46.02.245236 +0100
Belief,Reg,FALSE,N,FB-Ig,T_B_T,PsychoPyStudy5Stim/T_B_T_4.png,Adam THINKS there are ZERO cubes,Zero,b,h,N,PropFalse,N,0,194,194,286,1158.9295891000074,NA,NA,NA,NA,NA,NA,NA,NA,NA,1158.9176260000097,3.3340003574267e-4,1159.011822599976,1159.3963377000182,1159.4964373999974,1161.4964407000225,1161.8963922999685,1161.998681899975,1161.998681899975,1162.7996327999865,h,1,0.7873831000179052,NA,1162.8002904999885,1162.8129327999775,1162.8129327999775,1162.8129327999775,1162.8129327999775,1162.801009799994,NA,NA,NA,NA,NA,NA,NA,NA,NA,NA,026,001,2025-10-09_09h45.50.592,Study_5_PsychoPy_Experiment,2024.1.5,NA,2025-10-09 09h46.02.245236 +0100
Knowledge,Neg,TRUE,Y,FB-Ig,T_B_T,PsychoPyStudy5Stim/T_B_T_5.png,Adam does NOT KNOW there are TWO cubes,Two,h,b,Y,-,N,0,195,195,4,1162.8129327999775,NA,NA,NA,NA,NA,NA,NA,NA,NA,1162.801520899986,3.9609998930245e-4,1162.8852825000067,1163.2628416999942,1163.3630160000175,1165.363063399971,1165.7630614999798,1165.8653542000102,1165.8653542000102,1168.1829233000171,b,1,2.3136752999853343,NA,1168.1834969000192,1168.1962800999754,1168.1962800999754,1168.1962800999754,1168.1962800999754,1168.184130300011,NA,NA,NA,NA,NA,NA,NA,NA,NA,NA,026,001,2025-10-09_09h45.50.592,Study_5_PsychoPy_Experiment,2024.1.5,NA,2025-10-09 09h46.02.245236 +0100
Belief,Neg,TRUE,Y,FB-Ig,D_B_T,PsychoPyStudy5Stim/D_B_T_5.png,Adam does NOT THINK there is ONE cube,One,h,b,Y,-,N,0,196,196,28,1168.1962800999754,NA,NA,NA,NA,NA,NA,NA,NA,NA,1168.18459119997,3.6289996933192e-4,1168.2780133999768,1168.662712899968,1168.7628432000056,1170.7629839999718,1171.163061900006,1171.2652313999715,1171.2652313999715,1175.282915499993,b,1,4.008607299998403,NA,1175.283589700004,1175.2962709999993,1175.2962709999993,1175.2962709999993,1175.2962709999993,1175.284327499976,NA,NA,NA,NA,NA,NA,NA,NA,NA,NA,026,001,2025-10-09_09h45.50.592,Study_5_PsychoPy_Experiment,2024.1.5,NA,2025-10-09 09h46.02.245236 +0100
Belief,Neg,TRUE,Y,FB-Ig,D_B_T,PsychoPyStudy5Stim/D_B_T_1.png,Adam does NOT THINK there is ONE cube,One,h,b,Y,-,N,0,197,197,24,1175.2962709999993,NA,NA,NA,NA,NA,NA,NA,NA,NA,1175.2848832000163,4.3780001578852e-4,1175.377652700001,1175.7629493999991,1175.8631034999853,1177.8630661999923,1178.2629669000162,1178.365409400023,1178.365409400023,1180.349373999983,b,1,1.973073400033172,NA,1180.3499959000037,1180.362872699974,1180.362872699974,1180.362872699974,1180.362872699974,1180.350692100008,NA,NA,NA,NA,NA,NA,NA,NA,NA,NA,026,001,2025-10-09_09h45.50.592,Study_5_PsychoPy_Experiment,2024.1.5,NA,2025-10-09 09h46.02.245236 +0100
Knowledge,Reg,FALSE,N,TB-K-B,DD_B,PsychoPyStudy5Stim/DD_B_9.png,Adam KNOWS there is ONE cube,One,b,h,N,PropFalse,N,0,198,198,223,1180.362872699974,NA,NA,NA,NA,NA,NA,NA,NA,NA,1180.3511834999665,3.8300000596791e-4,1180.4393989000237,1180.8129318999709,1180.9130442999883,1182.9129961999715,1183.31296499999,1183.4151807000162,1183.4151807000162,1185.5662853000103,h,1,2.1386899999924935,NA,1185.5668800999993,1185.5794070999837,1185.5794070999837,1185.5794070999837,1185.5794070999837,1185.5675606000004,NA,NA,NA,NA,NA,NA,NA,NA,NA,NA,026,001,2025-10-09_09h45.50.592,Study_5_PsychoPy_Experiment,2024.1.5,NA,2025-10-09 09h46.02.245236 +0100
Belief,Neg,FALSE,N,TB-K,TD_B,PsychoPyStudy5Stim/TD_B_5.png,Adam does NOT THINK there is ONE cube,One,b,h,Y,PropFalse,N,0,199,199,124,1185.5794070999837,NA,NA,NA,NA,NA,NA,NA,NA,NA,1185.5680607999675,4.0580000495538e-4,1185.652362200024,1186.0295779000153,1186.1297214999795,1188.129568799981,1188.5297456000117,1188.631873700011,1188.631873700011,1190.532570499985,b,0,1.8989014999824576,NA,1190.5330643000198,1190.546169999987,1190.546169999987,1190.546169999987,1190.546169999987,1190.5335983000114,NA,NA,NA,NA,NA,NA,NA,NA,NA,NA,026,001,2025-10-09_09h45.50.592,Study_5_PsychoPy_Experiment,2024.1.5,NA,2025-10-09 09h46.02.245236 +0100
Reality,Reg,TRUE,N,FB-Ig,B_TT,PsychoPyStudy5Stim/B_TT_2.png,"In REALITY, there are TWO cubes",Two,h,b,N,-,N,0,200,200,332,1190.546169999987,NA,NA,NA,NA,NA,NA,NA,NA,NA,1190.533973600017,2.9289996018633e-4,1190.624874799978,1190.9962507999735,1191.0963572000037,1193.096333900001,1193.4962610999935,1193.5986640999909,1193.5986640999909,1203.5991115000215,b,1,9.987223000032827,NA,1203.5996120999916,1203.612741000019,1203.612741000019,1203.612741000019,1203.612741000019,1203.6002300999826,NA,NA,NA,NA,NA,NA,NA,NA,NA,NA,026,001,2025-10-09_09h45.50.592,Study_5_PsychoPy_Experiment,2024.1.5,NA,2025-10-09 09h46.02.245236 +0100
Knowledge,Reg,TRUE,N,TB-K-B,DD_B,PsychoPyStudy5Stim/DD_B_1.png,Adam KNOWS there are ZERO cubes,Zero,h,b,N,-,N,0,201,201,215,1203.612741000019,NA,NA,NA,NA,NA,NA,NA,NA,NA,1203.600607500004,2.9440002981573e-4,1203.6952715999796,1204.0795069999876,1204.1796435000142,1206.1796344000031,1206.5795561000125,1206.6818861999782,1206.6818861999782,1208.0490146999946,b,1,1.352191500016488,NA,1208.049487799988,1208.0627459000098,1208.0627459000098,1208.0627459000098,1208.0627459000098,1208.049975699978,NA,NA,NA,NA,NA,NA,NA,NA,NA,NA,026,001,2025-10-09_09h45.50.592,Study_5_PsychoPy_Experiment,2024.1.5,NA,2025-10-09 09h46.02.245236 +0100
Knowledge,Reg,FALSE,N,FB-Ig,T_B_T,PsychoPyStudy5Stim/T_B_T_2.png,Adam KNOWS there are ZERO cubes,Zero,b,h,N,PropFalse,N,0,202,202,276,1208.0627459000098,NA,NA,NA,NA,NA,NA,NA,NA,NA,1208.0503394000116,2.6890001026913e-4,1208.1387276999883,1208.512872799998,1208.6130443000002,1210.613005799998,1211.012903900002,1211.115160699992,1211.115160699992,1215.132572099974,h,1,4.007351199979894,NA,1215.133190499968,1215.146063000022,1215.146063000022,1215.146063000022,1215.146063000022,1215.1338943999726,NA,NA,NA,NA,NA,NA,NA,NA,NA,NA,026,001,2025-10-09_09h45.50.592,Study_5_PsychoPy_Experiment,2024.1.5,NA,2025-10-09 09h46.02.245236 +0100
Belief,Reg,TRUE,N,FB-Ig,B_TT,PsychoPyStudy5Stim/B_TT_4.png,Adam THINKS there are ZERO cubes,Zero,h,b,N,-,Y,0,203,203,329,1215.146063000022,NA,NA,NA,NA,NA,NA,NA,NA,NA,1215.1343786999932,4.0439999429509e-4,1215.233519500005,1215.612805899989,1215.7129469999927,1217.7128559999985,1218.112860900001,1218.2151690999744,1218.2151690999744,1219.232436899969,b,1,1.0027621000190263,NA,1219.2330202999874,1219.2460193000152,1219.2460193000152,1219.2460193000152,1219.2460193000152,1219.2336262000026,NA,NA,NA,NA,NA,NA,NA,NA,NA,NA,026,001,2025-10-09_09h45.50.592,Study_5_PsychoPy_Experiment,2024.1.5,NA,2025-10-09 09h46.02.245236 +0100
Knowledge,Neg,TRUE,N,NB-TB-K,T_NB,PsychoPyStudy5Stim/T_NB_3.png,Adam does NOT KNOW there are TWO cubes,Two,h,b,Y,-,N,0,204,204,34,1219.2460193000152,NA,NA,NA,NA,NA,NA,NA,NA,NA,1219.2340938000125,3.459999570623e-4,1219.3403951000073,1219.7127595000202,1219.8129536000197,1221.8129429999972,1222.212795600004,1222.3151327000232,1222.3151327000232,1224.2653517000144,h,0,1.9431605000281704,NA,1224.2656848999904,1224.2793262000196,1224.2793262000196,1224.2793262000196,1224.2793262000196,1224.2660127999843,NA,NA,NA,NA,NA,NA,NA,NA,NA,NA,026,001,2025-10-09_09h45.50.592,Study_5_PsychoPy_Experiment,2024.1.5,NA,2025-10-09 09h46.02.245236 +0100
Knowledge,Reg,TRUE,N,NB-TB-K,DD_NB,PsychoPyStudy5Stim/DD_NB_1.png,Adam KNOWS there are ZERO cubes,Zero,h,b,N,-,N,0,205,205,147,1224.2793262000196,NA,NA,NA,NA,NA,NA,NA,NA,NA,1224.2662230000133,1.6590004088357e-4,1224.3500532999751,1224.7293628000189,1224.8295821999782,1226.8295048999717,1227.229483700008,1227.331797300023,1227.331797300023,1230.0162527000066,h,0,2.670176699990406,NA,1230.0171147999936,1230.0293761999928,1230.0293761999928,1230.0293761999928,1230.0293761999928,1230.0180193000124,NA,NA,NA,NA,NA,NA,NA,NA,NA,NA,026,001,2025-10-09_09h45.50.592,Study_5_PsychoPy_Experiment,2024.1.5,NA,2025-10-09 09h46.02.245236 +0100
Belief,Reg,FALSE,N,NB-TB-K,DD_NB,PsychoPyStudy5Stim/DD_NB_1.png,Adam THINKS there is ONE cube,One,b,h,N,PropFalse,N,0,206,206,157,1230.0293761999928,NA,NA,NA,NA,NA,NA,NA,NA,NA,1230.0186712999712,5.0599995302036e-4,1230.107360199967,1230.479423300014,1230.5795977999803,1232.579434400017,1232.9794764000108,1233.081753699982,1233.081753699982,1234.6656911000027,h,1,1.5763751000049524,NA,1234.6662857999909,1234.6793150000158,1234.6793150000158,1234.6793150000158,1234.6793150000158,1234.666897499992,NA,NA,NA,NA,NA,NA,NA,NA,NA,NA,026,001,2025-10-09_09h45.50.592,Study_5_PsychoPy_Experiment,2024.1.5,NA,2025-10-09 09h46.02.245236 +0100
Belief,Reg,TRUE,N,NB-TB-K,TT_NB,PsychoPyStudy5Stim/TT_NB_6.png,Adam THINKS there are TWO cubes,Two,h,b,N,-,N,0,207,207,178,1234.6793150000158,NA,NA,NA,NA,NA,NA,NA,NA,NA,1234.667357600003,3.4310005139559e-4,1234.7598025000188,1235.1294926999835,1235.2294481999706,1237.22947869997,1237.6294224999729,1237.7317431999836,1237.7317431999836,1240.4322318999912,h,0,2.68636819999665,NA,1240.4327158000087,1240.4458996999892,1240.4458996999892,1240.4458996999892,1240.4458996999892,1240.4332456999691,NA,NA,NA,NA,NA,NA,NA,NA,NA,NA,026,001,2025-10-09_09h45.50.592,Study_5_PsychoPy_Experiment,2024.1.5,NA,2025-10-09 09h46.02.245236 +0100
Reality,Reg,TRUE,N,NB-TB-K,TT_NB,PsychoPyStudy5Stim/TT_NB_3.png,"In REALITY, there are TWO cubes",Two,h,b,N,-,N,0,208,208,192,1240.4458996999892,NA,NA,NA,NA,NA,NA,NA,NA,NA,1240.4336174000057,2.9139994876459e-4,1240.5232294999878,1240.896149999986,1240.9960423000157,1242.9961191000184,1243.396039300016,1243.4982928999816,1243.4982928999816,1244.1824451999855,b,1,0.6720958999940194,NA,1244.1830022999784,1244.1959840999916,1244.1959840999916,1244.1959840999916,1244.1959840999916,1244.1836183000123,NA,NA,NA,NA,NA,NA,NA,NA,NA,NA,026,001,2025-10-09_09h45.50.592,Study_5_PsychoPy_Experiment,2024.1.5,NA,2025-10-09 09h46.02.245236 +0100
Knowledge,Reg,FALSE,N,FB-Ig,D_B_T,PsychoPyStudy5Stim/D_B_T_3.png,Adam KNOWS there are TWO cubes,Two,b,h,N,PropFalse,N,0,209,209,293,1244.1959840999916,NA,NA,NA,NA,NA,NA,NA,NA,NA,1244.18404740002,3.3449998591095e-4,1244.2787750000134,1244.662662399991,1244.7629296000232,1246.762894399988,1247.162739899999,1247.2649620000157,1247.2649620000157,1248.4990008000168,h,1,1.2249428000068292,NA,1248.4995860999916,1248.5126385000185,1248.5126385000185,1248.5126385000185,1248.5126385000185,1248.5002372000015,NA,NA,NA,NA,NA,NA,NA,NA,NA,NA,026,001,2025-10-09_09h45.50.592,Study_5_PsychoPy_Experiment,2024.1.5,NA,2025-10-09 09h46.02.245236 +0100
Knowledge,Neg,FALSE,N,TB-K,TD_B,PsychoPyStudy5Stim/TD_B_7.png,Adam does NOT KNOW there is ONE cube,One,b,h,Y,PropFalse,N,0,210,210,118,1248.5126385000185,NA,NA,NA,NA,NA,NA,NA,NA,NA,1248.5006648999988,3.3340003574267e-4,1248.5855801000143,1248.962627300003,1249.0628321999684,1251.0628167999675,1251.4627241999842,1251.5649665999808,1251.5649665999808,1253.8153728999896,h,1,2.236176799982786,NA,1253.8156637999928,1253.8292585000163,1253.8292585000163,1253.8292585000163,1253.8292585000163,1253.815978700004,NA,NA,NA,NA,NA,NA,NA,NA,NA,NA,026,001,2025-10-09_09h45.50.592,Study_5_PsychoPy_Experiment,2024.1.5,NA,2025-10-09 09h46.02.245236 +0100
Knowledge,Reg,FALSE,N,FB-Ig,T_B_T,PsychoPyStudy5Stim/T_B_T_7.png,Adam KNOWS there are ZERO cubes,Zero,b,h,N,PropFalse,N,0,211,211,281,1253.8292585000163,NA,NA,NA,NA,NA,NA,NA,NA,NA,1253.8161840999965,1.6180000966414e-4,1253.89959310001,1254.2793421999668,1254.379458100011,1256.3793920999742,1256.7792908999836,1256.881691800023,1256.881691800023,1260.032187799981,h,1,3.1358027000096627,NA,1260.032745799981,1260.045900999976,1260.045900999976,1260.045900999976,1260.045900999976,1260.0333433999913,NA,NA,NA,NA,NA,NA,NA,NA,NA,NA,026,001,2025-10-09_09h45.50.592,Study_5_PsychoPy_Experiment,2024.1.5,NA,2025-10-09 09h46.02.245236 +0100
Knowledge,Reg,FALSE,N,TB-Ig,D_B,PsychoPyStudy5Stim/D_B_2.png,Adam KNOWS there are ZERO cubes,Zero,b,h,N,PropTrueNoKnow,Y,0,212,212,198,1260.045900999976,NA,NA,NA,NA,NA,NA,NA,NA,NA,1260.033758300007,3.224000101909e-4,1260.1269638999947,1260.4961113000172,1260.596056499984,1262.5960759000154,1262.9961102000088,1263.0983414999791,1263.0983414999791,1270.3662039000192,b,0,7.255685200041626,NA,1270.3670505000046,1270.3793069999665,1270.3793069999665,1270.3793069999665,1270.3793069999665,1270.3679514999967,NA,NA,NA,NA,NA,NA,NA,NA,NA,NA,026,001,2025-10-09_09h45.50.592,Study_5_PsychoPy_Experiment,2024.1.5,NA,2025-10-09 09h46.02.245236 +0100
Knowledge,Neg,FALSE,N,NB-TB-K,T_NB,PsychoPyStudy5Stim/T_NB_6.png,Adam does NOT KNOW there is ONE cube,One,b,h,Y,PropFalse,N,0,213,213,45,1270.3793069999665,NA,NA,NA,NA,NA,NA,NA,NA,NA,1270.3685938999988,4.958999925293e-4,1270.4685994000174,1270.8458412999753,1270.9461637000204,1272.9461739999824,1273.346144500014,1273.4486051999847,1273.4486051999847,1275.815192500013,h,1,2.352333099988755,NA,1275.8154906000127,1275.8290784999845,1275.8290784999845,1275.8290784999845,1275.8290784999845,1275.8158222999773,NA,NA,NA,NA,NA,NA,NA,NA,NA,NA,026,001,2025-10-09_09h45.50.592,Study_5_PsychoPy_Experiment,2024.1.5,NA,2025-10-09 09h46.02.245236 +0100
Knowledge,Reg,FALSE,N,FB-Ig,D_B_T,PsychoPyStudy5Stim/D_B_T_8.png,Adam KNOWS there are TWO cubes,Two,b,h,N,PropFalse,N,0,214,214,298,1275.8290784999845,NA,NA,NA,NA,NA,NA,NA,NA,NA,1275.8160319000017,1.6639998648315e-4,1275.9118394000106,1276.2958020999797,1276.3958783000126,1278.3960635999683,1278.796005400014,1278.898300600005,1278.898300600005,1281.8657784999814,h,1,2.951447499974165,NA,1281.8664396000097,1281.879212300002,1281.879212300002,1281.879212300002,1281.879212300002,1281.8671812000102,NA,NA,NA,NA,NA,NA,NA,NA,NA,NA,026,001,2025-10-09_09h45.50.592,Study_5_PsychoPy_Experiment,2024.1.5,NA,2025-10-09 09h46.02.245236 +0100
Knowledge,Reg,TRUE,N,NB-TB-K,DD_NB,PsychoPyStudy5Stim/DD_NB_5.png,Adam KNOWS there are ZERO cubes,Zero,h,b,N,-,N,0,215,215,151,1281.879212300002,NA,NA,NA,NA,NA,NA,NA,NA,NA,1281.8676917999985,4.4249999336898e-4,1281.9665692999845,1282.3458672999986,1282.4460239000036,1284.44601840002,1284.845975300006,1284.948269399989,1284.948269399989,1286.865621600009,b,1,1.9097943999804556,NA,1286.8662151999888,1286.8791391999694,1286.8791391999694,1286.8791391999694,1286.8791391999694,1286.8668187999865,NA,NA,NA,NA,NA,NA,NA,NA,NA,NA,026,001,2025-10-09_09h45.50.592,Study_5_PsychoPy_Experiment,2024.1.5,NA,2025-10-09 09h46.02.245236 +0100
Belief,Neg,TRUE,N,NB-TB-K,TT_NB,PsychoPyStudy5Stim/TT_NB_2.png,Adam does NOT THINK there is ONE cube,One,h,b,Y,-,N,0,216,216,61,1286.8791391999694,NA,NA,NA,NA,NA,NA,NA,NA,NA,1286.867282499967,3.4609995782375e-4,1286.9586501999877,1287.3293172999984,1287.4292022999723,1289.4293685000157,1289.829125599994,1289.9314997000038,1289.9314997000038,1291.165601200017,h,0,1.2298865000484511,NA,1291.166096800007,1291.179095999978,1291.179095999978,1291.179095999978,1291.179095999978,1291.1666644000215,NA,NA,NA,NA,NA,NA,NA,NA,NA,NA,026,001,2025-10-09_09h45.50.592,Study_5_PsychoPy_Experiment,2024.1.5,NA,2025-10-09 09h46.02.245236 +0100
Knowledge,Neg,FALSE,N,TB-K,TT_B,PsychoPyStudy5Stim/TT_B_4.png,Adam does NOT KNOW there are TWO cubes,Two,b,h,Y,PropFalse,N,0,217,217,91,1291.179095999978,NA,NA,NA,NA,NA,NA,NA,NA,NA,1291.167038500018,2.9339996399357e-4,1291.2552956999862,1291.6291685000178,1291.729352399998,1293.7292285999863,1294.1292998999706,1294.2315937000094,1294.2315937000094,1303.7162698999746,h,1,9.474571499973536,NA,1303.7170777000138,1303.7291855000076,1303.7291855000076,1303.7291855000076,1303.7291855000076,1303.7179636000074,NA,NA,NA,NA,NA,NA,NA,NA,NA,NA,026,001,2025-10-09_09h45.50.592,Study_5_PsychoPy_Experiment,2024.1.5,NA,2025-10-09 09h46.02.245236 +0100
Belief,Neg,FALSE,N,TB-K,TT_B,PsychoPyStudy5Stim/TT_B_6.png,Adam does NOT THINK there are TWO cubes,Two,b,h,Y,PropFalse,N,0,218,218,101,1303.7291855000076,NA,NA,NA,NA,NA,NA,NA,NA,NA,1303.7186107999878,5.0500000361353e-4,1303.824581599969,1304.1958350000205,1304.296007499972,1306.2960155999754,1306.69593430002,1306.7981834000093,1306.7981834000093,1308.73237589997,h,1,1.9233838000218384,NA,1308.7330551000196,1308.7457153999712,1308.7457153999712,1308.7457153999712,1308.7457153999712,1308.733797299967,NA,NA,NA,NA,NA,NA,NA,NA,NA,NA,026,001,2025-10-09_09h45.50.592,Study_5_PsychoPy_Experiment,2024.1.5,NA,2025-10-09 09h46.02.245236 +0100
Reality,Reg,FALSE,N,TB-Ig,D_B,PsychoPyStudy5Stim/D_B_D_2.png,"In REALITY, there is ONE cube",One,b,h,N,NA,N,0,219,219,213,1308.7457153999712,NA,NA,NA,NA,NA,NA,NA,NA,NA,1308.7343160000164,4.0249997982755e-4,1308.8368142999825,1309.2123931999668,1309.3125766000012,1311.3124564000173,1311.7123270999873,1311.814868599991,1311.814868599991,1312.9987332000164,h,1,1.1784625999862328,NA,1312.9992616999662,1313.0123818999857,1313.0123818999857,1313.0123818999857,1313.0123818999857,1312.999822999991,NA,NA,NA,NA,NA,NA,NA,NA,NA,NA,026,001,2025-10-09_09h45.50.592,Study_5_PsychoPy_Experiment,2024.1.5,NA,2025-10-09 09h46.02.245236 +0100
Knowledge,Reg,TRUE,N,NB-TB-K,DD_NB,PsychoPyStudy5Stim/DD_NB_7.png,Adam KNOWS there are ZERO cubes,Zero,h,b,N,-,N,0,220,220,153,1313.0123818999857,NA,NA,NA,NA,NA,NA,NA,NA,NA,1313.0002316000173,3.2560003455728e-4,1313.0900185999926,1313.4624796999851,1313.5626011000131,1315.562539000006,1315.9624772999668,1316.0647433999693,1316.0647433999693,1320.7153211999685,b,1,4.6405375999747775,NA,1320.7158071000013,1320.7290199999698,1320.7290199999698,1320.7290199999698,1320.7290199999698,1320.716306300019,NA,NA,NA,NA,NA,NA,NA,NA,NA,NA,026,001,2025-10-09_09h45.50.592,Study_5_PsychoPy_Experiment,2024.1.5,NA,2025-10-09 09h46.02.245236 +0100
Belief,Neg,TRUE,Y,FB-Ig,T_B_T,PsychoPyStudy5Stim/T_B_T_5.png,Adam does NOT THINK there are TWO cubes,Two,h,b,Y,-,N,0,221,221,20,1320.7290199999698,NA,NA,NA,NA,NA,NA,NA,NA,NA,1320.7166780999978,2.90900003165e-4,1320.8111460999935,1321.1957536999837,1321.29594370001,1323.2959327999852,1323.6958220999804,1323.7980768000125,1323.7980768000125,1337.4655365999788,b,1,13.651036600000223,NA,1337.4661255999818,1337.4789552000002,1337.4789552000002,1337.4789552000002,1337.4789552000002,1337.4667338000145,NA,NA,NA,NA,NA,NA,NA,NA,NA,NA,026,001,2025-10-09_09h45.50.592,Study_5_PsychoPy_Experiment,2024.1.5,NA,2025-10-09 09h46.02.245236 +0100
Belief,Reg,TRUE,N,FB-Ig,B_T,PsychoPyStudy5Stim/B_T_1.png,Adam THINKS there are ZERO cubes,Zero,h,b,N,-,Y,0,222,222,312,1337.4789552000002,NA,NA,NA,NA,NA,NA,NA,NA,NA,1337.467194799974,3.6840001121163e-4,1337.5653087999672,1337.9456984999706,1338.0458151000205,1340.0458814000012,1340.4457541999873,1340.548019899987,1340.548019899987,1344.2817371999845,b,1,3.726050999946892,NA,1344.282180899987,1344.2955705000204,1344.2955705000204,1344.2955705000204,1344.2955705000204,1344.2827030000044,NA,NA,NA,NA,NA,NA,NA,NA,NA,NA,026,001,2025-10-09_09h45.50.592,Study_5_PsychoPy_Experiment,2024.1.5,NA,2025-10-09 09h46.02.245236 +0100
Belief,Reg,FALSE,N,FB-Ig,D_B_T,PsychoPyStudy5Stim/D_B_T_3.png,Adam THINKS there are TWO cubes,Two,b,h,N,PropFalse,N,0,223,223,301,1344.2955705000204,NA,NA,NA,NA,NA,NA,NA,NA,NA,1344.283030999999,2.5689997710287e-4,1344.3798939000117,1344.762343499984,1344.8624771999894,1346.862355899997,1347.2623951999703,1347.364713500021,1347.364713500021,1351.898596599989,h,1,4.525076200021431,NA,1351.899145399977,1351.912244900013,1351.912244900013,1351.912244900013,1351.912244900013,1351.899724100018,NA,NA,NA,NA,NA,NA,NA,NA,NA,NA,026,001,2025-10-09_09h45.50.592,Study_5_PsychoPy_Experiment,2024.1.5,NA,2025-10-09 09h46.02.245236 +0100
Knowledge,Reg,FALSE,N,NB-TB-K,TT_NB,PsychoPyStudy5Stim/TT_NB_4.png,Adam KNOWS there is ONE cube,One,b,h,N,PropFalse,N,0,224,224,175,1351.912244900013,NA,NA,NA,NA,NA,NA,NA,NA,NA,1351.9001196000029,3.0760001391172e-4,1351.989958500024,1352.36222369998,1352.4624467999674,1354.4624578999938,1354.8624279000214,1354.9647656999878,1354.9647656999878,1357.349069399992,h,1,2.3804850000306033,NA,1357.3497653999948,1357.362232399988,1357.362232399988,1357.362232399988,1357.362232399988,1357.3505605999962,NA,NA,NA,NA,NA,NA,NA,NA,NA,NA,026,001,2025-10-09_09h45.50.592,Study_5_PsychoPy_Experiment,2024.1.5,NA,2025-10-09 09h46.02.245236 +0100
Belief,Neg,FALSE,N,NB-TB-K,T_NB,PsychoPyStudy5Stim/T_NB_4.png,Adam does NOT THINK there is ONE cube,One,b,h,Y,PropFalse,N,0,225,225,51,1357.362232399988,NA,NA,NA,NA,NA,NA,NA,NA,NA,1357.3510812000022,4.0669995360076e-4,1357.4448540000012,1357.8288493999862,1357.9291414999752,1359.9290237000096,1360.329045200022,1360.431300199998,1360.431300199998,1366.4819035999826,b,0,6.033498300006613,NA,1366.482497400022,1366.495541399985,1366.495541399985,1366.495541399985,1366.495541399985,1366.4831767000142,NA,NA,NA,NA,NA,NA,NA,NA,NA,NA,026,001,2025-10-09_09h45.50.592,Study_5_PsychoPy_Experiment,2024.1.5,NA,2025-10-09 09h46.02.245236 +0100
Reality,Reg,TRUE,N,NB-TB-K,D_NB,PsychoPyStudy5Stim/D_NB_2.png,"In REALITY, there are ZERO cubes",Zero,h,b,N,-,N,0,226,226,136,1366.495541399985,NA,NA,NA,NA,NA,NA,NA,NA,NA,1366.4836156999809,3.4179998328909e-4,1366.583419099974,1366.962305299996,1367.0623984999838,1369.0623018000042,1369.4623080000165,1369.564648300002,1369.564648300002,1370.798517099989,b,1,1.2285015000379644,NA,1370.7990200999775,1370.8121256000013,1370.8121256000013,1370.8121256000013,1370.8121256000013,1370.7995722999913,NA,NA,NA,NA,NA,NA,NA,NA,NA,NA,026,001,2025-10-09_09h45.50.592,Study_5_PsychoPy_Experiment,2024.1.5,NA,2025-10-09 09h46.02.245236 +0100
Knowledge,Reg,TRUE,N,TB-K-B,TT_B,PsychoPyStudy5Stim/TT_B_8.png,Adam KNOWS there are TWO cubes,Two,h,b,N,-,N,0,227,227,244,1370.8121256000013,NA,NA,NA,NA,NA,NA,NA,NA,NA,1370.7999481000006,2.9329996323212e-4,1370.8928821000154,1371.2621636000113,1371.3622913999716,1373.36234469997,1373.7623101000208,1373.8646499000024,1373.8646499000024,1377.6487309000222,b,1,3.7686499999836087,NA,1377.6493200999685,1377.6621631999733,1377.6621631999733,1377.6621631999733,1377.6621631999733,1377.649920099997,NA,NA,NA,NA,NA,NA,NA,NA,NA,NA,026,001,2025-10-09_09h45.50.592,Study_5_PsychoPy_Experiment,2024.1.5,NA,2025-10-09 09h46.02.245236 +0100
Knowledge,Reg,TRUE,N,TB-K-B,TT_B,PsychoPyStudy5Stim/TT_B_5.png,Adam KNOWS there are TWO cubes,Two,h,b,N,-,N,0,228,228,241,1377.6621631999733,NA,NA,NA,NA,NA,NA,NA,NA,NA,1377.65038810001,3.7480000173673e-4,1377.745399300009,1378.128649799968,1378.228759999969,1380.228865800018,1380.6289417999797,1380.7312363000235,1380.7312363000235,1381.3487927999813,b,1,0.6055592999910004,NA,1381.3494497999782,1381.362197600014,1381.362197600014,1381.362197600014,1381.362197600014,1381.3502010999946,NA,NA,NA,NA,NA,NA,NA,NA,NA,NA,026,001,2025-10-09_09h45.50.592,Study_5_PsychoPy_Experiment,2024.1.5,NA,2025-10-09 09h46.02.245236 +0100
Knowledge,Neg,FALSE,N,TB-K,TD_B,PsychoPyStudy5Stim/TD_B_5.png,Adam does NOT KNOW there is ONE cube,One,b,h,Y,PropFalse,N,0,229,229,116,1381.362197600014,NA,NA,NA,NA,NA,NA,NA,NA,NA,1381.350743899995,4.3169996934011e-4,1381.445298400009,1381.8288716999814,1381.9290820999886,1383.9290266999742,1384.328950499999,1384.4314913999988,1384.4314913999988,1387.5317135999794,h,1,3.089558400039095,NA,1387.5322274999926,1387.5454446999938,1387.5454446999938,1387.5454446999938,1387.5454446999938,1387.5327600999735,NA,NA,NA,NA,NA,NA,NA,NA,NA,NA,026,001,2025-10-09_09h45.50.592,Study_5_PsychoPy_Experiment,2024.1.5,NA,2025-10-09 09h46.02.245236 +0100
Belief,Reg,FALSE,N,NB-TB-K,TT_NB,PsychoPyStudy5Stim/TT_NB_6.png,Adam THINKS there is ONE cube,One,b,h,N,PropFalse,N,0,230,230,190,1387.5454446999938,NA,NA,NA,NA,NA,NA,NA,NA,NA,1387.5331614000024,3.1870004022493e-4,1387.6422835999983,1388.0122264999663,1388.1123059000238,1390.1122554999893,1390.5122819999815,1390.614490100008,1390.614490100008,1392.78363109997,h,1,2.163368799956515,NA,1392.784841899993,1392.7954909999971,1392.7954909999971,1392.7954909999971,1392.7954909999971,1392.7863249999937,NA,NA,NA,NA,NA,NA,NA,NA,NA,NA,026,001,2025-10-09_09h45.50.592,Study_5_PsychoPy_Experiment,2024.1.5,NA,2025-10-09 09h46.02.245236 +0100
Knowledge,Reg,TRUE,N,NB-TB-K,DD_NB,PsychoPyStudy5Stim/DD_NB_6.png,Adam KNOWS there are ZERO cubes,Zero,h,b,N,-,N,0,231,231,152,1392.7954909999971,NA,NA,NA,NA,NA,NA,NA,NA,NA,1392.787288499996,7.4059999315068e-4,1392.8874350999831,1393.2620704,1393.3623110000044,1395.362340199994,1395.7622932000086,1395.8646063000197,1395.8646063000197,1399.164727800002,b,1,3.288097500044387,NA,1399.1650882000104,1399.1786675999756,1399.1786675999756,1399.1786675999756,1399.1786675999756,1399.1654842999997,NA,NA,NA,NA,NA,NA,NA,NA,NA,NA,026,001,2025-10-09_09h45.50.592,Study_5_PsychoPy_Experiment,2024.1.5,NA,2025-10-09 09h46.02.245236 +0100
Belief,Reg,FALSE,N,FB-Ig,T_B_T,PsychoPyStudy5Stim/T_B_T_1.png,Adam THINKS there are ZERO cubes,Zero,b,h,N,PropFalse,N,0,232,232,283,1399.1786675999756,NA,NA,NA,NA,NA,NA,NA,NA,NA,1399.16575059999,2.0989996846765e-4,1399.2608831999823,1399.6454091999913,1399.7455489999847,1401.7455958999926,1402.1455089999945,1402.248033699987,1402.248033699987,1403.3650429999689,h,1,1.1140783000155352,NA,1403.365484800015,1403.378710300021,1403.378710300021,1403.378710300021,1403.378710300021,1403.365977599984,NA,NA,NA,NA,NA,NA,NA,NA,NA,NA,026,001,2025-10-09_09h45.50.592,Study_5_PsychoPy_Experiment,2024.1.5,NA,2025-10-09 09h46.02.245236 +0100
Belief,Reg,TRUE,N,TB-K-B,DD_B,PsychoPyStudy5Stim/DD_B_3.png,Adam THINKS there are ZERO cubes,Zero,h,b,N,-,N,0,233,233,228,1403.378710300021,NA,NA,NA,NA,NA,NA,NA,NA,NA,1403.366310500016,2.606000052765e-4,1403.457705800014,1403.828853400017,1403.928967999993,1405.928896599973,1406.3288671000046,1406.4312255000114,1406.4312255000114,1409.8981881000218,b,1,3.450473700009752,NA,1409.8986975000007,1409.912043699995,1409.912043699995,1409.912043699995,1409.912043699995,1409.8997089000186,NA,NA,NA,NA,NA,NA,NA,NA,NA,NA,026,001,2025-10-09_09h45.50.592,Study_5_PsychoPy_Experiment,2024.1.5,NA,2025-10-09 09h46.02.245236 +0100
Knowledge,Reg,TRUE,N,NB-TB-K,TT_NB,PsychoPyStudy5Stim/TT_NB_6.png,Adam KNOWS there are TWO cubes,Two,h,b,N,-,N,0,234,234,172,1409.912043699995,NA,NA,NA,NA,NA,NA,NA,NA,NA,1409.900095799996,2.9870000435039e-4,1409.989861799986,1410.3621484999894,1410.4622536000095,1412.4621674999944,1412.8621440000134,1412.96447180002,1412.96447180002,1415.0484398999834,b,1,2.0688683000043966,NA,1415.0490034999675,1415.0620408999966,1415.0620408999966,1415.0620408999966,1415.0620408999966,1415.0496723999968,NA,NA,NA,NA,NA,NA,NA,NA,NA,NA,026,001,2025-10-09_09h45.50.592,Study_5_PsychoPy_Experiment,2024.1.5,NA,2025-10-09 09h46.02.245236 +0100
Belief,Reg,TRUE,N,TB-K-B,TD_B,PsychoPyStudy5Stim/TD_B_8.png,Adam THINKS there is ONE cube,One,h,b,N,-,N,0,235,235,262,1415.0620408999966,NA,NA,NA,NA,NA,NA,NA,NA,NA,1415.050111000019,3.4079997567459e-4,1415.1486289000022,1415.528799999971,1415.6288520999951,1417.6287786000175,1418.028763899987,1418.1311395000084,1418.1311395000084,1421.481625400018,h,0,3.3421007999568246,NA,1421.4821535000228,1421.495297699992,1421.495297699992,1421.495297699992,1421.495297699992,1421.482711600023,NA,NA,NA,NA,NA,NA,NA,NA,NA,NA,026,001,2025-10-09_09h45.50.592,Study_5_PsychoPy_Experiment,2024.1.5,NA,2025-10-09 09h46.02.245236 +0100
Belief,Neg,FALSE,N,NB-TB-K,T_NB,PsychoPyStudy5Stim/T_NB_5.png,Adam does NOT THINK there is ONE cube,One,b,h,Y,PropFalse,N,0,236,236,52,1421.495297699992,NA,NA,NA,NA,NA,NA,NA,NA,NA,1421.4831096999696,3.1199998920783e-4,1421.5793931999942,1421.962209600024,1422.062314299983,1424.0621720000054,1424.462243499991,1424.5650770000066,1424.5650770000066,1427.581980100018,h,1,3.0127883999957703,NA,1427.5825712999797,1427.5953126999666,1427.5953126999666,1427.5953126999666,1427.5953126999666,1427.58317659999,NA,NA,NA,NA,NA,NA,NA,NA,NA,NA,026,001,2025-10-09_09h45.50.592,Study_5_PsychoPy_Experiment,2024.1.5,NA,2025-10-09 09h46.02.245236 +0100
Belief,Reg,TRUE,N,NB-TB-K,T_NB,PsychoPyStudy5Stim/T_NB_3.png,Adam THINKS there is ONE cube,One,h,b,N,-,N,0,237,237,142,1427.5953126999666,NA,NA,NA,NA,NA,NA,NA,NA,NA,1427.5836357999942,3.4040003083646e-4,1427.6668959999806,1428.0454115999746,1428.1454406999983,1430.1452971000108,1430.5454004000055,1430.647707999975,1430.647707999975,1433.448719099979,h,0,2.785452299984172,NA,1433.4494092999958,1433.4620016000115,1433.4620016000115,1433.4620016000115,1433.4620016000115,1433.4502006999685,NA,NA,NA,NA,NA,NA,NA,NA,NA,NA,026,001,2025-10-09_09h45.50.592,Study_5_PsychoPy_Experiment,2024.1.5,NA,2025-10-09 09h46.02.245236 +0100
Reality,Reg,TRUE,N,TB-K-B,TT_B,PsychoPyStudy5Stim/TT_B_3.png,"In REALITY, there are TWO cubes",Two,h,b,N,-,N,0,238,238,251,1433.4620016000115,NA,NA,NA,NA,NA,NA,NA,NA,NA,1433.4507474999991,4.2699999175965e-4,1433.54534349998,1433.9286525999778,1434.0288932999829,1436.0288039000006,1436.4287383999908,1436.5309082000167,1436.5309082000167,1437.6481217999826,b,1,1.101729299989529,NA,1437.6486242999672,1437.661901000014,1437.661901000014,1437.661901000014,1437.661901000014,1437.6491771999863,NA,NA,NA,NA,NA,NA,NA,NA,NA,NA,026,001,2025-10-09_09h45.50.592,Study_5_PsychoPy_Experiment,2024.1.5,NA,2025-10-09 09h46.02.245236 +0100
Knowledge,Neg,FALSE,N,NB-TB-K,T_NB,PsychoPyStudy5Stim/T_NB_4.png,Adam does NOT KNOW there is ONE cube,One,b,h,Y,PropFalse,N,0,239,239,43,1437.661901000014,NA,NA,NA,NA,NA,NA,NA,NA,NA,1437.6495638000197,3.0120002338662e-4,1437.7338285999722,1438.1117387000122,1438.2119051999762,1440.212050699978,1440.612091899966,1440.7143787000095,1440.7143787000095,1441.582302899973,h,1,0.8638498000218533,NA,1441.5830670999712,1441.5953085999936,1441.5953085999936,1441.5953085999936,1441.5953085999936,1441.583862199972,NA,NA,NA,NA,NA,NA,NA,NA,NA,NA,026,001,2025-10-09_09h45.50.592,Study_5_PsychoPy_Experiment,2024.1.5,NA,2025-10-09 09h46.02.245236 +0100
Reality,Reg,TRUE,N,FB-Ig,B_T,PsychoPyStudy5Stim/B_T_2.png,"In REALITY, there is ONE cube",One,h,b,N,-,N,0,240,240,318,1441.5953085999936,NA,NA,NA,NA,NA,NA,NA,NA,NA,1441.5844300999888,4.3879996519535e-4,1441.6825977999831,1442.062027500011,1442.1619567999733,1444.1620790999732,1444.5620136000216,1444.66436960001,1444.66436960001,1445.5982750999974,b,1,0.920328799984418,NA,1445.598867200024,1445.611863199971,1445.611863199971,1445.611863199971,1445.611863199971,1445.5994699000148,NA,NA,NA,NA,NA,NA,NA,NA,NA,NA,026,001,2025-10-09_09h45.50.592,Study_5_PsychoPy_Experiment,2024.1.5,NA,2025-10-09 09h46.02.245236 +0100
Reality,Reg,FALSE,N,FB-Ig,B_TT,PsychoPyStudy5Stim/B_TT_4.png,"In REALITY, there are ZERO cubes",Zero,b,h,N,-,N,0,241,241,334,1445.611863199971,NA,NA,NA,NA,NA,NA,NA,NA,NA,1445.599932799989,3.6870001349598e-4,1445.6843338999895,1446.0619475999847,1446.1620582999894,1448.1621490999823,1448.5620125000132,1448.6643404000206,1448.6643404000206,1449.3150135999897,h,1,0.634061400021892,NA,1449.315605300013,1449.3285359999863,1449.3285359999863,1449.3285359999863,1449.3285359999863,1449.3162543000071,NA,NA,NA,NA,NA,NA,NA,NA,NA,NA,026,001,2025-10-09_09h45.50.592,Study_5_PsychoPy_Experiment,2024.1.5,NA,2025-10-09 09h46.02.245236 +0100
Knowledge,Neg,FALSE,N,NB-TB-K,T_NB,PsychoPyStudy5Stim/T_NB_2.png,Adam does NOT KNOW there is ONE cube,One,b,h,Y,PropFalse,N,0,242,242,41,1449.3285359999863,NA,NA,NA,NA,NA,NA,NA,NA,NA,1449.316706100013,3.4999998752027e-4,1449.408217600023,1449.7786314999685,1449.878867499996,1451.878751399985,1452.278528099996,1452.381430700014,1452.381430700014,1457.1976077000145,h,1,4.803415499976836,NA,1457.1979241999798,1457.2116880000103,1457.2116880000103,1457.2116880000103,1457.2116880000103,1457.1982235999894,NA,NA,NA,NA,NA,NA,NA,NA,NA,NA,026,001,2025-10-09_09h45.50.592,Study_5_PsychoPy_Experiment,2024.1.5,NA,2025-10-09 09h46.02.245236 +0100
Knowledge,Reg,FALSE,N,FB-Ig,T_B_T,PsychoPyStudy5Stim/T_B_T_1.png,Adam KNOWS there are ZERO cubes,Zero,b,h,N,PropFalse,N,0,243,243,275,1457.2116880000103,NA,NA,NA,NA,NA,NA,NA,NA,NA,1457.1984352999716,1.6659998800605e-4,1457.290231799998,1457.6617265999666,1457.7618737000157,1459.7619913999806,1460.1618969999836,1460.264526700019,1460.264526700019,1461.5481369000045,h,1,1.2810190000454895,NA,1461.5484738000089,1461.5617064000107,1461.5617064000107,1461.5617064000107,1461.5617064000107,1461.5488156999927,NA,NA,NA,NA,NA,NA,NA,NA,NA,NA,026,001,2025-10-09_09h45.50.592,Study_5_PsychoPy_Experiment,2024.1.5,NA,2025-10-09 09h46.02.245236 +0100
Belief,Reg,FALSE,N,FB-Ig,D_B_T,PsychoPyStudy5Stim/D_B_T_6.png,Adam THINKS there are TWO cubes,Two,b,h,N,PropFalse,N,0,244,244,304,1461.5617064000107,NA,NA,NA,NA,NA,NA,NA,NA,NA,1461.54903569998,1.7369998386129e-4,1461.6594282999868,1462.028378999967,1462.1286108000204,1464.1285149999894,1464.5287513000076,1464.630933700013,1464.630933700013,1466.2317415999714,h,1,1.5939813000150025,NA,1466.2321075000218,1466.2450792000163,1466.2450792000163,1466.2450792000163,1466.2450792000163,1466.2325311999884,NA,NA,NA,NA,NA,NA,NA,NA,NA,NA,026,001,2025-10-09_09h45.50.592,Study_5_PsychoPy_Experiment,2024.1.5,NA,2025-10-09 09h46.02.245236 +0100
Belief,Reg,TRUE,N,FB-Ig,B_TT,PsychoPyStudy5Stim/B_TT_3.png,Adam THINKS there are ZERO cubes,Zero,h,b,N,-,Y,0,245,245,328,1466.2450792000163,NA,NA,NA,NA,NA,NA,NA,NA,NA,1466.2327602999867,2.1460000425577e-4,1466.3224562999676,1466.6950300000026,1466.7952336000162,1468.7953279999783,1469.1951465000166,1469.298219999997,1469.298219999997,1470.0816773999832,b,1,0.782613399962429,NA,1470.081990799983,1470.095059400017,1470.095059400017,1470.095059400017,1470.095059400017,1470.0823419999797,NA,NA,NA,NA,NA,NA,NA,NA,NA,NA,026,001,2025-10-09_09h45.50.592,Study_5_PsychoPy_Experiment,2024.1.5,NA,2025-10-09 09h46.02.245236 +0100
Belief,Neg,TRUE,N,TB-K,TT_B,PsychoPyStudy5Stim/TT_B_4.png,Adam does NOT THINK there is ONE cube,One,h,b,Y,-,N,0,246,246,87,1470.095059400017,NA,NA,NA,NA,NA,NA,NA,NA,NA,1470.0825583999977,1.7090002074837e-4,1470.1750852999976,1470.54501110001,1470.6451509000035,1472.645170099975,1473.045259699982,1473.1477421000018,1473.1477421000018,1481.1314769000164,b,1,7.982159100007266,NA,1481.1317846999737,1481.1450433999998,1481.1450433999998,1481.1450433999998,1481.1450433999998,1481.1321238999951,NA,NA,NA,NA,NA,NA,NA,NA,NA,NA,026,001,2025-10-09_09h45.50.592,Study_5_PsychoPy_Experiment,2024.1.5,NA,2025-10-09 09h46.02.245236 +0100
Knowledge,Reg,FALSE,N,FB-Ig,B_TT,PsychoPyStudy5Stim/B_TT_2.png,Adam KNOWS there are ZERO cubes,Zero,b,h,N,PropTrueNoKnow,Y,0,247,247,322,1481.1450433999998,NA,NA,NA,NA,NA,NA,NA,NA,NA,1481.1323417999663,1.7069996101781e-4,1481.2337143999755,1481.6116826999933,1481.7118575000204,1483.7118558000077,1484.111786799971,1484.2143411000145,1484.2143411000145,1484.9146529000136,b,0,0.6839155000052415,NA,1484.9149538999773,1484.928420500015,1484.928420500015,1484.928420500015,1484.928420500015,1484.9152974999745,NA,NA,NA,NA,NA,NA,NA,NA,NA,NA,026,001,2025-10-09_09h45.50.592,Study_5_PsychoPy_Experiment,2024.1.5,NA,2025-10-09 09h46.02.245236 +0100
Knowledge,Reg,TRUE,N,NB-TB-K,D_NB,PsychoPyStudy5Stim/D_NB_6.png,Adam KNOWS there are ZERO cubes,Zero,h,b,N,-,N,0,248,248,133,1484.928420500015,NA,NA,NA,NA,NA,NA,NA,NA,NA,1484.91551229998,1.6960001084953e-4,1485.011647199979,1485.394987399981,1485.4950989999925,1487.4951327000165,1487.8950773999677,1487.997751499992,1487.997751499992,1493.3482116999803,b,1,5.347748200001661,NA,1493.3485069000162,1493.36163509998,1493.36163509998,1493.36163509998,1493.36163509998,1493.348837299971,NA,NA,NA,NA,NA,NA,NA,NA,NA,NA,026,001,2025-10-09_09h45.50.592,Study_5_PsychoPy_Experiment,2024.1.5,NA,2025-10-09 09h46.02.245236 +0100
Knowledge,Neg,FALSE,N,NB-TB-K,TT_NB,PsychoPyStudy5Stim/TT_NB_8.png,Adam does NOT KNOW there are TWO cubes,Two,b,h,Y,PropFalse,N,0,249,249,71,1493.36163509998,NA,NA,NA,NA,NA,NA,NA,NA,NA,1493.3490466999938,1.802000333555e-4,1493.4387242000084,1493.8116066000075,1493.9117614999996,1495.9118769000052,1496.3119157999754,1496.4143820999889,1496.4143820999889,1499.7484713000013,h,1,3.331673300010152,NA,1499.7487952000229,1499.7615952999913,1499.7615952999913,1499.7615952999913,1499.7615952999913,1499.7491390000214,NA,NA,NA,NA,NA,NA,NA,NA,NA,NA,026,001,2025-10-09_09h45.50.592,Study_5_PsychoPy_Experiment,2024.1.5,NA,2025-10-09 09h46.02.245236 +0100
Knowledge,Reg,TRUE,N,NB-TB-K,DT_NB,PsychoPyStudy5Stim/TD_NB_2.png,Adam KNOWS there is ONE cube,One,h,b,N,-,N,0,250,250,164,1499.7615952999913,NA,NA,NA,NA,NA,NA,NA,NA,NA,1499.7493568999926,1.7030001617968e-4,1499.8567354999832,1500.228285500023,1500.328411299968,1502.3285569999716,1502.7284580999983,1502.8308717000182,1502.8308717000182,1504.5314797000028,b,1,1.690028099983465,NA,1504.532067799999,1504.5450411000056,1504.5450411000056,1504.5450411000056,1504.5450411000056,1504.5326796000008,NA,NA,NA,NA,NA,NA,NA,NA,NA,NA,026,001,2025-10-09_09h45.50.592,Study_5_PsychoPy_Experiment,2024.1.5,NA,2025-10-09 09h46.02.245236 +0100
Knowledge,Neg,FALSE,N,TB-K,TT_B,PsychoPyStudy5Stim/TT_B_5.png,Adam does NOT KNOW there are TWO cubes,Two,b,h,Y,PropFalse,N,0,251,251,92,1504.5450411000056,NA,NA,NA,NA,NA,NA,NA,NA,NA,1504.5331417999696,3.4460000460967e-4,1504.622811499983,1504.9949687999906,1505.095403000014,1507.095267399971,1507.4951661999803,1507.597600199981,1507.597600199981,1508.897861799982,h,1,1.2833101999713108,NA,1508.8982117999694,1508.9120964999893,NA,1508.9120964999893,NA,1518.3973562999745,space,9.481957899988627,NA,NA,NA,NA,NA,NA,NA,NA,026,001,2025-10-09_09h45.50.592,Study_5_PsychoPy_Experiment,2024.1.5,NA,2025-10-09 09h46.02.245236 +0100
Belief,Neg,FALSE,N,NB-TB-K,TT_NB,PsychoPyStudy5Stim/TT_NB_7.png,Adam does NOT THINK there are TWO cubes,Two,b,h,Y,PropFalse,N,0,252,252,78,1518.411755500012,NA,NA,NA,NA,NA,NA,NA,NA,NA,1518.3984815999866,5.1380001241341e-4,1518.4969435000094,1518.878385399992,1518.978507300024,1520.9786007999792,1521.3785170000046,1521.4807505999925,1521.4807505999925,1523.7479988000125,h,1,2.2561933000106364,NA,1523.7484968000208,1523.7616428000038,1523.7616428000038,1523.7616428000038,1523.7616428000038,1523.7497934999992,NA,NA,NA,NA,NA,NA,NA,NA,NA,NA,026,001,2025-10-09_09h45.50.592,Study_5_PsychoPy_Experiment,2024.1.5,NA,2025-10-09 09h46.02.245236 +0100
Belief,Reg,TRUE,N,TB-K-B,DD_B,PsychoPyStudy5Stim/DD_B_7.png,Adam THINKS there are ZERO cubes,Zero,h,b,N,-,N,0,253,253,232,1523.7616428000038,NA,NA,NA,NA,NA,NA,NA,NA,NA,1523.7502394000185,3.1470000976696e-4,1523.8470577999833,1524.2283259999822,1524.3284796000223,1526.3284757999936,1526.7284949999885,1526.8306792000076,1526.8306792000076,1527.8647319999873,b,1,1.0183771000010893,NA,1527.8653384000063,1527.8783052000215,1527.8783052000215,1527.8783052000215,1527.8783052000215,1527.8659929999849,NA,NA,NA,NA,NA,NA,NA,NA,NA,NA,026,001,2025-10-09_09h45.50.592,Study_5_PsychoPy_Experiment,2024.1.5,NA,2025-10-09 09h46.02.245236 +0100
Belief,Reg,TRUE,N,FB-Ig,B_T,PsychoPyStudy5Stim/B_T_5.png,Adam THINKS there are ZERO cubes,Zero,h,b,N,-,Y,0,254,254,316,1527.8783052000215,NA,NA,NA,NA,NA,NA,NA,NA,NA,1527.8664331000182,3.4319999394938e-4,1527.9586591999978,1528.328349700023,1528.428527000011,1530.428413700021,1530.8284123999763,1530.9307373000192,1530.9307373000192,1537.2814005999826,b,1,6.334209299995564,NA,1537.2819820999866,1537.294859700021,1537.294859700021,1537.294859700021,1537.294859700021,1537.2825843999744,NA,NA,NA,NA,NA,NA,NA,NA,NA,NA,026,001,2025-10-09_09h45.50.592,Study_5_PsychoPy_Experiment,2024.1.5,NA,2025-10-09 09h46.02.245236 +0100
Reality,Reg,TRUE,N,TB-K-B,DD_B,PsychoPyStudy5Stim/DD_B_7.png,"In REALITY, there are ZERO cubes",Zero,h,b,N,-,N,0,255,255,238,1537.294859700021,NA,NA,NA,NA,NA,NA,NA,NA,NA,1537.283052499988,3.7319998955354e-4,1537.3677489999682,1537.7451544000069,1537.8451050000149,1539.8450898000156,1540.2450805999688,1540.3473977000103,1540.3473977000103,1541.331667200022,b,1,0.9816010000067764,NA,1541.332260700001,1541.3448673000094,1541.3448673000094,1541.3448673000094,1541.3448673000094,1541.3328427000088,NA,NA,NA,NA,NA,NA,NA,NA,NA,NA,026,001,2025-10-09_09h45.50.592,Study_5_PsychoPy_Experiment,2024.1.5,NA,2025-10-09 09h46.02.245236 +0100
Belief,Neg,FALSE,N,NB-TB-K,TT_NB,PsychoPyStudy5Stim/TT_NB_6.png,Adam does NOT THINK there are TWO cubes,Two,b,h,Y,PropFalse,N,0,256,256,77,1541.3448673000094,NA,NA,NA,NA,NA,NA,NA,NA,NA,1541.3332765999949,3.3710000570863e-4,1541.4201792000094,1541.7948857999872,1541.8949963999912,1543.8949857999687,1544.295041800011,1544.397533099982,1544.397533099982,1546.9150441999664,h,1,2.515540899999906,NA,1546.9156991000054,1546.928268000018,1546.928268000018,1546.928268000018,1546.928268000018,1546.9163953000098,NA,NA,NA,NA,NA,NA,NA,NA,NA,NA,026,001,2025-10-09_09h45.50.592,Study_5_PsychoPy_Experiment,2024.1.5,NA,2025-10-09 09h46.02.245236 +0100
Belief,Neg,FALSE,N,NB-TB-K,TT_NB,PsychoPyStudy5Stim/TT_NB_2.png,Adam does NOT THINK there are TWO cubes,Two,b,h,Y,PropFalse,N,0,257,257,73,1546.928268000018,NA,NA,NA,NA,NA,NA,NA,NA,NA,1546.916906099999,3.9689999539405e-4,1547.0064710999725,1547.3782918999786,1547.4782676000032,1549.478365499992,1549.8783810000168,1549.980732499971,1549.980732499971,1552.714627199981,h,1,2.7243477000156417,NA,1552.715170999989,1552.7281693000114,1552.7281693000114,1552.7281693000114,1552.7281693000114,1552.7157817999832,NA,NA,NA,NA,NA,NA,NA,NA,NA,NA,026,001,2025-10-09_09h45.50.592,Study_5_PsychoPy_Experiment,2024.1.5,NA,2025-10-09 09h46.02.245236 +0100
Belief,Neg,FALSE,N,TB-K,TT_B,PsychoPyStudy5Stim/TT_B_2.png,Adam does NOT THINK there are TWO cubes,Two,b,h,Y,PropFalse,N,0,258,258,97,1552.7281693000114,NA,NA,NA,NA,NA,NA,NA,NA,NA,1552.7162059000111,3.3269997220486e-4,1552.8094693999738,1553.1948220999911,1553.2951588999713,1555.2951038000174,1555.694989199983,1555.797345399973,1555.797345399973,1561.4644960999722,h,1,5.651111099985428,NA,1561.464982000005,1561.4781575999805,1561.4781575999805,1561.4781575999805,1561.4781575999805,1561.4655208999757,NA,NA,NA,NA,NA,NA,NA,NA,NA,NA,026,001,2025-10-09_09h45.50.592,Study_5_PsychoPy_Experiment,2024.1.5,NA,2025-10-09 09h46.02.245236 +0100
Belief,Neg,TRUE,N,NB-TB-K,T_NB,PsychoPyStudy5Stim/T_NB_3.png,Adam does NOT THINK there are TWO cubes,Two,h,b,Y,-,N,0,259,259,38,1561.4781575999805,NA,NA,NA,NA,NA,NA,NA,NA,NA,1561.4658885999816,2.8650002786889e-4,1561.5521174999883,1561.92825669999,1562.0284160000156,1564.0282874999684,1564.4281499999925,1564.530340600002,1564.530340600002,1570.3643725999864,b,1,5.82260860002134,NA,1570.3648537999834,1570.378079599992,1570.378079599992,1570.378079599992,1570.378079599992,1570.3653939000214,NA,NA,NA,NA,NA,NA,NA,NA,NA,NA,026,001,2025-10-09_09h45.50.592,Study_5_PsychoPy_Experiment,2024.1.5,NA,2025-10-09 09h46.02.245236 +0100
Belief,Neg,TRUE,N,TB-K,TD_B,PsychoPyStudy5Stim/TD_B_4.png,Adam does NOT THINK there are TWO cubes,Two,h,b,Y,-,N,0,260,260,111,1570.378079599992,NA,NA,NA,NA,NA,NA,NA,NA,NA,1570.3657646999927,2.8959999326616e-4,1570.459391099983,1570.8447340999846,1570.9450401000213,1572.944987899973,1573.344967300014,1573.4472693999996,1573.4472693999996,1578.2309761000215,b,1,4.769184199976735,NA,1578.2314832999837,1578.244751799968,1578.244751799968,1578.244751799968,1578.244751799968,1578.23201420001,NA,NA,NA,NA,NA,NA,NA,NA,NA,NA,026,001,2025-10-09_09h45.50.592,Study_5_PsychoPy_Experiment,2024.1.5,NA,2025-10-09 09h46.02.245236 +0100
Belief,Reg,FALSE,N,NB-TB-K,TT_NB,PsychoPyStudy5Stim/TT_NB_3.png,Adam THINKS there are ZERO cubes,Zero,b,h,N,PropFalse,N,0,261,261,183,1578.244751799968,NA,NA,NA,NA,NA,NA,NA,NA,NA,1578.232407899981,3.1239999225363e-4,1578.3273853000137,1578.7113997999695,1578.8115999000147,1580.8116103999782,1581.2114473999827,1581.313782799989,1581.313782799989,1584.314223399968,h,1,2.9908571999985725,NA,1584.3147371999803,1584.327955599991,1584.327955599991,1584.327955599991,1584.327955599991,1584.3152597000008,NA,NA,NA,NA,NA,NA,NA,NA,NA,NA,026,001,2025-10-09_09h45.50.592,Study_5_PsychoPy_Experiment,2024.1.5,NA,2025-10-09 09h46.02.245236 +0100
Knowledge,Neg,TRUE,N,TB-K,TD_B,PsychoPyStudy5Stim/TD_B_4.png,Adam does NOT KNOW there are TWO cubes,Two,h,b,Y,-,N,0,262,262,107,1584.327955599991,NA,NA,NA,NA,NA,NA,NA,NA,NA,1584.315687299997,3.4009997034445e-4,1584.3993678999832,1584.778122799995,1584.8783280000207,1586.8782896000191,1587.2781996999984,1587.3806230999762,1587.3806230999762,1593.014234900009,h,0,5.628229100024328,NA,1593.0145321000018,1593.028011700022,1593.028011700022,1593.028011700022,1593.028011700022,1593.0148579999804,NA,NA,NA,NA,NA,NA,NA,NA,NA,NA,026,001,2025-10-09_09h45.50.592,Study_5_PsychoPy_Experiment,2024.1.5,NA,2025-10-09 09h46.02.245236 +0100
Belief,Reg,TRUE,N,TB-K-B,DD_B,PsychoPyStudy5Stim/DD_B_4.png,Adam THINKS there are ZERO cubes,Zero,h,b,N,-,N,0,263,263,229,1593.028011700022,NA,NA,NA,NA,NA,NA,NA,NA,NA,1593.0150644999812,1.6250001499429e-4,1593.100626599975,1593.4780421999749,1593.5782351000234,1595.578238999995,1595.978130100004,1596.0803677000222,1596.0803677000222,1598.664202900021,b,1,2.5682587000192143,NA,1598.6646494999875,1598.6780109999818,1598.6780109999818,1598.6780109999818,1598.6780109999818,1598.6651264000102,NA,NA,NA,NA,NA,NA,NA,NA,NA,NA,026,001,2025-10-09_09h45.50.592,Study_5_PsychoPy_Experiment,2024.1.5,NA,2025-10-09 09h46.02.245236 +0100
Reality,Reg,FALSE,N,NB-TB-K,TT_NB,PsychoPyStudy5Stim/TT_NB_2.png,"In REALITY, there are ZERO cubes",Zero,b,h,N,PropFalse,N,0,264,264,195,1598.6780109999818,NA,NA,NA,NA,NA,NA,NA,NA,NA,1598.6654474000095,2.5209999876096e-4,1598.7477728999802,1599.1281258999952,1599.2283302000142,1601.228211399983,1601.6281003999757,1601.7303342000232,1601.7303342000232,1602.4317712999764,h,1,0.6941512000048533,NA,1602.4326218999922,1602.444799399993,1602.444799399993,1602.444799399993,1602.444799399993,1602.433503600012,NA,NA,NA,NA,NA,NA,NA,NA,NA,NA,026,001,2025-10-09_09h45.50.592,Study_5_PsychoPy_Experiment,2024.1.5,NA,2025-10-09 09h46.02.245236 +0100
Knowledge,Reg,TRUE,N,TB-K-B,DD_B,PsychoPyStudy5Stim/DD_B_6.png,Adam KNOWS there are ZERO cubes,Zero,h,b,N,-,N,0,265,265,220,1602.444799399993,NA,NA,NA,NA,NA,NA,NA,NA,NA,1602.434147699969,4.9730000318959e-4,1602.535430399992,1602.911432599998,1603.0115710999817,1605.0114994000178,1605.4114608999807,1605.5137310000136,1605.5137310000136,1607.3148501999676,b,1,1.799124099954497,NA,1607.3155238999752,1607.32795419998,1607.32795419998,1607.32795419998,1607.32795419998,1607.3162670999882,NA,NA,NA,NA,NA,NA,NA,NA,NA,NA,026,001,2025-10-09_09h45.50.592,Study_5_PsychoPy_Experiment,2024.1.5,NA,2025-10-09 09h46.02.245236 +0100
Belief,Neg,FALSE,N,TB-K,TT_B,PsychoPyStudy5Stim/TT_B_7.png,Adam does NOT THINK there are TWO cubes,Two,b,h,Y,PropFalse,N,0,266,266,102,1607.32795419998,NA,NA,NA,NA,NA,NA,NA,NA,NA,1607.316824599984,4.4170004548504e-4,1607.4197594000143,1607.7947483999887,1607.8948732999852,1609.8949182999786,1610.294824499986,1610.3972149000035,1610.3972149000035,1616.9475314000156,h,1,6.5474244999932125,NA,1616.9479811000056,1616.961282300006,1616.961282300006,1616.961282300006,1616.961282300006,1616.9484498999664,NA,NA,NA,NA,NA,NA,NA,NA,NA,NA,026,001,2025-10-09_09h45.50.592,Study_5_PsychoPy_Experiment,2024.1.5,NA,2025-10-09 09h46.02.245236 +0100
Belief,Reg,TRUE,N,TB-Ig,D_B,PsychoPyStudy5Stim/D_B_3.png,Adam THINKS there are ZERO cubes,Zero,h,b,N,-,Y,0,267,267,202,1616.961282300006,NA,NA,NA,NA,NA,NA,NA,NA,NA,1616.948782099993,2.5989999994635e-4,1617.0454303000006,1617.427956999978,1617.5280919999932,1619.528135199973,1619.928150599997,1620.0307659999817,1620.0307659999817,1620.7141355000203,b,1,0.6741389000089839,NA,1620.7144938000129,1620.7278998999973,1620.7278998999973,1620.7278998999973,1620.7278998999973,1620.7148906000075,NA,NA,NA,NA,NA,NA,NA,NA,NA,NA,026,001,2025-10-09_09h45.50.592,Study_5_PsychoPy_Experiment,2024.1.5,NA,2025-10-09 09h46.02.245236 +0100
Reality,Reg,TRUE,N,NB-TB-K,DD_NB,PsychoPyStudy5Stim/DD_NB_4.png,"In REALITY, there are ZERO cubes",Zero,h,b,N,-,N,0,268,268,160,1620.7278998999973,NA,NA,NA,NA,NA,NA,NA,NA,NA,1620.715164900001,2.1840003319084e-4,1620.824141399993,1621.1947909999872,1621.2949395999894,1623.2947603000212,1623.6947287999792,1623.797109099978,1623.797109099978,1624.5647354999674,b,1,0.7634812000324018,NA,1624.565408000024,1624.5779744000174,1624.5779744000174,1624.5779744000174,1624.5779744000174,1624.566107599996,NA,NA,NA,NA,NA,NA,NA,NA,NA,NA,026,001,2025-10-09_09h45.50.592,Study_5_PsychoPy_Experiment,2024.1.5,NA,2025-10-09 09h46.02.245236 +0100
Belief,Reg,FALSE,N,TB-K-B,TD_B,PsychoPyStudy5Stim/TD_B_7.png,Adam THINKS there are ZERO cubes,Zero,b,h,N,PropFalse,N,0,269,269,269,1624.5779744000174,NA,NA,NA,NA,NA,NA,NA,NA,NA,1624.566602499981,3.8300000596791e-4,1624.6679889999796,1625.044655799982,1625.1448240000173,1627.144827799988,1627.544751700014,1627.6470305999974,1627.6470305999974,1628.9642742999713,h,1,1.3133210999658331,NA,1628.964708900021,1628.977951399982,1628.977951399982,1628.977951399982,1628.977951399982,1628.9652487999992,NA,NA,NA,NA,NA,NA,NA,NA,NA,NA,026,001,2025-10-09_09h45.50.592,Study_5_PsychoPy_Experiment,2024.1.5,NA,2025-10-09 09h46.02.245236 +0100
Knowledge,Neg,TRUE,N,TB-K,TD_B,PsychoPyStudy5Stim/TD_B_2.png,Adam does NOT KNOW there are TWO cubes,Two,h,b,Y,-,N,0,270,270,105,1628.977951399982,NA,NA,NA,NA,NA,NA,NA,NA,NA,1628.9655782000043,2.5689997710287e-4,1629.0559967000154,1629.4278891999857,1629.5281495000236,1631.528092099994,1631.9280794999795,1632.03044100001,1632.03044100001,1632.7813835999696,h,0,0.7461139999795705,NA,1632.7819990999997,1632.7946096999804,1632.7946096999804,1632.7946096999804,1632.7946096999804,1632.7826791999978,NA,NA,NA,NA,NA,NA,NA,NA,NA,NA,026,001,2025-10-09_09h45.50.592,Study_5_PsychoPy_Experiment,2024.1.5,NA,2025-10-09 09h46.02.245236 +0100
Knowledge,Reg,TRUE,N,TB-K-B,TD_B,PsychoPyStudy5Stim/TD_B_6.png,Adam KNOWS there is ONE cube,One,h,b,N,-,N,0,271,271,256,1632.7946096999804,NA,NA,NA,NA,NA,NA,NA,NA,NA,1632.7831605999963,3.7620001239702e-4,1632.86827799998,1633.2444770999718,1633.3447897000003,1635.3446869999752,1635.7447449999745,1635.8470099999686,1635.8470099999686,1637.44767829997,b,1,1.5932182000251487,NA,1637.4482630999992,1637.4612062000087,1637.4612062000087,1637.4612062000087,1637.4612062000087,1637.4488710999722,NA,NA,NA,NA,NA,NA,NA,NA,NA,NA,026,001,2025-10-09_09h45.50.592,Study_5_PsychoPy_Experiment,2024.1.5,NA,2025-10-09 09h46.02.245236 +0100
Knowledge,Reg,FALSE,N,FB-Ig,D_B_T,PsychoPyStudy5Stim/D_B_T_5.png,Adam KNOWS there are TWO cubes,Two,b,h,N,PropFalse,N,0,272,272,295,1637.4612062000087,NA,NA,NA,NA,NA,NA,NA,NA,NA,1637.4493362000212,3.7299998803064e-4,1637.5477053999784,1637.9278970999876,1638.0280363999773,1640.028095900023,1640.4280318999663,1640.5303460999858,1640.5303460999858,1642.781152200012,h,1,2.2386821000254713,NA,1642.7818066999898,1642.7945819000015,1642.7945819000015,1642.7945819000015,1642.7945819000015,1642.7825501000043,NA,NA,NA,NA,NA,NA,NA,NA,NA,NA,026,001,2025-10-09_09h45.50.592,Study_5_PsychoPy_Experiment,2024.1.5,NA,2025-10-09 09h46.02.245236 +0100
Reality,Reg,TRUE,N,FB-Ig,B_TT,PsychoPyStudy5Stim/B_TT_3.png,"In REALITY, there are TWO cubes",Two,h,b,N,-,N,0,273,273,333,1642.7945819000015,NA,NA,NA,NA,NA,NA,NA,NA,NA,1642.7831036999703,4.3880002340301e-4,1642.8771587000228,1643.2612255999702,1643.3613574000192,1645.3612316999934,1645.7613589999964,1645.8635938999942,1645.8635938999942,1646.631153299997,b,1,0.7602891999995336,NA,1646.6318602999672,1646.644606499991,1646.644606499991,1646.644606499991,1646.644606499991,1646.632577100012,NA,NA,NA,NA,NA,NA,NA,NA,NA,NA,026,001,2025-10-09_09h45.50.592,Study_5_PsychoPy_Experiment,2024.1.5,NA,2025-10-09 09h46.02.245236 +0100
Knowledge,Reg,TRUE,N,NB-TB-K,DT_NB,PsychoPyStudy5Stim/TD_NB_1.png,Adam KNOWS there is ONE cube,One,h,b,N,-,N,0,274,274,163,1646.644606499991,NA,NA,NA,NA,NA,NA,NA,NA,NA,1646.6331326999934,4.3860002188012e-4,1646.7254342000233,1647.0944706000157,1647.1946598999784,1649.1946309999912,1649.5946477999678,1649.6969543999876,1649.6969543999876,1650.5813233000226,b,1,0.8792841999675147,NA,1650.5820023000124,1650.5945555000217,1650.5945555000217,1650.5945555000217,1650.5945555000217,1650.5827402999855,NA,NA,NA,NA,NA,NA,NA,NA,NA,NA,026,001,2025-10-09_09h45.50.592,Study_5_PsychoPy_Experiment,2024.1.5,NA,2025-10-09 09h46.02.245236 +0100
Reality,Reg,FALSE,N,NB-TB-K,DT_NB,PsychoPyStudy5Stim/TD_NB_1.png,"In REALITY, there are ZERO cubes",Zero,b,h,N,PropFalse,N,0,275,275,169,1650.5945555000217,NA,NA,NA,NA,NA,NA,NA,NA,NA,1650.5833015000098,4.4360000174492e-4,1650.6735936999903,1651.0446568999903,1651.1445879999665,1653.1446175000165,1653.5446024999835,1653.6469663999742,1653.6469663999742,1660.914167799987,h,1,7.250245800008997,NA,1660.9147352,1660.9278419999755,1660.9278419999755,1660.9278419999755,1660.9278419999755,1660.915343999979,NA,NA,NA,NA,NA,NA,NA,NA,NA,NA,026,001,2025-10-09_09h45.50.592,Study_5_PsychoPy_Experiment,2024.1.5,NA,2025-10-09 09h46.02.245236 +0100
Belief,Neg,TRUE,N,NB-TB-K,TT_NB,PsychoPyStudy5Stim/TT_NB_4.png,Adam does NOT THINK there is ONE cube,One,h,b,Y,-,N,0,276,276,63,1660.9278419999755,NA,NA,NA,NA,NA,NA,NA,NA,NA,1660.9157799999812,3.3790001180022e-4,1661.006825599994,1661.37793409999,1661.4781166000175,1663.4780144999968,1663.8779027999844,1663.9802158999955,1663.9802158999955,1665.2641640999936,h,0,1.2683633000124246,NA,1665.264748000016,1665.2777532999753,1665.2777532999753,1665.2777532999753,1665.2777532999753,1665.2653547999798,NA,NA,NA,NA,NA,NA,NA,NA,NA,NA,026,001,2025-10-09_09h45.50.592,Study_5_PsychoPy_Experiment,2024.1.5,NA,2025-10-09 09h46.02.245236 +0100
Knowledge,Reg,TRUE,N,TB-K-B,DD_B,PsychoPyStudy5Stim/DD_B_8.png,Adam KNOWS there are ZERO cubes,Zero,h,b,N,-,N,0,277,277,222,1665.2777532999753,NA,NA,NA,NA,NA,NA,NA,NA,NA,1665.265812299971,3.39999969583e-4,1665.3641137999948,1665.7445671000169,1665.8446852000195,1667.8446396000218,1668.2446151999757,1668.3468567999662,1668.3468567999662,1670.3974467000226,b,1,2.037758400023449,NA,1670.398002300004,1670.4111176999868,1670.4111176999868,1670.4111176999868,1670.4111176999868,1670.3985706999665,NA,NA,NA,NA,NA,NA,NA,NA,NA,NA,026,001,2025-10-09_09h45.50.592,Study_5_PsychoPy_Experiment,2024.1.5,NA,2025-10-09 09h46.02.245236 +0100
Knowledge,Neg,TRUE,N,NB-TB-K,T_NB,PsychoPyStudy5Stim/T_NB_2.png,Adam does NOT KNOW there are TWO cubes,Two,h,b,Y,-,N,0,278,278,33,1670.4111176999868,NA,NA,NA,NA,NA,NA,NA,NA,NA,1670.3989580000052,3.0059996061027e-4,1670.4894774999702,1670.8611168999923,1670.961213100003,1672.9613625999773,1673.3613160999955,1673.463423500012,1673.463423500012,1679.948509800015,h,0,6.482044800010044,NA,1679.9493376999744,1679.9612045999966,1679.9612045999966,1679.9612045999966,1679.9612045999966,1679.9502281000025,NA,NA,NA,NA,NA,NA,NA,NA,NA,NA,026,001,2025-10-09_09h45.50.592,Study_5_PsychoPy_Experiment,2024.1.5,NA,2025-10-09 09h46.02.245236 +0100
Knowledge,Neg,TRUE,Y,FB-Ig,T_B_T,PsychoPyStudy5Stim/T_B_T_1.png,Adam does NOT KNOW there are TWO cubes,Two,h,b,Y,-,N,0,279,279,0,1679.9612045999966,NA,NA,NA,NA,NA,NA,NA,NA,NA,1679.950870700006,4.9649999709799e-4,1680.0499255000032,1680.427819799981,1680.5281014000066,1682.5279385999893,1682.927868400002,1683.0301686999735,1683.0301686999735,1685.980722600012,b,1,2.9459100000094622,NA,1685.9812523999717,1685.994311699993,1685.994311699993,1685.994311699993,1685.994311699993,1685.981784500007,NA,NA,NA,NA,NA,NA,NA,NA,NA,NA,026,001,2025-10-09_09h45.50.592,Study_5_PsychoPy_Experiment,2024.1.5,NA,2025-10-09 09h46.02.245236 +0100
Belief,Reg,FALSE,N,TB-K-B,DD_B,PsychoPyStudy5Stim/DD_B_3.png,Adam THINKS there is ONE cube,One,b,h,N,PropFalse,N,0,280,280,234,1685.994311699993,NA,NA,NA,NA,NA,NA,NA,NA,NA,1685.9821900000095,3.2219995046034e-4,1686.066839999985,1686.444428000017,1686.5445866999798,1688.544576300017,1688.944497999968,1689.046799600008,1689.046799600008,1690.6808473999845,h,1,1.6173573000123724,NA,1690.6815078000072,1690.694374600018,1690.694374600018,1690.694374600018,1690.694374600018,1690.6821896000183,NA,NA,NA,NA,NA,NA,NA,NA,NA,NA,026,001,2025-10-09_09h45.50.592,Study_5_PsychoPy_Experiment,2024.1.5,NA,2025-10-09 09h46.02.245236 +0100
Belief,Reg,FALSE,N,TB-K-B,TD_B,PsychoPyStudy5Stim/TD_B_2.png,Adam THINKS there are ZERO cubes,Zero,b,h,N,PropFalse,N,0,281,281,264,1690.694374600018,NA,NA,NA,NA,NA,NA,NA,NA,NA,1690.6826751999906,3.784000291489e-4,1690.7758131999872,1691.1610962999985,1691.2613105999772,1693.2612475000203,1693.6612262999988,1693.7634703000076,1693.7634703000076,1700.047135300003,h,1,6.276173899997957,NA,1700.0474984999746,1700.0609891000204,1700.0609891000204,1700.0609891000204,1700.0609891000204,1700.0478685999988,NA,NA,NA,NA,NA,NA,NA,NA,NA,NA,026,001,2025-10-09_09h45.50.592,Study_5_PsychoPy_Experiment,2024.1.5,NA,2025-10-09 09h46.02.245236 +0100
Belief,Reg,TRUE,N,TB-Ig,D_B,PsychoPyStudy5Stim/D_B_1.png,Adam THINKS there are ZERO cubes,Zero,h,b,N,-,Y,0,282,282,200,1700.0609891000204,NA,NA,NA,NA,NA,NA,NA,NA,NA,1700.0481181999785,1.9530003191903e-4,1700.14004009997,1700.5111028999672,1700.6113274000236,1702.6113533999887,1703.0111886999805,1703.1133877999964,1703.1133877999964,1704.447701499972,b,1,1.326801399991382,NA,1704.4484189000214,1704.4610516999965,1704.4610516999965,1704.4610516999965,1704.4610516999965,1704.449152700021,NA,NA,NA,NA,NA,NA,NA,NA,NA,NA,026,001,2025-10-09_09h45.50.592,Study_5_PsychoPy_Experiment,2024.1.5,NA,2025-10-09 09h46.02.245236 +0100
Reality,Reg,FALSE,N,NB-TB-K,T_NB,PsychoPyStudy5Stim/T_NB_7.png,"In REALITY, there are ZERO cubes",Zero,b,h,N,PropFalse,N,0,283,283,146,1704.4610516999965,NA,NA,NA,NA,NA,NA,NA,NA,NA,1704.4496664999751,3.9800000376999e-4,1704.5473292999668,1704.9277814999805,1705.0278771999874,1707.0278700999916,1707.4278022000217,1707.5300721999956,1707.5300721999956,1708.6473872999777,h,1,1.1024105999968017,NA,1708.6479649000105,1708.6609949999838,1708.6609949999838,1708.6609949999838,1708.6609949999838,1708.6485818999936,NA,NA,NA,NA,NA,NA,NA,NA,NA,NA,026,001,2025-10-09_09h45.50.592,Study_5_PsychoPy_Experiment,2024.1.5,NA,2025-10-09 09h46.02.245236 +0100
Reality,Reg,TRUE,N,TB-Ig,D_B,PsychoPyStudy5Stim/D_B_1.png,"In REALITY, there are ZERO cubes",Zero,h,b,N,-,N,0,284,284,203,1708.6609949999838,NA,NA,NA,NA,NA,NA,NA,NA,NA,1708.649013999966,3.3579999580979e-4,1708.7395462999702,1709.1110928999842,1709.2111893999972,1711.2110579999862,1711.611126600008,1711.713330300001,1711.713330300001,1714.1307810000144,b,1,2.406848800019361,NA,1714.1314003000152,1714.144302300003,1714.144302300003,1714.144302300003,1714.144302300003,1714.1320533999824,NA,NA,NA,NA,NA,NA,NA,NA,NA,NA,026,001,2025-10-09_09h45.50.592,Study_5_PsychoPy_Experiment,2024.1.5,NA,2025-10-09 09h46.02.245236 +0100
Belief,Neg,FALSE,N,NB-TB-K,T_NB,PsychoPyStudy5Stim/T_NB_1.png,Adam does NOT THINK there is ONE cube,One,b,h,Y,PropFalse,N,0,285,285,48,1714.144302300003,NA,NA,NA,NA,NA,NA,NA,NA,NA,1714.1325345999794,3.5640003625303e-4,1714.2159280999913,1714.594242799969,1714.694545699982,1716.6944747000234,1717.0943454999942,1717.1967813000083,1717.1967813000083,1723.5973745000083,b,0,6.396858499967493,NA,1723.5978683999856,1723.610905700014,1723.610905700014,1723.610905700014,1723.610905700014,1723.5984387000208,NA,NA,NA,NA,NA,NA,NA,NA,NA,NA,026,001,2025-10-09_09h45.50.592,Study_5_PsychoPy_Experiment,2024.1.5,NA,2025-10-09 09h46.02.245236 +0100
Reality,Reg,TRUE,N,TB-K-B,TD_B,PsychoPyStudy5Stim/TD_B_4.png,"In REALITY, there is ONE cube",One,h,b,N,-,N,0,286,286,272,1723.610905700014,NA,NA,NA,NA,NA,NA,NA,NA,NA,1723.598815299978,2.9400002676993e-4,1723.6908611999825,1724.0607749000192,1724.161125899991,1726.1609986000112,1726.561039799999,1726.663412199996,1726.663412199996,1729.1300912000006,b,1,2.456857100012712,NA,1729.1303962999957,1729.144199799979,1729.144199799979,1729.144199799979,1729.144199799979,1729.1307150999785,NA,NA,NA,NA,NA,NA,NA,NA,NA,NA,026,001,2025-10-09_09h45.50.592,Study_5_PsychoPy_Experiment,2024.1.5,NA,2025-10-09 09h46.02.245236 +0100
Belief,Reg,FALSE,N,NB-TB-K,TT_NB,PsychoPyStudy5Stim/TT_NB_4.png,Adam THINKS there are ZERO cubes,Zero,b,h,N,PropFalse,N,0,287,287,184,1729.144199799979,NA,NA,NA,NA,NA,NA,NA,NA,NA,1729.1309293999802,1.6840000171214e-4,1729.211807499989,1729.5943357999786,1729.694463699998,1731.694492599985,1732.0943860000116,1732.1966558999848,1732.1966558999848,1732.8137217999902,h,1,0.603207600011956,NA,1732.8140419999836,1732.82738849998,1732.82738849998,1732.82738849998,1732.82738849998,1732.8143716999912,NA,NA,NA,NA,NA,NA,NA,NA,NA,NA,026,001,2025-10-09_09h45.50.592,Study_5_PsychoPy_Experiment,2024.1.5,NA,2025-10-09 09h46.02.245236 +0100
Knowledge,Neg,TRUE,Y,FB-Ig,D_B_T,PsychoPyStudy5Stim/D_B_T_6.png,Adam does NOT KNOW there is ONE cube,One,h,b,Y,-,N,0,288,288,13,1732.82738849998,NA,NA,NA,NA,NA,NA,NA,NA,NA,1732.8145827999688,1.6699999105185e-4,1732.8991871000037,1733.277535400004,1733.37770740001,1735.377488199971,1735.7777075999766,1735.8799795000232,1735.8799795000232,1737.5142174999928,b,1,1.6327503999928012,NA,1737.514803499973,1737.5275299000205,1737.5275299000205,1737.5275299000205,1737.5275299000205,1737.5154310999787,NA,NA,NA,NA,NA,NA,NA,NA,NA,NA,026,001,2025-10-09_09h45.50.592,Study_5_PsychoPy_Experiment,2024.1.5,NA,2025-10-09 09h46.02.245236 +0100
Knowledge,Neg,FALSE,N,TB-K,TT_B,PsychoPyStudy5Stim/TT_B_6.png,Adam does NOT KNOW there are TWO cubes,Two,b,h,Y,PropFalse,N,0,289,289,93,1737.5275299000205,NA,NA,NA,NA,NA,NA,NA,NA,NA,1737.515871200012,3.4050003159791e-4,1737.6095074000186,1737.9940773000126,1738.094246599998,1740.0944580999785,1740.4943211000063,1740.5967295999872,1740.5967295999872,1742.7475121999742,h,1,2.1489213000168093,NA,1742.7480929999729,1742.7608216999795,1742.7608216999795,1742.7608216999795,1742.7608216999795,1742.7487978999852,NA,NA,NA,NA,NA,NA,NA,NA,NA,NA,026,001,2025-10-09_09h45.50.592,Study_5_PsychoPy_Experiment,2024.1.5,NA,2025-10-09 09h46.02.245236 +0100
Knowledge,Reg,FALSE,N,FB-Ig,B_T,PsychoPyStudy5Stim/B_T_1.png,Adam KNOWS there are ZERO cubes,Zero,b,h,N,PropTrueNoKnow,Y,0,290,290,307,1742.7608216999795,NA,NA,NA,NA,NA,NA,NA,NA,NA,1742.7492375000147,3.6499998532235e-4,1742.8389356000116,1743.2108076000004,1743.3112218999886,1745.3109693999868,1745.7109293999963,1745.8132430000114,1745.8132430000114,1747.3806882000065,h,1,1.5545594999566674,NA,1747.3813089000178,1747.3941516000195,1747.3941516000195,1747.3941516000195,1747.3941516000195,1747.3820291999727,NA,NA,NA,NA,NA,NA,NA,NA,NA,NA,026,001,2025-10-09_09h45.50.592,Study_5_PsychoPy_Experiment,2024.1.5,NA,2025-10-09 09h46.02.245236 +0100
Reality,Reg,TRUE,N,TB-K-B,DD_B,PsychoPyStudy5Stim/DD_B_6.png,"In REALITY, there are ZERO cubes",Zero,h,b,N,-,N,0,291,291,237,1747.3941516000195,NA,NA,NA,NA,NA,NA,NA,NA,NA,1747.3824778000126,3.3180002355948e-4,1747.4730080000008,1747.844253299991,1747.944352899969,1749.9443448000238,1750.3442735999706,1750.4466481999843,1750.4466481999843,1754.4803896999802,b,1,4.017689000000246,NA,1754.480688999989,1754.493994100019,1754.493994100019,1754.493994100019,1754.493994100019,1754.4810299000235,NA,NA,NA,NA,NA,NA,NA,NA,NA,NA,026,001,2025-10-09_09h45.50.592,Study_5_PsychoPy_Experiment,2024.1.5,NA,2025-10-09 09h46.02.245236 +0100
Belief,Neg,TRUE,N,NB-TB-K,T_NB,PsychoPyStudy5Stim/T_NB_2.png,Adam does NOT THINK there are TWO cubes,Two,h,b,Y,-,N,0,292,292,37,1754.493994100019,NA,NA,NA,NA,NA,NA,NA,NA,NA,1754.481265600014,1.798000303097e-4,1754.5781251000008,1754.9608145999955,1755.060791899974,1757.0608949000016,1757.460972299974,1757.563298199966,1757.563298199966,1763.1968877000036,h,0,5.628503900021315,NA,1763.1971956000198,1763.2106256000116,1763.2106256000116,1763.2106256000116,1763.2106256000116,1763.197526999982,NA,NA,NA,NA,NA,NA,NA,NA,NA,NA,026,001,2025-10-09_09h45.50.592,Study_5_PsychoPy_Experiment,2024.1.5,NA,2025-10-09 09h46.02.245236 +0100
Belief,Reg,TRUE,N,TB-K-B,TT_B,PsychoPyStudy5Stim/TT_B_5.png,Adam THINKS there are TWO cubes,Two,h,b,N,-,N,0,293,293,246,1763.2106256000116,NA,NA,NA,NA,NA,NA,NA,NA,NA,1763.1977432999993,1.7180002760142e-4,1763.2929824999885,1763.6775737999706,1763.7776248999871,1765.7778052000212,1766.1776145999902,1766.2798463000215,1766.2798463000215,1768.1972180000157,h,0,1.9128190000192264,NA,1768.1978194999974,1768.21074900002,1768.21074900002,1768.21074900002,1768.21074900002,1768.1984321000054,NA,NA,NA,NA,NA,NA,NA,NA,NA,NA,026,001,2025-10-09_09h45.50.592,Study_5_PsychoPy_Experiment,2024.1.5,NA,2025-10-09 09h46.02.245236 +0100
Knowledge,Reg,TRUE,N,TB-K-B,TD_B,PsychoPyStudy5Stim/TD_B_5.png,Adam KNOWS there is ONE cube,One,h,b,N,-,N,0,294,294,255,1768.21074900002,NA,NA,NA,NA,NA,NA,NA,NA,NA,1768.1988567999797,3.3080001594498e-4,1768.284839799977,1768.66080339998,1768.7609252000111,1770.7609282999765,1771.160876800015,1771.263366499974,1771.263366499974,1774.547039099969,b,1,3.28039870003704,NA,1774.547518300009,1774.5606893000077,1774.5606893000077,1774.5606893000077,1774.5606893000077,1774.5480064000003,NA,NA,NA,NA,NA,NA,NA,NA,NA,NA,026,001,2025-10-09_09h45.50.592,Study_5_PsychoPy_Experiment,2024.1.5,NA,2025-10-09 09h46.02.245236 +0100
Reality,Reg,TRUE,N,NB-TB-K,TT_NB,PsychoPyStudy5Stim/TT_NB_5.png,"In REALITY, there are TWO cubes",Two,h,b,N,-,N,0,295,295,193,1774.5606893000077,NA,NA,NA,NA,NA,NA,NA,NA,NA,1774.5483723999932,2.8939999174326e-4,1774.6399214999983,1775.010921899986,1775.1108901000116,1777.110882900015,1777.5108520999784,1777.6131752000074,1777.6131752000074,1778.6469942000112,b,1,1.027750599954743,NA,1778.6472860000213,1778.66070269997,1778.66070269997,1778.66070269997,1778.66070269997,1778.647620100004,NA,NA,NA,NA,NA,NA,NA,NA,NA,NA,026,001,2025-10-09_09h45.50.592,Study_5_PsychoPy_Experiment,2024.1.5,NA,2025-10-09 09h46.02.245236 +0100
Reality,Reg,TRUE,N,NB-TB-K,DT_NB,PsychoPyStudy5Stim/TD_NB_1.png,"In REALITY, there is ONE cube",One,h,b,N,-,N,0,296,296,167,1778.66070269997,NA,NA,NA,NA,NA,NA,NA,NA,NA,1778.647844699968,1.8139998428523e-4,1778.728737699974,1779.1107893000008,1779.2109036999757,1781.2108974999865,1781.6108025999856,1781.7130660999685,1781.7130660999685,1783.2637551000223,b,1,1.543193700024858,NA,1783.2643130000215,1783.2773431999958,1783.2773431999958,1783.2773431999958,1783.2773431999958,1783.2649239000166,NA,NA,NA,NA,NA,NA,NA,NA,NA,NA,026,001,2025-10-09_09h45.50.592,Study_5_PsychoPy_Experiment,2024.1.5,NA,2025-10-09 09h46.02.245236 +0100
Belief,Neg,FALSE,N,NB-TB-K,T_NB,PsychoPyStudy5Stim/T_NB_6.png,Adam does NOT THINK there is ONE cube,One,b,h,Y,PropFalse,N,0,297,297,53,1783.2773431999958,NA,NA,NA,NA,NA,NA,NA,NA,NA,1783.265356799995,3.3690000418573e-4,1783.3506773000115,1783.727340499987,1783.8274636999704,1785.8274883999838,1786.2275019999945,1786.3297060999903,1786.3297060999903,1787.3472163999686,h,1,1.0067776000360027,NA,1787.3478319999997,1787.360710899986,1787.360710899986,1787.360710899986,1787.360710899986,1787.3485073000193,NA,NA,NA,NA,NA,NA,NA,NA,NA,NA,026,001,2025-10-09_09h45.50.592,Study_5_PsychoPy_Experiment,2024.1.5,NA,2025-10-09 09h46.02.245236 +0100
Belief,Neg,TRUE,N,TB-K,TD_B,PsychoPyStudy5Stim/TD_B_2.png,Adam does NOT THINK there are TWO cubes,Two,h,b,Y,-,N,0,298,298,109,1787.360710899986,NA,NA,NA,NA,NA,NA,NA,NA,NA,1787.3489859999972,3.7359999259933e-4,1787.4454735000036,1787.8274459000097,1787.9276513999794,1789.9275272000232,1790.32751610002,1790.4297447999706,1790.4297447999706,1792.7806591999831,b,1,2.3383127999841236,NA,1792.781357300002,1792.7940471000038,1792.7940471000038,1792.7940471000038,1792.7940471000038,1792.7821053999942,NA,NA,NA,NA,NA,NA,NA,NA,NA,NA,026,001,2025-10-09_09h45.50.592,Study_5_PsychoPy_Experiment,2024.1.5,NA,2025-10-09 09h46.02.245236 +0100
Knowledge,Neg,TRUE,Y,FB-Ig,T_B_T,PsychoPyStudy5Stim/T_B_T_4.png,Adam does NOT KNOW there are TWO cubes,Two,h,b,Y,-,N,0,299,299,3,1792.7940471000038,NA,NA,NA,NA,NA,NA,NA,NA,NA,1792.7826161999835,3.957999870181e-4,1792.882259199978,1793.2607934999978,1793.3609324999852,1795.360891899967,1795.760868799989,1795.8632274999982,1795.8632274999982,1799.4640312999836,b,1,3.5846875000279397,NA,1799.4647289999994,1799.477364899998,1799.477364899998,1799.477364899998,1799.477364899998,1799.4654512999696,NA,NA,NA,NA,NA,NA,NA,NA,NA,NA,026,001,2025-10-09_09h45.50.592,Study_5_PsychoPy_Experiment,2024.1.5,NA,2025-10-09 09h46.02.245236 +0100
Knowledge,Reg,FALSE,N,TB-Ig,D_B,PsychoPyStudy5Stim/D_B_D_2.png,Adam KNOWS there are ZERO cubes,Zero,b,h,N,PropTrueNoKnow,Y,0,300,300,207,1799.477364899998,NA,NA,NA,NA,NA,NA,NA,NA,NA,1799.465968500008,4.0229997830465e-4,1799.5665735999935,1799.9442562999902,1800.0442586999852,1802.044161700003,1802.444124499976,1802.54641369998,1802.54641369998,1804.1974210999904,b,0,1.637303400028031,NA,1804.1981868000005,1804.210708700004,1804.210708700004,1804.210708700004,1804.210708700004,1804.198944200005,NA,NA,NA,NA,NA,NA,NA,NA,NA,NA,026,001,2025-10-09_09h45.50.592,Study_5_PsychoPy_Experiment,2024.1.5,NA,2025-10-09 09h46.02.245236 +0100
Reality,Reg,FALSE,N,TB-K-B,DD_B,PsychoPyStudy5Stim/DD_B_9.png,"In REALITY, there are TWO cubes",Two,b,h,N,PropFalse,N,0,301,301,240,1804.210708700004,NA,NA,NA,NA,NA,NA,NA,NA,NA,1804.199495500012,4.2759999632835e-4,1804.3008322999813,1804.6773230999825,1804.777450900001,1806.777581800008,1807.177455099998,1807.279670000018,1807.279670000018,1808.7474149999907,h,1,1.464110700006131,NA,1808.748069000023,1808.760675299971,1808.760675299971,1808.760675299971,1808.760675299971,1808.7488786000176,NA,NA,NA,NA,NA,NA,NA,NA,NA,NA,026,001,2025-10-09_09h45.50.592,Study_5_PsychoPy_Experiment,2024.1.5,NA,2025-10-09 09h46.02.245236 +0100
Belief,Neg,FALSE,N,NB-TB-K,TT_NB,PsychoPyStudy5Stim/TT_NB_4.png,Adam does NOT THINK there are TWO cubes,Two,b,h,Y,PropFalse,N,0,302,302,75,1808.760675299971,NA,NA,NA,NA,NA,NA,NA,NA,NA,1808.7494199000064,4.2659998871386e-4,1808.830778500007,1809.2106860000056,1809.3107307999744,1811.310864500003,1811.7106103000117,1811.813134600001,1811.813134600001,1814.1307050000175,h,1,2.315464899991639,NA,1814.131339500018,1814.1439834000191,1814.1439834000191,1814.1439834000191,1814.1439834000191,1814.1319854999892,NA,NA,NA,NA,NA,NA,NA,NA,NA,NA,026,001,2025-10-09_09h45.50.592,Study_5_PsychoPy_Experiment,2024.1.5,NA,2025-10-09 09h46.02.245236 +0100
Reality,Reg,TRUE,N,NB-TB-K,DD_NB,PsychoPyStudy5Stim/DD_NB_3.png,"In REALITY, there are ZERO cubes",Zero,h,b,N,-,N,0,303,303,159,1814.1439834000191,NA,NA,NA,NA,NA,NA,NA,NA,NA,1814.1324790000217,3.6559998989105e-4,1814.229398399999,1814.610703099985,1814.710774599982,1816.710832600016,1817.1107786999785,1817.2130023000063,1817.2130023000063,1818.280486600008,b,1,1.058635699970182,NA,1818.281130200019,1818.293940500007,1818.293940500007,1818.293940500007,1818.293940500007,1818.2818566000203,NA,NA,NA,NA,NA,NA,NA,NA,NA,NA,026,001,2025-10-09_09h45.50.592,Study_5_PsychoPy_Experiment,2024.1.5,NA,2025-10-09 09h46.02.245236 +0100
Belief,Reg,TRUE,N,TB-Ig,D_B,PsychoPyStudy5Stim/D_B_2.png,Adam THINKS there are ZERO cubes,Zero,h,b,N,-,Y,0,304,304,201,1818.293940500007,NA,NA,NA,NA,NA,NA,NA,NA,NA,1818.2823697999704,3.9990001823753e-4,1818.386269400013,1818.7606754999724,1818.8607907000112,1820.860808699974,1821.260738699988,1821.3630384000137,1821.3630384000137,1823.2639972000031,b,1,1.8934694999479689,NA,1823.2646883999696,1823.2773029999807,1823.2773029999807,1823.2773029999807,1823.2773029999807,1823.2654167999865,NA,NA,NA,NA,NA,NA,NA,NA,NA,NA,026,001,2025-10-09_09h45.50.592,Study_5_PsychoPy_Experiment,2024.1.5,NA,2025-10-09 09h46.02.245236 +0100
Knowledge,Reg,TRUE,N,TB-K-B,DD_B,PsychoPyStudy5Stim/DD_B_2.png,Adam KNOWS there are ZERO cubes,Zero,h,b,N,-,N,0,305,305,216,1823.2773029999807,NA,NA,NA,NA,NA,NA,NA,NA,NA,1823.2659386000016,4.0240003727376e-4,1823.3619800999877,1823.7439846000052,1823.844114699983,1825.8438874999993,1826.243970700016,1826.3464827999703,1826.3464827999703,1827.3970606999935,b,1,1.0450919000431895,NA,1827.3976825000136,1827.410588999977,1827.410588999977,1827.410588999977,1827.410588999977,1827.3983190999716,NA,NA,NA,NA,NA,NA,NA,NA,NA,NA,026,001,2025-10-09_09h45.50.592,Study_5_PsychoPy_Experiment,2024.1.5,NA,2025-10-09 09h46.02.245236 +0100
Belief,Reg,FALSE,N,FB-Ig,D_B_T,PsychoPyStudy5Stim/D_B_T_2.png,Adam THINKS there are TWO cubes,Two,b,h,N,PropFalse,N,0,306,306,300,1827.410588999977,NA,NA,NA,NA,NA,NA,NA,NA,NA,1827.3988084999728,3.6420003743842e-4,1827.498538899992,1827.877319100022,1827.9774406999932,1829.9774251999916,1830.377383199986,1830.4801367999753,1830.4801367999753,1832.030466199969,h,1,1.5356141999945976,NA,1832.0311555999797,1832.0438548999955,1832.0438548999955,1832.0438548999955,1832.0438548999955,1832.0318887999747,NA,NA,NA,NA,NA,NA,NA,NA,NA,NA,026,001,2025-10-09_09h45.50.592,Study_5_PsychoPy_Experiment,2024.1.5,NA,2025-10-09 09h46.02.245236 +0100
Reality,Reg,FALSE,N,TB-K-B,TD_B,PsychoPyStudy5Stim/TD_B_8.png,"In REALITY, there are TWO cubes",Two,b,h,N,PropFalse,N,0,307,307,274,1832.0438548999955,NA,NA,NA,NA,NA,NA,NA,NA,NA,1832.0324012999772,3.9940001443028e-4,1832.129422399972,1832.5105949999995,1832.6107010999697,1834.610485000012,1835.0110791000188,1835.1130730999869,1835.1130730999869,1835.9137831999687,h,1,0.7832795000285842,NA,1835.914452099998,1835.9271412999951,1835.9271412999951,1835.9271412999951,1835.9271412999951,1835.9151104000048,NA,NA,NA,NA,NA,NA,NA,NA,NA,NA,026,001,2025-10-09_09h45.50.592,Study_5_PsychoPy_Experiment,2024.1.5,NA,2025-10-09 09h46.02.245236 +0100
Knowledge,Neg,TRUE,Y,FB-Ig,D_B_T,PsychoPyStudy5Stim/D_B_T_3.png,Adam does NOT KNOW there is ONE cube,One,h,b,Y,-,N,0,308,308,10,1835.9271412999951,NA,NA,NA,NA,NA,NA,NA,NA,NA,1835.9156319000176,3.8740003947168e-4,1835.9980210000067,1836.3771476999973,1836.4773282000097,1838.47735489998,1838.8773144999868,1838.9795725999863,1838.9795725999863,1839.480265799968,b,1,0.4841624000109732,NA,1839.480756199977,1839.4938303999952,1839.4938303999952,1839.4938303999952,1839.4938303999952,1839.481294199999,NA,NA,NA,NA,NA,NA,NA,NA,NA,NA,026,001,2025-10-09_09h45.50.592,Study_5_PsychoPy_Experiment,2024.1.5,NA,2025-10-09 09h46.02.245236 +0100
Knowledge,Neg,FALSE,N,TB-K,TD_B,PsychoPyStudy5Stim/TD_B_1.png,Adam does NOT KNOW there is ONE cube,One,b,h,Y,PropFalse,N,0,309,309,112,1839.4938303999952,NA,NA,NA,NA,NA,NA,NA,NA,NA,1839.4816700000083,2.9200001154094e-4,1839.5679918999667,1839.9439595000003,1840.043937599985,1842.0440654999693,1842.4439768000157,1842.5462589000235,1842.5462589000235,1844.4806654999848,h,1,1.9254439999931492,NA,1844.4813299999803,1844.4938600999883,1844.4938600999883,1844.4938600999883,1844.4938600999883,1844.4821940999827,NA,NA,NA,NA,NA,NA,NA,NA,NA,NA,026,001,2025-10-09_09h45.50.592,Study_5_PsychoPy_Experiment,2024.1.5,NA,2025-10-09 09h46.02.245236 +0100
Knowledge,Reg,TRUE,N,NB-TB-K,TT_NB,PsychoPyStudy5Stim/TT_NB_7.png,Adam KNOWS there are TWO cubes,Two,h,b,N,-,N,0,310,310,173,1844.4938600999883,NA,NA,NA,NA,NA,NA,NA,NA,NA,1844.4827413000169,4.3299997923895e-4,1844.565885399992,1844.9438652999816,1845.0440002999967,1847.0438320999965,1847.443907900015,1847.5462321999948,1847.5462321999948,1848.563733800023,b,1,1.00565700000152,NA,1848.564453399973,1848.5771585999755,1848.5771585999755,1848.5771585999755,1848.5771585999755,1848.565243799996,NA,NA,NA,NA,NA,NA,NA,NA,NA,NA,026,001,2025-10-09_09h45.50.592,Study_5_PsychoPy_Experiment,2024.1.5,NA,2025-10-09 09h46.02.245236 +0100
Knowledge,Neg,FALSE,N,TB-K,TT_B,PsychoPyStudy5Stim/TT_B_8.png,Adam does NOT KNOW there are TWO cubes,Two,b,h,Y,PropFalse,N,0,311,311,95,1848.5771585999755,NA,NA,NA,NA,NA,NA,NA,NA,NA,1848.5657916999771,4.3529999675229e-4,1848.6522180999743,1849.0272219000035,1849.127408500004,1851.1273645000183,1851.5272557999704,1851.6296725000136,1851.6296725000136,1856.9134176999796,h,1,5.282251199998427,NA,1856.9139151999843,1856.927095899999,1856.927095899999,1856.927095899999,1856.927095899999,1856.9144222000032,NA,NA,NA,NA,NA,NA,NA,NA,NA,NA,026,001,2025-10-09_09h45.50.592,Study_5_PsychoPy_Experiment,2024.1.5,NA,2025-10-09 09h46.02.245236 +0100
Reality,Reg,FALSE,N,FB-Ig,B_T,PsychoPyStudy5Stim/B_T_4.png,"In REALITY, there are TWO cubes",Two,b,h,N,-,N,0,312,312,320,1856.927095899999,NA,NA,NA,NA,NA,NA,NA,NA,NA,1856.914809399983,3.0970002990216e-4,1857.0134985999905,1857.3938771999672,1857.4939940000183,1859.493922900001,1859.8941810000103,1859.9965346999816,1859.9965346999816,1861.4132211999968,h,1,1.4038074999698438,NA,1861.4137138000224,1861.427087899996,1861.427087899996,1861.427087899996,1861.427087899996,1861.4142217999904,NA,NA,NA,NA,NA,NA,NA,NA,NA,NA,026,001,2025-10-09_09h45.50.592,Study_5_PsychoPy_Experiment,2024.1.5,NA,2025-10-09 09h46.02.245236 +0100
Knowledge,Neg,TRUE,Y,FB-Ig,D_B_T,PsychoPyStudy5Stim/D_B_T_1.png,Adam does NOT KNOW there is ONE cube,One,h,b,Y,-,N,0,313,313,8,1861.427087899996,NA,NA,NA,NA,NA,NA,NA,NA,NA,1861.414602499979,2.7909997152164e-4,1861.503176899976,1861.877191799984,1861.977332199982,1863.9773952999967,1864.377271400008,1864.479489099991,1864.479489099991,1869.096842399973,b,1,4.608848500007298,NA,1869.0973949999895,1869.1104081000085,1869.1104081000085,1869.1104081000085,1869.1104081000085,1869.098011999973,NA,NA,NA,NA,NA,NA,NA,NA,NA,NA,026,001,2025-10-09_09h45.50.592,Study_5_PsychoPy_Experiment,2024.1.5,NA,2025-10-09 09h46.02.245236 +0100
Belief,Reg,FALSE,N,TB-K-B,TD_B,PsychoPyStudy5Stim/TD_B_3.png,Adam THINKS there are ZERO cubes,Zero,b,h,N,PropFalse,N,0,314,314,265,1869.1104081000085,NA,NA,NA,NA,NA,NA,NA,NA,NA,1869.098441499984,3.335999790579e-4,1869.195582400018,1869.577121899987,1869.6772932999884,1871.677268199972,1872.0772501999743,1872.179581500008,1872.179581500008,1873.34694399999,h,1,1.1559208999969997,NA,1873.3474424000017,1873.3602426999712,1873.3602426999712,1873.3602426999712,1873.3602426999712,1873.348015399999,NA,NA,NA,NA,NA,NA,NA,NA,NA,NA,026,001,2025-10-09_09h45.50.592,Study_5_PsychoPy_Experiment,2024.1.5,NA,2025-10-09 09h46.02.245236 +0100
Belief,Reg,TRUE,N,FB-Ig,B_T,PsychoPyStudy5Stim/B_T_2.png,Adam THINKS there are ZERO cubes,Zero,h,b,N,-,Y,0,315,315,313,1873.3602426999712,NA,NA,NA,NA,NA,NA,NA,NA,NA,1873.3483938999707,2.9549997998401e-4,1873.4272121000104,1873.8102012000163,1873.910534699971,1875.910526499967,1876.310441699985,1876.4127650000155,1876.4127650000155,1877.563792800007,b,1,1.1476215000147931,NA,1877.56445060001,1877.5770626000012,1877.5770626000012,1877.5770626000012,1877.5770626000012,1877.5651829999988,NA,NA,NA,NA,NA,NA,NA,NA,NA,NA,026,001,2025-10-09_09h45.50.592,Study_5_PsychoPy_Experiment,2024.1.5,NA,2025-10-09 09h46.02.245236 +0100
Knowledge,Neg,FALSE,N,TB-K,TD_B,PsychoPyStudy5Stim/TD_B_8.png,Adam does NOT KNOW there is ONE cube,One,b,h,Y,PropFalse,N,0,316,316,119,1877.5770626000012,NA,NA,NA,NA,NA,NA,NA,NA,NA,1877.565692199976,3.9489998016506e-4,1877.6507350999743,1878.0272436999949,1878.1273589999764,1880.1272971999715,1880.5271443999952,1880.6295371999731,1880.6295371999731,1881.3465085999924,h,1,0.706466100004036,NA,1881.3469377,1881.36032420001,1881.36032420001,1881.36032420001,1881.36032420001,1881.3477750999737,NA,NA,NA,NA,NA,NA,NA,NA,NA,NA,026,001,2025-10-09_09h45.50.592,Study_5_PsychoPy_Experiment,2024.1.5,NA,2025-10-09 09h46.02.245236 +0100
Reality,Reg,FALSE,N,TB-K-B,DD_B,PsychoPyStudy5Stim/DD_B_8.png,"In REALITY, there is ONE cube",One,b,h,N,PropFalse,N,0,317,317,239,1881.36032420001,NA,NA,NA,NA,NA,NA,NA,NA,NA,1881.3481117999763,2.5879999157041e-4,1881.4371756999751,1881.8104498999892,1881.9105090000085,1883.9104646000196,1884.3105125,1884.412766000023,1884.412766000023,1885.5803165999823,h,1,1.1636808999464847,NA,1885.580967099988,1885.593748399988,1885.593748399988,1885.593748399988,1885.593748399988,1885.58171519998,NA,NA,NA,NA,NA,NA,NA,NA,NA,NA,026,001,2025-10-09_09h45.50.592,Study_5_PsychoPy_Experiment,2024.1.5,NA,2025-10-09 09h46.02.245236 +0100
Knowledge,Neg,FALSE,N,NB-TB-K,TT_NB,PsychoPyStudy5Stim/TT_NB_6.png,Adam does NOT KNOW there are TWO cubes,Two,b,h,Y,PropFalse,N,0,318,318,69,1885.593748399988,NA,NA,NA,NA,NA,NA,NA,NA,NA,1885.5822634000217,4.3409998761489e-4,1885.6707217000076,1886.0437523999717,1886.1439081999704,1888.1439338999917,1888.5437257000012,1888.6462679000103,1888.6462679000103,1892.0473488999996,h,1,3.3849102000240237,NA,1892.048178899975,1892.0602927000143,1892.0602927000143,1892.0602927000143,1892.0602927000143,1892.0490897999844,NA,NA,NA,NA,NA,NA,NA,NA,NA,NA,026,001,2025-10-09_09h45.50.592,Study_5_PsychoPy_Experiment,2024.1.5,NA,2025-10-09 09h46.02.245236 +0100
Knowledge,Neg,FALSE,N,NB-TB-K,T_NB,PsychoPyStudy5Stim/T_NB_8.png,Adam does NOT KNOW there is ONE cube,One,b,h,Y,PropFalse,N,0,319,319,47,1892.0602927000143,NA,NA,NA,NA,NA,NA,NA,NA,NA,1892.049727400008,4.895000020042e-4,1892.14710870001,1892.5269349999728,1892.627278800006,1894.6272579000215,1895.0269317000057,1895.1297855000012,1895.1297855000012,1896.8638141999836,h,1,1.7259665000019595,NA,1896.8644964999985,1896.8769811000093,1896.8769811000093,1896.8769811000093,1896.8769811000093,1896.8652527999948,NA,NA,NA,NA,NA,NA,NA,NA,NA,NA,026,001,2025-10-09_09h45.50.592,Study_5_PsychoPy_Experiment,2024.1.5,NA,2025-10-09 09h46.02.245236 +0100
Belief,Reg,FALSE,N,FB-Ig,D_B_T,PsychoPyStudy5Stim/D_B_T_4.png,Adam THINKS there are TWO cubes,Two,b,h,N,PropFalse,N,0,320,320,302,1896.8769811000093,NA,NA,NA,NA,NA,NA,NA,NA,NA,1896.8658125000077,4.4430000707507e-4,1896.9625009999727,1897.3435989000136,1897.443673599977,1899.4436747999864,1899.8436874999895,1899.9460624000055,1899.9460624000055,1902.6137177000055,h,1,2.6534437999944203,NA,1902.614368700015,1902.626993599988,1902.626993599988,1902.626993599988,1902.626993599988,1902.6151053999783,NA,NA,NA,NA,NA,NA,NA,NA,NA,NA,026,001,2025-10-09_09h45.50.592,Study_5_PsychoPy_Experiment,2024.1.5,NA,2025-10-09 09h46.02.245236 +0100
Belief,Neg,FALSE,N,NB-TB-K,T_NB,PsychoPyStudy5Stim/T_NB_3.png,Adam does NOT THINK there is ONE cube,One,b,h,Y,PropFalse,N,0,321,321,50,1902.626993599988,NA,NA,NA,NA,NA,NA,NA,NA,NA,1902.615656799986,4.3830001959577e-4,1902.70918429998,1903.0937098999857,1903.193858999992,1905.193825799972,1905.5936808999977,1905.6960884999717,1905.6960884999717,1908.1805050999976,h,1,2.4795245999703184,NA,1908.1809320999891,1908.1935497000231,1908.1935497000231,1908.1935497000231,1908.1935497000231,1908.1812543999984,NA,NA,NA,NA,NA,NA,NA,NA,NA,NA,026,001,2025-10-09_09h45.50.592,Study_5_PsychoPy_Experiment,2024.1.5,NA,2025-10-09 09h46.02.245236 +0100
Knowledge,Neg,FALSE,N,NB-TB-K,T_NB,PsychoPyStudy5Stim/T_NB_7.png,Adam does NOT KNOW there is ONE cube,One,b,h,Y,PropFalse,N,0,322,322,46,1908.1935497000231,NA,NA,NA,NA,NA,NA,NA,NA,NA,1908.181475999998,1.7730001127347e-4,1908.2645226999884,1908.6436706999664,1908.7438443999856,1910.7437760999892,1911.143762999971,1911.2460684999824,1911.2460684999824,1912.9301479000133,h,1,1.6742756000021473,NA,1912.93076139997,1912.9435873000184,1912.9435873000184,1912.9435873000184,1912.9435873000184,1912.93144830002,NA,NA,NA,NA,NA,NA,NA,NA,NA,NA,026,001,2025-10-09_09h45.50.592,Study_5_PsychoPy_Experiment,2024.1.5,NA,2025-10-09 09h46.02.245236 +0100
Knowledge,Neg,TRUE,N,NB-TB-K,TT_NB,PsychoPyStudy5Stim/TT_NB_1.png,Adam does NOT KNOW there is ONE cube,One,h,b,Y,-,N,0,323,323,56,1912.9435873000184,NA,NA,NA,NA,NA,NA,NA,NA,NA,1912.931923699973,3.6880001425743e-4,1913.0356401000172,1913.410295300011,1913.5104592000137,1915.5103207000063,1915.910402700014,1916.012676800019,1916.012676800019,1925.129782599979,h,0,9.10695000004489,NA,1925.13021209999,1925.1435552000185,1925.1435552000185,1925.1435552000185,1925.1435552000185,1925.1307056000223,NA,NA,NA,NA,NA,NA,NA,NA,NA,NA,026,001,2025-10-09_09h45.50.592,Study_5_PsychoPy_Experiment,2024.1.5,NA,2025-10-09 09h46.02.245236 +0100
Knowledge,Reg,TRUE,N,NB-TB-K,T_NB,PsychoPyStudy5Stim/T_NB_1.png,Adam KNOWS there is ONE cube,One,h,b,N,-,N,0,324,324,140,1925.1435552000185,NA,NA,NA,NA,NA,NA,NA,NA,NA,1925.1310352999717,2.5860004825517e-4,1925.217911100015,1925.5935637999792,1925.6935361999783,1927.693753200001,1928.0936034999904,1928.1957273000153,1928.1957273000153,1929.0302651000093,b,1,0.819736500037834,NA,1929.030921700003,1929.0435565999944,1929.0435565999944,1929.0435565999944,1929.0435565999944,1929.031653399987,NA,NA,NA,NA,NA,NA,NA,NA,NA,NA,026,001,2025-10-09_09h45.50.592,Study_5_PsychoPy_Experiment,2024.1.5,NA,2025-10-09 09h46.02.245236 +0100
Knowledge,Reg,FALSE,N,NB-TB-K,DD_NB,PsychoPyStudy5Stim/DD_NB_7.png,Adam KNOWS there is ONE cube,One,b,h,N,PropFalse,N,0,325,325,155,1929.0435565999944,NA,NA,NA,NA,NA,NA,NA,NA,NA,1929.032163099968,3.9549998473376e-4,1929.1126682999893,1929.493673400022,1929.593660400016,1931.5936980000115,1931.9935112000096,1932.095949999988,1932.095949999988,1933.680143799982,h,1,1.575433099991642,NA,1933.680791599967,1933.6935134999803,1933.6935134999803,1933.6935134999803,1933.6935134999803,1933.6815116999787,NA,NA,NA,NA,NA,NA,NA,NA,NA,NA,026,001,2025-10-09_09h45.50.592,Study_5_PsychoPy_Experiment,2024.1.5,NA,2025-10-09 09h46.02.245236 +0100
Knowledge,Reg,FALSE,N,FB-Ig,D_B_T,PsychoPyStudy5Stim/D_B_T_4.png,Adam KNOWS there are TWO cubes,Two,b,h,N,PropFalse,N,0,326,326,294,1933.6935134999803,NA,NA,NA,NA,NA,NA,NA,NA,NA,1933.6820264999988,3.9910001214593e-4,1933.767463599972,1934.1436390000165,1934.2437364999787,1936.243698799983,1936.6438753000111,1936.7459552999935,1936.7459552999935,1937.34659739997,h,1,0.5988950000028126,NA,1937.3470921000117,1937.360159599979,1937.360159599979,1937.360159599979,1937.360159599979,1937.3476231999812,NA,NA,NA,NA,NA,NA,NA,NA,NA,NA,026,001,2025-10-09_09h45.50.592,Study_5_PsychoPy_Experiment,2024.1.5,NA,2025-10-09 09h46.02.245236 +0100
Knowledge,Reg,FALSE,N,TB-Ig,D_B,PsychoPyStudy5Stim/D_B_D_1.png,Adam KNOWS there are ZERO cubes,Zero,b,h,N,PropTrueNoKnow,Y,0,327,327,206,1937.360159599979,NA,NA,NA,NA,NA,NA,NA,NA,NA,1937.347993400006,2.8830004157498e-4,1937.440167199995,1937.8100584999777,1937.910421699984,1939.9103188000151,1940.31027810002,1940.412634600012,1940.412634600012,1941.0297804999864,b,0,0.6112535999855027,NA,1941.030309499998,1941.0434892000048,1941.0434892000048,1941.0434892000048,1941.0434892000048,1941.030881099985,NA,NA,NA,NA,NA,NA,NA,NA,NA,NA,026,001,2025-10-09_09h45.50.592,Study_5_PsychoPy_Experiment,2024.1.5,NA,2025-10-09 09h46.02.245236 +0100
Belief,Reg,TRUE,N,TB-Ig,D_B,PsychoPyStudy5Stim/D_B_D_3.png,Adam THINKS there are ZERO cubes,Zero,h,b,N,-,Y,0,328,328,211,1941.0434892000048,NA,NA,NA,NA,NA,NA,NA,NA,NA,1941.0312739000071,3.0479999259114e-4,1941.12815579999,1941.510163299972,1941.610392500006,1943.6103696000064,1944.010274,1944.1125835999849,1944.1125835999849,1945.1634334999835,b,1,1.0382253000279889,NA,1945.1641244000057,1945.1768108999825,1945.1768108999825,1945.1768108999825,1945.1768108999825,1945.164889000007,NA,NA,NA,NA,NA,NA,NA,NA,NA,NA,026,001,2025-10-09_09h45.50.592,Study_5_PsychoPy_Experiment,2024.1.5,NA,2025-10-09 09h46.02.245236 +0100
Knowledge,Reg,FALSE,N,FB-Ig,B_TT,PsychoPyStudy5Stim/B_TT_5.png,Adam KNOWS there are ZERO cubes,Zero,b,h,N,PropTrueNoKnow,Y,0,329,329,325,1945.1768108999825,NA,NA,NA,NA,NA,NA,NA,NA,NA,1945.16540659999,4.0210003498941e-4,1945.265253300022,1945.6435267999768,1945.7435441999696,1947.743557400012,1948.1436239000177,1948.2462603999884,1948.2462603999884,1950.6296588999685,h,1,2.3693288000067696,NA,1950.6301088000184,1950.6434522999916,1950.6434522999916,1950.6434522999916,1950.6434522999916,1950.6306068999693,NA,NA,NA,NA,NA,NA,NA,NA,NA,NA,026,001,2025-10-09_09h45.50.592,Study_5_PsychoPy_Experiment,2024.1.5,NA,2025-10-09 09h46.02.245236 +0100
Reality,Reg,FALSE,N,TB-K-B,TD_B,PsychoPyStudy5Stim/TD_B_6.png,"In REALITY, there are ZERO cubes",Zero,b,h,N,PropFalse,N,0,330,330,273,1950.6434522999916,NA,NA,NA,NA,NA,NA,NA,NA,NA,1950.6309476000024,2.6669999351724e-4,1950.7221233000164,1951.0935320999704,1951.1936788000169,1953.1936632000145,1953.5935274999936,1953.6959833999863,1953.6959833999863,1954.5134214999853,h,1,0.8156945000519045,NA,1954.5140091999783,1954.5266764999833,1954.5266764999833,1954.5266764999833,1954.5266764999833,1954.514645999996,NA,NA,NA,NA,NA,NA,NA,NA,NA,NA,026,001,2025-10-09_09h45.50.592,Study_5_PsychoPy_Experiment,2024.1.5,NA,2025-10-09 09h46.02.245236 +0100
Belief,Reg,FALSE,N,TB-K-B,TT_B,PsychoPyStudy5Stim/TT_B_2.png,Adam THINKS there is ONE cube,One,b,h,N,PropFalse,N,0,331,331,250,1954.5266764999833,NA,NA,NA,NA,NA,NA,NA,NA,NA,1954.515082900005,3.3780001103878e-4,1954.599220199976,1954.9768052999864,1955.076940800005,1957.0769898999715,1957.4768520999933,1957.579116799985,1957.579116799985,1959.796362299996,h,1,2.204011299996637,NA,1959.7968454000072,1959.8100490000215,1959.8100490000215,1959.8100490000215,1959.8100490000215,1959.797404700017,NA,NA,NA,NA,NA,NA,NA,NA,NA,NA,026,001,2025-10-09_09h45.50.592,Study_5_PsychoPy_Experiment,2024.1.5,NA,2025-10-09 09h46.02.245236 +0100
Knowledge,Reg,FALSE,N,TB-K-B,DD_B,PsychoPyStudy5Stim/DD_B_2.png,Adam KNOWS there is ONE cube,One,b,h,N,PropFalse,N,0,332,332,225,1959.8100490000215,NA,NA,NA,NA,NA,NA,NA,NA,NA,1959.7977774000028,2.907000016421e-4,1959.882781799999,1960.2601442000016,1960.3602531999932,1962.360273999977,1962.7602922000224,1962.8624800000107,1962.8624800000107,1963.6630866000196,h,1,0.7929442999884486,NA,1963.6636774999788,1963.6767049999908,1963.6767049999908,1963.6767049999908,1963.6767049999908,1963.6642860000136,NA,NA,NA,NA,NA,NA,NA,NA,NA,NA,026,001,2025-10-09_09h45.50.592,Study_5_PsychoPy_Experiment,2024.1.5,NA,2025-10-09 09h46.02.245236 +0100
Knowledge,Reg,FALSE,N,FB-Ig,B_TT,PsychoPyStudy5Stim/B_TT_3.png,Adam KNOWS there are ZERO cubes,Zero,b,h,N,PropTrueNoKnow,Y,0,333,333,323,1963.6767049999908,NA,NA,NA,NA,NA,NA,NA,NA,NA,1963.664742199995,3.3730000723153e-4,1963.759270599985,1964.1434136999887,1964.2436225999843,1966.243605699972,1966.643519699981,1966.7458333999969,1966.7458333999969,1967.963202600018,h,1,1.2136528000119142,NA,1967.9636765000175,1967.9767073999976,1967.9767073999976,1967.9767073999976,1967.9767073999976,1967.964196100016,NA,NA,NA,NA,NA,NA,NA,NA,NA,NA,026,001,2025-10-09_09h45.50.592,Study_5_PsychoPy_Experiment,2024.1.5,NA,2025-10-09 09h46.02.245236 +0100
Knowledge,Reg,TRUE,N,NB-TB-K,D_NB,PsychoPyStudy5Stim/D_NB_4.png,Adam KNOWS there are ZERO cubes,Zero,h,b,N,-,N,0,334,334,131,1967.9767073999976,NA,NA,NA,NA,NA,NA,NA,NA,NA,1967.9645509999827,2.7459999546408e-4,1968.0581141000148,1968.4434597999789,1968.543539699982,1970.54361719999,1970.9434600999812,1971.0456573999836,1971.0456573999836,1973.0463085999943,b,1,1.9938060999847949,NA,1973.0468159000156,1973.0600269999704,1973.0600269999704,1973.0600269999704,1973.0600269999704,1973.047361699981,NA,NA,NA,NA,NA,NA,NA,NA,NA,NA,026,001,2025-10-09_09h45.50.592,Study_5_PsychoPy_Experiment,2024.1.5,NA,2025-10-09 09h46.02.245236 +0100
Reality,Reg,FALSE,N,TB-Ig,D_B,PsychoPyStudy5Stim/D_B_D_3.png,"In REALTY, there are TWO cubes",Two,b,h,N,NA,N,0,335,335,214,1973.0600269999704,NA,NA,NA,NA,NA,NA,NA,NA,NA,1973.047740900016,2.9459997313097e-4,1973.132382699987,1973.5100813999888,1973.6101903999809,1975.6102083000003,1976.0101589999977,1976.112453299982,1976.112453299982,1983.3134219999777,h,1,7.198329699982423,NA,1983.31401729997,1983.3268609999795,1983.3268609999795,1983.3268609999795,1983.3268609999795,1983.3146485000032,NA,NA,NA,NA,NA,NA,NA,NA,NA,NA,026,001,2025-10-09_09h45.50.592,Study_5_PsychoPy_Experiment,2024.1.5,NA,2025-10-09 09h46.02.245236 +0100
NA,NA,NA,NA,NA,NA,NA,NA,NA,NA,NA,NA,NA,NA,NA,NA,NA,NA,NA,NA,NA,NA,NA,NA,NA,NA,NA,NA,NA,NA,NA,NA,NA,NA,NA,NA,NA,NA,NA,NA,NA,NA,NA,NA,NA,NA,NA,NA,NA,NA,NA,1983.314871200011,1983.3268609999795,1984.326959399972,1985.0783172000083,space,0.7443155000219122,NA,026,001,2025-10-09_09h45.50.592,Study_5_PsychoPy_Experiment,2024.1.5,NA,2025-10-09 09h46.02.245236 +0100
