Statement_Type,Reg_Neg,Truth_Value,Experimental,Scenario,Stimuli_Type,Stimulus,Statement,Statement_Number,CorAnsOdd,CorAnsEven,Barrier,Why_False,Check_Trial,Exp_Trial.thisRepN,Exp_Trial.thisTrialN,Exp_Trial.thisN,Exp_Trial.thisIndex,thisRow.t,notes,Exp_Intro.started,Exp_Intro_Text.started,Exp_Intro_Press_SPACE_Text.started,Exp_Intro_Press_SPACE.started,Exp_Intro.stopped,Exp_Intro_Press_SPACE.keys,Exp_Intro_Press_SPACE.rt,Exp_Intro_Press_SPACE.duration,Exp_Routine.started,Exp_Routine_ISI.started,Exp_Routine_Statement_Primer.started,Exp_Routine_Statement_Primer.stopped,Exp_Routine_Statement.started,Exp_Routine_Image_Primer.started,Exp_Routine_Image_Primer.stopped,Exp_Routine_Image.started,Exp_Routine_Key_Resp.started,Exp_Routine.stopped,Exp_Routine_Key_Resp.keys,Exp_Routine_Key_Resp.corr,Exp_Routine_Key_Resp.rt,Exp_Routine_Key_Resp.duration,Break.started,Break_Text.started,Break_Text.stopped,Break_Key_Resp.started,Break_Key_Resp.stopped,Break.stopped,Break_Key_Resp.keys,Break_Key_Resp.rt,Break_Key_Resp.duration,Exp_End.started,Exp_End_Text.started,Exp_End_Key_Resp.started,Exp_End.stopped,Exp_End_Key_Resp.keys,Exp_End_Key_Resp.rt,Exp_End_Key_Resp.duration,participant,session,date,expName,psychopyVersion,frameRate,expStart
NA,NA,NA,NA,NA,NA,NA,NA,NA,NA,NA,NA,NA,NA,NA,NA,NA,NA,NA,NA,0.0028566000983119,0.02468800009228289,2.003591100103222,2.003591100103222,23.875797700020485,space,21.852536499965936,NA,NA,NA,NA,NA,NA,NA,NA,NA,NA,NA,NA,NA,NA,NA,NA,NA,NA,NA,NA,NA,NA,NA,NA,NA,NA,NA,NA,NA,NA,NA,045,001,2025-10-15_15h58.03.121,Study_5_PsychoPy_Experiment,2024.1.5,NA,2025-10-15 15h58.15.462192 +0100
Reality,Reg,TRUE,N,NB-TB-K,TT_NB,PsychoPyStudy5Stim/TT_NB_3.png,"In REALITY, there are TWO cubes",Two,h,b,N,-,N,0,0,0,192,23.984082400100306,NA,NA,NA,NA,NA,NA,NA,NA,NA,23.98032470000908,0.10454939992632716,24.07439410011284,24.45236840005964,24.55251040006988,26.552610700018704,26.952653600019403,27.083784300019033,27.083784300019033,28.02199580008164,h,1,0.925585399963893,NA,28.023024499998428,28.035795900039375,28.035795900039375,28.035795900039375,28.035795900039375,28.02347340004053,NA,NA,NA,NA,NA,NA,NA,NA,NA,NA,045,001,2025-10-15_15h58.03.121,Study_5_PsychoPy_Experiment,2024.1.5,NA,2025-10-15 15h58.15.462192 +0100
Belief,Reg,TRUE,N,TB-Ig,D_B,PsychoPyStudy5Stim/D_B_D_3.png,Adam THINKS there are ZERO cubes,Zero,h,b,N,-,Y,0,1,1,211,28.035795900039375,NA,NA,NA,NA,NA,NA,NA,NA,NA,28.024113000021316,2.5729998014867e-4,28.12511640007142,28.50244460010435,28.602775000035763,30.60269980004523,31.00259830011055,31.104849000112154,31.104849000112154,33.55627360008657,h,1,2.449203099939041,NA,33.55694640008733,33.56924219999928,33.56924219999928,33.56924219999928,33.56924219999928,33.557692200061865,NA,NA,NA,NA,NA,NA,NA,NA,NA,NA,045,001,2025-10-15_15h58.03.121,Study_5_PsychoPy_Experiment,2024.1.5,NA,2025-10-15 15h58.15.462192 +0100
Reality,Reg,TRUE,N,FB-Ig,B_TT,PsychoPyStudy5Stim/B_TT_2.png,"In REALITY, there are TWO cubes",Two,h,b,N,-,N,0,2,2,332,33.56924219999928,NA,NA,NA,NA,NA,NA,NA,NA,NA,33.55821620009374,4.1119998786598e-4,33.66153130005114,34.035802200087346,34.13607340003364,36.13606280006934,36.53598850010894,36.638257700018585,36.638257700018585,37.724195300019346,h,1,1.0829903000267225,NA,37.72547260008287,37.735864700051025,37.735864700051025,37.735864700051025,37.735864700051025,37.72702180000488,NA,NA,NA,NA,NA,NA,NA,NA,NA,NA,045,001,2025-10-15_15h58.03.121,Study_5_PsychoPy_Experiment,2024.1.5,NA,2025-10-15 15h58.15.462192 +0100
Knowledge,Neg,FALSE,N,NB-TB-K,TT_NB,PsychoPyStudy5Stim/TT_NB_1.png,Adam does NOT KNOW there are TWO cubes,Two,b,h,Y,PropFalse,N,0,3,3,64,37.735864700051025,NA,NA,NA,NA,NA,NA,NA,NA,NA,37.728040800080635,7.6279998756945e-4,37.82652890007011,38.2028104000492,38.30258270003833,40.30267690005712,40.702669200021774,40.804959000088274,40.804959000088274,45.17324390006251,b,1,4.364080899977125,NA,45.17355010006577,45.18567300005816,45.18567300005816,45.18567300005816,45.18567300005816,45.17388810007833,NA,NA,NA,NA,NA,NA,NA,NA,NA,NA,045,001,2025-10-15_15h58.03.121,Study_5_PsychoPy_Experiment,2024.1.5,NA,2025-10-15 15h58.15.462192 +0100
Knowledge,Neg,TRUE,N,NB-TB-K,T_NB,PsychoPyStudy5Stim/T_NB_2.png,Adam does NOT KNOW there are TWO cubes,Two,h,b,Y,-,N,0,4,4,33,45.18567300005816,NA,NA,NA,NA,NA,NA,NA,NA,NA,45.17412050010171,1.8700002692639e-4,45.26964570011478,45.652533500106074,45.75269069999922,47.75257050001528,48.15264730004128,48.255177800077945,48.255177800077945,49.30549440009054,b,0,1.04138900001999,NA,49.305992800043896,49.31911420007236,49.31911420007236,49.31911420007236,49.31911420007236,49.30654790007975,NA,NA,NA,NA,NA,NA,NA,NA,NA,NA,045,001,2025-10-15_15h58.03.121,Study_5_PsychoPy_Experiment,2024.1.5,NA,2025-10-15 15h58.15.462192 +0100
Belief,Reg,TRUE,N,FB-Ig,B_TT,PsychoPyStudy5Stim/B_TT_2.png,Adam THINKS there are ZERO cubes,Zero,h,b,N,-,Y,0,5,5,327,49.31911420007236,NA,NA,NA,NA,NA,NA,NA,NA,NA,49.30692860006821,2.9859994538128e-4,49.39835520007182,49.769026300054975,49.86905160010792,51.86926260008477,52.26918690011371,52.37138300004881,52.37138300004881,53.08911370008718,h,1,0.7089621999766678,NA,53.0897866000887,53.10246470000129,53.10246470000129,53.10246470000129,53.10246470000129,53.090527900028974,NA,NA,NA,NA,NA,NA,NA,NA,NA,NA,045,001,2025-10-15_15h58.03.121,Study_5_PsychoPy_Experiment,2024.1.5,NA,2025-10-15 15h58.15.462192 +0100
Knowledge,Neg,FALSE,N,NB-TB-K,TT_NB,PsychoPyStudy5Stim/TT_NB_7.png,Adam does NOT KNOW there are TWO cubes,Two,b,h,Y,PropFalse,N,0,6,6,70,53.10246470000129,NA,NA,NA,NA,NA,NA,NA,NA,NA,53.09107050008606,4.1059998329728e-4,53.17872940003872,53.55228870001156,53.6523862000322,55.65264770004433,56.052531300112605,56.15493140008766,56.15493140008766,57.0223770000739,b,1,0.8531131000490859,NA,57.022988000069745,57.035775100113824,57.035775100113824,57.035775100113824,57.035775100113824,57.02363800001331,NA,NA,NA,NA,NA,NA,NA,NA,NA,NA,045,001,2025-10-15_15h58.03.121,Study_5_PsychoPy_Experiment,2024.1.5,NA,2025-10-15 15h58.15.462192 +0100
Knowledge,Reg,FALSE,N,FB-Ig,T_B_T,PsychoPyStudy5Stim/T_B_T_7.png,Adam KNOWS there are ZERO cubes,Zero,b,h,N,PropFalse,N,0,7,7,281,57.035775100113824,NA,NA,NA,NA,NA,NA,NA,NA,NA,57.02410890010651,3.720000386238e-4,57.12037130002864,57.50232950004283,57.60235340008512,59.60236590006389,60.00247900001705,60.10479570005555,60.10479570005555,61.83855130011216,b,1,1.7195796000305563,NA,61.838878600043245,61.85222050000448,61.85222050000448,61.85222050000448,61.85222050000448,61.839210200007074,NA,NA,NA,NA,NA,NA,NA,NA,NA,NA,045,001,2025-10-15_15h58.03.121,Study_5_PsychoPy_Experiment,2024.1.5,NA,2025-10-15 15h58.15.462192 +0100
Belief,Reg,FALSE,N,FB-Ig,D_B_T,PsychoPyStudy5Stim/D_B_T_5.png,Adam THINKS there are TWO cubes,Two,b,h,N,PropFalse,N,0,8,8,303,61.85222050000448,NA,NA,NA,NA,NA,NA,NA,NA,NA,61.83943900000304,1.8480001017451e-4,61.9259862001054,62.30226760008373,62.40237220004201,64.40256710001267,64.80251070007216,64.90491490007844,64.90491490007844,68.32221660006326,b,1,3.3998382999561727,NA,68.32259300001897,68.3356203000294,68.3356203000294,68.3356203000294,68.3356203000294,68.32298370008357,NA,NA,NA,NA,NA,NA,NA,NA,NA,NA,045,001,2025-10-15_15h58.03.121,Study_5_PsychoPy_Experiment,2024.1.5,NA,2025-10-15 15h58.15.462192 +0100
Belief,Reg,TRUE,N,TB-K-B,DD_B,PsychoPyStudy5Stim/DD_B_4.png,Adam THINKS there are ZERO cubes,Zero,h,b,N,-,N,0,9,9,229,68.3356203000294,NA,NA,NA,NA,NA,NA,NA,NA,NA,68.32320460001938,1.7450004816055e-4,68.42702900001314,68.80224340001587,68.90233090007678,70.90254620008636,71.30242090008687,71.40475620003417,71.40475620003417,72.35592630004976,h,1,0.9486547000706196,NA,72.35653780004941,72.36907420004718,72.36907420004718,72.36907420004718,72.36907420004718,72.35717580001801,NA,NA,NA,NA,NA,NA,NA,NA,NA,NA,045,001,2025-10-15_15h58.03.121,Study_5_PsychoPy_Experiment,2024.1.5,NA,2025-10-15 15h58.15.462192 +0100
Belief,Reg,TRUE,N,TB-K-B,TD_B,PsychoPyStudy5Stim/TD_B_6.png,Adam THINKS there is ONE cube,One,h,b,N,-,N,0,10,10,260,72.36907420004718,NA,NA,NA,NA,NA,NA,NA,NA,NA,72.35762520006392,3.537000156939e-4,72.45220290008001,72.83550760010257,72.93561810010578,74.93582280003466,75.33581400010735,75.43819500005338,75.43819500005338,78.50549440004397,h,1,3.0506927999667823,NA,78.50607510004193,78.51897710002959,78.51897710002959,78.51897710002959,78.51897710002959,78.50669760000892,NA,NA,NA,NA,NA,NA,NA,NA,NA,NA,045,001,2025-10-15_15h58.03.121,Study_5_PsychoPy_Experiment,2024.1.5,NA,2025-10-15 15h58.15.462192 +0100
Knowledge,Neg,TRUE,Y,FB-Ig,T_B_T,PsychoPyStudy5Stim/T_B_T_6.png,Adam does NOT KNOW there are TWO cubes,Two,h,b,Y,-,N,0,11,11,5,78.51897710002959,NA,NA,NA,NA,NA,NA,NA,NA,NA,78.50713590008672,3.4309993498027e-4,78.59756660007406,78.96883900009561,79.06896850001067,81.06914010003675,81.46915950009134,81.57147960003931,81.57147960003931,83.2885725001106,h,1,1.7010062000481412,NA,83.28897590003908,83.30228140007239,83.30228140007239,83.30228140007239,83.30228140007239,83.2894762000069,NA,NA,NA,NA,NA,NA,NA,NA,NA,NA,045,001,2025-10-15_15h58.03.121,Study_5_PsychoPy_Experiment,2024.1.5,NA,2025-10-15 15h58.15.462192 +0100
Belief,Neg,FALSE,N,TB-K,TD_B,PsychoPyStudy5Stim/TD_B_4.png,Adam does NOT THINK there is ONE cube,One,b,h,Y,PropFalse,N,0,12,12,123,83.30228140007239,NA,NA,NA,NA,NA,NA,NA,NA,NA,83.28977720008697,2.3759994655847e-4,83.38168970006518,83.75217670004349,83.8523571001133,85.85246980004013,86.2525138000492,86.35488400002941,86.35488400002941,89.73871970002074,b,1,3.382253000047058,NA,89.73926310008392,89.75231710006483,89.75231710006483,89.75231710006483,89.75231710006483,89.73980030009989,NA,NA,NA,NA,NA,NA,NA,NA,NA,NA,045,001,2025-10-15_15h58.03.121,Study_5_PsychoPy_Experiment,2024.1.5,NA,2025-10-15 15h58.15.462192 +0100
Reality,Reg,TRUE,N,NB-TB-K,DD_NB,PsychoPyStudy5Stim/DD_NB_4.png,"In REALITY, there are ZERO cubes",Zero,h,b,N,-,N,0,13,13,160,89.75231710006483,NA,NA,NA,NA,NA,NA,NA,NA,NA,89.74022140004672,3.0519999563694e-4,89.83674230007455,90.21881130000112,90.31899770000018,92.3191270000534,92.71913560002577,92.82147360011004,92.82147360011004,94.1056129001081,h,1,1.274973600055091,NA,94.10628310008906,94.11901370005216,94.11901370005216,94.11901370005216,94.11901370005216,94.10703630000351,NA,NA,NA,NA,NA,NA,NA,NA,NA,NA,045,001,2025-10-15_15h58.03.121,Study_5_PsychoPy_Experiment,2024.1.5,NA,2025-10-15 15h58.15.462192 +0100
Belief,Neg,FALSE,N,TB-K,TT_B,PsychoPyStudy5Stim/TT_B_1.png,Adam does NOT THINK there are TWO cubes,Two,b,h,Y,PropFalse,N,0,14,14,96,94.11901370005216,NA,NA,NA,NA,NA,NA,NA,NA,NA,94.10759700008202,4.4960004743188e-4,94.19862080004532,94.56876720010769,94.6689307000488,96.66921150009148,97.069033900043,97.17142140003853,97.17142140003853,99.48881870007608,b,1,2.3084235000424087,NA,99.4894207000034,99.5022794000106,99.5022794000106,99.5022794000106,99.5022794000106,99.49008290003984,NA,NA,NA,NA,NA,NA,NA,NA,NA,NA,045,001,2025-10-15_15h58.03.121,Study_5_PsychoPy_Experiment,2024.1.5,NA,2025-10-15 15h58.15.462192 +0100
Belief,Reg,FALSE,N,TB-K-B,DD_B,PsychoPyStudy5Stim/DD_B_4.png,Adam THINKS there is ONE cube,One,b,h,N,PropFalse,N,0,15,15,235,99.5022794000106,NA,NA,NA,NA,NA,NA,NA,NA,NA,99.49054940009955,3.658999921754e-4,99.57738540007269,99.9520593000343,100.05224090011323,102.0523794000037,102.4524117000401,102.55477220006289,102.55477220006289,104.90479850000702,b,1,2.3330534999258816,NA,104.90510950004682,104.91872230009176,104.91872230009176,104.91872230009176,104.91872230009176,104.90544620004948,NA,NA,NA,NA,NA,NA,NA,NA,NA,NA,045,001,2025-10-15_15h58.03.121,Study_5_PsychoPy_Experiment,2024.1.5,NA,2025-10-15 15h58.15.462192 +0100
Reality,Reg,FALSE,N,TB-Ig,D_B,PsychoPyStudy5Stim/D_B_3.png,"In REALTY, there are TWO cubes",Two,b,h,N,-,N,0,16,16,205,104.91872230009176,NA,NA,NA,NA,NA,NA,NA,NA,NA,104.90566060005222,1.7189991194754e-4,104.9984774000477,105.36877900001129,105.46884250000583,107.469094100059,107.86904010002036,107.97114370006602,107.97114370006602,108.85541800002102,b,1,0.8775599000509828,NA,108.85608240007424,108.86889630008956,108.86889630008956,108.86889630008956,108.86889630008956,108.85676200001036,NA,NA,NA,NA,NA,NA,NA,NA,NA,NA,045,001,2025-10-15_15h58.03.121,Study_5_PsychoPy_Experiment,2024.1.5,NA,2025-10-15 15h58.15.462192 +0100
Reality,Reg,TRUE,N,TB-Ig,D_B,PsychoPyStudy5Stim/D_B_D_1.png,"In REALITY, there are ZERO cubes",Zero,h,b,N,-,N,0,17,17,212,108.86889630008956,NA,NA,NA,NA,NA,NA,NA,NA,NA,108.85725740005728,3.8789992686361e-4,108.94690750003792,109.3189493000973,109.41910190007184,111.41907010006253,111.81901880004445,111.9212820000248,111.9212820000248,112.55540200008544,h,1,0.6314474999671802,NA,112.55598340008872,112.56884590000844,112.56884590000844,112.56884590000844,112.56884590000844,112.55653390008956,NA,NA,NA,NA,NA,NA,NA,NA,NA,NA,045,001,2025-10-15_15h58.03.121,Study_5_PsychoPy_Experiment,2024.1.5,NA,2025-10-15 15h58.15.462192 +0100
Belief,Reg,FALSE,N,FB-Ig,D_B_T,PsychoPyStudy5Stim/D_B_T_6.png,Adam THINKS there are TWO cubes,Two,b,h,N,PropFalse,N,0,18,18,304,112.56884590000844,NA,NA,NA,NA,NA,NA,NA,NA,NA,112.55695540003944,3.1369994394481e-4,112.64543460006826,113.0187605000101,113.11883710010444,115.11911180010064,115.5190022001043,115.62134900002276,115.62134900002276,117.08889410004484,b,1,1.4513010000810027,NA,117.0895328000188,117.10223440011032,117.10223440011032,117.10223440011032,117.10223440011032,117.09024360007606,NA,NA,NA,NA,NA,NA,NA,NA,NA,NA,045,001,2025-10-15_15h58.03.121,Study_5_PsychoPy_Experiment,2024.1.5,NA,2025-10-15 15h58.15.462192 +0100
Knowledge,Reg,FALSE,N,TB-Ig,D_B,PsychoPyStudy5Stim/D_B_D_2.png,Adam KNOWS there are ZERO cubes,Zero,b,h,N,PropTrueNoKnow,Y,0,19,19,207,117.10223440011032,NA,NA,NA,NA,NA,NA,NA,NA,NA,117.09077640005852,4.2599998414516e-4,117.18058980000204,117.55203180003446,117.652272400097,119.6523228000151,120.05228720000014,120.15457720006816,120.15457720006816,122.27207830001134,b,1,2.1019559999695048,NA,122.27267910004592,122.28551610000432,122.28551610000432,122.28551610000432,122.28551610000432,122.2732952000806,NA,NA,NA,NA,NA,NA,NA,NA,NA,NA,045,001,2025-10-15_15h58.03.121,Study_5_PsychoPy_Experiment,2024.1.5,NA,2025-10-15 15h58.15.462192 +0100
Belief,Reg,TRUE,N,TB-K-B,DD_B,PsychoPyStudy5Stim/DD_B_8.png,Adam THINKS there are ZERO cubes,Zero,h,b,N,-,N,0,20,20,233,122.28551610000432,NA,NA,NA,NA,NA,NA,NA,NA,NA,122.27376830007417,3.5579991526901e-4,122.36872350005432,122.7519992000889,122.85216230002698,124.85237790003885,125.25235180009622,125.35455250006636,125.35455250006636,127.28878780000376,h,1,1.9180824999930337,NA,127.28936330007856,127.3021825000178,127.3021825000178,127.3021825000178,127.3021825000178,127.29006460006347,NA,NA,NA,NA,NA,NA,NA,NA,NA,NA,045,001,2025-10-15_15h58.03.121,Study_5_PsychoPy_Experiment,2024.1.5,NA,2025-10-15 15h58.15.462192 +0100
Knowledge,Neg,TRUE,Y,FB-Ig,D_B_T,PsychoPyStudy5Stim/D_B_T_5.png,Adam does NOT KNOW there is ONE cube,One,h,b,Y,-,N,0,21,21,12,127.3021825000178,NA,NA,NA,NA,NA,NA,NA,NA,NA,127.2905075000599,3.4930009860545e-4,127.38603510009123,127.76869930000976,127.8687523000408,129.8690491000889,130.2689070000779,130.37132280005608,130.37132280005608,132.78864920011256,h,1,2.413619800005108,NA,132.7891585000325,132.80216010008007,132.80216010008007,132.80216010008007,132.80216010008007,132.78968420007732,NA,NA,NA,NA,NA,NA,NA,NA,NA,NA,045,001,2025-10-15_15h58.03.121,Study_5_PsychoPy_Experiment,2024.1.5,NA,2025-10-15 15h58.15.462192 +0100
Belief,Neg,TRUE,N,NB-TB-K,T_NB,PsychoPyStudy5Stim/T_NB_1.png,Adam does NOT THINK there are TWO cubes,Two,h,b,Y,-,N,0,22,22,36,132.80216010008007,NA,NA,NA,NA,NA,NA,NA,NA,NA,132.79006290005054,2.9609992634505e-4,132.88708780007437,133.2686894000508,133.36879560002126,135.36906310007907,135.7690410000505,135.8712775000604,135.8712775000604,140.22206670010928,h,1,4.336923700058833,NA,140.2227168000536,140.23550270008857,140.23550270008857,140.23550270008857,140.23550270008857,140.22347610001452,NA,NA,NA,NA,NA,NA,NA,NA,NA,NA,045,001,2025-10-15_15h58.03.121,Study_5_PsychoPy_Experiment,2024.1.5,NA,2025-10-15 15h58.15.462192 +0100
Reality,Reg,TRUE,N,NB-TB-K,DT_NB,PsychoPyStudy5Stim/TD_NB_2.png,"In REALITY, there is ONE cube",One,h,b,N,-,N,0,23,23,168,140.23550270008857,NA,NA,NA,NA,NA,NA,NA,NA,NA,140.2239659000188,3.8419989868998e-4,140.31940110004507,140.70193690003362,140.8020891000051,142.80227970005944,143.20231840002816,143.30463230004534,143.30463230004534,144.3722820000257,h,1,1.0651253999676555,NA,144.37265220005065,144.38541440002157,144.38541440002157,144.38541440002157,144.38541440002157,144.37305640010163,NA,NA,NA,NA,NA,NA,NA,NA,NA,NA,045,001,2025-10-15_15h58.03.121,Study_5_PsychoPy_Experiment,2024.1.5,NA,2025-10-15 15h58.15.462192 +0100
Knowledge,Neg,TRUE,N,TB-K,TD_B,PsychoPyStudy5Stim/TD_B_1.png,Adam does NOT KNOW there are TWO cubes,Two,h,b,Y,-,N,0,24,24,104,144.38541440002157,NA,NA,NA,NA,NA,NA,NA,NA,NA,144.37332420004532,2.1309999283403e-4,144.4659025000874,144.83527850010432,144.93541140004527,146.935731900041,147.3355913000414,147.43797800003085,147.43797800003085,149.67238310002722,b,0,2.218320299987681,NA,149.67306280008052,149.68543710000813,149.68543710000813,149.68543710000813,149.68543710000813,149.67380350001622,NA,NA,NA,NA,NA,NA,NA,NA,NA,NA,045,001,2025-10-15_15h58.03.121,Study_5_PsychoPy_Experiment,2024.1.5,NA,2025-10-15 15h58.15.462192 +0100
Belief,Reg,FALSE,N,TB-K-B,TD_B,PsychoPyStudy5Stim/TD_B_5.png,Adam THINKS there are ZERO cubes,Zero,b,h,N,PropFalse,N,0,25,25,267,149.68543710000813,NA,NA,NA,NA,NA,NA,NA,NA,NA,149.67433200008236,4.1460001375526e-4,149.7618295000866,150.13526650005952,150.2353530001128,152.23550030007027,152.6356000000378,152.73787080007605,152.73787080007605,156.4887602000963,b,1,3.7427266999147832,NA,156.4894059000071,156.50207620009314,156.50207620009314,156.50207620009314,156.50207620009314,156.4900983000407,NA,NA,NA,NA,NA,NA,NA,NA,NA,NA,045,001,2025-10-15_15h58.03.121,Study_5_PsychoPy_Experiment,2024.1.5,NA,2025-10-15 15h58.15.462192 +0100
Knowledge,Neg,TRUE,N,TB-K,TD_B,PsychoPyStudy5Stim/TD_B_2.png,Adam does NOT KNOW there are TWO cubes,Two,h,b,Y,-,N,0,26,26,105,156.50207620009314,NA,NA,NA,NA,NA,NA,NA,NA,NA,156.49066400004085,4.6110001858323e-4,156.58181440003682,156.95190160011407,157.05203290004283,159.05226290004794,159.452294500079,159.55478360003326,159.55478360003326,168.30515080003534,b,0,8.741920799948275,NA,168.30567780009005,168.31867150007747,168.31867150007747,168.31867150007747,168.31867150007747,168.30621080007404,NA,NA,NA,NA,NA,NA,NA,NA,NA,NA,045,001,2025-10-15_15h58.03.121,Study_5_PsychoPy_Experiment,2024.1.5,NA,2025-10-15 15h58.15.462192 +0100
Reality,Reg,FALSE,N,FB-Ig,B_TT,PsychoPyStudy5Stim/B_TT_5.png,"In REALITY, there is ONE cube",One,b,h,N,-,N,0,27,27,335,168.31867150007747,NA,NA,NA,NA,NA,NA,NA,NA,NA,168.3065964000998,3.2319989986717e-4,168.39713580009993,168.76875700009987,168.8688586000353,170.868943800102,171.2688270000508,171.37111390009522,171.37111390009522,172.0883954000892,b,1,0.7088791999267414,NA,172.0889258000534,172.1019542000722,172.1019542000722,172.1019542000722,172.1019542000722,172.0894696000032,NA,NA,NA,NA,NA,NA,NA,NA,NA,NA,045,001,2025-10-15_15h58.03.121,Study_5_PsychoPy_Experiment,2024.1.5,NA,2025-10-15 15h58.15.462192 +0100
Belief,Reg,TRUE,N,TB-K-B,TD_B,PsychoPyStudy5Stim/TD_B_7.png,Adam THINKS there is ONE cube,One,h,b,N,-,N,0,28,28,261,172.1019542000722,NA,NA,NA,NA,NA,NA,NA,NA,NA,172.08985060011037,3.2059999648481e-4,172.18727870006114,172.56849410000723,172.66859350004233,174.6689936000621,175.0687700000126,175.1711203000741,175.1711203000741,175.7551683000056,h,1,0.5822349999798462,NA,175.75574810011312,175.76870080002118,175.76870080002118,175.76870080002118,175.76870080002118,175.75643150007818,NA,NA,NA,NA,NA,NA,NA,NA,NA,NA,045,001,2025-10-15_15h58.03.121,Study_5_PsychoPy_Experiment,2024.1.5,NA,2025-10-15 15h58.15.462192 +0100
Knowledge,Neg,FALSE,N,TB-K,TT_B,PsychoPyStudy5Stim/TT_B_4.png,Adam does NOT KNOW there are TWO cubes,Two,b,h,Y,PropFalse,N,0,29,29,91,175.76870080002118,NA,NA,NA,NA,NA,NA,NA,NA,NA,175.7568754000822,3.461999585852e-4,175.85049640003126,176.2352394000627,176.33542350004427,178.33545870007947,178.7355072000064,178.83782500005327,178.83782500005327,182.05523750011344,b,1,3.210767599986866,NA,182.0558130000718,182.0685876000207,182.0685876000207,182.0685876000207,182.0685876000207,182.0564412000822,NA,NA,NA,NA,NA,NA,NA,NA,NA,NA,045,001,2025-10-15_15h58.03.121,Study_5_PsychoPy_Experiment,2024.1.5,NA,2025-10-15 15h58.15.462192 +0100
Reality,Reg,FALSE,N,NB-TB-K,DD_NB,PsychoPyStudy5Stim/DD_NB_6.png,"In REALITY, there are TWO cubes",Two,b,h,N,PropFalse,N,0,30,30,162,182.0685876000207,NA,NA,NA,NA,NA,NA,NA,NA,NA,182.0568805000512,3.4760008566081e-4,182.16489240003284,182.535084900097,182.63524980004877,184.63536800001748,185.0353024000069,185.1378154000267,185.1378154000267,185.72209620010108,b,1,0.5822184999706224,NA,185.7227807000745,185.73536460008472,185.73536460008472,185.73536460008472,185.73536460008472,185.7234744000016,NA,NA,NA,NA,NA,NA,NA,NA,NA,NA,045,001,2025-10-15_15h58.03.121,Study_5_PsychoPy_Experiment,2024.1.5,NA,2025-10-15 15h58.15.462192 +0100
Belief,Neg,TRUE,N,NB-TB-K,TT_NB,PsychoPyStudy5Stim/TT_NB_4.png,Adam does NOT THINK there is ONE cube,One,h,b,Y,-,N,0,31,31,63,185.73536460008472,NA,NA,NA,NA,NA,NA,NA,NA,NA,185.72400960000232,4.2569998186081e-4,185.81551150011364,186.18509710009675,186.28529620007612,188.2855485000182,188.68546659999993,188.7878279000288,188.7878279000288,189.78861560008951,h,1,0.9889349000295624,NA,189.7892796000233,189.80192750005517,189.80192750005517,189.80192750005517,189.80192750005517,189.79001760005485,NA,NA,NA,NA,NA,NA,NA,NA,NA,NA,045,001,2025-10-15_15h58.03.121,Study_5_PsychoPy_Experiment,2024.1.5,NA,2025-10-15 15h58.15.462192 +0100
Reality,Reg,TRUE,N,FB-Ig,B_T,PsychoPyStudy5Stim/B_T_1.png,"In REALITY, there is ONE cube",One,h,b,N,-,N,0,32,32,317,189.80192750005517,NA,NA,NA,NA,NA,NA,NA,NA,NA,189.79054020007607,4.0979997720569e-4,189.8901673000073,190.26843050005849,190.36858450004365,192.36879740003496,192.7687274001073,192.87107190000825,192.87107190000825,193.3718355000019,h,1,0.4970412999391556,NA,193.3723553000018,193.38526900007855,193.38526900007855,193.38526900007855,193.38526900007855,193.37287090008613,NA,NA,NA,NA,NA,NA,NA,NA,NA,NA,045,001,2025-10-15_15h58.03.121,Study_5_PsychoPy_Experiment,2024.1.5,NA,2025-10-15 15h58.15.462192 +0100
Belief,Reg,TRUE,N,FB-Ig,B_TT,PsychoPyStudy5Stim/B_TT_3.png,Adam THINKS there are ZERO cubes,Zero,h,b,N,-,Y,0,33,33,328,193.38526900007855,NA,NA,NA,NA,NA,NA,NA,NA,NA,193.3732534000883,3.0139996670186e-4,193.46426800009797,193.83508310001343,193.9352478000801,195.9356074000243,196.3354651000118,196.4377972000511,196.4377972000511,197.93866290000733,h,1,1.497986900038086,NA,197.9393266000552,197.95190580002964,197.95190580002964,197.95190580002964,197.95190580002964,197.94000770000275,NA,NA,NA,NA,NA,NA,NA,NA,NA,NA,045,001,2025-10-15_15h58.03.121,Study_5_PsychoPy_Experiment,2024.1.5,NA,2025-10-15 15h58.15.462192 +0100
Belief,Neg,FALSE,N,NB-TB-K,TT_NB,PsychoPyStudy5Stim/TT_NB_7.png,Adam does NOT THINK there are TWO cubes,Two,b,h,Y,PropFalse,N,0,34,34,78,197.95190580002964,NA,NA,NA,NA,NA,NA,NA,NA,NA,197.94051190000027,3.969999961555e-4,198.0262002000818,198.40178220008968,198.5018771000905,200.50216930010356,200.9020038000308,201.0043792000506,201.0043792000506,206.75448220002,h,0,5.73897239996586,NA,206.75478820002172,206.76836740004364,206.76836740004364,206.76836740004364,206.76836740004364,206.75513070006855,NA,NA,NA,NA,NA,NA,NA,NA,NA,NA,045,001,2025-10-15_15h58.03.121,Study_5_PsychoPy_Experiment,2024.1.5,NA,2025-10-15 15h58.15.462192 +0100
Knowledge,Reg,FALSE,N,FB-Ig,B_T,PsychoPyStudy5Stim/B_T_4.png,Adam KNOWS there are ZERO cubes,Zero,b,h,N,PropTrueNoKnow,Y,0,35,35,310,206.76836740004364,NA,NA,NA,NA,NA,NA,NA,NA,NA,206.7554038000526,2.3090001195669e-4,206.84327120007947,207.21864660002757,207.31876750010997,209.31870180007536,209.71863940008916,209.82097290002275,209.82097290002275,214.38783460005652,b,1,4.555045799934305,NA,214.38816020009108,214.4016820000252,214.4016820000252,214.4016820000252,214.4016820000252,214.38846590009052,NA,NA,NA,NA,NA,NA,NA,NA,NA,NA,045,001,2025-10-15_15h58.03.121,Study_5_PsychoPy_Experiment,2024.1.5,NA,2025-10-15 15h58.15.462192 +0100
Knowledge,Neg,TRUE,N,NB-TB-K,TT_NB,PsychoPyStudy5Stim/TT_NB_1.png,Adam does NOT KNOW there is ONE cube,One,h,b,Y,-,N,0,36,36,56,214.4016820000252,NA,NA,NA,NA,NA,NA,NA,NA,NA,214.38868310011455,1.740000443533e-4,214.4732832000591,214.85165220010097,214.95181620004587,216.9519636000041,217.35203980002552,217.4544008000521,217.4544008000521,221.97261370008343,b,0,4.513743899995461,NA,221.97350580000784,221.98526560002935,221.98526560002935,221.98526560002935,221.98526560002935,221.97442120010965,NA,NA,NA,NA,NA,NA,NA,NA,NA,NA,045,001,2025-10-15_15h58.03.121,Study_5_PsychoPy_Experiment,2024.1.5,NA,2025-10-15 15h58.15.462192 +0100
Belief,Neg,TRUE,Y,FB-Ig,D_B_T,PsychoPyStudy5Stim/D_B_T_2.png,Adam does NOT THINK there is ONE cube,One,h,b,Y,-,N,0,37,37,25,221.98526560002935,NA,NA,NA,NA,NA,NA,NA,NA,NA,221.97513940010683,5.7269993703812e-4,222.07835650001653,222.45171060005669,222.55180280003697,224.55210580001585,224.9519015001133,225.05502320011144,225.05502320011144,228.2223652000539,h,1,3.1523954999865964,NA,228.22320150001903,228.23524750000797,228.23524750000797,228.23524750000797,228.23524750000797,228.22413840005177,NA,NA,NA,NA,NA,NA,NA,NA,NA,NA,045,001,2025-10-15_15h58.03.121,Study_5_PsychoPy_Experiment,2024.1.5,NA,2025-10-15 15h58.15.462192 +0100
Reality,Reg,FALSE,N,TB-K-B,TT_B,PsychoPyStudy5Stim/TT_B_6.png,"In REALITY, there is ONE cube",One,b,h,N,PropFalse,N,0,38,38,254,228.23524750000797,NA,NA,NA,NA,NA,NA,NA,NA,NA,228.2248552000383,5.2380003035068e-4,228.32176930003337,228.7019175000023,228.80200860009063,230.80192000011448,231.20200000004843,231.3042943000328,231.3042943000328,232.07215290004387,b,1,0.7518422999419272,NA,232.07300760003272,232.08515350008383,232.08515350008383,232.08515350008383,232.08515350008383,232.07390490011312,NA,NA,NA,NA,NA,NA,NA,NA,NA,NA,045,001,2025-10-15_15h58.03.121,Study_5_PsychoPy_Experiment,2024.1.5,NA,2025-10-15 15h58.15.462192 +0100
Reality,Reg,FALSE,N,TB-Ig,D_B,PsychoPyStudy5Stim/D_B_D_3.png,"In REALTY, there are TWO cubes",Two,b,h,N,NA,N,0,39,39,214,232.08515350008383,NA,NA,NA,NA,NA,NA,NA,NA,NA,232.0745973000303,5.1319994963705e-4,232.1695753000677,232.55166310002096,232.6517606000416,234.65187000005972,235.05190640001092,235.15403800003696,235.15403800003696,237.6045474000275,b,1,2.447179300012067,NA,237.60489020007665,237.6183537000325,237.6183537000325,237.6183537000325,237.6183537000325,237.6052530000452,NA,NA,NA,NA,NA,NA,NA,NA,NA,NA,045,001,2025-10-15_15h58.03.121,Study_5_PsychoPy_Experiment,2024.1.5,NA,2025-10-15 15h58.15.462192 +0100
Knowledge,Reg,TRUE,N,TB-K-B,DD_B,PsychoPyStudy5Stim/DD_B_6.png,Adam KNOWS there are ZERO cubes,Zero,h,b,N,-,N,0,40,40,220,237.6183537000325,NA,NA,NA,NA,NA,NA,NA,NA,NA,237.6054982000496,1.9499997142702e-4,237.70007320004515,238.08510560006837,238.1853186000371,240.18522860005032,240.58529030007776,240.687446200056,240.687446200056,241.57189270004164,h,1,0.8732465000357479,NA,241.57260390010197,241.58508540003095,241.58508540003095,241.58508540003095,241.58508540003095,241.57334770006128,NA,NA,NA,NA,NA,NA,NA,NA,NA,NA,045,001,2025-10-15_15h58.03.121,Study_5_PsychoPy_Experiment,2024.1.5,NA,2025-10-15 15h58.15.462192 +0100
Belief,Reg,FALSE,N,FB-Ig,D_B_T,PsychoPyStudy5Stim/D_B_T_1.png,Adam THINKS there are TWO cubes,Two,b,h,N,PropFalse,N,0,41,41,299,241.58508540003095,NA,NA,NA,NA,NA,NA,NA,NA,NA,241.57391600008123,4.5520009007304e-4,241.65905790007673,242.0350336000556,242.13536549999844,244.13540060003288,244.535266000079,244.637974100071,244.637974100071,249.62182150001172,b,1,4.978533200104721,NA,249.6225194000872,249.63509920006615,249.63509920006615,249.63509920006615,249.63509920006615,249.6232252001064,NA,NA,NA,NA,NA,NA,NA,NA,NA,NA,045,001,2025-10-15_15h58.03.121,Study_5_PsychoPy_Experiment,2024.1.5,NA,2025-10-15 15h58.15.462192 +0100
Reality,Reg,FALSE,N,TB-K-B,TT_B,PsychoPyStudy5Stim/TT_B_5.png,"In REALITY, there are ZERO cubes",Zero,b,h,N,PropFalse,N,0,42,42,253,249.63509920006615,NA,NA,NA,NA,NA,NA,NA,NA,NA,249.6237621000037,4.2659998871386e-4,249.7186505000573,250.10176960006356,250.20197130006272,252.201913200086,252.60198620008305,252.70414280006665,252.70414280006665,254.60501000005752,b,1,1.8877740999450907,NA,254.60564390011132,254.6183945001103,254.6183945001103,254.6183945001103,254.6183945001103,254.60635970009025,NA,NA,NA,NA,NA,NA,NA,NA,NA,NA,045,001,2025-10-15_15h58.03.121,Study_5_PsychoPy_Experiment,2024.1.5,NA,2025-10-15 15h58.15.462192 +0100
Knowledge,Reg,FALSE,N,TB-Ig,D_B,PsychoPyStudy5Stim/D_B_D_3.png,Adam KNOWS there are ZERO cubes,Zero,b,h,N,PropTrueNoKnow,Y,0,43,43,208,254.6183945001103,NA,NA,NA,NA,NA,NA,NA,NA,NA,254.60689190006815,4.2529997881501e-4,254.69412280002143,255.06826230010483,255.1683553000912,257.1686213000212,257.56845550006256,257.6707923000213,257.6707923000213,263.2216801000759,b,1,5.536957899923436,NA,263.2223510000622,263.235010900069,263.235010900069,263.235010900069,263.235010900069,263.223201100016,NA,NA,NA,NA,NA,NA,NA,NA,NA,NA,045,001,2025-10-15_15h58.03.121,Study_5_PsychoPy_Experiment,2024.1.5,NA,2025-10-15 15h58.15.462192 +0100
Belief,Neg,TRUE,N,TB-K,TD_B,PsychoPyStudy5Stim/TD_B_3.png,Adam does NOT THINK there are TWO cubes,Two,h,b,Y,-,N,0,44,44,110,263.235010900069,NA,NA,NA,NA,NA,NA,NA,NA,NA,263.2237660000101,4.5139994472265e-4,263.3175051000435,263.7017773000989,263.80205100006424,265.8018630000297,266.20182200009003,266.3042272001039,266.3042272001039,268.98898100003134,h,1,2.6791912999469787,NA,268.98981330008246,269.0017635000404,269.0017635000404,269.0017635000404,269.0017635000404,268.9907164000906,NA,NA,NA,NA,NA,NA,NA,NA,NA,NA,045,001,2025-10-15_15h58.03.121,Study_5_PsychoPy_Experiment,2024.1.5,NA,2025-10-15 15h58.15.462192 +0100
Knowledge,Neg,FALSE,N,TB-K,TT_B,PsychoPyStudy5Stim/TT_B_7.png,Adam does NOT KNOW there are TWO cubes,Two,b,h,Y,PropFalse,N,0,45,45,94,269.0017635000404,NA,NA,NA,NA,NA,NA,NA,NA,NA,268.9913653000258,5.0849991384893e-4,269.08123140002135,269.45183980010916,269.5519559000386,271.55185300006997,271.95187650003936,272.0540524000535,272.0540524000535,273.8546985000139,b,1,1.7855070000514388,NA,273.8551454000408,273.86835140001494,273.86835140001494,273.86835140001494,273.86835140001494,273.8556291999994,NA,NA,NA,NA,NA,NA,NA,NA,NA,NA,045,001,2025-10-15_15h58.03.121,Study_5_PsychoPy_Experiment,2024.1.5,NA,2025-10-15 15h58.15.462192 +0100
Knowledge,Neg,FALSE,N,NB-TB-K,TT_NB,PsychoPyStudy5Stim/TT_NB_8.png,Adam does NOT KNOW there are TWO cubes,Two,b,h,Y,PropFalse,N,0,46,46,71,273.86835140001494,NA,NA,NA,NA,NA,NA,NA,NA,NA,273.8559606000781,2.6230001822113e-4,273.9525219000643,274.33508280001115,274.43521980009973,276.4351837000577,276.8350504001137,276.9375011000084,276.9375011000084,278.58872910006903,b,1,1.639504999970086,NA,278.58955850009806,278.60174040007405,278.60174040007405,278.60174040007405,278.60174040007405,278.59051560005173,NA,NA,NA,NA,NA,NA,NA,NA,NA,NA,045,001,2025-10-15_15h58.03.121,Study_5_PsychoPy_Experiment,2024.1.5,NA,2025-10-15 15h58.15.462192 +0100
Reality,Reg,TRUE,N,FB-Ig,B_T,PsychoPyStudy5Stim/B_T_2.png,"In REALITY, there is ONE cube",One,h,b,N,-,N,0,47,47,318,278.60174040007405,NA,NA,NA,NA,NA,NA,NA,NA,NA,278.5911679000128,5.1149993669241e-4,278.69988410000224,279.084974000114,279.1850866000168,281.18522160011344,281.58514980005566,281.68743930000346,281.68743930000346,282.27141310006846,h,1,0.5765408999286592,NA,282.27201410010457,282.2849526000209,282.2849526000209,282.2849526000209,282.2849526000209,282.2726233000867,NA,NA,NA,NA,NA,NA,NA,NA,NA,NA,045,001,2025-10-15_15h58.03.121,Study_5_PsychoPy_Experiment,2024.1.5,NA,2025-10-15 15h58.15.462192 +0100
Belief,Reg,TRUE,N,NB-TB-K,DT_NB,PsychoPyStudy5Stim/TD_NB_1.png,Adam THINKS there is ONE cube,One,h,b,N,-,N,0,48,48,165,282.2849526000209,NA,NA,NA,NA,NA,NA,NA,NA,NA,282.2732002000557,4.8689998220652e-4,282.35691540001426,282.73500590003096,282.83517030009534,284.8349474000279,285.2349556001136,285.3373235000763,285.3373235000763,289.30499660002533,b,0,3.95082370005548,NA,289.30570370005444,289.31827860011254,289.31827860011254,289.31827860011254,289.31827860011254,289.30641260009725,NA,NA,NA,NA,NA,NA,NA,NA,NA,NA,045,001,2025-10-15_15h58.03.121,Study_5_PsychoPy_Experiment,2024.1.5,NA,2025-10-15 15h58.15.462192 +0100
Belief,Reg,TRUE,N,FB-Ig,B_T,PsychoPyStudy5Stim/B_T_5.png,Adam THINKS there are ZERO cubes,Zero,h,b,N,-,Y,0,49,49,316,289.31827860011254,NA,NA,NA,NA,NA,NA,NA,NA,NA,289.3069381000241,4.1139998938888e-4,289.4037709000986,289.7850155000342,289.8851302000694,291.8851809001062,292.2850003000349,292.3873570000287,292.3873570000287,294.12156940007117,h,1,1.7328682000515985,NA,294.1219747000141,294.13490470009856,294.13490470009856,294.13490470009856,294.13490470009856,294.1224430000875,NA,NA,NA,NA,NA,NA,NA,NA,NA,NA,045,001,2025-10-15_15h58.03.121,Study_5_PsychoPy_Experiment,2024.1.5,NA,2025-10-15 15h58.15.462192 +0100
Belief,Reg,TRUE,N,TB-Ig,D_B,PsychoPyStudy5Stim/D_B_D_1.png,Adam THINKS there are ZERO cubes,Zero,h,b,N,-,Y,0,50,50,209,294.13490470009856,NA,NA,NA,NA,NA,NA,NA,NA,NA,294.12267620000057,1.813000999391e-4,294.20463330007624,294.584998400067,294.6850747000426,296.6851267000893,297.0850237000268,297.1873654000228,297.1873654000228,300.87132810009643,h,1,3.676884199958294,NA,300.8718254000414,300.88487080007326,300.88487080007326,300.88487080007326,300.88487080007326,300.87235470011365,NA,NA,NA,NA,NA,NA,NA,NA,NA,NA,045,001,2025-10-15_15h58.03.121,Study_5_PsychoPy_Experiment,2024.1.5,NA,2025-10-15 15h58.15.462192 +0100
Belief,Neg,FALSE,N,TB-K,TT_B,PsychoPyStudy5Stim/TT_B_5.png,Adam does NOT THINK there are TWO cubes,Two,b,h,Y,PropFalse,N,0,51,51,100,300.88487080007326,NA,NA,NA,NA,NA,NA,NA,NA,NA,300.87273250008,2.9680004809051e-4,300.9680326000089,301.35163950000424,301.4517771000974,303.4517413000576,303.851665000082,303.9540732000023,303.9540732000023,312.78853670007084,b,1,8.829815900069661,NA,312.78921090008225,312.80157490004785,312.80157490004785,312.80157490004785,312.80157490004785,312.78997600008734,NA,NA,NA,NA,NA,NA,NA,NA,NA,NA,045,001,2025-10-15_15h58.03.121,Study_5_PsychoPy_Experiment,2024.1.5,NA,2025-10-15 15h58.15.462192 +0100
Belief,Reg,TRUE,N,TB-Ig,D_B,PsychoPyStudy5Stim/D_B_3.png,Adam THINKS there are ZERO cubes,Zero,h,b,N,-,Y,0,52,52,202,312.80157490004785,NA,NA,NA,NA,NA,NA,NA,NA,NA,312.79050240002107,4.1460001375526e-4,312.8882119000191,313.2682684001047,313.36839250009507,315.36837520007975,315.7683114000829,315.87066780007444,315.87066780007444,316.6708649001084,h,1,0.7845938000828028,NA,316.6711612000363,316.68465470010415,316.68465470010415,316.68465470010415,316.68465470010415,316.671493700007,NA,NA,NA,NA,NA,NA,NA,NA,NA,NA,045,001,2025-10-15_15h58.03.121,Study_5_PsychoPy_Experiment,2024.1.5,NA,2025-10-15 15h58.15.462192 +0100
Belief,Reg,FALSE,N,NB-TB-K,TT_NB,PsychoPyStudy5Stim/TT_NB_2.png,Adam THINKS there is ONE cube,One,b,h,N,PropFalse,N,0,53,53,189,316.68465470010415,NA,NA,NA,NA,NA,NA,NA,NA,NA,316.6717024000827,1.670999918133e-4,316.75581990007777,317.13491920009255,317.23503250000067,319.23499120003544,319.6349672001088,319.7371812000638,319.7371812000638,320.3882768000476,b,1,0.6470067000482231,NA,320.3889001000207,320.40139380004257,320.40139380004257,320.40139380004257,320.40139380004257,320.3895958000794,NA,NA,NA,NA,NA,NA,NA,NA,NA,NA,045,001,2025-10-15_15h58.03.121,Study_5_PsychoPy_Experiment,2024.1.5,NA,2025-10-15 15h58.15.462192 +0100
Reality,Reg,TRUE,N,TB-K-B,TD_B,PsychoPyStudy5Stim/TD_B_4.png,"In REALITY, there is ONE cube",One,h,b,N,-,N,0,54,54,272,320.40139380004257,NA,NA,NA,NA,NA,NA,NA,NA,NA,320.39006840006914,3.7309993058443e-4,320.47526070009917,320.8515170000028,320.9516369000776,322.95154200005345,323.3516158000566,323.45384980004746,323.45384980004746,324.38843270007055,h,1,0.9303849999560044,NA,324.38910460006446,324.4015052000759,324.4015052000759,324.4015052000759,324.4015052000759,324.3898129001027,NA,NA,NA,NA,NA,NA,NA,NA,NA,NA,045,001,2025-10-15_15h58.03.121,Study_5_PsychoPy_Experiment,2024.1.5,NA,2025-10-15 15h58.15.462192 +0100
Knowledge,Neg,TRUE,Y,FB-Ig,T_B_T,PsychoPyStudy5Stim/T_B_T_4.png,Adam does NOT KNOW there are TWO cubes,Two,h,b,Y,-,N,0,55,55,3,324.4015052000759,NA,NA,NA,NA,NA,NA,NA,NA,NA,324.390304200002,3.84800019674e-4,324.4835049000103,324.86808960000053,324.96845390007365,326.9683003000682,327.3682886000024,327.470608200063,327.470608200063,329.7044499000767,h,1,2.2173881999915466,NA,329.70497250009794,329.7180769001134,329.7180769001134,329.7180769001134,329.7180769001134,329.70550490007736,NA,NA,NA,NA,NA,NA,NA,NA,NA,NA,045,001,2025-10-15_15h58.03.121,Study_5_PsychoPy_Experiment,2024.1.5,NA,2025-10-15 15h58.15.462192 +0100
Belief,Neg,TRUE,Y,FB-Ig,T_B_T,PsychoPyStudy5Stim/T_B_T_1.png,Adam does NOT THINK there are TWO cubes,Two,h,b,Y,-,N,0,56,56,16,329.7180769001134,NA,NA,NA,NA,NA,NA,NA,NA,NA,329.70588320004754,3.1999999191612e-4,329.79816260002553,330.16810810007155,330.26823290006723,332.26812960009556,332.66826310008764,332.7704479000531,332.7704479000531,336.0710951000219,h,1,3.2851556999376044,NA,336.07165310007986,336.0847000000067,336.0847000000067,336.0847000000067,336.0847000000067,336.07220930000767,NA,NA,NA,NA,NA,NA,NA,NA,NA,NA,045,001,2025-10-15_15h58.03.121,Study_5_PsychoPy_Experiment,2024.1.5,NA,2025-10-15 15h58.15.462192 +0100
Knowledge,Reg,FALSE,N,FB-Ig,T_B_T,PsychoPyStudy5Stim/T_B_T_2.png,Adam KNOWS there are ZERO cubes,Zero,b,h,N,PropFalse,N,0,57,57,276,336.0847000000067,NA,NA,NA,NA,NA,NA,NA,NA,NA,336.07263810001314,3.4689996391534e-4,336.1644871000899,336.53482010005973,336.6349636000814,338.6349250000203,339.0348756000167,339.1372135001002,339.1372135001002,340.32119520008564,b,1,1.1820596000179648,NA,340.32152920006774,340.3347099000821,340.3347099000821,340.3347099000821,340.3347099000821,340.32189760007896,NA,NA,NA,NA,NA,NA,NA,NA,NA,NA,045,001,2025-10-15_15h58.03.121,Study_5_PsychoPy_Experiment,2024.1.5,NA,2025-10-15 15h58.15.462192 +0100
Belief,Reg,FALSE,N,TB-K-B,DD_B,PsychoPyStudy5Stim/DD_B_5.png,Adam THINKS there is ONE cube,One,b,h,N,PropFalse,N,0,58,58,236,340.3347099000821,NA,NA,NA,NA,NA,NA,NA,NA,NA,340.3221410000697,1.9950000569224e-4,340.411130100023,340.7847909000702,340.8848290001042,342.8849023000803,343.2848447000142,343.38708760007285,343.38708760007285,345.2394246000331,b,1,1.836243400000967,NA,345.239732200047,345.2511950000189,345.2511950000189,345.2511950000189,345.2511950000189,345.2400447000982,NA,NA,NA,NA,NA,NA,NA,NA,NA,NA,045,001,2025-10-15_15h58.03.121,Study_5_PsychoPy_Experiment,2024.1.5,NA,2025-10-15 15h58.15.462192 +0100
Belief,Reg,TRUE,N,FB-Ig,B_T,PsychoPyStudy5Stim/B_T_3.png,Adam THINKS there are ZERO cubes,Zero,h,b,N,-,Y,0,59,59,314,345.2511950000189,NA,NA,NA,NA,NA,NA,NA,NA,NA,345.2402564000804,1.7050001770257e-4,345.3342095001135,345.7180825000396,345.81826250010636,347.8182631001109,348.21816030004993,348.3205607000273,348.3205607000273,348.98773810011335,h,1,0.6635625000344589,NA,348.9880717000924,349.0013477000175,349.0013477000175,349.0013477000175,349.0013477000175,348.988399200025,NA,NA,NA,NA,NA,NA,NA,NA,NA,NA,045,001,2025-10-15_15h58.03.121,Study_5_PsychoPy_Experiment,2024.1.5,NA,2025-10-15 15h58.15.462192 +0100
Belief,Neg,TRUE,N,NB-TB-K,T_NB,PsychoPyStudy5Stim/T_NB_2.png,Adam does NOT THINK there are TWO cubes,Two,h,b,Y,-,N,0,60,60,37,349.0013477000175,NA,NA,NA,NA,NA,NA,NA,NA,NA,348.98863050004,1.8739991355687e-4,349.0722429000307,349.45145770011004,349.55164090008475,351.5514821000397,351.95154480007477,352.0538808000274,352.0538808000274,357.98875280003995,h,1,5.929246700019576,NA,357.9897092001047,358.0014100000262,358.0014100000262,358.0014100000262,358.0014100000262,357.99068780010566,NA,NA,NA,NA,NA,NA,NA,NA,NA,NA,045,001,2025-10-15_15h58.03.121,Study_5_PsychoPy_Experiment,2024.1.5,NA,2025-10-15 15h58.15.462192 +0100
Belief,Neg,TRUE,N,TB-K,TT_B,PsychoPyStudy5Stim/TT_B_2.png,Adam does NOT THINK there is ONE cube,One,h,b,Y,-,N,0,61,61,85,358.0014100000262,NA,NA,NA,NA,NA,NA,NA,NA,NA,357.9914018000709,5.6800001766532e-4,358.0803348000627,358.4513970001135,358.5515880000312,360.55155810003635,360.95153400010895,361.0538074000506,361.0538074000506,373.2877044000197,b,0,12.233050300041214,NA,373.2880338000832,373.30128830007743,373.30128830007743,373.30128830007743,373.30128830007743,373.2883937000297,NA,NA,NA,NA,NA,NA,NA,NA,NA,NA,045,001,2025-10-15_15h58.03.121,Study_5_PsychoPy_Experiment,2024.1.5,NA,2025-10-15 15h58.15.462192 +0100
Knowledge,Reg,TRUE,N,TB-K-B,TT_B,PsychoPyStudy5Stim/TT_B_7.png,Adam KNOWS there are TWO cubes,Two,h,b,N,-,N,0,62,62,243,373.30128830007743,NA,NA,NA,NA,NA,NA,NA,NA,NA,373.2886167000979,1.7750007100403e-4,373.37637400010135,373.7512197000906,373.8513074000366,375.85144490003586,376.2513824000489,376.3537782001076,376.3537782001076,377.3216255001025,h,1,0.9658001000061632,NA,377.32235350005794,377.334649000084,377.334649000084,377.334649000084,377.334649000084,377.323164200061,NA,NA,NA,NA,NA,NA,NA,NA,NA,NA,045,001,2025-10-15_15h58.03.121,Study_5_PsychoPy_Experiment,2024.1.5,NA,2025-10-15 15h58.15.462192 +0100
Belief,Reg,FALSE,N,NB-TB-K,TT_NB,PsychoPyStudy5Stim/TT_NB_1.png,Adam THINKS there are ZERO cubes,Zero,b,h,N,PropFalse,N,0,63,63,181,377.334649000084,NA,NA,NA,NA,NA,NA,NA,NA,NA,377.32377260003705,4.8849999438971e-4,377.4072720000986,377.7844637000235,377.8849199000979,379.88479940011166,380.28478230000474,380.38713960000314,380.38713960000314,382.5040048001101,b,1,2.108144500060007,NA,382.5044516000198,382.5178682000842,382.5178682000842,382.5178682000842,382.5178682000842,382.50492320000194,NA,NA,NA,NA,NA,NA,NA,NA,NA,NA,045,001,2025-10-15_15h58.03.121,Study_5_PsychoPy_Experiment,2024.1.5,NA,2025-10-15 15h58.15.462192 +0100
Belief,Reg,FALSE,N,FB-Ig,T_B_T,PsychoPyStudy5Stim/T_B_T_8.png,Adam THINKS there are ZERO cubes,Zero,b,h,N,PropFalse,N,0,64,64,290,382.5178682000842,NA,NA,NA,NA,NA,NA,NA,NA,NA,382.5052596000023,2.6490003801882e-4,382.6120699000312,382.98460830003023,383.0847785000224,385.0848204001086,385.4846702000359,385.58679580001626,385.58679580001626,386.88775870006066,b,1,1.2930734999245033,NA,386.8884165000636,386.9012669000076,386.9012669000076,386.9012669000076,386.9012669000076,386.88912010006607,NA,NA,NA,NA,NA,NA,NA,NA,NA,NA,045,001,2025-10-15_15h58.03.121,Study_5_PsychoPy_Experiment,2024.1.5,NA,2025-10-15 15h58.15.462192 +0100
Belief,Neg,TRUE,N,NB-TB-K,T_NB,PsychoPyStudy5Stim/T_NB_4.png,Adam does NOT THINK there are TWO cubes,Two,h,b,Y,-,N,0,65,65,39,386.9012669000076,NA,NA,NA,NA,NA,NA,NA,NA,NA,386.88967740000226,4.1820004116743e-4,386.9875209000893,387.3679462000728,387.4681230999995,389.4681043000892,389.8680354000535,389.97039590007626,389.97039590007626,395.03755430004094,h,1,5.053263399982825,NA,395.0380775000667,395.05121970002074,395.05121970002074,395.05121970002074,395.05121970002074,395.03865180001594,NA,NA,NA,NA,NA,NA,NA,NA,NA,NA,045,001,2025-10-15_15h58.03.121,Study_5_PsychoPy_Experiment,2024.1.5,NA,2025-10-15 15h58.15.462192 +0100
Belief,Neg,TRUE,N,NB-TB-K,TT_NB,PsychoPyStudy5Stim/TT_NB_3.png,Adam does NOT THINK there is ONE cube,One,h,b,Y,-,N,0,66,66,62,395.05121970002074,NA,NA,NA,NA,NA,NA,NA,NA,NA,395.039050100022,3.1349994242191e-4,395.1328475000337,395.5179667000193,395.6181368000107,397.6180719000986,398.0180451000342,398.1203142000595,398.1203142000595,400.5046232000459,h,1,2.3748357000295073,NA,400.5050022000214,400.5177132000681,400.5177132000681,400.5177132000681,400.5177132000681,400.5054915000219,NA,NA,NA,NA,NA,NA,NA,NA,NA,NA,045,001,2025-10-15_15h58.03.121,Study_5_PsychoPy_Experiment,2024.1.5,NA,2025-10-15 15h58.15.462192 +0100
Knowledge,Reg,TRUE,N,TB-K-B,TT_B,PsychoPyStudy5Stim/TT_B_5.png,Adam KNOWS there are TWO cubes,Two,h,b,N,-,N,0,67,67,241,400.5177132000681,NA,NA,NA,NA,NA,NA,NA,NA,NA,400.50578830007,2.1389999892562e-4,400.60669939999934,400.9845478000352,401.0847443001112,403.0847417000914,403.4846987000201,403.58696020010393,403.58696020010393,404.2216720000142,h,1,0.6209101000567898,NA,404.22249930002727,404.2346161000896,404.2346161000896,404.2346161000896,404.2346161000896,404.22342220006976,NA,NA,NA,NA,NA,NA,NA,NA,NA,NA,045,001,2025-10-15_15h58.03.121,Study_5_PsychoPy_Experiment,2024.1.5,NA,2025-10-15 15h58.15.462192 +0100
Knowledge,Neg,FALSE,N,TB-K,TT_B,PsychoPyStudy5Stim/TT_B_1.png,Adam does NOT KNOW there are TWO cubes,Two,b,h,Y,PropFalse,N,0,68,68,88,404.2346161000896,NA,NA,NA,NA,NA,NA,NA,NA,NA,404.22411770001054,5.1759998314082e-4,404.32201300002635,404.70099510008,404.80113740009256,406.8013271000236,407.201357300044,407.3038247000659,407.3038247000659,409.6213083000621,b,1,2.311729499953799,NA,409.6219882000005,409.6344909000909,409.6344909000909,409.6344909000909,409.6344909000909,409.6227430000435,NA,NA,NA,NA,NA,NA,NA,NA,NA,NA,045,001,2025-10-15_15h58.03.121,Study_5_PsychoPy_Experiment,2024.1.5,NA,2025-10-15 15h58.15.462192 +0100
Reality,Reg,TRUE,N,NB-TB-K,D_NB,PsychoPyStudy5Stim/D_NB_4.png,"In REALITY, there are ZERO cubes",Zero,h,b,N,-,N,0,69,69,137,409.6344909000909,NA,NA,NA,NA,NA,NA,NA,NA,NA,409.6232698000967,4.1370000690221e-4,409.717985700001,410.1012456000317,410.2014060000656,412.2012456000084,412.6013195000123,412.70359240006655,412.70359240006655,413.48802140005864,h,1,0.7679512000177056,NA,413.488734500017,413.5011796000181,413.5011796000181,413.5011796000181,413.5011796000181,413.489482600009,NA,NA,NA,NA,NA,NA,NA,NA,NA,NA,045,001,2025-10-15_15h58.03.121,Study_5_PsychoPy_Experiment,2024.1.5,NA,2025-10-15 15h58.15.462192 +0100
Belief,Neg,TRUE,Y,FB-Ig,D_B_T,PsychoPyStudy5Stim/D_B_T_7.png,Adam does NOT THINK there is ONE cube,One,h,b,Y,-,N,0,70,70,30,413.5011796000181,NA,NA,NA,NA,NA,NA,NA,NA,NA,413.49001180008054,4.149000160396e-4,413.5870706000133,413.9676082000369,414.06777590001,416.0679482000414,416.4679303000448,416.57028730004095,416.57028730004095,421.6204370000633,h,1,5.045205999980681,NA,421.6207419000566,421.6343949000584,421.6343949000584,421.6343949000584,421.6343949000584,421.6210620000493,NA,NA,NA,NA,NA,NA,NA,NA,NA,NA,045,001,2025-10-15_15h58.03.121,Study_5_PsychoPy_Experiment,2024.1.5,NA,2025-10-15 15h58.15.462192 +0100
Belief,Reg,FALSE,N,TB-K-B,TD_B,PsychoPyStudy5Stim/TD_B_3.png,Adam THINKS there are ZERO cubes,Zero,b,h,N,PropFalse,N,0,71,71,265,421.6343949000584,NA,NA,NA,NA,NA,NA,NA,NA,NA,421.621273900033,1.6979989595711e-4,421.7060132001061,422.0842848001048,422.18439360009506,424.18454270006623,424.58449010003824,424.68692790006753,424.68692790006753,425.75433150003664,b,1,1.056828900007531,NA,425.7548333000159,425.7677655000007,425.7677655000007,425.7677655000007,425.7677655000007,425.7554178000428,NA,NA,NA,NA,NA,NA,NA,NA,NA,NA,045,001,2025-10-15_15h58.03.121,Study_5_PsychoPy_Experiment,2024.1.5,NA,2025-10-15 15h58.15.462192 +0100
Reality,Reg,TRUE,N,TB-K-B,TT_B,PsychoPyStudy5Stim/TT_B_4.png,"In REALITY, there are TWO cubes",Two,h,b,N,-,N,0,72,72,252,425.7677655000007,NA,NA,NA,NA,NA,NA,NA,NA,NA,425.7558111000107,3.1149992719292e-4,425.8499957000604,426.2342465000693,426.33438200003,428.33457440009806,428.7344953001011,428.8367725000717,428.8367725000717,434.53727820003405,h,1,5.6987671999959275,NA,434.5375873000594,434.550899200025,434.550899200025,434.550899200025,434.550899200025,434.5379044000292,NA,NA,NA,NA,NA,NA,NA,NA,NA,NA,045,001,2025-10-15_15h58.03.121,Study_5_PsychoPy_Experiment,2024.1.5,NA,2025-10-15 15h58.15.462192 +0100
Knowledge,Neg,TRUE,N,NB-TB-K,TT_NB,PsychoPyStudy5Stim/TT_NB_4.png,Adam does NOT KNOW there is ONE cube,One,h,b,Y,-,N,0,73,73,59,434.550899200025,NA,NA,NA,NA,NA,NA,NA,NA,NA,434.5381186000304,1.7140002455562e-4,434.62215860001743,435.00090160011314,435.1011090000393,437.10127290000673,437.5011610001093,437.60359650000464,437.60359650000464,438.43732920009643,b,0,0.819867999991402,NA,438.4376601000549,438.4510656000348,438.4510656000348,438.4510656000348,438.4510656000348,438.4379955000477,NA,NA,NA,NA,NA,NA,NA,NA,NA,NA,045,001,2025-10-15_15h58.03.121,Study_5_PsychoPy_Experiment,2024.1.5,NA,2025-10-15 15h58.15.462192 +0100
Knowledge,Reg,TRUE,N,NB-TB-K,TT_NB,PsychoPyStudy5Stim/TT_NB_8.png,Adam KNOWS there are TWO cubes,Two,h,b,N,-,N,0,74,74,174,438.4510656000348,NA,NA,NA,NA,NA,NA,NA,NA,NA,438.4382118000649,1.7339992336928e-4,438.5210745000513,438.9008738000411,439.0010369000957,441.0012395000085,441.40122570004314,441.50367770006415,441.50367770006415,442.65479250007775,h,1,1.1438900000648573,NA,442.6554907000391,442.6677554000634,442.6677554000634,442.6677554000634,442.6677554000634,442.65622970007826,NA,NA,NA,NA,NA,NA,NA,NA,NA,NA,045,001,2025-10-15_15h58.03.121,Study_5_PsychoPy_Experiment,2024.1.5,NA,2025-10-15 15h58.15.462192 +0100
Belief,Reg,TRUE,N,NB-TB-K,TT_NB,PsychoPyStudy5Stim/TT_NB_5.png,Adam THINKS there are TWO cubes,Two,h,b,N,-,N,0,75,75,177,442.6677554000634,NA,NA,NA,NA,NA,NA,NA,NA,NA,442.656785500003,4.4589990284293e-4,442.7401397000067,443.11756180005614,443.2176875000587,445.2179640000686,445.6179286000552,445.72023270011414,445.72023270011414,458.9374977000989,h,1,13.215607000049204,NA,458.9380505000008,458.95095600001514,458.95095600001514,458.95095600001514,458.95095600001514,458.9385784000624,NA,NA,NA,NA,NA,NA,NA,NA,NA,NA,045,001,2025-10-15_15h58.03.121,Study_5_PsychoPy_Experiment,2024.1.5,NA,2025-10-15 15h58.15.462192 +0100
Reality,Reg,TRUE,N,NB-TB-K,TT_NB,PsychoPyStudy5Stim/TT_NB_1.png,"In REALITY, there are TWO cubes",Two,h,b,N,-,N,0,76,76,191,458.95095600001514,NA,NA,NA,NA,NA,NA,NA,NA,NA,458.9389859000221,3.266999265179e-4,459.0214643001091,459.4008732000366,459.50094630010426,461.5011928000022,461.9010892000515,462.003709700075,462.003709700075,464.7367727000965,h,1,2.723015099996701,NA,464.7370720000472,464.7508115000091,464.7508115000091,464.7508115000091,464.7508115000091,464.7373904000269,NA,NA,NA,NA,NA,NA,NA,NA,NA,NA,045,001,2025-10-15_15h58.03.121,Study_5_PsychoPy_Experiment,2024.1.5,NA,2025-10-15 15h58.15.462192 +0100
Belief,Reg,TRUE,N,TB-K-B,DD_B,PsychoPyStudy5Stim/DD_B_3.png,Adam THINKS there are ZERO cubes,Zero,h,b,N,-,N,0,77,77,228,464.7508115000091,NA,NA,NA,NA,NA,NA,NA,NA,NA,464.73760270001367,1.7070001922547e-4,464.8476558000548,465.2174797001062,465.317607600009,467.31774970004335,467.7176243000431,467.820265400107,467.820265400107,471.2702350000618,h,1,3.443038299912587,NA,471.2705457000993,471.2842677000445,471.2842677000445,471.2842677000445,471.2842677000445,471.2708659000928,NA,NA,NA,NA,NA,NA,NA,NA,NA,NA,045,001,2025-10-15_15h58.03.121,Study_5_PsychoPy_Experiment,2024.1.5,NA,2025-10-15 15h58.15.462192 +0100
Knowledge,Reg,TRUE,N,TB-K-B,DD_B,PsychoPyStudy5Stim/DD_B_8.png,Adam KNOWS there are ZERO cubes,Zero,h,b,N,-,N,0,78,78,222,471.2842677000445,NA,NA,NA,NA,NA,NA,NA,NA,NA,471.2710816001054,1.7200002912431e-4,471.35762020002585,471.7344591000583,471.83457700000145,473.8344939000672,474.23446210008115,474.3368568000151,474.3368568000151,475.60406580008566,h,1,1.2624342000344768,NA,475.60463580000214,475.6176046000328,475.6176046000328,475.6176046000328,475.6176046000328,475.60524490009993,NA,NA,NA,NA,NA,NA,NA,NA,NA,NA,045,001,2025-10-15_15h58.03.121,Study_5_PsychoPy_Experiment,2024.1.5,NA,2025-10-15 15h58.15.462192 +0100
Knowledge,Reg,FALSE,N,NB-TB-K,TT_NB,PsychoPyStudy5Stim/TT_NB_4.png,Adam KNOWS there is ONE cube,One,b,h,N,PropFalse,N,0,79,79,175,475.6176046000328,NA,NA,NA,NA,NA,NA,NA,NA,NA,475.60565930011217,3.2539991661906e-4,475.69691700011026,476.0677041000454,476.1678303000517,478.16756220010575,478.5677693000762,478.6700543001062,478.6700543001062,485.5872518001124,b,1,6.905273400014266,NA,485.5877445000224,485.600829300005,485.600829300005,485.600829300005,485.600829300005,485.58828840008937,NA,NA,NA,NA,NA,NA,NA,NA,NA,NA,045,001,2025-10-15_15h58.03.121,Study_5_PsychoPy_Experiment,2024.1.5,NA,2025-10-15 15h58.15.462192 +0100
Knowledge,Reg,TRUE,N,TB-K-B,TT_B,PsychoPyStudy5Stim/TT_B_8.png,Adam KNOWS there are TWO cubes,Two,h,b,N,-,N,0,80,80,244,485.600829300005,NA,NA,NA,NA,NA,NA,NA,NA,NA,485.5886673000641,3.0219997279345e-4,485.6781393000856,486.0508771000896,486.1510444000596,488.15114620001987,488.55097440001555,488.6533585001016,488.6533585001016,490.0536076000426,h,1,1.3948734999867156,NA,490.0539753000485,490.0675046000397,490.0675046000397,490.0675046000397,490.0675046000397,490.0543814001139,NA,NA,NA,NA,NA,NA,NA,NA,NA,NA,045,001,2025-10-15_15h58.03.121,Study_5_PsychoPy_Experiment,2024.1.5,NA,2025-10-15 15h58.15.462192 +0100
Knowledge,Neg,FALSE,N,TB-K,TT_B,PsychoPyStudy5Stim/TT_B_3.png,Adam does NOT KNOW there are TWO cubes,Two,b,h,Y,PropFalse,N,0,81,81,90,490.0675046000397,NA,NA,NA,NA,NA,NA,NA,NA,NA,490.05465090007056,2.1410000044852e-4,490.14621420006733,490.5176480000373,490.6178097000811,492.6177380000008,493.0176713000983,493.1199184000725,493.1199184000725,501.18697910010815,b,1,8.055522299953736,NA,501.1874188000802,501.200786100002,501.200786100002,501.200786100002,501.200786100002,501.1880438000662,NA,NA,NA,NA,NA,NA,NA,NA,NA,NA,045,001,2025-10-15_15h58.03.121,Study_5_PsychoPy_Experiment,2024.1.5,NA,2025-10-15 15h58.15.462192 +0100
Reality,Reg,FALSE,N,TB-K-B,TD_B,PsychoPyStudy5Stim/TD_B_6.png,"In REALITY, there are ZERO cubes",Zero,b,h,N,PropFalse,N,0,82,82,273,501.200786100002,NA,NA,NA,NA,NA,NA,NA,NA,NA,501.1883701001061,2.5989999994635e-4,501.2811078000814,501.6509298000019,501.75102960004006,503.7509860000573,504.1509891001042,504.253245000029,504.253245000029,506.4539074000204,b,1,2.1858730000676587,NA,506.4545400000643,506.46751040010713,506.46751040010713,506.46751040010713,506.46751040010713,506.4551485000411,NA,NA,NA,NA,NA,NA,NA,NA,NA,NA,045,001,2025-10-15_15h58.03.121,Study_5_PsychoPy_Experiment,2024.1.5,NA,2025-10-15 15h58.15.462192 +0100
Knowledge,Reg,FALSE,N,FB-Ig,B_TT,PsychoPyStudy5Stim/B_TT_3.png,Adam KNOWS there are ZERO cubes,Zero,b,h,N,PropTrueNoKnow,Y,0,83,83,323,506.46751040010713,NA,NA,NA,NA,NA,NA,NA,NA,NA,506.4555951000657,3.5129999741911e-4,506.55122560006566,506.9342527000699,507.03440790006425,509.0343509000959,509.43426630005706,509.5365151000442,509.5365151000442,510.6700838000979,b,1,1.118130199960433,NA,510.67038750008214,510.68450260011014,NA,510.68450260011014,NA,516.4362909001065,space,5.738679200061597,NA,NA,NA,NA,NA,NA,NA,NA,045,001,2025-10-15_15h58.03.121,Study_5_PsychoPy_Experiment,2024.1.5,NA,2025-10-15 15h58.15.462192 +0100
Belief,Reg,TRUE,N,TB-Ig,D_B,PsychoPyStudy5Stim/D_B_2.png,Adam THINKS there are ZERO cubes,Zero,h,b,N,-,Y,0,84,84,201,516.4508559000678,NA,NA,NA,NA,NA,NA,NA,NA,NA,516.4378869000357,4.9859995488077e-4,516.5301900000777,516.9007662000367,517.0009445000906,519.0009337000083,519.4008762000594,519.5031814000104,519.5031814000104,521.687048700056,h,1,2.168038900010288,NA,521.687359200092,521.7005685000913,521.7005685000913,521.7005685000913,521.7005685000913,521.6881005000323,NA,NA,NA,NA,NA,NA,NA,NA,NA,NA,045,001,2025-10-15_15h58.03.121,Study_5_PsychoPy_Experiment,2024.1.5,NA,2025-10-15 15h58.15.462192 +0100
Knowledge,Reg,TRUE,N,NB-TB-K,D_NB,PsychoPyStudy5Stim/D_NB_7.png,Adam KNOWS there are ZERO cubes,Zero,h,b,N,-,N,0,85,85,134,521.7005685000913,NA,NA,NA,NA,NA,NA,NA,NA,NA,521.6883347000694,1.8420000560581e-4,521.7998744000215,522.1842097000917,522.2842468000017,524.2842473000055,524.6840026000282,524.7864755000919,524.7864755000919,528.9872477001045,h,1,4.197402399964631,NA,528.9878096000757,529.0007020001067,529.0007020001067,529.0007020001067,529.0007020001067,528.9884290000191,NA,NA,NA,NA,NA,NA,NA,NA,NA,NA,045,001,2025-10-15_15h58.03.121,Study_5_PsychoPy_Experiment,2024.1.5,NA,2025-10-15 15h58.15.462192 +0100
Reality,Reg,TRUE,N,TB-Ig,D_B,PsychoPyStudy5Stim/D_B_1.png,"In REALITY, there are ZERO cubes",Zero,h,b,N,-,N,0,86,86,203,529.0007020001067,NA,NA,NA,NA,NA,NA,NA,NA,NA,528.9888658000855,3.4369993954896e-4,529.0778478001012,529.4507935000584,529.5509031000547,531.5509014000418,531.9507992001018,532.0531367000658,532.0531367000658,534.1206423001131,h,1,2.05825050000567,NA,534.1212197000859,534.1340930000879,534.1340930000879,534.1340930000879,534.1340930000879,534.1218710000394,NA,NA,NA,NA,NA,NA,NA,NA,NA,NA,045,001,2025-10-15_15h58.03.121,Study_5_PsychoPy_Experiment,2024.1.5,NA,2025-10-15 15h58.15.462192 +0100
Reality,Reg,FALSE,N,NB-TB-K,TT_NB,PsychoPyStudy5Stim/TT_NB_2.png,"In REALITY, there are ZERO cubes",Zero,b,h,N,PropFalse,N,0,87,87,195,534.1340930000879,NA,NA,NA,NA,NA,NA,NA,NA,NA,534.1223353000823,3.7119991611689e-4,534.2126719000516,534.5840729000047,534.6841941000894,536.6841203001095,537.0841455000918,537.1864699000726,537.1864699000726,537.9038494001143,b,1,0.7162715001031756,NA,537.9043502000859,537.9173549000407,537.9173549000407,537.9173549000407,537.9173549000407,537.9049251000397,NA,NA,NA,NA,NA,NA,NA,NA,NA,NA,045,001,2025-10-15_15h58.03.121,Study_5_PsychoPy_Experiment,2024.1.5,NA,2025-10-15 15h58.15.462192 +0100
Knowledge,Reg,FALSE,N,FB-Ig,D_B_T,PsychoPyStudy5Stim/D_B_T_8.png,Adam KNOWS there are TWO cubes,Two,b,h,N,PropFalse,N,0,88,88,298,537.9173549000407,NA,NA,NA,NA,NA,NA,NA,NA,NA,537.9053069000365,2.9949995223432e-4,538.0020335000008,538.383898,538.4839835000457,540.4842594000511,540.8842033001129,540.9866136000492,540.9866136000492,543.5379159000004,b,1,2.5482008000835776,NA,543.5387444000226,543.5507749000099,543.5507749000099,543.5507749000099,543.5507749000099,543.5395885000471,NA,NA,NA,NA,NA,NA,NA,NA,NA,NA,045,001,2025-10-15_15h58.03.121,Study_5_PsychoPy_Experiment,2024.1.5,NA,2025-10-15 15h58.15.462192 +0100
Belief,Neg,FALSE,N,NB-TB-K,T_NB,PsychoPyStudy5Stim/T_NB_2.png,Adam does NOT THINK there is ONE cube,One,b,h,Y,PropFalse,N,0,89,89,49,543.5507749000099,NA,NA,NA,NA,NA,NA,NA,NA,NA,543.5402031000704,4.7839991748332e-4,543.6401455000741,544.0171683001099,544.1172884000698,546.117460800102,546.5174629000248,546.6198759000981,546.6198759000981,549.1873211000348,b,1,2.564176799962297,NA,549.1879018000327,549.2006593000842,549.2006593000842,549.2006593000842,549.2006593000842,549.1885254000081,NA,NA,NA,NA,NA,NA,NA,NA,NA,NA,045,001,2025-10-15_15h58.03.121,Study_5_PsychoPy_Experiment,2024.1.5,NA,2025-10-15 15h58.15.462192 +0100
Knowledge,Neg,TRUE,Y,FB-Ig,T_B_T,PsychoPyStudy5Stim/T_B_T_8.png,Adam does NOT KNOW there are TWO cubes,Two,h,b,Y,-,N,0,90,90,7,549.2006593000842,NA,NA,NA,NA,NA,NA,NA,NA,NA,549.1889656001003,3.4699996467679e-4,549.2753237000434,549.6507332000183,549.750664900057,551.7508451000322,552.1509155000094,552.2531665000133,552.2531665000133,554.7874841000885,h,1,2.530375999980606,NA,554.7881241000723,554.8006757000694,554.8006757000694,554.8006757000694,554.8006757000694,554.7888509000186,NA,NA,NA,NA,NA,NA,NA,NA,NA,NA,045,001,2025-10-15_15h58.03.121,Study_5_PsychoPy_Experiment,2024.1.5,NA,2025-10-15 15h58.15.462192 +0100
Knowledge,Reg,FALSE,N,NB-TB-K,TT_NB,PsychoPyStudy5Stim/TT_NB_8.png,Adam KNOWS there is ONE cube,One,b,h,N,PropFalse,N,0,91,91,176,554.8006757000694,NA,NA,NA,NA,NA,NA,NA,NA,NA,554.7893805000931,4.2369996663182e-4,554.8740220000036,555.2507079000352,555.3508540000767,557.3507244000211,557.7505722000496,557.8530689000618,557.8530689000618,561.2040398000972,h,0,3.338435999932699,NA,561.204751900048,561.2173503000522,561.2173503000522,561.2173503000522,561.2173503000522,561.2055554001126,NA,NA,NA,NA,NA,NA,NA,NA,NA,NA,045,001,2025-10-15_15h58.03.121,Study_5_PsychoPy_Experiment,2024.1.5,NA,2025-10-15 15h58.15.462192 +0100
Belief,Neg,FALSE,N,NB-TB-K,TT_NB,PsychoPyStudy5Stim/TT_NB_6.png,Adam does NOT THINK there are TWO cubes,Two,b,h,Y,PropFalse,N,0,92,92,77,561.2173503000522,NA,NA,NA,NA,NA,NA,NA,NA,NA,561.2060869000852,4.1660002898424e-4,561.2936817000154,561.6672227000818,561.7676836000755,563.7673966001021,564.1674288000213,564.2697539000073,564.2697539000073,568.7039869000437,b,1,4.417318599997088,NA,568.7046592000406,568.7173343000468,568.7173343000468,568.7173343000468,568.7173343000468,568.7054202000145,NA,NA,NA,NA,NA,NA,NA,NA,NA,NA,045,001,2025-10-15_15h58.03.121,Study_5_PsychoPy_Experiment,2024.1.5,NA,2025-10-15 15h58.15.462192 +0100
Reality,Reg,TRUE,N,NB-TB-K,DD_NB,PsychoPyStudy5Stim/DD_NB_3.png,"In REALITY, there are ZERO cubes",Zero,h,b,N,-,N,0,93,93,159,568.7173343000468,NA,NA,NA,NA,NA,NA,NA,NA,NA,568.7059483000776,4.1750003583729e-4,568.8010581000708,569.1839982001111,569.2840202000225,571.2840373000363,571.6840429001022,571.7863459000364,571.7863459000364,573.6039112000726,h,1,1.8135916000464931,NA,573.604508300079,573.6172694000416,573.6172694000416,573.6172694000416,573.6172694000416,573.6051288000308,NA,NA,NA,NA,NA,NA,NA,NA,NA,NA,045,001,2025-10-15_15h58.03.121,Study_5_PsychoPy_Experiment,2024.1.5,NA,2025-10-15 15h58.15.462192 +0100
Knowledge,Neg,FALSE,N,NB-TB-K,T_NB,PsychoPyStudy5Stim/T_NB_5.png,Adam does NOT KNOW there is ONE cube,One,b,h,Y,PropFalse,N,0,94,94,44,573.6172694000416,NA,NA,NA,NA,NA,NA,NA,NA,NA,573.6055997000076,3.7869997322559e-4,573.6944452000316,574.0672730000224,574.1674270000076,576.1674385000952,576.5675103000831,576.6695709000342,576.6695709000342,582.9198235000949,b,1,6.241724000079557,NA,582.920161700109,582.9337936000666,582.9337936000666,582.9337936000666,582.9337936000666,582.9205248000799,NA,NA,NA,NA,NA,NA,NA,NA,NA,NA,045,001,2025-10-15_15h58.03.121,Study_5_PsychoPy_Experiment,2024.1.5,NA,2025-10-15 15h58.15.462192 +0100
Belief,Neg,FALSE,N,TB-K,TD_B,PsychoPyStudy5Stim/TD_B_6.png,Adam does NOT THINK there is ONE cube,One,b,h,Y,PropFalse,N,0,95,95,125,582.9337936000666,NA,NA,NA,NA,NA,NA,NA,NA,NA,582.9207708000904,1.9579997751861e-4,583.0077827000059,583.3838633000851,583.4840548000066,585.4838503000792,585.8838328000857,585.9862694001058,585.9862694001058,587.7530854000943,b,1,1.7561827999306845,NA,587.7534009000519,587.7670339000179,587.7670339000179,587.7670339000179,587.7670339000179,587.7537149001146,NA,NA,NA,NA,NA,NA,NA,NA,NA,NA,045,001,2025-10-15_15h58.03.121,Study_5_PsychoPy_Experiment,2024.1.5,NA,2025-10-15 15h58.15.462192 +0100
Knowledge,Reg,TRUE,N,NB-TB-K,DT_NB,PsychoPyStudy5Stim/TD_NB_1.png,Adam KNOWS there is ONE cube,One,h,b,N,-,N,0,96,96,163,587.7670339000179,NA,NA,NA,NA,NA,NA,NA,NA,NA,587.7539263000945,1.6830000095069e-4,587.83884150011,588.2173088000854,588.3173944000155,590.3173779000062,590.7173067000695,590.81955070002,590.81955070002,592.3538453000365,h,1,1.5311968000605702,NA,592.3544527000049,592.3671624000417,592.3671624000417,592.3671624000417,592.3671624000417,592.3550847000442,NA,NA,NA,NA,NA,NA,NA,NA,NA,NA,045,001,2025-10-15_15h58.03.121,Study_5_PsychoPy_Experiment,2024.1.5,NA,2025-10-15 15h58.15.462192 +0100
Knowledge,Neg,TRUE,N,TB-K,TD_B,PsychoPyStudy5Stim/TD_B_4.png,Adam does NOT KNOW there are TWO cubes,Two,h,b,Y,-,N,0,97,97,107,592.3671624000417,NA,NA,NA,NA,NA,NA,NA,NA,NA,592.3555330000818,3.5149999894201e-4,592.442005500081,592.817230100045,592.917334400001,594.9173982000211,595.3172811000841,595.4196784000378,595.4196784000378,597.687188000069,b,0,2.251103299902752,NA,597.6877885001013,597.7005358000752,597.7005358000752,597.7005358000752,597.7005358000752,597.6883980000857,NA,NA,NA,NA,NA,NA,NA,NA,NA,NA,045,001,2025-10-15_15h58.03.121,Study_5_PsychoPy_Experiment,2024.1.5,NA,2025-10-15 15h58.15.462192 +0100
Belief,Reg,TRUE,N,FB-Ig,B_TT,PsychoPyStudy5Stim/B_TT_1.png,Adam THINKS there are ZERO cubes,Zero,h,b,N,-,Y,0,98,98,326,597.7005358000752,NA,NA,NA,NA,NA,NA,NA,NA,NA,597.6888707000762,3.8049998693168e-4,597.7750963000581,598.1505109000718,598.2505078000249,600.250729600084,600.6506640000734,600.7529321000911,600.7529321000911,602.1530543001136,h,1,1.3900299000088123,NA,602.1533526000567,602.1670578001067,602.1670578001067,602.1670578001067,602.1670578001067,602.1536693000235,NA,NA,NA,NA,NA,NA,NA,NA,NA,NA,045,001,2025-10-15_15h58.03.121,Study_5_PsychoPy_Experiment,2024.1.5,NA,2025-10-15 15h58.15.462192 +0100
Belief,Reg,TRUE,N,TB-K-B,DD_B,PsychoPyStudy5Stim/DD_B_1.png,Adam THINKS there are ZERO cubes,Zero,h,b,N,-,N,0,99,99,226,602.1670578001067,NA,NA,NA,NA,NA,NA,NA,NA,NA,602.1538815000094,1.7080001998692e-4,602.2558904000325,602.6338254000293,602.734034000081,604.7340304000536,605.1338719000341,605.2362927000504,605.2362927000504,610.8538263000082,b,0,5.60196670005098,NA,610.8545545000816,610.8671370000811,610.8671370000811,610.8671370000811,610.8671370000811,610.8553574000252,NA,NA,NA,NA,NA,NA,NA,NA,NA,NA,045,001,2025-10-15_15h58.03.121,Study_5_PsychoPy_Experiment,2024.1.5,NA,2025-10-15 15h58.15.462192 +0100
Belief,Reg,FALSE,N,NB-TB-K,TT_NB,PsychoPyStudy5Stim/TT_NB_2.png,Adam THINKS there are ZERO cubes,Zero,b,h,N,PropFalse,N,0,100,100,182,610.8671370000811,NA,NA,NA,NA,NA,NA,NA,NA,NA,610.8558856000891,4.1350000537931e-4,610.9367759000743,611.3172235001111,611.4172924000304,613.4172881001141,613.817263700068,613.919586300035,613.919586300035,620.9208806001116,b,1,6.991715000011027,NA,620.9216970000416,620.9338380000554,620.9338380000554,620.9338380000554,620.9338380000554,620.9226161000552,NA,NA,NA,NA,NA,NA,NA,NA,NA,NA,045,001,2025-10-15_15h58.03.121,Study_5_PsychoPy_Experiment,2024.1.5,NA,2025-10-15 15h58.15.462192 +0100
Knowledge,Neg,FALSE,N,TB-K,TT_B,PsychoPyStudy5Stim/TT_B_5.png,Adam does NOT KNOW there are TWO cubes,Two,b,h,Y,PropFalse,N,0,101,101,92,620.9338380000554,NA,NA,NA,NA,NA,NA,NA,NA,NA,620.9232701000292,5.1139993593096e-4,621.0239847000921,621.4003319001058,621.5006377000827,623.5006707001012,623.9004990000976,624.0029105000431,624.0029105000431,628.4699840000831,b,1,4.459145399974659,NA,628.4703852001112,628.483566800016,628.483566800016,628.483566800016,628.483566800016,628.4708301000064,NA,NA,NA,NA,NA,NA,NA,NA,NA,NA,045,001,2025-10-15_15h58.03.121,Study_5_PsychoPy_Experiment,2024.1.5,NA,2025-10-15 15h58.15.462192 +0100
Belief,Neg,FALSE,N,TB-K,TD_B,PsychoPyStudy5Stim/TD_B_1.png,Adam does NOT THINK there is ONE cube,One,b,h,Y,PropFalse,N,0,102,102,120,628.483566800016,NA,NA,NA,NA,NA,NA,NA,NA,NA,628.4711201000027,2.2259994875639e-4,628.556685000076,628.9338043000316,629.0339522000868,631.0337438000133,631.4338289001025,631.5360198999988,631.5360198999988,642.9033570000902,b,1,11.35896550002508,NA,642.9036801001057,642.9168561000843,642.9168561000843,642.9168561000843,642.9168561000843,642.9040492000058,NA,NA,NA,NA,NA,NA,NA,NA,NA,NA,045,001,2025-10-15_15h58.03.121,Study_5_PsychoPy_Experiment,2024.1.5,NA,2025-10-15 15h58.15.462192 +0100
Belief,Reg,TRUE,N,NB-TB-K,TT_NB,PsychoPyStudy5Stim/TT_NB_8.png,Adam THINKS there are TWO cubes,Two,h,b,N,-,N,0,103,103,180,642.9168561000843,NA,NA,NA,NA,NA,NA,NA,NA,NA,642.9042738000862,1.7839996144175e-4,642.9932133000111,643.3667974000564,643.4669618000044,645.4670129000442,645.8671538000926,645.9694963000948,645.9694963000948,649.1034910000162,b,0,3.125556399929337,NA,649.1040926000569,649.1170118000591,649.1170118000591,649.1170118000591,649.1170118000591,649.1047071000794,NA,NA,NA,NA,NA,NA,NA,NA,NA,NA,045,001,2025-10-15_15h58.03.121,Study_5_PsychoPy_Experiment,2024.1.5,NA,2025-10-15 15h58.15.462192 +0100
Knowledge,Reg,TRUE,N,TB-K-B,TD_B,PsychoPyStudy5Stim/TD_B_7.png,Adam KNOWS there is ONE cube,One,h,b,N,-,N,0,104,104,257,649.1170118000591,NA,NA,NA,NA,NA,NA,NA,NA,NA,649.1052217000397,4.2100006248801e-4,649.1936768000014,649.5668935000431,649.6669546000194,651.6671935000923,652.0670896000229,652.1694277001079,652.1694277001079,653.7034740000963,h,1,1.516850599902682,NA,653.7041427000659,653.7169980000472,653.7169980000472,653.7169980000472,653.7169980000472,653.7048470000736,NA,NA,NA,NA,NA,NA,NA,NA,NA,NA,045,001,2025-10-15_15h58.03.121,Study_5_PsychoPy_Experiment,2024.1.5,NA,2025-10-15 15h58.15.462192 +0100
Belief,Reg,FALSE,N,NB-TB-K,TT_NB,PsychoPyStudy5Stim/TT_NB_6.png,Adam THINKS there are ZERO cubes,Zero,b,h,N,PropFalse,N,0,105,105,186,653.7169980000472,NA,NA,NA,NA,NA,NA,NA,NA,NA,653.7053831000812,4.2820000089704e-4,653.8020089000929,654.1837257000152,654.2838493000017,656.2837907000212,656.6837319000624,656.786130100023,656.786130100023,657.520365000004,b,1,0.7175370999611914,NA,657.5210397000192,657.533651500009,657.533651500009,657.533651500009,657.533651500009,657.5217662000796,NA,NA,NA,NA,NA,NA,NA,NA,NA,NA,045,001,2025-10-15_15h58.03.121,Study_5_PsychoPy_Experiment,2024.1.5,NA,2025-10-15 15h58.15.462192 +0100
Belief,Neg,TRUE,N,NB-TB-K,TT_NB,PsychoPyStudy5Stim/TT_NB_2.png,Adam does NOT THINK there is ONE cube,One,h,b,Y,-,N,0,106,106,61,657.533651500009,NA,NA,NA,NA,NA,NA,NA,NA,NA,657.5222931000171,4.1390000842511e-4,657.6169788000407,658.0003947000951,658.1004499000264,660.1003731000237,660.5003760000691,660.6026451000944,660.6026451000944,662.7866296001012,h,1,2.172332899994217,NA,662.7872275001137,662.8002798000816,662.8002798000816,662.8002798000816,662.8002798000816,662.787833700073,NA,NA,NA,NA,NA,NA,NA,NA,NA,NA,045,001,2025-10-15_15h58.03.121,Study_5_PsychoPy_Experiment,2024.1.5,NA,2025-10-15 15h58.15.462192 +0100
Knowledge,Reg,TRUE,N,TB-K-B,TD_B,PsychoPyStudy5Stim/TD_B_8.png,Adam KNOWS there is ONE cube,One,h,b,N,-,N,0,107,107,258,662.8002798000816,NA,NA,NA,NA,NA,NA,NA,NA,NA,662.788298600004,3.4689996391534e-4,662.8839966000523,663.2669309000485,663.3671286000172,665.3671338000568,665.7670544000575,665.8693621000275,665.8693621000275,666.5199720000383,h,1,0.633788299979642,NA,666.5205613001017,666.5336213000119,666.5336213000119,666.5336213000119,666.5336213000119,666.521194800036,NA,NA,NA,NA,NA,NA,NA,NA,NA,NA,045,001,2025-10-15_15h58.03.121,Study_5_PsychoPy_Experiment,2024.1.5,NA,2025-10-15 15h58.15.462192 +0100
Knowledge,Reg,FALSE,N,FB-Ig,B_TT,PsychoPyStudy5Stim/B_TT_1.png,Adam KNOWS there are ZERO cubes,Zero,b,h,N,PropTrueNoKnow,Y,0,108,108,321,666.5336213000119,NA,NA,NA,NA,NA,NA,NA,NA,NA,666.5216313001001,3.4319993574172e-4,666.619935200084,667.0003530000104,667.1004595000995,669.1004723000806,669.5002203000477,669.602774900035,669.602774900035,676.6363590001129,b,1,7.019295300007798,NA,676.6366769000888,676.6500970000634,676.6500970000634,676.6500970000634,676.6500970000634,676.6370215000352,NA,NA,NA,NA,NA,NA,NA,NA,NA,NA,045,001,2025-10-15_15h58.03.121,Study_5_PsychoPy_Experiment,2024.1.5,NA,2025-10-15 15h58.15.462192 +0100
Knowledge,Reg,TRUE,N,NB-TB-K,TT_NB,PsychoPyStudy5Stim/TT_NB_6.png,Adam KNOWS there are TWO cubes,Two,h,b,N,-,N,0,109,109,172,676.6500970000634,NA,NA,NA,NA,NA,NA,NA,NA,NA,676.637268200051,1.7459993250668e-4,676.7218354000943,677.1001531000948,677.2003049000632,679.200307500083,679.6003414000152,679.702706900076,679.702706900076,690.536081600003,h,1,10.824067699955776,NA,690.5363941000542,690.550118300016,690.550118300016,690.550118300016,690.550118300016,690.5367157000583,NA,NA,NA,NA,NA,NA,NA,NA,NA,NA,045,001,2025-10-15_15h58.03.121,Study_5_PsychoPy_Experiment,2024.1.5,NA,2025-10-15 15h58.15.462192 +0100
Knowledge,Neg,FALSE,N,NB-TB-K,TT_NB,PsychoPyStudy5Stim/TT_NB_5.png,Adam does NOT KNOW there are TWO cubes,Two,b,h,Y,PropFalse,N,0,110,110,68,690.550118300016,NA,NA,NA,NA,NA,NA,NA,NA,NA,690.5369272000389,1.6989989671856e-4,690.6217728001066,690.9999942000723,691.1001519000856,693.1004322000081,693.5003892000532,693.6027589000296,693.6027589000296,700.3034124000696,b,1,6.683613900095224,NA,700.3041192000965,700.3168516000733,700.3168516000733,700.3168516000733,700.3168516000733,700.3048738000216,NA,NA,NA,NA,NA,NA,NA,NA,NA,NA,045,001,2025-10-15_15h58.03.121,Study_5_PsychoPy_Experiment,2024.1.5,NA,2025-10-15 15h58.15.462192 +0100
Knowledge,Neg,TRUE,Y,FB-Ig,T_B_T,PsychoPyStudy5Stim/T_B_T_2.png,Adam does NOT KNOW there are TWO cubes,Two,h,b,Y,-,N,0,111,111,1,700.3168516000733,NA,NA,NA,NA,NA,NA,NA,NA,NA,700.3054396000225,4.514999454841e-4,700.4017851001117,700.7834409000352,700.8837247000774,702.8835974000394,703.2834334000945,703.386298700003,703.386298700003,721.9363983001094,h,1,18.539484299952164,NA,721.9369187001139,721.9500063000014,721.9500063000014,721.9500063000014,721.9500063000014,721.937461100053,NA,NA,NA,NA,NA,NA,NA,NA,NA,NA,045,001,2025-10-15_15h58.03.121,Study_5_PsychoPy_Experiment,2024.1.5,NA,2025-10-15 15h58.15.462192 +0100
Knowledge,Neg,TRUE,Y,FB-Ig,D_B_T,PsychoPyStudy5Stim/D_B_T_4.png,Adam does NOT KNOW there is ONE cube,One,h,b,Y,-,N,0,112,112,11,721.9500063000014,NA,NA,NA,NA,NA,NA,NA,NA,NA,721.937864900101,3.2320001628249e-4,722.0308986000018,722.4000034000492,722.5000150001142,724.5002411000896,724.9001218000194,725.0028217000654,725.0028217000654,727.6364856000291,h,1,2.619621100020595,NA,727.63706800004,727.6500693000853,727.6500693000853,727.6500693000853,727.6500693000853,727.6376864000922,NA,NA,NA,NA,NA,NA,NA,NA,NA,NA,045,001,2025-10-15_15h58.03.121,Study_5_PsychoPy_Experiment,2024.1.5,NA,2025-10-15 15h58.15.462192 +0100
Knowledge,Reg,TRUE,N,NB-TB-K,DD_NB,PsychoPyStudy5Stim/DD_NB_8.png,Adam KNOWS there are ZERO cubes,Zero,h,b,N,-,N,0,113,113,154,727.6500693000853,NA,NA,NA,NA,NA,NA,NA,NA,NA,727.6381290000863,3.4759996924549e-4,727.7440748000517,728.1168016000884,728.2169084000634,730.216904800036,730.6168417000445,730.7191686000442,730.7191686000442,731.919629800017,h,1,1.1917355000041423,NA,731.920152500039,731.9333416000009,731.9333416000009,731.9333416000009,731.9333416000009,731.920681900112,NA,NA,NA,NA,NA,NA,NA,NA,NA,NA,045,001,2025-10-15_15h58.03.121,Study_5_PsychoPy_Experiment,2024.1.5,NA,2025-10-15 15h58.15.462192 +0100
Knowledge,Neg,FALSE,N,NB-TB-K,T_NB,PsychoPyStudy5Stim/T_NB_6.png,Adam does NOT KNOW there is ONE cube,One,b,h,Y,PropFalse,N,0,114,114,45,731.9333416000009,NA,NA,NA,NA,NA,NA,NA,NA,NA,731.9210833000252,3.026999766007e-4,732.0164427000564,732.4000530000776,732.500025400077,734.5001612000633,734.9002927000402,735.0026511000469,735.0026511000469,737.3369483000133,b,1,2.3320126000326127,NA,737.3376801999984,737.3500581000699,737.3500581000699,737.3500581000699,737.3500581000699,737.3384395000758,NA,NA,NA,NA,NA,NA,NA,NA,NA,NA,045,001,2025-10-15_15h58.03.121,Study_5_PsychoPy_Experiment,2024.1.5,NA,2025-10-15 15h58.15.462192 +0100
Knowledge,Reg,TRUE,N,NB-TB-K,D_NB,PsychoPyStudy5Stim/D_NB_6.png,Adam KNOWS there are ZERO cubes,Zero,h,b,N,-,N,0,115,115,133,737.3500581000699,NA,NA,NA,NA,NA,NA,NA,NA,NA,737.3389698000392,4.1189999319612e-4,737.4377872000914,737.8165613000747,737.9169629000826,739.9166761001106,740.3167904000729,740.4192645000294,740.4192645000294,757.919969300041,h,1,17.49902959994506,NA,757.9205255000852,757.9332420000574,757.9332420000574,757.9332420000574,757.9332420000574,757.9210935001029,NA,NA,NA,NA,NA,NA,NA,NA,NA,NA,045,001,2025-10-15_15h58.03.121,Study_5_PsychoPy_Experiment,2024.1.5,NA,2025-10-15 15h58.15.462192 +0100
Belief,Neg,TRUE,Y,FB-Ig,D_B_T,PsychoPyStudy5Stim/D_B_T_4.png,Adam does NOT THINK there is ONE cube,One,h,b,Y,-,N,0,116,116,27,757.9332420000574,NA,NA,NA,NA,NA,NA,NA,NA,NA,757.921525200014,3.2430002465844e-4,758.0166784001049,758.3997541000135,758.4998752000974,760.5001526001142,760.9000271001132,761.0023287000367,761.0023287000367,767.2033451000461,h,1,6.196404300048016,NA,767.2039766000817,767.21653840004,767.21653840004,767.21653840004,767.21653840004,767.2046830001054,NA,NA,NA,NA,NA,NA,NA,NA,NA,NA,045,001,2025-10-15_15h58.03.121,Study_5_PsychoPy_Experiment,2024.1.5,NA,2025-10-15 15h58.15.462192 +0100
Knowledge,Reg,FALSE,N,NB-TB-K,DD_NB,PsychoPyStudy5Stim/DD_NB_8.png,Adam KNOWS there is ONE cube,One,b,h,N,PropFalse,N,0,117,117,156,767.21653840004,NA,NA,NA,NA,NA,NA,NA,NA,NA,767.2051704000914,3.8330000825226e-4,767.3003268000903,767.6832808000036,767.783279400086,769.783335300046,770.1833339000586,770.2857294999994,770.2857294999994,771.3198214001022,b,1,1.032263100030832,NA,771.3203279000008,771.3332159999991,771.3332159999991,771.3332159999991,771.3332159999991,771.3208780999994,NA,NA,NA,NA,NA,NA,NA,NA,NA,NA,045,001,2025-10-15_15h58.03.121,Study_5_PsychoPy_Experiment,2024.1.5,NA,2025-10-15 15h58.15.462192 +0100
Reality,Reg,FALSE,N,FB-Ig,B_T,PsychoPyStudy5Stim/B_T_3.png,"In REALITY, there are ZERO cubes",Zero,b,h,N,-,N,0,118,118,319,771.3332159999991,NA,NA,NA,NA,NA,NA,NA,NA,NA,771.3212624000153,3.0319998040795e-4,771.4144797000336,771.7997571000597,771.8999235000229,773.89989780006,774.2999847000465,774.4024711000966,774.4024711000966,775.2692972000223,b,1,0.8600453999824822,NA,775.2697399000172,775.2831655000336,775.2831655000336,775.2831655000336,775.2831655000336,775.2702148000244,NA,NA,NA,NA,NA,NA,NA,NA,NA,NA,045,001,2025-10-15_15h58.03.121,Study_5_PsychoPy_Experiment,2024.1.5,NA,2025-10-15 15h58.15.462192 +0100
Belief,Reg,FALSE,N,TB-K-B,TD_B,PsychoPyStudy5Stim/TD_B_7.png,Adam THINKS there are ZERO cubes,Zero,b,h,N,PropFalse,N,0,119,119,269,775.2831655000336,NA,NA,NA,NA,NA,NA,NA,NA,NA,775.270545400097,2.6180001441389e-4,775.3563316001091,775.7332141000079,775.8334043000359,777.8332784000086,778.2333056000061,778.3354261000641,778.3354261000641,779.3692773000803,b,1,1.0306676999898627,NA,779.3695730000036,779.383149900008,779.383149900008,779.383149900008,779.383149900008,779.3698815000243,NA,NA,NA,NA,NA,NA,NA,NA,NA,NA,045,001,2025-10-15_15h58.03.121,Study_5_PsychoPy_Experiment,2024.1.5,NA,2025-10-15 15h58.15.462192 +0100
Knowledge,Reg,FALSE,N,FB-Ig,T_B_T,PsychoPyStudy5Stim/T_B_T_3.png,Adam KNOWS there are ZERO cubes,Zero,b,h,N,PropFalse,N,0,120,120,277,779.383149900008,NA,NA,NA,NA,NA,NA,NA,NA,NA,779.3700936000096,1.6970001161098e-4,779.4568522000918,779.8332962000277,779.9333015000448,781.9333397001028,782.3332833000459,782.4355638000416,782.4355638000416,785.5195545000024,b,1,3.0744533000979573,NA,785.520053400076,785.5331363000441,785.5331363000441,785.5331363000441,785.5331363000441,785.5205378000392,NA,NA,NA,NA,NA,NA,NA,NA,NA,NA,045,001,2025-10-15_15h58.03.121,Study_5_PsychoPy_Experiment,2024.1.5,NA,2025-10-15 15h58.15.462192 +0100
Knowledge,Reg,TRUE,N,NB-TB-K,DD_NB,PsychoPyStudy5Stim/DD_NB_1.png,Adam KNOWS there are ZERO cubes,Zero,h,b,N,-,N,0,121,121,147,785.5331363000441,NA,NA,NA,NA,NA,NA,NA,NA,NA,785.520917100017,3.0029995832592e-4,785.6051660000812,785.9832358000567,786.0832190000219,788.0832388000563,788.4833112000488,788.5856741000898,788.5856741000898,791.3364156000316,h,1,2.7402393999509513,NA,791.3370440000435,791.3498344001127,791.3498344001127,791.3498344001127,791.3498344001127,791.3376937001012,NA,NA,NA,NA,NA,NA,NA,NA,NA,NA,045,001,2025-10-15_15h58.03.121,Study_5_PsychoPy_Experiment,2024.1.5,NA,2025-10-15 15h58.15.462192 +0100
Belief,Reg,TRUE,N,TB-Ig,D_B,PsychoPyStudy5Stim/D_B_D_2.png,Adam THINKS there are ZERO cubes,Zero,h,b,N,-,Y,0,122,122,210,791.3498344001127,NA,NA,NA,NA,NA,NA,NA,NA,NA,791.3381971000927,3.7569995038211e-4,791.4352420000359,791.8165669000009,791.916720700101,793.9166220000479,794.3165559000336,794.418884600047,794.418884600047,798.0199161000783,h,1,3.5952939999988303,NA,798.0206206000876,798.0331456999993,798.0331456999993,798.0331456999993,798.0331456999993,798.0213543000864,NA,NA,NA,NA,NA,NA,NA,NA,NA,NA,045,001,2025-10-15_15h58.03.121,Study_5_PsychoPy_Experiment,2024.1.5,NA,2025-10-15 15h58.15.462192 +0100
Belief,Neg,FALSE,N,TB-K,TT_B,PsychoPyStudy5Stim/TT_B_4.png,Adam does NOT THINK there are TWO cubes,Two,b,h,Y,PropFalse,N,0,123,123,99,798.0331456999993,NA,NA,NA,NA,NA,NA,NA,NA,NA,798.0218792000087,4.1219999548047e-4,798.1243521000724,798.4998668000335,798.5998716000468,800.599975900026,800.9998092000606,801.1021678000689,801.1021678000689,807.0356310000643,b,1,5.928268500021659,NA,807.0359737001127,807.049678200041,807.049678200041,807.049678200041,807.049678200041,807.0363418000052,NA,NA,NA,NA,NA,NA,NA,NA,NA,NA,045,001,2025-10-15_15h58.03.121,Study_5_PsychoPy_Experiment,2024.1.5,NA,2025-10-15 15h58.15.462192 +0100
Belief,Reg,FALSE,N,TB-K-B,TT_B,PsychoPyStudy5Stim/TT_B_2.png,Adam THINKS there is ONE cube,One,b,h,N,PropFalse,N,0,124,124,250,807.049678200041,NA,NA,NA,NA,NA,NA,NA,NA,NA,807.0365997001063,2.0749995019286e-4,807.13249800005,807.5165203000652,807.6164067001082,809.6165984000545,810.0165401000995,810.1188790000742,810.1188790000742,812.7197098000906,b,1,2.5843424000777304,NA,812.7202741000801,812.733050400042,812.733050400042,812.733050400042,812.733050400042,812.720889700111,NA,NA,NA,NA,NA,NA,NA,NA,NA,NA,045,001,2025-10-15_15h58.03.121,Study_5_PsychoPy_Experiment,2024.1.5,NA,2025-10-15 15h58.15.462192 +0100
Reality,Reg,TRUE,N,NB-TB-K,TT_NB,PsychoPyStudy5Stim/TT_NB_5.png,"In REALITY, there are TWO cubes",Two,h,b,N,-,N,0,125,125,193,812.733050400042,NA,NA,NA,NA,NA,NA,NA,NA,NA,812.7213140000822,3.3100007567554e-4,812.8143217000179,813.1998544000089,813.2998438000213,815.2998782000504,815.6998941000784,815.8021800999995,815.8021800999995,816.5188235000242,h,1,0.6999557999661192,NA,816.519130300032,816.5329644000158,816.5329644000158,816.5329644000158,816.5329644000158,816.5194435000885,NA,NA,NA,NA,NA,NA,NA,NA,NA,NA,045,001,2025-10-15_15h58.03.121,Study_5_PsychoPy_Experiment,2024.1.5,NA,2025-10-15 15h58.15.462192 +0100
Belief,Reg,TRUE,N,TB-K-B,TT_B,PsychoPyStudy5Stim/TT_B_7.png,Adam THINKS there are TWO cubes,Two,h,b,N,-,N,0,126,126,248,816.5329644000158,NA,NA,NA,NA,NA,NA,NA,NA,NA,816.519661600003,1.7500005196779e-4,816.6042743000435,816.9830663000466,817.0833340000827,819.0832144001033,819.4831931000808,819.5855483000632,819.5855483000632,820.6860263000708,h,1,1.0923096999758857,NA,820.6864661000436,820.6996721000178,820.6996721000178,820.6996721000178,820.6996721000178,820.6869618000928,NA,NA,NA,NA,NA,NA,NA,NA,NA,NA,045,001,2025-10-15_15h58.03.121,Study_5_PsychoPy_Experiment,2024.1.5,NA,2025-10-15 15h58.15.462192 +0100
Knowledge,Reg,FALSE,N,TB-K-B,TT_B,PsychoPyStudy5Stim/TT_B_1.png,Adam KNOWS there is ONE cube,One,b,h,N,PropFalse,N,0,127,127,245,820.6996721000178,NA,NA,NA,NA,NA,NA,NA,NA,NA,820.6872936000582,2.6030000299215e-4,820.7740899000783,821.149790000054,821.2496965000173,823.2497180000646,823.6498434001114,823.7521988000954,823.7521988000954,824.9022042000433,b,1,1.141903099953197,NA,824.902501600096,824.9162715000566,824.9162715000566,824.9162715000566,824.9162715000566,824.9028176000575,NA,NA,NA,NA,NA,NA,NA,NA,NA,NA,045,001,2025-10-15_15h58.03.121,Study_5_PsychoPy_Experiment,2024.1.5,NA,2025-10-15 15h58.15.462192 +0100
Knowledge,Neg,TRUE,Y,FB-Ig,T_B_T,PsychoPyStudy5Stim/T_B_T_7.png,Adam does NOT KNOW there are TWO cubes,Two,h,b,Y,-,N,0,128,128,6,824.9162715000566,NA,NA,NA,NA,NA,NA,NA,NA,NA,824.9030269000214,1.6699999105185e-4,824.9915638000239,825.3663501000265,825.4665976000251,827.4666173000587,827.866429500049,827.9690068000928,827.9690068000928,830.0868786000647,h,1,2.109493699972518,NA,830.0875974000664,830.0996922000777,830.0996922000777,830.0996922000777,830.0996922000777,830.0883355000988,NA,NA,NA,NA,NA,NA,NA,NA,NA,NA,045,001,2025-10-15_15h58.03.121,Study_5_PsychoPy_Experiment,2024.1.5,NA,2025-10-15 15h58.15.462192 +0100
Knowledge,Reg,TRUE,N,NB-TB-K,D_NB,PsychoPyStudy5Stim/D_NB_2.png,Adam KNOWS there are ZERO cubes,Zero,h,b,N,-,N,0,129,129,129,830.0996922000777,NA,NA,NA,NA,NA,NA,NA,NA,NA,830.0889007000951,4.2109994683414e-4,830.1744373000693,830.5495910000755,830.6497187000932,832.6496484000236,833.0495997000253,833.151765900082,833.151765900082,834.5189893000061,h,1,1.3581297000637278,NA,834.5192991000367,834.5329461001093,834.5329461001093,834.5329461001093,834.5329461001093,834.5196242000675,NA,NA,NA,NA,NA,NA,NA,NA,NA,NA,045,001,2025-10-15_15h58.03.121,Study_5_PsychoPy_Experiment,2024.1.5,NA,2025-10-15 15h58.15.462192 +0100
Knowledge,Reg,TRUE,N,TB-K-B,DD_B,PsychoPyStudy5Stim/DD_B_3.png,Adam KNOWS there are ZERO cubes,Zero,h,b,N,-,N,0,130,130,217,834.5329461001093,NA,NA,NA,NA,NA,NA,NA,NA,NA,834.5198439001106,1.7610006034374e-4,834.6064321000595,834.9832217000658,835.0829851001035,837.0830109000672,837.4829416000284,837.585601800005,837.585601800005,846.0195868000155,h,1,8.420319200027734,NA,846.020249400055,846.0329550000606,846.0329550000606,846.0329550000606,846.0329550000606,846.0209536000621,NA,NA,NA,NA,NA,NA,NA,NA,NA,NA,045,001,2025-10-15_15h58.03.121,Study_5_PsychoPy_Experiment,2024.1.5,NA,2025-10-15 15h58.15.462192 +0100
Knowledge,Neg,FALSE,N,NB-TB-K,T_NB,PsychoPyStudy5Stim/T_NB_4.png,Adam does NOT KNOW there is ONE cube,One,b,h,Y,PropFalse,N,0,131,131,43,846.0329550000606,NA,NA,NA,NA,NA,NA,NA,NA,NA,846.0214422000572,3.8149999454617e-4,846.1165411000839,846.4996908000903,846.5998419000534,848.5998245000374,848.9997544001089,849.1021485000383,849.1021485000383,851.8362703000894,b,1,2.72797760006506,NA,851.8368343000766,851.8496149000712,851.8496149000712,851.8496149000712,851.8496149000712,851.8374563000398,NA,NA,NA,NA,NA,NA,NA,NA,NA,NA,045,001,2025-10-15_15h58.03.121,Study_5_PsychoPy_Experiment,2024.1.5,NA,2025-10-15 15h58.15.462192 +0100
Knowledge,Neg,TRUE,N,TB-K,TT_B,PsychoPyStudy5Stim/TT_B_1.png,Adam does NOT KNOW there is ONE cube,One,h,b,Y,-,N,0,132,132,80,851.8496149000712,NA,NA,NA,NA,NA,NA,NA,NA,NA,851.8378946000012,3.4309993498027e-4,851.9307657000609,852.316407400067,852.4165606000461,854.4164705000585,854.8164664000506,854.9188038000138,854.9188038000138,855.8697460000403,b,0,0.9352931999601424,NA,855.8704704000847,855.8829855000367,855.8829855000367,855.8829855000367,855.8829855000367,855.8711878000759,NA,NA,NA,NA,NA,NA,NA,NA,NA,NA,045,001,2025-10-15_15h58.03.121,Study_5_PsychoPy_Experiment,2024.1.5,NA,2025-10-15 15h58.15.462192 +0100
Knowledge,Reg,FALSE,N,FB-Ig,B_T,PsychoPyStudy5Stim/B_T_1.png,Adam KNOWS there are ZERO cubes,Zero,b,h,N,PropTrueNoKnow,Y,0,133,133,307,855.8829855000367,NA,NA,NA,NA,NA,NA,NA,NA,NA,855.8717207000591,4.163000266999e-4,855.9703636000631,856.3497655000538,856.4498642000835,858.4496909000445,858.8497243000893,858.9520425000228,858.9520425000228,862.0861369000049,b,1,3.1179581999313086,NA,862.0867132000858,862.0995624000207,862.0995624000207,862.0995624000207,862.0995624000207,862.0873452000087,NA,NA,NA,NA,NA,NA,NA,NA,NA,NA,045,001,2025-10-15_15h58.03.121,Study_5_PsychoPy_Experiment,2024.1.5,NA,2025-10-15 15h58.15.462192 +0100
Belief,Reg,FALSE,N,NB-TB-K,TT_NB,PsychoPyStudy5Stim/TT_NB_7.png,Adam THINKS there are ZERO cubes,Zero,b,h,N,PropFalse,N,0,134,134,187,862.0995624000207,NA,NA,NA,NA,NA,NA,NA,NA,NA,862.0877838000888,3.4259993117302e-4,862.1828519001137,862.5662554000737,862.6664108000696,864.6663937000558,865.0663475000765,865.1686774000991,865.1686774000991,865.9862180000637,b,1,0.8126314000692219,NA,865.9868509001099,865.9995366000803,865.9995366000803,865.9995366000803,865.9995366000803,865.9875254000071,NA,NA,NA,NA,NA,NA,NA,NA,NA,NA,045,001,2025-10-15_15h58.03.121,Study_5_PsychoPy_Experiment,2024.1.5,NA,2025-10-15 15h58.15.462192 +0100
Belief,Reg,TRUE,N,TB-K-B,DD_B,PsychoPyStudy5Stim/DD_B_7.png,Adam THINKS there are ZERO cubes,Zero,h,b,N,-,N,0,135,135,232,865.9995366000803,NA,NA,NA,NA,NA,NA,NA,NA,NA,865.9880184000358,3.8789992686361e-4,866.0758800000185,866.4496018000646,866.5497199000092,868.5497062000213,868.9497905001044,869.0520441000117,869.0520441000117,869.8188969000475,h,1,0.7619033999508247,NA,869.8191971000051,869.8328168001026,869.8328168001026,869.8328168001026,869.8328168001026,869.8195236000465,NA,NA,NA,NA,NA,NA,NA,NA,NA,NA,045,001,2025-10-15_15h58.03.121,Study_5_PsychoPy_Experiment,2024.1.5,NA,2025-10-15 15h58.15.462192 +0100
Belief,Neg,FALSE,N,TB-K,TT_B,PsychoPyStudy5Stim/TT_B_2.png,Adam does NOT THINK there are TWO cubes,Two,b,h,Y,PropFalse,N,0,136,136,97,869.8328168001026,NA,NA,NA,NA,NA,NA,NA,NA,NA,869.8197366000386,1.6959989443421e-4,869.9044443001039,870.2828067000955,870.3830721001141,872.3830695000943,872.783028600039,872.8854284000117,872.8854284000117,880.4028947000625,b,1,7.512967400019988,NA,880.4035057000583,880.4161617000354,880.4161617000354,880.4161617000354,880.4161617000354,880.4041413000086,NA,NA,NA,NA,NA,NA,NA,NA,NA,NA,045,001,2025-10-15_15h58.03.121,Study_5_PsychoPy_Experiment,2024.1.5,NA,2025-10-15 15h58.15.462192 +0100
Knowledge,Neg,FALSE,N,NB-TB-K,TT_NB,PsychoPyStudy5Stim/TT_NB_3.png,Adam does NOT KNOW there are TWO cubes,Two,b,h,Y,PropFalse,N,0,137,137,66,880.4161617000354,NA,NA,NA,NA,NA,NA,NA,NA,NA,880.4045840000035,3.4869997762143e-4,880.4969973000698,880.866110800067,880.966455200105,882.9664009000408,883.3662507000845,883.4685874000425,883.4685874000425,892.9366076000733,b,1,9.457922099973077,NA,892.9374701000052,892.9495671000332,892.9495671000332,892.9495671000332,892.9495671000332,892.9383877000073,NA,NA,NA,NA,NA,NA,NA,NA,NA,NA,045,001,2025-10-15_15h58.03.121,Study_5_PsychoPy_Experiment,2024.1.5,NA,2025-10-15 15h58.15.462192 +0100
Knowledge,Reg,TRUE,N,TB-K-B,DD_B,PsychoPyStudy5Stim/DD_B_5.png,Adam KNOWS there are ZERO cubes,Zero,h,b,N,-,N,0,138,138,219,892.9495671000332,NA,NA,NA,NA,NA,NA,NA,NA,NA,892.9390516000567,5.138999549672e-4,893.043657500064,893.4161419000011,893.5162669001147,895.5162835000083,895.9162453000899,896.0186211001128,896.0186211001128,896.5029234000249,h,1,0.4668120000278577,NA,896.5036142000463,896.516052500112,896.516052500112,896.516052500112,896.516052500112,896.504332600045,NA,NA,NA,NA,NA,NA,NA,NA,NA,NA,045,001,2025-10-15_15h58.03.121,Study_5_PsychoPy_Experiment,2024.1.5,NA,2025-10-15 15h58.15.462192 +0100
Knowledge,Neg,TRUE,N,NB-TB-K,T_NB,PsychoPyStudy5Stim/T_NB_4.png,Adam does NOT KNOW there are TWO cubes,Two,h,b,Y,-,N,0,139,139,35,896.516052500112,NA,NA,NA,NA,NA,NA,NA,NA,NA,896.5048338000197,3.8890005089342e-4,896.5879090001108,896.9661822000053,897.0663615000667,899.0663647000911,899.4662385000847,899.5686243000673,899.5686243000673,904.119197800057,b,0,4.541693200008012,NA,904.1197137000272,904.1327559000348,904.1327559000348,904.1327559000348,904.1327559000348,904.1202794000274,NA,NA,NA,NA,NA,NA,NA,NA,NA,NA,045,001,2025-10-15_15h58.03.121,Study_5_PsychoPy_Experiment,2024.1.5,NA,2025-10-15 15h58.15.462192 +0100
Belief,Reg,TRUE,N,TB-K-B,DD_B,PsychoPyStudy5Stim/DD_B_6.png,Adam THINKS there are ZERO cubes,Zero,h,b,N,-,N,0,140,140,231,904.1327559000348,NA,NA,NA,NA,NA,NA,NA,NA,NA,904.120663000038,2.9809994157403e-4,904.2139680000256,904.5994734000416,904.6995399000588,906.6995843000476,907.0995241000784,907.2018658000744,907.2018658000744,910.2191114000744,h,1,3.0119252000004053,NA,910.2195516000502,910.2327001000522,910.2327001000522,910.2327001000522,910.2327001000522,910.2200302000856,NA,NA,NA,NA,NA,NA,NA,NA,NA,NA,045,001,2025-10-15_15h58.03.121,Study_5_PsychoPy_Experiment,2024.1.5,NA,2025-10-15 15h58.15.462192 +0100
Knowledge,Neg,TRUE,Y,FB-Ig,D_B_T,PsychoPyStudy5Stim/D_B_T_8.png,Adam does NOT KNOW there is ONE cube,One,h,b,Y,-,N,0,141,141,15,910.2327001000522,NA,NA,NA,NA,NA,NA,NA,NA,NA,910.2203608000418,2.6300002355128e-4,910.313730700058,910.6828046001028,910.782758400077,912.7827205000212,913.182672200026,913.2854120000266,913.2854120000266,915.4689012001036,h,1,2.177074100007303,NA,915.4692067001016,915.4825619000476,915.4825619000476,915.4825619000476,915.4825619000476,915.4695366000524,NA,NA,NA,NA,NA,NA,NA,NA,NA,NA,045,001,2025-10-15_15h58.03.121,Study_5_PsychoPy_Experiment,2024.1.5,NA,2025-10-15 15h58.15.462192 +0100
Belief,Reg,FALSE,N,TB-K-B,TD_B,PsychoPyStudy5Stim/TD_B_1.png,Adam THINKS there are ZERO cubes,Zero,b,h,N,PropFalse,N,0,142,142,263,915.4825619000476,NA,NA,NA,NA,NA,NA,NA,NA,NA,915.4697554000886,1.7410004511475e-4,915.5578744000522,915.9325933000072,916.0328511000844,918.032984700054,918.4327930000144,918.5353458001046,918.5353458001046,920.2687564000952,b,1,1.717911700019613,NA,920.2690655000042,920.2825942001072,920.2825942001072,920.2825942001072,920.2825942001072,920.2694029000122,NA,NA,NA,NA,NA,NA,NA,NA,NA,NA,045,001,2025-10-15_15h58.03.121,Study_5_PsychoPy_Experiment,2024.1.5,NA,2025-10-15 15h58.15.462192 +0100
Knowledge,Neg,TRUE,N,TB-K,TT_B,PsychoPyStudy5Stim/TT_B_3.png,Adam does NOT KNOW there is ONE cube,One,h,b,Y,-,N,0,143,143,82,920.2825942001072,NA,NA,NA,NA,NA,NA,NA,NA,NA,920.2696199000349,1.7349992413073e-4,920.357626800076,920.7326088000556,920.8328630001052,922.8329317000462,923.232691600104,923.3352419000583,923.3352419000583,924.2522916001036,b,0,0.909922800026834,NA,924.25259560009,924.2660601000534,924.2660601000534,924.2660601000534,924.2660601000534,924.2529443000676,NA,NA,NA,NA,NA,NA,NA,NA,NA,NA,045,001,2025-10-15_15h58.03.121,Study_5_PsychoPy_Experiment,2024.1.5,NA,2025-10-15 15h58.15.462192 +0100
Knowledge,Reg,FALSE,N,TB-Ig,D_B,PsychoPyStudy5Stim/D_B_2.png,Adam KNOWS there are ZERO cubes,Zero,b,h,N,PropTrueNoKnow,Y,0,144,144,198,924.2660601000534,NA,NA,NA,NA,NA,NA,NA,NA,NA,924.2531781001016,1.7510005272924e-4,924.3407059001038,924.7158444001108,924.8160967000294,926.8159630000592,927.2164193000644,927.3186987000518,927.3186987000518,928.4520904000384,b,1,1.1183181999949738,NA,928.4524306000676,928.4659335000906,928.4659335000906,928.4659335000906,928.4659335000906,928.4528272000608,NA,NA,NA,NA,NA,NA,NA,NA,NA,NA,045,001,2025-10-15_15h58.03.121,Study_5_PsychoPy_Experiment,2024.1.5,NA,2025-10-15 15h58.15.462192 +0100
Knowledge,Reg,FALSE,N,FB-Ig,D_B_T,PsychoPyStudy5Stim/D_B_T_3.png,Adam KNOWS there are TWO cubes,Two,b,h,N,PropFalse,N,0,145,145,293,928.4659335000906,NA,NA,NA,NA,NA,NA,NA,NA,NA,928.4530668000224,1.8810003530234e-4,928.5478318000678,928.9325030000182,929.0326947000576,931.0328584000237,931.4327222000576,931.5351025001146,931.5351025001146,932.9686542000854,b,1,1.422785499948077,NA,932.96897850011,932.9826017000014,932.9826017000014,932.9826017000014,932.9826017000014,932.9693274000892,NA,NA,NA,NA,NA,NA,NA,NA,NA,NA,045,001,2025-10-15_15h58.03.121,Study_5_PsychoPy_Experiment,2024.1.5,NA,2025-10-15 15h58.15.462192 +0100
Reality,Reg,TRUE,N,TB-K-B,DD_B,PsychoPyStudy5Stim/DD_B_6.png,"In REALITY, there are ZERO cubes",Zero,h,b,N,-,N,0,146,146,237,932.9826017000014,NA,NA,NA,NA,NA,NA,NA,NA,NA,932.969558400102,1.8229999113827e-4,933.0616361000576,933.4325358000352,933.5326218000846,935.5326453000308,935.9326250000158,936.0352429000196,936.0352429000196,949.6353363000088,h,1,13.593817500048315,NA,949.6356601000298,949.649091700092,949.649091700092,949.649091700092,949.649091700092,949.636020700098,NA,NA,NA,NA,NA,NA,NA,NA,NA,NA,045,001,2025-10-15_15h58.03.121,Study_5_PsychoPy_Experiment,2024.1.5,NA,2025-10-15 15h58.15.462192 +0100
Reality,Reg,FALSE,N,NB-TB-K,T_NB,PsychoPyStudy5Stim/T_NB_7.png,"In REALITY, there are ZERO cubes",Zero,b,h,N,PropFalse,N,0,147,147,146,949.649091700092,NA,NA,NA,NA,NA,NA,NA,NA,NA,949.6362421000376,1.7739995382726e-4,949.731047600042,950.1157654001144,950.216159200063,952.2159179000882,952.6160737000172,952.718226200086,952.718226200086,953.4027778001036,b,1,0.6713771999347955,NA,953.4032619000644,953.4157954000402,953.4157954000402,953.4157954000402,953.4157954000402,953.403782300069,NA,NA,NA,NA,NA,NA,NA,NA,NA,NA,045,001,2025-10-15_15h58.03.121,Study_5_PsychoPy_Experiment,2024.1.5,NA,2025-10-15 15h58.15.462192 +0100
Knowledge,Neg,FALSE,N,TB-K,TD_B,PsychoPyStudy5Stim/TD_B_4.png,Adam does NOT KNOW there is ONE cube,One,b,h,Y,PropFalse,N,0,148,148,115,953.4157954000402,NA,NA,NA,NA,NA,NA,NA,NA,NA,953.404131700052,2.480000257492e-4,953.4928447999991,953.8656995000784,953.9659455000656,955.9658840000628,956.3660264000064,956.4682256000816,956.4682256000816,965.2026327000932,b,1,8.729328299988993,NA,965.2032748000928,965.215853300062,965.215853300062,965.215853300062,965.215853300062,965.2039392000296,NA,NA,NA,NA,NA,NA,NA,NA,NA,NA,045,001,2025-10-15_15h58.03.121,Study_5_PsychoPy_Experiment,2024.1.5,NA,2025-10-15 15h58.15.462192 +0100
Belief,Neg,FALSE,N,TB-K,TD_B,PsychoPyStudy5Stim/TD_B_5.png,Adam does NOT THINK there is ONE cube,One,b,h,Y,PropFalse,N,0,149,149,124,965.215853300062,NA,NA,NA,NA,NA,NA,NA,NA,NA,965.2044600000372,4.16100025177e-4,965.2994426001096,965.6823128000832,965.782496000058,967.7824768000282,968.1826471000676,968.2848599000135,968.2848599000135,984.1854456000729,b,1,15.897521600010805,NA,984.185964000062,984.1990849000867,984.1990849000867,984.1990849000867,984.1990849000867,984.1865058001132,NA,NA,NA,NA,NA,NA,NA,NA,NA,NA,045,001,2025-10-15_15h58.03.121,Study_5_PsychoPy_Experiment,2024.1.5,NA,2025-10-15 15h58.15.462192 +0100
Knowledge,Neg,FALSE,N,NB-TB-K,T_NB,PsychoPyStudy5Stim/T_NB_8.png,Adam does NOT KNOW there is ONE cube,One,b,h,Y,PropFalse,N,0,150,150,47,984.1990849000867,NA,NA,NA,NA,NA,NA,NA,NA,NA,984.1868984000756,3.1280005350708e-4,984.2770497000312,984.64897390001,984.7490772000748,986.7493644000496,987.149211400072,987.251495600096,987.251495600096,988.7857758000029,b,1,1.521696100011468,NA,988.7864746000852,988.7991424000356,988.7991424000356,988.7991424000356,988.7991424000356,988.7872113001068,NA,NA,NA,NA,NA,NA,NA,NA,NA,NA,045,001,2025-10-15_15h58.03.121,Study_5_PsychoPy_Experiment,2024.1.5,NA,2025-10-15 15h58.15.462192 +0100
Knowledge,Neg,TRUE,N,NB-TB-K,T_NB,PsychoPyStudy5Stim/T_NB_3.png,Adam does NOT KNOW there are TWO cubes,Two,h,b,Y,-,N,0,151,151,34,988.7991424000356,NA,NA,NA,NA,NA,NA,NA,NA,NA,988.7877267000732,4.0260003879666e-4,988.8841428000014,989.2655854000476,989.365739800036,991.365965200006,991.7659187000244,991.8682756000198,991.8682756000198,998.9859234000324,b,0,7.11367149988655,NA,998.9865645000244,998.9991137000034,998.9991137000034,998.9991137000034,998.9991137000034,998.9872653000056,NA,NA,NA,NA,NA,NA,NA,NA,NA,NA,045,001,2025-10-15_15h58.03.121,Study_5_PsychoPy_Experiment,2024.1.5,NA,2025-10-15 15h58.15.462192 +0100
Belief,Reg,TRUE,N,TB-K-B,TT_B,PsychoPyStudy5Stim/TT_B_5.png,Adam THINKS there are TWO cubes,Two,h,b,N,-,N,0,152,152,246,998.9991137000034,NA,NA,NA,NA,NA,NA,NA,NA,NA,998.9877960000886,4.2309996206313e-4,999.0848670001142,999.4655517000938,999.565901700058,1001.5659392001108,1001.96588230005,1002.0681388000958,1002.0681388000958,1008.2027232000836,b,0,6.130621399963275,NA,1008.2030552000506,1008.2156729000852,1008.2156729000852,1008.2156729000852,1008.2156729000852,1008.2033927000592,NA,NA,NA,NA,NA,NA,NA,NA,NA,NA,045,001,2025-10-15_15h58.03.121,Study_5_PsychoPy_Experiment,2024.1.5,NA,2025-10-15 15h58.15.462192 +0100
Knowledge,Reg,TRUE,N,NB-TB-K,D_NB,PsychoPyStudy5Stim/D_NB_1.png,Adam KNOWS there are ZERO cubes,Zero,h,b,N,-,N,0,153,153,128,1008.2156729000852,NA,NA,NA,NA,NA,NA,NA,NA,NA,1008.2036180000288,1.7929996829479e-4,1008.3126747000496,1008.6821889000712,1008.7823237000266,1010.782422200078,1011.1823536000448,1011.285101100104,1011.285101100104,1012.5349234000314,h,1,1.240141100017354,NA,1012.5352465000468,1012.5488507000264,1012.5488507000264,1012.5488507000264,1012.5488507000264,1012.5355742000976,NA,NA,NA,NA,NA,NA,NA,NA,NA,NA,045,001,2025-10-15_15h58.03.121,Study_5_PsychoPy_Experiment,2024.1.5,NA,2025-10-15 15h58.15.462192 +0100
Belief,Reg,FALSE,N,TB-K-B,DD_B,PsychoPyStudy5Stim/DD_B_3.png,Adam THINKS there is ONE cube,One,b,h,N,PropFalse,N,0,154,154,234,1012.5488507000264,NA,NA,NA,NA,NA,NA,NA,NA,NA,1012.5357959000394,1.7969997134059e-4,1012.6242543000262,1012.9989803000352,1013.0991829000412,1015.0991428000852,1015.4991754000076,1015.60147470003,1015.60147470003,1019.5350988000864,b,1,3.9240701999515295,NA,1019.5355394000652,1019.548964900081,1019.548964900081,1019.548964900081,1019.548964900081,1019.536010800046,NA,NA,NA,NA,NA,NA,NA,NA,NA,NA,045,001,2025-10-15_15h58.03.121,Study_5_PsychoPy_Experiment,2024.1.5,NA,2025-10-15 15h58.15.462192 +0100
Belief,Reg,FALSE,N,TB-K-B,TD_B,PsychoPyStudy5Stim/TD_B_8.png,Adam THINKS there are ZERO cubes,Zero,b,h,N,PropFalse,N,0,155,155,270,1019.548964900081,NA,NA,NA,NA,NA,NA,NA,NA,NA,1019.5363410999998,2.6300002355128e-4,1019.6377017000924,1020.0155204000184,1020.115618300042,1022.1158154000296,1022.515772300074,1022.6180397000862,1022.6180397000862,1023.8683605000842,b,1,1.2346686999080705,NA,1023.8686616000488,1023.8822934000054,1023.8822934000054,1023.8822934000054,1023.8822934000054,1023.8689816000406,NA,NA,NA,NA,NA,NA,NA,NA,NA,NA,045,001,2025-10-15_15h58.03.121,Study_5_PsychoPy_Experiment,2024.1.5,NA,2025-10-15 15h58.15.462192 +0100
Belief,Reg,FALSE,N,FB-Ig,T_B_T,PsychoPyStudy5Stim/T_B_T_6.png,Adam THINKS there are ZERO cubes,Zero,b,h,N,PropFalse,N,0,156,156,288,1023.8822934000054,NA,NA,NA,NA,NA,NA,NA,NA,NA,1023.8691917000106,1.6769999638199e-4,1023.952905400074,1024.3322303000605,1024.4322727000108,1026.4324170000618,1026.8323430001035,1026.9347969000228,1026.9347969000228,1029.102041000035,b,1,2.1584011000813916,NA,1029.1025467000436,1029.1156434000004,1029.1156434000004,1029.1156434000004,1029.1156434000004,1029.1031224000037,NA,NA,NA,NA,NA,NA,NA,NA,NA,NA,045,001,2025-10-15_15h58.03.121,Study_5_PsychoPy_Experiment,2024.1.5,NA,2025-10-15 15h58.15.462192 +0100
Knowledge,Reg,FALSE,N,TB-Ig,D_B,PsychoPyStudy5Stim/D_B_3.png,Adam KNOWS there are ZERO cubes,Zero,b,h,N,PropTrueNoKnow,Y,0,157,157,199,1029.1156434000004,NA,NA,NA,NA,NA,NA,NA,NA,NA,1029.10350070009,2.982000587508e-4,1029.191213500104,1029.565459100064,1029.6655798000284,1031.6668928000145,1032.065723400097,1032.1681736001046,1032.1681736001046,1033.635071100085,b,1,1.4531788000604138,NA,1033.635549700004,1033.648861500085,1033.648861500085,1033.648861500085,1033.648861500085,1033.636036500102,NA,NA,NA,NA,NA,NA,NA,NA,NA,NA,045,001,2025-10-15_15h58.03.121,Study_5_PsychoPy_Experiment,2024.1.5,NA,2025-10-15 15h58.15.462192 +0100
Knowledge,Neg,TRUE,N,NB-TB-K,T_NB,PsychoPyStudy5Stim/T_NB_1.png,Adam does NOT KNOW there are TWO cubes,Two,h,b,Y,-,N,0,158,158,32,1033.648861500085,NA,NA,NA,NA,NA,NA,NA,NA,NA,1033.6364028000971,2.9590004123747e-4,1033.7210640000412,1034.098797600018,1034.1989454000725,1036.1991543000331,1036.5989479001146,1036.701315900078,1036.701315900078,1053.4021065001143,b,0,16.69697080005426,NA,1053.402643700014,1053.4154588000383,1053.4154588000383,1053.4154588000383,1053.4154588000383,1053.403183900053,NA,NA,NA,NA,NA,NA,NA,NA,NA,NA,045,001,2025-10-15_15h58.03.121,Study_5_PsychoPy_Experiment,2024.1.5,NA,2025-10-15 15h58.15.462192 +0100
Knowledge,Neg,FALSE,N,TB-K,TD_B,PsychoPyStudy5Stim/TD_B_3.png,Adam does NOT KNOW there is ONE cube,One,b,h,Y,PropFalse,N,0,159,159,114,1053.4154588000383,NA,NA,NA,NA,NA,NA,NA,NA,NA,1053.403563400032,3.2059999648481e-4,1053.4967135000045,1053.882014800096,1053.982173299999,1055.982168400078,1056.382399000111,1056.4848159000976,1056.4848159000976,1064.5517997000134,b,1,8.065513800014742,NA,1064.552237200085,1064.5655383000849,1064.5655383000849,1064.5655383000849,1064.5655383000849,1064.5527168000117,NA,NA,NA,NA,NA,NA,NA,NA,NA,NA,045,001,2025-10-15_15h58.03.121,Study_5_PsychoPy_Experiment,2024.1.5,NA,2025-10-15 15h58.15.462192 +0100
Knowledge,Neg,FALSE,N,NB-TB-K,T_NB,PsychoPyStudy5Stim/T_NB_1.png,Adam does NOT KNOW there is ONE cube,One,b,h,Y,PropFalse,N,0,160,160,40,1064.5655383000849,NA,NA,NA,NA,NA,NA,NA,NA,NA,1064.5530437000562,2.5819998700171e-4,1064.6406524000922,1065.015336600016,1065.1154784000246,1067.1157507000023,1067.5156443000303,1067.618011200102,1067.618011200102,1068.2851892000765,b,1,0.6590731999604031,NA,1068.2856911000565,1068.2988205000293,1068.2988205000293,1068.2988205000293,1068.2988205000293,1068.2862434000708,NA,NA,NA,NA,NA,NA,NA,NA,NA,NA,045,001,2025-10-15_15h58.03.121,Study_5_PsychoPy_Experiment,2024.1.5,NA,2025-10-15 15h58.15.462192 +0100
Belief,Reg,TRUE,N,FB-Ig,B_T,PsychoPyStudy5Stim/B_T_4.png,Adam THINKS there are ZERO cubes,Zero,h,b,N,-,Y,0,161,161,315,1068.2988205000293,NA,NA,NA,NA,NA,NA,NA,NA,NA,1068.2866216000402,2.9639992862939e-4,1068.3812197000952,1068.7652986000758,1068.8654391000746,1070.865613300004,1071.2656665000832,1071.36792400002,1071.36792400002,1074.6348403000738,h,1,3.252941800048575,NA,1074.6351413000375,1074.6486246000277,1074.6486246000277,1074.6486246000277,1074.6486246000277,1074.6354740000097,NA,NA,NA,NA,NA,NA,NA,NA,NA,NA,045,001,2025-10-15_15h58.03.121,Study_5_PsychoPy_Experiment,2024.1.5,NA,2025-10-15 15h58.15.462192 +0100
Reality,Reg,TRUE,N,NB-TB-K,T_NB,PsychoPyStudy5Stim/T_NB_5.png,"In REALITY, there is ONE cube",One,h,b,N,-,N,0,162,162,144,1074.6486246000277,NA,NA,NA,NA,NA,NA,NA,NA,NA,1074.6356884000124,1.7359992489218e-4,1074.723116600071,1075.0986083000898,1075.1991081000306,1077.1989900000626,1077.5988546001026,1077.7011121000396,1077.7011121000396,1078.7191862000618,h,1,1.0162776000797749,NA,1078.7197461000178,1078.7321377000771,1078.7321377000771,1078.7321377000771,1078.7321377000771,1078.7203537001042,NA,NA,NA,NA,NA,NA,NA,NA,NA,NA,045,001,2025-10-15_15h58.03.121,Study_5_PsychoPy_Experiment,2024.1.5,NA,2025-10-15 15h58.15.462192 +0100
Belief,Neg,FALSE,N,NB-TB-K,TT_NB,PsychoPyStudy5Stim/TT_NB_2.png,Adam does NOT THINK there are TWO cubes,Two,b,h,Y,PropFalse,N,0,163,163,73,1078.7321377000771,NA,NA,NA,NA,NA,NA,NA,NA,NA,1078.7207865000237,3.4240004606544e-4,1078.811708400026,1079.1819281000644,1079.2820906001143,1081.2822292000055,1081.6822744000235,1081.7846536000725,1081.7846536000725,1082.918527700007,b,1,1.1176741999806836,NA,1082.919021100039,1082.932082500076,1082.932082500076,1082.932082500076,1082.932082500076,1082.9196101000998,NA,NA,NA,NA,NA,NA,NA,NA,NA,NA,045,001,2025-10-15_15h58.03.121,Study_5_PsychoPy_Experiment,2024.1.5,NA,2025-10-15 15h58.15.462192 +0100
Knowledge,Reg,TRUE,N,NB-TB-K,D_NB,PsychoPyStudy5Stim/D_NB_3.png,Adam KNOWS there are ZERO cubes,Zero,h,b,N,-,N,0,164,164,130,1082.932082500076,NA,NA,NA,NA,NA,NA,NA,NA,NA,1082.919985900051,2.9620004352182e-4,1083.0259620000145,1083.3986619000789,1083.4987643000204,1085.498922900064,1085.8990481001092,1086.0013190000318,1086.0013190000318,1086.7020498000784,h,1,0.6842606000136584,NA,1086.7027120999992,1086.7154286000878,1086.7154286000878,1086.7154286000878,1086.7154286000878,1086.7033755000448,NA,NA,NA,NA,NA,NA,NA,NA,NA,NA,045,001,2025-10-15_15h58.03.121,Study_5_PsychoPy_Experiment,2024.1.5,NA,2025-10-15 15h58.15.462192 +0100
Belief,Reg,FALSE,N,TB-K-B,TD_B,PsychoPyStudy5Stim/TD_B_2.png,Adam THINKS there are ZERO cubes,Zero,b,h,N,PropFalse,N,0,165,165,264,1086.7154286000878,NA,NA,NA,NA,NA,NA,NA,NA,NA,1086.7038976000622,3.894999390468e-4,1086.7939603000414,1087.1651996000437,1087.2653610000852,1089.2655894000782,1089.6655918000033,1089.7681386000477,1089.7681386000477,1090.535374200088,b,1,0.7656543999910355,NA,1090.5358890000498,1090.5487125000218,1090.5487125000218,1090.5487125000218,1090.5487125000218,1090.5364200000186,NA,NA,NA,NA,NA,NA,NA,NA,NA,NA,045,001,2025-10-15_15h58.03.121,Study_5_PsychoPy_Experiment,2024.1.5,NA,2025-10-15 15h58.15.462192 +0100
Belief,Neg,FALSE,N,TB-K,TT_B,PsychoPyStudy5Stim/TT_B_6.png,Adam does NOT THINK there are TWO cubes,Two,b,h,Y,PropFalse,N,0,166,166,101,1090.5487125000218,NA,NA,NA,NA,NA,NA,NA,NA,NA,1090.5368280000985,3.2630003988742e-4,1090.629394800053,1090.9985583000816,1091.098720000009,1093.0988491000608,1093.4989328000229,1093.6012376000872,1093.6012376000872,1096.251925700111,b,1,2.635746999992989,NA,1096.252493800013,1096.2654107001144,1096.2654107001144,1096.2654107001144,1096.2654107001144,1096.253113300074,NA,NA,NA,NA,NA,NA,NA,NA,NA,NA,045,001,2025-10-15_15h58.03.121,Study_5_PsychoPy_Experiment,2024.1.5,NA,2025-10-15 15h58.15.462192 +0100
Belief,Reg,FALSE,N,NB-TB-K,TT_NB,PsychoPyStudy5Stim/TT_NB_5.png,Adam THINKS there are ZERO cubes,Zero,b,h,N,PropFalse,N,0,167,167,185,1096.2654107001144,NA,NA,NA,NA,NA,NA,NA,NA,NA,1096.2535494000183,3.4380005672574e-4,1096.3509097000351,1096.7318807000993,1096.832039300003,1098.8322912000583,1099.232171800104,1099.334379900014,1099.334379900014,1101.0682951000051,b,1,1.7188375999685377,NA,1101.0687546000115,1101.0843077000463,NA,1101.0843077000463,NA,1117.5840507000685,space,16.49698149994947,NA,NA,NA,NA,NA,NA,NA,NA,045,001,2025-10-15_15h58.03.121,Study_5_PsychoPy_Experiment,2024.1.5,NA,2025-10-15 15h58.15.462192 +0100
Belief,Reg,FALSE,N,FB-Ig,T_B_T,PsychoPyStudy5Stim/T_B_T_3.png,Adam THINKS there are ZERO cubes,Zero,b,h,N,PropFalse,N,0,168,168,285,1117.5987125000684,NA,NA,NA,NA,NA,NA,NA,NA,NA,1117.584952000063,4.2319996282458e-4,1117.6818416001042,1118.06511700002,1118.1652708000038,1120.1655989000574,1120.5654394000303,1120.6677890000865,1120.6677890000865,1124.4350540000014,b,1,3.761538199963979,NA,1124.435569200083,1124.4486316000111,1124.4486316000111,1124.4486316000111,1124.4486316000111,1124.4368260001063,NA,NA,NA,NA,NA,NA,NA,NA,NA,NA,045,001,2025-10-15_15h58.03.121,Study_5_PsychoPy_Experiment,2024.1.5,NA,2025-10-15 15h58.15.462192 +0100
Belief,Neg,TRUE,Y,FB-Ig,T_B_T,PsychoPyStudy5Stim/T_B_T_8.png,Adam does NOT THINK there are TWO cubes,Two,h,b,Y,-,N,0,169,169,23,1124.4486316000111,NA,NA,NA,NA,NA,NA,NA,NA,NA,1124.4372180000646,3.2510003075003e-4,1124.5259018000215,1124.8984645000892,1124.998588800081,1126.9986629000632,1127.3986218000064,1127.501741400105,1127.501741400105,1129.95233260002,h,1,2.438954300014302,NA,1129.953147400054,1129.9653396001086,1129.9653396001086,1129.9653396001086,1129.9653396001086,1129.9540421001147,NA,NA,NA,NA,NA,NA,NA,NA,NA,NA,045,001,2025-10-15_15h58.03.121,Study_5_PsychoPy_Experiment,2024.1.5,NA,2025-10-15 15h58.15.462192 +0100
Belief,Reg,FALSE,N,FB-Ig,D_B_T,PsychoPyStudy5Stim/D_B_T_2.png,Adam THINKS there are TWO cubes,Two,b,h,N,PropFalse,N,0,170,170,300,1129.9653396001086,NA,NA,NA,NA,NA,NA,NA,NA,NA,1129.9546923000598,5.1399995572865e-4,1130.0463555000024,1130.4154825001024,1130.5156310000457,1132.5153990000254,1132.9154277000343,1133.0176421001088,1133.0176421001088,1134.3684315000428,b,1,1.3472898000618443,NA,1134.3689189000288,1134.381893200101,1134.381893200101,1134.381893200101,1134.381893200101,1134.3694571000524,NA,NA,NA,NA,NA,NA,NA,NA,NA,NA,045,001,2025-10-15_15h58.03.121,Study_5_PsychoPy_Experiment,2024.1.5,NA,2025-10-15 15h58.15.462192 +0100
Belief,Reg,FALSE,N,FB-Ig,T_B_T,PsychoPyStudy5Stim/T_B_T_5.png,Adam THINKS there are ZERO cubes,Zero,b,h,N,PropFalse,N,0,171,171,287,1134.381893200101,NA,NA,NA,NA,NA,NA,NA,NA,NA,1134.3698329000035,2.982000587508e-4,1134.4611941000912,1134.8317445000866,1134.9318588000024,1136.9319994000252,1137.3319973000323,1137.4342648000456,1137.4342648000456,1140.0849941000342,b,1,2.6341139000141993,NA,1140.085620900034,1140.098547300091,1140.098547300091,1140.098547300091,1140.098547300091,1140.0862422001082,NA,NA,NA,NA,NA,NA,NA,NA,NA,NA,045,001,2025-10-15_15h58.03.121,Study_5_PsychoPy_Experiment,2024.1.5,NA,2025-10-15 15h58.15.462192 +0100
Belief,Reg,TRUE,N,NB-TB-K,DT_NB,PsychoPyStudy5Stim/TD_NB_2.png,Adam THINKS there is ONE cube,One,h,b,N,-,N,0,172,172,166,1140.098547300091,NA,NA,NA,NA,NA,NA,NA,NA,NA,1140.0866842000978,3.5089999437332e-4,1140.1705446001142,1140.5484293000773,1140.6485115000978,1142.6485025000293,1143.0484786001034,1143.1509693000698,1143.1509693000698,1148.318129500025,h,1,5.158562300028279,NA,1148.3185769000556,1148.3318487000652,1148.3318487000652,1148.3318487000652,1148.3318487000652,1148.3190685000736,NA,NA,NA,NA,NA,NA,NA,NA,NA,NA,045,001,2025-10-15_15h58.03.121,Study_5_PsychoPy_Experiment,2024.1.5,NA,2025-10-15 15h58.15.462192 +0100
Belief,Reg,TRUE,N,TB-K-B,TT_B,PsychoPyStudy5Stim/TT_B_8.png,Adam THINKS there are TWO cubes,Two,h,b,N,-,N,0,173,173,249,1148.3318487000652,NA,NA,NA,NA,NA,NA,NA,NA,NA,1148.319402800058,2.6499992236495e-4,1148.410170200048,1148.781679800013,1148.8819059000816,1150.8821049000835,1151.2819714000216,1151.3841784000397,1151.3841784000397,1153.4514811000554,h,1,2.052411900018342,NA,1153.451997700031,1153.4651794000529,1153.4651794000529,1153.4651794000529,1153.4651794000529,1153.4525421001017,NA,NA,NA,NA,NA,NA,NA,NA,NA,NA,045,001,2025-10-15_15h58.03.121,Study_5_PsychoPy_Experiment,2024.1.5,NA,2025-10-15 15h58.15.462192 +0100
Knowledge,Reg,TRUE,N,NB-TB-K,T_NB,PsychoPyStudy5Stim/T_NB_2.png,Adam KNOWS there is ONE cube,One,h,b,N,-,N,0,174,174,141,1153.4651794000529,NA,NA,NA,NA,NA,NA,NA,NA,NA,1153.452919800067,2.9810005798935e-4,1153.5439826000948,1153.9150111000054,1154.015223500086,1156.01536640001,1156.4153073000489,1156.5176126000006,1156.5176126000006,1162.7686941000866,h,1,6.247223499929532,NA,1162.7693739000242,1162.781842400087,1162.781842400087,1162.781842400087,1162.781842400087,1162.7700626000296,NA,NA,NA,NA,NA,NA,NA,NA,NA,NA,045,001,2025-10-15_15h58.03.121,Study_5_PsychoPy_Experiment,2024.1.5,NA,2025-10-15 15h58.15.462192 +0100
Knowledge,Reg,TRUE,N,NB-TB-K,D_NB,PsychoPyStudy5Stim/D_NB_8.png,Adam KNOWS there are ZERO cubes,Zero,h,b,N,-,N,0,175,175,135,1162.781842400087,NA,NA,NA,NA,NA,NA,NA,NA,NA,1162.7705870000646,4.1950005106627e-4,1162.8748207000317,1163.2484062000876,1163.3486584000057,1165.3486251001011,1165.748573500081,1165.8509876000462,1165.8509876000462,1173.017971000052,h,1,7.154037000029348,NA,1173.0184087000089,1173.031733000069,1173.031733000069,1173.031733000069,1173.031733000069,1173.018896200112,NA,NA,NA,NA,NA,NA,NA,NA,NA,NA,045,001,2025-10-15_15h58.03.121,Study_5_PsychoPy_Experiment,2024.1.5,NA,2025-10-15 15h58.15.462192 +0100
Belief,Neg,FALSE,N,TB-K,TD_B,PsychoPyStudy5Stim/TD_B_3.png,Adam does NOT THINK there is ONE cube,One,b,h,Y,PropFalse,N,0,176,176,122,1173.031733000069,NA,NA,NA,NA,NA,NA,NA,NA,NA,1173.0192280000774,2.6400003116577e-4,1173.1069965000495,1173.4816099000163,1173.5817442000844,1175.5819953000173,1175.9818864000265,1176.0843391000526,1176.0843391000526,1176.9348900000332,b,1,0.8488029999425635,NA,1176.9353900999995,1176.948437700048,1176.948437700048,1176.948437700048,1176.948437700048,1176.9359331000596,NA,NA,NA,NA,NA,NA,NA,NA,NA,NA,045,001,2025-10-15_15h58.03.121,Study_5_PsychoPy_Experiment,2024.1.5,NA,2025-10-15 15h58.15.462192 +0100
Knowledge,Reg,TRUE,N,TB-K-B,DD_B,PsychoPyStudy5Stim/DD_B_7.png,Adam KNOWS there are ZERO cubes,Zero,h,b,N,-,N,0,177,177,221,1176.948437700048,NA,NA,NA,NA,NA,NA,NA,NA,NA,1176.9363158000633,3.0049995984882e-4,1177.0289656000675,1177.3982305000536,1177.4984057000838,1179.4986618000548,1179.8986653001048,1180.0009667000268,1180.0009667000268,1181.8187155000633,h,1,1.8122289999155328,NA,1181.819426800008,1181.8319231000496,1181.8319231000496,1181.8319231000496,1181.8319231000496,1181.8201673000583,NA,NA,NA,NA,NA,NA,NA,NA,NA,NA,045,001,2025-10-15_15h58.03.121,Study_5_PsychoPy_Experiment,2024.1.5,NA,2025-10-15 15h58.15.462192 +0100
Belief,Neg,FALSE,N,NB-TB-K,T_NB,PsychoPyStudy5Stim/T_NB_5.png,Adam does NOT THINK there is ONE cube,One,b,h,Y,PropFalse,N,0,178,178,52,1181.8319231000496,NA,NA,NA,NA,NA,NA,NA,NA,NA,1181.8206971000182,4.1420001070946e-4,1181.9141378001077,1182.2984688000288,1182.398382400046,1184.3985550000798,1184.7983472000342,1184.900681200088,1184.900681200088,1186.5845651000272,b,1,1.6713833999820054,NA,1186.5848679000046,1186.598356600036,1186.598356600036,1186.598356600036,1186.598356600036,1186.5853166000452,NA,NA,NA,NA,NA,NA,NA,NA,NA,NA,045,001,2025-10-15_15h58.03.121,Study_5_PsychoPy_Experiment,2024.1.5,NA,2025-10-15 15h58.15.462192 +0100
Knowledge,Reg,TRUE,N,NB-TB-K,DD_NB,PsychoPyStudy5Stim/DD_NB_5.png,Adam KNOWS there are ZERO cubes,Zero,h,b,N,-,N,0,179,179,151,1186.598356600036,NA,NA,NA,NA,NA,NA,NA,NA,NA,1186.585533100064,1.7280003521591e-4,1186.6940900000045,1187.0651949000312,1187.1652245000005,1189.1650979000842,1189.565270400024,1189.6674973000772,1189.6674973000772,1190.3012206000276,h,1,0.6173173999413848,NA,1190.3016552000772,1190.3150072999997,1190.3150072999997,1190.3150072999997,1190.3150072999997,1190.302182700019,NA,NA,NA,NA,NA,NA,NA,NA,NA,NA,045,001,2025-10-15_15h58.03.121,Study_5_PsychoPy_Experiment,2024.1.5,NA,2025-10-15 15h58.15.462192 +0100
Reality,Reg,FALSE,N,TB-Ig,D_B,PsychoPyStudy5Stim/D_B_2.png,"In REALITY, there is ONE cube",One,b,h,N,-,N,0,180,180,204,1190.3150072999997,NA,NA,NA,NA,NA,NA,NA,NA,NA,1190.302512900089,2.6100000832229e-4,1190.388104200014,1190.7649737000463,1190.8652968000388,1192.8652304999996,1193.2651801001048,1193.3674794000108,1193.3674794000108,1194.3183655000755,b,1,0.9419187000021338,NA,1194.3190242000856,1194.3316994000925,1194.3316994000925,1194.3316994000925,1194.3316994000925,1194.3198656000895,NA,NA,NA,NA,NA,NA,NA,NA,NA,NA,045,001,2025-10-15_15h58.03.121,Study_5_PsychoPy_Experiment,2024.1.5,NA,2025-10-15 15h58.15.462192 +0100
Reality,Reg,TRUE,N,FB-Ig,B_TT,PsychoPyStudy5Stim/B_TT_1.png,"In REALITY, there are TWO cubes",Two,h,b,N,-,N,0,181,181,331,1194.3316994000925,NA,NA,NA,NA,NA,NA,NA,NA,NA,1194.3204400000395,4.3619994539767e-4,1194.4175232000416,1194.798186500091,1194.8983175000176,1196.8985834000632,1197.2984865000471,1197.400815000059,1197.400815000059,1198.5180619000455,h,1,1.100342100020498,NA,1198.5185178000247,1198.5316370000364,1198.5316370000364,1198.5316370000364,1198.5316370000364,1198.5190010000952,NA,NA,NA,NA,NA,NA,NA,NA,NA,NA,045,001,2025-10-15_15h58.03.121,Study_5_PsychoPy_Experiment,2024.1.5,NA,2025-10-15 15h58.15.462192 +0100
Reality,Reg,FALSE,N,NB-TB-K,D_NB,PsychoPyStudy5Stim/D_NB_8.png,"In REALITY, there are TWO cubes",Two,b,h,N,PropFalse,N,0,182,182,139,1198.5316370000364,NA,NA,NA,NA,NA,NA,NA,NA,NA,1198.5193580000196,2.8769997879862e-4,1198.6066284000408,1198.9815485000145,1199.0816291000228,1201.0818017000563,1201.4818175000837,1201.5840951000573,1201.5840951000573,1202.96794760006,b,1,1.3737115999683738,NA,1202.9684075000696,1202.9816387000028,1202.9816387000028,1202.9816387000028,1202.9816387000028,1202.968901400105,NA,NA,NA,NA,NA,NA,NA,NA,NA,NA,045,001,2025-10-15_15h58.03.121,Study_5_PsychoPy_Experiment,2024.1.5,NA,2025-10-15 15h58.15.462192 +0100
Belief,Reg,TRUE,N,NB-TB-K,T_NB,PsychoPyStudy5Stim/T_NB_3.png,Adam THINKS there is ONE cube,One,h,b,N,-,N,0,183,183,142,1202.9816387000028,NA,NA,NA,NA,NA,NA,NA,NA,NA,1202.9692480000667,2.7189997490495e-4,1203.058172600111,1203.4314829000505,1203.531697400031,1205.5316833000395,1205.9318233000813,1206.0340890000807,1206.0340890000807,1207.5512750000926,h,1,1.5067120000021532,NA,1207.5518166000256,1207.5649821000409,1207.5649821000409,1207.5649821000409,1207.5649821000409,1207.5523795000045,NA,NA,NA,NA,NA,NA,NA,NA,NA,NA,045,001,2025-10-15_15h58.03.121,Study_5_PsychoPy_Experiment,2024.1.5,NA,2025-10-15 15h58.15.462192 +0100
Knowledge,Reg,TRUE,N,TB-K-B,TT_B,PsychoPyStudy5Stim/TT_B_6.png,Adam KNOWS there are TWO cubes,Two,h,b,N,-,N,0,184,184,242,1207.5649821000409,NA,NA,NA,NA,NA,NA,NA,NA,NA,1207.5527991000563,3.3780001103878e-4,1207.6480887000216,1208.031740200007,1208.1318708000472,1210.1317608000245,1210.5317531001056,1210.6340408000397,1210.6340408000397,1212.351525300066,h,1,1.7069418000755832,NA,1212.3521162000252,1212.3649714000055,1212.3649714000055,1212.3649714000055,1212.3649714000055,1212.352736900095,NA,NA,NA,NA,NA,NA,NA,NA,NA,NA,045,001,2025-10-15_15h58.03.121,Study_5_PsychoPy_Experiment,2024.1.5,NA,2025-10-15 15h58.15.462192 +0100
Knowledge,Neg,FALSE,N,NB-TB-K,TT_NB,PsychoPyStudy5Stim/TT_NB_2.png,Adam does NOT KNOW there are TWO cubes,Two,b,h,Y,PropFalse,N,0,185,185,65,1212.3649714000055,NA,NA,NA,NA,NA,NA,NA,NA,NA,1212.3532009000191,3.4819997381418e-4,1212.444050900056,1212.814972500084,1212.915234400076,1214.9151260000654,1215.3151174000232,1215.4174536000935,1215.4174536000935,1222.3016466000115,b,1,6.867728800047189,NA,1222.3023208000232,1222.3149667000398,1222.3149667000398,1222.3149667000398,1222.3149667000398,1222.3030018000863,NA,NA,NA,NA,NA,NA,NA,NA,NA,NA,045,001,2025-10-15_15h58.03.121,Study_5_PsychoPy_Experiment,2024.1.5,NA,2025-10-15 15h58.15.462192 +0100
Knowledge,Neg,TRUE,Y,FB-Ig,D_B_T,PsychoPyStudy5Stim/D_B_T_1.png,Adam does NOT KNOW there is ONE cube,One,h,b,Y,-,N,0,186,186,8,1222.3149667000398,NA,NA,NA,NA,NA,NA,NA,NA,NA,1222.3035228000954,3.8870004937052e-4,1222.3995015000692,1222.7814281000756,1222.8815549000865,1224.8818882000633,1225.281768700108,1225.3843191000633,1225.3843191000633,1234.8678646000335,h,1,9.47646509995684,NA,1234.8683127000695,1234.881545000011,1234.881545000011,1234.881545000011,1234.881545000011,1234.8687996000515,NA,NA,NA,NA,NA,NA,NA,NA,NA,NA,045,001,2025-10-15_15h58.03.121,Study_5_PsychoPy_Experiment,2024.1.5,NA,2025-10-15 15h58.15.462192 +0100
Belief,Reg,TRUE,N,FB-Ig,B_TT,PsychoPyStudy5Stim/B_TT_4.png,Adam THINKS there are ZERO cubes,Zero,h,b,N,-,Y,0,187,187,329,1234.881545000011,NA,NA,NA,NA,NA,NA,NA,NA,NA,1234.8691346000414,2.644999185577e-4,1234.9582840000512,1235.3314018000383,1235.431532500079,1237.4318492000457,1237.831690000021,1237.934115500073,1237.934115500073,1239.151430100086,h,1,1.214663699967787,NA,1239.1519953000825,1239.164859600016,1239.164859600016,1239.164859600016,1239.164859600016,1239.1525719000492,NA,NA,NA,NA,NA,NA,NA,NA,NA,NA,045,001,2025-10-15_15h58.03.121,Study_5_PsychoPy_Experiment,2024.1.5,NA,2025-10-15 15h58.15.462192 +0100
Knowledge,Reg,TRUE,N,NB-TB-K,DD_NB,PsychoPyStudy5Stim/DD_NB_4.png,Adam KNOWS there are ZERO cubes,Zero,h,b,N,-,N,0,188,188,150,1239.164859600016,NA,NA,NA,NA,NA,NA,NA,NA,NA,1239.1530284000328,3.2750004902482e-4,1239.2412170000607,1239.614692100091,1239.71484530007,1241.715009800042,1242.1150148001034,1242.2173033000436,1242.2173033000436,1244.71744700009,h,1,2.4908934999257326,NA,1244.7177548001057,1244.7313305001007,1244.7313305001007,1244.7313305001007,1244.7313305001007,1244.718087000074,NA,NA,NA,NA,NA,NA,NA,NA,NA,NA,045,001,2025-10-15_15h58.03.121,Study_5_PsychoPy_Experiment,2024.1.5,NA,2025-10-15 15h58.15.462192 +0100
Belief,Neg,TRUE,N,NB-TB-K,TT_NB,PsychoPyStudy5Stim/TT_NB_1.png,Adam does NOT THINK there is ONE cube,One,h,b,Y,-,N,0,189,189,60,1244.7313305001007,NA,NA,NA,NA,NA,NA,NA,NA,NA,1244.718302900088,1.7300003673881e-4,1244.8027273000916,1245.181414400111,1245.2814797000028,1247.2816034000134,1247.681640700088,1247.7840823000297,1247.7840823000297,1250.7010540000629,h,1,2.9000515000661835,NA,1250.7015858000375,1250.7148559000343,1250.7148559000343,1250.7148559000343,1250.7148559000343,1250.7021149001084,NA,NA,NA,NA,NA,NA,NA,NA,NA,NA,045,001,2025-10-15_15h58.03.121,Study_5_PsychoPy_Experiment,2024.1.5,NA,2025-10-15 15h58.15.462192 +0100
Belief,Reg,TRUE,N,FB-Ig,B_T,PsychoPyStudy5Stim/B_T_1.png,Adam THINKS there are ZERO cubes,Zero,h,b,N,-,Y,0,190,190,312,1250.7148559000343,NA,NA,NA,NA,NA,NA,NA,NA,NA,1250.7025999000762,3.3190008252859e-4,1250.798320100061,1251.181511300034,1251.2816459001042,1253.2818041000282,1253.6816300000064,1253.783979800064,1253.783979800064,1255.2014862000942,h,1,1.4048836999572814,NA,1255.2021413000766,1255.2148501001066,1255.2148501001066,1255.2148501001066,1255.2148501001066,1255.202839100035,NA,NA,NA,NA,NA,NA,NA,NA,NA,NA,045,001,2025-10-15_15h58.03.121,Study_5_PsychoPy_Experiment,2024.1.5,NA,2025-10-15 15h58.15.462192 +0100
Belief,Neg,TRUE,Y,FB-Ig,D_B_T,PsychoPyStudy5Stim/D_B_T_8.png,Adam does NOT THINK there is ONE cube,One,h,b,Y,-,N,0,191,191,31,1255.2148501001066,NA,NA,NA,NA,NA,NA,NA,NA,NA,1255.2033347000834,3.89099936001e-4,1255.3055127001137,1255.6815413000295,1255.7815062000882,1257.7816020000027,1258.1816281001084,1258.2839127000188,1258.2839127000188,1260.5347356999991,h,1,2.2404287999961525,NA,1260.5353655000215,1260.548174399999,1260.548174399999,1260.548174399999,1260.548174399999,1260.5359758000122,NA,NA,NA,NA,NA,NA,NA,NA,NA,NA,045,001,2025-10-15_15h58.03.121,Study_5_PsychoPy_Experiment,2024.1.5,NA,2025-10-15 15h58.15.462192 +0100
Knowledge,Reg,FALSE,N,FB-Ig,D_B_T,PsychoPyStudy5Stim/D_B_T_5.png,Adam KNOWS there are TWO cubes,Two,b,h,N,PropFalse,N,0,192,192,295,1260.548174399999,NA,NA,NA,NA,NA,NA,NA,NA,NA,1260.5364441000856,3.7439994048327e-4,1260.624187800102,1260.9980096000943,1261.098117000074,1263.0983780000824,1263.4981982000172,1263.6009013000876,1263.6009013000876,1265.834379900014,b,1,2.227307799970731,NA,1265.8346928000683,1265.8480861000717,1265.8480861000717,1265.8480861000717,1265.8480861000717,1265.8350288000656,NA,NA,NA,NA,NA,NA,NA,NA,NA,NA,045,001,2025-10-15_15h58.03.121,Study_5_PsychoPy_Experiment,2024.1.5,NA,2025-10-15 15h58.15.462192 +0100
Knowledge,Reg,FALSE,N,FB-Ig,B_TT,PsychoPyStudy5Stim/B_TT_5.png,Adam KNOWS there are ZERO cubes,Zero,b,h,N,PropTrueNoKnow,Y,0,193,193,325,1265.8480861000717,NA,NA,NA,NA,NA,NA,NA,NA,NA,1265.8352546000388,1.8049997743219e-4,1265.9210696000373,1266.2980091000209,1266.3980990001,1268.3982202000916,1268.7982331000967,1268.900487100007,1268.900487100007,1274.2674262000946,b,1,5.351516800001264,NA,1274.2677245000375,1274.2812889000634,1274.2812889000634,1274.2812889000634,1274.2812889000634,1274.2680480000563,NA,NA,NA,NA,NA,NA,NA,NA,NA,NA,045,001,2025-10-15_15h58.03.121,Study_5_PsychoPy_Experiment,2024.1.5,NA,2025-10-15 15h58.15.462192 +0100
Knowledge,Neg,TRUE,N,TB-K,TT_B,PsychoPyStudy5Stim/TT_B_2.png,Adam does NOT KNOW there is ONE cube,One,h,b,Y,-,N,0,194,194,81,1274.2812889000634,NA,NA,NA,NA,NA,NA,NA,NA,NA,1274.268257000018,1.6679998952895e-4,1274.3677725000307,1274.7478914000094,1274.8481080000056,1276.848212000099,1277.2482240000973,1277.3504403000695,1277.3504403000695,1286.2341863000763,b,0,8.870004500029609,NA,1286.234625400044,1286.2479768000776,1286.2479768000776,1286.2479768000776,1286.2479768000776,1286.235107100103,NA,NA,NA,NA,NA,NA,NA,NA,NA,NA,045,001,2025-10-15_15h58.03.121,Study_5_PsychoPy_Experiment,2024.1.5,NA,2025-10-15 15h58.15.462192 +0100
Knowledge,Neg,FALSE,N,NB-TB-K,T_NB,PsychoPyStudy5Stim/T_NB_2.png,Adam does NOT KNOW there is ONE cube,One,b,h,Y,PropFalse,N,0,195,195,41,1286.2479768000776,NA,NA,NA,NA,NA,NA,NA,NA,NA,1286.2354410000844,2.6360002811998e-4,1286.3235354000935,1286.698106200085,1286.798272300046,1288.7982749000655,1289.1981540000995,1289.300432600081,1289.300432600081,1299.7180313999995,b,1,10.407952500041574,NA,1299.718706500018,1299.7313727000728,1299.7313727000728,1299.7313727000728,1299.7313727000728,1299.719413700048,NA,NA,NA,NA,NA,NA,NA,NA,NA,NA,045,001,2025-10-15_15h58.03.121,Study_5_PsychoPy_Experiment,2024.1.5,NA,2025-10-15 15h58.15.462192 +0100
Knowledge,Reg,TRUE,N,NB-TB-K,DD_NB,PsychoPyStudy5Stim/DD_NB_3.png,Adam KNOWS there are ZERO cubes,Zero,h,b,N,-,N,0,196,196,149,1299.7313727000728,NA,NA,NA,NA,NA,NA,NA,NA,NA,1299.7199051000644,3.852000227198e-4,1299.815982200089,1300.1980303000892,1300.2981327000307,1302.2981303000124,1302.698107500095,1302.8005058000565,1302.8005058000565,1303.8177624000236,h,1,1.0034971999702975,NA,1303.8182748000836,1303.831291600014,1303.831291600014,1303.831291600014,1303.831291600014,1303.8187987001147,NA,NA,NA,NA,NA,NA,NA,NA,NA,NA,045,001,2025-10-15_15h58.03.121,Study_5_PsychoPy_Experiment,2024.1.5,NA,2025-10-15 15h58.15.462192 +0100
Belief,Neg,FALSE,N,NB-TB-K,T_NB,PsychoPyStudy5Stim/T_NB_4.png,Adam does NOT THINK there is ONE cube,One,b,h,Y,PropFalse,N,0,197,197,51,1303.831291600014,NA,NA,NA,NA,NA,NA,NA,NA,NA,1303.8192008000333,3.0670000705868e-4,1303.9134319000875,1304.297951000044,1304.3982442000415,1306.398083300097,1306.798166200053,1306.9005384000484,1306.9005384000484,1321.701630900032,b,1,14.799412499996834,NA,1321.70232520008,1321.7146516001085,1321.7146516001085,1321.7146516001085,1321.7146516001085,1321.703051300021,NA,NA,NA,NA,NA,NA,NA,NA,NA,NA,045,001,2025-10-15_15h58.03.121,Study_5_PsychoPy_Experiment,2024.1.5,NA,2025-10-15 15h58.15.462192 +0100
Knowledge,Reg,TRUE,N,TB-K-B,DD_B,PsychoPyStudy5Stim/DD_B_2.png,Adam KNOWS there are ZERO cubes,Zero,h,b,N,-,N,0,198,198,216,1321.7146516001085,NA,NA,NA,NA,NA,NA,NA,NA,NA,1321.7035737000406,4.1109998710453e-4,1321.7918891001027,1322.1644285001094,1322.2645364000928,1324.2648424000945,1324.6646628000308,1324.7671229001137,1324.7671229001137,1325.651246500085,h,1,0.8771740000229329,NA,1325.6519054000964,1325.6645917000717,1325.6645917000717,1325.6645917000717,1325.6645917000717,1325.6526977000758,NA,NA,NA,NA,NA,NA,NA,NA,NA,NA,045,001,2025-10-15_15h58.03.121,Study_5_PsychoPy_Experiment,2024.1.5,NA,2025-10-15 15h58.15.462192 +0100
Reality,Reg,TRUE,N,TB-K-B,TT_B,PsychoPyStudy5Stim/TT_B_3.png,"In REALITY, there are TWO cubes",Two,h,b,N,-,N,0,199,199,251,1325.6645917000717,NA,NA,NA,NA,NA,NA,NA,NA,NA,1325.653248100076,4.3900008313357e-4,1325.748277200037,1326.131098400103,1326.2311927000992,1328.2313188000116,1328.631368600065,1328.7336243001046,1328.7336243001046,1329.784180200077,h,1,1.0462249999400228,NA,1329.784588300041,1329.7978528001113,1329.7978528001113,1329.7978528001113,1329.7978528001113,1329.7850508000702,NA,NA,NA,NA,NA,NA,NA,NA,NA,NA,045,001,2025-10-15_15h58.03.121,Study_5_PsychoPy_Experiment,2024.1.5,NA,2025-10-15 15h58.15.462192 +0100
Reality,Reg,FALSE,N,TB-K-B,TD_B,PsychoPyStudy5Stim/TD_B_8.png,"In REALITY, there are TWO cubes",Two,b,h,N,PropFalse,N,0,200,200,274,1329.7978528001113,NA,NA,NA,NA,NA,NA,NA,NA,NA,1329.785359700094,2.4379999376833e-4,1329.8731444000732,1330.2477038000943,1330.3478274000809,1332.3480542000616,1332.74802430009,1332.850424800068,1332.850424800068,1333.9675955000566,b,1,1.1061119999503717,NA,1333.9680958000245,1333.9812103000004,1333.9812103000004,1333.9812103000004,1333.9812103000004,1333.9686252000974,NA,NA,NA,NA,NA,NA,NA,NA,NA,NA,045,001,2025-10-15_15h58.03.121,Study_5_PsychoPy_Experiment,2024.1.5,NA,2025-10-15 15h58.15.462192 +0100
Belief,Neg,FALSE,N,NB-TB-K,TT_NB,PsychoPyStudy5Stim/TT_NB_3.png,Adam does NOT THINK there are TWO cubes,Two,b,h,Y,PropFalse,N,0,201,201,74,1333.9812103000004,NA,NA,NA,NA,NA,NA,NA,NA,NA,1333.9690044000745,2.982000587508e-4,1334.053617700003,1334.4310380000388,1334.5311784000369,1336.5313215000788,1336.9313046000898,1337.0338016001042,1337.0338016001042,1353.300979800057,h,0,16.25898780010175,NA,1353.3015503000934,1353.3145122000717,1353.3145122000717,1353.3145122000717,1353.3145122000717,1353.3021661000091,NA,NA,NA,NA,NA,NA,NA,NA,NA,NA,045,001,2025-10-15_15h58.03.121,Study_5_PsychoPy_Experiment,2024.1.5,NA,2025-10-15 15h58.15.462192 +0100
Belief,Neg,FALSE,N,NB-TB-K,T_NB,PsychoPyStudy5Stim/T_NB_7.png,Adam does NOT THINK there is ONE cube,One,b,h,Y,PropFalse,N,0,202,202,54,1353.3145122000717,NA,NA,NA,NA,NA,NA,NA,NA,NA,1353.3026002000552,3.42300045304e-4,1353.3892678000266,1353.7642919000937,1353.8644364000063,1355.8646570000565,1356.2645982000977,1356.3669882001122,1356.3669882001122,1361.1508982001103,b,1,4.773282299982384,NA,1361.1515072000911,1361.1644904999994,1361.1644904999994,1361.1644904999994,1361.1644904999994,1361.152116500074,NA,NA,NA,NA,NA,NA,NA,NA,NA,NA,045,001,2025-10-15_15h58.03.121,Study_5_PsychoPy_Experiment,2024.1.5,NA,2025-10-15 15h58.15.462192 +0100
Belief,Reg,FALSE,N,FB-Ig,T_B_T,PsychoPyStudy5Stim/T_B_T_2.png,Adam THINKS there are ZERO cubes,Zero,b,h,N,PropFalse,N,0,203,203,284,1361.1644904999994,NA,NA,NA,NA,NA,NA,NA,NA,NA,1361.1525870000478,3.5340001340955e-4,1361.247226800071,1361.6309460001066,1361.731058400008,1363.7313418000704,1364.1312670001062,1364.2335999000352,1364.2335999000352,1365.7338247000007,b,1,1.490196399972774,NA,1365.7341275000945,1365.7476224000566,1365.7476224000566,1365.7476224000566,1365.7476224000566,1365.7344512001146,NA,NA,NA,NA,NA,NA,NA,NA,NA,NA,045,001,2025-10-15_15h58.03.121,Study_5_PsychoPy_Experiment,2024.1.5,NA,2025-10-15 15h58.15.462192 +0100
Knowledge,Neg,TRUE,Y,FB-Ig,D_B_T,PsychoPyStudy5Stim/D_B_T_3.png,Adam does NOT KNOW there is ONE cube,One,h,b,Y,-,N,0,204,204,10,1365.7476224000566,NA,NA,NA,NA,NA,NA,NA,NA,NA,1365.7346647001104,1.7040001694113e-4,1365.8234964000294,1366.1977358000586,1366.2979057000484,1368.2979577000951,1368.6979415001117,1368.8003523000516,1368.8003523000516,1377.383972000098,h,1,8.579955699970014,NA,1377.384286500048,1377.397627600003,1377.397627600003,1377.397627600003,1377.397627600003,1377.3846129000883,NA,NA,NA,NA,NA,NA,NA,NA,NA,NA,045,001,2025-10-15_15h58.03.121,Study_5_PsychoPy_Experiment,2024.1.5,NA,2025-10-15 15h58.15.462192 +0100
Knowledge,Neg,TRUE,Y,FB-Ig,D_B_T,PsychoPyStudy5Stim/D_B_T_6.png,Adam does NOT KNOW there is ONE cube,One,h,b,Y,-,N,0,205,205,13,1377.397627600003,NA,NA,NA,NA,NA,NA,NA,NA,NA,1377.3848483000183,1.736000413075e-4,1377.4704799000174,1377.847567100078,1377.9477836000733,1379.9478460000828,1380.347752300091,1380.4501786000328,1380.4501786000328,1387.9840614000568,h,1,7.530485299997963,NA,1387.9844990000129,1387.9976675000507,1387.9976675000507,1387.9976675000507,1387.9976675000507,1387.9849726000102,NA,NA,NA,NA,NA,NA,NA,NA,NA,NA,045,001,2025-10-15_15h58.03.121,Study_5_PsychoPy_Experiment,2024.1.5,NA,2025-10-15 15h58.15.462192 +0100
Reality,Reg,FALSE,N,NB-TB-K,D_NB,PsychoPyStudy5Stim/D_NB_6.png,"In REALITY, there is ONE cube",One,b,h,N,PropFalse,N,0,206,206,138,1387.9976675000507,NA,NA,NA,NA,NA,NA,NA,NA,NA,1387.9853055001004,2.6360002811998e-4,1388.07672240003,1388.447885600035,1388.5477748000994,1390.547898100107,1390.9477527000709,1391.0500929000557,1391.0500929000557,1391.7334973000688,b,1,0.6744172000326216,NA,1391.7338085001102,1391.747637100052,1391.747637100052,1391.747637100052,1391.747637100052,1391.7341315000083,NA,NA,NA,NA,NA,NA,NA,NA,NA,NA,045,001,2025-10-15_15h58.03.121,Study_5_PsychoPy_Experiment,2024.1.5,NA,2025-10-15 15h58.15.462192 +0100
Reality,Reg,FALSE,N,TB-Ig,D_B,PsychoPyStudy5Stim/D_B_D_2.png,"In REALITY, there is ONE cube",One,b,h,N,NA,N,0,207,207,213,1391.747637100052,NA,NA,NA,NA,NA,NA,NA,NA,NA,1391.7343549000798,1.8009997438639e-4,1391.8237783000804,1392.197739400086,1392.2977696000598,1394.2978724000277,1394.697790700011,1394.8001745000947,1394.8001745000947,1396.2508845000991,b,1,1.4352268000366166,NA,1396.2514780000784,1396.2643082001014,1396.2643082001014,1396.2643082001014,1396.2643082001014,1396.252090900089,NA,NA,NA,NA,NA,NA,NA,NA,NA,NA,045,001,2025-10-15_15h58.03.121,Study_5_PsychoPy_Experiment,2024.1.5,NA,2025-10-15 15h58.15.462192 +0100
Knowledge,Reg,FALSE,N,FB-Ig,B_TT,PsychoPyStudy5Stim/B_TT_4.png,Adam KNOWS there are ZERO cubes,Zero,b,h,N,PropTrueNoKnow,Y,0,208,208,324,1396.2643082001014,NA,NA,NA,NA,NA,NA,NA,NA,NA,1396.2525849000083,4.0150003042072e-4,1396.3512838000895,1396.7308927000267,1396.8311810001032,1398.8311192000983,1399.231073300005,1399.3333755000494,1399.3333755000494,1402.1342691000318,b,1,2.790754200075753,NA,1402.1348927000072,1402.147680700058,1402.147680700058,1402.147680700058,1402.147680700058,1402.1355689000338,NA,NA,NA,NA,NA,NA,NA,NA,NA,NA,045,001,2025-10-15_15h58.03.121,Study_5_PsychoPy_Experiment,2024.1.5,NA,2025-10-15 15h58.15.462192 +0100
Belief,Neg,TRUE,Y,FB-Ig,D_B_T,PsychoPyStudy5Stim/D_B_T_1.png,Adam does NOT THINK there is ONE cube,One,h,b,Y,-,N,0,209,209,24,1402.147680700058,NA,NA,NA,NA,NA,NA,NA,NA,NA,1402.136054200004,3.8159999530762e-4,1402.225703400094,1402.5976941001136,1402.6978864000412,1404.697799500078,1405.0978649000172,1405.2002024000976,1405.2002024000976,1421.167620900087,h,1,15.955620900029317,NA,1421.1682810001075,1421.1808977000182,1421.1808977000182,1421.1808977000182,1421.1808977000182,1421.1690251000691,NA,NA,NA,NA,NA,NA,NA,NA,NA,NA,045,001,2025-10-15_15h58.03.121,Study_5_PsychoPy_Experiment,2024.1.5,NA,2025-10-15 15h58.15.462192 +0100
Belief,Neg,TRUE,N,TB-K,TT_B,PsychoPyStudy5Stim/TT_B_1.png,Adam does NOT THINK there is ONE cube,One,h,b,Y,-,N,0,210,210,84,1421.1808977000182,NA,NA,NA,NA,NA,NA,NA,NA,NA,1421.1695451000703,4.1149999015033e-4,1421.2665057000704,1421.647738300031,1421.7478604000062,1423.7478614000138,1424.1476960000582,1424.2498471,1424.2498471,1446.900282400078,h,1,22.63386459997855,NA,1446.900681600091,1446.9140832000412,1446.9140832000412,1446.9140832000412,1446.9140832000412,1446.9011074000737,NA,NA,NA,NA,NA,NA,NA,NA,NA,NA,045,001,2025-10-15_15h58.03.121,Study_5_PsychoPy_Experiment,2024.1.5,NA,2025-10-15 15h58.15.462192 +0100
Belief,Neg,FALSE,N,NB-TB-K,T_NB,PsychoPyStudy5Stim/T_NB_6.png,Adam does NOT THINK there is ONE cube,One,b,h,Y,PropFalse,N,0,211,211,53,1446.9140832000412,NA,NA,NA,NA,NA,NA,NA,NA,NA,1446.9014026001096,2.3519992828369e-4,1446.9892586000497,1447.364189800108,1447.4643311001128,1449.4643313999986,1449.8642310000723,1449.966680900077,1449.966680900077,1452.4338022000156,b,1,2.4609910999424756,NA,1452.4341612000717,1452.4474212001078,1452.4474212001078,1452.4474212001078,1452.4474212001078,1452.4345550000437,NA,NA,NA,NA,NA,NA,NA,NA,NA,NA,045,001,2025-10-15_15h58.03.121,Study_5_PsychoPy_Experiment,2024.1.5,NA,2025-10-15 15h58.15.462192 +0100
Reality,Reg,TRUE,N,FB-Ig,B_TT,PsychoPyStudy5Stim/B_TT_3.png,"In REALITY, there are TWO cubes",Two,h,b,N,-,N,0,212,212,333,1452.4474212001078,NA,NA,NA,NA,NA,NA,NA,NA,NA,1452.4348196000792,2.0900007802993e-4,1452.5247003000695,1452.8975128000602,1452.9977278000442,1454.9976744001033,1455.397587500047,1455.4998793000125,1455.4998793000125,1456.384034500108,h,1,0.8804725999943912,NA,1456.384526800015,1456.3974321000278,1456.3974321000278,1456.3974321000278,1456.3974321000278,1456.3850646000355,NA,NA,NA,NA,NA,NA,NA,NA,NA,NA,045,001,2025-10-15_15h58.03.121,Study_5_PsychoPy_Experiment,2024.1.5,NA,2025-10-15 15h58.15.462192 +0100
Belief,Neg,TRUE,Y,FB-Ig,T_B_T,PsychoPyStudy5Stim/T_B_T_7.png,Adam does NOT THINK there are TWO cubes,Two,h,b,Y,-,N,0,213,213,22,1456.3974321000278,NA,NA,NA,NA,NA,NA,NA,NA,NA,1456.3854420999996,2.9790005646646e-4,1456.478589000064,1456.8641346000368,1456.9642872000113,1458.964346300112,1459.3642644000938,1459.46655630006,1459.46655630006,1462.7832700000145,h,1,3.305239300010726,NA,1462.7835652000504,1462.797381900018,1462.797381900018,1462.797381900018,1462.797381900018,1462.7838833000278,NA,NA,NA,NA,NA,NA,NA,NA,NA,NA,045,001,2025-10-15_15h58.03.121,Study_5_PsychoPy_Experiment,2024.1.5,NA,2025-10-15 15h58.15.462192 +0100
Belief,Reg,FALSE,N,NB-TB-K,TT_NB,PsychoPyStudy5Stim/TT_NB_3.png,Adam THINKS there are ZERO cubes,Zero,b,h,N,PropFalse,N,0,214,214,183,1462.797381900018,NA,NA,NA,NA,NA,NA,NA,NA,NA,1462.7840932001127,1.6850000247359e-4,1462.867668800056,1463.247346600052,1463.3476776001044,1465.3473655000562,1465.7475279000355,1465.8499138000188,1465.8499138000188,1469.9005426000804,b,1,4.03398039995227,NA,1469.9009737001031,1469.9139778000535,1469.9139778000535,1469.9139778000535,1469.9139778000535,1469.9014394000403,NA,NA,NA,NA,NA,NA,NA,NA,NA,NA,045,001,2025-10-15_15h58.03.121,Study_5_PsychoPy_Experiment,2024.1.5,NA,2025-10-15 15h58.15.462192 +0100
Belief,Reg,TRUE,N,NB-TB-K,TT_NB,PsychoPyStudy5Stim/TT_NB_6.png,Adam THINKS there are TWO cubes,Two,h,b,N,-,N,0,215,215,178,1469.9139778000535,NA,NA,NA,NA,NA,NA,NA,NA,NA,1469.9017715000082,2.6420003268867e-4,1469.9860963000683,1470.364153200062,1470.464290700038,1472.4642370000947,1472.864148200024,1472.966758500086,1472.966758500086,1490.5000812000362,b,0,17.524723199894652,NA,1490.5003941000905,1490.5137928000186,1490.5137928000186,1490.5137928000186,1490.5137928000186,1490.5007039000047,NA,NA,NA,NA,NA,NA,NA,NA,NA,NA,045,001,2025-10-15_15h58.03.121,Study_5_PsychoPy_Experiment,2024.1.5,NA,2025-10-15 15h58.15.462192 +0100
Belief,Neg,FALSE,N,NB-TB-K,T_NB,PsychoPyStudy5Stim/T_NB_3.png,Adam does NOT THINK there is ONE cube,One,b,h,Y,PropFalse,N,0,216,216,50,1490.5137928000186,NA,NA,NA,NA,NA,NA,NA,NA,NA,1490.5009258000646,1.778999576345e-4,1490.593319900101,1490.9640622000445,1491.0641565000406,1493.0641623000847,1493.4641208000248,1493.5668838000856,1493.5668838000856,1496.683491300093,b,1,3.1090805999701843,NA,1496.6840043000411,1496.6972978000997,1496.6972978000997,1496.6972978000997,1496.6972978000997,1496.6845351000084,NA,NA,NA,NA,NA,NA,NA,NA,NA,NA,045,001,2025-10-15_15h58.03.121,Study_5_PsychoPy_Experiment,2024.1.5,NA,2025-10-15 15h58.15.462192 +0100
Belief,Neg,FALSE,N,TB-K,TT_B,PsychoPyStudy5Stim/TT_B_3.png,Adam does NOT THINK there are TWO cubes,Two,b,h,Y,PropFalse,N,0,217,217,98,1496.6972978000997,NA,NA,NA,NA,NA,NA,NA,NA,NA,1496.6849338000177,3.1999999191612e-4,1496.7802904000273,1497.1639999001054,1497.2640862000408,1499.2641609000275,1499.6641103000147,1499.7665521000745,1499.7665521000745,1508.8176712000277,b,1,9.04571139998734,NA,1508.8182607000929,1508.830615800107,1508.830615800107,1508.830615800107,1508.830615800107,1508.8188701000763,NA,NA,NA,NA,NA,NA,NA,NA,NA,NA,045,001,2025-10-15_15h58.03.121,Study_5_PsychoPy_Experiment,2024.1.5,NA,2025-10-15 15h58.15.462192 +0100
Belief,Reg,FALSE,N,FB-Ig,D_B_T,PsychoPyStudy5Stim/D_B_T_4.png,Adam THINKS there are TWO cubes,Two,b,h,N,PropFalse,N,0,218,218,302,1508.830615800107,NA,NA,NA,NA,NA,NA,NA,NA,NA,1508.819336900022,3.7480005994439e-4,1508.906696400023,1509.2805438000942,1509.3808069000952,1511.3808130000252,1511.780715300003,1511.883072100114,1511.883072100114,1519.0840563001111,b,1,7.184272499987856,NA,1519.084791100002,1519.097275700071,1519.097275700071,1519.097275700071,1519.097275700071,1519.0855559000047,NA,NA,NA,NA,NA,NA,NA,NA,NA,NA,045,001,2025-10-15_15h58.03.121,Study_5_PsychoPy_Experiment,2024.1.5,NA,2025-10-15 15h58.15.462192 +0100
Knowledge,Neg,FALSE,N,TB-K,TD_B,PsychoPyStudy5Stim/TD_B_6.png,Adam does NOT KNOW there is ONE cube,One,b,h,Y,PropFalse,N,0,219,219,117,1519.097275700071,NA,NA,NA,NA,NA,NA,NA,NA,NA,1519.086118300096,4.4309999793767e-4,1519.1868547000922,1519.5640008000191,1519.664149800083,1521.6640924001113,1522.0640342000406,1522.1663713000016,1522.1663713000016,1526.183827900095,b,1,4.014316199929453,NA,1526.184429200017,1526.1972169000655,1526.1972169000655,1526.1972169000655,1526.1972169000655,1526.1850410000188,NA,NA,NA,NA,NA,NA,NA,NA,NA,NA,045,001,2025-10-15_15h58.03.121,Study_5_PsychoPy_Experiment,2024.1.5,NA,2025-10-15 15h58.15.462192 +0100
Reality,Reg,FALSE,N,TB-K-B,DD_B,PsychoPyStudy5Stim/DD_B_8.png,"In REALITY, there is ONE cube",One,b,h,N,PropFalse,N,0,220,220,239,1526.1972169000655,NA,NA,NA,NA,NA,NA,NA,NA,NA,1526.185553700081,4.2099994607269e-4,1526.2811434000032,1526.6639642000664,1526.7640607000794,1528.76402230002,1529.1639497000724,1529.2661919000093,1529.2661919000093,1530.1340094000334,b,1,0.857129400013946,NA,1530.1346635000082,1530.1472172000213,1530.1472172000213,1530.1472172000213,1530.1472172000213,1530.1353779000929,NA,NA,NA,NA,NA,NA,NA,NA,NA,NA,045,001,2025-10-15_15h58.03.121,Study_5_PsychoPy_Experiment,2024.1.5,NA,2025-10-15 15h58.15.462192 +0100
Belief,Reg,FALSE,N,FB-Ig,T_B_T,PsychoPyStudy5Stim/T_B_T_4.png,Adam THINKS there are ZERO cubes,Zero,b,h,N,PropFalse,N,0,221,221,286,1530.1472172000213,NA,NA,NA,NA,NA,NA,NA,NA,NA,1530.135866900091,3.8550002500414e-4,1530.2329044000944,1530.6138995001093,1530.714073600015,1532.7141094000544,1533.1139898000984,1533.216172000044,1533.216172000044,1534.9667329000076,b,1,1.740091699990444,NA,1534.9672479000874,1534.9804967000382,1534.9804967000382,1534.9804967000382,1534.9804967000382,1534.9677750000264,NA,NA,NA,NA,NA,NA,NA,NA,NA,NA,045,001,2025-10-15_15h58.03.121,Study_5_PsychoPy_Experiment,2024.1.5,NA,2025-10-15 15h58.15.462192 +0100
Knowledge,Neg,TRUE,Y,FB-Ig,T_B_T,PsychoPyStudy5Stim/T_B_T_5.png,Adam does NOT KNOW there are TWO cubes,Two,h,b,Y,-,N,0,222,222,4,1534.9804967000382,NA,NA,NA,NA,NA,NA,NA,NA,NA,1534.968171800021,3.1999999191612e-4,1535.06349030009,1535.4472116000252,1535.5473793001147,1537.5473778001033,1537.9473294001073,1538.0496980000753,1538.0496980000753,1540.468412300106,h,1,2.4094526999397203,NA,1540.4696688000113,1540.4805711000226,1540.4805711000226,1540.4805711000226,1540.4805711000226,1540.4710451000135,NA,NA,NA,NA,NA,NA,NA,NA,NA,NA,045,001,2025-10-15_15h58.03.121,Study_5_PsychoPy_Experiment,2024.1.5,NA,2025-10-15 15h58.15.462192 +0100
Knowledge,Reg,TRUE,N,NB-TB-K,T_NB,PsychoPyStudy5Stim/T_NB_1.png,Adam KNOWS there is ONE cube,One,h,b,N,-,N,0,223,223,140,1540.4805711000226,NA,NA,NA,NA,NA,NA,NA,NA,NA,1540.4720582000446,8.0159993376582e-4,1540.562782200053,1540.9471373000415,1541.0473258000566,1543.0471713000445,1543.4472551000072,1543.5496743000112,1543.5496743000112,1545.183341399999,h,1,1.6302362999413162,NA,1545.1836378000444,1545.1969723000657,1545.1969723000657,1545.1969723000657,1545.1969723000657,1545.1839498000918,NA,NA,NA,NA,NA,NA,NA,NA,NA,NA,045,001,2025-10-15_15h58.03.121,Study_5_PsychoPy_Experiment,2024.1.5,NA,2025-10-15 15h58.15.462192 +0100
Belief,Neg,TRUE,N,TB-K,TT_B,PsychoPyStudy5Stim/TT_B_4.png,Adam does NOT THINK there is ONE cube,One,h,b,Y,-,N,0,224,224,87,1545.1969723000657,NA,NA,NA,NA,NA,NA,NA,NA,NA,1545.1841608000686,1.6940000932663e-4,1545.293089200044,1545.6638319001067,1545.763868000009,1547.7639118001098,1548.163957200013,1548.2663522000655,1548.2663522000655,1550.900448600063,b,0,2.624836300034076,NA,1550.9007685000545,1550.913601300097,1550.913601300097,1550.913601300097,1550.913601300097,1550.901115500019,NA,NA,NA,NA,NA,NA,NA,NA,NA,NA,045,001,2025-10-15_15h58.03.121,Study_5_PsychoPy_Experiment,2024.1.5,NA,2025-10-15 15h58.15.462192 +0100
Knowledge,Reg,FALSE,N,FB-Ig,T_B_T,PsychoPyStudy5Stim/T_B_T_1.png,Adam KNOWS there are ZERO cubes,Zero,b,h,N,PropFalse,N,0,225,225,275,1550.913601300097,NA,NA,NA,NA,NA,NA,NA,NA,NA,1550.9013499000575,1.8590001855045e-4,1550.994933500071,1551.3805232000304,1551.480554400012,1553.4806363000534,1553.8805731000612,1553.9831480000869,1553.9831480000869,1554.80037740001,b,1,0.8133158000418916,NA,1554.8009190000594,1554.8137540000023,1554.8137540000023,1554.8137540000023,1554.8137540000023,1554.8014684000518,NA,NA,NA,NA,NA,NA,NA,NA,NA,NA,045,001,2025-10-15_15h58.03.121,Study_5_PsychoPy_Experiment,2024.1.5,NA,2025-10-15 15h58.15.462192 +0100
Belief,Neg,TRUE,Y,FB-Ig,T_B_T,PsychoPyStudy5Stim/T_B_T_2.png,Adam does NOT THINK there are TWO cubes,Two,h,b,Y,-,N,0,226,226,17,1554.8137540000023,NA,NA,NA,NA,NA,NA,NA,NA,NA,1554.8018863000907,3.3430010080337e-4,1554.8921117000282,1555.263579600025,1555.3637777001131,1557.3639340000227,1557.763940300094,1557.8663191000232,1557.8663191000232,1560.5333137999987,h,1,2.6650174000533298,NA,1560.5336149000796,1560.5468982000602,1560.5468982000602,1560.5468982000602,1560.5468982000602,1560.5339414000046,NA,NA,NA,NA,NA,NA,NA,NA,NA,NA,045,001,2025-10-15_15h58.03.121,Study_5_PsychoPy_Experiment,2024.1.5,NA,2025-10-15 15h58.15.462192 +0100
Belief,Neg,FALSE,N,NB-TB-K,T_NB,PsychoPyStudy5Stim/T_NB_1.png,Adam does NOT THINK there is ONE cube,One,b,h,Y,PropFalse,N,0,227,227,48,1560.5468982000602,NA,NA,NA,NA,NA,NA,NA,NA,NA,1560.534165700083,1.8139998428523e-4,1560.6174882000778,1560.997159200022,1561.097392500029,1563.09724630008,1563.4971975000808,1563.5996052001135,1563.5996052001135,1565.783297300106,b,1,2.17227749992162,NA,1565.7838076000337,1565.7969909000676,1565.7969909000676,1565.7969909000676,1565.7969909000676,1565.7843401000137,NA,NA,NA,NA,NA,NA,NA,NA,NA,NA,045,001,2025-10-15_15h58.03.121,Study_5_PsychoPy_Experiment,2024.1.5,NA,2025-10-15 15h58.15.462192 +0100
Reality,Reg,FALSE,N,NB-TB-K,DT_NB,PsychoPyStudy5Stim/TD_NB_1.png,"In REALITY, there are ZERO cubes",Zero,b,h,N,PropFalse,N,0,228,228,169,1565.7969909000676,NA,NA,NA,NA,NA,NA,NA,NA,NA,1565.7847174000926,3.5320001188665e-4,1565.8761711000698,1566.2469219000775,1566.3470182000892,1568.3471740001114,1568.7471823000817,1568.8496273000492,1568.8496273000492,1569.5166564000538,b,1,0.657898599980399,NA,1569.5171021000715,1569.5303826000309,1569.5303826000309,1569.5303826000309,1569.5303826000309,1569.517589700059,NA,NA,NA,NA,NA,NA,NA,NA,NA,NA,045,001,2025-10-15_15h58.03.121,Study_5_PsychoPy_Experiment,2024.1.5,NA,2025-10-15 15h58.15.462192 +0100
Knowledge,Neg,FALSE,N,TB-K,TT_B,PsychoPyStudy5Stim/TT_B_8.png,Adam does NOT KNOW there are TWO cubes,Two,b,h,Y,PropFalse,N,0,229,229,95,1569.5303826000309,NA,NA,NA,NA,NA,NA,NA,NA,NA,1569.5179226000328,2.6150001212954e-4,1569.6098292000825,1569.980187500012,1570.0803867001086,1572.0805383000989,1572.4806030000327,1572.58293220005,1572.58293220005,1575.3828037000494,b,1,2.788427499937825,NA,1575.383134100004,1575.396941300016,1575.396941300016,1575.396941300016,1575.396941300016,1575.3834958000807,NA,NA,NA,NA,NA,NA,NA,NA,NA,NA,045,001,2025-10-15_15h58.03.121,Study_5_PsychoPy_Experiment,2024.1.5,NA,2025-10-15 15h58.15.462192 +0100
Knowledge,Reg,TRUE,N,NB-TB-K,DD_NB,PsychoPyStudy5Stim/DD_NB_7.png,Adam KNOWS there are ZERO cubes,Zero,h,b,N,-,N,0,230,230,153,1575.396941300016,NA,NA,NA,NA,NA,NA,NA,NA,NA,1575.3837361000478,1.9169994629919e-4,1575.4873811000723,1575.8635054000188,1575.9637391000288,1577.9638842000861,1578.3638553000055,1578.466199700022,1578.466199700022,1579.166689200094,h,1,0.6978651999961585,NA,1579.1671718000434,1579.1802477000747,1579.1802477000747,1579.1802477000747,1579.1802477000747,1579.1676673000911,NA,NA,NA,NA,NA,NA,NA,NA,NA,NA,045,001,2025-10-15_15h58.03.121,Study_5_PsychoPy_Experiment,2024.1.5,NA,2025-10-15 15h58.15.462192 +0100
Belief,Reg,TRUE,N,NB-TB-K,T_NB,PsychoPyStudy5Stim/T_NB_4.png,Adam THINKS there is ONE cube,One,h,b,N,-,N,0,231,231,143,1579.1802477000747,NA,NA,NA,NA,NA,NA,NA,NA,NA,1579.1680366001092,2.9660004656761e-4,1579.2588858000236,1579.6301974001108,1579.7303229001118,1581.7304053000407,1582.1304344000528,1582.232680200017,1582.232680200017,1601.716584000038,b,0,19.47494719992392,NA,1601.7170195000945,1601.7302757001016,1601.7302757001016,1601.7302757001016,1601.7302757001016,1601.7175093000988,NA,NA,NA,NA,NA,NA,NA,NA,NA,NA,045,001,2025-10-15_15h58.03.121,Study_5_PsychoPy_Experiment,2024.1.5,NA,2025-10-15 15h58.15.462192 +0100
Belief,Reg,TRUE,N,TB-K-B,DD_B,PsychoPyStudy5Stim/DD_B_5.png,Adam THINKS there are ZERO cubes,Zero,h,b,N,-,N,0,232,232,230,1601.7302757001016,NA,NA,NA,NA,NA,NA,NA,NA,NA,1601.7178429000778,2.6180001441389e-4,1601.8107164000394,1602.1801172000123,1602.2802025000565,1604.280440100003,1604.6801985000493,1604.7826215000823,1604.7826215000823,1610.8165004000766,b,0,6.021104599931277,NA,1610.8168938000454,1610.8302940001013,1610.8302940001013,1610.8302940001013,1610.8302940001013,1610.817336600041,NA,NA,NA,NA,NA,NA,NA,NA,NA,NA,045,001,2025-10-15_15h58.03.121,Study_5_PsychoPy_Experiment,2024.1.5,NA,2025-10-15 15h58.15.462192 +0100
Knowledge,Neg,FALSE,N,TB-K,TT_B,PsychoPyStudy5Stim/TT_B_6.png,Adam does NOT KNOW there are TWO cubes,Two,b,h,Y,PropFalse,N,0,233,233,93,1610.8302940001013,NA,NA,NA,NA,NA,NA,NA,NA,NA,1610.8176333000883,2.3599993437528e-4,1610.9096056000562,1611.2802096001103,1611.3802599000046,1613.3803003000794,1613.780182300019,1613.8828996000811,1613.8828996000811,1615.31651220005,b,1,1.432146399980411,NA,1615.3169883000664,1615.3301488000434,1615.3301488000434,1615.3301488000434,1615.3301488000434,1615.3174630000722,NA,NA,NA,NA,NA,NA,NA,NA,NA,NA,045,001,2025-10-15_15h58.03.121,Study_5_PsychoPy_Experiment,2024.1.5,NA,2025-10-15 15h58.15.462192 +0100
Knowledge,Reg,TRUE,N,NB-TB-K,D_NB,PsychoPyStudy5Stim/D_NB_4.png,Adam KNOWS there are ZERO cubes,Zero,h,b,N,-,N,0,234,234,131,1615.3301488000434,NA,NA,NA,NA,NA,NA,NA,NA,NA,1615.3178097000346,2.7790002059191e-4,1615.4041531000985,1615.7801404000493,1615.880465800059,1617.8804522000721,1618.2803783999989,1618.3827161000809,1618.3827161000809,1619.350433100015,h,1,0.9647563999751584,NA,1619.351107000024,1619.363559700083,1619.363559700083,1619.363559700083,1619.363559700083,1619.3518546000123,NA,NA,NA,NA,NA,NA,NA,NA,NA,NA,045,001,2025-10-15_15h58.03.121,Study_5_PsychoPy_Experiment,2024.1.5,NA,2025-10-15 15h58.15.462192 +0100
Knowledge,Neg,TRUE,Y,FB-Ig,T_B_T,PsychoPyStudy5Stim/T_B_T_1.png,Adam does NOT KNOW there are TWO cubes,Two,h,b,Y,-,N,0,235,235,0,1619.363559700083,NA,NA,NA,NA,NA,NA,NA,NA,NA,1619.3524041000055,4.386999644339e-4,1619.439517800114,1619.813550800085,1619.9137624000432,1621.9136407000478,1622.3136480000103,1622.4159362000646,1622.4159362000646,1625.1669632000849,h,1,2.7478820000542328,NA,1625.167601800058,1625.1802231000038,1625.1802231000038,1625.1802231000038,1625.1802231000038,1625.1682555000298,NA,NA,NA,NA,NA,NA,NA,NA,NA,NA,045,001,2025-10-15_15h58.03.121,Study_5_PsychoPy_Experiment,2024.1.5,NA,2025-10-15 15h58.15.462192 +0100
Belief,Neg,FALSE,N,NB-TB-K,TT_NB,PsychoPyStudy5Stim/TT_NB_8.png,Adam does NOT THINK there are TWO cubes,Two,b,h,Y,PropFalse,N,0,236,236,79,1625.1802231000038,NA,NA,NA,NA,NA,NA,NA,NA,NA,1625.1687526000896,3.9770000148564e-4,1625.2649078000104,1625.646963300067,1625.7470835000277,1627.7470430000683,1628.1470313000027,1628.2493686000817,1628.2493686000817,1648.9327872000868,b,1,20.66708759998437,NA,1648.933096300112,1648.9467057000147,1648.9467057000147,1648.9467057000147,1648.9467057000147,1648.9334313001018,NA,NA,NA,NA,NA,NA,NA,NA,NA,NA,045,001,2025-10-15_15h58.03.121,Study_5_PsychoPy_Experiment,2024.1.5,NA,2025-10-15 15h58.15.462192 +0100
Knowledge,Neg,FALSE,N,TB-K,TD_B,PsychoPyStudy5Stim/TD_B_2.png,Adam does NOT KNOW there is ONE cube,One,b,h,Y,PropFalse,N,0,237,237,113,1648.9467057000147,NA,NA,NA,NA,NA,NA,NA,NA,NA,1648.933655400062,1.7919996753335e-4,1649.023224500008,1649.396751900087,1649.4969055000693,1651.4970190000022,1651.8967491000658,1651.9990872000344,1651.9990872000344,1654.5334220000077,b,1,2.5324653999414295,NA,1654.533995600068,1654.5467529000016,1654.5467529000016,1654.5467529000016,1654.5467529000016,1654.534627300105,NA,NA,NA,NA,NA,NA,NA,NA,NA,NA,045,001,2025-10-15_15h58.03.121,Study_5_PsychoPy_Experiment,2024.1.5,NA,2025-10-15 15h58.15.462192 +0100
Knowledge,Reg,FALSE,N,FB-Ig,T_B_T,PsychoPyStudy5Stim/T_B_T_5.png,Adam KNOWS there are ZERO cubes,Zero,b,h,N,PropFalse,N,0,238,238,279,1654.5467529000016,NA,NA,NA,NA,NA,NA,NA,NA,NA,1654.5350643000563,3.4510006662458e-4,1654.6292938000988,1655.0133104000706,1655.1134889000095,1657.113638100098,1657.5136215001112,1657.6158855000976,1657.6158855000976,1660.1497218000004,b,1,2.531369199976325,NA,1660.1501732000615,1660.163352600066,1660.163352600066,1660.163352600066,1660.163352600066,1660.150684600114,NA,NA,NA,NA,NA,NA,NA,NA,NA,NA,045,001,2025-10-15_15h58.03.121,Study_5_PsychoPy_Experiment,2024.1.5,NA,2025-10-15 15h58.15.462192 +0100
Knowledge,Neg,TRUE,Y,FB-Ig,D_B_T,PsychoPyStudy5Stim/D_B_T_2.png,Adam does NOT KNOW there is ONE cube,One,h,b,Y,-,N,0,239,239,9,1660.163352600066,NA,NA,NA,NA,NA,NA,NA,NA,NA,1660.1510180000914,2.6380002964287e-4,1660.2456001000246,1660.6301426000427,1660.7302862000652,1662.7302244000605,1663.1301838000072,1663.2325051000807,1663.2325051000807,1671.0499719000654,h,1,7.809980000020005,NA,1671.0503045000369,1671.063613400096,1671.063613400096,1671.063613400096,1671.063613400096,1671.0507615000242,NA,NA,NA,NA,NA,NA,NA,NA,NA,NA,045,001,2025-10-15_15h58.03.121,Study_5_PsychoPy_Experiment,2024.1.5,NA,2025-10-15 15h58.15.462192 +0100
Belief,Neg,TRUE,Y,FB-Ig,T_B_T,PsychoPyStudy5Stim/T_B_T_3.png,Adam does NOT THINK there are TWO cubes,Two,h,b,Y,-,N,0,240,240,18,1671.063613400096,NA,NA,NA,NA,NA,NA,NA,NA,NA,1671.0510239000432,2.1570001263171e-4,1671.1583312000148,1671.5299646001076,1671.630159500055,1673.6303309000796,1674.0301515000174,1674.1325010000728,1674.1325010000728,1691.149363400065,h,1,17.014309799997136,NA,1691.149670300074,1691.1632504001027,1691.1632504001027,1691.1632504001027,1691.1632504001027,1691.1499895000595,NA,NA,NA,NA,NA,NA,NA,NA,NA,NA,045,001,2025-10-15_15h58.03.121,Study_5_PsychoPy_Experiment,2024.1.5,NA,2025-10-15 15h58.15.462192 +0100
Belief,Neg,TRUE,Y,FB-Ig,D_B_T,PsychoPyStudy5Stim/D_B_T_5.png,Adam does NOT THINK there is ONE cube,One,h,b,Y,-,N,0,241,241,28,1691.1632504001027,NA,NA,NA,NA,NA,NA,NA,NA,NA,1691.1502022000495,1.7069990281015e-4,1691.239941000007,1691.6133729000576,1691.7135202001082,1693.7133570000296,1694.1134117000038,1694.215786100016,1694.215786100016,1696.050092700054,h,1,1.8188731999835,NA,1696.0508060000138,1696.0633054000791,1696.0633054000791,1696.0633054000791,1696.0633054000791,1696.0515241000105,NA,NA,NA,NA,NA,NA,NA,NA,NA,NA,045,001,2025-10-15_15h58.03.121,Study_5_PsychoPy_Experiment,2024.1.5,NA,2025-10-15 15h58.15.462192 +0100
Belief,Reg,FALSE,N,FB-Ig,T_B_T,PsychoPyStudy5Stim/T_B_T_7.png,Adam THINKS there are ZERO cubes,Zero,b,h,N,PropFalse,N,0,242,242,289,1696.0633054000791,NA,NA,NA,NA,NA,NA,NA,NA,NA,1696.052085500094,4.1740003507584e-4,1696.140441800002,1696.5132297000382,1696.6132943000412,1698.6134518000763,1699.013419300085,1699.115794200101,1699.115794200101,1700.0668296000222,b,1,0.9437438999302684,NA,1700.067618100089,1700.0799888001056,1700.0799888001056,1700.0799888001056,1700.0799888001056,1700.06844120007,NA,NA,NA,NA,NA,NA,NA,NA,NA,NA,045,001,2025-10-15_15h58.03.121,Study_5_PsychoPy_Experiment,2024.1.5,NA,2025-10-15 15h58.15.462192 +0100
Reality,Reg,TRUE,N,NB-TB-K,DT_NB,PsychoPyStudy5Stim/TD_NB_1.png,"In REALITY, there is ONE cube",One,h,b,N,-,N,0,243,243,167,1700.0799888001056,NA,NA,NA,NA,NA,NA,NA,NA,NA,1700.069038100075,4.6799995470792e-4,1700.1530919000506,1700.5301295000827,1700.6301567000337,1702.630120600108,1703.03009330004,1703.132585000014,1703.132585000014,1703.7164321000455,h,1,0.5667060000123456,NA,1703.7170061001088,1703.729921600083,1703.729921600083,1703.729921600083,1703.729921600083,1703.717655000044,NA,NA,NA,NA,NA,NA,NA,NA,NA,NA,045,001,2025-10-15_15h58.03.121,Study_5_PsychoPy_Experiment,2024.1.5,NA,2025-10-15 15h58.15.462192 +0100
Belief,Reg,FALSE,N,FB-Ig,D_B_T,PsychoPyStudy5Stim/D_B_T_7.png,Adam THINKS there are TWO cubes,Two,b,h,N,PropFalse,N,0,244,244,305,1703.729921600083,NA,NA,NA,NA,NA,NA,NA,NA,NA,1703.7180987000463,3.5099999513477e-4,1703.8166377000744,1704.1966527000768,1704.2967546000143,1706.296624900075,1706.696634400054,1706.7990518000445,1706.7990518000445,1708.3164978000568,b,1,1.5156263000098988,NA,1708.3170638000593,1708.3298883000389,1708.3298883000389,1708.3298883000389,1708.3298883000389,1708.3176959000994,NA,NA,NA,NA,NA,NA,NA,NA,NA,NA,045,001,2025-10-15_15h58.03.121,Study_5_PsychoPy_Experiment,2024.1.5,NA,2025-10-15 15h58.15.462192 +0100
Belief,Neg,TRUE,Y,FB-Ig,T_B_T,PsychoPyStudy5Stim/T_B_T_6.png,Adam does NOT THINK there are TWO cubes,Two,h,b,Y,-,N,0,245,245,21,1708.3298883000389,NA,NA,NA,NA,NA,NA,NA,NA,NA,1708.3181273000082,3.4080003388226e-4,1708.406758200028,1708.7799539000262,1708.880017700023,1710.8799867000198,1711.280002100044,1711.3822821000358,1711.3822821000358,1714.0333546000766,h,1,2.636587099987082,NA,1714.0340162001085,1714.0465881000273,1714.0465881000273,1714.0465881000273,1714.0465881000273,1714.0347509999992,NA,NA,NA,NA,NA,NA,NA,NA,NA,NA,045,001,2025-10-15_15h58.03.121,Study_5_PsychoPy_Experiment,2024.1.5,NA,2025-10-15 15h58.15.462192 +0100
Knowledge,Reg,TRUE,N,TB-K-B,DD_B,PsychoPyStudy5Stim/DD_B_1.png,Adam KNOWS there are ZERO cubes,Zero,h,b,N,-,N,0,246,246,215,1714.0465881000273,NA,NA,NA,NA,NA,NA,NA,NA,NA,1714.035267200088,4.0630006697028e-4,1714.123815900064,1714.4965390000723,1714.5967090000631,1716.596748800017,1716.996618000092,1717.0992067001062,1717.0992067001062,1728.4996692000425,h,1,11.392214799998328,NA,1728.5002399000805,1728.513160200091,1728.513160200091,1728.513160200091,1728.513160200091,1728.5008901000256,NA,NA,NA,NA,NA,NA,NA,NA,NA,NA,045,001,2025-10-15_15h58.03.121,Study_5_PsychoPy_Experiment,2024.1.5,NA,2025-10-15 15h58.15.462192 +0100
Knowledge,Neg,TRUE,Y,FB-Ig,D_B_T,PsychoPyStudy5Stim/D_B_T_7.png,Adam does NOT KNOW there is ONE cube,One,h,b,Y,-,N,0,247,247,14,1728.513160200091,NA,NA,NA,NA,NA,NA,NA,NA,NA,1728.5013507000403,3.6790000740438e-4,1728.5942946000723,1728.9798459000883,1729.0798783000791,1731.0801008000271,1731.4799654000672,1731.582328800112,1731.582328800112,1734.949780200026,h,1,3.3655627000844106,NA,1734.950354800094,1734.9631520000985,1734.9631520000985,1734.9631520000985,1734.9631520000985,1734.9509683001088,NA,NA,NA,NA,NA,NA,NA,NA,NA,NA,045,001,2025-10-15_15h58.03.121,Study_5_PsychoPy_Experiment,2024.1.5,NA,2025-10-15 15h58.15.462192 +0100
Reality,Reg,TRUE,N,TB-K-B,TD_B,PsychoPyStudy5Stim/TD_B_2.png,"In REALITY, there is ONE cube",One,h,b,N,-,N,0,248,248,271,1734.9631520000985,NA,NA,NA,NA,NA,NA,NA,NA,NA,1734.951407500077,3.4669996239244e-4,1735.0464702000609,1735.4296587000135,1735.5297798000977,1737.5299472000916,1737.9299063000362,1738.0322060000617,1738.0322060000617,1738.983251400059,h,1,0.9384006999898702,NA,1738.983950200025,1738.9965008000145,1738.9965008000145,1738.9965008000145,1738.9965008000145,1738.9846823000116,NA,NA,NA,NA,NA,NA,NA,NA,NA,NA,045,001,2025-10-15_15h58.03.121,Study_5_PsychoPy_Experiment,2024.1.5,NA,2025-10-15 15h58.15.462192 +0100
Knowledge,Neg,FALSE,N,TB-K,TD_B,PsychoPyStudy5Stim/TD_B_8.png,Adam does NOT KNOW there is ONE cube,One,b,h,Y,PropFalse,N,0,249,249,119,1738.9965008000145,NA,NA,NA,NA,NA,NA,NA,NA,NA,1738.9852062000427,4.1340000461786e-4,1739.0707251999993,1739.4463601000607,1739.546727900044,1741.5466457000002,1741.9466004000278,1742.0488846000517,1742.0488846000517,1752.2500550000696,b,1,10.194600000046194,NA,1752.2507667000173,1752.2631303000962,1752.2631303000962,1752.2631303000962,1752.2631303000962,1752.251589899999,NA,NA,NA,NA,NA,NA,NA,NA,NA,NA,045,001,2025-10-15_15h58.03.121,Study_5_PsychoPy_Experiment,2024.1.5,NA,2025-10-15 15h58.15.462192 +0100
Belief,Neg,TRUE,N,TB-K,TD_B,PsychoPyStudy5Stim/TD_B_4.png,Adam does NOT THINK there are TWO cubes,Two,h,b,Y,-,N,0,250,250,111,1752.2631303000962,NA,NA,NA,NA,NA,NA,NA,NA,NA,1752.2521439000266,4.350000526756e-4,1752.350340600009,1752.7296627000906,1752.829726700089,1754.8299643000355,1755.2298840000294,1755.3323096000822,1755.3323096000822,1759.749110300094,b,0,4.406536600086838,NA,1759.74940770003,1759.7629552000435,1759.7629552000435,1759.7629552000435,1759.7629552000435,1759.749731900054,NA,NA,NA,NA,NA,NA,NA,NA,NA,NA,045,001,2025-10-15_15h58.03.121,Study_5_PsychoPy_Experiment,2024.1.5,NA,2025-10-15 15h58.15.462192 +0100
Knowledge,Neg,FALSE,N,TB-K,TD_B,PsychoPyStudy5Stim/TD_B_7.png,Adam does NOT KNOW there is ONE cube,One,b,h,Y,PropFalse,N,0,251,251,118,1759.7629552000435,NA,NA,NA,NA,NA,NA,NA,NA,NA,1759.7499438000375,1.703999005258e-4,1759.8363017000956,1760.213110200013,1760.3130929000909,1762.313140500104,1762.7131740000332,1762.8154255000409,1762.8154255000409,1776.699038500083,b,1,13.86756130005233,NA,1776.6994480000576,1776.713343200041,NA,1776.713343200041,NA,1777.6483921000035,space,0.9208210000069812,NA,NA,NA,NA,NA,NA,NA,NA,045,001,2025-10-15_15h58.03.121,Study_5_PsychoPy_Experiment,2024.1.5,NA,2025-10-15 15h58.15.462192 +0100
Knowledge,Reg,TRUE,N,NB-TB-K,DD_NB,PsychoPyStudy5Stim/DD_NB_6.png,Adam KNOWS there are ZERO cubes,Zero,h,b,N,-,N,0,252,252,152,1777.663000000059,NA,NA,NA,NA,NA,NA,NA,NA,NA,1777.649303500075,4.5589997898787e-4,1777.7373121000128,1778.1129546000157,1778.2131969000911,1780.2132041000295,1780.613033700036,1780.7153884000145,1780.7153884000145,1781.765973300091,h,1,1.0472963000647724,NA,1781.7664850000292,1781.779570000013,1781.779570000013,1781.779570000013,1781.779570000013,1781.7677791001042,NA,NA,NA,NA,NA,NA,NA,NA,NA,NA,045,001,2025-10-15_15h58.03.121,Study_5_PsychoPy_Experiment,2024.1.5,NA,2025-10-15 15h58.15.462192 +0100
Belief,Neg,TRUE,N,TB-K,TD_B,PsychoPyStudy5Stim/TD_B_1.png,Adam does NOT THINK there are TWO cubes,Two,h,b,Y,-,N,0,253,253,108,1781.779570000013,NA,NA,NA,NA,NA,NA,NA,NA,NA,1781.7681732000783,3.0469999182969e-4,1781.8554962000344,1782.2298212000169,1782.3299077000702,1784.3297448001103,1784.729558899999,1784.8319849000543,1784.8319849000543,1789.399448900018,h,1,4.563761800061911,NA,1789.3999500001082,1789.4129092000658,1789.4129092000658,1789.4129092000658,1789.4129092000658,1789.400550500024,NA,NA,NA,NA,NA,NA,NA,NA,NA,NA,045,001,2025-10-15_15h58.03.121,Study_5_PsychoPy_Experiment,2024.1.5,NA,2025-10-15 15h58.15.462192 +0100
Belief,Reg,FALSE,N,NB-TB-K,DD_NB,PsychoPyStudy5Stim/DD_NB_1.png,Adam THINKS there is ONE cube,One,b,h,N,PropFalse,N,0,254,254,157,1789.4129092000658,NA,NA,NA,NA,NA,NA,NA,NA,NA,1789.4009292001138,2.982000587508e-4,1789.4923205000814,1789.8629655000989,1789.9630762001034,1791.9631622000595,1792.363025900093,1792.4653881000122,1792.4653881000122,1793.1495199000929,b,1,0.6816366999410093,NA,1793.1498280001106,1793.162981200032,1793.162981200032,1793.162981200032,1793.162981200032,1793.1501529000234,NA,NA,NA,NA,NA,NA,NA,NA,NA,NA,045,001,2025-10-15_15h58.03.121,Study_5_PsychoPy_Experiment,2024.1.5,NA,2025-10-15 15h58.15.462192 +0100
Belief,Reg,FALSE,N,TB-K-B,TD_B,PsychoPyStudy5Stim/TD_B_4.png,Adam THINKS there are ZERO cubes,Zero,b,h,N,PropFalse,N,0,255,255,266,1793.162981200032,NA,NA,NA,NA,NA,NA,NA,NA,NA,1793.150371400057,1.7569994088262e-4,1793.2376871000745,1793.6129419000354,1793.713157500024,1795.712882300024,1796.113054500078,1796.215457500075,1796.215457500075,1797.4659666001098,b,1,1.2348239000421015,NA,1797.4665249000536,1797.47955430008,1797.47955430008,1797.47955430008,1797.47955430008,1797.4671483000277,NA,NA,NA,NA,NA,NA,NA,NA,NA,NA,045,001,2025-10-15_15h58.03.121,Study_5_PsychoPy_Experiment,2024.1.5,NA,2025-10-15 15h58.15.462192 +0100
Knowledge,Reg,FALSE,N,TB-K-B,DD_B,PsychoPyStudy5Stim/DD_B_1.png,Adam KNOWS there is ONE cube,One,b,h,N,PropFalse,N,0,256,256,224,1797.47955430008,NA,NA,NA,NA,NA,NA,NA,NA,NA,1797.467580400058,3.4120003692805e-4,1797.5649922000011,1797.946305800113,1798.046407100046,1800.0463764000451,1800.4461937000742,1800.5488208000315,1800.5488208000315,1805.016032500076,b,1,4.463278699899092,NA,1805.016525900108,1805.0295090000143,1805.0295090000143,1805.0295090000143,1805.0295090000143,1805.0170665000333,NA,NA,NA,NA,NA,NA,NA,NA,NA,NA,045,001,2025-10-15_15h58.03.121,Study_5_PsychoPy_Experiment,2024.1.5,NA,2025-10-15 15h58.15.462192 +0100
Belief,Reg,FALSE,N,FB-Ig,D_B_T,PsychoPyStudy5Stim/D_B_T_8.png,Adam THINKS there are TWO cubes,Two,b,h,N,PropFalse,N,0,257,257,306,1805.0295090000143,NA,NA,NA,NA,NA,NA,NA,NA,NA,1805.0174407000889,2.9540003743022e-4,1805.103315000073,1805.4794381000104,1805.579542600084,1807.579529900104,1807.979684100021,1808.082125700079,1808.082125700079,1815.815815200098,b,1,7.720717899966985,NA,1815.8163147000596,1815.8295068000443,1815.8295068000443,1815.8295068000443,1815.8295068000443,1815.816862800042,NA,NA,NA,NA,NA,NA,NA,NA,NA,NA,045,001,2025-10-15_15h58.03.121,Study_5_PsychoPy_Experiment,2024.1.5,NA,2025-10-15 15h58.15.462192 +0100
Reality,Reg,TRUE,N,NB-TB-K,T_NB,PsychoPyStudy5Stim/T_NB_6.png,"In REALITY, there is ONE cube",One,h,b,N,-,N,0,258,258,145,1815.8295068000443,NA,NA,NA,NA,NA,NA,NA,NA,NA,1815.8172410000116,2.9899994842708e-4,1815.9085008000256,1816.2793142000448,1816.379493100103,1818.3797111000167,1818.7794694000625,1818.882001600112,1818.882001600112,1819.799462600029,h,1,0.9044544000644236,NA,1819.8001252000688,1819.812852700008,1819.812852700008,1819.812852700008,1819.812852700008,1819.8008512000088,NA,NA,NA,NA,NA,NA,NA,NA,NA,NA,045,001,2025-10-15_15h58.03.121,Study_5_PsychoPy_Experiment,2024.1.5,NA,2025-10-15 15h58.15.462192 +0100
Belief,Neg,FALSE,N,NB-TB-K,TT_NB,PsychoPyStudy5Stim/TT_NB_5.png,Adam does NOT THINK there are TWO cubes,Two,b,h,Y,PropFalse,N,0,259,259,76,1819.812852700008,NA,NA,NA,NA,NA,NA,NA,NA,NA,1819.8014002001144,4.388999659568e-4,1819.8926939000376,1820.2628792000469,1820.363080600044,1822.3630869000915,1822.7629591000732,1822.865389100043,1822.865389100043,1826.1325177000836,b,1,3.265496999956667,NA,1826.1330542000944,1826.1461176000305,1826.1461176000305,1826.1461176000305,1826.1461176000305,1826.1336136000464,NA,NA,NA,NA,NA,NA,NA,NA,NA,NA,045,001,2025-10-15_15h58.03.121,Study_5_PsychoPy_Experiment,2024.1.5,NA,2025-10-15 15h58.15.462192 +0100
Knowledge,Reg,TRUE,N,NB-TB-K,TT_NB,PsychoPyStudy5Stim/TT_NB_5.png,Adam KNOWS there are TWO cubes,Two,h,b,N,-,N,0,260,260,171,1826.1461176000305,NA,NA,NA,NA,NA,NA,NA,NA,NA,1826.134036100004,3.1629996374249e-4,1826.2264414000092,1826.596220800071,1826.6962990000611,1828.6962694000688,1829.096255300101,1829.1986605001148,1829.1986605001148,1829.8996116000928,h,1,0.6995448999805376,NA,1829.9002150000304,1829.912823800114,1829.912823800114,1829.912823800114,1829.912823800114,1829.9008391000095,NA,NA,NA,NA,NA,NA,NA,NA,NA,NA,045,001,2025-10-15_15h58.03.121,Study_5_PsychoPy_Experiment,2024.1.5,NA,2025-10-15 15h58.15.462192 +0100
Reality,Reg,FALSE,N,NB-TB-K,TT_NB,PsychoPyStudy5Stim/TT_NB_4.png,"In REALITY, there is ONE cube",One,b,h,N,PropFalse,N,0,261,261,196,1829.912823800114,NA,NA,NA,NA,NA,NA,NA,NA,NA,1829.9013074000832,3.4739996772259e-4,1829.992855800083,1830.3632067000729,1830.4630152001048,1832.4629862,1832.8629178000847,1832.965038100025,1832.965038100025,1833.6158689000877,b,1,0.6461699000792578,NA,1833.6164049000945,1833.629389700014,1833.629389700014,1833.629389700014,1833.629389700014,1833.6169725001091,NA,NA,NA,NA,NA,NA,NA,NA,NA,NA,045,001,2025-10-15_15h58.03.121,Study_5_PsychoPy_Experiment,2024.1.5,NA,2025-10-15 15h58.15.462192 +0100
Reality,Reg,FALSE,N,FB-Ig,B_T,PsychoPyStudy5Stim/B_T_4.png,"In REALITY, there are TWO cubes",Two,b,h,N,-,N,0,262,262,320,1833.629389700014,NA,NA,NA,NA,NA,NA,NA,NA,NA,1833.6173951000671,3.1769997440278e-4,1833.7025671000592,1834.0794699001128,1834.179593000095,1836.179670600104,1836.579622300109,1836.68191880011,1836.68191880011,1837.5661125000331,b,1,0.8813025000272319,NA,1837.566677600029,1837.5794036000736,1837.5794036000736,1837.5794036000736,1837.5794036000736,1837.5673048000317,NA,NA,NA,NA,NA,NA,NA,NA,NA,NA,045,001,2025-10-15_15h58.03.121,Study_5_PsychoPy_Experiment,2024.1.5,NA,2025-10-15 15h58.15.462192 +0100
Knowledge,Reg,FALSE,N,FB-Ig,D_B_T,PsychoPyStudy5Stim/D_B_T_4.png,Adam KNOWS there are TWO cubes,Two,b,h,N,PropFalse,N,0,263,263,294,1837.5794036000736,NA,NA,NA,NA,NA,NA,NA,NA,NA,1837.5677423001032,3.4399994183331e-4,1837.6637284000171,1838.0460841000313,1838.146409100038,1840.146255700034,1840.546205200022,1840.648528100108,1840.648528100108,1842.3157194000669,b,1,1.658169399946928,NA,1842.3161551000085,1842.3294015000577,1842.3294015000577,1842.3294015000577,1842.3294015000577,1842.316629600013,NA,NA,NA,NA,NA,NA,NA,NA,NA,NA,045,001,2025-10-15_15h58.03.121,Study_5_PsychoPy_Experiment,2024.1.5,NA,2025-10-15 15h58.15.462192 +0100
Belief,Neg,TRUE,Y,FB-Ig,D_B_T,PsychoPyStudy5Stim/D_B_T_3.png,Adam does NOT THINK there is ONE cube,One,h,b,Y,-,N,0,264,264,26,1842.3294015000577,NA,NA,NA,NA,NA,NA,NA,NA,NA,1842.3169606000884,2.6370002888143e-4,1842.4126691001,1842.7961131000193,1842.8962737000547,1844.896111600101,1845.2975576000752,1845.3985033000351,1845.3985033000351,1847.3654611000093,b,0,1.956046999897808,NA,1847.3657531000208,1847.3793340000557,1847.3793340000557,1847.3793340000557,1847.3793340000557,1847.3660741000203,NA,NA,NA,NA,NA,NA,NA,NA,NA,NA,045,001,2025-10-15_15h58.03.121,Study_5_PsychoPy_Experiment,2024.1.5,NA,2025-10-15 15h58.15.462192 +0100
Belief,Neg,FALSE,N,NB-TB-K,T_NB,PsychoPyStudy5Stim/T_NB_8.png,Adam does NOT THINK there is ONE cube,One,b,h,Y,PropFalse,N,0,265,265,55,1847.3793340000557,NA,NA,NA,NA,NA,NA,NA,NA,NA,1847.3662855,1.9179994706064e-4,1847.450215100078,1847.829320400022,1847.9294856000924,1849.9295338001104,1850.3294373000972,1850.4317702000264,1850.4317702000264,1856.2155497000783,b,1,5.7700595000060275,NA,1856.215983400005,1856.229296500096,1856.229296500096,1856.229296500096,1856.229296500096,1856.2164606000297,NA,NA,NA,NA,NA,NA,NA,NA,NA,NA,045,001,2025-10-15_15h58.03.121,Study_5_PsychoPy_Experiment,2024.1.5,NA,2025-10-15 15h58.15.462192 +0100
Knowledge,Reg,FALSE,N,FB-Ig,T_B_T,PsychoPyStudy5Stim/T_B_T_8.png,Adam KNOWS there are ZERO cubes,Zero,b,h,N,PropFalse,N,0,266,266,282,1856.229296500096,NA,NA,NA,NA,NA,NA,NA,NA,NA,1856.21678960009,2.5929999537765e-4,1856.3105374000736,1856.6958351000212,1856.7959570001112,1858.796210300061,1859.196146500064,1859.2984020001024,1859.2984020001024,1861.198485400062,b,1,1.8878656999440864,NA,1861.1987780000784,1861.2126160000917,1861.2126160000917,1861.2126160000917,1861.2126160000917,1861.199099800084,NA,NA,NA,NA,NA,NA,NA,NA,NA,NA,045,001,2025-10-15_15h58.03.121,Study_5_PsychoPy_Experiment,2024.1.5,NA,2025-10-15 15h58.15.462192 +0100
Belief,Reg,FALSE,N,FB-Ig,T_B_T,PsychoPyStudy5Stim/T_B_T_1.png,Adam THINKS there are ZERO cubes,Zero,b,h,N,PropFalse,N,0,267,267,283,1861.2126160000917,NA,NA,NA,NA,NA,NA,NA,NA,NA,1861.1993236000417,1.6979989595711e-4,1861.2859739999983,1861.662501300103,1861.7626229000743,1863.76277130004,1864.1628172000635,1864.265245500021,1864.265245500021,1864.9488834000656,b,1,0.672944699996151,NA,1864.949394700001,1864.9626681000227,1864.9626681000227,1864.9626681000227,1864.9626681000227,1864.9499324000208,NA,NA,NA,NA,NA,NA,NA,NA,NA,NA,045,001,2025-10-15_15h58.03.121,Study_5_PsychoPy_Experiment,2024.1.5,NA,2025-10-15 15h58.15.462192 +0100
Knowledge,Neg,TRUE,N,NB-TB-K,TT_NB,PsychoPyStudy5Stim/TT_NB_3.png,Adam does NOT KNOW there is ONE cube,One,h,b,Y,-,N,0,268,268,58,1864.9626681000227,NA,NA,NA,NA,NA,NA,NA,NA,NA,1864.9503321000377,3.2140000257641e-4,1865.0400637000569,1865.4127190000145,1865.5126759000125,1867.512768100016,1867.9127606000984,1868.0151110000445,1868.0151110000445,1873.6318690000337,b,0,5.611261799931526,NA,1873.6321697001113,1873.6457855000624,1873.6457855000624,1873.6457855000624,1873.6457855000624,1873.632525200024,NA,NA,NA,NA,NA,NA,NA,NA,NA,NA,045,001,2025-10-15_15h58.03.121,Study_5_PsychoPy_Experiment,2024.1.5,NA,2025-10-15 15h58.15.462192 +0100
Knowledge,Reg,TRUE,N,NB-TB-K,TT_NB,PsychoPyStudy5Stim/TT_NB_7.png,Adam KNOWS there are TWO cubes,Two,h,b,N,-,N,0,269,269,173,1873.6457855000624,NA,NA,NA,NA,NA,NA,NA,NA,NA,1873.6327395000264,1.7190002836287e-4,1873.718689500005,1874.0960697000849,1874.1961558000185,1876.1960825000424,1876.5959602000655,1876.698222200037,1876.698222200037,1877.0821499000303,h,1,0.37652080005500466,NA,1877.0826622000895,1877.095885100076,1877.095885100076,1877.095885100076,1877.095885100076,1877.0831915000456,NA,NA,NA,NA,NA,NA,NA,NA,NA,NA,045,001,2025-10-15_15h58.03.121,Study_5_PsychoPy_Experiment,2024.1.5,NA,2025-10-15 15h58.15.462192 +0100
Belief,Reg,TRUE,N,FB-Ig,B_TT,PsychoPyStudy5Stim/B_TT_5.png,Adam THINKS there are ZERO cubes,Zero,h,b,N,-,Y,0,270,270,330,1877.095885100076,NA,NA,NA,NA,NA,NA,NA,NA,NA,1877.0835694000125,2.9949995223432e-4,1877.1761703001105,1877.545798300067,1877.645980500034,1879.6460573000368,1880.0461381000932,1880.1484826001104,1880.1484826001104,1882.315954100108,h,1,2.1503289999673143,NA,1882.3166211000644,1882.3294026000656,1882.3294026000656,1882.3294026000656,1882.3294026000656,1882.3173422000837,NA,NA,NA,NA,NA,NA,NA,NA,NA,NA,045,001,2025-10-15_15h58.03.121,Study_5_PsychoPy_Experiment,2024.1.5,NA,2025-10-15 15h58.15.462192 +0100
Belief,Neg,TRUE,N,NB-TB-K,T_NB,PsychoPyStudy5Stim/T_NB_3.png,Adam does NOT THINK there are TWO cubes,Two,h,b,Y,-,N,0,271,271,38,1882.3294026000656,NA,NA,NA,NA,NA,NA,NA,NA,NA,1882.3178600000683,4.0889997035264e-4,1882.4113433000168,1882.7957467000233,1882.8958975001003,1884.896182800061,1885.2960198000071,1885.3983382000588,1885.3983382000588,1892.9157311000165,b,0,7.508456200012006,NA,1892.916289600078,1892.929248600034,1892.929248600034,1892.929248600034,1892.929248600034,1892.916901000077,NA,NA,NA,NA,NA,NA,NA,NA,NA,NA,045,001,2025-10-15_15h58.03.121,Study_5_PsychoPy_Experiment,2024.1.5,NA,2025-10-15 15h58.15.462192 +0100
Knowledge,Reg,TRUE,N,NB-TB-K,DD_NB,PsychoPyStudy5Stim/DD_NB_2.png,Adam KNOWS there are ZERO cubes,Zero,h,b,N,-,N,0,272,272,148,1892.929248600034,NA,NA,NA,NA,NA,NA,NA,NA,NA,1892.917332900106,3.3960002474486e-4,1893.016407600022,1893.3960306000663,1893.496103100013,1895.496054300107,1895.8959273000944,1895.9983607000904,1895.9983607000904,1896.7656156000448,h,1,0.7649270000401884,NA,1896.766147300019,1896.779069500044,1896.779069500044,1896.779069500044,1896.779069500044,1896.7666999000355,NA,NA,NA,NA,NA,NA,NA,NA,NA,NA,045,001,2025-10-15_15h58.03.121,Study_5_PsychoPy_Experiment,2024.1.5,NA,2025-10-15 15h58.15.462192 +0100
Belief,Reg,TRUE,N,TB-K-B,TD_B,PsychoPyStudy5Stim/TD_B_8.png,Adam THINKS there is ONE cube,One,h,b,N,-,N,0,273,273,262,1896.779069500044,NA,NA,NA,NA,NA,NA,NA,NA,NA,1896.7671029000776,3.2450002618134e-4,1896.852052700007,1897.229281200096,1897.3293307001004,1899.3294287000317,1899.729336400051,1899.8316302000312,1899.8316302000312,1907.798476600088,b,0,7.962441000039689,NA,1907.798769600107,1907.812318200013,1907.812318200013,1907.812318200013,1907.812318200013,1907.7990895000985,NA,NA,NA,NA,NA,NA,NA,NA,NA,NA,045,001,2025-10-15_15h58.03.121,Study_5_PsychoPy_Experiment,2024.1.5,NA,2025-10-15 15h58.15.462192 +0100
Knowledge,Reg,TRUE,N,TB-K-B,TD_B,PsychoPyStudy5Stim/TD_B_5.png,Adam KNOWS there is ONE cube,One,h,b,N,-,N,0,274,274,255,1907.812318200013,NA,NA,NA,NA,NA,NA,NA,NA,NA,1907.7992989000631,1.6820000018924e-4,1907.8977668000152,1908.279197500087,1908.3793352000648,1910.379282900016,1910.7792334000112,1910.881498700008,1910.881498700008,1916.0320157000097,h,1,5.1365569001063704,NA,1916.0324461000273,1916.0458121000556,1916.0458121000556,1916.0458121000556,1916.0458121000556,1916.0329235000536,NA,NA,NA,NA,NA,NA,NA,NA,NA,NA,045,001,2025-10-15_15h58.03.121,Study_5_PsychoPy_Experiment,2024.1.5,NA,2025-10-15 15h58.15.462192 +0100
Knowledge,Neg,FALSE,N,NB-TB-K,T_NB,PsychoPyStudy5Stim/T_NB_7.png,Adam does NOT KNOW there is ONE cube,One,b,h,Y,PropFalse,N,0,275,275,46,1916.0458121000556,NA,NA,NA,NA,NA,NA,NA,NA,NA,1916.033251700108,2.5899999309331e-4,1916.124610100058,1916.4957966000077,1916.5960117001089,1918.5961153000824,1918.9959230000384,1919.0982226000633,1919.0982226000633,1929.0156228000997,b,1,9.91362789995037,NA,1929.016115900013,1929.029091600096,1929.029091600096,1929.029091600096,1929.029091600096,1929.0167022000533,NA,NA,NA,NA,NA,NA,NA,NA,NA,NA,045,001,2025-10-15_15h58.03.121,Study_5_PsychoPy_Experiment,2024.1.5,NA,2025-10-15 15h58.15.462192 +0100
Knowledge,Reg,FALSE,N,FB-Ig,D_B_T,PsychoPyStudy5Stim/D_B_T_1.png,Adam KNOWS there are TWO cubes,Two,b,h,N,PropFalse,N,0,276,276,291,1929.029091600096,NA,NA,NA,NA,NA,NA,NA,NA,NA,1929.017079500016,2.9649992939084e-4,1929.1110668000763,1929.495586700039,1929.5956987000536,1931.5959991000127,1931.995928000077,1932.0982214000544,1932.0982214000544,1932.831604200066,b,1,0.7201069999719039,NA,1932.8319011999993,1932.8457038000925,1932.8457038000925,1932.8457038000925,1932.8457038000925,1932.83221890009,NA,NA,NA,NA,NA,NA,NA,NA,NA,NA,045,001,2025-10-15_15h58.03.121,Study_5_PsychoPy_Experiment,2024.1.5,NA,2025-10-15 15h58.15.462192 +0100
Knowledge,Reg,FALSE,N,FB-Ig,D_B_T,PsychoPyStudy5Stim/D_B_T_2.png,Adam KNOWS there are TWO cubes,Two,b,h,N,PropFalse,N,0,277,277,292,1932.8457038000925,NA,NA,NA,NA,NA,NA,NA,NA,NA,1932.8324403000297,1.6780011355876e-4,1932.9282740000635,1933.3122823000888,1933.4125067000275,1935.4126113000093,1935.812626000028,1935.914868400083,1935.914868400083,1946.7983705000952,b,1,10.871518500032836,NA,1946.7986700000472,1946.8122685001,1946.8122685001,1946.8122685001,1946.8122685001,1946.799029600108,NA,NA,NA,NA,NA,NA,NA,NA,NA,NA,045,001,2025-10-15_15h58.03.121,Study_5_PsychoPy_Experiment,2024.1.5,NA,2025-10-15 15h58.15.462192 +0100
Knowledge,Neg,FALSE,N,TB-K,TD_B,PsychoPyStudy5Stim/TD_B_5.png,Adam does NOT KNOW there is ONE cube,One,b,h,Y,PropFalse,N,0,278,278,116,1946.8122685001,NA,NA,NA,NA,NA,NA,NA,NA,NA,1946.799238500069,1.662999857217e-4,1946.88566540007,1947.262245100108,1947.362337000086,1949.362518500071,1949.7625038000988,1949.8650755001,1949.8650755001,1951.665277400054,b,1,1.7844469000119716,NA,1951.6658063000068,1951.679007900064,1951.679007900064,1951.679007900064,1951.679007900064,1951.6663444000296,NA,NA,NA,NA,NA,NA,NA,NA,NA,NA,045,001,2025-10-15_15h58.03.121,Study_5_PsychoPy_Experiment,2024.1.5,NA,2025-10-15 15h58.15.462192 +0100
Belief,Reg,FALSE,N,NB-TB-K,TT_NB,PsychoPyStudy5Stim/TT_NB_4.png,Adam THINKS there are ZERO cubes,Zero,b,h,N,PropFalse,N,0,279,279,184,1951.679007900064,NA,NA,NA,NA,NA,NA,NA,NA,NA,1951.6667481000768,3.2430002465844e-4,1951.7587075000629,1952.1288454000603,1952.2289497000163,1954.2291754001053,1954.629174500005,1954.73150860006,1954.73150860006,1973.581491800025,b,1,18.838674300001003,NA,1973.5817885000724,1973.595512900036,1973.595512900036,1973.595512900036,1973.595512900036,1973.5821110000832,NA,NA,NA,NA,NA,NA,NA,NA,NA,NA,045,001,2025-10-15_15h58.03.121,Study_5_PsychoPy_Experiment,2024.1.5,NA,2025-10-15 15h58.15.462192 +0100
Knowledge,Neg,TRUE,N,TB-K,TD_B,PsychoPyStudy5Stim/TD_B_3.png,Adam does NOT KNOW there are TWO cubes,Two,h,b,Y,-,N,0,280,280,106,1973.595512900036,NA,NA,NA,NA,NA,NA,NA,NA,NA,1973.5823279001052,1.7650006338953e-4,1973.6720398000907,1974.0457989000715,1974.145896500093,1976.145766100031,1976.5455465000125,1976.648131900001,1976.648131900001,1988.7989966000896,b,0,12.137385500012895,NA,1988.7996946000496,1988.8122594000304,1988.8122594000304,1988.8122594000304,1988.8122594000304,1988.8004281000467,NA,NA,NA,NA,NA,NA,NA,NA,NA,NA,045,001,2025-10-15_15h58.03.121,Study_5_PsychoPy_Experiment,2024.1.5,NA,2025-10-15 15h58.15.462192 +0100
Belief,Neg,TRUE,Y,FB-Ig,D_B_T,PsychoPyStudy5Stim/D_B_T_6.png,Adam does NOT THINK there is ONE cube,One,h,b,Y,-,N,0,281,281,29,1988.8122594000304,NA,NA,NA,NA,NA,NA,NA,NA,NA,1988.800947300042,4.0789996273815e-4,1988.8984519001096,1989.2788875000551,1989.3790725000435,1991.378894700087,1991.7789675000824,1991.881271100021,1991.881271100021,1993.49837460008,h,1,1.609296899987385,NA,1993.4988389000064,1993.5121732000264,1993.5121732000264,1993.5121732000264,1993.5121732000264,1993.4993137000129,NA,NA,NA,NA,NA,NA,NA,NA,NA,NA,045,001,2025-10-15_15h58.03.121,Study_5_PsychoPy_Experiment,2024.1.5,NA,2025-10-15 15h58.15.462192 +0100
Knowledge,Reg,FALSE,N,NB-TB-K,DD_NB,PsychoPyStudy5Stim/DD_NB_7.png,Adam KNOWS there is ONE cube,One,b,h,N,PropFalse,N,0,282,282,155,1993.5121732000264,NA,NA,NA,NA,NA,NA,NA,NA,NA,1993.4996645000065,2.8610008303076e-4,1993.6013585000765,1993.978963200003,1994.079064700054,1996.078947500093,1996.4791609001113,1996.5817850000456,1996.5817850000456,2006.515353200026,b,1,9.924832299933769,NA,2006.5160661000991,2006.5288064000197,2006.5288064000197,2006.5288064000197,2006.5288064000197,2006.5167942000553,NA,NA,NA,NA,NA,NA,NA,NA,NA,NA,045,001,2025-10-15_15h58.03.121,Study_5_PsychoPy_Experiment,2024.1.5,NA,2025-10-15 15h58.15.462192 +0100
Reality,Reg,FALSE,N,NB-TB-K,TT_NB,PsychoPyStudy5Stim/TT_NB_7.png,"In REALITY, there are ZERO cubes",Zero,b,h,N,PropFalse,N,0,283,283,194,2006.5288064000197,NA,NA,NA,NA,NA,NA,NA,NA,NA,2006.5173088000156,4.0509994141757e-4,2006.614699300029,2006.9955451000717,2007.0957058001077,2009.0956838000568,2009.4956454000203,2009.5979361000936,2009.5979361000936,2010.315623100032,b,1,0.701108600012958,NA,2010.3163159000687,2010.3288834000705,2010.3288834000705,2010.3288834000705,2010.3288834000705,2010.317067300086,NA,NA,NA,NA,NA,NA,NA,NA,NA,NA,045,001,2025-10-15_15h58.03.121,Study_5_PsychoPy_Experiment,2024.1.5,NA,2025-10-15 15h58.15.462192 +0100
Belief,Neg,FALSE,N,NB-TB-K,TT_NB,PsychoPyStudy5Stim/TT_NB_4.png,Adam does NOT THINK there are TWO cubes,Two,b,h,Y,PropFalse,N,0,284,284,75,2010.3288834000705,NA,NA,NA,NA,NA,NA,NA,NA,NA,2010.317583800061,4.0640006773173e-4,2010.409770600032,2010.778815100086,2010.8789033000355,2012.8789356000489,2013.2790332000004,2013.3812726000324,2013.3812726000324,2018.0659085001096,h,0,4.668403399991803,NA,2018.0667608000804,2018.0788709000915,2018.0788709000915,2018.0788709000915,2018.0788709000915,2018.0676487000892,NA,NA,NA,NA,NA,NA,NA,NA,NA,NA,045,001,2025-10-15_15h58.03.121,Study_5_PsychoPy_Experiment,2024.1.5,NA,2025-10-15 15h58.15.462192 +0100
Reality,Reg,FALSE,N,TB-K-B,DD_B,PsychoPyStudy5Stim/DD_B_9.png,"In REALITY, there are TWO cubes",Two,b,h,N,PropFalse,N,0,285,285,240,2018.0788709000915,NA,NA,NA,NA,NA,NA,NA,NA,NA,2018.068328100024,5.0550000742077e-4,2018.1624439000152,2018.5455050000455,2018.6456563000104,2020.6456092000008,2021.045531700016,2021.1477841000303,2021.1477841000303,2022.7481076000256,b,1,1.5990855999989435,NA,2022.7484191000697,2022.76200950006,2022.76200950006,2022.76200950006,2022.76200950006,2022.7487233000577,NA,NA,NA,NA,NA,NA,NA,NA,NA,NA,045,001,2025-10-15_15h58.03.121,Study_5_PsychoPy_Experiment,2024.1.5,NA,2025-10-15 15h58.15.462192 +0100
Reality,Reg,FALSE,N,NB-TB-K,DT_NB,PsychoPyStudy5Stim/TD_NB_2.png,"In REALITY, there are TWO cubes",Two,b,h,N,PropFalse,N,0,286,286,170,2022.76200950006,NA,NA,NA,NA,NA,NA,NA,NA,NA,2022.7489469000136,1.7840007785707e-4,2022.8457995000065,2023.2287378000328,2023.3288138000064,2025.328937800019,2025.7289105000673,2025.831380100106,2025.831380100106,2026.9818921000697,b,1,1.1469894000329075,NA,2026.9824060000249,2026.995408100076,2026.995408100076,2026.995408100076,2026.995408100076,2026.9829656000948,NA,NA,NA,NA,NA,NA,NA,NA,NA,NA,045,001,2025-10-15_15h58.03.121,Study_5_PsychoPy_Experiment,2024.1.5,NA,2025-10-15 15h58.15.462192 +0100
Reality,Reg,FALSE,N,FB-Ig,B_TT,PsychoPyStudy5Stim/B_TT_4.png,"In REALITY, there are ZERO cubes",Zero,b,h,N,-,N,0,287,287,334,2026.995408100076,NA,NA,NA,NA,NA,NA,NA,NA,NA,2026.9833597000688,3.1090003903955e-4,2027.085776400054,2027.46201030002,2027.562417200068,2029.5622279000236,2029.9621394000717,2030.0644234000936,2030.0644234000936,2030.8982392000032,b,1,0.8251280999975279,NA,2030.898699900019,2030.9119776000737,2030.9119776000737,2030.9119776000737,2030.9119776000737,2030.8991652000695,NA,NA,NA,NA,NA,NA,NA,NA,NA,NA,045,001,2025-10-15_15h58.03.121,Study_5_PsychoPy_Experiment,2024.1.5,NA,2025-10-15 15h58.15.462192 +0100
Belief,Reg,TRUE,N,FB-Ig,B_T,PsychoPyStudy5Stim/B_T_2.png,Adam THINKS there are ZERO cubes,Zero,h,b,N,-,Y,0,288,288,313,2030.9119776000737,NA,NA,NA,NA,NA,NA,NA,NA,NA,2030.8995126000373,2.801000373438e-4,2030.9861528000329,2031.362163700047,2031.4620914000552,2033.4621678000549,2033.862177300034,2033.9646011000732,2033.9646011000732,2034.7985435000155,h,1,0.8214411999797449,NA,2034.799129800056,2034.8120749000227,2034.8120749000227,2034.8120749000227,2034.8120749000227,2034.7997434000715,NA,NA,NA,NA,NA,NA,NA,NA,NA,NA,045,001,2025-10-15_15h58.03.121,Study_5_PsychoPy_Experiment,2024.1.5,NA,2025-10-15 15h58.15.462192 +0100
Reality,Reg,TRUE,N,TB-K-B,DD_B,PsychoPyStudy5Stim/DD_B_7.png,"In REALITY, there are ZERO cubes",Zero,h,b,N,-,N,0,289,289,238,2034.8120749000227,NA,NA,NA,NA,NA,NA,NA,NA,NA,2034.800231500063,3.969999961555e-4,2034.893462300068,2035.2785513000565,2035.3788214001104,2037.3788840000052,2037.7788709000451,2037.881147100008,2037.881147100008,2038.748297300073,h,1,0.8564137000357732,NA,2038.748808400007,2038.762021100032,2038.762021100032,2038.762021100032,2038.762021100032,2038.749338600086,NA,NA,NA,NA,NA,NA,NA,NA,NA,NA,045,001,2025-10-15_15h58.03.121,Study_5_PsychoPy_Experiment,2024.1.5,NA,2025-10-15 15h58.15.462192 +0100
Knowledge,Neg,FALSE,N,NB-TB-K,TT_NB,PsychoPyStudy5Stim/TT_NB_6.png,Adam does NOT KNOW there are TWO cubes,Two,b,h,Y,PropFalse,N,0,290,290,69,2038.762021100032,NA,NA,NA,NA,NA,NA,NA,NA,NA,2038.7497387001056,3.0340009834617e-4,2038.832781700068,2039.212021100102,2039.312329800101,2041.3121066000313,2041.712214200059,2041.814527700073,2041.814527700073,2042.8154099000385,b,1,0.9869059999473392,NA,2042.816065400024,2042.8286726000952,2042.8286726000952,2042.8286726000952,2042.8286726000952,2042.816874900018,NA,NA,NA,NA,NA,NA,NA,NA,NA,NA,045,001,2025-10-15_15h58.03.121,Study_5_PsychoPy_Experiment,2024.1.5,NA,2025-10-15 15h58.15.462192 +0100
Knowledge,Reg,FALSE,N,TB-K-B,DD_B,PsychoPyStudy5Stim/DD_B_9.png,Adam KNOWS there is ONE cube,One,b,h,N,PropFalse,N,0,291,291,223,2042.8286726000952,NA,NA,NA,NA,NA,NA,NA,NA,NA,2042.8174259000225,4.4049997813999e-4,2042.9123075000243,2043.2954511001008,2043.3955584000796,2045.395453400095,2045.7955008000135,2045.8979513000231,2045.8979513000231,2046.749362600036,b,1,0.8489552000537515,NA,2046.7502081000712,2046.7621512000917,2046.7621512000917,2046.7621512000917,2046.7621512000917,2046.751245200052,NA,NA,NA,NA,NA,NA,NA,NA,NA,NA,045,001,2025-10-15_15h58.03.121,Study_5_PsychoPy_Experiment,2024.1.5,NA,2025-10-15 15h58.15.462192 +0100
Knowledge,Neg,FALSE,N,NB-TB-K,T_NB,PsychoPyStudy5Stim/T_NB_3.png,Adam does NOT KNOW there is ONE cube,One,b,h,Y,PropFalse,N,0,292,292,42,2046.7621512000917,NA,NA,NA,NA,NA,NA,NA,NA,NA,2046.7519275000088,5.4609996732324e-4,2046.8437551000388,2047.228695900063,2047.328868300072,2049.328794500092,2049.728828500025,2049.8310783000197,2049.8310783000197,2073.098229499999,b,1,23.250762999989092,NA,2073.098691500025,2073.1118982000044,2073.1118982000044,2073.1118982000044,2073.1118982000044,2073.099178400007,NA,NA,NA,NA,NA,NA,NA,NA,NA,NA,045,001,2025-10-15_15h58.03.121,Study_5_PsychoPy_Experiment,2024.1.5,NA,2025-10-15 15h58.15.462192 +0100
Belief,Neg,FALSE,N,TB-K,TD_B,PsychoPyStudy5Stim/TD_B_7.png,Adam does NOT THINK there is ONE cube,One,b,h,Y,PropFalse,N,0,293,293,126,2073.1118982000044,NA,NA,NA,NA,NA,NA,NA,NA,NA,2073.0995206000516,2.7109996881335e-4,2073.188530800049,2073.5620123000117,2073.6621424000477,2075.6621054999996,2076.062055900111,2076.164357700036,2076.164357700036,2082.1314790000906,b,1,5.9503683999646455,NA,2082.131944600027,2082.1452611000277,2082.1452611000277,2082.1452611000277,2082.1452611000277,2082.132457100088,NA,NA,NA,NA,NA,NA,NA,NA,NA,NA,045,001,2025-10-15_15h58.03.121,Study_5_PsychoPy_Experiment,2024.1.5,NA,2025-10-15 15h58.15.462192 +0100
Belief,Reg,TRUE,N,NB-TB-K,TT_NB,PsychoPyStudy5Stim/TT_NB_7.png,Adam THINKS there are TWO cubes,Two,h,b,N,-,N,0,294,294,179,2082.1452611000277,NA,NA,NA,NA,NA,NA,NA,NA,NA,2082.1327900000615,2.6499992236495e-4,2082.2343940000283,2082.6119969000574,2082.712115900009,2084.7118177000666,2085.1119738999987,2085.2144481000723,2085.2144481000723,2087.9647710000863,h,1,2.747117100050673,NA,2087.9651000000304,2087.978418600047,2087.978418600047,2087.978418600047,2087.978418600047,2087.965428500087,NA,NA,NA,NA,NA,NA,NA,NA,NA,NA,045,001,2025-10-15_15h58.03.121,Study_5_PsychoPy_Experiment,2024.1.5,NA,2025-10-15 15h58.15.462192 +0100
Belief,Neg,TRUE,Y,FB-Ig,T_B_T,PsychoPyStudy5Stim/T_B_T_5.png,Adam does NOT THINK there are TWO cubes,Two,h,b,Y,-,N,0,295,295,20,2087.978418600047,NA,NA,NA,NA,NA,NA,NA,NA,NA,2087.965642700088,1.7230003140866e-4,2088.055016300059,2088.4285363000818,2088.5287788000423,2090.528596500051,2090.9285901000258,2091.031132300035,2091.031132300035,2093.5147433000384,h,1,2.474718799930997,NA,2093.5150414000964,2093.5284725000383,2093.5284725000383,2093.5284725000383,2093.5284725000383,2093.5153604000807,NA,NA,NA,NA,NA,NA,NA,NA,NA,NA,045,001,2025-10-15_15h58.03.121,Study_5_PsychoPy_Experiment,2024.1.5,NA,2025-10-15 15h58.15.462192 +0100
Belief,Neg,FALSE,N,TB-K,TT_B,PsychoPyStudy5Stim/TT_B_8.png,Adam does NOT THINK there are TWO cubes,Two,b,h,Y,PropFalse,N,0,296,296,103,2093.5284725000383,NA,NA,NA,NA,NA,NA,NA,NA,NA,2093.515597500023,1.9550009164959e-4,2093.5961854000343,2093.978606500081,2094.0787677000044,2096.0787429000484,2096.4786622000393,2096.581173100043,2096.581173100043,2104.7146452000597,b,1,8.125119700096548,NA,2104.7149412001017,2104.728707400034,2104.728707400034,2104.728707400034,2104.728707400034,2104.715243700077,NA,NA,NA,NA,NA,NA,NA,NA,NA,NA,045,001,2025-10-15_15h58.03.121,Study_5_PsychoPy_Experiment,2024.1.5,NA,2025-10-15 15h58.15.462192 +0100
Knowledge,Reg,FALSE,N,FB-Ig,B_T,PsychoPyStudy5Stim/B_T_3.png,Adam KNOWS there are ZERO cubes,Zero,b,h,N,PropTrueNoKnow,Y,0,297,297,309,2104.728707400034,NA,NA,NA,NA,NA,NA,NA,NA,NA,2104.715453700046,1.6960001084953e-4,2104.8218257001135,2105.194986900082,2105.295044800034,2107.2950905000325,2107.6950727000367,2107.7975040000165,2107.7975040000165,2110.89847990009,b,1,3.0928784999996424,NA,2110.899151400081,2110.911818500026,2110.911818500026,2110.911818500026,2110.911818500026,2110.8999084000243,NA,NA,NA,NA,NA,NA,NA,NA,NA,NA,045,001,2025-10-15_15h58.03.121,Study_5_PsychoPy_Experiment,2024.1.5,NA,2025-10-15 15h58.15.462192 +0100
Reality,Reg,TRUE,N,NB-TB-K,D_NB,PsychoPyStudy5Stim/D_NB_2.png,"In REALITY, there are ZERO cubes",Zero,h,b,N,-,N,0,298,298,136,2110.911818500026,NA,NA,NA,NA,NA,NA,NA,NA,NA,2110.900472700014,4.5469996985048e-4,2110.989375300007,2111.3618104000343,2111.461951400037,2113.4620175000746,2113.861864100094,2113.9641529000364,2113.9641529000364,2114.7812040999997,h,1,0.8054487000918016,NA,2114.7816340000136,2114.795048900065,2114.795048900065,2114.795048900065,2114.795048900065,2114.7821543000173,NA,NA,NA,NA,NA,NA,NA,NA,NA,NA,045,001,2025-10-15_15h58.03.121,Study_5_PsychoPy_Experiment,2024.1.5,NA,2025-10-15 15h58.15.462192 +0100
Belief,Reg,FALSE,N,NB-TB-K,DD_NB,PsychoPyStudy5Stim/DD_NB_2.png,Adam THINKS there is ONE cube,One,b,h,N,PropFalse,N,0,299,299,158,2114.795048900065,NA,NA,NA,NA,NA,NA,NA,NA,NA,2114.7824846000876,2.6220001745969e-4,2114.8705601000693,2115.2450749001,2115.3452471001074,2117.345202800003,2117.7452081000665,2117.8476232000394,2117.8476232000394,2118.8811421000864,b,1,1.0261876999866215,NA,2118.881452200003,2118.895085300086,2118.895085300086,2118.895085300086,2118.895085300086,2118.8817600000184,NA,NA,NA,NA,NA,NA,NA,NA,NA,NA,045,001,2025-10-15_15h58.03.121,Study_5_PsychoPy_Experiment,2024.1.5,NA,2025-10-15 15h58.15.462192 +0100
Knowledge,Reg,TRUE,N,NB-TB-K,D_NB,PsychoPyStudy5Stim/D_NB_5.png,Adam KNOWS there are ZERO cubes,Zero,h,b,N,-,N,0,300,300,132,2118.895085300086,NA,NA,NA,NA,NA,NA,NA,NA,NA,2118.881992800045,1.896999310702e-4,2118.987728100037,2119.361784800072,2119.461928200093,2121.4619723000797,2121.861872800044,2121.964318500017,2121.964318500017,2125.5149813001044,h,1,3.540699500008486,NA,2125.515604800079,2125.528443600051,2125.528443600051,2125.528443600051,2125.528443600051,2125.5162871000357,NA,NA,NA,NA,NA,NA,NA,NA,NA,NA,045,001,2025-10-15_15h58.03.121,Study_5_PsychoPy_Experiment,2024.1.5,NA,2025-10-15 15h58.15.462192 +0100
Belief,Reg,TRUE,N,TB-K-B,DD_B,PsychoPyStudy5Stim/DD_B_2.png,Adam THINKS there are ZERO cubes,Zero,h,b,N,-,N,0,301,301,227,2125.528443600051,NA,NA,NA,NA,NA,NA,NA,NA,NA,2125.5167779000476,3.8519990630447e-4,2125.613771400065,2125.995178400073,2126.095281100017,2128.09514650004,2128.4952082000673,2128.597599800094,2128.597599800094,2129.914453800069,b,0,1.3078708000248298,NA,2129.91475970007,2129.9283174000448,2129.9283174000448,2129.9283174000448,2129.9283174000448,2129.915100100101,NA,NA,NA,NA,NA,NA,NA,NA,NA,NA,045,001,2025-10-15_15h58.03.121,Study_5_PsychoPy_Experiment,2024.1.5,NA,2025-10-15 15h58.15.462192 +0100
Knowledge,Reg,FALSE,N,TB-Ig,D_B,PsychoPyStudy5Stim/D_B_D_1.png,Adam KNOWS there are ZERO cubes,Zero,b,h,N,PropTrueNoKnow,Y,0,302,302,206,2129.9283174000448,NA,NA,NA,NA,NA,NA,NA,NA,NA,2129.915324300062,1.7969997134059e-4,2130.005146300071,2130.3783815000206,2130.478561300086,2132.478593500098,2132.87850900006,2132.980878700037,2132.980878700037,2134.7313877000706,b,1,1.741140800062567,NA,2134.7318714000285,2134.744978700066,2134.744978700066,2134.744978700066,2134.744978700066,2134.7324261000613,NA,NA,NA,NA,NA,NA,NA,NA,NA,NA,045,001,2025-10-15_15h58.03.121,Study_5_PsychoPy_Experiment,2024.1.5,NA,2025-10-15 15h58.15.462192 +0100
Knowledge,Reg,FALSE,N,FB-Ig,T_B_T,PsychoPyStudy5Stim/T_B_T_6.png,Adam KNOWS there are ZERO cubes,Zero,b,h,N,PropFalse,N,0,303,303,280,2134.744978700066,NA,NA,NA,NA,NA,NA,NA,NA,NA,2134.73280160001,2.9669993091374e-4,2134.827154300059,2135.211784500046,2135.311862600036,2137.3119135000743,2137.711837500101,2137.8141309000785,2137.8141309000785,2139.0313434000127,b,1,1.2114176999311894,NA,2139.031803400023,2139.0449339000043,2139.0449339000043,2139.0449339000043,2139.0449339000043,2139.0323718000436,NA,NA,NA,NA,NA,NA,NA,NA,NA,NA,045,001,2025-10-15_15h58.03.121,Study_5_PsychoPy_Experiment,2024.1.5,NA,2025-10-15 15h58.15.462192 +0100
Knowledge,Reg,TRUE,N,TB-K-B,TD_B,PsychoPyStudy5Stim/TD_B_6.png,Adam KNOWS there is ONE cube,One,h,b,N,-,N,0,304,304,256,2139.0449339000043,NA,NA,NA,NA,NA,NA,NA,NA,NA,2139.0327152000973,2.711999695748e-4,2139.1277889000485,2139.5117499000626,2139.6118818001123,2141.6118796000956,2142.0118075000355,2142.1139618000016,2142.1139618000016,2143.281419200008,h,1,1.1515452000312507,NA,2143.2819777000695,2143.295022400096,2143.295022400096,2143.295022400096,2143.295022400096,2143.282587200054,NA,NA,NA,NA,NA,NA,NA,NA,NA,NA,045,001,2025-10-15_15h58.03.121,Study_5_PsychoPy_Experiment,2024.1.5,NA,2025-10-15 15h58.15.462192 +0100
Belief,Reg,FALSE,N,NB-TB-K,TT_NB,PsychoPyStudy5Stim/TT_NB_6.png,Adam THINKS there is ONE cube,One,b,h,N,PropFalse,N,0,305,305,190,2143.295022400096,NA,NA,NA,NA,NA,NA,NA,NA,NA,2143.283022000105,3.4189992584288e-4,2143.3763166000135,2143.761702900054,2143.8618627000833,2145.8618800000986,2146.2618105000583,2146.364149400033,2146.364149400033,2147.231350100017,b,1,0.861254500108771,NA,2147.2318694000132,2147.244908699998,2147.244908699998,2147.244908699998,2147.244908699998,2147.2324136000825,NA,NA,NA,NA,NA,NA,NA,NA,NA,NA,045,001,2025-10-15_15h58.03.121,Study_5_PsychoPy_Experiment,2024.1.5,NA,2025-10-15 15h58.15.462192 +0100
Knowledge,Neg,TRUE,N,TB-K,TT_B,PsychoPyStudy5Stim/TT_B_4.png,Adam does NOT KNOW there is ONE cube,One,h,b,Y,-,N,0,306,306,83,2147.244908699998,NA,NA,NA,NA,NA,NA,NA,NA,NA,2147.2328134001,2.982000587508e-4,2147.3220069000963,2147.6950524999993,2147.794952200027,2149.7951433000853,2150.195034200093,2150.2974961000727,2150.2974961000727,2151.5979597000405,b,0,1.2880823999876156,NA,2151.598444400006,2151.611566900043,2151.611566900043,2151.611566900043,2151.611566900043,2151.5989976000274,NA,NA,NA,NA,NA,NA,NA,NA,NA,NA,045,001,2025-10-15_15h58.03.121,Study_5_PsychoPy_Experiment,2024.1.5,NA,2025-10-15 15h58.15.462192 +0100
Knowledge,Reg,FALSE,N,FB-Ig,D_B_T,PsychoPyStudy5Stim/D_B_T_6.png,Adam KNOWS there are TWO cubes,Two,b,h,N,PropFalse,N,0,307,307,296,2151.611566900043,NA,NA,NA,NA,NA,NA,NA,NA,NA,2151.599369600066,2.9330002143979e-4,2151.6904380000196,2152.061449300032,2152.161563700065,2154.1617957000853,2154.5617828000104,2154.66412890004,2154.66412890004,2157.231724200072,b,1,2.561105199973099,NA,2157.232378600049,2157.244932700065,2157.244932700065,2157.244932700065,2157.244932700065,2157.2331090000225,NA,NA,NA,NA,NA,NA,NA,NA,NA,NA,045,001,2025-10-15_15h58.03.121,Study_5_PsychoPy_Experiment,2024.1.5,NA,2025-10-15 15h58.15.462192 +0100
Knowledge,Reg,FALSE,N,FB-Ig,B_T,PsychoPyStudy5Stim/B_T_5.png,Adam KNOWS there are ZERO cubes,Zero,b,h,N,PropTrueNoKnow,Y,0,308,308,311,2157.244932700065,NA,NA,NA,NA,NA,NA,NA,NA,NA,2157.233622000087,4.0480005554854e-4,2157.321733900113,2157.695039400016,2157.795175400097,2159.795031900052,2160.195143900113,2160.297578400001,2160.297578400001,2164.8649579000194,b,1,4.5514076999388635,NA,2164.8656288000057,2164.878311100066,2164.878311100066,2164.878311100066,2164.878311100066,2164.866395800025,NA,NA,NA,NA,NA,NA,NA,NA,NA,NA,045,001,2025-10-15_15h58.03.121,Study_5_PsychoPy_Experiment,2024.1.5,NA,2025-10-15 15h58.15.462192 +0100
Belief,Neg,FALSE,N,TB-K,TD_B,PsychoPyStudy5Stim/TD_B_8.png,Adam does NOT THINK there is ONE cube,One,b,h,Y,PropFalse,N,0,309,309,127,2164.878311100066,NA,NA,NA,NA,NA,NA,NA,NA,NA,2164.8669490000466,4.4480001088231e-4,2164.9528980000177,2165.3282193000196,2165.428368400084,2167.428416800103,2167.8284335000208,2167.930814600084,2167.930814600084,2170.0477768001147,b,1,2.11045189993456,NA,2170.048288800055,2170.061556800036,2170.061556800036,2170.061556800036,2170.061556800036,2170.0488131000893,NA,NA,NA,NA,NA,NA,NA,NA,NA,NA,045,001,2025-10-15_15h58.03.121,Study_5_PsychoPy_Experiment,2024.1.5,NA,2025-10-15 15h58.15.462192 +0100
Knowledge,Reg,FALSE,N,FB-Ig,B_TT,PsychoPyStudy5Stim/B_TT_2.png,Adam KNOWS there are ZERO cubes,Zero,b,h,N,PropTrueNoKnow,Y,0,310,310,322,2170.061556800036,NA,NA,NA,NA,NA,NA,NA,NA,NA,2170.0492084000725,3.1779997516423e-4,2170.1433232000563,2170.528060000041,2170.6282758000307,2172.628503600019,2173.028272400028,2173.1310549000045,2173.1310549000045,2184.9975997,b,1,11.854973000008613,NA,2184.997931500082,2185.0114620000822,2185.0114620000822,2185.0114620000822,2185.0114620000822,2184.9983058000216,NA,NA,NA,NA,NA,NA,NA,NA,NA,NA,045,001,2025-10-15_15h58.03.121,Study_5_PsychoPy_Experiment,2024.1.5,NA,2025-10-15 15h58.15.462192 +0100
Belief,Reg,FALSE,N,FB-Ig,D_B_T,PsychoPyStudy5Stim/D_B_T_3.png,Adam THINKS there are TWO cubes,Two,b,h,N,PropFalse,N,0,311,311,301,2185.0114620000822,NA,NA,NA,NA,NA,NA,NA,NA,NA,2184.9985473001143,1.931000733748e-4,2185.0923698000843,2185.4613486001035,2185.561451000045,2187.561619300046,2187.9617671000306,2188.064038300072,2188.064038300072,2192.081842000014,b,1,4.00962630007416,NA,2192.082645100076,2192.0949041000567,2192.0949041000567,2192.0949041000567,2192.0949041000567,2192.0835658001015,NA,NA,NA,NA,NA,NA,NA,NA,NA,NA,045,001,2025-10-15_15h58.03.121,Study_5_PsychoPy_Experiment,2024.1.5,NA,2025-10-15 15h58.15.462192 +0100
Belief,Neg,TRUE,N,TB-K,TD_B,PsychoPyStudy5Stim/TD_B_2.png,Adam does NOT THINK there are TWO cubes,Two,h,b,Y,-,N,0,312,312,109,2192.0949041000567,NA,NA,NA,NA,NA,NA,NA,NA,NA,2192.084211600013,5.0470000132918e-4,2192.200428600074,2192.5780582000734,2192.6782483001007,2194.678245200077,2195.078092500102,2195.180747300037,2195.180747300037,2197.514969700016,h,1,2.325155099970289,NA,2197.5156251000008,2197.5281960000284,2197.5281960000284,2197.5281960000284,2197.5281960000284,2197.516368300072,NA,NA,NA,NA,NA,NA,NA,NA,NA,NA,045,001,2025-10-15_15h58.03.121,Study_5_PsychoPy_Experiment,2024.1.5,NA,2025-10-15 15h58.15.462192 +0100
Belief,Reg,FALSE,N,TB-K-B,TD_B,PsychoPyStudy5Stim/TD_B_6.png,Adam THINKS there are ZERO cubes,Zero,b,h,N,PropFalse,N,0,313,313,268,2197.5281960000284,NA,NA,NA,NA,NA,NA,NA,NA,NA,2197.5169231001055,4.4479989446699e-4,2197.615491500008,2197.9948873000685,2198.0950161000947,2200.094958600006,2200.494991600048,2200.597303000046,2200.597303000046,2201.5484370000195,b,1,0.9489576999330892,NA,2201.5491434000432,2201.5615175000858,2201.5615175000858,2201.5615175000858,2201.5615175000858,2201.549878900056,NA,NA,NA,NA,NA,NA,NA,NA,NA,NA,045,001,2025-10-15_15h58.03.121,Study_5_PsychoPy_Experiment,2024.1.5,NA,2025-10-15 15h58.15.462192 +0100
Knowledge,Reg,FALSE,N,FB-Ig,T_B_T,PsychoPyStudy5Stim/T_B_T_4.png,Adam KNOWS there are ZERO cubes,Zero,b,h,N,PropFalse,N,0,314,314,278,2201.5615175000858,NA,NA,NA,NA,NA,NA,NA,NA,NA,2201.5504344000947,4.1039998177438e-4,2201.6515131000197,2202.0282011000672,2202.12835740007,2204.128289000015,2204.5282552000135,2204.630595499999,2204.630595499999,2208.4311479000608,h,0,3.7865497999591753,NA,2208.4316338000353,2208.444750500028,2208.444750500028,2208.444750500028,2208.444750500028,2208.4321523000253,NA,NA,NA,NA,NA,NA,NA,NA,NA,NA,045,001,2025-10-15_15h58.03.121,Study_5_PsychoPy_Experiment,2024.1.5,NA,2025-10-15 15h58.15.462192 +0100
Belief,Neg,FALSE,N,TB-K,TD_B,PsychoPyStudy5Stim/TD_B_2.png,Adam does NOT THINK there is ONE cube,One,b,h,Y,PropFalse,N,0,315,315,121,2208.444750500028,NA,NA,NA,NA,NA,NA,NA,NA,NA,2208.4325262000784,2.9550003819167e-4,2208.5199115000432,2208.8948641000316,2208.9950223000487,2210.9949332000688,2211.394923100015,2211.4972437000833,2211.4972437000833,2218.0314639999997,b,1,6.520067400066182,NA,2218.0321256000316,2218.0448012000415,2218.0448012000415,2218.0448012000415,2218.0448012000415,2218.0328854001127,NA,NA,NA,NA,NA,NA,NA,NA,NA,NA,045,001,2025-10-15_15h58.03.121,Study_5_PsychoPy_Experiment,2024.1.5,NA,2025-10-15 15h58.15.462192 +0100
Knowledge,Neg,TRUE,N,NB-TB-K,TT_NB,PsychoPyStudy5Stim/TT_NB_2.png,Adam does NOT KNOW there is ONE cube,One,h,b,Y,-,N,0,316,316,57,2218.0448012000415,NA,NA,NA,NA,NA,NA,NA,NA,NA,2218.0334387000185,4.4309999793767e-4,2218.126442900044,2218.5112733000424,2218.611390800099,2220.6115236000624,2221.0115149000194,2221.113757000072,2221.113757000072,2223.347790900036,b,0,2.2315923999994993,NA,2223.348087300081,2223.361367100035,2223.361367100035,2223.361367100035,2223.361367100035,2223.3484011000255,NA,NA,NA,NA,NA,NA,NA,NA,NA,NA,045,001,2025-10-15_15h58.03.121,Study_5_PsychoPy_Experiment,2024.1.5,NA,2025-10-15 15h58.15.462192 +0100
Knowledge,Neg,FALSE,N,TB-K,TD_B,PsychoPyStudy5Stim/TD_B_1.png,Adam does NOT KNOW there is ONE cube,One,b,h,Y,PropFalse,N,0,317,317,112,2223.361367100035,NA,NA,NA,NA,NA,NA,NA,NA,NA,2223.3486146000214,1.7030001617968e-4,2223.430756200105,2223.811198700103,2223.9113944000565,2225.9116154001094,2226.3115271000424,2226.413833700004,2226.413833700004,2228.1479179000016,b,1,1.7228854999411851,NA,2228.148533700034,2228.1613886000123,2228.1613886000123,2228.1613886000123,2228.1613886000123,2228.1492465001065,NA,NA,NA,NA,NA,NA,NA,NA,NA,NA,045,001,2025-10-15_15h58.03.121,Study_5_PsychoPy_Experiment,2024.1.5,NA,2025-10-15 15h58.15.462192 +0100
Reality,Reg,FALSE,N,NB-TB-K,DD_NB,PsychoPyStudy5Stim/DD_NB_5.png,"In REALITY, there is ONE cube",One,b,h,N,PropFalse,N,0,318,318,161,2228.1613886000123,NA,NA,NA,NA,NA,NA,NA,NA,NA,2228.1497687000083,4.1710003279149e-4,2228.236668400001,2228.61116900004,2228.711277600029,2230.7115197000094,2231.1113955000183,2231.213918100111,2231.213918100111,2232.481388300075,b,1,1.2593125998973846,NA,2232.482056900044,2232.494738400099,2232.494738400099,2232.494738400099,2232.494738400099,2232.4828981000464,NA,NA,NA,NA,NA,NA,NA,NA,NA,NA,045,001,2025-10-15_15h58.03.121,Study_5_PsychoPy_Experiment,2024.1.5,NA,2025-10-15 15h58.15.462192 +0100
Belief,Neg,TRUE,N,TB-K,TT_B,PsychoPyStudy5Stim/TT_B_3.png,Adam does NOT THINK there is ONE cube,One,h,b,Y,-,N,0,319,319,86,2232.494738400099,NA,NA,NA,NA,NA,NA,NA,NA,NA,2232.48345900001,4.4550001621246e-4,2232.582028700039,2232.9612213000655,2233.0613162000664,2235.0616105000954,2235.4615139000816,2235.5640297000064,2235.5640297000064,2251.2649493000936,b,0,15.68466879997868,NA,2251.265765100019,2251.278109500068,2251.278109500068,2251.278109500068,2251.278109500068,2251.2666176001076,NA,NA,NA,NA,NA,NA,NA,NA,NA,NA,045,001,2025-10-15_15h58.03.121,Study_5_PsychoPy_Experiment,2024.1.5,NA,2025-10-15 15h58.15.462192 +0100
Belief,Reg,TRUE,N,TB-Ig,D_B,PsychoPyStudy5Stim/D_B_1.png,Adam THINKS there are ZERO cubes,Zero,h,b,N,-,Y,0,320,320,200,2251.278109500068,NA,NA,NA,NA,NA,NA,NA,NA,NA,2251.2671017000685,3.8039998617023e-4,2251.3751084000105,2251.7444408000447,2251.844685100019,2253.8447686000727,2254.2446501000086,2254.3470135000534,2254.3470135000534,2256.6309330000076,h,1,2.2776614000322297,NA,2256.6313857000787,2256.6446122000925,2256.6446122000925,2256.6446122000925,2256.6446122000925,2256.6318732000655,NA,NA,NA,NA,NA,NA,NA,NA,NA,NA,045,001,2025-10-15_15h58.03.121,Study_5_PsychoPy_Experiment,2024.1.5,NA,2025-10-15 15h58.15.462192 +0100
Knowledge,Reg,TRUE,N,TB-K-B,DD_B,PsychoPyStudy5Stim/DD_B_4.png,Adam KNOWS there are ZERO cubes,Zero,h,b,N,-,N,0,321,321,218,2256.6446122000925,NA,NA,NA,NA,NA,NA,NA,NA,NA,2256.6322184000164,2.7260009665042e-4,2256.724711500108,2257.094397000037,2257.1945473001106,2259.194805700099,2259.5946788000874,2259.697048100061,2259.697048100061,2262.3309266000288,h,1,2.6323392000049353,NA,2262.331438200082,2262.344590400113,2262.344590400113,2262.344590400113,2262.344590400113,2262.3319712000666,NA,NA,NA,NA,NA,NA,NA,NA,NA,NA,045,001,2025-10-15_15h58.03.121,Study_5_PsychoPy_Experiment,2024.1.5,NA,2025-10-15 15h58.15.462192 +0100
Belief,Reg,TRUE,N,TB-K-B,TD_B,PsychoPyStudy5Stim/TD_B_5.png,Adam THINKS there is ONE cube,One,h,b,N,-,N,0,322,322,259,2262.344590400113,NA,NA,NA,NA,NA,NA,NA,NA,NA,2262.332375500002,3.2510003075003e-4,2262.426703900099,2262.8110558000626,2262.9112203000113,2264.911181900068,2265.311980700004,2265.413573400001,2265.413573400001,2269.547348400112,h,1,4.124172499985434,NA,2269.5478244000115,2269.5611926000565,2269.5611926000565,2269.5611926000565,2269.5611926000565,2269.5483131000074,NA,NA,NA,NA,NA,NA,NA,NA,NA,NA,045,001,2025-10-15_15h58.03.121,Study_5_PsychoPy_Experiment,2024.1.5,NA,2025-10-15 15h58.15.462192 +0100
Knowledge,Reg,FALSE,N,TB-Ig,D_B,PsychoPyStudy5Stim/D_B_1.png,Adam KNOWS there are ZERO cubes,Zero,b,h,N,PropTrueNoKnow,Y,0,323,323,197,2269.5611926000565,NA,NA,NA,NA,NA,NA,NA,NA,NA,2269.5486745000817,2.9160000849515e-4,2269.640690600034,2270.0112911000615,2270.1113604001,2272.1114464000566,2272.511323700077,2272.6136137000285,2272.6136137000285,2273.8804445000133,b,1,1.251516000018455,NA,2273.8807382000377,2273.8944904000964,2273.8944904000964,2273.8944904000964,2273.8944904000964,2273.881046100054,NA,NA,NA,NA,NA,NA,NA,NA,NA,NA,045,001,2025-10-15_15h58.03.121,Study_5_PsychoPy_Experiment,2024.1.5,NA,2025-10-15 15h58.15.462192 +0100
Knowledge,Neg,TRUE,Y,FB-Ig,T_B_T,PsychoPyStudy5Stim/T_B_T_3.png,Adam does NOT KNOW there are TWO cubes,Two,h,b,Y,-,N,0,324,324,2,2273.8944904000964,NA,NA,NA,NA,NA,NA,NA,NA,NA,2273.881254900014,1.6749999485909e-4,2273.9665615000995,2274.3443869000766,2274.444495600066,2276.444522200036,2276.8445047000423,2276.947219200083,2276.947219200083,2278.49737820006,h,1,1.5419755999464542,NA,2278.497773000039,2278.511189000099,2278.511189000099,2278.511189000099,2278.511189000099,2278.4982139000203,NA,NA,NA,NA,NA,NA,NA,NA,NA,NA,045,001,2025-10-15_15h58.03.121,Study_5_PsychoPy_Experiment,2024.1.5,NA,2025-10-15 15h58.15.462192 +0100
Knowledge,Neg,FALSE,N,TB-K,TT_B,PsychoPyStudy5Stim/TT_B_2.png,Adam does NOT KNOW there are TWO cubes,Two,b,h,Y,PropFalse,N,0,325,325,89,2278.511189000099,NA,NA,NA,NA,NA,NA,NA,NA,NA,2278.49853620003,2.482000272721e-4,2278.5929508000845,2278.977714900044,2279.077813400072,2281.078010200057,2281.4780272000935,2281.5803457000293,2281.5803457000293,2286.447317300015,b,1,4.852735699969344,NA,2286.4476741000544,2286.461081300047,2286.461081300047,2286.461081300047,2286.461081300047,2286.4480729000643,NA,NA,NA,NA,NA,NA,NA,NA,NA,NA,045,001,2025-10-15_15h58.03.121,Study_5_PsychoPy_Experiment,2024.1.5,NA,2025-10-15 15h58.15.462192 +0100
Knowledge,Reg,FALSE,N,FB-Ig,D_B_T,PsychoPyStudy5Stim/D_B_T_7.png,Adam KNOWS there are TWO cubes,Two,b,h,N,PropFalse,N,0,326,326,297,2286.461081300047,NA,NA,NA,NA,NA,NA,NA,NA,NA,2286.448335400084,2.0890007726848e-4,2286.54957760009,2286.9276447000448,2287.0281036000233,2289.027956300066,2289.4278833999997,2289.5308859000215,2289.5308859000215,2291.114596700063,b,1,1.566440499969758,NA,2291.1149334000656,2291.127675200114,2291.127675200114,2291.127675200114,2291.127675200114,2291.1153062001104,NA,NA,NA,NA,NA,NA,NA,NA,NA,NA,045,001,2025-10-15_15h58.03.121,Study_5_PsychoPy_Experiment,2024.1.5,NA,2025-10-15 15h58.15.462192 +0100
Knowledge,Reg,FALSE,N,FB-Ig,B_T,PsychoPyStudy5Stim/B_T_2.png,Adam KNOWS there are ZERO cubes,Zero,b,h,N,PropTrueNoKnow,Y,0,327,327,308,2291.127675200114,NA,NA,NA,NA,NA,NA,NA,NA,NA,2291.11552630004,1.7709995154291e-4,2291.212640200043,2291.594337000046,2291.6944396001054,2293.69456250011,2294.0946240000194,2294.196898800088,2294.196898800088,2298.8804863000987,b,1,4.667412400012836,NA,2298.880805700086,2298.8943348000757,2298.8943348000757,2298.8943348000757,2298.8943348000757,2298.881179400021,NA,NA,NA,NA,NA,NA,NA,NA,NA,NA,045,001,2025-10-15_15h58.03.121,Study_5_PsychoPy_Experiment,2024.1.5,NA,2025-10-15 15h58.15.462192 +0100
Belief,Reg,TRUE,N,TB-K-B,TT_B,PsychoPyStudy5Stim/TT_B_6.png,Adam THINKS there are TWO cubes,Two,h,b,N,-,N,0,328,328,247,2298.8943348000757,NA,NA,NA,NA,NA,NA,NA,NA,NA,2298.8814298000652,1.9230006728321e-4,2298.98756950011,2299.3609466000926,2299.4610692000715,2301.461268300074,2301.8612546001095,2301.9636721001007,2301.9636721001007,2303.4639544000383,h,1,1.4846876000519842,NA,2303.4644719000207,2303.4777200000826,2303.4777200000826,2303.4777200000826,2303.4777200000826,2303.4649988000747,NA,NA,NA,NA,NA,NA,NA,NA,NA,NA,045,001,2025-10-15_15h58.03.121,Study_5_PsychoPy_Experiment,2024.1.5,NA,2025-10-15 15h58.15.462192 +0100
Knowledge,Reg,FALSE,N,TB-K-B,DD_B,PsychoPyStudy5Stim/DD_B_2.png,Adam KNOWS there is ONE cube,One,b,h,N,PropFalse,N,0,329,329,225,2303.4777200000826,NA,NA,NA,NA,NA,NA,NA,NA,NA,2303.4654038000153,3.2539991661906e-4,2303.560584000079,2303.9445605000947,2304.0446495000506,2306.044619100052,2306.4447143001016,2306.5468234000728,2306.5468234000728,2307.597377100028,b,1,1.03808890003711,NA,2307.5978780000005,2307.6111009001033,2307.6111009001033,2307.6111009001033,2307.6111009001033,2307.598439500085,NA,NA,NA,NA,NA,NA,NA,NA,NA,NA,045,001,2025-10-15_15h58.03.121,Study_5_PsychoPy_Experiment,2024.1.5,NA,2025-10-15 15h58.15.462192 +0100
Belief,Neg,FALSE,N,TB-K,TT_B,PsychoPyStudy5Stim/TT_B_7.png,Adam does NOT THINK there are TWO cubes,Two,b,h,Y,PropFalse,N,0,330,330,102,2307.6111009001033,NA,NA,NA,NA,NA,NA,NA,NA,NA,2307.5988259000005,3.0499999411404e-4,2307.6951622000197,2308.0778933000984,2308.178004800109,2310.17797430011,2310.5779241001,2310.680275700055,2310.680275700055,2312.9808492000448,b,1,2.2887980999657884,NA,2312.9814291000366,2312.994408800034,2312.994408800034,2312.994408800034,2312.994408800034,2312.9820596000645,NA,NA,NA,NA,NA,NA,NA,NA,NA,NA,045,001,2025-10-15_15h58.03.121,Study_5_PsychoPy_Experiment,2024.1.5,NA,2025-10-15 15h58.15.462192 +0100
Knowledge,Neg,FALSE,N,NB-TB-K,TT_NB,PsychoPyStudy5Stim/TT_NB_4.png,Adam does NOT KNOW there are TWO cubes,Two,b,h,Y,PropFalse,N,0,331,331,67,2312.994408800034,NA,NA,NA,NA,NA,NA,NA,NA,NA,2312.982493500109,3.4120003692805e-4,2313.0727989000734,2313.4443446000805,2313.544502400094,2315.5445098000346,2315.944583300035,2316.047019500053,2316.047019500053,2325.181741800043,b,1,9.122180400067007,NA,2325.182044300018,2325.1942160000326,2325.1942160000326,2325.1942160000326,2325.1942160000326,2325.182356000063,NA,NA,NA,NA,NA,NA,NA,NA,NA,NA,045,001,2025-10-15_15h58.03.121,Study_5_PsychoPy_Experiment,2024.1.5,NA,2025-10-15 15h58.15.462192 +0100
Belief,Neg,FALSE,N,NB-TB-K,TT_NB,PsychoPyStudy5Stim/TT_NB_1.png,Adam does NOT THINK there are TWO cubes,Two,b,h,Y,PropFalse,N,0,332,332,72,2325.1942160000326,NA,NA,NA,NA,NA,NA,NA,NA,NA,2325.18256440002,1.672999933362e-4,2325.290524400072,2325.6609794000397,2325.7612985000014,2327.761282300111,2328.1611428000033,2328.2635155000025,2328.2635155000025,2331.447738100076,b,1,3.1693886999273673,NA,2331.4484259000747,2331.4610157000134,2331.4610157000134,2331.4610157000134,2331.4610157000134,2331.4491434000665,NA,NA,NA,NA,NA,NA,NA,NA,NA,NA,045,001,2025-10-15_15h58.03.121,Study_5_PsychoPy_Experiment,2024.1.5,NA,2025-10-15 15h58.15.462192 +0100
Belief,Reg,FALSE,N,NB-TB-K,TT_NB,PsychoPyStudy5Stim/TT_NB_8.png,Adam THINKS there are ZERO cubes,Zero,b,h,N,PropFalse,N,0,333,333,188,2331.4610157000134,NA,NA,NA,NA,NA,NA,NA,NA,NA,2331.449675400043,4.2219995521008e-4,2331.5481271001045,2331.9274727000156,2332.0276597000193,2334.0279173000017,2334.427797500044,2334.5300893000094,2334.5300893000094,2336.180434200098,b,1,1.6476064000744373,NA,2336.1808248000452,2336.1943094000453,2336.1943094000453,2336.1943094000453,2336.1943094000453,2336.181260000099,NA,NA,NA,NA,NA,NA,NA,NA,NA,NA,045,001,2025-10-15_15h58.03.121,Study_5_PsychoPy_Experiment,2024.1.5,NA,2025-10-15 15h58.15.462192 +0100
Knowledge,Reg,TRUE,N,NB-TB-K,DT_NB,PsychoPyStudy5Stim/TD_NB_2.png,Adam KNOWS there is ONE cube,One,h,b,N,-,N,0,334,334,164,2336.1943094000453,NA,NA,NA,NA,NA,NA,NA,NA,NA,2336.1815493000904,2.286999952048e-4,2336.278273200034,2336.6608038000995,2336.760941100074,2338.76116600004,2339.161136400071,2339.2634303000523,2339.2634303000523,2339.897514900076,h,1,0.6260035999584943,NA,2339.897954300046,2339.9109497000463,2339.9109497000463,2339.9109497000463,2339.9109497000463,2339.8984460000647,NA,NA,NA,NA,NA,NA,NA,NA,NA,NA,045,001,2025-10-15_15h58.03.121,Study_5_PsychoPy_Experiment,2024.1.5,NA,2025-10-15 15h58.15.462192 +0100
Belief,Neg,TRUE,Y,FB-Ig,T_B_T,PsychoPyStudy5Stim/T_B_T_4.png,Adam does NOT THINK there are TWO cubes,Two,h,b,Y,-,N,0,335,335,19,2339.9109497000463,NA,NA,NA,NA,NA,NA,NA,NA,NA,2339.898777400027,2.6260002050548e-4,2339.9910467000445,2340.3608155000256,2340.460932200076,2342.461200700025,2342.8610460000345,2342.963594400091,2342.963594400091,2346.363966600038,h,1,3.389415099984035,NA,2346.3644571000477,2346.3778079000767,2346.3778079000767,2346.3778079000767,2346.3778079000767,2346.3650056000333,NA,NA,NA,NA,NA,NA,NA,NA,NA,NA,045,001,2025-10-15_15h58.03.121,Study_5_PsychoPy_Experiment,2024.1.5,NA,2025-10-15 15h58.15.462192 +0100
NA,NA,NA,NA,NA,NA,NA,NA,NA,NA,NA,NA,NA,NA,NA,NA,NA,NA,NA,NA,NA,NA,NA,NA,NA,NA,NA,NA,NA,NA,NA,NA,NA,NA,NA,NA,NA,NA,NA,NA,NA,NA,NA,NA,NA,NA,NA,NA,NA,NA,NA,2346.365207600058,2346.3778079000767,2347.3778259000974,2348.980627000099,space,1.5910269999876618,NA,045,001,2025-10-15_15h58.03.121,Study_5_PsychoPy_Experiment,2024.1.5,NA,2025-10-15 15h58.15.462192 +0100
