Statement_Type,Reg_Neg,Truth_Value,Experimental,Scenario,Stimuli_Type,Stimulus,Statement,Statement_Number,CorAnsOdd,CorAnsEven,Barrier,Why_False,Check_Trial,Exp_Trial.thisRepN,Exp_Trial.thisTrialN,Exp_Trial.thisN,Exp_Trial.thisIndex,thisRow.t,notes,Exp_Intro.started,Exp_Intro_Text.started,Exp_Intro_Press_SPACE_Text.started,Exp_Intro_Press_SPACE.started,Exp_Intro.stopped,Exp_Intro_Press_SPACE.keys,Exp_Intro_Press_SPACE.rt,Exp_Intro_Press_SPACE.duration,Exp_Routine.started,Exp_Routine_ISI.started,Exp_Routine_Statement_Primer.started,Exp_Routine_Statement_Primer.stopped,Exp_Routine_Statement.started,Exp_Routine_Image_Primer.started,Exp_Routine_Image_Primer.stopped,Exp_Routine_Image.started,Exp_Routine_Key_Resp.started,Exp_Routine.stopped,Exp_Routine_Key_Resp.keys,Exp_Routine_Key_Resp.corr,Exp_Routine_Key_Resp.rt,Exp_Routine_Key_Resp.duration,Break.started,Break_Text.started,Break_Text.stopped,Break_Key_Resp.started,Break_Key_Resp.stopped,Break.stopped,Break_Key_Resp.keys,Break_Key_Resp.rt,Break_Key_Resp.duration,Exp_End.started,Exp_End_Text.started,Exp_End_Key_Resp.started,Exp_End.stopped,Exp_End_Key_Resp.keys,Exp_End_Key_Resp.rt,Exp_End_Key_Resp.duration,participant,session,date,expName,psychopyVersion,frameRate,expStart
NA,NA,NA,NA,NA,NA,NA,NA,NA,NA,NA,NA,NA,NA,NA,NA,NA,NA,NA,NA,0.00324849993921816,0.03613759996369481,2.009829999995418,2.009829999995418,5.318814300000668,space,3.2849260000512004,NA,NA,NA,NA,NA,NA,NA,NA,NA,NA,NA,NA,NA,NA,NA,NA,NA,NA,NA,NA,NA,NA,NA,NA,NA,NA,NA,NA,NA,NA,NA,039,001,2025-10-13_14h13.27.489,Study_5_PsychoPy_Experiment,2024.1.5,NA,2025-10-13 14h13.39.032602 +0100
Knowledge,Neg,FALSE,N,NB-TB-K,TT_NB,PsychoPyStudy5Stim/TT_NB_6.png,Adam does NOT KNOW there are TWO cubes,Two,b,h,Y,PropFalse,N,0,0,0,69,5.432179399998859,NA,NA,NA,NA,NA,NA,NA,NA,NA,5.428763499949127,0.10995670000556856,5.533490199944936,5.909050400019623,6.009075199952349,8.00920590001624,8.40920220001135,8.533252299996093,8.533252299996093,9.862204100005329,b,1,1.3209340000757948,NA,9.86387390003074,9.875631300034,9.875631300034,9.875631300034,9.875631300034,9.864558800007217,NA,NA,NA,NA,NA,NA,NA,NA,NA,NA,039,001,2025-10-13_14h13.27.489,Study_5_PsychoPy_Experiment,2024.1.5,NA,2025-10-13 14h13.39.032602 +0100
Knowledge,Reg,FALSE,N,FB-Ig,T_B_T,PsychoPyStudy5Stim/T_B_T_7.png,Adam KNOWS there are ZERO cubes,Zero,b,h,N,PropFalse,N,0,1,1,281,9.875631300034,NA,NA,NA,NA,NA,NA,NA,NA,NA,9.86553680000361,4.2399996891617e-4,9.96801750001032,10.342229899950324,10.44247849995736,12.442309399950318,12.842365499935111,12.944747500005178,12.944747500005178,13.728502599988133,b,1,0.7740762999746948,NA,13.729022199986504,13.74226969992742,13.74226969992742,13.74226969992742,13.74226969992742,13.729560900013894,NA,NA,NA,NA,NA,NA,NA,NA,NA,NA,039,001,2025-10-13_14h13.27.489,Study_5_PsychoPy_Experiment,2024.1.5,NA,2025-10-13 14h13.39.032602 +0100
Knowledge,Reg,FALSE,N,FB-Ig,D_B_T,PsychoPyStudy5Stim/D_B_T_4.png,Adam KNOWS there are TWO cubes,Two,b,h,N,PropFalse,N,0,2,2,294,13.74226969992742,NA,NA,NA,NA,NA,NA,NA,NA,NA,13.7299614000367,3.0300009530037e-4,13.822985299979337,14.192206699983217,14.292492599925026,16.29253299999982,16.69240549998358,16.794680699938908,16.794680699938908,17.54625210002996,b,1,0.7481773999752477,NA,17.54712819994893,17.55889109999407,17.55889109999407,17.55889109999407,17.55889109999407,17.548113900003955,NA,NA,NA,NA,NA,NA,NA,NA,NA,NA,039,001,2025-10-13_14h13.27.489,Study_5_PsychoPy_Experiment,2024.1.5,NA,2025-10-13 14h13.39.032602 +0100
Reality,Reg,TRUE,N,NB-TB-K,DD_NB,PsychoPyStudy5Stim/DD_NB_3.png,"In REALITY, there are ZERO cubes",Zero,h,b,N,-,N,0,3,3,159,17.55889109999407,NA,NA,NA,NA,NA,NA,NA,NA,NA,17.548554499982856,2.4449999909847e-4,17.64661019993946,18.02554910001345,18.12586479994934,20.12580629996955,20.525756599963643,20.628072599996813,20.628072599996813,21.22812129999511,b,0,0.5854437999660149,NA,21.22842329996638,21.242090899962932,21.242090899962932,21.242090899962932,21.242090899962932,21.228739099926315,NA,NA,NA,NA,NA,NA,NA,NA,NA,NA,039,001,2025-10-13_14h13.27.489,Study_5_PsychoPy_Experiment,2024.1.5,NA,2025-10-13 14h13.39.032602 +0100
Belief,Reg,FALSE,N,TB-K-B,TD_B,PsychoPyStudy5Stim/TD_B_8.png,Adam THINKS there are ZERO cubes,Zero,b,h,N,PropFalse,N,0,4,4,270,21.242090899962932,NA,NA,NA,NA,NA,NA,NA,NA,NA,21.228955199941993,1.7220003064721e-4,21.31746559997555,21.69232449994888,21.792447899933904,23.792464199941605,24.192321199923754,24.29470189998392,24.29470189998392,25.21151799999643,h,0,0.903345700004138,NA,25.21183049993124,25.225541300023902,25.225541300023902,25.225541300023902,25.225541300023902,25.212170099955983,NA,NA,NA,NA,NA,NA,NA,NA,NA,NA,039,001,2025-10-13_14h13.27.489,Study_5_PsychoPy_Experiment,2024.1.5,NA,2025-10-13 14h13.39.032602 +0100
Belief,Neg,TRUE,N,NB-TB-K,T_NB,PsychoPyStudy5Stim/T_NB_4.png,Adam does NOT THINK there are TWO cubes,Two,h,b,Y,-,N,0,5,5,39,25.225541300023902,NA,NA,NA,NA,NA,NA,NA,NA,NA,25.212394000031058,1.7720006871968e-4,25.302099899970926,25.675546500016935,25.775805599987507,27.77577890001703,28.175594500033185,28.278062399942428,28.278062399942428,30.695672699948773,h,1,2.4080147000495344,NA,30.69632869993802,30.7088902000105,30.7088902000105,30.7088902000105,30.7088902000105,30.697052699979395,NA,NA,NA,NA,NA,NA,NA,NA,NA,NA,039,001,2025-10-13_14h13.27.489,Study_5_PsychoPy_Experiment,2024.1.5,NA,2025-10-13 14h13.39.032602 +0100
Knowledge,Reg,TRUE,N,NB-TB-K,DD_NB,PsychoPyStudy5Stim/DD_NB_5.png,Adam KNOWS there are ZERO cubes,Zero,h,b,N,-,N,0,6,6,151,30.7088902000105,NA,NA,NA,NA,NA,NA,NA,NA,NA,30.69757269998081,4.0769996121525e-4,30.79999820003286,31.17564399994444,31.275844399933703,33.275599299930036,33.67557009996381,33.77811940002721,33.77811940002721,34.678680500015616,h,1,0.883610500022769,NA,34.67927590000909,34.6922246000031,34.6922246000031,34.6922246000031,34.6922246000031,34.67998000001535,NA,NA,NA,NA,NA,NA,NA,NA,NA,NA,039,001,2025-10-13_14h13.27.489,Study_5_PsychoPy_Experiment,2024.1.5,NA,2025-10-13 14h13.39.032602 +0100
Belief,Reg,FALSE,N,TB-K-B,TD_B,PsychoPyStudy5Stim/TD_B_5.png,Adam THINKS there are ZERO cubes,Zero,b,h,N,PropFalse,N,0,7,7,267,34.6922246000031,NA,NA,NA,NA,NA,NA,NA,NA,NA,34.68044489994645,3.6319997161626e-4,34.77390219992958,35.1589647999499,35.25903219997417,37.25911600003019,37.65897610003594,37.76182090002112,37.76182090002112,38.84542090003379,b,1,1.0761645999737084,NA,38.846011199988425,38.858834599959664,38.858834599959664,38.858834599959664,38.858834599959664,38.84660869999789,NA,NA,NA,NA,NA,NA,NA,NA,NA,NA,039,001,2025-10-13_14h13.27.489,Study_5_PsychoPy_Experiment,2024.1.5,NA,2025-10-13 14h13.39.032602 +0100
Belief,Neg,TRUE,Y,FB-Ig,D_B_T,PsychoPyStudy5Stim/D_B_T_1.png,Adam does NOT THINK there is ONE cube,One,h,b,Y,-,N,0,8,8,24,38.858834599959664,NA,NA,NA,NA,NA,NA,NA,NA,NA,38.847076699952595,3.732000477612e-4,38.96561549999751,39.34201689995825,39.442374799982645,41.44235469994601,41.84237820003182,41.944808500004,41.944808500004,42.9285697999876,h,1,0.981561900000088,NA,42.92902129993308,42.94214529998135,42.94214529998135,42.94214529998135,42.94214529998135,42.929548699990846,NA,NA,NA,NA,NA,NA,NA,NA,NA,NA,039,001,2025-10-13_14h13.27.489,Study_5_PsychoPy_Experiment,2024.1.5,NA,2025-10-13 14h13.39.032602 +0100
Belief,Neg,TRUE,Y,FB-Ig,T_B_T,PsychoPyStudy5Stim/T_B_T_7.png,Adam does NOT THINK there are TWO cubes,Two,h,b,Y,-,N,0,9,9,22,42.94214529998135,NA,NA,NA,NA,NA,NA,NA,NA,NA,42.92988289997447,2.6250001974403e-4,43.01552499993704,43.39230860001408,43.492340600001626,45.49249269999564,45.89219990000129,45.99469149997458,45.99469149997458,47.6949569999706,h,1,1.6914401000831276,NA,47.69542659993749,47.70871789997909,47.70871789997909,47.70871789997909,47.70871789997909,47.695913600036874,NA,NA,NA,NA,NA,NA,NA,NA,NA,NA,039,001,2025-10-13_14h13.27.489,Study_5_PsychoPy_Experiment,2024.1.5,NA,2025-10-13 14h13.39.032602 +0100
Reality,Reg,TRUE,N,FB-Ig,B_TT,PsychoPyStudy5Stim/B_TT_3.png,"In REALITY, there are TWO cubes",Two,h,b,N,-,N,0,10,10,333,47.70871789997909,NA,NA,NA,NA,NA,NA,NA,NA,NA,47.69628879998345,3.0479999259114e-4,47.78940030001104,48.1588352000108,48.2589557999745,50.25892729999032,50.659031599992886,50.7613841999555,50.7613841999555,51.59544259996619,h,1,0.8202707999153063,NA,51.59611049992964,51.60882610001136,51.60882610001136,51.60882610001136,51.60882610001136,51.59684449993074,NA,NA,NA,NA,NA,NA,NA,NA,NA,NA,039,001,2025-10-13_14h13.27.489,Study_5_PsychoPy_Experiment,2024.1.5,NA,2025-10-13 14h13.39.032602 +0100
Belief,Neg,FALSE,N,TB-K,TT_B,PsychoPyStudy5Stim/TT_B_4.png,Adam does NOT THINK there are TWO cubes,Two,b,h,Y,PropFalse,N,0,11,11,99,51.60882610001136,NA,NA,NA,NA,NA,NA,NA,NA,NA,51.59737159998622,4.1109998710453e-4,51.687025999999605,52.05879079992883,52.158772700000554,54.15902130003087,54.559003000031225,54.661335599957965,54.661335599957965,55.34576069994364,b,1,0.6808644999982789,NA,55.34640289994422,55.35880379995797,55.35880379995797,55.35880379995797,55.35880379995797,55.347039100015536,NA,NA,NA,NA,NA,NA,NA,NA,NA,NA,039,001,2025-10-13_14h13.27.489,Study_5_PsychoPy_Experiment,2024.1.5,NA,2025-10-13 14h13.39.032602 +0100
Belief,Neg,FALSE,N,TB-K,TD_B,PsychoPyStudy5Stim/TD_B_3.png,Adam does NOT THINK there is ONE cube,One,b,h,Y,PropFalse,N,0,12,12,122,55.35880379995797,NA,NA,NA,NA,NA,NA,NA,NA,NA,55.3475379999727,3.7450005766004e-4,55.44031800003722,55.82552549999673,55.92567369993776,57.92562410002574,58.32554320001509,58.427802599966526,58.427802599966526,59.61192429997027,b,1,1.1786080000456425,NA,59.612544799922034,59.625376599957235,59.625376599957235,59.625376599957235,59.625376599957235,59.61316149996128,NA,NA,NA,NA,NA,NA,NA,NA,NA,NA,039,001,2025-10-13_14h13.27.489,Study_5_PsychoPy_Experiment,2024.1.5,NA,2025-10-13 14h13.39.032602 +0100
Knowledge,Neg,FALSE,N,NB-TB-K,T_NB,PsychoPyStudy5Stim/T_NB_6.png,Adam does NOT KNOW there is ONE cube,One,b,h,Y,PropFalse,N,0,13,13,45,59.625376599957235,NA,NA,NA,NA,NA,NA,NA,NA,NA,59.61360019992571,3.4319993574172e-4,59.722642199951224,60.09204210003372,60.19238649995532,62.19224989996292,62.5922120999312,62.69442519999575,62.69442519999575,63.66220609995071,b,1,0.9601573999971152,NA,63.66286789998412,63.675432199961506,63.675432199961506,63.675432199961506,63.675432199961506,63.66357560001779,NA,NA,NA,NA,NA,NA,NA,NA,NA,NA,039,001,2025-10-13_14h13.27.489,Study_5_PsychoPy_Experiment,2024.1.5,NA,2025-10-13 14h13.39.032602 +0100
Belief,Reg,FALSE,N,TB-K-B,DD_B,PsychoPyStudy5Stim/DD_B_3.png,Adam THINKS there is ONE cube,One,b,h,N,PropFalse,N,0,14,14,234,63.675432199961506,NA,NA,NA,NA,NA,NA,NA,NA,NA,63.664070099941455,3.8740003947168e-4,63.75568029994611,64.12546539993491,64.22537070000544,66.225477400003,66.62555250001606,66.72795149998274,66.72795149998274,67.3448906999547,b,1,0.6057175999740139,NA,67.34532630001195,67.35872060002293,67.35872060002293,67.35872060002293,67.35872060002293,67.34580190002453,NA,NA,NA,NA,NA,NA,NA,NA,NA,NA,039,001,2025-10-13_14h13.27.489,Study_5_PsychoPy_Experiment,2024.1.5,NA,2025-10-13 14h13.39.032602 +0100
Belief,Reg,TRUE,N,NB-TB-K,DT_NB,PsychoPyStudy5Stim/TD_NB_2.png,Adam THINKS there is ONE cube,One,h,b,N,-,N,0,15,15,166,67.35872060002293,NA,NA,NA,NA,NA,NA,NA,NA,NA,67.34613469999749,2.6249990332871e-4,67.42458039999474,67.8085931999376,67.90870589995757,69.90890159993432,70.30887009995058,70.41133199993055,70.41133199993055,71.16210119996686,h,1,0.7471212999662384,NA,71.16277549997903,71.17541779996827,71.17541779996827,71.17541779996827,71.17541779996827,71.16355079994537,NA,NA,NA,NA,NA,NA,NA,NA,NA,NA,039,001,2025-10-13_14h13.27.489,Study_5_PsychoPy_Experiment,2024.1.5,NA,2025-10-13 14h13.39.032602 +0100
Belief,Reg,FALSE,N,FB-Ig,T_B_T,PsychoPyStudy5Stim/T_B_T_8.png,Adam THINKS there are ZERO cubes,Zero,b,h,N,PropFalse,N,0,16,16,290,71.17541779996827,NA,NA,NA,NA,NA,NA,NA,NA,NA,71.16410579998046,4.4340000022202e-4,71.2681868999498,71.64191160001792,71.74200939992443,73.74230559996795,74.14216059993487,74.24462629994377,74.24462629994377,76.06209579994902,b,1,1.809196599991992,NA,76.0626634999644,76.07540730002802,76.07540730002802,76.07540730002802,76.07540730002802,76.0632824000204,NA,NA,NA,NA,NA,NA,NA,NA,NA,NA,039,001,2025-10-13_14h13.27.489,Study_5_PsychoPy_Experiment,2024.1.5,NA,2025-10-13 14h13.39.032602 +0100
Knowledge,Neg,TRUE,N,TB-K,TT_B,PsychoPyStudy5Stim/TT_B_2.png,Adam does NOT KNOW there is ONE cube,One,h,b,Y,-,N,0,17,17,81,76.07540730002802,NA,NA,NA,NA,NA,NA,NA,NA,NA,76.06372670002747,3.4899997990578e-4,76.15358079993166,76.52526769996621,76.6253163999645,78.62560839997604,79.02552879997529,79.12811049993616,79.12811049993616,79.81200949999038,b,0,0.6779855000786483,NA,79.81263519998174,79.82538499997463,79.82538499997463,79.82538499997463,79.82538499997463,79.81330609996803,NA,NA,NA,NA,NA,NA,NA,NA,NA,NA,039,001,2025-10-13_14h13.27.489,Study_5_PsychoPy_Experiment,2024.1.5,NA,2025-10-13 14h13.39.032602 +0100
Belief,Reg,TRUE,N,NB-TB-K,TT_NB,PsychoPyStudy5Stim/TT_NB_6.png,Adam THINKS there are TWO cubes,Two,h,b,N,-,N,0,18,18,178,79.82538499997463,NA,NA,NA,NA,NA,NA,NA,NA,NA,79.81379669997841,3.8450001738965e-4,79.89650499995332,80.27522429998498,80.37554519996047,82.37533189996611,82.77547150000464,82.87771629996132,82.87771629996132,83.51203899993561,h,1,0.6245843999786302,NA,83.51270620001014,83.52537369995844,83.52537369995844,83.52537369995844,83.52537369995844,83.51344879996032,NA,NA,NA,NA,NA,NA,NA,NA,NA,NA,039,001,2025-10-13_14h13.27.489,Study_5_PsychoPy_Experiment,2024.1.5,NA,2025-10-13 14h13.39.032602 +0100
Belief,Reg,FALSE,N,FB-Ig,D_B_T,PsychoPyStudy5Stim/D_B_T_4.png,Adam THINKS there are TWO cubes,Two,b,h,N,PropFalse,N,0,19,19,302,83.52537369995844,NA,NA,NA,NA,NA,NA,NA,NA,NA,83.51397139998153,4.0769996121525e-4,83.59587660001125,83.97541890002321,84.07557689992245,86.07557099999394,86.47542169992812,86.57770509994589,86.57770509994589,87.29489799996372,b,1,0.707706099958159,NA,87.29533090000041,87.30861960002221,87.30861960002221,87.30861960002221,87.30861960002221,87.29580129997339,NA,NA,NA,NA,NA,NA,NA,NA,NA,NA,039,001,2025-10-13_14h13.27.489,Study_5_PsychoPy_Experiment,2024.1.5,NA,2025-10-13 14h13.39.032602 +0100
Reality,Reg,TRUE,N,FB-Ig,B_TT,PsychoPyStudy5Stim/B_TT_1.png,"In REALITY, there are TWO cubes",Two,h,b,N,-,N,0,20,20,331,87.30861960002221,NA,NA,NA,NA,NA,NA,NA,NA,NA,87.29613509995397,2.6490003801882e-4,87.38243569992483,87.75875649997033,87.8588736000238,89.85886129993014,90.25873619993216,90.36124470003416,90.36124470003416,90.94616459996904,h,1,0.5822177000809461,NA,90.9469998999266,90.95873179996852,90.95873179996852,90.95873179996852,90.95873179996852,90.9479995999718,NA,NA,NA,NA,NA,NA,NA,NA,NA,NA,039,001,2025-10-13_14h13.27.489,Study_5_PsychoPy_Experiment,2024.1.5,NA,2025-10-13 14h13.39.032602 +0100
Belief,Reg,FALSE,N,TB-K-B,TD_B,PsychoPyStudy5Stim/TD_B_4.png,Adam THINKS there are ZERO cubes,Zero,b,h,N,PropFalse,N,0,21,21,266,90.95873179996852,NA,NA,NA,NA,NA,NA,NA,NA,NA,90.94874130003154,5.6519999634474e-4,91.0368355999235,91.40845789993182,91.50854820001403,93.5086988999974,93.90880750003272,94.01107270002832,94.01107270002832,95.1115764999995,b,1,1.083475399995223,NA,95.11209249997046,95.12528989999556,95.12528989999556,95.12528989999556,95.12528989999556,95.1126484000124,NA,NA,NA,NA,NA,NA,NA,NA,NA,NA,039,001,2025-10-13_14h13.27.489,Study_5_PsychoPy_Experiment,2024.1.5,NA,2025-10-13 14h13.39.032602 +0100
Belief,Reg,TRUE,N,TB-K-B,DD_B,PsychoPyStudy5Stim/DD_B_2.png,Adam THINKS there are ZERO cubes,Zero,h,b,N,-,N,0,22,22,227,95.12528989999556,NA,NA,NA,NA,NA,NA,NA,NA,NA,95.1130458000116,3.1280005350708e-4,95.21671499998774,95.59181719995104,95.69194729998708,97.69195340003353,98.09217740001624,98.19449289992916,98.19449289992916,98.87870879995172,b,0,0.675391299999319,NA,98.87934500002302,98.89192009996624,98.89192009996624,98.89192009996624,98.89192009996624,98.8800462000072,NA,NA,NA,NA,NA,NA,NA,NA,NA,NA,039,001,2025-10-13_14h13.27.489,Study_5_PsychoPy_Experiment,2024.1.5,NA,2025-10-13 14h13.39.032602 +0100
Belief,Neg,FALSE,N,TB-K,TD_B,PsychoPyStudy5Stim/TD_B_6.png,Adam does NOT THINK there is ONE cube,One,b,h,Y,PropFalse,N,0,23,23,125,98.89192009996624,NA,NA,NA,NA,NA,NA,NA,NA,NA,98.88054329995066,3.8910005241632e-4,98.96710609993896,99.34207769995557,99.44205950002652,101.44216490001418,101.84213000000454,101.94451739999931,101.94451739999931,104.09530099993572,b,1,2.1494388999417424,NA,104.09591489995364,104.10863249993416,104.10863249993416,104.10863249993416,104.10863249993416,104.096528199967,NA,NA,NA,NA,NA,NA,NA,NA,NA,NA,039,001,2025-10-13_14h13.27.489,Study_5_PsychoPy_Experiment,2024.1.5,NA,2025-10-13 14h13.39.032602 +0100
Knowledge,Neg,FALSE,N,TB-K,TT_B,PsychoPyStudy5Stim/TT_B_1.png,Adam does NOT KNOW there are TWO cubes,Two,b,h,Y,PropFalse,N,0,24,24,88,104.10863249993416,NA,NA,NA,NA,NA,NA,NA,NA,NA,104.09700519999024,3.80500103347e-4,104.19809009996244,104.57509449997453,104.67536999995356,106.6754258000292,107.07539509993512,107.17781779996584,107.17781779996584,108.1284263000125,b,1,0.9402398000238464,NA,108.12891850003508,108.14190579997376,108.14190579997376,108.14190579997376,108.14190579997376,108.12951869994868,NA,NA,NA,NA,NA,NA,NA,NA,NA,NA,039,001,2025-10-13_14h13.27.489,Study_5_PsychoPy_Experiment,2024.1.5,NA,2025-10-13 14h13.39.032602 +0100
Belief,Neg,TRUE,N,TB-K,TT_B,PsychoPyStudy5Stim/TT_B_1.png,Adam does NOT THINK there is ONE cube,One,h,b,Y,-,N,0,25,25,84,108.14190579997376,NA,NA,NA,NA,NA,NA,NA,NA,NA,108.12989829992875,2.9580004047602e-4,108.22336339997128,108.60855130001435,108.70883909997065,110.70874559995718,111.10872899997048,111.21115769993048,111.21115769993048,112.71117959998082,b,0,1.483973899972625,NA,112.71147380000912,112.72513839998282,112.72513839998282,112.72513839998282,112.72513839998282,112.71179450000636,NA,NA,NA,NA,NA,NA,NA,NA,NA,NA,039,001,2025-10-13_14h13.27.489,Study_5_PsychoPy_Experiment,2024.1.5,NA,2025-10-13 14h13.39.032602 +0100
Knowledge,Reg,TRUE,N,NB-TB-K,D_NB,PsychoPyStudy5Stim/D_NB_5.png,Adam KNOWS there are ZERO cubes,Zero,h,b,N,-,N,0,26,26,132,112.72513839998282,NA,NA,NA,NA,NA,NA,NA,NA,NA,112.71200339996722,1.6699999105185e-4,112.81323039997368,113.19170179998036,113.29186050000136,115.292124300031,115.69207180000376,115.79426280001644,115.79426280001644,117.09574070002418,h,1,1.2919212999986485,NA,117.0965484000044,117.10865920002108,117.10865920002108,117.10865920002108,117.10865920002108,117.09746029996312,NA,NA,NA,NA,NA,NA,NA,NA,NA,NA,039,001,2025-10-13_14h13.27.489,Study_5_PsychoPy_Experiment,2024.1.5,NA,2025-10-13 14h13.39.032602 +0100
Knowledge,Reg,FALSE,N,TB-Ig,D_B,PsychoPyStudy5Stim/D_B_3.png,Adam KNOWS there are ZERO cubes,Zero,b,h,N,PropTrueNoKnow,Y,0,27,27,199,117.10865920002108,NA,NA,NA,NA,NA,NA,NA,NA,NA,117.09810790000483,5.0790002569556e-4,117.18555920000654,117.55853879998904,117.65880600002129,119.65863189997616,120.0586349000223,120.16115059994628,120.16115059994628,120.99505519995,h,0,0.8205284000141546,NA,120.99556379998104,121.0085183000192,121.0085183000192,121.0085183000192,121.0085183000192,120.99613560002764,NA,NA,NA,NA,NA,NA,NA,NA,NA,NA,039,001,2025-10-13_14h13.27.489,Study_5_PsychoPy_Experiment,2024.1.5,NA,2025-10-13 14h13.39.032602 +0100
Knowledge,Neg,TRUE,Y,FB-Ig,D_B_T,PsychoPyStudy5Stim/D_B_T_1.png,Adam does NOT KNOW there is ONE cube,One,h,b,Y,-,N,0,28,28,8,121.0085183000192,NA,NA,NA,NA,NA,NA,NA,NA,NA,120.99653330002911,3.3089995849877e-4,121.08848149992993,121.45859890000428,121.55869400000664,123.55863829993176,123.95863180002198,124.06100769992918,124.06100769992918,124.86180419998708,b,0,0.7929874999681488,NA,124.8623999999836,124.87518510001246,124.87518510001246,124.87518510001246,124.87518510001246,124.8630298000062,NA,NA,NA,NA,NA,NA,NA,NA,NA,NA,039,001,2025-10-13_14h13.27.489,Study_5_PsychoPy_Experiment,2024.1.5,NA,2025-10-13 14h13.39.032602 +0100
Belief,Reg,FALSE,N,NB-TB-K,DD_NB,PsychoPyStudy5Stim/DD_NB_1.png,Adam THINKS there is ONE cube,One,b,h,N,PropFalse,N,0,29,29,157,124.87518510001246,NA,NA,NA,NA,NA,NA,NA,NA,NA,124.86348029994406,3.4999998752027e-4,124.9707470999565,125.34169149992522,125.44179620000068,127.44201979995704,127.84199520002583,127.94442900002468,127.94442900002468,129.34515810001176,b,1,1.397368100006133,NA,129.34576609998476,129.35850400000345,129.35850400000345,129.35850400000345,129.35850400000345,129.34639399999287,NA,NA,NA,NA,NA,NA,NA,NA,NA,NA,039,001,2025-10-13_14h13.27.489,Study_5_PsychoPy_Experiment,2024.1.5,NA,2025-10-13 14h13.39.032602 +0100
Belief,Reg,TRUE,N,TB-Ig,D_B,PsychoPyStudy5Stim/D_B_D_2.png,Adam THINKS there are ZERO cubes,Zero,h,b,N,-,Y,0,30,30,210,129.35850400000345,NA,NA,NA,NA,NA,NA,NA,NA,NA,129.34684200002812,3.5149999894201e-4,129.43965299997944,129.8249784000218,129.92523699998856,131.9253955000313,132.3253094999818,132.42771409999114,132.42771409999114,133.62821689993143,h,1,1.1861157999373972,NA,133.62870739994105,133.6418401999399,133.6418401999399,133.6418401999399,133.6418401999399,133.62929359998088,NA,NA,NA,NA,NA,NA,NA,NA,NA,NA,039,001,2025-10-13_14h13.27.489,Study_5_PsychoPy_Experiment,2024.1.5,NA,2025-10-13 14h13.39.032602 +0100
Reality,Reg,TRUE,N,TB-K-B,TD_B,PsychoPyStudy5Stim/TD_B_2.png,"In REALITY, there is ONE cube",One,h,b,N,-,N,0,31,31,271,133.6418401999399,NA,NA,NA,NA,NA,NA,NA,NA,NA,133.62967689998914,3.0189997050911e-4,133.7203317999374,134.0916627999395,134.19175949995406,136.19198909995612,136.59190270002,136.69445459998678,136.69445459998678,137.44486219994724,h,1,0.7439561999635771,NA,137.44536150002386,137.45845769997686,137.45845769997686,137.45845769997686,137.45845769997686,137.44589820003603,NA,NA,NA,NA,NA,NA,NA,NA,NA,NA,039,001,2025-10-13_14h13.27.489,Study_5_PsychoPy_Experiment,2024.1.5,NA,2025-10-13 14h13.39.032602 +0100
Reality,Reg,TRUE,N,FB-Ig,B_TT,PsychoPyStudy5Stim/B_TT_2.png,"In REALITY, there are TWO cubes",Two,h,b,N,-,N,0,32,32,332,137.45845769997686,NA,NA,NA,NA,NA,NA,NA,NA,NA,137.44627750001382,2.9770005494356e-4,137.53701319999527,137.90844309993554,138.00853420002386,140.00865149998572,140.4086607999634,140.51099520002026,140.51099520002026,141.1946398,h,1,0.6802785000763834,NA,141.19494519999716,141.20829740003683,141.20829740003683,141.20829740003683,141.20829740003683,141.19526760000736,NA,NA,NA,NA,NA,NA,NA,NA,NA,NA,039,001,2025-10-13_14h13.27.489,Study_5_PsychoPy_Experiment,2024.1.5,NA,2025-10-13 14h13.39.032602 +0100
Belief,Reg,TRUE,N,NB-TB-K,TT_NB,PsychoPyStudy5Stim/TT_NB_7.png,Adam THINKS there are TWO cubes,Two,h,b,N,-,N,0,33,33,179,141.20829740003683,NA,NA,NA,NA,NA,NA,NA,NA,NA,141.1954777999781,1.672999933362e-4,141.28226350003388,141.65882010001224,141.75883589999285,143.75858439994045,144.15856389992405,144.2609351000283,144.2609351000283,145.2618365000235,h,1,0.9927771999500692,NA,145.26250569999684,145.27521689992864,145.27521689992864,145.27521689992864,145.27521689992864,145.26326389994938,NA,NA,NA,NA,NA,NA,NA,NA,NA,NA,039,001,2025-10-13_14h13.27.489,Study_5_PsychoPy_Experiment,2024.1.5,NA,2025-10-13 14h13.39.032602 +0100
Knowledge,Reg,TRUE,N,TB-K-B,TD_B,PsychoPyStudy5Stim/TD_B_5.png,Adam KNOWS there is ONE cube,One,h,b,N,-,N,0,34,34,255,145.27521689992864,NA,NA,NA,NA,NA,NA,NA,NA,NA,145.26382869994268,4.5099994167685e-4,145.36045459995512,145.7418720999267,145.8419600999914,147.8418798999628,148.24187609995715,148.3445756000001,148.3445756000001,149.11175719997846,h,1,0.7499244000064209,NA,149.11249169998337,149.12514789996203,149.12514789996203,149.12514789996203,149.12514789996203,149.11322319996543,NA,NA,NA,NA,NA,NA,NA,NA,NA,NA,039,001,2025-10-13_14h13.27.489,Study_5_PsychoPy_Experiment,2024.1.5,NA,2025-10-13 14h13.39.032602 +0100
Knowledge,Neg,TRUE,Y,FB-Ig,D_B_T,PsychoPyStudy5Stim/D_B_T_2.png,Adam does NOT KNOW there is ONE cube,One,h,b,Y,-,N,0,35,35,9,149.12514789996203,NA,NA,NA,NA,NA,NA,NA,NA,NA,149.1137854999397,4.1519990190863e-4,149.20156269997824,149.574894499965,149.6750581000233,151.67529649997596,152.07518099993467,152.17747609992512,152.17747609992512,153.3117696000263,h,1,1.1167961999308318,NA,153.31244659994263,153.32515839999542,153.32515839999542,153.32515839999542,153.32515839999542,153.31319070002064,NA,NA,NA,NA,NA,NA,NA,NA,NA,NA,039,001,2025-10-13_14h13.27.489,Study_5_PsychoPy_Experiment,2024.1.5,NA,2025-10-13 14h13.39.032602 +0100
Belief,Neg,TRUE,Y,FB-Ig,D_B_T,PsychoPyStudy5Stim/D_B_T_7.png,Adam does NOT THINK there is ONE cube,One,h,b,Y,-,N,0,36,36,30,153.32515839999542,NA,NA,NA,NA,NA,NA,NA,NA,NA,153.31371090002358,4.0680007077753e-4,153.42018959997222,153.79183360002935,153.8919467999367,155.8919480999466,156.2917701000115,156.3943332999479,156.3943332999479,157.2617926999228,h,1,0.8591818000422791,NA,157.26250740000978,157.27512969996314,157.27512969996314,157.27512969996314,157.27512969996314,157.26322319998872,NA,NA,NA,NA,NA,NA,NA,NA,NA,NA,039,001,2025-10-13_14h13.27.489,Study_5_PsychoPy_Experiment,2024.1.5,NA,2025-10-13 14h13.39.032602 +0100
Knowledge,Neg,TRUE,N,TB-K,TD_B,PsychoPyStudy5Stim/TD_B_1.png,Adam does NOT KNOW there are TWO cubes,Two,h,b,Y,-,N,0,37,37,104,157.27512969996314,NA,NA,NA,NA,NA,NA,NA,NA,NA,157.2637838999508,4.1699991561472e-4,157.37180770002306,157.7418698000256,157.84195299993735,159.84192040003836,160.2419266999932,160.34427639993373,160.34427639993373,161.06178190000355,b,0,0.7007999999914318,NA,161.06241369992495,161.07503569999244,161.07503569999244,161.07503569999244,161.07503569999244,161.06310259993188,NA,NA,NA,NA,NA,NA,NA,NA,NA,NA,039,001,2025-10-13_14h13.27.489,Study_5_PsychoPy_Experiment,2024.1.5,NA,2025-10-13 14h13.39.032602 +0100
Knowledge,Reg,TRUE,N,NB-TB-K,TT_NB,PsychoPyStudy5Stim/TT_NB_8.png,Adam KNOWS there are TWO cubes,Two,h,b,N,-,N,0,38,38,174,161.07503569999244,NA,NA,NA,NA,NA,NA,NA,NA,NA,161.0635903000366,3.8179999683052e-4,161.15805319999345,161.54181989992503,161.64181649999227,163.64188260002993,164.04192290001083,164.14431869995315,164.14431869995315,164.77785249997396,h,1,0.630200499901548,NA,164.77824969997164,164.79164519999176,164.79164519999176,164.79164519999176,164.79164519999176,164.77868200000376,NA,NA,NA,NA,NA,NA,NA,NA,NA,NA,039,001,2025-10-13_14h13.27.489,Study_5_PsychoPy_Experiment,2024.1.5,NA,2025-10-13 14h13.39.032602 +0100
Belief,Reg,FALSE,N,FB-Ig,T_B_T,PsychoPyStudy5Stim/T_B_T_4.png,Adam THINKS there are ZERO cubes,Zero,b,h,N,PropFalse,N,0,39,39,286,164.79164519999176,NA,NA,NA,NA,NA,NA,NA,NA,NA,164.7789832999697,2.3950007744133e-4,164.87249069998506,165.24163890001364,165.34167639992663,167.3419137999881,167.74189109995496,167.84415789996274,167.84415789996274,169.3782161999261,b,1,1.5218641000101345,NA,169.37878759996966,169.39173040003516,169.39173040003516,169.39173040003516,169.39173040003516,169.37941289995797,NA,NA,NA,NA,NA,NA,NA,NA,NA,NA,039,001,2025-10-13_14h13.27.489,Study_5_PsychoPy_Experiment,2024.1.5,NA,2025-10-13 14h13.39.032602 +0100
Knowledge,Reg,TRUE,N,NB-TB-K,D_NB,PsychoPyStudy5Stim/D_NB_1.png,Adam KNOWS there are ZERO cubes,Zero,h,b,N,-,N,0,40,40,128,169.39173040003516,NA,NA,NA,NA,NA,NA,NA,NA,NA,169.37985539995134,3.7099991459399e-4,169.46808030002285,169.841685899999,169.94198799994774,171.9419514000183,172.34184030001052,172.44424179999623,172.44424179999623,173.3118428000016,h,1,0.8655858000274748,NA,173.31252369994763,173.32505809993015,173.32505809993015,173.32505809993015,173.32505809993015,173.31324879999738,NA,NA,NA,NA,NA,NA,NA,NA,NA,NA,039,001,2025-10-13_14h13.27.489,Study_5_PsychoPy_Experiment,2024.1.5,NA,2025-10-13 14h13.39.032602 +0100
Belief,Reg,TRUE,N,NB-TB-K,DT_NB,PsychoPyStudy5Stim/TD_NB_1.png,Adam THINKS there is ONE cube,One,h,b,N,-,N,0,41,41,165,173.32505809993015,NA,NA,NA,NA,NA,NA,NA,NA,NA,173.3137801999692,4.1440001223236e-4,173.40096300002187,173.77502729999833,173.87519159994554,175.875231300015,176.27516830002423,176.37757040001452,176.37757040001452,177.14484149997588,h,1,0.7567402999848127,NA,177.14543609996326,177.15833619993646,177.15833619993646,177.15833619993646,177.15833619993646,177.14603429997806,NA,NA,NA,NA,NA,NA,NA,NA,NA,NA,039,001,2025-10-13_14h13.27.489,Study_5_PsychoPy_Experiment,2024.1.5,NA,2025-10-13 14h13.39.032602 +0100
Belief,Reg,FALSE,N,FB-Ig,T_B_T,PsychoPyStudy5Stim/T_B_T_7.png,Adam THINKS there are ZERO cubes,Zero,b,h,N,PropFalse,N,0,42,42,289,177.15833619993646,NA,NA,NA,NA,NA,NA,NA,NA,NA,177.14650589996018,3.7739996332675e-4,177.23251160001382,177.60842740000226,177.7085310999537,179.70854779996444,180.10848830000032,180.21087289997377,180.21087289997377,181.11200449999887,b,1,0.899041699944064,NA,181.1127200999763,181.12502489995677,181.12502489995677,181.12502489995677,181.12502489995677,181.11344749992713,NA,NA,NA,NA,NA,NA,NA,NA,NA,NA,039,001,2025-10-13_14h13.27.489,Study_5_PsychoPy_Experiment,2024.1.5,NA,2025-10-13 14h13.39.032602 +0100
Knowledge,Neg,TRUE,Y,FB-Ig,T_B_T,PsychoPyStudy5Stim/T_B_T_8.png,Adam does NOT KNOW there are TWO cubes,Two,h,b,Y,-,N,0,43,43,7,181.12502489995677,NA,NA,NA,NA,NA,NA,NA,NA,NA,181.11400649999268,4.1380000766366e-4,181.2107435000362,181.591736100032,181.69206539995503,183.6918646999402,184.0916814999655,184.1942673999583,184.1942673999583,184.9447890999727,b,0,0.7390887999208644,NA,184.9452793999808,184.95832299999893,184.95832299999893,184.95832299999893,184.95832299999893,184.94581870001275,NA,NA,NA,NA,NA,NA,NA,NA,NA,NA,039,001,2025-10-13_14h13.27.489,Study_5_PsychoPy_Experiment,2024.1.5,NA,2025-10-13 14h13.39.032602 +0100
Belief,Neg,FALSE,N,TB-K,TD_B,PsychoPyStudy5Stim/TD_B_2.png,Adam does NOT THINK there is ONE cube,One,b,h,Y,PropFalse,N,0,44,44,121,184.95832299999893,NA,NA,NA,NA,NA,NA,NA,NA,NA,184.94619529997,2.9589992482215e-4,185.04175989993385,185.42507480003405,185.52520439994987,187.52511159994177,187.9252471999498,188.02764859993476,188.02764859993476,188.8786434000358,b,1,0.8495222000638023,NA,188.87930669996425,188.8916816000128,188.8916816000128,188.8916816000128,188.8916816000128,188.8800135999918,NA,NA,NA,NA,NA,NA,NA,NA,NA,NA,039,001,2025-10-13_14h13.27.489,Study_5_PsychoPy_Experiment,2024.1.5,NA,2025-10-13 14h13.39.032602 +0100
Reality,Reg,FALSE,N,TB-Ig,D_B,PsychoPyStudy5Stim/D_B_D_3.png,"In REALTY, there are TWO cubes",Two,b,h,N,NA,N,0,45,45,214,188.8916816000128,NA,NA,NA,NA,NA,NA,NA,NA,NA,188.88051409996115,3.9259996265172e-4,188.97662710002623,189.35834609996527,189.45848729996945,191.4584352999227,191.8584391999757,191.96079549996648,191.96079549996648,192.64502259995788,b,1,0.668419299996458,NA,192.64568790001795,192.6583241999615,192.6583241999615,192.6583241999615,192.6583241999615,192.64642609993464,NA,NA,NA,NA,NA,NA,NA,NA,NA,NA,039,001,2025-10-13_14h13.27.489,Study_5_PsychoPy_Experiment,2024.1.5,NA,2025-10-13 14h13.39.032602 +0100
Belief,Reg,FALSE,N,NB-TB-K,DD_NB,PsychoPyStudy5Stim/DD_NB_2.png,Adam THINKS there is ONE cube,One,b,h,N,PropFalse,N,0,46,46,158,192.6583241999615,NA,NA,NA,NA,NA,NA,NA,NA,NA,192.64694949996192,4.1019998025149e-4,192.75207980000417,193.12513990001753,193.22505809995343,195.22511480003595,195.6250594999874,195.7277458999306,195.7277458999306,196.34422460000496,b,1,0.6060171999270096,NA,196.3445319000166,196.35822149994783,196.35822149994783,196.35822149994783,196.35822149994783,196.34486930002456,NA,NA,NA,NA,NA,NA,NA,NA,NA,NA,039,001,2025-10-13_14h13.27.489,Study_5_PsychoPy_Experiment,2024.1.5,NA,2025-10-13 14h13.39.032602 +0100
Knowledge,Neg,TRUE,N,TB-K,TT_B,PsychoPyStudy5Stim/TT_B_3.png,Adam does NOT KNOW there is ONE cube,One,h,b,Y,-,N,0,47,47,82,196.35822149994783,NA,NA,NA,NA,NA,NA,NA,NA,NA,196.34509299998172,1.7839996144175e-4,196.4353598000016,196.8084164999891,196.90849479997996,198.90839190001137,199.30845519993457,199.4110772999702,199.4110772999702,200.0619520000182,b,0,0.6427409000461921,NA,200.06281709996983,200.07492859999184,200.07492859999184,200.07492859999184,200.07492859999184,200.0637149999384,NA,NA,NA,NA,NA,NA,NA,NA,NA,NA,039,001,2025-10-13_14h13.27.489,Study_5_PsychoPy_Experiment,2024.1.5,NA,2025-10-13 14h13.39.032602 +0100
Knowledge,Neg,FALSE,N,TB-K,TD_B,PsychoPyStudy5Stim/TD_B_6.png,Adam does NOT KNOW there is ONE cube,One,b,h,Y,PropFalse,N,0,48,48,117,200.07492859999184,NA,NA,NA,NA,NA,NA,NA,NA,NA,200.06437329994515,5.1069993060082e-4,200.1546512999339,200.5249502999941,200.62509069999217,202.625164499972,203.0250544999726,203.12738900003023,203.12738900003023,204.74477639992256,b,1,1.6064851999981329,NA,204.7453493999783,204.75819820002653,204.75819820002653,204.75819820002653,204.75819820002653,204.74595369992312,NA,NA,NA,NA,NA,NA,NA,NA,NA,NA,039,001,2025-10-13_14h13.27.489,Study_5_PsychoPy_Experiment,2024.1.5,NA,2025-10-13 14h13.39.032602 +0100
Knowledge,Neg,TRUE,Y,FB-Ig,D_B_T,PsychoPyStudy5Stim/D_B_T_6.png,Adam does NOT KNOW there is ONE cube,One,h,b,Y,-,N,0,49,49,13,204.75819820002653,NA,NA,NA,NA,NA,NA,NA,NA,NA,204.7464000999462,3.5049999132752e-4,204.83312079997268,205.20831010001712,205.30849790002685,207.30833929998337,207.7084402999608,207.81085150002036,207.81085150002036,208.2442677000072,h,1,0.4189137000357732,NA,208.24455930001568,208.25821899995208,208.25821899995208,208.25821899995208,208.25821899995208,208.24488000001293,NA,NA,NA,NA,NA,NA,NA,NA,NA,NA,039,001,2025-10-13_14h13.27.489,Study_5_PsychoPy_Experiment,2024.1.5,NA,2025-10-13 14h13.39.032602 +0100
Knowledge,Neg,TRUE,Y,FB-Ig,T_B_T,PsychoPyStudy5Stim/T_B_T_7.png,Adam does NOT KNOW there are TWO cubes,Two,h,b,Y,-,N,0,50,50,6,208.25821899995208,NA,NA,NA,NA,NA,NA,NA,NA,NA,208.24509029998444,1.6719999257475e-4,208.3302902999567,208.7081438000314,208.80821359995753,210.80833559995517,211.2084310000064,211.3107936999295,211.3107936999295,212.26138519996312,h,1,0.9425245000747964,NA,212.2619538999861,212.2748865999747,212.2748865999747,212.2748865999747,212.2748865999747,212.2625515999971,NA,NA,NA,NA,NA,NA,NA,NA,NA,NA,039,001,2025-10-13_14h13.27.489,Study_5_PsychoPy_Experiment,2024.1.5,NA,2025-10-13 14h13.39.032602 +0100
Reality,Reg,FALSE,N,FB-Ig,B_TT,PsychoPyStudy5Stim/B_TT_5.png,"In REALITY, there is ONE cube",One,b,h,N,-,N,0,51,51,335,212.2748865999747,NA,NA,NA,NA,NA,NA,NA,NA,NA,212.2629958000034,3.4989998675882e-4,212.35895469994284,212.74165779992472,212.84159470000304,214.84163519996216,215.24164289992768,215.34412479994353,215.34412479994353,217.06148209993265,b,1,1.7099198999349028,NA,217.06207959994208,217.0748887000373,217.0748887000373,217.0748887000373,217.0748887000373,217.0626937999623,NA,NA,NA,NA,NA,NA,NA,NA,NA,NA,039,001,2025-10-13_14h13.27.489,Study_5_PsychoPy_Experiment,2024.1.5,NA,2025-10-13 14h13.39.032602 +0100
Belief,Reg,FALSE,N,FB-Ig,D_B_T,PsychoPyStudy5Stim/D_B_T_8.png,Adam THINKS there are TWO cubes,Two,b,h,N,PropFalse,N,0,52,52,306,217.0748887000373,NA,NA,NA,NA,NA,NA,NA,NA,NA,217.06316499994136,3.7799996789544e-4,217.16031289997045,217.54151719994843,217.64176050003152,219.64169259998016,220.04171539994425,220.14405140001327,220.14405140001327,220.72821610001847,b,1,0.5824075000127777,NA,220.72879940003625,220.74144589994103,220.74144589994103,220.74144589994103,220.74144589994103,220.7294993000105,NA,NA,NA,NA,NA,NA,NA,NA,NA,NA,039,001,2025-10-13_14h13.27.489,Study_5_PsychoPy_Experiment,2024.1.5,NA,2025-10-13 14h13.39.032602 +0100
Belief,Neg,TRUE,Y,FB-Ig,T_B_T,PsychoPyStudy5Stim/T_B_T_6.png,Adam does NOT THINK there are TWO cubes,Two,h,b,Y,-,N,0,53,53,21,220.74144589994103,NA,NA,NA,NA,NA,NA,NA,NA,NA,220.72994719992855,3.529000096023e-4,220.8177586999955,221.1915888999356,221.29175869992469,223.2917149999412,223.6916977999499,223.79410389997065,223.79410389997065,225.0781611999264,b,0,1.267034300020896,NA,225.0787695000181,225.09155579993967,225.09155579993967,225.09155579993967,225.09155579993967,225.07944529992528,NA,NA,NA,NA,NA,NA,NA,NA,NA,NA,039,001,2025-10-13_14h13.27.489,Study_5_PsychoPy_Experiment,2024.1.5,NA,2025-10-13 14h13.39.032602 +0100
Belief,Reg,TRUE,N,TB-K-B,TD_B,PsychoPyStudy5Stim/TD_B_8.png,Adam THINKS there is ONE cube,One,h,b,N,-,N,0,54,54,262,225.09155579993967,NA,NA,NA,NA,NA,NA,NA,NA,NA,225.0799381999532,3.9200007449835e-4,225.1781200999394,225.55822130001616,225.65819180000108,227.6582254000241,228.0583789999364,228.1607341000345,228.1607341000345,228.81133609998503,h,1,0.6368891999591142,NA,228.81199099996593,228.8248440999305,228.8248440999305,228.8248440999305,228.8248440999305,228.81262819992844,NA,NA,NA,NA,NA,NA,NA,NA,NA,NA,039,001,2025-10-13_14h13.27.489,Study_5_PsychoPy_Experiment,2024.1.5,NA,2025-10-13 14h13.39.032602 +0100
Knowledge,Reg,FALSE,N,FB-Ig,B_TT,PsychoPyStudy5Stim/B_TT_4.png,Adam KNOWS there are ZERO cubes,Zero,b,h,N,PropTrueNoKnow,Y,0,55,55,324,228.8248440999305,NA,NA,NA,NA,NA,NA,NA,NA,NA,228.81312880001497,3.9129995275288e-4,228.90853230003268,229.2916825999273,229.39181960001588,231.3916727999458,231.79161730001215,231.8938397000311,231.8938397000311,232.91117859992664,h,0,1.0000200000358743,NA,232.91169169999193,232.92478729994036,232.92478729994036,232.92478729994036,232.92478729994036,232.91223539994095,NA,NA,NA,NA,NA,NA,NA,NA,NA,NA,039,001,2025-10-13_14h13.27.489,Study_5_PsychoPy_Experiment,2024.1.5,NA,2025-10-13 14h13.39.032602 +0100
Knowledge,Reg,FALSE,N,FB-Ig,T_B_T,PsychoPyStudy5Stim/T_B_T_4.png,Adam KNOWS there are ZERO cubes,Zero,b,h,N,PropFalse,N,0,56,56,278,232.92478729994036,NA,NA,NA,NA,NA,NA,NA,NA,NA,232.912625500001,3.0790001619607e-4,233.00316219998055,233.3749278000323,233.4750226000324,235.4750210000202,235.87487199995667,235.97773569996937,235.97773569996937,236.6616456999909,b,1,0.6677911999868229,NA,236.6623122999445,236.67486829997503,236.67486829997503,236.67486829997503,236.67486829997503,236.66302819992416,NA,NA,NA,NA,NA,NA,NA,NA,NA,NA,039,001,2025-10-13_14h13.27.489,Study_5_PsychoPy_Experiment,2024.1.5,NA,2025-10-13 14h13.39.032602 +0100
Belief,Neg,FALSE,N,TB-K,TT_B,PsychoPyStudy5Stim/TT_B_2.png,Adam does NOT THINK there are TWO cubes,Two,b,h,Y,PropFalse,N,0,57,57,97,236.67486829997503,NA,NA,NA,NA,NA,NA,NA,NA,NA,236.66355529997963,4.1520001832395e-4,236.7631013999926,237.1415819999529,237.241533500026,239.24162849993445,239.64156929997264,239.74391980003568,239.74391980003568,240.6791703000199,b,1,0.9180109000299126,NA,240.6802804999752,240.69154010002967,240.69154010002967,240.69154010002967,240.69154010002967,240.68160419992637,NA,NA,NA,NA,NA,NA,NA,NA,NA,NA,039,001,2025-10-13_14h13.27.489,Study_5_PsychoPy_Experiment,2024.1.5,NA,2025-10-13 14h13.39.032602 +0100
Reality,Reg,TRUE,N,TB-Ig,D_B,PsychoPyStudy5Stim/D_B_1.png,"In REALITY, there are ZERO cubes",Zero,h,b,N,-,N,0,58,58,203,240.69154010002967,NA,NA,NA,NA,NA,NA,NA,NA,NA,240.68253510002975,6.8439997266978e-4,240.7874347999459,241.15819129999727,241.25819299998693,243.25827340001703,243.6582752999384,243.76059840002563,243.76059840002563,244.91140969994012,h,1,1.133335999911651,NA,244.91212969995104,244.92474649997897,244.92474649997897,244.92474649997897,244.92474649997897,244.9128897000337,NA,NA,NA,NA,NA,NA,NA,NA,NA,NA,039,001,2025-10-13_14h13.27.489,Study_5_PsychoPy_Experiment,2024.1.5,NA,2025-10-13 14h13.39.032602 +0100
Belief,Reg,TRUE,N,NB-TB-K,TT_NB,PsychoPyStudy5Stim/TT_NB_8.png,Adam THINKS there are TWO cubes,Two,h,b,N,-,N,0,59,59,180,244.92474649997897,NA,NA,NA,NA,NA,NA,NA,NA,NA,244.91342909995,4.2279995977878e-4,245.00784089998345,245.3914831000147,245.49160289997235,247.49164279992692,247.89151959994345,247.99390509992372,247.99390509992372,249.06121299997903,h,1,1.0510409000562504,NA,249.0617536000209,249.0747486000182,249.0747486000182,249.0747486000182,249.0747486000182,249.06236989994068,NA,NA,NA,NA,NA,NA,NA,NA,NA,NA,039,001,2025-10-13_14h13.27.489,Study_5_PsychoPy_Experiment,2024.1.5,NA,2025-10-13 14h13.39.032602 +0100
Belief,Reg,TRUE,N,FB-Ig,B_T,PsychoPyStudy5Stim/B_T_4.png,Adam THINKS there are ZERO cubes,Zero,h,b,N,-,Y,0,60,60,315,249.0747486000182,NA,NA,NA,NA,NA,NA,NA,NA,NA,249.0627866999712,3.5069999285042e-4,249.15165869996417,249.5248293000041,249.6249481999548,251.6249937999528,252.02486340003088,252.12730990001,252.12730990001,253.1109126999509,h,1,0.9818294999422504,NA,253.11130909994245,253.1247008999344,253.1247008999344,253.1247008999344,253.1247008999344,253.111747500021,NA,NA,NA,NA,NA,NA,NA,NA,NA,NA,039,001,2025-10-13_14h13.27.489,Study_5_PsychoPy_Experiment,2024.1.5,NA,2025-10-13 14h13.39.032602 +0100
Belief,Reg,FALSE,N,FB-Ig,T_B_T,PsychoPyStudy5Stim/T_B_T_6.png,Adam THINKS there are ZERO cubes,Zero,b,h,N,PropFalse,N,0,61,61,288,253.1247008999344,NA,NA,NA,NA,NA,NA,NA,NA,NA,253.1120457999641,2.3450003936886e-4,253.195727000013,253.57477750000544,253.67488509998657,255.67486189992633,256.0748425000347,256.17739169998094,256.17739169998094,257.21100849995855,b,1,1.027691000024788,NA,257.21146879997104,257.22470909997355,257.22470909997355,257.22470909997355,257.22470909997355,257.21197249996476,NA,NA,NA,NA,NA,NA,NA,NA,NA,NA,039,001,2025-10-13_14h13.27.489,Study_5_PsychoPy_Experiment,2024.1.5,NA,2025-10-13 14h13.39.032602 +0100
Knowledge,Neg,FALSE,N,TB-K,TT_B,PsychoPyStudy5Stim/TT_B_4.png,Adam does NOT KNOW there are TWO cubes,Two,b,h,Y,PropFalse,N,0,62,62,91,257.22470909997355,NA,NA,NA,NA,NA,NA,NA,NA,NA,257.2123105999781,2.6519992388784e-4,257.3002505999757,257.6748552999925,257.77471939998213,259.7749061000068,260.1748981999699,260.2772597000003,260.2772597000003,261.2611906999955,b,1,0.9758254999760538,NA,261.2614918999607,261.27463170001283,261.27463170001283,261.27463170001283,261.27463170001283,261.26181149994954,NA,NA,NA,NA,NA,NA,NA,NA,NA,NA,039,001,2025-10-13_14h13.27.489,Study_5_PsychoPy_Experiment,2024.1.5,NA,2025-10-13 14h13.39.032602 +0100
Reality,Reg,TRUE,N,TB-K-B,TT_B,PsychoPyStudy5Stim/TT_B_4.png,"In REALITY, there are TWO cubes",Two,h,b,N,-,N,0,63,63,252,261.27463170001283,NA,NA,NA,NA,NA,NA,NA,NA,NA,261.26202489994466,1.7060001846402e-4,261.34636999992654,261.724894199986,261.8250753999455,263.82490120001603,264.22483670001384,264.32726799999364,264.32726799999364,264.87783989997115,h,1,0.5420299000106752,NA,264.8784418000141,264.89136040001176,264.89136040001176,264.89136040001176,264.89136040001176,264.8790572999278,NA,NA,NA,NA,NA,NA,NA,NA,NA,NA,039,001,2025-10-13_14h13.27.489,Study_5_PsychoPy_Experiment,2024.1.5,NA,2025-10-13 14h13.39.032602 +0100
Belief,Reg,TRUE,N,FB-Ig,B_TT,PsychoPyStudy5Stim/B_TT_3.png,Adam THINKS there are ZERO cubes,Zero,h,b,N,-,Y,0,64,64,328,264.89136040001176,NA,NA,NA,NA,NA,NA,NA,NA,NA,264.87949209997896,3.4080003388226e-4,264.9637919999659,265.3414972999599,265.4416273999959,267.4415943999775,267.8414297000272,267.94393880001735,267.94393880001735,268.9280277999351,h,1,0.9733325999695808,NA,268.92876189993694,268.9413803999778,268.9413803999778,268.9413803999778,268.9413803999778,268.9295189999975,NA,NA,NA,NA,NA,NA,NA,NA,NA,NA,039,001,2025-10-13_14h13.27.489,Study_5_PsychoPy_Experiment,2024.1.5,NA,2025-10-13 14h13.39.032602 +0100
Belief,Neg,FALSE,N,TB-K,TD_B,PsychoPyStudy5Stim/TD_B_8.png,Adam does NOT THINK there is ONE cube,One,b,h,Y,PropFalse,N,0,65,65,127,268.9413803999778,NA,NA,NA,NA,NA,NA,NA,NA,NA,268.9300420000218,4.1149999015033e-4,269.01618579996284,269.39121839997824,269.4913008000003,271.49157029995695,271.8913679999532,271.99392569996417,271.99392569996417,273.1446777000092,b,1,1.1399505999870598,NA,273.14537819998804,273.15801899996586,273.15801899996586,273.15801899996586,273.15801899996586,273.1461014000233,NA,NA,NA,NA,NA,NA,NA,NA,NA,NA,039,001,2025-10-13_14h13.27.489,Study_5_PsychoPy_Experiment,2024.1.5,NA,2025-10-13 14h13.39.032602 +0100
Knowledge,Neg,FALSE,N,TB-K,TD_B,PsychoPyStudy5Stim/TD_B_4.png,Adam does NOT KNOW there is ONE cube,One,b,h,Y,PropFalse,N,0,66,66,115,273.15801899996586,NA,NA,NA,NA,NA,NA,NA,NA,NA,273.14662729995325,4.1039998177438e-4,273.2316260000225,273.60797959996853,273.7082341000205,275.70816499996,276.1081431999337,276.2106686999323,276.2106686999323,277.3450287999585,b,1,1.132176199927926,NA,277.3457527999999,277.35801369999535,277.35801369999535,277.35801369999535,277.35801369999535,277.34651229996234,NA,NA,NA,NA,NA,NA,NA,NA,NA,NA,039,001,2025-10-13_14h13.27.489,Study_5_PsychoPy_Experiment,2024.1.5,NA,2025-10-13 14h13.39.032602 +0100
Knowledge,Neg,FALSE,N,NB-TB-K,TT_NB,PsychoPyStudy5Stim/TT_NB_4.png,Adam does NOT KNOW there are TWO cubes,Two,b,h,Y,PropFalse,N,0,67,67,67,277.35801369999535,NA,NA,NA,NA,NA,NA,NA,NA,NA,277.3470517999958,4.1840004269033e-4,277.4323495000135,277.8079585999949,277.9081609999994,279.90824329992756,280.3081630000379,280.41059340001084,280.41059340001084,281.3282939000055,b,1,0.9156628999626264,NA,281.32896489999257,281.34130850003567,281.34130850003567,281.34130850003567,281.34130850003567,281.3296979999868,NA,NA,NA,NA,NA,NA,NA,NA,NA,NA,039,001,2025-10-13_14h13.27.489,Study_5_PsychoPy_Experiment,2024.1.5,NA,2025-10-13 14h13.39.032602 +0100
Reality,Reg,FALSE,N,NB-TB-K,TT_NB,PsychoPyStudy5Stim/TT_NB_4.png,"In REALITY, there is ONE cube",One,b,h,N,PropFalse,N,0,68,68,196,281.34130850003567,NA,NA,NA,NA,NA,NA,NA,NA,NA,281.33022320002783,4.1129998862743e-4,281.4244941000361,281.8081151000224,281.90826609998476,283.9081596999895,284.30804539995734,284.410523599945,284.410523599945,285.1780465999618,b,1,0.7634656000882387,NA,285.1786385999294,285.1913490999723,285.1913490999723,285.1913490999723,285.1913490999723,285.1792799999239,NA,NA,NA,NA,NA,NA,NA,NA,NA,NA,039,001,2025-10-13_14h13.27.489,Study_5_PsychoPy_Experiment,2024.1.5,NA,2025-10-13 14h13.39.032602 +0100
Knowledge,Neg,FALSE,N,TB-K,TD_B,PsychoPyStudy5Stim/TD_B_5.png,Adam does NOT KNOW there is ONE cube,One,b,h,Y,PropFalse,N,0,69,69,116,285.1913490999723,NA,NA,NA,NA,NA,NA,NA,NA,NA,285.17974089994095,3.6119995638728e-4,285.266206100001,285.6412800999824,285.7414753999328,287.7413669999223,288.1413543999661,288.2438947999617,288.2438947999617,289.027527499944,b,1,0.777727699954994,NA,289.02802099997643,289.04125499993097,289.04125499993097,289.04125499993097,289.04125499993097,289.0285552999703,NA,NA,NA,NA,NA,NA,NA,NA,NA,NA,039,001,2025-10-13_14h13.27.489,Study_5_PsychoPy_Experiment,2024.1.5,NA,2025-10-13 14h13.39.032602 +0100
Reality,Reg,FALSE,N,TB-K-B,DD_B,PsychoPyStudy5Stim/DD_B_8.png,"In REALITY, there is ONE cube",One,b,h,N,PropFalse,N,0,70,70,239,289.04125499993097,NA,NA,NA,NA,NA,NA,NA,NA,NA,289.02896579995286,2.9809994157403e-4,289.1154211999383,289.49134469998535,289.5914745000191,291.59139129996765,291.991427400033,292.09388619998936,292.09388619998936,293.11188240000047,b,1,1.0156378999818116,NA,293.11276619997807,293.1245846999809,293.1245846999809,293.1245846999809,293.1245846999809,293.1136442000279,NA,NA,NA,NA,NA,NA,NA,NA,NA,NA,039,001,2025-10-13_14h13.27.489,Study_5_PsychoPy_Experiment,2024.1.5,NA,2025-10-13 14h13.39.032602 +0100
Belief,Neg,FALSE,N,NB-TB-K,T_NB,PsychoPyStudy5Stim/T_NB_7.png,Adam does NOT THINK there is ONE cube,One,b,h,Y,PropFalse,N,0,71,71,54,293.1245846999809,NA,NA,NA,NA,NA,NA,NA,NA,NA,293.11430979997385,5.5320002138614e-4,293.2083388000028,293.5913290999597,293.6914922000142,295.69140479993075,296.0914182999404,296.1936183000216,296.1936183000216,297.46169929997995,b,1,1.2590987000148743,NA,297.46252329996787,297.47471520002,297.47471520002,297.47471520002,297.47471520002,297.46342499996535,NA,NA,NA,NA,NA,NA,NA,NA,NA,NA,039,001,2025-10-13_14h13.27.489,Study_5_PsychoPy_Experiment,2024.1.5,NA,2025-10-13 14h13.39.032602 +0100
Belief,Reg,TRUE,N,TB-Ig,D_B,PsychoPyStudy5Stim/D_B_D_1.png,Adam THINKS there are ZERO cubes,Zero,h,b,N,-,Y,0,72,72,209,297.47471520002,NA,NA,NA,NA,NA,NA,NA,NA,NA,297.46412359992974,5.171000957489e-4,297.5588768000016,297.9413047999842,298.04132780001964,300.0414330000058,300.44136709999293,300.5436773999827,300.5436773999827,301.1281039000023,h,1,0.5740049999440089,NA,301.1288108000299,301.14117980003357,301.14117980003357,301.14117980003357,301.14117980003357,301.12954490003176,NA,NA,NA,NA,NA,NA,NA,NA,NA,NA,039,001,2025-10-13_14h13.27.489,Study_5_PsychoPy_Experiment,2024.1.5,NA,2025-10-13 14h13.39.032602 +0100
Knowledge,Neg,FALSE,N,NB-TB-K,TT_NB,PsychoPyStudy5Stim/TT_NB_2.png,Adam does NOT KNOW there are TWO cubes,Two,b,h,Y,PropFalse,N,0,73,73,65,301.14117980003357,NA,NA,NA,NA,NA,NA,NA,NA,NA,301.1300783000188,4.1300000157207e-4,301.2127330999356,301.59133930003736,301.69148809998296,303.69124439998996,304.091353100026,304.19379799999297,304.19379799999297,305.01064520003274,b,1,0.8112710000714287,NA,305.01104699994903,305.0245505999774,305.0245505999774,305.0245505999774,305.0245505999774,305.01149119995534,NA,NA,NA,NA,NA,NA,NA,NA,NA,NA,039,001,2025-10-13_14h13.27.489,Study_5_PsychoPy_Experiment,2024.1.5,NA,2025-10-13 14h13.39.032602 +0100
Belief,Reg,TRUE,N,TB-Ig,D_B,PsychoPyStudy5Stim/D_B_D_3.png,Adam THINKS there are ZERO cubes,Zero,h,b,N,-,Y,0,74,74,211,305.0245505999774,NA,NA,NA,NA,NA,NA,NA,NA,NA,305.0118296999717,2.6609993074089e-4,305.1040439000353,305.4746646999847,305.57457799999975,307.57474119996186,307.9746139999479,308.0770101000089,308.0770101000089,308.87751729995944,h,1,0.7921968000009656,NA,308.8778873999836,308.8912089000223,308.8912089000223,308.8912089000223,308.8912089000223,308.87838320003357,NA,NA,NA,NA,NA,NA,NA,NA,NA,NA,039,001,2025-10-13_14h13.27.489,Study_5_PsychoPy_Experiment,2024.1.5,NA,2025-10-13 14h13.39.032602 +0100
Knowledge,Reg,FALSE,N,FB-Ig,D_B_T,PsychoPyStudy5Stim/D_B_T_3.png,Adam KNOWS there are TWO cubes,Two,b,h,N,PropFalse,N,0,75,75,293,308.8912089000223,NA,NA,NA,NA,NA,NA,NA,NA,NA,308.8786769999424,2.167000202462e-4,308.96816539997235,309.3411232000217,309.44146969995927,311.4414163000183,311.8413240000373,311.94372480001766,311.94372480001766,313.027503099991,b,1,1.077433199970983,NA,313.0279897999717,313.04114310001023,313.04114310001023,313.04114310001023,313.04114310001023,313.02856410003733,NA,NA,NA,NA,NA,NA,NA,NA,NA,NA,039,001,2025-10-13_14h13.27.489,Study_5_PsychoPy_Experiment,2024.1.5,NA,2025-10-13 14h13.39.032602 +0100
Knowledge,Reg,TRUE,N,NB-TB-K,DD_NB,PsychoPyStudy5Stim/DD_NB_1.png,Adam KNOWS there are ZERO cubes,Zero,h,b,N,-,N,0,76,76,147,313.04114310001023,NA,NA,NA,NA,NA,NA,NA,NA,NA,313.02894260000903,2.9720005113631e-4,313.11537949997,313.4912340999581,313.591382100014,315.59153019997757,315.9913537999382,316.0937460999703,316.0937460999703,317.52848720003385,b,0,1.4324323000619188,NA,317.5294345000293,317.54126259998884,317.54126259998884,317.54126259998884,317.54126259998884,317.53032779996283,NA,NA,NA,NA,NA,NA,NA,NA,NA,NA,039,001,2025-10-13_14h13.27.489,Study_5_PsychoPy_Experiment,2024.1.5,NA,2025-10-13 14h13.39.032602 +0100
Belief,Reg,FALSE,N,TB-K-B,TD_B,PsychoPyStudy5Stim/TD_B_3.png,Adam THINKS there are ZERO cubes,Zero,b,h,N,PropFalse,N,0,77,77,265,317.54126259998884,NA,NA,NA,NA,NA,NA,NA,NA,NA,317.5310242000269,5.5440003052353e-4,317.6171044999501,317.9911093999399,318.0914605000289,320.0914284000173,320.4913803000236,320.5936915000202,320.5936915000202,322.21054460003506,b,1,1.6041084000607952,NA,322.21083849994466,322.2244539000094,322.2244539000094,322.2244539000094,322.2244539000094,322.21115550003015,NA,NA,NA,NA,NA,NA,NA,NA,NA,NA,039,001,2025-10-13_14h13.27.489,Study_5_PsychoPy_Experiment,2024.1.5,NA,2025-10-13 14h13.39.032602 +0100
Reality,Reg,FALSE,N,TB-K-B,TD_B,PsychoPyStudy5Stim/TD_B_6.png,"In REALITY, there are ZERO cubes",Zero,b,h,N,PropFalse,N,0,78,78,273,322.2244539000094,NA,NA,NA,NA,NA,NA,NA,NA,NA,322.2113653999986,1.6749999485909e-4,322.2982667000033,322.67457569995895,322.7747246000217,324.7747502999846,325.1745475999778,325.2768625000026,325.2768625000026,326.2444148999639,b,1,0.9597919000079856,NA,326.24502999999095,326.2577867000364,326.2577867000364,326.2577867000364,326.2577867000364,326.24568970000837,NA,NA,NA,NA,NA,NA,NA,NA,NA,NA,039,001,2025-10-13_14h13.27.489,Study_5_PsychoPy_Experiment,2024.1.5,NA,2025-10-13 14h13.39.032602 +0100
Knowledge,Reg,TRUE,N,NB-TB-K,D_NB,PsychoPyStudy5Stim/D_NB_8.png,Adam KNOWS there are ZERO cubes,Zero,h,b,N,-,N,0,79,79,135,326.2577867000364,NA,NA,NA,NA,NA,NA,NA,NA,NA,326.24614980001934,3.6029994953423e-4,326.3343222999247,326.70785000000615,326.80790130002424,328.8080159999663,329.20796539995354,329.3103022000287,329.3103022000287,330.2782076000003,b,0,0.9664730000076815,NA,330.27891899994574,330.2911732000066,330.2911732000066,330.2911732000066,330.2911732000066,330.27960769995116,NA,NA,NA,NA,NA,NA,NA,NA,NA,NA,039,001,2025-10-13_14h13.27.489,Study_5_PsychoPy_Experiment,2024.1.5,NA,2025-10-13 14h13.39.032602 +0100
Belief,Neg,TRUE,Y,FB-Ig,T_B_T,PsychoPyStudy5Stim/T_B_T_3.png,Adam does NOT THINK there are TWO cubes,Two,h,b,Y,-,N,0,80,80,18,330.2911732000066,NA,NA,NA,NA,NA,NA,NA,NA,NA,330.2800925000338,3.8049998693168e-4,330.3720371000236,330.7411445999751,330.8413332999917,332.84120010002516,333.2413040000247,333.3435960999923,333.3435960999923,334.6605070999358,b,0,1.301397299976088,NA,334.6608169999672,334.6742913000053,334.6742913000053,334.6742913000053,334.6742913000053,334.66112169995904,NA,NA,NA,NA,NA,NA,NA,NA,NA,NA,039,001,2025-10-13_14h13.27.489,Study_5_PsychoPy_Experiment,2024.1.5,NA,2025-10-13 14h13.39.032602 +0100
Belief,Reg,FALSE,N,NB-TB-K,TT_NB,PsychoPyStudy5Stim/TT_NB_1.png,Adam THINKS there are ZERO cubes,Zero,b,h,N,PropFalse,N,0,81,81,181,334.6742913000053,NA,NA,NA,NA,NA,NA,NA,NA,NA,334.6613382999785,1.7309992108494e-4,334.7453991000075,335.12451909994707,335.224648399977,337.22447989997454,337.624546200037,337.7269445999991,337.7269445999991,339.51082680001855,b,1,1.7666756000835449,NA,339.511429999955,339.52445779996924,339.52445779996924,339.52445779996924,339.52445779996924,339.51206380000804,NA,NA,NA,NA,NA,NA,NA,NA,NA,NA,039,001,2025-10-13_14h13.27.489,Study_5_PsychoPy_Experiment,2024.1.5,NA,2025-10-13 14h13.39.032602 +0100
Belief,Reg,FALSE,N,FB-Ig,D_B_T,PsychoPyStudy5Stim/D_B_T_1.png,Adam THINKS there are TWO cubes,Two,b,h,N,PropFalse,N,0,82,82,299,339.52445779996924,NA,NA,NA,NA,NA,NA,NA,NA,NA,339.5125450999476,3.9000005926936e-4,339.6075764999259,339.99105179996695,340.091358799953,342.0912711999845,342.491237499984,342.5936208999483,342.5936208999483,343.46116820001043,b,1,0.8510723999934271,NA,343.4617917999858,343.47444469993934,343.47444469993934,343.47444469993934,343.47444469993934,343.46247599995695,NA,NA,NA,NA,NA,NA,NA,NA,NA,NA,039,001,2025-10-13_14h13.27.489,Study_5_PsychoPy_Experiment,2024.1.5,NA,2025-10-13 14h13.39.032602 +0100
Reality,Reg,FALSE,N,NB-TB-K,DD_NB,PsychoPyStudy5Stim/DD_NB_6.png,"In REALITY, there are TWO cubes",Two,b,h,N,PropFalse,N,0,83,83,162,343.47444469993934,NA,NA,NA,NA,NA,NA,NA,NA,NA,343.46296209993307,3.8119999226182e-4,343.5476101000095,343.92450019996613,344.02462959999684,346.02450719999615,346.4244636000367,346.52748409996275,346.52748409996275,347.09374049992766,b,1,0.5498995999805629,NA,347.09405880002305,347.1080449000001,NA,347.1080449000001,NA,351.4766920999391,space,4.352970200008713,NA,NA,NA,NA,NA,NA,NA,NA,039,001,2025-10-13_14h13.27.489,Study_5_PsychoPy_Experiment,2024.1.5,NA,2025-10-13 14h13.39.032602 +0100
Belief,Neg,TRUE,Y,FB-Ig,T_B_T,PsychoPyStudy5Stim/T_B_T_4.png,Adam does NOT THINK there are TWO cubes,Two,h,b,Y,-,N,0,84,84,19,351.4911393999355,NA,NA,NA,NA,NA,NA,NA,NA,NA,351.4783877999289,5.4320006165653e-4,351.5656373000238,351.94116699998267,352.04127259994857,354.04133399995044,354.44111999997403,354.5435544999782,354.5435544999782,355.96105019992683,b,0,1.4067453000461685,NA,355.9617175000021,355.9744005999528,355.9744005999528,355.9744005999528,355.9744005999528,355.9633971999865,NA,NA,NA,NA,NA,NA,NA,NA,NA,NA,039,001,2025-10-13_14h13.27.489,Study_5_PsychoPy_Experiment,2024.1.5,NA,2025-10-13 14h13.39.032602 +0100
Belief,Reg,TRUE,N,TB-K-B,TD_B,PsychoPyStudy5Stim/TD_B_7.png,Adam THINKS there is ONE cube,One,h,b,N,-,N,0,85,85,261,355.9744005999528,NA,NA,NA,NA,NA,NA,NA,NA,NA,355.96394059993327,4.205999430269e-4,356.0643543000333,356.44113389996346,356.54110499995295,358.5411822999595,358.94118049996905,359.0436393999262,359.0436393999262,359.6444403999485,h,1,0.5936635999241844,NA,359.64511399995536,359.6577076999238,359.6577076999238,359.6577076999238,359.6577076999238,359.6458755999338,NA,NA,NA,NA,NA,NA,NA,NA,NA,NA,039,001,2025-10-13_14h13.27.489,Study_5_PsychoPy_Experiment,2024.1.5,NA,2025-10-13 14h13.39.032602 +0100
Belief,Neg,FALSE,N,TB-K,TD_B,PsychoPyStudy5Stim/TD_B_4.png,Adam does NOT THINK there is ONE cube,One,b,h,Y,PropFalse,N,0,86,86,123,359.6577076999238,NA,NA,NA,NA,NA,NA,NA,NA,NA,359.6464429999469,4.5239995233714e-4,359.7327364999801,360.107800400001,360.2077095999848,362.20794310001656,362.6078518999275,362.7101415999932,362.7101415999932,363.6775451999856,b,1,0.9504906999645756,NA,363.6781358999433,363.6910496000201,363.6910496000201,363.6910496000201,363.6910496000201,363.6788069999311,NA,NA,NA,NA,NA,NA,NA,NA,NA,NA,039,001,2025-10-13_14h13.27.489,Study_5_PsychoPy_Experiment,2024.1.5,NA,2025-10-13 14h13.39.032602 +0100
Knowledge,Neg,TRUE,Y,FB-Ig,D_B_T,PsychoPyStudy5Stim/D_B_T_5.png,Adam does NOT KNOW there is ONE cube,One,h,b,Y,-,N,0,87,87,12,363.6910496000201,NA,NA,NA,NA,NA,NA,NA,NA,NA,363.6792380999541,3.4030003007501e-4,363.7781193000265,364.15764230000786,364.2580134000163,366.2579364000121,366.6576998999808,366.76034449995495,366.76034449995495,367.7111654999899,b,0,0.933918199967593,NA,367.71183019992895,367.7243288999889,367.7243288999889,367.7243288999889,367.7243288999889,367.71262919995934,NA,NA,NA,NA,NA,NA,NA,NA,NA,NA,039,001,2025-10-13_14h13.27.489,Study_5_PsychoPy_Experiment,2024.1.5,NA,2025-10-13 14h13.39.032602 +0100
Knowledge,Neg,FALSE,N,NB-TB-K,TT_NB,PsychoPyStudy5Stim/TT_NB_1.png,Adam does NOT KNOW there are TWO cubes,Two,b,h,Y,PropFalse,N,0,88,88,64,367.7243288999889,NA,NA,NA,NA,NA,NA,NA,NA,NA,367.7131487999577,4.0719995740801e-4,367.79758699995,368.17435009998735,368.2747066000011,370.2745765999425,370.67461380001623,370.7769984999904,370.7769984999904,371.761255600024,b,1,0.9807090000249444,NA,371.7619212999707,371.774362099939,371.774362099939,371.774362099939,371.774362099939,371.76264999993145,NA,NA,NA,NA,NA,NA,NA,NA,NA,NA,039,001,2025-10-13_14h13.27.489,Study_5_PsychoPy_Experiment,2024.1.5,NA,2025-10-13 14h13.39.032602 +0100
Knowledge,Neg,FALSE,N,TB-K,TD_B,PsychoPyStudy5Stim/TD_B_1.png,Adam does NOT KNOW there is ONE cube,One,b,h,Y,PropFalse,N,0,89,89,112,371.774362099939,NA,NA,NA,NA,NA,NA,NA,NA,NA,371.7631674000295,4.0840008296072e-4,371.8609969000099,372.241015000036,372.34120869997423,374.34119229996577,374.7411474999972,374.8434447000036,374.8434447000036,375.37691340001766,b,1,0.5219303000485525,NA,375.3772738999687,375.3908673999831,375.3908673999831,375.3908673999831,375.3908673999831,375.3776710999664,NA,NA,NA,NA,NA,NA,NA,NA,NA,NA,039,001,2025-10-13_14h13.27.489,Study_5_PsychoPy_Experiment,2024.1.5,NA,2025-10-13 14h13.39.032602 +0100
Knowledge,Neg,FALSE,N,TB-K,TD_B,PsychoPyStudy5Stim/TD_B_2.png,Adam does NOT KNOW there is ONE cube,One,b,h,Y,PropFalse,N,0,90,90,113,375.3908673999831,NA,NA,NA,NA,NA,NA,NA,NA,NA,375.3779388000258,2.1239998750388e-4,375.467154199956,375.8410440000007,375.9412282999838,377.9411917999387,378.3411595999496,378.4434921999928,378.4434921999928,379.1442514000228,b,1,0.6889920000685379,NA,379.1449598999461,379.1576340999454,379.1576340999454,379.1576340999454,379.1576340999454,379.1456575000193,NA,NA,NA,NA,NA,NA,NA,NA,NA,NA,039,001,2025-10-13_14h13.27.489,Study_5_PsychoPy_Experiment,2024.1.5,NA,2025-10-13 14h13.39.032602 +0100
Reality,Reg,TRUE,N,FB-Ig,B_T,PsychoPyStudy5Stim/B_T_1.png,"In REALITY, there is ONE cube",One,h,b,N,-,N,0,91,91,317,379.1576340999454,NA,NA,NA,NA,NA,NA,NA,NA,NA,379.14618539996445,4.1259999852627e-4,379.2471119000111,379.624410099932,379.7244691000087,381.7244951999746,382.1243189999368,382.2270333999768,382.2270333999768,383.3102060999954,h,1,1.0745459999889135,NA,383.310541999992,383.3241914999671,383.3241914999671,383.3241914999671,383.3241914999671,383.31090119993314,NA,NA,NA,NA,NA,NA,NA,NA,NA,NA,039,001,2025-10-13_14h13.27.489,Study_5_PsychoPy_Experiment,2024.1.5,NA,2025-10-13 14h13.39.032602 +0100
Reality,Reg,TRUE,N,TB-K-B,DD_B,PsychoPyStudy5Stim/DD_B_7.png,"In REALITY, there are ZERO cubes",Zero,h,b,N,-,N,0,92,92,238,383.3241914999671,NA,NA,NA,NA,NA,NA,NA,NA,NA,383.3111468999414,1.9509997218847e-4,383.4186897999607,383.7910224000225,383.8911282999906,385.8909697999479,386.2911195999477,386.3934131999267,386.3934131999267,387.0613457999425,b,0,0.6599252000451088,NA,387.06214309995994,387.0743579999544,387.0743579999544,387.0743579999544,387.0743579999544,387.0630214000121,NA,NA,NA,NA,NA,NA,NA,NA,NA,NA,039,001,2025-10-13_14h13.27.489,Study_5_PsychoPy_Experiment,2024.1.5,NA,2025-10-13 14h13.39.032602 +0100
Belief,Reg,TRUE,N,FB-Ig,B_TT,PsychoPyStudy5Stim/B_TT_1.png,Adam THINKS there are ZERO cubes,Zero,h,b,N,-,Y,0,93,93,326,387.0743579999544,NA,NA,NA,NA,NA,NA,NA,NA,NA,387.0636598999845,4.9959996249526e-4,387.1640585999703,387.5408266999293,387.64114620001055,389.6410913999425,390.0410517000128,390.143516000011,390.143516000011,391.02735500002746,b,0,0.8694586999481544,NA,391.0278407000005,391.04089860001113,391.04089860001113,391.04089860001113,391.04089860001113,391.0283971999306,NA,NA,NA,NA,NA,NA,NA,NA,NA,NA,039,001,2025-10-13_14h13.27.489,Study_5_PsychoPy_Experiment,2024.1.5,NA,2025-10-13 14h13.39.032602 +0100
Knowledge,Reg,TRUE,N,NB-TB-K,D_NB,PsychoPyStudy5Stim/D_NB_3.png,Adam KNOWS there are ZERO cubes,Zero,h,b,N,-,N,0,94,94,130,391.04089860001113,NA,NA,NA,NA,NA,NA,NA,NA,NA,391.0287738000043,2.9610004276037e-4,391.11517270002514,391.4909020999912,391.59095510002226,393.59114159992896,393.9911445999751,394.0934498999268,394.0934498999268,395.2277928999392,h,1,1.1277802000986412,NA,395.22857889998704,395.24097629997414,395.24097629997414,395.24097629997414,395.24097629997414,395.22932919999585,NA,NA,NA,NA,NA,NA,NA,NA,NA,NA,039,001,2025-10-13_14h13.27.489,Study_5_PsychoPy_Experiment,2024.1.5,NA,2025-10-13 14h13.39.032602 +0100
Belief,Reg,TRUE,N,FB-Ig,B_T,PsychoPyStudy5Stim/B_T_5.png,Adam THINKS there are ZERO cubes,Zero,h,b,N,-,Y,0,95,95,316,395.24097629997414,NA,NA,NA,NA,NA,NA,NA,NA,NA,395.2298980000196,4.4589990284293e-4,395.33343470003456,395.7075553999748,395.807672200026,397.8077548999572,398.2077271000017,398.3100542000029,398.3100542000029,400.3943564000074,h,1,2.0792359999613836,NA,400.3950351999374,400.4075986000243,400.4075986000243,400.4075986000243,400.4075986000243,400.3957630000077,NA,NA,NA,NA,NA,NA,NA,NA,NA,NA,039,001,2025-10-13_14h13.27.489,Study_5_PsychoPy_Experiment,2024.1.5,NA,2025-10-13 14h13.39.032602 +0100
Belief,Neg,FALSE,N,NB-TB-K,T_NB,PsychoPyStudy5Stim/T_NB_1.png,Adam does NOT THINK there is ONE cube,One,b,h,Y,PropFalse,N,0,96,96,48,400.4075986000243,NA,NA,NA,NA,NA,NA,NA,NA,NA,400.3962852000259,4.0800007991492e-4,400.4899542999919,400.8744197000051,400.97450290003326,402.97444939997513,403.3744330999907,403.4767971999245,403.4767971999245,404.6102565999609,b,1,1.1196387000381949,NA,404.610555900028,404.6240061999997,404.6240061999997,404.6240061999997,404.6240061999997,404.6108719999902,NA,NA,NA,NA,NA,NA,NA,NA,NA,NA,039,001,2025-10-13_14h13.27.489,Study_5_PsychoPy_Experiment,2024.1.5,NA,2025-10-13 14h13.39.032602 +0100
Belief,Reg,TRUE,N,FB-Ig,B_T,PsychoPyStudy5Stim/B_T_2.png,Adam THINKS there are ZERO cubes,Zero,h,b,N,-,Y,0,97,97,313,404.6240061999997,NA,NA,NA,NA,NA,NA,NA,NA,NA,404.6110835999716,1.7000001389533e-4,404.7147202999331,405.0910050999373,405.1909379999852,407.1908540999284,407.5909064000007,407.6935275000287,407.6935275000287,408.87678399996366,h,1,1.1752655999734998,NA,408.8771180999466,408.8908105000155,408.8908105000155,408.8908105000155,408.8908105000155,408.8774814000353,NA,NA,NA,NA,NA,NA,NA,NA,NA,NA,039,001,2025-10-13_14h13.27.489,Study_5_PsychoPy_Experiment,2024.1.5,NA,2025-10-13 14h13.39.032602 +0100
Reality,Reg,FALSE,N,NB-TB-K,DT_NB,PsychoPyStudy5Stim/TD_NB_1.png,"In REALITY, there are ZERO cubes",Zero,b,h,N,PropFalse,N,0,98,98,169,408.8908105000155,NA,NA,NA,NA,NA,NA,NA,NA,NA,408.87772630003747,1.9490008708089e-4,408.9660229999572,409.3407247000141,409.4408647000091,411.4407772999257,411.841037999955,411.9433329999447,411.9433329999447,413.093745799968,b,1,1.1337809999240562,NA,413.09418090002146,413.10753039992414,413.10753039992414,413.10753039992414,413.10753039992414,413.0946569000371,NA,NA,NA,NA,NA,NA,NA,NA,NA,NA,039,001,2025-10-13_14h13.27.489,Study_5_PsychoPy_Experiment,2024.1.5,NA,2025-10-13 14h13.39.032602 +0100
Knowledge,Reg,TRUE,N,NB-TB-K,DD_NB,PsychoPyStudy5Stim/DD_NB_8.png,Adam KNOWS there are ZERO cubes,Zero,h,b,N,-,N,0,99,99,154,413.10753039992414,NA,NA,NA,NA,NA,NA,NA,NA,NA,413.0949845999712,2.593999961391e-4,413.1828710000263,413.5575258999597,413.65772250003647,415.65758929995354,416.0576567000244,416.1600311000366,416.1600311000366,417.0103707000381,b,0,0.8452080999268219,NA,417.01076730003115,417.0241223999765,417.0241223999765,417.0241223999765,417.0241223999765,417.0111981999362,NA,NA,NA,NA,NA,NA,NA,NA,NA,NA,039,001,2025-10-13_14h13.27.489,Study_5_PsychoPy_Experiment,2024.1.5,NA,2025-10-13 14h13.39.032602 +0100
Belief,Neg,TRUE,Y,FB-Ig,T_B_T,PsychoPyStudy5Stim/T_B_T_1.png,Adam does NOT THINK there are TWO cubes,Two,h,b,Y,-,N,0,100,100,16,417.0241223999765,NA,NA,NA,NA,NA,NA,NA,NA,NA,417.011509199976,2.4219998158514e-4,417.11107520002406,417.4908755000215,417.5910652999301,419.59106689994223,419.9909404999344,420.0934130999958,420.0934130999958,422.093795599998,b,0,1.9992517000064256,NA,422.0941949000117,422.10749079997186,422.10749079997186,422.10749079997186,422.10749079997186,422.0946248000255,NA,NA,NA,NA,NA,NA,NA,NA,NA,NA,039,001,2025-10-13_14h13.27.489,Study_5_PsychoPy_Experiment,2024.1.5,NA,2025-10-13 14h13.39.032602 +0100
Reality,Reg,TRUE,N,NB-TB-K,TT_NB,PsychoPyStudy5Stim/TT_NB_5.png,"In REALITY, there are TWO cubes",Two,h,b,N,-,N,0,101,101,193,422.10749079997186,NA,NA,NA,NA,NA,NA,NA,NA,NA,422.0949186999351,2.3210002109408e-4,422.1845997000346,422.55754319997504,422.6576425000094,424.6577033000067,425.0575963000301,425.1599659000058,425.1599659000058,426.04377919994295,h,1,0.8684330000542104,NA,426.0442647000309,426.0573519000318,426.0573519000318,426.0573519000318,426.0573519000318,426.044825799996,NA,NA,NA,NA,NA,NA,NA,NA,NA,NA,039,001,2025-10-13_14h13.27.489,Study_5_PsychoPy_Experiment,2024.1.5,NA,2025-10-13 14h13.39.032602 +0100
Belief,Neg,FALSE,N,TB-K,TD_B,PsychoPyStudy5Stim/TD_B_7.png,Adam does NOT THINK there is ONE cube,One,b,h,Y,PropFalse,N,0,102,102,126,426.0573519000318,NA,NA,NA,NA,NA,NA,NA,NA,NA,426.04520189994946,2.9489991720765e-4,426.1387349999277,426.5240841000341,426.62430699996185,428.6243197999429,429.02425669995137,429.1264615999535,429.1264615999535,429.994174499996,b,1,0.863060100004077,NA,429.9947729000123,430.0074473000131,430.0074473000131,430.0074473000131,430.0074473000131,429.9953991000075,NA,NA,NA,NA,NA,NA,NA,NA,NA,NA,039,001,2025-10-13_14h13.27.489,Study_5_PsychoPy_Experiment,2024.1.5,NA,2025-10-13 14h13.39.032602 +0100
Belief,Reg,TRUE,N,FB-Ig,B_T,PsychoPyStudy5Stim/B_T_1.png,Adam THINKS there are ZERO cubes,Zero,h,b,N,-,Y,0,103,103,312,430.0074473000131,NA,NA,NA,NA,NA,NA,NA,NA,NA,429.9958383999765,3.4370005596429e-4,430.089157099952,430.47417219995987,430.57415939995553,432.574215700035,432.9742665999802,433.0765224000206,433.0765224000206,434.51063089992385,h,1,1.4171844000229612,NA,434.5112403000239,434.5241493999493,434.5241493999493,434.5241493999493,434.5241493999493,434.5119368999731,NA,NA,NA,NA,NA,NA,NA,NA,NA,NA,039,001,2025-10-13_14h13.27.489,Study_5_PsychoPy_Experiment,2024.1.5,NA,2025-10-13 14h13.39.032602 +0100
Knowledge,Reg,TRUE,N,NB-TB-K,DD_NB,PsychoPyStudy5Stim/DD_NB_4.png,Adam KNOWS there are ZERO cubes,Zero,h,b,N,-,N,0,104,104,150,434.5241493999493,NA,NA,NA,NA,NA,NA,NA,NA,NA,434.51240449992474,3.9039994589984e-4,434.61732680001296,434.9908600000199,435.09099679999053,437.0908447999973,437.4908388999757,437.593281099922,437.593281099922,438.5604408000363,h,1,0.9560608000028878,NA,438.56093849998433,438.574050599942,438.574050599942,438.574050599942,438.574050599942,438.56147089996375,NA,NA,NA,NA,NA,NA,NA,NA,NA,NA,039,001,2025-10-13_14h13.27.489,Study_5_PsychoPy_Experiment,2024.1.5,NA,2025-10-13 14h13.39.032602 +0100
Belief,Neg,TRUE,N,NB-TB-K,TT_NB,PsychoPyStudy5Stim/TT_NB_3.png,Adam does NOT THINK there is ONE cube,One,h,b,Y,-,N,0,105,105,62,438.574050599942,NA,NA,NA,NA,NA,NA,NA,NA,NA,438.5618497999385,2.9699993319809e-4,438.6489040999441,439.02416539995465,439.1243068999611,441.12392869999167,441.52414270001464,441.62649559997953,441.62649559997953,442.5102765000192,b,0,0.8736775000579655,NA,442.5105741999578,442.5238794999896,442.5238794999896,442.5238794999896,442.5238794999896,442.5108785999473,NA,NA,NA,NA,NA,NA,NA,NA,NA,NA,039,001,2025-10-13_14h13.27.489,Study_5_PsychoPy_Experiment,2024.1.5,NA,2025-10-13 14h13.39.032602 +0100
Belief,Neg,TRUE,N,NB-TB-K,T_NB,PsychoPyStudy5Stim/T_NB_1.png,Adam does NOT THINK there are TWO cubes,Two,h,b,Y,-,N,0,106,106,36,442.5238794999896,NA,NA,NA,NA,NA,NA,NA,NA,NA,442.5110936999554,1.7349992413073e-4,442.5946793999756,442.97409459995106,443.0742685999722,445.0742593000178,445.47423379996326,445.57666539994534,445.57666539994534,446.827216799953,h,1,1.2443580999970436,NA,446.8275160000194,446.8406936000101,446.8406936000101,446.8406936000101,446.8406936000101,446.82783169997856,NA,NA,NA,NA,NA,NA,NA,NA,NA,NA,039,001,2025-10-13_14h13.27.489,Study_5_PsychoPy_Experiment,2024.1.5,NA,2025-10-13 14h13.39.032602 +0100
Belief,Neg,TRUE,N,TB-K,TT_B,PsychoPyStudy5Stim/TT_B_2.png,Adam does NOT THINK there is ONE cube,One,h,b,Y,-,N,0,107,107,85,446.8406936000101,NA,NA,NA,NA,NA,NA,NA,NA,NA,446.8280594999669,1.7239991575479e-4,446.9120063999435,447.2906936999643,447.39090510003734,449.39089599996805,449.79085659992415,449.8933705999516,449.8933705999516,451.4103978000349,h,1,1.511877099983394,NA,451.41090050002094,451.4240257999627,451.4240257999627,451.4240257999627,451.4240257999627,451.4114257999463,NA,NA,NA,NA,NA,NA,NA,NA,NA,NA,039,001,2025-10-13_14h13.27.489,Study_5_PsychoPy_Experiment,2024.1.5,NA,2025-10-13 14h13.39.032602 +0100
Knowledge,Neg,FALSE,N,NB-TB-K,T_NB,PsychoPyStudy5Stim/T_NB_8.png,Adam does NOT KNOW there is ONE cube,One,b,h,Y,PropFalse,N,0,108,108,47,451.4240257999627,NA,NA,NA,NA,NA,NA,NA,NA,NA,451.4118032000261,2.9660004656761e-4,451.5007655000082,451.8740894999355,451.9742484999588,453.97422690002713,454.3742206000025,454.47661589994095,454.47661589994095,455.3104573999299,b,1,0.8322243998991325,NA,455.31097520003095,455.32400709996,455.32400709996,455.32400709996,455.32400709996,455.3115112000378,NA,NA,NA,NA,NA,NA,NA,NA,NA,NA,039,001,2025-10-13_14h13.27.489,Study_5_PsychoPy_Experiment,2024.1.5,NA,2025-10-13 14h13.39.032602 +0100
Belief,Reg,FALSE,N,FB-Ig,T_B_T,PsychoPyStudy5Stim/T_B_T_3.png,Adam THINKS there are ZERO cubes,Zero,b,h,N,PropFalse,N,0,109,109,285,455.32400709996,NA,NA,NA,NA,NA,NA,NA,NA,NA,455.3119116999442,2.9899994842708e-4,455.39771369996015,455.77388370002154,455.8739917000057,457.8742422999349,458.2741456000367,458.3763925000094,458.3763925000094,459.2434365999652,b,1,0.8519881999818608,NA,459.24378889997024,459.2572943000123,459.2572943000123,459.2572943000123,459.2572943000123,459.244147600024,NA,NA,NA,NA,NA,NA,NA,NA,NA,NA,039,001,2025-10-13_14h13.27.489,Study_5_PsychoPy_Experiment,2024.1.5,NA,2025-10-13 14h13.39.032602 +0100
Reality,Reg,FALSE,N,TB-K-B,TT_B,PsychoPyStudy5Stim/TT_B_5.png,"In REALITY, there are ZERO cubes",Zero,b,h,N,PropFalse,N,0,110,110,253,459.2572943000123,NA,NA,NA,NA,NA,NA,NA,NA,NA,459.2443908000132,1.931000733748e-4,459.3314442000119,459.7073970999336,459.8075040000258,461.807497599977,462.2075295000104,462.3099067999283,462.3099067999283,463.60995519999415,b,1,1.2951407000655308,NA,463.6102538999403,463.6239546999568,463.6239546999568,463.6239546999568,463.6239546999568,463.6105701000197,NA,NA,NA,NA,NA,NA,NA,NA,NA,NA,039,001,2025-10-13_14h13.27.489,Study_5_PsychoPy_Experiment,2024.1.5,NA,2025-10-13 14h13.39.032602 +0100
Reality,Reg,TRUE,N,NB-TB-K,TT_NB,PsychoPyStudy5Stim/TT_NB_3.png,"In REALITY, there are TWO cubes",Two,h,b,N,-,N,0,111,111,192,463.6239546999568,NA,NA,NA,NA,NA,NA,NA,NA,NA,463.61078290001024,1.7040001694113e-4,463.69350910000503,464.07399920001626,464.1741762999445,466.1741524999961,466.5742541999789,466.67648719996214,466.67648719996214,467.2271730999928,h,1,0.5361286000115797,NA,467.2277645999566,467.2406806999352,467.2406806999352,467.2406806999352,467.2406806999352,467.2283738999394,NA,NA,NA,NA,NA,NA,NA,NA,NA,NA,039,001,2025-10-13_14h13.27.489,Study_5_PsychoPy_Experiment,2024.1.5,NA,2025-10-13 14h13.39.032602 +0100
Belief,Reg,TRUE,N,TB-K-B,DD_B,PsychoPyStudy5Stim/DD_B_3.png,Adam THINKS there are ZERO cubes,Zero,h,b,N,-,N,0,112,112,228,467.2406806999352,NA,NA,NA,NA,NA,NA,NA,NA,NA,467.22888239996973,4.1710003279149e-4,467.323634600034,467.7071929000085,467.8072964999592,469.80748009996023,470.2073971999343,470.3100837999955,470.3100837999955,471.460733099957,h,1,1.1424874999793246,NA,471.4614539999747,471.4740303999278,471.4740303999278,471.4740303999278,471.4740303999278,471.46222139999736,NA,NA,NA,NA,NA,NA,NA,NA,NA,NA,039,001,2025-10-13_14h13.27.489,Study_5_PsychoPy_Experiment,2024.1.5,NA,2025-10-13 14h13.39.032602 +0100
Knowledge,Reg,TRUE,N,TB-K-B,TT_B,PsychoPyStudy5Stim/TT_B_7.png,Adam KNOWS there are TWO cubes,Two,h,b,N,-,N,0,113,113,243,471.4740303999278,NA,NA,NA,NA,NA,NA,NA,NA,NA,471.46278649999294,4.4360000174492e-4,471.5541859000223,471.92398269998375,472.024174900027,474.02417270001024,474.4240131999832,474.5265012999298,474.5265012999298,475.4769768000114,h,1,0.9335133000276984,NA,475.47748889995273,475.4906020000344,475.4906020000344,475.4906020000344,475.4906020000344,475.4780395999551,NA,NA,NA,NA,NA,NA,NA,NA,NA,NA,039,001,2025-10-13_14h13.27.489,Study_5_PsychoPy_Experiment,2024.1.5,NA,2025-10-13 14h13.39.032602 +0100
Belief,Neg,TRUE,N,TB-K,TD_B,PsychoPyStudy5Stim/TD_B_4.png,Adam does NOT THINK there are TWO cubes,Two,h,b,Y,-,N,0,114,114,111,475.4906020000344,NA,NA,NA,NA,NA,NA,NA,NA,NA,475.47843399993144,3.1089992262423e-4,475.56689789996017,475.9407147000311,476.0408778999699,478.0408421999309,478.4407695999834,478.5432172999718,478.5432172999718,480.5771821000381,h,1,2.020930099999532,NA,480.5777728999965,480.5906149999937,480.5906149999937,480.5906149999937,480.5906149999937,480.57848289993126,NA,NA,NA,NA,NA,NA,NA,NA,NA,NA,039,001,2025-10-13_14h13.27.489,Study_5_PsychoPy_Experiment,2024.1.5,NA,2025-10-13 14h13.39.032602 +0100
Belief,Neg,FALSE,N,TB-K,TD_B,PsychoPyStudy5Stim/TD_B_1.png,Adam does NOT THINK there is ONE cube,One,b,h,Y,PropFalse,N,0,115,115,120,480.5906149999937,NA,NA,NA,NA,NA,NA,NA,NA,NA,480.57894549996126,3.6450009793043e-4,480.6666307999986,481.04062069999054,481.14094309997745,483.1408070999896,483.5407262999797,483.6430238999892,483.6430238999892,484.7442720999243,b,1,1.0990304999286309,NA,484.7449521999806,484.7572964000283,484.7572964000283,484.7572964000283,484.7572964000283,484.7456884999992,NA,NA,NA,NA,NA,NA,NA,NA,NA,NA,039,001,2025-10-13_14h13.27.489,Study_5_PsychoPy_Experiment,2024.1.5,NA,2025-10-13 14h13.39.032602 +0100
Belief,Neg,TRUE,Y,FB-Ig,T_B_T,PsychoPyStudy5Stim/T_B_T_2.png,Adam does NOT THINK there are TWO cubes,Two,h,b,Y,-,N,0,116,116,17,484.7572964000283,NA,NA,NA,NA,NA,NA,NA,NA,NA,484.7462162999436,4.1280000004917e-4,484.83654229994863,485.2072053999873,485.3074767999351,487.3074803999625,487.7074011999648,487.8099080999382,487.8099080999382,489.10976859997027,b,0,1.2831855999538675,NA,489.1100611999864,489.1238624999533,489.1238624999533,489.1238624999533,489.1238624999533,489.1103793999646,NA,NA,NA,NA,NA,NA,NA,NA,NA,NA,039,001,2025-10-13_14h13.27.489,Study_5_PsychoPy_Experiment,2024.1.5,NA,2025-10-13 14h13.39.032602 +0100
Belief,Reg,FALSE,N,FB-Ig,T_B_T,PsychoPyStudy5Stim/T_B_T_1.png,Adam THINKS there are ZERO cubes,Zero,b,h,N,PropFalse,N,0,117,117,283,489.1238624999533,NA,NA,NA,NA,NA,NA,NA,NA,NA,489.1105869000312,1.6619998496025e-4,489.2020094000036,489.5739912999561,489.6741333999671,491.6740846999455,492.0739966999972,492.17650349996984,492.17650349996984,493.29382160003297,b,1,1.0999289999017492,NA,493.2945690000197,493.3072603000328,493.3072603000328,493.3072603000328,493.3072603000328,493.2952863000101,NA,NA,NA,NA,NA,NA,NA,NA,NA,NA,039,001,2025-10-13_14h13.27.489,Study_5_PsychoPy_Experiment,2024.1.5,NA,2025-10-13 14h13.39.032602 +0100
Knowledge,Reg,FALSE,N,FB-Ig,B_TT,PsychoPyStudy5Stim/B_TT_1.png,Adam KNOWS there are ZERO cubes,Zero,b,h,N,PropTrueNoKnow,Y,0,118,118,321,493.3072603000328,NA,NA,NA,NA,NA,NA,NA,NA,NA,493.29581799998414,4.1730003431439e-4,493.3976308000274,493.77395850000903,493.87408889993094,495.8739783000201,496.2739054999547,496.37639490002766,496.37639490002766,497.9101124999579,b,1,1.5172010000096634,NA,497.91063139995094,497.92380749993026,497.92380749993026,497.92380749993026,497.92380749993026,497.9111515999539,NA,NA,NA,NA,NA,NA,NA,NA,NA,NA,039,001,2025-10-13_14h13.27.489,Study_5_PsychoPy_Experiment,2024.1.5,NA,2025-10-13 14h13.39.032602 +0100
Knowledge,Neg,FALSE,N,TB-K,TT_B,PsychoPyStudy5Stim/TT_B_7.png,Adam does NOT KNOW there are TWO cubes,Two,b,h,Y,PropFalse,N,0,119,119,94,497.92380749993026,NA,NA,NA,NA,NA,NA,NA,NA,NA,497.9115462999325,3.1620007939636e-4,498.0030436000088,498.373845999944,498.47414139995817,500.4740588000277,500.87395249994006,500.9765064999228,500.9765064999228,502.0604264999274,b,1,1.0767456999747085,NA,502.0609372999752,502.0738602000056,502.0738602000056,502.0738602000056,502.0738602000056,502.0615351999877,NA,NA,NA,NA,NA,NA,NA,NA,NA,NA,039,001,2025-10-13_14h13.27.489,Study_5_PsychoPy_Experiment,2024.1.5,NA,2025-10-13 14h13.39.032602 +0100
Reality,Reg,TRUE,N,NB-TB-K,T_NB,PsychoPyStudy5Stim/T_NB_5.png,"In REALITY, there is ONE cube",One,h,b,N,-,N,0,120,120,144,502.0738602000056,NA,NA,NA,NA,NA,NA,NA,NA,NA,502.0619314999785,3.1250005122274e-4,502.16141459997743,502.54081729997415,502.6408428000286,504.6406645999523,505.0407192999264,505.1431565999519,505.1431565999519,505.8443708999548,h,1,0.6935227999929339,NA,505.8451845999807,505.8572763999691,505.8572763999691,505.8572763999691,505.8572763999691,505.8461553999223,NA,NA,NA,NA,NA,NA,NA,NA,NA,NA,039,001,2025-10-13_14h13.27.489,Study_5_PsychoPy_Experiment,2024.1.5,NA,2025-10-13 14h13.39.032602 +0100
Knowledge,Reg,TRUE,N,TB-K-B,DD_B,PsychoPyStudy5Stim/DD_B_6.png,Adam KNOWS there are ZERO cubes,Zero,h,b,N,-,N,0,121,121,220,505.8572763999691,NA,NA,NA,NA,NA,NA,NA,NA,NA,505.8468017999549,5.0560000818222e-4,505.9552846000297,506.3404750999762,506.4407600000268,508.4407249999931,508.8406657000305,508.94315950002056,508.94315950002056,509.8272304999409,h,1,0.8692510999972001,NA,509.8278863999294,509.8404838999268,509.8404838999268,509.8404838999268,509.8404838999268,509.8286645000335,NA,NA,NA,NA,NA,NA,NA,NA,NA,NA,039,001,2025-10-13_14h13.27.489,Study_5_PsychoPy_Experiment,2024.1.5,NA,2025-10-13 14h13.39.032602 +0100
Knowledge,Neg,FALSE,N,NB-TB-K,TT_NB,PsychoPyStudy5Stim/TT_NB_3.png,Adam does NOT KNOW there are TWO cubes,Two,b,h,Y,PropFalse,N,0,122,122,66,509.8404838999268,NA,NA,NA,NA,NA,NA,NA,NA,NA,509.8291896999581,4.1330000385642e-4,509.9126078999834,510.2903278999729,510.39053690002766,512.3907305999892,512.7906834000023,512.8930369999725,512.8930369999725,513.7606498999521,b,1,0.8549447000259534,NA,513.7613456000108,513.77385160001,513.77385160001,513.77385160001,513.77385160001,513.762100199936,NA,NA,NA,NA,NA,NA,NA,NA,NA,NA,039,001,2025-10-13_14h13.27.489,Study_5_PsychoPy_Experiment,2024.1.5,NA,2025-10-13 14h13.39.032602 +0100
Knowledge,Neg,TRUE,Y,FB-Ig,T_B_T,PsychoPyStudy5Stim/T_B_T_3.png,Adam does NOT KNOW there are TWO cubes,Two,h,b,Y,-,N,0,123,123,2,513.77385160001,NA,NA,NA,NA,NA,NA,NA,NA,NA,513.7626294000074,4.1189999319612e-4,513.8534783000359,514.2237307999749,514.3238433999941,516.3239861000329,516.7238713999977,516.8264071999583,516.8264071999583,518.1435990999453,b,0,1.3060173999983815,NA,518.1440969000105,518.1571265999228,518.1571265999228,518.1571265999228,518.1571265999228,518.14469440002,NA,NA,NA,NA,NA,NA,NA,NA,NA,NA,039,001,2025-10-13_14h13.27.489,Study_5_PsychoPy_Experiment,2024.1.5,NA,2025-10-13 14h13.39.032602 +0100
Knowledge,Reg,TRUE,N,NB-TB-K,D_NB,PsychoPyStudy5Stim/D_NB_7.png,Adam KNOWS there are ZERO cubes,Zero,h,b,N,-,N,0,124,124,134,518.1571265999228,NA,NA,NA,NA,NA,NA,NA,NA,NA,518.1450818999438,3.0469999182969e-4,518.2320065000094,518.6069882999873,518.7071102999616,520.7073377999477,521.107352299965,521.2098389000166,521.2098389000166,522.1936549999518,h,1,0.9800529000349344,NA,522.1941518000094,522.2071114999708,522.2071114999708,522.2071114999708,522.2071114999708,522.1946852999972,NA,NA,NA,NA,NA,NA,NA,NA,NA,NA,039,001,2025-10-13_14h13.27.489,Study_5_PsychoPy_Experiment,2024.1.5,NA,2025-10-13 14h13.39.032602 +0100
Belief,Neg,TRUE,N,TB-K,TT_B,PsychoPyStudy5Stim/TT_B_4.png,Adam does NOT THINK there is ONE cube,One,h,b,Y,-,N,0,125,125,87,522.2071114999708,NA,NA,NA,NA,NA,NA,NA,NA,NA,522.1950648999773,2.9759993776679e-4,522.2882686000085,522.6737986999797,522.7740006999811,524.7740362000186,525.1739494999638,525.2765955999494,525.2765955999494,526.1606977999909,b,0,0.8802571000996977,NA,526.1613782999339,526.173813499976,526.173813499976,526.173813499976,526.173813499976,526.1620714999735,NA,NA,NA,NA,NA,NA,NA,NA,NA,NA,039,001,2025-10-13_14h13.27.489,Study_5_PsychoPy_Experiment,2024.1.5,NA,2025-10-13 14h13.39.032602 +0100
Belief,Neg,TRUE,N,TB-K,TD_B,PsychoPyStudy5Stim/TD_B_1.png,Adam does NOT THINK there are TWO cubes,Two,h,b,Y,-,N,0,126,126,108,526.173813499976,NA,NA,NA,NA,NA,NA,NA,NA,NA,526.1626321999356,4.4560001697391e-4,526.2484806999564,526.6236718000146,526.7238306000363,528.7237670000177,529.123948500026,529.226213100017,529.226213100017,530.1269507999532,h,1,0.8901632999768481,NA,530.1275154999457,530.1403610999696,530.1403610999696,530.1403610999696,530.1403610999696,530.1281311999774,NA,NA,NA,NA,NA,NA,NA,NA,NA,NA,039,001,2025-10-13_14h13.27.489,Study_5_PsychoPy_Experiment,2024.1.5,NA,2025-10-13 14h13.39.032602 +0100
Knowledge,Neg,FALSE,N,TB-K,TT_B,PsychoPyStudy5Stim/TT_B_6.png,Adam does NOT KNOW there are TWO cubes,Two,b,h,Y,PropFalse,N,0,127,127,93,530.1403610999696,NA,NA,NA,NA,NA,NA,NA,NA,NA,530.12856620003,3.4289993345737e-4,530.2235864999238,530.6069499999285,530.7070422000252,532.7072762999451,533.1072039999999,533.2095950000221,533.2095950000221,534.1098544999259,b,1,0.8837613000068814,NA,534.1102181000169,534.1237012000056,534.1237012000056,534.1237012000056,534.1237012000056,534.1105715000303,NA,NA,NA,NA,NA,NA,NA,NA,NA,NA,039,001,2025-10-13_14h13.27.489,Study_5_PsychoPy_Experiment,2024.1.5,NA,2025-10-13 14h13.39.032602 +0100
Knowledge,Neg,FALSE,N,TB-K,TT_B,PsychoPyStudy5Stim/TT_B_3.png,Adam does NOT KNOW there are TWO cubes,Two,b,h,Y,PropFalse,N,0,128,128,90,534.1237012000056,NA,NA,NA,NA,NA,NA,NA,NA,NA,534.1108503999421,2.2469996474683e-4,534.1927609000122,534.5735132999253,534.6737016999396,536.6738999999361,537.0738910000073,537.1762516000308,537.1762516000308,537.9930845999625,b,1,0.8118036999367177,NA,537.9933737999527,538.0069776999298,538.0069776999298,538.0069776999298,538.0069776999298,537.9936953999568,NA,NA,NA,NA,NA,NA,NA,NA,NA,NA,039,001,2025-10-13_14h13.27.489,Study_5_PsychoPy_Experiment,2024.1.5,NA,2025-10-13 14h13.39.032602 +0100
Knowledge,Neg,FALSE,N,NB-TB-K,T_NB,PsychoPyStudy5Stim/T_NB_4.png,Adam does NOT KNOW there is ONE cube,One,b,h,Y,PropFalse,N,0,129,129,43,538.0069776999298,NA,NA,NA,NA,NA,NA,NA,NA,NA,537.993903900031,1.6539997886866e-4,538.0766414999962,538.4568895000266,538.5570857999846,540.5572435000213,540.9572246000171,541.0594724999974,541.0594724999974,542.1603502000216,b,1,1.097073300043121,NA,542.1608550000237,542.1737066999776,542.1737066999776,542.1737066999776,542.1737066999776,542.1614767999854,NA,NA,NA,NA,NA,NA,NA,NA,NA,NA,039,001,2025-10-13_14h13.27.489,Study_5_PsychoPy_Experiment,2024.1.5,NA,2025-10-13 14h13.39.032602 +0100
Belief,Reg,FALSE,N,NB-TB-K,TT_NB,PsychoPyStudy5Stim/TT_NB_6.png,Adam THINKS there are ZERO cubes,Zero,b,h,N,PropFalse,N,0,130,130,186,542.1737066999776,NA,NA,NA,NA,NA,NA,NA,NA,NA,542.1618543999502,2.9349990654736e-4,542.252167699975,542.6237447999883,542.7236559999874,544.7238523999695,545.1238467999501,545.2262985999696,545.2262985999696,545.910784299951,b,1,0.6822281000204384,NA,545.9115036999574,545.9236977000255,545.9236977000255,545.9236977000255,545.9236977000255,545.9122575999936,NA,NA,NA,NA,NA,NA,NA,NA,NA,NA,039,001,2025-10-13_14h13.27.489,Study_5_PsychoPy_Experiment,2024.1.5,NA,2025-10-13 14h13.39.032602 +0100
Belief,Reg,TRUE,N,NB-TB-K,TT_NB,PsychoPyStudy5Stim/TT_NB_5.png,Adam THINKS there are TWO cubes,Two,h,b,N,-,N,0,131,131,177,545.9236977000255,NA,NA,NA,NA,NA,NA,NA,NA,NA,545.9127928999951,4.1300000157207e-4,546.0014085000148,546.373565100017,546.4736328999279,548.4739426999586,548.8738492999692,548.976495299954,548.976495299954,550.0766270000022,h,1,1.0922104000346735,NA,550.0771171000088,550.0903636999428,550.0903636999428,550.0903636999428,550.0903636999428,550.0776683000149,NA,NA,NA,NA,NA,NA,NA,NA,NA,NA,039,001,2025-10-13_14h13.27.489,Study_5_PsychoPy_Experiment,2024.1.5,NA,2025-10-13 14h13.39.032602 +0100
Knowledge,Neg,TRUE,N,NB-TB-K,T_NB,PsychoPyStudy5Stim/T_NB_4.png,Adam does NOT KNOW there are TWO cubes,Two,h,b,Y,-,N,0,132,132,35,550.0903636999428,NA,NA,NA,NA,NA,NA,NA,NA,NA,550.0780372000299,2.8879998717457e-4,550.1643310999498,550.5401588999666,550.6402851999737,552.6404647999443,553.0404964999761,553.1430335999466,553.1430335999466,553.7772780000232,b,0,0.6293247999856248,NA,553.7779371000361,553.7903932000045,553.7903932000045,553.7903932000045,553.7903932000045,553.7787008000305,NA,NA,NA,NA,NA,NA,NA,NA,NA,NA,039,001,2025-10-13_14h13.27.489,Study_5_PsychoPy_Experiment,2024.1.5,NA,2025-10-13 14h13.39.032602 +0100
Reality,Reg,TRUE,N,NB-TB-K,D_NB,PsychoPyStudy5Stim/D_NB_2.png,"In REALITY, there are ZERO cubes",Zero,h,b,N,-,N,0,133,133,136,553.7903932000045,NA,NA,NA,NA,NA,NA,NA,NA,NA,553.7792896999745,4.8310006968677e-4,553.8656158000231,554.24050049996,554.3405561000109,556.3404795000097,556.7404866999714,556.8428536999272,556.8428536999272,557.6436287999386,h,1,0.7857758000027388,NA,557.6442914999789,557.6570322000189,557.6570322000189,557.6570322000189,557.6570322000189,557.6449830000056,NA,NA,NA,NA,NA,NA,NA,NA,NA,NA,039,001,2025-10-13_14h13.27.489,Study_5_PsychoPy_Experiment,2024.1.5,NA,2025-10-13 14h13.39.032602 +0100
Knowledge,Reg,FALSE,N,NB-TB-K,TT_NB,PsychoPyStudy5Stim/TT_NB_8.png,Adam KNOWS there is ONE cube,One,b,h,N,PropFalse,N,0,134,134,176,557.6570322000189,NA,NA,NA,NA,NA,NA,NA,NA,NA,557.6455333000049,4.3740007095038e-4,557.745184200001,558.1235869999509,558.2238340999465,560.2237310999772,560.6237501000287,560.7260858999798,560.7260858999798,561.3930762000382,b,1,0.654276299988851,NA,561.3933925000019,561.4067992999917,561.4067992999917,561.4067992999917,561.4067992999917,561.3937067999505,NA,NA,NA,NA,NA,NA,NA,NA,NA,NA,039,001,2025-10-13_14h13.27.489,Study_5_PsychoPy_Experiment,2024.1.5,NA,2025-10-13 14h13.39.032602 +0100
Belief,Reg,FALSE,N,FB-Ig,T_B_T,PsychoPyStudy5Stim/T_B_T_5.png,Adam THINKS there are ZERO cubes,Zero,b,h,N,PropFalse,N,0,135,135,287,561.4067992999917,NA,NA,NA,NA,NA,NA,NA,NA,NA,561.3939177999273,1.6679998952895e-4,561.4843063999433,561.8567905999953,561.9569311999949,563.9570549000055,564.3571837999625,564.4595560999587,564.4595560999587,565.4103269999614,b,1,0.9368974000681192,NA,565.4109862999758,565.4236731999554,565.4236731999554,565.4236731999554,565.4236731999554,565.411729299929,NA,NA,NA,NA,NA,NA,NA,NA,NA,NA,039,001,2025-10-13_14h13.27.489,Study_5_PsychoPy_Experiment,2024.1.5,NA,2025-10-13 14h13.39.032602 +0100
Knowledge,Reg,TRUE,N,TB-K-B,TD_B,PsychoPyStudy5Stim/TD_B_8.png,Adam KNOWS there is ONE cube,One,h,b,N,-,N,0,136,136,258,565.4236731999554,NA,NA,NA,NA,NA,NA,NA,NA,NA,565.4122450000141,4.0110002737492e-4,565.512992199976,565.890362599981,565.9905007999623,567.9905190999852,568.3904300000286,568.4927938999608,568.4927938999608,569.0771194000263,h,1,0.5754018999869004,NA,569.0778279999504,569.0903099999996,569.0903099999996,569.0903099999996,569.0903099999996,569.0786594999954,NA,NA,NA,NA,NA,NA,NA,NA,NA,NA,039,001,2025-10-13_14h13.27.489,Study_5_PsychoPy_Experiment,2024.1.5,NA,2025-10-13 14h13.39.032602 +0100
Reality,Reg,FALSE,N,TB-Ig,D_B,PsychoPyStudy5Stim/D_B_3.png,"In REALTY, there are TWO cubes",Two,b,h,N,-,N,0,137,137,205,569.0903099999996,NA,NA,NA,NA,NA,NA,NA,NA,NA,569.079187199939,4.1439989581704e-4,569.1744156000204,569.5570440000156,569.6571737999329,571.6571425999282,572.0571022999939,572.1593106000219,572.1593106000219,573.3599133000243,b,1,1.1891752999508751,NA,573.3604480000213,573.3735802000156,573.3735802000156,573.3735802000156,573.3735802000156,573.3609860999277,NA,NA,NA,NA,NA,NA,NA,NA,NA,NA,039,001,2025-10-13_14h13.27.489,Study_5_PsychoPy_Experiment,2024.1.5,NA,2025-10-13 14h13.39.032602 +0100
Knowledge,Reg,FALSE,N,TB-Ig,D_B,PsychoPyStudy5Stim/D_B_2.png,Adam KNOWS there are ZERO cubes,Zero,b,h,N,PropTrueNoKnow,Y,0,138,138,198,573.3735802000156,NA,NA,NA,NA,NA,NA,NA,NA,NA,573.3613803000189,3.1600007787346e-4,573.4643667000346,573.8401506999508,573.9403196999338,575.9404926999705,576.3403931999346,576.4426436999347,576.4426436999347,577.2595785999438,h,0,0.8093849000288174,NA,577.2598675999325,577.2735161000164,577.2735161000164,577.2735161000164,577.2735161000164,577.2601882999297,NA,NA,NA,NA,NA,NA,NA,NA,NA,NA,039,001,2025-10-13_14h13.27.489,Study_5_PsychoPy_Experiment,2024.1.5,NA,2025-10-13 14h13.39.032602 +0100
Belief,Neg,FALSE,N,TB-K,TT_B,PsychoPyStudy5Stim/TT_B_8.png,Adam does NOT THINK there are TWO cubes,Two,b,h,Y,PropFalse,N,0,139,139,103,577.2735161000164,NA,NA,NA,NA,NA,NA,NA,NA,NA,577.2603986000177,1.6769999638199e-4,577.347469600034,577.7236000000266,577.823773699929,579.8238120999886,580.2237080000341,580.3260364999296,580.3260364999296,581.0432449999498,b,1,0.7019621999934316,NA,581.0437474999344,581.0568823999492,581.0568823999492,581.0568823999492,581.0568823999492,581.0443048999878,NA,NA,NA,NA,NA,NA,NA,NA,NA,NA,039,001,2025-10-13_14h13.27.489,Study_5_PsychoPy_Experiment,2024.1.5,NA,2025-10-13 14h13.39.032602 +0100
Knowledge,Neg,TRUE,Y,FB-Ig,T_B_T,PsychoPyStudy5Stim/T_B_T_4.png,Adam does NOT KNOW there are TWO cubes,Two,h,b,Y,-,N,0,140,140,3,581.0568823999492,NA,NA,NA,NA,NA,NA,NA,NA,NA,581.0446809999412,2.9409991111606e-4,581.1464942999883,581.5234735999256,581.6236681999872,583.6238323999569,584.0238014999777,584.1261380999349,584.1261380999349,585.2774390999693,h,1,1.1428106999956071,NA,585.2781916999957,585.2901538999286,585.2901538999286,585.2901538999286,585.2901538999286,585.2790164999897,NA,NA,NA,NA,NA,NA,NA,NA,NA,NA,039,001,2025-10-13_14h13.27.489,Study_5_PsychoPy_Experiment,2024.1.5,NA,2025-10-13 14h13.39.032602 +0100
Belief,Reg,FALSE,N,TB-K-B,TD_B,PsychoPyStudy5Stim/TD_B_6.png,Adam THINKS there are ZERO cubes,Zero,b,h,N,PropFalse,N,0,141,141,268,585.2901538999286,NA,NA,NA,NA,NA,NA,NA,NA,NA,585.2795301999431,3.5830005072057e-4,585.3734032999491,585.7568838000298,585.8571178999264,587.8571871999884,588.2570629999973,588.359406500007,588.359406500007,589.0927836999763,b,1,0.7164838999742642,NA,589.0930884999689,589.1067116999766,589.1067116999766,589.1067116999766,589.1067116999766,589.0934264999814,NA,NA,NA,NA,NA,NA,NA,NA,NA,NA,039,001,2025-10-13_14h13.27.489,Study_5_PsychoPy_Experiment,2024.1.5,NA,2025-10-13 14h13.39.032602 +0100
Belief,Neg,TRUE,N,TB-K,TD_B,PsychoPyStudy5Stim/TD_B_2.png,Adam does NOT THINK there are TWO cubes,Two,h,b,Y,-,N,0,142,142,109,589.1067116999766,NA,NA,NA,NA,NA,NA,NA,NA,NA,589.09364430001,1.7340003978461e-4,589.1937344999751,589.573459599982,589.6738961000228,591.6736821000231,592.0736564999679,592.1760996000376,592.1760996000376,594.5100297000026,h,1,2.332672900054604,NA,594.5105215000222,594.5234940999653,594.5234940999653,594.5234940999653,594.5234940999653,594.5110812999774,NA,NA,NA,NA,NA,NA,NA,NA,NA,NA,039,001,2025-10-13_14h13.27.489,Study_5_PsychoPy_Experiment,2024.1.5,NA,2025-10-13 14h13.39.032602 +0100
Knowledge,Neg,FALSE,N,TB-K,TD_B,PsychoPyStudy5Stim/TD_B_3.png,Adam does NOT KNOW there is ONE cube,One,b,h,Y,PropFalse,N,0,143,143,114,594.5234940999653,NA,NA,NA,NA,NA,NA,NA,NA,NA,594.5114591999445,2.9719993472099e-4,594.6089530999307,594.9902683999389,595.0904625999974,597.0903603000334,597.4901900999248,597.5927264000056,597.5927264000056,598.526855199947,b,1,0.923314700019546,NA,598.5275809000013,598.5401425999589,598.5401425999589,598.5401425999589,598.5401425999589,598.5284041999839,NA,NA,NA,NA,NA,NA,NA,NA,NA,NA,039,001,2025-10-13_14h13.27.489,Study_5_PsychoPy_Experiment,2024.1.5,NA,2025-10-13 14h13.39.032602 +0100
Knowledge,Neg,FALSE,N,TB-K,TD_B,PsychoPyStudy5Stim/TD_B_7.png,Adam does NOT KNOW there is ONE cube,One,b,h,Y,PropFalse,N,0,144,144,118,598.5401425999589,NA,NA,NA,NA,NA,NA,NA,NA,NA,598.5289962999523,4.7400000039488e-4,598.6243683999637,599.0069581000134,599.1071339999326,601.1069259999786,601.5069867999991,601.6093529999489,601.6093529999489,603.1766536999494,b,1,1.5549648999003691,NA,603.1771570999408,603.1901567999739,603.1901567999739,603.1901567999739,603.1901567999739,603.1777236999478,NA,NA,NA,NA,NA,NA,NA,NA,NA,NA,039,001,2025-10-13_14h13.27.489,Study_5_PsychoPy_Experiment,2024.1.5,NA,2025-10-13 14h13.39.032602 +0100
Belief,Reg,FALSE,N,FB-Ig,D_B_T,PsychoPyStudy5Stim/D_B_T_2.png,Adam THINKS there are TWO cubes,Two,b,h,N,PropFalse,N,0,145,145,300,603.1901567999739,NA,NA,NA,NA,NA,NA,NA,NA,NA,603.1781075999606,3.0099996365606e-4,603.2940989999333,603.6735269000055,603.7738924999721,605.7736484999768,606.1735162999248,606.2761362999445,606.2761362999445,606.9771767000202,b,1,0.6882117999484763,NA,606.9777725000167,606.9901643999619,606.9901643999619,606.9901643999619,606.9901643999619,606.9784634999232,NA,NA,NA,NA,NA,NA,NA,NA,NA,NA,039,001,2025-10-13_14h13.27.489,Study_5_PsychoPy_Experiment,2024.1.5,NA,2025-10-13 14h13.39.032602 +0100
Knowledge,Reg,FALSE,N,FB-Ig,B_T,PsychoPyStudy5Stim/B_T_4.png,Adam KNOWS there are ZERO cubes,Zero,b,h,N,PropTrueNoKnow,Y,0,146,146,310,606.9901643999619,NA,NA,NA,NA,NA,NA,NA,NA,NA,606.978990899981,3.9529998321086e-4,607.0741363000125,607.4568913999246,607.5570384999737,609.5570368999615,609.956946899998,610.0594015999231,610.0594015999231,612.543848500005,b,1,2.4731444999342784,NA,612.5447120999452,612.5569194999989,612.5569194999989,612.5569194999989,612.5569194999989,612.5456133999396,NA,NA,NA,NA,NA,NA,NA,NA,NA,NA,039,001,2025-10-13_14h13.27.489,Study_5_PsychoPy_Experiment,2024.1.5,NA,2025-10-13 14h13.39.032602 +0100
Knowledge,Reg,TRUE,N,TB-K-B,DD_B,PsychoPyStudy5Stim/DD_B_7.png,Adam KNOWS there are ZERO cubes,Zero,h,b,N,-,N,0,147,147,221,612.5569194999989,NA,NA,NA,NA,NA,NA,NA,NA,NA,612.5462591999676,5.0309998914599e-4,612.641100000008,613.0235093999654,613.1235235999338,615.1236152999336,615.5235933000222,615.6259969000239,615.6259969000239,616.5938565999968,h,1,0.9537109000375494,NA,616.5946550000226,616.6068487999728,616.6068487999728,616.6068487999728,616.6068487999728,616.5961976000108,NA,NA,NA,NA,NA,NA,NA,NA,NA,NA,039,001,2025-10-13_14h13.27.489,Study_5_PsychoPy_Experiment,2024.1.5,NA,2025-10-13 14h13.39.032602 +0100
Reality,Reg,FALSE,N,FB-Ig,B_T,PsychoPyStudy5Stim/B_T_4.png,"In REALITY, there are TWO cubes",Two,b,h,N,-,N,0,148,148,320,616.6068487999728,NA,NA,NA,NA,NA,NA,NA,NA,NA,616.5968643999659,5.128999473527e-4,616.6827937000198,617.05689529993106,617.1568280999782,619.1569191999733,619.5569526000181,619.6592257999582,619.6592257999582,620.2601532000117,b,1,0.5848448999458924,NA,620.2607983000344,620.2734715000261,620.2734715000261,620.2734715000261,620.2734715000261,620.2614874999272,NA,NA,NA,NA,NA,NA,NA,NA,NA,NA,039,001,2025-10-13_14h13.27.489,Study_5_PsychoPy_Experiment,2024.1.5,NA,2025-10-13 14h13.39.032602 +0100
Belief,Reg,TRUE,N,FB-Ig,B_T,PsychoPyStudy5Stim/B_T_3.png,Adam THINKS there are ZERO cubes,Zero,h,b,N,-,Y,0,149,149,314,620.2734715000261,NA,NA,NA,NA,NA,NA,NA,NA,NA,620.261994499946,3.9780000224709e-4,620.3506681999424,620.7235131999478,620.8236481000204,622.8236333000241,623.2235648999922,623.3259672999848,623.3259672999848,625.4762151000323,b,0,2.134349499945529,NA,625.476639600005,625.4900784000056,625.4900784000056,625.4900784000056,625.4900784000056,625.4771161000244,NA,NA,NA,NA,NA,NA,NA,NA,NA,NA,039,001,2025-10-13_14h13.27.489,Study_5_PsychoPy_Experiment,2024.1.5,NA,2025-10-13 14h13.39.032602 +0100
Belief,Neg,FALSE,N,TB-K,TT_B,PsychoPyStudy5Stim/TT_B_3.png,Adam does NOT THINK there are TWO cubes,Two,b,h,Y,PropFalse,N,0,150,150,98,625.4900784000056,NA,NA,NA,NA,NA,NA,NA,NA,NA,625.4774446999654,2.5929999537765e-4,625.5853716999991,625.9567870999454,626.0569401999237,628.0567769999616,628.4569020000054,628.5593020999804,628.5593020999804,630.060227299924,b,1,1.493409899994731,NA,630.0608833000297,630.073418200016,630.073418200016,630.073418200016,630.073418200016,630.0615684000077,NA,NA,NA,NA,NA,NA,NA,NA,NA,NA,039,001,2025-10-13_14h13.27.489,Study_5_PsychoPy_Experiment,2024.1.5,NA,2025-10-13 14h13.39.032602 +0100
Knowledge,Neg,FALSE,N,NB-TB-K,T_NB,PsychoPyStudy5Stim/T_NB_7.png,Adam does NOT KNOW there is ONE cube,One,b,h,Y,PropFalse,N,0,151,151,46,630.073418200016,NA,NA,NA,NA,NA,NA,NA,NA,NA,630.0620804999489,3.8120010867714e-4,630.1581417999696,630.5400703999912,630.6403143999632,632.6402473000344,633.0402761999285,633.1425893999403,633.1425893999403,634.0599232999375,b,1,0.9097625999711454,NA,634.0604485999793,634.0733427000232,634.0733427000232,634.0733427000232,634.0733427000232,634.0610352000222,NA,NA,NA,NA,NA,NA,NA,NA,NA,NA,039,001,2025-10-13_14h13.27.489,Study_5_PsychoPy_Experiment,2024.1.5,NA,2025-10-13 14h13.39.032602 +0100
Knowledge,Reg,FALSE,N,TB-K-B,TT_B,PsychoPyStudy5Stim/TT_B_1.png,Adam KNOWS there is ONE cube,One,b,h,N,PropFalse,N,0,152,152,245,634.0733427000232,NA,NA,NA,NA,NA,NA,NA,NA,NA,634.061441799975,3.2019999343901e-4,634.1602913999232,634.5398811999476,634.6399743999355,636.6401662999997,637.0401793000055,637.1425412999233,637.1425412999233,638.3433425999247,b,1,1.1987029999727383,NA,638.3439055000199,638.356715300004,638.356715300004,638.356715300004,638.356715300004,638.3445222999435,NA,NA,NA,NA,NA,NA,NA,NA,NA,NA,039,001,2025-10-13_14h13.27.489,Study_5_PsychoPy_Experiment,2024.1.5,NA,2025-10-13 14h13.39.032602 +0100
Knowledge,Neg,FALSE,N,NB-TB-K,T_NB,PsychoPyStudy5Stim/T_NB_5.png,Adam does NOT KNOW there is ONE cube,One,b,h,Y,PropFalse,N,0,153,153,44,638.356715300004,NA,NA,NA,NA,NA,NA,NA,NA,NA,638.3449538999703,3.4010002855211e-4,638.4435708000092,638.8234316000016,638.9236289999681,640.9235558999935,641.3235949999653,641.4259429000085,641.4259429000085,642.4273441999685,b,1,0.9857080000219868,NA,642.4281961999368,642.4401203999296,642.4401203999296,642.4401203999296,642.4401203999296,642.4292396999663,NA,NA,NA,NA,NA,NA,NA,NA,NA,NA,039,001,2025-10-13_14h13.27.489,Study_5_PsychoPy_Experiment,2024.1.5,NA,2025-10-13 14h13.39.032602 +0100
Belief,Reg,TRUE,N,FB-Ig,B_TT,PsychoPyStudy5Stim/B_TT_2.png,Adam THINKS there are ZERO cubes,Zero,h,b,N,-,Y,0,154,154,327,642.4401203999296,NA,NA,NA,NA,NA,NA,NA,NA,NA,642.4299367000349,5.5810005869716e-4,642.5350266000023,642.9067413000157,643.0068394999253,645.0069365999661,645.406870799954,645.5091738000046,645.5091738000046,646.0766659999499,h,1,0.558787899906747,NA,646.0772921999451,646.0900258999318,646.0900258999318,646.0900258999318,646.0900258999318,646.0779727000045,NA,NA,NA,NA,NA,NA,NA,NA,NA,NA,039,001,2025-10-13_14h13.27.489,Study_5_PsychoPy_Experiment,2024.1.5,NA,2025-10-13 14h13.39.032602 +0100
Knowledge,Reg,TRUE,N,NB-TB-K,TT_NB,PsychoPyStudy5Stim/TT_NB_7.png,Adam KNOWS there are TWO cubes,Two,h,b,N,-,N,0,155,155,173,646.0900258999318,NA,NA,NA,NA,NA,NA,NA,NA,NA,646.0784548999509,3.7660007365047e-4,646.188751299982,646.5734246999491,646.6735512999585,648.6735471999273,649.0733008999377,649.1759704999859,649.1759704999859,649.8095267999452,h,1,0.6275581000372767,NA,649.8098308999324,649.8231616999255,649.8231616999255,649.8231616999255,649.8231616999255,649.8101642000256,NA,NA,NA,NA,NA,NA,NA,NA,NA,NA,039,001,2025-10-13_14h13.27.489,Study_5_PsychoPy_Experiment,2024.1.5,NA,2025-10-13 14h13.39.032602 +0100
Knowledge,Reg,FALSE,N,FB-Ig,T_B_T,PsychoPyStudy5Stim/T_B_T_1.png,Adam KNOWS there are ZERO cubes,Zero,b,h,N,PropFalse,N,0,156,156,275,649.8231616999255,NA,NA,NA,NA,NA,NA,NA,NA,NA,649.8103804999264,1.7210002988576e-4,649.9076826999662,650.2899904999649,650.390133799985,652.390020999941,652.7901095999405,652.8925553000299,652.8925553000299,653.6940551999724,b,1,0.7992289999965578,NA,653.6944221999729,653.7066097999923,653.7066097999923,653.7066097999923,653.7066097999923,653.6949266999727,NA,NA,NA,NA,NA,NA,NA,NA,NA,NA,039,001,2025-10-13_14h13.27.489,Study_5_PsychoPy_Experiment,2024.1.5,NA,2025-10-13 14h13.39.032602 +0100
Knowledge,Reg,FALSE,N,TB-Ig,D_B,PsychoPyStudy5Stim/D_B_1.png,Adam KNOWS there are ZERO cubes,Zero,b,h,N,PropTrueNoKnow,Y,0,157,157,197,653.7066097999923,NA,NA,NA,NA,NA,NA,NA,NA,NA,653.6951566999778,1.8870003987103e-4,653.793017799966,654.173145800014,654.2732985999901,656.273536899942,656.6734773999779,656.7758105000248,656.7758105000248,657.7429760999512,h,0,0.955900999950245,NA,657.7432933000382,657.7565487999236,657.7565487999236,657.7565487999236,657.7565487999236,657.7436519999756,NA,NA,NA,NA,NA,NA,NA,NA,NA,NA,039,001,2025-10-13_14h13.27.489,Study_5_PsychoPy_Experiment,2024.1.5,NA,2025-10-13 14h13.39.032602 +0100
Belief,Neg,TRUE,Y,FB-Ig,D_B_T,PsychoPyStudy5Stim/D_B_T_4.png,Adam does NOT THINK there is ONE cube,One,h,b,Y,-,N,0,158,158,27,657.7565487999236,NA,NA,NA,NA,NA,NA,NA,NA,NA,657.7438751999289,1.7880008090287e-4,657.8411138999509,658.2232898999937,658.3233453999273,660.3235192999709,660.72348159994,660.8258517000359,660.8258517000359,661.7432688999688,h,1,0.9153324000071734,NA,661.7438517999835,661.7566719999304,661.7566719999304,661.7566719999304,661.7566719999304,661.744486099924,NA,NA,NA,NA,NA,NA,NA,NA,NA,NA,039,001,2025-10-13_14h13.27.489,Study_5_PsychoPy_Experiment,2024.1.5,NA,2025-10-13 14h13.39.032602 +0100
Knowledge,Neg,TRUE,Y,FB-Ig,D_B_T,PsychoPyStudy5Stim/D_B_T_4.png,Adam does NOT KNOW there is ONE cube,One,h,b,Y,-,N,0,159,159,11,661.7566719999304,NA,NA,NA,NA,NA,NA,NA,NA,NA,661.7449428000255,3.6079995334148e-4,661.8365166999865,662.206574199954,662.3066734999884,664.3069005999714,664.7067872999469,664.8091764999554,664.8091764999554,667.4099677000195,b,0,2.5870390000054613,NA,667.4105856999522,667.4232496999903,667.4232496999903,667.4232496999903,667.4232496999903,667.411269400036,NA,NA,NA,NA,NA,NA,NA,NA,NA,NA,039,001,2025-10-13_14h13.27.489,Study_5_PsychoPy_Experiment,2024.1.5,NA,2025-10-13 14h13.39.032602 +0100
Reality,Reg,FALSE,N,NB-TB-K,DT_NB,PsychoPyStudy5Stim/TD_NB_2.png,"In REALITY, there are TWO cubes",Two,b,h,N,PropFalse,N,0,160,160,170,667.4232496999903,NA,NA,NA,NA,NA,NA,NA,NA,NA,667.4117565000197,3.8300000596791e-4,667.5251806000015,667.9065959999571,668.0066765999654,670.006670899922,670.4066924999934,670.5090694000246,670.5090694000246,671.8260395999532,b,1,1.3113358000991866,NA,671.8264753000112,671.8398693000199,671.8398693000199,671.8398693000199,671.8398693000199,671.8269933999982,NA,NA,NA,NA,NA,NA,NA,NA,NA,NA,039,001,2025-10-13_14h13.27.489,Study_5_PsychoPy_Experiment,2024.1.5,NA,2025-10-13 14h13.39.032602 +0100
Belief,Neg,TRUE,N,NB-TB-K,TT_NB,PsychoPyStudy5Stim/TT_NB_1.png,Adam does NOT THINK there is ONE cube,One,h,b,Y,-,N,0,161,161,60,671.8398693000199,NA,NA,NA,NA,NA,NA,NA,NA,NA,671.8273217999376,2.5969999842345e-4,671.9235316999257,672.3066185000353,672.4068259999622,674.4068219999317,674.8066921000136,674.9090026000049,674.9090026000049,676.0926663000137,b,0,1.175261200056411,NA,676.0930033000186,676.1065387999406,676.1065387999406,676.1065387999406,676.1065387999406,676.0933636999689,NA,NA,NA,NA,NA,NA,NA,NA,NA,NA,039,001,2025-10-13_14h13.27.489,Study_5_PsychoPy_Experiment,2024.1.5,NA,2025-10-13 14h13.39.032602 +0100
Knowledge,Reg,TRUE,N,NB-TB-K,D_NB,PsychoPyStudy5Stim/D_NB_2.png,Adam KNOWS there are ZERO cubes,Zero,h,b,N,-,N,0,162,162,129,676.1065387999406,NA,NA,NA,NA,NA,NA,NA,NA,NA,676.0936214999529,2.0809995476156e-4,676.18009109993,676.5566517999396,676.6567405000096,678.6568150999956,679.056804999942,679.1591287000338,679.1591287000338,679.9769803000381,h,1,0.8125736999791116,NA,679.9776849999325,679.9899153999286,679.9899153999286,679.9899153999286,679.9899153999286,679.9784435000038,NA,NA,NA,NA,NA,NA,NA,NA,NA,NA,039,001,2025-10-13_14h13.27.489,Study_5_PsychoPy_Experiment,2024.1.5,NA,2025-10-13 14h13.39.032602 +0100
Reality,Reg,FALSE,N,NB-TB-K,D_NB,PsychoPyStudy5Stim/D_NB_8.png,"In REALITY, there are TWO cubes",Two,b,h,N,PropFalse,N,0,163,163,139,679.9899153999286,NA,NA,NA,NA,NA,NA,NA,NA,NA,679.9789899999741,4.3010001536458e-4,680.090769900009,680.4733394000214,680.5734492000192,682.5734743999783,682.9733302999521,683.0757062999764,683.0757062999764,683.6596374999499,b,1,0.5683260000078008,NA,683.6602272000164,683.6732187999878,683.6732187999878,683.6732187999878,683.6732187999878,683.6608311999589,NA,NA,NA,NA,NA,NA,NA,NA,NA,NA,039,001,2025-10-13_14h13.27.489,Study_5_PsychoPy_Experiment,2024.1.5,NA,2025-10-13 14h13.39.032602 +0100
Knowledge,Neg,TRUE,Y,FB-Ig,D_B_T,PsychoPyStudy5Stim/D_B_T_3.png,Adam does NOT KNOW there is ONE cube,One,h,b,Y,-,N,0,164,164,10,683.6732187999878,NA,NA,NA,NA,NA,NA,NA,NA,NA,683.6612914999714,3.4180004149675e-4,683.765756299952,684.1399264000356,684.2399795999518,686.239992299932,686.640116399969,686.7423871000065,686.7423871000065,687.5931060999865,h,1,0.8378848000429571,NA,687.5937791999895,687.6065260999603,687.6065260999603,687.6065260999603,687.6065260999603,687.5944724000292,NA,NA,NA,NA,NA,NA,NA,NA,NA,NA,039,001,2025-10-13_14h13.27.489,Study_5_PsychoPy_Experiment,2024.1.5,NA,2025-10-13 14h13.39.032602 +0100
Reality,Reg,TRUE,N,FB-Ig,B_T,PsychoPyStudy5Stim/B_T_2.png,"In REALITY, there is ONE cube",One,h,b,N,-,N,0,165,165,318,687.6065260999603,NA,NA,NA,NA,NA,NA,NA,NA,NA,687.5949569999939,3.7879997398704e-4,687.6965707000345,688.0730068000266,688.1731253999751,690.1733762000222,690.5732660000212,690.6756121999351,690.6756121999351,691.2593992999755,h,1,0.5682831999147311,NA,691.2599121999228,691.2731183000142,691.2731183000142,691.2731183000142,691.2731183000142,691.2604391999776,NA,NA,NA,NA,NA,NA,NA,NA,NA,NA,039,001,2025-10-13_14h13.27.489,Study_5_PsychoPy_Experiment,2024.1.5,NA,2025-10-13 14h13.39.032602 +0100
Belief,Reg,FALSE,N,FB-Ig,T_B_T,PsychoPyStudy5Stim/T_B_T_2.png,Adam THINKS there are ZERO cubes,Zero,b,h,N,PropFalse,N,0,166,166,284,691.2731183000142,NA,NA,NA,NA,NA,NA,NA,NA,NA,691.2608709000051,3.6139995791018e-4,691.359787399997,691.7399532999843,691.8400704999221,693.840099300025,694.2400196000235,694.3423430999974,694.3423430999974,695.0762572999811,b,1,0.7170434999279678,NA,695.0768061999697,695.0898773999652,695.0898773999652,695.0898773999652,695.0898773999652,695.0774166999618,NA,NA,NA,NA,NA,NA,NA,NA,NA,NA,039,001,2025-10-13_14h13.27.489,Study_5_PsychoPy_Experiment,2024.1.5,NA,2025-10-13 14h13.39.032602 +0100
Belief,Reg,TRUE,N,TB-K-B,DD_B,PsychoPyStudy5Stim/DD_B_7.png,Adam THINKS there are ZERO cubes,Zero,h,b,N,-,N,0,167,167,232,695.0898773999652,NA,NA,NA,NA,NA,NA,NA,NA,NA,695.0778436999535,3.3700000494718e-4,695.1728071999969,695.5563033999642,695.656495800009,697.6566571999574,698.056634599925,698.1589501999551,698.1589501999551,698.6595016999636,h,1,0.49258199997711927,NA,698.6599782999838,698.6763482999522,NA,698.6763482999522,NA,722.70858450001106,space,24.015338799916208,NA,NA,NA,NA,NA,NA,NA,NA,039,001,2025-10-13_14h13.27.489,Study_5_PsychoPy_Experiment,2024.1.5,NA,2025-10-13 14h13.39.032602 +0100
Belief,Reg,FALSE,N,TB-K-B,DD_B,PsychoPyStudy5Stim/DD_B_4.png,Adam THINKS there is ONE cube,One,b,h,N,PropFalse,N,0,168,168,235,722.7231195999775,NA,NA,NA,NA,NA,NA,NA,NA,NA,722.7098056999967,6.7990005481988e-4,722.8067315999651,723.1895504000131,723.2896819999442,725.2899364000186,725.6898043999681,725.7921687000198,725.7921687000198,726.4263067999855,b,1,0.6192313999636099,NA,726.4269181999844,726.4397651000181,726.4397651000181,726.4397651000181,726.4397651000181,726.4285753000295,NA,NA,NA,NA,NA,NA,NA,NA,NA,NA,039,001,2025-10-13_14h13.27.489,Study_5_PsychoPy_Experiment,2024.1.5,NA,2025-10-13 14h13.39.032602 +0100
Knowledge,Reg,TRUE,N,NB-TB-K,DD_NB,PsychoPyStudy5Stim/DD_NB_6.png,Adam KNOWS there are ZERO cubes,Zero,h,b,N,-,N,0,169,169,152,726.4397651000181,NA,NA,NA,NA,NA,NA,NA,NA,NA,726.4290792000247,3.9050006307661e-4,726.529298099922,726.9063896000152,727.0067135000136,729.0064570999239,729.4065264000092,729.5090014999732,729.5090014999732,730.342743700021,h,1,0.8232666000258178,NA,730.3432458000025,730.3563525000354,730.3563525000354,730.3563525000354,730.3563525000354,730.3437978000147,NA,NA,NA,NA,NA,NA,NA,NA,NA,NA,039,001,2025-10-13_14h13.27.489,Study_5_PsychoPy_Experiment,2024.1.5,NA,2025-10-13 14h13.39.032602 +0100
Knowledge,Neg,TRUE,N,NB-TB-K,TT_NB,PsychoPyStudy5Stim/TT_NB_1.png,Adam does NOT KNOW there is ONE cube,One,h,b,Y,-,N,0,170,170,56,730.3563525000354,NA,NA,NA,NA,NA,NA,NA,NA,NA,730.3441778999986,2.9870006255805e-4,730.4361607999308,730.8064693999477,730.90651599993,732.9065599000314,733.3064956000308,733.4088395999279,733.4088395999279,734.1096304999664,b,0,0.6990462999092415,NA,734.1101975999773,734.1229607999558,734.1229607999558,734.1229607999558,734.1229607999558,734.1108044999419,NA,NA,NA,NA,NA,NA,NA,NA,NA,NA,039,001,2025-10-13_14h13.27.489,Study_5_PsychoPy_Experiment,2024.1.5,NA,2025-10-13 14h13.39.032602 +0100
Belief,Reg,TRUE,N,FB-Ig,B_TT,PsychoPyStudy5Stim/B_TT_4.png,Adam THINKS there are ZERO cubes,Zero,h,b,N,-,Y,0,171,171,329,734.1229607999558,NA,NA,NA,NA,NA,NA,NA,NA,NA,734.111241000006,3.4319993574172e-4,734.2054657000117,734.5897954999236,734.6899314000038,736.6898149999324,737.0897099999711,737.1925335000269,737.1925335000269,737.9092805000255,h,1,0.699629999930039,NA,737.9097763999598,737.9229553999612,737.9229553999612,737.9229553999612,737.9229553999612,737.9103238999378,NA,NA,NA,NA,NA,NA,NA,NA,NA,NA,039,001,2025-10-13_14h13.27.489,Study_5_PsychoPy_Experiment,2024.1.5,NA,2025-10-13 14h13.39.032602 +0100
Belief,Neg,FALSE,N,NB-TB-K,T_NB,PsychoPyStudy5Stim/T_NB_4.png,Adam does NOT THINK there is ONE cube,One,b,h,Y,PropFalse,N,0,172,172,51,737.9229553999612,NA,NA,NA,NA,NA,NA,NA,NA,NA,737.9107013000175,2.9650004580616e-4,738.0036115000257,738.3730276999995,738.4731982999947,740.4732339000329,740.8731066000182,740.9755708000157,740.9755708000157,741.9260123999557,b,1,0.9402262000367044,NA,741.9263098000083,741.9394924000371,741.9394924000371,741.9394924000371,741.9394924000371,741.9266335000284,NA,NA,NA,NA,NA,NA,NA,NA,NA,NA,039,001,2025-10-13_14h13.27.489,Study_5_PsychoPy_Experiment,2024.1.5,NA,2025-10-13 14h13.39.032602 +0100
Knowledge,Reg,TRUE,N,NB-TB-K,T_NB,PsychoPyStudy5Stim/T_NB_2.png,Adam KNOWS there is ONE cube,One,h,b,N,-,N,0,173,173,141,741.9394924000371,NA,NA,NA,NA,NA,NA,NA,NA,NA,741.926845000009,1.6920000780373e-4,742.0301056000171,742.4061683999607,742.5062633999623,744.5064728999278,744.9064650000073,745.0087995999493,745.0087995999493,745.7260184999323,h,1,0.7067680000327528,NA,745.7265299999854,745.7396161999786,745.7396161999786,745.7396161999786,745.7396161999786,745.7270911999512,NA,NA,NA,NA,NA,NA,NA,NA,NA,NA,039,001,2025-10-13_14h13.27.489,Study_5_PsychoPy_Experiment,2024.1.5,NA,2025-10-13 14h13.39.032602 +0100
Knowledge,Reg,FALSE,N,FB-Ig,B_T,PsychoPyStudy5Stim/B_T_5.png,Adam KNOWS there are ZERO cubes,Zero,b,h,N,PropTrueNoKnow,Y,0,174,174,311,745.7396161999786,NA,NA,NA,NA,NA,NA,NA,NA,NA,745.7274853999261,3.1249993480741e-4,745.8234230999369,746.2062956999289,746.3065335999709,748.3064417999703,748.7064119999995,748.8088041000301,748.8088041000301,749.6096101999283,b,1,0.7870305000105873,NA,749.6102166000055,749.6229886999354,749.6229886999354,749.6229886999354,749.6229886999354,749.6108964999439,NA,NA,NA,NA,NA,NA,NA,NA,NA,NA,039,001,2025-10-13_14h13.27.489,Study_5_PsychoPy_Experiment,2024.1.5,NA,2025-10-13 14h13.39.032602 +0100
Knowledge,Reg,TRUE,N,TB-K-B,TT_B,PsychoPyStudy5Stim/TT_B_5.png,Adam KNOWS there are TWO cubes,Two,h,b,N,-,N,0,175,175,241,749.6229886999354,NA,NA,NA,NA,NA,NA,NA,NA,NA,749.6113793000113,3.8129999302327e-4,749.7123415999813,750.0895365999313,750.1895691999234,752.189838499995,752.5897538999561,752.6922748000361,752.6922748000361,753.2261616999749,h,1,0.5271492999745533,NA,753.2267508000368,753.239590800018,753.239590800018,753.239590800018,753.239590800018,753.2273816999514,NA,NA,NA,NA,NA,NA,NA,NA,NA,NA,039,001,2025-10-13_14h13.27.489,Study_5_PsychoPy_Experiment,2024.1.5,NA,2025-10-13 14h13.39.032602 +0100
Belief,Reg,TRUE,N,FB-Ig,B_TT,PsychoPyStudy5Stim/B_TT_5.png,Adam THINKS there are ZERO cubes,Zero,h,b,N,-,Y,0,176,176,330,753.239590800018,NA,NA,NA,NA,NA,NA,NA,NA,NA,753.2278204000322,3.4289993345737e-4,753.3396696000127,753.7227734000189,753.8229398999829,755.8231456000358,756.2231327999616,756.3254997000331,756.3254997000331,756.8430289999815,h,1,0.5100461998954415,NA,756.8436960999388,756.8563292999752,756.8563292999752,756.8563292999752,756.8563292999752,756.8443779000081,NA,NA,NA,NA,NA,NA,NA,NA,NA,NA,039,001,2025-10-13_14h13.27.489,Study_5_PsychoPy_Experiment,2024.1.5,NA,2025-10-13 14h13.39.032602 +0100
Reality,Reg,FALSE,N,FB-Ig,B_T,PsychoPyStudy5Stim/B_T_3.png,"In REALITY, there are ZERO cubes",Zero,b,h,N,-,N,0,177,177,319,756.8563292999752,NA,NA,NA,NA,NA,NA,NA,NA,NA,756.8448976000072,3.8360001053661e-4,756.9407814999577,757.3228949999902,757.4228807999752,759.4230431999313,759.8229964999482,759.9254492999753,759.9254492999753,760.9100730000064,b,1,0.982584199984558,NA,760.9107253999682,760.9229797000298,760.9229797000298,760.9229797000298,760.9229797000298,760.9114785999991,NA,NA,NA,NA,NA,NA,NA,NA,NA,NA,039,001,2025-10-13_14h13.27.489,Study_5_PsychoPy_Experiment,2024.1.5,NA,2025-10-13 14h13.39.032602 +0100
Belief,Reg,FALSE,N,TB-K-B,DD_B,PsychoPyStudy5Stim/DD_B_5.png,Adam THINKS there is ONE cube,One,b,h,N,PropFalse,N,0,178,178,236,760.9229797000298,NA,NA,NA,NA,NA,NA,NA,NA,NA,760.9119851000141,4.0070002432912e-4,761.015876899939,761.3895063999807,761.4895280000055,763.4896372000221,763.8897583000362,763.9920312999748,763.9920312999748,764.9264055999229,b,1,0.9322899000253528,NA,764.9270428000018,764.9396210999694,764.9396210999694,764.9396210999694,764.9396210999694,764.9277292999905,NA,NA,NA,NA,NA,NA,NA,NA,NA,NA,039,001,2025-10-13_14h13.27.489,Study_5_PsychoPy_Experiment,2024.1.5,NA,2025-10-13 14h13.39.032602 +0100
Knowledge,Neg,TRUE,N,TB-K,TD_B,PsychoPyStudy5Stim/TD_B_4.png,Adam does NOT KNOW there are TWO cubes,Two,h,b,Y,-,N,0,179,179,107,764.9396210999694,NA,NA,NA,NA,NA,NA,NA,NA,NA,764.9282759999624,4.4649990741163e-4,765.0294190000277,765.4061282000039,765.5062223999994,767.5063731999835,767.9064078000374,768.0087171000196,768.0087171000196,768.9432248999365,b,0,0.9325721999630332,NA,768.9438661999302,768.956269599963,768.956269599963,768.956269599963,768.956269599963,768.9445380999241,NA,NA,NA,NA,NA,NA,NA,NA,NA,NA,039,001,2025-10-13_14h13.27.489,Study_5_PsychoPy_Experiment,2024.1.5,NA,2025-10-13 14h13.39.032602 +0100
Belief,Neg,FALSE,N,NB-TB-K,TT_NB,PsychoPyStudy5Stim/TT_NB_6.png,Adam does NOT THINK there are TWO cubes,Two,b,h,Y,PropFalse,N,0,180,180,77,768.956269599963,NA,NA,NA,NA,NA,NA,NA,NA,NA,768.9450602999423,3.9950001519173e-4,769.036200499977,769.4060617999639,769.5062764999457,771.5064165999647,771.9063703999855,772.008714399999,772.008714399999,772.793221400003,b,1,0.7803016999969259,NA,772.7939258000115,772.8062822000356,772.8062822000356,772.8062822000356,772.8062822000356,772.794642599998,NA,NA,NA,NA,NA,NA,NA,NA,NA,NA,039,001,2025-10-13_14h13.27.489,Study_5_PsychoPy_Experiment,2024.1.5,NA,2025-10-13 14h13.39.032602 +0100
Knowledge,Reg,FALSE,N,NB-TB-K,DD_NB,PsychoPyStudy5Stim/DD_NB_7.png,Adam KNOWS there is ONE cube,One,b,h,N,PropFalse,N,0,181,181,155,772.8062822000356,NA,NA,NA,NA,NA,NA,NA,NA,NA,772.7951718999539,4.1259999852627e-4,772.8994801000226,773.2727090999251,773.3729084000224,775.3730506999418,775.7729733999586,775.8752401999664,775.8752401999664,776.82608399994206,b,1,0.9448982999892904,NA,776.8266500999453,776.8395760999992,776.8395760999992,776.8395760999992,776.8395760999992,776.8272594999289,NA,NA,NA,NA,NA,NA,NA,NA,NA,NA,039,001,2025-10-13_14h13.27.489,Study_5_PsychoPy_Experiment,2024.1.5,NA,2025-10-13 14h13.39.032602 +0100
Knowledge,Neg,TRUE,N,TB-K,TD_B,PsychoPyStudy5Stim/TD_B_3.png,Adam does NOT KNOW there are TWO cubes,Two,h,b,Y,-,N,0,182,182,106,776.8395760999992,NA,NA,NA,NA,NA,NA,NA,NA,NA,776.8276941999793,3.4080003388226e-4,776.9230715000303,777.3060380999232,777.4062819000101,779.4063376999693,779.8063419000246,779.9085686999606,779.9085686999606,780.4926731999731,b,0,0.5748432000400499,NA,780.4931604999583,780.5061818999238,780.5061818999238,780.5061818999238,780.5061818999238,780.4936860000016,NA,NA,NA,NA,NA,NA,NA,NA,NA,NA,039,001,2025-10-13_14h13.27.489,Study_5_PsychoPy_Experiment,2024.1.5,NA,2025-10-13 14h13.39.032602 +0100
Belief,Reg,FALSE,N,NB-TB-K,TT_NB,PsychoPyStudy5Stim/TT_NB_6.png,Adam THINKS there is ONE cube,One,b,h,N,PropFalse,N,0,183,183,190,780.5061818999238,NA,NA,NA,NA,NA,NA,NA,NA,NA,780.4940613999497,2.9489991720765e-4,780.5861294999486,780.956016000011,781.0561167999404,783.0563815999776,783.45618009998,783.5585935999407,783.5585935999407,785.5093748000218,b,1,1.9415102999191731,NA,785.5098056999268,785.5228130000178,785.5228130000178,785.5228130000178,785.5228130000178,785.5102999999654,NA,NA,NA,NA,NA,NA,NA,NA,NA,NA,039,001,2025-10-13_14h13.27.489,Study_5_PsychoPy_Experiment,2024.1.5,NA,2025-10-13 14h13.39.032602 +0100
Belief,Reg,TRUE,N,NB-TB-K,T_NB,PsychoPyStudy5Stim/T_NB_3.png,Adam THINKS there is ONE cube,One,h,b,N,-,N,0,184,184,142,785.5228130000178,NA,NA,NA,NA,NA,NA,NA,NA,NA,785.510622199974,2.555000828579e-4,785.594975200016,785.9726623999886,786.0728575999383,788.0729980999604,788.4729852000019,788.5755474999314,788.5755474999314,789.1927356999367,h,1,0.604302900028415,NA,789.1934045000235,789.2062078999588,789.2062078999588,789.2062078999588,789.2062078999588,789.1941597999539,NA,NA,NA,NA,NA,NA,NA,NA,NA,NA,039,001,2025-10-13_14h13.27.489,Study_5_PsychoPy_Experiment,2024.1.5,NA,2025-10-13 14h13.39.032602 +0100
Belief,Neg,FALSE,N,NB-TB-K,TT_NB,PsychoPyStudy5Stim/TT_NB_1.png,Adam does NOT THINK there are TWO cubes,Two,b,h,Y,PropFalse,N,0,185,185,72,789.2062078999588,NA,NA,NA,NA,NA,NA,NA,NA,NA,789.1946471999399,3.8039998617023e-4,789.2880543000065,789.6726406000089,789.7728104999987,791.7730939999456,792.1729015000165,792.2754008999327,792.2754008999327,792.9932058999548,b,1,0.7135859000263736,NA,792.9939880999736,793.0062204999849,793.0062204999849,793.0062204999849,793.0062204999849,792.9947963999584,NA,NA,NA,NA,NA,NA,NA,NA,NA,NA,039,001,2025-10-13_14h13.27.489,Study_5_PsychoPy_Experiment,2024.1.5,NA,2025-10-13 14h13.39.032602 +0100
Belief,Reg,TRUE,N,TB-K-B,DD_B,PsychoPyStudy5Stim/DD_B_8.png,Adam THINKS there are ZERO cubes,Zero,h,b,N,-,N,0,186,186,233,793.0062204999849,NA,NA,NA,NA,NA,NA,NA,NA,NA,792.9953927999595,4.6730006579309e-4,793.091408599983,793.4726800000062,793.5728411999298,795.5729759000242,795.9729115000227,796.0753975999542,796.0753975999542,797.2764241999248,h,1,1.1925041999202222,NA,797.2771301999455,797.2895266999258,797.2895266999258,797.2895266999258,797.2895266999258,797.2779089999385,NA,NA,NA,NA,NA,NA,NA,NA,NA,NA,039,001,2025-10-13_14h13.27.489,Study_5_PsychoPy_Experiment,2024.1.5,NA,2025-10-13 14h13.39.032602 +0100
Reality,Reg,FALSE,N,NB-TB-K,D_NB,PsychoPyStudy5Stim/D_NB_6.png,"In REALITY, there is ONE cube",One,b,h,N,PropFalse,N,0,187,187,138,797.2895266999258,NA,NA,NA,NA,NA,NA,NA,NA,NA,797.2784580999287,4.2860000394284e-4,797.3858947999543,797.7561822999269,797.8562939999392,799.8562039999524,800.2562901999336,800.3586073999759,800.3586073999759,800.9424671999877,b,1,0.5732458999846131,NA,800.9430500000017,800.9560619000113,800.9560619000113,800.9560619000113,800.9560619000113,800.9436485000188,NA,NA,NA,NA,NA,NA,NA,NA,NA,NA,039,001,2025-10-13_14h13.27.489,Study_5_PsychoPy_Experiment,2024.1.5,NA,2025-10-13 14h13.39.032602 +0100
Reality,Reg,TRUE,N,NB-TB-K,TT_NB,PsychoPyStudy5Stim/TT_NB_1.png,"In REALITY, there are TWO cubes",Two,h,b,N,-,N,0,188,188,191,800.9560619000113,NA,NA,NA,NA,NA,NA,NA,NA,NA,800.944102599984,3.6460009869188e-4,801.0439537999919,801.4225977000315,801.5231370999245,803.5230045999633,803.9229245999595,804.0252896000165,804.0252896000165,804.5096623999998,h,1,0.4823649999452755,NA,804.510324300034,804.5227790999925,804.5227790999925,804.5227790999925,804.5227790999925,804.511068199994,NA,NA,NA,NA,NA,NA,NA,NA,NA,NA,039,001,2025-10-13_14h13.27.489,Study_5_PsychoPy_Experiment,2024.1.5,NA,2025-10-13 14h13.39.032602 +0100
Knowledge,Reg,FALSE,N,FB-Ig,D_B_T,PsychoPyStudy5Stim/D_B_T_7.png,Adam KNOWS there are TWO cubes,Two,b,h,N,PropFalse,N,0,189,189,297,804.5227790999925,NA,NA,NA,NA,NA,NA,NA,NA,NA,804.5115894000046,4.0899997111409e-4,804.6078921000008,804.9894270999357,805.0897283999948,807.089578300016,807.489621900022,807.5918825999834,807.5918825999834,808.092410299927,b,1,0.48407120001502335,NA,808.0929173999466,808.1060536999721,808.1060536999721,808.1060536999721,808.1060536999721,808.0934422999853,NA,NA,NA,NA,NA,NA,NA,NA,NA,NA,039,001,2025-10-13_14h13.27.489,Study_5_PsychoPy_Experiment,2024.1.5,NA,2025-10-13 14h13.39.032602 +0100
Reality,Reg,FALSE,N,TB-K-B,TD_B,PsychoPyStudy5Stim/TD_B_8.png,"In REALITY, there are TWO cubes",Two,b,h,N,PropFalse,N,0,190,190,274,808.1060536999721,NA,NA,NA,NA,NA,NA,NA,NA,NA,808.0938141000224,3.1340005807578e-4,808.1822597000282,808.5559612000361,808.6560729999328,810.6562470999779,811.0561375999823,811.1589477999369,811.1589477999369,811.7759516999358,b,1,0.6047301999060437,NA,811.7765171999345,811.7894466000143,811.7894466000143,811.7894466000143,811.7894466000143,811.7771584999282,NA,NA,NA,NA,NA,NA,NA,NA,NA,NA,039,001,2025-10-13_14h13.27.489,Study_5_PsychoPy_Experiment,2024.1.5,NA,2025-10-13 14h13.39.032602 +0100
Belief,Reg,FALSE,N,TB-K-B,TD_B,PsychoPyStudy5Stim/TD_B_2.png,Adam THINKS there are ZERO cubes,Zero,b,h,N,PropFalse,N,0,191,191,264,811.7894466000143,NA,NA,NA,NA,NA,NA,NA,NA,NA,811.7776178999338,3.6669999826699e-4,811.8727486999705,812.2559697999386,812.3564198999666,814.3562582000159,814.756211400032,814.858523300034,814.858523300034,815.5096341000171,b,1,0.6488390000304207,NA,815.5103375000181,815.5227799999993,815.5227799999993,815.5227799999993,815.5227799999993,815.5110962999752,NA,NA,NA,NA,NA,NA,NA,NA,NA,NA,039,001,2025-10-13_14h13.27.489,Study_5_PsychoPy_Experiment,2024.1.5,NA,2025-10-13 14h13.39.032602 +0100
Belief,Reg,TRUE,N,TB-K-B,TT_B,PsychoPyStudy5Stim/TT_B_6.png,Adam THINKS there are TWO cubes,Two,h,b,N,-,N,0,192,192,247,815.5227799999993,NA,NA,NA,NA,NA,NA,NA,NA,NA,815.5116194000002,4.0789996273815e-4,815.6116401000181,815.9894504999975,816.0895894999849,818.0895743999863,818.4895045999438,818.5918919999385,818.5918919999385,819.0757025999483,h,1,0.4671462000114843,NA,819.0762117999839,819.0893703999463,819.0893703999463,819.0893703999463,819.0893703999463,819.0767467999831,NA,NA,NA,NA,NA,NA,NA,NA,NA,NA,039,001,2025-10-13_14h13.27.489,Study_5_PsychoPy_Experiment,2024.1.5,NA,2025-10-13 14h13.39.032602 +0100
Knowledge,Reg,FALSE,N,FB-Ig,D_B_T,PsychoPyStudy5Stim/D_B_T_6.png,Adam KNOWS there are TWO cubes,Two,b,h,N,PropFalse,N,0,193,193,296,819.0893703999463,NA,NA,NA,NA,NA,NA,NA,NA,NA,819.0771441999823,3.1889998354017e-4,819.1792045999318,819.555876999977,819.6559988999506,821.6561355999438,822.0561617999338,822.1585148000158,822.1585148000158,822.7431641999865,b,1,0.5821744999848306,NA,822.7439585999819,822.7561683999375,822.7561683999375,822.7561683999375,822.7561683999375,822.7448786000023,NA,NA,NA,NA,NA,NA,NA,NA,NA,NA,039,001,2025-10-13_14h13.27.489,Study_5_PsychoPy_Experiment,2024.1.5,NA,2025-10-13 14h13.39.032602 +0100
Reality,Reg,TRUE,N,NB-TB-K,T_NB,PsychoPyStudy5Stim/T_NB_6.png,"In REALITY, there is ONE cube",One,h,b,N,-,N,0,194,194,145,822.7561683999375,NA,NA,NA,NA,NA,NA,NA,NA,NA,822.7455161999678,5.0789990928024e-4,822.8413674000185,823.2227975999704,823.3229178999318,825.3229342999402,825.7228288999759,825.82523149997,825.82523149997,826.4753155999351,h,1,0.634083200013265,NA,826.4756214999361,826.4893295000074,826.4893295000074,826.4893295000074,826.4893295000074,826.4759393000277,NA,NA,NA,NA,NA,NA,NA,NA,NA,NA,039,001,2025-10-13_14h13.27.489,Study_5_PsychoPy_Experiment,2024.1.5,NA,2025-10-13 14h13.39.032602 +0100
Knowledge,Reg,TRUE,N,TB-K-B,TT_B,PsychoPyStudy5Stim/TT_B_6.png,Adam KNOWS there are TWO cubes,Two,h,b,N,-,N,0,195,195,242,826.4893295000074,NA,NA,NA,NA,NA,NA,NA,NA,NA,826.4761467999779,1.6589998267591e-4,826.5607431000099,826.9393897999544,827.039530799957,829.0395987000084,829.4395133999642,829.5419511999935,829.5419511999935,829.9595201000338,h,1,0.4050757000222802,NA,829.9601538999705,829.9727040999569,829.9727040999569,829.9727040999569,829.9727040999569,829.9608473000117,NA,NA,NA,NA,NA,NA,NA,NA,NA,NA,039,001,2025-10-13_14h13.27.489,Study_5_PsychoPy_Experiment,2024.1.5,NA,2025-10-13 14h13.39.032602 +0100
Knowledge,Reg,TRUE,N,NB-TB-K,DT_NB,PsychoPyStudy5Stim/TD_NB_2.png,Adam KNOWS there is ONE cube,One,h,b,N,-,N,0,196,196,164,829.9727040999569,NA,NA,NA,NA,NA,NA,NA,NA,NA,829.9613342999946,3.8179999683052e-4,830.0443603999447,830.4226653999649,830.5226526999613,832.5228256999981,832.9227802000241,833.0251696000341,833.0251696000341,833.6927452000091,h,1,0.6584776999661699,NA,833.6934112999588,833.7060749999946,833.7060749999946,833.7060749999946,833.7060749999946,833.6941546000307,NA,NA,NA,NA,NA,NA,NA,NA,NA,NA,039,001,2025-10-13_14h13.27.489,Study_5_PsychoPy_Experiment,2024.1.5,NA,2025-10-13 14h13.39.032602 +0100
Reality,Reg,TRUE,N,TB-K-B,TT_B,PsychoPyStudy5Stim/TT_B_3.png,"In REALITY, there are TWO cubes",Two,h,b,N,-,N,0,197,197,251,833.7060749999946,NA,NA,NA,NA,NA,NA,NA,NA,NA,833.6947170000058,4.5589997898787e-4,833.7903364000376,834.1727509000339,834.2728552999906,836.2727598999627,836.6727363999235,836.7751679000212,836.7751679000212,837.1926417000359,h,1,0.4116672000382096,NA,837.1933011999354,837.2060037000338,837.2060037000338,837.2060037000338,837.2060037000338,837.1939738999354,NA,NA,NA,NA,NA,NA,NA,NA,NA,NA,039,001,2025-10-13_14h13.27.489,Study_5_PsychoPy_Experiment,2024.1.5,NA,2025-10-13 14h13.39.032602 +0100
Belief,Neg,FALSE,N,NB-TB-K,TT_NB,PsychoPyStudy5Stim/TT_NB_3.png,Adam does NOT THINK there are TWO cubes,Two,b,h,Y,PropFalse,N,0,198,198,74,837.2060037000338,NA,NA,NA,NA,NA,NA,NA,NA,NA,837.194466499961,3.8519990630447e-4,837.2885733000003,837.6726838999894,837.7729761999799,839.7727943999926,840.172845199937,840.2752006000374,840.2752006000374,841.3422954999842,b,1,1.0562371000414714,NA,841.3429195999634,841.3559604999609,841.3559604999609,841.3559604999609,841.3559604999609,841.3434951000381,NA,NA,NA,NA,NA,NA,NA,NA,NA,NA,039,001,2025-10-13_14h13.27.489,Study_5_PsychoPy_Experiment,2024.1.5,NA,2025-10-13 14h13.39.032602 +0100
Belief,Neg,FALSE,N,TB-K,TT_B,PsychoPyStudy5Stim/TT_B_5.png,Adam does NOT THINK there are TWO cubes,Two,b,h,Y,PropFalse,N,0,199,199,100,841.3559604999609,NA,NA,NA,NA,NA,NA,NA,NA,NA,841.3439473999897,3.457999555394e-4,841.4276649999665,841.8059340999462,841.9062941999873,843.9061403999804,844.3061833999818,844.4085553999757,844.4085553999757,844.858827100019,b,1,0.4425679999403655,NA,844.8593590999953,844.8725556000136,844.8725556000136,844.8725556000136,844.8725556000136,844.8598322999896,NA,NA,NA,NA,NA,NA,NA,NA,NA,NA,039,001,2025-10-13_14h13.27.489,Study_5_PsychoPy_Experiment,2024.1.5,NA,2025-10-13 14h13.39.032602 +0100
Knowledge,Neg,TRUE,Y,FB-Ig,T_B_T,PsychoPyStudy5Stim/T_B_T_1.png,Adam does NOT KNOW there are TWO cubes,Two,h,b,Y,-,N,0,200,200,0,844.8725556000136,NA,NA,NA,NA,NA,NA,NA,NA,NA,844.8602227999363,3.0050007626414e-4,844.9474273999222,845.3225260999752,845.4226046999684,847.4228169999551,847.8227695999667,847.9252669999842,847.9252669999842,848.7592107999371,h,1,0.8227717999834567,NA,848.7597833999898,848.7726415999932,848.7726415999932,848.7726415999932,848.7726415999932,848.7604404999875,NA,NA,NA,NA,NA,NA,NA,NA,NA,NA,039,001,2025-10-13_14h13.27.489,Study_5_PsychoPy_Experiment,2024.1.5,NA,2025-10-13 14h13.39.032602 +0100
Belief,Reg,FALSE,N,NB-TB-K,TT_NB,PsychoPyStudy5Stim/TT_NB_7.png,Adam THINKS there are ZERO cubes,Zero,b,h,N,PropFalse,N,0,201,201,187,848.7726415999932,NA,NA,NA,NA,NA,NA,NA,NA,NA,848.760898699984,3.8590002804994e-4,848.8560484999325,849.239384299959,849.3394102000166,851.3394928999478,851.7394260999281,851.8417544999393,851.8417544999393,852.4427890999941,b,1,0.5859685000032187,NA,852.4435529999901,852.4560388999525,852.4560388999525,852.4560388999525,852.4560388999525,852.4443740999559,NA,NA,NA,NA,NA,NA,NA,NA,NA,NA,039,001,2025-10-13_14h13.27.489,Study_5_PsychoPy_Experiment,2024.1.5,NA,2025-10-13 14h13.39.032602 +0100
Knowledge,Neg,FALSE,N,NB-TB-K,T_NB,PsychoPyStudy5Stim/T_NB_3.png,Adam does NOT KNOW there is ONE cube,One,b,h,Y,PropFalse,N,0,202,202,42,852.4560388999525,NA,NA,NA,NA,NA,NA,NA,NA,NA,852.4451413999777,5.2160001359879e-4,852.5402100000065,852.9226316999411,853.0228851999855,855.022738300031,855.422826700029,855.5251608999679,855.5251608999679,856.4261806999566,b,1,0.8947792000835761,NA,856.4268100999761,856.4392927000299,856.4392927000299,856.4392927000299,856.4392927000299,856.4275201000273,NA,NA,NA,NA,NA,NA,NA,NA,NA,NA,039,001,2025-10-13_14h13.27.489,Study_5_PsychoPy_Experiment,2024.1.5,NA,2025-10-13 14h13.39.032602 +0100
Knowledge,Reg,TRUE,N,NB-TB-K,D_NB,PsychoPyStudy5Stim/D_NB_4.png,Adam KNOWS there are ZERO cubes,Zero,h,b,N,-,N,0,203,203,131,856.4392927000299,NA,NA,NA,NA,NA,NA,NA,NA,NA,856.4280399000272,4.1450001299381e-4,856.5370036999229,856.905956499977,857.0060102000134,859.0059493000153,859.406064299983,859.5083740999689,859.5083740999689,860.1424745999975,h,1,0.6228439999977127,NA,860.1430252999999,860.1559362999396,860.1559362999396,860.1559362999396,860.1559362999396,860.1436523000011,NA,NA,NA,NA,NA,NA,NA,NA,NA,NA,039,001,2025-10-13_14h13.27.489,Study_5_PsychoPy_Experiment,2024.1.5,NA,2025-10-13 14h13.39.032602 +0100
Knowledge,Reg,FALSE,N,FB-Ig,B_TT,PsychoPyStudy5Stim/B_TT_2.png,Adam KNOWS there are ZERO cubes,Zero,b,h,N,PropTrueNoKnow,Y,0,204,204,322,860.1559362999396,NA,NA,NA,NA,NA,NA,NA,NA,NA,860.1440837000264,3.3730000723153e-4,860.2271597000072,860.6060032999376,860.7061335999751,862.7060082999524,863.1059170999797,863.208430300001,863.208430300001,864.5277399999322,b,1,1.3156157999765128,NA,864.5289725000039,864.5392752999905,864.5392752999905,864.5392752999905,864.5392752999905,864.5300201999489,NA,NA,NA,NA,NA,NA,NA,NA,NA,NA,039,001,2025-10-13_14h13.27.489,Study_5_PsychoPy_Experiment,2024.1.5,NA,2025-10-13 14h13.39.032602 +0100
Knowledge,Reg,TRUE,N,TB-K-B,DD_B,PsychoPyStudy5Stim/DD_B_1.png,Adam KNOWS there are ZERO cubes,Zero,h,b,N,-,N,0,205,205,215,864.5392752999905,NA,NA,NA,NA,NA,NA,NA,NA,NA,864.5307029000251,5.4320006165653e-4,864.6173872000072,864.9893065999495,865.0893416999606,867.0894231999991,867.4893970999401,867.5917889999691,867.5917889999691,868.3755137999542,h,1,0.7720119000878185,NA,868.3759829000337,868.3892017999897,868.3892017999897,868.3892017999897,868.3892017999897,868.3765157000162,NA,NA,NA,NA,NA,NA,NA,NA,NA,NA,039,001,2025-10-13_14h13.27.489,Study_5_PsychoPy_Experiment,2024.1.5,NA,2025-10-13 14h13.39.032602 +0100
Knowledge,Reg,TRUE,N,TB-K-B,DD_B,PsychoPyStudy5Stim/DD_B_5.png,Adam KNOWS there are ZERO cubes,Zero,h,b,N,-,N,0,206,206,219,868.3892017999897,NA,NA,NA,NA,NA,NA,NA,NA,NA,868.3768829000182,2.9009999707341e-4,868.46015289996285,868.839315499994,868.9394178999355,870.9393114999402,871.3392441000324,871.4416598000098,871.4416598000098,871.9925592000363,h,1,0.5378028999548405,NA,871.993214600021,872.005914999987,872.005914999987,872.005914999987,872.005914999987,871.9939476000145,NA,NA,NA,NA,NA,NA,NA,NA,NA,NA,039,001,2025-10-13_14h13.27.489,Study_5_PsychoPy_Experiment,2024.1.5,NA,2025-10-13 14h13.39.032602 +0100
Knowledge,Neg,TRUE,N,NB-TB-K,T_NB,PsychoPyStudy5Stim/T_NB_1.png,Adam does NOT KNOW there are TWO cubes,Two,h,b,Y,-,N,0,207,207,32,872.005914999987,NA,NA,NA,NA,NA,NA,NA,NA,NA,871.9945036999416,4.4480001088231e-4,872.0879324999405,872.4723203999456,872.5726442999439,874.572822600021,874.9727152999258,875.0751067999518,875.0751067999518,876.3927383000264,b,0,1.3041201999876648,NA,876.3934424000327,876.4058941999683,876.4058941999683,876.4058941999683,876.4058941999683,876.3941911000293,NA,NA,NA,NA,NA,NA,NA,NA,NA,NA,039,001,2025-10-13_14h13.27.489,Study_5_PsychoPy_Experiment,2024.1.5,NA,2025-10-13 14h13.39.032602 +0100
Knowledge,Neg,TRUE,N,NB-TB-K,TT_NB,PsychoPyStudy5Stim/TT_NB_4.png,Adam does NOT KNOW there is ONE cube,One,h,b,Y,-,N,0,208,208,59,876.4058941999683,NA,NA,NA,NA,NA,NA,NA,NA,NA,876.3947058999911,4.0610006544739e-4,876.4944521000143,876.8726212999318,876.9727623999352,878.9727501999587,879.3725665999809,879.4749198999489,879.4749198999489,880.62586010003,b,0,1.1444861999480054,NA,880.6263562999666,880.6391777999233,880.6391777999233,880.6391777999233,880.6391777999233,880.6269376999699,NA,NA,NA,NA,NA,NA,NA,NA,NA,NA,039,001,2025-10-13_14h13.27.489,Study_5_PsychoPy_Experiment,2024.1.5,NA,2025-10-13 14h13.39.032602 +0100
Knowledge,Reg,TRUE,N,NB-TB-K,DD_NB,PsychoPyStudy5Stim/DD_NB_2.png,Adam KNOWS there are ZERO cubes,Zero,h,b,N,-,N,0,209,209,148,880.6391777999233,NA,NA,NA,NA,NA,NA,NA,NA,NA,880.6273292999249,3.2849994022399e-4,880.7383864999283,881.1225625999505,881.2225894000148,883.22267129994,883.6225815999787,883.7250016999897,883.7250016999897,884.192488300032,h,1,0.4545729999663308,NA,884.1931324999314,884.2058578999713,884.2058578999713,884.2058578999713,884.2058578999713,884.1939035999821,NA,NA,NA,NA,NA,NA,NA,NA,NA,NA,039,001,2025-10-13_14h13.27.489,Study_5_PsychoPy_Experiment,2024.1.5,NA,2025-10-13 14h13.39.032602 +0100
Belief,Reg,FALSE,N,NB-TB-K,TT_NB,PsychoPyStudy5Stim/TT_NB_3.png,Adam THINKS there are ZERO cubes,Zero,b,h,N,PropFalse,N,0,210,210,183,884.2058578999713,NA,NA,NA,NA,NA,NA,NA,NA,NA,884.1944491999457,4.3389992788434e-4,884.2775142999599,884.6559157000156,884.7560153999366,886.7558968999656,887.1559947000351,887.2583600999787,887.2583600999787,888.0094814000186,b,1,0.7454317000228912,NA,888.0101707000285,888.0225638999837,888.0225638999837,888.0225638999837,888.0225638999837,888.0109561999561,NA,NA,NA,NA,NA,NA,NA,NA,NA,NA,039,001,2025-10-13_14h13.27.489,Study_5_PsychoPy_Experiment,2024.1.5,NA,2025-10-13 14h13.39.032602 +0100
Belief,Neg,TRUE,Y,FB-Ig,D_B_T,PsychoPyStudy5Stim/D_B_T_8.png,Adam does NOT THINK there is ONE cube,One,h,b,Y,-,N,0,211,211,31,888.0225638999837,NA,NA,NA,NA,NA,NA,NA,NA,NA,888.0115099999821,4.3290003668516e-4,888.1147189999465,888.4889701999491,888.5891164999921,890.5892561000073,890.9891393999569,891.0916927999351,891.0916927999351,892.6420510000316,b,0,1.53545700001996,NA,892.6425021999748,892.655724799959,892.655724799959,892.655724799959,892.655724799959,892.6429796000011,NA,NA,NA,NA,NA,NA,NA,NA,NA,NA,039,001,2025-10-13_14h13.27.489,Study_5_PsychoPy_Experiment,2024.1.5,NA,2025-10-13 14h13.39.032602 +0100
Knowledge,Neg,FALSE,N,TB-K,TT_B,PsychoPyStudy5Stim/TT_B_5.png,Adam does NOT KNOW there are TWO cubes,Two,b,h,Y,PropFalse,N,0,212,212,92,892.655724799959,NA,NA,NA,NA,NA,NA,NA,NA,NA,892.643330299994,2.8219993691891e-4,892.7370438999496,893.1225499999709,893.2226975000231,895.2226575999521,895.6225458999397,895.725024699932,895.725024699932,896.4758311000187,b,1,0.7342145999427885,NA,896.4764778999379,896.4890594999306,896.4890594999306,896.4890594999306,896.4890594999306,896.47716879996,NA,NA,NA,NA,NA,NA,NA,NA,NA,NA,039,001,2025-10-13_14h13.27.489,Study_5_PsychoPy_Experiment,2024.1.5,NA,2025-10-13 14h13.39.032602 +0100
Knowledge,Reg,FALSE,N,FB-Ig,D_B_T,PsychoPyStudy5Stim/D_B_T_8.png,Adam KNOWS there are TWO cubes,Two,b,h,N,PropFalse,N,0,213,213,298,896.4890594999306,NA,NA,NA,NA,NA,NA,NA,NA,NA,896.477662099991,3.8769992534071e-4,896.5692996999715,896.9391475999728,897.0392587999813,899.0392809000332,899.4392118999967,899.541548899957,899.541548899957,900.0758319000015,b,1,0.5255418000742793,NA,900.0764197999379,900.089074700023,900.089074700023,900.089074700023,900.089074700023,900.0770592000335,NA,NA,NA,NA,NA,NA,NA,NA,NA,NA,039,001,2025-10-13_14h13.27.489,Study_5_PsychoPy_Experiment,2024.1.5,NA,2025-10-13 14h13.39.032602 +0100
Belief,Reg,TRUE,N,TB-K-B,DD_B,PsychoPyStudy5Stim/DD_B_4.png,Adam THINKS there are ZERO cubes,Zero,h,b,N,-,N,0,214,214,229,900.089074700023,NA,NA,NA,NA,NA,NA,NA,NA,NA,900.0775002000155,3.459999570623e-4,900.1721071000211,900.5558570999419,900.6558012999594,902.6560333999804,903.0559155000374,903.158309899969,903.158309899969,904.4587376000128,h,1,1.2850336000556126,NA,904.4592138000298,904.472375900019,904.472375900019,904.472375900019,904.472375900019,904.4597460000076,NA,NA,NA,NA,NA,NA,NA,NA,NA,NA,039,001,2025-10-13_14h13.27.489,Study_5_PsychoPy_Experiment,2024.1.5,NA,2025-10-13 14h13.39.032602 +0100
Knowledge,Reg,FALSE,N,FB-Ig,T_B_T,PsychoPyStudy5Stim/T_B_T_8.png,Adam KNOWS there are ZERO cubes,Zero,b,h,N,PropFalse,N,0,215,215,282,904.472375900019,NA,NA,NA,NA,NA,NA,NA,NA,NA,904.4601168000372,2.9270001687109e-4,904.5698149999372,904.9392161000288,905.0392898999852,907.039283299935,907.4392227999632,907.5415796999588,907.5415796999588,908.7090099999914,b,1,1.1655963000375775,NA,908.7095661000347,908.7224115999416,908.7224115999416,908.7224115999416,908.7224115999416,908.7101722999942,NA,NA,NA,NA,NA,NA,NA,NA,NA,NA,039,001,2025-10-13_14h13.27.489,Study_5_PsychoPy_Experiment,2024.1.5,NA,2025-10-13 14h13.39.032602 +0100
Reality,Reg,TRUE,N,TB-K-B,TD_B,PsychoPyStudy5Stim/TD_B_4.png,"In REALITY, there is ONE cube",One,h,b,N,-,N,0,216,216,272,908.7224115999416,NA,NA,NA,NA,NA,NA,NA,NA,NA,908.7106019000056,3.378998953849e-4,908.8153120999924,909.1892051999456,909.2893779999577,911.2892209999264,911.6892125000012,911.7916407999584,911.7916407999584,912.325492999982,h,1,0.5167954000644386,NA,912.3260547999524,912.3390438000206,912.3390438000206,912.3390438000206,912.3390438000206,912.3267572999466,NA,NA,NA,NA,NA,NA,NA,NA,NA,NA,039,001,2025-10-13_14h13.27.489,Study_5_PsychoPy_Experiment,2024.1.5,NA,2025-10-13 14h13.39.032602 +0100
Knowledge,Reg,FALSE,N,FB-Ig,D_B_T,PsychoPyStudy5Stim/D_B_T_1.png,Adam KNOWS there are TWO cubes,Two,b,h,N,PropFalse,N,0,217,217,291,912.3390438000206,NA,NA,NA,NA,NA,NA,NA,NA,NA,912.3271888999734,3.3790001180022e-4,912.4253708999604,912.8055714999792,912.9057885999792,914.9056590999244,915.305855799932,915.4082934999606,915.4082934999606,916.1921521000332,b,1,0.7802054000785574,NA,916.1926266000372,916.2056929999962,916.2056929999962,916.2056929999962,916.2056929999962,916.1931527999697,NA,NA,NA,NA,NA,NA,NA,NA,NA,NA,039,001,2025-10-13_14h13.27.489,Study_5_PsychoPy_Experiment,2024.1.5,NA,2025-10-13 14h13.39.032602 +0100
Knowledge,Reg,TRUE,N,TB-K-B,TD_B,PsychoPyStudy5Stim/TD_B_6.png,Adam KNOWS there is ONE cube,One,h,b,N,-,N,0,218,218,256,916.2056929999962,NA,NA,NA,NA,NA,NA,NA,NA,NA,916.1935209999792,2.9039999935775e-4,916.286133299931,916.65568299999,916.7559806000208,918.7558816999664,919.155853300006,919.2584241000004,919.2584241000004,920.1256490999368,h,1,0.865420899935998,NA,920.126218499965,920.1390532000224,920.1390532000224,920.1390532000224,920.1390532000224,920.126857199939,NA,NA,NA,NA,NA,NA,NA,NA,NA,NA,039,001,2025-10-13_14h13.27.489,Study_5_PsychoPy_Experiment,2024.1.5,NA,2025-10-13 14h13.39.032602 +0100
Reality,Reg,FALSE,N,NB-TB-K,DD_NB,PsychoPyStudy5Stim/DD_NB_5.png,"In REALITY, there is ONE cube",One,b,h,N,PropFalse,N,0,219,219,161,920.1390532000224,NA,NA,NA,NA,NA,NA,NA,NA,NA,920.1272951000136,3.4469994716346e-4,920.2276758999795,920.6058050999418,920.705747799948,922.7058391999452,923.105815500021,923.2079990999772,923.2079990999772,923.9919397999764,b,1,0.771474500070326,NA,923.9924409999512,924.005631799926,924.005631799926,924.005631799926,924.005631799926,923.9929650999838,NA,NA,NA,NA,NA,NA,NA,NA,NA,NA,039,001,2025-10-13_14h13.27.489,Study_5_PsychoPy_Experiment,2024.1.5,NA,2025-10-13 14h13.39.032602 +0100
Reality,Reg,TRUE,N,TB-K-B,DD_B,PsychoPyStudy5Stim/DD_B_6.png,"In REALITY, there are ZERO cubes",Zero,h,b,N,-,N,0,220,220,237,924.005631799926,NA,NA,NA,NA,NA,NA,NA,NA,NA,923.993333099992,3.1130004208534e-4,924.0948893999448,924.47248100000445,924.5726685000118,926.5725339000346,926.9725013999268,927.0749663999304,927.0749663999304,927.8750339000252,h,1,0.7920399999711663,NA,927.875377099961,927.8889020000352,927.8889020000352,927.8889020000352,927.8889020000352,927.8757376000284,NA,NA,NA,NA,NA,NA,NA,NA,NA,NA,039,001,2025-10-13_14h13.27.489,Study_5_PsychoPy_Experiment,2024.1.5,NA,2025-10-13 14h13.39.032602 +0100
Belief,Neg,FALSE,N,NB-TB-K,T_NB,PsychoPyStudy5Stim/T_NB_8.png,Adam does NOT THINK there is ONE cube,One,b,h,Y,PropFalse,N,0,221,221,55,927.8889020000352,NA,NA,NA,NA,NA,NA,NA,NA,NA,927.8759777999948,1.9159994553774e-4,927.9716767999344,928.355722600012,928.4558924000012,930.4558770000004,930.8558555999772,930.9582746999804,930.9582746999804,931.859037199989,b,1,0.893093999940902,NA,931.8596948999912,931.8723307999315,931.8723307999315,931.8723307999315,931.8723307999315,931.8603915999412,NA,NA,NA,NA,NA,NA,NA,NA,NA,NA,039,001,2025-10-13_14h13.27.489,Study_5_PsychoPy_Experiment,2024.1.5,NA,2025-10-13 14h13.39.032602 +0100
Belief,Neg,FALSE,N,TB-K,TT_B,PsychoPyStudy5Stim/TT_B_6.png,Adam does NOT THINK there are TWO cubes,Two,b,h,Y,PropFalse,N,0,222,222,101,931.8723307999315,NA,NA,NA,NA,NA,NA,NA,NA,NA,931.8608784999232,3.8340000901371e-4,931.9547063999344,932.338854199974,932.4389541000128,934.439201900037,934.8391265999526,934.9415176999756,934.9415176999756,935.5420884999912,b,1,0.5977264000102878,NA,935.542385199922,935.5554838000098,935.5554838000098,935.5554838000098,935.5554838000098,935.5427055000328,NA,NA,NA,NA,NA,NA,NA,NA,NA,NA,039,001,2025-10-13_14h13.27.489,Study_5_PsychoPy_Experiment,2024.1.5,NA,2025-10-13 14h13.39.032602 +0100
Belief,Neg,FALSE,N,NB-TB-K,T_NB,PsychoPyStudy5Stim/T_NB_5.png,Adam does NOT THINK there is ONE cube,One,b,h,Y,PropFalse,N,0,223,223,52,935.5554838000098,NA,NA,NA,NA,NA,NA,NA,NA,NA,935.5429408999626,1.9259995315223e-4,935.6300760000012,936.0057359000202,936.1058440000052,938.1059061000124,938.5057804000098,938.6081388000166,938.6081388000166,939.5257557999576,b,1,0.9156121999258175,NA,939.526373200002,939.539008999942,939.539008999942,939.539008999942,939.539008999942,939.5270519999322,NA,NA,NA,NA,NA,NA,NA,NA,NA,NA,039,001,2025-10-13_14h13.27.489,Study_5_PsychoPy_Experiment,2024.1.5,NA,2025-10-13 14h13.39.032602 +0100
Reality,Reg,FALSE,N,TB-Ig,D_B,PsychoPyStudy5Stim/D_B_D_2.png,"In REALITY, there is ONE cube",One,b,h,N,NA,N,0,224,224,213,939.539008999942,NA,NA,NA,NA,NA,NA,NA,NA,NA,939.5275334999895,3.8039998617023e-4,939.632296100026,940.0054697999732,940.1055977999932,942.1057988000102,942.5057452999754,942.6081239000196,942.6081239000196,943.2083949999652,b,1,0.5866920000407845,NA,943.2087930999696,943.22221919999,943.22221919999,943.22221919999,943.22221919999,943.2091999999247,NA,NA,NA,NA,NA,NA,NA,NA,NA,NA,039,001,2025-10-13_14h13.27.489,Study_5_PsychoPy_Experiment,2024.1.5,NA,2025-10-13 14h13.39.032602 +0100
Knowledge,Reg,TRUE,N,TB-K-B,DD_B,PsychoPyStudy5Stim/DD_B_2.png,Adam KNOWS there are ZERO cubes,Zero,h,b,N,-,N,0,225,225,216,943.22221919999,NA,NA,NA,NA,NA,NA,NA,NA,NA,943.2094940999524,2.3330003023147e-4,943.3052615999476,943.6889251000248,943.7891306999372,945.7891461999388,946.1891381000167,946.291554299998,946.291554299998,947.2419862999814,h,1,0.9434344000183046,NA,947.2424973000308,947.255621099961,947.255621099961,947.255621099961,947.255621099961,947.24302049994,NA,NA,NA,NA,NA,NA,NA,NA,NA,NA,039,001,2025-10-13_14h13.27.489,Study_5_PsychoPy_Experiment,2024.1.5,NA,2025-10-13 14h13.39.032602 +0100
Knowledge,Reg,TRUE,N,NB-TB-K,TT_NB,PsychoPyStudy5Stim/TT_NB_5.png,Adam KNOWS there are TWO cubes,Two,h,b,N,-,N,0,226,226,171,947.255621099961,NA,NA,NA,NA,NA,NA,NA,NA,NA,947.2434106,3.0640000477433e-4,947.338535799994,947.7223147000186,947.8225178000284,949.8224889999256,950.2224770999746,950.3251311000204,950.3251311000204,950.9088426999516,h,1,0.566567900008522,NA,950.9095069000032,950.922338400036,950.922338400036,950.922338400036,950.922338400036,950.9102319999364,NA,NA,NA,NA,NA,NA,NA,NA,NA,NA,039,001,2025-10-13_14h13.27.489,Study_5_PsychoPy_Experiment,2024.1.5,NA,2025-10-13 14h13.39.032602 +0100
Belief,Neg,TRUE,N,TB-K,TD_B,PsychoPyStudy5Stim/TD_B_3.png,Adam does NOT THINK there are TWO cubes,Two,h,b,Y,-,N,0,227,227,110,950.922338400036,NA,NA,NA,NA,NA,NA,NA,NA,NA,950.9107900999952,4.4670002534985e-4,951.0063346999232,951.3887515999376,951.4888995999936,953.4891431999858,953.889048299985,953.9913033000194,953.9913033000194,954.575000999961,b,0,0.5718004000373185,NA,954.5752941999816,954.5887295999564,954.5887295999564,954.5887295999564,954.5887295999564,954.5756146999776,NA,NA,NA,NA,NA,NA,NA,NA,NA,NA,039,001,2025-10-13_14h13.27.489,Study_5_PsychoPy_Experiment,2024.1.5,NA,2025-10-13 14h13.39.032602 +0100
Belief,Reg,FALSE,N,NB-TB-K,TT_NB,PsychoPyStudy5Stim/TT_NB_2.png,Adam THINKS there are ZERO cubes,Zero,b,h,N,PropFalse,N,0,228,228,182,954.5887295999564,NA,NA,NA,NA,NA,NA,NA,NA,NA,954.575822899933,1.6850000247359e-4,954.6715922999427,955.0554061000004,955.1554993999888,957.15573889995,957.55579829996,957.658059499925,957.658059499925,958.508768199943,b,1,0.8414589000167325,NA,958.509319899953,958.5222711999668,958.5222711999668,958.5222711999668,958.5222711999668,958.5098952000262,NA,NA,NA,NA,NA,NA,NA,NA,NA,NA,039,001,2025-10-13_14h13.27.489,Study_5_PsychoPy_Experiment,2024.1.5,NA,2025-10-13 14h13.39.032602 +0100
Reality,Reg,FALSE,N,FB-Ig,B_TT,PsychoPyStudy5Stim/B_TT_4.png,"In REALITY, there are ZERO cubes",Zero,b,h,N,-,N,0,229,229,334,958.5222711999668,NA,NA,NA,NA,NA,NA,NA,NA,NA,958.5103264999344,3.417000407353e-4,958.6056894999928,958.9887093999424,959.088830200024,961.0890846999828,961.4890446999344,961.5913988000248,961.5913988000248,962.6254030999262,b,1,1.0190956000005826,NA,962.6260214999784,962.6389092999744,962.6389092999744,962.6389092999744,962.6389092999744,962.6266795999836,NA,NA,NA,NA,NA,NA,NA,NA,NA,NA,039,001,2025-10-13_14h13.27.489,Study_5_PsychoPy_Experiment,2024.1.5,NA,2025-10-13 14h13.39.032602 +0100
Knowledge,Neg,FALSE,N,TB-K,TT_B,PsychoPyStudy5Stim/TT_B_8.png,Adam does NOT KNOW there are TWO cubes,Two,b,h,Y,PropFalse,N,0,230,230,95,962.6389092999744,NA,NA,NA,NA,NA,NA,NA,NA,NA,962.6271326999412,3.5470002330839e-4,962.7139376000268,963.0890265000052,963.1891484999796,965.1891333999812,965.5890546999872,965.6913659999846,965.6913659999846,966.4921830999664,b,1,0.7918035999173298,NA,966.4927964999806,966.5055739999516,966.5055739999516,966.5055739999516,966.5055739999516,966.4935470999916,NA,NA,NA,NA,NA,NA,NA,NA,NA,NA,039,001,2025-10-13_14h13.27.489,Study_5_PsychoPy_Experiment,2024.1.5,NA,2025-10-13 14h13.39.032602 +0100
Knowledge,Reg,FALSE,N,FB-Ig,B_T,PsychoPyStudy5Stim/B_T_2.png,Adam KNOWS there are ZERO cubes,Zero,b,h,N,PropTrueNoKnow,Y,0,231,231,308,966.5055739999516,NA,NA,NA,NA,NA,NA,NA,NA,NA,966.4940869000276,4.4000009074807e-4,966.589294299949,966.972178200027,967.072146099992,969.0722837999928,969.472311599995,969.5746884000256,969.5746884000256,970.6419254000066,b,1,1.0606123000616208,NA,970.6424321000233,970.6554641999536,970.6554641999536,970.6554641999536,970.6554641999536,970.6429892999586,NA,NA,NA,NA,NA,NA,NA,NA,NA,NA,039,001,2025-10-13_14h13.27.489,Study_5_PsychoPy_Experiment,2024.1.5,NA,2025-10-13 14h13.39.032602 +0100
Belief,Neg,FALSE,N,TB-K,TD_B,PsychoPyStudy5Stim/TD_B_5.png,Adam does NOT THINK there is ONE cube,One,b,h,Y,PropFalse,N,0,232,232,124,970.6554641999536,NA,NA,NA,NA,NA,NA,NA,NA,NA,970.64338090003,3.0960002914071e-4,970.7424699999392,971.12225200003,971.2222863000352,973.2223761000204,973.6221878000068,973.7249348999468,973.7249348999468,974.5588313000044,b,1,0.8302001000847667,NA,974.5593092000344,974.5721306999912,974.5721306999912,974.5721306999912,974.5721306999912,974.5598586000268,NA,NA,NA,NA,NA,NA,NA,NA,NA,NA,039,001,2025-10-13_14h13.27.489,Study_5_PsychoPy_Experiment,2024.1.5,NA,2025-10-13 14h13.39.032602 +0100
Belief,Reg,FALSE,N,TB-K-B,TD_B,PsychoPyStudy5Stim/TD_B_1.png,Adam THINKS there are ZERO cubes,Zero,b,h,N,PropFalse,N,0,233,233,263,974.5721306999912,NA,NA,NA,NA,NA,NA,NA,NA,NA,974.560233599972,2.9629992786794e-4,974.6589773999294,975.0390316999984,975.1390545000322,977.1390280999476,977.538976199925,977.6412833000068,977.6412833000068,978.4089699999896,b,1,0.7537448999937624,NA,978.4096218999476,978.422212000005,978.422212000005,978.422212000005,978.422212000005,978.4104125000304,NA,NA,NA,NA,NA,NA,NA,NA,NA,NA,039,001,2025-10-13_14h13.27.489,Study_5_PsychoPy_Experiment,2024.1.5,NA,2025-10-13 14h13.39.032602 +0100
Belief,Neg,FALSE,N,TB-K,TT_B,PsychoPyStudy5Stim/TT_B_1.png,Adam does NOT THINK there are TWO cubes,Two,b,h,Y,PropFalse,N,0,234,234,96,978.422212000005,NA,NA,NA,NA,NA,NA,NA,NA,NA,978.410923199961,4.033000441268e-4,978.5089906000068,978.8889257999836,978.9890669999876,980.9890568000264,981.3887502999278,981.4916688000084,981.4916688000084,982.0584840000374,b,1,0.5592118999920785,NA,982.0590340000344,982.0720755000366,982.0720755000366,982.0720755000366,982.0720755000366,982.059559199959,NA,NA,NA,NA,NA,NA,NA,NA,NA,NA,039,001,2025-10-13_14h13.27.489,Study_5_PsychoPy_Experiment,2024.1.5,NA,2025-10-13 14h13.39.032602 +0100
Belief,Reg,TRUE,N,TB-K-B,DD_B,PsychoPyStudy5Stim/DD_B_5.png,Adam THINKS there are ZERO cubes,Zero,h,b,N,-,N,0,235,235,230,982.0720755000366,NA,NA,NA,NA,NA,NA,NA,NA,NA,982.0599607999902,3.2360001932829e-4,982.1486880999292,982.5220787000144,982.6222977000288,984.6222319999944,985.0222977999364,985.1247399999992,985.1247399999992,985.5419370000018,h,1,0.4151640000054613,NA,985.542407299974,985.5553724999772,985.5553724999772,985.5553724999772,985.5553724999772,985.5429743999848,NA,NA,NA,NA,NA,NA,NA,NA,NA,NA,039,001,2025-10-13_14h13.27.489,Study_5_PsychoPy_Experiment,2024.1.5,NA,2025-10-13 14h13.39.032602 +0100
Reality,Reg,TRUE,N,NB-TB-K,D_NB,PsychoPyStudy5Stim/D_NB_4.png,"In REALITY, there are ZERO cubes",Zero,h,b,N,-,N,0,236,236,137,985.5553724999772,NA,NA,NA,NA,NA,NA,NA,NA,NA,985.5433311000234,2.8040003962814e-4,985.6274333000184,986.005588299944,986.105586700025,988.1056686999508,988.50566289993,988.6080434999894,988.6080434999894,989.0917143999832,h,1,0.4748586000641808,NA,989.0922381000128,989.105457299971,989.105457299971,989.105457299971,989.105457299971,989.09278419998,NA,NA,NA,NA,NA,NA,NA,NA,NA,NA,039,001,2025-10-13_14h13.27.489,Study_5_PsychoPy_Experiment,2024.1.5,NA,2025-10-13 14h13.39.032602 +0100
Knowledge,Neg,FALSE,N,TB-K,TD_B,PsychoPyStudy5Stim/TD_B_8.png,Adam does NOT KNOW there is ONE cube,One,b,h,Y,PropFalse,N,0,237,237,119,989.105457299971,NA,NA,NA,NA,NA,NA,NA,NA,NA,989.0931987999938,3.0890002381056e-4,989.1868967999472,989.5718848999824,989.6721468999748,991.672347499989,992.0721770999952,992.1746955999406,992.1746955999406,993.0417339999694,b,1,0.8518595999339595,NA,993.0420281999976,993.0552547000116,993.0552547000116,993.0552547000116,993.0552547000116,993.0423604999668,NA,NA,NA,NA,NA,NA,NA,NA,NA,NA,039,001,2025-10-13_14h13.27.489,Study_5_PsychoPy_Experiment,2024.1.5,NA,2025-10-13 14h13.39.032602 +0100
Belief,Reg,TRUE,N,TB-K-B,TT_B,PsychoPyStudy5Stim/TT_B_5.png,Adam THINKS there are TWO cubes,Two,h,b,N,-,N,0,238,238,246,993.0552547000116,NA,NA,NA,NA,NA,NA,NA,NA,NA,993.0425774999894,0.00017469993326811999,993.1277863000288,993.5052131999984,993.6053717000176,995.6053934999508,996.0056232999776,996.1092124999268,996.1092124999268,996.8085416000104,b,0,0.6859397999942303,NA,996.8088436999824,996.821922400035,996.821922400035,996.821922400035,996.821922400035,996.8091824000004,NA,NA,NA,NA,NA,NA,NA,NA,NA,NA,039,001,2025-10-13_14h13.27.489,Study_5_PsychoPy_Experiment,2024.1.5,NA,2025-10-13 14h13.39.032602 +0100
Belief,Neg,FALSE,N,NB-TB-K,T_NB,PsychoPyStudy5Stim/T_NB_6.png,Adam does NOT THINK there is ONE cube,One,b,h,Y,PropFalse,N,0,239,239,53,996.821922400035,NA,NA,NA,NA,NA,NA,NA,NA,NA,996.8094453000232,2.0819995552301e-4,996.9025012999772,997.27196189994,997.3722065000328,999.3722376000368,999.7721438999288,999.87448150001,999.87448150001,1000.7252784000012,b,1,0.84888669999782,NA,1000.725779899978,1000.7387477000012,1000.7387477000012,1000.7387477000012,1000.7387477000012,1000.726362299989,NA,NA,NA,NA,NA,NA,NA,NA,NA,NA,039,001,2025-10-13_14h13.27.489,Study_5_PsychoPy_Experiment,2024.1.5,NA,2025-10-13 14h13.39.032602 +0100
Reality,Reg,FALSE,N,TB-Ig,D_B,PsychoPyStudy5Stim/D_B_2.png,"In REALITY, there is ONE cube",One,b,h,N,-,N,0,240,240,204,1000.7387477000012,NA,NA,NA,NA,NA,NA,NA,NA,NA,1000.7267357000384,2.9430002905428e-4,1000.8194893000182,1001.1888924000086,1001.2891431000317,1003.2888781999936,1003.6887938999572,1003.791920699994,1003.791920699994,1004.7920224999544,b,1,0.9950883999699728,NA,1004.79263479996,1004.8054392000196,1004.8054392000196,1004.8054392000196,1004.8054392000196,1004.793362800032,NA,NA,NA,NA,NA,NA,NA,NA,NA,NA,039,001,2025-10-13_14h13.27.489,Study_5_PsychoPy_Experiment,2024.1.5,NA,2025-10-13 14h13.39.032602 +0100
Knowledge,Reg,FALSE,N,TB-Ig,D_B,PsychoPyStudy5Stim/D_B_D_2.png,Adam KNOWS there are ZERO cubes,Zero,b,h,N,PropTrueNoKnow,Y,0,241,241,207,1004.8054392000196,NA,NA,NA,NA,NA,NA,NA,NA,NA,1004.7938465999904,3.8240000139921e-4,1004.8911401999648,1005.2722040000372,1005.3722874999512,1007.3723053999712,1007.772173599922,1007.8745027999394,1007.8745027999394,1008.458814200014,h,0,0.5768299999181181,NA,1008.459418399958,1008.4720824999968,1008.4720824999968,1008.4720824999968,1008.4720824999968,1008.4600382000208,NA,NA,NA,NA,NA,NA,NA,NA,NA,NA,039,001,2025-10-13_14h13.27.489,Study_5_PsychoPy_Experiment,2024.1.5,NA,2025-10-13 14h13.39.032602 +0100
Reality,Reg,TRUE,N,NB-TB-K,DD_NB,PsychoPyStudy5Stim/DD_NB_4.png,"In REALITY, there are ZERO cubes",Zero,h,b,N,-,N,0,242,242,160,1008.4720824999968,NA,NA,NA,NA,NA,NA,NA,NA,NA,1008.460504699964,3.7410005461424e-4,1008.5644846999784,1008.9387758999364,1009.0386998000322,1011.0387869999976,1011.4388579999796,1011.5412558999378,1011.5412558999378,1012.2913868000032,h,1,0.7408199000637978,NA,1012.291694900021,1012.3052655999782,1012.3052655999782,1012.3052655999782,1012.3052655999782,1012.2920316000236,NA,NA,NA,NA,NA,NA,NA,NA,NA,NA,039,001,2025-10-13_14h13.27.489,Study_5_PsychoPy_Experiment,2024.1.5,NA,2025-10-13 14h13.39.032602 +0100
Knowledge,Neg,FALSE,N,NB-TB-K,TT_NB,PsychoPyStudy5Stim/TT_NB_7.png,Adam does NOT KNOW there are TWO cubes,Two,b,h,Y,PropFalse,N,0,243,243,70,1012.3052655999782,NA,NA,NA,NA,NA,NA,NA,NA,NA,1012.2922461000272,1.7090002074837e-4,1012.3813961999258,1012.7552063999464,1012.8555255000248,1014.8555617999518,1015.255550300004,1015.357888599974,1015.357888599974,1016.1089365000372,b,1,0.7492489999858662,NA,1016.1095574999928,1016.1220673000208,1016.1220673000208,1016.1220673000208,1016.1220673000208,1016.1102028000169,NA,NA,NA,NA,NA,NA,NA,NA,NA,NA,039,001,2025-10-13_14h13.27.489,Study_5_PsychoPy_Experiment,2024.1.5,NA,2025-10-13 14h13.39.032602 +0100
Knowledge,Neg,FALSE,N,NB-TB-K,TT_NB,PsychoPyStudy5Stim/TT_NB_5.png,Adam does NOT KNOW there are TWO cubes,Two,b,h,Y,PropFalse,N,0,244,244,68,1016.1220673000208,NA,NA,NA,NA,NA,NA,NA,NA,NA,1016.1106422999874,3.4490006510168e-4,1016.2020884000232,1016.5722126000328,1016.6723502000096,1018.6722092999844,1019.0721759999868,1019.1746136000148,1019.1746136000148,1020.1919457999757,b,1,1.004073299933225,NA,1020.1924949999666,1020.2053772000364,1020.2053772000364,1020.2053772000364,1020.2053772000364,1020.1931128000142,NA,NA,NA,NA,NA,NA,NA,NA,NA,NA,039,001,2025-10-13_14h13.27.489,Study_5_PsychoPy_Experiment,2024.1.5,NA,2025-10-13 14h13.39.032602 +0100
Belief,Reg,TRUE,N,TB-Ig,D_B,PsychoPyStudy5Stim/D_B_1.png,Adam THINKS there are ZERO cubes,Zero,h,b,N,-,Y,0,245,245,200,1020.2053772000364,NA,NA,NA,NA,NA,NA,NA,NA,NA,1020.1935477999504,3.654999891296e-4,1020.2885871999896,1020.6720873999876,1020.7722627000184,1022.7721834999976,1023.1720790999244,1023.2745287999278,1023.2745287999278,1024.0746388999978,h,1,0.7926327999448404,NA,1024.0749704999616,1024.088612099993,1024.088612099993,1024.088612099993,1024.088612099993,1024.0753107999917,NA,NA,NA,NA,NA,NA,NA,NA,NA,NA,039,001,2025-10-13_14h13.27.489,Study_5_PsychoPy_Experiment,2024.1.5,NA,2025-10-13 14h13.39.032602 +0100
Belief,Neg,TRUE,Y,FB-Ig,D_B_T,PsychoPyStudy5Stim/D_B_T_3.png,Adam does NOT THINK there is ONE cube,One,h,b,Y,-,N,0,246,246,26,1024.088612099993,NA,NA,NA,NA,NA,NA,NA,NA,NA,1024.0755507999563,1.9189994782209e-4,1024.1633087999653,1024.5387007999234,1024.6388982000062,1026.638840700034,1027.0387980999658,1027.1410959999776,1027.1410959999776,1027.925120400032,h,1,0.7823736000573263,NA,1027.9256605999544,1027.938525400008,1027.938525400008,1027.938525400008,1027.938525400008,1027.9262295999797,NA,NA,NA,NA,NA,NA,NA,NA,NA,NA,039,001,2025-10-13_14h13.27.489,Study_5_PsychoPy_Experiment,2024.1.5,NA,2025-10-13 14h13.39.032602 +0100
Knowledge,Neg,TRUE,Y,FB-Ig,D_B_T,PsychoPyStudy5Stim/D_B_T_7.png,Adam does NOT KNOW there is ONE cube,One,h,b,Y,-,N,0,247,247,14,1027.938525400008,NA,NA,NA,NA,NA,NA,NA,NA,NA,1027.9266238999553,3.0870002228766e-4,1028.0208619999466,1028.4053586999653,1028.5054465000285,1030.5055363000138,1030.9055165000027,1031.007866299944,1031.007866299944,1032.141769899987,b,0,1.1230569999897853,NA,1032.1423399000196,1032.1553133999696,1032.1553133999696,1032.1553133999696,1032.1553133999696,1032.142969599925,NA,NA,NA,NA,NA,NA,NA,NA,NA,NA,039,001,2025-10-13_14h13.27.489,Study_5_PsychoPy_Experiment,2024.1.5,NA,2025-10-13 14h13.39.032602 +0100
Knowledge,Neg,TRUE,Y,FB-Ig,T_B_T,PsychoPyStudy5Stim/T_B_T_2.png,Adam does NOT KNOW there are TWO cubes,Two,h,b,Y,-,N,0,248,248,1,1032.1553133999696,NA,NA,NA,NA,NA,NA,NA,NA,NA,1032.143399399938,3.3690000418573e-4,1032.2340191999683,1032.6053273000289,1032.7055975999683,1034.7055377999786,1035.105488399975,1035.207884100033,1035.207884100033,1036.5752611999633,h,1,1.3543911000015214,NA,1036.575873099966,1036.588669699966,1036.588669699966,1036.588669699966,1036.588669699966,1036.5765476999804,NA,NA,NA,NA,NA,NA,NA,NA,NA,NA,039,001,2025-10-13_14h13.27.489,Study_5_PsychoPy_Experiment,2024.1.5,NA,2025-10-13 14h13.39.032602 +0100
Knowledge,Reg,TRUE,N,TB-K-B,TD_B,PsychoPyStudy5Stim/TD_B_7.png,Adam KNOWS there is ONE cube,One,h,b,N,-,N,0,249,249,257,1036.588669699966,NA,NA,NA,NA,NA,NA,NA,NA,NA,1036.5770380999893,3.8510002195835e-4,1036.669240499963,1037.0386421999428,1037.138831499964,1039.1386883000378,1039.5387230999768,1039.6411050999304,1039.6411050999304,1040.4583099000156,h,1,0.8098341999575496,NA,1040.4587876999285,1040.4719117999775,1040.4719117999775,1040.4719117999775,1040.4719117999775,1040.4593456999864,NA,NA,NA,NA,NA,NA,NA,NA,NA,NA,039,001,2025-10-13_14h13.27.489,Study_5_PsychoPy_Experiment,2024.1.5,NA,2025-10-13 14h13.39.032602 +0100
Belief,Reg,FALSE,N,FB-Ig,D_B_T,PsychoPyStudy5Stim/D_B_T_6.png,Adam THINKS there are TWO cubes,Two,b,h,N,PropFalse,N,0,250,250,304,1040.4719117999775,NA,NA,NA,NA,NA,NA,NA,NA,NA,1040.4597178000258,2.9280001763254e-4,1040.5455972999334,1040.9219758999534,1041.0220999999435,1043.0221067999955,1043.422098199953,1043.524474899983,1043.524474899983,1044.2248939999845,b,1,0.693970900028944,NA,1044.2253736000275,1044.2384959999472,1044.2384959999472,1044.2384959999472,1044.2384959999472,1044.2259083000245,NA,NA,NA,NA,NA,NA,NA,NA,NA,NA,039,001,2025-10-13_14h13.27.489,Study_5_PsychoPy_Experiment,2024.1.5,NA,2025-10-13 14h13.39.032602 +0100
Knowledge,Neg,TRUE,N,TB-K,TT_B,PsychoPyStudy5Stim/TT_B_4.png,Adam does NOT KNOW there is ONE cube,One,h,b,Y,-,N,0,251,251,83,1044.2384959999472,NA,NA,NA,NA,NA,NA,NA,NA,NA,1044.2262785999335,2.9370002448558e-4,1044.3242873999989,1044.7053362999577,1044.8055117999902,1046.805437700008,1047.2055150999222,1047.3079424999887,1047.3079424999887,1048.1417260000017,b,0,0.822587399976328,NA,1048.142206099932,1048.159374599927,NA,1048.159374599927,NA,1074.5741706999252,space,26.403623100020923,NA,NA,NA,NA,NA,NA,NA,NA,039,001,2025-10-13_14h13.27.489,Study_5_PsychoPy_Experiment,2024.1.5,NA,2025-10-13 14h13.39.032602 +0100
Belief,Neg,FALSE,N,NB-TB-K,TT_NB,PsychoPyStudy5Stim/TT_NB_4.png,Adam does NOT THINK there are TWO cubes,Two,b,h,Y,PropFalse,N,0,252,252,75,1074.5884573999792,NA,NA,NA,NA,NA,NA,NA,NA,NA,1074.5752789999824,5.6919991038739e-4,1074.6600275000092,1075.0383589999983,1075.138456200017,1077.138740699971,1077.5386372000212,1077.6410287999315,1077.6410287999315,1078.3580018000212,b,1,0.7143150999909267,NA,1078.3582977999467,1078.3717790000371,1078.3717790000371,1078.3717790000371,1078.3717790000371,1078.359068699996,NA,NA,NA,NA,NA,NA,NA,NA,NA,NA,039,001,2025-10-13_14h13.27.489,Study_5_PsychoPy_Experiment,2024.1.5,NA,2025-10-13 14h13.39.032602 +0100
Belief,Reg,TRUE,N,NB-TB-K,T_NB,PsychoPyStudy5Stim/T_NB_4.png,Adam THINKS there is ONE cube,One,h,b,N,-,N,0,253,253,143,1078.3717790000371,NA,NA,NA,NA,NA,NA,NA,NA,NA,1078.3592856000178,1.7170002683997e-4,1078.4427494999254,1078.821631700033,1078.9217443999369,1080.9219765999587,1081.321994500002,1081.4243162999628,1081.4243162999628,1082.0084160999395,h,1,0.5704314999748021,NA,1082.0090248000342,1082.0218363000313,1082.0218363000313,1082.0218363000313,1082.0218363000313,1082.009713599924,NA,NA,NA,NA,NA,NA,NA,NA,NA,NA,039,001,2025-10-13_14h13.27.489,Study_5_PsychoPy_Experiment,2024.1.5,NA,2025-10-13 14h13.39.032602 +0100
Knowledge,Reg,FALSE,N,TB-Ig,D_B,PsychoPyStudy5Stim/D_B_D_1.png,Adam KNOWS there are ZERO cubes,Zero,b,h,N,PropTrueNoKnow,Y,0,254,254,206,1082.0218363000313,NA,NA,NA,NA,NA,NA,NA,NA,NA,1082.0101942999754,3.7789996713399e-4,1082.1075646999525,1082.488277300028,1082.5883985999972,1084.5886614000192,1084.9885911999736,1085.090926899924,1085.090926899924,1085.858109700028,b,1,0.7517892000032589,NA,1085.8586049999576,1085.8717130000005,1085.8717130000005,1085.8717130000005,1085.8717130000005,1085.859210900031,NA,NA,NA,NA,NA,NA,NA,NA,NA,NA,039,001,2025-10-13_14h13.27.489,Study_5_PsychoPy_Experiment,2024.1.5,NA,2025-10-13 14h13.39.032602 +0100
Belief,Neg,TRUE,Y,FB-Ig,T_B_T,PsychoPyStudy5Stim/T_B_T_5.png,Adam does NOT THINK there are TWO cubes,Two,h,b,Y,-,N,0,255,255,20,1085.8717130000005,NA,NA,NA,NA,NA,NA,NA,NA,NA,1085.8596030999906,3.3259997144341e-4,1085.9552618999733,1086.338259099983,1086.438408399932,1088.4386322000064,1088.8385415000375,1088.9410219999263,1088.9410219999263,1089.7916648000246,b,0,0.8457213001092896,NA,1089.7921557000373,1089.804934600019,1089.804934600019,1089.804934600019,1089.804934600019,1089.7927142999831,NA,NA,NA,NA,NA,NA,NA,NA,NA,NA,039,001,2025-10-13_14h13.27.489,Study_5_PsychoPy_Experiment,2024.1.5,NA,2025-10-13 14h13.39.032602 +0100
Knowledge,Reg,FALSE,N,FB-Ig,B_TT,PsychoPyStudy5Stim/B_TT_5.png,Adam KNOWS there are ZERO cubes,Zero,b,h,N,PropTrueNoKnow,Y,0,256,256,325,1089.804934600019,NA,NA,NA,NA,NA,NA,NA,NA,NA,1089.7930866000245,2.9460003133863e-4,1089.8762997000013,1090.2551248000236,1090.355283199926,1092.35527369997,1092.7552899000002,1092.857600599993,1092.857600599993,1094.1084487999324,b,1,1.2408742000116035,NA,1094.108937599929,1094.121733799926,1094.121733799926,1094.121733799926,1094.121733799926,1094.1095043999376,NA,NA,NA,NA,NA,NA,NA,NA,NA,NA,039,001,2025-10-13_14h13.27.489,Study_5_PsychoPy_Experiment,2024.1.5,NA,2025-10-13 14h13.39.032602 +0100
Knowledge,Reg,FALSE,N,TB-K-B,DD_B,PsychoPyStudy5Stim/DD_B_2.png,Adam KNOWS there is ONE cube,One,b,h,N,PropFalse,N,0,257,257,225,1094.121733799926,NA,NA,NA,NA,NA,NA,NA,NA,NA,1094.1098753999686,2.9029999859631e-4,1094.203966400004,1094.5884550999615,1094.6885671999771,1096.688588900026,1097.0884626000188,1097.1909075999863,1097.1909075999863,1097.8084391999291,b,1,0.6033088000258431,NA,1097.8090714999707,1097.8217960000038,1097.8217960000038,1097.8217960000038,1097.8217960000038,1097.8097849999322,NA,NA,NA,NA,NA,NA,NA,NA,NA,NA,039,001,2025-10-13_14h13.27.489,Study_5_PsychoPy_Experiment,2024.1.5,NA,2025-10-13 14h13.39.032602 +0100
Belief,Reg,FALSE,N,FB-Ig,D_B_T,PsychoPyStudy5Stim/D_B_T_7.png,Adam THINKS there are TWO cubes,Two,b,h,N,PropFalse,N,0,258,258,305,1097.8217960000038,NA,NA,NA,NA,NA,NA,NA,NA,NA,1097.8102888999274,3.9570010267198e-4,1097.908383299946,1098.288406000007,1098.388627899927,1100.3884832999902,1100.7885175999254,1100.8907764999894,1100.8907764999894,1101.4914089000083,b,1,0.5995435999939218,NA,1101.4916949999752,1101.504886199953,1101.504886199953,1101.504886199953,1101.504886199953,1101.4920219000196,NA,NA,NA,NA,NA,NA,NA,NA,NA,NA,039,001,2025-10-13_14h13.27.489,Study_5_PsychoPy_Experiment,2024.1.5,NA,2025-10-13 14h13.39.032602 +0100
Belief,Neg,FALSE,N,NB-TB-K,T_NB,PsychoPyStudy5Stim/T_NB_3.png,Adam does NOT THINK there is ONE cube,One,b,h,Y,PropFalse,N,0,259,259,50,1101.504886199953,NA,NA,NA,NA,NA,NA,NA,NA,NA,1101.4922270999523,1.6420008614659e-4,1101.573527600034,1101.955183199956,1102.0552360999864,1104.055145499995,1104.455139599973,1104.5574565000134,1104.5574565000134,1105.6598191999365,b,1,1.084873600048013,NA,1105.6610426999396,1105.671942499932,1105.671942499932,1105.671942499932,1105.671942499932,1105.6624856999842,NA,NA,NA,NA,NA,NA,NA,NA,NA,NA,039,001,2025-10-13_14h13.27.489,Study_5_PsychoPy_Experiment,2024.1.5,NA,2025-10-13 14h13.39.032602 +0100
Knowledge,Reg,FALSE,N,FB-Ig,B_TT,PsychoPyStudy5Stim/B_TT_3.png,Adam KNOWS there are ZERO cubes,Zero,b,h,N,PropTrueNoKnow,Y,0,260,260,323,1105.671942499932,NA,NA,NA,NA,NA,NA,NA,NA,NA,1105.6635124000022,8.1889994908124e-4,1105.7678243999835,1106.1384435000364,1106.2384530999698,1108.238421899965,1108.6385158000048,1108.740938300034,1108.740938300034,1109.55822050001,b,1,0.8060212999116629,NA,1109.5587789999554,1109.5717275999486,1109.5717275999486,1109.5717275999486,1109.5717275999486,1109.559453099966,NA,NA,NA,NA,NA,NA,NA,NA,NA,NA,039,001,2025-10-13_14h13.27.489,Study_5_PsychoPy_Experiment,2024.1.5,NA,2025-10-13 14h13.39.032602 +0100
Knowledge,Neg,TRUE,Y,FB-Ig,T_B_T,PsychoPyStudy5Stim/T_B_T_6.png,Adam does NOT KNOW there are TWO cubes,Two,h,b,Y,-,N,0,261,261,5,1109.5717275999486,NA,NA,NA,NA,NA,NA,NA,NA,NA,1109.559905400034,3.5919994115829e-4,1109.6608122999314,1110.0382627999643,1110.1383865999524,1112.1385687999427,1112.5385246999797,1112.640832299949,1112.640832299949,1113.274724100018,h,1,0.6256050999509171,NA,1113.2751731999451,1113.288326299982,1113.288326299982,1113.288326299982,1113.288326299982,1113.2756608999334,NA,NA,NA,NA,NA,NA,NA,NA,NA,NA,039,001,2025-10-13_14h13.27.489,Study_5_PsychoPy_Experiment,2024.1.5,NA,2025-10-13 14h13.39.032602 +0100
Belief,Neg,TRUE,Y,FB-Ig,D_B_T,PsychoPyStudy5Stim/D_B_T_6.png,Adam does NOT THINK there is ONE cube,One,h,b,Y,-,N,0,262,262,29,1113.288326299982,NA,NA,NA,NA,NA,NA,NA,NA,NA,1113.2759997999528,2.6720005553215e-4,1113.3700569999637,1113.7548493000213,1113.855043599964,1115.8552353000268,1116.255103399977,1116.357480400009,1116.357480400009,1117.1253809999907,b,0,0.7647086000069976,NA,1117.126063899952,1117.1383686999325,1117.1383686999325,1117.1383686999325,1117.1383686999325,1117.1268039999995,NA,NA,NA,NA,NA,NA,NA,NA,NA,NA,039,001,2025-10-13_14h13.27.489,Study_5_PsychoPy_Experiment,2024.1.5,NA,2025-10-13 14h13.39.032602 +0100
Belief,Reg,TRUE,N,TB-K-B,TT_B,PsychoPyStudy5Stim/TT_B_8.png,Adam THINKS there are TWO cubes,Two,h,b,N,-,N,0,263,263,249,1117.1383686999325,NA,NA,NA,NA,NA,NA,NA,NA,NA,1117.127355100005,4.390999674797e-4,1117.2227128000231,1117.6048571999418,1117.7049836999504,1119.705192000023,1120.1051285000285,1120.2074105000356,1120.2074105000356,1121.0919481000165,h,1,0.8826515999389812,NA,1121.092567899963,1121.1049881000072,1121.1049881000072,1121.1049881000072,1121.1049881000072,1121.093246400007,NA,NA,NA,NA,NA,NA,NA,NA,NA,NA,039,001,2025-10-13_14h13.27.489,Study_5_PsychoPy_Experiment,2024.1.5,NA,2025-10-13 14h13.39.032602 +0100
Belief,Neg,TRUE,N,NB-TB-K,T_NB,PsychoPyStudy5Stim/T_NB_2.png,Adam does NOT THINK there are TWO cubes,Two,h,b,Y,-,N,0,264,264,37,1121.1049881000072,NA,NA,NA,NA,NA,NA,NA,NA,NA,1121.0937328999862,3.8029998540878e-4,1121.1774167999392,1121.554805199965,1121.6550338999368,1123.6551064000232,1124.055238400004,1124.15756089997,1124.15756089997,1125.1581314000068,h,1,0.9982192000607027,NA,1125.1586778999772,1125.1715808999725,1125.1715808999725,1125.1715808999725,1125.1715808999725,1125.159213899984,NA,NA,NA,NA,NA,NA,NA,NA,NA,NA,039,001,2025-10-13_14h13.27.489,Study_5_PsychoPy_Experiment,2024.1.5,NA,2025-10-13 14h13.39.032602 +0100
Belief,Neg,TRUE,Y,FB-Ig,D_B_T,PsychoPyStudy5Stim/D_B_T_2.png,Adam does NOT THINK there is ONE cube,One,h,b,Y,-,N,0,265,265,25,1125.1715808999725,NA,NA,NA,NA,NA,NA,NA,NA,NA,1125.1596158000175,3.2150000333786e-4,1125.2536438999232,1125.6381331000011,1125.7382290000096,1127.7386129000224,1128.1384740000358,1128.2408129000105,1128.2408129000105,1130.0417775999522,b,0,1.7853678000392392,NA,1130.042458300013,1130.0549405999482,1130.0549405999482,1130.0549405999482,1130.0549405999482,1130.0431934000226,NA,NA,NA,NA,NA,NA,NA,NA,NA,NA,039,001,2025-10-13_14h13.27.489,Study_5_PsychoPy_Experiment,2024.1.5,NA,2025-10-13 14h13.39.032602 +0100
Belief,Neg,FALSE,N,NB-TB-K,TT_NB,PsychoPyStudy5Stim/TT_NB_8.png,Adam does NOT THINK there are TWO cubes,Two,b,h,Y,PropFalse,N,0,266,266,79,1130.0549405999482,NA,NA,NA,NA,NA,NA,NA,NA,NA,1130.0437068999745,4.0230003651231e-4,1130.1409750999885,1130.5214396000374,1130.6215898999944,1132.621805600007,1133.0216125999575,1133.1242087000282,1133.1242087000282,1134.9744300999446,h,0,1.8385619999608025,NA,1134.9748784999829,1134.988238999969,1134.988238999969,1134.988238999969,1134.988238999969,1134.9753541999962,NA,NA,NA,NA,NA,NA,NA,NA,NA,NA,039,001,2025-10-13_14h13.27.489,Study_5_PsychoPy_Experiment,2024.1.5,NA,2025-10-13 14h13.39.032602 +0100
Knowledge,Reg,FALSE,N,FB-Ig,D_B_T,PsychoPyStudy5Stim/D_B_T_2.png,Adam KNOWS there are TWO cubes,Two,b,h,N,PropFalse,N,0,267,267,292,1134.988238999969,NA,NA,NA,NA,NA,NA,NA,NA,NA,1134.9756760000018,2.5389995425939e-4,1135.0663361999905,1135.4383302000351,1135.5385416999925,1137.5384529000148,1137.9383984999731,1138.0408400000306,1138.0408400000306,1138.7917400000151,b,1,0.7370826000114903,NA,1138.7924041999504,1138.8049238999374,1138.8049238999374,1138.8049238999374,1138.8049238999374,1138.7931250999682,NA,NA,NA,NA,NA,NA,NA,NA,NA,NA,039,001,2025-10-13_14h13.27.489,Study_5_PsychoPy_Experiment,2024.1.5,NA,2025-10-13 14h13.39.032602 +0100
Belief,Reg,FALSE,N,NB-TB-K,TT_NB,PsychoPyStudy5Stim/TT_NB_8.png,Adam THINKS there are ZERO cubes,Zero,b,h,N,PropFalse,N,0,268,268,188,1138.8049238999374,NA,NA,NA,NA,NA,NA,NA,NA,NA,1138.7936364000195,4.0210003498941e-4,1138.8771383999847,1139.254828499979,1139.355024999939,1141.354905999964,1141.7550363999326,1141.857336599962,1141.857336599962,1143.12427879998,b,1,1.25750120007433,NA,1143.124657599954,1143.1382094,1143.1382094,1143.1382094,1143.1382094,1143.1250842999434,NA,NA,NA,NA,NA,NA,NA,NA,NA,NA,039,001,2025-10-13_14h13.27.489,Study_5_PsychoPy_Experiment,2024.1.5,NA,2025-10-13 14h13.39.032602 +0100
Belief,Neg,TRUE,N,TB-K,TT_B,PsychoPyStudy5Stim/TT_B_3.png,Adam does NOT THINK there is ONE cube,One,h,b,Y,-,N,0,269,269,86,1143.1382094,NA,NA,NA,NA,NA,NA,NA,NA,NA,1143.125374199939,2.295000012964e-4,1143.2248728999402,1143.6049393999856,1143.705019599991,1145.7049005000154,1146.105052500032,1146.2075392999686,1146.2075392999686,1146.8409242000198,b,0,0.6183036000002176,NA,1146.8412171999223,1146.854703299934,1146.854703299934,1146.854703299934,1146.854703299934,1146.8415494000074,NA,NA,NA,NA,NA,NA,NA,NA,NA,NA,039,001,2025-10-13_14h13.27.489,Study_5_PsychoPy_Experiment,2024.1.5,NA,2025-10-13 14h13.39.032602 +0100
Knowledge,Reg,FALSE,N,FB-Ig,T_B_T,PsychoPyStudy5Stim/T_B_T_6.png,Adam KNOWS there are ZERO cubes,Zero,b,h,N,PropFalse,N,0,270,270,280,1146.854703299934,NA,NA,NA,NA,NA,NA,NA,NA,NA,1146.841757999966,1.8920004367828e-4,1146.9270824999548,1147.305077299941,1147.4051794999978,1149.4049174999818,1149.8049508000258,1149.9074511999495,1149.9074511999495,1150.5749179000268,b,1,0.662484799977392,NA,1150.5754746999592,1150.5882449999915,1150.5882449999915,1150.5882449999915,1150.5882449999915,1150.576077100006,NA,NA,NA,NA,NA,NA,NA,NA,NA,NA,039,001,2025-10-13_14h13.27.489,Study_5_PsychoPy_Experiment,2024.1.5,NA,2025-10-13 14h13.39.032602 +0100
Belief,Reg,FALSE,N,NB-TB-K,TT_NB,PsychoPyStudy5Stim/TT_NB_2.png,Adam THINKS there is ONE cube,One,b,h,N,PropFalse,N,0,271,271,189,1150.5882449999915,NA,NA,NA,NA,NA,NA,NA,NA,NA,1150.5765103999292,3.4010002855211e-4,1150.6690033000195,1151.0380297999363,1151.1381461999845,1153.1383626000024,1153.5383445000043,1153.6407198000234,1153.6407198000234,1154.2748218999477,b,1,0.6256504999473691,NA,1154.2753739999607,1154.2882141999437,1154.2882141999437,1154.2882141999437,1154.2882141999437,1154.275941599975,NA,NA,NA,NA,NA,NA,NA,NA,NA,NA,039,001,2025-10-13_14h13.27.489,Study_5_PsychoPy_Experiment,2024.1.5,NA,2025-10-13 14h13.39.032602 +0100
Knowledge,Reg,TRUE,N,TB-K-B,DD_B,PsychoPyStudy5Stim/DD_B_3.png,Adam KNOWS there are ZERO cubes,Zero,h,b,N,-,N,0,272,272,217,1154.2882141999437,NA,NA,NA,NA,NA,NA,NA,NA,NA,1154.2763611000264,3.3709988929331e-4,1154.372744599939,1154.7549386000028,1154.855068899924,1156.855066500022,1157.255009699962,1157.3573486999376,1157.3573486999376,1157.858380699996,h,1,0.48481680010445416,NA,1157.858866799972,1157.871473899926,1157.871473899926,1157.871473899926,1157.871473899926,1157.8595425999956,NA,NA,NA,NA,NA,NA,NA,NA,NA,NA,039,001,2025-10-13_14h13.27.489,Study_5_PsychoPy_Experiment,2024.1.5,NA,2025-10-13 14h13.39.032602 +0100
Knowledge,Reg,TRUE,N,NB-TB-K,DT_NB,PsychoPyStudy5Stim/TD_NB_1.png,Adam KNOWS there is ONE cube,One,h,b,N,-,N,0,273,273,163,1157.871473899926,NA,NA,NA,NA,NA,NA,NA,NA,NA,1157.8599204999628,2.9729993548244e-4,1157.9498768999474,1158.3216126000043,1158.4217597999375,1160.4216558999617,1160.8216700999765,1160.9239356999751,1160.9239356999751,1161.540986499982,h,1,0.6057665999978781,NA,1161.5412739999592,1161.555135200033,1161.555135200033,1161.555135200033,1161.555135200033,1161.5415840999922,NA,NA,NA,NA,NA,NA,NA,NA,NA,NA,039,001,2025-10-13_14h13.27.489,Study_5_PsychoPy_Experiment,2024.1.5,NA,2025-10-13 14h13.39.032602 +0100
Belief,Neg,FALSE,N,NB-TB-K,TT_NB,PsychoPyStudy5Stim/TT_NB_2.png,Adam does NOT THINK there are TWO cubes,Two,b,h,Y,PropFalse,N,0,274,274,73,1161.555135200033,NA,NA,NA,NA,NA,NA,NA,NA,NA,1161.5418084999546,1.6990001313388e-4,1161.6282888000133,1162.0048711999552,1162.1050345000112,1164.1050117999548,1164.505021299934,1164.6073707999894,1164.6073707999894,1165.3244659999618,b,1,0.7066173000494018,NA,1165.3249612000072,1165.3380997999338,1165.3380997999338,1165.3380997999338,1165.3380997999338,1165.325484800036,NA,NA,NA,NA,NA,NA,NA,NA,NA,NA,039,001,2025-10-13_14h13.27.489,Study_5_PsychoPy_Experiment,2024.1.5,NA,2025-10-13 14h13.39.032602 +0100
Belief,Reg,TRUE,N,TB-K-B,TD_B,PsychoPyStudy5Stim/TD_B_5.png,Adam THINKS there is ONE cube,One,h,b,N,-,N,0,275,275,259,1165.3380997999338,NA,NA,NA,NA,NA,NA,NA,NA,NA,1165.3258525999263,3.0979991424828e-4,1165.4112110999413,1165.7882409000304,1165.8882952999556,1167.8883549999446,1168.2880747999295,1168.390755899949,1168.390755899949,1169.1577264999505,h,1,0.763635600102134,NA,1169.1580344999677,1169.171303399955,1169.171303399955,1169.171303399955,1169.171303399955,1169.1583284999942,NA,NA,NA,NA,NA,NA,NA,NA,NA,NA,039,001,2025-10-13_14h13.27.489,Study_5_PsychoPy_Experiment,2024.1.5,NA,2025-10-13 14h13.39.032602 +0100
Knowledge,Reg,TRUE,N,NB-TB-K,DD_NB,PsychoPyStudy5Stim/DD_NB_7.png,Adam KNOWS there are ZERO cubes,Zero,h,b,N,-,N,0,276,276,153,1169.171303399955,NA,NA,NA,NA,NA,NA,NA,NA,NA,1169.1585383999627,1.6920000780373e-4,1169.243478499935,1169.621296599973,1169.721429200028,1171.721653399989,1172.121546600014,1172.223866699962,1172.223866699962,1172.9417090000352,h,1,0.7062782000284642,NA,1172.9424051999813,1172.9548639999705,1172.9548639999705,1172.9548639999705,1172.9548639999705,1172.943130300031,NA,NA,NA,NA,NA,NA,NA,NA,NA,NA,039,001,2025-10-13_14h13.27.489,Study_5_PsychoPy_Experiment,2024.1.5,NA,2025-10-13 14h13.39.032602 +0100
Belief,Reg,TRUE,N,TB-K-B,TD_B,PsychoPyStudy5Stim/TD_B_6.png,Adam THINKS there is ONE cube,One,h,b,N,-,N,0,277,277,260,1172.9548639999705,NA,NA,NA,NA,NA,NA,NA,NA,NA,1172.943649200024,4.0660006925463e-4,1173.0292241999414,1173.4046143000014,1173.5047965999693,1175.5048707999522,1175.9048952999292,1176.0072758999886,1176.0072758999886,1176.6581000000006,h,1,0.6434037999715656,NA,1176.6586840000236,1176.6714944000123,1176.6714944000123,1176.6714944000123,1176.6714944000123,1176.6592873999616,NA,NA,NA,NA,NA,NA,NA,NA,NA,NA,039,001,2025-10-13_14h13.27.489,Study_5_PsychoPy_Experiment,2024.1.5,NA,2025-10-13 14h13.39.032602 +0100
Belief,Reg,FALSE,N,NB-TB-K,TT_NB,PsychoPyStudy5Stim/TT_NB_5.png,Adam THINKS there are ZERO cubes,Zero,b,h,N,PropFalse,N,0,278,278,185,1176.6714944000123,NA,NA,NA,NA,NA,NA,NA,NA,NA,1176.6597499999916,3.6950001958757e-4,1176.748901300016,1177.1212640999584,1177.2213923999807,1179.2216417000163,1179.621574699995,1179.7239711999428,1179.7239711999428,1180.1912306000013,h,0,0.4543747999705374,NA,1180.19175420003,1180.204790399992,1180.204790399992,1180.204790399992,1180.204790399992,1180.1923228999367,NA,NA,NA,NA,NA,NA,NA,NA,NA,NA,039,001,2025-10-13_14h13.27.489,Study_5_PsychoPy_Experiment,2024.1.5,NA,2025-10-13 14h13.39.032602 +0100
Knowledge,Reg,FALSE,N,NB-TB-K,TT_NB,PsychoPyStudy5Stim/TT_NB_4.png,Adam KNOWS there is ONE cube,One,b,h,N,PropFalse,N,0,279,279,175,1180.204790399992,NA,NA,NA,NA,NA,NA,NA,NA,NA,1180.1927170000272,3.1009991653263e-4,1180.2829050000291,1180.654638299951,1180.7547420000192,1182.755063700024,1183.154911499936,1183.2573910999345,1183.2573910999345,1184.3579767999472,b,1,1.0883311000652611,NA,1184.3582641999235,1184.371245999937,1184.371245999937,1184.371245999937,1184.371245999937,1184.3585820000153,NA,NA,NA,NA,NA,NA,NA,NA,NA,NA,039,001,2025-10-13_14h13.27.489,Study_5_PsychoPy_Experiment,2024.1.5,NA,2025-10-13 14h13.39.032602 +0100
Knowledge,Reg,TRUE,N,NB-TB-K,D_NB,PsychoPyStudy5Stim/D_NB_6.png,Adam KNOWS there are ZERO cubes,Zero,h,b,N,-,N,0,280,280,133,1184.371245999937,NA,NA,NA,NA,NA,NA,NA,NA,NA,1184.3588042999618,1.7830007709562e-4,1184.4444596000249,1184.8212454000022,1184.9215592999244,1186.9215481999563,1187.3215610999614,1187.4239737000316,1187.4239737000316,1188.474391600001,h,1,1.042303099995479,NA,1188.4746838000135,1188.4879484999692,1188.4879484999692,1188.4879484999692,1188.4879484999692,1188.4750071000308,NA,NA,NA,NA,NA,NA,NA,NA,NA,NA,039,001,2025-10-13_14h13.27.489,Study_5_PsychoPy_Experiment,2024.1.5,NA,2025-10-13 14h13.39.032602 +0100
Belief,Neg,TRUE,N,NB-TB-K,T_NB,PsychoPyStudy5Stim/T_NB_3.png,Adam does NOT THINK there are TWO cubes,Two,h,b,Y,-,N,0,281,281,38,1188.4879484999692,NA,NA,NA,NA,NA,NA,NA,NA,NA,1188.4752137999749,1.6589998267591e-4,1188.5590067999435,1188.9379001000198,1189.0384363000048,1191.0381247999612,1191.438256299938,1191.5404587000376,1191.5404587000376,1193.424507800024,h,1,1.8695096999872476,NA,1193.4248007999267,1193.4379016000312,1193.4379016000312,1193.4379016000312,1193.4379016000312,1193.4251689999364,NA,NA,NA,NA,NA,NA,NA,NA,NA,NA,039,001,2025-10-13_14h13.27.489,Study_5_PsychoPy_Experiment,2024.1.5,NA,2025-10-13 14h13.39.032602 +0100
Belief,Reg,FALSE,N,FB-Ig,D_B_T,PsychoPyStudy5Stim/D_B_T_3.png,Adam THINKS there are TWO cubes,Two,b,h,N,PropFalse,N,0,282,282,301,1193.4379016000312,NA,NA,NA,NA,NA,NA,NA,NA,NA,1193.4253865999635,1.7289991956204e-4,1193.5150646999246,1193.887905200012,1193.988040999975,1195.988091700012,1196.38818489993,1196.4905893999385,1196.4905893999385,1197.2409743999597,b,1,0.7357822000049055,NA,1197.2414814999793,1197.2547185999574,1197.2547185999574,1197.2547185999574,1197.2547185999574,1197.2420073000249,NA,NA,NA,NA,NA,NA,NA,NA,NA,NA,039,001,2025-10-13_14h13.27.489,Study_5_PsychoPy_Experiment,2024.1.5,NA,2025-10-13 14h13.39.032602 +0100
Knowledge,Neg,TRUE,N,TB-K,TD_B,PsychoPyStudy5Stim/TD_B_2.png,Adam does NOT KNOW there are TWO cubes,Two,h,b,Y,-,N,0,283,283,105,1197.2547185999574,NA,NA,NA,NA,NA,NA,NA,NA,NA,1197.2424093999434,3.2399990595877e-4,1197.3352747999595,1197.7045644000173,1197.8046823999612,1199.8048572000116,1200.2048484999686,1200.3071438999614,1200.3071438999614,1200.8907535999317,b,0,0.5744196999585256,NA,1200.891077999957,1200.904671599972,1200.904671599972,1200.904671599972,1200.904671599972,1200.891434899997,NA,NA,NA,NA,NA,NA,NA,NA,NA,NA,039,001,2025-10-13_14h13.27.489,Study_5_PsychoPy_Experiment,2024.1.5,NA,2025-10-13 14h13.39.032602 +0100
Knowledge,Neg,TRUE,Y,FB-Ig,D_B_T,PsychoPyStudy5Stim/D_B_T_8.png,Adam does NOT KNOW there is ONE cube,One,h,b,Y,-,N,0,284,284,15,1200.904671599972,NA,NA,NA,NA,NA,NA,NA,NA,NA,1200.8916741999565,1.9059993792325e-4,1200.976510199951,1201.3547064999584,1201.4548971999902,1203.4548203999875,1203.8548092999265,1203.9571118999738,1203.9571118999738,1204.7418895999435,h,1,0.7814462000969797,NA,1204.742636299925,1204.7546214000322,1204.7546214000322,1204.7546214000322,1204.7546214000322,1204.743395700003,NA,NA,NA,NA,NA,NA,NA,NA,NA,NA,039,001,2025-10-13_14h13.27.489,Study_5_PsychoPy_Experiment,2024.1.5,NA,2025-10-13 14h13.39.032602 +0100
Reality,Reg,FALSE,N,NB-TB-K,T_NB,PsychoPyStudy5Stim/T_NB_7.png,"In REALITY, there are ZERO cubes",Zero,b,h,N,PropFalse,N,0,285,285,146,1204.7546214000322,NA,NA,NA,NA,NA,NA,NA,NA,NA,1204.7436079999898,1.6960001084953e-4,1204.8249691999515,1205.204514699988,1205.3049173000036,1207.3049073999282,1207.704773799982,1207.807169299922,1207.807169299922,1208.5744727000128,b,1,0.7636632999638095,NA,1208.574980000034,1208.5880115999607,1208.5880115999607,1208.5880115999607,1208.5880115999607,1208.5755088999867,NA,NA,NA,NA,NA,NA,NA,NA,NA,NA,039,001,2025-10-13_14h13.27.489,Study_5_PsychoPy_Experiment,2024.1.5,NA,2025-10-13 14h13.39.032602 +0100
Knowledge,Reg,FALSE,N,FB-Ig,B_T,PsychoPyStudy5Stim/B_T_3.png,Adam KNOWS there are ZERO cubes,Zero,b,h,N,PropTrueNoKnow,Y,0,286,286,309,1208.5880115999607,NA,NA,NA,NA,NA,NA,NA,NA,NA,1208.575904599973,2.9480003286153e-4,1208.6700153999263,1209.0547485999996,1209.1548783000326,1211.1548420999898,1211.5548205999658,1211.6571831000035,1211.6571831000035,1212.4572679999983,b,1,0.7929256999632344,NA,1212.4575575999916,1212.4712575000012,1212.4712575000012,1212.4712575000012,1212.4712575000012,1212.457876499975,NA,NA,NA,NA,NA,NA,NA,NA,NA,NA,039,001,2025-10-13_14h13.27.489,Study_5_PsychoPy_Experiment,2024.1.5,NA,2025-10-13 14h13.39.032602 +0100
Belief,Reg,FALSE,N,TB-K-B,TD_B,PsychoPyStudy5Stim/TD_B_7.png,Adam THINKS there are ZERO cubes,Zero,b,h,N,PropFalse,N,0,287,287,269,1212.4712575000012,NA,NA,NA,NA,NA,NA,NA,NA,NA,1212.4580834000371,1.6559998039156e-4,1212.5417093000142,1212.921434900025,1213.021556199994,1215.021515600034,1215.421459699981,1215.5238464999711,1215.5238464999711,1216.4084484999769,b,1,0.8789105999749154,NA,1216.409138499992,1216.4213577000191,1216.4213577000191,1216.4213577000191,1216.4213577000191,1216.409852999961,NA,NA,NA,NA,NA,NA,NA,NA,NA,NA,039,001,2025-10-13_14h13.27.489,Study_5_PsychoPy_Experiment,2024.1.5,NA,2025-10-13 14h13.39.032602 +0100
Knowledge,Reg,FALSE,N,TB-K-B,DD_B,PsychoPyStudy5Stim/DD_B_1.png,Adam KNOWS there is ONE cube,One,b,h,N,PropFalse,N,0,288,288,224,1216.4213577000191,NA,NA,NA,NA,NA,NA,NA,NA,NA,1216.410370599944,4.0409993380308e-4,1216.495958299958,1216.8711285999743,1216.9712429000065,1218.9712971999545,1219.3714110000292,1219.4737233000342,1219.4737233000342,1220.2408677999629,h,0,0.7526181999128312,NA,1220.2413664000342,1220.254580799956,1220.254580799956,1220.254580799956,1220.254580799956,1220.2418980000075,NA,NA,NA,NA,NA,NA,NA,NA,NA,NA,039,001,2025-10-13_14h13.27.489,Study_5_PsychoPy_Experiment,2024.1.5,NA,2025-10-13 14h13.39.032602 +0100
Belief,Neg,FALSE,N,NB-TB-K,TT_NB,PsychoPyStudy5Stim/TT_NB_5.png,Adam does NOT THINK there are TWO cubes,Two,b,h,Y,PropFalse,N,0,289,289,76,1220.254580799956,NA,NA,NA,NA,NA,NA,NA,NA,NA,1220.242291499977,3.1679996754974e-4,1220.3314756000182,1220.7047171000158,1220.8048746000277,1222.8048731000165,1223.2048075000057,1223.3071809000105,1223.3071809000105,1224.57483529998,b,1,1.2549579999176783,NA,1224.575516199926,1224.587995699956,1224.587995699956,1224.587995699956,1224.587995699956,1224.5762949000346,NA,NA,NA,NA,NA,NA,NA,NA,NA,NA,039,001,2025-10-13_14h13.27.489,Study_5_PsychoPy_Experiment,2024.1.5,NA,2025-10-13 14h13.39.032602 +0100
Belief,Neg,FALSE,N,TB-K,TT_B,PsychoPyStudy5Stim/TT_B_7.png,Adam does NOT THINK there are TWO cubes,Two,b,h,Y,PropFalse,N,0,290,290,102,1224.587995699956,NA,NA,NA,NA,NA,NA,NA,NA,NA,1224.576835899963,4.2309996206313e-4,1224.6810506000184,1225.0546200999524,1225.1546809999272,1227.1547203999944,1227.5547492000042,1227.6571216000011,1227.6571216000011,1228.474248399958,b,1,0.8093766999663785,NA,1228.4746766999597,1228.4879198999845,1228.4879198999845,1228.4879198999845,1228.4879198999845,1228.4751984999748,NA,NA,NA,NA,NA,NA,NA,NA,NA,NA,039,001,2025-10-13_14h13.27.489,Study_5_PsychoPy_Experiment,2024.1.5,NA,2025-10-13 14h13.39.032602 +0100
Belief,Reg,TRUE,N,TB-Ig,D_B,PsychoPyStudy5Stim/D_B_2.png,Adam THINKS there are ZERO cubes,Zero,h,b,N,-,Y,0,291,291,201,1228.4879198999845,NA,NA,NA,NA,NA,NA,NA,NA,NA,1228.4755249000154,2.5759998243302e-4,1228.5651366999373,1228.9379978999496,1229.0379991999362,1231.0380471999524,1231.4380275999429,1231.5403655000264,1231.5403655000264,1232.1409810000332,h,1,0.589205399970524,NA,1232.1414554000366,1232.1545623999557,1232.1545623999557,1232.1545623999557,1232.1545623999557,1232.1419884000206,NA,NA,NA,NA,NA,NA,NA,NA,NA,NA,039,001,2025-10-13_14h13.27.489,Study_5_PsychoPy_Experiment,2024.1.5,NA,2025-10-13 14h13.39.032602 +0100
Knowledge,Reg,TRUE,N,TB-K-B,DD_B,PsychoPyStudy5Stim/DD_B_8.png,Adam KNOWS there are ZERO cubes,Zero,h,b,N,-,N,0,292,292,222,1232.1545623999557,NA,NA,NA,NA,NA,NA,NA,NA,NA,1232.142359899939,2.9459991492331e-4,1232.2342441999351,1232.6046685000183,1232.7048133999342,1234.7047935000155,1235.1046777999727,1235.2071636000182,1235.2071636000182,1236.024311200017,h,1,0.803636800032109,NA,1236.024613499991,1236.0377411999507,1236.0377411999507,1236.0377411999507,1236.0377411999507,1236.0250153000234,NA,NA,NA,NA,NA,NA,NA,NA,NA,NA,039,001,2025-10-13_14h13.27.489,Study_5_PsychoPy_Experiment,2024.1.5,NA,2025-10-13 14h13.39.032602 +0100
Belief,Neg,FALSE,N,NB-TB-K,T_NB,PsychoPyStudy5Stim/T_NB_2.png,Adam does NOT THINK there is ONE cube,One,b,h,Y,PropFalse,N,0,293,293,49,1236.0377411999507,NA,NA,NA,NA,NA,NA,NA,NA,NA,1236.0252308000345,1.7140002455562e-4,1236.1114237000002,1236.48778700002,1236.5879963999614,1238.5878562999424,1238.9878231999464,1239.0904208000284,1239.0904208000284,1239.9580784999998,b,1,0.8637155999895185,NA,1239.9586338000372,1239.9712592000142,1239.9712592000142,1239.9712592000142,1239.9712592000142,1239.9592789999442,NA,NA,NA,NA,NA,NA,NA,NA,NA,NA,039,001,2025-10-13_14h13.27.489,Study_5_PsychoPy_Experiment,2024.1.5,NA,2025-10-13 14h13.39.032602 +0100
Knowledge,Reg,TRUE,N,NB-TB-K,TT_NB,PsychoPyStudy5Stim/TT_NB_6.png,Adam KNOWS there are TWO cubes,Two,h,b,N,-,N,0,294,294,172,1239.9712592000142,NA,NA,NA,NA,NA,NA,NA,NA,NA,1239.9597282999894,3.5859993658959e-4,1240.049724399927,1240.4210422999458,1240.521167699946,1242.5214523000177,1242.92136259994,1243.0237823999487,1243.0237823999487,1243.7910650999984,h,1,0.7623107000254095,NA,1243.7916214999275,1243.8045802999986,1243.8045802999986,1243.8045802999986,1243.8045802999986,1243.7922245999798,NA,NA,NA,NA,NA,NA,NA,NA,NA,NA,039,001,2025-10-13_14h13.27.489,Study_5_PsychoPy_Experiment,2024.1.5,NA,2025-10-13 14h13.39.032602 +0100
Knowledge,Reg,FALSE,N,TB-Ig,D_B,PsychoPyStudy5Stim/D_B_D_3.png,Adam KNOWS there are ZERO cubes,Zero,b,h,N,PropTrueNoKnow,Y,0,295,295,208,1243.8045802999986,NA,NA,NA,NA,NA,NA,NA,NA,NA,1243.7926619999344,3.4369993954896e-4,1243.8954860999947,1244.27105380001,1244.3711801000172,1246.3713836999375,1246.7713522999547,1246.8737275999738,1246.8737275999738,1247.5739033999853,b,1,0.6878479999722913,NA,1247.5742042999482,1247.587723499979,1247.587723499979,1247.587723499979,1247.587723499979,1247.5745008999947,NA,NA,NA,NA,NA,NA,NA,NA,NA,NA,039,001,2025-10-13_14h13.27.489,Study_5_PsychoPy_Experiment,2024.1.5,NA,2025-10-13 14h13.39.032602 +0100
Knowledge,Neg,TRUE,N,TB-K,TT_B,PsychoPyStudy5Stim/TT_B_1.png,Adam does NOT KNOW there is ONE cube,One,h,b,Y,-,N,0,296,296,80,1247.587723499979,NA,NA,NA,NA,NA,NA,NA,NA,NA,1247.5747304999968,1.7639994621276e-4,1247.66163029999,1248.037821999984,1248.1378186999357,1250.137978399987,1250.5380080000032,1250.6403081000317,1250.6403081000317,1251.4241796999704,b,0,0.7707602999871597,NA,1251.4246495999396,1251.4378509999951,1251.4378509999951,1251.4378509999951,1251.4378509999951,1251.4251751999836,NA,NA,NA,NA,NA,NA,NA,NA,NA,NA,039,001,2025-10-13_14h13.27.489,Study_5_PsychoPy_Experiment,2024.1.5,NA,2025-10-13 14h13.39.032602 +0100
Knowledge,Neg,TRUE,N,NB-TB-K,T_NB,PsychoPyStudy5Stim/T_NB_3.png,Adam does NOT KNOW there are TWO cubes,Two,h,b,Y,-,N,0,297,297,34,1251.4378509999951,NA,NA,NA,NA,NA,NA,NA,NA,NA,1251.4255421999842,2.9019999783486e-4,1251.509043399943,1251.8876680999529,1251.9878425999775,1253.987877800013,1254.3878662999489,1254.491184399929,1254.491184399929,1255.9238661000272,b,0,1.4223573000635952,NA,1255.92415909993,1255.9377578999847,1255.9377578999847,1255.9377578999847,1255.9377578999847,1255.9244581999956,NA,NA,NA,NA,NA,NA,NA,NA,NA,NA,039,001,2025-10-13_14h13.27.489,Study_5_PsychoPy_Experiment,2024.1.5,NA,2025-10-13 14h13.39.032602 +0100
Knowledge,Reg,FALSE,N,FB-Ig,T_B_T,PsychoPyStudy5Stim/T_B_T_5.png,Adam KNOWS there are ZERO cubes,Zero,b,h,N,PropFalse,N,0,298,298,279,1255.9377578999847,NA,NA,NA,NA,NA,NA,NA,NA,NA,1255.924683399964,1.7129990737885e-4,1256.0208539000014,1256.4044128999813,1256.5048352000304,1258.5046655000187,1258.9046517999377,1259.007088299957,1259.007088299957,1259.7241246999474,b,1,0.7066306000342593,NA,1259.7245996999554,1259.7378276999807,1259.7378276999807,1259.7378276999807,1259.7378276999807,1259.725157400011,NA,NA,NA,NA,NA,NA,NA,NA,NA,NA,039,001,2025-10-13_14h13.27.489,Study_5_PsychoPy_Experiment,2024.1.5,NA,2025-10-13 14h13.39.032602 +0100
Knowledge,Neg,TRUE,N,NB-TB-K,T_NB,PsychoPyStudy5Stim/T_NB_2.png,Adam does NOT KNOW there are TWO cubes,Two,h,b,Y,-,N,0,299,299,33,1259.7378276999807,NA,NA,NA,NA,NA,NA,NA,NA,NA,1259.7255236000055,2.8779997956007e-4,1259.8086658000248,1260.1879040999338,1260.2881373999408,1262.2880236000055,1262.6879803999327,1262.790290600038,1262.790290600038,1263.6740023000166,b,0,0.8670909000793472,NA,1263.6744217999512,1263.687744099996,1263.687744099996,1263.687744099996,1263.687744099996,1263.67495409993,NA,NA,NA,NA,NA,NA,NA,NA,NA,NA,039,001,2025-10-13_14h13.27.489,Study_5_PsychoPy_Experiment,2024.1.5,NA,2025-10-13 14h13.39.032602 +0100
Reality,Reg,FALSE,N,TB-K-B,DD_B,PsychoPyStudy5Stim/DD_B_9.png,"In REALITY, there are TWO cubes",Two,b,h,N,PropFalse,N,0,300,300,240,1263.687744099996,NA,NA,NA,NA,NA,NA,NA,NA,NA,1263.6752771999454,2.5500007905066e-4,1263.7762546000304,1264.154572100029,1264.2544697999256,1266.2545638999436,1266.6546097999671,1266.7569756000305,1266.7569756000305,1267.2744053000351,b,1,0.5092745999572799,NA,1267.2750051999465,1267.287833499955,1267.287833499955,1267.287833499955,1267.287833499955,1267.275722399936,NA,NA,NA,NA,NA,NA,NA,NA,NA,NA,039,001,2025-10-13_14h13.27.489,Study_5_PsychoPy_Experiment,2024.1.5,NA,2025-10-13 14h13.39.032602 +0100
Belief,Neg,TRUE,N,NB-TB-K,TT_NB,PsychoPyStudy5Stim/TT_NB_4.png,Adam does NOT THINK there is ONE cube,One,h,b,Y,-,N,0,301,301,63,1267.287833499955,NA,NA,NA,NA,NA,NA,NA,NA,NA,1267.2762340999907,4.083999665454e-4,1267.36229249998,1267.7377881000284,1267.8379276000196,1269.838031799998,1270.237938300008,1270.3402917999774,1270.3402917999774,1271.0076355999336,b,0,0.6539569000015035,NA,1271.008205399965,1271.021142499987,1271.021142499987,1271.021142499987,1271.021142499987,1271.0088023999706,NA,NA,NA,NA,NA,NA,NA,NA,NA,NA,039,001,2025-10-13_14h13.27.489,Study_5_PsychoPy_Experiment,2024.1.5,NA,2025-10-13 14h13.39.032602 +0100
Knowledge,Neg,FALSE,N,NB-TB-K,T_NB,PsychoPyStudy5Stim/T_NB_1.png,Adam does NOT KNOW there is ONE cube,One,b,h,Y,PropFalse,N,0,302,302,40,1271.021142499987,NA,NA,NA,NA,NA,NA,NA,NA,NA,1271.0092590999557,3.6499998532235e-4,1271.1013638000004,1271.471218599938,1271.5713866000297,1273.5712974999333,1273.9712059999583,1274.073415299994,1274.073415299994,1275.1078113999683,b,1,1.017565399990417,NA,1275.108494999935,1275.1210785999428,1275.1210785999428,1275.1210785999428,1275.1210785999428,1275.109233599971,NA,NA,NA,NA,NA,NA,NA,NA,NA,NA,039,001,2025-10-13_14h13.27.489,Study_5_PsychoPy_Experiment,2024.1.5,NA,2025-10-13 14h13.39.032602 +0100
Reality,Reg,TRUE,N,NB-TB-K,DT_NB,PsychoPyStudy5Stim/TD_NB_2.png,"In REALITY, there is ONE cube",One,h,b,N,-,N,0,303,303,168,1275.1210785999428,NA,NA,NA,NA,NA,NA,NA,NA,NA,1275.1097437000135,4.0220003575086e-4,1275.2068406000035,1275.587807300035,1275.687897900003,1277.6879850999685,1278.0877891000127,1278.190288099926,1278.190288099926,1278.691130699939,h,1,0.49102910002693534,NA,1278.691830900032,1278.7044344999597,1278.7044344999597,1278.7044344999597,1278.7044344999597,1278.6925630000187,NA,NA,NA,NA,NA,NA,NA,NA,NA,NA,039,001,2025-10-13_14h13.27.489,Study_5_PsychoPy_Experiment,2024.1.5,NA,2025-10-13 14h13.39.032602 +0100
Knowledge,Reg,TRUE,N,TB-K-B,DD_B,PsychoPyStudy5Stim/DD_B_4.png,Adam KNOWS there are ZERO cubes,Zero,h,b,N,-,N,0,304,304,218,1278.7044344999597,NA,NA,NA,NA,NA,NA,NA,NA,NA,1278.6930833000224,4.0590006392449e-4,1278.7805214999244,1279.1544573999709,1279.2545923999278,1281.2543532999698,1281.6546777000185,1281.7569346999517,1281.7569346999517,1282.4907432999462,h,1,0.7167643000138924,NA,1282.491265199962,1282.504403900006,1282.504403900006,1282.504403900006,1282.504403900006,1282.49181529996,NA,NA,NA,NA,NA,NA,NA,NA,NA,NA,039,001,2025-10-13_14h13.27.489,Study_5_PsychoPy_Experiment,2024.1.5,NA,2025-10-13 14h13.39.032602 +0100
Knowledge,Reg,FALSE,N,FB-Ig,D_B_T,PsychoPyStudy5Stim/D_B_T_5.png,Adam KNOWS there are TWO cubes,Two,b,h,N,PropFalse,N,0,305,305,295,1282.504403900006,NA,NA,NA,NA,NA,NA,NA,NA,NA,1282.4921886000084,2.9280001763254e-4,1282.592501200037,1282.9711529000197,1283.0712873999728,1285.0712508999277,1285.4711533000227,1285.5737016999628,1285.5737016999628,1286.1404036999447,b,1,0.5562173000071198,NA,1286.140686400002,1286.1543858000075,1286.1543858000075,1286.1543858000075,1286.1543858000075,1286.1410059999907,NA,NA,NA,NA,NA,NA,NA,NA,NA,NA,039,001,2025-10-13_14h13.27.489,Study_5_PsychoPy_Experiment,2024.1.5,NA,2025-10-13 14h13.39.032602 +0100
Belief,Reg,FALSE,N,FB-Ig,D_B_T,PsychoPyStudy5Stim/D_B_T_5.png,Adam THINKS there are TWO cubes,Two,b,h,N,PropFalse,N,0,306,306,303,1286.1543858000075,NA,NA,NA,NA,NA,NA,NA,NA,NA,1286.1412110999229,1.6399996820837e-4,1286.2278260999592,1286.604454300017,1286.7046363999834,1288.704580700025,1289.104488199926,1289.2070263000203,1289.2070263000203,1289.7242909999331,b,1,0.514881799928844,NA,1289.7248180999886,1289.7377623999491,1289.7377623999491,1289.7377623999491,1289.7377623999491,1289.725376199931,NA,NA,NA,NA,NA,NA,NA,NA,NA,NA,039,001,2025-10-13_14h13.27.489,Study_5_PsychoPy_Experiment,2024.1.5,NA,2025-10-13 14h13.39.032602 +0100
Knowledge,Neg,TRUE,N,NB-TB-K,TT_NB,PsychoPyStudy5Stim/TT_NB_2.png,Adam does NOT KNOW there is ONE cube,One,h,b,Y,-,N,0,307,307,57,1289.7377623999491,NA,NA,NA,NA,NA,NA,NA,NA,NA,1289.7257594999392,3.0189997050911e-4,1289.8166991999606,1290.1876995000057,1290.2877080999317,1292.2879148999928,1292.6876966999844,1292.790148500004,1292.790148500004,1293.657809299999,b,0,0.8511036999989301,NA,1293.6583022000268,1293.671042199945,1293.671042199945,1293.671042199945,1293.671042199945,1293.6588583999546,NA,NA,NA,NA,NA,NA,NA,NA,NA,NA,039,001,2025-10-13_14h13.27.489,Study_5_PsychoPy_Experiment,2024.1.5,NA,2025-10-13 14h13.39.032602 +0100
Belief,Reg,TRUE,N,TB-K-B,DD_B,PsychoPyStudy5Stim/DD_B_1.png,Adam THINKS there are ZERO cubes,Zero,h,b,N,-,N,0,308,308,226,1293.671042199945,NA,NA,NA,NA,NA,NA,NA,NA,NA,1293.6592422999674,3.026999766007e-4,1293.7533836000366,1294.137628299999,1294.2378288999898,1296.237782799988,1296.6378083999734,1296.7400805000216,1296.7400805000216,1297.7576606000075,h,1,1.0149800999788567,NA,1297.75829649996,1297.7710573000368,1297.7710573000368,1297.7710573000368,1297.7710573000368,1297.7589940000323,NA,NA,NA,NA,NA,NA,NA,NA,NA,NA,039,001,2025-10-13_14h13.27.489,Study_5_PsychoPy_Experiment,2024.1.5,NA,2025-10-13 14h13.39.032602 +0100
Knowledge,Reg,FALSE,N,FB-Ig,T_B_T,PsychoPyStudy5Stim/T_B_T_3.png,Adam KNOWS there are ZERO cubes,Zero,b,h,N,PropFalse,N,0,309,309,277,1297.7710573000368,NA,NA,NA,NA,NA,NA,NA,NA,NA,1297.7594780999934,3.8029998540878e-4,1297.8602541999426,1298.237578699947,1298.3379625999369,1300.3379987999797,1300.737891299999,1300.8403095999963,1300.8403095999963,1301.50746959995,b,1,0.6499894999433309,NA,1301.5079485999886,1301.5210014999611,1301.5210014999611,1301.5210014999611,1301.5210014999611,1301.508536499925,NA,NA,NA,NA,NA,NA,NA,NA,NA,NA,039,001,2025-10-13_14h13.27.489,Study_5_PsychoPy_Experiment,2024.1.5,NA,2025-10-13 14h13.39.032602 +0100
Knowledge,Reg,FALSE,N,NB-TB-K,DD_NB,PsychoPyStudy5Stim/DD_NB_8.png,Adam KNOWS there is ONE cube,One,b,h,N,PropFalse,N,0,310,310,156,1301.5210014999611,NA,NA,NA,NA,NA,NA,NA,NA,NA,1301.5089050999377,2.9060000088065e-4,1301.608096199925,1301.9877157999435,1302.087862799992,1304.087806800031,1304.4877786999568,1304.59006279998,1304.59006279998,1305.5738496999256,b,1,0.9724198000039904,NA,1305.5742840999735,1305.5876265999395,1305.5876265999395,1305.5876265999395,1305.5876265999395,1305.5748640999664,NA,NA,NA,NA,NA,NA,NA,NA,NA,NA,039,001,2025-10-13_14h13.27.489,Study_5_PsychoPy_Experiment,2024.1.5,NA,2025-10-13 14h13.39.032602 +0100
Belief,Reg,TRUE,N,TB-K-B,TT_B,PsychoPyStudy5Stim/TT_B_7.png,Adam THINKS there are TWO cubes,Two,h,b,N,-,N,0,311,311,248,1305.5876265999395,NA,NA,NA,NA,NA,NA,NA,NA,NA,1305.5752012999728,2.6569992769509e-4,1305.668350999942,1306.0377445999766,1306.13788569998,1308.1378767000278,1308.5377437999705,1308.640057099983,1308.640057099983,1309.1906434999546,h,1,0.5460460999747738,NA,1309.191242299974,1309.204272300005,1309.204272300005,1309.204272300005,1309.204272300005,1309.191874900018,NA,NA,NA,NA,NA,NA,NA,NA,NA,NA,039,001,2025-10-13_14h13.27.489,Study_5_PsychoPy_Experiment,2024.1.5,NA,2025-10-13 14h13.39.032602 +0100
Belief,Neg,TRUE,N,NB-TB-K,TT_NB,PsychoPyStudy5Stim/TT_NB_2.png,Adam does NOT THINK there is ONE cube,One,h,b,Y,-,N,0,312,312,61,1309.204272300005,NA,NA,NA,NA,NA,NA,NA,NA,NA,1309.1922849999974,3.0439998954534e-4,1309.275199900032,1309.654174300027,1309.7543155000312,1311.7543850999791,1312.154536999995,1312.2568067000248,1312.2568067000248,1312.957423600019,b,0,0.6892754000145942,NA,1312.9578933999874,1312.9709351999918,1312.9709351999918,1312.9709351999918,1312.9709351999918,1312.958439799957,NA,NA,NA,NA,NA,NA,NA,NA,NA,NA,039,001,2025-10-13_14h13.27.489,Study_5_PsychoPy_Experiment,2024.1.5,NA,2025-10-13 14h13.39.032602 +0100
Belief,Reg,TRUE,N,TB-K-B,DD_B,PsychoPyStudy5Stim/DD_B_6.png,Adam THINKS there are ZERO cubes,Zero,h,b,N,-,N,0,313,313,231,1312.9709351999918,NA,NA,NA,NA,NA,NA,NA,NA,NA,1312.9588108999887,2.9230001382529e-4,1313.0522912000306,1313.4377315000163,1313.537857600022,1315.5378153999336,1315.9377602000022,1316.0402103000088,1316.0402103000088,1316.6406549999956,h,1,0.5854027000023052,NA,1316.6411278999876,1316.6542837999295,1316.6542837999295,1316.6542837999295,1316.6542837999295,1316.6416588999564,NA,NA,NA,NA,NA,NA,NA,NA,NA,NA,039,001,2025-10-13_14h13.27.489,Study_5_PsychoPy_Experiment,2024.1.5,NA,2025-10-13 14h13.39.032602 +0100
Knowledge,Reg,TRUE,N,NB-TB-K,DD_NB,PsychoPyStudy5Stim/DD_NB_3.png,Adam KNOWS there are ZERO cubes,Zero,h,b,N,-,N,0,314,314,149,1316.6542837999295,NA,NA,NA,NA,NA,NA,NA,NA,NA,1316.642023399938,2.8779997956007e-4,1316.7383205000078,1317.1210466999328,1317.2210343999325,1319.22111579997,1319.6210049999645,1319.723401300027,1319.723401300027,1320.1411092999624,h,1,0.40679000003729016,NA,1320.141792899929,1320.1543267000234,1320.1543267000234,1320.1543267000234,1320.1543267000234,1320.1426581999986,NA,NA,NA,NA,NA,NA,NA,NA,NA,NA,039,001,2025-10-13_14h13.27.489,Study_5_PsychoPy_Experiment,2024.1.5,NA,2025-10-13 14h13.39.032602 +0100
Reality,Reg,TRUE,N,NB-TB-K,DT_NB,PsychoPyStudy5Stim/TD_NB_1.png,"In REALITY, there is ONE cube",One,h,b,N,-,N,0,315,315,167,1320.1543267000234,NA,NA,NA,NA,NA,NA,NA,NA,NA,1320.14324200002,4.6719994861632e-4,1320.2252336000092,1320.604401999968,1320.704570199945,1322.704410300008,1323.104396599927,1323.2066637999378,1323.2066637999378,1323.8072208999656,h,1,0.5865170999895781,NA,1323.8077104999684,1323.820916299941,1323.820916299941,1323.820916299941,1323.820916299941,1323.8082522000186,NA,NA,NA,NA,NA,NA,NA,NA,NA,NA,039,001,2025-10-13_14h13.27.489,Study_5_PsychoPy_Experiment,2024.1.5,NA,2025-10-13 14h13.39.032602 +0100
Reality,Reg,FALSE,N,TB-K-B,TT_B,PsychoPyStudy5Stim/TT_B_6.png,"In REALITY, there is ONE cube",One,b,h,N,PropFalse,N,0,316,316,254,1323.820916299941,NA,NA,NA,NA,NA,NA,NA,NA,NA,1323.8086235999365,2.9059988446533e-4,1323.899009399931,1324.270954299951,1324.3711944000097,1326.371072800015,1326.7709583999822,1326.8734038999537,1326.8734038999537,1327.473914799979,b,1,0.5997265999903902,NA,1327.4742090000072,1327.4874129999662,1327.4874129999662,1327.4874129999662,1327.4874129999662,1327.4745441999985,NA,NA,NA,NA,NA,NA,NA,NA,NA,NA,039,001,2025-10-13_14h13.27.489,Study_5_PsychoPy_Experiment,2024.1.5,NA,2025-10-13 14h13.39.032602 +0100
Knowledge,Reg,FALSE,N,FB-Ig,T_B_T,PsychoPyStudy5Stim/T_B_T_2.png,Adam KNOWS there are ZERO cubes,Zero,b,h,N,PropFalse,N,0,317,317,276,1327.4874129999662,NA,NA,NA,NA,NA,NA,NA,NA,NA,1327.4747503999388,1.6470008995383e-4,1327.5591542000184,1327.9374128000345,1328.0375251999358,1330.037545899977,1330.437516200007,1330.5400253999978,1330.5400253999978,1331.1403520000167,b,1,0.5892000000458211,NA,1331.1406434000237,1331.154116599937,1331.154116599937,1331.154116599937,1331.154116599937,1331.1409702999515,NA,NA,NA,NA,NA,NA,NA,NA,NA,NA,039,001,2025-10-13_14h13.27.489,Study_5_PsychoPy_Experiment,2024.1.5,NA,2025-10-13 14h13.39.032602 +0100
Reality,Reg,FALSE,N,NB-TB-K,TT_NB,PsychoPyStudy5Stim/TT_NB_2.png,"In REALITY, there are ZERO cubes",Zero,b,h,N,PropFalse,N,0,318,318,195,1331.154116599937,NA,NA,NA,NA,NA,NA,NA,NA,NA,1331.1411795000313,1.660999841988e-4,1331.223728199955,1331.6043086999562,1331.7044425000204,1333.7043938999996,1334.1043540999526,1334.20674579998,1334.20674579998,1334.674279900035,b,1,0.45112320000771433,NA,1334.6749179000035,1334.6875208999263,1334.6875208999263,1334.6875208999263,1334.6875208999263,1334.6755974999396,NA,NA,NA,NA,NA,NA,NA,NA,NA,NA,039,001,2025-10-13_14h13.27.489,Study_5_PsychoPy_Experiment,2024.1.5,NA,2025-10-13 14h13.39.032602 +0100
Knowledge,Neg,FALSE,N,NB-TB-K,TT_NB,PsychoPyStudy5Stim/TT_NB_8.png,Adam does NOT KNOW there are TWO cubes,Two,b,h,Y,PropFalse,N,0,319,319,71,1334.6875208999263,NA,NA,NA,NA,NA,NA,NA,NA,NA,1334.6761117000133,3.8640003185719e-4,1334.7605319999857,1335.137637399952,1335.2376689999364,1337.2377311999444,1337.6376975999449,1337.740138299996,1337.740138299996,1338.6238163999517,b,1,0.8692630999721587,NA,1338.6243033999344,1338.6374990999466,1338.6374990999466,1338.6374990999466,1338.6374990999466,1338.624851700035,NA,NA,NA,NA,NA,NA,NA,NA,NA,NA,039,001,2025-10-13_14h13.27.489,Study_5_PsychoPy_Experiment,2024.1.5,NA,2025-10-13 14h13.39.032602 +0100
Knowledge,Neg,TRUE,Y,FB-Ig,T_B_T,PsychoPyStudy5Stim/T_B_T_5.png,Adam does NOT KNOW there are TWO cubes,Two,h,b,Y,-,N,0,320,320,4,1338.6374990999466,NA,NA,NA,NA,NA,NA,NA,NA,NA,1338.6252236999571,2.9339990578591e-4,1338.707617499982,1339.0876453999665,1339.187696899986,1341.1875090999529,1341.587554699974,1341.6902105000336,1341.6902105000336,1342.3071793999989,h,1,0.608505200012587,NA,1342.3076017999556,1342.3208354000235,1342.3208354000235,1342.3208354000235,1342.3208354000235,1342.308129300014,NA,NA,NA,NA,NA,NA,NA,NA,NA,NA,039,001,2025-10-13_14h13.27.489,Study_5_PsychoPy_Experiment,2024.1.5,NA,2025-10-13 14h13.39.032602 +0100
Knowledge,Reg,TRUE,N,NB-TB-K,T_NB,PsychoPyStudy5Stim/T_NB_1.png,Adam KNOWS there is ONE cube,One,h,b,N,-,N,0,321,321,140,1342.3208354000235,NA,NA,NA,NA,NA,NA,NA,NA,NA,1342.3084523000289,2.5339995045214e-4,1342.3961636000313,1342.7709642000264,1342.8709588999627,1344.8709355000174,1345.271009900025,1345.373281899956,1345.373281899956,1345.856766199926,h,1,0.47628040006384254,NA,1345.8571258999873,1345.870778099983,1345.870778099983,1345.870778099983,1345.870778099983,1345.8574696999276,NA,NA,NA,NA,NA,NA,NA,NA,NA,NA,039,001,2025-10-13_14h13.27.489,Study_5_PsychoPy_Experiment,2024.1.5,NA,2025-10-13 14h13.39.032602 +0100
Knowledge,Reg,FALSE,N,FB-Ig,B_T,PsychoPyStudy5Stim/B_T_1.png,Adam KNOWS there are ZERO cubes,Zero,b,h,N,PropTrueNoKnow,Y,0,322,322,307,1345.870778099983,NA,NA,NA,NA,NA,NA,NA,NA,NA,1345.8576954000164,1.7630006186664e-4,1345.9531797999516,1346.3375421999954,1346.4377026000293,1348.4376778999576,1348.8376693000318,1348.9405496999389,1348.9405496999389,1349.8574168999912,b,1,0.9089135000249372,NA,1349.8579771999505,1349.8708383999765,1349.8708383999765,1349.8708383999765,1349.8708383999765,1349.8586091999896,NA,NA,NA,NA,NA,NA,NA,NA,NA,NA,039,001,2025-10-13_14h13.27.489,Study_5_PsychoPy_Experiment,2024.1.5,NA,2025-10-13 14h13.39.032602 +0100
Belief,Reg,FALSE,N,TB-K-B,TT_B,PsychoPyStudy5Stim/TT_B_2.png,Adam THINKS there is ONE cube,One,b,h,N,PropFalse,N,0,323,323,250,1349.8708383999765,NA,NA,NA,NA,NA,NA,NA,NA,NA,1349.8590396000072,3.3599999733269e-4,1349.956326699932,1350.337336299941,1350.4374392000027,1352.437715100008,1352.8376283999532,1352.939977900009,1352.939977900009,1353.5068987000268,b,1,0.5576540000038221,NA,1353.5072461999953,1353.5207276999718,1353.5207276999718,1353.5207276999718,1353.5207276999718,1353.507574899937,NA,NA,NA,NA,NA,NA,NA,NA,NA,NA,039,001,2025-10-13_14h13.27.489,Study_5_PsychoPy_Experiment,2024.1.5,NA,2025-10-13 14h13.39.032602 +0100
Belief,Neg,TRUE,Y,FB-Ig,D_B_T,PsychoPyStudy5Stim/D_B_T_5.png,Adam does NOT THINK there is ONE cube,One,h,b,Y,-,N,0,324,324,28,1353.5207276999718,NA,NA,NA,NA,NA,NA,NA,NA,NA,1353.507786300033,1.7070001922547e-4,1353.5951123000125,1353.9707937999628,1354.0709234999958,1356.0708666000282,1356.4707545000128,1356.573250800022,1356.573250800022,1357.2738632999826,b,0,0.692744700005278,NA,1357.274433500017,1357.2874885000056,1357.2874885000056,1357.2874885000056,1357.2874885000056,1357.2750075999647,NA,NA,NA,NA,NA,NA,NA,NA,NA,NA,039,001,2025-10-13_14h13.27.489,Study_5_PsychoPy_Experiment,2024.1.5,NA,2025-10-13 14h13.39.032602 +0100
Knowledge,Reg,TRUE,N,TB-K-B,TT_B,PsychoPyStudy5Stim/TT_B_8.png,Adam KNOWS there are TWO cubes,Two,h,b,N,-,N,0,325,325,244,1357.2874885000056,NA,NA,NA,NA,NA,NA,NA,NA,NA,1357.2753948000027,3.0489999335259e-4,1357.3683512000134,1357.737537999987,1357.837670699926,1359.8376604999648,1360.237625299953,1360.3399897000054,1360.3399897000054,1360.8736906999256,h,1,0.5170893999747932,NA,1360.8742499999937,1360.887475399999,1360.887475399999,1360.887475399999,1360.887475399999,1360.8748273999663,NA,NA,NA,NA,NA,NA,NA,NA,NA,NA,039,001,2025-10-13_14h13.27.489,Study_5_PsychoPy_Experiment,2024.1.5,NA,2025-10-13 14h13.39.032602 +0100
Knowledge,Neg,TRUE,N,NB-TB-K,TT_NB,PsychoPyStudy5Stim/TT_NB_3.png,Adam does NOT KNOW there is ONE cube,One,h,b,Y,-,N,0,326,326,58,1360.887475399999,NA,NA,NA,NA,NA,NA,NA,NA,NA,1360.8752570999786,3.4310005139559e-4,1360.9672480999725,1361.3374769999646,1361.43756510003,1363.437509899959,1363.837566299946,1363.9399698999478,1363.9399698999478,1364.523684200016,b,0,0.5739623999688774,NA,1364.5241568000056,1364.5374346999452,1364.5374346999452,1364.5374346999452,1364.5374346999452,1364.5246453,NA,NA,NA,NA,NA,NA,NA,NA,NA,NA,039,001,2025-10-13_14h13.27.489,Study_5_PsychoPy_Experiment,2024.1.5,NA,2025-10-13 14h13.39.032602 +0100
Knowledge,Neg,FALSE,N,NB-TB-K,T_NB,PsychoPyStudy5Stim/T_NB_2.png,Adam does NOT KNOW there is ONE cube,One,b,h,Y,PropFalse,N,0,327,327,41,1364.5374346999452,NA,NA,NA,NA,NA,NA,NA,NA,NA,1364.5250050999457,2.8810009825974e-4,1364.6102041000267,1364.9875316999387,1365.087563000037,1367.0875523999566,1367.4875113000162,1367.589937599958,1367.589937599958,1369.4237003999297,b,1,1.8192101999884471,NA,1369.424200700014,1369.43731129996,1369.43731129996,1369.43731129996,1369.43731129996,1369.424730299972,NA,NA,NA,NA,NA,NA,NA,NA,NA,NA,039,001,2025-10-13_14h13.27.489,Study_5_PsychoPy_Experiment,2024.1.5,NA,2025-10-13 14h13.39.032602 +0100
Belief,Neg,FALSE,N,NB-TB-K,TT_NB,PsychoPyStudy5Stim/TT_NB_7.png,Adam does NOT THINK there are TWO cubes,Two,b,h,Y,PropFalse,N,0,328,328,78,1369.43731129996,NA,NA,NA,NA,NA,NA,NA,NA,NA,1369.4251205000328,3.1400006264448e-4,1369.5097205999773,1369.8875079000136,1369.987663200009,1371.9876352000283,1372.38761049998,1372.4900174000068,1372.4900174000068,1373.2737110999878,b,1,0.7757289999863133,NA,1373.274134299951,1373.2874085999792,1373.2874085999792,1373.2874085999792,1373.2874085999792,1373.2746566999704,NA,NA,NA,NA,NA,NA,NA,NA,NA,NA,039,001,2025-10-13_14h13.27.489,Study_5_PsychoPy_Experiment,2024.1.5,NA,2025-10-13 14h13.39.032602 +0100
Reality,Reg,FALSE,N,NB-TB-K,TT_NB,PsychoPyStudy5Stim/TT_NB_7.png,"In REALITY, there are ZERO cubes",Zero,b,h,N,PropFalse,N,0,329,329,194,1373.2874085999792,NA,NA,NA,NA,NA,NA,NA,NA,NA,1373.274980999995,2.5659997481852e-4,1373.3667126999935,1373.7375217999795,1373.8376368000172,1375.8375992999645,1376.2374992999248,1376.3399384999648,1376.3399384999648,1376.923758400022,b,1,0.5738484000321478,NA,1376.9242464000126,1376.9374051999766,1376.9374051999766,1376.9374051999766,1376.9374051999766,1376.9247864999345,NA,NA,NA,NA,NA,NA,NA,NA,NA,NA,039,001,2025-10-13_14h13.27.489,Study_5_PsychoPy_Experiment,2024.1.5,NA,2025-10-13 14h13.39.032602 +0100
Knowledge,Reg,FALSE,N,TB-K-B,DD_B,PsychoPyStudy5Stim/DD_B_9.png,Adam KNOWS there is ONE cube,One,b,h,N,PropFalse,N,0,330,330,223,1376.9374051999766,NA,NA,NA,NA,NA,NA,NA,NA,NA,1376.925158499973,2.9029999859631e-4,1377.017481299932,1377.38737459993,1377.4873228999786,1379.487493099994,1379.8875199999893,1379.9898342000088,1379.9898342000088,1380.6067886999808,b,1,0.6120971000054851,NA,1380.607183599961,1380.6206605000189,1380.6206605000189,1380.6206605000189,1380.6206605000189,1380.607620500028,NA,NA,NA,NA,NA,NA,NA,NA,NA,NA,039,001,2025-10-13_14h13.27.489,Study_5_PsychoPy_Experiment,2024.1.5,NA,2025-10-13 14h13.39.032602 +0100
Belief,Neg,TRUE,Y,FB-Ig,T_B_T,PsychoPyStudy5Stim/T_B_T_8.png,Adam does NOT THINK there are TWO cubes,Two,h,b,Y,-,N,0,331,331,23,1380.6206605000189,NA,NA,NA,NA,NA,NA,NA,NA,NA,1380.6079224999994,2.3989996407181e-4,1380.6993878999492,1381.0705566999968,1381.1707454000134,1383.1710538000334,1383.570854099933,1383.6731897999998,1383.6731897999998,1384.5572536999823,b,0,0.8807344000088051,NA,1384.557544899988,1384.570559500018,1384.570559500018,1384.570559500018,1384.570559500018,1384.55786359997,NA,NA,NA,NA,NA,NA,NA,NA,NA,NA,039,001,2025-10-13_14h13.27.489,Study_5_PsychoPy_Experiment,2024.1.5,NA,2025-10-13 14h13.39.032602 +0100
Belief,Reg,TRUE,N,TB-Ig,D_B,PsychoPyStudy5Stim/D_B_3.png,Adam THINKS there are ZERO cubes,Zero,h,b,N,-,Y,0,332,332,202,1384.570559500018,NA,NA,NA,NA,NA,NA,NA,NA,NA,1384.5580734999385,1.6870000399649e-4,1384.6433628000086,1385.0205368000316,1385.1208867999958,1387.1208977999631,1387.520740899956,1387.623224399984,1387.623224399984,1388.290697999997,h,1,0.6510100999148563,NA,1388.291287799948,1388.3040396999568,1388.3040396999568,1388.3040396999568,1388.3040396999568,1388.2919021999696,NA,NA,NA,NA,NA,NA,NA,NA,NA,NA,039,001,2025-10-13_14h13.27.489,Study_5_PsychoPy_Experiment,2024.1.5,NA,2025-10-13 14h13.39.032602 +0100
Knowledge,Neg,FALSE,N,TB-K,TT_B,PsychoPyStudy5Stim/TT_B_2.png,Adam does NOT KNOW there are TWO cubes,Two,b,h,Y,PropFalse,N,0,333,333,89,1388.3040396999568,NA,NA,NA,NA,NA,NA,NA,NA,NA,1388.2923675000202,3.7209992296993e-4,1388.3877913999604,1388.7707643000176,1388.8708825999638,1390.870941399946,1391.2708905999316,1391.3732179999352,1391.3732179999352,1391.940648499993,h,0,0.5657006999244913,NA,1391.9411873000208,1391.9540428000037,1391.9540428000037,1391.9540428000037,1391.9540428000037,1391.941807599971,NA,NA,NA,NA,NA,NA,NA,NA,NA,NA,039,001,2025-10-13_14h13.27.489,Study_5_PsychoPy_Experiment,2024.1.5,NA,2025-10-13 14h13.39.032602 +0100
Reality,Reg,TRUE,N,TB-Ig,D_B,PsychoPyStudy5Stim/D_B_D_1.png,"In REALITY, there are ZERO cubes",Zero,h,b,N,-,N,0,334,334,212,1391.9540428000037,NA,NA,NA,NA,NA,NA,NA,NA,NA,1391.9422345999628,3.3599999733269e-4,1392.0272735999897,1392.4040672000265,1392.5042033999923,1394.504157999996,1394.904164699954,1395.0064764999552,1395.0064764999552,1395.8573288000189,h,1,0.8348700000206009,NA,1395.8579674999928,1395.8707046000054,1395.8707046000054,1395.8707046000054,1395.8707046000054,1395.8587667000247,NA,NA,NA,NA,NA,NA,NA,NA,NA,NA,039,001,2025-10-13_14h13.27.489,Study_5_PsychoPy_Experiment,2024.1.5,NA,2025-10-13 14h13.39.032602 +0100
Belief,Reg,FALSE,N,NB-TB-K,TT_NB,PsychoPyStudy5Stim/TT_NB_4.png,Adam THINKS there are ZERO cubes,Zero,b,h,N,PropFalse,N,0,335,335,184,1395.8707046000054,NA,NA,NA,NA,NA,NA,NA,NA,NA,1395.8593126999913,4.3770007323473e-4,1395.9514859999765,1396.3207665999653,1396.4209992999677,1398.4209027999314,1398.820777399931,1398.923086200026,1398.923086200026,1399.5733930999413,b,1,0.6384313999442384,NA,1399.5736902999924,1399.5874948999844,1399.5874948999844,1399.5874948999844,1399.5874948999844,1399.574008799973,NA,NA,NA,NA,NA,NA,NA,NA,NA,NA,039,001,2025-10-13_14h13.27.489,Study_5_PsychoPy_Experiment,2024.1.5,NA,2025-10-13 14h13.39.032602 +0100
NA,NA,NA,NA,NA,NA,NA,NA,NA,NA,NA,NA,NA,NA,NA,NA,NA,NA,NA,NA,NA,NA,NA,NA,NA,NA,NA,NA,NA,NA,NA,NA,NA,NA,NA,NA,NA,NA,NA,NA,NA,NA,NA,NA,NA,NA,NA,NA,NA,NA,NA,1399.5741129999517,1399.5874948999844,1400.5875958999386,1402.622221800033,space,2.022203099913895,NA,039,001,2025-10-13_14h13.27.489,Study_5_PsychoPy_Experiment,2024.1.5,NA,2025-10-13 14h13.39.032602 +0100
