Statement_Type,Reg_Neg,Truth_Value,Experimental,Scenario,Stimuli_Type,Stimulus,Statement,Statement_Number,CorAnsOdd,CorAnsEven,Barrier,Why_False,Check_Trial,Exp_Trial.thisRepN,Exp_Trial.thisTrialN,Exp_Trial.thisN,Exp_Trial.thisIndex,thisRow.t,notes,Exp_Intro.started,Exp_Intro_Text.started,Exp_Intro_Press_SPACE_Text.started,Exp_Intro_Press_SPACE.started,Exp_Intro.stopped,Exp_Intro_Press_SPACE.keys,Exp_Intro_Press_SPACE.rt,Exp_Intro_Press_SPACE.duration,Exp_Routine.started,Exp_Routine_ISI.started,Exp_Routine_Statement_Primer.started,Exp_Routine_Statement_Primer.stopped,Exp_Routine_Statement.started,Exp_Routine_Image_Primer.started,Exp_Routine_Image_Primer.stopped,Exp_Routine_Image.started,Exp_Routine_Key_Resp.started,Exp_Routine.stopped,Exp_Routine_Key_Resp.keys,Exp_Routine_Key_Resp.corr,Exp_Routine_Key_Resp.rt,Exp_Routine_Key_Resp.duration,Break.started,Break_Text.started,Break_Text.stopped,Break_Key_Resp.started,Break_Key_Resp.stopped,Break.stopped,Break_Key_Resp.keys,Break_Key_Resp.rt,Break_Key_Resp.duration,Exp_End.started,Exp_End_Text.started,Exp_End_Key_Resp.started,Exp_End.stopped,Exp_End_Key_Resp.keys,Exp_End_Key_Resp.rt,Exp_End_Key_Resp.duration,participant,session,date,expName,psychopyVersion,frameRate,expStart
NA,NA,NA,NA,NA,NA,NA,NA,NA,NA,NA,NA,NA,NA,NA,NA,NA,NA,NA,NA,0.0028367000631988,0.02515450003556907,2.008155999938026,2.008155999938026,24.76414159988053,space,22.734564100159332,NA,NA,NA,NA,NA,NA,NA,NA,NA,NA,NA,NA,NA,NA,NA,NA,NA,NA,NA,NA,NA,NA,NA,NA,NA,NA,NA,NA,NA,NA,NA,016,001,2025-10-03_09h47.45.683,Study_5_PsychoPy_Experiment,2024.1.5,NA,2025-10-03 09h48.00.347273 +0100
Belief,Neg,FALSE,N,TB-K,TD_B,PsychoPyStudy5Stim/TD_B_2.png,Adam does NOT THINK there is ONE cube,One,b,h,Y,PropFalse,N,0,0,0,121,24.88308469997719,NA,NA,NA,NA,NA,NA,NA,NA,NA,24.879985200008377,0.11586799984797835,24.95918820006773,25.340591199928895,25.440741800004616,27.44093620008789,27.840914899948984,27.9582483000122,27.9582483000122,33.54355699988082,h,1,5.56905599986203,NA,33.54498689994216,33.557303299894556,33.557303299894556,33.557303299894556,33.557303299894556,33.545652699889615,NA,NA,NA,NA,NA,NA,NA,NA,NA,NA,016,001,2025-10-03_09h47.45.683,Study_5_PsychoPy_Experiment,2024.1.5,NA,2025-10-03 09h48.00.347273 +0100
Knowledge,Neg,TRUE,N,NB-TB-K,T_NB,PsychoPyStudy5Stim/T_NB_4.png,Adam does NOT KNOW there are TWO cubes,Two,h,b,Y,-,N,0,1,1,35,33.557303299894556,NA,NA,NA,NA,NA,NA,NA,NA,NA,33.54657940007746,3.6630011163651e-4,33.638797299936414,34.024198699975386,34.12440890003927,36.12427580007352,36.52425649994984,36.6262274000328,36.6262274000328,44.7769800000824,h,0,8.149553299881518,NA,44.77749620005488,44.79067789996043,44.79067789996043,44.79067789996043,44.79067789996043,44.77809379994869,NA,NA,NA,NA,NA,NA,NA,NA,NA,NA,016,001,2025-10-03_09h47.45.683,Study_5_PsychoPy_Experiment,2024.1.5,NA,2025-10-03 09h48.00.347273 +0100
Knowledge,Neg,FALSE,N,NB-TB-K,TT_NB,PsychoPyStudy5Stim/TT_NB_8.png,Adam does NOT KNOW there are TWO cubes,Two,b,h,Y,PropFalse,N,0,2,2,71,44.79067789996043,NA,NA,NA,NA,NA,NA,NA,NA,NA,44.778470600023866,2.957999240607e-4,44.86700930004008,45.24079339997843,45.34088469995186,47.34072469989769,47.74084040010348,47.842872499953955,47.842872499953955,51.86003049998544,h,1,4.004153199959546,NA,51.86051949998364,51.87387500004843,51.87387500004843,51.87387500004843,51.87387500004843,51.86102070007473,NA,NA,NA,NA,NA,NA,NA,NA,NA,NA,016,001,2025-10-03_09h47.45.683,Study_5_PsychoPy_Experiment,2024.1.5,NA,2025-10-03 09h48.00.347273 +0100
Belief,Reg,FALSE,N,TB-K-B,TD_B,PsychoPyStudy5Stim/TD_B_1.png,Adam THINKS there are ZERO cubes,Zero,b,h,N,PropFalse,N,0,3,3,263,51.87387500004843,NA,NA,NA,NA,NA,NA,NA,NA,NA,51.861395000014454,2.9310001991689e-4,51.9502586000599,52.323902199976146,52.42430269997567,54.424101300071925,54.824089099885896,54.92600669991225,54.92600669991225,56.3426789001096,h,1,1.4006019001826644,NA,56.34297170001082,56.357271400047466,56.357271400047466,56.357271400047466,56.357271400047466,56.34329200000502,NA,NA,NA,NA,NA,NA,NA,NA,NA,NA,016,001,2025-10-03_09h47.45.683,Study_5_PsychoPy_Experiment,2024.1.5,NA,2025-10-03 09h48.00.347273 +0100
Reality,Reg,TRUE,N,TB-K-B,TT_B,PsychoPyStudy5Stim/TT_B_3.png,"In REALITY, there are TWO cubes",Two,h,b,N,-,N,0,4,4,251,56.357271400047466,NA,NA,NA,NA,NA,NA,NA,NA,NA,56.343500199960545,1.6560009680688e-4,56.43305830005556,56.8073837000411,56.9075523999054,58.907352099893615,59.30741719994694,59.40946640004404,59.40946640004404,60.7768443999812,b,1,1.3577939998358488,NA,60.77750300010666,60.79067669995129,60.79067669995129,60.79067669995129,60.79067669995129,60.77819800004363,NA,NA,NA,NA,NA,NA,NA,NA,NA,NA,016,001,2025-10-03_09h47.45.683,Study_5_PsychoPy_Experiment,2024.1.5,NA,2025-10-03 09h48.00.347273 +0100
Belief,Neg,FALSE,N,NB-TB-K,T_NB,PsychoPyStudy5Stim/T_NB_7.png,Adam does NOT THINK there is ONE cube,One,b,h,Y,PropFalse,N,0,5,5,54,60.79067669995129,NA,NA,NA,NA,NA,NA,NA,NA,NA,60.77868569991551,3.8120010867714e-4,60.87405600002967,61.257402499904856,61.35751089989208,63.35748280002736,63.75739539996721,63.85926959989592,63.85926959989592,69.41010709991679,h,1,5.539727499941364,NA,69.41067910008132,69.42394339991733,69.42394339991733,69.42394339991733,69.42394339991733,69.41130329994485,NA,NA,NA,NA,NA,NA,NA,NA,NA,NA,016,001,2025-10-03_09h47.45.683,Study_5_PsychoPy_Experiment,2024.1.5,NA,2025-10-03 09h48.00.347273 +0100
Knowledge,Neg,FALSE,N,TB-K,TT_B,PsychoPyStudy5Stim/TT_B_5.png,Adam does NOT KNOW there are TWO cubes,Two,b,h,Y,PropFalse,N,0,6,6,92,69.42394339991733,NA,NA,NA,NA,NA,NA,NA,NA,NA,69.41174090001732,3.4110015258193e-4,69.50398740009405,69.87372380006127,69.97391390008852,71.97411289997399,72.37394449999556,72.4760783999227,72.4760783999227,77.14331849990413,h,1,4.658309599850327,NA,77.14382070000283,77.15724269999191,77.15724269999191,77.15724269999191,77.15724269999191,77.14439209992997,NA,NA,NA,NA,NA,NA,NA,NA,NA,NA,016,001,2025-10-03_09h47.45.683,Study_5_PsychoPy_Experiment,2024.1.5,NA,2025-10-03 09h48.00.347273 +0100
Knowledge,Neg,FALSE,N,TB-K,TD_B,PsychoPyStudy5Stim/TD_B_2.png,Adam does NOT KNOW there is ONE cube,One,b,h,Y,PropFalse,N,0,7,7,113,77.15724269999191,NA,NA,NA,NA,NA,NA,NA,NA,NA,77.14476720010862,2.9480014927685e-4,77.23703319998458,77.60707339993678,77.70719849993475,79.70742659992538,80.10743859992363,80.20936900004745,80.20936900004745,85.49262950010598,h,1,5.276939400006086,NA,85.49293709988706,85.50706070009619,85.50706070009619,85.50706070009619,85.50706070009619,85.49323850008659,NA,NA,NA,NA,NA,NA,NA,NA,NA,NA,016,001,2025-10-03_09h47.45.683,Study_5_PsychoPy_Experiment,2024.1.5,NA,2025-10-03 09h48.00.347273 +0100
Knowledge,Reg,FALSE,N,FB-Ig,T_B_T,PsychoPyStudy5Stim/T_B_T_2.png,Adam KNOWS there are ZERO cubes,Zero,b,h,N,PropFalse,N,0,8,8,276,85.50706070009619,NA,NA,NA,NA,NA,NA,NA,NA,NA,85.4934509000741,1.6950001008808e-4,85.5929447999224,85.9737080000341,86.0739221998956,88.07398739992641,88.47400410007685,88.57590109994635,88.57590109994635,90.86204020003788,h,1,2.279015599982813,NA,90.8632982999552,90.87410190002991,90.87410190002991,90.87410190002991,90.87410190002991,90.86467709997667,NA,NA,NA,NA,NA,NA,NA,NA,NA,NA,016,001,2025-10-03_09h47.45.683,Study_5_PsychoPy_Experiment,2024.1.5,NA,2025-10-03 09h48.00.347273 +0100
Belief,Reg,FALSE,N,NB-TB-K,TT_NB,PsychoPyStudy5Stim/TT_NB_7.png,Adam THINKS there are ZERO cubes,Zero,b,h,N,PropFalse,N,0,9,9,187,90.87410190002991,NA,NA,NA,NA,NA,NA,NA,NA,NA,90.86570039996876,8.0609996803104e-4,90.9517455000896,91.3236831999384,91.42380069987848,93.42401450010948,93.82401020010002,93.92586639989167,93.92586639989167,95.99355940008536,h,1,2.057370299939066,NA,95.994253099896,96.00721849990076,96.00721849990076,96.00721849990076,96.00721849990076,95.9949771000538,NA,NA,NA,NA,NA,NA,NA,NA,NA,NA,016,001,2025-10-03_09h47.45.683,Study_5_PsychoPy_Experiment,2024.1.5,NA,2025-10-03 09h48.00.347273 +0100
Knowledge,Reg,FALSE,N,TB-K-B,TT_B,PsychoPyStudy5Stim/TT_B_1.png,Adam KNOWS there is ONE cube,One,b,h,N,PropFalse,N,0,10,10,245,96.00721849990076,NA,NA,NA,NA,NA,NA,NA,NA,NA,95.99552850006148,4.1000009514391e-4,96.08528380002826,96.45700259995648,96.55708570010027,98.55725790001452,98.95724170003086,99.05943850008772,99.05943850008772,105.776649300009,h,1,6.715888600097969,NA,105.77720290003344,105.79049549996851,105.79049549996851,105.79049549996851,105.79049549996851,105.77776709990576,NA,NA,NA,NA,NA,NA,NA,NA,NA,NA,016,001,2025-10-03_09h47.45.683,Study_5_PsychoPy_Experiment,2024.1.5,NA,2025-10-03 09h48.00.347273 +0100
Reality,Reg,TRUE,N,NB-TB-K,DD_NB,PsychoPyStudy5Stim/DD_NB_4.png,"In REALITY, there are ZERO cubes",Zero,h,b,N,-,N,0,11,11,160,105.79049549996851,NA,NA,NA,NA,NA,NA,NA,NA,NA,105.77819249988534,3.4109991975128e-4,105.86769129987806,106.2403061001096,106.34039080003276,108.34064060007222,108.74061360000633,108.84257690003142,108.84257690003142,110.09328559995627,b,1,1.244019400095567,NA,110.0938820000738,110.10718040005304,110.10718040005304,110.10718040005304,110.10718040005304,110.0945377999451,NA,NA,NA,NA,NA,NA,NA,NA,NA,NA,016,001,2025-10-03_09h47.45.683,Study_5_PsychoPy_Experiment,2024.1.5,NA,2025-10-03 09h48.00.347273 +0100
Knowledge,Neg,TRUE,Y,FB-Ig,D_B_T,PsychoPyStudy5Stim/D_B_T_4.png,Adam does NOT KNOW there is ONE cube,One,h,b,Y,-,N,0,12,12,11,110.10718040005304,NA,NA,NA,NA,NA,NA,NA,NA,NA,110.09498779987916,3.5380013287067e-4,110.19527609995566,110.57368770008908,110.67371929995716,112.67406190000474,113.07395399990492,113.17579640005717,113.17579640005717,119.67659760010427,b,1,6.486073299776763,NA,119.67690770002082,119.6902755999472,119.6902755999472,119.6902755999472,119.6902755999472,119.67726580007002,NA,NA,NA,NA,NA,NA,NA,NA,NA,NA,016,001,2025-10-03_09h47.45.683,Study_5_PsychoPy_Experiment,2024.1.5,NA,2025-10-03 09h48.00.347273 +0100
Knowledge,Neg,TRUE,N,TB-K,TT_B,PsychoPyStudy5Stim/TT_B_4.png,Adam does NOT KNOW there is ONE cube,One,h,b,Y,-,N,0,13,13,83,119.6902755999472,NA,NA,NA,NA,NA,NA,NA,NA,NA,119.6774975999724,1.8729991279542e-4,119.7622529999353,120.14025719999336,120.24040469992906,122.24041499989109,122.6403755999636,122.74273560009895,122.74273560009895,136.6267097000964,b,1,13.87149200006388,NA,136.6274067000486,136.6404095001053,136.6404095001053,136.6404095001053,136.6404095001053,136.62815169990063,NA,NA,NA,NA,NA,NA,NA,NA,NA,NA,016,001,2025-10-03_09h47.45.683,Study_5_PsychoPy_Experiment,2024.1.5,NA,2025-10-03 09h48.00.347273 +0100
Knowledge,Neg,TRUE,Y,FB-Ig,D_B_T,PsychoPyStudy5Stim/D_B_T_6.png,Adam does NOT KNOW there is ONE cube,One,h,b,Y,-,N,0,14,14,13,136.6404095001053,NA,NA,NA,NA,NA,NA,NA,NA,NA,136.62867069989443,4.0669995360076e-4,136.72309249988757,137.106883399887,137.2070408000145,139.2072548000142,139.60719390003942,139.70904659992084,139.70904659992084,142.57673779991455,b,1,2.865342099918053,NA,142.57745629991405,142.59036109992303,142.59036109992303,142.59036109992303,142.59036109992303,142.57819780008867,NA,NA,NA,NA,NA,NA,NA,NA,NA,NA,016,001,2025-10-03_09h47.45.683,Study_5_PsychoPy_Experiment,2024.1.5,NA,2025-10-03 09h48.00.347273 +0100
Belief,Reg,TRUE,N,NB-TB-K,TT_NB,PsychoPyStudy5Stim/TT_NB_7.png,Adam THINKS there are TWO cubes,Two,h,b,N,-,N,0,15,15,179,142.59036109992303,NA,NA,NA,NA,NA,NA,NA,NA,NA,142.57872899994254,4.1390000842511e-4,142.67879940010607,143.05682850000449,143.156926299911,145.15711809997447,145.55711579998024,145.65905939997174,145.65905939997174,147.77655200008303,b,1,2.100307999877259,NA,147.7773188999854,147.79032530006953,147.79032530006953,147.79032530006953,147.79032530006953,147.77810249989852,NA,NA,NA,NA,NA,NA,NA,NA,NA,NA,016,001,2025-10-03_09h47.45.683,Study_5_PsychoPy_Experiment,2024.1.5,NA,2025-10-03 09h48.00.347273 +0100
Knowledge,Reg,TRUE,N,NB-TB-K,D_NB,PsychoPyStudy5Stim/D_NB_2.png,Adam KNOWS there are ZERO cubes,Zero,h,b,N,-,N,0,16,16,129,147.79032530006953,NA,NA,NA,NA,NA,NA,NA,NA,NA,147.7786965998821,4.3729995377361e-4,147.87157299998216,148.2573528001085,148.35688479989767,150.35705929994583,150.7571248000022,150.85908149997704,150.85908149997704,154.37625589990057,b,1,3.5077730999328196,NA,154.37679199990816,154.39031259994954,154.39031259994954,154.39031259994954,154.39031259994954,154.3773507999722,NA,NA,NA,NA,NA,NA,NA,NA,NA,NA,016,001,2025-10-03_09h47.45.683,Study_5_PsychoPy_Experiment,2024.1.5,NA,2025-10-03 09h48.00.347273 +0100
Knowledge,Reg,FALSE,N,FB-Ig,D_B_T,PsychoPyStudy5Stim/D_B_T_1.png,Adam KNOWS there are TWO cubes,Two,b,h,N,PropFalse,N,0,17,17,291,154.39031259994954,NA,NA,NA,NA,NA,NA,NA,NA,NA,154.37776589998975,3.3259997144341e-4,154.46956459991634,154.8404369999189,154.9402395999059,156.9404271999374,157.3404532999266,157.44225189997815,157.44225189997815,159.84324819990434,h,1,2.3881773001048714,NA,159.8439521000255,159.856873099925,159.856873099925,159.856873099925,159.856873099925,159.84472439996898,NA,NA,NA,NA,NA,NA,NA,NA,NA,NA,016,001,2025-10-03_09h47.45.683,Study_5_PsychoPy_Experiment,2024.1.5,NA,2025-10-03 09h48.00.347273 +0100
Belief,Neg,FALSE,N,TB-K,TT_B,PsychoPyStudy5Stim/TT_B_6.png,Adam does NOT THINK there are TWO cubes,Two,b,h,Y,PropFalse,N,0,18,18,101,159.856873099925,NA,NA,NA,NA,NA,NA,NA,NA,NA,159.8453251000028,4.4850003905594e-4,159.9380793001037,160.32347649987787,160.4240109999664,162.42381329997443,162.82376709999517,162.92578070005402,162.92578070005402,164.9266735999845,h,1,1.99268879997544,NA,164.9273665000219,164.94030619994737,164.94030619994737,164.94030619994737,164.94030619994737,164.9280789999757,NA,NA,NA,NA,NA,NA,NA,NA,NA,NA,016,001,2025-10-03_09h47.45.683,Study_5_PsychoPy_Experiment,2024.1.5,NA,2025-10-03 09h48.00.347273 +0100
Belief,Reg,TRUE,N,TB-K-B,TD_B,PsychoPyStudy5Stim/TD_B_8.png,Adam THINKS there is ONE cube,One,h,b,N,-,N,0,19,19,262,164.94030619994737,NA,NA,NA,NA,NA,NA,NA,NA,NA,164.9286366000306,4.4540013186633e-4,165.0232450000476,165.40690669999458,165.50711659993976,167.50703300000168,167.90705500007607,168.00894120009616,168.00894120009616,172.5763111000415,b,1,4.557199199916795,NA,172.5768923999276,172.59024360007606,172.59024360007606,172.59024360007606,172.59024360007606,172.57747710007243,NA,NA,NA,NA,NA,NA,NA,NA,NA,NA,016,001,2025-10-03_09h47.45.683,Study_5_PsychoPy_Experiment,2024.1.5,NA,2025-10-03 09h48.00.347273 +0100
Knowledge,Neg,FALSE,N,NB-TB-K,T_NB,PsychoPyStudy5Stim/T_NB_1.png,Adam does NOT KNOW there is ONE cube,One,b,h,Y,PropFalse,N,0,20,20,40,172.59024360007606,NA,NA,NA,NA,NA,NA,NA,NA,NA,172.57791660004295,3.4249993041157e-4,172.6623297999613,173.04032650007866,173.14050130010585,175.14036839990877,175.5403577000834,175.64233510009944,175.64233510009944,177.99331729998812,h,1,2.347598399966955,NA,177.99403259996325,178.0069039000664,178.0069039000664,178.0069039000664,178.0069039000664,177.99476510006934,NA,NA,NA,NA,NA,NA,NA,NA,NA,NA,016,001,2025-10-03_09h47.45.683,Study_5_PsychoPy_Experiment,2024.1.5,NA,2025-10-03 09h48.00.347273 +0100
Belief,Reg,FALSE,N,NB-TB-K,TT_NB,PsychoPyStudy5Stim/TT_NB_3.png,Adam THINKS there are ZERO cubes,Zero,b,h,N,PropFalse,N,0,21,21,183,178.0069039000664,NA,NA,NA,NA,NA,NA,NA,NA,NA,177.99529309989884,4.1219987906515e-4,178.07706769998185,178.45702309999615,178.55710999993607,180.5570453000255,180.95703550009057,181.05885699996725,181.05885699996725,181.99359129997904,h,1,0.9228374001104384,NA,181.99439759994857,182.00696999998763,182.00696999998763,182.00696999998763,182.00696999998763,181.99537050002257,NA,NA,NA,NA,NA,NA,NA,NA,NA,NA,016,001,2025-10-03_09h47.45.683,Study_5_PsychoPy_Experiment,2024.1.5,NA,2025-10-03 09h48.00.347273 +0100
Belief,Reg,FALSE,N,FB-Ig,T_B_T,PsychoPyStudy5Stim/T_B_T_7.png,Adam THINKS there are ZERO cubes,Zero,b,h,N,PropFalse,N,0,22,22,289,182.00696999998763,NA,NA,NA,NA,NA,NA,NA,NA,NA,181.99601499992423,5.0650001503527e-4,182.08321480010636,182.45684039988555,182.55707879993133,184.5571067999117,184.9570708998945,185.0588533000555,185.0588533000555,187.19226150005125,h,1,2.1164870001375675,NA,187.19260989991017,187.2067575000692,187.2067575000692,187.2067575000692,187.2067575000692,187.1929629999213,NA,NA,NA,NA,NA,NA,NA,NA,NA,NA,016,001,2025-10-03_09h47.45.683,Study_5_PsychoPy_Experiment,2024.1.5,NA,2025-10-03 09h48.00.347273 +0100
Belief,Reg,TRUE,N,NB-TB-K,T_NB,PsychoPyStudy5Stim/T_NB_4.png,Adam THINKS there is ONE cube,One,h,b,N,-,N,0,23,23,143,187.2067575000692,NA,NA,NA,NA,NA,NA,NA,NA,NA,187.1931771999225,1.713999081403e-4,187.29513360001147,187.67358239996247,187.77371319988745,189.77371570002288,190.1736476998776,190.2755146999843,190.2755146999843,191.8925365998875,b,1,1.6029353998601437,NA,191.892953600036,191.9067122999113,191.9067122999113,191.9067122999113,191.9067122999113,191.89338329993188,NA,NA,NA,NA,NA,NA,NA,NA,NA,NA,016,001,2025-10-03_09h47.45.683,Study_5_PsychoPy_Experiment,2024.1.5,NA,2025-10-03 09h48.00.347273 +0100
Reality,Reg,FALSE,N,NB-TB-K,D_NB,PsychoPyStudy5Stim/D_NB_8.png,"In REALITY, there are TWO cubes",Two,b,h,N,PropFalse,N,0,24,24,139,191.9067122999113,NA,NA,NA,NA,NA,NA,NA,NA,NA,191.893677999964,2.3290002718567e-4,191.99615489994176,192.37345970002937,192.47358980006535,194.4735868999269,194.87354449997656,194.97549359989353,194.97549359989353,196.7257509001065,h,1,1.7340298001654446,NA,196.7261393000372,196.74013720010407,196.74013720010407,196.74013720010407,196.74013720010407,196.7265707999468,NA,NA,NA,NA,NA,NA,NA,NA,NA,NA,016,001,2025-10-03_09h47.45.683,Study_5_PsychoPy_Experiment,2024.1.5,NA,2025-10-03 09h48.00.347273 +0100
Belief,Reg,FALSE,N,NB-TB-K,TT_NB,PsychoPyStudy5Stim/TT_NB_8.png,Adam THINKS there are ZERO cubes,Zero,b,h,N,PropFalse,N,0,25,25,188,196.74013720010407,NA,NA,NA,NA,NA,NA,NA,NA,NA,196.72686400008388,2.3019989021122e-4,196.82091580005363,197.1902711999137,197.2903167998884,199.29037460009567,199.6903488999233,199.7921774999704,199.7921774999704,204.50900120008737,h,1,4.701454099966213,NA,204.50929740001447,204.52336249989455,204.52336249989455,204.52336249989455,204.52336249989455,204.5096160999965,NA,NA,NA,NA,NA,NA,NA,NA,NA,NA,016,001,2025-10-03_09h47.45.683,Study_5_PsychoPy_Experiment,2024.1.5,NA,2025-10-03 09h48.00.347273 +0100
Knowledge,Reg,TRUE,N,TB-K-B,DD_B,PsychoPyStudy5Stim/DD_B_8.png,Adam KNOWS there are ZERO cubes,Zero,h,b,N,-,N,0,26,26,222,204.52336249989455,NA,NA,NA,NA,NA,NA,NA,NA,NA,204.50982820009813,1.6859988681972e-4,204.5979611000512,204.97357999999076,205.0736996000633,207.07361120008864,207.4736111999955,207.57563379989008,207.57563379989008,208.77608199999668,b,1,1.183192000025883,NA,208.77665690006688,208.79016109998335,208.79016109998335,208.79016109998335,208.79016109998335,208.7772748998832,NA,NA,NA,NA,NA,NA,NA,NA,NA,NA,016,001,2025-10-03_09h47.45.683,Study_5_PsychoPy_Experiment,2024.1.5,NA,2025-10-03 09h48.00.347273 +0100
Knowledge,Neg,TRUE,N,TB-K,TD_B,PsychoPyStudy5Stim/TD_B_2.png,Adam does NOT KNOW there are TWO cubes,Two,h,b,Y,-,N,0,27,27,105,208.79016109998335,NA,NA,NA,NA,NA,NA,NA,NA,NA,208.7777058999054,3.3900002017617e-4,208.87901040003635,209.2568560000509,209.3570061000064,211.35684760008007,211.75691709993407,211.85884659993465,211.85884659993465,233.67608510004357,b,1,21.80338509986177,NA,233.67662140005268,233.69003410008736,233.69003410008736,233.69003410008736,233.69003410008736,233.6771953999996,NA,NA,NA,NA,NA,NA,NA,NA,NA,NA,016,001,2025-10-03_09h47.45.683,Study_5_PsychoPy_Experiment,2024.1.5,NA,2025-10-03 09h48.00.347273 +0100
Knowledge,Neg,TRUE,N,NB-TB-K,TT_NB,PsychoPyStudy5Stim/TT_NB_2.png,Adam does NOT KNOW there is ONE cube,One,h,b,Y,-,N,0,28,28,57,233.69003410008736,NA,NA,NA,NA,NA,NA,NA,NA,NA,233.67758939997293,3.1089992262423e-4,233.77076649991795,234.14011929999103,234.2402498999145,236.2401701998897,236.64008209994063,236.74220760003664,236.74220760003664,240.2920770999044,h,0,3.535797300050035,NA,240.29237050004303,240.30650760000572,240.30650760000572,240.30650760000572,240.30650760000572,240.29268660000525,NA,NA,NA,NA,NA,NA,NA,NA,NA,NA,016,001,2025-10-03_09h47.45.683,Study_5_PsychoPy_Experiment,2024.1.5,NA,2025-10-03 09h48.00.347273 +0100
Knowledge,Reg,TRUE,N,NB-TB-K,D_NB,PsychoPyStudy5Stim/D_NB_7.png,Adam KNOWS there are ZERO cubes,Zero,h,b,N,-,N,0,29,29,134,240.30650760000572,NA,NA,NA,NA,NA,NA,NA,NA,NA,240.29289210005663,1.6489997506141e-4,240.40320080006495,240.7733360999264,240.87340909987688,242.8735223999247,243.27350039989688,243.37565669999455,243.37565669999455,245.19272559997623,b,1,1.8143076999112964,NA,245.19328649993983,245.20666530006565,245.20666530006565,245.20666530006565,245.20666530006565,245.19391530007124,NA,NA,NA,NA,NA,NA,NA,NA,NA,NA,016,001,2025-10-03_09h47.45.683,Study_5_PsychoPy_Experiment,2024.1.5,NA,2025-10-03 09h48.00.347273 +0100
Knowledge,Neg,FALSE,N,NB-TB-K,T_NB,PsychoPyStudy5Stim/T_NB_8.png,Adam does NOT KNOW there is ONE cube,One,b,h,Y,PropFalse,N,0,30,30,47,245.20666530006565,NA,NA,NA,NA,NA,NA,NA,NA,NA,245.19434599997476,3.3920002169907e-4,245.28356230002828,245.6566463999916,245.75681139994413,247.7566013999749,248.15669049997817,248.25862460001372,248.25862460001372,251.3763037999161,h,1,3.1076451998669654,NA,251.3769684000872,251.39002899988552,251.39002899988552,251.39002899988552,251.39002899988552,251.3777340000961,NA,NA,NA,NA,NA,NA,NA,NA,NA,NA,016,001,2025-10-03_09h47.45.683,Study_5_PsychoPy_Experiment,2024.1.5,NA,2025-10-03 09h48.00.347273 +0100
Belief,Reg,FALSE,N,FB-Ig,D_B_T,PsychoPyStudy5Stim/D_B_T_6.png,Adam THINKS there are TWO cubes,Two,b,h,N,PropFalse,N,0,31,31,304,251.39002899988552,NA,NA,NA,NA,NA,NA,NA,NA,NA,251.3782951000612,4.4750003144145e-4,251.46133349998857,251.84002989996225,251.9401412999723,253.94004989997484,254.34008059999903,254.44206629996188,254.44206629996188,255.94342519994825,h,1,1.4917904001194984,NA,255.94430839992128,255.95672190003097,255.95672190003097,255.95672190003097,255.95672190003097,255.94521749997512,NA,NA,NA,NA,NA,NA,NA,NA,NA,NA,016,001,2025-10-03_09h47.45.683,Study_5_PsychoPy_Experiment,2024.1.5,NA,2025-10-03 09h48.00.347273 +0100
Belief,Neg,TRUE,N,NB-TB-K,T_NB,PsychoPyStudy5Stim/T_NB_2.png,Adam does NOT THINK there are TWO cubes,Two,h,b,Y,-,N,0,32,32,37,255.95672190003097,NA,NA,NA,NA,NA,NA,NA,NA,NA,255.9458592000883,5.0460011698305e-4,256.03747149999253,256.40671640005894,256.50684710009955,258.5068165000994,258.9067802000791,259.0087361000478,259.0087361000478,261.7094968999736,b,1,2.6845851000398397,NA,261.7101304999087,261.7233176000882,261.7233176000882,261.7233176000882,261.7233176000882,261.7108277999796,NA,NA,NA,NA,NA,NA,NA,NA,NA,NA,016,001,2025-10-03_09h47.45.683,Study_5_PsychoPy_Experiment,2024.1.5,NA,2025-10-03 09h48.00.347273 +0100
Knowledge,Neg,TRUE,N,NB-TB-K,T_NB,PsychoPyStudy5Stim/T_NB_1.png,Adam does NOT KNOW there are TWO cubes,Two,h,b,Y,-,N,0,33,33,32,261.7233176000882,NA,NA,NA,NA,NA,NA,NA,NA,NA,261.71135760005563,4.2150006629526e-4,261.80576679995283,262.1897275999654,262.28992419992574,264.29006000002846,264.6900824001059,264.79177720006555,264.79177720006555,285.2435399000533,b,1,20.44645419996232,NA,285.24442850006744,285.256663300097,285.256663300097,285.256663300097,285.256663300097,285.2454421999864,NA,NA,NA,NA,NA,NA,NA,NA,NA,NA,016,001,2025-10-03_09h47.45.683,Study_5_PsychoPy_Experiment,2024.1.5,NA,2025-10-03 09h48.00.347273 +0100
Belief,Reg,TRUE,N,FB-Ig,B_T,PsychoPyStudy5Stim/B_T_4.png,Adam THINKS there are ZERO cubes,Zero,h,b,N,-,Y,0,34,34,315,285.256663300097,NA,NA,NA,NA,NA,NA,NA,NA,NA,285.24615049990825,5.5540003813803e-4,285.33888840000145,285.72308430005796,285.82310839998536,287.8233030999545,288.2232319000177,288.3251648999285,288.3251648999285,295.0433114001062,b,1,6.70458779996261,NA,295.0441838998813,295.0566072000656,295.0566072000656,295.0566072000656,295.0566072000656,295.0451764999889,NA,NA,NA,NA,NA,NA,NA,NA,NA,NA,016,001,2025-10-03_09h47.45.683,Study_5_PsychoPy_Experiment,2024.1.5,NA,2025-10-03 09h48.00.347273 +0100
Knowledge,Reg,FALSE,N,FB-Ig,D_B_T,PsychoPyStudy5Stim/D_B_T_5.png,Adam KNOWS there are TWO cubes,Two,b,h,N,PropFalse,N,0,35,35,295,295.0566072000656,NA,NA,NA,NA,NA,NA,NA,NA,NA,295.04588650004007,5.7219993323087e-4,295.14734239992686,295.5229583000764,295.62313809990883,297.62328920001164,298.02331009996124,298.125177500071,298.125177500071,301.92555420007557,h,1,3.7926938999444246,NA,301.9259440000169,301.9397881999612,301.9397881999612,301.9397881999612,301.9397881999612,301.9263675000984,NA,NA,NA,NA,NA,NA,NA,NA,NA,NA,016,001,2025-10-03_09h47.45.683,Study_5_PsychoPy_Experiment,2024.1.5,NA,2025-10-03 09h48.00.347273 +0100
Belief,Reg,TRUE,N,FB-Ig,B_TT,PsychoPyStudy5Stim/B_TT_4.png,Adam THINKS there are ZERO cubes,Zero,h,b,N,-,Y,0,36,36,329,301.9397881999612,NA,NA,NA,NA,NA,NA,NA,NA,NA,301.9266534000635,2.2670021280646e-4,302.0291631000582,302.4065137000289,302.50654769991525,304.5065983000677,304.9064609000925,305.0083341000136,305.0083341000136,307.4762075000908,b,1,2.461659199791029,NA,307.47677970002405,307.4897801000625,307.4897801000625,307.4897801000625,307.4897801000625,307.47742939996533,NA,NA,NA,NA,NA,NA,NA,NA,NA,NA,016,001,2025-10-03_09h47.45.683,Study_5_PsychoPy_Experiment,2024.1.5,NA,2025-10-03 09h48.00.347273 +0100
Belief,Neg,FALSE,N,NB-TB-K,TT_NB,PsychoPyStudy5Stim/TT_NB_2.png,Adam does NOT THINK there are TWO cubes,Two,b,h,Y,PropFalse,N,0,37,37,73,307.4897801000625,NA,NA,NA,NA,NA,NA,NA,NA,NA,307.47789199999534,3.6800000816583e-4,307.56809399998747,307.93981699994765,308.04000420006923,310.04002330009826,310.43989749997854,310.5417611999437,310.5417611999437,315.74237079988234,h,1,5.184451899956912,NA,315.74292319989763,315.7562231000047,315.7562231000047,315.7562231000047,315.7562231000047,315.7435202000197,NA,NA,NA,NA,NA,NA,NA,NA,NA,NA,016,001,2025-10-03_09h47.45.683,Study_5_PsychoPy_Experiment,2024.1.5,NA,2025-10-03 09h48.00.347273 +0100
Knowledge,Reg,TRUE,N,NB-TB-K,DT_NB,PsychoPyStudy5Stim/TD_NB_2.png,Adam KNOWS there is ONE cube,One,h,b,N,-,N,0,38,38,164,315.7562231000047,NA,NA,NA,NA,NA,NA,NA,NA,NA,315.74394459999166,3.4609995782375e-4,315.82653549988754,316.20648239995353,316.3065349000972,318.30644179997034,318.7065059999004,318.80816129990853,318.80816129990853,320.5761273999233,b,1,1.765802999958396,NA,320.5768486999441,320.5897564999759,320.5897564999759,320.5897564999759,320.5897564999759,320.5775597000029,NA,NA,NA,NA,NA,NA,NA,NA,NA,NA,016,001,2025-10-03_09h47.45.683,Study_5_PsychoPy_Experiment,2024.1.5,NA,2025-10-03 09h48.00.347273 +0100
Knowledge,Reg,FALSE,N,TB-Ig,D_B,PsychoPyStudy5Stim/D_B_D_2.png,Adam KNOWS there are ZERO cubes,Zero,b,h,N,PropTrueNoKnow,Y,0,39,39,207,320.5897564999759,NA,NA,NA,NA,NA,NA,NA,NA,NA,320.5781223999802,4.2290007695555e-4,320.6802737999242,321.056514600059,321.15662140003406,323.15659040003084,323.55653630010784,323.6583883999847,323.6583883999847,327.3928052999545,h,1,3.731994099915027,NA,327.39352750009857,327.4063540000934,327.4063540000934,327.4063540000934,327.4063540000934,327.3942561999429,NA,NA,NA,NA,NA,NA,NA,NA,NA,NA,016,001,2025-10-03_09h47.45.683,Study_5_PsychoPy_Experiment,2024.1.5,NA,2025-10-03 09h48.00.347273 +0100
Belief,Reg,FALSE,N,FB-Ig,T_B_T,PsychoPyStudy5Stim/T_B_T_2.png,Adam THINKS there are ZERO cubes,Zero,b,h,N,PropFalse,N,0,40,40,284,327.4063540000934,NA,NA,NA,NA,NA,NA,NA,NA,NA,327.3947829999961,4.153000190854e-4,327.47944950009696,327.8564488000702,327.9562770000193,329.95657450007275,330.3564569998998,330.4584369000513,330.4584369000513,333.0757259998936,h,1,2.6111415999475867,NA,333.0762018999085,333.0896759000607,333.0896759000607,333.0896759000607,333.0896759000607,333.07672569993883,NA,NA,NA,NA,NA,NA,NA,NA,NA,NA,016,001,2025-10-03_09h47.45.683,Study_5_PsychoPy_Experiment,2024.1.5,NA,2025-10-03 09h48.00.347273 +0100
Knowledge,Neg,FALSE,N,TB-K,TT_B,PsychoPyStudy5Stim/TT_B_8.png,Adam does NOT KNOW there are TWO cubes,Two,b,h,Y,PropFalse,N,0,41,41,95,333.0896759000607,NA,NA,NA,NA,NA,NA,NA,NA,NA,333.0770854000002,2.8420006856322e-4,333.162727399962,333.53974650008604,333.63988879998215,335.63991370005533,336.039820099948,336.1417052000761,336.1417052000761,344.82606739993207,h,1,8.672655400121585,NA,344.82684320001863,344.83966540009715,344.83966540009715,344.83966540009715,344.83966540009715,344.827605499886,NA,NA,NA,NA,NA,NA,NA,NA,NA,NA,016,001,2025-10-03_09h47.45.683,Study_5_PsychoPy_Experiment,2024.1.5,NA,2025-10-03 09h48.00.347273 +0100
Reality,Reg,TRUE,N,TB-K-B,TD_B,PsychoPyStudy5Stim/TD_B_4.png,"In REALITY, there is ONE cube",One,h,b,N,-,N,0,42,42,272,344.83966540009715,NA,NA,NA,NA,NA,NA,NA,NA,NA,344.82816469995305,4.6869996003806e-4,344.91610660008155,345.28958029998466,345.38953929999843,347.38972399989143,347.78968819999136,347.891579200048,347.891579200048,349.49234879994765,b,1,1.5863834000192585,NA,349.4929225000087,349.50627889996395,349.50627889996395,349.50627889996395,349.50627889996395,349.49350939993747,NA,NA,NA,NA,NA,NA,NA,NA,NA,NA,016,001,2025-10-03_09h47.45.683,Study_5_PsychoPy_Experiment,2024.1.5,NA,2025-10-03 09h48.00.347273 +0100
Belief,Reg,TRUE,N,TB-K-B,DD_B,PsychoPyStudy5Stim/DD_B_1.png,Adam THINKS there are ZERO cubes,Zero,h,b,N,-,N,0,43,43,226,349.50627889996395,NA,NA,NA,NA,NA,NA,NA,NA,NA,349.4939500000328,3.4520006738603e-4,349.5793870999478,349.956322300015,350.0565047999844,352.0564556000754,352.45645390008576,352.5583846999798,352.5583846999798,354.7093251000624,b,1,2.134916099952534,NA,354.7099925999064,354.7229917999357,354.7229917999357,354.7229917999357,354.7229917999357,354.7107200000901,NA,NA,NA,NA,NA,NA,NA,NA,NA,NA,016,001,2025-10-03_09h47.45.683,Study_5_PsychoPy_Experiment,2024.1.5,NA,2025-10-03 09h48.00.347273 +0100
Knowledge,Reg,FALSE,N,FB-Ig,B_T,PsychoPyStudy5Stim/B_T_3.png,Adam KNOWS there are ZERO cubes,Zero,b,h,N,PropTrueNoKnow,Y,0,44,44,309,354.7229917999357,NA,NA,NA,NA,NA,NA,NA,NA,NA,354.71127499989234,4.4220010749995e-4,354.8072504999582,355.18965739989653,355.28983459994197,357.2897258999292,357.6897326000035,357.7916838999372,357.7916838999372,359.6584123999346,h,1,1.8540805000811815,NA,359.658703800058,359.6729137999937,359.6729137999937,359.6729137999937,359.6729137999937,359.6590485998895,NA,NA,NA,NA,NA,NA,NA,NA,NA,NA,016,001,2025-10-03_09h47.45.683,Study_5_PsychoPy_Experiment,2024.1.5,NA,2025-10-03 09h48.00.347273 +0100
Knowledge,Reg,FALSE,N,TB-K-B,DD_B,PsychoPyStudy5Stim/DD_B_1.png,Adam KNOWS there is ONE cube,One,b,h,N,PropFalse,N,0,45,45,224,359.6729137999937,NA,NA,NA,NA,NA,NA,NA,NA,NA,359.65926610003226,1.7259991727769e-4,359.74350510002114,360.1227043000981,360.2228814000264,362.22316870000213,362.62309819995426,362.7249537000898,362.7249537000898,363.9424117000308,h,1,1.2089585000649097,NA,363.94303809991106,363.95615460001864,363.95615460001864,363.95615460001864,363.95615460001864,363.9436816999223,NA,NA,NA,NA,NA,NA,NA,NA,NA,NA,016,001,2025-10-03_09h47.45.683,Study_5_PsychoPy_Experiment,2024.1.5,NA,2025-10-03 09h48.00.347273 +0100
Belief,Reg,FALSE,N,FB-Ig,T_B_T,PsychoPyStudy5Stim/T_B_T_8.png,Adam THINKS there are ZERO cubes,Zero,b,h,N,PropFalse,N,0,46,46,290,363.95615460001864,NA,NA,NA,NA,NA,NA,NA,NA,NA,363.94421590003185,3.734000492841e-4,364.0476744999178,364.4228546000086,364.5228349000681,366.5230485999491,366.9230384998955,367.0249673000071,367.0249673000071,369.29170059994794,h,1,2.2531747999601066,NA,369.29200770007446,369.3061647999566,369.3061647999566,369.3061647999566,369.3061647999566,369.292342599947,NA,NA,NA,NA,NA,NA,NA,NA,NA,NA,016,001,2025-10-03_09h47.45.683,Study_5_PsychoPy_Experiment,2024.1.5,NA,2025-10-03 09h48.00.347273 +0100
Belief,Neg,FALSE,N,NB-TB-K,TT_NB,PsychoPyStudy5Stim/TT_NB_5.png,Adam does NOT THINK there are TWO cubes,Two,b,h,Y,PropFalse,N,0,47,47,76,369.3061647999566,NA,NA,NA,NA,NA,NA,NA,NA,NA,369.2925668999087,1.7919996753335e-4,369.3827823998872,369.7560399000067,369.85615790006705,371.85642049997114,372.2563223000616,372.358313200064,372.358313200064,374.5921330000274,h,1,2.223356200149283,NA,374.5926395000424,374.60620569996536,374.60620569996536,374.60620569996536,374.60620569996536,374.59318120009266,NA,NA,NA,NA,NA,NA,NA,NA,NA,NA,016,001,2025-10-03_09h47.45.683,Study_5_PsychoPy_Experiment,2024.1.5,NA,2025-10-03 09h48.00.347273 +0100
Belief,Neg,TRUE,N,NB-TB-K,TT_NB,PsychoPyStudy5Stim/TT_NB_1.png,Adam does NOT THINK there is ONE cube,One,h,b,Y,-,N,0,48,48,60,374.60620569996536,NA,NA,NA,NA,NA,NA,NA,NA,NA,374.59355679992586,2.9729981906712e-4,374.675326100085,375.0562565000728,375.15640360000543,377.1564267000649,377.5562905999832,377.6581725999713,377.6581725999713,388.7928842999973,b,1,11.123299299972132,NA,388.7935993999709,388.8062283000909,388.8062283000909,388.8062283000909,388.8062283000909,388.7943609999493,NA,NA,NA,NA,NA,NA,NA,NA,NA,NA,016,001,2025-10-03_09h47.45.683,Study_5_PsychoPy_Experiment,2024.1.5,NA,2025-10-03 09h48.00.347273 +0100
Knowledge,Reg,FALSE,N,FB-Ig,B_T,PsychoPyStudy5Stim/B_T_4.png,Adam KNOWS there are ZERO cubes,Zero,b,h,N,PropTrueNoKnow,Y,0,49,49,310,388.8062283000909,NA,NA,NA,NA,NA,NA,NA,NA,NA,388.79491279996,4.3340004049241e-4,388.87759259995073,389.25629679998383,389.3563624999952,391.35636899992824,391.75622870004736,391.8580678999424,391.8580678999424,397.17541090003215,h,1,5.315336300060153,NA,397.1759087999817,397.1894157999195,397.1894157999195,397.1894157999195,397.1894157999195,397.17644220008515,NA,NA,NA,NA,NA,NA,NA,NA,NA,NA,016,001,2025-10-03_09h47.45.683,Study_5_PsychoPy_Experiment,2024.1.5,NA,2025-10-03 09h48.00.347273 +0100
Reality,Reg,TRUE,N,TB-Ig,D_B,PsychoPyStudy5Stim/D_B_D_1.png,"In REALITY, there are ZERO cubes",Zero,h,b,N,-,N,0,50,50,212,397.1894157999195,NA,NA,NA,NA,NA,NA,NA,NA,NA,397.1768187000416,2.9630004428327e-4,397.264337599976,397.6392973000184,397.7393596000038,399.7395484000445,400.1395644999575,400.2415730000939,400.2415730000939,402.52539000008255,b,1,2.2760503999888897,NA,402.5259050000459,402.5394182000309,402.5394182000309,402.5394182000309,402.5394182000309,402.5264393999242,NA,NA,NA,NA,NA,NA,NA,NA,NA,NA,016,001,2025-10-03_09h47.45.683,Study_5_PsychoPy_Experiment,2024.1.5,NA,2025-10-03 09h48.00.347273 +0100
Reality,Reg,TRUE,N,FB-Ig,B_TT,PsychoPyStudy5Stim/B_TT_3.png,"In REALITY, there are TWO cubes",Two,h,b,N,-,N,0,51,51,333,402.5394182000309,NA,NA,NA,NA,NA,NA,NA,NA,NA,402.526837100042,2.9600015841424e-4,402.6197565998882,402.9895480000414,403.08963329996914,405.08963280008174,405.4895339999348,405.5914517999626,405.5914517999626,408.72708370001055,b,1,3.1175768000539392,NA,408.728347599972,408.7394667998888,408.7394667998888,408.7394667998888,408.7394667998888,408.7297592998948,NA,NA,NA,NA,NA,NA,NA,NA,NA,NA,016,001,2025-10-03_09h47.45.683,Study_5_PsychoPy_Experiment,2024.1.5,NA,2025-10-03 09h48.00.347273 +0100
Belief,Neg,FALSE,N,TB-K,TD_B,PsychoPyStudy5Stim/TD_B_7.png,Adam does NOT THINK there is ONE cube,One,b,h,Y,PropFalse,N,0,52,52,126,408.7394667998888,NA,NA,NA,NA,NA,NA,NA,NA,NA,408.73079789988697,8.1340014003217e-4,408.86280140001327,409.2395170999225,409.3394539998844,411.33938829996623,411.73956019990146,411.8414310000371,411.8414310000371,413.84251910005696,h,1,1.9976330001372844,NA,413.8430951999035,413.8560045999475,413.8560045999475,413.8560045999475,413.8560045999475,413.8437355998903,NA,NA,NA,NA,NA,NA,NA,NA,NA,NA,016,001,2025-10-03_09h47.45.683,Study_5_PsychoPy_Experiment,2024.1.5,NA,2025-10-03 09h48.00.347273 +0100
Belief,Reg,TRUE,N,NB-TB-K,DT_NB,PsychoPyStudy5Stim/TD_NB_2.png,Adam THINKS there is ONE cube,One,h,b,N,-,N,0,53,53,166,413.8560045999475,NA,NA,NA,NA,NA,NA,NA,NA,NA,413.84420159994625,3.7149991840124e-4,413.9258751999587,414.3061261998955,414.4061197000556,416.4061779000331,416.80612169997767,416.9080064001027,416.9080064001027,419.1753157998901,b,1,2.2502915000077337,NA,419.1758067999035,419.1893428999465,419.1893428999465,419.1893428999465,419.1893428999465,419.17630969989114,NA,NA,NA,NA,NA,NA,NA,NA,NA,NA,016,001,2025-10-03_09h47.45.683,Study_5_PsychoPy_Experiment,2024.1.5,NA,2025-10-03 09h48.00.347273 +0100
Belief,Neg,TRUE,N,NB-TB-K,TT_NB,PsychoPyStudy5Stim/TT_NB_3.png,Adam does NOT THINK there is ONE cube,One,h,b,Y,-,N,0,54,54,62,419.1893428999465,NA,NA,NA,NA,NA,NA,NA,NA,NA,419.1766842000652,2.9570003971457e-4,419.2717186000664,419.65617750003,419.755912899971,421.75607239990495,422.15622789994814,422.2581489000004,422.2581489000004,425.09146020002663,b,1,2.81901550013572,NA,425.0917591000907,425.1058171999175,425.1058171999175,425.1058171999175,425.1058171999175,425.0920726999175,NA,NA,NA,NA,NA,NA,NA,NA,NA,NA,016,001,2025-10-03_09h47.45.683,Study_5_PsychoPy_Experiment,2024.1.5,NA,2025-10-03 09h48.00.347273 +0100
Belief,Reg,FALSE,N,FB-Ig,D_B_T,PsychoPyStudy5Stim/D_B_T_7.png,Adam THINKS there are TWO cubes,Two,b,h,N,PropFalse,N,0,55,55,305,425.1058171999175,NA,NA,NA,NA,NA,NA,NA,NA,NA,425.09228389989585,1.6850000247359e-4,425.18556719995104,425.5559521000832,425.6561879999936,427.6561765000224,428.0560161001049,428.1580974999815,428.1580974999815,431.19167979992926,h,1,3.0232590998057276,NA,431.19211530010216,431.20595690002665,431.20595690002665,431.20595690002665,431.20595690002665,431.19261669996195,NA,NA,NA,NA,NA,NA,NA,NA,NA,NA,016,001,2025-10-03_09h47.45.683,Study_5_PsychoPy_Experiment,2024.1.5,NA,2025-10-03 09h48.00.347273 +0100
Knowledge,Reg,FALSE,N,NB-TB-K,TT_NB,PsychoPyStudy5Stim/TT_NB_4.png,Adam KNOWS there is ONE cube,One,b,h,N,PropFalse,N,0,56,56,175,431.20595690002665,NA,NA,NA,NA,NA,NA,NA,NA,NA,431.19294269988313,2.5709997862577e-4,431.2810974000022,431.6558167000767,431.75589710008353,433.75607159989886,434.15603509987704,434.2579347998835,434.2579347998835,437.3586949000601,h,1,3.084206699859351,NA,437.35925400001,437.37258179998025,437.37258179998025,437.37258179998025,437.37258179998025,437.359863899881,NA,NA,NA,NA,NA,NA,NA,NA,NA,NA,016,001,2025-10-03_09h47.45.683,Study_5_PsychoPy_Experiment,2024.1.5,NA,2025-10-03 09h48.00.347273 +0100
Belief,Reg,FALSE,N,NB-TB-K,DD_NB,PsychoPyStudy5Stim/DD_NB_1.png,Adam THINKS there is ONE cube,One,b,h,N,PropFalse,N,0,57,57,157,437.37258179998025,NA,NA,NA,NA,NA,NA,NA,NA,NA,437.3602907999884,3.3470010384917e-4,437.44840019987896,437.8226954001002,437.92278919997625,439.9227833999321,440.3227536999621,440.42478629993275,440.42478629993275,442.6420883000828,h,1,2.204830100061372,NA,442.6427871999331,442.6559983000625,442.6559983000625,442.6559983000625,442.6559983000625,442.6434533998836,NA,NA,NA,NA,NA,NA,NA,NA,NA,NA,016,001,2025-10-03_09h47.45.683,Study_5_PsychoPy_Experiment,2024.1.5,NA,2025-10-03 09h48.00.347273 +0100
Knowledge,Neg,FALSE,N,NB-TB-K,T_NB,PsychoPyStudy5Stim/T_NB_5.png,Adam does NOT KNOW there is ONE cube,One,b,h,Y,PropFalse,N,0,58,58,44,442.6559983000625,NA,NA,NA,NA,NA,NA,NA,NA,NA,442.6439712999854,3.8230000063776e-4,442.7297988999635,443.10607720003463,443.20617470005527,445.2061038000975,445.60586369992234,445.7078678999096,445.7078678999096,450.241911200108,h,1,4.5299660000018775,NA,450.24238039995544,450.2558887000196,450.2558887000196,450.2558887000196,450.2558887000196,450.242893199902,NA,NA,NA,NA,NA,NA,NA,NA,NA,NA,016,001,2025-10-03_09h47.45.683,Study_5_PsychoPy_Experiment,2024.1.5,NA,2025-10-03 09h48.00.347273 +0100
Reality,Reg,TRUE,N,NB-TB-K,TT_NB,PsychoPyStudy5Stim/TT_NB_1.png,"In REALITY, there are TWO cubes",Two,h,b,N,-,N,0,59,59,191,450.2558887000196,NA,NA,NA,NA,NA,NA,NA,NA,NA,450.2432512000669,2.8309994377195e-4,450.33761489996687,450.72247630008496,450.8225332999136,452.8226926000789,453.2228381000459,453.3246935000643,453.3246935000643,454.3268015999347,b,1,0.9928071000613272,NA,454.32806529989466,454.3394051999785,454.3394051999785,454.3394051999785,454.3394051999785,454.32939109997824,NA,NA,NA,NA,NA,NA,NA,NA,NA,NA,016,001,2025-10-03_09h47.45.683,Study_5_PsychoPy_Experiment,2024.1.5,NA,2025-10-03 09h48.00.347273 +0100
Belief,Reg,FALSE,N,NB-TB-K,TT_NB,PsychoPyStudy5Stim/TT_NB_2.png,Adam THINKS there is ONE cube,One,b,h,N,PropFalse,N,0,60,60,189,454.3394051999785,NA,NA,NA,NA,NA,NA,NA,NA,NA,454.33041670010425,7.6179997995495e-4,454.43335999990813,454.8059855001047,454.9061473000329,456.9060633000918,457.30597919994034,457.4080529999919,457.4080529999919,463.30877500004135,h,1,5.8930386998690665,NA,463.30944269988686,463.32257930003107,463.32257930003107,463.32257930003107,463.32257930003107,463.3101474000141,NA,NA,NA,NA,NA,NA,NA,NA,NA,NA,016,001,2025-10-03_09h47.45.683,Study_5_PsychoPy_Experiment,2024.1.5,NA,2025-10-03 09h48.00.347273 +0100
Belief,Neg,FALSE,N,NB-TB-K,TT_NB,PsychoPyStudy5Stim/TT_NB_8.png,Adam does NOT THINK there are TWO cubes,Two,b,h,Y,PropFalse,N,0,61,61,79,463.32257930003107,NA,NA,NA,NA,NA,NA,NA,NA,NA,463.31063860002905,3.8459990173578e-4,463.4051516999025,463.78901629988104,463.8891972999554,465.8893969999626,466.28938809991814,466.3912684000097,466.3912684000097,469.05904459999874,h,1,2.662442199885845,NA,469.05981300002895,469.072597600054,469.072597600054,469.072597600054,469.072597600054,469.0606156999711,NA,NA,NA,NA,NA,NA,NA,NA,NA,NA,016,001,2025-10-03_09h47.45.683,Study_5_PsychoPy_Experiment,2024.1.5,NA,2025-10-03 09h48.00.347273 +0100
Reality,Reg,TRUE,N,TB-K-B,TT_B,PsychoPyStudy5Stim/TT_B_4.png,"In REALITY, there are TWO cubes",Two,h,b,N,-,N,0,62,62,252,469.072597600054,NA,NA,NA,NA,NA,NA,NA,NA,NA,469.0611797000747,4.3820007704198e-4,469.1602241001092,469.539143800037,469.63934880006127,471.6390945999883,472.0391806000843,472.14133449993096,472.14133449993096,473.5748177000787,b,1,1.4232848000247031,NA,473.5751751998905,473.58913309988566,473.58913309988566,473.58913309988566,473.58913309988566,473.5755646000616,NA,NA,NA,NA,NA,NA,NA,NA,NA,NA,016,001,2025-10-03_09h47.45.683,Study_5_PsychoPy_Experiment,2024.1.5,NA,2025-10-03 09h48.00.347273 +0100
Knowledge,Neg,TRUE,Y,FB-Ig,T_B_T,PsychoPyStudy5Stim/T_B_T_5.png,Adam does NOT KNOW there are TWO cubes,Two,h,b,Y,-,N,0,63,63,4,473.58913309988566,NA,NA,NA,NA,NA,NA,NA,NA,NA,473.5758199999109,2.0190002396702e-4,473.6619947000872,474.0392096000723,474.1394164999947,476.1393164000474,476.5392706999555,476.64119250001386,476.64119250001386,481.89227319997735,b,1,5.244720499962568,NA,481.8930401999969,481.90589249995537,481.90589249995537,481.90589249995537,481.90589249995537,481.89383589988574,NA,NA,NA,NA,NA,NA,NA,NA,NA,NA,016,001,2025-10-03_09h47.45.683,Study_5_PsychoPy_Experiment,2024.1.5,NA,2025-10-03 09h48.00.347273 +0100
Knowledge,Reg,FALSE,N,FB-Ig,B_T,PsychoPyStudy5Stim/B_T_5.png,Adam KNOWS there are ZERO cubes,Zero,b,h,N,PropTrueNoKnow,Y,0,64,64,311,481.90589249995537,NA,NA,NA,NA,NA,NA,NA,NA,NA,481.894402399892,4.4470001012086e-4,481.9990399000235,482.3724654999096,482.4726905000862,484.4727099998854,484.87264179997146,484.97457089996897,484.97457089996897,488.175270000007,h,1,3.191251900047064,NA,488.1758707999252,488.1889784000814,488.1889784000814,488.1889784000814,488.1889784000814,488.1764775000047,NA,NA,NA,NA,NA,NA,NA,NA,NA,NA,016,001,2025-10-03_09h47.45.683,Study_5_PsychoPy_Experiment,2024.1.5,NA,2025-10-03 09h48.00.347273 +0100
Belief,Reg,FALSE,N,TB-K-B,DD_B,PsychoPyStudy5Stim/DD_B_4.png,Adam THINKS there is ONE cube,One,b,h,N,PropFalse,N,0,65,65,235,488.1889784000814,NA,NA,NA,NA,NA,NA,NA,NA,NA,488.1769461000804,3.7529994733631e-4,488.25926900003105,488.6392175999936,488.7393276998773,490.73932230006903,491.1391833000816,491.2411277000792,491.2411277000792,492.3247070000507,h,1,1.0758689001668245,NA,492.3250790000893,492.33909739996307,492.33909739996307,492.33909739996307,492.33909739996307,492.3254724999424,NA,NA,NA,NA,NA,NA,NA,NA,NA,NA,016,001,2025-10-03_09h47.45.683,Study_5_PsychoPy_Experiment,2024.1.5,NA,2025-10-03 09h48.00.347273 +0100
Belief,Reg,TRUE,N,TB-K-B,DD_B,PsychoPyStudy5Stim/DD_B_4.png,Adam THINKS there are ZERO cubes,Zero,h,b,N,-,N,0,66,66,229,492.33909739996307,NA,NA,NA,NA,NA,NA,NA,NA,NA,492.3257424999029,2.1489989012479e-4,492.4099773999769,492.78896949999034,492.88940320000984,494.8892735999543,495.2892553000711,495.391019300092,495.391019300092,497.3917219000869,b,1,1.990603599930182,NA,497.3921699000057,497.40574149996974,497.40574149996974,497.40574149996974,497.40574149996974,497.3926800999325,NA,NA,NA,NA,NA,NA,NA,NA,NA,NA,016,001,2025-10-03_09h47.45.683,Study_5_PsychoPy_Experiment,2024.1.5,NA,2025-10-03 09h48.00.347273 +0100
Knowledge,Neg,TRUE,Y,FB-Ig,D_B_T,PsychoPyStudy5Stim/D_B_T_2.png,Adam does NOT KNOW there is ONE cube,One,h,b,Y,-,N,0,67,67,9,497.40574149996974,NA,NA,NA,NA,NA,NA,NA,NA,NA,497.3930102998857,2.6030000299215e-4,497.48041220009327,497.85577469994314,497.95583659992553,499.95580270001665,500.35591719998047,500.4578722999431,500.4578722999431,505.27550689992495,b,1,4.802767999935895,NA,505.2762211000081,505.28908960008994,505.28908960008994,505.28908960008994,505.28908960008994,505.2770237000659,NA,NA,NA,NA,NA,NA,NA,NA,NA,NA,016,001,2025-10-03_09h47.45.683,Study_5_PsychoPy_Experiment,2024.1.5,NA,2025-10-03 09h48.00.347273 +0100
Belief,Reg,TRUE,N,TB-Ig,D_B,PsychoPyStudy5Stim/D_B_D_3.png,Adam THINKS there are ZERO cubes,Zero,h,b,N,-,Y,0,68,68,211,505.28908960008994,NA,NA,NA,NA,NA,NA,NA,NA,NA,505.2775884999428,4.433998838067e-4,505.3660416998901,505.7390018000733,505.8393260999582,507.8392360000871,508.2391133001074,508.34097320004366,508.34097320004366,516.8090490999166,b,1,8.456179300090298,NA,516.8098720000125,516.8224188000895,516.8224188000895,516.8224188000895,516.8224188000895,516.8107954000589,NA,NA,NA,NA,NA,NA,NA,NA,NA,NA,016,001,2025-10-03_09h47.45.683,Study_5_PsychoPy_Experiment,2024.1.5,NA,2025-10-03 09h48.00.347273 +0100
Belief,Reg,FALSE,N,TB-K-B,TT_B,PsychoPyStudy5Stim/TT_B_2.png,Adam THINKS there is ONE cube,One,b,h,N,PropFalse,N,0,69,69,250,516.8224188000895,NA,NA,NA,NA,NA,NA,NA,NA,NA,516.8114426999819,5.0880014896392e-4,516.8975503998809,517.272410399979,517.3725590999238,519.3724740000907,519.7722644999158,519.8744429999497,519.8744429999497,521.491903899936,h,1,1.6112973999697715,NA,521.4925408000126,521.5057367000263,521.5057367000263,521.5057367000263,521.5057367000263,521.4932446000166,NA,NA,NA,NA,NA,NA,NA,NA,NA,NA,016,001,2025-10-03_09h47.45.683,Study_5_PsychoPy_Experiment,2024.1.5,NA,2025-10-03 09h48.00.347273 +0100
Belief,Neg,TRUE,Y,FB-Ig,D_B_T,PsychoPyStudy5Stim/D_B_T_4.png,Adam does NOT THINK there is ONE cube,One,h,b,Y,-,N,0,70,70,27,521.5057367000263,NA,NA,NA,NA,NA,NA,NA,NA,NA,521.493774499977,4.2359996587038e-4,521.5964766999241,521.9723322000355,522.0724722999148,524.07251359988,524.472482800018,524.5743833000306,524.5743833000306,531.9585235000122,b,1,7.374662999995053,NA,531.9591886000708,531.9723058999516,531.9723058999516,531.9723058999516,531.9723058999516,531.9598576999269,NA,NA,NA,NA,NA,NA,NA,NA,NA,NA,016,001,2025-10-03_09h47.45.683,Study_5_PsychoPy_Experiment,2024.1.5,NA,2025-10-03 09h48.00.347273 +0100
Knowledge,Neg,TRUE,Y,FB-Ig,D_B_T,PsychoPyStudy5Stim/D_B_T_8.png,Adam does NOT KNOW there is ONE cube,One,h,b,Y,-,N,0,71,71,15,531.9723058999516,NA,NA,NA,NA,NA,NA,NA,NA,NA,531.9603738000151,3.8319989107549e-4,532.049271899974,532.4222424000036,532.5224417001009,534.5224274001084,534.9223950000014,535.0243635000661,535.0243635000661,537.1586400999222,b,1,2.1172204001341015,NA,537.1593080998864,537.1723543999251,537.1723543999251,537.1723543999251,537.1723543999251,537.1601148000918,NA,NA,NA,NA,NA,NA,NA,NA,NA,NA,016,001,2025-10-03_09h47.45.683,Study_5_PsychoPy_Experiment,2024.1.5,NA,2025-10-03 09h48.00.347273 +0100
Belief,Neg,FALSE,N,TB-K,TD_B,PsychoPyStudy5Stim/TD_B_5.png,Adam does NOT THINK there is ONE cube,One,b,h,Y,PropFalse,N,0,72,72,124,537.1723543999251,NA,NA,NA,NA,NA,NA,NA,NA,NA,537.1606793000828,4.5090005733072e-4,537.247603100026,537.6222538000438,537.7225854001008,539.7222223000135,540.122163400054,540.2241028998978,540.2241028998978,543.0415024000686,h,1,2.804771800059825,NA,543.0420222999528,543.0555861000903,543.0555861000903,543.0555861000903,543.0555861000903,543.0425452999771,NA,NA,NA,NA,NA,NA,NA,NA,NA,NA,016,001,2025-10-03_09h47.45.683,Study_5_PsychoPy_Experiment,2024.1.5,NA,2025-10-03 09h48.00.347273 +0100
Belief,Reg,TRUE,N,TB-K-B,TT_B,PsychoPyStudy5Stim/TT_B_5.png,Adam THINKS there are TWO cubes,Two,h,b,N,-,N,0,73,73,246,543.0555861000903,NA,NA,NA,NA,NA,NA,NA,NA,NA,543.0429710999597,3.4839985892176e-4,543.1416986000258,543.5222899001092,543.6224764999934,545.6224460999947,546.0221988998819,546.1241486000363,546.1241486000363,546.841489699902,b,1,0.7131214998662472,NA,546.8417986999266,546.8554487999063,546.8554487999063,546.8554487999063,546.8554487999063,546.842133600032,NA,NA,NA,NA,NA,NA,NA,NA,NA,NA,016,001,2025-10-03_09h47.45.683,Study_5_PsychoPy_Experiment,2024.1.5,NA,2025-10-03 09h48.00.347273 +0100
Reality,Reg,FALSE,N,NB-TB-K,DD_NB,PsychoPyStudy5Stim/DD_NB_6.png,"In REALITY, there are TWO cubes",Two,b,h,N,PropFalse,N,0,74,74,162,546.8554487999063,NA,NA,NA,NA,NA,NA,NA,NA,NA,546.8423959999345,1.862000208348e-4,546.9253714000806,547.3054519998841,547.4055021000095,549.4055568999611,549.805637500016,549.9075754999649,549.9075754999649,550.807692399947,h,1,0.8890068000182509,NA,550.8080037999898,550.8221988999285,550.8221988999285,550.8221988999285,550.8221988999285,550.8083271000069,NA,NA,NA,NA,NA,NA,NA,NA,NA,NA,016,001,2025-10-03_09h47.45.683,Study_5_PsychoPy_Experiment,2024.1.5,NA,2025-10-03 09h48.00.347273 +0100
Knowledge,Reg,TRUE,N,NB-TB-K,TT_NB,PsychoPyStudy5Stim/TT_NB_6.png,Adam KNOWS there are TWO cubes,Two,h,b,N,-,N,0,75,75,172,550.8221988999285,NA,NA,NA,NA,NA,NA,NA,NA,NA,550.8085348999593,1.6619986854493e-4,550.8915627999231,551.2722992000636,551.372367199976,553.3723595000338,553.7723312000744,553.8741733999923,553.8741733999923,555.2088921999093,b,1,1.3222189999651164,NA,555.2096792000812,555.222313700011,555.222313700011,555.222313700011,555.222313700011,555.2105306999292,NA,NA,NA,NA,NA,NA,NA,NA,NA,NA,016,001,2025-10-03_09h47.45.683,Study_5_PsychoPy_Experiment,2024.1.5,NA,2025-10-03 09h48.00.347273 +0100
Knowledge,Reg,TRUE,N,TB-K-B,DD_B,PsychoPyStudy5Stim/DD_B_7.png,Adam KNOWS there are ZERO cubes,Zero,h,b,N,-,N,0,76,76,221,555.222313700011,NA,NA,NA,NA,NA,NA,NA,NA,NA,555.2111259999219,4.6469992958009e-4,555.3028001999483,555.6722703000996,555.7724101999775,557.7723673998844,558.172389500076,558.2742317998782,558.2742317998782,559.4078142000362,b,1,1.1225298000499606,NA,559.4082243000157,559.4222148999106,559.4222148999106,559.4222148999106,559.4222148999106,559.4087016999256,NA,NA,NA,NA,NA,NA,NA,NA,NA,NA,016,001,2025-10-03_09h47.45.683,Study_5_PsychoPy_Experiment,2024.1.5,NA,2025-10-03 09h48.00.347273 +0100
Knowledge,Neg,TRUE,N,NB-TB-K,TT_NB,PsychoPyStudy5Stim/TT_NB_3.png,Adam does NOT KNOW there is ONE cube,One,h,b,Y,-,N,0,77,77,58,559.4222148999106,NA,NA,NA,NA,NA,NA,NA,NA,NA,559.4090255999472,2.5879987515509e-4,559.5028764999006,559.872009200044,559.9721411000937,561.9723191000521,562.3722781999968,562.4742721000221,562.4742721000221,570.9584290001076,b,1,8.474454099778086,NA,570.9591204999015,570.9722178000957,570.9722178000957,570.9722178000957,570.9722178000957,570.9598302999511,NA,NA,NA,NA,NA,NA,NA,NA,NA,NA,016,001,2025-10-03_09h47.45.683,Study_5_PsychoPy_Experiment,2024.1.5,NA,2025-10-03 09h48.00.347273 +0100
Knowledge,Reg,FALSE,N,FB-Ig,T_B_T,PsychoPyStudy5Stim/T_B_T_3.png,Adam KNOWS there are ZERO cubes,Zero,b,h,N,PropFalse,N,0,78,78,277,570.9722178000957,NA,NA,NA,NA,NA,NA,NA,NA,NA,570.9603512999602,4.0909997187554e-4,571.0560335998889,571.4388502000365,571.539096100023,573.538870899938,573.9389895000495,574.0408415999264,574.0408415999264,576.0419918000698,h,1,1.99722609994933,NA,576.0426590000279,576.0554875999223,576.0554875999223,576.0554875999223,576.0554875999223,576.0433704000898,NA,NA,NA,NA,NA,NA,NA,NA,NA,NA,016,001,2025-10-03_09h47.45.683,Study_5_PsychoPy_Experiment,2024.1.5,NA,2025-10-03 09h48.00.347273 +0100
Belief,Neg,FALSE,N,NB-TB-K,T_NB,PsychoPyStudy5Stim/T_NB_6.png,Adam does NOT THINK there is ONE cube,One,b,h,Y,PropFalse,N,0,79,79,53,576.0554875999223,NA,NA,NA,NA,NA,NA,NA,NA,NA,576.0438896000851,4.0809996426105e-4,576.1366542000324,576.5219109999016,576.622078999877,578.6223816000856,579.0222306998912,579.1241552999709,579.1241552999709,582.8249011000153,h,1,3.6886055001523346,NA,582.8254633001052,582.8387736000586,582.8387736000586,582.8387736000586,582.8387736000586,582.8260907998774,NA,NA,NA,NA,NA,NA,NA,NA,NA,NA,016,001,2025-10-03_09h47.45.683,Study_5_PsychoPy_Experiment,2024.1.5,NA,2025-10-03 09h48.00.347273 +0100
Knowledge,Reg,FALSE,N,TB-Ig,D_B,PsychoPyStudy5Stim/D_B_2.png,Adam KNOWS there are ZERO cubes,Zero,b,h,N,PropTrueNoKnow,Y,0,80,80,198,582.8387736000586,NA,NA,NA,NA,NA,NA,NA,NA,NA,582.8265257999301,3.4370017237961e-4,582.912852599984,583.2886302000843,583.3887106000911,585.3889242000878,585.7888903999701,585.8908587999176,585.8908587999176,590.2748906998895,h,1,4.3785749999806285,NA,590.2754863000009,590.2887854001019,590.2887854001019,590.2887854001019,590.2887854001019,590.2760995998979,NA,NA,NA,NA,NA,NA,NA,NA,NA,NA,016,001,2025-10-03_09h47.45.683,Study_5_PsychoPy_Experiment,2024.1.5,NA,2025-10-03 09h48.00.347273 +0100
Knowledge,Neg,TRUE,Y,FB-Ig,D_B_T,PsychoPyStudy5Stim/D_B_T_1.png,Adam does NOT KNOW there is ONE cube,One,h,b,Y,-,N,0,81,81,8,590.2887854001019,NA,NA,NA,NA,NA,NA,NA,NA,NA,590.2765641000587,3.7389993667602e-4,590.375702300109,590.7553844999056,590.8555485000834,592.8553637999576,593.2555386000313,593.357604800025,593.357604800025,607.7242151000537,b,1,14.359037899877876,NA,607.7245442999993,607.7386185999494,607.7386185999494,607.7386185999494,607.7386185999494,607.7249034000561,NA,NA,NA,NA,NA,NA,NA,NA,NA,NA,016,001,2025-10-03_09h47.45.683,Study_5_PsychoPy_Experiment,2024.1.5,NA,2025-10-03 09h48.00.347273 +0100
Belief,Reg,TRUE,N,TB-K-B,TT_B,PsychoPyStudy5Stim/TT_B_6.png,Adam THINKS there are TWO cubes,Two,h,b,N,-,N,0,82,82,247,607.7386185999494,NA,NA,NA,NA,NA,NA,NA,NA,NA,607.7251458000392,1.9400008022785e-4,607.8246057000943,608.2051820999477,608.3052451999392,610.3055376999546,610.7056181998923,610.8075309998821,610.8075309998821,616.0586457001045,b,1,5.237082199892029,NA,616.0593906999566,616.0720897999126,616.0720897999126,616.0720897999126,616.0720897999126,616.0602539998945,NA,NA,NA,NA,NA,NA,NA,NA,NA,NA,016,001,2025-10-03_09h47.45.683,Study_5_PsychoPy_Experiment,2024.1.5,NA,2025-10-03 09h48.00.347273 +0100
Belief,Reg,TRUE,N,TB-Ig,D_B,PsychoPyStudy5Stim/D_B_D_1.png,Adam THINKS there are ZERO cubes,Zero,h,b,N,-,Y,0,83,83,209,616.0720897999126,NA,NA,NA,NA,NA,NA,NA,NA,NA,616.0608949998859,5.1250006072223e-4,616.1538056000136,616.5387309000362,616.6388888000511,618.638825800037,619.0388158999849,619.1407439999748,619.1407439999748,621.3241459999699,b,1,2.1761592000257224,NA,621.3244437000249,621.3390303999186,NA,621.3390303999186,NA,624.8244286999106,space,3.4820620000828058,NA,NA,NA,NA,NA,NA,NA,NA,016,001,2025-10-03_09h47.45.683,Study_5_PsychoPy_Experiment,2024.1.5,NA,2025-10-03 09h48.00.347273 +0100
Belief,Reg,TRUE,N,TB-K-B,TD_B,PsychoPyStudy5Stim/TD_B_7.png,Adam THINKS there is ONE cube,One,h,b,N,-,N,0,84,84,261,624.8387223999016,NA,NA,NA,NA,NA,NA,NA,NA,NA,624.8260989000555,5.8019999414682e-4,624.9204011999536,625.3052205999848,625.4052879998926,627.4052184999455,627.8053049999289,627.9070707000792,627.9070707000792,629.9415750999469,b,1,2.0179600999690592,NA,629.9422736999113,629.9552839000244,629.9552839000244,629.9552839000244,629.9552839000244,629.9440121999942,NA,NA,NA,NA,NA,NA,NA,NA,NA,NA,016,001,2025-10-03_09h47.45.683,Study_5_PsychoPy_Experiment,2024.1.5,NA,2025-10-03 09h48.00.347273 +0100
Knowledge,Reg,FALSE,N,FB-Ig,D_B_T,PsychoPyStudy5Stim/D_B_T_7.png,Adam KNOWS there are TWO cubes,Two,b,h,N,PropFalse,N,0,85,85,297,629.9552839000244,NA,NA,NA,NA,NA,NA,NA,NA,NA,629.9445621001069,4.2439997196197e-4,630.0263664000668,630.4053187998943,630.5054401000962,632.5054325000383,632.9053229999263,633.0074144999962,633.0074144999962,634.0250597998966,h,1,1.0130604999139905,NA,634.0257216000464,634.0386045998894,634.0386045998894,634.0386045998894,634.0386045998894,634.0264403999317,NA,NA,NA,NA,NA,NA,NA,NA,NA,NA,016,001,2025-10-03_09h47.45.683,Study_5_PsychoPy_Experiment,2024.1.5,NA,2025-10-03 09h48.00.347273 +0100
Reality,Reg,FALSE,N,NB-TB-K,T_NB,PsychoPyStudy5Stim/T_NB_7.png,"In REALITY, there are ZERO cubes",Zero,b,h,N,PropFalse,N,0,86,86,146,634.0386045998894,NA,NA,NA,NA,NA,NA,NA,NA,NA,634.026957700029,4.0669995360076e-4,634.1216625999659,634.5053149999585,634.6054153000005,636.6054754999932,637.005375900073,637.1072466999758,637.1072466999758,639.6413630999159,h,1,2.530498299980536,NA,639.6419204999693,639.6552450999152,639.6552450999152,639.6552450999152,639.6552450999152,639.6425413000397,NA,NA,NA,NA,NA,NA,NA,NA,NA,NA,016,001,2025-10-03_09h47.45.683,Study_5_PsychoPy_Experiment,2024.1.5,NA,2025-10-03 09h48.00.347273 +0100
Knowledge,Reg,TRUE,N,TB-K-B,DD_B,PsychoPyStudy5Stim/DD_B_2.png,Adam KNOWS there are ZERO cubes,Zero,h,b,N,-,N,0,87,87,216,639.6552450999152,NA,NA,NA,NA,NA,NA,NA,NA,NA,639.6429753999691,3.4169992431998e-4,639.7423439000268,640.1219113999978,640.2219972999301,642.2221663000528,642.6220285999589,642.7239051999059,642.7239051999059,644.1580292999279,b,1,1.4251434998586774,NA,644.1585985000711,644.1718828999437,644.1718828999437,644.1718828999437,644.1718828999437,644.1592087999452,NA,NA,NA,NA,NA,NA,NA,NA,NA,NA,016,001,2025-10-03_09h47.45.683,Study_5_PsychoPy_Experiment,2024.1.5,NA,2025-10-03 09h48.00.347273 +0100
Knowledge,Neg,FALSE,N,TB-K,TT_B,PsychoPyStudy5Stim/TT_B_3.png,Adam does NOT KNOW there are TWO cubes,Two,b,h,Y,PropFalse,N,0,88,88,90,644.1718828999437,NA,NA,NA,NA,NA,NA,NA,NA,NA,644.1596498000436,3.4780008718371e-4,644.2614277000539,644.6386643000878,644.738788299961,646.7387516999152,647.1387342999224,647.2407054998912,647.2407054998912,650.6083438999485,h,1,3.363831599941477,NA,650.6090202999767,650.6219474000391,650.6219474000391,650.6219474000391,650.6219474000391,650.6097935999278,NA,NA,NA,NA,NA,NA,NA,NA,NA,NA,016,001,2025-10-03_09h47.45.683,Study_5_PsychoPy_Experiment,2024.1.5,NA,2025-10-03 09h48.00.347273 +0100
Reality,Reg,FALSE,N,NB-TB-K,DT_NB,PsychoPyStudy5Stim/TD_NB_1.png,"In REALITY, there are ZERO cubes",Zero,b,h,N,PropFalse,N,0,89,89,169,650.6219474000391,NA,NA,NA,NA,NA,NA,NA,NA,NA,650.6103682999965,4.5949988998472e-4,650.7024528998882,651.0719842000399,651.1719124999363,653.1719233999029,653.5718489000574,653.6739370001014,653.6739370001014,654.7743804000784,h,1,1.0834210999310017,NA,654.774893600028,654.7885549999774,654.7885549999774,654.7885549999774,654.7885549999774,654.7754593999125,NA,NA,NA,NA,NA,NA,NA,NA,NA,NA,016,001,2025-10-03_09h47.45.683,Study_5_PsychoPy_Experiment,2024.1.5,NA,2025-10-03 09h48.00.347273 +0100
Reality,Reg,TRUE,N,FB-Ig,B_T,PsychoPyStudy5Stim/B_T_1.png,"In REALITY, there is ONE cube",One,h,b,N,-,N,0,90,90,317,654.7885549999774,NA,NA,NA,NA,NA,NA,NA,NA,NA,654.7758470000699,3.0549988150596e-4,654.8787539999466,655.2552658999339,655.3553909000475,657.3554076000582,657.7553292000666,657.857353300089,657.857353300089,658.8421823000535,b,1,0.9804765998851508,NA,658.8430121000856,658.8552916999906,658.8552916999906,658.8552916999906,658.8552916999906,658.8440060000867,NA,NA,NA,NA,NA,NA,NA,NA,NA,NA,016,001,2025-10-03_09h47.45.683,Study_5_PsychoPy_Experiment,2024.1.5,NA,2025-10-03 09h48.00.347273 +0100
Reality,Reg,FALSE,N,TB-Ig,D_B,PsychoPyStudy5Stim/D_B_D_2.png,"In REALITY, there is ONE cube",One,b,h,N,NA,N,0,91,91,213,658.8552916999906,NA,NA,NA,NA,NA,NA,NA,NA,NA,658.8447257000953,5.7659996673464e-4,658.950217399979,659.3216963999439,659.4220277999993,661.4220539000817,661.8219614999834,661.9239087000024,661.9239087000024,664.7908338999841,h,1,2.8644250999204814,NA,664.7911708001047,664.8050547998864,664.8050547998864,664.8050547998864,664.8050547998864,664.7915362000931,NA,NA,NA,NA,NA,NA,NA,NA,NA,NA,016,001,2025-10-03_09h47.45.683,Study_5_PsychoPy_Experiment,2024.1.5,NA,2025-10-03 09h48.00.347273 +0100
Reality,Reg,FALSE,N,TB-K-B,DD_B,PsychoPyStudy5Stim/DD_B_9.png,"In REALITY, there are TWO cubes",Two,b,h,N,PropFalse,N,0,92,92,240,664.8050547998864,NA,NA,NA,NA,NA,NA,NA,NA,NA,664.7917836999986,2.0070001482963e-4,664.8815889998805,665.2552000998985,665.3553301999345,667.3552751000971,667.7553304000758,667.857088400051,667.857088400051,668.9747154999059,h,1,1.100372300017625,NA,668.9754786998965,668.9885386000387,668.9885386000387,668.9885386000387,668.9885386000387,668.976239199983,NA,NA,NA,NA,NA,NA,NA,NA,NA,NA,016,001,2025-10-03_09h47.45.683,Study_5_PsychoPy_Experiment,2024.1.5,NA,2025-10-03 09h48.00.347273 +0100
Belief,Reg,TRUE,N,FB-Ig,B_T,PsychoPyStudy5Stim/B_T_3.png,Adam THINKS there are ZERO cubes,Zero,h,b,N,-,Y,0,93,93,314,668.9885386000387,NA,NA,NA,NA,NA,NA,NA,NA,NA,668.9768882000353,4.5430008322e-4,669.0721519999206,669.4549654000439,669.555059999926,671.5553109000903,671.9552033001091,672.0572448000312,672.0572448000312,674.0919759999961,b,1,2.027468299958855,NA,674.0928096999414,674.105265900027,674.105265900027,674.105265900027,674.105265900027,674.0937282999512,NA,NA,NA,NA,NA,NA,NA,NA,NA,NA,016,001,2025-10-03_09h47.45.683,Study_5_PsychoPy_Experiment,2024.1.5,NA,2025-10-03 09h48.00.347273 +0100
Knowledge,Reg,FALSE,N,TB-K-B,DD_B,PsychoPyStudy5Stim/DD_B_2.png,Adam KNOWS there is ONE cube,One,b,h,N,PropFalse,N,0,94,94,225,674.105265900027,NA,NA,NA,NA,NA,NA,NA,NA,NA,674.0943696999457,5.0269998610019e-4,674.1880709000397,674.5718247001059,674.6720412001014,676.6719444000628,677.0719020999968,677.1738517999183,677.1738517999183,679.7913508000784,h,1,2.6144484002143145,NA,679.7919540998992,679.805129900109,679.805129900109,679.805129900109,679.805129900109,679.7925585999619,NA,NA,NA,NA,NA,NA,NA,NA,NA,NA,016,001,2025-10-03_09h47.45.683,Study_5_PsychoPy_Experiment,2024.1.5,NA,2025-10-03 09h48.00.347273 +0100
Knowledge,Reg,FALSE,N,FB-Ig,T_B_T,PsychoPyStudy5Stim/T_B_T_8.png,Adam KNOWS there are ZERO cubes,Zero,b,h,N,PropFalse,N,0,95,95,282,679.805129900109,NA,NA,NA,NA,NA,NA,NA,NA,NA,679.7929962999187,3.4330016933381e-4,679.890575400088,680.2719244000036,680.3719915000256,682.371880199993,682.7718483998906,682.8737568999641,682.8737568999641,685.275264200056,h,1,2.3870708998292685,NA,685.2761335000396,685.2885469000321,685.2885469000321,685.2885469000321,685.2885469000321,685.2770396999549,NA,NA,NA,NA,NA,NA,NA,NA,NA,NA,016,001,2025-10-03_09h47.45.683,Study_5_PsychoPy_Experiment,2024.1.5,NA,2025-10-03 09h48.00.347273 +0100
Belief,Reg,TRUE,N,NB-TB-K,TT_NB,PsychoPyStudy5Stim/TT_NB_5.png,Adam THINKS there are TWO cubes,Two,h,b,N,-,N,0,96,96,177,685.2885469000321,NA,NA,NA,NA,NA,NA,NA,NA,NA,685.277725199936,5.4470007307827e-4,685.3831064999104,685.7548326000106,685.8550398000516,687.8553007000592,688.2550536999479,688.3571812000591,688.3571812000591,689.273861200083,b,1,0.912539300043136,NA,689.2741564998869,689.2883925999049,689.2883925999049,689.2883925999049,689.2883925999049,689.2744762999937,NA,NA,NA,NA,NA,NA,NA,NA,NA,NA,016,001,2025-10-03_09h47.45.683,Study_5_PsychoPy_Experiment,2024.1.5,NA,2025-10-03 09h48.00.347273 +0100
Belief,Reg,FALSE,N,TB-K-B,TD_B,PsychoPyStudy5Stim/TD_B_6.png,Adam THINKS there are ZERO cubes,Zero,b,h,N,PropFalse,N,0,97,97,268,689.2883925999049,NA,NA,NA,NA,NA,NA,NA,NA,NA,689.2746852999553,1.6749999485909e-4,689.3591052000411,689.7384864001069,689.8386222999543,691.8385495999828,692.2385376000311,692.340416100109,692.340416100109,693.0742631000467,h,1,0.7284068001899868,NA,693.0747565000784,693.088397399988,693.088397399988,693.088397399988,693.088397399988,693.0752948001027,NA,NA,NA,NA,NA,NA,NA,NA,NA,NA,016,001,2025-10-03_09h47.45.683,Study_5_PsychoPy_Experiment,2024.1.5,NA,2025-10-03 09h48.00.347273 +0100
Knowledge,Neg,TRUE,N,TB-K,TT_B,PsychoPyStudy5Stim/TT_B_3.png,Adam does NOT KNOW there is ONE cube,One,h,b,Y,-,N,0,98,98,82,693.088397399988,NA,NA,NA,NA,NA,NA,NA,NA,NA,693.075665500015,2.9310001991689e-4,693.1680123000406,693.5384482999798,693.6386826999951,695.6385347000323,696.0385249000974,696.1404210999608,696.1404210999608,697.5908983000554,b,1,1.43996850005351,NA,697.5913949999958,697.605064000003,697.605064000003,697.605064000003,697.605064000003,697.5919292001054,NA,NA,NA,NA,NA,NA,NA,NA,NA,NA,016,001,2025-10-03_09h47.45.683,Study_5_PsychoPy_Experiment,2024.1.5,NA,2025-10-03 09h48.00.347273 +0100
Knowledge,Neg,FALSE,N,TB-K,TT_B,PsychoPyStudy5Stim/TT_B_4.png,Adam does NOT KNOW there are TWO cubes,Two,b,h,Y,PropFalse,N,0,99,99,91,697.605064000003,NA,NA,NA,NA,NA,NA,NA,NA,NA,697.5923041000497,2.95199919492e-4,697.6837635000702,698.0551287999842,698.1552685000934,700.1552303000353,700.555180599913,700.6570858000778,700.6570858000778,704.8411187999882,h,1,4.171133799944073,NA,704.8416842999868,704.8550319001079,704.8550319001079,704.8550319001079,704.8550319001079,704.8422956999857,NA,NA,NA,NA,NA,NA,NA,NA,NA,NA,016,001,2025-10-03_09h47.45.683,Study_5_PsychoPy_Experiment,2024.1.5,NA,2025-10-03 09h48.00.347273 +0100
Knowledge,Reg,TRUE,N,NB-TB-K,DD_NB,PsychoPyStudy5Stim/DD_NB_3.png,Adam KNOWS there are ZERO cubes,Zero,h,b,N,-,N,0,100,100,149,704.8550319001079,NA,NA,NA,NA,NA,NA,NA,NA,NA,704.8427315999288,3.4320005215704e-4,704.9450771999545,705.3217974000145,705.4217509999871,707.4217999998946,707.8218511999585,707.9237238999922,707.9237238999922,709.6073139000218,b,1,1.6805290998890996,NA,709.6076330000069,709.6215464998968,709.6215464998968,709.6215464998968,709.6215464998968,709.6080193999223,NA,NA,NA,NA,NA,NA,NA,NA,NA,NA,016,001,2025-10-03_09h47.45.683,Study_5_PsychoPy_Experiment,2024.1.5,NA,2025-10-03 09h48.00.347273 +0100
Knowledge,Neg,FALSE,N,NB-TB-K,TT_NB,PsychoPyStudy5Stim/TT_NB_3.png,Adam does NOT KNOW there are TWO cubes,Two,b,h,Y,PropFalse,N,0,101,101,66,709.6215464998968,NA,NA,NA,NA,NA,NA,NA,NA,NA,709.6082482999191,1.8179998733103e-4,709.6893645999953,710.0717752000783,710.1719047999941,712.1717916999478,712.5717126999516,712.6736103999428,712.6736103999428,715.2916417999659,h,1,2.6030345000326633,NA,715.2924563998822,715.3050659999717,715.3050659999717,715.3050659999717,715.3050659999717,715.2933970999438,NA,NA,NA,NA,NA,NA,NA,NA,NA,NA,016,001,2025-10-03_09h47.45.683,Study_5_PsychoPy_Experiment,2024.1.5,NA,2025-10-03 09h48.00.347273 +0100
Knowledge,Neg,FALSE,N,TB-K,TD_B,PsychoPyStudy5Stim/TD_B_1.png,Adam does NOT KNOW there is ONE cube,One,b,h,Y,PropFalse,N,0,102,102,112,715.3050659999717,NA,NA,NA,NA,NA,NA,NA,NA,NA,715.2940775998868,4.9920007586479e-4,715.3896782000083,715.771815400105,715.8718890999444,717.8717781000305,718.2718585000839,718.3736664000899,718.3736664000899,722.1578991001006,h,1,3.7746007000096142,NA,722.1586066999007,722.1716865999624,722.1716865999624,722.1716865999624,722.1716865999624,722.1593361000996,NA,NA,NA,NA,NA,NA,NA,NA,NA,NA,016,001,2025-10-03_09h47.45.683,Study_5_PsychoPy_Experiment,2024.1.5,NA,2025-10-03 09h48.00.347273 +0100
Belief,Neg,TRUE,Y,FB-Ig,T_B_T,PsychoPyStudy5Stim/T_B_T_2.png,Adam does NOT THINK there are TWO cubes,Two,h,b,Y,-,N,0,103,103,17,722.1716865999624,NA,NA,NA,NA,NA,NA,NA,NA,NA,722.1598545000888,4.065001849085e-4,722.2614549999125,722.6383477998897,722.7385030998848,724.7384478000458,725.1384431999177,725.2403128000442,725.2403128000442,731.8579512001015,b,1,6.603778300108388,NA,731.8586347000673,731.8716637999751,731.8716637999751,731.8716637999751,731.8716637999751,731.8593512000516,NA,NA,NA,NA,NA,NA,NA,NA,NA,NA,016,001,2025-10-03_09h47.45.683,Study_5_PsychoPy_Experiment,2024.1.5,NA,2025-10-03 09h48.00.347273 +0100
Knowledge,Reg,FALSE,N,FB-Ig,T_B_T,PsychoPyStudy5Stim/T_B_T_4.png,Adam KNOWS there are ZERO cubes,Zero,b,h,N,PropFalse,N,0,104,104,278,731.8716637999751,NA,NA,NA,NA,NA,NA,NA,NA,NA,731.8598686000332,4.0660006925463e-4,731.9525576001033,732.3216935999226,732.4217970001046,734.4218425001018,734.821725100046,734.923662800109,734.923662800109,736.2243739000987,h,1,1.2972331999335438,NA,736.2249491000548,736.2382628000341,736.2382628000341,736.2382628000341,736.2382628000341,736.2255679999944,NA,NA,NA,NA,NA,NA,NA,NA,NA,NA,016,001,2025-10-03_09h47.45.683,Study_5_PsychoPy_Experiment,2024.1.5,NA,2025-10-03 09h48.00.347273 +0100
Belief,Reg,FALSE,N,FB-Ig,T_B_T,PsychoPyStudy5Stim/T_B_T_3.png,Adam THINKS there are ZERO cubes,Zero,b,h,N,PropFalse,N,0,105,105,285,736.2382628000341,NA,NA,NA,NA,NA,NA,NA,NA,NA,736.225999899907,3.3900002017617e-4,736.3100964000914,736.6880532000214,736.7881608998869,738.7883192999288,739.1883413998876,739.2902353000827,739.2902353000827,754.3569918998983,h,1,15.058253499912098,NA,754.3572851999197,754.3713714999612,754.3713714999612,754.3713714999612,754.3713714999612,754.3576205999125,NA,NA,NA,NA,NA,NA,NA,NA,NA,NA,016,001,2025-10-03_09h47.45.683,Study_5_PsychoPy_Experiment,2024.1.5,NA,2025-10-03 09h48.00.347273 +0100
Knowledge,Reg,FALSE,N,TB-Ig,D_B,PsychoPyStudy5Stim/D_B_1.png,Adam KNOWS there are ZERO cubes,Zero,b,h,N,PropTrueNoKnow,Y,0,106,106,197,754.3713714999612,NA,NA,NA,NA,NA,NA,NA,NA,NA,754.3578331000172,1.7010001465678e-4,754.4423410999589,754.8215715999249,754.9216922998894,756.9216219999362,757.3216107999906,757.4235457999166,757.4235457999166,760.291380800074,h,1,2.8522522000130266,NA,760.2921730999369,760.304889800027,760.304889800027,760.304889800027,760.304889800027,760.2929877000861,NA,NA,NA,NA,NA,NA,NA,NA,NA,NA,016,001,2025-10-03_09h47.45.683,Study_5_PsychoPy_Experiment,2024.1.5,NA,2025-10-03 09h48.00.347273 +0100
Knowledge,Neg,TRUE,Y,FB-Ig,T_B_T,PsychoPyStudy5Stim/T_B_T_7.png,Adam does NOT KNOW there are TWO cubes,Two,h,b,Y,-,N,0,107,107,6,760.304889800027,NA,NA,NA,NA,NA,NA,NA,NA,NA,760.2935824000742,4.9659982323646e-4,760.3894189998973,760.7713087999728,760.8714938000776,762.8716736000497,763.2716268999502,763.3734208000824,763.3734208000824,767.9910750999115,b,1,4.606908000074327,NA,767.9917647999246,768.0048398999497,768.0048398999497,768.0048398999497,768.0048398999497,767.9924681000412,NA,NA,NA,NA,NA,NA,NA,NA,NA,NA,016,001,2025-10-03_09h47.45.683,Study_5_PsychoPy_Experiment,2024.1.5,NA,2025-10-03 09h48.00.347273 +0100
Belief,Neg,FALSE,N,NB-TB-K,TT_NB,PsychoPyStudy5Stim/TT_NB_1.png,Adam does NOT THINK there are TWO cubes,Two,b,h,Y,PropFalse,N,0,108,108,72,768.0048398999497,NA,NA,NA,NA,NA,NA,NA,NA,NA,767.9929859000258,4.0589994750916e-4,768.0835267000366,768.454589500092,768.5548833999783,770.5549896999728,770.9549543999601,771.0567618000787,771.0567618000787,772.6570089000743,h,1,1.587382199941203,NA,772.6573355,772.6714141000994,772.6714141000994,772.6714141000994,772.6714141000994,772.6576956000645,NA,NA,NA,NA,NA,NA,NA,NA,NA,NA,016,001,2025-10-03_09h47.45.683,Study_5_PsychoPy_Experiment,2024.1.5,NA,2025-10-03 09h48.00.347273 +0100
Knowledge,Reg,TRUE,N,NB-TB-K,D_NB,PsychoPyStudy5Stim/D_NB_4.png,Adam KNOWS there are ZERO cubes,Zero,h,b,N,-,N,0,109,109,131,772.6714141000994,NA,NA,NA,NA,NA,NA,NA,NA,NA,772.6579350999091,1.9080005586147e-4,772.7555923000909,773.1380469000433,773.2383441000711,775.238353600027,775.6382148999255,775.7401662000921,775.7401662000921,777.6074282000773,b,1,1.8566181999631224,NA,777.6079420999158,777.6213859000709,777.6213859000709,777.6213859000709,777.6213859000709,777.6084662999492,NA,NA,NA,NA,NA,NA,NA,NA,NA,NA,016,001,2025-10-03_09h47.45.683,Study_5_PsychoPy_Experiment,2024.1.5,NA,2025-10-03 09h48.00.347273 +0100
Reality,Reg,TRUE,N,NB-TB-K,DT_NB,PsychoPyStudy5Stim/TD_NB_1.png,"In REALITY, there is ONE cube",One,h,b,N,-,N,0,110,110,167,777.6213859000709,NA,NA,NA,NA,NA,NA,NA,NA,NA,777.6088634000625,3.1799986027181e-4,777.6978480999824,778.0712284001056,778.1713334999513,780.1713421000168,780.5713257000316,780.6731757000089,780.6731757000089,781.4909614999779,b,1,0.8113406000193208,NA,781.491633299971,781.5046975000296,781.5046975000296,781.5046975000296,781.5046975000296,781.4923223999795,NA,NA,NA,NA,NA,NA,NA,NA,NA,NA,016,001,2025-10-03_09h47.45.683,Study_5_PsychoPy_Experiment,2024.1.5,NA,2025-10-03 09h48.00.347273 +0100
Reality,Reg,TRUE,N,FB-Ig,B_T,PsychoPyStudy5Stim/B_T_2.png,"In REALITY, there is ONE cube",One,h,b,N,-,N,0,111,111,318,781.5046975000296,NA,NA,NA,NA,NA,NA,NA,NA,NA,781.4928397999611,3.8490002043545e-4,781.5850384000223,781.9548333999701,782.0549526999239,784.0549498000182,784.4548706999049,784.5568236999679,784.5568236999679,785.8243970999029,b,1,1.254875099984929,NA,785.8250992000103,785.8381101998966,785.8381101998966,785.8381101998966,785.8381101998966,785.825816999888,NA,NA,NA,NA,NA,NA,NA,NA,NA,NA,016,001,2025-10-03_09h47.45.683,Study_5_PsychoPy_Experiment,2024.1.5,NA,2025-10-03 09h48.00.347273 +0100
Belief,Neg,TRUE,Y,FB-Ig,D_B_T,PsychoPyStudy5Stim/D_B_T_3.png,Adam does NOT THINK there is ONE cube,One,h,b,Y,-,N,0,112,112,26,785.8381101998966,NA,NA,NA,NA,NA,NA,NA,NA,NA,785.8263353998773,4.0709995664656e-4,785.9251774998847,786.3048199000768,786.4049221999012,788.4047177000903,788.8048394001089,788.9066717000678,788.9066717000678,793.2568379000295,b,1,4.337386999977753,NA,793.2571276000235,793.271181399934,793.271181399934,793.271181399934,793.271181399934,793.2574471000116,NA,NA,NA,NA,NA,NA,NA,NA,NA,NA,016,001,2025-10-03_09h47.45.683,Study_5_PsychoPy_Experiment,2024.1.5,NA,2025-10-03 09h48.00.347273 +0100
Knowledge,Reg,TRUE,N,TB-K-B,TT_B,PsychoPyStudy5Stim/TT_B_7.png,Adam KNOWS there are TWO cubes,Two,h,b,N,-,N,0,113,113,243,793.271181399934,NA,NA,NA,NA,NA,NA,NA,NA,NA,793.2576546000782,1.6679987311363e-4,793.34629580006,793.7212453999091,793.8213426999282,795.8216214999557,796.2214989000931,796.323557900032,796.323557900032,797.2571564998943,b,1,0.9283644000533968,NA,797.2576089999638,797.2712773999665,797.2712773999665,797.2712773999665,797.2712773999665,797.2580977000762,NA,NA,NA,NA,NA,NA,NA,NA,NA,NA,016,001,2025-10-03_09h47.45.683,Study_5_PsychoPy_Experiment,2024.1.5,NA,2025-10-03 09h48.00.347273 +0100
Belief,Neg,TRUE,Y,FB-Ig,D_B_T,PsychoPyStudy5Stim/D_B_T_2.png,Adam does NOT THINK there is ONE cube,One,h,b,Y,-,N,0,114,114,25,797.2712773999665,NA,NA,NA,NA,NA,NA,NA,NA,NA,797.2584406000096,2.717999741435e-4,797.3414286000188,797.7213888000697,797.8215395999141,799.82147049997,800.2214669000823,800.3233409000095,800.3233409000095,801.8744928999804,b,1,1.5454309999477118,NA,801.8751958000939,801.8880386000965,801.8880386000965,801.8880386000965,801.8880386000965,801.8759184998926,NA,NA,NA,NA,NA,NA,NA,NA,NA,NA,016,001,2025-10-03_09h47.45.683,Study_5_PsychoPy_Experiment,2024.1.5,NA,2025-10-03 09h48.00.347273 +0100
Belief,Reg,FALSE,N,FB-Ig,D_B_T,PsychoPyStudy5Stim/D_B_T_8.png,Adam THINKS there are TWO cubes,Two,b,h,N,PropFalse,N,0,115,115,306,801.8880386000965,NA,NA,NA,NA,NA,NA,NA,NA,NA,801.8764410999138,4.1049998253583e-4,801.9709489999805,802.3546653999947,802.4548529998865,804.4548331000842,804.8548232999165,804.9567668000236,804.9567668000236,807.591456099879,h,1,2.631644600071013,NA,807.592277900083,807.6047507000621,807.6047507000621,807.6047507000621,807.6047507000621,807.593846200034,NA,NA,NA,NA,NA,NA,NA,NA,NA,NA,016,001,2025-10-03_09h47.45.683,Study_5_PsychoPy_Experiment,2024.1.5,NA,2025-10-03 09h48.00.347273 +0100
Knowledge,Reg,TRUE,N,NB-TB-K,D_NB,PsychoPyStudy5Stim/D_NB_6.png,Adam KNOWS there are ZERO cubes,Zero,h,b,N,-,N,0,116,116,133,807.6047507000621,NA,NA,NA,NA,NA,NA,NA,NA,NA,807.5945035000332,5.0830002874135e-4,807.6798157000449,808.0546230999753,808.1548764000181,810.1546646999195,810.5546929000411,810.6567351000849,810.6567351000849,812.6240952999797,b,1,1.9633565000258384,NA,812.6245967000723,812.6379523999058,812.6379523999058,812.6379523999058,812.6379523999058,812.6251280999277,NA,NA,NA,NA,NA,NA,NA,NA,NA,NA,016,001,2025-10-03_09h47.45.683,Study_5_PsychoPy_Experiment,2024.1.5,NA,2025-10-03 09h48.00.347273 +0100
Belief,Neg,TRUE,N,TB-K,TT_B,PsychoPyStudy5Stim/TT_B_4.png,Adam does NOT THINK there is ONE cube,One,h,b,Y,-,N,0,117,117,87,812.6379523999058,NA,NA,NA,NA,NA,NA,NA,NA,NA,812.6255081000272,2.9919994994997e-4,812.7182046999224,813.0880495999008,813.188168700086,815.1881480999291,815.5881445999257,815.6900430000387,815.6900430000387,822.4246290000156,b,1,6.722273899940774,NA,822.4254952999763,822.4379167999141,822.4379167999141,822.4379167999141,822.4379167999141,822.4263764999341,NA,NA,NA,NA,NA,NA,NA,NA,NA,NA,016,001,2025-10-03_09h47.45.683,Study_5_PsychoPy_Experiment,2024.1.5,NA,2025-10-03 09h48.00.347273 +0100
Knowledge,Neg,FALSE,N,NB-TB-K,T_NB,PsychoPyStudy5Stim/T_NB_2.png,Adam does NOT KNOW there is ONE cube,One,b,h,Y,PropFalse,N,0,118,118,41,822.4379167999141,NA,NA,NA,NA,NA,NA,NA,NA,NA,822.427021099953,5.0360010936856e-4,822.5176329000387,822.8880219000857,822.9880977999419,824.9880774999037,825.3880813000724,825.4900698000565,825.4900698000565,829.0410456000827,h,1,3.5471626000944525,NA,829.0417263999116,829.0546168000437,829.0546168000437,829.0546168000437,829.0546168000437,829.0424653000664,NA,NA,NA,NA,NA,NA,NA,NA,NA,NA,016,001,2025-10-03_09h47.45.683,Study_5_PsychoPy_Experiment,2024.1.5,NA,2025-10-03 09h48.00.347273 +0100
Knowledge,Neg,TRUE,N,TB-K,TD_B,PsychoPyStudy5Stim/TD_B_3.png,Adam does NOT KNOW there are TWO cubes,Two,h,b,Y,-,N,0,119,119,106,829.0546168000437,NA,NA,NA,NA,NA,NA,NA,NA,NA,829.0430322000757,4.5400019735097e-4,829.1300341000315,829.5046892000828,829.6046172000933,831.6047225000802,832.0047349000815,832.1065583999734,832.1065583999734,842.3915923999157,b,1,10.281138800084593,NA,842.3924529999495,842.4046086999588,842.4046086999588,842.4046086999588,842.4046086999588,842.393397100037,NA,NA,NA,NA,NA,NA,NA,NA,NA,NA,016,001,2025-10-03_09h47.45.683,Study_5_PsychoPy_Experiment,2024.1.5,NA,2025-10-03 09h48.00.347273 +0100
Knowledge,Reg,FALSE,N,FB-Ig,B_T,PsychoPyStudy5Stim/B_T_1.png,Adam KNOWS there are ZERO cubes,Zero,b,h,N,PropTrueNoKnow,Y,0,120,120,307,842.4046086999588,NA,NA,NA,NA,NA,NA,NA,NA,NA,842.3940477999859,5.0970003940165e-4,842.4867042000405,842.8712857000064,842.9713936001062,844.9713822999038,845.3713454999961,845.4732226999477,845.4732226999477,851.1240771000739,h,1,5.6346300998702645,NA,851.1247421000153,851.1378206999507,851.1378206999507,851.1378206999507,851.1378206999507,851.1254280998837,NA,NA,NA,NA,NA,NA,NA,NA,NA,NA,016,001,2025-10-03_09h47.45.683,Study_5_PsychoPy_Experiment,2024.1.5,NA,2025-10-03 09h48.00.347273 +0100
Belief,Neg,FALSE,N,TB-K,TD_B,PsychoPyStudy5Stim/TD_B_6.png,Adam does NOT THINK there is ONE cube,One,b,h,Y,PropFalse,N,0,121,121,125,851.1378206999507,NA,NA,NA,NA,NA,NA,NA,NA,NA,851.1259572999552,4.2159995064139e-4,851.2093716999516,851.5879508999642,851.6880566999316,853.6879700000864,854.087924899999,854.1899095999543,854.1899095999543,857.1412907999475,h,1,2.9497156001161784,NA,857.1419716998935,857.1545430000406,857.1545430000406,857.1545430000406,857.1545430000406,857.1427738999482,NA,NA,NA,NA,NA,NA,NA,NA,NA,NA,016,001,2025-10-03_09h47.45.683,Study_5_PsychoPy_Experiment,2024.1.5,NA,2025-10-03 09h48.00.347273 +0100
Belief,Reg,FALSE,N,NB-TB-K,TT_NB,PsychoPyStudy5Stim/TT_NB_2.png,Adam THINKS there are ZERO cubes,Zero,b,h,N,PropFalse,N,0,122,122,182,857.1545430000406,NA,NA,NA,NA,NA,NA,NA,NA,NA,857.1433606999926,4.4999993406236e-4,857.2344148000702,857.6045017000288,857.7046262000222,859.7046435000375,860.1044612000696,860.206513900077,860.206513900077,861.3570179000963,h,1,1.1344457999803126,NA,861.3575162000488,861.3710936999414,861.3710936999414,861.3710936999414,861.3710936999414,861.3580267999787,NA,NA,NA,NA,NA,NA,NA,NA,NA,NA,016,001,2025-10-03_09h47.45.683,Study_5_PsychoPy_Experiment,2024.1.5,NA,2025-10-03 09h48.00.347273 +0100
Belief,Reg,FALSE,N,TB-K-B,TD_B,PsychoPyStudy5Stim/TD_B_3.png,Adam THINKS there are ZERO cubes,Zero,b,h,N,PropFalse,N,0,123,123,265,861.3710936999414,NA,NA,NA,NA,NA,NA,NA,NA,NA,861.3584060000721,2.9760017059743e-4,861.4463867999148,861.8211006999481,861.9212658999022,863.9213000999298,864.3211290999316,864.4231604998931,864.4231604998931,866.8247324000113,h,1,2.396596999838948,NA,866.8255672999658,866.8378538999241,866.8378538999241,866.8378538999241,866.8378538999241,866.8265074999072,NA,NA,NA,NA,NA,NA,NA,NA,NA,NA,016,001,2025-10-03_09h47.45.683,Study_5_PsychoPy_Experiment,2024.1.5,NA,2025-10-03 09h48.00.347273 +0100
Belief,Reg,TRUE,N,NB-TB-K,TT_NB,PsychoPyStudy5Stim/TT_NB_8.png,Adam THINKS there are TWO cubes,Two,h,b,N,-,N,0,124,124,180,866.8378538999241,NA,NA,NA,NA,NA,NA,NA,NA,NA,866.827195199905,5.0520012155175e-4,866.9091147000436,867.28775030002,867.3880376999732,869.3879458999727,869.7878688001074,869.8896975000389,869.8896975000389,872.0569126000628,b,1,2.1545037999749184,NA,872.0572995000985,872.071044600103,872.071044600103,872.071044600103,872.071044600103,872.0577207999304,NA,NA,NA,NA,NA,NA,NA,NA,NA,NA,016,001,2025-10-03_09h47.45.683,Study_5_PsychoPy_Experiment,2024.1.5,NA,2025-10-03 09h48.00.347273 +0100
Reality,Reg,FALSE,N,NB-TB-K,DD_NB,PsychoPyStudy5Stim/DD_NB_5.png,"In REALITY, there is ONE cube",One,b,h,N,PropFalse,N,0,125,125,161,872.071044600103,NA,NA,NA,NA,NA,NA,NA,NA,NA,872.0580062998924,2.2549997083842e-4,872.1524557999801,872.5377869999502,872.6378921000287,874.6379603000823,875.0378535001073,875.1397442000452,875.1397442000452,877.107759400038,h,1,1.959608299890533,NA,877.1085697000381,877.1211554999463,877.1211554999463,877.1211554999463,877.1211554999463,877.1094935000874,NA,NA,NA,NA,NA,NA,NA,NA,NA,NA,016,001,2025-10-03_09h47.45.683,Study_5_PsychoPy_Experiment,2024.1.5,NA,2025-10-03 09h48.00.347273 +0100
Knowledge,Neg,TRUE,Y,FB-Ig,D_B_T,PsychoPyStudy5Stim/D_B_T_5.png,Adam does NOT KNOW there is ONE cube,One,h,b,Y,-,N,0,126,126,12,877.1211554999463,NA,NA,NA,NA,NA,NA,NA,NA,NA,877.110150200082,5.165000911802e-4,877.2115593000781,877.5877457999159,877.6879525000695,879.6879459000193,880.0878979000263,880.1898995998781,880.1898995998781,883.1078762998804,b,1,2.909910599933937,NA,883.1086808000691,883.12111190008,883.12111190008,883.12111190008,883.12111190008,883.1095877001062,NA,NA,NA,NA,NA,NA,NA,NA,NA,NA,016,001,2025-10-03_09h47.45.683,Study_5_PsychoPy_Experiment,2024.1.5,NA,2025-10-03 09h48.00.347273 +0100
Knowledge,Reg,TRUE,N,TB-K-B,TD_B,PsychoPyStudy5Stim/TD_B_7.png,Adam KNOWS there is ONE cube,One,h,b,N,-,N,0,127,127,257,883.12111190008,NA,NA,NA,NA,NA,NA,NA,NA,NA,883.1102293001022,5.020999815315e-4,883.2081512999721,883.587853499921,883.6880091000348,885.6878849000204,886.0877632000484,886.1896997999866,886.1896997999866,888.0410472999793,b,1,1.8473145999014375,NA,888.0417700000107,888.0543160000816,888.0543160000816,888.0543160000816,888.0543160000816,888.0425237999298,NA,NA,NA,NA,NA,NA,NA,NA,NA,NA,016,001,2025-10-03_09h47.45.683,Study_5_PsychoPy_Experiment,2024.1.5,NA,2025-10-03 09h48.00.347273 +0100
Knowledge,Reg,TRUE,N,NB-TB-K,D_NB,PsychoPyStudy5Stim/D_NB_3.png,Adam KNOWS there are ZERO cubes,Zero,h,b,N,-,N,0,128,128,130,888.0543160000816,NA,NA,NA,NA,NA,NA,NA,NA,NA,888.0430511999875,4.1300011798739e-4,888.1417785000522,888.5210068000015,888.6211780998856,890.6210930000525,891.0211690000724,891.1232020999305,891.1232020999305,892.4905584000517,b,1,1.3524988000281155,NA,892.4912010000553,892.5044026998803,892.5044026998803,892.5044026998803,892.5044026998803,892.4918718999252,NA,NA,NA,NA,NA,NA,NA,NA,NA,NA,016,001,2025-10-03_09h47.45.683,Study_5_PsychoPy_Experiment,2024.1.5,NA,2025-10-03 09h48.00.347273 +0100
Belief,Reg,TRUE,N,NB-TB-K,TT_NB,PsychoPyStudy5Stim/TT_NB_6.png,Adam THINKS there are TWO cubes,Two,h,b,N,-,N,0,129,129,178,892.5044026998803,NA,NA,NA,NA,NA,NA,NA,NA,NA,892.4923596000299,3.8239988498389e-4,892.583795200102,892.954393699998,893.0545389000326,895.0545816000085,895.4544333000667,895.5562992000487,895.5562992000487,897.1070568999276,b,1,1.544188000028953,NA,897.1076068999246,897.1210475999396,897.1210475999396,897.1210475999396,897.1210475999396,897.1082347999327,NA,NA,NA,NA,NA,NA,NA,NA,NA,NA,016,001,2025-10-03_09h47.45.683,Study_5_PsychoPy_Experiment,2024.1.5,NA,2025-10-03 09h48.00.347273 +0100
Knowledge,Reg,FALSE,N,FB-Ig,T_B_T,PsychoPyStudy5Stim/T_B_T_6.png,Adam KNOWS there are ZERO cubes,Zero,b,h,N,PropFalse,N,0,130,130,280,897.1210475999396,NA,NA,NA,NA,NA,NA,NA,NA,NA,897.1086609999184,3.3729989081621e-4,897.2004420999438,897.5711028999649,897.6712325999979,899.671095199883,900.0708920999896,900.1728912999388,900.1728912999388,901.6402324999216,h,1,1.4550065998919308,NA,901.6407389999368,901.6543219001032,901.6543219001032,901.6543219001032,901.6543219001032,901.6413139998912,NA,NA,NA,NA,NA,NA,NA,NA,NA,NA,016,001,2025-10-03_09h47.45.683,Study_5_PsychoPy_Experiment,2024.1.5,NA,2025-10-03 09h48.00.347273 +0100
Belief,Reg,TRUE,N,FB-Ig,B_TT,PsychoPyStudy5Stim/B_TT_2.png,Adam THINKS there are ZERO cubes,Zero,h,b,N,-,Y,0,131,131,327,901.6543219001032,NA,NA,NA,NA,NA,NA,NA,NA,NA,901.6417062000836,3.0960002914071e-4,901.7386165999342,902.1210080001038,902.221155700041,904.2211861000396,904.6211548000574,904.7231326000764,904.7231326000764,906.6905360000674,b,1,1.9521929998882117,NA,906.6911657000892,906.7043441999704,906.7043441999704,906.7043441999704,906.7043441999704,906.6918730000034,NA,NA,NA,NA,NA,NA,NA,NA,NA,NA,016,001,2025-10-03_09h47.45.683,Study_5_PsychoPy_Experiment,2024.1.5,NA,2025-10-03 09h48.00.347273 +0100
Reality,Reg,FALSE,N,TB-Ig,D_B,PsychoPyStudy5Stim/D_B_D_3.png,"In REALTY, there are TWO cubes",Two,b,h,N,NA,N,0,132,132,214,906.7043441999704,NA,NA,NA,NA,NA,NA,NA,NA,NA,906.692403000081,4.2139994911849e-4,906.7838214999064,907.1541073999832,907.2542187999934,909.2542306000832,909.6545098000206,909.7563547999598,909.7563547999598,914.040105199907,h,1,4.271084000123665,NA,914.0403948000168,914.0541524,914.0541524,914.0541524,914.0541524,914.0407179000322,NA,NA,NA,NA,NA,NA,NA,NA,NA,NA,016,001,2025-10-03_09h47.45.683,Study_5_PsychoPy_Experiment,2024.1.5,NA,2025-10-03 09h48.00.347273 +0100
Belief,Reg,TRUE,N,TB-K-B,DD_B,PsychoPyStudy5Stim/DD_B_2.png,Adam THINKS there are ZERO cubes,Zero,h,b,N,-,N,0,133,133,227,914.0541524,NA,NA,NA,NA,NA,NA,NA,NA,NA,914.0409246000928,1.6549997963011e-4,914.1252605000044,914.504064399982,914.6042078000028,916.604442599928,917.0043854000978,917.1063413000666,917.1063413000666,918.0072878999636,b,1,0.8904113001190126,NA,918.0079840999095,918.0209186999128,918.0209186999128,918.0209186999128,918.0209186999128,918.0087160998957,NA,NA,NA,NA,NA,NA,NA,NA,NA,NA,016,001,2025-10-03_09h47.45.683,Study_5_PsychoPy_Experiment,2024.1.5,NA,2025-10-03 09h48.00.347273 +0100
Belief,Reg,FALSE,N,FB-Ig,T_B_T,PsychoPyStudy5Stim/T_B_T_5.png,Adam THINKS there are ZERO cubes,Zero,b,h,N,PropFalse,N,0,134,134,287,918.0209186999128,NA,NA,NA,NA,NA,NA,NA,NA,NA,918.0092360000126,4.0569994598627e-4,918.0888733998872,918.4707200000994,918.5709537998772,920.5711616000626,920.971049899934,921.072926199995,921.072926199995,922.4405292999,h,1,1.3547851999755949,NA,922.441198500106,922.4543069000356,922.4543069000356,922.4543069000356,922.4543069000356,922.441930799978,NA,NA,NA,NA,NA,NA,NA,NA,NA,NA,016,001,2025-10-03_09h47.45.683,Study_5_PsychoPy_Experiment,2024.1.5,NA,2025-10-03 09h48.00.347273 +0100
Belief,Neg,FALSE,N,TB-K,TD_B,PsychoPyStudy5Stim/TD_B_4.png,Adam does NOT THINK there is ONE cube,One,b,h,Y,PropFalse,N,0,135,135,123,922.4543069000356,NA,NA,NA,NA,NA,NA,NA,NA,NA,922.4424463999458,4.0480005554854e-4,922.5419834998902,922.9207516000606,923.0208723000252,925.021103200037,925.421018099878,925.5229144999756,925.5229144999756,927.2570257999467,h,1,1.7210708998609334,NA,927.2575932999608,927.2708833001088,927.2708833001088,927.2708833001088,927.2708833001088,927.2582578000148,NA,NA,NA,NA,NA,NA,NA,NA,NA,NA,016,001,2025-10-03_09h47.45.683,Study_5_PsychoPy_Experiment,2024.1.5,NA,2025-10-03 09h48.00.347273 +0100
Belief,Neg,TRUE,Y,FB-Ig,D_B_T,PsychoPyStudy5Stim/D_B_T_5.png,Adam does NOT THINK there is ONE cube,One,h,b,Y,-,N,0,136,136,28,927.2708833001088,NA,NA,NA,NA,NA,NA,NA,NA,NA,927.2586930000688,3.4240004606544e-4,927.3489796000068,927.7206951000262,927.8207950999496,929.8209993999916,930.2209834000096,930.3229775999208,930.3229775999208,936.8062585999724,b,1,6.472902999958023,NA,936.8065518001094,936.8207334000616,936.8207334000616,936.8207334000616,936.8207334000616,936.80684929993,NA,NA,NA,NA,NA,NA,NA,NA,NA,NA,016,001,2025-10-03_09h47.45.683,Study_5_PsychoPy_Experiment,2024.1.5,NA,2025-10-03 09h48.00.347273 +0100
Belief,Reg,TRUE,N,TB-K-B,DD_B,PsychoPyStudy5Stim/DD_B_8.png,Adam THINKS there are ZERO cubes,Zero,h,b,N,-,N,0,137,137,233,936.8207334000616,NA,NA,NA,NA,NA,NA,NA,NA,NA,936.8070559999906,1.6539986245334e-4,936.9027952998875,937.2873197000008,937.387505199993,939.3876050999388,939.7876230000984,939.88962729997,939.88962729997,944.040919699939,b,1,4.137646400136873,NA,944.041764399968,944.0543233000208,944.0543233000208,944.0543233000208,944.0543233000208,944.0427480998916,NA,NA,NA,NA,NA,NA,NA,NA,NA,NA,016,001,2025-10-03_09h47.45.683,Study_5_PsychoPy_Experiment,2024.1.5,NA,2025-10-03 09h48.00.347273 +0100
Belief,Neg,FALSE,N,TB-K,TT_B,PsychoPyStudy5Stim/TT_B_8.png,Adam does NOT THINK there are TWO cubes,Two,b,h,Y,PropFalse,N,0,138,138,103,944.0543233000208,NA,NA,NA,NA,NA,NA,NA,NA,NA,944.0434389000292,5.5089988745749e-4,944.1545708999038,944.5373340998776,944.6375070000068,946.6375913999508,947.0377108999528,947.1394889999648,947.1394889999648,952.2568534000312,h,1,5.103969000047073,NA,952.2574479000176,952.270843599923,952.270843599923,952.270843599923,952.270843599923,952.2580556001049,NA,NA,NA,NA,NA,NA,NA,NA,NA,NA,016,001,2025-10-03_09h47.45.683,Study_5_PsychoPy_Experiment,2024.1.5,NA,2025-10-03 09h48.00.347273 +0100
Belief,Reg,TRUE,N,TB-K-B,DD_B,PsychoPyStudy5Stim/DD_B_3.png,Adam THINKS there are ZERO cubes,Zero,h,b,N,-,N,0,139,139,228,952.270843599923,NA,NA,NA,NA,NA,NA,NA,NA,NA,952.2585241000634,3.7790019996464e-4,952.3501864999998,952.7206071000546,952.8207141999156,954.8207278999034,955.2209743000568,955.3228305999656,955.3228305999656,957.1404937999324,b,1,1.808853999944404,NA,957.1411836000624,957.1541639999488,957.1541639999488,957.1541639999488,957.1541639999488,957.1419031000696,NA,NA,NA,NA,NA,NA,NA,NA,NA,NA,016,001,2025-10-03_09h47.45.683,Study_5_PsychoPy_Experiment,2024.1.5,NA,2025-10-03 09h48.00.347273 +0100
Knowledge,Reg,TRUE,N,TB-K-B,DD_B,PsychoPyStudy5Stim/DD_B_4.png,Adam KNOWS there are ZERO cubes,Zero,h,b,N,-,N,0,140,140,218,957.1541639999488,NA,NA,NA,NA,NA,NA,NA,NA,NA,957.1424201000482,4.0619983337819e-4,957.2270521000028,957.6039390999358,957.7041068000252,959.70415590005,960.1040539999958,960.2058421000838,960.2058421000838,962.1069038999268,b,1,1.8860885000322016,NA,962.1074826000258,962.1207878000567,962.1207878000567,962.1207878000567,962.1207878000567,962.1080992999488,NA,NA,NA,NA,NA,NA,NA,NA,NA,NA,016,001,2025-10-03_09h47.45.683,Study_5_PsychoPy_Experiment,2024.1.5,NA,2025-10-03 09h48.00.347273 +0100
Reality,Reg,FALSE,N,NB-TB-K,TT_NB,PsychoPyStudy5Stim/TT_NB_2.png,"In REALITY, there are ZERO cubes",Zero,b,h,N,PropFalse,N,0,141,141,195,962.1207878000567,NA,NA,NA,NA,NA,NA,NA,NA,NA,962.1085377000272,3.4280004911124e-4,962.2045002998784,962.5875593998936,962.6876519999932,964.6873300001024,965.087552400073,965.1894402999897,965.1894402999897,966.2236154999118,h,1,1.0306029000785202,NA,966.2241960000248,966.2374438000844,966.2374438000844,966.2374438000844,966.2374438000844,966.2248692000284,NA,NA,NA,NA,NA,NA,NA,NA,NA,NA,016,001,2025-10-03_09h47.45.683,Study_5_PsychoPy_Experiment,2024.1.5,NA,2025-10-03 09h48.00.347273 +0100
Belief,Neg,TRUE,N,TB-K,TD_B,PsychoPyStudy5Stim/TD_B_4.png,Adam does NOT THINK there are TWO cubes,Two,h,b,Y,-,N,0,142,142,111,966.2374438000844,NA,NA,NA,NA,NA,NA,NA,NA,NA,966.2253062999808,3.425998147577e-4,966.323430000106,966.7042030999436,966.8043474999722,968.8043152000756,969.2042413000016,969.3062022000086,969.3062022000086,971.9231269999872,b,1,2.6088934000581503,NA,971.9234152999708,971.9373739000876,971.9373739000876,971.9373739000876,971.9373739000876,971.9237379000988,NA,NA,NA,NA,NA,NA,NA,NA,NA,NA,016,001,2025-10-03_09h47.45.683,Study_5_PsychoPy_Experiment,2024.1.5,NA,2025-10-03 09h48.00.347273 +0100
Reality,Reg,FALSE,N,FB-Ig,B_T,PsychoPyStudy5Stim/B_T_3.png,"In REALITY, there are ZERO cubes",Zero,b,h,N,-,N,0,143,143,319,971.9373739000876,NA,NA,NA,NA,NA,NA,NA,NA,NA,971.9239495000802,1.6950001008808e-4,972.0065818999428,972.3874625999016,972.487589800032,974.4874577000736,974.8874355000444,974.9895679999609,974.9895679999609,976.2903839999344,h,1,1.2942075999453664,NA,976.291086900048,976.3040724000894,976.3040724000894,976.3040724000894,976.3040724000894,976.29181970004,NA,NA,NA,NA,NA,NA,NA,NA,NA,NA,016,001,2025-10-03_09h47.45.683,Study_5_PsychoPy_Experiment,2024.1.5,NA,2025-10-03 09h48.00.347273 +0100
Knowledge,Reg,FALSE,N,TB-K-B,DD_B,PsychoPyStudy5Stim/DD_B_9.png,Adam KNOWS there is ONE cube,One,b,h,N,PropFalse,N,0,144,144,223,976.3040724000894,NA,NA,NA,NA,NA,NA,NA,NA,NA,976.2923351998908,4.0400004945695e-4,976.389054799918,976.7707380999344,976.8708544000984,978.8709243999328,979.2708499000872,979.3727728000376,979.3727728000376,980.473244599998,h,1,1.0949866999872029,NA,980.4737901000772,980.4873722000048,980.4873722000048,980.4873722000048,980.4873722000048,980.4743617000058,NA,NA,NA,NA,NA,NA,NA,NA,NA,NA,016,001,2025-10-03_09h47.45.683,Study_5_PsychoPy_Experiment,2024.1.5,NA,2025-10-03 09h48.00.347273 +0100
Knowledge,Reg,TRUE,N,TB-K-B,DD_B,PsychoPyStudy5Stim/DD_B_6.png,Adam KNOWS there are ZERO cubes,Zero,h,b,N,-,N,0,145,145,220,980.4873722000048,NA,NA,NA,NA,NA,NA,NA,NA,NA,980.4747886999976,3.4859986044466e-4,980.5692869001068,980.9540556999856,981.0542023000309,983.0542216000612,983.4542515000794,983.5560985999182,983.5560985999182,984.4906498999336,b,1,0.9190775998868048,NA,984.4913896999788,984.504098800011,984.504098800011,984.504098800011,984.504098800011,984.4921776999254,NA,NA,NA,NA,NA,NA,NA,NA,NA,NA,016,001,2025-10-03_09h47.45.683,Study_5_PsychoPy_Experiment,2024.1.5,NA,2025-10-03 09h48.00.347273 +0100
Knowledge,Reg,FALSE,N,FB-Ig,B_TT,PsychoPyStudy5Stim/B_TT_2.png,Adam KNOWS there are ZERO cubes,Zero,b,h,N,PropTrueNoKnow,Y,0,146,146,322,984.504098800011,NA,NA,NA,NA,NA,NA,NA,NA,NA,984.4927354999818,4.3349992483854e-4,984.5836213999428,984.9540331999306,985.054117599968,987.0541064999998,987.454167299904,987.5561041999608,987.5561041999608,988.8400212998968,h,1,1.271895800018683,NA,988.840509899892,988.8539960999042,988.8539960999042,988.8539960999042,988.8539960999042,988.8410513999406,NA,NA,NA,NA,NA,NA,NA,NA,NA,NA,016,001,2025-10-03_09h47.45.683,Study_5_PsychoPy_Experiment,2024.1.5,NA,2025-10-03 09h48.00.347273 +0100
Knowledge,Neg,FALSE,N,NB-TB-K,T_NB,PsychoPyStudy5Stim/T_NB_7.png,Adam does NOT KNOW there is ONE cube,One,b,h,Y,PropFalse,N,0,147,147,46,988.8539960999042,NA,NA,NA,NA,NA,NA,NA,NA,NA,988.8414215000812,2.90900003165e-4,988.9336790000089,989.304091299884,989.404086699942,991.4040973000228,991.8040956999176,991.9060366998892,991.9060366998892,993.5241892000196,h,1,1.6015490000136197,NA,993.5251023001038,993.5374241999816,993.5374241999816,993.5374241999816,993.5374241999816,993.5261174999176,NA,NA,NA,NA,NA,NA,NA,NA,NA,NA,016,001,2025-10-03_09h47.45.683,Study_5_PsychoPy_Experiment,2024.1.5,NA,2025-10-03 09h48.00.347273 +0100
Belief,Neg,FALSE,N,TB-K,TT_B,PsychoPyStudy5Stim/TT_B_1.png,Adam does NOT THINK there are TWO cubes,Two,b,h,Y,PropFalse,N,0,148,148,96,993.5374241999816,NA,NA,NA,NA,NA,NA,NA,NA,NA,993.5268097000662,5.5189989507198e-4,993.6387082999572,994.0206536999904,994.1208563998808,996.120862300042,996.5207380999344,996.6226665999276,996.6226665999276,997.4238293000964,h,1,0.7973378000315279,NA,997.4244794999248,997.437355299946,997.437355299946,997.437355299946,997.437355299946,997.4252472000662,NA,NA,NA,NA,NA,NA,NA,NA,NA,NA,016,001,2025-10-03_09h47.45.683,Study_5_PsychoPy_Experiment,2024.1.5,NA,2025-10-03 09h48.00.347273 +0100
Belief,Reg,TRUE,N,FB-Ig,B_T,PsychoPyStudy5Stim/B_T_1.png,Adam THINKS there are ZERO cubes,Zero,h,b,N,-,Y,0,149,149,312,997.437355299946,NA,NA,NA,NA,NA,NA,NA,NA,NA,997.4257614000236,4.0440005250275e-4,997.52201649989,997.9039799000602,998.0042306000832,1000.0041920999064,1000.4041621000506,1000.5061109000816,1000.5061109000816,1001.7571489000692,b,1,1.2414929000660777,NA,1001.7578817999456,1001.770669599995,1001.770669599995,1001.770669599995,1001.770669599995,1001.7586642999668,NA,NA,NA,NA,NA,NA,NA,NA,NA,NA,016,001,2025-10-03_09h47.45.683,Study_5_PsychoPy_Experiment,2024.1.5,NA,2025-10-03 09h48.00.347273 +0100
Belief,Neg,FALSE,N,TB-K,TD_B,PsychoPyStudy5Stim/TD_B_8.png,Adam does NOT THINK there is ONE cube,One,b,h,Y,PropFalse,N,0,150,150,127,1001.770669599995,NA,NA,NA,NA,NA,NA,NA,NA,NA,1001.7592138000764,4.3269991874694e-4,1001.8536912999116,1002.2373629000504,1002.3375120998826,1004.3375101999844,1004.7373665000778,1004.8392884000205,1004.8392884000205,1005.8730043999384,h,1,1.0281458999961617,NA,1005.873292000033,1005.8871996998788,1005.8871996998788,1005.8871996998788,1005.8871996998788,1005.8736143999269,NA,NA,NA,NA,NA,NA,NA,NA,NA,NA,016,001,2025-10-03_09h47.45.683,Study_5_PsychoPy_Experiment,2024.1.5,NA,2025-10-03 09h48.00.347273 +0100
Knowledge,Reg,FALSE,N,FB-Ig,B_TT,PsychoPyStudy5Stim/B_TT_3.png,Adam KNOWS there are ZERO cubes,Zero,b,h,N,PropTrueNoKnow,Y,0,151,151,323,1005.8871996998788,NA,NA,NA,NA,NA,NA,NA,NA,NA,1005.8738216999918,1.6719987615942e-4,1005.9664654000662,1006.3373471999076,1006.4375223000534,1008.4373204000294,1008.8372174000832,1008.9391053,1008.9391053,1010.5227409999352,h,1,1.5676269999239594,NA,1010.523028299911,1010.5372218000704,1010.5372218000704,1010.5372218000704,1010.5372218000704,1010.5233797000255,NA,NA,NA,NA,NA,NA,NA,NA,NA,NA,016,001,2025-10-03_09h47.45.683,Study_5_PsychoPy_Experiment,2024.1.5,NA,2025-10-03 09h48.00.347273 +0100
Belief,Reg,FALSE,N,TB-K-B,DD_B,PsychoPyStudy5Stim/DD_B_3.png,Adam THINKS there is ONE cube,One,b,h,N,PropFalse,N,0,152,152,234,1010.5372218000704,NA,NA,NA,NA,NA,NA,NA,NA,NA,1010.5235872999764,1.6659987159073e-4,1010.6117026000284,1010.987390199909,1011.087414199952,1013.087380599929,1013.4873460999224,1013.5892862000036,1013.5892862000036,1014.5070615001024,h,1,0.9018488000147044,NA,1014.5078014999162,1014.5206947000696,1014.5206947000696,1014.5206947000696,1014.5206947000696,1014.50863200007,NA,NA,NA,NA,NA,NA,NA,NA,NA,NA,016,001,2025-10-03_09h47.45.683,Study_5_PsychoPy_Experiment,2024.1.5,NA,2025-10-03 09h48.00.347273 +0100
Knowledge,Reg,TRUE,N,NB-TB-K,TT_NB,PsychoPyStudy5Stim/TT_NB_5.png,Adam KNOWS there are TWO cubes,Two,h,b,N,-,N,0,153,153,171,1014.5206947000696,NA,NA,NA,NA,NA,NA,NA,NA,NA,1014.5092225999106,4.6100001782178e-4,1014.6002833999228,1014.9706927998924,1015.0707813000772,1017.070774700027,1017.4706872000824,1017.5726282000542,1017.5726282000542,1020.0728778999764,b,1,2.4947989000938833,NA,1020.073191799922,1020.0870356999804,1020.0870356999804,1020.0870356999804,1020.0870356999804,1020.0735327999572,NA,NA,NA,NA,NA,NA,NA,NA,NA,NA,016,001,2025-10-03_09h47.45.683,Study_5_PsychoPy_Experiment,2024.1.5,NA,2025-10-03 09h48.00.347273 +0100
Reality,Reg,TRUE,N,NB-TB-K,TT_NB,PsychoPyStudy5Stim/TT_NB_3.png,"In REALITY, there are TWO cubes",Two,h,b,N,-,N,0,154,154,192,1020.0870356999804,NA,NA,NA,NA,NA,NA,NA,NA,NA,1020.073741900036,1.6660010442137e-4,1020.1545003000648,1020.5373482001014,1020.637433799915,1022.637414299883,1023.0373094000388,1023.1391954999416,1023.1391954999416,1023.8736191000788,b,1,0.7213270000647753,NA,1023.8743207999504,1023.8872585000936,1023.8872585000936,1023.8872585000936,1023.8872585000936,1023.8751308000648,NA,NA,NA,NA,NA,NA,NA,NA,NA,NA,016,001,2025-10-03_09h47.45.683,Study_5_PsychoPy_Experiment,2024.1.5,NA,2025-10-03 09h48.00.347273 +0100
Knowledge,Neg,FALSE,N,TB-K,TD_B,PsychoPyStudy5Stim/TD_B_8.png,Adam does NOT KNOW there is ONE cube,One,b,h,Y,PropFalse,N,0,155,155,119,1023.8872585000936,NA,NA,NA,NA,NA,NA,NA,NA,NA,1023.875721700024,4.740001168102e-4,1023.972019799985,1024.353930399986,1024.454087200109,1026.4541223999113,1026.8540195000824,1026.9559474000707,1026.9559474000707,1029.00640069996,h,1,2.047298300080002,NA,1029.0068459000904,1029.0204864998814,1029.0204864998814,1029.0204864998814,1029.0204864998814,1029.0073220001068,NA,NA,NA,NA,NA,NA,NA,NA,NA,NA,016,001,2025-10-03_09h47.45.683,Study_5_PsychoPy_Experiment,2024.1.5,NA,2025-10-03 09h48.00.347273 +0100
Belief,Neg,FALSE,N,NB-TB-K,T_NB,PsychoPyStudy5Stim/T_NB_3.png,Adam does NOT THINK there is ONE cube,One,b,h,Y,PropFalse,N,0,156,156,50,1029.0204864998814,NA,NA,NA,NA,NA,NA,NA,NA,NA,1029.0076528999489,2.6309979148209e-4,1029.1025618000422,1029.4870251999237,1029.5871713000815,1031.5874034001026,1031.98726850003,1032.0891265999526,1032.0891265999526,1033.174023099942,h,1,1.0827339000534266,NA,1033.174842899898,1033.1872870998925,1033.1872870998925,1033.1872870998925,1033.1872870998925,1033.1757030999288,NA,NA,NA,NA,NA,NA,NA,NA,NA,NA,016,001,2025-10-03_09h47.45.683,Study_5_PsychoPy_Experiment,2024.1.5,NA,2025-10-03 09h48.00.347273 +0100
Belief,Neg,TRUE,Y,FB-Ig,D_B_T,PsychoPyStudy5Stim/D_B_T_6.png,Adam does NOT THINK there is ONE cube,One,h,b,Y,-,N,0,157,157,29,1033.1872870998925,NA,NA,NA,NA,NA,NA,NA,NA,NA,1033.1762943000067,4.626999143511e-4,1033.2673889000434,1033.6372656999156,1033.73740169988,1035.737371399999,1036.1374162998982,1036.239298699889,1036.239298699889,1038.790516299894,b,1,2.5476964998524636,NA,1038.7913319000509,1038.8038353000302,1038.8038353000302,1038.8038353000302,1038.8038353000302,1038.7921442999505,NA,NA,NA,NA,NA,NA,NA,NA,NA,NA,016,001,2025-10-03_09h47.45.683,Study_5_PsychoPy_Experiment,2024.1.5,NA,2025-10-03 09h48.00.347273 +0100
Reality,Reg,TRUE,N,NB-TB-K,D_NB,PsychoPyStudy5Stim/D_NB_4.png,"In REALITY, there are ZERO cubes",Zero,h,b,N,-,N,0,158,158,137,1038.8038353000302,NA,NA,NA,NA,NA,NA,NA,NA,NA,1038.7927818000317,5.0879991613328e-4,1038.8754547000865,1039.2536333000753,1039.3537687999196,1041.353998299921,1041.7538544000126,1041.855795700103,1041.855795700103,1042.8738365001043,b,1,1.003244100138545,NA,1042.8747217999771,1042.8872028000187,1042.8872028000187,1042.8872028000187,1042.8872028000187,1042.8755920999683,NA,NA,NA,NA,NA,NA,NA,NA,NA,NA,016,001,2025-10-03_09h47.45.683,Study_5_PsychoPy_Experiment,2024.1.5,NA,2025-10-03 09h48.00.347273 +0100
Knowledge,Neg,TRUE,Y,FB-Ig,T_B_T,PsychoPyStudy5Stim/T_B_T_6.png,Adam does NOT KNOW there are TWO cubes,Two,h,b,Y,-,N,0,159,159,5,1042.8872028000187,NA,NA,NA,NA,NA,NA,NA,NA,NA,1042.8763999000655,6.726998835802e-4,1042.9590338999406,1043.3372390998993,1043.437358899973,1045.4373639000114,1045.8373048000503,1045.939390100073,1045.939390100073,1048.906669399934,b,1,2.9513485999777913,NA,1048.9072902000044,1048.9204172999598,1048.9204172999598,1048.9204172999598,1048.9204172999598,1048.9079652999062,NA,NA,NA,NA,NA,NA,NA,NA,NA,NA,016,001,2025-10-03_09h47.45.683,Study_5_PsychoPy_Experiment,2024.1.5,NA,2025-10-03 09h48.00.347273 +0100
Knowledge,Neg,FALSE,N,TB-K,TT_B,PsychoPyStudy5Stim/TT_B_6.png,Adam does NOT KNOW there are TWO cubes,Two,b,h,Y,PropFalse,N,0,160,160,93,1048.9204172999598,NA,NA,NA,NA,NA,NA,NA,NA,NA,1048.908441199921,3.7389993667602e-4,1049.002897700062,1049.3869278999043,1049.4872532999143,1051.4872781001031,1051.8872734000906,1051.9893022000324,1051.9893022000324,1054.9570365999823,h,1,2.9656539000570774,NA,1054.9576963998843,1054.970504600089,1054.970504600089,1054.970504600089,1054.970504600089,1054.9584572999738,NA,NA,NA,NA,NA,NA,NA,NA,NA,NA,016,001,2025-10-03_09h47.45.683,Study_5_PsychoPy_Experiment,2024.1.5,NA,2025-10-03 09h48.00.347273 +0100
Knowledge,Neg,TRUE,N,TB-K,TD_B,PsychoPyStudy5Stim/TD_B_1.png,Adam does NOT KNOW there are TWO cubes,Two,h,b,Y,-,N,0,161,161,104,1054.970504600089,NA,NA,NA,NA,NA,NA,NA,NA,NA,1054.9590098999906,4.4100009836256e-4,1055.0497155999765,1055.4202350999694,1055.5203690000344,1057.5206508000847,1057.9205863999669,1058.0224568999838,1058.0224568999838,1063.073757099919,b,1,5.037037199828774,NA,1063.0746088000014,1063.0871796000283,1063.0871796000283,1063.0871796000283,1063.0871796000283,1063.075531899929,NA,NA,NA,NA,NA,NA,NA,NA,NA,NA,016,001,2025-10-03_09h47.45.683,Study_5_PsychoPy_Experiment,2024.1.5,NA,2025-10-03 09h48.00.347273 +0100
Belief,Neg,FALSE,N,NB-TB-K,T_NB,PsychoPyStudy5Stim/T_NB_2.png,Adam does NOT THINK there is ONE cube,One,b,h,Y,PropFalse,N,0,162,162,49,1063.0871796000283,NA,NA,NA,NA,NA,NA,NA,NA,NA,1063.0761732000392,5.0229998305439e-4,1063.1688011998776,1063.553525999887,1063.6536530999,1065.65399120003,1066.0539247000124,1066.1556442000438,1066.1556442000438,1073.705953199882,h,1,7.536222100025043,NA,1073.7062862999735,1073.7203597999178,1073.7203597999178,1073.7203597999178,1073.7203597999178,1073.7066283000167,NA,NA,NA,NA,NA,NA,NA,NA,NA,NA,016,001,2025-10-03_09h47.45.683,Study_5_PsychoPy_Experiment,2024.1.5,NA,2025-10-03 09h48.00.347273 +0100
Belief,Neg,TRUE,Y,FB-Ig,T_B_T,PsychoPyStudy5Stim/T_B_T_1.png,Adam does NOT THINK there are TWO cubes,Two,h,b,Y,-,N,0,163,163,16,1073.7203597999178,NA,NA,NA,NA,NA,NA,NA,NA,NA,1073.7068535001015,1.8049986101686e-4,1073.794244999997,1074.1702012000603,1074.270308200037,1076.2705568000674,1076.6704736999236,1076.7724371999502,1076.7724371999502,1078.7565554000903,b,1,1.9672540000174197,NA,1078.7571622000542,1078.7703923999798,1078.7703923999798,1078.7703923999798,1078.7703923999798,1078.7578038999343,NA,NA,NA,NA,NA,NA,NA,NA,NA,NA,016,001,2025-10-03_09h47.45.683,Study_5_PsychoPy_Experiment,2024.1.5,NA,2025-10-03 09h48.00.347273 +0100
Belief,Reg,FALSE,N,NB-TB-K,TT_NB,PsychoPyStudy5Stim/TT_NB_1.png,Adam THINKS there are ZERO cubes,Zero,b,h,N,PropFalse,N,0,164,164,181,1078.7703923999798,NA,NA,NA,NA,NA,NA,NA,NA,NA,1078.7582594999112,3.581999335438e-4,1078.8475534999743,1079.2201539000962,1079.3202519000042,1081.3205571998842,1081.720580100082,1081.822321600048,1081.822321600048,1083.4235048999544,h,1,1.5887652998790145,NA,1083.4241951000877,1083.4369792998768,1083.4369792998768,1083.4369792998768,1083.4369792998768,1083.4249062999152,NA,NA,NA,NA,NA,NA,NA,NA,NA,NA,016,001,2025-10-03_09h47.45.683,Study_5_PsychoPy_Experiment,2024.1.5,NA,2025-10-03 09h48.00.347273 +0100
Reality,Reg,TRUE,N,NB-TB-K,TT_NB,PsychoPyStudy5Stim/TT_NB_5.png,"In REALITY, there are TWO cubes",Two,h,b,N,-,N,0,165,165,193,1083.4369792998768,NA,NA,NA,NA,NA,NA,NA,NA,NA,1083.425448999973,4.0480005554854e-4,1083.5194502999077,1083.9037764999084,1084.0036786999551,1086.0038562999107,1086.403832799988,1086.5056735000107,1086.5056735000107,1090.2067311999854,b,1,3.6894853999838233,NA,1090.2073904999995,1090.2203200000804,1090.2203200000804,1090.2203200000804,1090.2203200000804,1090.208115000045,NA,NA,NA,NA,NA,NA,NA,NA,NA,NA,016,001,2025-10-03_09h47.45.683,Study_5_PsychoPy_Experiment,2024.1.5,NA,2025-10-03 09h48.00.347273 +0100
Belief,Neg,TRUE,N,TB-K,TT_B,PsychoPyStudy5Stim/TT_B_3.png,Adam does NOT THINK there is ONE cube,One,h,b,Y,-,N,0,166,166,86,1090.2203200000804,NA,NA,NA,NA,NA,NA,NA,NA,NA,1090.2086193999276,3.9649987593293e-4,1090.306824499974,1090.6868020999243,1090.7869347999804,1092.7873048000038,1093.1870756999124,1093.2891200000886,1093.2891200000886,1094.9732405000832,b,1,1.6738795000128448,NA,1094.973801099928,1094.9870023000983,1094.9870023000983,1094.9870023000983,1094.9870023000983,1094.974449899979,NA,NA,NA,NA,NA,NA,NA,NA,NA,NA,016,001,2025-10-03_09h47.45.683,Study_5_PsychoPy_Experiment,2024.1.5,NA,2025-10-03 09h48.00.347273 +0100
Knowledge,Reg,TRUE,N,TB-K-B,TT_B,PsychoPyStudy5Stim/TT_B_6.png,Adam KNOWS there are TWO cubes,Two,h,b,N,-,N,0,167,167,242,1094.9870023000983,NA,NA,NA,NA,NA,NA,NA,NA,NA,1094.9749070000837,3.6519998684525e-4,1095.0704793999903,1095.4536818999331,1095.5537984999828,1097.5538222999312,1097.9537122999318,1098.055657699937,1098.055657699937,1098.9892094999086,b,1,0.9311277000233532,NA,1098.9895037999377,1099.0038652999792,NA,1099.0038652999792,NA,1132.9551289998926,space,33.94384860014543,NA,NA,NA,NA,NA,NA,NA,NA,016,001,2025-10-03_09h47.45.683,Study_5_PsychoPy_Experiment,2024.1.5,NA,2025-10-03 09h48.00.347273 +0100
Belief,Neg,FALSE,N,NB-TB-K,TT_NB,PsychoPyStudy5Stim/TT_NB_7.png,Adam does NOT THINK there are TWO cubes,Two,b,h,Y,PropFalse,N,0,168,168,78,1132.970163000049,NA,NA,NA,NA,NA,NA,NA,NA,NA,1132.9558677999305,3.6729988642036e-4,1133.0556065000128,1133.4368557000998,1133.5368592999876,1135.5370094000828,1135.9369441999588,1136.0388879999518,1136.0388879999518,1140.4068883999716,h,1,4.356302100000903,NA,1140.4077280999627,1140.4200458000414,1140.4200458000414,1140.4200458000414,1140.4200458000414,1140.4097444000654,NA,NA,NA,NA,NA,NA,NA,NA,NA,NA,016,001,2025-10-03_09h47.45.683,Study_5_PsychoPy_Experiment,2024.1.5,NA,2025-10-03 09h48.00.347273 +0100
Knowledge,Neg,TRUE,N,TB-K,TT_B,PsychoPyStudy5Stim/TT_B_2.png,Adam does NOT KNOW there is ONE cube,One,h,b,Y,-,N,0,169,169,81,1140.4200458000414,NA,NA,NA,NA,NA,NA,NA,NA,NA,1140.4103135999758,4.5379996299743e-4,1140.500485500088,1140.8701770000623,1140.9703470000532,1142.970323999878,1143.3702670000494,1143.472164399922,1143.472164399922,1149.2732653000858,b,1,5.79487149999477,NA,1149.2739291999023,1149.2868282001,1149.2868282001,1149.2868282001,1149.2868282001,1149.2746762000024,NA,NA,NA,NA,NA,NA,NA,NA,NA,NA,016,001,2025-10-03_09h47.45.683,Study_5_PsychoPy_Experiment,2024.1.5,NA,2025-10-03 09h48.00.347273 +0100
Knowledge,Reg,TRUE,N,NB-TB-K,DT_NB,PsychoPyStudy5Stim/TD_NB_1.png,Adam KNOWS there is ONE cube,One,h,b,N,-,N,0,170,170,163,1149.2868282001,NA,NA,NA,NA,NA,NA,NA,NA,NA,1149.275198099902,4.0899985469877e-4,1149.3553172000684,1149.736535999924,1149.8366674000863,1151.8369205000345,1152.2368342999837,1152.338893499924,1152.338893499924,1153.6060919999145,b,1,1.2651933000888675,NA,1153.6066429999191,1153.620055000065,1153.620055000065,1153.620055000065,1153.620055000065,1153.6072462000884,NA,NA,NA,NA,NA,NA,NA,NA,NA,NA,016,001,2025-10-03_09h47.45.683,Study_5_PsychoPy_Experiment,2024.1.5,NA,2025-10-03 09h48.00.347273 +0100
Knowledge,Reg,FALSE,N,FB-Ig,D_B_T,PsychoPyStudy5Stim/D_B_T_4.png,Adam KNOWS there are TWO cubes,Two,b,h,N,PropFalse,N,0,171,171,294,1153.620055000065,NA,NA,NA,NA,NA,NA,NA,NA,NA,1153.6076706000604,3.3480022102594e-4,1153.6924360999838,1154.0699146999978,1154.169991200091,1156.1702856000047,1156.5700691998936,1156.6721701999195,1156.6721701999195,1158.306399299996,h,1,1.6190952998586,NA,1158.3070972999558,1158.3201351999303,1158.3201351999303,1158.3201351999303,1158.3201351999303,1158.3078614000697,NA,NA,NA,NA,NA,NA,NA,NA,NA,NA,016,001,2025-10-03_09h47.45.683,Study_5_PsychoPy_Experiment,2024.1.5,NA,2025-10-03 09h48.00.347273 +0100
Knowledge,Reg,TRUE,N,NB-TB-K,T_NB,PsychoPyStudy5Stim/T_NB_1.png,Adam KNOWS there is ONE cube,One,h,b,N,-,N,0,172,172,140,1158.3201351999303,NA,NA,NA,NA,NA,NA,NA,NA,NA,1158.308406899916,4.24699857831e-4,1158.4185679000802,1158.8032100999262,1158.9033212000504,1160.9035958999302,1161.3035116998944,1161.4054902000353,1161.4054902000353,1165.7726932999212,b,1,4.357401399873197,NA,1165.773256599903,1165.7867050999776,1165.7867050999776,1165.7867050999776,1165.7867050999776,1165.77388220001,NA,NA,NA,NA,NA,NA,NA,NA,NA,NA,016,001,2025-10-03_09h47.45.683,Study_5_PsychoPy_Experiment,2024.1.5,NA,2025-10-03 09h48.00.347273 +0100
Belief,Reg,TRUE,N,TB-K-B,TD_B,PsychoPyStudy5Stim/TD_B_5.png,Adam THINKS there is ONE cube,One,h,b,N,-,N,0,173,173,259,1165.7867050999776,NA,NA,NA,NA,NA,NA,NA,NA,NA,1165.7743233998772,3.4660007804632e-4,1165.85887310002,1166.2365262999665,1166.3366930000484,1168.3368120000232,1168.7367781000212,1168.838687499985,1168.838687499985,1169.9403518000618,b,1,1.0925567001104357,NA,1169.9412255999632,1169.9534215000458,1169.9534215000458,1169.9534215000458,1169.9534215000458,1169.9421663999092,NA,NA,NA,NA,NA,NA,NA,NA,NA,NA,016,001,2025-10-03_09h47.45.683,Study_5_PsychoPy_Experiment,2024.1.5,NA,2025-10-03 09h48.00.347273 +0100
Reality,Reg,FALSE,N,NB-TB-K,D_NB,PsychoPyStudy5Stim/D_NB_6.png,"In REALITY, there is ONE cube",One,b,h,N,PropFalse,N,0,174,174,138,1169.9534215000458,NA,NA,NA,NA,NA,NA,NA,NA,NA,1169.9428079000209,4.9989996477961e-4,1170.038002999965,1170.4201426999643,1170.5201942999847,1172.5201763000805,1172.9200931000523,1173.0221233000048,1173.0221233000048,1174.2061421999242,h,1,1.1722205998376012,NA,1174.2068419998975,1174.2200736999512,1174.2200736999512,1174.2200736999512,1174.2200736999512,1174.2075416001026,NA,NA,NA,NA,NA,NA,NA,NA,NA,NA,016,001,2025-10-03_09h47.45.683,Study_5_PsychoPy_Experiment,2024.1.5,NA,2025-10-03 09h48.00.347273 +0100
Belief,Neg,TRUE,Y,FB-Ig,T_B_T,PsychoPyStudy5Stim/T_B_T_5.png,Adam does NOT THINK there are TWO cubes,Two,h,b,Y,-,N,0,175,175,20,1174.2200736999512,NA,NA,NA,NA,NA,NA,NA,NA,NA,1174.2080572000705,4.0390016511082e-4,1174.3033489000518,1174.6865169000812,1174.7866026998963,1176.7866571000775,1177.1868207000662,1177.2887345000636,1177.2887345000636,1178.8560504000634,b,1,1.5622283001430333,NA,1178.8566042999737,1178.8699674000964,1178.8699674000964,1178.8699674000964,1178.8699674000964,1178.8572817998938,NA,NA,NA,NA,NA,NA,NA,NA,NA,NA,016,001,2025-10-03_09h47.45.683,Study_5_PsychoPy_Experiment,2024.1.5,NA,2025-10-03 09h48.00.347273 +0100
Belief,Reg,FALSE,N,TB-K-B,TD_B,PsychoPyStudy5Stim/TD_B_4.png,Adam THINKS there are ZERO cubes,Zero,b,h,N,PropFalse,N,0,176,176,266,1178.8699674000964,NA,NA,NA,NA,NA,NA,NA,NA,NA,1178.857711599907,3.3969990909099e-4,1178.9524511999916,1179.336486299988,1179.4366349999327,1181.4366746998858,1181.8368255000096,1181.9386545000598,1181.9386545000598,1182.9228326999582,h,1,0.9762711001094432,NA,1182.9234660998918,1182.936709899921,1182.936709899921,1182.936709899921,1182.936709899921,1182.9241382000037,NA,NA,NA,NA,NA,NA,NA,NA,NA,NA,016,001,2025-10-03_09h47.45.683,Study_5_PsychoPy_Experiment,2024.1.5,NA,2025-10-03 09h48.00.347273 +0100
Knowledge,Neg,FALSE,N,NB-TB-K,TT_NB,PsychoPyStudy5Stim/TT_NB_5.png,Adam does NOT KNOW there are TWO cubes,Two,b,h,Y,PropFalse,N,0,177,177,68,1182.936709899921,NA,NA,NA,NA,NA,NA,NA,NA,NA,1182.9246201999483,3.7840008735656e-4,1183.0142063999083,1183.3865861999802,1183.4866068998815,1185.4868505999912,1185.8867277998943,1185.9886998999864,1185.9886998999864,1186.9731467000674,h,1,0.9824712998233736,NA,1186.9738117998932,1186.9866730000358,1186.9866730000358,1186.9866730000358,1186.9866730000358,1186.974514100002,NA,NA,NA,NA,NA,NA,NA,NA,NA,NA,016,001,2025-10-03_09h47.45.683,Study_5_PsychoPy_Experiment,2024.1.5,NA,2025-10-03 09h48.00.347273 +0100
Belief,Reg,FALSE,N,FB-Ig,D_B_T,PsychoPyStudy5Stim/D_B_T_1.png,Adam THINKS there are TWO cubes,Two,b,h,N,PropFalse,N,0,178,178,299,1186.9866730000358,NA,NA,NA,NA,NA,NA,NA,NA,NA,1186.9750586000737,4.350000526756e-4,1187.0681517000776,1187.4531729000155,1187.553211200051,1189.553463499993,1189.953502499964,1190.055447800085,1190.055447800085,1190.8561716999393,h,1,0.7873147001955658,NA,1190.8568122999277,1190.869897800032,1190.869897800032,1190.869897800032,1190.869897800032,1190.8574534000363,NA,NA,NA,NA,NA,NA,NA,NA,NA,NA,016,001,2025-10-03_09h47.45.683,Study_5_PsychoPy_Experiment,2024.1.5,NA,2025-10-03 09h48.00.347273 +0100
Knowledge,Neg,TRUE,Y,FB-Ig,T_B_T,PsychoPyStudy5Stim/T_B_T_8.png,Adam does NOT KNOW there are TWO cubes,Two,h,b,Y,-,N,0,179,179,7,1190.869897800032,NA,NA,NA,NA,NA,NA,NA,NA,NA,1190.8579396998975,3.8970005698502e-4,1190.949823099887,1191.3198567000218,1191.419867800083,1193.4201251999475,1193.8201085999608,1193.922111700056,1193.922111700056,1195.3063252000138,b,1,1.3687197000253946,NA,1195.3070153999142,1195.3198855998926,1195.3198855998926,1195.3198855998926,1195.3198855998926,1195.3077626999002,NA,NA,NA,NA,NA,NA,NA,NA,NA,NA,016,001,2025-10-03_09h47.45.683,Study_5_PsychoPy_Experiment,2024.1.5,NA,2025-10-03 09h48.00.347273 +0100
Belief,Reg,TRUE,N,NB-TB-K,T_NB,PsychoPyStudy5Stim/T_NB_3.png,Adam THINKS there is ONE cube,One,h,b,N,-,N,0,180,180,142,1195.3198855998926,NA,NA,NA,NA,NA,NA,NA,NA,NA,1195.3082793001086,4.0699983946979e-4,1195.389398700092,1195.7698103000876,1195.8697911999188,1197.8701333999634,1198.2700805000495,1198.3719468000345,1198.3719468000345,1199.905278499937,b,1,1.5188045999966562,NA,1199.905565700028,1199.9197869999334,1199.9197869999334,1199.9197869999334,1199.9197869999334,1199.9058823999949,NA,NA,NA,NA,NA,NA,NA,NA,NA,NA,016,001,2025-10-03_09h47.45.683,Study_5_PsychoPy_Experiment,2024.1.5,NA,2025-10-03 09h48.00.347273 +0100
Knowledge,Reg,FALSE,N,NB-TB-K,DD_NB,PsychoPyStudy5Stim/DD_NB_7.png,Adam KNOWS there is ONE cube,One,b,h,N,PropFalse,N,0,181,181,155,1199.9197869999334,NA,NA,NA,NA,NA,NA,NA,NA,NA,1199.9060881000478,1.6529997810721e-4,1199.9926503000315,1200.3698426999615,1200.470114900032,1202.4699597998988,1202.8699797000736,1202.9719912998844,1202.9719912998844,1203.6889800000936,h,1,0.7027141998987645,NA,1203.6892721999902,1203.7032381000463,1203.7032381000463,1203.7032381000463,1203.7032381000463,1203.6896110998932,NA,NA,NA,NA,NA,NA,NA,NA,NA,NA,016,001,2025-10-03_09h47.45.683,Study_5_PsychoPy_Experiment,2024.1.5,NA,2025-10-03 09h48.00.347273 +0100
Knowledge,Neg,FALSE,N,TB-K,TD_B,PsychoPyStudy5Stim/TD_B_5.png,Adam does NOT KNOW there is ONE cube,One,b,h,Y,PropFalse,N,0,182,182,116,1203.7032381000463,NA,NA,NA,NA,NA,NA,NA,NA,NA,1203.6898185999598,1.6599986702203e-4,1203.7719463999383,1204.1533248000778,1204.2534495000727,1206.253384799929,1206.6533844999503,1206.755101399962,1206.755101399962,1209.5059954999017,h,1,2.735465600155294,NA,1209.5065542000812,1209.5199076000135,1209.5199076000135,1209.5199076000135,1209.5199076000135,1209.507169499993,NA,NA,NA,NA,NA,NA,NA,NA,NA,NA,016,001,2025-10-03_09h47.45.683,Study_5_PsychoPy_Experiment,2024.1.5,NA,2025-10-03 09h48.00.347273 +0100
Knowledge,Neg,FALSE,N,NB-TB-K,TT_NB,PsychoPyStudy5Stim/TT_NB_6.png,Adam does NOT KNOW there are TWO cubes,Two,b,h,Y,PropFalse,N,0,183,183,69,1209.5199076000135,NA,NA,NA,NA,NA,NA,NA,NA,NA,1209.5075962000992,3.3619999885559e-4,1209.5896252999082,1209.9699721001089,1210.0701049999334,1212.070083499886,1212.470022599911,1212.571811300004,1212.571811300004,1214.4056299000513,h,1,1.831802799832076,NA,1214.4059246000834,1214.419812399894,1214.419812399894,1214.419812399894,1214.419812399894,1214.406244300073,NA,NA,NA,NA,NA,NA,NA,NA,NA,NA,016,001,2025-10-03_09h47.45.683,Study_5_PsychoPy_Experiment,2024.1.5,NA,2025-10-03 09h48.00.347273 +0100
Belief,Reg,FALSE,N,TB-K-B,TD_B,PsychoPyStudy5Stim/TD_B_5.png,Adam THINKS there are ZERO cubes,Zero,b,h,N,PropFalse,N,0,184,184,267,1214.419812399894,NA,NA,NA,NA,NA,NA,NA,NA,NA,1214.4064529000316,1.668999902904e-4,1214.4893946999218,1214.869685600046,1214.969795000041,1216.9697811000517,1217.370037500048,1217.4719215000514,1217.4719215000514,1218.5902239000425,h,1,1.1157382000237703,NA,1218.5910724999849,1218.6032960999291,1218.6032960999291,1218.6032960999291,1218.6032960999291,1218.592096999986,NA,NA,NA,NA,NA,NA,NA,NA,NA,NA,016,001,2025-10-03_09h47.45.683,Study_5_PsychoPy_Experiment,2024.1.5,NA,2025-10-03 09h48.00.347273 +0100
Belief,Reg,TRUE,N,TB-Ig,D_B,PsychoPyStudy5Stim/D_B_3.png,Adam THINKS there are ZERO cubes,Zero,h,b,N,-,Y,0,185,185,202,1218.6032960999291,NA,NA,NA,NA,NA,NA,NA,NA,NA,1218.592781699961,5.4630008526146e-4,1218.6930430000648,1219.06971709989,1219.169810499996,1221.170089900028,1221.570095699979,1221.6719221000094,1221.6719221000094,1225.722522099968,b,1,4.034141599899158,NA,1225.723073099973,1225.736496299971,1225.736496299971,1225.736496299971,1225.736496299971,1225.7236848000905,NA,NA,NA,NA,NA,NA,NA,NA,NA,NA,016,001,2025-10-03_09h47.45.683,Study_5_PsychoPy_Experiment,2024.1.5,NA,2025-10-03 09h48.00.347273 +0100
Reality,Reg,TRUE,N,FB-Ig,B_TT,PsychoPyStudy5Stim/B_TT_2.png,"In REALITY, there are TWO cubes",Two,h,b,N,-,N,0,186,186,332,1225.736496299971,NA,NA,NA,NA,NA,NA,NA,NA,NA,1225.7241654999088,3.8999994285404e-4,1225.8088748999871,1226.1863841000013,1226.2863956000656,1228.2866716000717,1228.6866307000164,1228.788475499954,1228.788475499954,1229.7728516999632,b,1,0.9674249000381678,NA,1229.7734985998832,1229.7865281000268,1229.7865281000268,1229.7865281000268,1229.7865281000268,1229.7742218000349,NA,NA,NA,NA,NA,NA,NA,NA,NA,NA,016,001,2025-10-03_09h47.45.683,Study_5_PsychoPy_Experiment,2024.1.5,NA,2025-10-03 09h48.00.347273 +0100
Belief,Reg,TRUE,N,TB-K-B,DD_B,PsychoPyStudy5Stim/DD_B_5.png,Adam THINKS there are ZERO cubes,Zero,h,b,N,-,N,0,187,187,230,1229.7865281000268,NA,NA,NA,NA,NA,NA,NA,NA,NA,1229.7747917999511,4.5969989150762e-4,1229.8696006999817,1230.253034699941,1230.3530566999689,1232.3531335999724,1232.753129000077,1232.85494260001,1232.85494260001,1237.3722723000683,b,1,4.507525299908593,NA,1237.3727677999996,1237.3864068998955,1237.3864068998955,1237.3864068998955,1237.3864068998955,1237.373278199928,NA,NA,NA,NA,NA,NA,NA,NA,NA,NA,016,001,2025-10-03_09h47.45.683,Study_5_PsychoPy_Experiment,2024.1.5,NA,2025-10-03 09h48.00.347273 +0100
Belief,Reg,TRUE,N,TB-K-B,TT_B,PsychoPyStudy5Stim/TT_B_7.png,Adam THINKS there are TWO cubes,Two,h,b,N,-,N,0,188,188,248,1237.3864068998955,NA,NA,NA,NA,NA,NA,NA,NA,NA,1237.373682199977,3.3610011450946e-4,1237.45772029995,1237.836476400029,1237.9366552000863,1239.9366746000014,1240.3364895998966,1240.4385369000956,1240.4385369000956,1241.4898270000704,b,1,1.0443615999538451,NA,1241.4906289000064,1241.50321980007,1241.50321980007,1241.50321980007,1241.50321980007,1241.491569200065,NA,NA,NA,NA,NA,NA,NA,NA,NA,NA,016,001,2025-10-03_09h47.45.683,Study_5_PsychoPy_Experiment,2024.1.5,NA,2025-10-03 09h48.00.347273 +0100
Belief,Neg,TRUE,N,TB-K,TT_B,PsychoPyStudy5Stim/TT_B_1.png,Adam does NOT THINK there is ONE cube,One,h,b,Y,-,N,0,189,189,84,1241.50321980007,NA,NA,NA,NA,NA,NA,NA,NA,NA,1241.492251599906,5.104998126626e-4,1241.5897925999016,1241.9697839999571,1242.0698913999368,1244.0699916998856,1244.469818300102,1244.571807600092,1244.571807600092,1246.1058610999023,b,1,1.5268431999720633,NA,1246.106432700064,1246.1196075999178,1246.1196075999178,1246.1196075999178,1246.1196075999178,1246.1070594999474,NA,NA,NA,NA,NA,NA,NA,NA,NA,NA,016,001,2025-10-03_09h47.45.683,Study_5_PsychoPy_Experiment,2024.1.5,NA,2025-10-03 09h48.00.347273 +0100
Belief,Neg,TRUE,Y,FB-Ig,T_B_T,PsychoPyStudy5Stim/T_B_T_4.png,Adam does NOT THINK there are TWO cubes,Two,h,b,Y,-,N,0,190,190,19,1246.1196075999178,NA,NA,NA,NA,NA,NA,NA,NA,NA,1246.1074886000715,3.6130007356405e-4,1246.1894471999258,1246.569778499892,1246.6698932000436,1248.6699240999296,1249.0698953000829,1249.1719039001036,1249.1719039001036,1250.3393001998777,b,1,1.1504977999720722,NA,1250.3399084999692,1250.3531698000152,1250.3531698000152,1250.3531698000152,1250.3531698000152,1250.3406281999778,NA,NA,NA,NA,NA,NA,NA,NA,NA,NA,016,001,2025-10-03_09h47.45.683,Study_5_PsychoPy_Experiment,2024.1.5,NA,2025-10-03 09h48.00.347273 +0100
Reality,Reg,TRUE,N,NB-TB-K,T_NB,PsychoPyStudy5Stim/T_NB_5.png,"In REALITY, there is ONE cube",One,h,b,N,-,N,0,191,191,144,1250.3531698000152,NA,NA,NA,NA,NA,NA,NA,NA,NA,1250.3411183001008,3.8699992001056e-4,1250.4201732000802,1250.8032651999963,1250.9030422000214,1252.9031636000143,1253.3032494999934,1253.405017199926,1253.405017199926,1254.6890173999127,b,1,1.277860000031069,NA,1254.689493899932,1254.7029820999596,1254.7029820999596,1254.7029820999596,1254.7029820999596,1254.6900569999125,NA,NA,NA,NA,NA,NA,NA,NA,NA,NA,016,001,2025-10-03_09h47.45.683,Study_5_PsychoPy_Experiment,2024.1.5,NA,2025-10-03 09h48.00.347273 +0100
Knowledge,Reg,TRUE,N,NB-TB-K,DD_NB,PsychoPyStudy5Stim/DD_NB_4.png,Adam KNOWS there are ZERO cubes,Zero,h,b,N,-,N,0,192,192,150,1254.7029820999596,NA,NA,NA,NA,NA,NA,NA,NA,NA,1254.6904299000744,2.9340013861656e-4,1254.786623999942,1255.1697949999943,1255.2698127999902,1257.269942899933,1257.6698191000614,1257.771672700066,1257.771672700066,1261.572256699903,b,1,3.790646499954164,NA,1261.5727520000655,1261.5862857999746,1261.5862857999746,1261.5862857999746,1261.5862857999746,1261.573297499912,NA,NA,NA,NA,NA,NA,NA,NA,NA,NA,016,001,2025-10-03_09h47.45.683,Study_5_PsychoPy_Experiment,2024.1.5,NA,2025-10-03 09h48.00.347273 +0100
Knowledge,Neg,FALSE,N,NB-TB-K,T_NB,PsychoPyStudy5Stim/T_NB_4.png,Adam does NOT KNOW there is ONE cube,One,b,h,Y,PropFalse,N,0,193,193,43,1261.5862857999746,NA,NA,NA,NA,NA,NA,NA,NA,NA,1261.5736708999611,2.9310001991689e-4,1261.6721667998936,1262.053073399933,1262.1532848998904,1264.1531865999568,1264.5531774999108,1264.6550604999063,1264.6550604999063,1266.3057353999466,h,1,1.6352301000151783,NA,1266.3063256999012,1266.319701100001,1266.319701100001,1266.319701100001,1266.319701100001,1266.3069410999306,NA,NA,NA,NA,NA,NA,NA,NA,NA,NA,016,001,2025-10-03_09h47.45.683,Study_5_PsychoPy_Experiment,2024.1.5,NA,2025-10-03 09h48.00.347273 +0100
Knowledge,Reg,TRUE,N,NB-TB-K,D_NB,PsychoPyStudy5Stim/D_NB_5.png,Adam KNOWS there are ZERO cubes,Zero,h,b,N,-,N,0,194,194,132,1266.319701100001,NA,NA,NA,NA,NA,NA,NA,NA,NA,1266.3074038000775,3.7160003557801e-4,1266.4070148998871,1266.786296899896,1266.8865195999388,1268.8864374998957,1269.2864276999608,1269.3884634000715,1269.3884634000715,1273.4891186000314,b,1,4.085607799934223,NA,1273.4896197000053,1273.5029064998962,1273.5029064998962,1273.5029064998962,1273.5029064998962,1273.4901731000282,NA,NA,NA,NA,NA,NA,NA,NA,NA,NA,016,001,2025-10-03_09h47.45.683,Study_5_PsychoPy_Experiment,2024.1.5,NA,2025-10-03 09h48.00.347273 +0100
Belief,Neg,TRUE,Y,FB-Ig,D_B_T,PsychoPyStudy5Stim/D_B_T_1.png,Adam does NOT THINK there is ONE cube,One,h,b,Y,-,N,0,195,195,24,1273.5029064998962,NA,NA,NA,NA,NA,NA,NA,NA,NA,1273.49056080007,3.0530011281371e-4,1273.5763324000873,1273.953066699905,1274.0532156000845,1276.0531729001086,1276.4530952998905,1276.5550945999566,1276.5550945999566,1279.8391293000896,b,1,3.2708525999914855,NA,1279.8397097999696,1279.852938799886,1279.852938799886,1279.852938799886,1279.852938799886,1279.8403088999912,NA,NA,NA,NA,NA,NA,NA,NA,NA,NA,016,001,2025-10-03_09h47.45.683,Study_5_PsychoPy_Experiment,2024.1.5,NA,2025-10-03 09h48.00.347273 +0100
Knowledge,Reg,FALSE,N,TB-Ig,D_B,PsychoPyStudy5Stim/D_B_3.png,Adam KNOWS there are ZERO cubes,Zero,b,h,N,PropTrueNoKnow,Y,0,196,196,199,1279.852938799886,NA,NA,NA,NA,NA,NA,NA,NA,NA,1279.840760299936,3.5559991374611e-4,1279.9262536999304,1280.3029314999003,1280.40287910006,1282.4030299999283,1282.8030260000378,1282.9051214999054,1282.9051214999054,1285.6894964000676,h,1,2.7695937000680715,NA,1285.690232400084,1285.7029917000327,1285.7029917000327,1285.7029917000327,1285.7029917000327,1285.6911216001026,NA,NA,NA,NA,NA,NA,NA,NA,NA,NA,016,001,2025-10-03_09h47.45.683,Study_5_PsychoPy_Experiment,2024.1.5,NA,2025-10-03 09h48.00.347273 +0100
Belief,Reg,FALSE,N,TB-K-B,TD_B,PsychoPyStudy5Stim/TD_B_2.png,Adam THINKS there are ZERO cubes,Zero,b,h,N,PropFalse,N,0,197,197,264,1285.7029917000327,NA,NA,NA,NA,NA,NA,NA,NA,NA,1285.6917032001074,4.5639998279511e-4,1285.804499400081,1286.1863853998948,1286.2865017000586,1288.2863181000575,1288.686415300006,1288.7882924999576,1288.7882924999576,1291.022523399908,h,1,2.222551899962127,NA,1291.023187499959,1291.0362947999963,1291.0362947999963,1291.0362947999963,1291.0362947999963,1291.0239258001093,NA,NA,NA,NA,NA,NA,NA,NA,NA,NA,016,001,2025-10-03_09h47.45.683,Study_5_PsychoPy_Experiment,2024.1.5,NA,2025-10-03 09h48.00.347273 +0100
Reality,Reg,TRUE,N,NB-TB-K,T_NB,PsychoPyStudy5Stim/T_NB_6.png,"In REALITY, there is ONE cube",One,h,b,N,-,N,0,198,198,145,1291.0362947999963,NA,NA,NA,NA,NA,NA,NA,NA,NA,1291.024439400062,4.0260003879666e-4,1291.108116300078,1291.4860801000614,1291.586629499914,1293.5864409999922,1293.9863950000145,1294.0883174999617,1294.0883174999617,1294.9390791000333,b,1,0.8425816998351365,NA,1294.9397416999564,1294.9529695999809,1294.9529695999809,1294.9529695999809,1294.9529695999809,1294.940484999912,NA,NA,NA,NA,NA,NA,NA,NA,NA,NA,016,001,2025-10-03_09h47.45.683,Study_5_PsychoPy_Experiment,2024.1.5,NA,2025-10-03 09h48.00.347273 +0100
Belief,Neg,FALSE,N,TB-K,TD_B,PsychoPyStudy5Stim/TD_B_3.png,Adam does NOT THINK there is ONE cube,One,b,h,Y,PropFalse,N,0,199,199,122,1294.9529695999809,NA,NA,NA,NA,NA,NA,NA,NA,NA,1294.9410379000474,4.4350000098347e-4,1295.0241761999205,1295.4030357999727,1295.5032353000715,1297.5031701000407,1297.9030826000962,1298.0049062999897,1298.0049062999897,1301.0893081999384,h,1,3.069809000007808,NA,1301.090017199982,1301.1029091998937,1301.1029091998937,1301.1029091998937,1301.1029091998937,1301.0907829999924,NA,NA,NA,NA,NA,NA,NA,NA,NA,NA,016,001,2025-10-03_09h47.45.683,Study_5_PsychoPy_Experiment,2024.1.5,NA,2025-10-03 09h48.00.347273 +0100
Belief,Neg,TRUE,N,NB-TB-K,TT_NB,PsychoPyStudy5Stim/TT_NB_4.png,Adam does NOT THINK there is ONE cube,One,h,b,Y,-,N,0,200,200,63,1301.1029091998937,NA,NA,NA,NA,NA,NA,NA,NA,NA,1301.091334800003,4.3609994463622e-4,1301.180657000048,1301.5527693000622,1301.6528233001009,1303.652951899916,1304.053049599985,1304.155050399946,1304.155050399946,1305.8563691999298,b,1,1.687722000060603,NA,1305.8571711000986,1305.8696248000488,1305.8696248000488,1305.8696248000488,1305.8696248000488,1305.8580791000277,NA,NA,NA,NA,NA,NA,NA,NA,NA,NA,016,001,2025-10-03_09h47.45.683,Study_5_PsychoPy_Experiment,2024.1.5,NA,2025-10-03 09h48.00.347273 +0100
Knowledge,Reg,TRUE,N,TB-K-B,TT_B,PsychoPyStudy5Stim/TT_B_8.png,Adam KNOWS there are TWO cubes,Two,h,b,N,-,N,0,201,201,244,1305.8696248000488,NA,NA,NA,NA,NA,NA,NA,NA,NA,1305.8587158001028,5.0029996782541e-4,1305.9546115000269,1306.336063399911,1306.4361803999636,1308.436409600079,1308.8363473000936,1308.938205000013,1308.938205000013,1310.0730767000932,b,1,1.127748700091615,NA,1310.0739357999992,1310.08626989997,1310.08626989997,1310.08626989997,1310.08626989997,1310.0748759999406,NA,NA,NA,NA,NA,NA,NA,NA,NA,NA,016,001,2025-10-03_09h47.45.683,Study_5_PsychoPy_Experiment,2024.1.5,NA,2025-10-03 09h48.00.347273 +0100
Reality,Reg,TRUE,N,FB-Ig,B_TT,PsychoPyStudy5Stim/B_TT_1.png,"In REALITY, there are TWO cubes",Two,h,b,N,-,N,0,202,202,331,1310.08626989997,NA,NA,NA,NA,NA,NA,NA,NA,NA,1310.075515500037,5.0160009413957e-4,1310.1710936001036,1310.5529539000709,1310.6530307999346,1312.6530428999104,1313.052948599914,1313.1545605000574,1313.1545605000574,1314.505463700043,b,1,1.3445170000195503,NA,1314.5059732999653,1314.5195134000387,1314.5195134000387,1314.5195134000387,1314.5195134000387,1314.5065023999196,NA,NA,NA,NA,NA,NA,NA,NA,NA,NA,016,001,2025-10-03_09h47.45.683,Study_5_PsychoPy_Experiment,2024.1.5,NA,2025-10-03 09h48.00.347273 +0100
Knowledge,Reg,FALSE,N,FB-Ig,B_TT,PsychoPyStudy5Stim/B_TT_1.png,Adam KNOWS there are ZERO cubes,Zero,b,h,N,PropTrueNoKnow,Y,0,203,203,321,1314.5195134000387,NA,NA,NA,NA,NA,NA,NA,NA,NA,1314.506875500083,2.9339990578591e-4,1314.599363999907,1314.9695353999268,1315.0697246000636,1317.0697192999069,1317.4696597999427,1317.571505199885,1317.571505199885,1318.9722597999498,h,1,1.399186399998143,NA,1318.9727839000989,1318.9861429999582,1318.9861429999582,1318.9861429999582,1318.9861429999582,1318.973319400102,NA,NA,NA,NA,NA,NA,NA,NA,NA,NA,016,001,2025-10-03_09h47.45.683,Study_5_PsychoPy_Experiment,2024.1.5,NA,2025-10-03 09h48.00.347273 +0100
Belief,Reg,TRUE,N,NB-TB-K,DT_NB,PsychoPyStudy5Stim/TD_NB_1.png,Adam THINKS there is ONE cube,One,h,b,N,-,N,0,204,204,165,1318.9861429999582,NA,NA,NA,NA,NA,NA,NA,NA,NA,1318.9736959000584,2.9550003819167e-4,1319.0556197999977,1319.436034299899,1319.5361142999027,1321.5363672999663,1321.9361926000563,1322.038261800073,1322.038261800073,1325.5389268000145,b,1,3.4839216000400484,NA,1325.5395710000305,1325.5528490999714,1325.5528490999714,1325.5528490999714,1325.5528490999714,1325.5402627000583,NA,NA,NA,NA,NA,NA,NA,NA,NA,NA,016,001,2025-10-03_09h47.45.683,Study_5_PsychoPy_Experiment,2024.1.5,NA,2025-10-03 09h48.00.347273 +0100
Knowledge,Reg,FALSE,N,FB-Ig,T_B_T,PsychoPyStudy5Stim/T_B_T_7.png,Adam KNOWS there are ZERO cubes,Zero,b,h,N,PropFalse,N,0,205,205,281,1325.5528490999714,NA,NA,NA,NA,NA,NA,NA,NA,NA,1325.540746100014,3.8260011933743e-4,1325.6368813000154,1326.0194478000049,1326.1197005999277,1328.119538600091,1328.5196082999464,1328.621398099931,1328.621398099931,1332.0388756000905,h,1,3.4045273999217898,NA,1332.0394196000416,1332.0528134000488,1332.0528134000488,1332.0528134000488,1332.0528134000488,1332.0400441999082,NA,NA,NA,NA,NA,NA,NA,NA,NA,NA,016,001,2025-10-03_09h47.45.683,Study_5_PsychoPy_Experiment,2024.1.5,NA,2025-10-03 09h48.00.347273 +0100
Knowledge,Reg,FALSE,N,FB-Ig,D_B_T,PsychoPyStudy5Stim/D_B_T_6.png,Adam KNOWS there are TWO cubes,Two,b,h,N,PropFalse,N,0,206,206,296,1332.0528134000488,NA,NA,NA,NA,NA,NA,NA,NA,NA,1332.040468199877,3.3349986188113e-4,1332.129138499964,1332.502603800036,1332.6026941000018,1334.6029393000065,1335.002696600044,1335.1048580000645,1335.1048580000645,1336.138221600093,h,1,1.0253717000596223,NA,1336.1385248999577,1336.1525781000964,1336.1525781000964,1336.1525781000964,1336.1525781000964,1336.138848799979,NA,NA,NA,NA,NA,NA,NA,NA,NA,NA,016,001,2025-10-03_09h47.45.683,Study_5_PsychoPy_Experiment,2024.1.5,NA,2025-10-03 09h48.00.347273 +0100
Belief,Reg,TRUE,N,TB-K-B,TT_B,PsychoPyStudy5Stim/TT_B_8.png,Adam THINKS there are TWO cubes,Two,h,b,N,-,N,0,207,207,249,1336.1525781000964,NA,NA,NA,NA,NA,NA,NA,NA,NA,1336.1390597000718,1.6970001161098e-4,1336.2245487000328,1336.6025608000346,1336.7027402000967,1338.7027569001075,1339.102960299933,1339.2048422999214,1339.2048422999214,1339.955894799903,b,1,0.7337004998698831,NA,1339.9566846000962,1339.9694785000756,1339.9694785000756,1339.9694785000756,1339.9694785000756,1339.9575443000067,NA,NA,NA,NA,NA,NA,NA,NA,NA,NA,016,001,2025-10-03_09h47.45.683,Study_5_PsychoPy_Experiment,2024.1.5,NA,2025-10-03 09h48.00.347273 +0100
Belief,Neg,TRUE,Y,FB-Ig,T_B_T,PsychoPyStudy5Stim/T_B_T_7.png,Adam does NOT THINK there are TWO cubes,Two,h,b,Y,-,N,0,208,208,22,1339.9694785000756,NA,NA,NA,NA,NA,NA,NA,NA,NA,1339.9581436999142,4.6760006807744e-4,1340.057266900083,1340.4359865000006,1340.5363966999575,1342.5362269000616,1342.9362427999731,1343.038099499885,1343.038099499885,1345.656209300039,b,1,2.604588400106877,NA,1345.657069399953,1345.6694885999896,1345.6694885999896,1345.6694885999896,1345.6694885999896,1345.657967499923,NA,NA,NA,NA,NA,NA,NA,NA,NA,NA,016,001,2025-10-03_09h47.45.683,Study_5_PsychoPy_Experiment,2024.1.5,NA,2025-10-03 09h48.00.347273 +0100
Belief,Reg,FALSE,N,NB-TB-K,DD_NB,PsychoPyStudy5Stim/DD_NB_2.png,Adam THINKS there is ONE cube,One,b,h,N,PropFalse,N,0,209,209,158,1345.6694885999896,NA,NA,NA,NA,NA,NA,NA,NA,NA,1345.6586492999922,5.4210005328059e-4,1345.758248900063,1346.135974300094,1346.236102099996,1348.236163900001,1348.6362519999966,1348.73820849997,1348.73820849997,1350.7392257999163,h,1,1.9918668998871,NA,1350.7399927000515,1350.7527936000845,1350.7527936000845,1350.7527936000845,1350.7527936000845,1350.740822599968,NA,NA,NA,NA,NA,NA,NA,NA,NA,NA,016,001,2025-10-03_09h47.45.683,Study_5_PsychoPy_Experiment,2024.1.5,NA,2025-10-03 09h48.00.347273 +0100
Reality,Reg,FALSE,N,TB-Ig,D_B,PsychoPyStudy5Stim/D_B_2.png,"In REALITY, there is ONE cube",One,b,h,N,-,N,0,210,210,204,1350.7527936000845,NA,NA,NA,NA,NA,NA,NA,NA,NA,1350.74141960009,4.6829995699226e-4,1350.8398339000996,1351.2191727999598,1351.3193787999917,1353.3194043999538,1353.7193422000855,1353.821418199921,1353.821418199921,1358.522203600034,h,1,4.693121700081974,NA,1358.52282679989,1358.5360431999434,1358.5360431999434,1358.5360431999434,1358.5360431999434,1358.5234823999926,NA,NA,NA,NA,NA,NA,NA,NA,NA,NA,016,001,2025-10-03_09h47.45.683,Study_5_PsychoPy_Experiment,2024.1.5,NA,2025-10-03 09h48.00.347273 +0100
Belief,Reg,FALSE,N,NB-TB-K,TT_NB,PsychoPyStudy5Stim/TT_NB_6.png,Adam THINKS there is ONE cube,One,b,h,N,PropFalse,N,0,211,211,190,1358.5360431999434,NA,NA,NA,NA,NA,NA,NA,NA,NA,1358.5239395000972,3.5710004158318e-4,1358.6190845000092,1359.0028150998987,1359.1028157998808,1361.1028020998929,1361.50280570006,1361.604673099937,1361.604673099937,1365.490187499905,h,1,3.869784400099888,NA,1365.4913814999163,1365.5028210999444,1365.5028210999444,1365.5028210999444,1365.5028210999444,1365.492715599947,NA,NA,NA,NA,NA,NA,NA,NA,NA,NA,016,001,2025-10-03_09h47.45.683,Study_5_PsychoPy_Experiment,2024.1.5,NA,2025-10-03 09h48.00.347273 +0100
Knowledge,Reg,FALSE,N,NB-TB-K,TT_NB,PsychoPyStudy5Stim/TT_NB_8.png,Adam KNOWS there is ONE cube,One,b,h,N,PropFalse,N,0,212,212,176,1365.5028210999444,NA,NA,NA,NA,NA,NA,NA,NA,NA,1365.4936613999307,7.4200006201863e-4,1365.5893671000376,1365.9691286999732,1366.0692364000715,1368.069388099946,1368.4693475000097,1368.5713482000865,1368.5713482000865,1369.4222305999135,h,1,0.8387430999428034,NA,1369.4228803999722,1369.435978299938,1369.435978299938,1369.435978299938,1369.435978299938,1369.4235545999836,NA,NA,NA,NA,NA,NA,NA,NA,NA,NA,016,001,2025-10-03_09h47.45.683,Study_5_PsychoPy_Experiment,2024.1.5,NA,2025-10-03 09h48.00.347273 +0100
Knowledge,Reg,TRUE,N,TB-K-B,DD_B,PsychoPyStudy5Stim/DD_B_5.png,Adam KNOWS there are ZERO cubes,Zero,h,b,N,-,N,0,213,213,219,1369.435978299938,NA,NA,NA,NA,NA,NA,NA,NA,NA,1369.4241108000278,4.5090005733072e-4,1369.517863899935,1369.9024420999922,1370.0025667001028,1372.0028915998992,1372.4028141000308,1372.504814699991,1372.504814699991,1374.4053710999433,b,1,1.8978099999949336,NA,1374.4058898000512,1374.419281099923,1374.419281099923,1374.419281099923,1374.419281099923,1374.4064388000406,NA,NA,NA,NA,NA,NA,NA,NA,NA,NA,016,001,2025-10-03_09h47.45.683,Study_5_PsychoPy_Experiment,2024.1.5,NA,2025-10-03 09h48.00.347273 +0100
Reality,Reg,TRUE,N,NB-TB-K,DD_NB,PsychoPyStudy5Stim/DD_NB_3.png,"In REALITY, there are ZERO cubes",Zero,h,b,N,-,N,0,214,214,159,1374.419281099923,NA,NA,NA,NA,NA,NA,NA,NA,NA,1374.4068161000032,2.9650004580616e-4,1374.5020192998927,1374.8858141000385,1374.985875400016,1376.9861091000494,1377.386092500063,1377.4879501000978,1377.4879501000978,1378.4217580999248,b,1,0.9222670998424292,NA,1378.422290300019,1378.435965599958,1378.435965599958,1378.435965599958,1378.435965599958,1378.4228258999065,NA,NA,NA,NA,NA,NA,NA,NA,NA,NA,016,001,2025-10-03_09h47.45.683,Study_5_PsychoPy_Experiment,2024.1.5,NA,2025-10-03 09h48.00.347273 +0100
Knowledge,Neg,FALSE,N,TB-K,TD_B,PsychoPyStudy5Stim/TD_B_7.png,Adam does NOT KNOW there is ONE cube,One,b,h,Y,PropFalse,N,0,215,215,118,1378.435965599958,NA,NA,NA,NA,NA,NA,NA,NA,NA,1378.4232212998904,3.2020010985434e-4,1378.5153880999424,1378.8858999998774,1378.9862500000745,1380.9861818000209,1381.3861547000706,1381.4880146000069,1381.4880146000069,1382.9384826000314,h,1,1.4424472998362037,NA,1382.9389541998971,1382.9525603000077,1382.9525603000077,1382.9525603000077,1382.9525603000077,1382.939480500063,NA,NA,NA,NA,NA,NA,NA,NA,NA,NA,016,001,2025-10-03_09h47.45.683,Study_5_PsychoPy_Experiment,2024.1.5,NA,2025-10-03 09h48.00.347273 +0100
Belief,Neg,FALSE,N,TB-K,TT_B,PsychoPyStudy5Stim/TT_B_7.png,Adam does NOT THINK there are TWO cubes,Two,b,h,Y,PropFalse,N,0,216,216,102,1382.9525603000077,NA,NA,NA,NA,NA,NA,NA,NA,NA,1382.9398368000984,2.8169993311166e-4,1383.0382745999375,1383.419347200077,1383.519486400066,1385.51948560006,1385.9193641999736,1386.0213625000324,1386.0213625000324,1387.6551544000397,h,1,1.6201581999193877,NA,1387.6556692000013,1387.6692389000673,1387.6692389000673,1387.6692389000673,1387.6692389000673,1387.6561980000697,NA,NA,NA,NA,NA,NA,NA,NA,NA,NA,016,001,2025-10-03_09h47.45.683,Study_5_PsychoPy_Experiment,2024.1.5,NA,2025-10-03 09h48.00.347273 +0100
Belief,Reg,FALSE,N,FB-Ig,T_B_T,PsychoPyStudy5Stim/T_B_T_4.png,Adam THINKS there are ZERO cubes,Zero,b,h,N,PropFalse,N,0,217,217,286,1387.6692389000673,NA,NA,NA,NA,NA,NA,NA,NA,NA,1387.6565952000674,3.2180012203752e-4,1387.7538886000402,1388.1357408000622,1388.2358192000538,1390.2360888998955,1390.6360400998965,1390.7379852000158,1390.7379852000158,1396.3718314999714,h,1,5.616588399978355,NA,1396.372438200051,1396.3859321998898,1396.3859321998898,1396.3859321998898,1396.3859321998898,1396.373072199989,NA,NA,NA,NA,NA,NA,NA,NA,NA,NA,016,001,2025-10-03_09h47.45.683,Study_5_PsychoPy_Experiment,2024.1.5,NA,2025-10-03 09h48.00.347273 +0100
Knowledge,Neg,TRUE,Y,FB-Ig,D_B_T,PsychoPyStudy5Stim/D_B_T_3.png,Adam does NOT KNOW there is ONE cube,One,h,b,Y,-,N,0,218,218,10,1396.3859321998898,NA,NA,NA,NA,NA,NA,NA,NA,NA,1396.3735545000527,3.9219995960593e-4,1396.4794854999054,1396.8526429000776,1396.9526219000109,1398.9527068000752,1399.3526896999683,1399.4546654999722,1399.4546654999722,1403.5219672000967,b,1,4.050793199799955,NA,1403.5225190999918,1403.5357943999115,1403.5357943999115,1403.5357943999115,1403.5357943999115,1403.5230779000558,NA,NA,NA,NA,NA,NA,NA,NA,NA,NA,016,001,2025-10-03_09h47.45.683,Study_5_PsychoPy_Experiment,2024.1.5,NA,2025-10-03 09h48.00.347273 +0100
Knowledge,Neg,TRUE,Y,FB-Ig,T_B_T,PsychoPyStudy5Stim/T_B_T_4.png,Adam does NOT KNOW there are TWO cubes,Two,h,b,Y,-,N,0,219,219,3,1403.5357943999115,NA,NA,NA,NA,NA,NA,NA,NA,NA,1403.5235035999212,3.3880001865327e-4,1403.6174643000122,1404.0023980000988,1404.1028177000117,1406.1027353000827,1406.502662499901,1406.6046847999096,1406.6046847999096,1411.6721175001005,b,1,5.053894999902695,NA,1411.6727638999,1411.6858242999297,1411.6858242999297,1411.6858242999297,1411.6858242999297,1411.6734748000745,NA,NA,NA,NA,NA,NA,NA,NA,NA,NA,016,001,2025-10-03_09h47.45.683,Study_5_PsychoPy_Experiment,2024.1.5,NA,2025-10-03 09h48.00.347273 +0100
Belief,Neg,TRUE,Y,FB-Ig,T_B_T,PsychoPyStudy5Stim/T_B_T_6.png,Adam does NOT THINK there are TWO cubes,Two,h,b,Y,-,N,0,220,220,21,1411.6858242999297,NA,NA,NA,NA,NA,NA,NA,NA,NA,1411.6739558000118,3.7780008278787e-4,1411.78048820002,1412.1525379000232,1412.2527572999245,1414.2525571000297,1414.652701599989,1414.7546510000248,1414.7546510000248,1417.088865000056,b,1,2.327707900200039,NA,1417.089521100046,1417.1024974000177,1417.1024974000177,1417.1024974000177,1417.1024974000177,1417.0902444000822,NA,NA,NA,NA,NA,NA,NA,NA,NA,NA,016,001,2025-10-03_09h47.45.683,Study_5_PsychoPy_Experiment,2024.1.5,NA,2025-10-03 09h48.00.347273 +0100
Knowledge,Neg,FALSE,N,NB-TB-K,T_NB,PsychoPyStudy5Stim/T_NB_6.png,Adam does NOT KNOW there is ONE cube,One,b,h,Y,PropFalse,N,0,221,221,45,1417.1024974000177,NA,NA,NA,NA,NA,NA,NA,NA,NA,1417.0907477000728,3.9509986527264e-4,1417.1897944000084,1417.569261000026,1417.6693472999614,1419.6692627999,1420.0692431998905,1420.171183800092,1420.171183800092,1422.1720272998791,h,1,1.9908490001689645,NA,1422.1726438000333,1422.185841300059,1422.185841300059,1422.185841300059,1422.185841300059,1422.17341389996,NA,NA,NA,NA,NA,NA,NA,NA,NA,NA,016,001,2025-10-03_09h47.45.683,Study_5_PsychoPy_Experiment,2024.1.5,NA,2025-10-03 09h48.00.347273 +0100
Knowledge,Reg,FALSE,N,FB-Ig,B_T,PsychoPyStudy5Stim/B_T_2.png,Adam KNOWS there are ZERO cubes,Zero,b,h,N,PropTrueNoKnow,Y,0,222,222,308,1422.185841300059,NA,NA,NA,NA,NA,NA,NA,NA,NA,1422.1739201999735,4.0720007382333e-4,1422.274184100097,1422.652402600041,1422.7526219000574,1424.7525615999475,1425.1525224000216,1425.2543639000503,1425.2543639000503,1426.6718490000349,h,1,1.4032022000756117,NA,1426.67239219998,1426.685703699943,1426.685703699943,1426.685703699943,1426.685703699943,1426.6729496000337,NA,NA,NA,NA,NA,NA,NA,NA,NA,NA,016,001,2025-10-03_09h47.45.683,Study_5_PsychoPy_Experiment,2024.1.5,NA,2025-10-03 09h48.00.347273 +0100
Belief,Neg,FALSE,N,NB-TB-K,T_NB,PsychoPyStudy5Stim/T_NB_8.png,Adam does NOT THINK there is ONE cube,One,b,h,Y,PropFalse,N,0,223,223,55,1426.685703699943,NA,NA,NA,NA,NA,NA,NA,NA,NA,1426.6733740998898,3.3499998971819e-4,1426.7750438000076,1427.1525491001084,1427.2527135999408,1429.2525428000372,1429.6525439000688,1429.754558000015,1429.754558000015,1430.7046819999814,h,1,0.9350560000166296,NA,1430.705029899953,1430.719047700055,1430.719047700055,1430.719047700055,1430.719047700055,1430.7053940999322,NA,NA,NA,NA,NA,NA,NA,NA,NA,NA,016,001,2025-10-03_09h47.45.683,Study_5_PsychoPy_Experiment,2024.1.5,NA,2025-10-03 09h48.00.347273 +0100
Knowledge,Neg,TRUE,N,NB-TB-K,T_NB,PsychoPyStudy5Stim/T_NB_2.png,Adam does NOT KNOW there are TWO cubes,Two,h,b,Y,-,N,0,224,224,33,1430.719047700055,NA,NA,NA,NA,NA,NA,NA,NA,NA,1430.7056303999852,1.8810015171766e-4,1430.7881875999738,1431.1692065000534,1431.2693131999113,1433.2693310999312,1433.6691076999996,1433.771047600079,1433.771047600079,1436.955137599958,b,1,3.1750716001261026,NA,1436.955646400107,1436.9690338000655,1436.9690338000655,1436.9690338000655,1436.9690338000655,1436.9562005999032,NA,NA,NA,NA,NA,NA,NA,NA,NA,NA,016,001,2025-10-03_09h47.45.683,Study_5_PsychoPy_Experiment,2024.1.5,NA,2025-10-03 09h48.00.347273 +0100
Knowledge,Reg,FALSE,N,FB-Ig,B_TT,PsychoPyStudy5Stim/B_TT_5.png,Adam KNOWS there are ZERO cubes,Zero,b,h,N,PropTrueNoKnow,Y,0,225,225,325,1436.9690338000655,NA,NA,NA,NA,NA,NA,NA,NA,NA,1436.9565902999602,3.0869990587234e-4,1437.0503736999815,1437.4357672999613,1437.535937800072,1439.5358925000764,1439.9356557999272,1440.037461400032,1440.037461400032,1441.6380034000613,h,1,1.596600400051102,NA,1441.6383140999824,1441.6523841000162,1441.6523841000162,1441.6523841000162,1441.6523841000162,1441.6386541998943,NA,NA,NA,NA,NA,NA,NA,NA,NA,NA,016,001,2025-10-03_09h47.45.683,Study_5_PsychoPy_Experiment,2024.1.5,NA,2025-10-03 09h48.00.347273 +0100
Knowledge,Neg,TRUE,N,TB-K,TT_B,PsychoPyStudy5Stim/TT_B_1.png,Adam does NOT KNOW there is ONE cube,One,h,b,Y,-,N,0,226,226,80,1441.6523841000162,NA,NA,NA,NA,NA,NA,NA,NA,NA,1441.6388755999506,1.7769983969628e-4,1441.735308199888,1442.1191245999653,1442.219298100099,1444.219091200037,1444.6189884999767,1444.7212755999062,1444.7212755999062,1450.2058051999193,b,1,5.472713500028476,NA,1450.2066381000914,1450.2189797998872,1450.2189797998872,1450.2189797998872,1450.2189797998872,1450.2075447000095,NA,NA,NA,NA,NA,NA,NA,NA,NA,NA,016,001,2025-10-03_09h47.45.683,Study_5_PsychoPy_Experiment,2024.1.5,NA,2025-10-03 09h48.00.347273 +0100
Knowledge,Reg,TRUE,N,TB-K-B,TD_B,PsychoPyStudy5Stim/TD_B_5.png,Adam KNOWS there is ONE cube,One,h,b,N,-,N,0,227,227,255,1450.2189797998872,NA,NA,NA,NA,NA,NA,NA,NA,NA,1450.2082293001004,5.4820021614432e-4,1450.304531899979,1450.6855480000377,1450.7856012999546,1452.785938099958,1453.1858143000863,1453.287792300107,1453.287792300107,1454.988605099963,b,1,1.6900969999842346,NA,1454.9892567999195,1455.0024222999346,1455.0024222999346,1455.0024222999346,1455.0024222999346,1454.9899873000104,NA,NA,NA,NA,NA,NA,NA,NA,NA,NA,016,001,2025-10-03_09h47.45.683,Study_5_PsychoPy_Experiment,2024.1.5,NA,2025-10-03 09h48.00.347273 +0100
Reality,Reg,FALSE,N,TB-Ig,D_B,PsychoPyStudy5Stim/D_B_3.png,"In REALTY, there are TWO cubes",Two,b,h,N,-,N,0,228,228,205,1455.0024222999346,NA,NA,NA,NA,NA,NA,NA,NA,NA,1454.990496699931,4.0240003727376e-4,1455.0910859999713,1455.4687759000808,1455.56895789993,1457.56916669989,1457.9691856999416,1458.0710595001,1458.0710595001,1460.0224750998896,h,1,1.9478426000569016,NA,1460.023321500048,1460.0357383000664,1460.0357383000664,1460.0357383000664,1460.0357383000664,1460.0242584000807,NA,NA,NA,NA,NA,NA,NA,NA,NA,NA,016,001,2025-10-03_09h47.45.683,Study_5_PsychoPy_Experiment,2024.1.5,NA,2025-10-03 09h48.00.347273 +0100
Knowledge,Neg,FALSE,N,TB-K,TT_B,PsychoPyStudy5Stim/TT_B_1.png,Adam does NOT KNOW there are TWO cubes,Two,b,h,Y,PropFalse,N,0,229,229,88,1460.0357383000664,NA,NA,NA,NA,NA,NA,NA,NA,NA,1460.024998500012,6.0189981013536e-4,1460.1099757999182,1460.4854675000531,1460.5856266000774,1462.5857530999929,1462.9858001999091,1463.0877201999538,1463.0877201999538,1465.0049326000735,h,1,1.905558499973267,NA,1465.005440399982,1465.0189708999824,1465.0189708999824,1465.0189708999824,1465.0189708999824,1465.0059795998968,NA,NA,NA,NA,NA,NA,NA,NA,NA,NA,016,001,2025-10-03_09h47.45.683,Study_5_PsychoPy_Experiment,2024.1.5,NA,2025-10-03 09h48.00.347273 +0100
Belief,Reg,FALSE,N,FB-Ig,T_B_T,PsychoPyStudy5Stim/T_B_T_6.png,Adam THINKS there are ZERO cubes,Zero,b,h,N,PropFalse,N,0,230,230,288,1465.0189708999824,NA,NA,NA,NA,NA,NA,NA,NA,NA,1465.0063779000193,3.2049999572336e-4,1465.0987058999017,1465.468793200096,1465.5689268000424,1467.5691591999494,1467.9689358000178,1468.0710666000375,1468.0710666000375,1469.5719653000124,h,1,1.4839578000828624,NA,1469.572579199914,1469.5856689999346,1469.5856689999346,1469.5856689999346,1469.5856689999346,1469.5732374000363,NA,NA,NA,NA,NA,NA,NA,NA,NA,NA,016,001,2025-10-03_09h47.45.683,Study_5_PsychoPy_Experiment,2024.1.5,NA,2025-10-03 09h48.00.347273 +0100
Reality,Reg,FALSE,N,FB-Ig,B_T,PsychoPyStudy5Stim/B_T_4.png,"In REALITY, there are TWO cubes",Two,b,h,N,-,N,0,231,231,320,1469.5856689999346,NA,NA,NA,NA,NA,NA,NA,NA,NA,1469.5737201999873,3.7900009192526e-4,1469.6723179998808,1470.0521144999657,1470.152186299907,1472.1522284999955,1472.5524313000496,1472.6543570999056,1472.6543570999056,1474.987634500023,h,1,2.323492799885571,NA,1474.9879332000855,1475.002157999901,1475.002157999901,1475.002157999901,1475.002157999901,1474.9882509999445,NA,NA,NA,NA,NA,NA,NA,NA,NA,NA,016,001,2025-10-03_09h47.45.683,Study_5_PsychoPy_Experiment,2024.1.5,NA,2025-10-03 09h48.00.347273 +0100
Belief,Reg,TRUE,N,TB-Ig,D_B,PsychoPyStudy5Stim/D_B_D_2.png,Adam THINKS there are ZERO cubes,Zero,h,b,N,-,Y,0,232,232,210,1475.002157999901,NA,NA,NA,NA,NA,NA,NA,NA,NA,1474.9884619000368,1.6999989748001e-4,1475.0743819999043,1475.4520791000689,1475.552234099945,1477.5524218000935,1477.9523819999304,1478.0543382000178,1478.0543382000178,1479.338504800107,b,1,1.2753888999577612,NA,1479.339164600009,1479.352294600103,1479.352294600103,1479.352294600103,1479.352294600103,1479.339907699963,NA,NA,NA,NA,NA,NA,NA,NA,NA,NA,016,001,2025-10-03_09h47.45.683,Study_5_PsychoPy_Experiment,2024.1.5,NA,2025-10-03 09h48.00.347273 +0100
Belief,Neg,TRUE,N,NB-TB-K,TT_NB,PsychoPyStudy5Stim/TT_NB_2.png,Adam does NOT THINK there is ONE cube,One,h,b,Y,-,N,0,233,233,61,1479.352294600103,NA,NA,NA,NA,NA,NA,NA,NA,NA,1479.340421400033,4.0509994141757e-4,1479.423890700098,1479.8022606999148,1479.9022419000976,1481.9022150998935,1482.302445200039,1482.404267600039,1482.404267600039,1484.504745699931,b,1,2.0931151998229325,NA,1484.5051742000503,1484.518861500081,1484.518861500081,1484.518861500081,1484.518861500081,1484.5056485000532,NA,NA,NA,NA,NA,NA,NA,NA,NA,NA,016,001,2025-10-03_09h47.45.683,Study_5_PsychoPy_Experiment,2024.1.5,NA,2025-10-03 09h48.00.347273 +0100
Belief,Reg,TRUE,N,TB-K-B,TD_B,PsychoPyStudy5Stim/TD_B_6.png,Adam THINKS there is ONE cube,One,h,b,N,-,N,0,234,234,260,1484.518861500081,NA,NA,NA,NA,NA,NA,NA,NA,NA,1484.5059742999729,2.5920011103153e-4,1484.6031247999051,1484.9856438999996,1485.0857480000705,1487.085701900069,1487.4857302000746,1487.5875130998902,1487.5875130998902,1488.471514099976,b,1,0.8784334999509156,NA,1488.4720666001083,1488.4855686000085,1488.4855686000085,1488.4855686000085,1488.4855686000085,1488.4726813999005,NA,NA,NA,NA,NA,NA,NA,NA,NA,NA,016,001,2025-10-03_09h47.45.683,Study_5_PsychoPy_Experiment,2024.1.5,NA,2025-10-03 09h48.00.347273 +0100
Belief,Reg,TRUE,N,FB-Ig,B_T,PsychoPyStudy5Stim/B_T_5.png,Adam THINKS there are ZERO cubes,Zero,h,b,N,-,Y,0,235,235,316,1488.4855686000085,NA,NA,NA,NA,NA,NA,NA,NA,NA,1488.4731066999957,3.3450010232627e-4,1488.571108999895,1488.9521770998836,1489.052480299957,1491.0523888000753,1491.4523088999558,1491.554177599959,1491.554177599959,1492.720856900094,b,1,1.151542899897322,NA,1492.7211482001003,1492.735340900021,1492.735340900021,1492.735340900021,1492.735340900021,1492.7214478999376,NA,NA,NA,NA,NA,NA,NA,NA,NA,NA,016,001,2025-10-03_09h47.45.683,Study_5_PsychoPy_Experiment,2024.1.5,NA,2025-10-03 09h48.00.347273 +0100
Knowledge,Reg,TRUE,N,TB-K-B,TD_B,PsychoPyStudy5Stim/TD_B_8.png,Adam KNOWS there is ONE cube,One,h,b,N,-,N,0,236,236,258,1492.735340900021,NA,NA,NA,NA,NA,NA,NA,NA,NA,1492.7216588999145,1.6990001313388e-4,1492.806158399908,1493.18536829995,1493.285455300007,1495.2857673000544,1495.6856362998951,1495.787499200087,1495.787499200087,1497.2050727999303,b,1,1.4145946998614818,NA,1497.2056267000737,1497.2188528000845,1497.2188528000845,1497.2188528000845,1497.2188528000845,1497.2063130000606,NA,NA,NA,NA,NA,NA,NA,NA,NA,NA,016,001,2025-10-03_09h47.45.683,Study_5_PsychoPy_Experiment,2024.1.5,NA,2025-10-03 09h48.00.347273 +0100
Reality,Reg,FALSE,N,NB-TB-K,DT_NB,PsychoPyStudy5Stim/TD_NB_2.png,"In REALITY, there are TWO cubes",Two,b,h,N,PropFalse,N,0,237,237,170,1497.2188528000845,NA,NA,NA,NA,NA,NA,NA,NA,NA,1497.206741800066,3.3780001103878e-4,1497.3023524999153,1497.6856414000504,1497.785720200045,1499.7854255998973,1500.185430899961,1500.287784300046,1500.287784300046,1501.22121099988,h,1,0.921374199911952,NA,1501.2215022998862,1501.2354121000972,1501.2354121000972,1501.2354121000972,1501.2354121000972,1501.2218259999063,NA,NA,NA,NA,NA,NA,NA,NA,NA,NA,016,001,2025-10-03_09h47.45.683,Study_5_PsychoPy_Experiment,2024.1.5,NA,2025-10-03 09h48.00.347273 +0100
Knowledge,Neg,FALSE,N,TB-K,TT_B,PsychoPyStudy5Stim/TT_B_2.png,Adam does NOT KNOW there are TWO cubes,Two,b,h,Y,PropFalse,N,0,238,238,89,1501.2354121000972,NA,NA,NA,NA,NA,NA,NA,NA,NA,1501.2220304000657,1.6409996896982e-4,1501.316739999922,1501.7022677001078,1501.8023898999672,1503.802335999906,1504.2023809999228,1504.304093200015,1504.304093200015,1506.2887949000578,h,1,1.9782496998086572,NA,1506.2894955000374,1506.3022487999406,1506.3022487999406,1506.3022487999406,1506.3022487999406,1506.2902466000523,NA,NA,NA,NA,NA,NA,NA,NA,NA,NA,016,001,2025-10-03_09h47.45.683,Study_5_PsychoPy_Experiment,2024.1.5,NA,2025-10-03 09h48.00.347273 +0100
Knowledge,Reg,TRUE,N,NB-TB-K,DD_NB,PsychoPyStudy5Stim/DD_NB_1.png,Adam KNOWS there are ZERO cubes,Zero,h,b,N,-,N,0,239,239,147,1506.3022487999406,NA,NA,NA,NA,NA,NA,NA,NA,NA,1506.2907638000324,4.0599983185529e-4,1506.3874776999,1506.7688740999438,1506.8690243000165,1508.8690297000576,1509.2689759999048,1509.3708224999718,1509.3708224999718,1511.43761179992,b,1,2.054598100017756,NA,1511.4379040999338,1511.4520751999223,1511.4520751999223,1511.4520751999223,1511.4520751999223,1511.4382267999465,NA,NA,NA,NA,NA,NA,NA,NA,NA,NA,016,001,2025-10-03_09h47.45.683,Study_5_PsychoPy_Experiment,2024.1.5,NA,2025-10-03 09h48.00.347273 +0100
Belief,Reg,FALSE,N,TB-K-B,DD_B,PsychoPyStudy5Stim/DD_B_5.png,Adam THINKS there is ONE cube,One,b,h,N,PropFalse,N,0,240,240,236,1511.4520751999223,NA,NA,NA,NA,NA,NA,NA,NA,NA,1511.4384379999246,1.7090002074837e-4,1511.5224611999,1511.901977600064,1512.0021039000712,1514.0021406000014,1514.4020867999643,1514.5042415999342,1514.5042415999342,1516.8055692999624,h,1,2.2978250000160187,NA,1516.8063654999714,1516.818850700045,1516.818850700045,1516.818850700045,1516.818850700045,1516.8073583000803,NA,NA,NA,NA,NA,NA,NA,NA,NA,NA,016,001,2025-10-03_09h47.45.683,Study_5_PsychoPy_Experiment,2024.1.5,NA,2025-10-03 09h48.00.347273 +0100
Belief,Reg,FALSE,N,NB-TB-K,TT_NB,PsychoPyStudy5Stim/TT_NB_6.png,Adam THINKS there are ZERO cubes,Zero,b,h,N,PropFalse,N,0,241,241,186,1516.818850700045,NA,NA,NA,NA,NA,NA,NA,NA,NA,1516.8079895998817,4.9669994041323e-4,1516.904018000001,1517.2852948999498,1517.385355999926,1519.3854229000865,1519.7855895000976,1519.8875208999962,1519.8875208999962,1520.821011400083,h,1,0.9305251000914724,NA,1520.8213460000698,1520.8353951999452,1520.8353951999452,1520.8353951999452,1520.8353951999452,1520.8217209998984,NA,NA,NA,NA,NA,NA,NA,NA,NA,NA,016,001,2025-10-03_09h47.45.683,Study_5_PsychoPy_Experiment,2024.1.5,NA,2025-10-03 09h48.00.347273 +0100
Knowledge,Reg,FALSE,N,FB-Ig,D_B_T,PsychoPyStudy5Stim/D_B_T_2.png,Adam KNOWS there are TWO cubes,Two,b,h,N,PropFalse,N,0,242,242,292,1520.8353951999452,NA,NA,NA,NA,NA,NA,NA,NA,NA,1520.8219610999804,1.9229995086789e-4,1520.9155812999234,1521.285330099985,1521.3853502999991,1523.3856375999749,1523.7856018999591,1523.8874836000614,1523.8874836000614,1528.2887468000408,h,1,4.386096100090072,NA,1528.2895561999176,1528.3021531999111,1528.3021531999111,1528.3021531999111,1528.3021531999111,1528.2904638000764,NA,NA,NA,NA,NA,NA,NA,NA,NA,NA,016,001,2025-10-03_09h47.45.683,Study_5_PsychoPy_Experiment,2024.1.5,NA,2025-10-03 09h48.00.347273 +0100
Reality,Reg,FALSE,N,FB-Ig,B_TT,PsychoPyStudy5Stim/B_TT_4.png,"In REALITY, there are ZERO cubes",Zero,b,h,N,-,N,0,243,243,334,1528.3021531999111,NA,NA,NA,NA,NA,NA,NA,NA,NA,1528.2910968998913,4.9420003779232e-4,1528.4012019000947,1528.785222500097,1528.8853980998974,1530.8855141000822,1531.285589999985,1531.3874723000918,1531.3874723000918,1532.571753799915,h,1,1.1823630998842418,NA,1532.572410200024,1532.5854644998908,1532.5854644998908,1532.5854644998908,1532.5854644998908,1532.573214400094,NA,NA,NA,NA,NA,NA,NA,NA,NA,NA,016,001,2025-10-03_09h47.45.683,Study_5_PsychoPy_Experiment,2024.1.5,NA,2025-10-03 09h48.00.347273 +0100
Knowledge,Reg,TRUE,N,TB-K-B,TT_B,PsychoPyStudy5Stim/TT_B_5.png,Adam KNOWS there are TWO cubes,Two,h,b,N,-,N,0,244,244,241,1532.5854644998908,NA,NA,NA,NA,NA,NA,NA,NA,NA,1532.5737562000286,4.3210014700889e-4,1532.6702344999649,1533.0518974999432,1533.1519758999348,1535.1522991000677,1535.5521678999066,1535.654071399942,1535.654071399942,1536.22194879991,b,1,0.5641153000760823,NA,1536.2226700000465,1536.2354365999345,1536.2354365999345,1536.2354365999345,1536.2354365999345,1536.223466699943,NA,NA,NA,NA,NA,NA,NA,NA,NA,NA,016,001,2025-10-03_09h47.45.683,Study_5_PsychoPy_Experiment,2024.1.5,NA,2025-10-03 09h48.00.347273 +0100
Knowledge,Neg,FALSE,N,NB-TB-K,TT_NB,PsychoPyStudy5Stim/TT_NB_4.png,Adam does NOT KNOW there are TWO cubes,Two,b,h,Y,PropFalse,N,0,245,245,67,1536.2354365999345,NA,NA,NA,NA,NA,NA,NA,NA,NA,1536.2240579000209,4.7799991443753e-4,1536.331177599961,1536.7018709999977,1536.8019751999527,1538.8022386000955,1539.2022514999844,1539.3041030000895,1539.3041030000895,1540.955000899965,h,1,1.6421004000585526,NA,1540.9556833999231,1540.9687314999755,1540.9687314999755,1540.9687314999755,1540.9687314999755,1540.9563963999972,NA,NA,NA,NA,NA,NA,NA,NA,NA,NA,016,001,2025-10-03_09h47.45.683,Study_5_PsychoPy_Experiment,2024.1.5,NA,2025-10-03 09h48.00.347273 +0100
Belief,Neg,TRUE,N,NB-TB-K,T_NB,PsychoPyStudy5Stim/T_NB_3.png,Adam does NOT THINK there are TWO cubes,Two,h,b,Y,-,N,0,246,246,38,1540.9687314999755,NA,NA,NA,NA,NA,NA,NA,NA,NA,1540.9569059999194,4.0020002052187e-4,1541.054364999989,1541.435203100089,1541.5353524999227,1543.5355477998964,1543.9355669000652,1544.0374914000276,1544.0374914000276,1546.6550104001071,b,1,2.6120585999451578,NA,1546.6556780000683,1546.6686750000808,1546.6686750000808,1546.6686750000808,1546.6686750000808,1546.656352299964,NA,NA,NA,NA,NA,NA,NA,NA,NA,NA,016,001,2025-10-03_09h47.45.683,Study_5_PsychoPy_Experiment,2024.1.5,NA,2025-10-03 09h48.00.347273 +0100
Reality,Reg,FALSE,N,FB-Ig,B_TT,PsychoPyStudy5Stim/B_TT_5.png,"In REALITY, there is ONE cube",One,b,h,N,-,N,0,247,247,335,1546.6686750000808,NA,NA,NA,NA,NA,NA,NA,NA,NA,1546.6568692000585,3.8530002348124e-4,1546.7418434999418,1547.1184535999782,1547.2185982000085,1549.2187868999315,1549.618831699947,1549.7208606998902,1549.7208606998902,1551.1882565999404,h,1,1.4567026000004262,NA,1551.1889100999106,1551.2020499000791,1551.2020499000791,1551.2020499000791,1551.2020499000791,1551.189636599971,NA,NA,NA,NA,NA,NA,NA,NA,NA,NA,016,001,2025-10-03_09h47.45.683,Study_5_PsychoPy_Experiment,2024.1.5,NA,2025-10-03 09h48.00.347273 +0100
Reality,Reg,FALSE,N,NB-TB-K,TT_NB,PsychoPyStudy5Stim/TT_NB_7.png,"In REALITY, there are ZERO cubes",Zero,b,h,N,PropFalse,N,0,248,248,194,1551.2020499000791,NA,NA,NA,NA,NA,NA,NA,NA,NA,1551.190156900091,4.1040009818971e-4,1551.2875337998848,1551.6684985000174,1551.768607399892,1553.7688613999635,1554.1687270998957,1554.270610800013,1554.270610800013,1558.404301600065,h,1,4.12233730009757,NA,1558.4045869000256,1558.4186162999831,1558.4186162999831,1558.4186162999831,1558.4186162999831,1558.4049052000046,NA,NA,NA,NA,NA,NA,NA,NA,NA,NA,016,001,2025-10-03_09h47.45.683,Study_5_PsychoPy_Experiment,2024.1.5,NA,2025-10-03 09h48.00.347273 +0100
Knowledge,Reg,FALSE,N,TB-Ig,D_B,PsychoPyStudy5Stim/D_B_D_3.png,Adam KNOWS there are ZERO cubes,Zero,b,h,N,PropTrueNoKnow,Y,0,249,249,208,1558.4186162999831,NA,NA,NA,NA,NA,NA,NA,NA,NA,1558.405112999957,1.668999902904e-4,1558.502381700091,1558.8851133000571,1558.9852247000672,1560.9852948999032,1561.3853867999278,1561.4872145000843,1561.4872145000843,1564.504113399889,h,1,3.009874500101432,NA,1564.5044076999184,1564.5185674999375,1564.5185674999375,1564.5185674999375,1564.5185674999375,1564.5047222999856,NA,NA,NA,NA,NA,NA,NA,NA,NA,NA,016,001,2025-10-03_09h47.45.683,Study_5_PsychoPy_Experiment,2024.1.5,NA,2025-10-03 09h48.00.347273 +0100
Belief,Reg,TRUE,N,TB-K-B,DD_B,PsychoPyStudy5Stim/DD_B_6.png,Adam THINKS there are ZERO cubes,Zero,h,b,N,-,N,0,250,250,231,1564.5185674999375,NA,NA,NA,NA,NA,NA,NA,NA,NA,1564.504929699935,1.668999902904e-4,1564.5997305999044,1564.9853787000757,1565.0855026000645,1567.085473400075,1567.4854204999283,1567.5872033999767,1567.5872033999767,1569.5552399000153,b,1,1.9659893999341875,NA,1569.5559117998928,1569.568665599916,1569.568665599916,1569.568665599916,1569.568665599916,1569.5566783999093,NA,NA,NA,NA,NA,NA,NA,NA,NA,NA,016,001,2025-10-03_09h47.45.683,Study_5_PsychoPy_Experiment,2024.1.5,NA,2025-10-03 09h48.00.347273 +0100
Knowledge,Reg,FALSE,N,FB-Ig,T_B_T,PsychoPyStudy5Stim/T_B_T_5.png,Adam KNOWS there are ZERO cubes,Zero,b,h,N,PropFalse,N,0,251,251,279,1569.568665599916,NA,NA,NA,NA,NA,NA,NA,NA,NA,1569.5572800999507,4.9450015649199e-4,1569.6589500999544,1570.035103400005,1570.1351705999114,1572.1354294000191,1572.535420899978,1572.6374516000506,1572.6374516000506,1574.6708817000035,h,1,2.027521900134161,NA,1574.6712022998836,1574.685485400027,NA,1574.685485400027,NA,1585.2205942999572,space,10.53250900004059,NA,NA,NA,NA,NA,NA,NA,NA,016,001,2025-10-03_09h47.45.683,Study_5_PsychoPy_Experiment,2024.1.5,NA,2025-10-03 09h48.00.347273 +0100
Knowledge,Neg,FALSE,N,NB-TB-K,TT_NB,PsychoPyStudy5Stim/TT_NB_1.png,Adam does NOT KNOW there are TWO cubes,Two,b,h,Y,PropFalse,N,0,252,252,64,1585.235197500093,NA,NA,NA,NA,NA,NA,NA,NA,NA,1585.221435100073,3.9589987136423e-4,1585.3203080999665,1585.7017381000333,1585.801823799964,1587.8021052000113,1588.2019919001032,1588.304056199966,1588.304056199966,1590.3212085999548,h,1,2.001550200162455,NA,1590.3217943999916,1590.3352186998818,1590.3352186998818,1590.3352186998818,1590.3352186998818,1590.323204800021,NA,NA,NA,NA,NA,NA,NA,NA,NA,NA,016,001,2025-10-03_09h47.45.683,Study_5_PsychoPy_Experiment,2024.1.5,NA,2025-10-03 09h48.00.347273 +0100
Knowledge,Reg,FALSE,N,FB-Ig,B_TT,PsychoPyStudy5Stim/B_TT_4.png,Adam KNOWS there are ZERO cubes,Zero,b,h,N,PropTrueNoKnow,Y,0,253,253,324,1590.3352186998818,NA,NA,NA,NA,NA,NA,NA,NA,NA,1590.3236495999154,3.4420005977153e-4,1590.409075200092,1590.7849971998949,1590.8851296999492,1592.8853408000432,1593.2853713999502,1593.3872748001013,1593.3872748001013,1594.98812679993,h,1,1.5907413999084383,NA,1594.9887941998895,1595.0018631999849,1595.0018631999849,1595.0018631999849,1595.0018631999849,1594.9895442000125,NA,NA,NA,NA,NA,NA,NA,NA,NA,NA,016,001,2025-10-03_09h47.45.683,Study_5_PsychoPy_Experiment,2024.1.5,NA,2025-10-03 09h48.00.347273 +0100
Reality,Reg,FALSE,N,NB-TB-K,TT_NB,PsychoPyStudy5Stim/TT_NB_4.png,"In REALITY, there is ONE cube",One,b,h,N,PropFalse,N,0,254,254,196,1595.0018631999849,NA,NA,NA,NA,NA,NA,NA,NA,NA,1594.990099299932,4.4570001773536e-4,1595.0820234999992,1595.4516344000583,1595.551843599882,1597.5519465999678,1597.951983399922,1598.053927199915,1598.053927199915,1601.5713927999604,h,1,3.5076074998360127,NA,1601.5720468000509,1601.5851888998875,1601.5851888998875,1601.5851888998875,1601.5851888998875,1601.572741500102,NA,NA,NA,NA,NA,NA,NA,NA,NA,NA,016,001,2025-10-03_09h47.45.683,Study_5_PsychoPy_Experiment,2024.1.5,NA,2025-10-03 09h48.00.347273 +0100
Belief,Reg,FALSE,N,FB-Ig,D_B_T,PsychoPyStudy5Stim/D_B_T_4.png,Adam THINKS there are TWO cubes,Two,b,h,N,PropFalse,N,0,255,255,302,1601.5851888998875,NA,NA,NA,NA,NA,NA,NA,NA,NA,1601.573228500085,3.8570002652704e-4,1601.6700840999838,1602.0519320999738,1602.152059999993,1604.1519021000713,1604.551906999899,1604.6538591000717,1604.6538591000717,1606.2385589999612,h,1,1.5797784999012947,NA,1606.2393739998806,1606.251749699935,1606.251749699935,1606.251749699935,1606.251749699935,1606.2403094999029,NA,NA,NA,NA,NA,NA,NA,NA,NA,NA,016,001,2025-10-03_09h47.45.683,Study_5_PsychoPy_Experiment,2024.1.5,NA,2025-10-03 09h48.00.347273 +0100
Knowledge,Neg,TRUE,N,NB-TB-K,TT_NB,PsychoPyStudy5Stim/TT_NB_1.png,Adam does NOT KNOW there is ONE cube,One,h,b,Y,-,N,0,256,256,56,1606.251749699935,NA,NA,NA,NA,NA,NA,NA,NA,NA,1606.2410399001092,5.0830002874135e-4,1606.3206780001055,1606.7019406000618,1606.8018797999248,1608.8020361000672,1609.201946000103,1609.3038327000104,1609.3038327000104,1612.7547798000742,b,1,3.4421637998893857,NA,1612.7554119999986,1612.7685207999311,1612.7685207999311,1612.7685207999311,1612.7685207999311,1612.7561363999266,NA,NA,NA,NA,NA,NA,NA,NA,NA,NA,016,001,2025-10-03_09h47.45.683,Study_5_PsychoPy_Experiment,2024.1.5,NA,2025-10-03 09h48.00.347273 +0100
Belief,Reg,FALSE,N,FB-Ig,T_B_T,PsychoPyStudy5Stim/T_B_T_1.png,Adam THINKS there are ZERO cubes,Zero,b,h,N,PropFalse,N,0,257,257,283,1612.7685207999311,NA,NA,NA,NA,NA,NA,NA,NA,NA,1612.756642299937,4.008999094367e-4,1612.861257399898,1613.2349098999985,1613.335024500033,1615.3352739999536,1615.7352597001009,1615.837163399905,1615.837163399905,1617.0381477000192,h,1,1.196096799802035,NA,1617.0387965999544,1617.0518052999396,1617.0518052999396,1617.0518052999396,1617.0518052999396,1617.0395247999113,NA,NA,NA,NA,NA,NA,NA,NA,NA,NA,016,001,2025-10-03_09h47.45.683,Study_5_PsychoPy_Experiment,2024.1.5,NA,2025-10-03 09h48.00.347273 +0100
Reality,Reg,TRUE,N,TB-K-B,DD_B,PsychoPyStudy5Stim/DD_B_7.png,"In REALITY, there are ZERO cubes",Zero,h,b,N,-,N,0,258,258,238,1617.0518052999396,NA,NA,NA,NA,NA,NA,NA,NA,NA,1617.0400310000405,3.9969990029931e-4,1617.1413427998775,1617.518442099914,1617.6185820000246,1619.618606599979,1620.0184480000753,1620.1202406000812,1620.1202406000812,1623.954831799958,b,1,3.8250873000361025,NA,1623.955487899948,1623.9684311000165,1623.9684311000165,1623.9684311000165,1623.9684311000165,1623.9562311999034,NA,NA,NA,NA,NA,NA,NA,NA,NA,NA,016,001,2025-10-03_09h47.45.683,Study_5_PsychoPy_Experiment,2024.1.5,NA,2025-10-03 09h48.00.347273 +0100
Belief,Reg,FALSE,N,NB-TB-K,TT_NB,PsychoPyStudy5Stim/TT_NB_4.png,Adam THINKS there are ZERO cubes,Zero,b,h,N,PropFalse,N,0,259,259,184,1623.9684311000165,NA,NA,NA,NA,NA,NA,NA,NA,NA,1623.9567348998971,3.9479997940361e-4,1624.0455730000976,1624.4183527000714,1624.5185171999035,1626.5184667001013,1626.9185021000449,1627.020406600088,1627.020406600088,1628.321581899887,h,1,1.2850309000350535,NA,1628.3223606999964,1628.3351396999788,1628.3351396999788,1628.3351396999788,1628.3351396999788,1628.3231772000436,NA,NA,NA,NA,NA,NA,NA,NA,NA,NA,016,001,2025-10-03_09h47.45.683,Study_5_PsychoPy_Experiment,2024.1.5,NA,2025-10-03 09h48.00.347273 +0100
Belief,Reg,TRUE,N,FB-Ig,B_TT,PsychoPyStudy5Stim/B_TT_1.png,Adam THINKS there are ZERO cubes,Zero,h,b,N,-,Y,0,260,260,326,1628.3351396999788,NA,NA,NA,NA,NA,NA,NA,NA,NA,1628.3238132998813,4.7739990986883e-4,1628.417414699914,1628.8016484000254,1628.9016863999425,1630.9018164000008,1631.301805099938,1631.403707700083,1631.403707700083,1632.6040173000656,b,1,1.1978947999887168,NA,1632.604421600001,1632.6183861000463,1632.6183861000463,1632.6183861000463,1632.6183861000463,1632.6048592000734,NA,NA,NA,NA,NA,NA,NA,NA,NA,NA,016,001,2025-10-03_09h47.45.683,Study_5_PsychoPy_Experiment,2024.1.5,NA,2025-10-03 09h48.00.347273 +0100
Belief,Neg,TRUE,N,TB-K,TD_B,PsychoPyStudy5Stim/TD_B_2.png,Adam does NOT THINK there are TWO cubes,Two,h,b,Y,-,N,0,261,261,109,1632.6183861000463,NA,NA,NA,NA,NA,NA,NA,NA,NA,1632.6051505000796,2.3019989021122e-4,1632.7006765000988,1633.084847100079,1633.18504510005,1635.1850085000042,1635.585357700009,1635.687156500062,1635.687156500062,1637.5550400000066,b,1,1.858808800112456,NA,1637.555854999926,1637.5683663000818,1637.5683663000818,1637.5683663000818,1637.5683663000818,1637.5567598000634,NA,NA,NA,NA,NA,NA,NA,NA,NA,NA,016,001,2025-10-03_09h47.45.683,Study_5_PsychoPy_Experiment,2024.1.5,NA,2025-10-03 09h48.00.347273 +0100
Belief,Neg,TRUE,N,NB-TB-K,T_NB,PsychoPyStudy5Stim/T_NB_1.png,Adam does NOT THINK there are TWO cubes,Two,h,b,Y,-,N,0,262,262,36,1637.5683663000818,NA,NA,NA,NA,NA,NA,NA,NA,NA,1637.557396600023,4.9769994802773e-4,1637.6487253999803,1638.0182038999628,1638.118299700087,1640.118450500071,1640.5184782000724,1640.620361099951,1640.620361099951,1643.154462999897,b,1,2.5170219000428915,NA,1643.1549647999927,1643.1683235999662,1643.1683235999662,1643.1683235999662,1643.1683235999662,1643.1555184999015,NA,NA,NA,NA,NA,NA,NA,NA,NA,NA,016,001,2025-10-03_09h47.45.683,Study_5_PsychoPy_Experiment,2024.1.5,NA,2025-10-03 09h48.00.347273 +0100
Knowledge,Neg,TRUE,N,NB-TB-K,T_NB,PsychoPyStudy5Stim/T_NB_3.png,Adam does NOT KNOW there are TWO cubes,Two,h,b,Y,-,N,0,263,263,34,1643.1683235999662,NA,NA,NA,NA,NA,NA,NA,NA,NA,1643.155902599916,3.0150008387863e-4,1643.2474998999387,1643.6181483000985,1643.7183030999731,1645.7183191999793,1646.1183736000676,1646.2203899000306,1646.2203899000306,1662.787504100008,b,1,16.55693139997311,NA,1662.7879971000366,1662.8015221999958,1662.8015221999958,1662.8015221999958,1662.8015221999958,1662.7885682999622,NA,NA,NA,NA,NA,NA,NA,NA,NA,NA,016,001,2025-10-03_09h47.45.683,Study_5_PsychoPy_Experiment,2024.1.5,NA,2025-10-03 09h48.00.347273 +0100
Knowledge,Reg,FALSE,N,TB-Ig,D_B,PsychoPyStudy5Stim/D_B_D_1.png,Adam KNOWS there are ZERO cubes,Zero,b,h,N,PropTrueNoKnow,Y,0,264,264,206,1662.8015221999958,NA,NA,NA,NA,NA,NA,NA,NA,NA,1662.788942700019,2.95199919492e-4,1662.8808689001016,1663.2514253000263,1663.351514399983,1665.351778100012,1665.751750699943,1665.8536992000882,1665.8536992000882,1668.5550651000813,b,0,2.6845654000062495,NA,1668.5558903000783,1668.5683295999188,1668.5683295999188,1668.5683295999188,1668.5683295999188,1668.5567745999433,NA,NA,NA,NA,NA,NA,NA,NA,NA,NA,016,001,2025-10-03_09h47.45.683,Study_5_PsychoPy_Experiment,2024.1.5,NA,2025-10-03 09h48.00.347273 +0100
Belief,Reg,FALSE,N,TB-K-B,TD_B,PsychoPyStudy5Stim/TD_B_8.png,Adam THINKS there are ZERO cubes,Zero,b,h,N,PropFalse,N,0,265,265,270,1668.5683295999188,NA,NA,NA,NA,NA,NA,NA,NA,NA,1668.557456200011,5.4559996351599e-4,1668.6420193999074,1669.018120799912,1669.118245099904,1671.118466899963,1671.5183379999362,1671.620373700047,1671.620373700047,1672.7875318001024,h,1,1.1644339999184012,NA,1672.7879832999315,1672.801582100103,1672.801582100103,1672.801582100103,1672.801582100103,1672.7884645999875,NA,NA,NA,NA,NA,NA,NA,NA,NA,NA,016,001,2025-10-03_09h47.45.683,Study_5_PsychoPy_Experiment,2024.1.5,NA,2025-10-03 09h48.00.347273 +0100
Knowledge,Reg,TRUE,N,NB-TB-K,TT_NB,PsychoPyStudy5Stim/TT_NB_8.png,Adam KNOWS there are TWO cubes,Two,h,b,N,-,N,0,266,266,174,1672.801582100103,NA,NA,NA,NA,NA,NA,NA,NA,NA,1672.7888090000488,2.7749990113079e-4,1672.8791517999489,1673.251364100026,1673.3515031998977,1675.3516454999335,1675.7517196999397,1675.8536964000668,1675.8536964000668,1677.121045100037,b,1,1.2599553999025377,NA,1677.1216283999383,1677.1348228999414,1677.1348228999414,1677.1348228999414,1677.1348228999414,1677.12224279996,NA,NA,NA,NA,NA,NA,NA,NA,NA,NA,016,001,2025-10-03_09h47.45.683,Study_5_PsychoPy_Experiment,2024.1.5,NA,2025-10-03 09h48.00.347273 +0100
Knowledge,Neg,TRUE,N,TB-K,TD_B,PsychoPyStudy5Stim/TD_B_4.png,Adam does NOT KNOW there are TWO cubes,Two,h,b,Y,-,N,0,267,267,107,1677.1348228999414,NA,NA,NA,NA,NA,NA,NA,NA,NA,1677.1227068000007,3.732000477612e-4,1677.2183588999324,1677.6013519000262,1677.7015370000154,1679.7017683999147,1680.1014632999431,1680.203372699907,1680.203372699907,1686.3879511000123,b,1,6.18220919999294,NA,1686.3885987999383,1686.4015438000206,1686.4015438000206,1686.4015438000206,1686.4015438000206,1686.389316600049,NA,NA,NA,NA,NA,NA,NA,NA,NA,NA,016,001,2025-10-03_09h47.45.683,Study_5_PsychoPy_Experiment,2024.1.5,NA,2025-10-03 09h48.00.347273 +0100
Belief,Neg,FALSE,N,TB-K,TT_B,PsychoPyStudy5Stim/TT_B_2.png,Adam does NOT THINK there are TWO cubes,Two,b,h,Y,PropFalse,N,0,268,268,97,1686.4015438000206,NA,NA,NA,NA,NA,NA,NA,NA,NA,1686.389828100102,4.043998196721e-4,1686.4749415998813,1686.8514803000726,1686.9517429000698,1688.9517232999206,1689.3518397998996,1689.453691799892,1689.453691799892,1690.489085600013,h,1,1.0197737999260426,NA,1690.4903597999364,1690.5016844000202,1690.5016844000202,1690.5016844000202,1690.5016844000202,1690.491629099939,NA,NA,NA,NA,NA,NA,NA,NA,NA,NA,016,001,2025-10-03_09h47.45.683,Study_5_PsychoPy_Experiment,2024.1.5,NA,2025-10-03 09h48.00.347273 +0100
Belief,Reg,TRUE,N,FB-Ig,B_TT,PsychoPyStudy5Stim/B_TT_5.png,Adam THINKS there are ZERO cubes,Zero,h,b,N,-,Y,0,269,269,330,1690.5016844000202,NA,NA,NA,NA,NA,NA,NA,NA,NA,1690.4926575999707,8.1999995745718e-4,1690.5777934999203,1690.9513854999095,1691.0514487000182,1693.0516645000316,1693.4516354999505,1693.5534324001055,1693.5534324001055,1694.9710113001056,b,1,1.407730400096625,NA,1694.9716425000224,1694.9848412999418,1694.9848412999418,1694.9848412999418,1694.9848412999418,1694.9723447000142,NA,NA,NA,NA,NA,NA,NA,NA,NA,NA,016,001,2025-10-03_09h47.45.683,Study_5_PsychoPy_Experiment,2024.1.5,NA,2025-10-03 09h48.00.347273 +0100
Knowledge,Reg,TRUE,N,NB-TB-K,DD_NB,PsychoPyStudy5Stim/DD_NB_5.png,Adam KNOWS there are ZERO cubes,Zero,h,b,N,-,N,0,270,270,151,1694.9848412999418,NA,NA,NA,NA,NA,NA,NA,NA,NA,1694.9728260000702,3.7800008431077e-4,1695.082425300032,1695.4515225000214,1695.5514557000715,1697.551635199925,1697.9516179999337,1698.0535730998963,1698.0535730998963,1699.071102499962,b,1,1.0029432999435812,NA,1699.0718034000602,1699.0847889001016,1699.0847889001016,1699.0847889001016,1699.0847889001016,1699.0725561999716,NA,NA,NA,NA,NA,NA,NA,NA,NA,NA,016,001,2025-10-03_09h47.45.683,Study_5_PsychoPy_Experiment,2024.1.5,NA,2025-10-03 09h48.00.347273 +0100
Knowledge,Reg,TRUE,N,TB-K-B,DD_B,PsychoPyStudy5Stim/DD_B_3.png,Adam KNOWS there are ZERO cubes,Zero,h,b,N,-,N,0,271,271,217,1699.0847889001016,NA,NA,NA,NA,NA,NA,NA,NA,NA,1699.0730683999136,4.0289992466568e-4,1699.1659218999555,1699.5512747999746,1699.6514002999756,1701.6515800000634,1702.0515813000966,1702.1534786999691,1702.1534786999691,1704.1209521999117,b,1,1.951929199974984,NA,1704.1216072000095,1704.134820499923,1704.134820499923,1704.134820499923,1704.134820499923,1704.1222878999542,NA,NA,NA,NA,NA,NA,NA,NA,NA,NA,016,001,2025-10-03_09h47.45.683,Study_5_PsychoPy_Experiment,2024.1.5,NA,2025-10-03 09h48.00.347273 +0100
Knowledge,Reg,FALSE,N,FB-Ig,D_B_T,PsychoPyStudy5Stim/D_B_T_3.png,Adam KNOWS there are TWO cubes,Two,b,h,N,PropFalse,N,0,272,272,293,1704.134820499923,NA,NA,NA,NA,NA,NA,NA,NA,NA,1704.122791599948,3.7569995038211e-4,1704.217318400042,1704.601239599986,1704.7014315999113,1706.7016084000934,1707.1015713999514,1707.2034752999898,1707.2034752999898,1710.8543652000371,h,1,3.637842800002545,NA,1710.854996700073,1710.868168399902,1710.868168399902,1710.868168399902,1710.868168399902,1710.8556931999046,NA,NA,NA,NA,NA,NA,NA,NA,NA,NA,016,001,2025-10-03_09h47.45.683,Study_5_PsychoPy_Experiment,2024.1.5,NA,2025-10-03 09h48.00.347273 +0100
Belief,Neg,FALSE,N,NB-TB-K,TT_NB,PsychoPyStudy5Stim/TT_NB_4.png,Adam does NOT THINK there are TWO cubes,Two,b,h,Y,PropFalse,N,0,273,273,75,1710.868168399902,NA,NA,NA,NA,NA,NA,NA,NA,NA,1710.85636659991,4.8809987492859e-4,1710.942854099907,1711.317897199886,1711.4180685000028,1713.4183141000103,1713.8181880000047,1713.9200383001007,1713.9200383001007,1714.903550300049,h,1,0.977055000141263,NA,1714.9038402999286,1714.91787809995,1714.91787809995,1714.91787809995,1714.91787809995,1714.9041963000782,NA,NA,NA,NA,NA,NA,NA,NA,NA,NA,016,001,2025-10-03_09h47.45.683,Study_5_PsychoPy_Experiment,2024.1.5,NA,2025-10-03 09h48.00.347273 +0100
Knowledge,Reg,TRUE,N,NB-TB-K,D_NB,PsychoPyStudy5Stim/D_NB_1.png,Adam KNOWS there are ZERO cubes,Zero,h,b,N,-,N,0,274,274,128,1714.91787809995,NA,NA,NA,NA,NA,NA,NA,NA,NA,1714.9044029000215,1.6600009985268e-4,1715.003037099959,1715.3846046999097,1715.4846874999348,1717.4849227999805,1717.8848985000511,1717.986729899887,1717.986729899887,1721.78766250005,b,1,3.7904634000733495,NA,1721.7883216999471,1721.8014050000347,1721.8014050000347,1721.8014050000347,1721.8014050000347,1721.78899000003,NA,NA,NA,NA,NA,NA,NA,NA,NA,NA,016,001,2025-10-03_09h47.45.683,Study_5_PsychoPy_Experiment,2024.1.5,NA,2025-10-03 09h48.00.347273 +0100
Knowledge,Neg,TRUE,Y,FB-Ig,D_B_T,PsychoPyStudy5Stim/D_B_T_7.png,Adam does NOT KNOW there is ONE cube,One,h,b,Y,-,N,0,275,275,14,1721.8014050000347,NA,NA,NA,NA,NA,NA,NA,NA,NA,1721.789502199972,3.8470001891255e-4,1721.8835006000008,1722.2678704999853,1722.3679889000489,1724.3683553000446,1724.7681624998804,1724.8700816000346,1724.8700816000346,1726.7381398000289,b,1,1.8584188998211175,NA,1726.7389698000625,1726.7513923998922,1726.7513923998922,1726.7513923998922,1726.7513923998922,1726.7399438000284,NA,NA,NA,NA,NA,NA,NA,NA,NA,NA,016,001,2025-10-03_09h47.45.683,Study_5_PsychoPy_Experiment,2024.1.5,NA,2025-10-03 09h48.00.347273 +0100
Belief,Neg,FALSE,N,NB-TB-K,T_NB,PsychoPyStudy5Stim/T_NB_1.png,Adam does NOT THINK there is ONE cube,One,b,h,Y,PropFalse,N,0,276,276,48,1726.7513923998922,NA,NA,NA,NA,NA,NA,NA,NA,NA,1726.7406256000977,5.4370006546378e-4,1726.8307554000055,1727.2012124999892,1727.3013140000403,1729.3015002000611,1729.7013205999974,1729.803281399887,1729.803281399887,1731.670461999951,h,1,1.8621938000433147,NA,1731.6708515000064,1731.6846757999156,1731.6846757999156,1731.6846757999156,1731.6846757999156,1731.671292199986,NA,NA,NA,NA,NA,NA,NA,NA,NA,NA,016,001,2025-10-03_09h47.45.683,Study_5_PsychoPy_Experiment,2024.1.5,NA,2025-10-03 09h48.00.347273 +0100
Reality,Reg,FALSE,N,TB-K-B,TT_B,PsychoPyStudy5Stim/TT_B_5.png,"In REALITY, there are ZERO cubes",Zero,b,h,N,PropFalse,N,0,277,277,253,1731.6846757999156,NA,NA,NA,NA,NA,NA,NA,NA,NA,1731.6715824999849,2.288999967277e-4,1731.7747931000777,1732.1514622000975,1732.251545799896,1734.2515638000332,1734.6514395999257,1734.7534666000863,1734.7534666000863,1735.954213500023,h,1,1.183790400158614,NA,1735.954834900098,1735.9680421999656,1735.9680421999656,1735.9680421999656,1735.9680421999656,1735.955546299927,NA,NA,NA,NA,NA,NA,NA,NA,NA,NA,016,001,2025-10-03_09h47.45.683,Study_5_PsychoPy_Experiment,2024.1.5,NA,2025-10-03 09h48.00.347273 +0100
Belief,Neg,FALSE,N,TB-K,TT_B,PsychoPyStudy5Stim/TT_B_4.png,Adam does NOT THINK there are TWO cubes,Two,b,h,Y,PropFalse,N,0,278,278,99,1735.9680421999656,NA,NA,NA,NA,NA,NA,NA,NA,NA,1735.956026500091,3.7720007821917e-4,1736.0561385001056,1736.434755800059,1736.5349107999357,1738.5347967999987,1738.934783600038,1739.036756400019,1739.036756400019,1740.1201905999333,h,1,1.0758913999889046,NA,1740.1204788999166,1740.134457899956,1740.134457899956,1740.134457899956,1740.134457899956,1740.1208345000632,NA,NA,NA,NA,NA,NA,NA,NA,NA,NA,016,001,2025-10-03_09h47.45.683,Study_5_PsychoPy_Experiment,2024.1.5,NA,2025-10-03 09h48.00.347273 +0100
Reality,Reg,FALSE,N,TB-K-B,DD_B,PsychoPyStudy5Stim/DD_B_8.png,"In REALITY, there is ONE cube",One,b,h,N,PropFalse,N,0,279,279,239,1740.134457899956,NA,NA,NA,NA,NA,NA,NA,NA,NA,1740.1210405998863,1.6549997963011e-4,1740.208795899991,1740.5847177999094,1740.6847449000925,1742.6848476000596,1743.0847394999582,1743.1867643999867,1743.1867643999867,1744.3705378999002,h,1,1.1677506999112666,NA,1744.3710243999958,1744.3846068999264,1744.3846068999264,1744.3846068999264,1744.3846068999264,1744.37154130009,NA,NA,NA,NA,NA,NA,NA,NA,NA,NA,016,001,2025-10-03_09h47.45.683,Study_5_PsychoPy_Experiment,2024.1.5,NA,2025-10-03 09h48.00.347273 +0100
Knowledge,Neg,TRUE,Y,FB-Ig,T_B_T,PsychoPyStudy5Stim/T_B_T_1.png,Adam does NOT KNOW there are TWO cubes,Two,h,b,Y,-,N,0,280,280,0,1744.3846068999264,NA,NA,NA,NA,NA,NA,NA,NA,NA,1744.3719124998895,2.915000077337e-4,1744.4594986999873,1744.8346400000155,1744.9348063000944,1746.9348238999955,1747.3348052001093,1747.4365640000906,1747.4365640000906,1750.4040095999371,b,1,2.956511200172826,NA,1750.4044894999824,1750.4179481999015,1750.4179481999015,1750.4179481999015,1750.4179481999015,1750.4050326999277,NA,NA,NA,NA,NA,NA,NA,NA,NA,NA,016,001,2025-10-03_09h47.45.683,Study_5_PsychoPy_Experiment,2024.1.5,NA,2025-10-03 09h48.00.347273 +0100
Belief,Neg,FALSE,N,NB-TB-K,T_NB,PsychoPyStudy5Stim/T_NB_4.png,Adam does NOT THINK there is ONE cube,One,b,h,Y,PropFalse,N,0,281,281,51,1750.4179481999015,NA,NA,NA,NA,NA,NA,NA,NA,NA,1750.4053996999282,2.8969999402761e-4,1750.490933299996,1750.8677654999774,1750.967930899933,1752.9680866000708,1753.3680777000263,1753.4699009999167,1753.4699009999167,1759.337594700046,h,1,5.85090920003131,NA,1759.3382792999037,1759.351296199951,1759.351296199951,1759.351296199951,1759.351296199951,1759.339005399961,NA,NA,NA,NA,NA,NA,NA,NA,NA,NA,016,001,2025-10-03_09h47.45.683,Study_5_PsychoPy_Experiment,2024.1.5,NA,2025-10-03 09h48.00.347273 +0100
Reality,Reg,FALSE,N,TB-K-B,TD_B,PsychoPyStudy5Stim/TD_B_8.png,"In REALITY, there are TWO cubes",Two,b,h,N,PropFalse,N,0,282,282,274,1759.351296199951,NA,NA,NA,NA,NA,NA,NA,NA,NA,1759.3395193000324,4.0429993532598e-4,1759.4348708000034,1759.8177424999883,1759.9178537998814,1761.918050599983,1762.3180507998914,1762.4199942999985,1762.4199942999985,1765.7872027999256,h,1,3.3569817999377847,NA,1765.7877134000885,1765.8011763000395,1765.8011763000395,1765.8011763000395,1765.8011763000395,1765.7882745000534,NA,NA,NA,NA,NA,NA,NA,NA,NA,NA,016,001,2025-10-03_09h47.45.683,Study_5_PsychoPy_Experiment,2024.1.5,NA,2025-10-03 09h48.00.347273 +0100
Belief,Reg,TRUE,N,TB-Ig,D_B,PsychoPyStudy5Stim/D_B_2.png,Adam THINKS there are ZERO cubes,Zero,h,b,N,-,Y,0,283,283,201,1765.8011763000395,NA,NA,NA,NA,NA,NA,NA,NA,NA,1765.7886604000814,3.0479999259114e-4,1765.8817374999635,1766.251153799938,1766.3511270999445,1768.3514570000116,1768.7513963000383,1768.8532000000123,1768.8532000000123,1770.287139300024,b,1,1.427521700039506,NA,1770.2876099999994,1770.3012071999256,1770.3012071999256,1770.3012071999256,1770.3012071999256,1770.28815259994,NA,NA,NA,NA,NA,NA,NA,NA,NA,NA,016,001,2025-10-03_09h47.45.683,Study_5_PsychoPy_Experiment,2024.1.5,NA,2025-10-03 09h48.00.347273 +0100
Knowledge,Neg,FALSE,N,NB-TB-K,TT_NB,PsychoPyStudy5Stim/TT_NB_2.png,Adam does NOT KNOW there are TWO cubes,Two,b,h,Y,PropFalse,N,0,284,284,65,1770.3012071999256,NA,NA,NA,NA,NA,NA,NA,NA,NA,1770.2885106999893,2.819001674652e-4,1770.376803100109,1770.7510293000378,1770.8512665999588,1772.8513034998905,1773.2514329999683,1773.3533334000967,1773.3533334000967,1774.3704069999512,h,1,1.0076566999778152,NA,1774.3708784999326,1774.3845577999018,1774.3845577999018,1774.3845577999018,1774.3845577999018,1774.3714618000668,NA,NA,NA,NA,NA,NA,NA,NA,NA,NA,016,001,2025-10-03_09h47.45.683,Study_5_PsychoPy_Experiment,2024.1.5,NA,2025-10-03 09h48.00.347273 +0100
Belief,Neg,FALSE,N,TB-K,TT_B,PsychoPyStudy5Stim/TT_B_3.png,Adam does NOT THINK there are TWO cubes,Two,b,h,Y,PropFalse,N,0,285,285,98,1774.3845577999018,NA,NA,NA,NA,NA,NA,NA,NA,NA,1774.37182260002,2.8459983877837e-4,1774.4642930999398,1774.834345899988,1774.934471399989,1776.934562599985,1777.3346955000889,1777.43664119998,1777.43664119998,1778.5370376000649,h,1,1.0838293000124395,NA,1778.5375447999686,1778.5511692999862,1778.5511692999862,1778.5511692999862,1778.5511692999862,1778.5380684998818,NA,NA,NA,NA,NA,NA,NA,NA,NA,NA,016,001,2025-10-03_09h47.45.683,Study_5_PsychoPy_Experiment,2024.1.5,NA,2025-10-03 09h48.00.347273 +0100
Belief,Neg,FALSE,N,TB-K,TD_B,PsychoPyStudy5Stim/TD_B_1.png,Adam does NOT THINK there is ONE cube,One,b,h,Y,PropFalse,N,0,286,286,120,1778.5511692999862,NA,NA,NA,NA,NA,NA,NA,NA,NA,1778.538459100062,3.1380006112158e-4,1778.6317372000776,1779.0010287000332,1779.1011081999168,1781.1013489000034,1781.501331599895,1781.6031891000457,1781.6031891000457,1783.2032379000448,h,1,1.5894539000000805,NA,1783.2035238998942,1783.2178795000073,1783.2178795000073,1783.2178795000073,1783.2178795000073,1783.203845199896,NA,NA,NA,NA,NA,NA,NA,NA,NA,NA,016,001,2025-10-03_09h47.45.683,Study_5_PsychoPy_Experiment,2024.1.5,NA,2025-10-03 09h48.00.347273 +0100
Belief,Neg,TRUE,Y,FB-Ig,D_B_T,PsychoPyStudy5Stim/D_B_T_7.png,Adam does NOT THINK there is ONE cube,One,h,b,Y,-,N,0,287,287,30,1783.2178795000073,NA,NA,NA,NA,NA,NA,NA,NA,NA,1783.204051600071,1.6519986093044e-4,1783.2833511999345,1783.6678661000915,1783.7678787000475,1785.7680528999772,1786.167954799952,1786.2699529000092,1786.2699529000092,1787.8545236999637,b,1,1.578795700101182,NA,1787.8553158000575,1787.8678866000846,1787.8678866000846,1787.8678866000846,1787.8678866000846,1787.8562564000022,NA,NA,NA,NA,NA,NA,NA,NA,NA,NA,016,001,2025-10-03_09h47.45.683,Study_5_PsychoPy_Experiment,2024.1.5,NA,2025-10-03 09h48.00.347273 +0100
Belief,Reg,FALSE,N,FB-Ig,D_B_T,PsychoPyStudy5Stim/D_B_T_5.png,Adam THINKS there are TWO cubes,Two,b,h,N,PropFalse,N,0,288,288,303,1787.8678866000846,NA,NA,NA,NA,NA,NA,NA,NA,NA,1787.8568849000148,4.9220002256333e-4,1787.942234300077,1788.3178276000544,1788.4180105000269,1790.418045700062,1790.8179289000109,1790.9198334999382,1790.9198334999382,1796.9706965000369,h,1,6.040942599996924,NA,1796.9713093999308,1796.9844825000037,1796.9844825000037,1796.9844825000037,1796.9844825000037,1796.971985799959,NA,NA,NA,NA,NA,NA,NA,NA,NA,NA,016,001,2025-10-03_09h47.45.683,Study_5_PsychoPy_Experiment,2024.1.5,NA,2025-10-03 09h48.00.347273 +0100
Knowledge,Reg,FALSE,N,FB-Ig,T_B_T,PsychoPyStudy5Stim/T_B_T_1.png,Adam KNOWS there are ZERO cubes,Zero,b,h,N,PropFalse,N,0,289,289,275,1796.9844825000037,NA,NA,NA,NA,NA,NA,NA,NA,NA,1796.9724663000088,3.776999656111e-4,1797.0692451000214,1797.450906299986,1797.5510378000326,1799.5513273000252,1799.951046000002,1800.0529010000173,1800.0529010000173,1801.5202826999591,h,1,1.4515882001724094,NA,1801.5207279000897,1801.53442739998,1801.53442739998,1801.53442739998,1801.53442739998,1801.52122460003,NA,NA,NA,NA,NA,NA,NA,NA,NA,NA,016,001,2025-10-03_09h47.45.683,Study_5_PsychoPy_Experiment,2024.1.5,NA,2025-10-03 09h48.00.347273 +0100
Belief,Neg,TRUE,Y,FB-Ig,D_B_T,PsychoPyStudy5Stim/D_B_T_8.png,Adam does NOT THINK there is ONE cube,One,h,b,Y,-,N,0,290,290,31,1801.53442739998,NA,NA,NA,NA,NA,NA,NA,NA,NA,1801.5215586998968,2.6450003497302e-4,1801.6215619998984,1802.001161399996,1802.1013680999167,1804.101308299927,1804.501177799888,1804.6032833999489,1804.6032833999489,1809.7699754999485,b,1,5.165842400165275,NA,1809.7703384000345,1809.7841986999847,1809.7841986999847,1809.7841986999847,1809.7841986999847,1809.7706339000724,NA,NA,NA,NA,NA,NA,NA,NA,NA,NA,016,001,2025-10-03_09h47.45.683,Study_5_PsychoPy_Experiment,2024.1.5,NA,2025-10-03 09h48.00.347273 +0100
Reality,Reg,TRUE,N,NB-TB-K,D_NB,PsychoPyStudy5Stim/D_NB_2.png,"In REALITY, there are ZERO cubes",Zero,h,b,N,-,N,0,291,291,136,1809.7841986999847,NA,NA,NA,NA,NA,NA,NA,NA,NA,1809.7708419999108,1.6700010746717e-4,1809.8626013998871,1810.234200499952,1810.3343251000624,1812.334344400093,1812.734543199884,1812.8364248001017,1812.8364248001017,1813.6868042999413,b,1,0.8445777997840196,NA,1813.6872739000248,1813.7010395999532,1813.7010395999532,1813.7010395999532,1813.7010395999532,1813.6877508999312,NA,NA,NA,NA,NA,NA,NA,NA,NA,NA,016,001,2025-10-03_09h47.45.683,Study_5_PsychoPy_Experiment,2024.1.5,NA,2025-10-03 09h48.00.347273 +0100
Belief,Neg,TRUE,N,TB-K,TT_B,PsychoPyStudy5Stim/TT_B_2.png,Adam does NOT THINK there is ONE cube,One,h,b,Y,-,N,0,292,292,85,1813.7010395999532,NA,NA,NA,NA,NA,NA,NA,NA,NA,1813.6880807999987,2.7909991331398e-4,1813.7729938998816,1814.1508798999712,1814.251033599954,1816.251256699907,1816.6509753998837,1816.7528850000815,1816.7528850000815,1819.187806099886,b,1,2.4327271999791265,NA,1819.1886112999637,1819.2011319999583,1819.2011319999583,1819.2011319999583,1819.2011319999583,1819.1894658000672,NA,NA,NA,NA,NA,NA,NA,NA,NA,NA,016,001,2025-10-03_09h47.45.683,Study_5_PsychoPy_Experiment,2024.1.5,NA,2025-10-03 09h48.00.347273 +0100
Reality,Reg,TRUE,N,TB-K-B,DD_B,PsychoPyStudy5Stim/DD_B_6.png,"In REALITY, there are ZERO cubes",Zero,h,b,N,-,N,0,293,293,237,1819.2011319999583,NA,NA,NA,NA,NA,NA,NA,NA,NA,1819.1900597999336,4.6529993414878e-4,1819.2880845000036,1819.6676723998971,1819.7675979998896,1821.7677726000547,1822.167800900061,1822.269723899895,1822.269723899895,1823.337288300041,b,1,1.0508388001471758,NA,1823.337933300063,1823.3510795000475,1823.3510795000475,1823.3510795000475,1823.3510795000475,1823.3386780999135,NA,NA,NA,NA,NA,NA,NA,NA,NA,NA,016,001,2025-10-03_09h47.45.683,Study_5_PsychoPy_Experiment,2024.1.5,NA,2025-10-03 09h48.00.347273 +0100
Knowledge,Neg,TRUE,N,NB-TB-K,TT_NB,PsychoPyStudy5Stim/TT_NB_4.png,Adam does NOT KNOW there is ONE cube,One,h,b,Y,-,N,0,294,294,59,1823.3510795000475,NA,NA,NA,NA,NA,NA,NA,NA,NA,1823.3391811000183,3.9509986527264e-4,1823.4209823999552,1823.8008866000455,1823.9009716999717,1825.9010532998943,1826.301173399901,1826.4031165000051,1826.4031165000051,1828.0369027000852,b,1,1.6296979999169707,NA,1828.0372045999393,1828.0509003999175,1828.0509003999175,1828.0509003999175,1828.0509003999175,1828.0375373999125,NA,NA,NA,NA,NA,NA,NA,NA,NA,NA,016,001,2025-10-03_09h47.45.683,Study_5_PsychoPy_Experiment,2024.1.5,NA,2025-10-03 09h48.00.347273 +0100
Belief,Neg,TRUE,N,TB-K,TD_B,PsychoPyStudy5Stim/TD_B_3.png,Adam does NOT THINK there are TWO cubes,Two,h,b,Y,-,N,0,295,295,110,1828.0509003999175,NA,NA,NA,NA,NA,NA,NA,NA,NA,1828.0377799000123,2.1550012752413e-4,1828.1352884999944,1828.5174847000744,1828.6176211999264,1830.6177662999835,1831.017927200068,1831.119876899989,1831.119876899989,1836.9363937000744,b,1,5.800052399979904,NA,1836.936682099942,1836.9507824000905,1836.9507824000905,1836.9507824000905,1836.9507824000905,1836.9370059000792,NA,NA,NA,NA,NA,NA,NA,NA,NA,NA,016,001,2025-10-03_09h47.45.683,Study_5_PsychoPy_Experiment,2024.1.5,NA,2025-10-03 09h48.00.347273 +0100
Belief,Reg,TRUE,N,TB-Ig,D_B,PsychoPyStudy5Stim/D_B_1.png,Adam THINKS there are ZERO cubes,Zero,h,b,N,-,Y,0,296,296,200,1836.9507824000905,NA,NA,NA,NA,NA,NA,NA,NA,NA,1836.9372131000273,1.6580009832978e-4,1837.0342915998772,1837.4176048999652,1837.517875700025,1839.5178121000065,1839.9177693999372,1840.019593599951,1840.019593599951,1841.7206804000307,b,1,1.6928773000836372,NA,1841.7213023998777,1841.7343097999692,1841.7343097999692,1841.7343097999692,1841.7343097999692,1841.7220077000093,NA,NA,NA,NA,NA,NA,NA,NA,NA,NA,016,001,2025-10-03_09h47.45.683,Study_5_PsychoPy_Experiment,2024.1.5,NA,2025-10-03 09h48.00.347273 +0100
Reality,Reg,FALSE,N,TB-K-B,TD_B,PsychoPyStudy5Stim/TD_B_6.png,"In REALITY, there are ZERO cubes",Zero,b,h,N,PropFalse,N,0,297,297,273,1841.7343097999692,NA,NA,NA,NA,NA,NA,NA,NA,NA,1841.722530799918,4.20399941504e-4,1841.8154478999784,1842.2010210000444,1842.3011026999447,1844.301173799904,1844.7010592001025,1844.8029815999323,1844.8029815999323,1847.5530113000425,h,1,2.7342612000647932,NA,1847.5533117000016,1847.567587400088,1847.567587400088,1847.567587400088,1847.567587400088,1847.5536638000049,NA,NA,NA,NA,NA,NA,NA,NA,NA,NA,016,001,2025-10-03_09h47.45.683,Study_5_PsychoPy_Experiment,2024.1.5,NA,2025-10-03 09h48.00.347273 +0100
Knowledge,Reg,TRUE,N,NB-TB-K,T_NB,PsychoPyStudy5Stim/T_NB_2.png,Adam KNOWS there is ONE cube,One,h,b,N,-,N,0,298,298,141,1847.567587400088,NA,NA,NA,NA,NA,NA,NA,NA,NA,1847.5538953999055,1.7870008014142e-4,1847.634287700057,1848.0174885001031,1848.1176134001,1850.1176946000196,1850.5177335001065,1850.619777099928,1850.619777099928,1851.6870991000903,b,1,1.0522477999329567,NA,1851.687672500033,1851.7009199999736,1851.7009199999736,1851.7009199999736,1851.7009199999736,1851.6883562998848,NA,NA,NA,NA,NA,NA,NA,NA,NA,NA,016,001,2025-10-03_09h47.45.683,Study_5_PsychoPy_Experiment,2024.1.5,NA,2025-10-03 09h48.00.347273 +0100
Knowledge,Neg,FALSE,N,TB-K,TD_B,PsychoPyStudy5Stim/TD_B_6.png,Adam does NOT KNOW there is ONE cube,One,b,h,Y,PropFalse,N,0,299,299,117,1851.7009199999736,NA,NA,NA,NA,NA,NA,NA,NA,NA,1851.6887904000469,3.3989991061389e-4,1851.7823336999863,1852.167419400066,1852.2675727999303,1854.267687600106,1854.6677538000513,1854.7696070999373,1854.7696070999373,1858.3699006000536,h,1,3.598947500111535,NA,1858.370263400022,1858.3841107001065,1858.3841107001065,1858.3841107001065,1858.3841107001065,1858.370660000015,NA,NA,NA,NA,NA,NA,NA,NA,NA,NA,016,001,2025-10-03_09h47.45.683,Study_5_PsychoPy_Experiment,2024.1.5,NA,2025-10-03 09h48.00.347273 +0100
Belief,Neg,FALSE,N,TB-K,TT_B,PsychoPyStudy5Stim/TT_B_5.png,Adam does NOT THINK there are TWO cubes,Two,b,h,Y,PropFalse,N,0,300,300,100,1858.3841107001065,NA,NA,NA,NA,NA,NA,NA,NA,NA,1858.3709287999664,2.1190010011196e-4,1858.4579125999007,1858.8340996000916,1858.9342082000803,1860.934221900068,1861.3343247000591,1861.4362999000589,1861.4362999000589,1862.8532739998773,h,1,1.412238899851218,NA,1862.853583799908,1862.8674399999436,1862.8674399999436,1862.8674399999436,1862.8674399999436,1862.8539160999935,NA,NA,NA,NA,NA,NA,NA,NA,NA,NA,016,001,2025-10-03_09h47.45.683,Study_5_PsychoPy_Experiment,2024.1.5,NA,2025-10-03 09h48.00.347273 +0100
Belief,Neg,TRUE,Y,FB-Ig,T_B_T,PsychoPyStudy5Stim/T_B_T_8.png,Adam does NOT THINK there are TWO cubes,Two,h,b,Y,-,N,0,301,301,23,1862.8674399999436,NA,NA,NA,NA,NA,NA,NA,NA,NA,1862.8541216999292,1.6589998267591e-4,1862.9390473999083,1863.3174040000888,1863.4175309001,1865.4176421000157,1865.817719799932,1865.9196728998795,1865.9196728998795,1867.4867060000545,b,1,1.5534091999288648,NA,1867.4871265999973,1867.5008215999696,1867.5008215999696,1867.5008215999696,1867.5008215999696,1867.4876057000365,NA,NA,NA,NA,NA,NA,NA,NA,NA,NA,016,001,2025-10-03_09h47.45.683,Study_5_PsychoPy_Experiment,2024.1.5,NA,2025-10-03 09h48.00.347273 +0100
Knowledge,Neg,TRUE,Y,FB-Ig,T_B_T,PsychoPyStudy5Stim/T_B_T_2.png,Adam does NOT KNOW there are TWO cubes,Two,h,b,Y,-,N,0,302,302,1,1867.5008215999696,NA,NA,NA,NA,NA,NA,NA,NA,NA,1867.4879246999044,2.5220005773007e-4,1867.5761017000768,1867.95096669998,1868.051093300106,1870.0510728000663,1870.4509958000856,1870.5528212999925,1870.5528212999925,1874.686232799897,b,1,4.119721399853006,NA,1874.686529800063,1874.7006578000728,1874.7006578000728,1874.7006578000728,1874.7006578000728,1874.6868441000115,NA,NA,NA,NA,NA,NA,NA,NA,NA,NA,016,001,2025-10-03_09h47.45.683,Study_5_PsychoPy_Experiment,2024.1.5,NA,2025-10-03 09h48.00.347273 +0100
Belief,Neg,TRUE,N,TB-K,TD_B,PsychoPyStudy5Stim/TD_B_1.png,Adam does NOT THINK there are TWO cubes,Two,h,b,Y,-,N,0,303,303,108,1874.7006578000728,NA,NA,NA,NA,NA,NA,NA,NA,NA,1874.687057599891,1.7010001465678e-4,1874.7766768999863,1875.1507554999553,1875.2510855,1877.2508018000517,1877.651158799883,1877.752792699961,1877.752792699961,1881.1033809999935,b,1,3.3434540999587625,NA,1881.103859300027,1881.117423800053,1881.117423800053,1881.117423800053,1881.117423800053,1881.104416300077,NA,NA,NA,NA,NA,NA,NA,NA,NA,NA,016,001,2025-10-03_09h47.45.683,Study_5_PsychoPy_Experiment,2024.1.5,NA,2025-10-03 09h48.00.347273 +0100
Belief,Reg,TRUE,N,TB-K-B,DD_B,PsychoPyStudy5Stim/DD_B_7.png,Adam THINKS there are ZERO cubes,Zero,h,b,N,-,N,0,304,304,232,1881.117423800053,NA,NA,NA,NA,NA,NA,NA,NA,NA,1881.1047861000989,2.907000016421e-4,1881.191079400014,1881.567481199978,1881.6675917000975,1883.667607899988,1884.0676744999364,1884.1695453999564,1884.1695453999564,1885.3367359000256,b,1,1.158813500078395,NA,1885.3372456999496,1885.3507828998845,1885.3507828998845,1885.3507828998845,1885.3507828998845,1885.3377672999632,NA,NA,NA,NA,NA,NA,NA,NA,NA,NA,016,001,2025-10-03_09h47.45.683,Study_5_PsychoPy_Experiment,2024.1.5,NA,2025-10-03 09h48.00.347273 +0100
Belief,Reg,FALSE,N,FB-Ig,D_B_T,PsychoPyStudy5Stim/D_B_T_2.png,Adam THINKS there are TWO cubes,Two,b,h,N,PropFalse,N,0,305,305,300,1885.3507828998845,NA,NA,NA,NA,NA,NA,NA,NA,NA,1885.3381372001024,2.9250001534819e-4,1885.4235640999395,1885.8007745998912,1885.901072599925,1887.9009636000264,1888.3009134000167,1888.402754700044,1888.402754700044,1891.6362095999064,h,1,3.2214540999848396,NA,1891.636500200024,1891.650669900002,1891.650669900002,1891.650669900002,1891.650669900002,1891.6368227000348,NA,NA,NA,NA,NA,NA,NA,NA,NA,NA,016,001,2025-10-03_09h47.45.683,Study_5_PsychoPy_Experiment,2024.1.5,NA,2025-10-03 09h48.00.347273 +0100
Belief,Reg,TRUE,N,FB-Ig,B_T,PsychoPyStudy5Stim/B_T_2.png,Adam THINKS there are ZERO cubes,Zero,h,b,N,-,Y,0,306,306,313,1891.650669900002,NA,NA,NA,NA,NA,NA,NA,NA,NA,1891.6370294000951,1.6500009223818e-4,1891.721870899899,1892.1008544000797,1892.2010117999744,1894.2009954000823,1894.600790400058,1894.702917699935,1894.702917699935,1896.1876298999416,b,1,1.4811940998770297,NA,1896.1883570000064,1896.200840699952,1896.200840699952,1896.200840699952,1896.200840699952,1896.189130600076,NA,NA,NA,NA,NA,NA,NA,NA,NA,NA,016,001,2025-10-03_09h47.45.683,Study_5_PsychoPy_Experiment,2024.1.5,NA,2025-10-03 09h48.00.347273 +0100
Reality,Reg,TRUE,N,NB-TB-K,DT_NB,PsychoPyStudy5Stim/TD_NB_2.png,"In REALITY, there is ONE cube",One,h,b,N,-,N,0,307,307,168,1896.200840699952,NA,NA,NA,NA,NA,NA,NA,NA,NA,1896.189681000076,4.3370015919208e-4,1896.2860212000087,1896.6674365999645,1896.767404400045,1898.7675332000945,1899.1674393999856,1899.269521099981,1899.269521099981,1900.2036625999024,b,1,0.9320582998916508,NA,1900.204301000107,1900.2173979999495,1900.2173979999495,1900.2173979999495,1900.2173979999495,1900.20497229998,NA,NA,NA,NA,NA,NA,NA,NA,NA,NA,016,001,2025-10-03_09h47.45.683,Study_5_PsychoPy_Experiment,2024.1.5,NA,2025-10-03 09h48.00.347273 +0100
Belief,Neg,TRUE,Y,FB-Ig,T_B_T,PsychoPyStudy5Stim/T_B_T_3.png,Adam does NOT THINK there are TWO cubes,Two,h,b,Y,-,N,0,308,308,18,1900.2173979999495,NA,NA,NA,NA,NA,NA,NA,NA,NA,1900.2054882000664,4.1039986535906e-4,1900.3055585999973,1900.683916500071,1900.784129400039,1902.7841489000712,1903.1840903998816,1903.286168300081,1903.286168300081,1905.1538839000275,b,1,1.8657637999858707,NA,1905.1545188000891,1905.1673320999837,1905.1673320999837,1905.1673320999837,1905.1673320999837,1905.1552287000231,NA,NA,NA,NA,NA,NA,NA,NA,NA,NA,016,001,2025-10-03_09h47.45.683,Study_5_PsychoPy_Experiment,2024.1.5,NA,2025-10-03 09h48.00.347273 +0100
Belief,Reg,FALSE,N,TB-K-B,TD_B,PsychoPyStudy5Stim/TD_B_7.png,Adam THINKS there are ZERO cubes,Zero,b,h,N,PropFalse,N,0,309,309,269,1905.1673320999837,NA,NA,NA,NA,NA,NA,NA,NA,NA,1905.1557565999683,4.2270007543265e-4,1905.243447799934,1905.6174274000805,1905.7174676998984,1907.717483999906,1908.11752339988,1908.219447300071,1908.219447300071,1913.5865003999788,h,1,5.357310199877247,NA,1913.5869525999296,1913.6006730000952,1913.6006730000952,1913.6006730000952,1913.6006730000952,1913.587441999931,NA,NA,NA,NA,NA,NA,NA,NA,NA,NA,016,001,2025-10-03_09h47.45.683,Study_5_PsychoPy_Experiment,2024.1.5,NA,2025-10-03 09h48.00.347273 +0100
Knowledge,Neg,FALSE,N,TB-K,TD_B,PsychoPyStudy5Stim/TD_B_4.png,Adam does NOT KNOW there is ONE cube,One,b,h,Y,PropFalse,N,0,310,310,115,1913.6006730000952,NA,NA,NA,NA,NA,NA,NA,NA,NA,1913.587804999901,2.9600015841424e-4,1913.6815804999787,1914.0507908998989,1914.1508901000489,1916.150938600069,1916.550848199986,1916.6526711999904,1916.6526711999904,1918.703450199915,h,1,2.043871900066734,NA,1918.7040037000552,1918.7173305999024,1918.7173305999024,1918.7173305999024,1918.7173305999024,1918.7046389998868,NA,NA,NA,NA,NA,NA,NA,NA,NA,NA,016,001,2025-10-03_09h47.45.683,Study_5_PsychoPy_Experiment,2024.1.5,NA,2025-10-03 09h48.00.347273 +0100
Reality,Reg,FALSE,N,TB-K-B,TT_B,PsychoPyStudy5Stim/TT_B_6.png,"In REALITY, there is ONE cube",One,b,h,N,PropFalse,N,0,311,311,254,1918.7173305999024,NA,NA,NA,NA,NA,NA,NA,NA,NA,1918.7050662999973,3.3669988624751e-4,1918.794662700035,1919.1675185000056,1919.267614299897,1921.2673412000297,1921.6674087999857,1921.769347199937,1921.769347199937,1922.953457100084,h,1,1.167090800125152,NA,1922.9540281998925,1922.967376299901,1922.967376299901,1922.967376299901,1922.967376299901,1922.954726499971,NA,NA,NA,NA,NA,NA,NA,NA,NA,NA,016,001,2025-10-03_09h47.45.683,Study_5_PsychoPy_Experiment,2024.1.5,NA,2025-10-03 09h48.00.347273 +0100
Belief,Reg,TRUE,N,FB-Ig,B_TT,PsychoPyStudy5Stim/B_TT_3.png,Adam THINKS there are ZERO cubes,Zero,h,b,N,-,Y,0,312,312,328,1922.967376299901,NA,NA,NA,NA,NA,NA,NA,NA,NA,1922.9551967999432,3.7840008735656e-4,1923.0534538000356,1923.4339582000391,1923.534178999951,1925.5340849000495,1925.9340564000888,1926.0360107999295,1926.0360107999295,1927.1198805000167,b,1,1.0768728000111878,NA,1927.1203568000344,1927.1339829000644,1927.1339829000644,1927.1339829000644,1927.1339829000644,1927.1208754000256,NA,NA,NA,NA,NA,NA,NA,NA,NA,NA,016,001,2025-10-03_09h47.45.683,Study_5_PsychoPy_Experiment,2024.1.5,NA,2025-10-03 09h48.00.347273 +0100
Knowledge,Reg,TRUE,N,NB-TB-K,DD_NB,PsychoPyStudy5Stim/DD_NB_2.png,Adam KNOWS there are ZERO cubes,Zero,h,b,N,-,N,0,313,313,148,1927.1339829000644,NA,NA,NA,NA,NA,NA,NA,NA,NA,1927.1212434000336,2.8989999555051e-4,1927.203599399887,1927.584022199968,1927.6839391000103,1929.684006500058,1930.0840966000687,1930.1859929999337,1930.1859929999337,1930.9363929999529,b,1,0.7419181000441313,NA,1930.9366788000336,1930.9505491999444,1930.9505491999444,1930.9505491999444,1930.9505491999444,1930.9370164999273,NA,NA,NA,NA,NA,NA,NA,NA,NA,NA,016,001,2025-10-03_09h47.45.683,Study_5_PsychoPy_Experiment,2024.1.5,NA,2025-10-03 09h48.00.347273 +0100
Reality,Reg,TRUE,N,TB-K-B,TD_B,PsychoPyStudy5Stim/TD_B_2.png,"In REALITY, there is ONE cube",One,h,b,N,-,N,0,314,314,271,1930.9505491999444,NA,NA,NA,NA,NA,NA,NA,NA,NA,1930.9372215999756,1.6500009223818e-4,1931.0195577000268,1931.400578700006,1931.5008225999773,1933.500777899986,1933.900661899941,1934.002571000019,1934.002571000019,1935.236650499981,b,1,1.222380799939856,NA,1935.237232600106,1935.2506353000645,1935.2506353000645,1935.2506353000645,1935.2506353000645,1935.237858900102,NA,NA,NA,NA,NA,NA,NA,NA,NA,NA,016,001,2025-10-03_09h47.45.683,Study_5_PsychoPy_Experiment,2024.1.5,NA,2025-10-03 09h48.00.347273 +0100
Knowledge,Neg,FALSE,N,NB-TB-K,T_NB,PsychoPyStudy5Stim/T_NB_3.png,Adam does NOT KNOW there is ONE cube,One,b,h,Y,PropFalse,N,0,315,315,42,1935.2506353000645,NA,NA,NA,NA,NA,NA,NA,NA,NA,1935.238288399996,3.3700000494718e-4,1935.320032400079,1935.7004881999455,1935.800551600056,1937.8005641000343,1938.2005493000615,1938.3023957000112,1938.3023957000112,1940.3694788001012,h,1,2.0580301999580115,NA,1940.36978129996,1940.383899600012,1940.383899600012,1940.383899600012,1940.383899600012,1940.3701132000424,NA,NA,NA,NA,NA,NA,NA,NA,NA,NA,016,001,2025-10-03_09h47.45.683,Study_5_PsychoPy_Experiment,2024.1.5,NA,2025-10-03 09h48.00.347273 +0100
Belief,Neg,FALSE,N,NB-TB-K,TT_NB,PsychoPyStudy5Stim/TT_NB_6.png,Adam does NOT THINK there are TWO cubes,Two,b,h,Y,PropFalse,N,0,316,316,77,1940.383899600012,NA,NA,NA,NA,NA,NA,NA,NA,NA,1940.3703326999675,1.7530005425214e-4,1940.455503700068,1940.833853600081,1940.9338823000437,1942.934193199966,1943.334109199932,1943.4358908000868,1943.4358908000868,1945.8869708999991,h,1,2.4361618999391794,NA,1945.8876100000923,1945.9005082999356,1945.9005082999356,1945.9005082999356,1945.9005082999356,1945.8883740999736,NA,NA,NA,NA,NA,NA,NA,NA,NA,NA,016,001,2025-10-03_09h47.45.683,Study_5_PsychoPy_Experiment,2024.1.5,NA,2025-10-03 09h48.00.347273 +0100
Knowledge,Neg,FALSE,N,NB-TB-K,TT_NB,PsychoPyStudy5Stim/TT_NB_7.png,Adam does NOT KNOW there are TWO cubes,Two,b,h,Y,PropFalse,N,0,317,317,70,1945.9005082999356,NA,NA,NA,NA,NA,NA,NA,NA,NA,1945.8888542999048,3.776999656111e-4,1945.9742542000024,1946.350387299899,1946.4505137999076,1948.4507643000688,1948.8507576999257,1948.9526078999045,1948.9526078999045,1950.3866522000171,h,1,1.432059000013396,NA,1950.387163599953,1950.400541699957,1950.400541699957,1950.400541699957,1950.400541699957,1950.387722000014,NA,NA,NA,NA,NA,NA,NA,NA,NA,NA,016,001,2025-10-03_09h47.45.683,Study_5_PsychoPy_Experiment,2024.1.5,NA,2025-10-03 09h48.00.347273 +0100
Knowledge,Neg,FALSE,N,TB-K,TT_B,PsychoPyStudy5Stim/TT_B_7.png,Adam does NOT KNOW there are TWO cubes,Two,b,h,Y,PropFalse,N,0,318,318,94,1950.400541699957,NA,NA,NA,NA,NA,NA,NA,NA,NA,1950.3881121999584,3.0640000477433e-4,1950.475787299918,1950.85037130001,1950.950511300005,1952.950772299897,1953.35067659989,1953.4526523000095,1953.4526523000095,1954.770410799887,h,1,1.3162570998538283,NA,1954.7711054000536,1954.7838572999465,1954.7838572999465,1954.7838572999465,1954.7838572999465,1954.7718581000809,NA,NA,NA,NA,NA,NA,NA,NA,NA,NA,016,001,2025-10-03_09h47.45.683,Study_5_PsychoPy_Experiment,2024.1.5,NA,2025-10-03 09h48.00.347273 +0100
Belief,Neg,FALSE,N,NB-TB-K,T_NB,PsychoPyStudy5Stim/T_NB_5.png,Adam does NOT THINK there is ONE cube,One,b,h,Y,PropFalse,N,0,319,319,52,1954.7838572999465,NA,NA,NA,NA,NA,NA,NA,NA,NA,1954.7723735999316,4.0300004184246e-4,1954.8740292999428,1955.2503507998772,1955.3504848999437,1957.350760600064,1957.7506291000172,1957.852678899886,1957.852678899886,1959.087138599949,h,1,1.22789159999229,NA,1959.0878300999757,1959.100586900022,1959.100586900022,1959.100586900022,1959.100586900022,1959.088594299974,NA,NA,NA,NA,NA,NA,NA,NA,NA,NA,016,001,2025-10-03_09h47.45.683,Study_5_PsychoPy_Experiment,2024.1.5,NA,2025-10-03 09h48.00.347273 +0100
Knowledge,Reg,TRUE,N,NB-TB-K,D_NB,PsychoPyStudy5Stim/D_NB_8.png,Adam KNOWS there are ZERO cubes,Zero,h,b,N,-,N,0,320,320,135,1959.100586900022,NA,NA,NA,NA,NA,NA,NA,NA,NA,1959.0891098000577,4.0520005859434e-4,1959.1868855999785,1959.566999499919,1959.6671142999548,1961.6673858999277,1962.067303400021,1962.169238399947,1962.169238399947,1963.2200947999952,b,1,1.0391028998419642,NA,1963.2207853000143,1963.233884199988,1963.233884199988,1963.233884199988,1963.233884199988,1963.2215320998805,NA,NA,NA,NA,NA,NA,NA,NA,NA,NA,016,001,2025-10-03_09h47.45.683,Study_5_PsychoPy_Experiment,2024.1.5,NA,2025-10-03 09h48.00.347273 +0100
Reality,Reg,TRUE,N,TB-Ig,D_B,PsychoPyStudy5Stim/D_B_1.png,"In REALITY, there are ZERO cubes",Zero,h,b,N,-,N,0,321,321,203,1963.233884199988,NA,NA,NA,NA,NA,NA,NA,NA,NA,1963.2220377000049,3.9739999920129e-4,1963.305853900034,1963.683652000036,1963.783770699985,1965.7840038998984,1966.1840166000184,1966.2858396000229,1966.2858396000229,1967.369717600057,b,1,1.0746655000839382,NA,1967.37020460004,1967.383813600056,1967.383813600056,1967.383813600056,1967.383813600056,1967.3707715000492,NA,NA,NA,NA,NA,NA,NA,NA,NA,NA,016,001,2025-10-03_09h47.45.683,Study_5_PsychoPy_Experiment,2024.1.5,NA,2025-10-03 09h48.00.347273 +0100
Belief,Neg,TRUE,N,NB-TB-K,T_NB,PsychoPyStudy5Stim/T_NB_4.png,Adam does NOT THINK there are TWO cubes,Two,h,b,Y,-,N,0,322,322,39,1967.383813600056,NA,NA,NA,NA,NA,NA,NA,NA,NA,1967.3711425999643,2.919000107795e-4,1967.4616016999353,1967.8336606000084,1967.9337754000444,1969.9340629000217,1970.3339390999172,1970.4357875999997,1970.4357875999997,1972.219824899919,b,1,1.78063779999502,NA,1972.2203345999587,1972.2336317999288,1972.2336317999288,1972.2336317999288,1972.2336317999288,1972.2206957000308,NA,NA,NA,NA,NA,NA,NA,NA,NA,NA,016,001,2025-10-03_09h47.45.683,Study_5_PsychoPy_Experiment,2024.1.5,NA,2025-10-03 09h48.00.347273 +0100
Knowledge,Reg,TRUE,N,NB-TB-K,DD_NB,PsychoPyStudy5Stim/DD_NB_6.png,Adam KNOWS there are ZERO cubes,Zero,h,b,N,-,N,0,323,323,152,1972.2336317999288,NA,NA,NA,NA,NA,NA,NA,NA,NA,1972.2209022999739,1.670999918133e-4,1972.3124210999813,1972.683655000059,1972.7837463999167,1974.78399539995,1975.1839801000897,1975.28591779992,1975.28591779992,1976.4859674999025,b,1,1.1862095999531448,NA,1976.486300499877,1976.500391700072,1976.500391700072,1976.500391700072,1976.500391700072,1976.486671800027,NA,NA,NA,NA,NA,NA,NA,NA,NA,NA,016,001,2025-10-03_09h47.45.683,Study_5_PsychoPy_Experiment,2024.1.5,NA,2025-10-03 09h48.00.347273 +0100
Knowledge,Reg,FALSE,N,NB-TB-K,DD_NB,PsychoPyStudy5Stim/DD_NB_8.png,Adam KNOWS there is ONE cube,One,b,h,N,PropFalse,N,0,324,324,156,1976.500391700072,NA,NA,NA,NA,NA,NA,NA,NA,NA,1976.486916099908,1.9409996457397e-4,1976.5735255999025,1976.950332300039,1977.050384900067,1979.050707400078,1979.450573399896,1979.5525968999136,1979.5525968999136,1984.0035139000977,h,1,4.447712799999863,NA,1984.004214799963,1984.017130000051,1984.017130000051,1984.017130000051,1984.017130000051,1984.0049397998955,NA,NA,NA,NA,NA,NA,NA,NA,NA,NA,016,001,2025-10-03_09h47.45.683,Study_5_PsychoPy_Experiment,2024.1.5,NA,2025-10-03 09h48.00.347273 +0100
Knowledge,Neg,FALSE,N,TB-K,TD_B,PsychoPyStudy5Stim/TD_B_3.png,Adam does NOT KNOW there is ONE cube,One,b,h,Y,PropFalse,N,0,325,325,114,1984.017130000051,NA,NA,NA,NA,NA,NA,NA,NA,NA,1984.0054468999151,3.9820000529289e-4,1984.1012365000788,1984.4838328999467,1984.5838730998803,1986.5838434998875,1986.983911599964,1987.085991299944,1987.085991299944,1988.6860076999292,h,1,1.5864045000635087,NA,1988.6863802999724,1988.7003711001016,1988.7003711001016,1988.7003711001016,1988.7003711001016,1988.6867962998804,NA,NA,NA,NA,NA,NA,NA,NA,NA,NA,016,001,2025-10-03_09h47.45.683,Study_5_PsychoPy_Experiment,2024.1.5,NA,2025-10-03 09h48.00.347273 +0100
Knowledge,Reg,TRUE,N,TB-K-B,DD_B,PsychoPyStudy5Stim/DD_B_1.png,Adam KNOWS there are ZERO cubes,Zero,h,b,N,-,N,0,326,326,215,1988.7003711001016,NA,NA,NA,NA,NA,NA,NA,NA,NA,1988.68707720004,2.2429996170103e-4,1988.7846289000008,1989.1669040000995,1989.2670706999488,1991.2670795999,1991.667178499978,1991.7691365000792,1991.7691365000792,1993.2691564999984,b,1,1.4946957000065595,NA,1993.2694552000612,1993.2836001000833,1993.2836001000833,1993.2836001000833,1993.2836001000833,1993.2698087000751,NA,NA,NA,NA,NA,NA,NA,NA,NA,NA,016,001,2025-10-03_09h47.45.683,Study_5_PsychoPy_Experiment,2024.1.5,NA,2025-10-03 09h48.00.347273 +0100
Knowledge,Reg,TRUE,N,TB-K-B,TD_B,PsychoPyStudy5Stim/TD_B_6.png,Adam KNOWS there is ONE cube,One,h,b,N,-,N,0,327,327,256,1993.2836001000833,NA,NA,NA,NA,NA,NA,NA,NA,NA,1993.2700582998805,1.8900004215538e-4,1993.3599866000004,1993.7335717000533,1993.8336559999736,1995.8338564999867,1996.233863600064,1996.3358114000876,1996.3358114000876,2002.569622399984,b,1,6.216947400011122,NA,2002.5701444000008,2002.5836928000208,2002.5836928000208,2002.5836928000208,2002.5836928000208,2002.5707219000903,NA,NA,NA,NA,NA,NA,NA,NA,NA,NA,016,001,2025-10-03_09h47.45.683,Study_5_PsychoPy_Experiment,2024.1.5,NA,2025-10-03 09h48.00.347273 +0100
Knowledge,Reg,TRUE,N,NB-TB-K,DD_NB,PsychoPyStudy5Stim/DD_NB_8.png,Adam KNOWS there are ZERO cubes,Zero,h,b,N,-,N,0,328,328,154,2002.5836928000208,NA,NA,NA,NA,NA,NA,NA,NA,NA,2002.5711077000017,3.0279997736215e-4,2002.6637180000544,2003.0335627999157,2003.1337645999156,2005.133729999885,2005.5337698999792,2005.6357207000256,2005.6357207000256,2007.6368124000728,b,1,1.9964809000957755,NA,2007.637551000109,2007.6503391999288,2007.6503391999288,2007.6503391999288,2007.6503391999288,2007.6382756000385,NA,NA,NA,NA,NA,NA,NA,NA,NA,NA,016,001,2025-10-03_09h47.45.683,Study_5_PsychoPy_Experiment,2024.1.5,NA,2025-10-03 09h48.00.347273 +0100
Knowledge,Reg,TRUE,N,NB-TB-K,TT_NB,PsychoPyStudy5Stim/TT_NB_7.png,Adam KNOWS there are TWO cubes,Two,h,b,N,-,N,0,329,329,173,2007.6503391999288,NA,NA,NA,NA,NA,NA,NA,NA,NA,2007.6387881999835,4.0000001899898e-4,2007.7243943000212,2008.100381999975,2008.200540999882,2010.200530800037,2010.6003668999765,2010.7024864000268,2010.7024864000268,2011.4536383999512,b,1,0.7461844000499696,NA,2011.45433149999,2011.4670829998795,2011.4670829998795,2011.4670829998795,2011.4670829998795,2011.4551568999889,NA,NA,NA,NA,NA,NA,NA,NA,NA,NA,016,001,2025-10-03_09h47.45.683,Study_5_PsychoPy_Experiment,2024.1.5,NA,2025-10-03 09h48.00.347273 +0100
Knowledge,Neg,TRUE,Y,FB-Ig,T_B_T,PsychoPyStudy5Stim/T_B_T_3.png,Adam does NOT KNOW there are TWO cubes,Two,h,b,Y,-,N,0,330,330,2,2011.4670829998795,NA,NA,NA,NA,NA,NA,NA,NA,NA,2011.4557449000424,4.6989996917545e-4,2011.5503076000605,2011.9338018000128,2012.0338628001043,2014.0338614999785,2014.4337486999575,2014.5357981999405,2014.5357981999405,2016.253106100019,b,1,1.7043848999310285,NA,2016.253659900045,2016.2670187000183,2016.2670187000183,2016.2670187000183,2016.2670187000183,2016.2542419000529,NA,NA,NA,NA,NA,NA,NA,NA,NA,NA,016,001,2025-10-03_09h47.45.683,Study_5_PsychoPy_Experiment,2024.1.5,NA,2025-10-03 09h48.00.347273 +0100
Knowledge,Reg,TRUE,N,NB-TB-K,DD_NB,PsychoPyStudy5Stim/DD_NB_7.png,Adam KNOWS there are ZERO cubes,Zero,h,b,N,-,N,0,331,331,153,2016.2670187000183,NA,NA,NA,NA,NA,NA,NA,NA,NA,2016.254667500034,3.3349986188113e-4,2016.3570399999153,2016.733624200104,2016.834052399965,2018.833916899981,2019.233706000028,2019.3356266000776,2019.3356266000776,2020.0534339000003,b,1,0.7130336998961866,NA,2020.054147399962,2020.0670737999023,2020.0670737999023,2020.0670737999023,2020.0670737999023,2020.054994300008,NA,NA,NA,NA,NA,NA,NA,NA,NA,NA,016,001,2025-10-03_09h47.45.683,Study_5_PsychoPy_Experiment,2024.1.5,NA,2025-10-03 09h48.00.347273 +0100
Belief,Reg,FALSE,N,FB-Ig,D_B_T,PsychoPyStudy5Stim/D_B_T_3.png,Adam THINKS there are TWO cubes,Two,b,h,N,PropFalse,N,0,332,332,301,2020.0670737999023,NA,NA,NA,NA,NA,NA,NA,NA,NA,2020.055540600093,4.2900000698864e-4,2020.1534327000843,2020.533701499924,2020.6338619000744,2022.633819000097,2023.0337485000491,2023.135780399898,2023.135780399898,2024.18677140004,h,1,1.0492344999220222,NA,2024.1874315999448,2024.200358300004,2024.200358300004,2024.200358300004,2024.200358300004,2024.188222799916,NA,NA,NA,NA,NA,NA,NA,NA,NA,NA,016,001,2025-10-03_09h47.45.683,Study_5_PsychoPy_Experiment,2024.1.5,NA,2025-10-03 09h48.00.347273 +0100
Belief,Neg,FALSE,N,NB-TB-K,TT_NB,PsychoPyStudy5Stim/TT_NB_3.png,Adam does NOT THINK there are TWO cubes,Two,b,h,Y,PropFalse,N,0,333,333,74,2024.200358300004,NA,NA,NA,NA,NA,NA,NA,NA,NA,2024.1887364999857,4.0389993228018e-4,2024.2883703999687,2024.6668797999157,2024.767161099939,2026.7672079999463,2027.167045800015,2027.2688949999863,2027.2688949999863,2028.2358343999367,h,1,0.9549417998641728,NA,2028.2361232999249,2028.250274899881,2028.250274899881,2028.250274899881,2028.250274899881,2028.2364765999373,NA,NA,NA,NA,NA,NA,NA,NA,NA,NA,016,001,2025-10-03_09h47.45.683,Study_5_PsychoPy_Experiment,2024.1.5,NA,2025-10-03 09h48.00.347273 +0100
Knowledge,Reg,FALSE,N,FB-Ig,D_B_T,PsychoPyStudy5Stim/D_B_T_8.png,Adam KNOWS there are TWO cubes,Two,b,h,N,PropFalse,N,0,334,334,298,2028.250274899881,NA,NA,NA,NA,NA,NA,NA,NA,NA,2028.2366820001043,1.6549997963011e-4,2028.320519099943,2028.7003512000665,2028.8005224999504,2030.8003376999404,2031.2004076999144,2031.302369999932,2031.302369999932,2033.3200226000044,h,1,2.009976499946788,NA,2033.32072050008,2033.3335949000905,2033.3335949000905,2033.3335949000905,2033.3335949000905,2033.321435800055,NA,NA,NA,NA,NA,NA,NA,NA,NA,NA,016,001,2025-10-03_09h47.45.683,Study_5_PsychoPy_Experiment,2024.1.5,NA,2025-10-03 09h48.00.347273 +0100
Belief,Reg,FALSE,N,NB-TB-K,TT_NB,PsychoPyStudy5Stim/TT_NB_5.png,Adam THINKS there are ZERO cubes,Zero,b,h,N,PropFalse,N,0,335,335,185,2033.3335949000905,NA,NA,NA,NA,NA,NA,NA,NA,NA,2033.3219556999393,4.0729995816946e-4,2033.416281600017,2033.8002800999675,2033.900486300001,2035.9004752999172,2036.3004224000033,2036.4023569999265,2036.4023569999265,2037.33658750006,h,1,0.917351899901405,NA,2037.3372351001017,2037.35049490002,2037.35049490002,2037.35049490002,2037.35049490002,2037.3379504999612,NA,NA,NA,NA,NA,NA,NA,NA,NA,NA,016,001,2025-10-03_09h47.45.683,Study_5_PsychoPy_Experiment,2024.1.5,NA,2025-10-03 09h48.00.347273 +0100
NA,NA,NA,NA,NA,NA,NA,NA,NA,NA,NA,NA,NA,NA,NA,NA,NA,NA,NA,NA,NA,NA,NA,NA,NA,NA,NA,NA,NA,NA,NA,NA,NA,NA,NA,NA,NA,NA,NA,NA,NA,NA,NA,NA,NA,NA,NA,NA,NA,NA,NA,2037.3382194000296,2037.35049490002,2038.350500700064,2039.368388300063,space,1.0017165997996926,NA,016,001,2025-10-03_09h47.45.683,Study_5_PsychoPy_Experiment,2024.1.5,NA,2025-10-03 09h48.00.347273 +0100
