Statement_Type,Reg_Neg,Truth_Value,Experimental,Scenario,Stimuli_Type,Stimulus,Statement,Statement_Number,CorAnsOdd,CorAnsEven,Barrier,Why_False,Check_Trial,Exp_Trial.thisRepN,Exp_Trial.thisTrialN,Exp_Trial.thisN,Exp_Trial.thisIndex,thisRow.t,notes,Exp_Intro.started,Exp_Intro_Text.started,Exp_Intro_Press_SPACE_Text.started,Exp_Intro_Press_SPACE.started,Exp_Intro.stopped,Exp_Intro_Press_SPACE.keys,Exp_Intro_Press_SPACE.rt,Exp_Intro_Press_SPACE.duration,Exp_Routine.started,Exp_Routine_ISI.started,Exp_Routine_Statement_Primer.started,Exp_Routine_Statement_Primer.stopped,Exp_Routine_Statement.started,Exp_Routine_Image_Primer.started,Exp_Routine_Image_Primer.stopped,Exp_Routine_Image.started,Exp_Routine_Key_Resp.started,Exp_Routine.stopped,Exp_Routine_Key_Resp.keys,Exp_Routine_Key_Resp.corr,Exp_Routine_Key_Resp.rt,Exp_Routine_Key_Resp.duration,Break.started,Break_Text.started,Break_Text.stopped,Break_Key_Resp.started,Break_Key_Resp.stopped,Break.stopped,Break_Key_Resp.keys,Break_Key_Resp.rt,Break_Key_Resp.duration,Exp_End.started,Exp_End_Text.started,Exp_End_Key_Resp.started,Exp_End.stopped,Exp_End_Key_Resp.keys,Exp_End_Key_Resp.rt,Exp_End_Key_Resp.duration,participant,session,date,expName,psychopyVersion,frameRate,expStart
NA,NA,NA,NA,NA,NA,NA,NA,NA,NA,NA,NA,NA,NA,NA,NA,NA,NA,NA,NA,0.00286280002910643,0.02762060001259669,2.013932100031525,2.013932100031525,2.710335800016765,space,0.6782002000254579,NA,NA,NA,NA,NA,NA,NA,NA,NA,NA,NA,NA,NA,NA,NA,NA,NA,NA,NA,NA,NA,NA,NA,NA,NA,NA,NA,NA,NA,NA,NA,020,001,2025-10-08_09h50.02.814,Study_5_PsychoPy_Experiment,2024.1.5,NA,2025-10-08 09h50.14.055704 +0100
Belief,Neg,FALSE,N,TB-K,TT_B,PsychoPyStudy5Stim/TT_B_4.png,Adam does NOT THINK there are TWO cubes,Two,b,h,Y,PropFalse,N,0,0,0,99,2.8363727000541985,NA,NA,NA,NA,NA,NA,NA,NA,NA,2.8330585000221618,0.12270609999541192,2.941568800015375,3.3132455000304617,3.413392800022848,5.413365800050087,5.813342200010084,5.93359860003693,5.93359860003693,9.049528700008524,h,1,3.1096015999792144,NA,9.05065640003886,9.063130600028671,9.063130600028671,9.063130600028671,9.063130600028671,9.051214400038589,NA,NA,NA,NA,NA,NA,NA,NA,NA,NA,020,001,2025-10-08_09h50.02.814,Study_5_PsychoPy_Experiment,2024.1.5,NA,2025-10-08 09h50.14.055704 +0100
Belief,Neg,TRUE,Y,FB-Ig,D_B_T,PsychoPyStudy5Stim/D_B_T_3.png,Adam does NOT THINK there is ONE cube,One,h,b,Y,-,N,0,1,1,26,9.063130600028671,NA,NA,NA,NA,NA,NA,NA,NA,NA,9.051877800025975,3.1729997135698e-4,9.14213930000551,9.513224200054538,9.61313589999918,11.613311500055715,12.013281900028232,12.115591400011908,12.115591400011908,16.165617100021336,b,1,4.04042080004001,NA,16.165913600008935,16.179731500044,16.179731500044,16.179731500044,16.179731500044,16.166233900003135,NA,NA,NA,NA,NA,NA,NA,NA,NA,NA,020,001,2025-10-08_09h50.02.814,Study_5_PsychoPy_Experiment,2024.1.5,NA,2025-10-08 09h50.14.055704 +0100
Belief,Reg,FALSE,N,FB-Ig,D_B_T,PsychoPyStudy5Stim/D_B_T_1.png,Adam THINKS there are TWO cubes,Two,b,h,N,PropFalse,N,0,2,2,299,16.179731500044,NA,NA,NA,NA,NA,NA,NA,NA,NA,16.166442000016104,1.6369996592402e-4,16.26332640001783,16.646464100049343,16.746611100039445,18.74654790002387,19.146533300052397,19.24883460003184,19.24883460003184,20.24901690002298,h,1,0.9873280000174418,NA,20.24933240003884,20.263037300028373,20.263037300028373,20.263037300028373,20.263037300028373,20.24967440002365,NA,NA,NA,NA,NA,NA,NA,NA,NA,NA,020,001,2025-10-08_09h50.02.814,Study_5_PsychoPy_Experiment,2024.1.5,NA,2025-10-08 09h50.14.055704 +0100
Belief,Neg,FALSE,N,NB-TB-K,T_NB,PsychoPyStudy5Stim/T_NB_1.png,Adam does NOT THINK there is ONE cube,One,b,h,Y,PropFalse,N,0,3,3,48,20.263037300028373,NA,NA,NA,NA,NA,NA,NA,NA,NA,20.249898400041275,1.7600000137463e-4,20.36230150004849,20.746467100048903,20.8466097000055,22.84654540003976,23.246562600019388,23.34879540000111,23.34879540000111,26.31622260005679,b,0,2.950904199969955,NA,26.31682050001109,26.32964340003673,26.32964340003673,26.32964340003673,26.32964340003673,26.31743610004196,NA,NA,NA,NA,NA,NA,NA,NA,NA,NA,020,001,2025-10-08_09h50.02.814,Study_5_PsychoPy_Experiment,2024.1.5,NA,2025-10-08 09h50.14.055704 +0100
Belief,Reg,FALSE,N,NB-TB-K,DD_NB,PsychoPyStudy5Stim/DD_NB_2.png,Adam THINKS there is ONE cube,One,b,h,N,PropFalse,N,0,4,4,158,26.32964340003673,NA,NA,NA,NA,NA,NA,NA,NA,NA,26.317902200040407,3.4839997533708e-4,26.41976680001244,26.796432300005108,26.89652740000747,28.896608000039123,29.296456500014756,29.398682000057303,29.398682000057303,30.69935730000725,h,1,1.2926360000274144,NA,30.69985530001577,30.713040700007696,30.713040700007696,30.713040700007696,30.713040700007696,30.70040670002345,NA,NA,NA,NA,NA,NA,NA,NA,NA,NA,020,001,2025-10-08_09h50.02.814,Study_5_PsychoPy_Experiment,2024.1.5,NA,2025-10-08 09h50.14.055704 +0100
Belief,Reg,TRUE,N,FB-Ig,B_T,PsychoPyStudy5Stim/B_T_2.png,Adam THINKS there are ZERO cubes,Zero,h,b,N,-,Y,0,5,5,313,30.713040700007696,NA,NA,NA,NA,NA,NA,NA,NA,NA,30.7007851000526,2.9529997846111e-4,30.79607570002554,31.179781900020316,31.279864400043152,33.27988060005009,33.67990700004157,33.78214280004613,33.78214280004613,34.36632390000159,b,1,0.5816954000038095,NA,34.366969600028824,34.37970889999997,34.37970889999997,34.37970889999997,34.37970889999997,34.36759570002323,NA,NA,NA,NA,NA,NA,NA,NA,NA,NA,020,001,2025-10-08_09h50.02.814,Study_5_PsychoPy_Experiment,2024.1.5,NA,2025-10-08 09h50.14.055704 +0100
Knowledge,Reg,TRUE,N,TB-K-B,TD_B,PsychoPyStudy5Stim/TD_B_5.png,Adam KNOWS there is ONE cube,One,h,b,N,-,N,0,6,6,255,34.37970889999997,NA,NA,NA,NA,NA,NA,NA,NA,NA,34.36806870001601,3.4950004192069e-4,34.47578810004052,34.846496400015894,34.94638900004793,36.946483900013845,37.34641930001089,37.44859640003415,37.44859640003415,38.982226100051776,b,1,1.5227060000179335,NA,38.98257420002483,38.99618720001308,38.99618720001308,38.99618720001308,38.99618720001308,38.9828982000472,NA,NA,NA,NA,NA,NA,NA,NA,NA,NA,020,001,2025-10-08_09h50.02.814,Study_5_PsychoPy_Experiment,2024.1.5,NA,2025-10-08 09h50.14.055704 +0100
Belief,Reg,TRUE,N,TB-K-B,TT_B,PsychoPyStudy5Stim/TT_B_5.png,Adam THINKS there are TWO cubes,Two,h,b,N,-,N,0,7,7,246,38.99618720001308,NA,NA,NA,NA,NA,NA,NA,NA,NA,38.98310670000501,1.6459997277706e-4,39.07296800002223,39.44651050004177,39.546360600041226,41.54649070004234,41.946563000034075,42.048924800008535,42.048924800008535,43.033173500036355,b,1,0.9785677999607288,NA,43.03386830003001,43.04635370004689,43.04635370004689,43.04635370004689,43.04635370004689,43.03459710004972,NA,NA,NA,NA,NA,NA,NA,NA,NA,NA,020,001,2025-10-08_09h50.02.814,Study_5_PsychoPy_Experiment,2024.1.5,NA,2025-10-08 09h50.14.055704 +0100
Belief,Reg,FALSE,N,FB-Ig,D_B_T,PsychoPyStudy5Stim/D_B_T_6.png,Adam THINKS there are TWO cubes,Two,b,h,N,PropFalse,N,0,8,8,304,43.04635370004689,NA,NA,NA,NA,NA,NA,NA,NA,NA,43.03512250003405,4.0789996273815e-4,43.12389670003904,43.49643510003807,43.59655370004475,45.59653890004847,45.99628570000641,46.09869380004238,46.09869380004238,49.09940890001599,h,1,2.992763600021135,NA,49.099966800014954,49.11302480002632,49.11302480002632,49.11302480002632,49.11302480002632,49.10058500000741,NA,NA,NA,NA,NA,NA,NA,NA,NA,NA,020,001,2025-10-08_09h50.02.814,Study_5_PsychoPy_Experiment,2024.1.5,NA,2025-10-08 09h50.14.055704 +0100
Knowledge,Reg,FALSE,N,NB-TB-K,DD_NB,PsychoPyStudy5Stim/DD_NB_8.png,Adam KNOWS there is ONE cube,One,b,h,N,PropFalse,N,0,9,9,156,49.11302480002632,NA,NA,NA,NA,NA,NA,NA,NA,NA,49.10102360002929,3.4030003007501e-4,49.20760430005612,49.57972440001322,49.67984630004503,51.67964860005304,52.07966200000374,52.18241000000853,52.18241000000853,54.88290870003402,h,1,2.6848163999966346,NA,54.88357020000694,54.896307400020305,54.896307400020305,54.896307400020305,54.896307400020305,54.88427340000635,NA,NA,NA,NA,NA,NA,NA,NA,NA,NA,020,001,2025-10-08_09h50.02.814,Study_5_PsychoPy_Experiment,2024.1.5,NA,2025-10-08 09h50.14.055704 +0100
Belief,Neg,FALSE,N,TB-K,TT_B,PsychoPyStudy5Stim/TT_B_5.png,Adam does NOT THINK there are TWO cubes,Two,b,h,Y,PropFalse,N,0,10,10,100,54.896307400020305,NA,NA,NA,NA,NA,NA,NA,NA,NA,54.88476190000074,3.7869997322559e-4,54.97223420004593,55.34629650000715,55.446508900029585,57.44648410001537,57.84647740004584,57.948772600037046,57.948772600037046,63.066026300017256,h,1,5.1030039000324905,NA,63.06660760001978,63.07959490001667,63.07959490001667,63.07959490001667,63.07959490001667,63.06724060000852,NA,NA,NA,NA,NA,NA,NA,NA,NA,NA,020,001,2025-10-08_09h50.02.814,Study_5_PsychoPy_Experiment,2024.1.5,NA,2025-10-08 09h50.14.055704 +0100
Reality,Reg,TRUE,N,FB-Ig,B_TT,PsychoPyStudy5Stim/B_TT_1.png,"In REALITY, there are TWO cubes",Two,h,b,N,-,N,0,11,11,331,63.07959490001667,NA,NA,NA,NA,NA,NA,NA,NA,NA,63.06770830001915,3.6980002187192e-4,63.16406110004755,63.546295700012706,63.64634640002623,65.64649470004952,66.04639720002888,66.14869240002008,66.14869240002008,66.73259720002534,b,1,0.5668535000295378,NA,66.73310400004266,66.74627910001436,66.74627910001436,66.74627910001436,66.74627910001436,66.73369540000567,NA,NA,NA,NA,NA,NA,NA,NA,NA,NA,020,001,2025-10-08_09h50.02.814,Study_5_PsychoPy_Experiment,2024.1.5,NA,2025-10-08 09h50.14.055704 +0100
Belief,Neg,FALSE,N,NB-TB-K,TT_NB,PsychoPyStudy5Stim/TT_NB_8.png,Adam does NOT THINK there are TWO cubes,Two,b,h,Y,PropFalse,N,0,12,12,79,66.74627910001436,NA,NA,NA,NA,NA,NA,NA,NA,NA,66.73407380003482,2.9289996018633e-4,66.825779900013,67.19620120001491,67.29655040003126,69.2963899000315,69.69643250002991,69.79876050003804,69.79876050003804,74.56594360002782,b,0,4.7654639999964274,NA,74.56647840002552,74.57956400001422,74.57956400001422,74.57956400001422,74.57956400001422,74.56703720003134,NA,NA,NA,NA,NA,NA,NA,NA,NA,NA,020,001,2025-10-08_09h50.02.814,Study_5_PsychoPy_Experiment,2024.1.5,NA,2025-10-08 09h50.14.055704 +0100
Belief,Neg,FALSE,N,TB-K,TD_B,PsychoPyStudy5Stim/TD_B_1.png,Adam does NOT THINK there is ONE cube,One,b,h,Y,PropFalse,N,0,13,13,120,74.57956400001422,NA,NA,NA,NA,NA,NA,NA,NA,NA,74.56741280003916,2.9200001154094e-4,74.65669960004743,75.02960670000175,75.12977550004143,77.12974270002451,77.52978050004458,77.63202620000811,77.63202620000811,80.6493454000447,b,0,3.0036312000011094,NA,80.65000710001914,80.66288270003861,80.66288270003861,80.66288270003861,80.66288270003861,80.6507244000095,NA,NA,NA,NA,NA,NA,NA,NA,NA,NA,020,001,2025-10-08_09h50.02.814,Study_5_PsychoPy_Experiment,2024.1.5,NA,2025-10-08 09h50.14.055704 +0100
Belief,Reg,FALSE,N,FB-Ig,D_B_T,PsychoPyStudy5Stim/D_B_T_7.png,Adam THINKS there are TWO cubes,Two,b,h,N,PropFalse,N,0,14,14,305,80.66288270003861,NA,NA,NA,NA,NA,NA,NA,NA,NA,80.65121790004196,3.8450001738965e-4,80.7630799000035,81.14630700001726,81.24627740000142,83.24640950001776,83.64638170000399,83.74917110003298,83.74917110003298,86.81596170004923,h,1,3.0621326999971643,NA,86.81655880005565,86.82949990005,86.82949990005,86.82949990005,86.82949990005,86.81717240001308,NA,NA,NA,NA,NA,NA,NA,NA,NA,NA,020,001,2025-10-08_09h50.02.814,Study_5_PsychoPy_Experiment,2024.1.5,NA,2025-10-08 09h50.14.055704 +0100
Reality,Reg,TRUE,N,NB-TB-K,DT_NB,PsychoPyStudy5Stim/TD_NB_1.png,"In REALITY, there is ONE cube",One,h,b,N,-,N,0,15,15,167,86.82949990005,NA,NA,NA,NA,NA,NA,NA,NA,NA,86.81763170001796,3.4120003692805e-4,86.9040537000401,87.27953380002873,87.3796268000151,89.37948860001052,89.77947830001358,89.88191930000903,89.88191930000903,90.68248790001962,b,1,0.7940686999936588,NA,90.68308440002149,90.69616250001128,90.69616250001128,90.69616250001128,90.69616250001128,90.68369680002796,NA,NA,NA,NA,NA,NA,NA,NA,NA,NA,020,001,2025-10-08_09h50.02.814,Study_5_PsychoPy_Experiment,2024.1.5,NA,2025-10-08 09h50.14.055704 +0100
Knowledge,Neg,TRUE,Y,FB-Ig,T_B_T,PsychoPyStudy5Stim/T_B_T_2.png,Adam does NOT KNOW there are TWO cubes,Two,h,b,Y,-,N,0,16,16,1,90.69616250001128,NA,NA,NA,NA,NA,NA,NA,NA,NA,90.68423050001728,4.3830001959577e-4,90.78266250004526,91.1628915000474,91.26292610005476,93.26296020002336,93.66294850001576,93.76541859999998,93.76541859999998,97.59932580002352,b,1,3.830521199968643,NA,97.59996780002255,97.61276370001724,97.61276370001724,97.61276370001724,97.61276370001724,97.60064509999938,NA,NA,NA,NA,NA,NA,NA,NA,NA,NA,020,001,2025-10-08_09h50.02.814,Study_5_PsychoPy_Experiment,2024.1.5,NA,2025-10-08 09h50.14.055704 +0100
Knowledge,Reg,TRUE,N,TB-K-B,DD_B,PsychoPyStudy5Stim/DD_B_3.png,Adam KNOWS there are ZERO cubes,Zero,h,b,N,-,N,0,17,17,217,97.61276370001724,NA,NA,NA,NA,NA,NA,NA,NA,NA,97.60108580003724,3.4289999166503e-4,97.69501400005538,98.07959960005246,98.17980570002692,100.17971200001192,100.57964960002572,100.68190180003876,100.68190180003876,101.59926690004067,b,1,0.9138097999966704,NA,101.59988990001148,101.61281180003424,101.61281180003424,101.61281180003424,101.61281180003424,101.60056140000232,NA,NA,NA,NA,NA,NA,NA,NA,NA,NA,020,001,2025-10-08_09h50.02.814,Study_5_PsychoPy_Experiment,2024.1.5,NA,2025-10-08 09h50.14.055704 +0100
Knowledge,Neg,FALSE,N,TB-K,TD_B,PsychoPyStudy5Stim/TD_B_4.png,Adam does NOT KNOW there is ONE cube,One,b,h,Y,PropFalse,N,0,18,18,115,101.61281180003424,NA,NA,NA,NA,NA,NA,NA,NA,NA,101.6010228000232,3.5960000241175e-4,101.69400210003369,102.07952710002428,102.17970780003816,104.17964100005338,104.57958380004855,104.6819568000501,104.6819568000501,107.44884240004468,h,1,2.7619264000095427,NA,107.4491815000074,107.4627962000086,107.4627962000086,107.4627962000086,107.4627962000086,107.4495463000494,NA,NA,NA,NA,NA,NA,NA,NA,NA,NA,020,001,2025-10-08_09h50.02.814,Study_5_PsychoPy_Experiment,2024.1.5,NA,2025-10-08 09h50.14.055704 +0100
Belief,Neg,TRUE,Y,FB-Ig,D_B_T,PsychoPyStudy5Stim/D_B_T_5.png,Adam does NOT THINK there is ONE cube,One,h,b,Y,-,N,0,19,19,28,107.4627962000086,NA,NA,NA,NA,NA,NA,NA,NA,NA,107.44978800002718,1.8999999156221e-4,107.55024220002817,107.92960770003263,108.02946750004776,110.02959580003515,110.42951530002756,110.53195800003596,110.53195800003596,114.24838170001748,b,1,3.7034201999777,NA,114.2486818000325,114.26258160005092,114.26258160005092,114.26258160005092,114.26258160005092,114.24900200002594,NA,NA,NA,NA,NA,NA,NA,NA,NA,NA,020,001,2025-10-08_09h50.02.814,Study_5_PsychoPy_Experiment,2024.1.5,NA,2025-10-08 09h50.14.055704 +0100
Knowledge,Reg,TRUE,N,NB-TB-K,D_NB,PsychoPyStudy5Stim/D_NB_4.png,Adam KNOWS there are ZERO cubes,Zero,h,b,N,-,N,0,20,20,131,114.26258160005092,NA,NA,NA,NA,NA,NA,NA,NA,NA,114.24921300000278,1.664999872446e-4,114.3553267000243,114.72949920000974,114.82941870001378,116.82943410001462,117.22936700005084,117.33194780000484,117.33194780000484,118.7655805000104,b,1,1.4312404000083916,NA,118.76589910004986,118.77926940005273,118.77926940005273,118.77926940005273,118.77926940005273,118.7662532000104,NA,NA,NA,NA,NA,NA,NA,NA,NA,NA,020,001,2025-10-08_09h50.02.814,Study_5_PsychoPy_Experiment,2024.1.5,NA,2025-10-08 09h50.14.055704 +0100
Knowledge,Neg,TRUE,Y,FB-Ig,D_B_T,PsychoPyStudy5Stim/D_B_T_5.png,Adam does NOT KNOW there is ONE cube,One,h,b,Y,-,N,0,21,21,12,118.77926940005273,NA,NA,NA,NA,NA,NA,NA,NA,NA,118.766495900054,1.8599996110424e-4,118.8559632000397,119.22926470002858,119.32950680004431,121.32939860003536,121.72942590003368,121.83234410005387,121.83234410005387,123.51554580003722,b,1,1.675042500020936,NA,123.51585230004277,123.52924160001568,123.52924160001568,123.52924160001568,123.52924160001568,123.51624840003204,NA,NA,NA,NA,NA,NA,NA,NA,NA,NA,020,001,2025-10-08_09h50.02.814,Study_5_PsychoPy_Experiment,2024.1.5,NA,2025-10-08 09h50.14.055704 +0100
Knowledge,Neg,FALSE,N,NB-TB-K,TT_NB,PsychoPyStudy5Stim/TT_NB_4.png,Adam does NOT KNOW there are TWO cubes,Two,b,h,Y,PropFalse,N,0,22,22,67,123.52924160001568,NA,NA,NA,NA,NA,NA,NA,NA,NA,123.51648200000636,1.720999716781e-4,123.60935840004822,123.97924390004482,124.07943480001995,126.07952340005431,126.47942040005,126.58194080000976,126.58194080000976,127.69888130004983,h,1,1.1010355000034906,NA,127.69919690000825,127.71265660005156,127.71265660005156,127.71265660005156,127.71265660005156,127.6995318000554,NA,NA,NA,NA,NA,NA,NA,NA,NA,NA,020,001,2025-10-08_09h50.02.814,Study_5_PsychoPy_Experiment,2024.1.5,NA,2025-10-08 09h50.14.055704 +0100
Belief,Neg,TRUE,N,NB-TB-K,T_NB,PsychoPyStudy5Stim/T_NB_2.png,Adam does NOT THINK there are TWO cubes,Two,h,b,Y,-,N,0,23,23,37,127.71265660005156,NA,NA,NA,NA,NA,NA,NA,NA,NA,127.69974560005356,1.6910000704228e-4,127.7973741000169,128.17922870005714,128.27963130001444,130.2793908000458,130.67938980000326,130.7819271000335,130.7819271000335,135.16560750000644,b,1,4.381062499945983,NA,135.16590430005454,135.17921600001864,135.17921600001864,135.17921600001864,135.17921600001864,135.1662555000512,NA,NA,NA,NA,NA,NA,NA,NA,NA,NA,020,001,2025-10-08_09h50.02.814,Study_5_PsychoPy_Experiment,2024.1.5,NA,2025-10-08 09h50.14.055704 +0100
Knowledge,Reg,FALSE,N,FB-Ig,B_T,PsychoPyStudy5Stim/B_T_3.png,Adam KNOWS there are ZERO cubes,Zero,b,h,N,PropTrueNoKnow,Y,0,24,24,309,135.17921600001864,NA,NA,NA,NA,NA,NA,NA,NA,NA,135.1664689000463,1.6930000856518e-4,135.2798301000148,135.66254160000244,135.76266680000117,137.76271010003984,138.16264460003003,138.26551540003857,138.26551540003857,139.59891400003107,h,1,1.3209658999694511,NA,139.5992267000256,139.61259740003152,139.61259740003152,139.61259740003152,139.61259740003152,139.59957230003783,NA,NA,NA,NA,NA,NA,NA,NA,NA,NA,020,001,2025-10-08_09h50.02.814,Study_5_PsychoPy_Experiment,2024.1.5,NA,2025-10-08 09h50.14.055704 +0100
Knowledge,Neg,TRUE,N,NB-TB-K,T_NB,PsychoPyStudy5Stim/T_NB_2.png,Adam does NOT KNOW there are TWO cubes,Two,h,b,Y,-,N,0,25,25,33,139.61259740003152,NA,NA,NA,NA,NA,NA,NA,NA,NA,139.5997848000261,1.7019995721057e-4,139.68722440005513,140.0625559000182,140.1626884000143,142.16273820004426,142.56265660002828,142.66518190002537,142.66518190002537,146.89881030004472,h,0,4.217652699968312,NA,146.89911580004264,146.91250070004023,146.91250070004023,146.91250070004023,146.91250070004023,146.8994375000475,NA,NA,NA,NA,NA,NA,NA,NA,NA,NA,020,001,2025-10-08_09h50.02.814,Study_5_PsychoPy_Experiment,2024.1.5,NA,2025-10-08 09h50.14.055704 +0100
Knowledge,Neg,FALSE,N,TB-K,TD_B,PsychoPyStudy5Stim/TD_B_3.png,Adam does NOT KNOW there is ONE cube,One,b,h,Y,PropFalse,N,0,26,26,114,146.91250070004023,NA,NA,NA,NA,NA,NA,NA,NA,NA,146.89965320000192,1.6970001161098e-4,147.00732450000942,147.37919610005338,147.4792900000466,149.479299300001,149.87927740003215,149.98180420004064,149.98180420004064,153.33202950004488,h,1,3.3331860000034794,NA,153.3323474000208,153.3458369,153.3458369,153.3458369,153.3458369,153.33269390003989,NA,NA,NA,NA,NA,NA,NA,NA,NA,NA,020,001,2025-10-08_09h50.02.814,Study_5_PsychoPy_Experiment,2024.1.5,NA,2025-10-08 09h50.14.055704 +0100
Knowledge,Neg,TRUE,N,TB-K,TD_B,PsychoPyStudy5Stim/TD_B_1.png,Adam does NOT KNOW there are TWO cubes,Two,h,b,Y,-,N,0,27,27,104,153.3458369,NA,NA,NA,NA,NA,NA,NA,NA,NA,153.33293900004355,1.9890000112354e-4,153.42719670000952,153.81248180003604,153.91262360004475,155.9126310000429,156.31259000004502,156.4150744000217,156.4150744000217,162.81617630005348,b,1,6.397146500006784,NA,162.81689000001643,162.82932890002849,162.82932890002849,162.82932890002849,162.82932890002849,162.8176430000458,NA,NA,NA,NA,NA,NA,NA,NA,NA,NA,020,001,2025-10-08_09h50.02.814,Study_5_PsychoPy_Experiment,2024.1.5,NA,2025-10-08 09h50.14.055704 +0100
Belief,Reg,TRUE,N,TB-Ig,D_B,PsychoPyStudy5Stim/D_B_D_1.png,Adam THINKS there are ZERO cubes,Zero,h,b,N,-,Y,0,28,28,209,162.82932890002849,NA,NA,NA,NA,NA,NA,NA,NA,NA,162.8181723000016,4.1589996544644e-4,162.92088040005183,163.29599800001597,163.39612180000404,165.39609250001376,165.79604900005506,165.89830160001293,165.89830160001293,167.83279910002602,b,1,1.9293751000077464,NA,167.83347760001195,167.84591860004002,167.84591860004002,167.84591860004002,167.84591860004002,167.83423190005124,NA,NA,NA,NA,NA,NA,NA,NA,NA,NA,020,001,2025-10-08_09h50.02.814,Study_5_PsychoPy_Experiment,2024.1.5,NA,2025-10-08 09h50.14.055704 +0100
Belief,Reg,TRUE,N,FB-Ig,B_T,PsychoPyStudy5Stim/B_T_5.png,Adam THINKS there are ZERO cubes,Zero,h,b,N,-,Y,0,29,29,316,167.84591860004002,NA,NA,NA,NA,NA,NA,NA,NA,NA,167.83479610003997,4.4739997247233e-4,167.9235795000568,168.29593360004947,168.39610880002147,170.39609200000996,170.79593700001715,170.89845360000618,170.89845360000618,172.6997872000211,b,1,1.800003599957563,NA,172.70010500005446,172.71240920003038,172.71240920003038,172.71240920003038,172.71240920003038,172.70046750002075,NA,NA,NA,NA,NA,NA,NA,NA,NA,NA,020,001,2025-10-08_09h50.02.814,Study_5_PsychoPy_Experiment,2024.1.5,NA,2025-10-08 09h50.14.055704 +0100
Knowledge,Reg,FALSE,N,NB-TB-K,TT_NB,PsychoPyStudy5Stim/TT_NB_4.png,Adam KNOWS there is ONE cube,One,b,h,N,PropFalse,N,0,30,30,175,172.71240920003038,NA,NA,NA,NA,NA,NA,NA,NA,NA,172.70069690002128,1.7779995687305e-4,172.79211530002067,173.16264810005669,173.26261880004313,175.26250150002306,175.6625151000335,175.7649598000571,175.7649598000571,179.398741800047,h,1,3.622383300040383,NA,179.3992321000551,179.41250260005472,179.41250260005472,179.41250260005472,179.41250260005472,179.3997878000373,NA,NA,NA,NA,NA,NA,NA,NA,NA,NA,020,001,2025-10-08_09h50.02.814,Study_5_PsychoPy_Experiment,2024.1.5,NA,2025-10-08 09h50.14.055704 +0100
Reality,Reg,TRUE,N,NB-TB-K,D_NB,PsychoPyStudy5Stim/D_NB_4.png,"In REALITY, there are ZERO cubes",Zero,h,b,N,-,N,0,31,31,137,179.41250260005472,NA,NA,NA,NA,NA,NA,NA,NA,NA,179.40016300004208,2.9309996170923e-4,179.48377880000044,179.86258120002458,179.962826700008,181.96272370003865,182.3626290000393,182.46486350003397,182.46486350003397,182.9486278000404,b,1,0.47353680001106113,NA,182.94892790005545,182.96248490002472,182.96248490002472,182.96248490002472,182.96248490002472,182.94930940004997,NA,NA,NA,NA,NA,NA,NA,NA,NA,NA,020,001,2025-10-08_09h50.02.814,Study_5_PsychoPy_Experiment,2024.1.5,NA,2025-10-08 09h50.14.055704 +0100
Belief,Reg,FALSE,N,FB-Ig,T_B_T,PsychoPyStudy5Stim/T_B_T_5.png,Adam THINKS there are ZERO cubes,Zero,b,h,N,PropFalse,N,0,32,32,287,182.96248490002472,NA,NA,NA,NA,NA,NA,NA,NA,NA,182.94960020005237,2.111000358127e-4,183.0502650000271,183.4292578000459,183.52923670003656,185.52941890002697,185.92927600000985,186.03160800004844,186.03160800004844,188.54881410003873,h,1,2.5006809999467805,NA,188.54933530004928,188.56248560000677,188.56248560000677,188.56248560000677,188.56248560000677,188.5498698000447,NA,NA,NA,NA,NA,NA,NA,NA,NA,NA,020,001,2025-10-08_09h50.02.814,Study_5_PsychoPy_Experiment,2024.1.5,NA,2025-10-08 09h50.14.055704 +0100
Belief,Reg,FALSE,N,NB-TB-K,TT_NB,PsychoPyStudy5Stim/TT_NB_2.png,Adam THINKS there are ZERO cubes,Zero,b,h,N,PropFalse,N,0,33,33,182,188.56248560000677,NA,NA,NA,NA,NA,NA,NA,NA,NA,188.5502703000093,3.1109998235478e-4,188.6378483000444,189.0124598000548,189.11257090000436,191.11260660004336,191.51242780004395,191.6148643000051,191.6148643000051,192.79929960001027,h,1,1.1803837000043131,NA,192.79979040002215,192.8124739000341,192.8124739000341,192.8124739000341,192.8124739000341,192.80033330002337,NA,NA,NA,NA,NA,NA,NA,NA,NA,NA,020,001,2025-10-08_09h50.02.814,Study_5_PsychoPy_Experiment,2024.1.5,NA,2025-10-08 09h50.14.055704 +0100
Knowledge,Neg,FALSE,N,NB-TB-K,T_NB,PsychoPyStudy5Stim/T_NB_5.png,Adam does NOT KNOW there is ONE cube,One,b,h,Y,PropFalse,N,0,34,34,44,192.8124739000341,NA,NA,NA,NA,NA,NA,NA,NA,NA,192.8007099000388,2.9339996399357e-4,192.90783500002,193.27934649999952,193.37948620005045,195.3793601000216,195.779215400049,195.8816164000309,195.8816164000309,196.96585600002436,h,1,1.073666799988132,NA,196.96653410000727,196.97916930000065,196.97916930000065,196.97916930000065,196.97916930000065,196.96725490002427,NA,NA,NA,NA,NA,NA,NA,NA,NA,NA,020,001,2025-10-08_09h50.02.814,Study_5_PsychoPy_Experiment,2024.1.5,NA,2025-10-08 09h50.14.055704 +0100
Knowledge,Reg,FALSE,N,FB-Ig,D_B_T,PsychoPyStudy5Stim/D_B_T_4.png,Adam KNOWS there are TWO cubes,Two,b,h,N,PropFalse,N,0,35,35,294,196.97916930000065,NA,NA,NA,NA,NA,NA,NA,NA,NA,196.9677760000341,4.0469999657943e-4,197.06973510002717,197.44589650002308,197.54587750002975,199.5460406000493,199.94591440004297,200.0481245000265,200.0481245000265,201.1488954000524,h,1,1.0905617999960668,NA,201.1494737000321,201.16245750000235,201.16245750000235,201.16245750000235,201.16245750000235,201.1501218000194,NA,NA,NA,NA,NA,NA,NA,NA,NA,NA,020,001,2025-10-08_09h50.02.814,Study_5_PsychoPy_Experiment,2024.1.5,NA,2025-10-08 09h50.14.055704 +0100
Belief,Reg,FALSE,N,NB-TB-K,TT_NB,PsychoPyStudy5Stim/TT_NB_6.png,Adam THINKS there is ONE cube,One,b,h,N,PropFalse,N,0,36,36,190,201.16245750000235,NA,NA,NA,NA,NA,NA,NA,NA,NA,201.15056430001275,3.6710000131279e-4,201.24289760005195,201.61248690000505,201.71265270002183,203.71248330001256,204.11259350000185,204.2147845000145,204.2147845000145,205.23216070001945,h,1,1.0048372000455856,NA,205.2327595000388,205.2457349000033,205.2457349000033,205.2457349000033,205.2457349000033,205.23336580005707,NA,NA,NA,NA,NA,NA,NA,NA,NA,NA,020,001,2025-10-08_09h50.02.814,Study_5_PsychoPy_Experiment,2024.1.5,NA,2025-10-08 09h50.14.055704 +0100
Reality,Reg,FALSE,N,FB-Ig,B_TT,PsychoPyStudy5Stim/B_TT_5.png,"In REALITY, there is ONE cube",One,b,h,N,-,N,0,37,37,335,205.2457349000033,NA,NA,NA,NA,NA,NA,NA,NA,NA,205.23382980003953,3.6829995224252e-4,205.3375812000013,205.71232500002952,205.81245100003432,207.81265640002675,208.21256810001796,208.31512780004417,208.31512780004417,210.29887350002537,h,1,1.9764389999909329,NA,210.29943890002323,210.31240030005577,210.31240030005577,210.31240030005577,210.31240030005577,210.30005310004344,NA,NA,NA,NA,NA,NA,NA,NA,NA,NA,020,001,2025-10-08_09h50.02.814,Study_5_PsychoPy_Experiment,2024.1.5,NA,2025-10-08 09h50.14.055704 +0100
Belief,Reg,TRUE,N,TB-K-B,DD_B,PsychoPyStudy5Stim/DD_B_6.png,Adam THINKS there are ZERO cubes,Zero,h,b,N,-,N,0,38,38,231,210.31240030005577,NA,NA,NA,NA,NA,NA,NA,NA,NA,210.30048330000136,3.3599999733269e-4,210.4045939000207,210.7790987000335,210.87931180000305,212.87930490000872,213.27925710001728,213.38164110004436,213.38164110004436,215.11544330004836,b,1,1.7173625999712383,NA,215.1160406000563,215.1290695000207,215.1290695000207,215.1290695000207,215.1290695000207,215.11666560004232,NA,NA,NA,NA,NA,NA,NA,NA,NA,NA,020,001,2025-10-08_09h50.02.814,Study_5_PsychoPy_Experiment,2024.1.5,NA,2025-10-08 09h50.14.055704 +0100
Reality,Reg,TRUE,N,NB-TB-K,DD_NB,PsychoPyStudy5Stim/DD_NB_4.png,"In REALITY, there are ZERO cubes",Zero,h,b,N,-,N,0,39,39,160,215.1290695000207,NA,NA,NA,NA,NA,NA,NA,NA,NA,215.11713560001223,3.7219998193904e-4,215.2054603000288,215.57916580000892,215.6791755000013,217.67925169999944,218.079183200025,218.18148420000216,218.18148420000216,219.14906710002103,b,1,0.9662501999991946,NA,219.1496740000439,219.1623318000347,219.1623318000347,219.1623318000347,219.1623318000347,219.15032170002817,NA,NA,NA,NA,NA,NA,NA,NA,NA,NA,020,001,2025-10-08_09h50.02.814,Study_5_PsychoPy_Experiment,2024.1.5,NA,2025-10-08 09h50.14.055704 +0100
Belief,Reg,TRUE,N,TB-K-B,DD_B,PsychoPyStudy5Stim/DD_B_1.png,Adam THINKS there are ZERO cubes,Zero,h,b,N,-,N,0,40,40,226,219.1623318000347,NA,NA,NA,NA,NA,NA,NA,NA,NA,219.15076050005155,3.3929996425285e-4,219.2562128000427,219.62907530000663,219.72907900001155,221.72907900001155,222.12918910000008,222.23150760005228,222.23150760005228,223.41573470004369,b,1,1.1715725000249222,NA,223.41651620005723,223.4290891000419,223.4290891000419,223.4290891000419,223.4290891000419,223.4172424999997,NA,NA,NA,NA,NA,NA,NA,NA,NA,NA,020,001,2025-10-08_09h50.02.814,Study_5_PsychoPy_Experiment,2024.1.5,NA,2025-10-08 09h50.14.055704 +0100
Knowledge,Reg,FALSE,N,FB-Ig,D_B_T,PsychoPyStudy5Stim/D_B_T_8.png,Adam KNOWS there are TWO cubes,Two,b,h,N,PropFalse,N,0,41,41,298,223.4290891000419,NA,NA,NA,NA,NA,NA,NA,NA,NA,223.41777180001372,4.0920003084465e-4,223.50962450000225,223.8790985000087,223.9792232000036,225.9790011000005,226.3789596999995,226.48127940000268,226.48127940000268,227.84814740001457,h,1,1.3537239999859594,NA,227.84846720000496,227.86231760005467,227.86231760005467,227.86231760005467,227.86231760005467,227.84881010005483,NA,NA,NA,NA,NA,NA,NA,NA,NA,NA,020,001,2025-10-08_09h50.02.814,Study_5_PsychoPy_Experiment,2024.1.5,NA,2025-10-08 09h50.14.055704 +0100
Knowledge,Reg,FALSE,N,FB-Ig,T_B_T,PsychoPyStudy5Stim/T_B_T_4.png,Adam KNOWS there are ZERO cubes,Zero,b,h,N,PropFalse,N,0,42,42,278,227.86231760005467,NA,NA,NA,NA,NA,NA,NA,NA,NA,227.8490358000272,1.7770001431927e-4,227.95217530004447,228.32909950002795,228.42915630002972,230.42911530000856,230.82915510004383,230.93144870002288,230.93144870002288,232.8317539000418,h,1,1.8950191999902015,NA,232.83219130005455,232.8456418000278,232.8456418000278,232.8456418000278,232.8456418000278,232.83272400003625,NA,NA,NA,NA,NA,NA,NA,NA,NA,NA,020,001,2025-10-08_09h50.02.814,Study_5_PsychoPy_Experiment,2024.1.5,NA,2025-10-08 09h50.14.055704 +0100
Belief,Neg,TRUE,Y,FB-Ig,T_B_T,PsychoPyStudy5Stim/T_B_T_2.png,Adam does NOT THINK there are TWO cubes,Two,h,b,Y,-,N,0,43,43,17,232.8456418000278,NA,NA,NA,NA,NA,NA,NA,NA,NA,232.8330510000233,2.5659997481852e-4,232.92430540005444,233.29552510002395,233.39565340004629,235.3958244000096,235.79585110000335,235.8981097000069,235.8981097000069,240.2986433000187,b,1,4.384860699996352,NA,240.2992571000359,240.31231649999972,240.31231649999972,240.31231649999972,240.31231649999972,240.2998845000402,NA,NA,NA,NA,NA,NA,NA,NA,NA,NA,020,001,2025-10-08_09h50.02.814,Study_5_PsychoPy_Experiment,2024.1.5,NA,2025-10-08 09h50.14.055704 +0100
Knowledge,Reg,FALSE,N,FB-Ig,B_TT,PsychoPyStudy5Stim/B_TT_5.png,Adam KNOWS there are ZERO cubes,Zero,b,h,N,PropTrueNoKnow,Y,0,44,44,325,240.31231649999972,NA,NA,NA,NA,NA,NA,NA,NA,NA,240.3003311000066,3.4490000689402e-4,240.3935378000024,240.779002700001,240.8791402000352,242.87893790000817,243.2790986000327,243.38129400002072,243.38129400002072,245.38193610002057,h,1,1.9894607000169344,NA,245.38243860000512,245.39559500000905,245.39559500000905,245.39559500000905,245.39559500000905,245.38301160000265,NA,NA,NA,NA,NA,NA,NA,NA,NA,NA,020,001,2025-10-08_09h50.02.814,Study_5_PsychoPy_Experiment,2024.1.5,NA,2025-10-08 09h50.14.055704 +0100
Reality,Reg,FALSE,N,NB-TB-K,DD_NB,PsychoPyStudy5Stim/DD_NB_6.png,"In REALITY, there are TWO cubes",Two,b,h,N,PropFalse,N,0,45,45,162,245.39559500000905,NA,NA,NA,NA,NA,NA,NA,NA,NA,245.3833893000265,2.9340002220124e-4,245.48397160001332,245.8622966000112,245.9623597000027,247.96230110002216,248.36244780005657,248.46471160004148,248.46471160004148,250.51518560003024,h,1,2.041991100006271,NA,250.5157135000336,250.5288956000004,250.5288956000004,250.5288956000004,250.5288956000004,250.5162783000269,NA,NA,NA,NA,NA,NA,NA,NA,NA,NA,020,001,2025-10-08_09h50.02.814,Study_5_PsychoPy_Experiment,2024.1.5,NA,2025-10-08 09h50.14.055704 +0100
Belief,Neg,TRUE,N,TB-K,TT_B,PsychoPyStudy5Stim/TT_B_3.png,Adam does NOT THINK there is ONE cube,One,h,b,Y,-,N,0,46,46,86,250.5288956000004,NA,NA,NA,NA,NA,NA,NA,NA,NA,250.51667400001315,3.0799995874986e-4,250.60349680000215,250.9789777000551,251.07931510003985,253.0790781000396,253.47909720003372,253.58143920003204,253.58143920003204,256.56520280003315,b,1,2.973836900026072,NA,256.5657074000337,256.57891760003986,256.57891760003986,256.57891760003986,256.57891760003986,256.56625870004063,NA,NA,NA,NA,NA,NA,NA,NA,NA,NA,020,001,2025-10-08_09h50.02.814,Study_5_PsychoPy_Experiment,2024.1.5,NA,2025-10-08 09h50.14.055704 +0100
Knowledge,Reg,TRUE,N,TB-K-B,DD_B,PsychoPyStudy5Stim/DD_B_4.png,Adam KNOWS there are ZERO cubes,Zero,h,b,N,-,N,0,47,47,218,256.57891760003986,NA,NA,NA,NA,NA,NA,NA,NA,NA,256.5666381000192,2.9480003286153e-4,256.66015350003727,257.0454714000225,257.1455876000109,259.1457193000242,259.5458010000293,259.6479698000476,259.6479698000476,261.1815936000203,b,1,1.522727700008545,NA,261.18189430003986,261.19539390003774,261.19539390003774,261.19539390003774,261.19539390003774,261.1822116000112,NA,NA,NA,NA,NA,NA,NA,NA,NA,NA,020,001,2025-10-08_09h50.02.814,Study_5_PsychoPy_Experiment,2024.1.5,NA,2025-10-08 09h50.14.055704 +0100
Belief,Neg,TRUE,Y,FB-Ig,D_B_T,PsychoPyStudy5Stim/D_B_T_6.png,Adam does NOT THINK there is ONE cube,One,h,b,Y,-,N,0,48,48,29,261.19539390003774,NA,NA,NA,NA,NA,NA,NA,NA,NA,261.1824236000539,1.6769999638199e-4,261.27805980003905,261.6623366000131,261.7623306000023,263.7624582000426,264.16238640004303,264.26484350004466,264.26484350004466,266.56602250004653,b,1,2.2988694999949075,NA,266.5668815000099,266.5789961000555,266.5789961000555,266.5789961000555,266.5789961000555,266.56778960005613,NA,NA,NA,NA,NA,NA,NA,NA,NA,NA,020,001,2025-10-08_09h50.02.814,Study_5_PsychoPy_Experiment,2024.1.5,NA,2025-10-08 09h50.14.055704 +0100
Knowledge,Neg,FALSE,N,NB-TB-K,T_NB,PsychoPyStudy5Stim/T_NB_3.png,Adam does NOT KNOW there is ONE cube,One,b,h,Y,PropFalse,N,0,49,49,42,266.5789961000555,NA,NA,NA,NA,NA,NA,NA,NA,NA,266.5684373000404,5.0009996630251e-4,266.6663502000156,267.04558560001897,267.1458562000189,269.14581030001864,269.5456729000434,269.6479674000293,269.6479674000293,272.4651635000482,h,1,2.810470400028862,NA,272.4654588000267,272.47881900001084,272.47881900001084,272.47881900001084,272.47881900001084,272.46577890001936,NA,NA,NA,NA,NA,NA,NA,NA,NA,NA,020,001,2025-10-08_09h50.02.814,Study_5_PsychoPy_Experiment,2024.1.5,NA,2025-10-08 09h50.14.055704 +0100
Reality,Reg,TRUE,N,FB-Ig,B_T,PsychoPyStudy5Stim/B_T_1.png,"In REALITY, there is ONE cube",One,h,b,N,-,N,0,50,50,317,272.47881900001084,NA,NA,NA,NA,NA,NA,NA,NA,NA,272.46599000005517,1.670999918133e-4,272.56412080000155,272.94562410004437,273.0457094000303,275.0456543000182,275.4456577000092,275.5479989000014,275.5479989000014,276.3153605000116,b,1,0.759207500028424,NA,276.31594590004534,276.3288225000142,276.3288225000142,276.3288225000142,276.3288225000142,276.31656710000243,NA,NA,NA,NA,NA,NA,NA,NA,NA,NA,020,001,2025-10-08_09h50.02.814,Study_5_PsychoPy_Experiment,2024.1.5,NA,2025-10-08 09h50.14.055704 +0100
Knowledge,Neg,FALSE,N,TB-K,TD_B,PsychoPyStudy5Stim/TD_B_6.png,Adam does NOT KNOW there is ONE cube,One,b,h,Y,PropFalse,N,0,51,51,117,276.3288225000142,NA,NA,NA,NA,NA,NA,NA,NA,NA,276.31700840004487,3.4279999090358e-4,276.4052585000172,276.77886489999946,276.8790527000092,278.87911110004643,279.27890400000615,279.3810550000053,279.3810550000053,284.8981288000359,h,1,5.509079499985091,NA,284.89843190001557,284.9121322000283,284.9121322000283,284.9121322000283,284.9121322000283,284.8987536000204,NA,NA,NA,NA,NA,NA,NA,NA,NA,NA,020,001,2025-10-08_09h50.02.814,Study_5_PsychoPy_Experiment,2024.1.5,NA,2025-10-08 09h50.14.055704 +0100
Knowledge,Neg,FALSE,N,NB-TB-K,TT_NB,PsychoPyStudy5Stim/TT_NB_2.png,Adam does NOT KNOW there are TWO cubes,Two,b,h,Y,PropFalse,N,0,52,52,65,284.9121322000283,NA,NA,NA,NA,NA,NA,NA,NA,NA,284.8989646000555,1.664999872446e-4,284.9899272000184,285.362191000022,285.4623995000147,287.46241760003613,287.86234950000653,287.96458540001186,287.96458540001186,289.03198960004374,h,1,1.062041600001976,NA,289.0326410000562,289.045473300037,289.045473300037,289.045473300037,289.045473300037,289.03325340000447,NA,NA,NA,NA,NA,NA,NA,NA,NA,NA,020,001,2025-10-08_09h50.02.814,Study_5_PsychoPy_Experiment,2024.1.5,NA,2025-10-08 09h50.14.055704 +0100
Belief,Reg,FALSE,N,NB-TB-K,TT_NB,PsychoPyStudy5Stim/TT_NB_5.png,Adam THINKS there are ZERO cubes,Zero,b,h,N,PropFalse,N,0,53,53,185,289.045473300037,NA,NA,NA,NA,NA,NA,NA,NA,NA,289.0337229000288,3.7180003710091e-4,289.1230000000214,289.4955203999998,289.59564710000996,291.59566190000623,291.9955911000143,292.0981279000407,292.0981279000407,293.1150272000232,h,1,1.0160730999778025,NA,293.1153505000402,293.12862770003267,293.12862770003267,293.12862770003267,293.12862770003267,293.11570070002927,NA,NA,NA,NA,NA,NA,NA,NA,NA,NA,020,001,2025-10-08_09h50.02.814,Study_5_PsychoPy_Experiment,2024.1.5,NA,2025-10-08 09h50.14.055704 +0100
Knowledge,Reg,TRUE,N,NB-TB-K,DD_NB,PsychoPyStudy5Stim/DD_NB_2.png,Adam KNOWS there are ZERO cubes,Zero,h,b,N,-,N,0,54,54,148,293.12862770003267,NA,NA,NA,NA,NA,NA,NA,NA,NA,293.11592840001686,1.8350000027567e-4,293.2118953000172,293.59532860002946,293.6954217000166,295.695572800003,296.0956007000059,296.1978486000444,296.1978486000444,297.19862480001757,b,1,0.9970316999824718,NA,297.1991186000523,297.21211120003136,297.21211120003136,297.21211120003136,297.21211120003136,297.19966540002497,NA,NA,NA,NA,NA,NA,NA,NA,NA,NA,020,001,2025-10-08_09h50.02.814,Study_5_PsychoPy_Experiment,2024.1.5,NA,2025-10-08 09h50.14.055704 +0100
Reality,Reg,TRUE,N,TB-K-B,TD_B,PsychoPyStudy5Stim/TD_B_4.png,"In REALITY, there is ONE cube",One,h,b,N,-,N,0,55,55,272,297.21211120003136,NA,NA,NA,NA,NA,NA,NA,NA,NA,297.200036400056,2.8889998793601e-4,297.29807250003796,297.67886410001665,297.77885820000665,299.7788079000311,300.17899010004476,300.2811959000537,300.2811959000537,302.29825360001996,b,1,2.0015227000112645,NA,302.2986959000118,302.31203830003506,302.31203830003506,302.31203830003506,302.31203830003506,302.29922830004944,NA,NA,NA,NA,NA,NA,NA,NA,NA,NA,020,001,2025-10-08_09h50.02.814,Study_5_PsychoPy_Experiment,2024.1.5,NA,2025-10-08 09h50.14.055704 +0100
Belief,Neg,FALSE,N,TB-K,TT_B,PsychoPyStudy5Stim/TT_B_7.png,Adam does NOT THINK there are TWO cubes,Two,b,h,Y,PropFalse,N,0,56,56,102,302.31203830003506,NA,NA,NA,NA,NA,NA,NA,NA,NA,302.2995565000456,2.5730003835633e-4,302.40358030004427,302.77875400002813,302.8789040000411,304.8789523000014,305.2790227000369,305.3811742000398,305.3811742000398,309.63171750004403,h,1,4.245585500029847,NA,309.6320568000083,309.64537430001656,309.64537430001656,309.64537430001656,309.64537430001656,309.63239220000105,NA,NA,NA,NA,NA,NA,NA,NA,NA,NA,020,001,2025-10-08_09h50.02.814,Study_5_PsychoPy_Experiment,2024.1.5,NA,2025-10-08 09h50.14.055704 +0100
Belief,Neg,TRUE,N,NB-TB-K,T_NB,PsychoPyStudy5Stim/T_NB_4.png,Adam does NOT THINK there are TWO cubes,Two,h,b,Y,-,N,0,57,57,39,309.64537430001656,NA,NA,NA,NA,NA,NA,NA,NA,NA,309.63260800001444,1.7050001770257e-4,309.73016150004696,310.1119525000104,310.2120989000541,312.2121194000356,312.6120728000533,312.71479010005714,312.71479010005714,315.74875130003784,h,0,3.0243487000116147,NA,315.7494109000545,315.7621296000434,315.7621296000434,315.7621296000434,315.7621296000434,315.7501483000233,NA,NA,NA,NA,NA,NA,NA,NA,NA,NA,020,001,2025-10-08_09h50.02.814,Study_5_PsychoPy_Experiment,2024.1.5,NA,2025-10-08 09h50.14.055704 +0100
Reality,Reg,FALSE,N,FB-Ig,B_T,PsychoPyStudy5Stim/B_T_4.png,"In REALITY, there are TWO cubes",Two,b,h,N,-,N,0,58,58,320,315.7621296000434,NA,NA,NA,NA,NA,NA,NA,NA,NA,315.75066510000033,4.0379998972639e-4,315.842069300008,316.2120717000216,316.3122333000065,318.31208460003836,318.7121577000362,318.81433810002636,318.81433810002636,321.04859950003447,h,1,2.2203592999721877,NA,321.04926290002186,321.0620786000509,321.0620786000509,321.0620786000509,321.0620786000509,321.0499984000344,NA,NA,NA,NA,NA,NA,NA,NA,NA,NA,020,001,2025-10-08_09h50.02.814,Study_5_PsychoPy_Experiment,2024.1.5,NA,2025-10-08 09h50.14.055704 +0100
Knowledge,Neg,FALSE,N,TB-K,TT_B,PsychoPyStudy5Stim/TT_B_1.png,Adam does NOT KNOW there are TWO cubes,Two,b,h,Y,PropFalse,N,0,59,59,88,321.0620786000509,NA,NA,NA,NA,NA,NA,NA,NA,NA,321.0505135000567,4.0240003727376e-4,321.1436190000386,321.5287668000092,321.6287973000435,323.628720000037,324.0287492000498,324.1312990000006,324.1312990000006,328.8647490000003,h,1,4.7189792999997735,NA,328.8650600000401,328.87851570005296,328.87851570005296,328.87851570005296,328.87851570005296,328.8654494000366,NA,NA,NA,NA,NA,NA,NA,NA,NA,NA,020,001,2025-10-08_09h50.02.814,Study_5_PsychoPy_Experiment,2024.1.5,NA,2025-10-08 09h50.14.055704 +0100
Belief,Neg,TRUE,Y,FB-Ig,T_B_T,PsychoPyStudy5Stim/T_B_T_6.png,Adam does NOT THINK there are TWO cubes,Two,h,b,Y,-,N,0,60,60,21,328.87851570005296,NA,NA,NA,NA,NA,NA,NA,NA,NA,328.86566560005303,1.7039995873346e-4,328.9748459000257,329.34515860001557,329.44529010000406,331.4453857000335,331.84531410003547,331.9483331000083,331.9483331000083,333.51580880000256,b,1,1.5504126999876462,NA,333.51634000003105,333.5286074000178,333.5286074000178,333.5286074000178,333.5286074000178,333.516924800002,NA,NA,NA,NA,NA,NA,NA,NA,NA,NA,020,001,2025-10-08_09h50.02.814,Study_5_PsychoPy_Experiment,2024.1.5,NA,2025-10-08 09h50.14.055704 +0100
Knowledge,Reg,FALSE,N,TB-Ig,D_B,PsychoPyStudy5Stim/D_B_D_1.png,Adam KNOWS there are ZERO cubes,Zero,b,h,N,PropTrueNoKnow,Y,0,61,61,206,333.5286074000178,NA,NA,NA,NA,NA,NA,NA,NA,NA,333.5173194000381,3.0880002304911e-4,333.6183523000218,333.99530010001035,334.09529580001254,336.09531030000653,336.49528610002017,336.59801549999975,336.59801549999975,337.5477797000203,b,0,0.9403034000424668,NA,337.5480928000179,337.5618110000505,337.5618110000505,337.5618110000505,337.5618110000505,337.54838140000356,NA,NA,NA,NA,NA,NA,NA,NA,NA,NA,020,001,2025-10-08_09h50.02.814,Study_5_PsychoPy_Experiment,2024.1.5,NA,2025-10-08 09h50.14.055704 +0100
Belief,Reg,FALSE,N,TB-K-B,DD_B,PsychoPyStudy5Stim/DD_B_4.png,Adam THINKS there is ONE cube,One,b,h,N,PropFalse,N,0,62,62,235,337.5618110000505,NA,NA,NA,NA,NA,NA,NA,NA,NA,337.5485978000215,1.7120002303272e-4,337.6458432000363,338.0286372000119,338.1287733000354,340.1288255000254,340.52886360004777,340.6314767000149,340.6314767000149,342.5480525000021,h,1,1.9075812000082808,NA,342.5483811000013,342.56193580001127,342.56193580001127,342.56193580001127,342.56193580001127,342.54873330000555,NA,NA,NA,NA,NA,NA,NA,NA,NA,NA,020,001,2025-10-08_09h50.02.814,Study_5_PsychoPy_Experiment,2024.1.5,NA,2025-10-08 09h50.14.055704 +0100
Belief,Neg,FALSE,N,NB-TB-K,T_NB,PsychoPyStudy5Stim/T_NB_8.png,Adam does NOT THINK there is ONE cube,One,b,h,Y,PropFalse,N,0,63,63,55,342.56193580001127,NA,NA,NA,NA,NA,NA,NA,NA,NA,342.5489528000471,1.7159996787086e-4,342.63667030003853,343.01206640002783,343.11218830000143,345.11189100000774,345.51199320005253,345.61450280004647,345.61450280004647,349.5482744000037,h,1,3.924406500009354,NA,349.54881120001664,349.56189420004375,349.56189420004375,349.56189420004375,349.56189420004375,349.54937620001147,NA,NA,NA,NA,NA,NA,NA,NA,NA,NA,020,001,2025-10-08_09h50.02.814,Study_5_PsychoPy_Experiment,2024.1.5,NA,2025-10-08 09h50.14.055704 +0100
Belief,Reg,FALSE,N,TB-K-B,TD_B,PsychoPyStudy5Stim/TD_B_5.png,Adam THINKS there are ZERO cubes,Zero,b,h,N,PropFalse,N,0,64,64,267,349.56189420004375,NA,NA,NA,NA,NA,NA,NA,NA,NA,349.5497699000407,3.2990000909194e-4,349.65423930005636,350.028413800057,350.1285441000364,352.1287987000542,352.5287450000178,352.63114330003737,352.63114330003737,353.7647146000527,h,1,1.13110769999912,NA,353.7651446000091,353.7784979000571,353.7784979000571,353.7784979000571,353.7784979000571,353.7656307000434,NA,NA,NA,NA,NA,NA,NA,NA,NA,NA,020,001,2025-10-08_09h50.02.814,Study_5_PsychoPy_Experiment,2024.1.5,NA,2025-10-08 09h50.14.055704 +0100
Belief,Reg,TRUE,N,FB-Ig,B_T,PsychoPyStudy5Stim/B_T_3.png,Adam THINKS there are ZERO cubes,Zero,h,b,N,-,Y,0,65,65,314,353.7784979000571,NA,NA,NA,NA,NA,NA,NA,NA,NA,353.7659497000277,2.5109999114647e-4,353.8584138000151,354.2284399000346,354.32853060000343,356.32866670005023,356.72862670000177,356.8310038000345,356.8310038000345,359.06534150004154,b,1,2.218956299999263,NA,359.0661064000451,359.078624900023,359.078624900023,359.078624900023,359.078624900023,359.0669106999994,NA,NA,NA,NA,NA,NA,NA,NA,NA,NA,020,001,2025-10-08_09h50.02.814,Study_5_PsychoPy_Experiment,2024.1.5,NA,2025-10-08 09h50.14.055704 +0100
Knowledge,Reg,FALSE,N,FB-Ig,D_B_T,PsychoPyStudy5Stim/D_B_T_3.png,Adam KNOWS there are TWO cubes,Two,b,h,N,PropFalse,N,0,66,66,293,359.078624900023,NA,NA,NA,NA,NA,NA,NA,NA,NA,359.0674841,4.4659996638074e-4,359.1629541000002,359.54531480005244,359.645436300023,361.6454369000275,362.0453138000448,362.1477069000248,362.1477069000248,363.6151806000271,h,1,1.4545676999841817,NA,363.6158520000172,363.6285619000555,363.6285619000555,363.6285619000555,363.6285619000555,363.6166364000528,NA,NA,NA,NA,NA,NA,NA,NA,NA,NA,020,001,2025-10-08_09h50.02.814,Study_5_PsychoPy_Experiment,2024.1.5,NA,2025-10-08 09h50.14.055704 +0100
Belief,Reg,TRUE,N,TB-K-B,TD_B,PsychoPyStudy5Stim/TD_B_7.png,Adam THINKS there is ONE cube,One,h,b,N,-,N,0,67,67,261,363.6285619000555,NA,NA,NA,NA,NA,NA,NA,NA,NA,363.6171842000331,4.3319998076185e-4,363.7080915000406,364.0786347000394,364.1786104000057,366.17869100003736,366.5785825000494,366.68105190002825,366.68105190002825,367.7149490000447,b,1,1.025681400031317,NA,367.7155133000342,367.72854530002223,367.72854530002223,367.72854530002223,367.72854530002223,367.7161477000336,NA,NA,NA,NA,NA,NA,NA,NA,NA,NA,020,001,2025-10-08_09h50.02.814,Study_5_PsychoPy_Experiment,2024.1.5,NA,2025-10-08 09h50.14.055704 +0100
Knowledge,Reg,TRUE,N,NB-TB-K,TT_NB,PsychoPyStudy5Stim/TT_NB_8.png,Adam KNOWS there are TWO cubes,Two,h,b,N,-,N,0,68,68,174,367.72854530002223,NA,NA,NA,NA,NA,NA,NA,NA,NA,367.716577800049,3.3660000190138e-4,367.81347400002414,368.19526580005186,368.2955148000038,370.29536340001505,370.6954882000573,370.7976220000419,370.7976220000419,371.38130400003865,b,1,0.5823142000008374,NA,371.38160620001145,371.395132500038,371.395132500038,371.395132500038,371.395132500038,371.3819279000163,NA,NA,NA,NA,NA,NA,NA,NA,NA,NA,020,001,2025-10-08_09h50.02.814,Study_5_PsychoPy_Experiment,2024.1.5,NA,2025-10-08 09h50.14.055704 +0100
Knowledge,Reg,TRUE,N,NB-TB-K,D_NB,PsychoPyStudy5Stim/D_NB_8.png,Adam KNOWS there are ZERO cubes,Zero,h,b,N,-,N,0,69,69,135,371.395132500038,NA,NA,NA,NA,NA,NA,NA,NA,NA,371.382137800043,1.6579998191446e-4,371.4862702000537,371.8619532000157,371.9620691000018,373.9620283000404,374.3620465000277,374.4643343000207,374.4643343000207,376.6480298000388,b,1,2.169981800019741,NA,376.64856800000416,376.6618378999992,376.6618378999992,376.6618378999992,376.6618378999992,376.64912950003054,NA,NA,NA,NA,NA,NA,NA,NA,NA,NA,020,001,2025-10-08_09h50.02.814,Study_5_PsychoPy_Experiment,2024.1.5,NA,2025-10-08 09h50.14.055704 +0100
Reality,Reg,FALSE,N,NB-TB-K,T_NB,PsychoPyStudy5Stim/T_NB_7.png,"In REALITY, there are ZERO cubes",Zero,b,h,N,PropFalse,N,0,70,70,146,376.6618378999992,NA,NA,NA,NA,NA,NA,NA,NA,NA,376.6495449000504,3.0810001771897e-4,376.7373121000128,377.1118149000104,377.21203280001646,379.2119908000459,379.6119507000549,379.71428510005353,379.71428510005353,380.5313053000136,h,1,0.8084586000186391,NA,380.5317985000438,380.5450295000337,380.5450295000337,380.5450295000337,380.5450295000337,380.5323824000079,NA,NA,NA,NA,NA,NA,NA,NA,NA,NA,020,001,2025-10-08_09h50.02.814,Study_5_PsychoPy_Experiment,2024.1.5,NA,2025-10-08 09h50.14.055704 +0100
Belief,Reg,FALSE,N,FB-Ig,T_B_T,PsychoPyStudy5Stim/T_B_T_2.png,Adam THINKS there are ZERO cubes,Zero,b,h,N,PropFalse,N,0,71,71,284,380.5450295000337,NA,NA,NA,NA,NA,NA,NA,NA,NA,380.5327573000104,2.9340002220124e-4,380.6276008000132,381.0118871000014,381.11205840000184,383.1120081000263,383.5118808000116,383.6140805000323,383.6140805000323,386.064779200009,h,1,2.444475299969781,NA,386.06530910002766,386.0784199000336,386.0784199000336,386.0784199000336,386.0784199000336,386.0658465000451,NA,NA,NA,NA,NA,NA,NA,NA,NA,NA,020,001,2025-10-08_09h50.02.814,Study_5_PsychoPy_Experiment,2024.1.5,NA,2025-10-08 09h50.14.055704 +0100
Belief,Neg,FALSE,N,NB-TB-K,TT_NB,PsychoPyStudy5Stim/TT_NB_5.png,Adam does NOT THINK there are TWO cubes,Two,b,h,Y,PropFalse,N,0,72,72,76,386.0784199000336,NA,NA,NA,NA,NA,NA,NA,NA,NA,386.0662448000512,3.1090003903955e-4,386.1575241000391,386.528427900048,386.6285866000107,388.6286980000441,389.02875960001256,389.1308554999996,389.1308554999996,396.6983160000527,b,0,7.559380999999121,NA,396.6988827000023,396.7117778000538,396.7117778000538,396.7117778000538,396.7117778000538,396.699517800007,NA,NA,NA,NA,NA,NA,NA,NA,NA,NA,020,001,2025-10-08_09h50.02.814,Study_5_PsychoPy_Experiment,2024.1.5,NA,2025-10-08 09h50.14.055704 +0100
Knowledge,Reg,TRUE,N,TB-K-B,DD_B,PsychoPyStudy5Stim/DD_B_6.png,Adam KNOWS there are ZERO cubes,Zero,h,b,N,-,N,0,73,73,220,396.7117778000538,NA,NA,NA,NA,NA,NA,NA,NA,NA,396.6999523000559,3.3890001941472e-4,396.7994323000312,397.17850760003785,397.2786459000199,399.27855960000306,399.678543600021,399.7808848000131,399.7808848000131,401.54831160005415,h,0,1.7574549000128172,NA,401.5489804000245,401.5616090000258,401.5616090000258,401.5616090000258,401.5616090000258,401.54979670001194,NA,NA,NA,NA,NA,NA,NA,NA,NA,NA,020,001,2025-10-08_09h50.02.814,Study_5_PsychoPy_Experiment,2024.1.5,NA,2025-10-08 09h50.14.055704 +0100
Knowledge,Neg,TRUE,N,NB-TB-K,TT_NB,PsychoPyStudy5Stim/TT_NB_4.png,Adam does NOT KNOW there is ONE cube,One,h,b,Y,-,N,0,74,74,59,401.5616090000258,NA,NA,NA,NA,NA,NA,NA,NA,NA,401.5503668000456,4.5180000597611e-4,401.6405992000364,402.0118469000445,402.111947700032,404.11192510003457,404.5117387000355,404.6142876000376,404.6142876000376,411.21471550001297,h,0,6.595680000027642,NA,411.2152574000065,411.2283588000573,411.2283588000573,411.2283588000573,411.2283588000573,411.2157936000149,NA,NA,NA,NA,NA,NA,NA,NA,NA,NA,020,001,2025-10-08_09h50.02.814,Study_5_PsychoPy_Experiment,2024.1.5,NA,2025-10-08 09h50.14.055704 +0100
Reality,Reg,TRUE,N,NB-TB-K,TT_NB,PsychoPyStudy5Stim/TT_NB_1.png,"In REALITY, there are TWO cubes",Two,h,b,N,-,N,0,75,75,191,411.2283588000573,NA,NA,NA,NA,NA,NA,NA,NA,NA,411.2161938000354,2.9539997922256e-4,411.3072492000065,411.6781916000182,411.7783821000485,413.7784358000499,414.1785054000211,414.28079820005223,414.28079820005223,415.8477962000179,b,1,1.5611141999834215,NA,415.84825480001746,415.8616740000434,415.8616740000434,415.8616740000434,415.8616740000434,415.8487522000214,NA,NA,NA,NA,NA,NA,NA,NA,NA,NA,020,001,2025-10-08_09h50.02.814,Study_5_PsychoPy_Experiment,2024.1.5,NA,2025-10-08 09h50.14.055704 +0100
Knowledge,Reg,TRUE,N,NB-TB-K,DD_NB,PsychoPyStudy5Stim/DD_NB_6.png,Adam KNOWS there are ZERO cubes,Zero,h,b,N,-,N,0,76,76,152,415.8616740000434,NA,NA,NA,NA,NA,NA,NA,NA,NA,415.84908770001493,2.6150001212954e-4,415.9457431000192,416.3283162000007,416.4286599000334,418.4285380000365,418.8285302000004,418.93081900000107,418.93081900000107,420.2151767000323,b,1,1.280417900008615,NA,420.2157201000373,420.22828320000554,420.22828320000554,420.22828320000554,420.22828320000554,420.2162994000246,NA,NA,NA,NA,NA,NA,NA,NA,NA,NA,020,001,2025-10-08_09h50.02.814,Study_5_PsychoPy_Experiment,2024.1.5,NA,2025-10-08 09h50.14.055704 +0100
Belief,Reg,TRUE,N,NB-TB-K,TT_NB,PsychoPyStudy5Stim/TT_NB_8.png,Adam THINKS there are TWO cubes,Two,h,b,N,-,N,0,77,77,180,420.22828320000554,NA,NA,NA,NA,NA,NA,NA,NA,NA,420.216711200017,3.2929994631558e-4,420.2980134000536,420.6784065000247,420.7783329000231,422.7784576000413,423.17842200002633,423.2807196000358,423.2807196000358,423.914187700022,b,1,0.6168539000209421,NA,423.9145185000379,423.9282529000193,423.9282529000193,423.9282529000193,423.9282529000193,423.9148821000126,NA,NA,NA,NA,NA,NA,NA,NA,NA,NA,020,001,2025-10-08_09h50.02.814,Study_5_PsychoPy_Experiment,2024.1.5,NA,2025-10-08 09h50.14.055704 +0100
Knowledge,Reg,TRUE,N,TB-K-B,TD_B,PsychoPyStudy5Stim/TD_B_8.png,Adam KNOWS there is ONE cube,One,h,b,N,-,N,0,78,78,258,423.9282529000193,NA,NA,NA,NA,NA,NA,NA,NA,NA,423.9151244000532,1.9190000602975e-4,424.00379310001153,424.37843030004296,424.47835200000554,426.4784883000538,426.87839070003247,426.9808936000336,426.9808936000336,430.06501990003744,h,0,3.077636000001803,NA,430.065699000028,430.07834820001153,430.07834820001153,430.07834820001153,430.07834820001153,430.0663737000432,NA,NA,NA,NA,NA,NA,NA,NA,NA,NA,020,001,2025-10-08_09h50.02.814,Study_5_PsychoPy_Experiment,2024.1.5,NA,2025-10-08 09h50.14.055704 +0100
Belief,Neg,TRUE,N,TB-K,TD_B,PsychoPyStudy5Stim/TD_B_2.png,Adam does NOT THINK there are TWO cubes,Two,h,b,Y,-,N,0,79,79,109,430.07834820001153,NA,NA,NA,NA,NA,NA,NA,NA,NA,430.06689640000695,3.8619997212663e-4,430.1588042000076,430.5284066000022,430.628545100044,432.6285515000345,433.02855140005704,433.1308524000342,433.1308524000342,435.9477400000323,b,1,2.807175699970685,NA,435.94825440004934,435.96161210001446,435.96161210001446,435.96161210001446,435.96161210001446,435.948786700028,NA,NA,NA,NA,NA,NA,NA,NA,NA,NA,020,001,2025-10-08_09h50.02.814,Study_5_PsychoPy_Experiment,2024.1.5,NA,2025-10-08 09h50.14.055704 +0100
Knowledge,Reg,FALSE,N,FB-Ig,T_B_T,PsychoPyStudy5Stim/T_B_T_1.png,Adam KNOWS there are ZERO cubes,Zero,b,h,N,PropFalse,N,0,80,80,275,435.96161210001446,NA,NA,NA,NA,NA,NA,NA,NA,NA,435.949186700047,3.1929998658597e-4,436.04523040005006,436.4283453000244,436.5285792000359,438.5285921000177,438.92841450002743,439.03076710004825,439.03076710004825,441.13098180003,h,1,2.0989734000177123,NA,441.13132340001175,441.1448608000064,441.1448608000064,441.1448608000064,441.1448608000064,441.1317142000189,NA,NA,NA,NA,NA,NA,NA,NA,NA,NA,020,001,2025-10-08_09h50.02.814,Study_5_PsychoPy_Experiment,2024.1.5,NA,2025-10-08 09h50.14.055704 +0100
Knowledge,Reg,TRUE,N,TB-K-B,DD_B,PsychoPyStudy5Stim/DD_B_2.png,Adam KNOWS there are ZERO cubes,Zero,h,b,N,-,N,0,81,81,216,441.1448608000064,NA,NA,NA,NA,NA,NA,NA,NA,NA,441.1319610000355,1.9349996000528e-4,441.2199890000047,441.5949238000321,441.6952220000094,443.6951351000462,444.0950696000364,444.1974005000084,444.1974005000084,448.2653210000135,h,0,4.052910899976268,NA,448.2661282000481,448.27832630003104,448.27832630003104,448.27832630003104,448.27832630003104,448.2670646000188,NA,NA,NA,NA,NA,NA,NA,NA,NA,NA,020,001,2025-10-08_09h50.02.814,Study_5_PsychoPy_Experiment,2024.1.5,NA,2025-10-08 09h50.14.055704 +0100
Knowledge,Reg,FALSE,N,FB-Ig,T_B_T,PsychoPyStudy5Stim/T_B_T_5.png,Adam KNOWS there are ZERO cubes,Zero,b,h,N,PropFalse,N,0,82,82,279,448.27832630003104,NA,NA,NA,NA,NA,NA,NA,NA,NA,448.2677531000227,5.068999598734e-4,448.3717450000113,448.7449908000417,448.845010500052,450.84512550005456,451.2449948000139,451.3471934000263,451.3471934000263,453.598259600054,h,1,2.2388140999828465,NA,453.5989162000478,453.6116170000169,453.6116170000169,453.6116170000169,453.6116170000169,453.59964890003903,NA,NA,NA,NA,NA,NA,NA,NA,NA,NA,020,001,2025-10-08_09h50.02.814,Study_5_PsychoPy_Experiment,2024.1.5,NA,2025-10-08 09h50.14.055704 +0100
Reality,Reg,TRUE,N,NB-TB-K,TT_NB,PsychoPyStudy5Stim/TT_NB_5.png,"In REALITY, there are TWO cubes",Two,h,b,N,-,N,0,83,83,193,453.6116170000169,NA,NA,NA,NA,NA,NA,NA,NA,NA,453.60016450000694,4.0210003498941e-4,453.6818165000295,454.06167890003417,454.1617128000362,456.16167360002873,456.56167790002655,456.6639791000053,456.6639791000053,457.5481973999995,b,1,0.8739204000448808,NA,457.5489119000267,457.56562090001535,NA,457.56562090001535,NA,462.6302248000284,space,5.06083909998415,NA,NA,NA,NA,NA,NA,NA,NA,020,001,2025-10-08_09h50.02.814,Study_5_PsychoPy_Experiment,2024.1.5,NA,2025-10-08 09h50.14.055704 +0100
Belief,Reg,FALSE,N,NB-TB-K,TT_NB,PsychoPyStudy5Stim/TT_NB_1.png,Adam THINKS there are ZERO cubes,Zero,b,h,N,PropFalse,N,0,84,84,181,462.6448958000401,NA,NA,NA,NA,NA,NA,NA,NA,NA,462.6315166000277,4.219000111334e-4,462.7277658000239,463.1115656000329,463.2116839000373,465.2116004000418,465.6115944000194,465.714059800026,465.714059800026,468.7654075000318,h,1,3.0484039000002667,NA,468.766281200049,468.7782784000155,468.7782784000155,468.7782784000155,468.7782784000155,468.7684440000448,NA,NA,NA,NA,NA,NA,NA,NA,NA,NA,020,001,2025-10-08_09h50.02.814,Study_5_PsychoPy_Experiment,2024.1.5,NA,2025-10-08 09h50.14.055704 +0100
Knowledge,Neg,FALSE,N,NB-TB-K,TT_NB,PsychoPyStudy5Stim/TT_NB_8.png,Adam does NOT KNOW there are TWO cubes,Two,b,h,Y,PropFalse,N,0,85,85,71,468.7782784000155,NA,NA,NA,NA,NA,NA,NA,NA,NA,468.7691178000532,5.1340000936761e-4,468.8613806000212,469.24492000002647,469.34506140003214,471.3450608000276,471.7449898000341,471.8470958000398,471.8470958000398,473.7149838000187,h,1,1.858933999959845,NA,473.715669600002,473.7279863000149,473.7279863000149,473.7279863000149,473.7279863000149,473.71646790002706,NA,NA,NA,NA,NA,NA,NA,NA,NA,NA,020,001,2025-10-08_09h50.02.814,Study_5_PsychoPy_Experiment,2024.1.5,NA,2025-10-08 09h50.14.055704 +0100
Belief,Reg,FALSE,N,FB-Ig,D_B_T,PsychoPyStudy5Stim/D_B_T_4.png,Adam THINKS there are TWO cubes,Two,b,h,N,PropFalse,N,0,86,86,302,473.7279863000149,NA,NA,NA,NA,NA,NA,NA,NA,NA,473.7170368000516,4.5069999760016e-4,473.8117763000191,474.1946908000391,474.29493810003623,476.294896300009,476.694861200056,476.7970952000469,476.7970952000469,478.4153819000349,h,1,1.6138977999798954,NA,478.4161994000315,478.4282515000086,478.4282515000086,478.4282515000086,478.4282515000086,478.4171928000287,NA,NA,NA,NA,NA,NA,NA,NA,NA,NA,020,001,2025-10-08_09h50.02.814,Study_5_PsychoPy_Experiment,2024.1.5,NA,2025-10-08 09h50.14.055704 +0100
Knowledge,Neg,FALSE,N,TB-K,TT_B,PsychoPyStudy5Stim/TT_B_4.png,Adam does NOT KNOW there are TWO cubes,Two,b,h,Y,PropFalse,N,0,87,87,91,478.4282515000086,NA,NA,NA,NA,NA,NA,NA,NA,NA,478.4178303000517,4.9390003550797e-4,478.5197991000023,478.8949615000165,478.9949934000033,480.9950395000051,481.3949623000226,481.4973473000573,481.4973473000573,483.4481239000452,h,1,1.936647700029425,NA,483.4487838000059,483.46150250005303,483.46150250005303,483.46150250005303,483.46150250005303,483.4494961000164,NA,NA,NA,NA,NA,NA,NA,NA,NA,NA,020,001,2025-10-08_09h50.02.814,Study_5_PsychoPy_Experiment,2024.1.5,NA,2025-10-08 09h50.14.055704 +0100
Belief,Neg,TRUE,Y,FB-Ig,T_B_T,PsychoPyStudy5Stim/T_B_T_4.png,Adam does NOT THINK there are TWO cubes,Two,h,b,Y,-,N,0,88,88,19,483.46150250005303,NA,NA,NA,NA,NA,NA,NA,NA,NA,483.4500092000235,4.021999775432e-4,483.5504354000441,483.9282161000301,484.0283647000324,486.02838170004543,486.4282997000264,486.5307400000165,486.5307400000165,489.9819329000311,b,1,3.4392718999879435,NA,489.9827567000175,489.9948529000394,489.9948529000394,489.9948529000394,489.9948529000394,489.9837038000114,NA,NA,NA,NA,NA,NA,NA,NA,NA,NA,020,001,2025-10-08_09h50.02.814,Study_5_PsychoPy_Experiment,2024.1.5,NA,2025-10-08 09h50.14.055704 +0100
Reality,Reg,TRUE,N,TB-K-B,TT_B,PsychoPyStudy5Stim/TT_B_3.png,"In REALITY, there are TWO cubes",Two,h,b,N,-,N,0,89,89,251,489.9948529000394,NA,NA,NA,NA,NA,NA,NA,NA,NA,489.9843957000412,5.1129999337717e-4,490.0803089000401,490.46150170004694,490.5616314000217,492.56164300005184,492.9615370000247,493.06392780004535,493.06392780004535,493.8148365000379,b,1,0.7458061000215821,NA,493.8155358000077,493.82814450003207,493.82814450003207,493.82814450003207,493.82814450003207,493.8163184000296,NA,NA,NA,NA,NA,NA,NA,NA,NA,NA,020,001,2025-10-08_09h50.02.814,Study_5_PsychoPy_Experiment,2024.1.5,NA,2025-10-08 09h50.14.055704 +0100
Knowledge,Neg,TRUE,N,TB-K,TT_B,PsychoPyStudy5Stim/TT_B_3.png,Adam does NOT KNOW there is ONE cube,One,h,b,Y,-,N,0,90,90,82,493.82814450003207,NA,NA,NA,NA,NA,NA,NA,NA,NA,493.8168665000121,4.2589998338371e-4,493.912490000017,494.2946838000207,494.3948284000507,496.39499740005704,496.794891800033,496.89744460000657,496.89744460000657,499.6647503000568,h,0,2.752824400027748,NA,499.66540700005135,499.6781091000302,499.6781091000302,499.6781091000302,499.6781091000302,499.6661378000281,NA,NA,NA,NA,NA,NA,NA,NA,NA,NA,020,001,2025-10-08_09h50.02.814,Study_5_PsychoPy_Experiment,2024.1.5,NA,2025-10-08 09h50.14.055704 +0100
Reality,Reg,TRUE,N,NB-TB-K,D_NB,PsychoPyStudy5Stim/D_NB_2.png,"In REALITY, there are ZERO cubes",Zero,h,b,N,-,N,0,91,91,136,499.6781091000302,NA,NA,NA,NA,NA,NA,NA,NA,NA,499.66665590001503,4.043000517413e-4,499.7523589000338,500.12810560001526,500.2280775000109,502.22827800002415,502.6282403000514,502.73054130002856,502.73054130002856,507.01400220004143,b,1,4.280237799976021,NA,507.0143015000503,507.0279826000333,507.0279826000333,507.0279826000333,507.0279826000333,507.0146566000185,NA,NA,NA,NA,NA,NA,NA,NA,NA,NA,020,001,2025-10-08_09h50.02.814,Study_5_PsychoPy_Experiment,2024.1.5,NA,2025-10-08 09h50.14.055704 +0100
Reality,Reg,FALSE,N,TB-Ig,D_B,PsychoPyStudy5Stim/D_B_D_3.png,"In REALTY, there are TWO cubes",Two,b,h,N,NA,N,0,92,92,214,507.0279826000333,NA,NA,NA,NA,NA,NA,NA,NA,NA,507.01486600004137,1.6610004240646e-4,507.11813540000003,507.494787100004,507.5948863000376,509.59488860005513,509.9947662000195,510.0974252000451,510.0974252000451,510.8150562000228,h,1,0.7043339000083506,NA,510.8159179000067,510.82813470001565,510.82813470001565,510.82813470001565,510.82813470001565,510.81681540003046,NA,NA,NA,NA,NA,NA,NA,NA,NA,NA,020,001,2025-10-08_09h50.02.814,Study_5_PsychoPy_Experiment,2024.1.5,NA,2025-10-08 09h50.14.055704 +0100
Belief,Neg,FALSE,N,TB-K,TD_B,PsychoPyStudy5Stim/TD_B_3.png,Adam does NOT THINK there is ONE cube,One,b,h,Y,PropFalse,N,0,93,93,122,510.82813470001565,NA,NA,NA,NA,NA,NA,NA,NA,NA,510.8174598000478,4.9959996249526e-4,510.91799940000055,511.2947125000064,511.39491400000406,513.3949256000342,513.7948411000543,513.8970741000376,513.8970741000376,516.497950900055,h,1,2.593115099996794,NA,516.4986108000157,516.5113535000128,516.5113535000128,516.5113535000128,516.5113535000128,516.4993654999998,NA,NA,NA,NA,NA,NA,NA,NA,NA,NA,020,001,2025-10-08_09h50.02.814,Study_5_PsychoPy_Experiment,2024.1.5,NA,2025-10-08 09h50.14.055704 +0100
Belief,Neg,TRUE,N,TB-K,TT_B,PsychoPyStudy5Stim/TT_B_1.png,Adam does NOT THINK there is ONE cube,One,h,b,Y,-,N,0,94,94,84,516.5113535000128,NA,NA,NA,NA,NA,NA,NA,NA,NA,516.4998779000016,4.0080002509057e-4,516.5813283000025,516.961423300032,517.0615643000347,519.0615223000059,519.4615157000371,519.5638029000256,519.5638029000256,521.148983400024,h,0,1.5741874999948775,NA,521.1500988000189,521.1614131000242,521.1614131000242,521.1614131000242,521.1614131000242,521.151287500048,NA,NA,NA,NA,NA,NA,NA,NA,NA,NA,020,001,2025-10-08_09h50.02.814,Study_5_PsychoPy_Experiment,2024.1.5,NA,2025-10-08 09h50.14.055704 +0100
Belief,Reg,TRUE,N,FB-Ig,B_T,PsychoPyStudy5Stim/B_T_4.png,Adam THINKS there are ZERO cubes,Zero,h,b,N,-,Y,0,95,95,315,521.1614131000242,NA,NA,NA,NA,NA,NA,NA,NA,NA,521.1522081000148,7.2850001743063e-4,521.2451316000079,521.6280291000148,521.7282783000264,523.7281875000335,524.1281686000293,524.23050590005,524.23050590005,528.3641761000035,b,1,4.132238199992571,NA,528.3645141000161,528.3778996000183,528.3778996000183,528.3778996000183,528.3778996000183,528.3648626000504,NA,NA,NA,NA,NA,NA,NA,NA,NA,NA,020,001,2025-10-08_09h50.02.814,Study_5_PsychoPy_Experiment,2024.1.5,NA,2025-10-08 09h50.14.055704 +0100
Belief,Reg,TRUE,N,TB-K-B,DD_B,PsychoPyStudy5Stim/DD_B_8.png,Adam THINKS there are ZERO cubes,Zero,h,b,N,-,N,0,96,96,233,528.3778996000183,NA,NA,NA,NA,NA,NA,NA,NA,NA,528.365090300038,1.7999997362494e-4,528.4646329000243,528.8447093000286,528.9448115000268,530.9446620000526,531.3447685000137,531.4469635999994,531.4469635999994,533.5310205999995,b,1,2.0666204000008292,NA,533.5316420000163,533.5446237000288,533.5446237000288,533.5446237000288,533.5446237000288,533.5323341000476,NA,NA,NA,NA,NA,NA,NA,NA,NA,NA,020,001,2025-10-08_09h50.02.814,Study_5_PsychoPy_Experiment,2024.1.5,NA,2025-10-08 09h50.14.055704 +0100
Knowledge,Neg,FALSE,N,TB-K,TD_B,PsychoPyStudy5Stim/TD_B_1.png,Adam does NOT KNOW there is ONE cube,One,b,h,Y,PropFalse,N,0,97,97,112,533.5446237000288,NA,NA,NA,NA,NA,NA,NA,NA,NA,533.5328668000293,4.2649998795241e-4,533.6291080000228,534.0112429000437,534.1113328000065,536.1115437000408,536.5113429000485,536.6136341000092,536.6136341000092,537.7476998000056,h,1,1.12429400003748,NA,537.7483607000322,537.7612745000515,537.7612745000515,537.7612745000515,537.7612745000515,537.7490536000114,NA,NA,NA,NA,NA,NA,NA,NA,NA,NA,020,001,2025-10-08_09h50.02.814,Study_5_PsychoPy_Experiment,2024.1.5,NA,2025-10-08 09h50.14.055704 +0100
Belief,Neg,FALSE,N,NB-TB-K,T_NB,PsychoPyStudy5Stim/T_NB_5.png,Adam does NOT THINK there is ONE cube,One,b,h,Y,PropFalse,N,0,98,98,52,537.7612745000515,NA,NA,NA,NA,NA,NA,NA,NA,NA,537.7495401000488,3.7929997779428e-4,537.8496049000532,538.2280861000181,538.3280057000229,540.3281638000044,540.7281596000539,540.8301953000482,540.8301953000482,543.0648823000374,h,1,2.219695399980992,NA,543.0656381000299,543.0779430000111,543.0779430000111,543.0779430000111,543.0779430000111,543.0664898000541,NA,NA,NA,NA,NA,NA,NA,NA,NA,NA,020,001,2025-10-08_09h50.02.814,Study_5_PsychoPy_Experiment,2024.1.5,NA,2025-10-08 09h50.14.055704 +0100
Belief,Neg,TRUE,Y,FB-Ig,D_B_T,PsychoPyStudy5Stim/D_B_T_4.png,Adam does NOT THINK there is ONE cube,One,h,b,Y,-,N,0,99,99,27,543.0779430000111,NA,NA,NA,NA,NA,NA,NA,NA,NA,543.067128100025,5.0660001579672e-4,543.1498734000488,543.5279904000345,543.6281273000059,545.627993400034,546.0280629000044,546.1303611000185,546.1303611000185,549.48136970005,b,1,3.3353814999572933,NA,549.4820721000433,549.4945834000246,549.4945834000246,549.4945834000246,549.4945834000246,549.482813300041,NA,NA,NA,NA,NA,NA,NA,NA,NA,NA,020,001,2025-10-08_09h50.02.814,Study_5_PsychoPy_Experiment,2024.1.5,NA,2025-10-08 09h50.14.055704 +0100
Knowledge,Neg,TRUE,Y,FB-Ig,T_B_T,PsychoPyStudy5Stim/T_B_T_1.png,Adam does NOT KNOW there are TWO cubes,Two,h,b,Y,-,N,0,100,100,0,549.4945834000246,NA,NA,NA,NA,NA,NA,NA,NA,NA,549.483329300012,3.9950001519173e-4,549.5693586000125,549.944548600004,550.044864800002,552.044796400005,552.4447514000349,552.5470668000053,552.5470668000053,556.0803937000455,b,1,3.518573799985461,NA,556.0807296000421,556.0944389000069,556.0944389000069,556.0944389000069,556.0944389000069,556.0810877000331,NA,NA,NA,NA,NA,NA,NA,NA,NA,NA,020,001,2025-10-08_09h50.02.814,Study_5_PsychoPy_Experiment,2024.1.5,NA,2025-10-08 09h50.14.055704 +0100
Knowledge,Reg,FALSE,N,NB-TB-K,DD_NB,PsychoPyStudy5Stim/DD_NB_7.png,Adam KNOWS there is ONE cube,One,b,h,N,PropFalse,N,0,101,101,155,556.0944389000069,NA,NA,NA,NA,NA,NA,NA,NA,NA,556.0813264000462,1.8859998090192e-4,556.1693759000045,556.5445975000039,556.6446772000054,558.6447305000038,559.044656800048,559.1468548000557,559.1468548000557,560.4642052000272,h,1,1.3113229000009596,NA,560.4647179000312,560.4778373000445,560.4778373000445,560.4778373000445,560.4778373000445,560.4652411999996,NA,NA,NA,NA,NA,NA,NA,NA,NA,NA,020,001,2025-10-08_09h50.02.814,Study_5_PsychoPy_Experiment,2024.1.5,NA,2025-10-08 09h50.14.055704 +0100
Knowledge,Reg,FALSE,N,FB-Ig,D_B_T,PsychoPyStudy5Stim/D_B_T_2.png,Adam KNOWS there are TWO cubes,Two,b,h,N,PropFalse,N,0,102,102,292,560.4778373000445,NA,NA,NA,NA,NA,NA,NA,NA,NA,560.4656217000447,2.9639998683705e-4,560.5672522000386,560.9444013000466,561.0448809000081,563.0445774000254,563.4446482000058,563.5469818000565,563.5469818000565,566.132096300018,h,1,2.574682099977508,NA,566.1326554000261,566.1444097000058,566.1444097000058,566.1444097000058,566.1444097000058,566.1333469000529,NA,NA,NA,NA,NA,NA,NA,NA,NA,NA,020,001,2025-10-08_09h50.02.814,Study_5_PsychoPy_Experiment,2024.1.5,NA,2025-10-08 09h50.14.055704 +0100
Knowledge,Neg,FALSE,N,NB-TB-K,TT_NB,PsychoPyStudy5Stim/TT_NB_1.png,Adam does NOT KNOW there are TWO cubes,Two,b,h,Y,PropFalse,N,0,103,103,64,566.1444097000058,NA,NA,NA,NA,NA,NA,NA,NA,NA,566.1338430000469,3.7570000858977e-4,566.2307344000437,566.611191300035,566.7111872000387,568.7112433000002,569.1113165999996,569.2136348000495,569.2136348000495,572.0481665000552,h,1,2.81952530000126,NA,572.0489906000439,572.061219300027,572.061219300027,572.061219300027,572.061219300027,572.0499027000042,NA,NA,NA,NA,NA,NA,NA,NA,NA,NA,020,001,2025-10-08_09h50.02.814,Study_5_PsychoPy_Experiment,2024.1.5,NA,2025-10-08 09h50.14.055704 +0100
Knowledge,Reg,FALSE,N,FB-Ig,T_B_T,PsychoPyStudy5Stim/T_B_T_3.png,Adam KNOWS there are ZERO cubes,Zero,b,h,N,PropFalse,N,0,104,104,277,572.061219300027,NA,NA,NA,NA,NA,NA,NA,NA,NA,572.0505917000119,5.0680001731961e-4,572.1563519000192,572.5278550000512,572.6279624000308,574.6278609000146,575.0279349000193,575.1302679000073,575.1302679000073,580.6637422000058,h,1,5.51892369997222,NA,580.6640400000033,580.6776250000112,580.6776250000112,580.6776250000112,580.6776250000112,580.6643781000166,NA,NA,NA,NA,NA,NA,NA,NA,NA,NA,020,001,2025-10-08_09h50.02.814,Study_5_PsychoPy_Experiment,2024.1.5,NA,2025-10-08 09h50.14.055704 +0100
Belief,Reg,FALSE,N,TB-K-B,DD_B,PsychoPyStudy5Stim/DD_B_3.png,Adam THINKS there is ONE cube,One,b,h,N,PropFalse,N,0,105,105,234,580.6776250000112,NA,NA,NA,NA,NA,NA,NA,NA,NA,580.6645928000216,1.7070001922547e-4,580.7659386000014,581.1443287000293,581.2444437000086,583.244426600053,583.6444151000469,583.7472291000304,583.7472291000304,584.6972074000514,h,1,0.9341462000156752,NA,584.6975132000516,584.7110625000205,584.7110625000205,584.7110625000205,584.7110625000205,584.6978469000314,NA,NA,NA,NA,NA,NA,NA,NA,NA,NA,020,001,2025-10-08_09h50.02.814,Study_5_PsychoPy_Experiment,2024.1.5,NA,2025-10-08 09h50.14.055704 +0100
Knowledge,Reg,FALSE,N,TB-Ig,D_B,PsychoPyStudy5Stim/D_B_D_3.png,Adam KNOWS there are ZERO cubes,Zero,b,h,N,PropTrueNoKnow,Y,0,106,106,208,584.7110625000205,NA,NA,NA,NA,NA,NA,NA,NA,NA,584.6980652000057,1.7219997243955e-4,584.7865769000491,585.1611662000068,585.2611202000408,587.2610486000194,587.6610598000116,587.7637271000422,587.7637271000422,592.4306356000016,h,1,4.662239999976009,NA,592.4309398000478,592.4442447000183,592.4442447000183,592.4442447000183,592.4442447000183,592.4312924000551,NA,NA,NA,NA,NA,NA,NA,NA,NA,NA,020,001,2025-10-08_09h50.02.814,Study_5_PsychoPy_Experiment,2024.1.5,NA,2025-10-08 09h50.14.055704 +0100
Knowledge,Reg,FALSE,N,TB-Ig,D_B,PsychoPyStudy5Stim/D_B_1.png,Adam KNOWS there are ZERO cubes,Zero,b,h,N,PropTrueNoKnow,Y,0,107,107,197,592.4442447000183,NA,NA,NA,NA,NA,NA,NA,NA,NA,592.4315073000034,1.6960001084953e-4,592.5218099000049,592.8942505000159,592.9943427000544,594.9944532000227,595.394463500008,595.4970205000136,595.4970205000136,597.3472418000456,h,1,1.8399655999965032,NA,597.3475381000317,597.3608953000512,597.3608953000512,597.3608953000512,597.3608953000512,597.3478798000142,NA,NA,NA,NA,NA,NA,NA,NA,NA,NA,020,001,2025-10-08_09h50.02.814,Study_5_PsychoPy_Experiment,2024.1.5,NA,2025-10-08 09h50.14.055704 +0100
Belief,Neg,FALSE,N,TB-K,TD_B,PsychoPyStudy5Stim/TD_B_4.png,Adam does NOT THINK there is ONE cube,One,b,h,Y,PropFalse,N,0,108,108,123,597.3608953000512,NA,NA,NA,NA,NA,NA,NA,NA,NA,597.3480963000329,1.7140002455562e-4,597.4461994000012,597.8275635000318,597.9277000000002,599.927722100052,600.3277019000379,600.4302391000092,600.4302391000092,604.7642825000221,h,1,4.323159299965482,NA,604.7649598999997,604.7777238000417,604.7777238000417,604.7777238000417,604.7777238000417,604.765796200023,NA,NA,NA,NA,NA,NA,NA,NA,NA,NA,020,001,2025-10-08_09h50.02.814,Study_5_PsychoPy_Experiment,2024.1.5,NA,2025-10-08 09h50.14.055704 +0100
Belief,Reg,TRUE,N,TB-K-B,TD_B,PsychoPyStudy5Stim/TD_B_8.png,Adam THINKS there is ONE cube,One,h,b,N,-,N,0,109,109,262,604.7777238000417,NA,NA,NA,NA,NA,NA,NA,NA,NA,604.7663096000324,3.9969995850697e-4,604.8619971000007,605.2441995000117,605.344298400043,607.3445310000097,607.7444481000421,607.8468253000174,607.8468253000174,608.7803864000016,b,1,0.9229327000211924,NA,608.7808523999993,608.7942933000159,608.7942933000159,608.7942933000159,608.7942933000159,608.7813331000507,NA,NA,NA,NA,NA,NA,NA,NA,NA,NA,020,001,2025-10-08_09h50.02.814,Study_5_PsychoPy_Experiment,2024.1.5,NA,2025-10-08 09h50.14.055704 +0100
Belief,Neg,FALSE,N,NB-TB-K,TT_NB,PsychoPyStudy5Stim/TT_NB_2.png,Adam does NOT THINK there are TWO cubes,Two,b,h,Y,PropFalse,N,0,110,110,73,608.7942933000159,NA,NA,NA,NA,NA,NA,NA,NA,NA,608.7816593000316,2.5540002388879e-4,608.868745600048,609.2443854000303,609.344535100041,611.3444751000497,611.7444482000428,611.8468278000364,611.8468278000364,614.2477809000411,h,1,2.38643079996109,NA,614.248494200001,614.2610051000374,614.2610051000374,614.2610051000374,614.2610051000374,614.249252300011,NA,NA,NA,NA,NA,NA,NA,NA,NA,NA,020,001,2025-10-08_09h50.02.814,Study_5_PsychoPy_Experiment,2024.1.5,NA,2025-10-08 09h50.14.055704 +0100
Belief,Neg,TRUE,Y,FB-Ig,T_B_T,PsychoPyStudy5Stim/T_B_T_8.png,Adam does NOT THINK there are TWO cubes,Two,h,b,Y,-,N,0,111,111,23,614.2610051000374,NA,NA,NA,NA,NA,NA,NA,NA,NA,614.2497744000284,4.073999589309e-4,614.3456197000341,614.7277399000013,614.8278760000248,616.8278580000042,617.227798100037,617.3301014000317,617.3301014000317,622.6305907000205,b,1,5.287396700005047,NA,622.6310947000165,622.6442674000282,622.6442674000282,622.6442674000282,622.6442674000282,622.6320529000368,NA,NA,NA,NA,NA,NA,NA,NA,NA,NA,020,001,2025-10-08_09h50.02.814,Study_5_PsychoPy_Experiment,2024.1.5,NA,2025-10-08 09h50.14.055704 +0100
Knowledge,Reg,TRUE,N,NB-TB-K,T_NB,PsychoPyStudy5Stim/T_NB_1.png,Adam KNOWS there is ONE cube,One,h,b,N,-,N,0,112,112,140,622.6442674000282,NA,NA,NA,NA,NA,NA,NA,NA,NA,622.6325142999995,3.7120003253221e-4,622.7260276000015,623.1109730000026,623.2111642000382,625.2111869000364,625.6109066000208,625.7134034000337,625.7134034000337,626.4474714000244,b,1,0.7199098000419326,NA,626.4480872999993,626.4609770000097,626.4609770000097,626.4609770000097,626.4609770000097,626.4487727000378,NA,NA,NA,NA,NA,NA,NA,NA,NA,NA,020,001,2025-10-08_09h50.02.814,Study_5_PsychoPy_Experiment,2024.1.5,NA,2025-10-08 09h50.14.055704 +0100
Belief,Neg,FALSE,N,NB-TB-K,TT_NB,PsychoPyStudy5Stim/TT_NB_7.png,Adam does NOT THINK there are TWO cubes,Two,b,h,Y,PropFalse,N,0,113,113,78,626.4609770000097,NA,NA,NA,NA,NA,NA,NA,NA,NA,626.4492664000136,3.9189995732158e-4,626.5359715000377,626.9109773000237,627.0111716000247,629.0111556000193,629.4111319000367,629.5134241000051,629.5134241000051,631.364227800048,h,1,1.8490578000200912,NA,631.3648085000459,631.3776003000094,631.3776003000094,631.3776003000094,631.3776003000094,631.3654290000559,NA,NA,NA,NA,NA,NA,NA,NA,NA,NA,020,001,2025-10-08_09h50.02.814,Study_5_PsychoPy_Experiment,2024.1.5,NA,2025-10-08 09h50.14.055704 +0100
Belief,Reg,FALSE,N,FB-Ig,T_B_T,PsychoPyStudy5Stim/T_B_T_7.png,Adam THINKS there are ZERO cubes,Zero,b,h,N,PropFalse,N,0,114,114,289,631.3776003000094,NA,NA,NA,NA,NA,NA,NA,NA,NA,631.3658647000557,3.3919996349141e-4,631.456524200039,631.8275265000411,631.9276213000412,633.9276874000207,634.3277801000513,634.4300152000505,634.4300152000505,636.4137800000026,h,1,1.971642799966503,NA,636.4142223000526,636.4276051000343,636.4276051000343,636.4276051000343,636.4276051000343,636.4147142000147,NA,NA,NA,NA,NA,NA,NA,NA,NA,NA,020,001,2025-10-08_09h50.02.814,Study_5_PsychoPy_Experiment,2024.1.5,NA,2025-10-08 09h50.14.055704 +0100
Knowledge,Neg,FALSE,N,NB-TB-K,TT_NB,PsychoPyStudy5Stim/TT_NB_3.png,Adam does NOT KNOW there are TWO cubes,Two,b,h,Y,PropFalse,N,0,115,115,66,636.4276051000343,NA,NA,NA,NA,NA,NA,NA,NA,NA,636.4150404000538,2.5520002236589e-4,636.5015877000405,636.8776347000385,636.9776416000095,638.9778062000405,639.3777126000496,639.4799479000503,639.4799479000503,640.4308099000482,h,1,0.946971500001382,NA,640.4313835000503,640.4442231000285,640.4442231000285,640.4442231000285,640.4442231000285,640.4320036000572,NA,NA,NA,NA,NA,NA,NA,NA,NA,NA,020,001,2025-10-08_09h50.02.814,Study_5_PsychoPy_Experiment,2024.1.5,NA,2025-10-08 09h50.14.055704 +0100
Reality,Reg,TRUE,N,TB-Ig,D_B,PsychoPyStudy5Stim/D_B_D_1.png,"In REALITY, there are ZERO cubes",Zero,h,b,N,-,N,0,116,116,212,640.4442231000285,NA,NA,NA,NA,NA,NA,NA,NA,NA,640.4324331000098,3.3519999124109e-4,640.517326900037,640.8943274000194,640.9943096000352,642.9944407000439,643.3943044000189,643.4966945000342,643.4966945000342,644.0806138000335,h,0,0.5685738000320271,NA,644.0809212000459,644.0942411000142,644.0942411000142,644.0942411000142,644.0942411000142,644.0813011000282,NA,NA,NA,NA,NA,NA,NA,NA,NA,NA,020,001,2025-10-08_09h50.02.814,Study_5_PsychoPy_Experiment,2024.1.5,NA,2025-10-08 09h50.14.055704 +0100
Belief,Reg,TRUE,N,NB-TB-K,DT_NB,PsychoPyStudy5Stim/TD_NB_2.png,Adam THINKS there is ONE cube,One,h,b,N,-,N,0,117,117,166,644.0942411000142,NA,NA,NA,NA,NA,NA,NA,NA,NA,644.0815249000443,1.7259997548535e-4,644.1618167000124,644.5442490000278,644.6443027000059,646.6451087000314,647.0444230000139,647.1463601000141,647.1463601000141,648.3474337000516,b,1,1.199170799984131,NA,648.3480388000025,648.3608942000428,648.3608942000428,648.3608942000428,648.3608942000428,648.3486991000245,NA,NA,NA,NA,NA,NA,NA,NA,NA,NA,020,001,2025-10-08_09h50.02.814,Study_5_PsychoPy_Experiment,2024.1.5,NA,2025-10-08 09h50.14.055704 +0100
Reality,Reg,TRUE,N,NB-TB-K,DT_NB,PsychoPyStudy5Stim/TD_NB_2.png,"In REALITY, there is ONE cube",One,h,b,N,-,N,0,118,118,168,648.3608942000428,NA,NA,NA,NA,NA,NA,NA,NA,NA,648.3491832000436,3.8590002804994e-4,648.431175100035,648.8109662000206,648.9110669000074,650.9110271000536,651.3109816000215,651.4131077000056,651.4131077000056,651.9308429000084,b,1,0.5078237000270747,NA,651.9315074000042,651.9442321000388,651.9442321000388,651.9442321000388,651.9442321000388,651.9323700000532,NA,NA,NA,NA,NA,NA,NA,NA,NA,NA,020,001,2025-10-08_09h50.02.814,Study_5_PsychoPy_Experiment,2024.1.5,NA,2025-10-08 09h50.14.055704 +0100
Belief,Neg,FALSE,N,NB-TB-K,T_NB,PsychoPyStudy5Stim/T_NB_6.png,Adam does NOT THINK there is ONE cube,One,b,h,Y,PropFalse,N,0,119,119,53,651.9442321000388,NA,NA,NA,NA,NA,NA,NA,NA,NA,651.9329315000214,4.4789997627958e-4,652.0310568000423,652.4109519000049,652.5110829000478,654.5109627000056,654.9110252000391,655.0134021000122,655.0134021000122,658.3133064000285,h,1,3.284235500032082,NA,658.3136027000146,658.3274309000117,658.3274309000117,658.3274309000117,658.3274309000117,658.3139258000301,NA,NA,NA,NA,NA,NA,NA,NA,NA,NA,020,001,2025-10-08_09h50.02.814,Study_5_PsychoPy_Experiment,2024.1.5,NA,2025-10-08 09h50.14.055704 +0100
Knowledge,Neg,TRUE,N,TB-K,TD_B,PsychoPyStudy5Stim/TD_B_3.png,Adam does NOT KNOW there are TWO cubes,Two,h,b,Y,-,N,0,120,120,106,658.3274309000117,NA,NA,NA,NA,NA,NA,NA,NA,NA,658.3141483000363,1.802000333555e-4,658.3979234000435,658.777623800037,658.8777206000523,660.8777464000159,661.2776442000177,661.3799016000121,661.3799016000121,666.2471270000096,b,1,4.8616565999691375,NA,666.2476554000168,666.2607580000185,666.2607580000185,666.2607580000185,666.2607580000185,666.2481974000111,NA,NA,NA,NA,NA,NA,NA,NA,NA,NA,020,001,2025-10-08_09h50.02.814,Study_5_PsychoPy_Experiment,2024.1.5,NA,2025-10-08 09h50.14.055704 +0100
Belief,Reg,TRUE,N,NB-TB-K,T_NB,PsychoPyStudy5Stim/T_NB_4.png,Adam THINKS there is ONE cube,One,h,b,N,-,N,0,121,121,143,666.2607580000185,NA,NA,NA,NA,NA,NA,NA,NA,NA,666.2485982000362,3.2110000029206e-4,666.339844400005,666.7108590000425,666.8109102000017,668.8109969000216,669.2108573000296,669.3130912000197,669.3130912000197,670.08022480004,b,1,0.7523857000051066,NA,670.0807391000562,670.0941028000088,670.0941028000088,670.0941028000088,670.0941028000088,670.081272600044,NA,NA,NA,NA,NA,NA,NA,NA,NA,NA,020,001,2025-10-08_09h50.02.814,Study_5_PsychoPy_Experiment,2024.1.5,NA,2025-10-08 09h50.14.055704 +0100
Knowledge,Reg,TRUE,N,NB-TB-K,TT_NB,PsychoPyStudy5Stim/TT_NB_5.png,Adam KNOWS there are TWO cubes,Two,h,b,N,-,N,0,122,122,171,670.0941028000088,NA,NA,NA,NA,NA,NA,NA,NA,NA,670.0816733000102,3.0040001729503e-4,670.170727800054,670.54419710004,670.6443312000483,672.644268300035,673.0442880000337,673.1466642000014,673.1466642000014,673.597488200001,b,1,0.44749859999865294,NA,673.5981504000374,673.6107943000388,673.6107943000388,673.6107943000388,673.6107943000388,673.5989026000025,NA,NA,NA,NA,NA,NA,NA,NA,NA,NA,020,001,2025-10-08_09h50.02.814,Study_5_PsychoPy_Experiment,2024.1.5,NA,2025-10-08 09h50.14.055704 +0100
Knowledge,Neg,TRUE,Y,FB-Ig,T_B_T,PsychoPyStudy5Stim/T_B_T_5.png,Adam does NOT KNOW there are TWO cubes,Two,h,b,Y,-,N,0,123,123,4,673.6107943000388,NA,NA,NA,NA,NA,NA,NA,NA,NA,673.5994145000004,3.9910001214593e-4,673.6951722000376,674.0774073000066,674.1777397000114,676.1776103000157,676.5775663000531,676.6799519000342,676.6799519000342,684.1469378000475,b,1,7.465693200007081,NA,684.147240100021,684.1607276000432,684.1607276000432,684.1607276000432,684.1607276000432,684.1475472000311,NA,NA,NA,NA,NA,NA,NA,NA,NA,NA,020,001,2025-10-08_09h50.02.814,Study_5_PsychoPy_Experiment,2024.1.5,NA,2025-10-08 09h50.14.055704 +0100
Knowledge,Reg,FALSE,N,FB-Ig,B_TT,PsychoPyStudy5Stim/B_TT_1.png,Adam KNOWS there are ZERO cubes,Zero,b,h,N,PropTrueNoKnow,Y,0,124,124,321,684.1607276000432,NA,NA,NA,NA,NA,NA,NA,NA,NA,684.1477610000293,1.6900000628083e-4,684.2442045000498,684.62735970004,684.7274754000246,686.7274597000214,687.1275450000539,687.2298186000553,687.2298186000553,689.0134585000342,h,1,1.7716623999876902,NA,689.0137707000249,689.0272173000267,689.0272173000267,689.0272173000267,689.0272173000267,689.0140769000282,NA,NA,NA,NA,NA,NA,NA,NA,NA,NA,020,001,2025-10-08_09h50.02.814,Study_5_PsychoPy_Experiment,2024.1.5,NA,2025-10-08 09h50.14.055704 +0100
Belief,Reg,TRUE,N,FB-Ig,B_TT,PsychoPyStudy5Stim/B_TT_3.png,Adam THINKS there are ZERO cubes,Zero,h,b,N,-,Y,0,125,125,328,689.0272173000267,NA,NA,NA,NA,NA,NA,NA,NA,NA,689.0142916000332,1.6940000932663e-4,689.1146561000496,689.4938874000218,689.5940765000414,691.5942251000088,691.994170400023,692.096695300017,692.096695300017,692.8634329000488,b,1,0.7605337999993935,NA,692.8637948000105,692.877303300018,692.877303300018,692.877303300018,692.877303300018,692.8641899000504,NA,NA,NA,NA,NA,NA,NA,NA,NA,NA,020,001,2025-10-08_09h50.02.814,Study_5_PsychoPy_Experiment,2024.1.5,NA,2025-10-08 09h50.14.055704 +0100
Knowledge,Neg,TRUE,N,TB-K,TD_B,PsychoPyStudy5Stim/TD_B_4.png,Adam does NOT KNOW there are TWO cubes,Two,h,b,Y,-,N,0,126,126,107,692.877303300018,NA,NA,NA,NA,NA,NA,NA,NA,NA,692.86446040001465,2.1359999664127e-4,692.9528590000118,693.3274216000573,693.4276090000058,695.4274670000304,695.8275119000464,695.9298002000432,695.9298002000432,699.2303584000329,h,0,3.2875513999606483,NA,699.2308454000158,699.2439947000239,699.2439947000239,699.2439947000239,699.2439947000239,699.2313654000172,NA,NA,NA,NA,NA,NA,NA,NA,NA,NA,020,001,2025-10-08_09h50.02.814,Study_5_PsychoPy_Experiment,2024.1.5,NA,2025-10-08 09h50.14.055704 +0100
Knowledge,Neg,FALSE,N,TB-K,TT_B,PsychoPyStudy5Stim/TT_B_6.png,Adam does NOT KNOW there are TWO cubes,Two,b,h,Y,PropFalse,N,0,127,127,93,699.2439947000239,NA,NA,NA,NA,NA,NA,NA,NA,NA,699.231740600022,2.9400002676993e-4,699.3157136000227,699.6941827000119,699.7944041000446,701.7942628000164,702.1941915000207,702.2965227000532,702.2965227000532,704.2137485000421,h,1,1.904694999975618,NA,704.214345400047,704.2272990000201,704.2272990000201,704.2272990000201,704.2272990000201,704.214964200044,NA,NA,NA,NA,NA,NA,NA,NA,NA,NA,020,001,2025-10-08_09h50.02.814,Study_5_PsychoPy_Experiment,2024.1.5,NA,2025-10-08 09h50.14.055704 +0100
Belief,Reg,TRUE,N,TB-Ig,D_B,PsychoPyStudy5Stim/D_B_3.png,Adam THINKS there are ZERO cubes,Zero,h,b,N,-,Y,0,128,128,202,704.2272990000201,NA,NA,NA,NA,NA,NA,NA,NA,NA,704.2154361000285,3.5379995824769e-4,704.3167264000513,704.6940663999994,704.7942082000081,706.7941852000076,707.1941102000419,707.2963571000146,707.2963571000146,709.0307096000179,b,1,1.7208274999866262,NA,709.0310016000294,709.043907000043,709.043907000043,709.043907000043,709.043907000043,709.0313242000411,NA,NA,NA,NA,NA,NA,NA,NA,NA,NA,020,001,2025-10-08_09h50.02.814,Study_5_PsychoPy_Experiment,2024.1.5,NA,2025-10-08 09h50.14.055704 +0100
Belief,Neg,FALSE,N,TB-K,TD_B,PsychoPyStudy5Stim/TD_B_6.png,Adam does NOT THINK there is ONE cube,One,b,h,Y,PropFalse,N,0,129,129,125,709.043907000043,NA,NA,NA,NA,NA,NA,NA,NA,NA,709.0315326000564,1.6499997582286e-4,709.118377100036,709.4940511000459,709.5942000000505,711.5942269000225,711.9941002000123,712.0963561000535,712.0963561000535,715.6134538000333,h,1,3.512532399967313,NA,715.6137422000174,715.6272416000138,715.6272416000138,715.6272416000138,715.6272416000138,715.6140660000383,NA,NA,NA,NA,NA,NA,NA,NA,NA,NA,020,001,2025-10-08_09h50.02.814,Study_5_PsychoPy_Experiment,2024.1.5,NA,2025-10-08 09h50.14.055704 +0100
Belief,Reg,FALSE,N,TB-K-B,TD_B,PsychoPyStudy5Stim/TD_B_2.png,Adam THINKS there are ZERO cubes,Zero,b,h,N,PropFalse,N,0,130,130,264,715.6272416000138,NA,NA,NA,NA,NA,NA,NA,NA,NA,715.614273800049,1.6360002337023e-4,715.6971277000266,716.0773552000173,716.1773808000144,718.1774954000139,718.5774664000492,718.6805440000026,718.6805440000026,719.8469387000077,h,1,1.1534810999874026,NA,719.8474961000029,719.8606345000444,719.8606345000444,719.8606345000444,719.8606345000444,719.8481299000559,NA,NA,NA,NA,NA,NA,NA,NA,NA,NA,020,001,2025-10-08_09h50.02.814,Study_5_PsychoPy_Experiment,2024.1.5,NA,2025-10-08 09h50.14.055704 +0100
Knowledge,Reg,TRUE,N,TB-K-B,TT_B,PsychoPyStudy5Stim/TT_B_7.png,Adam KNOWS there are TWO cubes,Two,h,b,N,-,N,0,131,131,243,719.8606345000444,NA,NA,NA,NA,NA,NA,NA,NA,NA,719.8485575000523,3.33399977535e-4,719.9339059000486,720.3106767000281,720.410826300038,722.4107729000389,722.8107472000411,722.913104300038,722.913104300038,723.664187700022,b,1,0.7447294999728911,NA,723.6650884000119,723.6773759000353,723.6773759000353,723.6773759000353,723.6773759000353,723.6660960000008,NA,NA,NA,NA,NA,NA,NA,NA,NA,NA,020,001,2025-10-08_09h50.02.814,Study_5_PsychoPy_Experiment,2024.1.5,NA,2025-10-08 09h50.14.055704 +0100
Belief,Neg,TRUE,N,TB-K,TT_B,PsychoPyStudy5Stim/TT_B_4.png,Adam does NOT THINK there is ONE cube,One,h,b,Y,-,N,0,132,132,87,723.6773759000353,NA,NA,NA,NA,NA,NA,NA,NA,NA,723.6668486000272,5.8220000937581e-4,723.7635440000449,724.1440068000229,724.2441598000005,726.2440791000263,726.6440750000183,726.7463326000143,726.7463326000143,729.1463852000306,h,0,2.390793400001712,NA,729.1466979000252,729.1605136000435,729.1605136000435,729.1605136000435,729.1605136000435,729.1470326000126,NA,NA,NA,NA,NA,NA,NA,NA,NA,NA,020,001,2025-10-08_09h50.02.814,Study_5_PsychoPy_Experiment,2024.1.5,NA,2025-10-08 09h50.14.055704 +0100
Belief,Reg,TRUE,N,TB-K-B,TD_B,PsychoPyStudy5Stim/TD_B_6.png,Adam THINKS there is ONE cube,One,h,b,N,-,N,0,133,133,260,729.1605136000435,NA,NA,NA,NA,NA,NA,NA,NA,NA,729.1472664000466,1.85800017789e-4,729.2336502000107,729.6106433000532,729.7107811000315,731.7107068000478,732.1106990000117,732.2130548999994,732.2130548999994,733.0639919000096,b,1,0.8363987999618985,NA,733.0647090000566,733.0772850000067,733.0772850000067,733.0772850000067,733.0772850000067,733.0654653000529,NA,NA,NA,NA,NA,NA,NA,NA,NA,NA,020,001,2025-10-08_09h50.02.814,Study_5_PsychoPy_Experiment,2024.1.5,NA,2025-10-08 09h50.14.055704 +0100
Knowledge,Reg,TRUE,N,TB-K-B,DD_B,PsychoPyStudy5Stim/DD_B_7.png,Adam KNOWS there are ZERO cubes,Zero,h,b,N,-,N,0,134,134,221,733.0772850000067,NA,NA,NA,NA,NA,NA,NA,NA,NA,733.0659926000517,4.0870002703741e-4,733.1670794000383,733.5439707000041,733.644117900054,735.6440135000157,736.0441379000549,736.14626150002,736.14626150002,739.1469177000108,b,1,2.9836927999858744,NA,739.1474794000387,739.1605564000201,739.1605564000201,739.1605564000201,739.1605564000201,739.1480915000429,NA,NA,NA,NA,NA,NA,NA,NA,NA,NA,020,001,2025-10-08_09h50.02.814,Study_5_PsychoPy_Experiment,2024.1.5,NA,2025-10-08 09h50.14.055704 +0100
Belief,Neg,TRUE,Y,FB-Ig,D_B_T,PsychoPyStudy5Stim/D_B_T_8.png,Adam does NOT THINK there is ONE cube,One,h,b,Y,-,N,0,135,135,31,739.1605564000201,NA,NA,NA,NA,NA,NA,NA,NA,NA,739.1485266000382,3.3879996044561e-4,739.2447687000385,739.6272261000122,739.7274469000404,741.72730030003,742.1273540000548,742.2297013000352,742.2297013000352,745.0464619000559,b,1,2.812481199973263,NA,745.0467678000568,745.0604145000107,745.0604145000107,745.0604145000107,745.0604145000107,745.0470924000256,NA,NA,NA,NA,NA,NA,NA,NA,NA,NA,020,001,2025-10-08_09h50.02.814,Study_5_PsychoPy_Experiment,2024.1.5,NA,2025-10-08 09h50.14.055704 +0100
Belief,Neg,TRUE,Y,FB-Ig,T_B_T,PsychoPyStudy5Stim/T_B_T_3.png,Adam does NOT THINK there are TWO cubes,Two,h,b,Y,-,N,0,136,136,18,745.0604145000107,NA,NA,NA,NA,NA,NA,NA,NA,NA,745.0473053000169,1.6830000095069e-4,745.1324595000478,745.5105406000512,745.6107207000023,747.610714600014,748.0106868000003,748.1130354000488,748.1130354000488,751.6469143000431,b,1,3.5277588999597356,NA,751.6473998000147,751.6604794000159,751.6604794000159,751.6604794000159,751.6604794000159,751.647958400019,NA,NA,NA,NA,NA,NA,NA,NA,NA,NA,020,001,2025-10-08_09h50.02.814,Study_5_PsychoPy_Experiment,2024.1.5,NA,2025-10-08 09h50.14.055704 +0100
Reality,Reg,TRUE,N,NB-TB-K,DD_NB,PsychoPyStudy5Stim/DD_NB_3.png,"In REALITY, there are ZERO cubes",Zero,h,b,N,-,N,0,137,137,159,751.6604794000159,NA,NA,NA,NA,NA,NA,NA,NA,NA,751.6483295000507,2.907000016421e-4,751.7310395000386,752.1104946000269,752.2106826000381,754.2106473000022,754.6106495000422,754.7129537000437,754.7129537000437,757.9131939000217,b,1,3.191877600038424,NA,757.9136193000013,757.9271009000367,757.9271009000367,757.9271009000367,757.9271009000367,757.9140929000569,NA,NA,NA,NA,NA,NA,NA,NA,NA,NA,020,001,2025-10-08_09h50.02.814,Study_5_PsychoPy_Experiment,2024.1.5,NA,2025-10-08 09h50.14.055704 +0100
Knowledge,Reg,FALSE,N,TB-K-B,DD_B,PsychoPyStudy5Stim/DD_B_1.png,Adam KNOWS there is ONE cube,One,b,h,N,PropFalse,N,0,138,138,224,757.9271009000367,NA,NA,NA,NA,NA,NA,NA,NA,NA,757.9144218000001,2.5999994250014e-4,758.0161138000549,758.3938485000399,758.4940157000092,760.4938923000009,760.8939500000561,760.9962039000238,760.9962039000238,761.9296062000212,h,1,0.9174677999690176,NA,761.9299114000169,761.9436295000487,761.9436295000487,761.9436295000487,761.9436295000487,761.9302333000232,NA,NA,NA,NA,NA,NA,NA,NA,NA,NA,020,001,2025-10-08_09h50.02.814,Study_5_PsychoPy_Experiment,2024.1.5,NA,2025-10-08 09h50.14.055704 +0100
Knowledge,Reg,TRUE,N,TB-K-B,TD_B,PsychoPyStudy5Stim/TD_B_6.png,Adam KNOWS there is ONE cube,One,h,b,N,-,N,0,139,139,256,761.9436295000487,NA,NA,NA,NA,NA,NA,NA,NA,NA,761.9304411000339,1.6430002870038e-4,762.0110435000388,762.3938158000237,762.4939653000329,764.4939903000486,764.8939794000471,764.9962359000347,764.9962359000347,765.5306464000023,b,1,0.524934499990195,NA,765.5314055000199,765.543846500048,765.543846500048,765.543846500048,765.543846500048,765.5321908000042,NA,NA,NA,NA,NA,NA,NA,NA,NA,NA,020,001,2025-10-08_09h50.02.814,Study_5_PsychoPy_Experiment,2024.1.5,NA,2025-10-08 09h50.14.055704 +0100
Belief,Reg,FALSE,N,NB-TB-K,TT_NB,PsychoPyStudy5Stim/TT_NB_6.png,Adam THINKS there are ZERO cubes,Zero,b,h,N,PropFalse,N,0,140,140,186,765.543846500048,NA,NA,NA,NA,NA,NA,NA,NA,NA,765.532757900015,4.4029997661709e-4,765.6247007000493,765.9936363000306,766.0937458000262,768.0939300000318,768.4938570000231,768.5960789000383,768.5960789000383,771.2634832000476,h,1,2.652299100009259,NA,771.2639785000356,771.2770972000435,771.2770972000435,771.2770972000435,771.2770972000435,771.26451080001425,NA,NA,NA,NA,NA,NA,NA,NA,NA,NA,020,001,2025-10-08_09h50.02.814,Study_5_PsychoPy_Experiment,2024.1.5,NA,2025-10-08 09h50.14.055704 +0100
Belief,Neg,FALSE,N,NB-TB-K,T_NB,PsychoPyStudy5Stim/T_NB_3.png,Adam does NOT THINK there is ONE cube,One,b,h,Y,PropFalse,N,0,141,141,50,771.2770972000435,NA,NA,NA,NA,NA,NA,NA,NA,NA,771.264888100035,2.9519997769966e-4,771.3551123000216,771.7269140000571,771.8270136000356,773.8272532000556,774.2272664000047,774.329478700005,774.329478700005,778.3149051000364,h,1,3.9673856999725103,NA,778.3160898000351,778.327271600021,778.327271600021,778.327271600021,778.327271600021,778.3174708000151,NA,NA,NA,NA,NA,NA,NA,NA,NA,NA,020,001,2025-10-08_09h50.02.814,Study_5_PsychoPy_Experiment,2024.1.5,NA,2025-10-08 09h50.14.055704 +0100
Reality,Reg,FALSE,N,NB-TB-K,DT_NB,PsychoPyStudy5Stim/TD_NB_2.png,"In REALITY, there are TWO cubes",Two,b,h,N,PropFalse,N,0,142,142,170,778.327271600021,NA,NA,NA,NA,NA,NA,NA,NA,NA,778.318431700056,7.4660003883764e-4,778.4153187000193,778.7937446000287,778.8938554000342,780.8939123000018,781.2938747000298,781.3960401000222,781.3960401000222,783.3465848000487,h,1,1.9336800999590196,NA,783.3470940000261,783.3603634000174,783.3603634000174,783.3603634000174,783.3603634000174,783.347647400049,NA,NA,NA,NA,NA,NA,NA,NA,NA,NA,020,001,2025-10-08_09h50.02.814,Study_5_PsychoPy_Experiment,2024.1.5,NA,2025-10-08 09h50.14.055704 +0100
Reality,Reg,FALSE,N,NB-TB-K,DT_NB,PsychoPyStudy5Stim/TD_NB_1.png,"In REALITY, there are ZERO cubes",Zero,b,h,N,PropFalse,N,0,143,143,169,783.3603634000174,NA,NA,NA,NA,NA,NA,NA,NA,NA,783.3480197000317,2.8979999478906e-4,783.4399993000552,783.8104310000199,783.9105542000034,785.9103757000412,786.310452500009,786.4127769000479,786.4127769000479,787.129882200039,h,1,0.7006744000245817,NA,787.1303953000461,787.1436385000125,787.1436385000125,787.1436385000125,787.1436385000125,787.1309313000529,NA,NA,NA,NA,NA,NA,NA,NA,NA,NA,020,001,2025-10-08_09h50.02.814,Study_5_PsychoPy_Experiment,2024.1.5,NA,2025-10-08 09h50.14.055704 +0100
Belief,Neg,FALSE,N,NB-TB-K,T_NB,PsychoPyStudy5Stim/T_NB_2.png,Adam does NOT THINK there is ONE cube,One,b,h,Y,PropFalse,N,0,144,144,49,787.1436385000125,NA,NA,NA,NA,NA,NA,NA,NA,NA,787.1313054000493,3.1360000139102e-4,787.228441400046,787.6103424000321,787.7105802000151,789.7106032000156,790.1104843000066,790.2126839000266,790.2126839000266,792.6299045000342,h,1,2.4040302999783307,NA,792.6303935000324,792.6436409000307,792.6436409000307,792.6436409000307,792.6436409000307,792.6309740000288,NA,NA,NA,NA,NA,NA,NA,NA,NA,NA,020,001,2025-10-08_09h50.02.814,Study_5_PsychoPy_Experiment,2024.1.5,NA,2025-10-08 09h50.14.055704 +0100
Knowledge,Reg,TRUE,N,TB-K-B,DD_B,PsychoPyStudy5Stim/DD_B_8.png,Adam KNOWS there are ZERO cubes,Zero,h,b,N,-,N,0,145,145,222,792.6436409000307,NA,NA,NA,NA,NA,NA,NA,NA,NA,792.63134610001,2.9240001458674e-4,792.7159936000244,793.0937742000096,793.1938498000382,795.1938727000379,795.5938656000071,795.6961078000022,795.6961078000022,802.6964879000443,b,1,6.984155700018164,NA,802.6969216000289,802.710293900047,802.710293900047,802.710293900047,802.710293900047,802.6973834000528,NA,NA,NA,NA,NA,NA,NA,NA,NA,NA,020,001,2025-10-08_09h50.02.814,Study_5_PsychoPy_Experiment,2024.1.5,NA,2025-10-08 09h50.14.055704 +0100
Knowledge,Neg,TRUE,N,TB-K,TD_B,PsychoPyStudy5Stim/TD_B_2.png,Adam does NOT KNOW there are TWO cubes,Two,h,b,Y,-,N,0,146,146,105,802.710293900047,NA,NA,NA,NA,NA,NA,NA,NA,NA,802.6977127999999,2.5560002541169e-4,802.7890403000056,803.160399400047,803.260619800014,805.2605405000504,805.6604948000167,805.7626669000019,805.7626669000019,809.7801325000473,h,0,4.015734599961434,NA,809.7806887000334,809.7936526000267,809.7936526000267,809.7936526000267,809.7936526000267,809.7812930000364,NA,NA,NA,NA,NA,NA,NA,NA,NA,NA,020,001,2025-10-08_09h50.02.814,Study_5_PsychoPy_Experiment,2024.1.5,NA,2025-10-08 09h50.14.055704 +0100
Reality,Reg,TRUE,N,FB-Ig,B_T,PsychoPyStudy5Stim/B_T_2.png,"In REALITY, there is ONE cube",One,h,b,N,-,N,0,147,147,318,809.7936526000267,NA,NA,NA,NA,NA,NA,NA,NA,NA,809.7817245000042,3.3760000951588e-4,809.8849503000383,810.260334700055,810.3604468000121,812.3604605,812.7604674000177,812.8625525000389,812.8625525000389,813.5969292000518,b,1,0.722649100003764,NA,813.5977421000134,813.6103079000022,813.6103079000022,813.6103079000022,813.6103079000022,813.5985817000037,NA,NA,NA,NA,NA,NA,NA,NA,NA,NA,020,001,2025-10-08_09h50.02.814,Study_5_PsychoPy_Experiment,2024.1.5,NA,2025-10-08 09h50.14.055704 +0100
Reality,Reg,TRUE,N,TB-K-B,TT_B,PsychoPyStudy5Stim/TT_B_4.png,"In REALITY, there are TWO cubes",Two,h,b,N,-,N,0,148,148,252,813.6103079000022,NA,NA,NA,NA,NA,NA,NA,NA,NA,813.5991446000407,4.4600002001971e-4,813.6834068000317,814.0603246000246,814.1604494000203,816.1604970000335,816.5604735000525,816.6627359000267,816.6627359000267,817.3133480000542,b,1,0.6423467999557033,NA,817.3139217000571,817.3269609000417,817.3269609000417,817.3269609000417,817.3269609000417,817.3145697000436,NA,NA,NA,NA,NA,NA,NA,NA,NA,NA,020,001,2025-10-08_09h50.02.814,Study_5_PsychoPy_Experiment,2024.1.5,NA,2025-10-08 09h50.14.055704 +0100
Knowledge,Neg,TRUE,Y,FB-Ig,T_B_T,PsychoPyStudy5Stim/T_B_T_7.png,Adam does NOT KNOW there are TWO cubes,Two,h,b,Y,-,N,0,149,149,6,817.3269609000417,NA,NA,NA,NA,NA,NA,NA,NA,NA,817.3150271000341,3.6519998684525e-4,817.4083447000012,817.7936459000339,817.8938225000165,819.8937972000567,820.2937044000137,820.3963114000508,820.3963114000508,822.9469846000429,b,1,2.548941599961836,NA,822.9475767000113,822.9602570999996,822.9602570999996,822.9602570999996,822.9602570999996,822.9482147000381,NA,NA,NA,NA,NA,NA,NA,NA,NA,NA,020,001,2025-10-08_09h50.02.814,Study_5_PsychoPy_Experiment,2024.1.5,NA,2025-10-08 09h50.14.055704 +0100
Knowledge,Neg,FALSE,N,TB-K,TT_B,PsychoPyStudy5Stim/TT_B_8.png,Adam does NOT KNOW there are TWO cubes,Two,b,h,Y,PropFalse,N,0,150,150,95,822.9602570999996,NA,NA,NA,NA,NA,NA,NA,NA,NA,822.948649500031,3.3870001789182e-4,823.0354333000141,823.4103229000466,823.5104649999994,825.510544800025,825.9104658000288,826.0127748000086,826.0127748000086,826.4961231000489,h,1,0.4753808999666944,NA,826.4964193000342,826.5100473000202,826.5100473000202,826.5100473000202,826.5100473000202,826.4967461000197,NA,NA,NA,NA,NA,NA,NA,NA,NA,NA,020,001,2025-10-08_09h50.02.814,Study_5_PsychoPy_Experiment,2024.1.5,NA,2025-10-08 09h50.14.055704 +0100
Belief,Neg,TRUE,N,NB-TB-K,TT_NB,PsychoPyStudy5Stim/TT_NB_3.png,Adam does NOT THINK there is ONE cube,One,h,b,Y,-,N,0,151,151,62,826.5100473000202,NA,NA,NA,NA,NA,NA,NA,NA,NA,826.4969546000357,1.6490003326907e-4,826.5827126000077,826.960325400054,827.0602524000569,829.0603176000295,829.4604154000408,829.5628659000504,829.5628659000504,831.1638050000183,h,0,1.5989192000124604,NA,831.1644778000191,831.1768724000431,831.1768724000431,831.1768724000431,831.1768724000431,831.1653507000301,NA,NA,NA,NA,NA,NA,NA,NA,NA,NA,020,001,2025-10-08_09h50.02.814,Study_5_PsychoPy_Experiment,2024.1.5,NA,2025-10-08 09h50.14.055704 +0100
Knowledge,Reg,FALSE,N,FB-Ig,T_B_T,PsychoPyStudy5Stim/T_B_T_8.png,Adam KNOWS there are ZERO cubes,Zero,b,h,N,PropFalse,N,0,152,152,282,831.1768724000431,NA,NA,NA,NA,NA,NA,NA,NA,NA,831.1659090000321,4.1649997001513e-4,831.2517299000174,831.6269578000065,831.727089400054,833.7270765000139,834.1269574000034,834.2293245000183,834.2293245000183,837.4462071000016,h,1,3.2033188000204973,NA,837.4465957000502,837.4601067000185,837.4601067000185,837.4601067000185,837.4601067000185,837.4470257000066,NA,NA,NA,NA,NA,NA,NA,NA,NA,NA,020,001,2025-10-08_09h50.02.814,Study_5_PsychoPy_Experiment,2024.1.5,NA,2025-10-08 09h50.14.055704 +0100
Belief,Reg,TRUE,N,TB-K-B,TT_B,PsychoPyStudy5Stim/TT_B_8.png,Adam THINKS there are TWO cubes,Two,h,b,N,-,N,0,153,153,249,837.4601067000185,NA,NA,NA,NA,NA,NA,NA,NA,NA,837.4473143000505,2.2679998073726e-4,837.5372138000093,837.9102613000432,838.0103896000073,840.0102463000221,840.4102787000011,840.5125395000214,840.5125395000214,844.3467664000345,b,1,3.8249192000366743,NA,844.3470590000506,844.3599614000414,844.3599614000414,844.3599614000414,844.3599614000414,844.3473692000262,NA,NA,NA,NA,NA,NA,NA,NA,NA,NA,020,001,2025-10-08_09h50.02.814,Study_5_PsychoPy_Experiment,2024.1.5,NA,2025-10-08 09h50.14.055704 +0100
Knowledge,Neg,FALSE,N,NB-TB-K,T_NB,PsychoPyStudy5Stim/T_NB_1.png,Adam does NOT KNOW there is ONE cube,One,b,h,Y,PropFalse,N,0,154,154,40,844.3599614000414,NA,NA,NA,NA,NA,NA,NA,NA,NA,844.3475750000216,1.6500003403052e-4,844.4278897000477,844.8102498000371,844.9103819000302,846.9103768000496,847.310319500044,847.4126954000094,847.4126954000094,849.9970012000413,h,1,2.580114800017327,NA,849.9976528000552,850.0101693000179,850.0101693000179,850.0101693000179,850.0101693000179,849.9983734000125,NA,NA,NA,NA,NA,NA,NA,NA,NA,NA,020,001,2025-10-08_09h50.02.814,Study_5_PsychoPy_Experiment,2024.1.5,NA,2025-10-08 09h50.14.055704 +0100
Knowledge,Neg,TRUE,N,TB-K,TT_B,PsychoPyStudy5Stim/TT_B_2.png,Adam does NOT KNOW there is ONE cube,One,h,b,Y,-,N,0,155,155,81,850.0101693000179,NA,NA,NA,NA,NA,NA,NA,NA,NA,849.9988805000321,3.961999900639e-4,850.0863389000297,850.4600795000442,850.5603690000135,852.5601334000239,852.9603251000517,853.062653800007,853.062653800007,853.963360200054,h,0,0.8983413999667391,NA,853.9638435000088,853.9767588000395,853.9767588000395,853.9767588000395,853.9767588000395,853.9644086000044,NA,NA,NA,NA,NA,NA,NA,NA,NA,NA,020,001,2025-10-08_09h50.02.814,Study_5_PsychoPy_Experiment,2024.1.5,NA,2025-10-08 09h50.14.055704 +0100
Belief,Reg,FALSE,N,FB-Ig,D_B_T,PsychoPyStudy5Stim/D_B_T_5.png,Adam THINKS there are TWO cubes,Two,b,h,N,PropFalse,N,0,156,156,303,853.9767588000395,NA,NA,NA,NA,NA,NA,NA,NA,NA,853.9647822000552,2.9200001154094e-4,854.0637737000361,854.4435037000221,854.5436195000075,856.5436715000542,856.943577900005,857.0458199000568,857.0458199000568,858.3297963000368,h,1,1.274351200030651,NA,858.3304251000518,858.3434402000275,858.3434402000275,858.3434402000275,858.3434402000275,858.3311086000176,NA,NA,NA,NA,NA,NA,NA,NA,NA,NA,020,001,2025-10-08_09h50.02.814,Study_5_PsychoPy_Experiment,2024.1.5,NA,2025-10-08 09h50.14.055704 +0100
Belief,Reg,TRUE,N,TB-K-B,TT_B,PsychoPyStudy5Stim/TT_B_6.png,Adam THINKS there are TWO cubes,Two,h,b,N,-,N,0,157,157,247,858.3434402000275,NA,NA,NA,NA,NA,NA,NA,NA,NA,858.3315747000161,3.5730004310607e-4,858.4217577000381,858.7934725000523,858.8937718000379,860.8936632000259,861.2936140000238,861.3959834000561,861.3959834000561,861.9467119000037,b,1,0.5409791000420228,NA,861.9473765000002,861.9601114000543,861.9601114000543,861.9601114000543,861.9601114000543,861.9481174000539,NA,NA,NA,NA,NA,NA,NA,NA,NA,NA,020,001,2025-10-08_09h50.02.814,Study_5_PsychoPy_Experiment,2024.1.5,NA,2025-10-08 09h50.14.055704 +0100
Belief,Reg,TRUE,N,FB-Ig,B_TT,PsychoPyStudy5Stim/B_TT_4.png,Adam THINKS there are ZERO cubes,Zero,h,b,N,-,Y,0,158,158,329,861.9601114000543,NA,NA,NA,NA,NA,NA,NA,NA,NA,861.9486300000572,4.021999775432e-4,862.0358171000262,862.4102042000159,862.5103191000526,864.5104671000154,864.9102813000209,865.0122946000192,865.0122946000192,865.9463016000227,b,1,0.9249194999574684,NA,865.946597400005,865.9600475000334,865.9600475000334,865.9600475000334,865.9600475000334,865.946924900054,NA,NA,NA,NA,NA,NA,NA,NA,NA,NA,020,001,2025-10-08_09h50.02.814,Study_5_PsychoPy_Experiment,2024.1.5,NA,2025-10-08 09h50.14.055704 +0100
Belief,Reg,FALSE,N,NB-TB-K,DD_NB,PsychoPyStudy5Stim/DD_NB_1.png,Adam THINKS there is ONE cube,One,b,h,N,PropFalse,N,0,159,159,157,865.9600475000334,NA,NA,NA,NA,NA,NA,NA,NA,NA,865.9471322000027,1.6489997506141e-4,866.0446896000067,866.4268456000136,866.526813500037,868.5269010000047,868.9269287000061,869.0289851000416,869.0289851000416,870.2626757000107,h,1,1.219363100011833,NA,870.2629701000405,870.2766799000092,870.2766799000092,870.2766799000092,870.2766799000092,870.2632963000215,NA,NA,NA,NA,NA,NA,NA,NA,NA,NA,020,001,2025-10-08_09h50.02.814,Study_5_PsychoPy_Experiment,2024.1.5,NA,2025-10-08 09h50.14.055704 +0100
Knowledge,Reg,FALSE,N,FB-Ig,B_T,PsychoPyStudy5Stim/B_T_4.png,Adam KNOWS there are ZERO cubes,Zero,b,h,N,PropTrueNoKnow,Y,0,160,160,310,870.2766799000092,NA,NA,NA,NA,NA,NA,NA,NA,NA,870.2635051000398,1.6590004088357e-4,870.3483331000316,870.7266071000486,870.8267871000571,872.8269025000045,873.2268558000214,873.3292034000042,873.3292034000042,877.3966392000439,h,1,4.063552499981597,NA,877.3972055000486,877.4100730000064,877.4100730000064,877.4100730000064,877.4100730000064,877.3978430000134,NA,NA,NA,NA,NA,NA,NA,NA,NA,NA,020,001,2025-10-08_09h50.02.814,Study_5_PsychoPy_Experiment,2024.1.5,NA,2025-10-08 09h50.14.055704 +0100
Knowledge,Reg,FALSE,N,FB-Ig,B_TT,PsychoPyStudy5Stim/B_TT_3.png,Adam KNOWS there are ZERO cubes,Zero,b,h,N,PropTrueNoKnow,Y,0,161,161,323,877.4100730000064,NA,NA,NA,NA,NA,NA,NA,NA,NA,877.3983057000441,3.6780000664293e-4,877.4904873000341,877.8602182000177,877.960317500052,879.9603048000135,880.3602128000348,880.462457900052,880.462457900052,881.2465565000311,h,1,0.7779944000067189,NA,881.2471770000411,881.2600771000143,881.2600771000143,881.2600771000143,881.2600771000143,881.2478670000564,NA,NA,NA,NA,NA,NA,NA,NA,NA,NA,020,001,2025-10-08_09h50.02.814,Study_5_PsychoPy_Experiment,2024.1.5,NA,2025-10-08 09h50.14.055704 +0100
Knowledge,Reg,FALSE,N,FB-Ig,B_T,PsychoPyStudy5Stim/B_T_2.png,Adam KNOWS there are ZERO cubes,Zero,b,h,N,PropTrueNoKnow,Y,0,162,162,308,881.2600771000143,NA,NA,NA,NA,NA,NA,NA,NA,NA,881.24837570003,4.039000486955e-4,881.3414784000488,881.7268007000093,881.8267624000437,883.8269017999992,884.2268266000319,884.3292936000507,884.3292936000507,885.1635272000567,h,1,0.8322048000409268,NA,885.1641999000567,885.1767369000008,885.1767369000008,885.1767369000008,885.1767369000008,885.1650201000157,NA,NA,NA,NA,NA,NA,NA,NA,NA,NA,020,001,2025-10-08_09h50.02.814,Study_5_PsychoPy_Experiment,2024.1.5,NA,2025-10-08 09h50.14.055704 +0100
Knowledge,Neg,FALSE,N,TB-K,TT_B,PsychoPyStudy5Stim/TT_B_2.png,Adam does NOT KNOW there are TWO cubes,Two,b,h,Y,PropFalse,N,0,163,163,89,885.1767369000008,NA,NA,NA,NA,NA,NA,NA,NA,NA,885.1655716000241,4.3680000817403e-4,885.2638391000219,885.6435320000164,885.7437263000174,887.7436164000537,888.1435436000465,888.2457592000137,888.2457592000137,889.2968681000057,h,1,1.043450600001961,NA,889.2975416000118,889.3099753000424,889.3099753000424,889.3099753000424,889.3099753000424,889.2982762000174,NA,NA,NA,NA,NA,NA,NA,NA,NA,NA,020,001,2025-10-08_09h50.02.814,Study_5_PsychoPy_Experiment,2024.1.5,NA,2025-10-08 09h50.14.055704 +0100
Belief,Reg,TRUE,N,NB-TB-K,T_NB,PsychoPyStudy5Stim/T_NB_3.png,Adam THINKS there is ONE cube,One,h,b,N,-,N,0,164,164,142,889.3099753000424,NA,NA,NA,NA,NA,NA,NA,NA,NA,889.2987958000158,4.0560000343248e-4,889.3934206000413,889.7766671000281,889.876870600041,891.8766370000085,892.2767656000215,892.3790622000233,892.3790622000233,893.2630421000067,b,1,0.8780616999720223,NA,893.2636023000232,893.2766948000062,893.2766948000062,893.2766948000062,893.2766948000062,893.2642321000458,NA,NA,NA,NA,NA,NA,NA,NA,NA,NA,020,001,2025-10-08_09h50.02.814,Study_5_PsychoPy_Experiment,2024.1.5,NA,2025-10-08 09h50.14.055704 +0100
Knowledge,Neg,FALSE,N,NB-TB-K,TT_NB,PsychoPyStudy5Stim/TT_NB_6.png,Adam does NOT KNOW there are TWO cubes,Two,b,h,Y,PropFalse,N,0,165,165,69,893.2766948000062,NA,NA,NA,NA,NA,NA,NA,NA,NA,893.2646567000193,3.3340003574267e-4,893.3475986000267,893.7266701000044,893.8268242000486,895.8266743000131,896.2269212000538,896.3291680000257,896.3291680000257,897.7464107000269,h,1,1.4073784000356682,NA,897.746884400025,897.7599356000428,897.7599356000428,897.7599356000428,897.7599356000428,897.7473872000119,NA,NA,NA,NA,NA,NA,NA,NA,NA,NA,020,001,2025-10-08_09h50.02.814,Study_5_PsychoPy_Experiment,2024.1.5,NA,2025-10-08 09h50.14.055704 +0100
Belief,Neg,TRUE,N,NB-TB-K,TT_NB,PsychoPyStudy5Stim/TT_NB_1.png,Adam does NOT THINK there is ONE cube,One,h,b,Y,-,N,0,166,166,60,897.7599356000428,NA,NA,NA,NA,NA,NA,NA,NA,NA,897.7477528000018,2.9279995942488e-4,897.8326883000555,898.2100263000466,898.3101786000188,900.3102779000183,900.7100664000027,900.812694000022,900.812694000022,910.5964780000504,b,1,9.772176800004672,NA,910.5971577000456,910.6099378000364,910.6099378000364,910.6099378000364,910.6099378000364,910.5978972000304,NA,NA,NA,NA,NA,NA,NA,NA,NA,NA,020,001,2025-10-08_09h50.02.814,Study_5_PsychoPy_Experiment,2024.1.5,NA,2025-10-08 09h50.14.055704 +0100
Belief,Reg,FALSE,N,FB-Ig,D_B_T,PsychoPyStudy5Stim/D_B_T_2.png,Adam THINKS there are TWO cubes,Two,b,h,N,PropFalse,N,0,167,167,300,910.6099378000364,NA,NA,NA,NA,NA,NA,NA,NA,NA,910.5984169000294,4.0540000190958e-4,910.685472000041,911.0600159000024,911.1601156000396,913.1599598000176,913.560038800002,913.6623606000212,913.6623606000212,915.3797873000148,h,1,1.7154349999618717,NA,915.3803384000204,915.3936680000044,NA,915.3936680000044,NA,917.9618692000512,space,2.551809500029776,NA,NA,NA,NA,NA,NA,NA,NA,020,001,2025-10-08_09h50.02.814,Study_5_PsychoPy_Experiment,2024.1.5,NA,2025-10-08 09h50.14.055704 +0100
Knowledge,Reg,TRUE,N,NB-TB-K,DD_NB,PsychoPyStudy5Stim/DD_NB_5.png,Adam KNOWS there are ZERO cubes,Zero,h,b,N,-,N,0,168,168,151,917.9765827000374,NA,NA,NA,NA,NA,NA,NA,NA,NA,917.962721500022,4.0090002585202e-4,918.0524263000116,918.4265138000484,918.5266495000104,920.5266471000504,920.9266873000306,921.028977500042,921.028977500042,923.046518600022,b,1,2.003262500045821,NA,923.0472061000182,923.0599140000412,923.0599140000412,923.0599140000412,923.0599140000412,923.0488914000452,NA,NA,NA,NA,NA,NA,NA,NA,NA,NA,020,001,2025-10-08_09h50.02.814,Study_5_PsychoPy_Experiment,2024.1.5,NA,2025-10-08 09h50.14.055704 +0100
Knowledge,Neg,TRUE,Y,FB-Ig,D_B_T,PsychoPyStudy5Stim/D_B_T_3.png,Adam does NOT KNOW there is ONE cube,One,h,b,Y,-,N,0,169,169,10,923.0599140000412,NA,NA,NA,NA,NA,NA,NA,NA,NA,923.0494628000306,4.4619996333494e-4,923.1347185000196,923.5100249000244,923.6101954000188,925.6099864000572,926.0100239000168,926.1122903000214,926.1122903000214,928.8458291999996,b,1,2.7208405999699607,NA,928.8461914000218,928.8598000000349,928.8598000000349,928.8598000000349,928.8598000000349,928.8465858000563,NA,NA,NA,NA,NA,NA,NA,NA,NA,NA,020,001,2025-10-08_09h50.02.814,Study_5_PsychoPy_Experiment,2024.1.5,NA,2025-10-08 09h50.14.055704 +0100
Belief,Reg,TRUE,N,FB-Ig,B_T,PsychoPyStudy5Stim/B_T_1.png,Adam THINKS there are ZERO cubes,Zero,h,b,N,-,Y,0,170,170,312,928.8598000000349,NA,NA,NA,NA,NA,NA,NA,NA,NA,928.8468487000208,2.0589999621734e-4,928.9355211000076,929.3099484000122,929.4100965000108,931.4099825000158,931.8099408000126,931.9122414000448,931.9122414000448,933.0798797000316,b,1,1.1609199999948032,NA,933.0805898000252,933.093191400054,933.093191400054,933.093191400054,933.093191400054,933.0813107000432,NA,NA,NA,NA,NA,NA,NA,NA,NA,NA,020,001,2025-10-08_09h50.02.814,Study_5_PsychoPy_Experiment,2024.1.5,NA,2025-10-08 09h50.14.055704 +0100
Belief,Reg,TRUE,N,TB-K-B,TD_B,PsychoPyStudy5Stim/TD_B_5.png,Adam THINKS there is ONE cube,One,h,b,N,-,N,0,171,171,259,933.093191400054,NA,NA,NA,NA,NA,NA,NA,NA,NA,933.0818300000392,4.0369998896494e-4,933.1828425000422,933.5599888000288,933.6600936000468,935.6601108000032,936.0599776000016,936.162158900057,936.162158900057,937.0797409000224,b,1,0.9018393000005744,NA,937.0803936000448,937.0931847000028,937.0931847000028,937.0931847000028,937.0931847000028,937.0811275000452,NA,NA,NA,NA,NA,NA,NA,NA,NA,NA,020,001,2025-10-08_09h50.02.814,Study_5_PsychoPy_Experiment,2024.1.5,NA,2025-10-08 09h50.14.055704 +0100
Knowledge,Neg,FALSE,N,TB-K,TT_B,PsychoPyStudy5Stim/TT_B_5.png,Adam does NOT KNOW there are TWO cubes,Two,b,h,Y,PropFalse,N,0,172,172,92,937.0931847000028,NA,NA,NA,NA,NA,NA,NA,NA,NA,937.081643500016,4.031000426039e-4,937.180279000022,937.5599121000268,937.660030500032,939.6600365000196,940.0599273000262,940.1622894000028,940.1622894000028,942.729781800008,h,1,2.5587709000101313,NA,942.7304532000562,942.7431691000238,942.7431691000238,942.7431691000238,942.7431691000238,942.73115040001,NA,NA,NA,NA,NA,NA,NA,NA,NA,NA,020,001,2025-10-08_09h50.02.814,Study_5_PsychoPy_Experiment,2024.1.5,NA,2025-10-08 09h50.14.055704 +0100
Belief,Neg,FALSE,N,TB-K,TD_B,PsychoPyStudy5Stim/TD_B_5.png,Adam does NOT THINK there is ONE cube,One,b,h,Y,PropFalse,N,0,173,173,124,942.7431691000238,NA,NA,NA,NA,NA,NA,NA,NA,NA,942.7316404000156,3.8330000825226e-4,942.8199452000554,943.1931413999991,943.2933358000008,945.293241800042,945.6933677000344,945.7956623000208,945.7956623000208,949.6134567000554,h,1,3.8140924000181258,NA,949.614181400044,949.6264512000488,949.6264512000488,949.6264512000488,949.6264512000488,949.614902500005,NA,NA,NA,NA,NA,NA,NA,NA,NA,NA,020,001,2025-10-08_09h50.02.814,Study_5_PsychoPy_Experiment,2024.1.5,NA,2025-10-08 09h50.14.055704 +0100
Knowledge,Reg,TRUE,N,NB-TB-K,D_NB,PsychoPyStudy5Stim/D_NB_6.png,Adam KNOWS there are ZERO cubes,Zero,h,b,N,-,N,0,174,174,133,949.6264512000488,NA,NA,NA,NA,NA,NA,NA,NA,NA,949.6154540000134,4.0749995969235e-4,949.718275100051,950.0932882000344,950.1931959000068,952.1933412000072,952.593374100048,952.6953567000456,952.6953567000456,953.746111800021,b,1,1.0336127000045965,NA,953.7466056000558,953.7597700000042,953.7597700000042,953.7597700000042,953.7597700000042,953.747139700048,NA,NA,NA,NA,NA,NA,NA,NA,NA,NA,020,001,2025-10-08_09h50.02.814,Study_5_PsychoPy_Experiment,2024.1.5,NA,2025-10-08 09h50.14.055704 +0100
Knowledge,Reg,TRUE,N,NB-TB-K,DD_NB,PsychoPyStudy5Stim/DD_NB_3.png,Adam KNOWS there are ZERO cubes,Zero,h,b,N,-,N,0,175,175,149,953.7597700000042,NA,NA,NA,NA,NA,NA,NA,NA,NA,953.747510300018,2.9100000392645e-4,953.8418682000485,954.2264605000382,954.3264969000012,956.3265834000194,956.7265383000486,956.828845400014,956.828845400014,957.7467713000368,b,1,0.908154700009618,NA,957.7476094000158,957.7598751000478,957.7598751000478,957.7598751000478,957.7598751000478,957.7484554000548,NA,NA,NA,NA,NA,NA,NA,NA,NA,NA,020,001,2025-10-08_09h50.02.814,Study_5_PsychoPy_Experiment,2024.1.5,NA,2025-10-08 09h50.14.055704 +0100
Knowledge,Neg,FALSE,N,TB-K,TD_B,PsychoPyStudy5Stim/TD_B_5.png,Adam does NOT KNOW there is ONE cube,One,b,h,Y,PropFalse,N,0,176,176,116,957.7598751000478,NA,NA,NA,NA,NA,NA,NA,NA,NA,957.7490917000104,4.9679999938234e-4,957.8512493000017,958.2263434000196,958.3265886000008,960.3266592000144,960.7266097000102,960.828939100029,960.828939100029,962.446258400043,h,1,1.6030534000019545,NA,962.4468205000156,962.4597522000548,962.4597522000548,962.4597522000548,962.4597522000548,962.4474633000208,NA,NA,NA,NA,NA,NA,NA,NA,NA,NA,020,001,2025-10-08_09h50.02.814,Study_5_PsychoPy_Experiment,2024.1.5,NA,2025-10-08 09h50.14.055704 +0100
Knowledge,Neg,TRUE,Y,FB-Ig,D_B_T,PsychoPyStudy5Stim/D_B_T_2.png,Adam does NOT KNOW there is ONE cube,One,h,b,Y,-,N,0,177,177,9,962.4597522000548,NA,NA,NA,NA,NA,NA,NA,NA,NA,962.4479135000148,3.5740004386752e-4,962.5411187999998,962.9264905000456,963.0266591000254,965.0265866000556,965.426534200029,965.528832400043,965.528832400043,970.7962592000258,b,1,5.25680229999125,NA,970.7968861000264,970.8097205000232,970.8097205000232,970.8097205000232,970.8097205000232,970.79758090002,NA,NA,NA,NA,NA,NA,NA,NA,NA,NA,020,001,2025-10-08_09h50.02.814,Study_5_PsychoPy_Experiment,2024.1.5,NA,2025-10-08 09h50.14.055704 +0100
Reality,Reg,TRUE,N,NB-TB-K,TT_NB,PsychoPyStudy5Stim/TT_NB_3.png,"In REALITY, there are TWO cubes",Two,h,b,N,-,N,0,178,178,192,970.8097205000232,NA,NA,NA,NA,NA,NA,NA,NA,NA,970.79806250002,3.7540000630542e-4,970.8853327000396,971.2597993000528,971.3599053000216,973.359983100032,973.759815700003,973.8620512000052,973.8620512000052,974.7303253000136,b,1,0.8663962999708019,NA,974.731123500038,974.7431344000506,974.7431344000506,974.7431344000506,974.7431344000506,974.7320605000132,NA,NA,NA,NA,NA,NA,NA,NA,NA,NA,020,001,2025-10-08_09h50.02.814,Study_5_PsychoPy_Experiment,2024.1.5,NA,2025-10-08 09h50.14.055704 +0100
Belief,Reg,FALSE,N,FB-Ig,T_B_T,PsychoPyStudy5Stim/T_B_T_6.png,Adam THINKS there are ZERO cubes,Zero,b,h,N,PropFalse,N,0,179,179,288,974.7431344000506,NA,NA,NA,NA,NA,NA,NA,NA,NA,974.7327417000196,5.0500000361353e-4,974.8332765000524,975.2096650000312,975.3100088000064,977.3097755000344,977.7097735000424,977.8121976000256,977.8121976000256,979.8623975000228,h,1,2.035950099991169,NA,979.8628265000298,979.876338300004,979.876338300004,979.876338300004,979.876338300004,979.863307200023,NA,NA,NA,NA,NA,NA,NA,NA,NA,NA,020,001,2025-10-08_09h50.02.814,Study_5_PsychoPy_Experiment,2024.1.5,NA,2025-10-08 09h50.14.055704 +0100
Knowledge,Neg,FALSE,N,NB-TB-K,T_NB,PsychoPyStudy5Stim/T_NB_4.png,Adam does NOT KNOW there is ONE cube,One,b,h,Y,PropFalse,N,0,180,180,43,979.876338300004,NA,NA,NA,NA,NA,NA,NA,NA,NA,979.8636310000438,2.548000193201e-4,979.9609957000356,980.3429554000032,980.443054500036,982.4432631000528,982.843125400017,982.9453973000054,982.9453973000054,985.0288567000534,h,1,2.07039419998182,NA,985.02916440001,985.042870300007,985.042870300007,985.042870300007,985.042870300007,985.0294886000338,NA,NA,NA,NA,NA,NA,NA,NA,NA,NA,020,001,2025-10-08_09h50.02.814,Study_5_PsychoPy_Experiment,2024.1.5,NA,2025-10-08 09h50.14.055704 +0100
Belief,Neg,TRUE,Y,FB-Ig,D_B_T,PsychoPyStudy5Stim/D_B_T_1.png,Adam does NOT THINK there is ONE cube,One,h,b,Y,-,N,0,181,181,24,985.042870300007,NA,NA,NA,NA,NA,NA,NA,NA,NA,985.0297020000288,1.7140002455562e-4,985.1306408000528,985.5094569000066,985.6096511000068,987.609907200036,988.0096973000328,988.1119429000536,988.1119429000536,988.963187300018,b,1,0.848503699991852,NA,988.9638843000284,988.9763488000026,988.9763488000026,988.9763488000026,988.9763488000026,988.9646223000018,NA,NA,NA,NA,NA,NA,NA,NA,NA,NA,020,001,2025-10-08_09h50.02.814,Study_5_PsychoPy_Experiment,2024.1.5,NA,2025-10-08 09h50.14.055704 +0100
Belief,Reg,TRUE,N,FB-Ig,B_TT,PsychoPyStudy5Stim/B_TT_2.png,Adam THINKS there are ZERO cubes,Zero,h,b,N,-,Y,0,182,182,327,988.9763488000026,NA,NA,NA,NA,NA,NA,NA,NA,NA,988.9651377000264,3.9979995926842e-4,989.0676149000064,989.4432147000334,989.543217700033,991.543163000024,991.9431343000032,992.0452975000372,992.0452975000372,993.2298416000558,b,1,1.1714604999870062,NA,993.2306815000484,993.24306790001,993.24306790001,993.24306790001,993.24306790001,993.231598500046,NA,NA,NA,NA,NA,NA,NA,NA,NA,NA,020,001,2025-10-08_09h50.02.814,Study_5_PsychoPy_Experiment,2024.1.5,NA,2025-10-08 09h50.14.055704 +0100
Belief,Neg,FALSE,N,TB-K,TT_B,PsychoPyStudy5Stim/TT_B_3.png,Adam does NOT THINK there are TWO cubes,Two,b,h,Y,PropFalse,N,0,183,183,98,993.24306790001,NA,NA,NA,NA,NA,NA,NA,NA,NA,993.2322395000374,4.9939996097236e-4,993.3289194000536,993.709711500036,993.809869800054,995.8096761000344,996.2097867000266,996.3121252000564,996.3121252000564,997.9461335000232,h,1,1.6240486000315286,NA,997.9464709000312,997.9599354000528,997.9599354000528,997.9599354000528,997.9599354000528,997.9468796,NA,NA,NA,NA,NA,NA,NA,NA,NA,NA,020,001,2025-10-08_09h50.02.814,Study_5_PsychoPy_Experiment,2024.1.5,NA,2025-10-08 09h50.14.055704 +0100
Knowledge,Neg,TRUE,N,NB-TB-K,TT_NB,PsychoPyStudy5Stim/TT_NB_2.png,Adam does NOT KNOW there is ONE cube,One,h,b,Y,-,N,0,184,184,57,997.9599354000528,NA,NA,NA,NA,NA,NA,NA,NA,NA,997.9471440000344,2.1189998369663e-4,998.0334474000264,998.4097239000256,998.5098569000256,1000.5098027000204,1000.90976400004,1001.012073800026,1001.012073800026,1003.8462425000034,h,0,2.820111400040332,NA,1003.846892600006,1003.8596308000268,1003.8596308000268,1003.8596308000268,1003.8596308000268,1003.8476749000256,NA,NA,NA,NA,NA,NA,NA,NA,NA,NA,020,001,2025-10-08_09h50.02.814,Study_5_PsychoPy_Experiment,2024.1.5,NA,2025-10-08 09h50.14.055704 +0100
Knowledge,Neg,TRUE,N,NB-TB-K,T_NB,PsychoPyStudy5Stim/T_NB_1.png,Adam does NOT KNOW there are TWO cubes,Two,h,b,Y,-,N,0,185,185,32,1003.8596308000268,NA,NA,NA,NA,NA,NA,NA,NA,NA,1003.8482237000136,4.3630000436678e-4,1003.94313520001,1004.3262662000488,1004.4264481000135,1006.4262197000209,1006.8263559000334,1006.9287261000136,1006.9287261000136,1011.1796384000336,h,0,4.239465399994515,NA,1011.1803044000408,1011.19294670003,1011.19294670003,1011.19294670003,1011.19294670003,1011.1810022000572,NA,NA,NA,NA,NA,NA,NA,NA,NA,NA,020,001,2025-10-08_09h50.02.814,Study_5_PsychoPy_Experiment,2024.1.5,NA,2025-10-08 09h50.14.055704 +0100
Belief,Reg,TRUE,N,TB-Ig,D_B,PsychoPyStudy5Stim/D_B_D_2.png,Adam THINKS there are ZERO cubes,Zero,h,b,N,-,Y,0,186,186,210,1011.19294670003,NA,NA,NA,NA,NA,NA,NA,NA,NA,1011.1815202000436,3.8459995994344e-4,1011.2734938000212,1011.6429922000387,1011.7430980000064,1013.74311770004,1014.1429876000038,1014.2452118000364,1014.2452118000364,1016.0467172000208,b,1,1.7870323999668472,NA,1016.0475690000458,1016.0596067000296,1016.0596067000296,1016.0596067000296,1016.0596067000296,1016.0484526000218,NA,NA,NA,NA,NA,NA,NA,NA,NA,NA,020,001,2025-10-08_09h50.02.814,Study_5_PsychoPy_Experiment,2024.1.5,NA,2025-10-08 09h50.14.055704 +0100
Belief,Neg,TRUE,N,NB-TB-K,TT_NB,PsychoPyStudy5Stim/TT_NB_4.png,Adam does NOT THINK there is ONE cube,One,h,b,Y,-,N,0,187,187,63,1016.0596067000296,NA,NA,NA,NA,NA,NA,NA,NA,NA,1016.0491272000364,5.3329998627305e-4,1016.131812800013,1016.5094773000455,1016.6098383000352,1018.609634100052,1019.0097184000188,1019.1119627000298,1019.1119627000298,1022.946025800018,h,0,3.816739600035362,NA,1022.9466601000169,1022.9595338000216,1022.9595338000216,1022.9595338000216,1022.9595338000216,1022.9473495000276,NA,NA,NA,NA,NA,NA,NA,NA,NA,NA,020,001,2025-10-08_09h50.02.814,Study_5_PsychoPy_Experiment,2024.1.5,NA,2025-10-08 09h50.14.055704 +0100
Belief,Reg,FALSE,N,TB-K-B,TD_B,PsychoPyStudy5Stim/TD_B_3.png,Adam THINKS there are ZERO cubes,Zero,b,h,N,PropFalse,N,0,188,188,265,1022.9595338000216,NA,NA,NA,NA,NA,NA,NA,NA,NA,1022.9478383000242,3.8490002043545e-4,1023.0331349000336,1023.4096281000528,1023.5097255000146,1025.509547600057,1025.9095864000265,1026.0120897000306,1026.0120897000306,1029.1293589000124,h,1,3.1084227000246756,NA,1029.1300445000525,1029.1428723000572,1029.1428723000572,1029.1428723000572,1029.1428723000572,1029.1307722000056,NA,NA,NA,NA,NA,NA,NA,NA,NA,NA,020,001,2025-10-08_09h50.02.814,Study_5_PsychoPy_Experiment,2024.1.5,NA,2025-10-08 09h50.14.055704 +0100
Knowledge,Reg,FALSE,N,FB-Ig,T_B_T,PsychoPyStudy5Stim/T_B_T_7.png,Adam KNOWS there are ZERO cubes,Zero,b,h,N,PropFalse,N,0,189,189,281,1029.1428723000572,NA,NA,NA,NA,NA,NA,NA,NA,NA,1029.1312895000449,4.0329998591914e-4,1029.2284668000066,1029.609560300014,1029.709687000024,1031.7097421000362,1032.109814000025,1032.2118646000165,1032.2118646000165,1033.7292533,h,1,1.508777699957136,NA,1033.729851000011,1033.742805700051,1033.742805700051,1033.742805700051,1033.742805700051,1033.7305065000546,NA,NA,NA,NA,NA,NA,NA,NA,NA,NA,020,001,2025-10-08_09h50.02.814,Study_5_PsychoPy_Experiment,2024.1.5,NA,2025-10-08 09h50.14.055704 +0100
Knowledge,Reg,TRUE,N,TB-K-B,DD_B,PsychoPyStudy5Stim/DD_B_1.png,Adam KNOWS there are ZERO cubes,Zero,h,b,N,-,N,0,190,190,215,1033.742805700051,NA,NA,NA,NA,NA,NA,NA,NA,NA,1033.7309609000222,3.5489996662363e-4,1033.812955200032,1034.1928263000443,1034.293024800019,1036.2929874000256,1036.6928334000404,1036.7953366000438,1036.7953366000438,1038.0458939000382,b,1,1.2361754999728871,NA,1038.0464483000103,1038.0594657000038,1038.0594657000038,1038.0594657000038,1038.0594657000038,1038.0470783000346,NA,NA,NA,NA,NA,NA,NA,NA,NA,NA,020,001,2025-10-08_09h50.02.814,Study_5_PsychoPy_Experiment,2024.1.5,NA,2025-10-08 09h50.14.055704 +0100
Belief,Neg,TRUE,N,TB-K,TD_B,PsychoPyStudy5Stim/TD_B_3.png,Adam does NOT THINK there are TWO cubes,Two,h,b,Y,-,N,0,191,191,110,1038.0594657000038,NA,NA,NA,NA,NA,NA,NA,NA,NA,1038.047515800048,3.4259998938068e-4,1038.133113900025,1038.509660700045,1038.609823900042,1040.609580600052,1041.0096768000512,1041.1122981000226,1041.1122981000226,1044.912576200033,b,1,3.783687599992845,NA,1044.9131985999993,1044.92609730002,1044.92609730002,1044.92609730002,1044.92609730002,1044.913905400026,NA,NA,NA,NA,NA,NA,NA,NA,NA,NA,020,001,2025-10-08_09h50.02.814,Study_5_PsychoPy_Experiment,2024.1.5,NA,2025-10-08 09h50.14.055704 +0100
Belief,Reg,TRUE,N,TB-Ig,D_B,PsychoPyStudy5Stim/D_B_1.png,Adam THINKS there are ZERO cubes,Zero,h,b,N,-,Y,0,192,192,200,1044.92609730002,NA,NA,NA,NA,NA,NA,NA,NA,NA,1044.9143818000448,3.7030002567917e-4,1045.0115012000315,1045.3928638000507,1045.4929148000083,1047.4929054000531,1047.892943600018,1047.9952330000233,1047.9952330000233,1050.6792836000095,b,1,2.668279599980451,NA,1050.6798690000433,1050.6927342000415,1050.6927342000415,1050.6927342000415,1050.6927342000415,1050.6805063000063,NA,NA,NA,NA,NA,NA,NA,NA,NA,NA,020,001,2025-10-08_09h50.02.814,Study_5_PsychoPy_Experiment,2024.1.5,NA,2025-10-08 09h50.14.055704 +0100
Belief,Neg,FALSE,N,NB-TB-K,T_NB,PsychoPyStudy5Stim/T_NB_4.png,Adam does NOT THINK there is ONE cube,One,b,h,Y,PropFalse,N,0,193,193,51,1050.6927342000415,NA,NA,NA,NA,NA,NA,NA,NA,NA,1050.6809390000417,3.4029997186735e-4,1050.7723474000231,1051.1428792000515,1051.242844100052,1053.242961800017,1053.6428947000531,1053.7452422000351,1053.7452422000351,1056.9457856000515,h,1,3.1839424000354484,NA,1056.9463735000463,1056.9593541000504,1056.9593541000504,1056.9593541000504,1056.9593541000504,1056.9469962000148,NA,NA,NA,NA,NA,NA,NA,NA,NA,NA,020,001,2025-10-08_09h50.02.814,Study_5_PsychoPy_Experiment,2024.1.5,NA,2025-10-08 09h50.14.055704 +0100
Knowledge,Neg,FALSE,N,NB-TB-K,TT_NB,PsychoPyStudy5Stim/TT_NB_5.png,Adam does NOT KNOW there are TWO cubes,Two,b,h,Y,PropFalse,N,0,194,194,68,1056.9593541000504,NA,NA,NA,NA,NA,NA,NA,NA,NA,1056.947452500055,3.3800001256167e-4,1057.0304496000172,1057.4095492000342,1057.5097504000296,1059.5094237000449,1059.909572800039,1060.0119526000344,1060.0119526000344,1061.7626182000386,h,1,1.7399649000144564,NA,1061.763305600034,1061.776066600054,1061.776066600054,1061.776066600054,1061.776066600054,1061.7639927000273,NA,NA,NA,NA,NA,NA,NA,NA,NA,NA,020,001,2025-10-08_09h50.02.814,Study_5_PsychoPy_Experiment,2024.1.5,NA,2025-10-08 09h50.14.055704 +0100
Knowledge,Neg,TRUE,Y,FB-Ig,D_B_T,PsychoPyStudy5Stim/D_B_T_1.png,Adam does NOT KNOW there is ONE cube,One,h,b,Y,-,N,0,195,195,8,1061.776066600054,NA,NA,NA,NA,NA,NA,NA,NA,NA,1061.7644763000426,3.7530000554397e-4,1061.8499070000253,1062.226144600019,1062.3263433000538,1064.3262687000097,1064.7261495000566,1064.8284937000135,1064.8284937000135,1066.3951908000165,b,1,1.5554340000380762,NA,1066.3954856000491,1066.4091730000218,1066.4091730000218,1066.4091730000218,1066.4091730000218,1066.395784100052,NA,NA,NA,NA,NA,NA,NA,NA,NA,NA,020,001,2025-10-08_09h50.02.814,Study_5_PsychoPy_Experiment,2024.1.5,NA,2025-10-08 09h50.14.055704 +0100
Belief,Reg,TRUE,N,NB-TB-K,TT_NB,PsychoPyStudy5Stim/TT_NB_5.png,Adam THINKS there are TWO cubes,Two,h,b,N,-,N,0,196,196,177,1066.4091730000218,NA,NA,NA,NA,NA,NA,NA,NA,NA,1066.3960093000203,1.8219999037683e-4,1066.4764919000445,1066.8594788000337,1066.959469500056,1068.9595165000064,1069.3595129000023,1069.4617680000374,1069.4617680000374,1071.6625386000378,b,1,2.186258200032171,NA,1071.6631834,1071.6760348000098,1071.6760348000098,1071.6760348000098,1071.6760348000098,1071.6638687000377,NA,NA,NA,NA,NA,NA,NA,NA,NA,NA,020,001,2025-10-08_09h50.02.814,Study_5_PsychoPy_Experiment,2024.1.5,NA,2025-10-08 09h50.14.055704 +0100
Knowledge,Neg,TRUE,N,TB-K,TT_B,PsychoPyStudy5Stim/TT_B_1.png,Adam does NOT KNOW there is ONE cube,One,h,b,Y,-,N,0,197,197,80,1071.6760348000098,NA,NA,NA,NA,NA,NA,NA,NA,NA,1071.6643801000318,3.7940003676339e-4,1071.7498954000184,1072.1260670000338,1072.2261766000302,1074.2262628000462,1074.626156400016,1074.7284420000506,1074.7284420000506,1077.1795026000473,h,0,2.449063100037165,NA,1077.180175400048,1077.1927533000126,1077.1927533000126,1077.1927533000126,1077.1927533000126,1077.180900700041,NA,NA,NA,NA,NA,NA,NA,NA,NA,NA,020,001,2025-10-08_09h50.02.814,Study_5_PsychoPy_Experiment,2024.1.5,NA,2025-10-08 09h50.14.055704 +0100
Belief,Neg,FALSE,N,NB-TB-K,T_NB,PsychoPyStudy5Stim/T_NB_7.png,Adam does NOT THINK there is ONE cube,One,b,h,Y,PropFalse,N,0,198,198,54,1077.1927533000126,NA,NA,NA,NA,NA,NA,NA,NA,NA,1077.1814178000204,4.033000441268e-4,1077.2778086000471,1077.659422800003,1077.7595552000566,1079.759435200016,1080.1594912,1080.2617475000443,1080.2617475000443,1082.2959842000273,h,1,2.026624500053003,NA,1082.2966427000356,1082.3091543000191,1082.3091543000191,1082.3091543000191,1082.3091543000191,1082.2973731000093,NA,NA,NA,NA,NA,NA,NA,NA,NA,NA,020,001,2025-10-08_09h50.02.814,Study_5_PsychoPy_Experiment,2024.1.5,NA,2025-10-08 09h50.14.055704 +0100
Belief,Neg,TRUE,N,TB-K,TD_B,PsychoPyStudy5Stim/TD_B_4.png,Adam does NOT THINK there are TWO cubes,Two,h,b,Y,-,N,0,199,199,111,1082.3091543000191,NA,NA,NA,NA,NA,NA,NA,NA,NA,1082.2978839999996,3.9880000986158e-4,1082.3804008000295,1082.7595468000509,1082.8594379000133,1084.8593711000285,1085.2594845000422,1085.361901300028,1085.361901300028,1092.478984800051,b,1,7.110675400006585,NA,1092.4794683000073,1092.4925746000372,1092.4925746000372,1092.4925746000372,1092.4925746000372,1092.4800289000268,NA,NA,NA,NA,NA,NA,NA,NA,NA,NA,020,001,2025-10-08_09h50.02.814,Study_5_PsychoPy_Experiment,2024.1.5,NA,2025-10-08 09h50.14.055704 +0100
Knowledge,Neg,FALSE,N,TB-K,TD_B,PsychoPyStudy5Stim/TD_B_8.png,Adam does NOT KNOW there is ONE cube,One,b,h,Y,PropFalse,N,0,200,200,119,1092.4925746000372,NA,NA,NA,NA,NA,NA,NA,NA,NA,1092.4803976000403,2.8899998869746e-4,1092.5650720000267,1092.9426776000182,1093.0428079000558,1095.0427695000544,1095.442814400012,1095.5451079000486,1095.5451079000486,1099.2120456000555,h,1,3.662181199993938,NA,1099.2125365000102,1099.2258867000346,1099.2258867000346,1099.2258867000346,1099.2258867000346,1099.213027200021,NA,NA,NA,NA,NA,NA,NA,NA,NA,NA,020,001,2025-10-08_09h50.02.814,Study_5_PsychoPy_Experiment,2024.1.5,NA,2025-10-08 09h50.14.055704 +0100
Reality,Reg,FALSE,N,FB-Ig,B_T,PsychoPyStudy5Stim/B_T_3.png,"In REALITY, there are ZERO cubes",Zero,b,h,N,-,N,0,201,201,319,1099.2258867000346,NA,NA,NA,NA,NA,NA,NA,NA,NA,1099.2133590000449,2.6150001212954e-4,1099.3052996000042,1099.676019800012,1099.776131200022,1101.7760491000372,1102.176041300001,1102.278619400051,1102.278619400051,1103.412484500033,h,1,1.130217799975071,NA,1103.4128936000052,1103.4257342000492,1103.4257342000492,1103.4257342000492,1103.4257342000492,1103.4132290000562,NA,NA,NA,NA,NA,NA,NA,NA,NA,NA,020,001,2025-10-08_09h50.02.814,Study_5_PsychoPy_Experiment,2024.1.5,NA,2025-10-08 09h50.14.055704 +0100
Knowledge,Reg,FALSE,N,FB-Ig,T_B_T,PsychoPyStudy5Stim/T_B_T_6.png,Adam KNOWS there are ZERO cubes,Zero,b,h,N,PropFalse,N,0,202,202,280,1103.4257342000492,NA,NA,NA,NA,NA,NA,NA,NA,NA,1103.4135011000326,2.1169998217374e-4,1103.501550200046,1103.876001000055,1103.976127700007,1105.9760654000563,1106.3759011000511,1106.4782172000268,1106.4782172000268,1107.8954104000004,h,1,1.4015710999956354,NA,1107.8957220000448,1107.9092046000296,1107.9092046000296,1107.9092046000296,1107.9092046000296,1107.896105300053,NA,NA,NA,NA,NA,NA,NA,NA,NA,NA,020,001,2025-10-08_09h50.02.814,Study_5_PsychoPy_Experiment,2024.1.5,NA,2025-10-08 09h50.14.055704 +0100
Belief,Reg,FALSE,N,TB-K-B,TD_B,PsychoPyStudy5Stim/TD_B_8.png,Adam THINKS there are ZERO cubes,Zero,b,h,N,PropFalse,N,0,203,203,270,1107.9092046000296,NA,NA,NA,NA,NA,NA,NA,NA,NA,1107.8963260000455,1.7529999604448e-4,1107.985696000047,1108.359287600033,1108.4596538000042,1110.4593925000518,1110.8593250000267,1110.9617079000454,1110.9617079000454,1113.3455188000223,h,1,2.3822932999464683,NA,1113.3458201000467,1113.3591163000092,1113.3591163000092,1113.3591163000092,1113.3591163000092,1113.3461530000204,NA,NA,NA,NA,NA,NA,NA,NA,NA,NA,020,001,2025-10-08_09h50.02.814,Study_5_PsychoPy_Experiment,2024.1.5,NA,2025-10-08 09h50.14.055704 +0100
Belief,Reg,TRUE,N,TB-K-B,DD_B,PsychoPyStudy5Stim/DD_B_7.png,Adam THINKS there are ZERO cubes,Zero,h,b,N,-,N,0,204,204,232,1113.3591163000092,NA,NA,NA,NA,NA,NA,NA,NA,NA,1113.3463664000155,1.6769999638199e-4,1113.42854980001,1113.8090249000234,1113.9091764000475,1115.9091840000474,1116.3091986000072,1116.4116442000377,1116.4116442000377,1117.5785560000222,b,1,1.1563134000170976,NA,1117.5788593000034,1117.592383100011,1117.592383100011,1117.592383100011,1117.592383100011,1117.5791792000527,NA,NA,NA,NA,NA,NA,NA,NA,NA,NA,020,001,2025-10-08_09h50.02.814,Study_5_PsychoPy_Experiment,2024.1.5,NA,2025-10-08 09h50.14.055704 +0100
Knowledge,Reg,TRUE,N,NB-TB-K,TT_NB,PsychoPyStudy5Stim/TT_NB_7.png,Adam KNOWS there are TWO cubes,Two,h,b,N,-,N,0,205,205,173,1117.592383100011,NA,NA,NA,NA,NA,NA,NA,NA,NA,1117.5793923000456,1.6880000475794e-4,1117.665989000001,1118.0423700000392,1118.1425119000487,1120.1426536000215,1120.5424899000209,1120.644844100054,1120.644844100054,1121.9454015000374,b,1,1.2922031999914907,NA,1121.945879100007,1121.9591407000553,1121.9591407000553,1121.9591407000553,1121.9591407000553,1121.9464324000292,NA,NA,NA,NA,NA,NA,NA,NA,NA,NA,020,001,2025-10-08_09h50.02.814,Study_5_PsychoPy_Experiment,2024.1.5,NA,2025-10-08 09h50.14.055704 +0100
Belief,Neg,TRUE,N,TB-K,TT_B,PsychoPyStudy5Stim/TT_B_2.png,Adam does NOT THINK there is ONE cube,One,h,b,Y,-,N,0,206,206,85,1121.9591407000553,NA,NA,NA,NA,NA,NA,NA,NA,NA,1121.9468036000037,2.911000046879e-4,1122.032713600027,1122.4092473000055,1122.50951980002,1124.509205600014,1124.9091425000224,1125.0117698000397,1125.0117698000397,1127.6117459000088,h,0,2.5882714999606833,NA,1127.6120415000478,1127.6257433000137,1127.6257433000137,1127.6257433000137,1127.6257433000137,1127.6123758000322,NA,NA,NA,NA,NA,NA,NA,NA,NA,NA,020,001,2025-10-08_09h50.02.814,Study_5_PsychoPy_Experiment,2024.1.5,NA,2025-10-08 09h50.14.055704 +0100
Knowledge,Reg,TRUE,N,NB-TB-K,DT_NB,PsychoPyStudy5Stim/TD_NB_2.png,Adam KNOWS there is ONE cube,One,h,b,N,-,N,0,207,207,164,1127.6257433000137,NA,NA,NA,NA,NA,NA,NA,NA,NA,1127.6127999000018,3.8260000292211e-4,1127.707747300039,1128.09231180005,1128.1924405000173,1130.1950478000217,1130.592580000055,1130.6949331000214,1130.6949331000214,1132.295334000024,b,1,1.5928473999956625,NA,1132.295852900017,1132.3091060000006,1132.3091060000006,1132.3091060000006,1132.3091060000006,1132.2963877000147,NA,NA,NA,NA,NA,NA,NA,NA,NA,NA,020,001,2025-10-08_09h50.02.814,Study_5_PsychoPy_Experiment,2024.1.5,NA,2025-10-08 09h50.14.055704 +0100
Belief,Reg,TRUE,N,TB-K-B,TT_B,PsychoPyStudy5Stim/TT_B_7.png,Adam THINKS there are TWO cubes,Two,h,b,N,-,N,0,208,208,248,1132.3091060000006,NA,NA,NA,NA,NA,NA,NA,NA,NA,1132.2967875000322,3.1819997821003e-4,1132.383104700013,1132.7591551000369,1132.8591463000048,1134.8591204000404,1135.2591058000107,1135.3615601000492,1135.3615601000492,1136.9952801000327,b,1,1.6304714000434617,NA,1136.9956062000128,1137.0089796000393,1137.0089796000393,1137.0089796000393,1137.0089796000393,1136.9959368000273,NA,NA,NA,NA,NA,NA,NA,NA,NA,NA,020,001,2025-10-08_09h50.02.814,Study_5_PsychoPy_Experiment,2024.1.5,NA,2025-10-08 09h50.14.055704 +0100
Knowledge,Reg,FALSE,N,TB-K-B,DD_B,PsychoPyStudy5Stim/DD_B_2.png,Adam KNOWS there is ONE cube,One,b,h,N,PropFalse,N,0,209,209,225,1137.0089796000393,NA,NA,NA,NA,NA,NA,NA,NA,NA,1136.996152600041,1.72299973201e-4,1137.08495400002,1137.4590478000464,1137.5591732000466,1139.5591080000158,1139.9591804000083,1140.0614628000185,1140.0614628000185,1144.078495600028,h,1,4.010108300019056,NA,1144.078943600005,1144.0923564000404,1144.0923564000404,1144.0923564000404,1144.0923564000404,1144.0793782000546,NA,NA,NA,NA,NA,NA,NA,NA,NA,NA,020,001,2025-10-08_09h50.02.814,Study_5_PsychoPy_Experiment,2024.1.5,NA,2025-10-08 09h50.14.055704 +0100
Reality,Reg,TRUE,N,TB-Ig,D_B,PsychoPyStudy5Stim/D_B_1.png,"In REALITY, there are ZERO cubes",Zero,h,b,N,-,N,0,210,210,203,1144.0923564000404,NA,NA,NA,NA,NA,NA,NA,NA,NA,1144.0797106000246,2.6200001593679e-4,1144.165621000051,1144.542507000035,1144.642579700041,1146.6423788000247,1147.042552900035,1147.1446887000347,1147.1446887000347,1148.1786852000514,b,1,1.0236797999823466,NA,1148.1791318000178,1148.1924388000043,1148.1924388000043,1148.1924388000043,1148.1924388000043,1148.1796950999997,NA,NA,NA,NA,NA,NA,NA,NA,NA,NA,020,001,2025-10-08_09h50.02.814,Study_5_PsychoPy_Experiment,2024.1.5,NA,2025-10-08 09h50.14.055704 +0100
Belief,Reg,FALSE,N,FB-Ig,T_B_T,PsychoPyStudy5Stim/T_B_T_4.png,Adam THINKS there are ZERO cubes,Zero,b,h,N,PropFalse,N,0,211,211,286,1148.1924388000043,NA,NA,NA,NA,NA,NA,NA,NA,NA,1148.1800197000266,2.5609997101128e-4,1148.2774209000054,1148.6591639000108,1148.7592982000206,1150.75939250004,1151.1592038000235,1151.2614389000228,1151.2614389000228,1152.9957236000337,h,1,1.7223056000075303,NA,1152.9963876000256,1153.0091388000292,1153.0091388000292,1153.0091388000292,1153.0091388000292,1152.9971221000303,NA,NA,NA,NA,NA,NA,NA,NA,NA,NA,020,001,2025-10-08_09h50.02.814,Study_5_PsychoPy_Experiment,2024.1.5,NA,2025-10-08 09h50.14.055704 +0100
Belief,Reg,FALSE,N,FB-Ig,T_B_T,PsychoPyStudy5Stim/T_B_T_1.png,Adam THINKS there are ZERO cubes,Zero,b,h,N,PropFalse,N,0,212,212,283,1153.0091388000292,NA,NA,NA,NA,NA,NA,NA,NA,NA,1152.997635000036,4.0119996992871e-4,1153.0874582000542,1153.4591359000187,1153.5591239000205,1155.5593627000344,1155.959193000046,1156.0617069000143,1156.0617069000143,1157.5449358000187,h,1,1.4742251000134274,NA,1157.5452626000042,1157.5590145000024,1157.5590145000024,1157.5590145000024,1157.5590145000024,1157.5456270000432,NA,NA,NA,NA,NA,NA,NA,NA,NA,NA,020,001,2025-10-08_09h50.02.814,Study_5_PsychoPy_Experiment,2024.1.5,NA,2025-10-08 09h50.14.055704 +0100
Knowledge,Neg,FALSE,N,NB-TB-K,T_NB,PsychoPyStudy5Stim/T_NB_7.png,Adam does NOT KNOW there is ONE cube,One,b,h,Y,PropFalse,N,0,213,213,46,1157.5590145000024,NA,NA,NA,NA,NA,NA,NA,NA,NA,1157.5458655000548,1.8869998166337e-4,1157.630837700039,1158.0091424999991,1158.109126800031,1160.1093045000453,1160.5092457000285,1160.611657200032,1160.611657200032,1161.8964093000395,h,1,1.275723600003403,NA,1161.897305600054,1161.9090876000118,1161.9090876000118,1161.9090876000118,1161.9090876000118,1161.898312000034,NA,NA,NA,NA,NA,NA,NA,NA,NA,NA,020,001,2025-10-08_09h50.02.814,Study_5_PsychoPy_Experiment,2024.1.5,NA,2025-10-08 09h50.14.055704 +0100
Belief,Reg,TRUE,N,NB-TB-K,DT_NB,PsychoPyStudy5Stim/TD_NB_1.png,Adam THINKS there is ONE cube,One,h,b,N,-,N,0,214,214,165,1161.9090876000118,NA,NA,NA,NA,NA,NA,NA,NA,NA,1161.8990281000151,5.3260003915056e-4,1161.977265100053,1162.3592678000568,1162.4593233000487,1164.458969600033,1164.859026600025,1164.961530700035,1164.961530700035,1166.161519700021,b,1,1.198732500022743,NA,1166.161811800033,1166.1755076000118,1166.1755076000118,1166.1755076000118,1166.1755076000118,1166.1621287000016,NA,NA,NA,NA,NA,NA,NA,NA,NA,NA,020,001,2025-10-08_09h50.02.814,Study_5_PsychoPy_Experiment,2024.1.5,NA,2025-10-08 09h50.14.055704 +0100
Reality,Reg,TRUE,N,TB-K-B,DD_B,PsychoPyStudy5Stim/DD_B_6.png,"In REALITY, there are ZERO cubes",Zero,h,b,N,-,N,0,215,215,237,1166.1755076000118,NA,NA,NA,NA,NA,NA,NA,NA,NA,1166.16233380005,1.6309996135532e-4,1166.2476677000525,1166.6256216000183,1166.7257765000104,1168.7257926000166,1169.125790400023,1169.2281543000136,1169.2281543000136,1170.812005500018,b,1,1.571377600019332,NA,1170.8125944000203,1170.8256745000251,1170.8256745000251,1170.8256745000251,1170.8256745000251,1170.8132145000272,NA,NA,NA,NA,NA,NA,NA,NA,NA,NA,020,001,2025-10-08_09h50.02.814,Study_5_PsychoPy_Experiment,2024.1.5,NA,2025-10-08 09h50.14.055704 +0100
Belief,Reg,FALSE,N,NB-TB-K,TT_NB,PsychoPyStudy5Stim/TT_NB_7.png,Adam THINKS there are ZERO cubes,Zero,b,h,N,PropFalse,N,0,216,216,187,1170.8256745000251,NA,NA,NA,NA,NA,NA,NA,NA,NA,1170.813672600023,3.6560004809871e-4,1170.9225460000453,1171.2922889000038,1171.3926500000523,1173.3926109000458,1173.792421500024,1173.8946273000329,1173.8946273000329,1178.178980400029,h,1,4.282518199994229,NA,1178.1795598000172,1178.1923332000151,1178.1923332000151,1178.1923332000151,1178.1923332000151,1178.1802723000292,NA,NA,NA,NA,NA,NA,NA,NA,NA,NA,020,001,2025-10-08_09h50.02.814,Study_5_PsychoPy_Experiment,2024.1.5,NA,2025-10-08 09h50.14.055704 +0100
Knowledge,Neg,TRUE,Y,FB-Ig,D_B_T,PsychoPyStudy5Stim/D_B_T_6.png,Adam does NOT KNOW there is ONE cube,One,h,b,Y,-,N,0,217,217,13,1178.1923332000151,NA,NA,NA,NA,NA,NA,NA,NA,NA,1178.180726300052,3.5540002863854e-4,1178.2675671000034,1178.6421933000092,1178.7426046000328,1180.7424061000347,1181.1423709000228,1181.2448391000507,1181.2448391000507,1183.745487200038,b,1,2.483158999995794,NA,1183.7461521000369,1183.758971400035,1183.758971400035,1183.758971400035,1183.758971400035,1183.74689400004,NA,NA,NA,NA,NA,NA,NA,NA,NA,NA,020,001,2025-10-08_09h50.02.814,Study_5_PsychoPy_Experiment,2024.1.5,NA,2025-10-08 09h50.14.055704 +0100
Belief,Reg,FALSE,N,FB-Ig,D_B_T,PsychoPyStudy5Stim/D_B_T_3.png,Adam THINKS there are TWO cubes,Two,b,h,N,PropFalse,N,0,218,218,301,1183.758971400035,NA,NA,NA,NA,NA,NA,NA,NA,NA,1183.7474081000546,4.0060002356767e-4,1183.8333555000136,1184.2090179000515,1184.3091844000155,1186.3090840000075,1186.7090645000571,1186.8114548000158,1186.8114548000158,1191.1788459000527,h,1,4.356113000016194,NA,1191.1795119000017,1191.1923031000188,1191.1923031000188,1191.1923031000188,1191.1923031000188,1191.180203100026,NA,NA,NA,NA,NA,NA,NA,NA,NA,NA,020,001,2025-10-08_09h50.02.814,Study_5_PsychoPy_Experiment,2024.1.5,NA,2025-10-08 09h50.14.055704 +0100
Reality,Reg,TRUE,N,NB-TB-K,T_NB,PsychoPyStudy5Stim/T_NB_6.png,"In REALITY, there is ONE cube",One,h,b,N,-,N,0,219,219,145,1191.1923031000188,NA,NA,NA,NA,NA,NA,NA,NA,NA,1191.1807260000496,4.1549996240064e-4,1191.279968500021,1191.6590143000358,1191.759124400036,1193.7589730000473,1194.159063500003,1194.2614023000351,1194.2614023000351,1194.8783595000275,b,1,0.6102989999926649,NA,1194.8788664000458,1194.8921421000268,1194.8921421000268,1194.8921421000268,1194.8921421000268,1194.8793991000275,NA,NA,NA,NA,NA,NA,NA,NA,NA,NA,020,001,2025-10-08_09h50.02.814,Study_5_PsychoPy_Experiment,2024.1.5,NA,2025-10-08 09h50.14.055704 +0100
Belief,Reg,FALSE,N,TB-K-B,TD_B,PsychoPyStudy5Stim/TD_B_1.png,Adam THINKS there are ZERO cubes,Zero,b,h,N,PropFalse,N,0,220,220,263,1194.8921421000268,NA,NA,NA,NA,NA,NA,NA,NA,NA,1194.8797957000206,3.1720002880319e-4,1194.9699853000348,1195.3423932000296,1195.44234410004,1197.4423941000132,1197.8423642000416,1197.944625300006,1197.944625300006,1202.1786826000316,h,1,4.223066100035794,NA,1202.1793036000454,1202.1922795000137,1202.1922795000137,1202.1922795000137,1202.1922795000137,1202.1800533000496,NA,NA,NA,NA,NA,NA,NA,NA,NA,NA,020,001,2025-10-08_09h50.02.814,Study_5_PsychoPy_Experiment,2024.1.5,NA,2025-10-08 09h50.14.055704 +0100
Reality,Reg,FALSE,N,NB-TB-K,TT_NB,PsychoPyStudy5Stim/TT_NB_4.png,"In REALITY, there is ONE cube",One,b,h,N,PropFalse,N,0,221,221,196,1202.1922795000137,NA,NA,NA,NA,NA,NA,NA,NA,NA,1202.1805351000512,3.776999656111e-4,1202.2748997000162,1202.6588512000162,1202.7590876000468,1204.759062600031,1205.1589540000425,1205.2611743000452,1205.2611743000452,1206.9449155000038,h,1,1.6738719000131823,NA,1206.9454243000364,1206.958861800027,1206.958861800027,1206.958861800027,1206.958861800027,1206.9459582000272,NA,NA,NA,NA,NA,NA,NA,NA,NA,NA,020,001,2025-10-08_09h50.02.814,Study_5_PsychoPy_Experiment,2024.1.5,NA,2025-10-08 09h50.14.055704 +0100
Belief,Reg,TRUE,N,NB-TB-K,TT_NB,PsychoPyStudy5Stim/TT_NB_7.png,Adam THINKS there are TWO cubes,Two,h,b,N,-,N,0,222,222,179,1206.958861800027,NA,NA,NA,NA,NA,NA,NA,NA,NA,1206.9463763000094,3.3870001789182e-4,1207.0400405000546,1207.4256013000268,1207.5257479000138,1209.5256187000195,1209.9256581000518,1210.0279935,1210.0279935,1211.3122034000116,b,1,1.275110400049016,NA,1211.3128704000264,1211.325597600022,1211.325597600022,1211.325597600022,1211.325597600022,1211.3136027000146,NA,NA,NA,NA,NA,NA,NA,NA,NA,NA,020,001,2025-10-08_09h50.02.814,Study_5_PsychoPy_Experiment,2024.1.5,NA,2025-10-08 09h50.14.055704 +0100
Belief,Neg,TRUE,Y,FB-Ig,D_B_T,PsychoPyStudy5Stim/D_B_T_7.png,Adam does NOT THINK there is ONE cube,One,h,b,Y,-,N,0,223,223,30,1211.325597600022,NA,NA,NA,NA,NA,NA,NA,NA,NA,1211.31415250001,4.3600000208243e-4,1211.4154276000336,1211.792344400019,1211.8921888000332,1213.892298800056,1214.2923979000188,1214.3946399000124,1214.3946399000124,1219.0957090000156,b,1,4.692810399981681,NA,1219.096021400008,1219.10880300001,1219.10880300001,1219.10880300001,1219.10880300001,1219.096345500031,NA,NA,NA,NA,NA,NA,NA,NA,NA,NA,020,001,2025-10-08_09h50.02.814,Study_5_PsychoPy_Experiment,2024.1.5,NA,2025-10-08 09h50.14.055704 +0100
Knowledge,Neg,TRUE,Y,FB-Ig,D_B_T,PsychoPyStudy5Stim/D_B_T_7.png,Adam does NOT KNOW there is ONE cube,One,h,b,Y,-,N,0,224,224,14,1219.10880300001,NA,NA,NA,NA,NA,NA,NA,NA,NA,1219.0965620000495,1.7319998005405e-4,1219.1810237000464,1219.558906000049,1219.658937900036,1221.6590058000293,1222.059039500018,1222.1613451000303,1222.1613451000303,1225.8455096000107,b,1,3.669937899976503,NA,1225.8462078000302,1225.85885280004,1225.85885280004,1225.85885280004,1225.85885280004,1225.846935800044,NA,NA,NA,NA,NA,NA,NA,NA,NA,NA,020,001,2025-10-08_09h50.02.814,Study_5_PsychoPy_Experiment,2024.1.5,NA,2025-10-08 09h50.14.055704 +0100
Belief,Reg,FALSE,N,NB-TB-K,TT_NB,PsychoPyStudy5Stim/TT_NB_8.png,Adam THINKS there are ZERO cubes,Zero,b,h,N,PropFalse,N,0,225,225,188,1225.85885280004,NA,NA,NA,NA,NA,NA,NA,NA,NA,1225.8474792000488,4.0590000571683e-4,1225.943471400009,1226.325564000057,1226.4256474000283,1228.42570240004,1228.8256317000487,1228.9279452000046,1228.9279452000046,1230.5459431000054,h,1,1.6082285000011325,NA,1230.546812900051,1230.5589225000003,1230.5589225000003,1230.5589225000003,1230.5589225000003,1230.5477502000283,NA,NA,NA,NA,NA,NA,NA,NA,NA,NA,020,001,2025-10-08_09h50.02.814,Study_5_PsychoPy_Experiment,2024.1.5,NA,2025-10-08 09h50.14.055704 +0100
Knowledge,Reg,FALSE,N,TB-K-B,TT_B,PsychoPyStudy5Stim/TT_B_1.png,Adam KNOWS there is ONE cube,One,b,h,N,PropFalse,N,0,226,226,245,1230.5589225000003,NA,NA,NA,NA,NA,NA,NA,NA,NA,1230.5484425000031,5.4139998974278e-4,1230.6598184000468,1231.0422265000525,1231.1423346000374,1233.1423532000044,1233.5422274000011,1233.6446357000386,1233.6446357000386,1234.712254600017,h,1,1.050844400015194,NA,1234.7130140000372,1234.7254844000563,1234.7254844000563,1234.7254844000563,1234.7254844000563,1234.7139762000295,NA,NA,NA,NA,NA,NA,NA,NA,NA,NA,020,001,2025-10-08_09h50.02.814,Study_5_PsychoPy_Experiment,2024.1.5,NA,2025-10-08 09h50.14.055704 +0100
Knowledge,Reg,TRUE,N,NB-TB-K,T_NB,PsychoPyStudy5Stim/T_NB_2.png,Adam KNOWS there is ONE cube,One,h,b,N,-,N,0,227,227,141,1234.7254844000563,NA,NA,NA,NA,NA,NA,NA,NA,NA,1234.714558800042,4.5569997746497e-4,1234.8084072000347,1235.1920715000017,1235.2923084000358,1237.2922954000533,1237.6922258000122,1237.7942986000562,1237.7942986000562,1238.7281385000097,b,1,0.9178651999682188,NA,1238.72843930003,1238.7419240000308,1238.7419240000308,1238.7419240000308,1238.7419240000308,1238.7287748000235,NA,NA,NA,NA,NA,NA,NA,NA,NA,NA,020,001,2025-10-08_09h50.02.814,Study_5_PsychoPy_Experiment,2024.1.5,NA,2025-10-08 09h50.14.055704 +0100
Belief,Reg,TRUE,N,FB-Ig,B_TT,PsychoPyStudy5Stim/B_TT_5.png,Adam THINKS there are ZERO cubes,Zero,h,b,N,-,Y,0,228,228,330,1238.7419240000308,NA,NA,NA,NA,NA,NA,NA,NA,NA,1238.7289870000095,1.6840000171214e-4,1238.8254145000246,1239.208780600049,1239.3089047000394,1241.308936000045,1241.7089354000054,1241.8111732000252,1241.8111732000252,1243.8119812000075,b,1,1.9886077000410296,NA,1243.812610300025,1243.8254638000508,1243.8254638000508,1243.8254638000508,1243.8254638000508,1243.8133171000518,NA,NA,NA,NA,NA,NA,NA,NA,NA,NA,020,001,2025-10-08_09h50.02.814,Study_5_PsychoPy_Experiment,2024.1.5,NA,2025-10-08 09h50.14.055704 +0100
Belief,Reg,FALSE,N,NB-TB-K,TT_NB,PsychoPyStudy5Stim/TT_NB_3.png,Adam THINKS there are ZERO cubes,Zero,b,h,N,PropFalse,N,0,229,229,183,1243.8254638000508,NA,NA,NA,NA,NA,NA,NA,NA,NA,1243.8138374000555,4.1390000842511e-4,1243.9191374000511,1244.2921325000352,1244.392323100008,1246.3920117000234,1246.7921447000117,1246.894926100038,1246.894926100038,1248.1611779000375,h,1,1.2564064000034705,NA,1248.16149160004,1248.1752142000478,1248.1752142000478,1248.1752142000478,1248.1752142000478,1248.1618184000254,NA,NA,NA,NA,NA,NA,NA,NA,NA,NA,020,001,2025-10-08_09h50.02.814,Study_5_PsychoPy_Experiment,2024.1.5,NA,2025-10-08 09h50.14.055704 +0100
Belief,Neg,FALSE,N,TB-K,TT_B,PsychoPyStudy5Stim/TT_B_6.png,Adam does NOT THINK there are TWO cubes,Two,b,h,Y,PropFalse,N,0,230,230,101,1248.1752142000478,NA,NA,NA,NA,NA,NA,NA,NA,NA,1248.1620282000513,1.6820000018924e-4,1248.2590181000414,1248.6419185000125,1248.7420509000076,1250.7422382000368,1251.1421990000526,1251.2444787000422,1251.2444787000422,1258.1282542000408,b,0,6.875065399974119,NA,1258.128741500026,1258.1420437000345,1258.1420437000345,1258.1420437000345,1258.1420437000345,1258.1292797000497,NA,NA,NA,NA,NA,NA,NA,NA,NA,NA,020,001,2025-10-08_09h50.02.814,Study_5_PsychoPy_Experiment,2024.1.5,NA,2025-10-08 09h50.14.055704 +0100
Knowledge,Neg,TRUE,Y,FB-Ig,T_B_T,PsychoPyStudy5Stim/T_B_T_6.png,Adam does NOT KNOW there are TWO cubes,Two,h,b,Y,-,N,0,231,231,5,1258.1420437000345,NA,NA,NA,NA,NA,NA,NA,NA,NA,1258.1296457000426,2.8619996737688e-4,1258.2291856000083,1258.6087122000172,1258.7087919000187,1260.7090241000406,1261.108768300037,1261.2111621000222,1261.2111621000222,1264.0617248000344,b,1,2.835709000006318,NA,1264.0623374000425,1264.075365800003,1264.075365800003,1264.075365800003,1264.075365800003,1264.0629569000448,NA,NA,NA,NA,NA,NA,NA,NA,NA,NA,020,001,2025-10-08_09h50.02.814,Study_5_PsychoPy_Experiment,2024.1.5,NA,2025-10-08 09h50.14.055704 +0100
Knowledge,Reg,FALSE,N,TB-Ig,D_B,PsychoPyStudy5Stim/D_B_3.png,Adam KNOWS there are ZERO cubes,Zero,b,h,N,PropTrueNoKnow,Y,0,232,232,199,1264.075365800003,NA,NA,NA,NA,NA,NA,NA,NA,NA,1264.063390300027,3.3960002474486e-4,1264.15969390003,1264.5420577000475,1264.642191800056,1266.6421243000077,1267.0421212000074,1267.1444609000464,1267.1444609000464,1268.9455342,h,1,1.7915893999743275,NA,1268.9462802000344,1268.9586960000452,1268.9586960000452,1268.9586960000452,1268.9586960000452,1268.9470418000128,NA,NA,NA,NA,NA,NA,NA,NA,NA,NA,020,001,2025-10-08_09h50.02.814,Study_5_PsychoPy_Experiment,2024.1.5,NA,2025-10-08 09h50.14.055704 +0100
Reality,Reg,TRUE,N,FB-Ig,B_TT,PsychoPyStudy5Stim/B_TT_3.png,"In REALITY, there are TWO cubes",Two,h,b,N,-,N,0,233,233,333,1268.9586960000452,NA,NA,NA,NA,NA,NA,NA,NA,NA,1268.9475676000002,4.0880002779886e-4,1269.0473620000412,1269.425430800009,1269.5255496000173,1271.5254597000312,1271.925403900037,1272.0276709000464,1272.0276709000464,1277.5113034000387,b,1,5.475718299974687,NA,1277.511699900031,1277.5252523000236,1277.5252523000236,1277.5252523000236,1277.5252523000236,1277.5121279000305,NA,NA,NA,NA,NA,NA,NA,NA,NA,NA,020,001,2025-10-08_09h50.02.814,Study_5_PsychoPy_Experiment,2024.1.5,NA,2025-10-08 09h50.14.055704 +0100
Belief,Reg,FALSE,N,FB-Ig,T_B_T,PsychoPyStudy5Stim/T_B_T_3.png,Adam THINKS there are ZERO cubes,Zero,b,h,N,PropFalse,N,0,234,234,285,1277.5252523000236,NA,NA,NA,NA,NA,NA,NA,NA,NA,1277.5124390000128,2.478000242263e-4,1277.6189758000546,1277.991894900042,1278.0922867000336,1280.0920284000458,1280.4919035000494,1280.594437899999,1280.594437899999,1281.77838600002,h,1,1.1812170000048354,NA,1281.7789075000328,1281.7919368000005,1281.7919368000005,1281.7919368000005,1281.7919368000005,1281.7794767000014,NA,NA,NA,NA,NA,NA,NA,NA,NA,NA,020,001,2025-10-08_09h50.02.814,Study_5_PsychoPy_Experiment,2024.1.5,NA,2025-10-08 09h50.14.055704 +0100
Reality,Reg,FALSE,N,TB-Ig,D_B,PsychoPyStudy5Stim/D_B_D_2.png,"In REALITY, there is ONE cube",One,b,h,N,NA,N,0,235,235,213,1281.7919368000005,NA,NA,NA,NA,NA,NA,NA,NA,NA,1281.7798676000093,3.0670000705868e-4,1281.8753235000186,1282.2588041000415,1282.3586525000285,1284.35871890001,1284.758715600008,1284.860960700025,1284.860960700025,1286.6444829000393,h,1,1.778808000031859,NA,1286.644795500033,1286.6584601000068,1286.6584601000068,1286.6584601000068,1286.6584601000068,1286.6451219000155,NA,NA,NA,NA,NA,NA,NA,NA,NA,NA,020,001,2025-10-08_09h50.02.814,Study_5_PsychoPy_Experiment,2024.1.5,NA,2025-10-08 09h50.14.055704 +0100
Knowledge,Reg,TRUE,N,NB-TB-K,DD_NB,PsychoPyStudy5Stim/DD_NB_4.png,Adam KNOWS there are ZERO cubes,Zero,h,b,N,-,N,0,236,236,150,1286.6584601000068,NA,NA,NA,NA,NA,NA,NA,NA,NA,1286.6453324000468,1.6770005458965e-4,1286.7407686000224,1287.1253360000555,1287.2252671000315,1289.2252800000133,1289.6252368000569,1289.7276679000352,1289.7276679000352,1290.7123980000033,b,1,0.9758074000128544,NA,1290.7132181000195,1290.7253505000265,1290.7253505000265,1290.7253505000265,1290.7253505000265,1290.7141181000045,NA,NA,NA,NA,NA,NA,NA,NA,NA,NA,020,001,2025-10-08_09h50.02.814,Study_5_PsychoPy_Experiment,2024.1.5,NA,2025-10-08 09h50.14.055704 +0100
Belief,Reg,FALSE,N,TB-K-B,TT_B,PsychoPyStudy5Stim/TT_B_2.png,Adam THINKS there is ONE cube,One,b,h,N,PropFalse,N,0,237,237,250,1290.7253505000265,NA,NA,NA,NA,NA,NA,NA,NA,NA,1290.7147708000266,5.1290000556036e-4,1290.8258903000387,1291.208458100038,1291.3088556000148,1293.308601900004,1293.7087215000065,1293.8110031000106,1293.8110031000106,1297.5623922000525,h,1,3.7483964000130072,NA,1297.5632663000142,1297.5752888999996,1297.5752888999996,1297.5752888999996,1297.5752888999996,1297.564159200003,NA,NA,NA,NA,NA,NA,NA,NA,NA,NA,020,001,2025-10-08_09h50.02.814,Study_5_PsychoPy_Experiment,2024.1.5,NA,2025-10-08 09h50.14.055704 +0100
Reality,Reg,FALSE,N,NB-TB-K,D_NB,PsychoPyStudy5Stim/D_NB_8.png,"In REALITY, there are TWO cubes",Two,b,h,N,PropFalse,N,0,238,238,139,1297.5752888999996,NA,NA,NA,NA,NA,NA,NA,NA,NA,1297.5648048000294,5.0100003136321e-4,1297.6749461000436,1298.0587219000445,1298.1587559000473,1300.1586998000275,1300.5587618000573,1300.6609476000303,1300.6609476000303,1301.795397400041,h,1,1.1303362000035122,NA,1301.796049800003,1301.8085437000263,1301.8085437000263,1301.8085437000263,1301.8085437000263,1301.7967875000322,NA,NA,NA,NA,NA,NA,NA,NA,NA,NA,020,001,2025-10-08_09h50.02.814,Study_5_PsychoPy_Experiment,2024.1.5,NA,2025-10-08 09h50.14.055704 +0100
Belief,Neg,FALSE,N,TB-K,TT_B,PsychoPyStudy5Stim/TT_B_1.png,Adam does NOT THINK there are TWO cubes,Two,b,h,Y,PropFalse,N,0,239,239,96,1301.8085437000263,NA,NA,NA,NA,NA,NA,NA,NA,NA,1301.7972975000157,3.9840000681579e-4,1301.8830021000467,1302.2585401000106,1302.3587896000245,1304.3586745000212,1304.7587184000297,1304.861023400037,1304.861023400037,1307.0277644000016,h,1,2.1624546999810264,NA,1307.0280570000175,1307.0417341000284,1307.0417341000284,1307.0417341000284,1307.0417341000284,1307.0283804000355,NA,NA,NA,NA,NA,NA,NA,NA,NA,NA,020,001,2025-10-08_09h50.02.814,Study_5_PsychoPy_Experiment,2024.1.5,NA,2025-10-08 09h50.14.055704 +0100
Knowledge,Neg,FALSE,N,TB-K,TT_B,PsychoPyStudy5Stim/TT_B_3.png,Adam does NOT KNOW there are TWO cubes,Two,b,h,Y,PropFalse,N,0,240,240,90,1307.0417341000284,NA,NA,NA,NA,NA,NA,NA,NA,NA,1307.028587000037,1.6500003403052e-4,1307.1129322000197,1307.4918938000335,1307.5923038000474,1309.592085500015,1309.9920845000306,1310.094258600031,1310.094258600031,1311.3781944000511,h,1,1.2732821999816224,NA,1311.378731100005,1311.3917940000538,1311.3917940000538,1311.3917940000538,1311.3917940000538,1311.3793074000278,NA,NA,NA,NA,NA,NA,NA,NA,NA,NA,020,001,2025-10-08_09h50.02.814,Study_5_PsychoPy_Experiment,2024.1.5,NA,2025-10-08 09h50.14.055704 +0100
Belief,Reg,FALSE,N,FB-Ig,D_B_T,PsychoPyStudy5Stim/D_B_T_8.png,Adam THINKS there are TWO cubes,Two,b,h,N,PropFalse,N,0,241,241,306,1311.3917940000538,NA,NA,NA,NA,NA,NA,NA,NA,NA,1311.3797243000008,3.1470000976696e-4,1311.4720652000397,1311.841724400001,1311.9418236000347,1313.9418344000003,1314.34174610005,1314.44398000004,1314.44398000004,1316.7777098000515,h,1,2.323263800004497,NA,1316.7780066000414,1316.7918098000227,1316.7918098000227,1316.7918098000227,1316.7918098000227,1316.7783295000554,NA,NA,NA,NA,NA,NA,NA,NA,NA,NA,020,001,2025-10-08_09h50.02.814,Study_5_PsychoPy_Experiment,2024.1.5,NA,2025-10-08 09h50.14.055704 +0100
Knowledge,Neg,TRUE,N,NB-TB-K,T_NB,PsychoPyStudy5Stim/T_NB_3.png,Adam does NOT KNOW there are TWO cubes,Two,h,b,Y,-,N,0,242,242,34,1316.7918098000227,NA,NA,NA,NA,NA,NA,NA,NA,NA,1316.7785329000326,1.6120000509545e-4,1316.873231500038,1317.2586553000149,1317.3587000000407,1319.358621900028,1319.7586265000282,1319.8610461000353,1319.8610461000353,1321.894487500016,h,0,2.025656799960416,NA,1321.894781400042,1321.9084394000238,1321.9084394000238,1321.9084394000238,1321.9084394000238,1321.8951015000348,NA,NA,NA,NA,NA,NA,NA,NA,NA,NA,020,001,2025-10-08_09h50.02.814,Study_5_PsychoPy_Experiment,2024.1.5,NA,2025-10-08 09h50.14.055704 +0100
Belief,Reg,TRUE,N,TB-K-B,DD_B,PsychoPyStudy5Stim/DD_B_4.png,Adam THINKS there are ZERO cubes,Zero,h,b,N,-,N,0,243,243,229,1321.9084394000238,NA,NA,NA,NA,NA,NA,NA,NA,NA,1321.8953079000348,1.6370002413168e-4,1321.9796340000466,1322.3584742000094,1322.4587488000398,1324.458668800013,1324.8585263999994,1324.9608071000548,1324.9608071000548,1325.978058800043,b,1,1.0069077999796718,NA,1325.9785346000572,1325.9917667000557,1325.9917667000557,1325.9917667000557,1325.9917667000557,1325.9790761000477,NA,NA,NA,NA,NA,NA,NA,NA,NA,NA,020,001,2025-10-08_09h50.02.814,Study_5_PsychoPy_Experiment,2024.1.5,NA,2025-10-08 09h50.14.055704 +0100
Knowledge,Neg,TRUE,N,NB-TB-K,TT_NB,PsychoPyStudy5Stim/TT_NB_1.png,Adam does NOT KNOW there is ONE cube,One,h,b,Y,-,N,0,244,244,56,1325.9917667000557,NA,NA,NA,NA,NA,NA,NA,NA,NA,1325.9794387000147,2.8500001644715e-4,1326.0716790000442,1326.4417271000566,1326.5420830000076,1328.541877200012,1328.9418731000042,1329.044646400027,1329.044646400027,1331.2448599000345,h,0,2.186435599985998,NA,1331.2455445000087,1331.258474900038,1331.258474900038,1331.258474900038,1331.258474900038,1331.2462693000562,NA,NA,NA,NA,NA,NA,NA,NA,NA,NA,020,001,2025-10-08_09h50.02.814,Study_5_PsychoPy_Experiment,2024.1.5,NA,2025-10-08 09h50.14.055704 +0100
Reality,Reg,FALSE,N,TB-K-B,DD_B,PsychoPyStudy5Stim/DD_B_8.png,"In REALITY, there is ONE cube",One,b,h,N,PropFalse,N,0,245,245,239,1331.258474900038,NA,NA,NA,NA,NA,NA,NA,NA,NA,1331.2467839000165,4.0180003270506e-4,1331.3478763000458,1331.7251447000308,1331.8252760000178,1333.825338900031,1334.2252286000294,1334.3276127999998,1334.3276127999998,1335.3110592000305,h,1,0.9670110000297428,NA,1335.3114886000403,1335.3249810000416,1335.3249810000416,1335.3249810000416,1335.3249810000416,1335.3120165000437,NA,NA,NA,NA,NA,NA,NA,NA,NA,NA,020,001,2025-10-08_09h50.02.814,Study_5_PsychoPy_Experiment,2024.1.5,NA,2025-10-08 09h50.14.055704 +0100
Reality,Reg,TRUE,N,NB-TB-K,T_NB,PsychoPyStudy5Stim/T_NB_5.png,"In REALITY, there is ONE cube",One,h,b,N,-,N,0,246,246,144,1335.3249810000416,NA,NA,NA,NA,NA,NA,NA,NA,NA,1335.3123436000317,2.5759998243302e-4,1335.397136100044,1335.775173900009,1335.8752980000572,1337.8752125000465,1338.2751823000144,1338.3775381000014,1338.3775381000014,1338.8283766000532,b,1,0.4459725999622606,NA,1338.8289936000365,1338.8417464000522,1338.8417464000522,1338.8417464000522,1338.8417464000522,1338.829650300031,NA,NA,NA,NA,NA,NA,NA,NA,NA,NA,020,001,2025-10-08_09h50.02.814,Study_5_PsychoPy_Experiment,2024.1.5,NA,2025-10-08 09h50.14.055704 +0100
Belief,Neg,FALSE,N,NB-TB-K,TT_NB,PsychoPyStudy5Stim/TT_NB_6.png,Adam does NOT THINK there are TWO cubes,Two,b,h,Y,PropFalse,N,0,247,247,77,1338.8417464000522,NA,NA,NA,NA,NA,NA,NA,NA,NA,1338.8301093000337,3.5699998261407e-4,1338.9206375000067,1339.2917626000126,1339.3919998000492,1341.3919818000286,1341.7919406000292,1341.8942060000263,1341.8942060000263,1343.4778768000542,h,1,1.5773660000413656,NA,1343.478244500002,1343.4916818000493,1343.4916818000493,1343.4916818000493,1343.4916818000493,1343.4786438000156,NA,NA,NA,NA,NA,NA,NA,NA,NA,NA,020,001,2025-10-08_09h50.02.814,Study_5_PsychoPy_Experiment,2024.1.5,NA,2025-10-08 09h50.14.055704 +0100
Knowledge,Neg,TRUE,Y,FB-Ig,D_B_T,PsychoPyStudy5Stim/D_B_T_4.png,Adam does NOT KNOW there is ONE cube,One,h,b,Y,-,N,0,248,248,11,1343.4916818000493,NA,NA,NA,NA,NA,NA,NA,NA,NA,1343.478906000033,2.0750000840052e-4,1343.5688391000149,1343.941738500027,1344.041887600033,1346.0419665000518,1346.4418262000545,1346.544130000053,1346.544130000053,1348.011591300019,b,1,1.4547898999881,NA,1348.0122132000397,1348.025051900011,1348.025051900011,1348.025051900011,1348.025051900011,1348.012896900007,NA,NA,NA,NA,NA,NA,NA,NA,NA,NA,020,001,2025-10-08_09h50.02.814,Study_5_PsychoPy_Experiment,2024.1.5,NA,2025-10-08 09h50.14.055704 +0100
Reality,Reg,FALSE,N,TB-K-B,TT_B,PsychoPyStudy5Stim/TT_B_6.png,"In REALITY, there is ONE cube",One,b,h,N,PropFalse,N,0,249,249,254,1348.025051900011,NA,NA,NA,NA,NA,NA,NA,NA,NA,1348.0133737000288,3.7319998955354e-4,1348.1122678000247,1348.4918053,1348.591750200023,1350.591773800028,1350.9918134000036,1351.0941453000414,1351.0941453000414,1353.7448388000485,h,1,2.6493759999866597,NA,1353.7453361000516,1353.7583168000565,1353.7583168000565,1353.7583168000565,1353.7583168000565,1353.7458903000224,NA,NA,NA,NA,NA,NA,NA,NA,NA,NA,020,001,2025-10-08_09h50.02.814,Study_5_PsychoPy_Experiment,2024.1.5,NA,2025-10-08 09h50.14.055704 +0100
Knowledge,Reg,TRUE,N,TB-K-B,TD_B,PsychoPyStudy5Stim/TD_B_7.png,Adam KNOWS there is ONE cube,One,h,b,N,-,N,0,250,250,257,1353.7583168000565,NA,NA,NA,NA,NA,NA,NA,NA,NA,1353.7462617000565,2.905000001192e-4,1353.8435477000312,1354.2250884000096,1354.325192600023,1356.3251580000506,1356.7251419000097,1356.8273298000568,1356.8273298000568,1359.8444915,b,1,3.011469799967017,NA,1359.8450095000444,1359.8583051000023,1359.8583051000023,1359.8583051000023,1359.8583051000023,1359.8455469000037,NA,NA,NA,NA,NA,NA,NA,NA,NA,NA,020,001,2025-10-08_09h50.02.814,Study_5_PsychoPy_Experiment,2024.1.5,NA,2025-10-08 09h50.14.055704 +0100
Knowledge,Neg,FALSE,N,TB-K,TD_B,PsychoPyStudy5Stim/TD_B_2.png,Adam does NOT KNOW there is ONE cube,One,b,h,Y,PropFalse,N,0,251,251,113,1359.8583051000023,NA,NA,NA,NA,NA,NA,NA,NA,NA,1359.8459485000349,3.22200008668e-4,1359.946406600007,1360.3249991000048,1360.425067400036,1362.4252430000342,1362.8251247000298,1362.927849700034,1362.927849700034,1365.445030700008,h,1,2.5109190000221133,NA,1365.4457708000557,1365.464723400015,NA,1365.464723400015,NA,1368.727247700037,space,3.2546385999885388,NA,NA,NA,NA,NA,NA,NA,NA,020,001,2025-10-08_09h50.02.814,Study_5_PsychoPy_Experiment,2024.1.5,NA,2025-10-08 09h50.14.055704 +0100
Knowledge,Reg,FALSE,N,FB-Ig,D_B_T,PsychoPyStudy5Stim/D_B_T_6.png,Adam KNOWS there are TWO cubes,Two,b,h,N,PropFalse,N,0,252,252,296,1368.7417187000392,NA,NA,NA,NA,NA,NA,NA,NA,NA,1368.7283035000437,4.9639999633654e-4,1368.816755900043,1369.191590500006,1369.2917050000397,1371.2918169000186,1371.691777900036,1371.7942409000243,1371.7942409000243,1372.8284949000226,h,1,1.029338899999857,NA,1372.8291851000397,1372.8416438000277,1372.8416438000277,1372.8416438000277,1372.8416438000277,1372.8308530000504,NA,NA,NA,NA,NA,NA,NA,NA,NA,NA,020,001,2025-10-08_09h50.02.814,Study_5_PsychoPy_Experiment,2024.1.5,NA,2025-10-08 09h50.14.055704 +0100
Knowledge,Neg,TRUE,N,NB-TB-K,T_NB,PsychoPyStudy5Stim/T_NB_4.png,Adam does NOT KNOW there are TWO cubes,Two,h,b,Y,-,N,0,253,253,35,1372.8416438000277,NA,NA,NA,NA,NA,NA,NA,NA,NA,1372.8313833000138,4.0630000876262e-4,1372.9247820000164,1373.3083128000144,1373.4085030000424,1375.4086278000032,1375.8084064000286,1375.9109480000334,1375.9109480000334,1380.3452834000343,h,0,4.423953399993479,NA,1380.3460890999995,1380.3583624000312,1380.3583624000312,1380.3583624000312,1380.3583624000312,1380.346985000011,NA,NA,NA,NA,NA,NA,NA,NA,NA,NA,020,001,2025-10-08_09h50.02.814,Study_5_PsychoPy_Experiment,2024.1.5,NA,2025-10-08 09h50.14.055704 +0100
Knowledge,Reg,FALSE,N,FB-Ig,D_B_T,PsychoPyStudy5Stim/D_B_T_5.png,Adam KNOWS there are TWO cubes,Two,b,h,N,PropFalse,N,0,254,254,295,1380.3583624000312,NA,NA,NA,NA,NA,NA,NA,NA,NA,1380.3476206000196,4.9120001494884e-4,1380.4474474000162,1380.8250027000322,1380.92512910004,1382.9251015000043,1383.3248644000269,1383.427642900031,1383.427642900031,1384.427836900053,h,1,0.9878383000032044,NA,1384.428322700027,1384.4415633000317,1384.4415633000317,1384.4415633000317,1384.4415633000317,1384.4288804000244,NA,NA,NA,NA,NA,NA,NA,NA,NA,NA,020,001,2025-10-08_09h50.02.814,Study_5_PsychoPy_Experiment,2024.1.5,NA,2025-10-08 09h50.14.055704 +0100
Belief,Reg,FALSE,N,TB-K-B,TD_B,PsychoPyStudy5Stim/TD_B_6.png,Adam THINKS there are ZERO cubes,Zero,b,h,N,PropFalse,N,0,255,255,268,1384.4415633000317,NA,NA,NA,NA,NA,NA,NA,NA,NA,1384.4292545000208,2.9310001991689e-4,1384.5236715000356,1384.9083244000212,1385.0084603000432,1387.00837710005,1387.408392900019,1387.510685600049,1387.510685600049,1389.7447816000204,h,1,2.2242719999630935,NA,1389.7454618000193,1389.7582321000518,1389.7582321000518,1389.7582321000518,1389.7582321000518,1389.7461911000428,NA,NA,NA,NA,NA,NA,NA,NA,NA,NA,020,001,2025-10-08_09h50.02.814,Study_5_PsychoPy_Experiment,2024.1.5,NA,2025-10-08 09h50.14.055704 +0100
Knowledge,Neg,TRUE,Y,FB-Ig,T_B_T,PsychoPyStudy5Stim/T_B_T_4.png,Adam does NOT KNOW there are TWO cubes,Two,h,b,Y,-,N,0,256,256,3,1389.7582321000518,NA,NA,NA,NA,NA,NA,NA,NA,NA,1389.7467005000217,3.9649999234825e-4,1389.8330070000377,1390.2082079000538,1390.3084959000116,1392.3084871000028,1392.7083077999996,1392.8106078000274,1392.8106078000274,1395.544512600056,b,1,2.724464600032661,NA,1395.5450321000535,1395.5581786000405,1395.5581786000405,1395.5581786000405,1395.5581786000405,1395.5455886000418,NA,NA,NA,NA,NA,NA,NA,NA,NA,NA,020,001,2025-10-08_09h50.02.814,Study_5_PsychoPy_Experiment,2024.1.5,NA,2025-10-08 09h50.14.055704 +0100
Reality,Reg,FALSE,N,TB-K-B,TD_B,PsychoPyStudy5Stim/TD_B_8.png,"In REALITY, there are TWO cubes",Two,b,h,N,PropFalse,N,0,257,257,274,1395.5581786000405,NA,NA,NA,NA,NA,NA,NA,NA,NA,1395.545964000048,3.1199998920783e-4,1395.6430813000188,1396.024707100005,1396.1248049000278,1398.1249162000022,1398.5250655000564,1398.6273595000384,1398.6273595000384,1399.8112973000389,h,1,1.1709771999740042,NA,1399.8119084000357,1399.824873500038,1399.824873500038,1399.824873500038,1399.824873500038,1399.8126474000164,NA,NA,NA,NA,NA,NA,NA,NA,NA,NA,020,001,2025-10-08_09h50.02.814,Study_5_PsychoPy_Experiment,2024.1.5,NA,2025-10-08 09h50.14.055704 +0100
Knowledge,Neg,TRUE,N,TB-K,TT_B,PsychoPyStudy5Stim/TT_B_4.png,Adam does NOT KNOW there is ONE cube,One,h,b,Y,-,N,0,258,258,83,1399.824873500038,NA,NA,NA,NA,NA,NA,NA,NA,NA,1399.8131246000412,3.7350005004554e-4,1399.8987337000435,1400.274888200045,1400.375038500002,1402.3750865000184,1402.774944600009,1402.877033900004,1402.877033900004,1405.745286600024,h,0,2.8511424000025727,NA,1405.746125500009,1405.7581930000451,1405.7581930000451,1405.7581930000451,1405.7581930000451,1405.7470522000222,NA,NA,NA,NA,NA,NA,NA,NA,NA,NA,020,001,2025-10-08_09h50.02.814,Study_5_PsychoPy_Experiment,2024.1.5,NA,2025-10-08 09h50.14.055704 +0100
Knowledge,Neg,FALSE,N,TB-K,TD_B,PsychoPyStudy5Stim/TD_B_7.png,Adam does NOT KNOW there is ONE cube,One,b,h,Y,PropFalse,N,0,259,259,118,1405.7581930000451,NA,NA,NA,NA,NA,NA,NA,NA,NA,1405.7476911000558,4.958999925293e-4,1405.8290590000106,1406.2082644000184,1406.3082474000405,1408.3082621000358,1408.7082473000046,1408.810470900033,1408.810470900033,1412.5115368000115,h,1,3.692612199985888,NA,1412.512116500002,1412.5248448000057,1412.5248448000057,1412.5248448000057,1412.5248448000057,1412.512731200026,NA,NA,NA,NA,NA,NA,NA,NA,NA,NA,020,001,2025-10-08_09h50.02.814,Study_5_PsychoPy_Experiment,2024.1.5,NA,2025-10-08 09h50.14.055704 +0100
Knowledge,Reg,TRUE,N,NB-TB-K,D_NB,PsychoPyStudy5Stim/D_NB_3.png,Adam KNOWS there are ZERO cubes,Zero,h,b,N,-,N,0,260,260,130,1412.5248448000057,NA,NA,NA,NA,NA,NA,NA,NA,NA,1412.5131939000566,3.6860001273453e-4,1412.6059754000162,1412.9915358000435,1413.091689700028,1415.091599800042,1415.49157990003,1415.5938133000163,1415.5938133000163,1417.3610680000274,b,1,1.757531100010965,NA,1417.3616504000383,1417.374833000009,1417.374833000009,1417.374833000009,1417.374833000009,1417.3623271000106,NA,NA,NA,NA,NA,NA,NA,NA,NA,NA,020,001,2025-10-08_09h50.02.814,Study_5_PsychoPy_Experiment,2024.1.5,NA,2025-10-08 09h50.14.055704 +0100
Belief,Reg,TRUE,N,FB-Ig,B_TT,PsychoPyStudy5Stim/B_TT_1.png,Adam THINKS there are ZERO cubes,Zero,h,b,N,-,Y,0,261,261,326,1417.374833000009,NA,NA,NA,NA,NA,NA,NA,NA,NA,1417.3627561000176,3.3320003421977e-4,1417.448650400038,1417.8248736000387,1417.9250269000186,1419.924945900042,1420.3248877000296,1420.427265300008,1420.427265300008,1421.4953009000164,b,1,1.0511098999995738,NA,1421.4960929000515,1421.508149500005,1421.508149500005,1421.508149500005,1421.508149500005,1421.497007500031,NA,NA,NA,NA,NA,NA,NA,NA,NA,NA,020,001,2025-10-08_09h50.02.814,Study_5_PsychoPy_Experiment,2024.1.5,NA,2025-10-08 09h50.14.055704 +0100
Knowledge,Neg,FALSE,N,NB-TB-K,T_NB,PsychoPyStudy5Stim/T_NB_8.png,Adam does NOT KNOW there is ONE cube,One,b,h,Y,PropFalse,N,0,262,262,47,1421.508149500005,NA,NA,NA,NA,NA,NA,NA,NA,NA,1421.4976891000406,5.3909997222945e-4,1421.5924408000428,1421.9748657000018,1422.0750220000043,1424.0750071000075,1424.474944800022,1424.5772200000356,1424.5772200000356,1426.7461863000062,h,1,2.166040299984161,NA,1426.7469997000298,1426.7581363000209,1426.7581363000209,1426.7581363000209,1426.7581363000209,1426.7478946000338,NA,NA,NA,NA,NA,NA,NA,NA,NA,NA,020,001,2025-10-08_09h50.02.814,Study_5_PsychoPy_Experiment,2024.1.5,NA,2025-10-08 09h50.14.055704 +0100
Belief,Neg,TRUE,N,NB-TB-K,T_NB,PsychoPyStudy5Stim/T_NB_3.png,Adam does NOT THINK there are TWO cubes,Two,h,b,Y,-,N,0,263,263,38,1426.7581363000209,NA,NA,NA,NA,NA,NA,NA,NA,NA,1426.7485331000062,4.9479998415336e-4,1426.8469550000154,1427.2247668000057,1427.3250515000543,1429.3249470000155,1429.7249497000012,1429.8272483000185,1429.8272483000185,1433.1449850000208,b,1,3.315876099979505,NA,1433.145626100013,1433.1580653000274,1433.1580653000274,1433.1580653000274,1433.1580653000274,1433.1462990000146,NA,NA,NA,NA,NA,NA,NA,NA,NA,NA,020,001,2025-10-08_09h50.02.814,Study_5_PsychoPy_Experiment,2024.1.5,NA,2025-10-08 09h50.14.055704 +0100
Belief,Neg,FALSE,N,NB-TB-K,TT_NB,PsychoPyStudy5Stim/TT_NB_3.png,Adam does NOT THINK there are TWO cubes,Two,b,h,Y,PropFalse,N,0,264,264,74,1433.1580653000274,NA,NA,NA,NA,NA,NA,NA,NA,NA,1433.1467830000329,3.7710001925006e-4,1433.227186300035,1433.608136900002,1433.708193099999,1435.7082993000513,1436.1081853000214,1436.2105449000371,1436.2105449000371,1438.1443006000482,h,1,1.923959299980197,NA,1438.1448157000125,1438.158039300004,1438.158039300004,1438.158039300004,1438.158039300004,1438.145362600044,NA,NA,NA,NA,NA,NA,NA,NA,NA,NA,020,001,2025-10-08_09h50.02.814,Study_5_PsychoPy_Experiment,2024.1.5,NA,2025-10-08 09h50.14.055704 +0100
Knowledge,Neg,TRUE,Y,FB-Ig,T_B_T,PsychoPyStudy5Stim/T_B_T_8.png,Adam does NOT KNOW there are TWO cubes,Two,h,b,Y,-,N,0,265,265,7,1438.158039300004,NA,NA,NA,NA,NA,NA,NA,NA,NA,1438.145753400051,2.8879998717457e-4,1438.246910000045,1438.624794800009,1438.7249553000438,1440.7248797000502,1441.1248366000364,1441.2269862000248,1441.2269862000248,1442.944084900024,b,1,1.715388999960851,NA,1442.944400300039,1442.9582934000064,1442.9582934000064,1442.9582934000064,1442.9582934000064,1442.944736000034,NA,NA,NA,NA,NA,NA,NA,NA,NA,NA,020,001,2025-10-08_09h50.02.814,Study_5_PsychoPy_Experiment,2024.1.5,NA,2025-10-08 09h50.14.055704 +0100
Knowledge,Neg,TRUE,N,NB-TB-K,TT_NB,PsychoPyStudy5Stim/TT_NB_3.png,Adam does NOT KNOW there is ONE cube,One,h,b,Y,-,N,0,266,266,58,1442.9582934000064,NA,NA,NA,NA,NA,NA,NA,NA,NA,1442.944944100047,1.6439997125416e-4,1443.0495812000008,1443.4246589000104,1443.5247847000137,1445.5249480000348,1445.9248388000417,1446.0270792000229,1446.0270792000229,1448.9606991000471,h,0,2.9166736000333913,NA,1448.96098730003,1448.9745400000247,1448.9745400000247,1448.9745400000247,1448.9745400000247,1448.961308500031,NA,NA,NA,NA,NA,NA,NA,NA,NA,NA,020,001,2025-10-08_09h50.02.814,Study_5_PsychoPy_Experiment,2024.1.5,NA,2025-10-08 09h50.14.055704 +0100
Belief,Reg,FALSE,N,NB-TB-K,TT_NB,PsychoPyStudy5Stim/TT_NB_4.png,Adam THINKS there are ZERO cubes,Zero,b,h,N,PropFalse,N,0,267,267,184,1448.9745400000247,NA,NA,NA,NA,NA,NA,NA,NA,NA,1448.9615107999998,1.5989999519661e-4,1449.048073800048,1449.4247779000434,1449.5249050000566,1451.524844600004,1451.9248494000058,1452.0272442999994,1452.0272442999994,1452.8442349000252,h,1,0.8037944000097923,NA,1452.844717300031,1452.8579714000225,1452.8579714000225,1452.8579714000225,1452.8579714000225,1452.8452926000464,NA,NA,NA,NA,NA,NA,NA,NA,NA,NA,020,001,2025-10-08_09h50.02.814,Study_5_PsychoPy_Experiment,2024.1.5,NA,2025-10-08 09h50.14.055704 +0100
Knowledge,Reg,TRUE,N,NB-TB-K,DD_NB,PsychoPyStudy5Stim/DD_NB_1.png,Adam KNOWS there are ZERO cubes,Zero,h,b,N,-,N,0,268,268,147,1452.8579714000225,NA,NA,NA,NA,NA,NA,NA,NA,NA,1452.845659200044,2.8689997270703e-4,1452.9385805000202,1453.3080459000194,1453.4081694000051,1455.4081433000392,1455.808085400029,1455.9104061000398,1455.9104061000398,1456.9110535000218,b,1,0.9928011000156404,NA,1456.91162290005,1456.9246866000467,1456.9246866000467,1456.9246866000467,1456.9246866000467,1456.9122657000553,NA,NA,NA,NA,NA,NA,NA,NA,NA,NA,020,001,2025-10-08_09h50.02.814,Study_5_PsychoPy_Experiment,2024.1.5,NA,2025-10-08 09h50.14.055704 +0100
Belief,Neg,TRUE,N,TB-K,TD_B,PsychoPyStudy5Stim/TD_B_1.png,Adam does NOT THINK there are TWO cubes,Two,h,b,Y,-,N,0,269,269,108,1456.9246866000467,NA,NA,NA,NA,NA,NA,NA,NA,NA,1456.912697600026,3.3910002093762e-4,1456.998602000007,1457.3745899000205,1457.4749615000328,1459.4748589000085,1459.8747745000292,1459.9771400000318,1459.9771400000318,1464.64450200001,h,0,4.661615399993025,NA,1464.6451232000254,1464.657969700056,1464.657969700056,1464.657969700056,1464.657969700056,1464.6458155,NA,NA,NA,NA,NA,NA,NA,NA,NA,NA,020,001,2025-10-08_09h50.02.814,Study_5_PsychoPy_Experiment,2024.1.5,NA,2025-10-08 09h50.14.055704 +0100
Knowledge,Reg,FALSE,N,TB-Ig,D_B,PsychoPyStudy5Stim/D_B_2.png,Adam KNOWS there are ZERO cubes,Zero,b,h,N,PropTrueNoKnow,Y,0,270,270,198,1464.657969700056,NA,NA,NA,NA,NA,NA,NA,NA,NA,1464.6462974000024,3.7609995342791e-4,1464.7519081000355,1465.1247117000166,1465.2247358000022,1467.2246600000071,1467.624828900036,1467.727093200025,1467.727093200025,1469.5609448000323,h,1,1.823268799984362,NA,1469.5614984000567,1469.5745852000546,1469.5745852000546,1469.5745852000546,1469.5745852000546,1469.5621184000047,NA,NA,NA,NA,NA,NA,NA,NA,NA,NA,020,001,2025-10-08_09h50.02.814,Study_5_PsychoPy_Experiment,2024.1.5,NA,2025-10-08 09h50.14.055704 +0100
Belief,Reg,TRUE,N,TB-K-B,DD_B,PsychoPyStudy5Stim/DD_B_5.png,Adam THINKS there are ZERO cubes,Zero,h,b,N,-,N,0,271,271,230,1469.5745852000546,NA,NA,NA,NA,NA,NA,NA,NA,NA,1469.5625918000003,3.8159999530762e-4,1469.6700676000328,1470.0413769000445,1470.141506600019,1472.1412838000106,1472.5414096000022,1472.64358860004,1472.64358860004,1478.0277927000425,b,1,5.380382300005294,NA,1478.0283033000303,1478.0412326000514,1478.0412326000514,1478.0412326000514,1478.0412326000514,1478.0288721000543,NA,NA,NA,NA,NA,NA,NA,NA,NA,NA,020,001,2025-10-08_09h50.02.814,Study_5_PsychoPy_Experiment,2024.1.5,NA,2025-10-08 09h50.14.055704 +0100
Knowledge,Reg,FALSE,N,FB-Ig,D_B_T,PsychoPyStudy5Stim/D_B_T_1.png,Adam KNOWS there are TWO cubes,Two,b,h,N,PropFalse,N,0,272,272,291,1478.0412326000514,NA,NA,NA,NA,NA,NA,NA,NA,NA,1478.0292517000344,2.9719999292865e-4,1478.122722500004,1478.5078293000115,1478.6081808000454,1480.608097600052,1481.0079972000094,1481.1103750000475,1481.1103750000475,1482.8609209000133,h,1,1.7439333000220358,NA,1482.861482700042,1482.8745318000438,1482.8745318000438,1482.8745318000438,1482.8745318000438,1482.8621041000006,NA,NA,NA,NA,NA,NA,NA,NA,NA,NA,020,001,2025-10-08_09h50.02.814,Study_5_PsychoPy_Experiment,2024.1.5,NA,2025-10-08 09h50.14.055704 +0100
Knowledge,Reg,FALSE,N,FB-Ig,T_B_T,PsychoPyStudy5Stim/T_B_T_2.png,Adam KNOWS there are ZERO cubes,Zero,b,h,N,PropFalse,N,0,273,273,276,1482.8745318000438,NA,NA,NA,NA,NA,NA,NA,NA,NA,1482.8625376000418,3.39999969583e-4,1482.9644672000431,1483.3412239000318,1483.4414568000357,1485.4414349000435,1485.8413540000329,1485.9437825000496,1485.9437825000496,1487.5938853000407,h,1,1.646940500009805,NA,1487.594220500032,1487.607810000016,1487.607810000016,1487.607810000016,1487.607810000016,1487.5946004000143,NA,NA,NA,NA,NA,NA,NA,NA,NA,NA,020,001,2025-10-08_09h50.02.814,Study_5_PsychoPy_Experiment,2024.1.5,NA,2025-10-08 09h50.14.055704 +0100
Belief,Neg,FALSE,N,TB-K,TD_B,PsychoPyStudy5Stim/TD_B_2.png,Adam does NOT THINK there is ONE cube,One,b,h,Y,PropFalse,N,0,274,274,121,1487.607810000016,NA,NA,NA,NA,NA,NA,NA,NA,NA,1487.5948470000294,1.9539997447282e-4,1487.6872344000149,1488.0579211000004,1488.1581138000474,1490.1580313000013,1490.5578798000352,1490.660404400027,1490.660404400027,1496.4775853000465,h,1,5.810762499982957,NA,1496.4781221000012,1496.491158400022,1496.491158400022,1496.491158400022,1496.491158400022,1496.4786833000253,NA,NA,NA,NA,NA,NA,NA,NA,NA,NA,020,001,2025-10-08_09h50.02.814,Study_5_PsychoPy_Experiment,2024.1.5,NA,2025-10-08 09h50.14.055704 +0100
Belief,Neg,FALSE,N,TB-K,TD_B,PsychoPyStudy5Stim/TD_B_7.png,Adam does NOT THINK there is ONE cube,One,b,h,Y,PropFalse,N,0,275,275,126,1496.491158400022,NA,NA,NA,NA,NA,NA,NA,NA,NA,1496.4790887000272,3.2420002389699e-4,1496.5687812000397,1496.941260700056,1497.0412650000071,1499.041274600022,1499.4413395000156,1499.5436540000371,1499.5436540000371,1503.960429400031,h,1,4.400222400028724,NA,1503.9607169000085,1503.974442500039,1503.974442500039,1503.974442500039,1503.974442500039,1503.9610364000546,NA,NA,NA,NA,NA,NA,NA,NA,NA,NA,020,001,2025-10-08_09h50.02.814,Study_5_PsychoPy_Experiment,2024.1.5,NA,2025-10-08 09h50.14.055704 +0100
Reality,Reg,FALSE,N,TB-K-B,TD_B,PsychoPyStudy5Stim/TD_B_6.png,"In REALITY, there are ZERO cubes",Zero,b,h,N,PropFalse,N,0,276,276,273,1503.974442500039,NA,NA,NA,NA,NA,NA,NA,NA,NA,1503.9612404000363,1.6260001575574e-4,1504.047551100026,1504.424317200028,1504.524878300028,1506.5247060000547,1506.9246039999998,1507.0269329000148,1507.0269329000148,1508.5944863000186,h,1,1.5638656999799423,NA,1508.595104500011,1508.6078048000345,1508.6078048000345,1508.6078048000345,1508.6078048000345,1508.5958037000382,NA,NA,NA,NA,NA,NA,NA,NA,NA,NA,020,001,2025-10-08_09h50.02.814,Study_5_PsychoPy_Experiment,2024.1.5,NA,2025-10-08 09h50.14.055704 +0100
Reality,Reg,FALSE,N,NB-TB-K,TT_NB,PsychoPyStudy5Stim/TT_NB_2.png,"In REALITY, there are ZERO cubes",Zero,b,h,N,PropFalse,N,0,277,277,195,1508.6078048000345,NA,NA,NA,NA,NA,NA,NA,NA,NA,1508.5962831000215,3.7470000097528e-4,1508.6804052000516,1509.0578001000104,1509.1579120000242,1511.1579666000323,1511.557847500022,1511.660143500019,1511.660143500019,1512.4442476000404,h,1,0.7786538999644108,NA,1512.444836300041,1512.4577735000055,1512.4577735000055,1512.4577735000055,1512.4577735000055,1512.4454503000015,NA,NA,NA,NA,NA,NA,NA,NA,NA,NA,020,001,2025-10-08_09h50.02.814,Study_5_PsychoPy_Experiment,2024.1.5,NA,2025-10-08 09h50.14.055704 +0100
Knowledge,Reg,TRUE,N,NB-TB-K,TT_NB,PsychoPyStudy5Stim/TT_NB_6.png,Adam KNOWS there are TWO cubes,Two,h,b,N,-,N,0,278,278,172,1512.4577735000055,NA,NA,NA,NA,NA,NA,NA,NA,NA,1512.4459101000102,3.6479998379945e-4,1512.5364514000248,1512.907840800006,1513.0079006000306,1515.0079121000017,1515.4079194000224,1515.5102901000064,1515.5102901000064,1516.2105079000469,b,1,0.6964161999640055,NA,1516.21083440003,1516.2245021000272,1516.2245021000272,1516.2245021000272,1516.2245021000272,1516.2114977000165,NA,NA,NA,NA,NA,NA,NA,NA,NA,NA,020,001,2025-10-08_09h50.02.814,Study_5_PsychoPy_Experiment,2024.1.5,NA,2025-10-08 09h50.14.055704 +0100
Belief,Neg,TRUE,Y,FB-Ig,T_B_T,PsychoPyStudy5Stim/T_B_T_7.png,Adam does NOT THINK there are TWO cubes,Two,h,b,Y,-,N,0,279,279,22,1516.2245021000272,NA,NA,NA,NA,NA,NA,NA,NA,NA,1516.2117456000417,1.914000022225e-4,1516.3096598000266,1516.691158700036,1516.7913827000302,1518.7912579000113,1519.191273000033,1519.293479300046,1519.293479300046,1524.1948762000538,b,1,4.8884415999636985,NA,1524.195707100036,1524.207854200038,1524.207854200038,1524.207854200038,1524.207854200038,1524.1966406000429,NA,NA,NA,NA,NA,NA,NA,NA,NA,NA,020,001,2025-10-08_09h50.02.814,Study_5_PsychoPy_Experiment,2024.1.5,NA,2025-10-08 09h50.14.055704 +0100
Knowledge,Reg,FALSE,N,FB-Ig,B_TT,PsychoPyStudy5Stim/B_TT_4.png,Adam KNOWS there are ZERO cubes,Zero,b,h,N,PropTrueNoKnow,Y,0,280,280,324,1524.207854200038,NA,NA,NA,NA,NA,NA,NA,NA,NA,1524.197331400006,5.0919997738674e-4,1524.2985045000096,1524.6745094000362,1524.774610500026,1526.7744321000064,1527.1746252000448,1527.276844600041,1527.276844600041,1528.6777861000155,h,1,1.3930511999642476,NA,1528.678485300043,1528.6910037000198,1528.6910037000198,1528.6910037000198,1528.6910037000198,1528.679339000024,NA,NA,NA,NA,NA,NA,NA,NA,NA,NA,020,001,2025-10-08_09h50.02.814,Study_5_PsychoPy_Experiment,2024.1.5,NA,2025-10-08 09h50.14.055704 +0100
Knowledge,Reg,TRUE,N,NB-TB-K,D_NB,PsychoPyStudy5Stim/D_NB_5.png,Adam KNOWS there are ZERO cubes,Zero,h,b,N,-,N,0,281,281,132,1528.6910037000198,NA,NA,NA,NA,NA,NA,NA,NA,NA,1528.6798813000205,4.2340002255514e-4,1528.7601803000434,1529.141239000019,1529.241045300034,1531.2412105000112,1531.641190400056,1531.7435594000272,1531.7435594000272,1534.0935831000097,b,1,2.343399600009434,NA,1534.0938696000376,1534.1076908000396,1534.1076908000396,1534.1076908000396,1534.1076908000396,1534.09423420002,NA,NA,NA,NA,NA,NA,NA,NA,NA,NA,020,001,2025-10-08_09h50.02.814,Study_5_PsychoPy_Experiment,2024.1.5,NA,2025-10-08 09h50.14.055704 +0100
Knowledge,Reg,TRUE,N,NB-TB-K,D_NB,PsychoPyStudy5Stim/D_NB_7.png,Adam KNOWS there are ZERO cubes,Zero,h,b,N,-,N,0,282,282,134,1534.1076908000396,NA,NA,NA,NA,NA,NA,NA,NA,NA,1534.0944498000315,1.7130002379417e-4,1534.1775523000397,1534.5576657000347,1534.6579869000125,1536.6579259000137,1537.0577585000428,1537.160254800052,1537.160254800052,1538.1611810000031,b,1,0.998852499993518,NA,1538.1618726000306,1538.174377200019,1538.174377200019,1538.174377200019,1538.174377200019,1538.1626166000497,NA,NA,NA,NA,NA,NA,NA,NA,NA,NA,020,001,2025-10-08_09h50.02.814,Study_5_PsychoPy_Experiment,2024.1.5,NA,2025-10-08 09h50.14.055704 +0100
Reality,Reg,FALSE,N,TB-K-B,TT_B,PsychoPyStudy5Stim/TT_B_5.png,"In REALITY, there are ZERO cubes",Zero,b,h,N,PropFalse,N,0,283,283,253,1538.174377200019,NA,NA,NA,NA,NA,NA,NA,NA,NA,1538.1631617000094,4.0100002661347e-4,1538.247708400013,1538.6243637000443,1538.7244264000328,1540.7244229000062,1541.1244941000475,1541.22681870003,1541.22681870003,1542.010885800002,h,1,0.7803068999783136,NA,1542.01143220003,1542.0243571000174,1542.0243571000174,1542.0243571000174,1542.0243571000174,1542.0120975000318,NA,NA,NA,NA,NA,NA,NA,NA,NA,NA,020,001,2025-10-08_09h50.02.814,Study_5_PsychoPy_Experiment,2024.1.5,NA,2025-10-08 09h50.14.055704 +0100
Knowledge,Reg,TRUE,N,TB-K-B,TT_B,PsychoPyStudy5Stim/TT_B_5.png,Adam KNOWS there are TWO cubes,Two,h,b,N,-,N,0,284,284,241,1542.0243571000174,NA,NA,NA,NA,NA,NA,NA,NA,NA,1542.012524700025,3.3480004640296e-4,1542.1000869000563,1542.4743438000442,1542.574679500016,1544.5745679000393,1544.9744758000015,1545.0767704000464,1545.0767704000464,1545.6948758000508,b,1,0.6016126999747939,NA,1545.6957081000437,1545.7078028000542,1545.7078028000542,1545.7078028000542,1545.7078028000542,1545.6966067000176,NA,NA,NA,NA,NA,NA,NA,NA,NA,NA,020,001,2025-10-08_09h50.02.814,Study_5_PsychoPy_Experiment,2024.1.5,NA,2025-10-08 09h50.14.055704 +0100
Knowledge,Neg,FALSE,N,NB-TB-K,T_NB,PsychoPyStudy5Stim/T_NB_6.png,Adam does NOT KNOW there is ONE cube,One,b,h,Y,PropFalse,N,0,285,285,45,1545.7078028000542,NA,NA,NA,NA,NA,NA,NA,NA,NA,1545.6972855000058,5.4019998060539e-4,1545.789615000016,1546.1741582000395,1546.27432950004,1548.2745464000036,1548.6744951000435,1548.776720200025,1548.776720200025,1551.0445008000245,h,1,2.2618861999944784,NA,1551.0451696000528,1551.0577175000217,1551.0577175000217,1551.0577175000217,1551.0577175000217,1551.046017100045,NA,NA,NA,NA,NA,NA,NA,NA,NA,NA,020,001,2025-10-08_09h50.02.814,Study_5_PsychoPy_Experiment,2024.1.5,NA,2025-10-08 09h50.14.055704 +0100
Knowledge,Reg,TRUE,N,NB-TB-K,DT_NB,PsychoPyStudy5Stim/TD_NB_1.png,Adam KNOWS there is ONE cube,One,h,b,N,-,N,0,286,286,163,1551.0577175000217,NA,NA,NA,NA,NA,NA,NA,NA,NA,1551.0465296000475,4.027999821119e-4,1551.1294316000422,1551.5076261000358,1551.6079765000031,1553.6078528000508,1554.007759,1554.1100036000134,1554.1100036000134,1556.2605686000315,b,1,2.136251199990511,NA,1556.2610796000226,1556.2742798000108,1556.2742798000108,1556.2742798000108,1556.2742798000108,1556.2616246000398,NA,NA,NA,NA,NA,NA,NA,NA,NA,NA,020,001,2025-10-08_09h50.02.814,Study_5_PsychoPy_Experiment,2024.1.5,NA,2025-10-08 09h50.14.055704 +0100
Reality,Reg,FALSE,N,NB-TB-K,D_NB,PsychoPyStudy5Stim/D_NB_6.png,"In REALITY, there is ONE cube",One,b,h,N,PropFalse,N,0,287,287,138,1556.2742798000108,NA,NA,NA,NA,NA,NA,NA,NA,NA,1556.2620114000165,3.0169996898621e-4,1556.3605101000285,1556.7410575000104,1556.8411912000156,1558.8410768000176,1559.2410766000394,1559.3434720000369,1559.3434720000369,1564.4774971000152,h,1,5.11910579999676,NA,1564.4781298000016,1564.490988900012,1564.490988900012,1564.490988900012,1564.490988900012,1564.478904200019,NA,NA,NA,NA,NA,NA,NA,NA,NA,NA,020,001,2025-10-08_09h50.02.814,Study_5_PsychoPy_Experiment,2024.1.5,NA,2025-10-08 09h50.14.055704 +0100
Knowledge,Neg,FALSE,N,NB-TB-K,TT_NB,PsychoPyStudy5Stim/TT_NB_7.png,Adam does NOT KNOW there are TWO cubes,Two,b,h,Y,PropFalse,N,0,288,288,70,1564.490988900012,NA,NA,NA,NA,NA,NA,NA,NA,NA,1564.4794084000168,3.9150001248344e-4,1564.5807334000128,1564.9574499000446,1565.0577602000558,1567.0577416000306,1567.4577868000488,1567.560173200036,1567.560173200036,1569.2437701000017,h,1,1.6701667999732308,NA,1569.2440678000569,1569.2575439000502,1569.2575439000502,1569.2575439000502,1569.2575439000502,1569.2443875000463,NA,NA,NA,NA,NA,NA,NA,NA,NA,NA,020,001,2025-10-08_09h50.02.814,Study_5_PsychoPy_Experiment,2024.1.5,NA,2025-10-08 09h50.14.055704 +0100
Knowledge,Neg,FALSE,N,NB-TB-K,T_NB,PsychoPyStudy5Stim/T_NB_2.png,Adam does NOT KNOW there is ONE cube,One,b,h,Y,PropFalse,N,0,289,289,41,1569.2575439000502,NA,NA,NA,NA,NA,NA,NA,NA,NA,1569.244591900031,1.613000058569e-4,1569.326741000055,1569.7076695000287,1569.807827700046,1571.807692500006,1572.2078186,1572.3099122000276,1572.3099122000276,1572.9773232000298,h,1,0.6657980000018142,NA,1572.9778272000258,1572.9909007000388,1572.9909007000388,1572.9909007000388,1572.9909007000388,1572.9783668000018,NA,NA,NA,NA,NA,NA,NA,NA,NA,NA,020,001,2025-10-08_09h50.02.814,Study_5_PsychoPy_Experiment,2024.1.5,NA,2025-10-08 09h50.14.055704 +0100
Belief,Reg,TRUE,N,TB-K-B,DD_B,PsychoPyStudy5Stim/DD_B_2.png,Adam THINKS there are ZERO cubes,Zero,h,b,N,-,N,0,290,290,227,1572.9909007000388,NA,NA,NA,NA,NA,NA,NA,NA,NA,1572.9787532000337,2.8699997346848e-4,1573.0768050000188,1573.4576437000069,1573.5577511000447,1575.5577221999993,1575.957749700057,1576.0599968000315,1576.0599968000315,1580.3941450000275,b,1,4.330395600001793,NA,1580.3947087000124,1580.407518400054,1580.407518400054,1580.407518400054,1580.407518400054,1580.3953437000164,NA,NA,NA,NA,NA,NA,NA,NA,NA,NA,020,001,2025-10-08_09h50.02.814,Study_5_PsychoPy_Experiment,2024.1.5,NA,2025-10-08 09h50.14.055704 +0100
Knowledge,Reg,TRUE,N,NB-TB-K,D_NB,PsychoPyStudy5Stim/D_NB_2.png,Adam KNOWS there are ZERO cubes,Zero,h,b,N,-,N,0,291,291,129,1580.407518400054,NA,NA,NA,NA,NA,NA,NA,NA,NA,1580.3957669000374,3.2910000300034e-4,1580.488324900041,1580.8575595000293,1580.957589000056,1582.9577992000268,1583.3577259000158,1583.4599525000085,1583.4599525000085,1584.8442103000125,b,1,1.369794099999126,NA,1584.8448160000262,1584.8575500000152,1584.8575500000152,1584.8575500000152,1584.8575500000152,1584.8455078000552,NA,NA,NA,NA,NA,NA,NA,NA,NA,NA,020,001,2025-10-08_09h50.02.814,Study_5_PsychoPy_Experiment,2024.1.5,NA,2025-10-08 09h50.14.055704 +0100
Knowledge,Neg,FALSE,N,TB-K,TT_B,PsychoPyStudy5Stim/TT_B_7.png,Adam does NOT KNOW there are TWO cubes,Two,b,h,Y,PropFalse,N,0,292,292,94,1584.8575500000152,NA,NA,NA,NA,NA,NA,NA,NA,NA,1584.845979400037,3.6870001349598e-4,1584.9554139000247,1585.3408087000134,1585.441096900031,1587.4410644000163,1587.8409442000557,1587.943286200054,1587.943286200054,1589.744401300035,h,1,1.7988810999668203,NA,1589.7450489000184,1589.7575860000215,1589.7575860000215,1589.7575860000215,1589.7575860000215,1589.7457789000473,NA,NA,NA,NA,NA,NA,NA,NA,NA,NA,020,001,2025-10-08_09h50.02.814,Study_5_PsychoPy_Experiment,2024.1.5,NA,2025-10-08 09h50.14.055704 +0100
Reality,Reg,TRUE,N,FB-Ig,B_TT,PsychoPyStudy5Stim/B_TT_2.png,"In REALITY, there are TWO cubes",Two,h,b,N,-,N,0,293,293,332,1589.7575860000215,NA,NA,NA,NA,NA,NA,NA,NA,NA,1589.746283000044,3.9379997178912e-4,1589.8590096000116,1590.240852500021,1590.3410732000484,1592.3410068000085,1592.7409885000088,1592.843297500047,1592.843297500047,1593.7443020000355,b,1,0.8908802000223659,NA,1593.7449294000398,1593.7575150000048,1593.7575150000048,1593.7575150000048,1593.7575150000048,1593.7456395000336,NA,NA,NA,NA,NA,NA,NA,NA,NA,NA,020,001,2025-10-08_09h50.02.814,Study_5_PsychoPy_Experiment,2024.1.5,NA,2025-10-08 09h50.14.055704 +0100
Belief,Neg,FALSE,N,TB-K,TT_B,PsychoPyStudy5Stim/TT_B_8.png,Adam does NOT THINK there are TWO cubes,Two,b,h,Y,PropFalse,N,0,294,294,103,1593.7575150000048,NA,NA,NA,NA,NA,NA,NA,NA,NA,1593.746154600056,4.083999665454e-4,1593.8469364000484,1594.224206200044,1594.3243934000493,1596.3243398000486,1596.7243354000384,1596.8265668000097,1596.8265668000097,1601.4433967000225,h,1,4.611375899985433,NA,1601.4437514000456,1601.457393300021,1601.457393300021,1601.457393300021,1601.457393300021,1601.444114700018,NA,NA,NA,NA,NA,NA,NA,NA,NA,NA,020,001,2025-10-08_09h50.02.814,Study_5_PsychoPy_Experiment,2024.1.5,NA,2025-10-08 09h50.14.055704 +0100
Knowledge,Reg,FALSE,N,FB-Ig,D_B_T,PsychoPyStudy5Stim/D_B_T_7.png,Adam KNOWS there are TWO cubes,Two,b,h,N,PropFalse,N,0,295,295,297,1601.457393300021,NA,NA,NA,NA,NA,NA,NA,NA,NA,1601.444376800035,2.0670000230893e-4,1601.533841600001,1601.9074981000158,1602.0076568000368,1604.007679100032,1604.4074837000226,1604.5099147,1604.5099147,1606.3932453000452,h,1,1.8722453000373207,NA,1606.393534300034,1606.4073080000237,1606.4073080000237,1606.4073080000237,1606.4073080000237,1606.393866600003,NA,NA,NA,NA,NA,NA,NA,NA,NA,NA,020,001,2025-10-08_09h50.02.814,Study_5_PsychoPy_Experiment,2024.1.5,NA,2025-10-08 09h50.14.055704 +0100
Belief,Neg,TRUE,Y,FB-Ig,T_B_T,PsychoPyStudy5Stim/T_B_T_1.png,Adam does NOT THINK there are TWO cubes,Two,h,b,Y,-,N,0,296,296,16,1606.4073080000237,NA,NA,NA,NA,NA,NA,NA,NA,NA,1606.3940732000046,1.6379996668547e-4,1606.4911752000337,1606.8742429000558,1606.974262100004,1608.974230300053,1609.3742462000228,1609.476778000011,1609.476778000011,1614.8609481000458,b,1,5.377651799994055,NA,1614.8616698000114,1614.8741368000046,1614.8741368000046,1614.8741368000046,1614.8741368000046,1614.8624167000526,NA,NA,NA,NA,NA,NA,NA,NA,NA,NA,020,001,2025-10-08_09h50.02.814,Study_5_PsychoPy_Experiment,2024.1.5,NA,2025-10-08 09h50.14.055704 +0100
Belief,Reg,TRUE,N,TB-Ig,D_B,PsychoPyStudy5Stim/D_B_2.png,Adam THINKS there are ZERO cubes,Zero,h,b,N,-,Y,0,297,297,201,1614.8741368000046,NA,NA,NA,NA,NA,NA,NA,NA,NA,1614.862938300008,4.0959997568279e-4,1614.958229800046,1615.3408373000566,1615.440981700027,1617.4409148000414,1617.8408999000094,1617.9431315000402,1617.9431315000402,1620.945365600055,b,1,2.9915948000270873,NA,1620.9466699000332,1620.9574484000332,1620.9574484000332,1620.9574484000332,1620.9574484000332,1620.948058900016,NA,NA,NA,NA,NA,NA,NA,NA,NA,NA,020,001,2025-10-08_09h50.02.814,Study_5_PsychoPy_Experiment,2024.1.5,NA,2025-10-08 09h50.14.055704 +0100
Belief,Neg,TRUE,Y,FB-Ig,D_B_T,PsychoPyStudy5Stim/D_B_T_2.png,Adam does NOT THINK there is ONE cube,One,h,b,Y,-,N,0,298,298,25,1620.9574484000332,NA,NA,NA,NA,NA,NA,NA,NA,NA,1620.949160500022,8.9280004613101e-4,1621.0454351000371,1621.4241886000382,1621.5243392000557,1623.5243002000498,1623.9241488000262,1624.026514200028,1624.026514200028,1627.394166300015,b,1,3.3648228000383824,NA,1627.3948263000348,1627.4073527000146,1627.4073527000146,1627.4073527000146,1627.4073527000146,1627.3956764000468,NA,NA,NA,NA,NA,NA,NA,NA,NA,NA,020,001,2025-10-08_09h50.02.814,Study_5_PsychoPy_Experiment,2024.1.5,NA,2025-10-08 09h50.14.055704 +0100
Knowledge,Reg,TRUE,N,NB-TB-K,DD_NB,PsychoPyStudy5Stim/DD_NB_8.png,Adam KNOWS there are ZERO cubes,Zero,h,b,N,-,N,0,299,299,154,1627.4073527000146,NA,NA,NA,NA,NA,NA,NA,NA,NA,1627.3962195000497,4.3290003668516e-4,1627.4904859000235,1627.8740504000452,1627.9742961000302,1629.974281700037,1630.3741749000037,1630.4762676000246,1630.4762676000246,1631.3934918000014,b,1,0.9138712999993004,NA,1631.3937930000247,1631.407341100043,1631.407341100043,1631.407341100043,1631.407341100043,1631.3941173000494,NA,NA,NA,NA,NA,NA,NA,NA,NA,NA,020,001,2025-10-08_09h50.02.814,Study_5_PsychoPy_Experiment,2024.1.5,NA,2025-10-08 09h50.14.055704 +0100
Reality,Reg,TRUE,N,TB-K-B,DD_B,PsychoPyStudy5Stim/DD_B_7.png,"In REALITY, there are ZERO cubes",Zero,h,b,N,-,N,0,300,300,238,1631.407341100043,NA,NA,NA,NA,NA,NA,NA,NA,NA,1631.394322600041,1.6200001118704e-4,1631.489944400033,1631.87385860004,1631.9739793000044,1633.974127200025,1634.374080200039,1634.4764538000454,1634.4764538000454,1637.3932208000333,b,1,2.905600099998992,NA,1637.393534700037,1637.4073050000006,1637.4073050000006,1637.4073050000006,1637.4073050000006,1637.3938790000393,NA,NA,NA,NA,NA,NA,NA,NA,NA,NA,020,001,2025-10-08_09h50.02.814,Study_5_PsychoPy_Experiment,2024.1.5,NA,2025-10-08 09h50.14.055704 +0100
Knowledge,Reg,TRUE,N,NB-TB-K,D_NB,PsychoPyStudy5Stim/D_NB_1.png,Adam KNOWS there are ZERO cubes,Zero,h,b,N,-,N,0,301,301,128,1637.4073050000006,NA,NA,NA,NA,NA,NA,NA,NA,NA,1637.394094700052,1.6930000856518e-4,1637.4816031000228,1637.8573863000493,1637.9575541000231,1639.9575954000466,1640.3574136000243,1640.459833800036,1640.459833800036,1641.6766265000333,b,1,1.2100176999811083,NA,1641.676916200027,1641.69058590004,1641.69058590004,1641.69058590004,1641.69058590004,1641.6772413,NA,NA,NA,NA,NA,NA,NA,NA,NA,NA,020,001,2025-10-08_09h50.02.814,Study_5_PsychoPy_Experiment,2024.1.5,NA,2025-10-08 09h50.14.055704 +0100
Belief,Reg,FALSE,N,TB-K-B,DD_B,PsychoPyStudy5Stim/DD_B_5.png,Adam THINKS there is ONE cube,One,b,h,N,PropFalse,N,0,302,302,236,1641.69058590004,NA,NA,NA,NA,NA,NA,NA,NA,NA,1641.677446900052,1.6409996896982e-4,1641.7609019000083,1642.1407227000454,1642.240729400015,1644.2406579000526,1644.6408432000317,1644.743165300053,1644.743165300053,1646.3267431000131,h,1,1.566948699997738,NA,1646.3272326000151,1646.3406272000284,1646.3406272000284,1646.3406272000284,1646.3406272000284,1646.3277481000405,NA,NA,NA,NA,NA,NA,NA,NA,NA,NA,020,001,2025-10-08_09h50.02.814,Study_5_PsychoPy_Experiment,2024.1.5,NA,2025-10-08 09h50.14.055704 +0100
Belief,Reg,TRUE,N,TB-Ig,D_B,PsychoPyStudy5Stim/D_B_D_3.png,Adam THINKS there are ZERO cubes,Zero,h,b,N,-,Y,0,303,303,211,1646.3406272000284,NA,NA,NA,NA,NA,NA,NA,NA,NA,1646.328123800049,3.0050001805648e-4,1646.4266904000542,1646.8073104000068,1646.9075423000031,1648.9075039000018,1649.3074668000336,1649.40966200002,1649.40966200002,1651.977388700005,b,1,2.564159999950789,NA,1651.9780400000163,1651.9906447000103,1651.9906447000103,1651.9906447000103,1651.9906447000103,1651.978789100016,NA,NA,NA,NA,NA,NA,NA,NA,NA,NA,020,001,2025-10-08_09h50.02.814,Study_5_PsychoPy_Experiment,2024.1.5,NA,2025-10-08 09h50.14.055704 +0100
Belief,Reg,FALSE,N,TB-K-B,TD_B,PsychoPyStudy5Stim/TD_B_4.png,Adam THINKS there are ZERO cubes,Zero,b,h,N,PropFalse,N,0,304,304,266,1651.9906447000103,NA,NA,NA,NA,NA,NA,NA,NA,NA,1651.979294800025,3.9509998168796e-4,1652.0764896000037,1652.4573674999992,1652.5574672000366,1654.5573924000491,1654.9574557000306,1655.0597151000402,1655.0597151000402,1656.5276467000367,h,1,1.457904499955475,NA,1656.528397500049,1656.5406793000293,1656.5406793000293,1656.5406793000293,1656.5406793000293,1656.5292272000224,NA,NA,NA,NA,NA,NA,NA,NA,NA,NA,020,001,2025-10-08_09h50.02.814,Study_5_PsychoPy_Experiment,2024.1.5,NA,2025-10-08 09h50.14.055704 +0100
Reality,Reg,FALSE,N,NB-TB-K,DD_NB,PsychoPyStudy5Stim/DD_NB_5.png,"In REALITY, there is ONE cube",One,b,h,N,PropFalse,N,0,305,305,161,1656.5406793000293,NA,NA,NA,NA,NA,NA,NA,NA,NA,1656.529814300011,4.5480002881959e-4,1656.624460000021,1657.0073581000324,1657.107467600028,1659.1074178000565,1659.5074135000468,1659.6096650000543,1659.6096650000543,1660.3105368000106,h,1,0.6840345999808051,NA,1660.3112336000197,1660.323947900033,1660.323947900033,1660.323947900033,1660.323947900033,1660.311971900053,NA,NA,NA,NA,NA,NA,NA,NA,NA,NA,020,001,2025-10-08_09h50.02.814,Study_5_PsychoPy_Experiment,2024.1.5,NA,2025-10-08 09h50.14.055704 +0100
Knowledge,Reg,FALSE,N,FB-Ig,B_T,PsychoPyStudy5Stim/B_T_5.png,Adam KNOWS there are ZERO cubes,Zero,b,h,N,PropTrueNoKnow,Y,0,306,306,311,1660.323947900033,NA,NA,NA,NA,NA,NA,NA,NA,NA,1660.312483900052,3.9910001214593e-4,1660.413037200051,1660.7906476000207,1660.890814500046,1662.8905909000314,1663.2908891000552,1663.3930599000305,1663.3930599000305,1664.693868600007,h,1,1.2927533000474796,NA,1664.6945447000326,1664.707288500038,1664.707288500038,1664.707288500038,1664.707288500038,1664.6953205000027,NA,NA,NA,NA,NA,NA,NA,NA,NA,NA,020,001,2025-10-08_09h50.02.814,Study_5_PsychoPy_Experiment,2024.1.5,NA,2025-10-08 09h50.14.055704 +0100
Knowledge,Reg,FALSE,N,FB-Ig,B_T,PsychoPyStudy5Stim/B_T_1.png,Adam KNOWS there are ZERO cubes,Zero,b,h,N,PropTrueNoKnow,Y,0,307,307,307,1664.707288500038,NA,NA,NA,NA,NA,NA,NA,NA,NA,1664.695877900056,4.4269999489188e-4,1664.795778700034,1665.1739941000124,1665.2741033000057,1667.2740682000294,1667.674048000015,1667.7762914000195,1667.7762914000195,1668.5097147000488,h,1,0.7260060000116937,NA,1668.510022900009,1668.5238258000463,1668.5238258000463,1668.5238258000463,1668.5238258000463,1668.5103671000106,NA,NA,NA,NA,NA,NA,NA,NA,NA,NA,020,001,2025-10-08_09h50.02.814,Study_5_PsychoPy_Experiment,2024.1.5,NA,2025-10-08 09h50.14.055704 +0100
Belief,Neg,TRUE,Y,FB-Ig,T_B_T,PsychoPyStudy5Stim/T_B_T_5.png,Adam does NOT THINK there are TWO cubes,Two,h,b,Y,-,N,0,308,308,20,1668.5238258000463,NA,NA,NA,NA,NA,NA,NA,NA,NA,1668.5105876000016,1.7469999147579e-4,1668.599291600054,1668.973988200014,1669.0741018000408,1671.0739212000044,1671.4741178000113,1671.57645220001,1671.57645220001,1676.310449700046,b,1,4.725466899981257,NA,1676.3110439000302,1676.3238972000545,1676.3238972000545,1676.3238972000545,1676.3238972000545,1676.3116996000172,NA,NA,NA,NA,NA,NA,NA,NA,NA,NA,020,001,2025-10-08_09h50.02.814,Study_5_PsychoPy_Experiment,2024.1.5,NA,2025-10-08 09h50.14.055704 +0100
Belief,Neg,FALSE,N,NB-TB-K,TT_NB,PsychoPyStudy5Stim/TT_NB_1.png,Adam does NOT THINK there are TWO cubes,Two,b,h,Y,PropFalse,N,0,309,309,72,1676.3238972000545,NA,NA,NA,NA,NA,NA,NA,NA,NA,1676.3121650000105,3.6430003819987e-4,1676.40239620005,1676.7739210000143,1676.8740348000429,1678.8740937000257,1679.2741087000468,1679.3764264000347,1679.3764264000347,1681.7273895000108,h,1,2.349499000003562,NA,1681.728049300029,1681.740556200035,1681.740556200035,1681.740556200035,1681.740556200035,1681.7287362000206,NA,NA,NA,NA,NA,NA,NA,NA,NA,NA,020,001,2025-10-08_09h50.02.814,Study_5_PsychoPy_Experiment,2024.1.5,NA,2025-10-08 09h50.14.055704 +0100
Knowledge,Neg,TRUE,Y,FB-Ig,D_B_T,PsychoPyStudy5Stim/D_B_T_8.png,Adam does NOT KNOW there is ONE cube,One,h,b,Y,-,N,0,310,310,15,1681.740556200035,NA,NA,NA,NA,NA,NA,NA,NA,NA,1681.729249200027,3.7750002229586e-4,1681.8138348000357,1682.1905018000398,1682.29066540004,1684.290757400042,1684.6906823000172,1684.7929353000363,1684.7929353000363,1686.793243400054,b,1,1.9977365999948231,NA,1686.7935554000433,1686.8071273000096,1686.8071273000096,1686.8071273000096,1686.8071273000096,1686.7938822000287,NA,NA,NA,NA,NA,NA,NA,NA,NA,NA,020,001,2025-10-08_09h50.02.814,Study_5_PsychoPy_Experiment,2024.1.5,NA,2025-10-08 09h50.14.055704 +0100
Reality,Reg,FALSE,N,NB-TB-K,TT_NB,PsychoPyStudy5Stim/TT_NB_7.png,"In REALITY, there are ZERO cubes",Zero,b,h,N,PropFalse,N,0,311,311,194,1686.8071273000096,NA,NA,NA,NA,NA,NA,NA,NA,NA,1686.7940915000509,1.6539997886866e-4,1686.878971600032,1687.257255000004,1687.3573538000346,1689.3573318000415,1689.7573005000013,1689.8596371000167,1689.8596371000167,1693.8271863000118,h,1,3.954024699982256,NA,1693.8278787000454,1693.8405259000135,1693.8405259000135,1693.8405259000135,1693.8405259000135,1693.8286465000128,NA,NA,NA,NA,NA,NA,NA,NA,NA,NA,020,001,2025-10-08_09h50.02.814,Study_5_PsychoPy_Experiment,2024.1.5,NA,2025-10-08 09h50.14.055704 +0100
Reality,Reg,FALSE,N,TB-K-B,DD_B,PsychoPyStudy5Stim/DD_B_9.png,"In REALITY, there are TWO cubes",Two,b,h,N,PropFalse,N,0,312,312,240,1693.8405259000135,NA,NA,NA,NA,NA,NA,NA,NA,NA,1693.8291580000075,3.9810000453144e-4,1693.924352300004,1694.3074257000117,1694.40721210005,1696.4074220000184,1696.807247000048,1696.909796800057,1696.909796800057,1698.3618253000311,h,1,1.4482024000026286,NA,1698.3629002000089,1698.3738994000014,1698.3738994000014,1698.3738994000014,1698.3738994000014,1698.3641728000366,NA,NA,NA,NA,NA,NA,NA,NA,NA,NA,020,001,2025-10-08_09h50.02.814,Study_5_PsychoPy_Experiment,2024.1.5,NA,2025-10-08 09h50.14.055704 +0100
Knowledge,Reg,FALSE,N,TB-K-B,DD_B,PsychoPyStudy5Stim/DD_B_9.png,Adam KNOWS there is ONE cube,One,b,h,N,PropFalse,N,0,313,313,223,1698.3738994000014,NA,NA,NA,NA,NA,NA,NA,NA,NA,1698.3650170000035,6.5460003679618e-4,1698.4637173000374,1698.840370800055,1698.940471000038,1700.9406317000394,1701.3405658000263,1701.4431678000255,1701.4431678000255,1703.6936647000257,b,0,2.242933899979107,NA,1703.6942952000536,1703.7071078000008,1703.7071078000008,1703.7071078000008,1703.7071078000008,1703.6950080000097,NA,NA,NA,NA,NA,NA,NA,NA,NA,NA,020,001,2025-10-08_09h50.02.814,Study_5_PsychoPy_Experiment,2024.1.5,NA,2025-10-08 09h50.14.055704 +0100
Reality,Reg,FALSE,N,FB-Ig,B_TT,PsychoPyStudy5Stim/B_TT_4.png,"In REALITY, there are ZERO cubes",Zero,b,h,N,-,N,0,314,314,334,1703.7071078000008,NA,NA,NA,NA,NA,NA,NA,NA,NA,1703.6954874000512,3.7170003633946e-4,1703.79304410005,1704.1738735000254,1704.2740242000436,1706.2740010000416,1706.6738906000392,1706.776227400056,1706.776227400056,1708.193594500015,h,1,1.4056998000014571,NA,1708.1942247000406,1708.2070884000275,1708.2070884000275,1708.2070884000275,1708.2070884000275,1708.1949173000176,NA,NA,NA,NA,NA,NA,NA,NA,NA,NA,020,001,2025-10-08_09h50.02.814,Study_5_PsychoPy_Experiment,2024.1.5,NA,2025-10-08 09h50.14.055704 +0100
Knowledge,Reg,TRUE,N,TB-K-B,DD_B,PsychoPyStudy5Stim/DD_B_5.png,Adam KNOWS there are ZERO cubes,Zero,h,b,N,-,N,0,315,315,219,1708.2070884000275,NA,NA,NA,NA,NA,NA,NA,NA,NA,1708.1953960000535,3.7209998117759e-4,1708.2862472000415,1708.6572044000495,1708.757343000034,1710.7573017000104,1711.1571770000155,1711.2595802000142,1711.2595802000142,1712.0935716000386,b,1,0.8267341000027955,NA,1712.0941379000433,1712.1070775000262,1712.1070775000262,1712.1070775000262,1712.1070775000262,1712.094773000048,NA,NA,NA,NA,NA,NA,NA,NA,NA,NA,020,001,2025-10-08_09h50.02.814,Study_5_PsychoPy_Experiment,2024.1.5,NA,2025-10-08 09h50.14.055704 +0100
Knowledge,Reg,FALSE,N,NB-TB-K,TT_NB,PsychoPyStudy5Stim/TT_NB_8.png,Adam KNOWS there is ONE cube,One,b,h,N,PropFalse,N,0,316,316,176,1712.1070775000262,NA,NA,NA,NA,NA,NA,NA,NA,NA,1712.0951988000306,3.5709998337551e-4,1712.1794274999993,1712.5571359000169,1712.6572642000392,1714.6572897000003,1715.057145400031,1715.159367000044,1715.159367000044,1718.6772283000173,b,0,3.5019044000073336,NA,1718.6779738000478,1718.6904849000275,1718.6904849000275,1718.6904849000275,1718.6904849000275,1718.6788106000167,NA,NA,NA,NA,NA,NA,NA,NA,NA,NA,020,001,2025-10-08_09h50.02.814,Study_5_PsychoPy_Experiment,2024.1.5,NA,2025-10-08 09h50.14.055704 +0100
Knowledge,Reg,FALSE,N,FB-Ig,B_TT,PsychoPyStudy5Stim/B_TT_2.png,Adam KNOWS there are ZERO cubes,Zero,b,h,N,PropTrueNoKnow,Y,0,317,317,322,1718.6904849000275,NA,NA,NA,NA,NA,NA,NA,NA,NA,1718.6793971000006,4.5630004024133e-4,1718.7794305999996,1719.1571332000312,1719.257402600022,1721.2571829000372,1721.6571891000494,1721.7594042000128,1721.7594042000128,1723.1102599000442,h,1,1.342142999987118,NA,1723.110910300049,1723.1236985000432,1723.1236985000432,1723.1236985000432,1723.1236985000432,1723.1116105000256,NA,NA,NA,NA,NA,NA,NA,NA,NA,NA,020,001,2025-10-08_09h50.02.814,Study_5_PsychoPy_Experiment,2024.1.5,NA,2025-10-08 09h50.14.055704 +0100
Reality,Reg,FALSE,N,TB-Ig,D_B,PsychoPyStudy5Stim/D_B_3.png,"In REALTY, there are TWO cubes",Two,b,h,N,-,N,0,318,318,205,1723.1236985000432,NA,NA,NA,NA,NA,NA,NA,NA,NA,1723.1120974000078,3.7809996865689e-4,1723.198809500027,1723.573817800032,1723.6739472000045,1725.673835500027,1726.0736178000225,1726.176275600039,1726.176275600039,1726.8108180000563,h,1,0.6219592999550514,NA,1726.8116647000425,1726.8237181000295,1726.8237181000295,1726.8237181000295,1726.8237181000295,1726.8126773000113,NA,NA,NA,NA,NA,NA,NA,NA,NA,NA,020,001,2025-10-08_09h50.02.814,Study_5_PsychoPy_Experiment,2024.1.5,NA,2025-10-08 09h50.14.055704 +0100
Reality,Reg,FALSE,N,TB-Ig,D_B,PsychoPyStudy5Stim/D_B_2.png,"In REALITY, there is ONE cube",One,b,h,N,-,N,0,319,319,204,1726.8237181000295,NA,NA,NA,NA,NA,NA,NA,NA,NA,1726.8133617000422,5.4340000497177e-4,1726.909952200018,1727.2904177000164,1727.390427300008,1729.390507700038,1729.7904916000552,1729.892687500047,1729.892687500047,1730.4937204000307,h,1,0.5844612999935634,NA,1730.4944068000186,1730.5070489000063,1730.5070489000063,1730.5070489000063,1730.5070489000063,1730.495164700027,NA,NA,NA,NA,NA,NA,NA,NA,NA,NA,020,001,2025-10-08_09h50.02.814,Study_5_PsychoPy_Experiment,2024.1.5,NA,2025-10-08 09h50.14.055704 +0100
Belief,Reg,FALSE,N,TB-K-B,TD_B,PsychoPyStudy5Stim/TD_B_7.png,Adam THINKS there are ZERO cubes,Zero,b,h,N,PropFalse,N,0,320,320,269,1730.5070489000063,NA,NA,NA,NA,NA,NA,NA,NA,NA,1730.4956752000144,3.9669999387115e-4,1730.5912841000245,1730.9735902000102,1731.0736699000115,1733.0736784000185,1733.4739051000215,1733.576009100012,1733.576009100012,1735.659877700033,h,1,2.078344699984882,NA,1735.660396200023,1735.6736733000143,1735.6736733000143,1735.6736733000143,1735.6736733000143,1735.6609363000025,NA,NA,NA,NA,NA,NA,NA,NA,NA,NA,020,001,2025-10-08_09h50.02.814,Study_5_PsychoPy_Experiment,2024.1.5,NA,2025-10-08 09h50.14.055704 +0100
Knowledge,Reg,TRUE,N,TB-K-B,TT_B,PsychoPyStudy5Stim/TT_B_6.png,Adam KNOWS there are TWO cubes,Two,h,b,N,-,N,0,321,321,242,1735.6736733000143,NA,NA,NA,NA,NA,NA,NA,NA,NA,1735.6613313000416,3.1470000976696e-4,1735.7559078000486,1736.1401432000566,1736.2403180000256,1738.2404267000384,1738.6404326000484,1738.7427857000148,1738.7427857000148,1742.8102054000483,b,1,4.054608000034932,NA,1742.8108729000087,1742.8236531000002,1742.8236531000002,1742.8236531000002,1742.8236531000002,1742.8116215000043,NA,NA,NA,NA,NA,NA,NA,NA,NA,NA,020,001,2025-10-08_09h50.02.814,Study_5_PsychoPy_Experiment,2024.1.5,NA,2025-10-08 09h50.14.055704 +0100
Knowledge,Reg,TRUE,N,TB-K-B,TT_B,PsychoPyStudy5Stim/TT_B_8.png,Adam KNOWS there are TWO cubes,Two,h,b,N,-,N,0,322,322,244,1742.8236531000002,NA,NA,NA,NA,NA,NA,NA,NA,NA,1742.81213070004,3.963999915868e-4,1742.9079853000003,1743.2903365000384,1743.3905136000249,1745.3905518000247,1745.7904189000255,1745.892859000014,1745.892859000014,1746.4268748000031,b,1,0.5292450999841094,NA,1746.427175800025,1746.44011830003,1746.44011830003,1746.44011830003,1746.44011830003,1746.4274902000325,NA,NA,NA,NA,NA,NA,NA,NA,NA,NA,020,001,2025-10-08_09h50.02.814,Study_5_PsychoPy_Experiment,2024.1.5,NA,2025-10-08 09h50.14.055704 +0100
Belief,Neg,FALSE,N,NB-TB-K,TT_NB,PsychoPyStudy5Stim/TT_NB_4.png,Adam does NOT THINK there are TWO cubes,Two,b,h,Y,PropFalse,N,0,323,323,75,1746.44011830003,NA,NA,NA,NA,NA,NA,NA,NA,NA,1746.4277107000237,1.7190002836287e-4,1746.5102092000309,1746.8903812000062,1746.9904048000462,1748.9904254000285,1749.3904766000342,1749.492758300039,1749.492758300039,1753.0932412000257,h,1,3.593075199984014,NA,1753.093722700025,1753.1069074000116,1753.1069074000116,1753.1069074000116,1753.1069074000116,1753.094260700047,NA,NA,NA,NA,NA,NA,NA,NA,NA,NA,020,001,2025-10-08_09h50.02.814,Study_5_PsychoPy_Experiment,2024.1.5,NA,2025-10-08 09h50.14.055704 +0100
Belief,Neg,TRUE,N,NB-TB-K,T_NB,PsychoPyStudy5Stim/T_NB_1.png,Adam does NOT THINK there are TWO cubes,Two,h,b,Y,-,N,0,324,324,36,1753.1069074000116,NA,NA,NA,NA,NA,NA,NA,NA,NA,1753.094623800018,2.849000156857e-4,1753.174363600032,1753.5567983000074,1753.6572599000065,1755.6571521000003,1756.0571054000177,1756.1593373000503,1756.1593373000503,1758.7937920000404,b,1,2.6307401999947615,NA,1758.7944776000222,1758.80696310004,1758.80696310004,1758.80696310004,1758.80696310004,1758.795188500022,NA,NA,NA,NA,NA,NA,NA,NA,NA,NA,020,001,2025-10-08_09h50.02.814,Study_5_PsychoPy_Experiment,2024.1.5,NA,2025-10-08 09h50.14.055704 +0100
Belief,Neg,TRUE,N,NB-TB-K,TT_NB,PsychoPyStudy5Stim/TT_NB_2.png,Adam does NOT THINK there is ONE cube,One,h,b,Y,-,N,0,325,325,61,1758.80696310004,NA,NA,NA,NA,NA,NA,NA,NA,NA,1758.7957037000451,4.0069996612146e-4,1758.8887614000123,1759.2737267000484,1759.373871000018,1761.3738061000477,1761.7736462000175,1761.8760104000105,1761.8760104000105,1768.0764386000228,h,0,6.185479099978693,NA,1768.0768176000563,1768.090137900028,1768.090137900028,1768.090137900028,1768.090137900028,1768.077231000003,NA,NA,NA,NA,NA,NA,NA,NA,NA,NA,020,001,2025-10-08_09h50.02.814,Study_5_PsychoPy_Experiment,2024.1.5,NA,2025-10-08 09h50.14.055704 +0100
Belief,Neg,FALSE,N,TB-K,TT_B,PsychoPyStudy5Stim/TT_B_2.png,Adam does NOT THINK there are TWO cubes,Two,b,h,Y,PropFalse,N,0,326,326,97,1768.090137900028,NA,NA,NA,NA,NA,NA,NA,NA,NA,1768.0775048000503,2.2240000544115e-4,1768.162366000004,1768.5402944000089,1768.6404125000115,1770.640470900049,1771.0403937000085,1771.142717300041,1771.142717300041,1774.010298600013,h,1,2.8636583000188693,NA,1774.010958800034,1774.023564000032,1774.023564000032,1774.023564000032,1774.023564000032,1774.011734300002,NA,NA,NA,NA,NA,NA,NA,NA,NA,NA,020,001,2025-10-08_09h50.02.814,Study_5_PsychoPy_Experiment,2024.1.5,NA,2025-10-08 09h50.14.055704 +0100
Belief,Reg,FALSE,N,FB-Ig,T_B_T,PsychoPyStudy5Stim/T_B_T_8.png,Adam THINKS there are ZERO cubes,Zero,b,h,N,PropFalse,N,0,327,327,290,1774.023564000032,NA,NA,NA,NA,NA,NA,NA,NA,NA,1774.0122879000264,4.386999644339e-4,1774.112126800057,1774.490270000009,1774.5905141000403,1776.5904142000363,1776.990316200012,1777.0928914000397,1777.0928914000397,1778.226663100009,h,1,1.128135399951134,NA,1778.227113300003,1778.2401505000307,1778.2401505000307,1778.2401505000307,1778.2401505000307,1778.2276139000314,NA,NA,NA,NA,NA,NA,NA,NA,NA,NA,020,001,2025-10-08_09h50.02.814,Study_5_PsychoPy_Experiment,2024.1.5,NA,2025-10-08 09h50.14.055704 +0100
Knowledge,Neg,TRUE,Y,FB-Ig,T_B_T,PsychoPyStudy5Stim/T_B_T_3.png,Adam does NOT KNOW there are TWO cubes,Two,h,b,Y,-,N,0,328,328,2,1778.2401505000307,NA,NA,NA,NA,NA,NA,NA,NA,NA,1778.2279493000242,2.6410003192722e-4,1778.3115089000205,1778.690195800038,1778.7903681000462,1780.7904227000545,1781.190328800003,1781.292674700031,1781.292674700031,1784.7598910000524,b,1,3.4651499000028707,NA,1784.7603817000054,1784.7734831000562,1784.7734831000562,1784.7734831000562,1784.7734831000562,1784.7609558000113,NA,NA,NA,NA,NA,NA,NA,NA,NA,NA,020,001,2025-10-08_09h50.02.814,Study_5_PsychoPy_Experiment,2024.1.5,NA,2025-10-08 09h50.14.055704 +0100
Reality,Reg,TRUE,N,TB-K-B,TD_B,PsychoPyStudy5Stim/TD_B_2.png,"In REALITY, there is ONE cube",One,h,b,N,-,N,0,329,329,271,1784.7734831000562,NA,NA,NA,NA,NA,NA,NA,NA,NA,1784.7613272000451,2.905000001192e-4,1784.8546941000386,1785.2402251000167,1785.3403485000017,1787.3403693000437,1787.7403594000498,1787.842641700001,1787.842641700001,1788.6600560000516,b,1,0.802265600010287,NA,1788.6607042000396,1788.6735260999994,1788.6735260999994,1788.6735260999994,1788.6735260999994,1788.6614602000336,NA,NA,NA,NA,NA,NA,NA,NA,NA,NA,020,001,2025-10-08_09h50.02.814,Study_5_PsychoPy_Experiment,2024.1.5,NA,2025-10-08 09h50.14.055704 +0100
Belief,Reg,TRUE,N,NB-TB-K,TT_NB,PsychoPyStudy5Stim/TT_NB_6.png,Adam THINKS there are TWO cubes,Two,h,b,N,-,N,0,330,330,178,1788.6735260999994,NA,NA,NA,NA,NA,NA,NA,NA,NA,1788.662013000052,4.404000355862e-4,1788.7559167,1789.1401013000286,1789.2403743000468,1791.2403139000526,1791.640213800012,1791.7424913000432,1791.7424913000432,1794.6763152000494,b,1,2.919353900011629,NA,1794.6768321000272,1794.6901084000128,1794.6901084000128,1794.6901084000128,1794.6901084000128,1794.6773704000516,NA,NA,NA,NA,NA,NA,NA,NA,NA,NA,020,001,2025-10-08_09h50.02.814,Study_5_PsychoPy_Experiment,2024.1.5,NA,2025-10-08 09h50.14.055704 +0100
Belief,Neg,FALSE,N,TB-K,TD_B,PsychoPyStudy5Stim/TD_B_8.png,Adam does NOT THINK there is ONE cube,One,b,h,Y,PropFalse,N,0,331,331,127,1794.6901084000128,NA,NA,NA,NA,NA,NA,NA,NA,NA,1794.6777398000122,3.0840002000331e-4,1794.7707849,1795.14020850003,1795.2401768000564,1797.2401703000069,1797.640304600005,1797.7426014000084,1797.7426014000084,1799.0430641000276,h,1,1.2862931999843568,NA,1799.0435446000192,1799.0567433000542,1799.0567433000542,1799.0567433000542,1799.0567433000542,1799.0440755000454,NA,NA,NA,NA,NA,NA,NA,NA,NA,NA,020,001,2025-10-08_09h50.02.814,Study_5_PsychoPy_Experiment,2024.1.5,NA,2025-10-08 09h50.14.055704 +0100
Knowledge,Reg,FALSE,N,TB-Ig,D_B,PsychoPyStudy5Stim/D_B_D_2.png,Adam KNOWS there are ZERO cubes,Zero,b,h,N,PropTrueNoKnow,Y,0,332,332,207,1799.0567433000542,NA,NA,NA,NA,NA,NA,NA,NA,NA,1799.0444469000213,2.90900003165e-4,1799.1391886000056,1799.52353820001,1799.6235735000228,1801.623694400012,1802.0236016000272,1802.1259187000103,1802.1259187000103,1803.8263045000497,h,1,1.6874395000049844,NA,1803.8266369000191,1803.8400079000276,1803.8400079000276,1803.8400079000276,1803.8400079000276,1803.8270035000169,NA,NA,NA,NA,NA,NA,NA,NA,NA,NA,020,001,2025-10-08_09h50.02.814,Study_5_PsychoPy_Experiment,2024.1.5,NA,2025-10-08 09h50.14.055704 +0100
Belief,Reg,TRUE,N,TB-K-B,DD_B,PsychoPyStudy5Stim/DD_B_3.png,Adam THINKS there are ZERO cubes,Zero,h,b,N,-,N,0,333,333,228,1803.8400079000276,NA,NA,NA,NA,NA,NA,NA,NA,NA,1803.827246400004,1.9230000907555e-4,1803.9130485000203,1804.2901342000112,1804.39028230001,1806.3901759000144,1806.7900538000397,1806.8926496000497,1806.8926496000497,1810.2432679000192,b,1,3.345441400015261,NA,1810.243826100021,1810.2567450000208,1810.2567450000208,1810.2567450000208,1810.2567450000208,1810.2444662000053,NA,NA,NA,NA,NA,NA,NA,NA,NA,NA,020,001,2025-10-08_09h50.02.814,Study_5_PsychoPy_Experiment,2024.1.5,NA,2025-10-08 09h50.14.055704 +0100
Belief,Reg,FALSE,N,NB-TB-K,TT_NB,PsychoPyStudy5Stim/TT_NB_2.png,Adam THINKS there is ONE cube,One,b,h,N,PropFalse,N,0,334,334,189,1810.2567450000208,NA,NA,NA,NA,NA,NA,NA,NA,NA,1810.2448990000412,3.3819995587691e-4,1810.3393808000255,1810.7235635000395,1810.823390900041,1812.8235004000016,1813.2234889000536,1813.3259421000257,1813.3259421000257,1814.0762978999992,h,1,0.7441023999708705,NA,1814.076615600032,1814.0900129000072,1814.0900129000072,1814.0900129000072,1814.0900129000072,1814.0769730000177,NA,NA,NA,NA,NA,NA,NA,NA,NA,NA,020,001,2025-10-08_09h50.02.814,Study_5_PsychoPy_Experiment,2024.1.5,NA,2025-10-08 09h50.14.055704 +0100
Knowledge,Reg,TRUE,N,NB-TB-K,DD_NB,PsychoPyStudy5Stim/DD_NB_7.png,Adam KNOWS there are ZERO cubes,Zero,h,b,N,-,N,0,335,335,153,1814.0900129000072,NA,NA,NA,NA,NA,NA,NA,NA,NA,1814.077197500039,1.7630000365898e-4,1814.1740091000104,1814.5567999000195,1814.6568284000384,1816.656933900027,1817.0568024000384,1817.1592253000128,1817.1592253000128,1822.2429450000056,b,1,5.070689900021534,NA,1822.2433210000163,1822.2568536000329,1822.2568536000329,1822.2568536000329,1822.2568536000329,1822.243771100009,NA,NA,NA,NA,NA,NA,NA,NA,NA,NA,020,001,2025-10-08_09h50.02.814,Study_5_PsychoPy_Experiment,2024.1.5,NA,2025-10-08 09h50.14.055704 +0100
NA,NA,NA,NA,NA,NA,NA,NA,NA,NA,NA,NA,NA,NA,NA,NA,NA,NA,NA,NA,NA,NA,NA,NA,NA,NA,NA,NA,NA,NA,NA,NA,NA,NA,NA,NA,NA,NA,NA,NA,NA,NA,NA,NA,NA,NA,NA,NA,NA,NA,NA,1822.2439123000368,1822.2568536000329,1823.2568629000452,1824.1754061000536,space,0.9014006000361404,NA,020,001,2025-10-08_09h50.02.814,Study_5_PsychoPy_Experiment,2024.1.5,NA,2025-10-08 09h50.14.055704 +0100
