Statement_Type,Reg_Neg,Truth_Value,Experimental,Scenario,Stimuli_Type,Stimulus,Statement,Statement_Number,CorAnsOdd,CorAnsEven,Barrier,Why_False,Check_Trial,Exp_Trial.thisRepN,Exp_Trial.thisTrialN,Exp_Trial.thisN,Exp_Trial.thisIndex,thisRow.t,notes,Exp_Intro.started,Exp_Intro_Text.started,Exp_Intro_Press_SPACE_Text.started,Exp_Intro_Press_SPACE.started,Exp_Intro.stopped,Exp_Intro_Press_SPACE.keys,Exp_Intro_Press_SPACE.rt,Exp_Intro_Press_SPACE.duration,Exp_Routine.started,Exp_Routine_ISI.started,Exp_Routine_Statement_Primer.started,Exp_Routine_Statement_Primer.stopped,Exp_Routine_Statement.started,Exp_Routine_Image_Primer.started,Exp_Routine_Image_Primer.stopped,Exp_Routine_Image.started,Exp_Routine_Key_Resp.started,Exp_Routine.stopped,Exp_Routine_Key_Resp.keys,Exp_Routine_Key_Resp.corr,Exp_Routine_Key_Resp.rt,Exp_Routine_Key_Resp.duration,Break.started,Break_Text.started,Break_Text.stopped,Break_Key_Resp.started,Break_Key_Resp.stopped,Break.stopped,Break_Key_Resp.keys,Break_Key_Resp.rt,Break_Key_Resp.duration,Exp_End.started,Exp_End_Text.started,Exp_End_Key_Resp.started,Exp_End.stopped,Exp_End_Key_Resp.keys,Exp_End_Key_Resp.rt,Exp_End_Key_Resp.duration,participant,session,date,expName,psychopyVersion,frameRate,expStart
NA,NA,NA,NA,NA,NA,NA,NA,NA,NA,NA,NA,NA,NA,NA,NA,NA,NA,NA,NA,0.00286689994391053,0.02503259992226958,2.0024073999375105,2.0024073999375105,10.559090900002047,space,8.535714600002393,NA,NA,NA,NA,NA,NA,NA,NA,NA,NA,NA,NA,NA,NA,NA,NA,NA,NA,NA,NA,NA,NA,NA,NA,NA,NA,NA,NA,NA,NA,NA,040,001,2025-10-13_14h13.20.423,Study_5_PsychoPy_Experiment,2024.1.5,NA,2025-10-13 14h13.33.117199 +0100
Knowledge,Neg,FALSE,N,TB-K,TT_B,PsychoPyStudy5Stim/TT_B_5.png,Adam does NOT KNOW there are TWO cubes,Two,b,h,Y,PropFalse,N,0,0,0,92,10.67148839996662,NA,NA,NA,NA,NA,NA,NA,NA,NA,10.668416799977422,0.10933649993967264,10.75554959999863,11.134846200002356,11.234983999980614,13.23515209998004,13.635144299943931,13.758966999943368,13.758966999943368,21.970225399942137,h,1,8.195273700053804,NA,21.970911099924702,21.98481279995758,21.98481279995758,21.98481279995758,21.98481279995758,21.971230300026946,NA,NA,NA,NA,NA,NA,NA,NA,NA,NA,040,001,2025-10-13_14h13.20.423,Study_5_PsychoPy_Experiment,2024.1.5,NA,2025-10-13 14h13.33.117199 +0100
Reality,Reg,TRUE,N,FB-Ig,B_TT,PsychoPyStudy5Stim/B_TT_1.png,"In REALITY, there are TWO cubes",Two,h,b,N,-,N,0,1,1,331,21.98481279995758,NA,NA,NA,NA,NA,NA,NA,NA,NA,21.97162510000635,1.8680002540349e-4,22.07246029993985,22.451775699970312,22.55171139992308,24.551772499922663,24.951727999956347,25.05367309995927,25.05367309995927,26.504377499921247,b,1,1.4369287999579683,NA,26.505028999992646,26.5181221999228,26.5181221999228,26.5181221999228,26.5181221999228,26.50575959996786,NA,NA,NA,NA,NA,NA,NA,NA,NA,NA,040,001,2025-10-13_14h13.20.423,Study_5_PsychoPy_Experiment,2024.1.5,NA,2025-10-13 14h13.33.117199 +0100
Knowledge,Neg,TRUE,N,TB-K,TD_B,PsychoPyStudy5Stim/TD_B_4.png,Adam does NOT KNOW there are TWO cubes,Two,h,b,Y,-,N,0,2,2,107,26.5181221999228,NA,NA,NA,NA,NA,NA,NA,NA,NA,26.506271600024775,3.9870000910013e-4,26.592062199953943,26.968111200025305,27.06824299995787,29.0684405999491,29.46842129994184,29.570243799942546,29.570243799942546,36.70448840002064,b,1,7.1287598999915645,NA,36.70515459997114,36.71827770001255,36.71827770001255,36.71827770001255,36.71827770001255,36.705826699966565,NA,NA,NA,NA,NA,NA,NA,NA,NA,NA,040,001,2025-10-13_14h13.20.423,Study_5_PsychoPy_Experiment,2024.1.5,NA,2025-10-13 14h13.33.117199 +0100
Belief,Reg,FALSE,N,FB-Ig,T_B_T,PsychoPyStudy5Stim/T_B_T_3.png,Adam THINKS there are ZERO cubes,Zero,b,h,N,PropFalse,N,0,3,3,285,36.71827770001255,NA,NA,NA,NA,NA,NA,NA,NA,NA,36.70634539995808,3.8310000672936e-4,36.80457869998645,37.18476249999367,37.284916699980386,39.28505059995223,39.68510629993398,39.7868839999428,39.7868839999428,41.50432830001227,h,1,1.7113217000151053,NA,41.50490679999348,41.51828399999067,41.51828399999067,41.51828399999067,41.51828399999067,41.50558050000109,NA,NA,NA,NA,NA,NA,NA,NA,NA,NA,040,001,2025-10-13_14h13.20.423,Study_5_PsychoPy_Experiment,2024.1.5,NA,2025-10-13 14h13.33.117199 +0100
Belief,Neg,TRUE,N,NB-TB-K,T_NB,PsychoPyStudy5Stim/T_NB_2.png,Adam does NOT THINK there are TWO cubes,Two,h,b,Y,-,N,0,4,4,37,41.51828399999067,NA,NA,NA,NA,NA,NA,NA,NA,NA,41.50603859999683,3.8159999530762e-4,41.605734699987806,41.98498239996843,42.08511959994212,44.08510779996868,44.485106499982066,44.58682899991982,44.58682899991982,46.687981899944134,b,1,2.0873972000554204,NA,46.68870749999769,46.701661200029776,46.701661200029776,46.701661200029776,46.701661200029776,46.68946619995404,NA,NA,NA,NA,NA,NA,NA,NA,NA,NA,040,001,2025-10-13_14h13.20.423,Study_5_PsychoPy_Experiment,2024.1.5,NA,2025-10-13 14h13.33.117199 +0100
Belief,Neg,FALSE,N,TB-K,TD_B,PsychoPyStudy5Stim/TD_B_1.png,Adam does NOT THINK there is ONE cube,One,b,h,Y,PropFalse,N,0,5,5,120,46.701661200029776,NA,NA,NA,NA,NA,NA,NA,NA,NA,46.69002590002492,4.3679994996637e-4,46.781017099972814,47.15162949997466,47.25180700002238,49.25171270000283,49.65163279999979,49.75351549999323,49.75351549999323,63.754253200022504,b,0,13.993286999990232,NA,63.75486979994457,63.76826909999363,63.76826909999363,63.76826909999363,63.76826909999363,63.75550500000827,NA,NA,NA,NA,NA,NA,NA,NA,NA,NA,040,001,2025-10-13_14h13.20.423,Study_5_PsychoPy_Experiment,2024.1.5,NA,2025-10-13 14h13.33.117199 +0100
Belief,Neg,FALSE,N,TB-K,TD_B,PsychoPyStudy5Stim/TD_B_6.png,Adam does NOT THINK there is ONE cube,One,b,h,Y,PropFalse,N,0,6,6,125,63.76826909999363,NA,NA,NA,NA,NA,NA,NA,NA,NA,63.75599360000342,3.9049994666129e-4,63.857344200019725,64.23473609995563,64.33515759999864,66.33511520002503,66.73500719992444,66.83682269998826,66.83682269998826,80.63721279997844,b,0,13.79843319999054,NA,80.6376803999301,80.65146490000188,80.65146490000188,80.65146490000188,80.65146490000188,80.63820399995893,NA,NA,NA,NA,NA,NA,NA,NA,NA,NA,040,001,2025-10-13_14h13.20.423,Study_5_PsychoPy_Experiment,2024.1.5,NA,2025-10-13 14h13.33.117199 +0100
Knowledge,Reg,FALSE,N,FB-Ig,B_T,PsychoPyStudy5Stim/B_T_1.png,Adam KNOWS there are ZERO cubes,Zero,b,h,N,PropTrueNoKnow,Y,0,7,7,307,80.65146490000188,NA,NA,NA,NA,NA,NA,NA,NA,NA,80.6385654999176,2.8420006856322e-4,80.73264459997881,81.1181923999684,81.21820330002811,83.21836049994454,83.61826040002052,83.72001609997824,83.72001609997824,86.4208004999673,h,1,2.698018800001591,NA,86.42142679996323,86.4348213999765,86.4348213999765,86.4348213999765,86.4348213999765,86.4220627999166,NA,NA,NA,NA,NA,NA,NA,NA,NA,NA,040,001,2025-10-13_14h13.20.423,Study_5_PsychoPy_Experiment,2024.1.5,NA,2025-10-13 14h13.33.117199 +0100
Knowledge,Reg,FALSE,N,TB-K-B,DD_B,PsychoPyStudy5Stim/DD_B_9.png,Adam KNOWS there is ONE cube,One,b,h,N,PropFalse,N,0,8,8,223,86.4348213999765,NA,NA,NA,NA,NA,NA,NA,NA,NA,86.4225103999488,3.463999601081e-4,86.51882400002796,86.90135940001346,87.0013890999835,89.00160469999537,89.40156129992101,89.50332150002941,89.50332150002941,91.9874227999244,h,1,2.4670716000255197,NA,91.98797549994195,92.00147090002427,92.00147090002427,92.00147090002427,92.00147090002427,91.98857259994838,NA,NA,NA,NA,NA,NA,NA,NA,NA,NA,040,001,2025-10-13_14h13.20.423,Study_5_PsychoPy_Experiment,2024.1.5,NA,2025-10-13 14h13.33.117199 +0100
Belief,Reg,TRUE,N,TB-K-B,DD_B,PsychoPyStudy5Stim/DD_B_8.png,Adam THINKS there are ZERO cubes,Zero,h,b,N,-,N,0,9,9,233,92.00147090002427,NA,NA,NA,NA,NA,NA,NA,NA,NA,91.98900599998888,3.3860001713037e-4,92.09405459999108,92.46814879996236,92.56829570000993,94.56822519993877,94.96823599992786,95.07006399997044,95.07006399997044,97.67104309995192,b,1,2.596278499928303,NA,97.67174439993688,97.68482929992024,97.68482929992024,97.68482929992024,97.68482929992024,97.67246919998432,NA,NA,NA,NA,NA,NA,NA,NA,NA,NA,040,001,2025-10-13_14h13.20.423,Study_5_PsychoPy_Experiment,2024.1.5,NA,2025-10-13 14h13.33.117199 +0100
Belief,Reg,FALSE,N,FB-Ig,T_B_T,PsychoPyStudy5Stim/T_B_T_4.png,Adam THINKS there are ZERO cubes,Zero,b,h,N,PropFalse,N,0,10,10,286,97.68482929992024,NA,NA,NA,NA,NA,NA,NA,NA,NA,97.67298779997508,4.0179991628974e-4,97.76590120000763,98.15152399998624,98.2516388000222,100.25153250002768,100.65155589999632,100.75334459997248,100.75334459997248,102.53750119998584,h,1,1.7772459000116214,NA,102.53814959991723,102.55146639992016,102.55146639992016,102.55146639992016,102.55146639992016,102.53892239998096,NA,NA,NA,NA,NA,NA,NA,NA,NA,NA,040,001,2025-10-13_14h13.20.423,Study_5_PsychoPy_Experiment,2024.1.5,NA,2025-10-13 14h13.33.117199 +0100
Knowledge,Reg,FALSE,N,FB-Ig,B_TT,PsychoPyStudy5Stim/B_TT_4.png,Adam KNOWS there are ZERO cubes,Zero,b,h,N,PropTrueNoKnow,Y,0,11,11,324,102.55146639992016,NA,NA,NA,NA,NA,NA,NA,NA,NA,102.53943559993058,4.3370004277676e-4,102.63616400002502,103.01812629995402,103.1182757000206,105.11829549993854,105.51816809992306,105.61997080000585,105.61997080000585,108.33776309993118,h,1,2.7022682999959216,NA,108.33842289994936,108.35140669997782,108.35140669997782,108.35140669997782,108.35140669997782,108.33915839996187,NA,NA,NA,NA,NA,NA,NA,NA,NA,NA,040,001,2025-10-13_14h13.20.423,Study_5_PsychoPy_Experiment,2024.1.5,NA,2025-10-13 14h13.33.117199 +0100
Belief,Neg,TRUE,Y,FB-Ig,D_B_T,PsychoPyStudy5Stim/D_B_T_3.png,Adam does NOT THINK there is ONE cube,One,h,b,Y,-,N,0,12,12,26,108.35140669997782,NA,NA,NA,NA,NA,NA,NA,NA,NA,108.3396744999336,4.0289992466568e-4,108.42847539996728,108.80122189992107,108.90151110000444,110.90157049999108,111.30137210001703,111.40332779998424,111.40332779998424,113.32060989993624,b,1,1.910771999973804,NA,113.32115670002533,113.33475369994994,113.33475369994994,113.33475369994994,113.33475369994994,113.32177249994128,NA,NA,NA,NA,NA,NA,NA,NA,NA,NA,040,001,2025-10-13_14h13.20.423,Study_5_PsychoPy_Experiment,2024.1.5,NA,2025-10-13 14h13.33.117199 +0100
Belief,Reg,TRUE,N,NB-TB-K,TT_NB,PsychoPyStudy5Stim/TT_NB_5.png,Adam THINKS there are TWO cubes,Two,h,b,N,-,N,0,13,13,177,113.33475369994994,NA,NA,NA,NA,NA,NA,NA,NA,NA,113.32219829992393,3.3499998971819e-4,113.4096943999175,113.78472799994051,113.8849853000138,115.88492139999288,116.28474309993908,116.3865202999441,116.3865202999441,118.20380929997192,b,1,1.8001664999173954,NA,118.20411689998582,118.21802329993808,118.21802329993808,118.21802329993808,118.21802329993808,118.20447919995058,NA,NA,NA,NA,NA,NA,NA,NA,NA,NA,040,001,2025-10-13_14h13.20.423,Study_5_PsychoPy_Experiment,2024.1.5,NA,2025-10-13 14h13.33.117199 +0100
Knowledge,Neg,FALSE,N,NB-TB-K,T_NB,PsychoPyStudy5Stim/T_NB_4.png,Adam does NOT KNOW there is ONE cube,One,b,h,Y,PropFalse,N,0,14,14,43,118.21802329993808,NA,NA,NA,NA,NA,NA,NA,NA,NA,118.20469459996092,1.711999066174e-4,118.2905904999934,118.66800429997966,118.76821140001994,120.76843499997632,121.1681526999455,121.26993039995432,121.26993039995432,124.5041475999169,h,1,3.219747200026177,NA,124.50473599997348,124.51804450002965,124.51804450002965,124.51804450002965,124.51804450002965,124.50535110000057,NA,NA,NA,NA,NA,NA,NA,NA,NA,NA,040,001,2025-10-13_14h13.20.423,Study_5_PsychoPy_Experiment,2024.1.5,NA,2025-10-13 14h13.33.117199 +0100
Knowledge,Reg,TRUE,N,NB-TB-K,T_NB,PsychoPyStudy5Stim/T_NB_2.png,Adam KNOWS there is ONE cube,One,h,b,N,-,N,0,15,15,141,124.51804450002965,NA,NA,NA,NA,NA,NA,NA,NA,NA,124.50581260002218,3.6639999598264e-4,124.59817359992304,124.96792889991777,125.06800059997477,127.0679388999706,127.46812889992724,127.5699406999629,127.5699406999629,128.57099299994297,b,1,0.9844726000446826,NA,128.57172200002242,128.5847413999727,128.5847413999727,128.5847413999727,128.5847413999727,128.5724871000275,NA,NA,NA,NA,NA,NA,NA,NA,NA,NA,040,001,2025-10-13_14h13.20.423,Study_5_PsychoPy_Experiment,2024.1.5,NA,2025-10-13 14h13.33.117199 +0100
Belief,Reg,TRUE,N,NB-TB-K,T_NB,PsychoPyStudy5Stim/T_NB_3.png,Adam THINKS there is ONE cube,One,h,b,N,-,N,0,16,16,142,128.5847413999727,NA,NA,NA,NA,NA,NA,NA,NA,NA,128.57304389995988,4.3220003135502e-4,128.66386349999812,129.03462799999397,129.13474369992036,131.13476289995015,131.53477319993544,131.63655589998234,131.63655589998234,134.78727069997694,b,1,3.1341702999779955,NA,134.78788379998878,134.80135720002,134.80135720002,134.80135720002,134.80135720002,134.78852039994672,NA,NA,NA,NA,NA,NA,NA,NA,NA,NA,040,001,2025-10-13_14h13.20.423,Study_5_PsychoPy_Experiment,2024.1.5,NA,2025-10-13 14h13.33.117199 +0100
Knowledge,Neg,TRUE,Y,FB-Ig,D_B_T,PsychoPyStudy5Stim/D_B_T_4.png,Adam does NOT KNOW there is ONE cube,One,h,b,Y,-,N,0,17,17,11,134.80135720002,NA,NA,NA,NA,NA,NA,NA,NA,NA,134.7889735000208,3.5200000274926e-4,134.8780371999601,135.25142370001413,135.35150999994949,137.3514840999851,137.75124999997206,137.853178499965,137.853178499965,141.07076999999117,b,1,3.2050594000611454,NA,141.0714134000009,141.08467499993276,141.08467499993276,141.08467499993276,141.08467499993276,141.0721105999546,NA,NA,NA,NA,NA,NA,NA,NA,NA,NA,040,001,2025-10-13_14h13.20.423,Study_5_PsychoPy_Experiment,2024.1.5,NA,2025-10-13 14h13.33.117199 +0100
Belief,Neg,FALSE,N,NB-TB-K,TT_NB,PsychoPyStudy5Stim/TT_NB_8.png,Adam does NOT THINK there are TWO cubes,Two,b,h,Y,PropFalse,N,0,18,18,79,141.08467499993276,NA,NA,NA,NA,NA,NA,NA,NA,NA,141.07259749993682,3.7600006908178e-4,141.16115739999805,141.53473199997097,141.63485329994,143.6348255999619,144.03464249998797,144.13657959992997,144.13657959992997,145.85436899994966,h,1,1.7141851000487804,NA,145.85506269999314,145.8679862000281,145.8679862000281,145.8679862000281,145.8679862000281,145.8557839000132,NA,NA,NA,NA,NA,NA,NA,NA,NA,NA,040,001,2025-10-13_14h13.20.423,Study_5_PsychoPy_Experiment,2024.1.5,NA,2025-10-13 14h13.33.117199 +0100
Knowledge,Reg,TRUE,N,NB-TB-K,DD_NB,PsychoPyStudy5Stim/DD_NB_4.png,Adam KNOWS there are ZERO cubes,Zero,h,b,N,-,N,0,19,19,150,145.8679862000281,NA,NA,NA,NA,NA,NA,NA,NA,NA,145.85630250000395,4.0130002889782e-4,145.95961419993546,146.33473370003048,146.43485259998124,148.43480139994062,148.8346942999633,148.93656369997188,148.93656369997188,150.47037549992092,b,1,1.5298173000337556,NA,150.47085489996243,150.48454809992108,150.48454809992108,150.48454809992108,150.48454809992108,150.47137729998212,NA,NA,NA,NA,NA,NA,NA,NA,NA,NA,040,001,2025-10-13_14h13.20.423,Study_5_PsychoPy_Experiment,2024.1.5,NA,2025-10-13 14h13.33.117199 +0100
Belief,Reg,TRUE,N,TB-Ig,D_B,PsychoPyStudy5Stim/D_B_D_2.png,Adam THINKS there are ZERO cubes,Zero,h,b,N,-,Y,0,20,20,210,150.48454809992108,NA,NA,NA,NA,NA,NA,NA,NA,NA,150.47175449994393,2.9430002905428e-4,150.56642739998642,150.95136840001214,151.05146540002897,153.05149699992035,153.45140479994006,153.55316439992748,153.55316439992748,158.40443120000418,b,1,4.841076499898918,NA,158.40525900002103,158.4179658999201,158.4179658999201,158.4179658999201,158.4179658999201,158.4061826999532,NA,NA,NA,NA,NA,NA,NA,NA,NA,NA,040,001,2025-10-13_14h13.20.423,Study_5_PsychoPy_Experiment,2024.1.5,NA,2025-10-13 14h13.33.117199 +0100
Knowledge,Reg,TRUE,N,TB-K-B,DD_B,PsychoPyStudy5Stim/DD_B_5.png,Adam KNOWS there are ZERO cubes,Zero,h,b,N,-,N,0,21,21,219,158.4179658999201,NA,NA,NA,NA,NA,NA,NA,NA,NA,158.4068248999538,4.9790006596595e-4,158.49668189999647,158.8678950999165,158.96798950002994,160.9680046000285,161.36798530002125,161.46983930002898,161.46983930002898,163.78701939992607,b,1,2.299912599963136,NA,163.78762419999111,163.80113729997538,163.80113729997538,163.80113729997538,163.80113729997538,163.78823139995802,NA,NA,NA,NA,NA,NA,NA,NA,NA,NA,040,001,2025-10-13_14h13.20.423,Study_5_PsychoPy_Experiment,2024.1.5,NA,2025-10-13 14h13.33.117199 +0100
Reality,Reg,TRUE,N,FB-Ig,B_TT,PsychoPyStudy5Stim/B_TT_2.png,"In REALITY, there are TWO cubes",Two,h,b,N,-,N,0,22,22,332,163.80113729997538,NA,NA,NA,NA,NA,NA,NA,NA,NA,163.7886967000086,3.6850001197308e-4,163.87574389996007,164.25103479996324,164.35114609997254,166.3514398999978,166.7513127999846,166.8530969999265,166.8530969999265,168.57044119993225,b,1,1.7088783000363037,NA,168.57099379994906,168.58457700000145,168.58457700000145,168.58457700000145,168.58457700000145,168.57160629995633,NA,NA,NA,NA,NA,NA,NA,NA,NA,NA,040,001,2025-10-13_14h13.20.423,Study_5_PsychoPy_Experiment,2024.1.5,NA,2025-10-13 14h13.33.117199 +0100
Belief,Neg,TRUE,Y,FB-Ig,D_B_T,PsychoPyStudy5Stim/D_B_T_8.png,Adam does NOT THINK there is ONE cube,One,h,b,Y,-,N,0,23,23,31,168.58457700000145,NA,NA,NA,NA,NA,NA,NA,NA,NA,168.57203909999225,3.3790001180022e-4,168.6696928999154,169.05120689992327,169.15136999997776,171.15122559992597,171.5512921999907,171.65314860001672,171.65314860001672,181.63688030000776,b,1,9.973482199944556,NA,181.63718530000187,181.65115990000777,181.65115990000777,181.65115990000777,181.65115990000777,181.6375279999338,NA,NA,NA,NA,NA,NA,NA,NA,NA,NA,040,001,2025-10-13_14h13.20.423,Study_5_PsychoPy_Experiment,2024.1.5,NA,2025-10-13 14h13.33.117199 +0100
Belief,Neg,FALSE,N,NB-TB-K,T_NB,PsychoPyStudy5Stim/T_NB_2.png,Adam does NOT THINK there is ONE cube,One,b,h,Y,PropFalse,N,0,24,24,49,181.65115990000777,NA,NA,NA,NA,NA,NA,NA,NA,NA,181.6377516000066,1.7729995306581e-4,181.71867019997444,182.10099039995112,182.20116129994855,184.20138159999624,184.60133059998043,184.7031086999923,184.7031086999923,186.1871162999887,h,1,1.4755771999480205,NA,186.18773240002335,186.2011806999799,186.2011806999799,186.2011806999799,186.2011806999799,186.1883454999188,NA,NA,NA,NA,NA,NA,NA,NA,NA,NA,040,001,2025-10-13_14h13.20.423,Study_5_PsychoPy_Experiment,2024.1.5,NA,2025-10-13 14h13.33.117199 +0100
Belief,Reg,FALSE,N,TB-K-B,TD_B,PsychoPyStudy5Stim/TD_B_1.png,Adam THINKS there are ZERO cubes,Zero,b,h,N,PropFalse,N,0,25,25,263,186.2011806999799,NA,NA,NA,NA,NA,NA,NA,NA,NA,186.1888215999352,3.8139999378472e-4,186.2740728999488,186.65119639993645,186.75134700001215,188.75124020001385,189.1512840000214,189.2530469999183,189.2530469999183,191.1539129000157,h,1,1.893750200048089,NA,191.1545106000267,191.1678099000128,191.1678099000128,191.1678099000128,191.1678099000128,191.15518050000537,NA,NA,NA,NA,NA,NA,NA,NA,NA,NA,040,001,2025-10-13_14h13.20.423,Study_5_PsychoPy_Experiment,2024.1.5,NA,2025-10-13 14h13.33.117199 +0100
Reality,Reg,TRUE,N,NB-TB-K,DT_NB,PsychoPyStudy5Stim/TD_NB_2.png,"In REALITY, there is ONE cube",One,h,b,N,-,N,0,26,26,168,191.1678099000128,NA,NA,NA,NA,NA,NA,NA,NA,NA,191.1556712000165,3.8709992077201e-4,191.2392025999725,191.61764760001097,191.7177851999877,193.7180552999489,194.11784860002808,194.21967140003107,194.21967140003107,195.93710370000915,b,1,1.7021244000643492,NA,195.93765799992252,195.9511138999369,195.9511138999369,195.9511138999369,195.9511138999369,195.93834180000704,NA,NA,NA,NA,NA,NA,NA,NA,NA,NA,040,001,2025-10-13_14h13.20.423,Study_5_PsychoPy_Experiment,2024.1.5,NA,2025-10-13 14h13.33.117199 +0100
Reality,Reg,FALSE,N,TB-Ig,D_B,PsychoPyStudy5Stim/D_B_D_2.png,"In REALITY, there is ONE cube",One,b,h,N,NA,N,0,27,27,213,195.9511138999369,NA,NA,NA,NA,NA,NA,NA,NA,NA,195.9388044999214,3.6700000055134e-4,196.03082959994208,196.40094630001113,196.50104080000892,198.50105969992,198.90125150000677,199.00290560000576,199.00290560000576,199.9369660000084,h,1,0.927041699993424,NA,199.9374555000104,199.95101660001092,199.95101660001092,199.95101660001092,199.95101660001092,199.93797819991596,NA,NA,NA,NA,NA,NA,NA,NA,NA,NA,040,001,2025-10-13_14h13.20.423,Study_5_PsychoPy_Experiment,2024.1.5,NA,2025-10-13 14h13.33.117199 +0100
Knowledge,Reg,FALSE,N,TB-K-B,TT_B,PsychoPyStudy5Stim/TT_B_1.png,Adam KNOWS there is ONE cube,One,b,h,N,PropFalse,N,0,28,28,245,199.95101660001092,NA,NA,NA,NA,NA,NA,NA,NA,NA,199.93835830001623,2.9660004656761e-4,200.03164900001136,200.40093379991595,200.5010940999491,202.50130110001191,202.90122619993053,203.00292240001727,203.00292240001727,204.6539920999203,h,1,1.6475814000004902,NA,204.65464309998788,204.6678126999177,204.6678126999177,204.6678126999177,204.6678126999177,204.6553526999196,NA,NA,NA,NA,NA,NA,NA,NA,NA,NA,040,001,2025-10-13_14h13.20.423,Study_5_PsychoPy_Experiment,2024.1.5,NA,2025-10-13 14h13.33.117199 +0100
Reality,Reg,FALSE,N,NB-TB-K,TT_NB,PsychoPyStudy5Stim/TT_NB_7.png,"In REALITY, there are ZERO cubes",Zero,b,h,N,PropFalse,N,0,29,29,194,204.6678126999177,NA,NA,NA,NA,NA,NA,NA,NA,NA,204.65584060002584,3.8139999378472e-4,204.74653549992945,205.11757469992153,205.21769369998947,207.21767009992615,207.61790349998049,207.71955699997488,207.71955699997488,208.9534721999662,h,1,1.2181960999732837,NA,208.95398819993716,208.9677255999995,208.9677255999995,208.9677255999995,208.9677255999995,208.9545101999538,NA,NA,NA,NA,NA,NA,NA,NA,NA,NA,040,001,2025-10-13_14h13.20.423,Study_5_PsychoPy_Experiment,2024.1.5,NA,2025-10-13 14h13.33.117199 +0100
Knowledge,Reg,TRUE,N,NB-TB-K,D_NB,PsychoPyStudy5Stim/D_NB_8.png,Adam KNOWS there are ZERO cubes,Zero,h,b,N,-,N,0,30,30,135,208.9677255999995,NA,NA,NA,NA,NA,NA,NA,NA,NA,208.95491369999945,3.2460002694278e-4,209.04704460001085,209.41777739999816,209.5179982000263,211.51795290003065,211.9178385999985,212.0196706999559,212.0196706999559,214.42032239993569,b,1,2.3992340000113472,NA,214.42081379995216,214.43440789997112,214.43440789997112,214.43440789997112,214.43440789997112,214.42134060000535,NA,NA,NA,NA,NA,NA,NA,NA,NA,NA,040,001,2025-10-13_14h13.20.423,Study_5_PsychoPy_Experiment,2024.1.5,NA,2025-10-13 14h13.33.117199 +0100
Knowledge,Neg,FALSE,N,NB-TB-K,T_NB,PsychoPyStudy5Stim/T_NB_1.png,Adam does NOT KNOW there is ONE cube,One,b,h,Y,PropFalse,N,0,31,31,40,214.43440789997112,NA,NA,NA,NA,NA,NA,NA,NA,NA,214.4217147999443,2.915000077337e-4,214.50737489992753,214.88422499992885,214.98441049992107,216.9843811999308,217.3845394999953,217.4861223999178,217.4861223999178,221.6365388999693,h,1,4.14029849995859,NA,221.636840299936,221.6508878999157,221.6508878999157,221.6508878999157,221.6508878999157,221.6371718000155,NA,NA,NA,NA,NA,NA,NA,NA,NA,NA,040,001,2025-10-13_14h13.20.423,Study_5_PsychoPy_Experiment,2024.1.5,NA,2025-10-13 14h13.33.117199 +0100
Belief,Neg,FALSE,N,NB-TB-K,TT_NB,PsychoPyStudy5Stim/TT_NB_4.png,Adam does NOT THINK there are TWO cubes,Two,b,h,Y,PropFalse,N,0,32,32,75,221.6508878999157,NA,NA,NA,NA,NA,NA,NA,NA,NA,221.63738720002584,1.7150002531707e-4,221.7196537000127,222.1009019999765,222.2011141999392,224.20103290001865,224.60112130001653,224.7029697999824,224.7029697999824,227.53664559999015,h,1,2.819046300021,NA,227.5369760999456,227.5509533999721,227.5509533999721,227.5509533999721,227.5509533999721,227.53734849998727,NA,NA,NA,NA,NA,NA,NA,NA,NA,NA,040,001,2025-10-13_14h13.20.423,Study_5_PsychoPy_Experiment,2024.1.5,NA,2025-10-13 14h13.33.117199 +0100
Knowledge,Neg,FALSE,N,NB-TB-K,TT_NB,PsychoPyStudy5Stim/TT_NB_5.png,Adam does NOT KNOW there are TWO cubes,Two,b,h,Y,PropFalse,N,0,33,33,68,227.5509533999721,NA,NA,NA,NA,NA,NA,NA,NA,NA,227.53759790002368,2.1810003090649e-4,227.62144829996396,228.0010700999992,228.1010628999211,230.10127450001892,230.50103169993963,230.60282799997367,230.60282799997367,237.31994239997584,h,1,6.70253110001795,NA,237.3202759999549,237.33423209993632,237.33423209993632,237.33423209993632,237.33423209993632,237.32071459991857,NA,NA,NA,NA,NA,NA,NA,NA,NA,NA,040,001,2025-10-13_14h13.20.423,Study_5_PsychoPy_Experiment,2024.1.5,NA,2025-10-13 14h13.33.117199 +0100
Knowledge,Reg,FALSE,N,FB-Ig,T_B_T,PsychoPyStudy5Stim/T_B_T_3.png,Adam KNOWS there are ZERO cubes,Zero,b,h,N,PropFalse,N,0,34,34,277,237.33423209993632,NA,NA,NA,NA,NA,NA,NA,NA,NA,237.32097220001745,1.9560009241104e-4,237.40846089995463,237.7841370999813,237.88432079995985,239.8843579000095,240.28427880001257,240.38644519995432,240.38644519995432,243.58629010000732,h,1,3.199068299960345,NA,243.5866083999863,243.60081979993265,243.60081979993265,243.60081979993265,243.60081979993265,243.58692359994168,NA,NA,NA,NA,NA,NA,NA,NA,NA,NA,040,001,2025-10-13_14h13.20.423,Study_5_PsychoPy_Experiment,2024.1.5,NA,2025-10-13 14h13.33.117199 +0100
Belief,Reg,FALSE,N,NB-TB-K,TT_NB,PsychoPyStudy5Stim/TT_NB_7.png,Adam THINKS there are ZERO cubes,Zero,b,h,N,PropFalse,N,0,35,35,187,243.60081979993265,NA,NA,NA,NA,NA,NA,NA,NA,NA,243.58714439999312,1.7379992641508e-4,243.6784993999172,244.05079559993464,244.1509658999275,246.15107789996543,246.5508893999504,246.652846199926,246.652846199926,249.40305690001696,h,1,2.7409607999725267,NA,249.40337409998756,249.4174754000269,249.4174754000269,249.4174754000269,249.4174754000269,249.40369159996044,NA,NA,NA,NA,NA,NA,NA,NA,NA,NA,040,001,2025-10-13_14h13.20.423,Study_5_PsychoPy_Experiment,2024.1.5,NA,2025-10-13 14h13.33.117199 +0100
Belief,Reg,FALSE,N,NB-TB-K,DD_NB,PsychoPyStudy5Stim/DD_NB_2.png,Adam THINKS there is ONE cube,One,b,h,N,PropFalse,N,0,36,36,158,249.4174754000269,NA,NA,NA,NA,NA,NA,NA,NA,NA,249.40393269993365,1.8750003073364e-4,249.48887120001015,249.8674694999354,249.96767169993836,251.96760249999352,252.36757939995732,252.46914209995884,252.46914209995884,253.80292759998704,h,1,1.3168801000574604,NA,253.8032353000017,253.81782529992051,253.81782529992051,253.81782529992051,253.81782529992051,253.8035692999838,NA,NA,NA,NA,NA,NA,NA,NA,NA,NA,040,001,2025-10-13_14h13.20.423,Study_5_PsychoPy_Experiment,2024.1.5,NA,2025-10-13 14h13.33.117199 +0100
Knowledge,Reg,TRUE,N,TB-K-B,DD_B,PsychoPyStudy5Stim/DD_B_6.png,Adam KNOWS there are ZERO cubes,Zero,h,b,N,-,N,0,37,37,220,253.81782529992051,NA,NA,NA,NA,NA,NA,NA,NA,NA,253.80378989991732,1.7520005349069e-4,253.91743169992696,254.30076739995275,254.4008993000025,256.40111700003035,256.80101499997545,256.90286989999004,256.90286989999004,258.28694130002987,b,1,1.3793046000646427,NA,258.28729090001434,258.3007455000188,258.3007455000188,258.3007455000188,258.3007455000188,258.2877245999407,NA,NA,NA,NA,NA,NA,NA,NA,NA,NA,040,001,2025-10-13_14h13.20.423,Study_5_PsychoPy_Experiment,2024.1.5,NA,2025-10-13 14h13.33.117199 +0100
Belief,Reg,FALSE,N,FB-Ig,D_B_T,PsychoPyStudy5Stim/D_B_T_8.png,Adam THINKS there are TWO cubes,Two,b,h,N,PropFalse,N,0,38,38,306,258.3007455000188,NA,NA,NA,NA,NA,NA,NA,NA,NA,258.28799410001375,1.8960004672408e-4,258.3711749999784,258.7507651000051,258.85087650001515,260.85108839999884,261.2510796999559,261.3528858999489,261.3528858999489,263.28623500000685,h,1,1.9288932000054049,NA,263.28653099993244,263.30076070001815,263.30076070001815,263.30076070001815,263.30076070001815,263.2868503999198,NA,NA,NA,NA,NA,NA,NA,NA,NA,NA,040,001,2025-10-13_14h13.20.423,Study_5_PsychoPy_Experiment,2024.1.5,NA,2025-10-13 14h13.33.117199 +0100
Knowledge,Reg,FALSE,N,FB-Ig,B_T,PsychoPyStudy5Stim/B_T_2.png,Adam KNOWS there are ZERO cubes,Zero,b,h,N,PropTrueNoKnow,Y,0,39,39,308,263.30076070001815,NA,NA,NA,NA,NA,NA,NA,NA,NA,263.2870636000298,1.6739999409765e-4,263.3720639999956,263.7507316999836,263.8508816999383,265.85098719992675,266.25104669993743,266.3527675999794,266.3527675999794,269.7700833999552,h,1,3.4089187000645325,NA,269.77056239999365,269.7842586999759,269.7842586999759,269.7842586999759,269.7842586999759,269.77107779996004,NA,NA,NA,NA,NA,NA,NA,NA,NA,NA,040,001,2025-10-13_14h13.20.423,Study_5_PsychoPy_Experiment,2024.1.5,NA,2025-10-13 14h13.33.117199 +0100
Knowledge,Neg,FALSE,N,TB-K,TT_B,PsychoPyStudy5Stim/TT_B_1.png,Adam does NOT KNOW there are TWO cubes,Two,b,h,Y,PropFalse,N,0,40,40,88,269.7842586999759,NA,NA,NA,NA,NA,NA,NA,NA,NA,269.77144649997354,2.8789998032152e-4,269.86419699992985,270.23404999997,270.3341930999886,272.33439480001107,272.73439839994535,272.83613499999046,272.83613499999046,276.1866200999357,h,1,3.349169599940069,NA,276.18704839993734,276.20095209998544,276.20095209998544,276.20095209998544,276.20095209998544,276.1875553999562,NA,NA,NA,NA,NA,NA,NA,NA,NA,NA,040,001,2025-10-13_14h13.20.423,Study_5_PsychoPy_Experiment,2024.1.5,NA,2025-10-13 14h13.33.117199 +0100
Knowledge,Neg,TRUE,N,TB-K,TT_B,PsychoPyStudy5Stim/TT_B_3.png,Adam does NOT KNOW there is ONE cube,One,h,b,Y,-,N,0,41,41,82,276.20095209998544,NA,NA,NA,NA,NA,NA,NA,NA,NA,276.1878797999816,2.5420007295906e-4,276.28949390002526,276.6676052999683,276.76765459997114,278.76760989998,279.16747599991504,279.26921079994645,279.26921079994645,286.2367052999325,b,1,6.964279500069097,NA,286.23723690002225,286.2508317999309,286.2508317999309,286.2508317999309,286.2508317999309,286.2377702000085,NA,NA,NA,NA,NA,NA,NA,NA,NA,NA,040,001,2025-10-13_14h13.20.423,Study_5_PsychoPy_Experiment,2024.1.5,NA,2025-10-13 14h13.33.117199 +0100
Belief,Neg,FALSE,N,TB-K,TT_B,PsychoPyStudy5Stim/TT_B_3.png,Adam does NOT THINK there are TWO cubes,Two,b,h,Y,PropFalse,N,0,42,42,98,286.2508317999309,NA,NA,NA,NA,NA,NA,NA,NA,NA,286.2381442999467,3.142999485135e-4,286.32150429999456,286.70095600001514,286.80105999996886,288.80095259996597,289.2009756999323,289.30274379998446,289.30274379998446,292.8043503999943,h,1,3.4994125000666827,NA,292.80516320001334,292.81759500002954,292.81759500002954,292.81759500002954,292.81759500002954,292.8060750999721,NA,NA,NA,NA,NA,NA,NA,NA,NA,NA,040,001,2025-10-13_14h13.20.423,Study_5_PsychoPy_Experiment,2024.1.5,NA,2025-10-13 14h13.33.117199 +0100
Belief,Reg,FALSE,N,TB-K-B,TD_B,PsychoPyStudy5Stim/TD_B_6.png,Adam THINKS there are ZERO cubes,Zero,b,h,N,PropFalse,N,0,43,43,268,292.81759500002954,NA,NA,NA,NA,NA,NA,NA,NA,NA,292.8067245000275,5.0199998077005e-4,292.9019499999704,293.284169999999,293.38414969993755,295.3843370999675,295.78428010002244,295.8858640999533,295.8858640999533,298.28705099993385,h,1,2.396399699966423,NA,298.28771439997945,298.3008782999823,298.3008782999823,298.3008782999823,298.3008782999823,298.2884507999988,NA,NA,NA,NA,NA,NA,NA,NA,NA,NA,040,001,2025-10-13_14h13.20.423,Study_5_PsychoPy_Experiment,2024.1.5,NA,2025-10-13 14h13.33.117199 +0100
Belief,Reg,FALSE,N,FB-Ig,D_B_T,PsychoPyStudy5Stim/D_B_T_3.png,Adam THINKS there are TWO cubes,Two,b,h,N,PropFalse,N,0,44,44,301,298.3008782999823,NA,NA,NA,NA,NA,NA,NA,NA,NA,298.2889649999561,4.0119991172105e-4,298.3791848999681,298.75077969999984,298.8510199999437,300.85072949994355,301.2509203000227,301.35281800001394,301.35281800001394,305.5359769000206,h,1,4.168546099914238,NA,305.5362702999264,305.5506076000165,305.5506076000165,305.5506076000165,305.5506076000165,305.5365820999723,NA,NA,NA,NA,NA,NA,NA,NA,NA,NA,040,001,2025-10-13_14h13.20.423,Study_5_PsychoPy_Experiment,2024.1.5,NA,2025-10-13 14h13.33.117199 +0100
Knowledge,Neg,FALSE,N,TB-K,TD_B,PsychoPyStudy5Stim/TD_B_1.png,Adam does NOT KNOW there is ONE cube,One,b,h,Y,PropFalse,N,0,45,45,112,305.5506076000165,NA,NA,NA,NA,NA,NA,NA,NA,NA,305.53678740002215,1.6319996211677e-4,305.62117950001266,306.0006353999488,306.10072570003103,308.10105469997507,308.50094940001145,308.6026783999987,308.6026783999987,310.38634450000245,h,1,1.7751903999596834,NA,310.3866454999661,310.4006997999968,310.4006997999968,310.4006997999968,310.4006997999968,310.3869805999566,NA,NA,NA,NA,NA,NA,NA,NA,NA,NA,040,001,2025-10-13_14h13.20.423,Study_5_PsychoPy_Experiment,2024.1.5,NA,2025-10-13 14h13.33.117199 +0100
Belief,Neg,TRUE,Y,FB-Ig,T_B_T,PsychoPyStudy5Stim/T_B_T_4.png,Adam does NOT THINK there are TWO cubes,Two,h,b,Y,-,N,0,46,46,19,310.4006997999968,NA,NA,NA,NA,NA,NA,NA,NA,NA,310.38722729997244,2.0270003005862e-4,310.47350209997967,310.8507720999187,310.9509180999594,312.95080719992984,313.35079269995913,313.4527818999486,313.4527818999486,318.38615299994126,b,1,4.932393399998546,NA,318.386448699981,318.40071979991626,318.40071979991626,318.40071979991626,318.40071979991626,318.38676779996604,NA,NA,NA,NA,NA,NA,NA,NA,NA,NA,040,001,2025-10-13_14h13.20.423,Study_5_PsychoPy_Experiment,2024.1.5,NA,2025-10-13 14h13.33.117199 +0100
Knowledge,Reg,TRUE,N,TB-K-B,DD_B,PsychoPyStudy5Stim/DD_B_8.png,Adam KNOWS there are ZERO cubes,Zero,h,b,N,-,N,0,47,47,222,318.40071979991626,NA,NA,NA,NA,NA,NA,NA,NA,NA,318.38697679992765,1.6659998800605e-4,318.47237249999307,318.8509464999661,318.9506979000289,320.95090659998823,321.35093860002235,321.4527265999932,321.4527265999932,326.2861727999989,b,1,4.829148199991323,NA,326.28647199994884,326.3007297000149,326.3007297000149,326.3007297000149,326.3007297000149,326.2867928999476,NA,NA,NA,NA,NA,NA,NA,NA,NA,NA,040,001,2025-10-13_14h13.20.423,Study_5_PsychoPy_Experiment,2024.1.5,NA,2025-10-13 14h13.33.117199 +0100
Knowledge,Reg,TRUE,N,NB-TB-K,D_NB,PsychoPyStudy5Stim/D_NB_7.png,Adam KNOWS there are ZERO cubes,Zero,h,b,N,-,N,0,48,48,134,326.3007297000149,NA,NA,NA,NA,NA,NA,NA,NA,NA,326.28704379999544,2.3969996254891e-4,326.38228020002134,326.76723519992083,326.86734290001914,328.8676833999343,329.2675506999949,329.3692171999719,329.3692171999719,330.7529347999953,b,1,1.376846499973908,NA,330.7532244999893,330.76738500001375,330.76738500001375,330.76738500001375,330.76738500001375,330.7535431999713,NA,NA,NA,NA,NA,NA,NA,NA,NA,NA,040,001,2025-10-13_14h13.20.423,Study_5_PsychoPy_Experiment,2024.1.5,NA,2025-10-13 14h13.33.117199 +0100
Belief,Neg,TRUE,Y,FB-Ig,T_B_T,PsychoPyStudy5Stim/T_B_T_7.png,Adam does NOT THINK there are TWO cubes,Two,h,b,Y,-,N,0,49,49,22,330.76738500001375,NA,NA,NA,NA,NA,NA,NA,NA,NA,330.7537459000014,1.6109994612634e-4,330.8437776999781,331.2174225000199,331.3176511999918,333.3176399000222,333.7174206000054,333.81931679998524,333.81931679998524,340.15252679993864,b,1,6.317541699972935,NA,340.1528495999519,340.16716319997795,340.16716319997795,340.16716319997795,340.16716319997795,340.1531817999203,NA,NA,NA,NA,NA,NA,NA,NA,NA,NA,040,001,2025-10-13_14h13.20.423,Study_5_PsychoPy_Experiment,2024.1.5,NA,2025-10-13 14h13.33.117199 +0100
Belief,Neg,TRUE,Y,FB-Ig,D_B_T,PsychoPyStudy5Stim/D_B_T_5.png,Adam does NOT THINK there is ONE cube,One,h,b,Y,-,N,0,50,50,28,340.16716319997795,NA,NA,NA,NA,NA,NA,NA,NA,NA,340.15339769993443,1.7230003140866e-4,340.2420206000097,340.6174531999277,340.71755329996813,342.7175675999606,343.117549699964,343.2192652999656,343.2192652999656,346.2865077999886,b,1,3.0628801999846473,NA,346.2870353999315,346.30068510002457,346.30068510002457,346.30068510002457,346.30068510002457,346.2876411000034,NA,NA,NA,NA,NA,NA,NA,NA,NA,NA,040,001,2025-10-13_14h13.20.423,Study_5_PsychoPy_Experiment,2024.1.5,NA,2025-10-13 14h13.33.117199 +0100
Knowledge,Reg,FALSE,N,FB-Ig,D_B_T,PsychoPyStudy5Stim/D_B_T_1.png,Adam KNOWS there are TWO cubes,Two,b,h,N,PropFalse,N,0,51,51,291,346.30068510002457,NA,NA,NA,NA,NA,NA,NA,NA,NA,346.2880453999387,3.3920002169907e-4,346.3818440999603,346.76713139994536,346.8673040999565,348.8673904999159,349.2674639999168,349.3692364000017,349.3692364000017,350.8367567999521,h,1,1.456793799996376,NA,350.83740930003114,350.8507153999526,350.8507153999526,350.8507153999526,350.8507153999526,350.83814020000864,NA,NA,NA,NA,NA,NA,NA,NA,NA,NA,040,001,2025-10-13_14h13.20.423,Study_5_PsychoPy_Experiment,2024.1.5,NA,2025-10-13 14h13.33.117199 +0100
Belief,Reg,FALSE,N,NB-TB-K,TT_NB,PsychoPyStudy5Stim/TT_NB_5.png,Adam THINKS there are ZERO cubes,Zero,b,h,N,PropFalse,N,0,52,52,185,350.8507153999526,NA,NA,NA,NA,NA,NA,NA,NA,NA,350.8386512999423,3.9760000072419e-4,350.9303760000039,351.3005967999343,351.4008505999809,353.40082869993057,353.8008203000063,353.90241789992433,353.90241789992433,356.1038902000291,h,1,2.1868558999849483,NA,356.10474079998676,356.1173890000209,356.1173890000209,356.1173890000209,356.1173890000209,356.1057035999838,NA,NA,NA,NA,NA,NA,NA,NA,NA,NA,040,001,2025-10-13_14h13.20.423,Study_5_PsychoPy_Experiment,2024.1.5,NA,2025-10-13 14h13.33.117199 +0100
Knowledge,Reg,TRUE,N,NB-TB-K,DD_NB,PsychoPyStudy5Stim/DD_NB_1.png,Adam KNOWS there are ZERO cubes,Zero,h,b,N,-,N,0,53,53,147,356.1173890000209,NA,NA,NA,NA,NA,NA,NA,NA,NA,356.1063920999877,5.4359994828701e-4,356.20610229996964,356.5838106999872,356.68394549994264,358.68418759992346,359.08411589998286,359.185822899919,359.185822899919,361.0693183999974,b,1,1.871531099895947,NA,361.06962049996946,361.0838978999527,361.0838978999527,361.0838978999527,361.0838978999527,361.06998899998143,NA,NA,NA,NA,NA,NA,NA,NA,NA,NA,040,001,2025-10-13_14h13.20.423,Study_5_PsychoPy_Experiment,2024.1.5,NA,2025-10-13 14h13.33.117199 +0100
Belief,Neg,FALSE,N,TB-K,TT_B,PsychoPyStudy5Stim/TT_B_7.png,Adam does NOT THINK there are TWO cubes,Two,b,h,Y,PropFalse,N,0,54,54,102,361.0838978999527,NA,NA,NA,NA,NA,NA,NA,NA,NA,361.07021019991953,1.74600048922e-4,361.15900430001784,361.5339847999858,361.634178099921,363.6342044000048,364.03410489996895,364.1358646999579,364.1358646999579,375.0692196999444,h,1,10.922177100088447,NA,375.06950769992545,375.0838839999633,375.0838839999633,375.0838839999633,375.0838839999633,375.0698228999972,NA,NA,NA,NA,NA,NA,NA,NA,NA,NA,040,001,2025-10-13_14h13.20.423,Study_5_PsychoPy_Experiment,2024.1.5,NA,2025-10-13 14h13.33.117199 +0100
Reality,Reg,TRUE,N,NB-TB-K,T_NB,PsychoPyStudy5Stim/T_NB_5.png,"In REALITY, there is ONE cube",One,h,b,N,-,N,0,55,55,144,375.0838839999633,NA,NA,NA,NA,NA,NA,NA,NA,NA,375.0700306999497,1.6520009376108e-4,375.1557522999355,375.53372720000334,375.6337976999348,377.63405170000624,378.0339592000237,378.1356695999857,378.1356695999857,379.0198204999324,b,1,0.8743413999909535,NA,379.02039680001326,379.03391110000666,379.03391110000666,379.03391110000666,379.03391110000666,379.0210110999178,NA,NA,NA,NA,NA,NA,NA,NA,NA,NA,040,001,2025-10-13_14h13.20.423,Study_5_PsychoPy_Experiment,2024.1.5,NA,2025-10-13 14h13.33.117199 +0100
Reality,Reg,FALSE,N,TB-K-B,DD_B,PsychoPyStudy5Stim/DD_B_8.png,"In REALITY, there is ONE cube",One,b,h,N,PropFalse,N,0,56,56,239,379.03391110000666,NA,NA,NA,NA,NA,NA,NA,NA,NA,379.02144049992785,3.339999821037e-4,379.11171859991737,379.4837331000017,379.58382800000254,381.5840681999689,381.9840084000025,382.0856860999483,382.0856860999483,384.0194655000232,h,1,1.9241957999765873,NA,384.0198505999288,384.0339120000135,384.0339120000135,384.0339120000135,384.0339120000135,384.02027630002704,NA,NA,NA,NA,NA,NA,NA,NA,NA,NA,040,001,2025-10-13_14h13.20.423,Study_5_PsychoPy_Experiment,2024.1.5,NA,2025-10-13 14h13.33.117199 +0100
Knowledge,Reg,FALSE,N,NB-TB-K,TT_NB,PsychoPyStudy5Stim/TT_NB_4.png,Adam KNOWS there is ONE cube,One,b,h,N,PropFalse,N,0,57,57,175,384.0339120000135,NA,NA,NA,NA,NA,NA,NA,NA,NA,384.0205603999784,2.2180005908012e-4,384.1154899999965,384.500360099948,384.60047359997407,386.6006344999186,387.0005055000074,387.1021594000049,387.1021594000049,392.9862515999703,h,1,5.875286499969661,NA,392.9867549999617,393.0003842000151,393.0003842000151,393.0003842000151,393.0003842000151,392.9872818000149,NA,NA,NA,NA,NA,NA,NA,NA,NA,NA,040,001,2025-10-13_14h13.20.423,Study_5_PsychoPy_Experiment,2024.1.5,NA,2025-10-13 14h13.33.117199 +0100
Belief,Reg,TRUE,N,TB-Ig,D_B,PsychoPyStudy5Stim/D_B_D_3.png,Adam THINKS there are ZERO cubes,Zero,h,b,N,-,Y,0,58,58,211,393.0003842000151,NA,NA,NA,NA,NA,NA,NA,NA,NA,392.9876718999585,2.8999999631196e-4,393.0743881999515,393.4506193000125,393.5507313000271,395.55073090002406,395.9505013999296,396.0523808000144,396.0523808000144,404.62006180000026,b,1,8.557206599973142,NA,404.6207354000071,404.633803899982,404.633803899982,404.633803899982,404.633803899982,404.6214151999447,NA,NA,NA,NA,NA,NA,NA,NA,NA,NA,040,001,2025-10-13_14h13.20.423,Study_5_PsychoPy_Experiment,2024.1.5,NA,2025-10-13 14h13.33.117199 +0100
Belief,Reg,TRUE,N,TB-K-B,DD_B,PsychoPyStudy5Stim/DD_B_2.png,Adam THINKS there are ZERO cubes,Zero,h,b,N,-,N,0,59,59,227,404.633803899982,NA,NA,NA,NA,NA,NA,NA,NA,NA,404.62193389993627,3.8450001738965e-4,404.70754159998614,405.0837825000053,405.1839986999985,407.18398480000906,407.5839774999767,407.6857540999772,407.6857540999772,413.26977329992224,b,1,5.572013600030914,NA,413.27033339999616,413.2837984999642,413.2837984999642,413.2837984999642,413.2837984999642,413.2715252999915,NA,NA,NA,NA,NA,NA,NA,NA,NA,NA,040,001,2025-10-13_14h13.20.423,Study_5_PsychoPy_Experiment,2024.1.5,NA,2025-10-13 14h13.33.117199 +0100
Knowledge,Reg,TRUE,N,TB-K-B,DD_B,PsychoPyStudy5Stim/DD_B_7.png,Adam KNOWS there are ZERO cubes,Zero,h,b,N,-,N,0,60,60,221,413.2837984999642,NA,NA,NA,NA,NA,NA,NA,NA,NA,413.2720343000255,3.7020002491772e-4,413.3749510999769,413.75055689993314,413.85039469995536,415.85059799999,416.2505700999173,416.3523199999472,416.3523199999472,417.56995709997136,b,1,1.2013895000563934,NA,417.5706054000184,417.5837910999544,417.5837910999544,417.5837910999544,417.5837910999544,417.5713732999284,NA,NA,NA,NA,NA,NA,NA,NA,NA,NA,040,001,2025-10-13_14h13.20.423,Study_5_PsychoPy_Experiment,2024.1.5,NA,2025-10-13 14h13.33.117199 +0100
Belief,Neg,TRUE,N,NB-TB-K,T_NB,PsychoPyStudy5Stim/T_NB_1.png,Adam does NOT THINK there are TWO cubes,Two,h,b,Y,-,N,0,61,61,36,417.5837910999544,NA,NA,NA,NA,NA,NA,NA,NA,NA,417.57188459998,4.2890000622719e-4,417.66056719992775,418.03380560001824,418.13397279998753,420.1340173999779,420.53405729995575,420.6357722999528,420.6357722999528,423.4697232999606,b,1,2.8213040999835357,NA,423.47031150001567,423.4837785999989,423.4837785999989,423.4837785999989,423.4837785999989,423.4709213000024,NA,NA,NA,NA,NA,NA,NA,NA,NA,NA,040,001,2025-10-13_14h13.20.423,Study_5_PsychoPy_Experiment,2024.1.5,NA,2025-10-13 14h13.33.117199 +0100
Knowledge,Reg,FALSE,N,TB-Ig,D_B,PsychoPyStudy5Stim/D_B_D_2.png,Adam KNOWS there are ZERO cubes,Zero,b,h,N,PropTrueNoKnow,Y,0,62,62,207,423.4837785999989,NA,NA,NA,NA,NA,NA,NA,NA,NA,423.4713731999509,3.3369997981935e-4,423.5565095000202,423.9338601999916,424.03397659992334,426.0339820999652,426.4338823999278,426.5356001999462,426.5356001999462,430.0862654999364,h,1,3.5377259999513626,NA,430.0867757999804,430.1003895999165,430.1003895999165,430.1003895999165,430.1003895999165,430.08733339991886,NA,NA,NA,NA,NA,NA,NA,NA,NA,NA,040,001,2025-10-13_14h13.20.423,Study_5_PsychoPy_Experiment,2024.1.5,NA,2025-10-13 14h13.33.117199 +0100
Belief,Neg,FALSE,N,NB-TB-K,T_NB,PsychoPyStudy5Stim/T_NB_7.png,Adam does NOT THINK there is ONE cube,One,b,h,Y,PropFalse,N,0,63,63,54,430.1003895999165,NA,NA,NA,NA,NA,NA,NA,NA,NA,430.0877263000002,3.0529999639838e-4,430.1738298999844,430.5504958999809,430.65064020000864,432.650591099984,433.0504953999771,433.152071599965,433.152071599965,437.6369160999311,h,1,4.472729500033893,NA,437.63775689993054,437.65048489999026,437.65048489999026,437.65048489999026,437.65048489999026,437.6386911999434,NA,NA,NA,NA,NA,NA,NA,NA,NA,NA,040,001,2025-10-13_14h13.20.423,Study_5_PsychoPy_Experiment,2024.1.5,NA,2025-10-13 14h13.33.117199 +0100
Knowledge,Reg,TRUE,N,TB-K-B,DD_B,PsychoPyStudy5Stim/DD_B_2.png,Adam KNOWS there are ZERO cubes,Zero,h,b,N,-,N,0,64,64,216,437.65048489999026,NA,NA,NA,NA,NA,NA,NA,NA,NA,437.6393363999669,5.020999815315e-4,437.7390085000079,438.11713279993273,438.2172864999157,440.2169864999596,440.61717079998925,440.7189884999534,440.7189884999534,449.2190573000116,b,1,8.499148300033994,NA,449.2193463000003,449.2336598000256,449.2336598000256,449.2336598000256,449.2336598000256,449.2196616999572,NA,NA,NA,NA,NA,NA,NA,NA,NA,NA,040,001,2025-10-13_14h13.20.423,Study_5_PsychoPy_Experiment,2024.1.5,NA,2025-10-13 14h13.33.117199 +0100
Reality,Reg,TRUE,N,NB-TB-K,DD_NB,PsychoPyStudy5Stim/DD_NB_3.png,"In REALITY, there are ZERO cubes",Zero,h,b,N,-,N,0,65,65,159,449.2336598000256,NA,NA,NA,NA,NA,NA,NA,NA,NA,449.2198690000223,1.6389996744692e-4,449.3030140999472,449.6837450999301,449.78367169993,451.7838529000291,452.1837441999232,452.2855561999604,452.2855561999604,453.36971819994505,b,1,1.076113500050269,NA,453.37026390002575,453.38362680003047,453.38362680003047,453.38362680003047,453.38362680003047,453.3709195000119,NA,NA,NA,NA,NA,NA,NA,NA,NA,NA,040,001,2025-10-13_14h13.20.423,Study_5_PsychoPy_Experiment,2024.1.5,NA,2025-10-13 14h13.33.117199 +0100
Knowledge,Neg,TRUE,N,NB-TB-K,T_NB,PsychoPyStudy5Stim/T_NB_3.png,Adam does NOT KNOW there are TWO cubes,Two,h,b,Y,-,N,0,66,66,34,453.38362680003047,NA,NA,NA,NA,NA,NA,NA,NA,NA,453.3713506999193,3.3579999580979e-4,453.4713047000114,453.8502906999784,453.9506142999744,455.9503498999402,456.3504711999558,456.4522921999451,456.4522921999451,463.6033598999493,h,0,7.149241199949756,NA,463.60405179997906,463.61703909991775,463.61703909991775,463.61703909991775,463.61703909991775,463.6048230000306,NA,NA,NA,NA,NA,NA,NA,NA,NA,NA,040,001,2025-10-13_14h13.20.423,Study_5_PsychoPy_Experiment,2024.1.5,NA,2025-10-13 14h13.33.117199 +0100
Belief,Reg,FALSE,N,TB-K-B,DD_B,PsychoPyStudy5Stim/DD_B_3.png,Adam THINKS there is ONE cube,One,b,h,N,PropFalse,N,0,67,67,234,463.61703909991775,NA,NA,NA,NA,NA,NA,NA,NA,NA,463.60536639997736,4.2459997348487e-4,463.7028279999504,464.08358909992967,464.18390850001015,466.18384099996183,466.5837785999756,466.68549659999553,466.68549659999553,473.75309369992465,h,1,7.051069199922495,NA,473.7538122999249,473.7670095999492,473.7670095999492,473.7670095999492,473.7670095999492,473.7545440000249,NA,NA,NA,NA,NA,NA,NA,NA,NA,NA,040,001,2025-10-13_14h13.20.423,Study_5_PsychoPy_Experiment,2024.1.5,NA,2025-10-13 14h13.33.117199 +0100
Reality,Reg,FALSE,N,NB-TB-K,D_NB,PsychoPyStudy5Stim/D_NB_8.png,"In REALITY, there are TWO cubes",Two,b,h,N,PropFalse,N,0,68,68,139,473.7670095999492,NA,NA,NA,NA,NA,NA,NA,NA,NA,473.7550572999753,4.0010001976042e-4,473.8485576999374,474.2336599000264,474.3337539000204,476.33381240000017,476.7337275999598,476.83539090002887,476.83539090002887,478.5527904999908,h,1,1.7018133999081329,NA,478.5533739000093,478.566946499981,478.566946499981,478.566946499981,478.566946499981,478.5539762999397,NA,NA,NA,NA,NA,NA,NA,NA,NA,NA,040,001,2025-10-13_14h13.20.423,Study_5_PsychoPy_Experiment,2024.1.5,NA,2025-10-13 14h13.33.117199 +0100
Belief,Reg,TRUE,N,FB-Ig,B_T,PsychoPyStudy5Stim/B_T_5.png,Adam THINKS there are ZERO cubes,Zero,h,b,N,-,Y,0,69,69,316,478.566946499981,NA,NA,NA,NA,NA,NA,NA,NA,NA,478.5544369999552,3.4160003997385e-4,478.6513310000301,479.0337108999957,479.1337931000162,481.13376649993006,481.53368909994606,481.6354832999641,481.6354832999641,484.18624950002413,b,1,2.5423865999327973,NA,484.1868334999308,484.2002553999191,484.2002553999191,484.2002553999191,484.2002553999191,484.18743879999965,NA,NA,NA,NA,NA,NA,NA,NA,NA,NA,040,001,2025-10-13_14h13.20.423,Study_5_PsychoPy_Experiment,2024.1.5,NA,2025-10-13 14h13.33.117199 +0100
Belief,Reg,FALSE,N,TB-K-B,TD_B,PsychoPyStudy5Stim/TD_B_3.png,Adam THINKS there are ZERO cubes,Zero,b,h,N,PropFalse,N,0,70,70,265,484.2002553999191,NA,NA,NA,NA,NA,NA,NA,NA,NA,484.1878997000167,3.6669999826699e-4,484.2729109999491,484.6503106999444,484.7504824999487,486.7504590000026,487.1503411999438,487.25210329995025,487.25210329995025,488.60288419993594,h,1,1.3414188999449834,NA,488.6034605000168,488.61692499998026,488.61692499998026,488.61692499998026,488.61692499998026,488.6040664999746,NA,NA,NA,NA,NA,NA,NA,NA,NA,NA,040,001,2025-10-13_14h13.20.423,Study_5_PsychoPy_Experiment,2024.1.5,NA,2025-10-13 14h13.33.117199 +0100
Belief,Neg,TRUE,Y,FB-Ig,T_B_T,PsychoPyStudy5Stim/T_B_T_1.png,Adam does NOT THINK there are TWO cubes,Two,h,b,Y,-,N,0,71,71,16,488.61692499998026,NA,NA,NA,NA,NA,NA,NA,NA,NA,488.60452689998783,3.6629999522119e-4,488.7024481999688,489.08364740002435,489.1837723000208,491.1837942999555,491.5837478999747,491.6854290999472,491.6854290999472,494.2692802000092,b,1,2.5796972999814898,NA,494.2696775000077,494.2834616999607,494.2834616999607,494.2834616999607,494.2834616999607,494.2701175999828,NA,NA,NA,NA,NA,NA,NA,NA,NA,NA,040,001,2025-10-13_14h13.20.423,Study_5_PsychoPy_Experiment,2024.1.5,NA,2025-10-13 14h13.33.117199 +0100
Belief,Neg,FALSE,N,NB-TB-K,TT_NB,PsychoPyStudy5Stim/TT_NB_3.png,Adam does NOT THINK there are TWO cubes,Two,b,h,Y,PropFalse,N,0,72,72,74,494.2834616999607,NA,NA,NA,NA,NA,NA,NA,NA,NA,494.2704138000263,2.327999100089e-4,494.35620489995927,494.73360019992106,494.8336108999793,496.8337157999631,497.2336720000021,497.3353949999437,497.3353949999437,498.5029379000189,h,1,1.153893499984406,NA,498.5034945999505,498.5168795000063,498.5168795000063,498.5168795000063,498.5168795000063,498.50411019998137,NA,NA,NA,NA,NA,NA,NA,NA,NA,NA,040,001,2025-10-13_14h13.20.423,Study_5_PsychoPy_Experiment,2024.1.5,NA,2025-10-13 14h13.33.117199 +0100
Knowledge,Neg,TRUE,N,TB-K,TD_B,PsychoPyStudy5Stim/TD_B_2.png,Adam does NOT KNOW there are TWO cubes,Two,h,b,Y,-,N,0,73,73,105,498.5168795000063,NA,NA,NA,NA,NA,NA,NA,NA,NA,498.5045411000028,3.3660000190138e-4,498.6014300999232,498.9836355999578,499.0837526000105,501.0836906000041,501.4836833999725,501.5854806000134,501.5854806000134,505.7527547000209,h,0,4.15172069997061,NA,505.75334099994507,505.76687239995226,505.76687239995226,505.76687239995226,505.76687239995226,505.7539482000284,NA,NA,NA,NA,NA,NA,NA,NA,NA,NA,040,001,2025-10-13_14h13.20.423,Study_5_PsychoPy_Experiment,2024.1.5,NA,2025-10-13 14h13.33.117199 +0100
Reality,Reg,FALSE,N,FB-Ig,B_T,PsychoPyStudy5Stim/B_T_4.png,"In REALITY, there are TWO cubes",Two,b,h,N,-,N,0,74,74,320,505.76687239995226,NA,NA,NA,NA,NA,NA,NA,NA,NA,505.7544095999328,3.4689996391534e-4,505.84384769992903,506.2168395000044,506.3170080999844,508.3170601000311,508.71701399993617,508.8187200999819,508.8187200999819,510.9193014999619,h,1,2.0859492999734357,NA,510.91988239996135,510.93354699993506,510.93354699993506,510.93354699993506,510.93354699993506,510.92048269999214,NA,NA,NA,NA,NA,NA,NA,NA,NA,NA,040,001,2025-10-13_14h13.20.423,Study_5_PsychoPy_Experiment,2024.1.5,NA,2025-10-13 14h13.33.117199 +0100
Belief,Reg,TRUE,N,TB-K-B,TD_B,PsychoPyStudy5Stim/TD_B_8.png,Adam THINKS there is ONE cube,One,h,b,N,-,N,0,75,75,262,510.93354699993506,NA,NA,NA,NA,NA,NA,NA,NA,NA,510.920941599994,3.3990002702921e-4,511.0143157999264,511.3835285999812,511.4833778999746,513.4835543999216,513.8835822999245,513.9853744999273,513.9853744999273,523.7692551999353,b,1,9.775708500063049,NA,523.7697343999753,523.78344799997285,523.78344799997285,523.78344799997285,523.78344799997285,523.7703118999489,NA,NA,NA,NA,NA,NA,NA,NA,NA,NA,040,001,2025-10-13_14h13.20.423,Study_5_PsychoPy_Experiment,2024.1.5,NA,2025-10-13 14h13.33.117199 +0100
Knowledge,Neg,TRUE,Y,FB-Ig,T_B_T,PsychoPyStudy5Stim/T_B_T_6.png,Adam does NOT KNOW there are TWO cubes,Two,h,b,Y,-,N,0,76,76,5,523.78344799997285,NA,NA,NA,NA,NA,NA,NA,NA,NA,523.770679899957,2.8919999022036e-4,523.8654333000304,524.249942000024,524.3501377999783,526.35030619998,526.7503132999409,526.8520448999479,526.8520448999479,533.1029344999697,b,1,6.244797699968331,NA,533.1035701999208,533.1167865999741,533.1167865999741,533.1167865999741,533.1167865999741,533.1042579999194,NA,NA,NA,NA,NA,NA,NA,NA,NA,NA,040,001,2025-10-13_14h13.20.423,Study_5_PsychoPy_Experiment,2024.1.5,NA,2025-10-13 14h13.33.117199 +0100
Knowledge,Neg,FALSE,N,TB-K,TT_B,PsychoPyStudy5Stim/TT_B_8.png,Adam does NOT KNOW there are TWO cubes,Two,b,h,Y,PropFalse,N,0,77,77,95,533.1167865999741,NA,NA,NA,NA,NA,NA,NA,NA,NA,533.1047759000212,4.1300000157207e-4,533.1994423000142,533.5833928999491,533.6837056999793,535.6836662000278,536.0836509999353,536.1853264999809,536.1853264999809,537.6361205999274,h,1,1.4474314000690356,NA,537.636723899981,537.6500956999371,537.6500956999371,537.6500956999371,537.6500956999371,537.6373323999578,NA,NA,NA,NA,NA,NA,NA,NA,NA,NA,040,001,2025-10-13_14h13.20.423,Study_5_PsychoPy_Experiment,2024.1.5,NA,2025-10-13 14h13.33.117199 +0100
Knowledge,Neg,TRUE,Y,FB-Ig,D_B_T,PsychoPyStudy5Stim/D_B_T_6.png,Adam does NOT KNOW there is ONE cube,One,h,b,Y,-,N,0,78,78,13,537.6500956999371,NA,NA,NA,NA,NA,NA,NA,NA,NA,537.6378369999584,3.4699996467679e-4,537.7330789000262,538.1168389000231,538.2169469000073,540.2168472999474,540.6168778999709,540.7186704999767,540.7186704999767,543.6192264999263,b,1,2.8908185999607667,NA,543.6197490999475,543.633374499972,543.633374499972,543.633374499972,543.633374499972,543.6202972999308,NA,NA,NA,NA,NA,NA,NA,NA,NA,NA,040,001,2025-10-13_14h13.20.423,Study_5_PsychoPy_Experiment,2024.1.5,NA,2025-10-13 14h13.33.117199 +0100
Belief,Neg,TRUE,N,TB-K,TD_B,PsychoPyStudy5Stim/TD_B_3.png,Adam does NOT THINK there are TWO cubes,Two,h,b,Y,-,N,0,79,79,110,543.633374499972,NA,NA,NA,NA,NA,NA,NA,NA,NA,543.6207115999423,3.0769989825785e-4,543.7052052000072,544.0834694999503,544.1836047000252,546.1835572000127,546.5835783999646,546.685341799981,546.685341799981,553.6187905999832,b,1,6.924038599943742,NA,553.6190785999643,553.6332678999752,553.6332678999752,553.6332678999752,553.6332678999752,553.6194003999699,NA,NA,NA,NA,NA,NA,NA,NA,NA,NA,040,001,2025-10-13_14h13.20.423,Study_5_PsychoPy_Experiment,2024.1.5,NA,2025-10-13 14h13.33.117199 +0100
Belief,Neg,TRUE,N,TB-K,TT_B,PsychoPyStudy5Stim/TT_B_2.png,Adam does NOT THINK there is ONE cube,One,h,b,Y,-,N,0,80,80,85,553.6332678999752,NA,NA,NA,NA,NA,NA,NA,NA,NA,553.6196093999315,1.786999637261e-4,553.7058897999814,554.0833981999895,554.1834634999977,556.1834538999246,556.5835090000182,556.6852064999985,556.6852064999985,559.1526085999794,b,1,2.4604524000314996,NA,559.1531526999315,559.166676599998,559.166676599998,559.166676599998,559.166676599998,559.1537617000286,NA,NA,NA,NA,NA,NA,NA,NA,NA,NA,040,001,2025-10-13_14h13.20.423,Study_5_PsychoPy_Experiment,2024.1.5,NA,2025-10-13 14h13.33.117199 +0100
Reality,Reg,FALSE,N,NB-TB-K,DD_NB,PsychoPyStudy5Stim/DD_NB_6.png,"In REALITY, there are TWO cubes",Two,b,h,N,PropFalse,N,0,81,81,162,559.166676599998,NA,NA,NA,NA,NA,NA,NA,NA,NA,559.1541920999298,3.3569999504834e-4,559.2670721999602,559.6498324000277,559.7500729999738,561.7501544000115,562.1501739999512,562.251936799963,562.251936799963,563.0028766000178,h,1,0.7489307000068948,NA,563.0035460999934,563.0166988000274,563.0166988000274,563.0166988000274,563.0166988000274,563.0042398999212,NA,NA,NA,NA,NA,NA,NA,NA,NA,NA,040,001,2025-10-13_14h13.20.423,Study_5_PsychoPy_Experiment,2024.1.5,NA,2025-10-13 14h13.33.117199 +0100
Reality,Reg,FALSE,N,NB-TB-K,TT_NB,PsychoPyStudy5Stim/TT_NB_4.png,"In REALITY, there is ONE cube",One,b,h,N,PropFalse,N,0,82,82,196,563.0166988000274,NA,NA,NA,NA,NA,NA,NA,NA,NA,563.0047992999898,4.4329999946057e-4,563.1026510000229,563.4832025999203,563.5833529999945,565.5834756999975,565.9834753000177,566.0852485999931,566.0852485999931,567.4355723999906,h,1,1.3398427000502124,NA,567.4358711999375,567.4498348999768,567.4498348999768,567.4498348999768,567.4498348999768,567.4362412999617,NA,NA,NA,NA,NA,NA,NA,NA,NA,NA,040,001,2025-10-13_14h13.20.423,Study_5_PsychoPy_Experiment,2024.1.5,NA,2025-10-13 14h13.33.117199 +0100
Knowledge,Reg,TRUE,N,NB-TB-K,T_NB,PsychoPyStudy5Stim/T_NB_1.png,Adam KNOWS there is ONE cube,One,h,b,N,-,N,0,83,83,140,567.4498348999768,NA,NA,NA,NA,NA,NA,NA,NA,NA,567.4364473000169,1.6349996440112e-4,567.5581205999479,567.9333902000217,568.0335163000273,570.0334885999328,570.4334931999911,570.5350539999781,570.5350539999781,571.7694583999692,b,1,1.226127100060694,NA,571.7701009999728,571.7852669999702,NA,571.7852669999702,NA,575.0177823000122,space,3.2234194999327883,NA,NA,NA,NA,NA,NA,NA,NA,040,001,2025-10-13_14h13.20.423,Study_5_PsychoPy_Experiment,2024.1.5,NA,2025-10-13 14h13.33.117199 +0100
Belief,Reg,FALSE,N,FB-Ig,T_B_T,PsychoPyStudy5Stim/T_B_T_1.png,Adam THINKS there are ZERO cubes,Zero,b,h,N,PropFalse,N,0,84,84,283,575.0331725999713,NA,NA,NA,NA,NA,NA,NA,NA,NA,575.0183816999197,1.8179998733103e-4,575.1147295000264,575.4997739000246,575.5999143000226,577.6000738999574,578.0000907999929,578.1019039999228,578.1019039999228,580.6694471000228,h,1,2.554672500002198,NA,580.6701308999909,580.6833663999569,580.6833663999569,580.6833663999569,580.6833663999569,580.6717802999774,NA,NA,NA,NA,NA,NA,NA,NA,NA,NA,040,001,2025-10-13_14h13.20.423,Study_5_PsychoPy_Experiment,2024.1.5,NA,2025-10-13 14h13.33.117199 +0100
Knowledge,Neg,FALSE,N,NB-TB-K,TT_NB,PsychoPyStudy5Stim/TT_NB_4.png,Adam does NOT KNOW there are TWO cubes,Two,b,h,Y,PropFalse,N,0,85,85,67,580.6833663999569,NA,NA,NA,NA,NA,NA,NA,NA,NA,580.6723205000162,4.1219999548047e-4,580.7530269999988,581.1330965999514,581.2332305000164,583.2334234999726,583.6333247999428,583.7351445999229,583.7351445999229,585.0860169000225,h,1,1.3371160000097009,NA,585.0867076999275,585.0999781999271,585.0999781999271,585.0999781999271,585.0999781999271,585.0874132999452,NA,NA,NA,NA,NA,NA,NA,NA,NA,NA,040,001,2025-10-13_14h13.20.423,Study_5_PsychoPy_Experiment,2024.1.5,NA,2025-10-13 14h13.33.117199 +0100
Knowledge,Neg,TRUE,N,TB-K,TD_B,PsychoPyStudy5Stim/TD_B_1.png,Adam does NOT KNOW there are TWO cubes,Two,h,b,Y,-,N,0,86,86,104,585.0999781999271,NA,NA,NA,NA,NA,NA,NA,NA,NA,585.0879325999413,4.0480005554854e-4,585.1902290999424,585.5664157000137,585.6665039999643,587.6668127999874,588.0667962000007,588.1685935999267,588.1685935999267,597.5863607999636,b,1,9.41575709998142,NA,597.5870233000023,597.5999458000297,597.5999458000297,597.5999458000297,597.5999458000297,597.5877327999333,NA,NA,NA,NA,NA,NA,NA,NA,NA,NA,040,001,2025-10-13_14h13.20.423,Study_5_PsychoPy_Experiment,2024.1.5,NA,2025-10-13 14h13.33.117199 +0100
Belief,Neg,FALSE,N,NB-TB-K,TT_NB,PsychoPyStudy5Stim/TT_NB_1.png,Adam does NOT THINK there are TWO cubes,Two,b,h,Y,PropFalse,N,0,87,87,72,597.5999458000297,NA,NA,NA,NA,NA,NA,NA,NA,NA,597.588275999995,4.3110002297908e-4,597.672787199961,598.0497154999757,598.1498464000179,600.1499931999715,600.5500575000187,600.6517679999815,600.6517679999815,608.1517277000239,b,0,7.484711400000379,NA,608.1520270999754,608.1663531999802,608.1663531999802,608.1663531999802,608.1663531999802,608.1523391000228,NA,NA,NA,NA,NA,NA,NA,NA,NA,NA,040,001,2025-10-13_14h13.20.423,Study_5_PsychoPy_Experiment,2024.1.5,NA,2025-10-13 14h13.33.117199 +0100
Knowledge,Reg,FALSE,N,FB-Ig,B_T,PsychoPyStudy5Stim/B_T_4.png,Adam KNOWS there are ZERO cubes,Zero,b,h,N,PropTrueNoKnow,Y,0,88,88,310,608.1663531999802,NA,NA,NA,NA,NA,NA,NA,NA,NA,608.1525728999404,1.8970004748553e-4,608.2486313999398,608.6331558999373,608.7334274000023,610.7333936999785,611.1333021000028,611.2350582999643,611.2350582999643,612.8357413000194,h,1,1.5897281999932602,NA,612.836277400027,612.8498405999271,612.8498405999271,612.8498405999271,612.8498405999271,612.8368537999922,NA,NA,NA,NA,NA,NA,NA,NA,NA,NA,040,001,2025-10-13_14h13.20.423,Study_5_PsychoPy_Experiment,2024.1.5,NA,2025-10-13 14h13.33.117199 +0100
Knowledge,Neg,TRUE,Y,FB-Ig,D_B_T,PsychoPyStudy5Stim/D_B_T_7.png,Adam does NOT KNOW there is ONE cube,One,h,b,Y,-,N,0,89,89,14,612.8498405999271,NA,NA,NA,NA,NA,NA,NA,NA,NA,612.8372653999832,3.1979999039322e-4,612.931161699933,613.3163373999996,613.4164522999199,615.4165866000112,615.8166895000031,615.9185466999188,615.9185466999188,622.2685408999678,b,1,6.337785899988376,NA,622.2688390000258,622.2829681999283,622.2829681999283,622.2829681999283,622.2829681999283,622.2691582000116,NA,NA,NA,NA,NA,NA,NA,NA,NA,NA,040,001,2025-10-13_14h13.20.423,Study_5_PsychoPy_Experiment,2024.1.5,NA,2025-10-13 14h13.33.117199 +0100
Belief,Reg,TRUE,N,FB-Ig,B_T,PsychoPyStudy5Stim/B_T_4.png,Adam THINKS there are ZERO cubes,Zero,h,b,N,-,Y,0,90,90,315,622.2829681999283,NA,NA,NA,NA,NA,NA,NA,NA,NA,622.2693907999201,1.8820003606379e-4,622.3541514999233,622.7330289999954,622.8331056999741,624.8330750999739,625.2330608000048,625.3350090999156,625.3350090999156,626.769492899999,b,1,1.4258151999674735,NA,626.7701823000098,626.7831967999227,626.7831967999227,626.7831967999227,626.7831967999227,626.7708934999537,NA,NA,NA,NA,NA,NA,NA,NA,NA,NA,040,001,2025-10-13_14h13.20.423,Study_5_PsychoPy_Experiment,2024.1.5,NA,2025-10-13 14h13.33.117199 +0100
Knowledge,Reg,FALSE,N,FB-Ig,T_B_T,PsychoPyStudy5Stim/T_B_T_1.png,Adam KNOWS there are ZERO cubes,Zero,b,h,N,PropFalse,N,0,91,91,275,626.7831967999227,NA,NA,NA,NA,NA,NA,NA,NA,NA,626.7714089999208,4.0160003118216e-4,626.8789725999814,627.2496118999552,627.3497076999629,629.34997510002,629.7498874999583,629.851661899942,629.851661899942,631.618965899921,h,1,1.7570152999833226,NA,631.6194464999717,631.6330402999884,631.6330402999884,631.6330402999884,631.6330402999884,631.6199446999235,NA,NA,NA,NA,NA,NA,NA,NA,NA,NA,040,001,2025-10-13_14h13.20.423,Study_5_PsychoPy_Experiment,2024.1.5,NA,2025-10-13 14h13.33.117199 +0100
Belief,Reg,TRUE,N,TB-K-B,DD_B,PsychoPyStudy5Stim/DD_B_3.png,Adam THINKS there are ZERO cubes,Zero,h,b,N,-,N,0,92,92,228,631.6330402999884,NA,NA,NA,NA,NA,NA,NA,NA,NA,631.6203155999538,2.9199989512562e-4,631.7211689000251,632.0997663999442,632.20000479999,634.1998312999494,634.5999031999381,634.7015907999594,634.7015907999594,636.7855202999199,b,1,2.0674509999807924,NA,636.7860302999616,636.7997671000194,636.7997671000194,636.7997671000194,636.7997671000194,636.7865518999752,NA,NA,NA,NA,NA,NA,NA,NA,NA,NA,040,001,2025-10-13_14h13.20.423,Study_5_PsychoPy_Experiment,2024.1.5,NA,2025-10-13 14h13.33.117199 +0100
Belief,Neg,TRUE,Y,FB-Ig,D_B_T,PsychoPyStudy5Stim/D_B_T_4.png,Adam does NOT THINK there is ONE cube,One,h,b,Y,-,N,0,93,93,27,636.7997671000194,NA,NA,NA,NA,NA,NA,NA,NA,NA,636.7869209999917,3.4400005824863e-4,636.8865157000255,637.2664153999649,637.3666567999171,639.3665643000277,639.7665193999419,639.8684053999605,639.8684053999605,644.3521802999312,b,1,4.476746700005606,NA,644.3526589999674,644.3663964000298,644.3663964000298,644.3663964000298,644.3663964000298,644.3531620999565,NA,NA,NA,NA,NA,NA,NA,NA,NA,NA,040,001,2025-10-13_14h13.20.423,Study_5_PsychoPy_Experiment,2024.1.5,NA,2025-10-13 14h13.33.117199 +0100
Belief,Neg,FALSE,N,NB-TB-K,TT_NB,PsychoPyStudy5Stim/TT_NB_2.png,Adam does NOT THINK there are TWO cubes,Two,b,h,Y,PropFalse,N,0,94,94,73,644.3663964000298,NA,NA,NA,NA,NA,NA,NA,NA,NA,644.3535325999837,2.9029999859631e-4,644.43881219998,644.8162353999214,644.9163652999559,646.916550999973,647.3165750999469,647.4182534000138,647.4182534000138,648.6189017000142,h,1,1.190438500023447,NA,648.6194163999753,648.6330736000091,648.6330736000091,648.6330736000091,648.6330736000091,648.619965699967,NA,NA,NA,NA,NA,NA,NA,NA,NA,NA,040,001,2025-10-13_14h13.20.423,Study_5_PsychoPy_Experiment,2024.1.5,NA,2025-10-13 14h13.33.117199 +0100
Reality,Reg,TRUE,N,FB-Ig,B_T,PsychoPyStudy5Stim/B_T_1.png,"In REALITY, there is ONE cube",One,h,b,N,-,N,0,95,95,317,648.6330736000091,NA,NA,NA,NA,NA,NA,NA,NA,NA,648.6203579999274,3.0669989064335e-4,648.720848799916,649.0997981999535,649.1998890999239,651.1998888999224,651.5998522000154,651.7015835000202,651.7015835000202,652.9850986999227,b,1,1.282580700004473,NA,652.9853973999852,652.999684899929,652.999684899929,652.999684899929,652.999684899929,652.9857145999558,NA,NA,NA,NA,NA,NA,NA,NA,NA,NA,040,001,2025-10-13_14h13.20.423,Study_5_PsychoPy_Experiment,2024.1.5,NA,2025-10-13 14h13.33.117199 +0100
Knowledge,Neg,FALSE,N,TB-K,TD_B,PsychoPyStudy5Stim/TD_B_6.png,Adam does NOT KNOW there is ONE cube,One,b,h,Y,PropFalse,N,0,96,96,117,652.999684899929,NA,NA,NA,NA,NA,NA,NA,NA,NA,652.9859239999205,1.662999857217e-4,653.080478399992,653.4497963999165,653.5499436999671,655.5498872000026,655.9498420999153,656.0516530999448,656.0516530999448,662.201879399945,h,1,6.148855299921706,NA,662.2021874999627,662.2161907999543,662.2161907999543,662.2161907999543,662.2161907999543,662.2025129999965,NA,NA,NA,NA,NA,NA,NA,NA,NA,NA,040,001,2025-10-13_14h13.20.423,Study_5_PsychoPy_Experiment,2024.1.5,NA,2025-10-13 14h13.33.117199 +0100
Belief,Reg,TRUE,N,TB-Ig,D_B,PsychoPyStudy5Stim/D_B_D_1.png,Adam THINKS there are ZERO cubes,Zero,h,b,N,-,Y,0,97,97,209,662.2161907999543,NA,NA,NA,NA,NA,NA,NA,NA,NA,662.2027448000154,1.7620006110519e-4,662.2902089999989,662.6663453999208,662.7665109999944,664.7665213999571,665.1665252000093,665.2683249999536,665.2683249999536,671.4851011999417,b,1,6.203956800047308,NA,671.4854503999231,671.4995099999942,671.4995099999942,671.4995099999942,671.4995099999942,671.4857506999979,NA,NA,NA,NA,NA,NA,NA,NA,NA,NA,040,001,2025-10-13_14h13.20.423,Study_5_PsychoPy_Experiment,2024.1.5,NA,2025-10-13 14h13.33.117199 +0100
Knowledge,Reg,TRUE,N,TB-K-B,TD_B,PsychoPyStudy5Stim/TD_B_5.png,Adam KNOWS there is ONE cube,One,h,b,N,-,N,0,98,98,255,671.4995099999942,NA,NA,NA,NA,NA,NA,NA,NA,NA,671.485964499996,1.7130002379417e-4,671.5770464999368,671.9495351000223,672.0497249999316,674.04981889994815,674.4497660999186,674.5515115000308,674.5515115000308,680.6027679999825,b,1,6.034009099937975,NA,680.6036636999343,680.6164502999745,680.6164502999745,680.6164502999745,680.6164502999745,680.6045177999185,NA,NA,NA,NA,NA,NA,NA,NA,NA,NA,040,001,2025-10-13_14h13.20.423,Study_5_PsychoPy_Experiment,2024.1.5,NA,2025-10-13 14h13.33.117199 +0100
Knowledge,Neg,FALSE,N,NB-TB-K,TT_NB,PsychoPyStudy5Stim/TT_NB_7.png,Adam does NOT KNOW there are TWO cubes,Two,b,h,Y,PropFalse,N,0,99,99,70,680.6164502999745,NA,NA,NA,NA,NA,NA,NA,NA,NA,680.6051611999283,4.9790006596595e-4,680.7182071999414,681.09965619992,681.1996504999697,683.1998817999847,683.5998163999757,683.7014788999222,683.7014788999222,686.6525986000197,h,1,2.9466387999709696,NA,686.6533171000192,686.6662688999204,686.6662688999204,686.6662688999204,686.6662688999204,686.6540472999914,NA,NA,NA,NA,NA,NA,NA,NA,NA,NA,040,001,2025-10-13_14h13.20.423,Study_5_PsychoPy_Experiment,2024.1.5,NA,2025-10-13 14h13.33.117199 +0100
Knowledge,Neg,TRUE,Y,FB-Ig,T_B_T,PsychoPyStudy5Stim/T_B_T_5.png,Adam does NOT KNOW there are TWO cubes,Two,h,b,Y,-,N,0,100,100,4,686.6662688999204,NA,NA,NA,NA,NA,NA,NA,NA,NA,686.6545663999859,4.0189991705119e-4,686.7398704999359,687.1160799999489,687.216215100023,689.2164759000298,689.6164180999622,689.7182395999553,689.7182395999553,692.8022461999208,b,1,3.0666077999630943,NA,692.8029477000237,692.8163179999683,692.8163179999683,692.8163179999683,692.8163179999683,692.8036605999805,NA,NA,NA,NA,NA,NA,NA,NA,NA,NA,040,001,2025-10-13_14h13.20.423,Study_5_PsychoPy_Experiment,2024.1.5,NA,2025-10-13 14h13.33.117199 +0100
Belief,Reg,TRUE,N,TB-K-B,DD_B,PsychoPyStudy5Stim/DD_B_5.png,Adam THINKS there are ZERO cubes,Zero,h,b,N,-,N,0,101,101,230,692.8163179999683,NA,NA,NA,NA,NA,NA,NA,NA,NA,692.8041493999772,3.7919997703284e-4,692.9167108000256,693.2996542999754,693.399676800007,695.3997072000057,695.7997517000185,695.9015614999225,695.9015614999225,697.3851601999486,b,1,1.4824866000562906,NA,697.385482499958,697.399525100016,697.399525100016,697.399525100016,697.399525100016,697.3858448999235,NA,NA,NA,NA,NA,NA,NA,NA,NA,NA,040,001,2025-10-13_14h13.20.423,Study_5_PsychoPy_Experiment,2024.1.5,NA,2025-10-13 14h13.33.117199 +0100
Knowledge,Reg,TRUE,N,TB-K-B,TD_B,PsychoPyStudy5Stim/TD_B_6.png,Adam KNOWS there is ONE cube,One,h,b,N,-,N,0,102,102,256,697.399525100016,NA,NA,NA,NA,NA,NA,NA,NA,NA,697.3860836999957,1.8970004748553e-4,697.4702587999636,697.8496185999829,697.9498321999563,699.9497669999255,700.3497475999175,700.451506900019,700.451506900019,702.368157699937,b,1,1.9004653999581933,NA,702.3684616999235,702.3827186999843,702.3827186999843,702.3827186999843,702.3827186999843,702.368793200003,NA,NA,NA,NA,NA,NA,NA,NA,NA,NA,040,001,2025-10-13_14h13.20.423,Study_5_PsychoPy_Experiment,2024.1.5,NA,2025-10-13 14h13.33.117199 +0100
Belief,Reg,TRUE,N,TB-K-B,DD_B,PsychoPyStudy5Stim/DD_B_1.png,Adam THINKS there are ZERO cubes,Zero,h,b,N,-,N,0,103,103,226,702.3827186999843,NA,NA,NA,NA,NA,NA,NA,NA,NA,702.3690276999259,1.8860003910958e-4,702.4571303999983,702.8327146000229,702.9328708000248,704.9330835000146,705.3330114999553,705.4347006999888,705.4347006999888,708.0358593999408,b,1,2.597512700012885,NA,708.0365097000031,708.0495946999872,708.0495946999872,708.0495946999872,708.0495946999872,708.037283499958,NA,NA,NA,NA,NA,NA,NA,NA,NA,NA,040,001,2025-10-13_14h13.20.423,Study_5_PsychoPy_Experiment,2024.1.5,NA,2025-10-13 14h13.33.117199 +0100
Belief,Reg,TRUE,N,TB-K-B,DD_B,PsychoPyStudy5Stim/DD_B_4.png,Adam THINKS there are ZERO cubes,Zero,h,b,N,-,N,0,104,104,229,708.0495946999872,NA,NA,NA,NA,NA,NA,NA,NA,NA,708.0377939000027,4.6749995090067e-4,708.1418084999314,708.5162356999936,708.6163667999208,710.6163910999894,711.0163040999323,711.1181684000185,711.1181684000185,713.119215899962,b,1,1.9953506999881936,NA,713.1199259000132,713.1328826999525,713.1328826999525,713.1328826999525,713.1328826999525,713.1206471999176,NA,NA,NA,NA,NA,NA,NA,NA,NA,NA,040,001,2025-10-13_14h13.20.423,Study_5_PsychoPy_Experiment,2024.1.5,NA,2025-10-13 14h13.33.117199 +0100
Belief,Neg,FALSE,N,TB-K,TT_B,PsychoPyStudy5Stim/TT_B_5.png,Adam does NOT THINK there are TWO cubes,Two,b,h,Y,PropFalse,N,0,105,105,100,713.1328826999525,NA,NA,NA,NA,NA,NA,NA,NA,NA,713.1211678999243,4.0380004793405e-4,713.2237595999613,713.5996277999366,713.6995696999365,715.6997539999429,716.0997298000148,716.2014086999698,716.2014086999698,723.4516212999588,b,0,7.239594200043939,NA,723.4519236999331,723.4661595999496,723.4661595999496,723.4661595999496,723.4661595999496,723.4522409000201,NA,NA,NA,NA,NA,NA,NA,NA,NA,NA,040,001,2025-10-13_14h13.20.423,Study_5_PsychoPy_Experiment,2024.1.5,NA,2025-10-13 14h13.33.117199 +0100
Knowledge,Neg,FALSE,N,NB-TB-K,T_NB,PsychoPyStudy5Stim/T_NB_7.png,Adam does NOT KNOW there is ONE cube,One,b,h,Y,PropFalse,N,0,106,106,46,723.4661595999496,NA,NA,NA,NA,NA,NA,NA,NA,NA,723.4524833000032,1.6830000095069e-4,723.5480173999676,723.9326603999361,724.0328172999434,726.0330469999462,726.4330160999671,726.5346976999426,726.5346976999426,727.7359511000104,h,1,1.194114499958232,NA,727.7367007000139,727.749585099984,727.749585099984,727.749585099984,727.749585099984,727.7375275000231,NA,NA,NA,NA,NA,NA,NA,NA,NA,NA,040,001,2025-10-13_14h13.20.423,Study_5_PsychoPy_Experiment,2024.1.5,NA,2025-10-13 14h13.33.117199 +0100
Knowledge,Neg,FALSE,N,NB-TB-K,TT_NB,PsychoPyStudy5Stim/TT_NB_2.png,Adam does NOT KNOW there are TWO cubes,Two,b,h,Y,PropFalse,N,0,107,107,65,727.749585099984,NA,NA,NA,NA,NA,NA,NA,NA,NA,727.7381136999466,4.5779999345541e-4,727.8329888000153,728.2159703000216,728.3161230999976,730.3163116999203,730.7163461999735,730.8181304999162,730.8181304999162,731.7695071999915,h,1,0.934543100069277,NA,731.7703292999649,731.7828765999293,731.7828765999293,731.7828765999293,731.7828765999293,731.7711883999873,NA,NA,NA,NA,NA,NA,NA,NA,NA,NA,040,001,2025-10-13_14h13.20.423,Study_5_PsychoPy_Experiment,2024.1.5,NA,2025-10-13 14h13.33.117199 +0100
Belief,Reg,FALSE,N,FB-Ig,D_B_T,PsychoPyStudy5Stim/D_B_T_7.png,Adam THINKS there are TWO cubes,Two,b,h,N,PropFalse,N,0,108,108,305,731.7828765999293,NA,NA,NA,NA,NA,NA,NA,NA,NA,731.7718729999615,5.4199993610382e-4,731.8549454999156,732.2326556999469,732.3327466999181,734.3329192999518,734.7329616999486,734.8346741999267,734.8346741999267,736.2357025999809,h,1,1.3895257000112906,NA,736.2364299999317,736.2494906999636,736.2494906999636,736.2494906999636,736.2494906999636,736.2372118999483,NA,NA,NA,NA,NA,NA,NA,NA,NA,NA,040,001,2025-10-13_14h13.20.423,Study_5_PsychoPy_Experiment,2024.1.5,NA,2025-10-13 14h13.33.117199 +0100
Belief,Neg,FALSE,N,TB-K,TD_B,PsychoPyStudy5Stim/TD_B_8.png,Adam does NOT THINK there is ONE cube,One,b,h,Y,PropFalse,N,0,109,109,127,736.2494906999636,NA,NA,NA,NA,NA,NA,NA,NA,NA,736.2377330999589,4.0589994750916e-4,736.349563500029,736.7326157999923,736.8327367999591,738.8330148999812,739.2328625000082,739.334737899946,739.334737899946,748.78468599997,h,1,9.4417056000093,NA,748.7849844000302,748.7992492999183,748.7992492999183,748.7992492999183,748.7992492999183,748.785310999956,NA,NA,NA,NA,NA,NA,NA,NA,NA,NA,040,001,2025-10-13_14h13.20.423,Study_5_PsychoPy_Experiment,2024.1.5,NA,2025-10-13 14h13.33.117199 +0100
Belief,Neg,FALSE,N,NB-TB-K,T_NB,PsychoPyStudy5Stim/T_NB_5.png,Adam does NOT THINK there is ONE cube,One,b,h,Y,PropFalse,N,0,110,110,52,748.7992492999183,NA,NA,NA,NA,NA,NA,NA,NA,NA,748.7855441999855,1.7699995078146e-4,748.8759809000185,749.2495317999274,749.3496501999907,751.3495941000292,751.749572700006,751.8513755999738,751.8513755999738,759.2022394000087,h,1,7.333807799965143,NA,759.202878799988,759.2160658999346,759.2160658999346,759.2160658999346,759.2160658999346,759.2035893999273,NA,NA,NA,NA,NA,NA,NA,NA,NA,NA,040,001,2025-10-13_14h13.20.423,Study_5_PsychoPy_Experiment,2024.1.5,NA,2025-10-13 14h13.33.117199 +0100
Knowledge,Neg,TRUE,N,NB-TB-K,T_NB,PsychoPyStudy5Stim/T_NB_2.png,Adam does NOT KNOW there are TWO cubes,Two,h,b,Y,-,N,0,111,111,33,759.2160658999346,NA,NA,NA,NA,NA,NA,NA,NA,NA,759.2040999999736,4.0050002280622e-4,759.302073400002,759.6826095000142,759.7826838999754,761.7829373999266,762.1828977999976,762.2845759999473,762.2845759999473,764.4683458999498,h,0,2.180835000006482,NA,764.4687219000189,764.4826151999878,764.4826151999878,764.4826151999878,764.4826151999878,764.4691379999276,NA,NA,NA,NA,NA,NA,NA,NA,NA,NA,040,001,2025-10-13_14h13.20.423,Study_5_PsychoPy_Experiment,2024.1.5,NA,2025-10-13 14h13.33.117199 +0100
Belief,Reg,TRUE,N,TB-Ig,D_B,PsychoPyStudy5Stim/D_B_2.png,Adam THINKS there are ZERO cubes,Zero,h,b,N,-,Y,0,112,112,201,764.4826151999878,NA,NA,NA,NA,NA,NA,NA,NA,NA,764.4694162999513,2.1840003319084e-4,764.5561528999824,764.9325465000002,765.0326669999631,767.0329018000048,767.4328280999325,767.5346411999781,767.5346411999781,771.8028627999593,b,1,4.257095100008883,NA,771.8031717999838,771.8160301999887,771.8160301999887,771.8160301999887,771.8160301999887,771.8035764999222,NA,NA,NA,NA,NA,NA,NA,NA,NA,NA,040,001,2025-10-13_14h13.20.423,Study_5_PsychoPy_Experiment,2024.1.5,NA,2025-10-13 14h13.33.117199 +0100
Belief,Reg,TRUE,N,TB-K-B,TT_B,PsychoPyStudy5Stim/TT_B_6.png,Adam THINKS there are TWO cubes,Two,h,b,N,-,N,0,113,113,247,771.8160301999887,NA,NA,NA,NA,NA,NA,NA,NA,NA,771.803791699931,1.7020001541823e-4,771.8882665999699,772.2658526999876,772.3659498000052,774.3662302999292,774.7663184999255,774.8680107999826,774.8680107999826,776.7683799000224,b,1,1.8841993000824004,NA,776.7688115999335,776.7827285999665,776.7827285999665,776.7827285999665,776.7827285999665,776.7692947000032,NA,NA,NA,NA,NA,NA,NA,NA,NA,NA,040,001,2025-10-13_14h13.20.423,Study_5_PsychoPy_Experiment,2024.1.5,NA,2025-10-13 14h13.33.117199 +0100
Belief,Neg,TRUE,N,TB-K,TD_B,PsychoPyStudy5Stim/TD_B_1.png,Adam does NOT THINK there are TWO cubes,Two,h,b,Y,-,N,0,114,114,108,776.7827285999665,NA,NA,NA,NA,NA,NA,NA,NA,NA,776.7696427999763,2.8279994148761e-4,776.8577699000016,777.2325767999282,777.33268579992,779.3329337999457,779.7328164000064,779.8345236999448,779.8345236999448,785.3356364999199,b,1,5.494071900029667,NA,785.336333299987,785.3493821999291,785.3493821999291,785.3493821999291,785.3493821999291,785.3370899999281,NA,NA,NA,NA,NA,NA,NA,NA,NA,NA,040,001,2025-10-13_14h13.20.423,Study_5_PsychoPy_Experiment,2024.1.5,NA,2025-10-13 14h13.33.117199 +0100
Knowledge,Neg,FALSE,N,NB-TB-K,TT_NB,PsychoPyStudy5Stim/TT_NB_8.png,Adam does NOT KNOW there are TWO cubes,Two,b,h,Y,PropFalse,N,0,115,115,71,785.3493821999291,NA,NA,NA,NA,NA,NA,NA,NA,NA,785.3376571999397,4.4979993253946e-4,785.4400650999742,785.8157876000041,785.9159563999856,787.9161822999595,788.3161627999507,788.4178892999189,788.4178892999189,792.168612999958,h,1,3.7428550999611616,NA,792.169182099984,792.1826150999404,792.1826150999404,792.1826150999404,792.1826150999404,792.169763199985,NA,NA,NA,NA,NA,NA,NA,NA,NA,NA,040,001,2025-10-13_14h13.20.423,Study_5_PsychoPy_Experiment,2024.1.5,NA,2025-10-13 14h13.33.117199 +0100
Knowledge,Reg,FALSE,N,NB-TB-K,DD_NB,PsychoPyStudy5Stim/DD_NB_8.png,Adam KNOWS there is ONE cube,One,b,h,N,PropFalse,N,0,116,116,156,792.1826150999404,NA,NA,NA,NA,NA,NA,NA,NA,NA,792.1701905999798,3.3319997601211e-4,792.2711709999712,792.6491241999902,792.7492397999158,794.7495444000233,795.1493691999931,795.2511681999313,795.2511681999313,797.3185093000066,h,1,2.0616679000668228,NA,797.3190870999824,797.3325338999275,797.3325338999275,797.3325338999275,797.3325338999275,797.3197159999982,NA,NA,NA,NA,NA,NA,NA,NA,NA,NA,040,001,2025-10-13_14h13.20.423,Study_5_PsychoPy_Experiment,2024.1.5,NA,2025-10-13 14h13.33.117199 +0100
Belief,Neg,TRUE,Y,FB-Ig,D_B_T,PsychoPyStudy5Stim/D_B_T_6.png,Adam does NOT THINK there is ONE cube,One,h,b,Y,-,N,0,117,117,29,797.3325338999275,NA,NA,NA,NA,NA,NA,NA,NA,NA,797.3201468000188,3.3609999809414e-4,797.4152142999228,797.7991172999609,797.8992057000287,799.8995129999239,800.2994534999598,800.4012210000074,800.4012210000074,803.1512094999198,b,1,2.743229900021106,NA,803.1515080999816,803.1657614000142,803.1657614000142,803.1657614000142,803.1657614000142,803.1518293999834,NA,NA,NA,NA,NA,NA,NA,NA,NA,NA,040,001,2025-10-13_14h13.20.423,Study_5_PsychoPy_Experiment,2024.1.5,NA,2025-10-13 14h13.33.117199 +0100
Knowledge,Neg,TRUE,Y,FB-Ig,D_B_T,PsychoPyStudy5Stim/D_B_T_1.png,Adam does NOT KNOW there is ONE cube,One,h,b,Y,-,N,0,118,118,8,803.1657614000142,NA,NA,NA,NA,NA,NA,NA,NA,NA,803.152042199974,1.6870000399649e-4,803.2504220999544,803.6324255999643,803.73256699997,805.7328260999639,806.1328100999817,806.2345251999795,806.2345251999795,807.5515832999954,b,1,1.301225700066425,NA,807.5519044999965,807.5658024000004,807.5658024000004,807.5658024000004,807.5658024000004,807.5522473999299,NA,NA,NA,NA,NA,NA,NA,NA,NA,NA,040,001,2025-10-13_14h13.20.423,Study_5_PsychoPy_Experiment,2024.1.5,NA,2025-10-13 14h13.33.117199 +0100
Belief,Neg,TRUE,Y,FB-Ig,D_B_T,PsychoPyStudy5Stim/D_B_T_1.png,Adam does NOT THINK there is ONE cube,One,h,b,Y,-,N,0,119,119,24,807.5658024000004,NA,NA,NA,NA,NA,NA,NA,NA,NA,807.5524582000216,1.6579998191446e-4,807.645935599925,808.0157194000203,808.1158679999644,810.116050499957,810.5160458999453,810.6178156000096,810.6178156000096,817.4680300999898,b,1,6.8471665000543,NA,817.4683594999369,817.4825329999439,817.4825329999439,817.4825329999439,817.4825329999439,817.468729199958,NA,NA,NA,NA,NA,NA,NA,NA,NA,NA,040,001,2025-10-13_14h13.20.423,Study_5_PsychoPy_Experiment,2024.1.5,NA,2025-10-13 14h13.33.117199 +0100
Belief,Reg,FALSE,N,FB-Ig,T_B_T,PsychoPyStudy5Stim/T_B_T_8.png,Adam THINKS there are ZERO cubes,Zero,b,h,N,PropFalse,N,0,120,120,290,817.4825329999439,NA,NA,NA,NA,NA,NA,NA,NA,NA,817.4689697999274,1.9030005205422e-4,817.5643143999623,817.94907959993,818.0491523999954,820.0493754999479,820.449424099992,820.5511514999671,820.5511514999671,824.0524166999385,h,1,3.4896088000386953,NA,824.0532604999607,824.0659262000117,824.0659262000117,824.0659262000117,824.0659262000117,824.0542671999428,NA,NA,NA,NA,NA,NA,NA,NA,NA,NA,040,001,2025-10-13_14h13.20.423,Study_5_PsychoPy_Experiment,2024.1.5,NA,2025-10-13 14h13.33.117199 +0100
Knowledge,Neg,TRUE,Y,FB-Ig,D_B_T,PsychoPyStudy5Stim/D_B_T_2.png,Adam does NOT KNOW there is ONE cube,One,h,b,Y,-,N,0,121,121,9,824.0659262000117,NA,NA,NA,NA,NA,NA,NA,NA,NA,824.0549567999551,5.4649997036904e-4,824.1676822999725,824.549040599959,824.6491502999561,826.6494054999202,827.0493816999951,827.1510025999742,827.1510025999742,829.6517132000299,b,1,2.4888864000095055,NA,829.6521931999596,829.6658459999599,829.6658459999599,829.6658459999599,829.6658459999599,829.6526972999563,NA,NA,NA,NA,NA,NA,NA,NA,NA,NA,040,001,2025-10-13_14h13.20.423,Study_5_PsychoPy_Experiment,2024.1.5,NA,2025-10-13 14h13.33.117199 +0100
Belief,Reg,FALSE,N,NB-TB-K,TT_NB,PsychoPyStudy5Stim/TT_NB_1.png,Adam THINKS there are ZERO cubes,Zero,b,h,N,PropFalse,N,0,122,122,181,829.6658459999599,NA,NA,NA,NA,NA,NA,NA,NA,NA,829.6530709000072,2.9270001687109e-4,829.743128699949,830.1156518999487,830.2158134999918,832.2159451999469,832.6159781999886,832.717925600009,832.717925600009,833.9192529999418,h,1,1.1938370000571012,NA,833.9200481999433,833.9325397999492,833.9325397999492,833.9325397999492,833.9325397999492,833.9209873999935,NA,NA,NA,NA,NA,NA,NA,NA,NA,NA,040,001,2025-10-13_14h13.20.423,Study_5_PsychoPy_Experiment,2024.1.5,NA,2025-10-13 14h13.33.117199 +0100
Belief,Neg,FALSE,N,TB-K,TD_B,PsychoPyStudy5Stim/TD_B_2.png,Adam does NOT THINK there is ONE cube,One,b,h,Y,PropFalse,N,0,123,123,121,833.9325397999492,NA,NA,NA,NA,NA,NA,NA,NA,NA,833.9217648999766,6.0509995091706e-4,834.0183365999255,834.398981199949,834.4991082999622,836.4993736000033,836.8992547999369,837.0010362999747,837.0010362999747,846.2361885999562,b,0,9.232147000031546,NA,846.237109299982,846.2492978000082,846.2492978000082,846.2492978000082,846.2492978000082,846.2381241000257,NA,NA,NA,NA,NA,NA,NA,NA,NA,NA,040,001,2025-10-13_14h13.20.423,Study_5_PsychoPy_Experiment,2024.1.5,NA,2025-10-13 14h13.33.117199 +0100
Knowledge,Reg,FALSE,N,TB-Ig,D_B,PsychoPyStudy5Stim/D_B_2.png,Adam KNOWS there are ZERO cubes,Zero,b,h,N,PropTrueNoKnow,Y,0,124,124,198,846.2492978000082,NA,NA,NA,NA,NA,NA,NA,NA,NA,846.2388209999772,5.6670000776648e-4,846.3339299999643,846.7156932000071,846.8157235999824,848.8158025000012,849.2158721999731,849.3177740999963,849.3177740999963,862.1682066000067,h,1,12.842862999998031,NA,862.1687321999343,862.1824118000222,862.1824118000222,862.1824118000222,862.1824118000222,862.169281499926,NA,NA,NA,NA,NA,NA,NA,NA,NA,NA,040,001,2025-10-13_14h13.20.423,Study_5_PsychoPy_Experiment,2024.1.5,NA,2025-10-13 14h13.33.117199 +0100
Belief,Reg,TRUE,N,NB-TB-K,TT_NB,PsychoPyStudy5Stim/TT_NB_6.png,Adam THINKS there are TWO cubes,Two,h,b,N,-,N,0,125,125,178,862.1824118000222,NA,NA,NA,NA,NA,NA,NA,NA,NA,862.169700199971,3.3499998971819e-4,862.2576258999761,862.6323348999722,862.7323270000052,864.7326244999422,865.1324931000127,865.2343239999609,865.2343239999609,871.0183440999826,b,1,5.773963900050148,NA,871.0189087999752,871.0323794999858,871.0323794999858,871.0323794999858,871.0323794999858,871.0195650999667,NA,NA,NA,NA,NA,NA,NA,NA,NA,NA,040,001,2025-10-13_14h13.20.423,Study_5_PsychoPy_Experiment,2024.1.5,NA,2025-10-13 14h13.33.117199 +0100
Belief,Reg,FALSE,N,NB-TB-K,TT_NB,PsychoPyStudy5Stim/TT_NB_4.png,Adam THINKS there are ZERO cubes,Zero,b,h,N,PropFalse,N,0,126,126,184,871.0323794999858,NA,NA,NA,NA,NA,NA,NA,NA,NA,871.0200034999289,3.463999601081e-4,871.1140130999265,871.4991442000028,871.5992502999725,873.5992672999855,873.9992155999644,874.1009031999856,874.1009031999856,876.0345893999329,h,1,1.9234442999586463,NA,876.0349800999975,876.0489962999709,876.0489962999709,876.0489962999709,876.0489962999709,876.0354080999969,NA,NA,NA,NA,NA,NA,NA,NA,NA,NA,040,001,2025-10-13_14h13.20.423,Study_5_PsychoPy_Experiment,2024.1.5,NA,2025-10-13 14h13.33.117199 +0100
Knowledge,Reg,FALSE,N,FB-Ig,B_T,PsychoPyStudy5Stim/B_T_3.png,Adam KNOWS there are ZERO cubes,Zero,b,h,N,PropTrueNoKnow,Y,0,127,127,309,876.0489962999709,NA,NA,NA,NA,NA,NA,NA,NA,NA,876.0357022000244,2.3209990467876e-4,876.1340669000056,876.515576899983,876.6157156999689,878.6159282999579,879.0158446999267,879.1175692999968,879.1175692999968,881.5346487999195,h,1,2.4103981000371277,NA,881.5350750000216,881.5489756999305,881.5489756999305,881.5489756999305,881.5489756999305,881.5355387999443,NA,NA,NA,NA,NA,NA,NA,NA,NA,NA,040,001,2025-10-13_14h13.20.423,Study_5_PsychoPy_Experiment,2024.1.5,NA,2025-10-13 14h13.33.117199 +0100
Knowledge,Neg,TRUE,N,TB-K,TT_B,PsychoPyStudy5Stim/TT_B_4.png,Adam does NOT KNOW there is ONE cube,One,h,b,Y,-,N,0,128,128,83,881.5489756999305,NA,NA,NA,NA,NA,NA,NA,NA,NA,881.5358660999918,2.5769998319447e-4,881.6246469999896,881.998856900027,882.0989406999433,884.0992163999472,884.4990912999492,884.600937500014,884.600937500014,895.918365099933,b,1,11.302718300023116,NA,895.9189742999151,895.932336699916,895.932336699916,895.932336699916,895.932336699916,895.9196522999555,NA,NA,NA,NA,NA,NA,NA,NA,NA,NA,040,001,2025-10-13_14h13.20.423,Study_5_PsychoPy_Experiment,2024.1.5,NA,2025-10-13 14h13.33.117199 +0100
Belief,Neg,TRUE,N,NB-TB-K,T_NB,PsychoPyStudy5Stim/T_NB_3.png,Adam does NOT THINK there are TWO cubes,Two,h,b,Y,-,N,0,129,129,38,895.932336699916,NA,NA,NA,NA,NA,NA,NA,NA,NA,895.9201315999962,3.7379993591457e-4,896.0194933000021,896.3987928000279,896.499004799989,898.4992126999423,898.8991178999422,899.0008770999266,899.0008770999266,905.351026599994,b,1,6.343013699981384,NA,905.3513197000138,905.3654246999648,905.3654246999648,905.3654246999648,905.3654246999648,905.351623900002,NA,NA,NA,NA,NA,NA,NA,NA,NA,NA,040,001,2025-10-13_14h13.20.423,Study_5_PsychoPy_Experiment,2024.1.5,NA,2025-10-13 14h13.33.117199 +0100
Belief,Neg,FALSE,N,NB-TB-K,TT_NB,PsychoPyStudy5Stim/TT_NB_6.png,Adam does NOT THINK there are TWO cubes,Two,b,h,Y,PropFalse,N,0,130,130,77,905.3654246999648,NA,NA,NA,NA,NA,NA,NA,NA,NA,905.3518387000076,1.6930000856518e-4,905.4294935999204,905.79880420002155,905.8989378999686,907.8989243999822,908.2990564999636,908.4008531,908.4008531,913.3347200999268,h,1,4.918966999975964,NA,913.3352165999822,913.3488538999808,913.3488538999808,913.3488538999808,913.3488538999808,913.3357522999868,NA,NA,NA,NA,NA,NA,NA,NA,NA,NA,040,001,2025-10-13_14h13.20.423,Study_5_PsychoPy_Experiment,2024.1.5,NA,2025-10-13 14h13.33.117199 +0100
Reality,Reg,TRUE,N,NB-TB-K,DT_NB,PsychoPyStudy5Stim/TD_NB_1.png,"In REALITY, there is ONE cube",One,h,b,N,-,N,0,131,131,167,913.3488538999808,NA,NA,NA,NA,NA,NA,NA,NA,NA,913.3361218000064,2.8939999174326e-4,913.4219028999796,913.7987637999468,913.8988298999612,915.8990822000196,916.2989620999432,916.4009973999346,916.4009973999346,921.1855206999462,b,1,4.774704600102268,NA,921.1863753999352,921.198956499924,921.198956499924,921.198956499924,921.198956499924,921.1872696999926,NA,NA,NA,NA,NA,NA,NA,NA,NA,NA,040,001,2025-10-13_14h13.20.423,Study_5_PsychoPy_Experiment,2024.1.5,NA,2025-10-13 14h13.33.117199 +0100
Knowledge,Neg,TRUE,Y,FB-Ig,D_B_T,PsychoPyStudy5Stim/D_B_T_8.png,Adam does NOT KNOW there is ONE cube,One,h,b,Y,-,N,0,132,132,15,921.198956499924,NA,NA,NA,NA,NA,NA,NA,NA,NA,921.1880384000252,6.2539998907595e-4,921.2901507000206,921.6653751999838,921.7655634999974,923.765636599972,924.165496499976,924.2675622999668,924.2675622999668,931.1013240999308,b,1,6.819993700017221,NA,931.1018003999488,931.1155079000164,931.1155079000164,931.1155079000164,931.1155079000164,931.102328900015,NA,NA,NA,NA,NA,NA,NA,NA,NA,NA,040,001,2025-10-13_14h13.20.423,Study_5_PsychoPy_Experiment,2024.1.5,NA,2025-10-13 14h13.33.117199 +0100
Belief,Neg,FALSE,N,NB-TB-K,T_NB,PsychoPyStudy5Stim/T_NB_1.png,Adam does NOT THINK there is ONE cube,One,b,h,Y,PropFalse,N,0,133,133,48,931.1155079000164,NA,NA,NA,NA,NA,NA,NA,NA,NA,931.102697000024,2.8949999250471e-4,931.1940662999403,931.565516899922,931.6657712999732,933.6657590999966,934.065637200023,934.1674317999276,934.1674317999276,941.5357516999356,b,0,7.352622699923813,NA,941.5366945000133,941.54894290003,941.54894290003,941.54894290003,941.54894290003,941.5377680999228,NA,NA,NA,NA,NA,NA,NA,NA,NA,NA,040,001,2025-10-13_14h13.20.423,Study_5_PsychoPy_Experiment,2024.1.5,NA,2025-10-13 14h13.33.117199 +0100
Reality,Reg,FALSE,N,NB-TB-K,DT_NB,PsychoPyStudy5Stim/TD_NB_2.png,"In REALITY, there are TWO cubes",Two,b,h,N,PropFalse,N,0,134,134,170,941.54894290003,NA,NA,NA,NA,NA,NA,NA,NA,NA,941.538522399962,5.8660004287958e-4,941.6336719000246,942.0153116999428,942.1155019999716,944.1156200999394,944.5156385999873,944.6174150999868,944.6174150999868,946.0517782999668,h,1,1.431187400012277,NA,946.0524800999556,946.0655041999416,946.0655041999416,946.0655041999416,946.0655041999416,946.0531793999252,NA,NA,NA,NA,NA,NA,NA,NA,NA,NA,040,001,2025-10-13_14h13.20.423,Study_5_PsychoPy_Experiment,2024.1.5,NA,2025-10-13 14h13.33.117199 +0100
Reality,Reg,FALSE,N,FB-Ig,B_TT,PsychoPyStudy5Stim/B_TT_5.png,"In REALITY, there is ONE cube",One,b,h,N,-,N,0,135,135,335,946.0655041999416,NA,NA,NA,NA,NA,NA,NA,NA,NA,946.0537346999628,4.1239999700337e-4,946.1476661999476,946.5320016000188,946.6321386999916,948.6322950000176,949.0322467000224,949.1339371999492,949.1339371999492,950.7848644999322,h,1,1.64214859995991,NA,950.7855196999152,950.798828399973,950.798828399973,950.798828399973,950.798828399973,950.78618299996,NA,NA,NA,NA,NA,NA,NA,NA,NA,NA,040,001,2025-10-13_14h13.20.423,Study_5_PsychoPy_Experiment,2024.1.5,NA,2025-10-13 14h13.33.117199 +0100
Knowledge,Reg,TRUE,N,NB-TB-K,TT_NB,PsychoPyStudy5Stim/TT_NB_6.png,Adam KNOWS there are TWO cubes,Two,h,b,N,-,N,0,136,136,172,950.798828399973,NA,NA,NA,NA,NA,NA,NA,NA,NA,950.7866696999408,3.7770008202642e-4,950.876989900018,951.248822499998,951.34901669994,953.3490240999964,953.7489202999276,953.8507283999352,953.8507283999352,955.4350289999276,b,1,1.5730838000308722,NA,955.4356696999166,955.4488345999272,955.4488345999272,955.4488345999272,955.4488345999272,955.4364183000288,NA,NA,NA,NA,NA,NA,NA,NA,NA,NA,040,001,2025-10-13_14h13.20.423,Study_5_PsychoPy_Experiment,2024.1.5,NA,2025-10-13 14h13.33.117199 +0100
Reality,Reg,FALSE,N,FB-Ig,B_TT,PsychoPyStudy5Stim/B_TT_4.png,"In REALITY, there are ZERO cubes",Zero,b,h,N,-,N,0,137,137,334,955.4488345999272,NA,NA,NA,NA,NA,NA,NA,NA,NA,955.4370094999904,4.8010004684329e-4,955.5370429999894,955.9155374999392,956.015647299937,958.015665999963,958.4156398000196,958.5173575999216,958.5173575999216,960.1018323999596,h,1,1.570769099984318,NA,960.1025759999176,960.115538700018,960.115538700018,960.115538700018,960.115538700018,960.10352340003,NA,NA,NA,NA,NA,NA,NA,NA,NA,NA,040,001,2025-10-13_14h13.20.423,Study_5_PsychoPy_Experiment,2024.1.5,NA,2025-10-13 14h13.33.117199 +0100
Knowledge,Neg,FALSE,N,NB-TB-K,TT_NB,PsychoPyStudy5Stim/TT_NB_3.png,Adam does NOT KNOW there are TWO cubes,Two,b,h,Y,PropFalse,N,0,138,138,66,960.115538700018,NA,NA,NA,NA,NA,NA,NA,NA,NA,960.1041197000304,4.6379992272704e-4,960.1981162999292,960.5820849000012,960.6823472999968,962.6823342000134,963.0822751999368,963.184050599928,963.184050599928,965.2175527999644,h,1,2.0241218000883237,NA,965.2178765999852,965.232075799955,965.232075799955,965.232075799955,965.232075799955,965.2182219999376,NA,NA,NA,NA,NA,NA,NA,NA,NA,NA,040,001,2025-10-13_14h13.20.423,Study_5_PsychoPy_Experiment,2024.1.5,NA,2025-10-13 14h13.33.117199 +0100
Reality,Reg,FALSE,N,TB-Ig,D_B,PsychoPyStudy5Stim/D_B_2.png,"In REALITY, there is ONE cube",One,b,h,N,-,N,0,139,139,204,965.232075799955,NA,NA,NA,NA,NA,NA,NA,NA,NA,965.2184629000258,1.9020005129277e-4,965.3037783999462,965.682158499956,965.7820791000267,967.7822278999956,968.1820773999208,968.2839992999798,968.2839992999798,969.9676825000206,h,1,1.6766015000175685,NA,969.9679891000268,969.9820624999702,969.9820624999702,969.9820624999702,969.9820624999702,969.9683223000028,NA,NA,NA,NA,NA,NA,NA,NA,NA,NA,040,001,2025-10-13_14h13.20.423,Study_5_PsychoPy_Experiment,2024.1.5,NA,2025-10-13 14h13.33.117199 +0100
Belief,Neg,FALSE,N,TB-K,TT_B,PsychoPyStudy5Stim/TT_B_6.png,Adam does NOT THINK there are TWO cubes,Two,b,h,Y,PropFalse,N,0,140,140,101,969.9820624999702,NA,NA,NA,NA,NA,NA,NA,NA,NA,969.9685291999484,1.6440008766949e-4,970.052449299954,970.4321455999744,970.5323085000272,972.5322362999432,972.9322098999984,973.0340144999792,973.0340144999792,975.6516138999724,b,0,2.6139398999512196,NA,975.652250199928,975.6654233000008,975.6654233000008,975.6654233000008,975.6654233000008,975.6530231999932,NA,NA,NA,NA,NA,NA,NA,NA,NA,NA,040,001,2025-10-13_14h13.20.423,Study_5_PsychoPy_Experiment,2024.1.5,NA,2025-10-13 14h13.33.117199 +0100
Belief,Reg,FALSE,N,NB-TB-K,DD_NB,PsychoPyStudy5Stim/DD_NB_1.png,Adam THINKS there is ONE cube,One,b,h,N,PropFalse,N,0,141,141,157,975.6654233000008,NA,NA,NA,NA,NA,NA,NA,NA,NA,975.6535163000226,4.1069998405873e-4,975.7494916999711,976.1321349999636,976.2320946999826,978.2321483999258,978.6321145999244,978.7339344000212,978.7339344000212,984.6673406999324,h,1,5.929552199901082,NA,984.667672200012,984.6818664999446,984.6818664999446,984.6818664999446,984.6818664999446,984.6679844999452,NA,NA,NA,NA,NA,NA,NA,NA,NA,NA,040,001,2025-10-13_14h13.20.423,Study_5_PsychoPy_Experiment,2024.1.5,NA,2025-10-13 14h13.33.117199 +0100
Belief,Neg,TRUE,Y,FB-Ig,T_B_T,PsychoPyStudy5Stim/T_B_T_5.png,Adam does NOT THINK there are TWO cubes,Two,h,b,Y,-,N,0,142,142,20,984.6818664999446,NA,NA,NA,NA,NA,NA,NA,NA,NA,984.6681991999504,1.7090002074837e-4,984.7531309999758,985.1321439999156,985.232253300026,987.2320504999952,987.6319630999352,987.733644300024,987.733644300024,989.6841615999584,b,1,1.94677010003943,NA,989.6844628999244,989.6986613000043,989.6986613000043,989.6986613000043,989.6986613000043,989.684780200012,NA,NA,NA,NA,NA,NA,NA,NA,NA,NA,040,001,2025-10-13_14h13.20.423,Study_5_PsychoPy_Experiment,2024.1.5,NA,2025-10-13 14h13.33.117199 +0100
Belief,Reg,TRUE,N,FB-Ig,B_T,PsychoPyStudy5Stim/B_T_3.png,Adam THINKS there are ZERO cubes,Zero,h,b,N,-,Y,0,143,143,314,989.6986613000043,NA,NA,NA,NA,NA,NA,NA,NA,NA,989.6849879999644,1.6420008614659e-4,989.774710000027,990.1486272999318,990.2488999000052,992.2489111999748,992.6488378000212,992.7506121000042,992.7506121000042,994.1345483999468,b,1,1.377011200063862,NA,994.1350495999212,994.1486451999516,994.1486451999516,994.1486451999516,994.1486451999516,994.1356458999217,NA,NA,NA,NA,NA,NA,NA,NA,NA,NA,040,001,2025-10-13_14h13.20.423,Study_5_PsychoPy_Experiment,2024.1.5,NA,2025-10-13 14h13.33.117199 +0100
Reality,Reg,TRUE,N,TB-K-B,DD_B,PsychoPyStudy5Stim/DD_B_7.png,"In REALITY, there are ZERO cubes",Zero,h,b,N,-,N,0,144,144,238,994.1486451999516,NA,NA,NA,NA,NA,NA,NA,NA,NA,994.1360543000046,3.1979999039322e-4,994.2287411999424,994.5987535000312,994.6988721999804,996.6988075999544,997.09887779993,997.2005714999976,997.2005714999976,998.9514129000016,b,1,1.743790499982424,NA,998.9520660999696,998.9653449999169,998.9653449999169,998.9653449999169,998.9653449999169,998.9528371000196,NA,NA,NA,NA,NA,NA,NA,NA,NA,NA,040,001,2025-10-13_14h13.20.423,Study_5_PsychoPy_Experiment,2024.1.5,NA,2025-10-13 14h13.33.117199 +0100
Belief,Reg,FALSE,N,FB-Ig,D_B_T,PsychoPyStudy5Stim/D_B_T_5.png,Adam THINKS there are TWO cubes,Two,b,h,N,PropFalse,N,0,145,145,303,998.9653449999169,NA,NA,NA,NA,NA,NA,NA,NA,NA,998.9534014000092,4.4810003601014e-4,999.0552637999645,999.4320882000028,999.5319504999788,1001.532206099946,1001.9319013999776,1002.0335836999584,1002.0335836999584,1015.017861399916,h,1,12.974137900047936,NA,1015.01842759992,1015.0318960000296,1015.0318960000296,1015.0318960000296,1015.0318960000296,1015.0190267999424,NA,NA,NA,NA,NA,NA,NA,NA,NA,NA,040,001,2025-10-13_14h13.20.423,Study_5_PsychoPy_Experiment,2024.1.5,NA,2025-10-13 14h13.33.117199 +0100
Knowledge,Reg,FALSE,N,FB-Ig,T_B_T,PsychoPyStudy5Stim/T_B_T_2.png,Adam KNOWS there are ZERO cubes,Zero,b,h,N,PropFalse,N,0,146,146,276,1015.0318960000296,NA,NA,NA,NA,NA,NA,NA,NA,NA,1015.0194693999364,3.4339993726462e-4,1015.1150841999332,1015.4984718000052,1015.5985505999996,1017.5988344999496,1017.9987102999584,1018.1003967999712,1018.1003967999712,1020.3011499999556,h,1,2.1951791000319645,NA,1020.3017340999796,1020.3153154000174,1020.3153154000174,1020.3153154000174,1020.3153154000174,1020.302343599964,NA,NA,NA,NA,NA,NA,NA,NA,NA,NA,040,001,2025-10-13_14h13.20.423,Study_5_PsychoPy_Experiment,2024.1.5,NA,2025-10-13 14h13.33.117199 +0100
Knowledge,Reg,FALSE,N,FB-Ig,T_B_T,PsychoPyStudy5Stim/T_B_T_4.png,Adam KNOWS there are ZERO cubes,Zero,b,h,N,PropFalse,N,0,147,147,278,1020.3153154000174,NA,NA,NA,NA,NA,NA,NA,NA,NA,1020.302769599948,3.3569999504834e-4,1020.398241900024,1020.7818726999684,1020.8821172999452,1022.8821495999582,1023.2820605000016,1023.3838165999624,1023.3838165999624,1024.3014610999962,h,1,0.9119396000169218,NA,1024.3021469999803,1024.3153019999154,1024.3153019999154,1024.3153019999154,1024.3153019999154,1024.302850499982,NA,NA,NA,NA,NA,NA,NA,NA,NA,NA,040,001,2025-10-13_14h13.20.423,Study_5_PsychoPy_Experiment,2024.1.5,NA,2025-10-13 14h13.33.117199 +0100
Reality,Reg,FALSE,N,TB-Ig,D_B,PsychoPyStudy5Stim/D_B_D_3.png,"In REALTY, there are TWO cubes",Two,b,h,N,NA,N,0,148,148,214,1024.3153019999154,NA,NA,NA,NA,NA,NA,NA,NA,NA,1024.303363099927,3.9970001671463e-4,1024.3979384999257,1024.7820095999632,1024.8821072999854,1026.8820852999345,1027.2820507999277,1027.383853300009,1027.383853300009,1028.4011557999766,h,1,1.000391999958083,NA,1028.4017125000246,1028.4152380999876,1028.4152380999876,1028.4152380999876,1028.4152380999876,1028.4023133999435,NA,NA,NA,NA,NA,NA,NA,NA,NA,NA,040,001,2025-10-13_14h13.20.423,Study_5_PsychoPy_Experiment,2024.1.5,NA,2025-10-13 14h13.33.117199 +0100
Knowledge,Reg,FALSE,N,FB-Ig,T_B_T,PsychoPyStudy5Stim/T_B_T_7.png,Adam KNOWS there are ZERO cubes,Zero,b,h,N,PropFalse,N,0,149,149,281,1028.4152380999876,NA,NA,NA,NA,NA,NA,NA,NA,NA,1028.4027453999734,3.3880001865327e-4,1028.497124699992,1028.8819895000197,1028.98208300001,1030.9820895999435,1031.3819005999248,1031.483773099957,1031.483773099957,1032.3013068999862,h,1,0.80357710004318506,NA,1032.3019478999777,1032.3152459999546,1032.3152459999546,1032.3152459999546,1032.3152459999546,1032.3027130999835,NA,NA,NA,NA,NA,NA,NA,NA,NA,NA,040,001,2025-10-13_14h13.20.423,Study_5_PsychoPy_Experiment,2024.1.5,NA,2025-10-13 14h13.33.117199 +0100
Belief,Reg,FALSE,N,FB-Ig,T_B_T,PsychoPyStudy5Stim/T_B_T_5.png,Adam THINKS there are ZERO cubes,Zero,b,h,N,PropFalse,N,0,150,150,287,1032.3152459999546,NA,NA,NA,NA,NA,NA,NA,NA,NA,1032.3032488999888,4.2589998338371e-4,1032.398407200002,1032.7819673999911,1032.8820076999257,1034.8819765999217,1035.2820312000113,1035.3838346999837,1035.3838346999837,1039.284794999985,h,1,3.8885903999907896,NA,1039.2855649000269,1039.2985597000225,1039.2985597000225,1039.2985597000225,1039.2985597000225,1039.2863556999946,NA,NA,NA,NA,NA,NA,NA,NA,NA,NA,040,001,2025-10-13_14h13.20.423,Study_5_PsychoPy_Experiment,2024.1.5,NA,2025-10-13 14h13.33.117199 +0100
Belief,Neg,TRUE,N,TB-K,TT_B,PsychoPyStudy5Stim/TT_B_1.png,Adam does NOT THINK there is ONE cube,One,h,b,Y,-,N,0,151,151,84,1039.2985597000225,NA,NA,NA,NA,NA,NA,NA,NA,NA,1039.2869196999818,4.3829996138811e-4,1039.383344099973,1039.765294499928,1039.8653993000044,1041.865388999926,1042.2653588999528,1042.3670658000046,1042.3670658000046,1043.9677736000158,b,1,1.592723699985072,NA,1043.968260099995,1043.981833799975,1043.981833799975,1043.981833799975,1043.981833799975,1043.968802499934,NA,NA,NA,NA,NA,NA,NA,NA,NA,NA,040,001,2025-10-13_14h13.20.423,Study_5_PsychoPy_Experiment,2024.1.5,NA,2025-10-13 14h13.33.117199 +0100
Knowledge,Neg,FALSE,N,NB-TB-K,T_NB,PsychoPyStudy5Stim/T_NB_5.png,Adam does NOT KNOW there is ONE cube,One,b,h,Y,PropFalse,N,0,152,152,44,1043.981833799975,NA,NA,NA,NA,NA,NA,NA,NA,NA,1043.9691723999567,2.8919999022036e-4,1044.0621356000192,1044.4318297000136,1044.5319359999849,1046.532068499946,1046.9319880999392,1047.0339307999238,1047.0339307999238,1052.1181317999726,h,1,5.0773016000166535,NA,1052.1187854999444,1052.1318733999506,1052.1318733999506,1052.1318733999506,1052.1318733999506,1052.11951879994,NA,NA,NA,NA,NA,NA,NA,NA,NA,NA,040,001,2025-10-13_14h13.20.423,Study_5_PsychoPy_Experiment,2024.1.5,NA,2025-10-13 14h13.33.117199 +0100
Knowledge,Neg,FALSE,N,NB-TB-K,TT_NB,PsychoPyStudy5Stim/TT_NB_1.png,Adam does NOT KNOW there are TWO cubes,Two,b,h,Y,PropFalse,N,0,153,153,64,1052.1318733999506,NA,NA,NA,NA,NA,NA,NA,NA,NA,1052.1200255999574,3.9519998244941e-4,1052.2168928999454,1052.5985882999375,1052.698733099969,1054.6986985999392,1055.09865239996,1055.2003331999294,1055.2003331999294,1057.5680936999852,h,1,2.3515327000059187,NA,1057.568784700008,1057.5818486999488,1057.5818486999488,1057.5818486999488,1057.5818486999488,1057.5695076999257,NA,NA,NA,NA,NA,NA,NA,NA,NA,NA,040,001,2025-10-13_14h13.20.423,Study_5_PsychoPy_Experiment,2024.1.5,NA,2025-10-13 14h13.33.117199 +0100
Knowledge,Reg,TRUE,N,NB-TB-K,D_NB,PsychoPyStudy5Stim/D_NB_2.png,Adam KNOWS there are ZERO cubes,Zero,h,b,N,-,N,0,154,154,129,1057.5818486999488,NA,NA,NA,NA,NA,NA,NA,NA,NA,1057.570053000003,4.0899997111409e-4,1057.65789329994,1058.0316144999815,1058.131741499994,1060.1317934999242,1060.5318713999586,1060.6337013000157,1060.6337013000157,1062.201265099924,b,1,1.550716600031592,NA,1062.2019467999926,1062.2151609000284,1062.2151609000284,1062.2151609000284,1062.2151609000284,1062.2026682000142,NA,NA,NA,NA,NA,NA,NA,NA,NA,NA,040,001,2025-10-13_14h13.20.423,Study_5_PsychoPy_Experiment,2024.1.5,NA,2025-10-13 14h13.33.117199 +0100
Reality,Reg,FALSE,N,TB-K-B,TD_B,PsychoPyStudy5Stim/TD_B_8.png,"In REALITY, there are TWO cubes",Two,b,h,N,PropFalse,N,0,155,155,274,1062.2151609000284,NA,NA,NA,NA,NA,NA,NA,NA,NA,1062.2031801999549,4.0119991172105e-4,1062.2869850000134,1062.6652138999198,1062.7653199000051,1064.76532399992,1065.165264399955,1065.2670141999845,1065.2670141999845,1065.9678238999331,h,1,0.6927127999952063,NA,1065.9684134999989,1065.9816925999476,1065.9816925999476,1065.9816925999476,1065.9816925999476,1065.9691151999868,NA,NA,NA,NA,NA,NA,NA,NA,NA,NA,040,001,2025-10-13_14h13.20.423,Study_5_PsychoPy_Experiment,2024.1.5,NA,2025-10-13 14h13.33.117199 +0100
Knowledge,Reg,FALSE,N,FB-Ig,D_B_T,PsychoPyStudy5Stim/D_B_T_4.png,Adam KNOWS there are TWO cubes,Two,b,h,N,PropFalse,N,0,156,156,294,1065.9816925999476,NA,NA,NA,NA,NA,NA,NA,NA,NA,1065.969567299937,3.5250000655651e-4,1066.052629499929,1066.4318255999824,1066.5319347999755,1068.5319726000307,1068.9319337999914,1069.03371410002,1069.03371410002,1070.034722800017,h,1,0.9895440000109376,NA,1070.035416199942,1070.0484522000188,1070.0484522000188,1070.0484522000188,1070.0484522000188,1070.0361613000275,NA,NA,NA,NA,NA,NA,NA,NA,NA,NA,040,001,2025-10-13_14h13.20.423,Study_5_PsychoPy_Experiment,2024.1.5,NA,2025-10-13 14h13.33.117199 +0100
Reality,Reg,TRUE,N,TB-Ig,D_B,PsychoPyStudy5Stim/D_B_D_1.png,"In REALITY, there are ZERO cubes",Zero,h,b,N,-,N,0,157,157,212,1070.0484522000188,NA,NA,NA,NA,NA,NA,NA,NA,NA,1070.0366813000292,4.0560006164014e-4,1070.1298983999295,1070.515164499986,1070.615316899959,1072.6152979999315,1073.015138300019,1073.116928500007,1073.116928500007,1075.4505751000252,b,1,2.3228853000327945,NA,1075.4509307999397,1075.465021400014,1075.465021400014,1075.465021400014,1075.465021400014,1075.4513248000294,NA,NA,NA,NA,NA,NA,NA,NA,NA,NA,040,001,2025-10-13_14h13.20.423,Study_5_PsychoPy_Experiment,2024.1.5,NA,2025-10-13 14h13.33.117199 +0100
Knowledge,Reg,TRUE,N,NB-TB-K,DD_NB,PsychoPyStudy5Stim/DD_NB_7.png,Adam KNOWS there are ZERO cubes,Zero,h,b,N,-,N,0,158,158,153,1075.465021400014,NA,NA,NA,NA,NA,NA,NA,NA,NA,1075.451585499919,2.0629994105547e-4,1075.54601489997,1075.9151196000166,1076.0151949999854,1078.015191399958,1078.415210900013,1078.517496399931,1078.517496399931,1079.6177455999425,b,1,1.0975474000442773,NA,1079.618077900028,1079.631757700001,1079.631757700001,1079.631757700001,1079.631757700001,1079.618492599926,NA,NA,NA,NA,NA,NA,NA,NA,NA,NA,040,001,2025-10-13_14h13.20.423,Study_5_PsychoPy_Experiment,2024.1.5,NA,2025-10-13 14h13.33.117199 +0100
Reality,Reg,FALSE,N,NB-TB-K,D_NB,PsychoPyStudy5Stim/D_NB_6.png,"In REALITY, there is ONE cube",One,b,h,N,PropFalse,N,0,159,159,138,1079.631757700001,NA,NA,NA,NA,NA,NA,NA,NA,NA,1079.6187320000026,1.933000748977e-4,1079.7040870999915,1080.081832399941,1080.181890500011,1082.181936500012,1082.5818569000112,1082.6835181999486,1082.6835181999486,1084.6681725999806,h,1,1.9808467000257224,NA,1084.6689197999658,1084.681821099948,1084.681821099948,1084.681821099948,1084.681821099948,1084.6697600999614,NA,NA,NA,NA,NA,NA,NA,NA,NA,NA,040,001,2025-10-13_14h13.20.423,Study_5_PsychoPy_Experiment,2024.1.5,NA,2025-10-13 14h13.33.117199 +0100
Belief,Neg,FALSE,N,TB-K,TD_B,PsychoPyStudy5Stim/TD_B_3.png,Adam does NOT THINK there is ONE cube,One,b,h,Y,PropFalse,N,0,160,160,122,1084.681821099948,NA,NA,NA,NA,NA,NA,NA,NA,NA,1084.670392700005,5.0329999066889e-4,1084.774842599989,1085.148480599979,1085.2486297999276,1087.248490699916,1087.648545700009,1087.750309200026,1087.750309200026,1092.801634299918,b,0,5.041181999957189,NA,1092.8024920999303,1092.8151366999373,1092.8151366999373,1092.8151366999373,1092.8151366999373,1092.803427399951,NA,NA,NA,NA,NA,NA,NA,NA,NA,NA,040,001,2025-10-13_14h13.20.423,Study_5_PsychoPy_Experiment,2024.1.5,NA,2025-10-13 14h13.33.117199 +0100
Belief,Reg,FALSE,N,TB-K-B,TD_B,PsychoPyStudy5Stim/TD_B_2.png,Adam THINKS there are ZERO cubes,Zero,b,h,N,PropFalse,N,0,161,161,264,1092.8151366999373,NA,NA,NA,NA,NA,NA,NA,NA,NA,1092.8040753999958,5.096000386402e-4,1092.889289499959,1093.2651095999172,1093.3652263999684,1095.3652520999312,1095.7651932999725,1095.8669577999972,1095.8669577999972,1102.4838450999232,h,1,6.611727299983613,NA,1102.4841727999735,1102.498231699923,1102.498231699923,1102.498231699923,1102.498231699923,1102.4845322999172,NA,NA,NA,NA,NA,NA,NA,NA,NA,NA,040,001,2025-10-13_14h13.20.423,Study_5_PsychoPy_Experiment,2024.1.5,NA,2025-10-13 14h13.33.117199 +0100
Belief,Reg,TRUE,N,FB-Ig,B_TT,PsychoPyStudy5Stim/B_TT_3.png,Adam THINKS there are ZERO cubes,Zero,h,b,N,-,Y,0,162,162,328,1102.498231699923,NA,NA,NA,NA,NA,NA,NA,NA,NA,1102.4847713999916,1.8910004291683e-4,1102.5755830999697,1102.9483930999413,1103.0484995000295,1105.0485629999312,1105.4482736999637,1105.5500601999229,1105.5500601999229,1107.1835510999665,b,1,1.6250553999561816,NA,1107.1838341000257,1107.198167799972,1107.198167799972,1107.198167799972,1107.198167799972,1107.1841500999872,NA,NA,NA,NA,NA,NA,NA,NA,NA,NA,040,001,2025-10-13_14h13.20.423,Study_5_PsychoPy_Experiment,2024.1.5,NA,2025-10-13 14h13.33.117199 +0100
Belief,Reg,TRUE,N,TB-K-B,TD_B,PsychoPyStudy5Stim/TD_B_7.png,Adam THINKS there is ONE cube,One,h,b,N,-,N,0,163,163,261,1107.198167799972,NA,NA,NA,NA,NA,NA,NA,NA,NA,1107.1843559999252,1.6399996820837e-4,1107.2749745999463,1107.6484529000008,1107.7483870999422,1109.7482904000208,1110.1483543999493,1110.250091599999,1110.250091599999,1111.7510888000252,b,1,1.4932575999991968,NA,1111.7517303000204,1111.7650532999542,1111.7650532999542,1111.7650532999542,1111.7650532999542,1111.7524656999158,NA,NA,NA,NA,NA,NA,NA,NA,NA,NA,040,001,2025-10-13_14h13.20.423,Study_5_PsychoPy_Experiment,2024.1.5,NA,2025-10-13 14h13.33.117199 +0100
Reality,Reg,TRUE,N,FB-Ig,B_T,PsychoPyStudy5Stim/B_T_2.png,"In REALITY, there is ONE cube",One,h,b,N,-,N,0,164,164,318,1111.7650532999542,NA,NA,NA,NA,NA,NA,NA,NA,NA,1111.7529711999232,3.965999931097e-4,1111.8575456999242,1112.231573099969,1112.3319095999468,1114.3317775999894,1114.7317486000247,1114.8335563000292,1114.8335563000292,1116.017756099929,b,1,1.174155499902554,NA,1116.018390799989,1116.0316703999415,1116.0316703999415,1116.0316703999415,1116.0316703999415,1116.0190726999426,NA,NA,NA,NA,NA,NA,NA,NA,NA,NA,040,001,2025-10-13_14h13.20.423,Study_5_PsychoPy_Experiment,2024.1.5,NA,2025-10-13 14h13.33.117199 +0100
Knowledge,Reg,TRUE,N,NB-TB-K,D_NB,PsychoPyStudy5Stim/D_NB_3.png,Adam KNOWS there are ZERO cubes,Zero,h,b,N,-,N,0,165,165,130,1116.0316703999415,NA,NA,NA,NA,NA,NA,NA,NA,NA,1116.019574499922,3.923000767827e-4,1116.1175851000007,1116.4982618999202,1116.5984860999745,1118.5984800999286,1118.9984280000208,1119.1001871000044,1119.1001871000044,1120.4022275999887,b,1,1.2999133999692276,NA,1120.403018299956,1120.4150526999729,1120.4150526999729,1120.4150526999729,1120.4150526999729,1120.4039318999276,NA,NA,NA,NA,NA,NA,NA,NA,NA,NA,040,001,2025-10-13_14h13.20.423,Study_5_PsychoPy_Experiment,2024.1.5,NA,2025-10-13 14h13.33.117199 +0100
Knowledge,Reg,TRUE,N,NB-TB-K,D_NB,PsychoPyStudy5Stim/D_NB_6.png,Adam KNOWS there are ZERO cubes,Zero,h,b,N,-,N,0,166,166,133,1120.4150526999729,NA,NA,NA,NA,NA,NA,NA,NA,NA,1120.404558799928,4.8519996926188e-4,1120.4946442999644,1120.8649908999214,1120.9651720999973,1122.9648806999903,1123.364852000028,1123.4664986999703,1123.4664986999703,1124.3176372000016,b,1,0.8367288000881672,NA,1124.318178699934,1124.3316037999466,1124.3316037999466,1124.3316037999466,1124.3316037999466,1124.318790399935,NA,NA,NA,NA,NA,NA,NA,NA,NA,NA,040,001,2025-10-13_14h13.20.423,Study_5_PsychoPy_Experiment,2024.1.5,NA,2025-10-13 14h13.33.117199 +0100
Belief,Reg,FALSE,N,FB-Ig,D_B_T,PsychoPyStudy5Stim/D_B_T_4.png,Adam THINKS there are TWO cubes,Two,b,h,N,PropFalse,N,0,167,167,302,1124.3316037999466,NA,NA,NA,NA,NA,NA,NA,NA,NA,1124.3192128000082,3.2940006349235e-4,1124.4035148000112,1124.78139369993,1124.881518799928,1126.8817656999454,1127.281745599932,1127.383463099948,1127.383463099948,1131.984222900006,h,1,4.592424400034361,NA,1131.9846984000178,1131.998615599936,NA,1131.998615599936,NA,1134.9179059999296,space,2.91258690005634,NA,NA,NA,NA,NA,NA,NA,NA,040,001,2025-10-13_14h13.20.423,Study_5_PsychoPy_Experiment,2024.1.5,NA,2025-10-13 14h13.33.117199 +0100
Belief,Neg,TRUE,N,NB-TB-K,TT_NB,PsychoPyStudy5Stim/TT_NB_4.png,Adam does NOT THINK there is ONE cube,One,h,b,Y,-,N,0,168,168,63,1134.9316900999984,NA,NA,NA,NA,NA,NA,NA,NA,NA,1134.9193919999525,7.2339992038905e-4,1135.014786400017,1135.3981514999175,1135.498192399973,1137.4984304999234,1137.8983193000313,1138.000137199997,1138.000137199997,1139.93438589992,b,1,1.9274497999576852,NA,1139.9350300999358,1139.9482981999172,1139.9482981999172,1139.9482981999172,1139.9482981999172,1139.9367112999316,NA,NA,NA,NA,NA,NA,NA,NA,NA,NA,040,001,2025-10-13_14h13.20.423,Study_5_PsychoPy_Experiment,2024.1.5,NA,2025-10-13 14h13.33.117199 +0100
Reality,Reg,TRUE,N,NB-TB-K,TT_NB,PsychoPyStudy5Stim/TT_NB_3.png,"In REALITY, there are TWO cubes",Two,h,b,N,-,N,0,169,169,192,1139.9482981999172,NA,NA,NA,NA,NA,NA,NA,NA,NA,1139.9372432000237,4.0809996426105e-4,1140.0309694999596,1140.414695299929,1140.514807099942,1142.5150971999392,1142.9149691999191,1143.0167442000238,1143.0167442000238,1144.067459099926,b,1,1.038823900045827,NA,1144.068000099971,1144.0815641999943,1144.0815641999943,1144.0815641999943,1144.0815641999943,1144.0686188000254,NA,NA,NA,NA,NA,NA,NA,NA,NA,NA,040,001,2025-10-13_14h13.20.423,Study_5_PsychoPy_Experiment,2024.1.5,NA,2025-10-13 14h13.33.117199 +0100
Belief,Neg,FALSE,N,TB-K,TT_B,PsychoPyStudy5Stim/TT_B_1.png,Adam does NOT THINK there are TWO cubes,Two,b,h,Y,PropFalse,N,0,170,170,96,1144.0815641999943,NA,NA,NA,NA,NA,NA,NA,NA,NA,1144.0690445000073,3.3270008862018e-4,1144.1651821000269,1144.5482368000085,1144.648412499926,1146.6483671999304,1147.0482934999743,1147.1501728999428,1147.1501728999428,1154.3843697999837,b,0,7.217358800000511,NA,1154.385007099947,1154.398059399915,1154.398059399915,1154.398059399915,1154.398059399915,1154.3857591999697,NA,NA,NA,NA,NA,NA,NA,NA,NA,NA,040,001,2025-10-13_14h13.20.423,Study_5_PsychoPy_Experiment,2024.1.5,NA,2025-10-13 14h13.33.117199 +0100
Belief,Reg,TRUE,N,NB-TB-K,DT_NB,PsychoPyStudy5Stim/TD_NB_1.png,Adam THINKS there is ONE cube,One,h,b,N,-,N,0,171,171,165,1154.398059399915,NA,NA,NA,NA,NA,NA,NA,NA,NA,1154.386277499958,4.0259992238134e-4,1154.4698582999408,1154.848210599972,1154.948266500025,1156.9482255999465,1157.3482657999266,1157.4500127999345,1157.4500127999345,1166.235772799933,b,1,8.781046899966896,NA,1166.236940999981,1166.248307599919,1166.248307599919,1166.248307599919,1166.248307599919,1166.2383220000193,NA,NA,NA,NA,NA,NA,NA,NA,NA,NA,040,001,2025-10-13_14h13.20.423,Study_5_PsychoPy_Experiment,2024.1.5,NA,2025-10-13 14h13.33.117199 +0100
Knowledge,Neg,FALSE,N,TB-K,TD_B,PsychoPyStudy5Stim/TD_B_3.png,Adam does NOT KNOW there is ONE cube,One,b,h,Y,PropFalse,N,0,172,172,114,1166.248307599919,NA,NA,NA,NA,NA,NA,NA,NA,NA,1166.2392812999897,7.4930000118911e-4,1166.343084199936,1166.7149111999895,1166.8148921999382,1168.814841700019,1169.2149712999817,1169.3167139999568,1169.3167139999568,1173.567369999946,b,0,4.2343295000027865,NA,1173.5679447000148,1173.5814627999207,1173.5814627999207,1173.5814627999207,1173.5814627999207,1173.5685367999831,NA,NA,NA,NA,NA,NA,NA,NA,NA,NA,040,001,2025-10-13_14h13.20.423,Study_5_PsychoPy_Experiment,2024.1.5,NA,2025-10-13 14h13.33.117199 +0100
Knowledge,Neg,FALSE,N,NB-TB-K,T_NB,PsychoPyStudy5Stim/T_NB_2.png,Adam does NOT KNOW there is ONE cube,One,b,h,Y,PropFalse,N,0,173,173,41,1173.5814627999207,NA,NA,NA,NA,NA,NA,NA,NA,NA,1173.568995299982,3.658999921754e-4,1173.659126500017,1174.0314250999363,1174.1316577999387,1176.131664099987,1176.5316060999176,1176.6332984999754,1176.6332984999754,1177.916703099967,h,1,1.2691443000221625,NA,1177.916989499936,1177.93128229992,1177.93128229992,1177.93128229992,1177.93128229992,1177.9173040000023,NA,NA,NA,NA,NA,NA,NA,NA,NA,NA,040,001,2025-10-13_14h13.20.423,Study_5_PsychoPy_Experiment,2024.1.5,NA,2025-10-13 14h13.33.117199 +0100
Knowledge,Neg,FALSE,N,TB-K,TD_B,PsychoPyStudy5Stim/TD_B_5.png,Adam does NOT KNOW there is ONE cube,One,b,h,Y,PropFalse,N,0,174,174,116,1177.93128229992,NA,NA,NA,NA,NA,NA,NA,NA,NA,1177.9175296999747,1.8079997971653e-4,1177.9998454999875,1178.3812474999577,1178.4813576999586,1180.4817780000158,1180.881539199967,1180.9832365999464,1180.9832365999464,1186.067317900015,h,1,5.080042099929415,NA,1186.067827199935,1186.0813520000083,1186.0813520000083,1186.0813520000083,1186.0813520000083,1186.068378499942,NA,NA,NA,NA,NA,NA,NA,NA,NA,NA,040,001,2025-10-13_14h13.20.423,Study_5_PsychoPy_Experiment,2024.1.5,NA,2025-10-13 14h13.33.117199 +0100
Knowledge,Reg,TRUE,N,TB-K-B,DD_B,PsychoPyStudy5Stim/DD_B_1.png,Adam KNOWS there are ZERO cubes,Zero,h,b,N,-,N,0,175,175,215,1186.0813520000083,NA,NA,NA,NA,NA,NA,NA,NA,NA,1186.0687701000134,3.0630000401288e-4,1186.1634701000294,1186.5479028000263,1186.6480121000204,1188.648152599926,1189.0481559999753,1189.150054299971,1189.150054299971,1192.850886999979,b,1,3.697577800019644,NA,1192.8514781999402,1192.864680700004,1192.864680700004,1192.864680700004,1192.864680700004,1192.8520972999977,NA,NA,NA,NA,NA,NA,NA,NA,NA,NA,040,001,2025-10-13_14h13.20.423,Study_5_PsychoPy_Experiment,2024.1.5,NA,2025-10-13 14h13.33.117199 +0100
Belief,Neg,FALSE,N,NB-TB-K,TT_NB,PsychoPyStudy5Stim/TT_NB_5.png,Adam does NOT THINK there are TWO cubes,Two,b,h,Y,PropFalse,N,0,176,176,76,1192.864680700004,NA,NA,NA,NA,NA,NA,NA,NA,NA,1192.8525636999402,3.7160003557801e-4,1192.9507696999935,1193.3312047999352,1193.4313314999454,1195.431646900019,1195.831625699997,1195.9334107999457,1195.9334107999457,1197.150869200006,h,1,1.2015303999651223,NA,1197.15150919999,1197.164764199988,1197.164764199988,1197.164764199988,1197.164764199988,1197.1522729999851,NA,NA,NA,NA,NA,NA,NA,NA,NA,NA,040,001,2025-10-13_14h13.20.423,Study_5_PsychoPy_Experiment,2024.1.5,NA,2025-10-13 14h13.33.117199 +0100
Knowledge,Neg,TRUE,N,NB-TB-K,T_NB,PsychoPyStudy5Stim/T_NB_4.png,Adam does NOT KNOW there are TWO cubes,Two,h,b,Y,-,N,0,177,177,35,1197.164764199988,NA,NA,NA,NA,NA,NA,NA,NA,NA,1197.1527836999155,4.276999970898e-4,1197.2527642999776,1197.631228699931,1197.731323499931,1199.7314340999585,1200.1315044999355,1200.2332846999634,1200.2332846999634,1203.467322099954,b,1,3.230815300019458,NA,1203.4678265999537,1203.4813871999504,1203.4813871999504,1203.4813871999504,1203.4813871999504,1203.4683612999506,NA,NA,NA,NA,NA,NA,NA,NA,NA,NA,040,001,2025-10-13_14h13.20.423,Study_5_PsychoPy_Experiment,2024.1.5,NA,2025-10-13 14h13.33.117199 +0100
Knowledge,Reg,FALSE,N,FB-Ig,D_B_T,PsychoPyStudy5Stim/D_B_T_6.png,Adam KNOWS there are TWO cubes,Two,b,h,N,PropFalse,N,0,178,178,296,1203.4813871999504,NA,NA,NA,NA,NA,NA,NA,NA,NA,1203.4687350000022,2.9320002067834e-4,1203.5618542999728,1203.9311816999689,1204.03124079993,1206.031531699933,1206.4314848999493,1206.5333007000154,1206.5333007000154,1211.600595899974,h,1,5.050874799955636,NA,1211.6011998999163,1211.6146974000148,1211.6146974000148,1211.6146974000148,1211.6146974000148,1211.6018302999437,NA,NA,NA,NA,NA,NA,NA,NA,NA,NA,040,001,2025-10-13_14h13.20.423,Study_5_PsychoPy_Experiment,2024.1.5,NA,2025-10-13 14h13.33.117199 +0100
Knowledge,Reg,TRUE,N,TB-K-B,DD_B,PsychoPyStudy5Stim/DD_B_4.png,Adam KNOWS there are ZERO cubes,Zero,h,b,N,-,N,0,179,179,218,1211.6146974000148,NA,NA,NA,NA,NA,NA,NA,NA,NA,1211.6023145000215,3.8630003109574e-4,1211.6967471999817,1212.0811799999792,1212.181331199943,1214.1814650000306,1214.5814543999732,1214.6831254999852,1214.6831254999852,1215.933961499948,b,1,1.235973999951966,NA,1215.934574099956,1215.9480074999155,1215.9480074999155,1215.9480074999155,1215.9480074999155,1215.935201699962,NA,NA,NA,NA,NA,NA,NA,NA,NA,NA,040,001,2025-10-13_14h13.20.423,Study_5_PsychoPy_Experiment,2024.1.5,NA,2025-10-13 14h13.33.117199 +0100
Belief,Reg,FALSE,N,NB-TB-K,TT_NB,PsychoPyStudy5Stim/TT_NB_6.png,Adam THINKS there are ZERO cubes,Zero,b,h,N,PropFalse,N,0,180,180,186,1215.9480074999155,NA,NA,NA,NA,NA,NA,NA,NA,NA,1215.9356569999363,3.6200007889419e-4,1216.0288101999322,1216.3978132000193,1216.4979079000186,1218.498145599966,1218.898076799931,1218.9998603999848,1218.9998603999848,1221.6837842999958,h,1,2.6708434000611305,NA,1221.6842753000092,1221.6978800999932,1221.6978800999932,1221.6978800999932,1221.6978800999932,1221.6848187999567,NA,NA,NA,NA,NA,NA,NA,NA,NA,NA,040,001,2025-10-13_14h13.20.423,Study_5_PsychoPy_Experiment,2024.1.5,NA,2025-10-13 14h13.33.117199 +0100
Knowledge,Neg,FALSE,N,NB-TB-K,T_NB,PsychoPyStudy5Stim/T_NB_3.png,Adam does NOT KNOW there is ONE cube,One,b,h,Y,PropFalse,N,0,181,181,42,1221.6978800999932,NA,NA,NA,NA,NA,NA,NA,NA,NA,1221.685203199973,2.9889994766563e-4,1221.776608099928,1222.1477928999811,1222.2479064000072,1224.2481153999688,1224.6480991999852,1224.7498898999766,1224.7498898999766,1230.2333338999888,h,1,5.466367200016975,NA,1230.2336456999185,1230.2478733999887,1230.2478733999887,1230.2478733999887,1230.2478733999887,1230.233995800023,NA,NA,NA,NA,NA,NA,NA,NA,NA,NA,040,001,2025-10-13_14h13.20.423,Study_5_PsychoPy_Experiment,2024.1.5,NA,2025-10-13 14h13.33.117199 +0100
Knowledge,Neg,TRUE,Y,FB-Ig,T_B_T,PsychoPyStudy5Stim/T_B_T_8.png,Adam does NOT KNOW there are TWO cubes,Two,h,b,Y,-,N,0,182,182,7,1230.2478733999887,NA,NA,NA,NA,NA,NA,NA,NA,NA,1230.2342160999542,1.7330003902316e-4,1230.3209451999282,1230.6979010999205,1230.7982473999728,1232.798070400022,1233.198112700018,1233.3000086999964,1233.3000086999964,1234.6172039000085,b,1,1.314939499949105,NA,1234.6176898999838,1234.6312521999937,1234.6312521999937,1234.6312521999937,1234.6312521999937,1234.6182064999591,NA,NA,NA,NA,NA,NA,NA,NA,NA,NA,040,001,2025-10-13_14h13.20.423,Study_5_PsychoPy_Experiment,2024.1.5,NA,2025-10-13 14h13.33.117199 +0100
Belief,Reg,TRUE,N,FB-Ig,B_TT,PsychoPyStudy5Stim/B_TT_4.png,Adam THINKS there are ZERO cubes,Zero,h,b,N,-,Y,0,183,183,329,1234.6312521999937,NA,NA,NA,NA,NA,NA,NA,NA,NA,1234.618578900001,2.9180001001805e-4,1234.7111884999322,1235.0810742999893,1235.181205199915,1237.1814146999968,1237.581442199997,1237.6830755999545,1237.6830755999545,1239.0173292999389,b,1,1.3319104000693187,NA,1239.0179142999696,1239.0312012999784,1239.0312012999784,1239.0312012999784,1239.0312012999784,1239.0185053999303,NA,NA,NA,NA,NA,NA,NA,NA,NA,NA,040,001,2025-10-13_14h13.20.423,Study_5_PsychoPy_Experiment,2024.1.5,NA,2025-10-13 14h13.33.117199 +0100
Reality,Reg,TRUE,N,TB-Ig,D_B,PsychoPyStudy5Stim/D_B_1.png,"In REALITY, there are ZERO cubes",Zero,h,b,N,-,N,0,184,184,203,1239.0312012999784,NA,NA,NA,NA,NA,NA,NA,NA,NA,1239.0189679999603,3.7050002720206e-4,1239.1178589999909,1239.4979804999894,1239.5980965999188,1241.5981017999584,1241.9979721999262,1242.0999707999872,1242.0999707999872,1243.884421500028,b,1,1.7711911000078544,NA,1243.8852629999164,1243.8980033999542,1243.8980033999542,1243.8980033999542,1243.8980033999542,1243.8861898999894,NA,NA,NA,NA,NA,NA,NA,NA,NA,NA,040,001,2025-10-13_14h13.20.423,Study_5_PsychoPy_Experiment,2024.1.5,NA,2025-10-13 14h13.33.117199 +0100
Reality,Reg,FALSE,N,TB-K-B,TD_B,PsychoPyStudy5Stim/TD_B_6.png,"In REALITY, there are ZERO cubes",Zero,b,h,N,PropFalse,N,0,185,185,273,1243.8980033999542,NA,NA,NA,NA,NA,NA,NA,NA,NA,1243.886832899996,5.0179997924715e-4,1243.9800567999482,1244.3645858999807,1244.4647149000084,1246.4645756999962,1246.8646678000223,1246.9664151999168,1246.9664151999168,1248.8501500999555,h,1,1.872768500004895,NA,1248.8505839999998,1248.864512500004,1248.864512500004,1248.864512500004,1248.864512500004,1248.8510580000002,NA,NA,NA,NA,NA,NA,NA,NA,NA,NA,040,001,2025-10-13_14h13.20.423,Study_5_PsychoPy_Experiment,2024.1.5,NA,2025-10-13 14h13.33.117199 +0100
Knowledge,Reg,FALSE,N,FB-Ig,B_TT,PsychoPyStudy5Stim/B_TT_1.png,Adam KNOWS there are ZERO cubes,Zero,b,h,N,PropTrueNoKnow,Y,0,186,186,321,1248.864512500004,NA,NA,NA,NA,NA,NA,NA,NA,NA,1248.8513802000089,2.5329994969069e-4,1248.970074999961,1249.3479666999774,1249.4480819000164,1251.4480186,1251.8479688999942,1251.9497561999597,1251.9497561999597,1255.5004390999677,h,1,3.536789699923247,NA,1255.5010074999882,1255.5145429000258,1255.5145429000258,1255.5145429000258,1255.5145429000258,1255.501631699968,NA,NA,NA,NA,NA,NA,NA,NA,NA,NA,040,001,2025-10-13_14h13.20.423,Study_5_PsychoPy_Experiment,2024.1.5,NA,2025-10-13 14h13.33.117199 +0100
Knowledge,Reg,TRUE,N,NB-TB-K,TT_NB,PsychoPyStudy5Stim/TT_NB_7.png,Adam KNOWS there are TWO cubes,Two,h,b,N,-,N,0,187,187,173,1255.5145429000258,NA,NA,NA,NA,NA,NA,NA,NA,NA,1255.5020589999622,3.339999821037e-4,1255.58625329996,1255.964577000006,1256.064734500018,1258.0647394999396,1258.4646962999832,1258.5664507999318,1258.5664507999318,1259.950299100019,b,1,1.3772230999311432,NA,1259.9508017000044,1259.964500000002,1259.964500000002,1259.964500000002,1259.964500000002,1259.9513317999665,NA,NA,NA,NA,NA,NA,NA,NA,NA,NA,040,001,2025-10-13_14h13.20.423,Study_5_PsychoPy_Experiment,2024.1.5,NA,2025-10-13 14h13.33.117199 +0100
Reality,Reg,FALSE,N,NB-TB-K,DD_NB,PsychoPyStudy5Stim/DD_NB_5.png,"In REALITY, there is ONE cube",One,b,h,N,PropFalse,N,0,188,188,161,1259.964500000002,NA,NA,NA,NA,NA,NA,NA,NA,NA,1259.9517279999563,2.9749993700534e-4,1260.0520715999885,1260.4312375999289,1260.5316890999677,1262.5314156999812,1262.9312320000026,1263.0330610999372,1263.0330610999372,1265.4335538999876,h,1,2.389735299977474,NA,1265.4340350999264,1265.4478309999686,1265.4478309999686,1265.4478309999686,1265.4478309999686,1265.434580400004,NA,NA,NA,NA,NA,NA,NA,NA,NA,NA,040,001,2025-10-13_14h13.20.423,Study_5_PsychoPy_Experiment,2024.1.5,NA,2025-10-13 14h13.33.117199 +0100
Knowledge,Neg,FALSE,N,NB-TB-K,T_NB,PsychoPyStudy5Stim/T_NB_6.png,Adam does NOT KNOW there is ONE cube,One,b,h,Y,PropFalse,N,0,189,189,45,1265.4478309999686,NA,NA,NA,NA,NA,NA,NA,NA,NA,1265.4349452999886,2.8659997042268e-4,1265.5312715999316,1265.914583100006,1266.0147408000194,1268.0147476999557,1268.414713199949,1268.5163463000208,1268.5163463000208,1272.0844453999307,h,1,3.5625732999760658,NA,1272.0852142999647,1272.0976814000169,1272.0976814000169,1272.0976814000169,1272.0976814000169,1272.0855342999566,NA,NA,NA,NA,NA,NA,NA,NA,NA,NA,040,001,2025-10-13_14h13.20.423,Study_5_PsychoPy_Experiment,2024.1.5,NA,2025-10-13 14h13.33.117199 +0100
Reality,Reg,TRUE,N,TB-K-B,DD_B,PsychoPyStudy5Stim/DD_B_6.png,"In REALITY, there are ZERO cubes",Zero,h,b,N,-,N,0,190,190,237,1272.0976814000169,NA,NA,NA,NA,NA,NA,NA,NA,NA,1272.0857408000156,1.7589994240552e-4,1272.17998669995,1272.5645484999986,1272.66467800003,1274.6645202999937,1275.0646053999662,1275.1664034000132,1275.1664034000132,1277.1006860999623,b,1,1.9287967999698592,NA,1277.1013714999426,1277.114488699939,1277.114488699939,1277.114488699939,1277.114488699939,1277.1021041999338,NA,NA,NA,NA,NA,NA,NA,NA,NA,NA,040,001,2025-10-13_14h13.20.423,Study_5_PsychoPy_Experiment,2024.1.5,NA,2025-10-13 14h13.33.117199 +0100
Belief,Reg,TRUE,N,NB-TB-K,TT_NB,PsychoPyStudy5Stim/TT_NB_8.png,Adam THINKS there are TWO cubes,Two,h,b,N,-,N,0,191,191,180,1277.114488699939,NA,NA,NA,NA,NA,NA,NA,NA,NA,1277.1026170999976,3.9770000148564e-4,1277.1872057999717,1277.5645698999288,1277.6647073000204,1279.6644320000196,1280.0646686999826,1280.166434200015,1280.166434200015,1281.4340404999675,b,1,1.2649506999878213,NA,1281.4347322999963,1281.4478735999437,1281.4478735999437,1281.4478735999437,1281.4478735999437,1281.4355303000193,NA,NA,NA,NA,NA,NA,NA,NA,NA,NA,040,001,2025-10-13_14h13.20.423,Study_5_PsychoPy_Experiment,2024.1.5,NA,2025-10-13 14h13.33.117199 +0100
Reality,Reg,FALSE,N,NB-TB-K,DT_NB,PsychoPyStudy5Stim/TD_NB_1.png,"In REALITY, there are ZERO cubes",Zero,b,h,N,PropFalse,N,0,192,192,169,1281.4478735999437,NA,NA,NA,NA,NA,NA,NA,NA,NA,1281.4361439999193,4.6949996612966e-4,1281.5303889999632,1281.9145304999547,1282.0146274999715,1284.0146695999429,1284.414594699978,1284.516416999977,1284.516416999977,1285.667098099948,h,1,1.147332299966365,NA,1285.6676586000249,1285.6811546999959,1285.6811546999959,1285.6811546999959,1285.6811546999959,1285.6682704000268,NA,NA,NA,NA,NA,NA,NA,NA,NA,NA,040,001,2025-10-13_14h13.20.423,Study_5_PsychoPy_Experiment,2024.1.5,NA,2025-10-13 14h13.33.117199 +0100
Belief,Reg,FALSE,N,TB-K-B,TD_B,PsychoPyStudy5Stim/TD_B_7.png,Adam THINKS there are ZERO cubes,Zero,b,h,N,PropFalse,N,0,193,193,269,1285.6811546999959,NA,NA,NA,NA,NA,NA,NA,NA,NA,1285.6687008999288,3.3609999809414e-4,1285.7657155999914,1286.147815699922,1286.2479601999512,1288.2478476000251,1288.6478897000195,1288.7495719,1288.7495719,1290.0506519000046,h,1,1.297479100059718,NA,1290.0513291999232,1290.0644629999297,1290.0644629999297,1290.0644629999297,1290.0644629999297,1290.0520395999774,NA,NA,NA,NA,NA,NA,NA,NA,NA,NA,040,001,2025-10-13_14h13.20.423,Study_5_PsychoPy_Experiment,2024.1.5,NA,2025-10-13 14h13.33.117199 +0100
Knowledge,Neg,TRUE,N,TB-K,TT_B,PsychoPyStudy5Stim/TT_B_2.png,Adam does NOT KNOW there is ONE cube,One,h,b,Y,-,N,0,194,194,81,1290.0644629999297,NA,NA,NA,NA,NA,NA,NA,NA,NA,1290.0525567999575,4.0189991705119e-4,1290.1562842000276,1290.5310722999277,1290.63130369992,1292.6312827999936,1293.0311749000102,1293.1329679000191,1293.1329679000191,1306.9676176999928,b,1,13.826270599965936,NA,1306.9684128999943,1306.9811229999175,1306.9811229999175,1306.9811229999175,1306.9811229999175,1306.969318700023,NA,NA,NA,NA,NA,NA,NA,NA,NA,NA,040,001,2025-10-13_14h13.20.423,Study_5_PsychoPy_Experiment,2024.1.5,NA,2025-10-13 14h13.33.117199 +0100
Belief,Reg,FALSE,N,FB-Ig,D_B_T,PsychoPyStudy5Stim/D_B_T_2.png,Adam THINKS there are TWO cubes,Two,b,h,N,PropFalse,N,0,195,195,300,1306.9811229999175,NA,NA,NA,NA,NA,NA,NA,NA,NA,1306.9699534999672,4.9709994345903e-4,1307.0708394999383,1307.4475689999526,1307.5476174999494,1309.5478620999493,1309.947835900006,1310.049560899963,1310.049560899963,1313.4172885000007,h,1,3.3655345999868587,NA,1313.4179827999324,1313.4310796000063,1313.4310796000063,1313.4310796000063,1313.4310796000063,1313.418689199956,NA,NA,NA,NA,NA,NA,NA,NA,NA,NA,040,001,2025-10-13_14h13.20.423,Study_5_PsychoPy_Experiment,2024.1.5,NA,2025-10-13 14h13.33.117199 +0100
Knowledge,Reg,TRUE,N,NB-TB-K,TT_NB,PsychoPyStudy5Stim/TT_NB_5.png,Adam KNOWS there are TWO cubes,Two,h,b,N,-,N,0,196,196,171,1313.4310796000063,NA,NA,NA,NA,NA,NA,NA,NA,NA,1313.4192349999212,4.3840007856488e-4,1313.5025842000032,1313.880879999953,1313.9809302999638,1315.9811608999737,1316.3811755999925,1316.482942999923,1316.482942999923,1318.383880599984,b,1,1.8924913000082595,NA,1318.3845372999783,1318.3976722999942,1318.3976722999942,1318.3976722999942,1318.3976722999942,1318.385210599983,NA,NA,NA,NA,NA,NA,NA,NA,NA,NA,040,001,2025-10-13_14h13.20.423,Study_5_PsychoPy_Experiment,2024.1.5,NA,2025-10-13 14h13.33.117199 +0100
Reality,Reg,FALSE,N,FB-Ig,B_T,PsychoPyStudy5Stim/B_T_3.png,"In REALITY, there are ZERO cubes",Zero,b,h,N,-,N,0,197,197,319,1318.3976722999942,NA,NA,NA,NA,NA,NA,NA,NA,NA,1318.3857216999168,3.7799996789544e-4,1318.4710387999658,1318.8475637999363,1318.9475923000136,1320.947805200005,1321.3478055000303,1321.449550600024,1321.449550600024,1323.1006785000209,h,1,1.6455071999225763,NA,1323.1013722999487,1323.1143814999375,1323.1143814999375,1323.1143814999375,1323.1143814999375,1323.1020847000182,NA,NA,NA,NA,NA,NA,NA,NA,NA,NA,040,001,2025-10-13_14h13.20.423,Study_5_PsychoPy_Experiment,2024.1.5,NA,2025-10-13 14h13.33.117199 +0100
Belief,Reg,TRUE,N,TB-Ig,D_B,PsychoPyStudy5Stim/D_B_1.png,Adam THINKS there are ZERO cubes,Zero,h,b,N,-,Y,0,198,198,200,1323.1143814999375,NA,NA,NA,NA,NA,NA,NA,NA,NA,1323.1026012999937,3.9970001671463e-4,1323.1978325999808,1323.5810272999806,1323.6811430000234,1325.681158500025,1326.080944599933,1326.1828724999214,1326.1828724999214,1339.933149099932,b,1,13.743649899959564,NA,1339.9334333000006,1339.9474352999823,1339.9474352999823,1339.9474352999823,1339.9474352999823,1339.9337406000122,NA,NA,NA,NA,NA,NA,NA,NA,NA,NA,040,001,2025-10-13_14h13.20.423,Study_5_PsychoPy_Experiment,2024.1.5,NA,2025-10-13 14h13.33.117199 +0100
Reality,Reg,FALSE,N,TB-K-B,TT_B,PsychoPyStudy5Stim/TT_B_6.png,"In REALITY, there is ONE cube",One,b,h,N,PropFalse,N,0,199,199,254,1339.9474352999823,NA,NA,NA,NA,NA,NA,NA,NA,NA,1339.93394909997,1.6509997658431e-4,1340.0189683999631,1340.3974298000105,1340.4975548000075,1342.4976991999429,1342.8976539999712,1342.999438400031,1342.999438400031,1344.5502869000193,h,1,1.5437303999206051,NA,1344.5509259999965,1344.5642864999827,1344.5642864999827,1344.5642864999827,1344.5642864999827,1344.5516233999515,NA,NA,NA,NA,NA,NA,NA,NA,NA,NA,040,001,2025-10-13_14h13.20.423,Study_5_PsychoPy_Experiment,2024.1.5,NA,2025-10-13 14h13.33.117199 +0100
Knowledge,Reg,FALSE,N,FB-Ig,D_B_T,PsychoPyStudy5Stim/D_B_T_7.png,Adam KNOWS there are TWO cubes,Two,b,h,N,PropFalse,N,0,200,200,297,1344.5642864999827,NA,NA,NA,NA,NA,NA,NA,NA,NA,1344.5521319999823,3.9629999082535e-4,1344.6386633999646,1345.014070199919,1345.1142301999498,1347.114178400021,1347.5141860999863,1347.6161720999517,1347.6161720999517,1348.516886999947,h,1,0.8863298000069335,NA,1348.5174610000104,1348.5309487999184,1348.5309487999184,1348.5309487999184,1348.5309487999184,1348.5180634999415,NA,NA,NA,NA,NA,NA,NA,NA,NA,NA,040,001,2025-10-13_14h13.20.423,Study_5_PsychoPy_Experiment,2024.1.5,NA,2025-10-13 14h13.33.117199 +0100
Belief,Reg,FALSE,N,NB-TB-K,TT_NB,PsychoPyStudy5Stim/TT_NB_3.png,Adam THINKS there are ZERO cubes,Zero,b,h,N,PropFalse,N,0,201,201,183,1348.5309487999184,NA,NA,NA,NA,NA,NA,NA,NA,NA,1348.5185207999311,3.6539998836815e-4,1348.6107019999763,1348.9810031999368,1349.081175199943,1351.0809179999633,1351.4810182999354,1351.5827711999882,1351.5827711999882,1352.6008224999532,h,1,1.01593800005503,NA,1352.6015981999226,1352.614314300008,1352.614314300008,1352.614314300008,1352.614314300008,1352.602397599956,NA,NA,NA,NA,NA,NA,NA,NA,NA,NA,040,001,2025-10-13_14h13.20.423,Study_5_PsychoPy_Experiment,2024.1.5,NA,2025-10-13 14h13.33.117199 +0100
Belief,Reg,FALSE,N,TB-K-B,TT_B,PsychoPyStudy5Stim/TT_B_2.png,Adam THINKS there is ONE cube,One,b,h,N,PropFalse,N,0,202,202,250,1352.614314300008,NA,NA,NA,NA,NA,NA,NA,NA,NA,1352.6030321000144,4.6799995470792e-4,1352.6981077999808,1353.0809464999477,1353.180926000001,1355.1810773999896,1355.5810252999654,1355.6827765000053,1355.6827765000053,1357.6001674999716,h,1,1.900064199930057,NA,1357.6007967999903,1357.614264999982,1357.614264999982,1357.614264999982,1357.614264999982,1357.601476999931,NA,NA,NA,NA,NA,NA,NA,NA,NA,NA,040,001,2025-10-13_14h13.20.423,Study_5_PsychoPy_Experiment,2024.1.5,NA,2025-10-13 14h13.33.117199 +0100
Belief,Reg,TRUE,N,TB-K-B,TT_B,PsychoPyStudy5Stim/TT_B_8.png,Adam THINKS there are TWO cubes,Two,h,b,N,-,N,0,203,203,249,1357.614264999982,NA,NA,NA,NA,NA,NA,NA,NA,NA,1357.601955399965,3.7480005994439e-4,1357.7027964999434,1358.0806919999886,1358.1809189999476,1360.181092599989,1360.5809419000288,1360.6827987999422,1360.6827987999422,1362.4665668000234,b,1,1.7793115000240505,NA,1362.4670383000048,1362.4808759000152,1362.4808759000152,1362.4808759000152,1362.4808759000152,1362.4675714999903,NA,NA,NA,NA,NA,NA,NA,NA,NA,NA,040,001,2025-10-13_14h13.20.423,Study_5_PsychoPy_Experiment,2024.1.5,NA,2025-10-13 14h13.33.117199 +0100
Knowledge,Neg,TRUE,Y,FB-Ig,T_B_T,PsychoPyStudy5Stim/T_B_T_4.png,Adam does NOT KNOW there are TWO cubes,Two,h,b,Y,-,N,0,204,204,3,1362.4808759000152,NA,NA,NA,NA,NA,NA,NA,NA,NA,1362.46794579993,2.8969999402761e-4,1362.5626225000017,1362.9476598999463,1363.0475082999328,1365.0477268999675,1365.4477632999187,1365.5494660999393,1365.5494660999393,1367.633448199951,b,1,2.0733052999712527,NA,1367.6340617999667,1367.6475448999554,1367.6475448999554,1367.6475448999554,1367.6475448999554,1367.6347085000016,NA,NA,NA,NA,NA,NA,NA,NA,NA,NA,040,001,2025-10-13_14h13.20.423,Study_5_PsychoPy_Experiment,2024.1.5,NA,2025-10-13 14h13.33.117199 +0100
Belief,Neg,TRUE,N,TB-K,TD_B,PsychoPyStudy5Stim/TD_B_2.png,Adam does NOT THINK there are TWO cubes,Two,h,b,Y,-,N,0,205,205,109,1367.6475448999554,NA,NA,NA,NA,NA,NA,NA,NA,NA,1367.635164199979,3.5660003777593e-4,1367.730519899982,1368.1142707000254,1368.214433099958,1370.2144115000265,1370.614298600005,1370.7159907999448,1370.7159907999448,1374.183670599945,b,1,3.4592793999472633,NA,1374.1843197999988,1374.1975186999189,1374.1975186999189,1374.1975186999189,1374.1975186999189,1374.1849897999782,NA,NA,NA,NA,NA,NA,NA,NA,NA,NA,040,001,2025-10-13_14h13.20.423,Study_5_PsychoPy_Experiment,2024.1.5,NA,2025-10-13 14h13.33.117199 +0100
Knowledge,Neg,TRUE,Y,FB-Ig,D_B_T,PsychoPyStudy5Stim/D_B_T_3.png,Adam does NOT KNOW there is ONE cube,One,h,b,Y,-,N,0,206,206,10,1374.1975186999189,NA,NA,NA,NA,NA,NA,NA,NA,NA,1374.185527900001,3.888999344781e-4,1374.2864097999409,1374.6642901999876,1374.7642552999314,1376.7643013999332,1377.1642935000127,1377.2661356999306,1377.2661356999306,1381.416965899989,b,1,4.140233299927786,NA,1381.4176951999543,1381.4308760999702,1381.4308760999702,1381.4308760999702,1381.4308760999702,1381.418416699977,NA,NA,NA,NA,NA,NA,NA,NA,NA,NA,040,001,2025-10-13_14h13.20.423,Study_5_PsychoPy_Experiment,2024.1.5,NA,2025-10-13 14h13.33.117199 +0100
Knowledge,Reg,TRUE,N,NB-TB-K,DD_NB,PsychoPyStudy5Stim/DD_NB_3.png,Adam KNOWS there are ZERO cubes,Zero,h,b,N,-,N,0,207,207,149,1381.4308760999702,NA,NA,NA,NA,NA,NA,NA,NA,NA,1381.418925200007,3.961999900639e-4,1381.516769799986,1381.897569200024,1381.997688399977,1383.997848100029,1384.3976670999546,1384.4994140999625,1384.4994140999625,1385.4673116999911,b,1,0.9554644000018016,NA,1385.4682002000045,1385.480897399946,1385.480897399946,1385.480897399946,1385.480897399946,1385.4690923999297,NA,NA,NA,NA,NA,NA,NA,NA,NA,NA,040,001,2025-10-13_14h13.20.423,Study_5_PsychoPy_Experiment,2024.1.5,NA,2025-10-13 14h13.33.117199 +0100
Knowledge,Reg,TRUE,N,TB-K-B,TT_B,PsychoPyStudy5Stim/TT_B_5.png,Adam KNOWS there are TWO cubes,Two,h,b,N,-,N,0,208,208,241,1385.480897399946,NA,NA,NA,NA,NA,NA,NA,NA,NA,1385.469727299991,5.3119997028261e-4,1385.5681480999338,1385.947538599954,1386.047694299952,1388.047546299989,1388.4476166999666,1388.5493939999724,1388.5493939999724,1389.63285179995,b,1,1.0816530000884086,NA,1389.6331378999166,1389.6473938999698,1389.6473938999698,1389.6473938999698,1389.6473938999698,1389.6334528999869,NA,NA,NA,NA,NA,NA,NA,NA,NA,NA,040,001,2025-10-13_14h13.20.423,Study_5_PsychoPy_Experiment,2024.1.5,NA,2025-10-13 14h13.33.117199 +0100
Belief,Neg,TRUE,Y,FB-Ig,T_B_T,PsychoPyStudy5Stim/T_B_T_2.png,Adam does NOT THINK there are TWO cubes,Two,h,b,Y,-,N,0,209,209,17,1389.6473938999698,NA,NA,NA,NA,NA,NA,NA,NA,NA,1389.6336584999226,1.6289995983242e-4,1389.7193905999884,1390.0974881999427,1390.1976447999475,1392.1975809999276,1392.5975330999354,1392.6994502999587,1392.6994502999587,1398.41613779997,b,1,5.714539299951866,NA,1398.4164348000195,1398.43077909993,1398.43077909993,1398.43077909993,1398.43077909993,1398.416766099981,NA,NA,NA,NA,NA,NA,NA,NA,NA,NA,040,001,2025-10-13_14h13.20.423,Study_5_PsychoPy_Experiment,2024.1.5,NA,2025-10-13 14h13.33.117199 +0100
Knowledge,Reg,FALSE,N,TB-Ig,D_B,PsychoPyStudy5Stim/D_B_D_1.png,Adam KNOWS there are ZERO cubes,Zero,b,h,N,PropTrueNoKnow,Y,0,210,210,206,1398.43077909993,NA,NA,NA,NA,NA,NA,NA,NA,NA,1398.416987799923,1.7760007176548e-4,1398.5027694000164,1398.8806881000055,1398.9808346999343,1400.9808174999198,1401.3808602999195,1401.482574500027,1401.482574500027,1405.8998804999285,b,0,4.411855399957858,NA,1405.900389599963,1405.9140589999731,1405.9140589999731,1405.9140589999731,1405.9140589999731,1405.900920599932,NA,NA,NA,NA,NA,NA,NA,NA,NA,NA,040,001,2025-10-13_14h13.20.423,Study_5_PsychoPy_Experiment,2024.1.5,NA,2025-10-13 14h13.33.117199 +0100
Knowledge,Neg,TRUE,N,TB-K,TD_B,PsychoPyStudy5Stim/TD_B_3.png,Adam does NOT KNOW there are TWO cubes,Two,h,b,Y,-,N,0,211,211,106,1405.9140589999731,NA,NA,NA,NA,NA,NA,NA,NA,NA,1405.9012904999545,3.1090003903955e-4,1405.9871836999664,1406.3641922000097,1406.4643756999867,1408.4643975999206,1408.8641779000172,1408.9660112999843,1408.9660112999843,1416.1995504000224,h,0,7.224282399984077,NA,1416.199848899967,1416.2138548999792,1416.2138548999792,1416.2138548999792,1416.2138548999792,1416.2001749000046,NA,NA,NA,NA,NA,NA,NA,NA,NA,NA,040,001,2025-10-13_14h13.20.423,Study_5_PsychoPy_Experiment,2024.1.5,NA,2025-10-13 14h13.33.117199 +0100
Reality,Reg,TRUE,N,NB-TB-K,D_NB,PsychoPyStudy5Stim/D_NB_4.png,"In REALITY, there are ZERO cubes",Zero,h,b,N,-,N,0,212,212,137,1416.2138548999792,NA,NA,NA,NA,NA,NA,NA,NA,NA,1416.2003898000112,1.6980001237243e-4,1416.3175087999552,1416.6974019999616,1416.7974751000293,1418.7975013999967,1419.1974683000008,1419.2992354999296,1419.2992354999296,1420.4171839000192,b,1,1.1159041000064462,NA,1420.4178263000213,1420.4307379999664,1420.4307379999664,1420.4307379999664,1420.4307379999664,1420.4185649999415,NA,NA,NA,NA,NA,NA,NA,NA,NA,NA,040,001,2025-10-13_14h13.20.423,Study_5_PsychoPy_Experiment,2024.1.5,NA,2025-10-13 14h13.33.117199 +0100
Knowledge,Reg,FALSE,N,NB-TB-K,TT_NB,PsychoPyStudy5Stim/TT_NB_8.png,Adam KNOWS there is ONE cube,One,b,h,N,PropFalse,N,0,213,213,176,1420.4307379999664,NA,NA,NA,NA,NA,NA,NA,NA,NA,1420.4191163999494,4.4219999108463e-4,1420.5143978999697,1420.8973293999445,1420.9974015000043,1422.9974674999248,1423.3975056000054,1423.4992916999618,1423.4992916999618,1430.8831493000034,h,1,7.371307899942622,NA,1430.8837248999623,1430.897370200022,1430.897370200022,1430.897370200022,1430.897370200022,1430.8843773999251,NA,NA,NA,NA,NA,NA,NA,NA,NA,NA,040,001,2025-10-13_14h13.20.423,Study_5_PsychoPy_Experiment,2024.1.5,NA,2025-10-13 14h13.33.117199 +0100
Belief,Neg,FALSE,N,NB-TB-K,T_NB,PsychoPyStudy5Stim/T_NB_8.png,Adam does NOT THINK there is ONE cube,One,b,h,Y,PropFalse,N,0,214,214,55,1430.897370200022,NA,NA,NA,NA,NA,NA,NA,NA,NA,1430.8848350999178,3.4039991442114e-4,1430.9779166999506,1431.3474396999227,1431.447379900026,1433.4474210999906,1433.8474340999965,1433.9493284999626,1433.9493284999626,1441.7668356000213,h,1,7.8005686000688,NA,1441.767436599941,1441.7806763999397,1441.7806763999397,1441.7806763999397,1441.7806763999397,1441.7681609999854,NA,NA,NA,NA,NA,NA,NA,NA,NA,NA,040,001,2025-10-13_14h13.20.423,Study_5_PsychoPy_Experiment,2024.1.5,NA,2025-10-13 14h13.33.117199 +0100
Belief,Reg,TRUE,N,NB-TB-K,T_NB,PsychoPyStudy5Stim/T_NB_4.png,Adam THINKS there is ONE cube,One,h,b,N,-,N,0,215,215,143,1441.7806763999397,NA,NA,NA,NA,NA,NA,NA,NA,NA,1441.7686432999326,3.7719996180385e-4,1441.8644612999633,1442.2473486999515,1442.3474911999656,1444.3474125999492,1444.747394099948,1444.8490794999525,1444.8490794999525,1446.1166171999648,b,1,1.2527864000294358,NA,1446.117221500026,1446.130633499939,1446.130633499939,1446.130633499939,1446.130633499939,1446.1178766000085,NA,NA,NA,NA,NA,NA,NA,NA,NA,NA,040,001,2025-10-13_14h13.20.423,Study_5_PsychoPy_Experiment,2024.1.5,NA,2025-10-13 14h13.33.117199 +0100
Belief,Neg,TRUE,Y,FB-Ig,T_B_T,PsychoPyStudy5Stim/T_B_T_8.png,Adam does NOT THINK there are TWO cubes,Two,h,b,Y,-,N,0,216,216,23,1446.130633499939,NA,NA,NA,NA,NA,NA,NA,NA,NA,1446.1183318999829,3.529000096023e-4,1446.215097600012,1446.597325299983,1446.69750749995,1448.697517600027,1449.0974717999345,1449.1992186999414,1449.1992186999414,1451.4665506000165,b,1,2.262931099976413,NA,1451.467082999996,1451.4805967999855,1451.4805967999855,1451.4805967999855,1451.4805967999855,1451.4676124999532,NA,NA,NA,NA,NA,NA,NA,NA,NA,NA,040,001,2025-10-13_14h13.20.423,Study_5_PsychoPy_Experiment,2024.1.5,NA,2025-10-13 14h13.33.117199 +0100
Belief,Neg,FALSE,N,NB-TB-K,T_NB,PsychoPyStudy5Stim/T_NB_3.png,Adam does NOT THINK there is ONE cube,One,b,h,Y,PropFalse,N,0,217,217,50,1451.4805967999855,NA,NA,NA,NA,NA,NA,NA,NA,NA,1451.4679813999685,2.8869998641312e-4,1451.5549221999245,1451.9307067999616,1452.0308265999192,1454.0308105000297,1454.4308125999523,1454.5324526999611,1454.5324526999611,1461.1167632000288,h,1,6.569649500073865,NA,1461.117407099926,1461.1305667000124,1461.1305667000124,1461.1305667000124,1461.1305667000124,1461.1181214000098,NA,NA,NA,NA,NA,NA,NA,NA,NA,NA,040,001,2025-10-13_14h13.20.423,Study_5_PsychoPy_Experiment,2024.1.5,NA,2025-10-13 14h13.33.117199 +0100
Knowledge,Reg,FALSE,N,TB-Ig,D_B,PsychoPyStudy5Stim/D_B_D_3.png,Adam KNOWS there are ZERO cubes,Zero,b,h,N,PropTrueNoKnow,Y,0,218,218,208,1461.1305667000124,NA,NA,NA,NA,NA,NA,NA,NA,NA,1461.1186277000234,3.965999931097e-4,1461.2102525000228,1461.580620200024,1461.680861299974,1463.6807783999247,1464.080746499938,1464.1824849999975,1464.1824849999975,1466.0329614999937,b,0,1.8398319000843912,NA,1466.033445699955,1466.0472564999943,1466.0472564999943,1466.0472564999943,1466.0472564999943,1466.0339900000254,NA,NA,NA,NA,NA,NA,NA,NA,NA,NA,040,001,2025-10-13_14h13.20.423,Study_5_PsychoPy_Experiment,2024.1.5,NA,2025-10-13 14h13.33.117199 +0100
Reality,Reg,TRUE,N,TB-K-B,TT_B,PsychoPyStudy5Stim/TT_B_3.png,"In REALITY, there are TWO cubes",Two,h,b,N,-,N,0,219,219,251,1466.0472564999943,NA,NA,NA,NA,NA,NA,NA,NA,NA,1466.0343577999156,2.8799998108297e-4,1466.1349016999593,1466.5139365999494,1466.6140579999192,1468.6138053999748,1469.0140116999391,1469.1156958999345,1469.1156958999345,1470.7329569000285,b,1,1.6107034999877214,NA,1470.7334571999963,1470.7471908000298,1470.7471908000298,1470.7471908000298,1470.7471908000298,1470.7339880999643,NA,NA,NA,NA,NA,NA,NA,NA,NA,NA,040,001,2025-10-13_14h13.20.423,Study_5_PsychoPy_Experiment,2024.1.5,NA,2025-10-13 14h13.33.117199 +0100
Belief,Reg,FALSE,N,NB-TB-K,TT_NB,PsychoPyStudy5Stim/TT_NB_6.png,Adam THINKS there is ONE cube,One,b,h,N,PropFalse,N,0,220,220,190,1470.7471908000298,NA,NA,NA,NA,NA,NA,NA,NA,NA,1470.7343828999435,3.1599996145814e-4,1470.8302846000297,1471.213840499986,1471.3140862999717,1473.3139666999923,1473.7140984999714,1473.815714999917,1473.815714999917,1476.5009494000117,h,1,2.6782339999917895,NA,1476.50189710001,1476.513880399987,1476.513880399987,1476.513880399987,1476.513880399987,1476.502701099962,NA,NA,NA,NA,NA,NA,NA,NA,NA,NA,040,001,2025-10-13_14h13.20.423,Study_5_PsychoPy_Experiment,2024.1.5,NA,2025-10-13 14h13.33.117199 +0100
Reality,Reg,FALSE,N,NB-TB-K,TT_NB,PsychoPyStudy5Stim/TT_NB_2.png,"In REALITY, there are ZERO cubes",Zero,b,h,N,PropFalse,N,0,221,221,195,1476.513880399987,NA,NA,NA,NA,NA,NA,NA,NA,NA,1476.5033244999358,4.5990000944584e-4,1476.597038100008,1476.9805102000246,1477.0806893999688,1479.080704199965,1479.4805720000295,1479.5824349999891,1479.5824349999891,1480.666552799987,h,1,1.0713260000338778,NA,1480.6671856999164,1480.680574900005,1480.680574900005,1480.680574900005,1480.680574900005,1480.6679109999675,NA,NA,NA,NA,NA,NA,NA,NA,NA,NA,040,001,2025-10-13_14h13.20.423,Study_5_PsychoPy_Experiment,2024.1.5,NA,2025-10-13 14h13.33.117199 +0100
Belief,Reg,TRUE,N,FB-Ig,B_TT,PsychoPyStudy5Stim/B_TT_1.png,Adam THINKS there are ZERO cubes,Zero,h,b,N,-,Y,0,222,222,326,1480.680574900005,NA,NA,NA,NA,NA,NA,NA,NA,NA,1480.6684191999957,3.9770000148564e-4,1480.764957199921,1481.1472902999958,1481.2473669999745,1483.247241199948,1483.647306800005,1483.7491017000284,1483.7491017000284,1486.0497220000252,b,1,2.2889566000085324,NA,1486.0502934999531,1486.0638541999506,1486.0638541999506,1486.0638541999506,1486.0638541999506,1486.0509095999878,NA,NA,NA,NA,NA,NA,NA,NA,NA,NA,040,001,2025-10-13_14h13.20.423,Study_5_PsychoPy_Experiment,2024.1.5,NA,2025-10-13 14h13.33.117199 +0100
Belief,Neg,TRUE,N,NB-TB-K,TT_NB,PsychoPyStudy5Stim/TT_NB_1.png,Adam does NOT THINK there is ONE cube,One,h,b,Y,-,N,0,223,223,60,1486.0638541999506,NA,NA,NA,NA,NA,NA,NA,NA,NA,1486.05136459996,3.3910002093762e-4,1486.150929199997,1486.5306087000065,1486.630756999948,1488.6307050000178,1489.0307526999386,1489.1324842999456,1489.1324842999456,1492.983286499977,b,1,3.8419272999744862,NA,1492.98395299993,1492.9971738000168,1492.9971738000168,1492.9971738000168,1492.9971738000168,1492.9846545999171,NA,NA,NA,NA,NA,NA,NA,NA,NA,NA,040,001,2025-10-13_14h13.20.423,Study_5_PsychoPy_Experiment,2024.1.5,NA,2025-10-13 14h13.33.117199 +0100
Belief,Neg,FALSE,N,TB-K,TD_B,PsychoPyStudy5Stim/TD_B_4.png,Adam does NOT THINK there is ONE cube,One,b,h,Y,PropFalse,N,0,224,224,123,1492.9971738000168,NA,NA,NA,NA,NA,NA,NA,NA,NA,1492.985164499958,3.9890001062303e-4,1493.0790279000066,1493.4638050999492,1493.5640995999563,1495.564037499949,1495.9639407999348,1496.0657218999695,1496.0657218999695,1499.0157851999393,h,1,2.9403787000337616,NA,1499.016084800009,1499.0302672999678,1499.0302672999678,1499.0302672999678,1499.0302672999678,1499.016399999964,NA,NA,NA,NA,NA,NA,NA,NA,NA,NA,040,001,2025-10-13_14h13.20.423,Study_5_PsychoPy_Experiment,2024.1.5,NA,2025-10-13 14h13.33.117199 +0100
Reality,Reg,TRUE,N,TB-K-B,TT_B,PsychoPyStudy5Stim/TT_B_4.png,"In REALITY, there are TWO cubes",Two,h,b,N,-,N,0,225,225,252,1499.0302672999678,NA,NA,NA,NA,NA,NA,NA,NA,NA,1499.0166102999356,1.6779999714344e-4,1499.1124179000035,1499.4970161999809,1499.597081999993,1501.5972441999477,1501.9971451999154,1502.099035399966,1502.099035399966,1503.3334302000003,b,1,1.2186688999645412,NA,1503.3341702999314,1503.3471779000247,1503.3471779000247,1503.3471779000247,1503.3471779000247,1503.334954699967,NA,NA,NA,NA,NA,NA,NA,NA,NA,NA,040,001,2025-10-13_14h13.20.423,Study_5_PsychoPy_Experiment,2024.1.5,NA,2025-10-13 14h13.33.117199 +0100
Knowledge,Neg,TRUE,N,NB-TB-K,TT_NB,PsychoPyStudy5Stim/TT_NB_2.png,Adam does NOT KNOW there is ONE cube,One,h,b,Y,-,N,0,226,226,57,1503.3471779000247,NA,NA,NA,NA,NA,NA,NA,NA,NA,1503.3355103000067,4.6050001401454e-4,1503.4179451999953,1503.7969406999182,1503.8970011000056,1505.897360199946,1506.29714099993,1506.3990623999853,1506.3990623999853,1508.4165745999198,h,0,2.00665580003988,NA,1508.416887099971,1508.4303629000206,1508.4303629000206,1508.4303629000206,1508.4303629000206,1508.4172140000155,NA,NA,NA,NA,NA,NA,NA,NA,NA,NA,040,001,2025-10-13_14h13.20.423,Study_5_PsychoPy_Experiment,2024.1.5,NA,2025-10-13 14h13.33.117199 +0100
Reality,Reg,TRUE,N,FB-Ig,B_TT,PsychoPyStudy5Stim/B_TT_3.png,"In REALITY, there are TWO cubes",Two,h,b,N,-,N,0,227,227,333,1508.4303629000206,NA,NA,NA,NA,NA,NA,NA,NA,NA,1508.4174244999886,1.6799999866634e-4,1508.514327300014,1508.8972303000046,1508.9973452999257,1510.9972977000289,1511.3971571000293,1511.498981899931,1511.498981899931,1517.1657933000242,b,1,5.65892889990937,NA,1517.166075599962,1517.180577400024,1517.180577400024,1517.180577400024,1517.180577400024,1517.166389800026,NA,NA,NA,NA,NA,NA,NA,NA,NA,NA,040,001,2025-10-13_14h13.20.423,Study_5_PsychoPy_Experiment,2024.1.5,NA,2025-10-13 14h13.33.117199 +0100
Knowledge,Reg,FALSE,N,TB-K-B,DD_B,PsychoPyStudy5Stim/DD_B_1.png,Adam KNOWS there is ONE cube,One,b,h,N,PropFalse,N,0,228,228,224,1517.180577400024,NA,NA,NA,NA,NA,NA,NA,NA,NA,1517.1665968999732,1.6559998039156e-4,1517.2738881999394,1517.64693789999,1517.746931899921,1519.7472425999586,1520.1471420000307,1520.248926899978,1520.248926899978,1523.416579099954,h,1,3.166408500052057,NA,1523.4171241000297,1523.4302267999155,1523.4302267999155,1523.4302267999155,1523.4302267999155,1523.4177413999569,NA,NA,NA,NA,NA,NA,NA,NA,NA,NA,040,001,2025-10-13_14h13.20.423,Study_5_PsychoPy_Experiment,2024.1.5,NA,2025-10-13 14h13.33.117199 +0100
Knowledge,Reg,TRUE,N,TB-K-B,DD_B,PsychoPyStudy5Stim/DD_B_3.png,Adam KNOWS there are ZERO cubes,Zero,h,b,N,-,N,0,229,229,217,1523.4302267999155,NA,NA,NA,NA,NA,NA,NA,NA,NA,1523.4181651999245,3.3279997296631e-4,1523.5007626999868,1523.880152099999,1523.980339600006,1525.980574499932,1526.3805923999753,1526.482079199981,1526.482079199981,1527.2990245999536,b,1,0.8114076000638306,NA,1527.2993064000038,1527.3135494999588,1527.3135494999588,1527.3135494999588,1527.3135494999588,1527.299617499928,NA,NA,NA,NA,NA,NA,NA,NA,NA,NA,040,001,2025-10-13_14h13.20.423,Study_5_PsychoPy_Experiment,2024.1.5,NA,2025-10-13 14h13.33.117199 +0100
Knowledge,Reg,TRUE,N,NB-TB-K,DT_NB,PsychoPyStudy5Stim/TD_NB_1.png,Adam KNOWS there is ONE cube,One,h,b,N,-,N,0,230,230,163,1527.3135494999588,NA,NA,NA,NA,NA,NA,NA,NA,NA,1527.2998202999588,1.6120006330311e-4,1527.3942959000124,1527.763802899979,1527.8636986999772,1529.8637711999472,1530.2638097999152,1530.36565469997,1530.36565469997,1531.3830396999838,b,1,1.0009509000228718,NA,1531.383578100009,1531.3970211999258,1531.3970211999258,1531.3970211999258,1531.3970211999258,1531.3841778999197,NA,NA,NA,NA,NA,NA,NA,NA,NA,NA,040,001,2025-10-13_14h13.20.423,Study_5_PsychoPy_Experiment,2024.1.5,NA,2025-10-13 14h13.33.117199 +0100
Belief,Reg,TRUE,N,FB-Ig,B_TT,PsychoPyStudy5Stim/B_TT_2.png,Adam THINKS there are ZERO cubes,Zero,h,b,N,-,Y,0,231,231,327,1531.3970211999258,NA,NA,NA,NA,NA,NA,NA,NA,NA,1531.384600499994,3.3180008176714e-4,1531.4929090000223,1531.8636853999924,1531.963928299956,1533.9638332999311,1534.3636455999222,1534.465275099967,1534.465275099967,1535.34898349992,b,1,0.8683053000131622,NA,1535.34927659994,1535.363501899992,1535.363501899992,1535.363501899992,1535.363501899992,1535.3496689000167,NA,NA,NA,NA,NA,NA,NA,NA,NA,NA,040,001,2025-10-13_14h13.20.423,Study_5_PsychoPy_Experiment,2024.1.5,NA,2025-10-13 14h13.33.117199 +0100
Belief,Neg,TRUE,N,NB-TB-K,TT_NB,PsychoPyStudy5Stim/TT_NB_3.png,Adam does NOT THINK there is ONE cube,One,h,b,Y,-,N,0,232,232,62,1535.363501899992,NA,NA,NA,NA,NA,NA,NA,NA,NA,1535.3498785999836,1.6789999790489e-4,1535.4322396999924,1535.8137024999596,1535.9138655000131,1537.9138309999837,1538.313873999985,1538.4156019999646,1538.4156019999646,1541.71638420003,b,1,3.286575200036168,NA,1541.716969299945,1541.7302691999355,1541.7302691999355,1541.7302691999355,1541.7302691999355,1541.7176542999223,NA,NA,NA,NA,NA,NA,NA,NA,NA,NA,040,001,2025-10-13_14h13.20.423,Study_5_PsychoPy_Experiment,2024.1.5,NA,2025-10-13 14h13.33.117199 +0100
Belief,Reg,FALSE,N,FB-Ig,T_B_T,PsychoPyStudy5Stim/T_B_T_2.png,Adam THINKS there are ZERO cubes,Zero,b,h,N,PropFalse,N,0,233,233,284,1541.7302691999355,NA,NA,NA,NA,NA,NA,NA,NA,NA,1541.718142699916,3.9319996722042e-4,1541.8311332999729,1542.2134707999649,1542.3135743000312,1544.313790999935,1544.7137541000266,1544.8154371000128,1544.8154371000128,1546.2331315999618,h,1,1.4148999999742955,NA,1546.2337350000162,1546.2470074000305,1546.2470074000305,1546.2470074000305,1546.2470074000305,1546.2344307999592,NA,NA,NA,NA,NA,NA,NA,NA,NA,NA,040,001,2025-10-13_14h13.20.423,Study_5_PsychoPy_Experiment,2024.1.5,NA,2025-10-13 14h13.33.117199 +0100
Knowledge,Neg,FALSE,N,TB-K,TD_B,PsychoPyStudy5Stim/TD_B_7.png,Adam does NOT KNOW there is ONE cube,One,b,h,Y,PropFalse,N,0,234,234,118,1546.2470074000305,NA,NA,NA,NA,NA,NA,NA,NA,NA,1546.2349080999848,3.7339993286877e-4,1546.3293835999211,1546.7136915000156,1546.813852299936,1548.8138553999595,1549.2137295999564,1549.315426999936,1549.315426999936,1557.8828926000278,h,1,8.555224300012924,NA,1557.8834348999662,1557.8969607999315,1557.8969607999315,1557.8969607999315,1557.8969607999315,1557.884077799972,NA,NA,NA,NA,NA,NA,NA,NA,NA,NA,040,001,2025-10-13_14h13.20.423,Study_5_PsychoPy_Experiment,2024.1.5,NA,2025-10-13 14h13.33.117199 +0100
Knowledge,Neg,TRUE,Y,FB-Ig,D_B_T,PsychoPyStudy5Stim/D_B_T_5.png,Adam does NOT KNOW there is ONE cube,One,h,b,Y,-,N,0,235,235,12,1557.8969607999315,NA,NA,NA,NA,NA,NA,NA,NA,NA,1557.884508399991,3.6179996095597e-4,1557.9752931999974,1558.3467613999965,1558.446864499943,1560.4470348999605,1560.8470514999935,1560.9488730999874,1560.9488730999874,1567.9654716999505,b,1,7.001338299945928,NA,1567.9657615999458,1567.9800712999422,1567.9800712999422,1567.9800712999422,1567.9800712999422,1567.9660834999522,NA,NA,NA,NA,NA,NA,NA,NA,NA,NA,040,001,2025-10-13_14h13.20.423,Study_5_PsychoPy_Experiment,2024.1.5,NA,2025-10-13 14h13.33.117199 +0100
Belief,Reg,FALSE,N,NB-TB-K,TT_NB,PsychoPyStudy5Stim/TT_NB_8.png,Adam THINKS there are ZERO cubes,Zero,b,h,N,PropFalse,N,0,236,236,188,1567.9800712999422,NA,NA,NA,NA,NA,NA,NA,NA,NA,1567.966306700022,1.7969997134059e-4,1568.0502934999531,1568.430163900019,1568.5305387999397,1570.5302627999336,1570.9301547999494,1571.0318322000094,1571.0318322000094,1572.0001847000094,h,1,0.957743600010872,NA,1572.0010188999586,1572.0135432999814,1572.0135432999814,1572.0135432999814,1572.0135432999814,1572.001902799937,NA,NA,NA,NA,NA,NA,NA,NA,NA,NA,040,001,2025-10-13_14h13.20.423,Study_5_PsychoPy_Experiment,2024.1.5,NA,2025-10-13 14h13.33.117199 +0100
Belief,Neg,FALSE,N,TB-K,TT_B,PsychoPyStudy5Stim/TT_B_4.png,Adam does NOT THINK there are TWO cubes,Two,b,h,Y,PropFalse,N,0,237,237,99,1572.0135432999814,NA,NA,NA,NA,NA,NA,NA,NA,NA,1572.0026142999995,5.7130004279315e-4,1572.0948168999748,1572.4801072999835,1572.580187399988,1574.580443099956,1574.9803874000208,1575.0822266999166,1575.0822266999166,1580.565793399932,b,0,5.4671520999399945,NA,1580.5661728000268,1580.5801319999157,1580.5801319999157,1580.5801319999157,1580.5801319999157,1580.5666592000052,NA,NA,NA,NA,NA,NA,NA,NA,NA,NA,040,001,2025-10-13_14h13.20.423,Study_5_PsychoPy_Experiment,2024.1.5,NA,2025-10-13 14h13.33.117199 +0100
Belief,Neg,TRUE,Y,FB-Ig,D_B_T,PsychoPyStudy5Stim/D_B_T_7.png,Adam does NOT THINK there is ONE cube,One,h,b,Y,-,N,0,238,238,30,1580.5801319999157,NA,NA,NA,NA,NA,NA,NA,NA,NA,1580.5669823000208,2.5529996491968e-4,1580.6628539999947,1581.0466631000163,1581.146813099971,1583.1470402999548,1583.546972299926,1583.6487887999974,1583.6487887999974,1586.7659570999676,b,1,3.108946399996057,NA,1586.7664619999705,1586.780151600018,1586.780151600018,1586.780151600018,1586.780151600018,1586.767071899958,NA,NA,NA,NA,NA,NA,NA,NA,NA,NA,040,001,2025-10-13_14h13.20.423,Study_5_PsychoPy_Experiment,2024.1.5,NA,2025-10-13 14h13.33.117199 +0100
Belief,Reg,FALSE,N,NB-TB-K,TT_NB,PsychoPyStudy5Stim/TT_NB_2.png,Adam THINKS there are ZERO cubes,Zero,b,h,N,PropFalse,N,0,239,239,182,1586.780151600018,NA,NA,NA,NA,NA,NA,NA,NA,NA,1586.7674589999951,3.0449999030679e-4,1586.8499611000298,1587.230095900013,1587.330180699937,1589.3303380999714,1589.730130199925,1589.8319084999384,1589.8319084999384,1593.750037599937,h,1,3.902066099923104,NA,1593.7508630999364,1593.7636174999643,1593.7636174999643,1593.7636174999643,1593.7636174999643,1593.7517904000124,NA,NA,NA,NA,NA,NA,NA,NA,NA,NA,040,001,2025-10-13_14h13.20.423,Study_5_PsychoPy_Experiment,2024.1.5,NA,2025-10-13 14h13.33.117199 +0100
Knowledge,Neg,FALSE,N,TB-K,TT_B,PsychoPyStudy5Stim/TT_B_4.png,Adam does NOT KNOW there are TWO cubes,Two,b,h,Y,PropFalse,N,0,240,240,91,1593.7636174999643,NA,NA,NA,NA,NA,NA,NA,NA,NA,1593.752431800007,5.0009996630251e-4,1593.8496474999702,1594.2299719000002,1594.3302043000003,1596.3303577000042,1596.7300931999926,1596.832139599952,1596.832139599952,1600.5828239999246,h,1,3.742166699958034,NA,1600.5834633000195,1600.5968342999695,1600.5968342999695,1600.5968342999695,1600.5968342999695,1600.5841379999183,NA,NA,NA,NA,NA,NA,NA,NA,NA,NA,040,001,2025-10-13_14h13.20.423,Study_5_PsychoPy_Experiment,2024.1.5,NA,2025-10-13 14h13.33.117199 +0100
Knowledge,Neg,TRUE,N,NB-TB-K,TT_NB,PsychoPyStudy5Stim/TT_NB_1.png,Adam does NOT KNOW there is ONE cube,One,h,b,Y,-,N,0,241,241,56,1600.5968342999695,NA,NA,NA,NA,NA,NA,NA,NA,NA,1600.5846434999255,3.7460005842149e-4,1600.6770198999438,1601.0467011999572,1601.1468939000042,1603.1469802999636,1603.5469089000253,1603.648703099927,1603.648703099927,1611.7661399999631,b,1,8.100853199954145,NA,1611.7667069999734,1611.7801447999664,1611.7801447999664,1611.7801447999664,1611.7801447999664,1611.7673417999176,NA,NA,NA,NA,NA,NA,NA,NA,NA,NA,040,001,2025-10-13_14h13.20.423,Study_5_PsychoPy_Experiment,2024.1.5,NA,2025-10-13 14h13.33.117199 +0100
Belief,Neg,FALSE,N,TB-K,TT_B,PsychoPyStudy5Stim/TT_B_8.png,Adam does NOT THINK there are TWO cubes,Two,b,h,Y,PropFalse,N,0,242,242,103,1611.7801447999664,NA,NA,NA,NA,NA,NA,NA,NA,NA,1611.7677920999704,3.5430002026259e-4,1611.8647230999777,1612.2466304999543,1612.3467814999167,1614.3468878000276,1614.7468880999368,1614.8486899000127,1614.8486899000127,1623.249527900014,h,1,8.396771400002763,NA,1623.2500988999382,1623.2633792000124,1623.2633792000124,1623.2633792000124,1623.2633792000124,1623.2507598999655,NA,NA,NA,NA,NA,NA,NA,NA,NA,NA,040,001,2025-10-13_14h13.20.423,Study_5_PsychoPy_Experiment,2024.1.5,NA,2025-10-13 14h13.33.117199 +0100
Belief,Reg,TRUE,N,NB-TB-K,DT_NB,PsychoPyStudy5Stim/TD_NB_2.png,Adam THINKS there is ONE cube,One,h,b,N,-,N,0,243,243,166,1623.2633792000124,NA,NA,NA,NA,NA,NA,NA,NA,NA,1623.2511926000006,3.3710000570863e-4,1623.344126699958,1623.713256399962,1623.8133373999735,1625.8135894000295,1626.213577699964,1626.315302999923,1626.315302999923,1629.9163718000054,b,1,3.586252300068736,NA,1629.9171021999791,1629.930142599973,1629.930142599973,1629.930142599973,1629.930142599973,1629.9179921000032,NA,NA,NA,NA,NA,NA,NA,NA,NA,NA,040,001,2025-10-13_14h13.20.423,Study_5_PsychoPy_Experiment,2024.1.5,NA,2025-10-13 14h13.33.117199 +0100
Belief,Neg,TRUE,Y,FB-Ig,T_B_T,PsychoPyStudy5Stim/T_B_T_6.png,Adam does NOT THINK there are TWO cubes,Two,h,b,Y,-,N,0,244,244,21,1629.930142599973,NA,NA,NA,NA,NA,NA,NA,NA,NA,1629.9185752000194,4.5609998051077e-4,1630.022724899929,1630.396782999975,1630.4969096999848,1632.4969337999355,1632.8966590999626,1632.99862009997,1632.99862009997,1635.549732799991,b,1,2.5427841000491753,NA,1635.550428599934,1635.5633880000096,1635.5633880000096,1635.5633880000096,1635.5633880000096,1635.5511410000036,NA,NA,NA,NA,NA,NA,NA,NA,NA,NA,040,001,2025-10-13_14h13.20.423,Study_5_PsychoPy_Experiment,2024.1.5,NA,2025-10-13 14h13.33.117199 +0100
Knowledge,Reg,FALSE,N,FB-Ig,D_B_T,PsychoPyStudy5Stim/D_B_T_5.png,Adam KNOWS there are TWO cubes,Two,b,h,N,PropFalse,N,0,245,245,295,1635.5633880000096,NA,NA,NA,NA,NA,NA,NA,NA,NA,1635.5516892999876,4.3639994692057e-4,1635.6464004999723,1636.030106100021,1636.1301215999993,1638.1301167999627,1638.5301753999663,1638.6318873999408,1638.6318873999408,1644.0489360999782,h,1,5.4146271999925375,NA,1644.0493527000071,1644.0633368999695,1644.0633368999695,1644.0633368999695,1644.0633368999695,1644.0498003999237,NA,NA,NA,NA,NA,NA,NA,NA,NA,NA,040,001,2025-10-13_14h13.20.423,Study_5_PsychoPy_Experiment,2024.1.5,NA,2025-10-13 14h13.33.117199 +0100
Knowledge,Reg,FALSE,N,FB-Ig,T_B_T,PsychoPyStudy5Stim/T_B_T_6.png,Adam KNOWS there are ZERO cubes,Zero,b,h,N,PropFalse,N,0,246,246,280,1644.0633368999695,NA,NA,NA,NA,NA,NA,NA,NA,NA,1644.0500988999847,2.3550004698336e-4,1644.1436955999816,1644.513417799957,1644.613495199941,1646.6135174999945,1647.0132211999735,1647.114906999981,1647.114906999981,1650.782488099998,h,1,3.659458999987691,NA,1650.7830041999696,1650.7965406000149,1650.7965406000149,1650.7965406000149,1650.7965406000149,1650.7836438999511,NA,NA,NA,NA,NA,NA,NA,NA,NA,NA,040,001,2025-10-13_14h13.20.423,Study_5_PsychoPy_Experiment,2024.1.5,NA,2025-10-13 14h13.33.117199 +0100
Reality,Reg,TRUE,N,TB-K-B,TD_B,PsychoPyStudy5Stim/TD_B_2.png,"In REALITY, there is ONE cube",One,h,b,N,-,N,0,247,247,271,1650.7965406000149,NA,NA,NA,NA,NA,NA,NA,NA,NA,1650.7840346000155,3.0590000096708e-4,1650.8722017999971,1651.2467696999663,1651.3468965999782,1653.3466066999829,1653.7468273999402,1653.8484591000015,1653.8484591000015,1654.8494503999827,b,1,0.9973463000496848,NA,1654.850093999994,1654.863366000005,1654.863366000005,1654.863366000005,1654.863366000005,1654.8508597000036,NA,NA,NA,NA,NA,NA,NA,NA,NA,NA,040,001,2025-10-13_14h13.20.423,Study_5_PsychoPy_Experiment,2024.1.5,NA,2025-10-13 14h13.33.117199 +0100
Belief,Reg,FALSE,N,FB-Ig,D_B_T,PsychoPyStudy5Stim/D_B_T_6.png,Adam THINKS there are TWO cubes,Two,b,h,N,PropFalse,N,0,248,248,304,1654.863366000005,NA,NA,NA,NA,NA,NA,NA,NA,NA,1654.8513815000188,4.0869996882975e-4,1654.9481624999316,1655.3300556999166,1655.430142099969,1657.430144199985,1657.8300379000138,1657.9318797999294,1657.9318797999294,1658.9995720000006,h,1,1.0657782000489533,NA,1659.0002337999176,1659.0133175000085,1659.0133175000085,1659.0133175000085,1659.0133175000085,1659.0009954000125,NA,NA,NA,NA,NA,NA,NA,NA,NA,NA,040,001,2025-10-13_14h13.20.423,Study_5_PsychoPy_Experiment,2024.1.5,NA,2025-10-13 14h13.33.117199 +0100
Belief,Reg,FALSE,N,TB-K-B,TD_B,PsychoPyStudy5Stim/TD_B_8.png,Adam THINKS there are ZERO cubes,Zero,b,h,N,PropFalse,N,0,249,249,270,1659.0133175000085,NA,NA,NA,NA,NA,NA,NA,NA,NA,1659.0015092999674,4.010999109596e-4,1659.1011289999587,1659.480023299926,1659.580087899929,1661.580169999972,1661.9800554999383,1662.0818419000134,1662.0818419000134,1663.632189200027,h,1,1.5475575000746176,NA,1663.632466699928,1663.6465811999517,1663.6465811999517,1663.6465811999517,1663.6465811999517,1663.6327861999162,NA,NA,NA,NA,NA,NA,NA,NA,NA,NA,040,001,2025-10-13_14h13.20.423,Study_5_PsychoPy_Experiment,2024.1.5,NA,2025-10-13 14h13.33.117199 +0100
Belief,Reg,TRUE,N,NB-TB-K,TT_NB,PsychoPyStudy5Stim/TT_NB_7.png,Adam THINKS there are TWO cubes,Two,h,b,N,-,N,0,250,250,179,1663.6465811999517,NA,NA,NA,NA,NA,NA,NA,NA,NA,1663.6329909999622,1.630000770092e-4,1663.715973999933,1664.0965130999684,1664.1968073999742,1666.196700099972,1666.596690999926,1666.698492800002,1666.698492800002,1668.6995119999629,b,1,1.9951637999620289,NA,1668.700178799918,1668.713298399933,1668.713298399933,1668.713298399933,1668.713298399933,1668.7009134999244,NA,NA,NA,NA,NA,NA,NA,NA,NA,NA,040,001,2025-10-13_14h13.20.423,Study_5_PsychoPy_Experiment,2024.1.5,NA,2025-10-13 14h13.33.117199 +0100
Belief,Neg,FALSE,N,TB-K,TD_B,PsychoPyStudy5Stim/TD_B_5.png,Adam does NOT THINK there is ONE cube,One,b,h,Y,PropFalse,N,0,251,251,124,1668.713298399933,NA,NA,NA,NA,NA,NA,NA,NA,NA,1668.7014320000308,4.0500005707144e-4,1668.8059597000247,1669.179922799929,1669.2800544999773,1671.2801563999385,1671.6801144999918,1671.7818854999496,1671.7818854999496,1677.448486099951,b,0,5.655925399973057,NA,1677.4487783999648,1677.463635199936,NA,1677.463635199936,NA,1679.181536499993,space,1.7104191000107676,NA,NA,NA,NA,NA,NA,NA,NA,040,001,2025-10-13_14h13.20.423,Study_5_PsychoPy_Experiment,2024.1.5,NA,2025-10-13 14h13.33.117199 +0100
Knowledge,Neg,FALSE,N,NB-TB-K,T_NB,PsychoPyStudy5Stim/T_NB_8.png,Adam does NOT KNOW there is ONE cube,One,b,h,Y,PropFalse,N,0,252,252,47,1679.1965990000172,NA,NA,NA,NA,NA,NA,NA,NA,NA,1679.1822720000057,3.3740000799298e-4,1679.2832257000264,1679.663275699946,1679.7634155999403,1681.7634412000189,1682.163380999933,1682.2651837000158,1682.2651837000158,1687.8167332999874,h,1,5.548224100028165,NA,1687.817631599959,1687.829979199916,1687.829979199916,1687.829979199916,1687.829979199916,1687.819919899921,NA,NA,NA,NA,NA,NA,NA,NA,NA,NA,040,001,2025-10-13_14h13.20.423,Study_5_PsychoPy_Experiment,2024.1.5,NA,2025-10-13 14h13.33.117199 +0100
Knowledge,Reg,TRUE,N,NB-TB-K,DT_NB,PsychoPyStudy5Stim/TD_NB_2.png,Adam KNOWS there is ONE cube,One,h,b,N,-,N,0,253,253,164,1687.829979199916,NA,NA,NA,NA,NA,NA,NA,NA,NA,1687.820639799931,5.5269990116357e-4,1687.9165712000104,1688.296619599918,1688.3967059999704,1690.396733099944,1690.79656789999,1690.8984338999726,1690.8984338999726,1693.2497480999446,b,1,2.3394552000099793,NA,1693.2505545000313,1693.2632389999926,1693.2632389999926,1693.2632389999926,1693.2632389999926,1693.2514670999954,NA,NA,NA,NA,NA,NA,NA,NA,NA,NA,040,001,2025-10-13_14h13.20.423,Study_5_PsychoPy_Experiment,2024.1.5,NA,2025-10-13 14h13.33.117199 +0100
Knowledge,Neg,TRUE,Y,FB-Ig,T_B_T,PsychoPyStudy5Stim/T_B_T_1.png,Adam does NOT KNOW there are TWO cubes,Two,h,b,Y,-,N,0,254,254,0,1693.2632389999926,NA,NA,NA,NA,NA,NA,NA,NA,NA,1693.2521415000083,5.3670001216232e-4,1693.3467166000046,1693.7298508000094,1693.8299580999883,1695.8299630000256,1696.2300446999725,1696.331825100002,1696.331825100002,1699.2991270999191,b,1,2.9533361999783665,NA,1699.2996753000189,1699.3131814999506,1699.3131814999506,1699.3131814999506,1699.3131814999506,1699.3002837999957,NA,NA,NA,NA,NA,NA,NA,NA,NA,NA,040,001,2025-10-13_14h13.20.423,Study_5_PsychoPy_Experiment,2024.1.5,NA,2025-10-13 14h13.33.117199 +0100
Belief,Reg,TRUE,N,TB-Ig,D_B,PsychoPyStudy5Stim/D_B_3.png,Adam THINKS there are ZERO cubes,Zero,h,b,N,-,Y,0,255,255,202,1699.3131814999506,NA,NA,NA,NA,NA,NA,NA,NA,NA,1699.300717899925,3.4089991822838e-4,1699.3875779999653,1699.7632670999735,1699.863127999939,1701.863236199948,1702.2634141999297,1702.3651413000189,1702.3651413000189,1704.0318632000126,b,1,1.664647200028412,NA,1704.032156899921,1704.046474099974,1704.046474099974,1704.046474099974,1704.046474099974,1704.0324768000282,NA,NA,NA,NA,NA,NA,NA,NA,NA,NA,040,001,2025-10-13_14h13.20.423,Study_5_PsychoPy_Experiment,2024.1.5,NA,2025-10-13 14h13.33.117199 +0100
Belief,Reg,FALSE,N,NB-TB-K,TT_NB,PsychoPyStudy5Stim/TT_NB_2.png,Adam THINKS there is ONE cube,One,b,h,N,PropFalse,N,0,256,256,189,1704.046474099974,NA,NA,NA,NA,NA,NA,NA,NA,NA,1704.0326838999754,1.6289995983242e-4,1704.1157542000292,1704.4965314000146,1704.5966856000014,1706.596545599983,1706.9964242000133,1707.0980728999712,1707.0980728999712,1707.9322044999572,h,1,0.8276333999820054,NA,1707.93272469996,1707.9464813999366,1707.9464813999366,1707.9464813999366,1707.9464813999366,1707.9332769999746,NA,NA,NA,NA,NA,NA,NA,NA,NA,NA,040,001,2025-10-13_14h13.20.423,Study_5_PsychoPy_Experiment,2024.1.5,NA,2025-10-13 14h13.33.117199 +0100
Belief,Neg,TRUE,N,NB-TB-K,TT_NB,PsychoPyStudy5Stim/TT_NB_2.png,Adam does NOT THINK there is ONE cube,One,h,b,Y,-,N,0,257,257,61,1707.9464813999366,NA,NA,NA,NA,NA,NA,NA,NA,NA,1707.93369049998,3.3069995697587e-4,1708.023627599934,1708.396466300008,1708.4966296999482,1710.4964031999698,1710.896626999951,1710.9983145999722,1710.9983145999722,1713.0828253999352,b,1,2.079985999967903,NA,1713.083563699969,1713.096493199933,1713.096493199933,1713.096493199933,1713.096493199933,1713.0843265999574,NA,NA,NA,NA,NA,NA,NA,NA,NA,NA,040,001,2025-10-13_14h13.20.423,Study_5_PsychoPy_Experiment,2024.1.5,NA,2025-10-13 14h13.33.117199 +0100
Belief,Reg,FALSE,N,TB-K-B,DD_B,PsychoPyStudy5Stim/DD_B_5.png,Adam THINKS there is ONE cube,One,b,h,N,PropFalse,N,0,258,258,236,1713.096493199933,NA,NA,NA,NA,NA,NA,NA,NA,NA,1713.084858799935,4.1129998862743e-4,1713.1682008999633,1713.5465526999906,1713.6466390999267,1715.646539599984,1716.0466033000266,1716.1482205999782,1716.1482205999782,1717.4493857999332,h,1,1.2899720000568775,NA,1717.4500210999977,1717.4631531999912,1717.4631531999912,1717.4631531999912,1717.4631531999912,1717.4507664999692,NA,NA,NA,NA,NA,NA,NA,NA,NA,NA,040,001,2025-10-13_14h13.20.423,Study_5_PsychoPy_Experiment,2024.1.5,NA,2025-10-13 14h13.33.117199 +0100
Belief,Reg,FALSE,N,TB-K-B,DD_B,PsychoPyStudy5Stim/DD_B_4.png,Adam THINKS there is ONE cube,One,b,h,N,PropFalse,N,0,259,259,235,1717.4631531999912,NA,NA,NA,NA,NA,NA,NA,NA,NA,1717.4513097000308,4.3490005191415e-4,1717.5442639000248,1717.9295743999537,1718.02967660001,1720.029910299927,1720.4298360999674,1720.531591399922,1720.531591399922,1721.2323264000006,h,1,0.6902010999619961,NA,1721.2328710999573,1721.2464470999548,1721.2464470999548,1721.2464470999548,1721.2464470999548,1721.2334798999364,NA,NA,NA,NA,NA,NA,NA,NA,NA,NA,040,001,2025-10-13_14h13.20.423,Study_5_PsychoPy_Experiment,2024.1.5,NA,2025-10-13 14h13.33.117199 +0100
Belief,Neg,FALSE,N,TB-K,TD_B,PsychoPyStudy5Stim/TD_B_7.png,Adam does NOT THINK there is ONE cube,One,b,h,Y,PropFalse,N,0,260,260,126,1721.2464470999548,NA,NA,NA,NA,NA,NA,NA,NA,NA,1721.2339030000148,3.3130007795989e-4,1721.3312400999712,1721.7129300999222,1721.8130413999315,1723.8133134000236,1724.2130485000089,1724.3149430999763,1724.3149430999763,1728.9322810999583,b,0,4.610635999939404,NA,1728.9328011999603,1728.9464162000222,1728.9464162000222,1728.9464162000222,1728.9464162000222,1728.9333490999416,NA,NA,NA,NA,NA,NA,NA,NA,NA,NA,040,001,2025-10-13_14h13.20.423,Study_5_PsychoPy_Experiment,2024.1.5,NA,2025-10-13 14h13.33.117199 +0100
Knowledge,Reg,TRUE,N,TB-K-B,TT_B,PsychoPyStudy5Stim/TT_B_8.png,Adam KNOWS there are TWO cubes,Two,h,b,N,-,N,0,261,261,244,1728.9464162000222,NA,NA,NA,NA,NA,NA,NA,NA,NA,1728.9337601999289,3.0770001467317e-4,1729.0280687999912,1729.4129490000196,1729.513009199989,1731.5132734000215,1731.9132643999765,1732.014966099989,1732.014966099989,1735.6329285999527,b,1,3.606289500021376,NA,1735.633717700024,1735.6464537000284,1735.6464537000284,1735.6464537000284,1735.6464537000284,1735.6346274999669,NA,NA,NA,NA,NA,NA,NA,NA,NA,NA,040,001,2025-10-13_14h13.20.423,Study_5_PsychoPy_Experiment,2024.1.5,NA,2025-10-13 14h13.33.117199 +0100
Knowledge,Reg,TRUE,N,TB-K-B,TD_B,PsychoPyStudy5Stim/TD_B_7.png,Adam KNOWS there is ONE cube,One,h,b,N,-,N,0,262,262,257,1735.6464537000284,NA,NA,NA,NA,NA,NA,NA,NA,NA,1735.6352571999887,4.9300002865493e-4,1735.7203950999535,1736.096426300006,1736.1965406999225,1738.1965342999902,1738.596568699926,1738.698275599978,1738.698275599978,1742.0659171999432,b,1,3.3546654999954626,NA,1742.0666343999328,1742.0797594999894,1742.0797594999894,1742.0797594999894,1742.0797594999894,1742.0673645000206,NA,NA,NA,NA,NA,NA,NA,NA,NA,NA,040,001,2025-10-13_14h13.20.423,Study_5_PsychoPy_Experiment,2024.1.5,NA,2025-10-13 14h13.33.117199 +0100
Knowledge,Reg,FALSE,N,FB-Ig,D_B_T,PsychoPyStudy5Stim/D_B_T_8.png,Adam KNOWS there are TWO cubes,Two,b,h,N,PropFalse,N,0,263,263,298,1742.0797594999894,NA,NA,NA,NA,NA,NA,NA,NA,NA,1742.0679115999956,4.3010001536458e-4,1742.165620099986,1742.546147499932,1742.6462973000016,1744.6464324999831,1745.0465381999966,1745.1482438999228,1745.1482438999228,1746.0825476999162,h,1,0.9207942999200897,NA,1746.08321479999,1746.096423399984,1746.096423399984,1746.096423399984,1746.096423399984,1746.0839336999925,NA,NA,NA,NA,NA,NA,NA,NA,NA,NA,040,001,2025-10-13_14h13.20.423,Study_5_PsychoPy_Experiment,2024.1.5,NA,2025-10-13 14h13.33.117199 +0100
Knowledge,Reg,FALSE,N,NB-TB-K,DD_NB,PsychoPyStudy5Stim/DD_NB_7.png,Adam KNOWS there is ONE cube,One,b,h,N,PropFalse,N,0,264,264,155,1746.096423399984,NA,NA,NA,NA,NA,NA,NA,NA,NA,1746.0844501999673,4.0159991476684e-4,1746.183181499946,1746.5628963999916,1746.6632912999485,1748.6631153000053,1749.0631536999715,1749.164867399959,1749.164867399959,1750.8987037999325,h,1,1.720390500035137,NA,1750.8991701999912,1750.9130074999994,1750.9130074999994,1750.9130074999994,1750.9130074999994,1750.8997037999798,NA,NA,NA,NA,NA,NA,NA,NA,NA,NA,040,001,2025-10-13_14h13.20.423,Study_5_PsychoPy_Experiment,2024.1.5,NA,2025-10-13 14h13.33.117199 +0100
Belief,Neg,TRUE,N,NB-TB-K,T_NB,PsychoPyStudy5Stim/T_NB_4.png,Adam does NOT THINK there are TWO cubes,Two,h,b,Y,-,N,0,265,265,39,1750.9130074999994,NA,NA,NA,NA,NA,NA,NA,NA,NA,1750.900064599933,2.8340006247162e-4,1750.9923380999826,1751.3629542000126,1751.4629457999254,1753.4629741000244,1753.8630843999565,1753.9646643999731,1753.9646643999731,1760.8488547999875,b,1,6.873096599942073,NA,1760.849344599992,1760.8629120999249,1760.8629120999249,1760.8629120999249,1760.8629120999249,1760.849895599997,NA,NA,NA,NA,NA,NA,NA,NA,NA,NA,040,001,2025-10-13_14h13.20.423,Study_5_PsychoPy_Experiment,2024.1.5,NA,2025-10-13 14h13.33.117199 +0100
Belief,Reg,TRUE,N,TB-K-B,TD_B,PsychoPyStudy5Stim/TD_B_6.png,Adam THINKS there is ONE cube,One,h,b,N,-,N,0,266,266,260,1760.8629120999249,NA,NA,NA,NA,NA,NA,NA,NA,NA,1760.850279700011,3.0030007474124e-4,1760.9447663999165,1761.3296678999905,1761.429806399974,1763.4297264999475,1763.8297147999983,1763.9315212999936,1763.9315212999936,1765.3157819999617,b,1,1.377950599999167,NA,1765.316452399944,1765.3296795999631,1765.3296795999631,1765.3296795999631,1765.3296795999631,1765.3171700999374,NA,NA,NA,NA,NA,NA,NA,NA,NA,NA,040,001,2025-10-13_14h13.20.423,Study_5_PsychoPy_Experiment,2024.1.5,NA,2025-10-13 14h13.33.117199 +0100
Knowledge,Reg,FALSE,N,FB-Ig,B_TT,PsychoPyStudy5Stim/B_TT_3.png,Adam KNOWS there are ZERO cubes,Zero,b,h,N,PropTrueNoKnow,Y,0,267,267,323,1765.3296795999631,NA,NA,NA,NA,NA,NA,NA,NA,NA,1765.317715000012,4.3620006181299e-4,1765.4112424999475,1765.7962519000284,1765.8963074999629,1767.8964574999409,1768.2964018000057,1768.398268799996,1768.398268799996,1770.2655617999844,h,1,1.854998900089413,NA,1770.2661232999526,1770.2796267999802,1770.2796267999802,1770.2796267999802,1770.2796267999802,1770.266750299954,NA,NA,NA,NA,NA,NA,NA,NA,NA,NA,040,001,2025-10-13_14h13.20.423,Study_5_PsychoPy_Experiment,2024.1.5,NA,2025-10-13 14h13.33.117199 +0100
Knowledge,Reg,FALSE,N,FB-Ig,B_TT,PsychoPyStudy5Stim/B_TT_5.png,Adam KNOWS there are ZERO cubes,Zero,b,h,N,PropTrueNoKnow,Y,0,268,268,325,1770.2796267999802,NA,NA,NA,NA,NA,NA,NA,NA,NA,1770.2672067999374,3.6179996095597e-4,1770.3595397999743,1770.729691299959,1770.8298326999648,1772.829840500024,1773.229762099916,1773.331566400011,1773.331566400011,1775.181621399941,h,1,1.834368500043638,NA,1775.1819056000097,1775.1961490999674,1775.1961490999674,1775.1961490999674,1775.1961490999674,1775.1822214999702,NA,NA,NA,NA,NA,NA,NA,NA,NA,NA,040,001,2025-10-13_14h13.20.423,Study_5_PsychoPy_Experiment,2024.1.5,NA,2025-10-13 14h13.33.117199 +0100
Knowledge,Reg,TRUE,N,TB-K-B,TT_B,PsychoPyStudy5Stim/TT_B_7.png,Adam KNOWS there are TWO cubes,Two,h,b,N,-,N,0,269,269,243,1775.1961490999674,NA,NA,NA,NA,NA,NA,NA,NA,NA,1775.182428699918,1.6529997810721e-4,1775.2762501999969,1775.6463519999525,1775.7464364999903,1777.7464406000215,1778.1463050999446,1778.248116199975,1778.248116199975,1778.798586399993,b,1,0.5410335999913514,NA,1778.7990768000018,1778.8129185999278,1778.8129185999278,1778.8129185999278,1778.8129185999278,1778.7995968000032,NA,NA,NA,NA,NA,NA,NA,NA,NA,NA,040,001,2025-10-13_14h13.20.423,Study_5_PsychoPy_Experiment,2024.1.5,NA,2025-10-13 14h13.33.117199 +0100
Knowledge,Neg,FALSE,N,TB-K,TT_B,PsychoPyStudy5Stim/TT_B_6.png,Adam does NOT KNOW there are TWO cubes,Two,b,h,Y,PropFalse,N,0,270,270,93,1778.8129185999278,NA,NA,NA,NA,NA,NA,NA,NA,NA,1778.799962799996,2.8619996737688e-4,1778.8946448999925,1779.279607899953,1779.3797309999354,1781.3797623999417,1781.7796878999798,1781.8814689000135,1781.8814689000135,1785.915813999949,h,1,4.028296499978751,NA,1785.9164494000142,1785.92958440003,1785.92958440003,1785.92958440003,1785.92958440003,1785.9171654999957,NA,NA,NA,NA,NA,NA,NA,NA,NA,NA,040,001,2025-10-13_14h13.20.423,Study_5_PsychoPy_Experiment,2024.1.5,NA,2025-10-13 14h13.33.117199 +0100
Belief,Reg,TRUE,N,TB-K-B,DD_B,PsychoPyStudy5Stim/DD_B_6.png,Adam THINKS there are ZERO cubes,Zero,h,b,N,-,N,0,271,271,231,1785.92958440003,NA,NA,NA,NA,NA,NA,NA,NA,NA,1785.9176758999238,4.0140002965927e-4,1786.0157891999695,1786.3960401000222,1786.496283799992,1788.496318200021,1788.8962836000137,1788.998079599929,1788.998079599929,1790.3986984000076,b,1,1.3915783999254927,NA,1790.399166499963,1790.4128269000212,1790.4128269000212,1790.4128269000212,1790.4128269000212,1790.3996715999674,NA,NA,NA,NA,NA,NA,NA,NA,NA,NA,040,001,2025-10-13_14h13.20.423,Study_5_PsychoPy_Experiment,2024.1.5,NA,2025-10-13 14h13.33.117199 +0100
Belief,Neg,TRUE,N,TB-K,TD_B,PsychoPyStudy5Stim/TD_B_4.png,Adam does NOT THINK there are TWO cubes,Two,h,b,Y,-,N,0,272,272,111,1790.4128269000212,NA,NA,NA,NA,NA,NA,NA,NA,NA,1790.400039399974,2.8789998032152e-4,1790.4940866000252,1790.8796325000003,1790.9798171999864,1792.9797196999425,1793.3796388999326,1793.4815375999317,1793.4815375999317,1800.1157750999555,b,1,6.628416400053538,NA,1800.116439000005,1800.1295522999717,1800.1295522999717,1800.1295522999717,1800.1295522999717,1800.1171511999564,NA,NA,NA,NA,NA,NA,NA,NA,NA,NA,040,001,2025-10-13_14h13.20.423,Study_5_PsychoPy_Experiment,2024.1.5,NA,2025-10-13 14h13.33.117199 +0100
Reality,Reg,FALSE,N,TB-K-B,TT_B,PsychoPyStudy5Stim/TT_B_5.png,"In REALITY, there are ZERO cubes",Zero,b,h,N,PropFalse,N,0,273,273,253,1800.1295522999717,NA,NA,NA,NA,NA,NA,NA,NA,NA,1800.1176579999735,3.9790000300854e-4,1800.2036646999186,1800.5793355000203,1800.6794506999431,1802.679721500026,1803.0795775000008,1803.1813199999744,1803.1813199999744,1804.0649396999504,h,1,0.8723527999827638,NA,1804.065229299944,1804.0794152999297,1804.0794152999297,1804.0794152999297,1804.0794152999297,1804.0655560999876,NA,NA,NA,NA,NA,NA,NA,NA,NA,NA,040,001,2025-10-13_14h13.20.423,Study_5_PsychoPy_Experiment,2024.1.5,NA,2025-10-13 14h13.33.117199 +0100
Knowledge,Neg,TRUE,Y,FB-Ig,T_B_T,PsychoPyStudy5Stim/T_B_T_3.png,Adam does NOT KNOW there are TWO cubes,Two,h,b,Y,-,N,0,274,274,2,1804.0794152999297,NA,NA,NA,NA,NA,NA,NA,NA,NA,1804.0657608999172,1.6160006634891e-4,1804.1612063000211,1804.5460571999429,1804.646277099964,1806.6464782999828,1807.04634989996,1807.1480887000216,1807.1480887000216,1812.515817699954,b,1,5.36143169994466,NA,1812.5165151000256,1812.5295081000077,1812.5295081000077,1812.5295081000077,1812.5295081000077,1812.5172910999972,NA,NA,NA,NA,NA,NA,NA,NA,NA,NA,040,001,2025-10-13_14h13.20.423,Study_5_PsychoPy_Experiment,2024.1.5,NA,2025-10-13 14h13.33.117199 +0100
Knowledge,Neg,FALSE,N,TB-K,TT_B,PsychoPyStudy5Stim/TT_B_2.png,Adam does NOT KNOW there are TWO cubes,Two,b,h,Y,PropFalse,N,0,275,275,89,1812.5295081000077,NA,NA,NA,NA,NA,NA,NA,NA,NA,1812.5178921999177,4.311999073252e-4,1812.6131347999908,1812.9961433999704,1813.0963380999165,1815.0963858999312,1815.4962759999323,1815.5979905999263,1815.5979905999263,1816.8981969000304,h,1,1.287286499980837,NA,1816.898478899966,1816.9126197999576,1816.9126197999576,1816.9126197999576,1816.9126197999576,1816.8987934999168,NA,NA,NA,NA,NA,NA,NA,NA,NA,NA,040,001,2025-10-13_14h13.20.423,Study_5_PsychoPy_Experiment,2024.1.5,NA,2025-10-13 14h13.33.117199 +0100
Reality,Reg,FALSE,N,NB-TB-K,T_NB,PsychoPyStudy5Stim/T_NB_7.png,"In REALITY, there are ZERO cubes",Zero,b,h,N,PropFalse,N,0,276,276,146,1816.9126197999576,NA,NA,NA,NA,NA,NA,NA,NA,NA,1816.898999099969,1.6219995450228e-4,1816.9820665000009,1817.3626068999292,1817.4627339999424,1819.4628437999636,1819.8630240999628,1819.9647446000015,1819.9647446000015,1820.7324062000264,h,1,0.7602064000675455,NA,1820.7330975999355,1820.7461915999884,1820.7461915999884,1820.7461915999884,1820.7461915999884,1820.733866299968,NA,NA,NA,NA,NA,NA,NA,NA,NA,NA,040,001,2025-10-13_14h13.20.423,Study_5_PsychoPy_Experiment,2024.1.5,NA,2025-10-13 14h13.33.117199 +0100
Belief,Neg,TRUE,Y,FB-Ig,D_B_T,PsychoPyStudy5Stim/D_B_T_2.png,Adam does NOT THINK there is ONE cube,One,h,b,Y,-,N,0,277,277,25,1820.7461915999884,NA,NA,NA,NA,NA,NA,NA,NA,NA,1820.7344067000083,4.234000807628e-4,1820.8350179999832,1821.2126142999623,1821.3127427999864,1823.3129565999843,1823.7130308999913,1823.8146261000072,1823.8146261000072,1825.9813487000065,b,1,2.1503820000216365,NA,1825.9816460999427,1825.995913599967,1825.995913599967,1825.995913599967,1825.995913599967,1825.9819703999672,NA,NA,NA,NA,NA,NA,NA,NA,NA,NA,040,001,2025-10-13_14h13.20.423,Study_5_PsychoPy_Experiment,2024.1.5,NA,2025-10-13 14h13.33.117199 +0100
Knowledge,Reg,TRUE,N,NB-TB-K,DD_NB,PsychoPyStudy5Stim/DD_NB_8.png,Adam KNOWS there are ZERO cubes,Zero,h,b,N,-,N,0,278,278,154,1825.995913599967,NA,NA,NA,NA,NA,NA,NA,NA,NA,1825.9821858999785,1.6900000628083e-4,1826.0819361999163,1826.4629041999576,1826.5630251999248,1828.563001399976,1828.962865300011,1829.0646523999749,1829.0646523999749,1830.0493287999416,b,1,0.9804822000442072,NA,1830.050128199975,1830.0628755999496,1830.0628755999496,1830.0628755999496,1830.0628755999496,1830.051051700022,NA,NA,NA,NA,NA,NA,NA,NA,NA,NA,040,001,2025-10-13_14h13.20.423,Study_5_PsychoPy_Experiment,2024.1.5,NA,2025-10-13 14h13.33.117199 +0100
Knowledge,Reg,FALSE,N,FB-Ig,D_B_T,PsychoPyStudy5Stim/D_B_T_3.png,Adam KNOWS there are TWO cubes,Two,b,h,N,PropFalse,N,0,279,279,293,1830.0628755999496,NA,NA,NA,NA,NA,NA,NA,NA,NA,1830.0516792000271,4.8919999971985e-4,1830.1502121000085,1830.52951709996,1830.6296792000064,1832.629645999987,1833.0295029999688,1833.1313087999588,1833.1313087999588,1834.7156798000217,h,1,1.569893900072202,NA,1834.7163116999436,1834.7294500999851,1834.7294500999851,1834.7294500999851,1834.7294500999851,1834.717033999972,NA,NA,NA,NA,NA,NA,NA,NA,NA,NA,040,001,2025-10-13_14h13.20.423,Study_5_PsychoPy_Experiment,2024.1.5,NA,2025-10-13 14h13.33.117199 +0100
Knowledge,Neg,TRUE,N,TB-K,TT_B,PsychoPyStudy5Stim/TT_B_1.png,Adam does NOT KNOW there is ONE cube,One,h,b,Y,-,N,0,280,280,80,1834.7294500999851,NA,NA,NA,NA,NA,NA,NA,NA,NA,1834.7175152000273,3.7569995038211e-4,1834.8100715000185,1835.1794874999905,1835.2796314000152,1837.2796334000304,1837.6794827999547,1837.781300999923,1837.781300999923,1845.998226900003,b,1,8.201293699909002,NA,1845.9986058999784,1846.0126592000015,1846.0126592000015,1846.0126592000015,1846.0126592000015,1845.9990300999489,NA,NA,NA,NA,NA,NA,NA,NA,NA,NA,040,001,2025-10-13_14h13.20.423,Study_5_PsychoPy_Experiment,2024.1.5,NA,2025-10-13 14h13.33.117199 +0100
Knowledge,Reg,FALSE,N,FB-Ig,B_T,PsychoPyStudy5Stim/B_T_5.png,Adam KNOWS there are ZERO cubes,Zero,b,h,N,PropTrueNoKnow,Y,0,281,281,311,1846.0126592000015,NA,NA,NA,NA,NA,NA,NA,NA,NA,1845.9993170999223,2.2679998073726e-4,1846.0979292999257,1846.4794495999813,1846.5795819999184,1848.579531299998,1848.9795040999304,1849.0812599000055,1849.0812599000055,1850.4155311000068,h,1,1.32412080001086,NA,1850.4161623999244,1850.4293708999176,1850.4293708999176,1850.4293708999176,1850.4293708999176,1850.4169059999983,NA,NA,NA,NA,NA,NA,NA,NA,NA,NA,040,001,2025-10-13_14h13.20.423,Study_5_PsychoPy_Experiment,2024.1.5,NA,2025-10-13 14h13.33.117199 +0100
Reality,Reg,TRUE,N,TB-K-B,TD_B,PsychoPyStudy5Stim/TD_B_4.png,"In REALITY, there is ONE cube",One,h,b,N,-,N,0,282,282,272,1850.4293708999176,NA,NA,NA,NA,NA,NA,NA,NA,NA,1850.4174498999491,4.3519993778318e-4,1850.51010710001,1850.87945030001,1850.9795389999636,1852.979496099986,1853.3794036000036,1853.4812930999324,1853.4812930999324,1855.3154556999216,b,1,1.8284497999120504,NA,1855.3160385999363,1855.3293713999449,1855.3293713999449,1855.3293713999449,1855.3293713999449,1855.3166281000013,NA,NA,NA,NA,NA,NA,NA,NA,NA,NA,040,001,2025-10-13_14h13.20.423,Study_5_PsychoPy_Experiment,2024.1.5,NA,2025-10-13 14h13.33.117199 +0100
Knowledge,Neg,FALSE,N,TB-K,TT_B,PsychoPyStudy5Stim/TT_B_3.png,Adam does NOT KNOW there are TWO cubes,Two,b,h,Y,PropFalse,N,0,283,283,90,1855.3293713999449,NA,NA,NA,NA,NA,NA,NA,NA,NA,1855.3170800999503,3.3619999885559e-4,1855.4010217000032,1855.7791336999508,1855.879305499955,1857.8795144999167,1858.2795404000208,1858.381245699944,1858.381245699944,1859.448759999941,h,1,1.064174500061199,NA,1859.4493488000007,1859.4626814000076,1859.4626814000076,1859.4626814000076,1859.4626814000076,1859.4499534999488,NA,NA,NA,NA,NA,NA,NA,NA,NA,NA,040,001,2025-10-13_14h13.20.423,Study_5_PsychoPy_Experiment,2024.1.5,NA,2025-10-13 14h13.33.117199 +0100
Knowledge,Reg,FALSE,N,FB-Ig,D_B_T,PsychoPyStudy5Stim/D_B_T_2.png,Adam KNOWS there are TWO cubes,Two,b,h,N,PropFalse,N,0,284,284,292,1859.4626814000076,NA,NA,NA,NA,NA,NA,NA,NA,NA,1859.4504170999865,3.6880001425743e-4,1859.5421591999475,1859.912726099952,1860.0128672999565,1862.0128275000025,1862.4127502000192,1862.51441850001,1862.51441850001,1865.2321019999215,h,1,2.706654099980369,NA,1865.232701699948,1865.246070699999,1865.246070699999,1865.246070699999,1865.246070699999,1865.2334455000237,NA,NA,NA,NA,NA,NA,NA,NA,NA,NA,040,001,2025-10-13_14h13.20.423,Study_5_PsychoPy_Experiment,2024.1.5,NA,2025-10-13 14h13.33.117199 +0100
Belief,Neg,FALSE,N,NB-TB-K,T_NB,PsychoPyStudy5Stim/T_NB_6.png,Adam does NOT THINK there is ONE cube,One,b,h,Y,PropFalse,N,0,285,285,53,1865.246070699999,NA,NA,NA,NA,NA,NA,NA,NA,NA,1865.2339216999244,3.9940001443028e-4,1865.3315317999804,1865.712678799988,1865.8128823000009,1867.812887799926,1868.2127893000145,1868.314543599961,1868.314543599961,1875.465364399948,b,0,7.146459399955347,NA,1875.465945899952,1875.4793484000256,1875.4793484000256,1875.4793484000256,1875.4793484000256,1875.4665544999295,NA,NA,NA,NA,NA,NA,NA,NA,NA,NA,040,001,2025-10-13_14h13.20.423,Study_5_PsychoPy_Experiment,2024.1.5,NA,2025-10-13 14h13.33.117199 +0100
Knowledge,Reg,TRUE,N,NB-TB-K,D_NB,PsychoPyStudy5Stim/D_NB_4.png,Adam KNOWS there are ZERO cubes,Zero,h,b,N,-,N,0,286,286,131,1875.4793484000256,NA,NA,NA,NA,NA,NA,NA,NA,NA,1875.4670134999324,3.6790000740438e-4,1875.5599198000273,1875.9293703000296,1876.029486299958,1878.029397699982,1878.4294533999637,1878.5312074000249,1878.5312074000249,1879.7319353999335,b,1,1.1857096999883652,NA,1879.7325071999803,1879.7459273999557,1879.7459273999557,1879.7459273999557,1879.7459273999557,1879.7331294999456,NA,NA,NA,NA,NA,NA,NA,NA,NA,NA,040,001,2025-10-13_14h13.20.423,Study_5_PsychoPy_Experiment,2024.1.5,NA,2025-10-13 14h13.33.117199 +0100
Belief,Neg,FALSE,N,NB-TB-K,T_NB,PsychoPyStudy5Stim/T_NB_4.png,Adam does NOT THINK there is ONE cube,One,b,h,Y,PropFalse,N,0,287,287,51,1879.7459273999557,NA,NA,NA,NA,NA,NA,NA,NA,NA,1879.733579199994,3.5249989014118e-4,1879.8253654999423,1880.1959820999764,1880.2960980000207,1882.296177299926,1882.6960560999576,1882.7978456999408,1882.7978456999408,1886.965023799916,b,0,4.150823600008152,NA,1886.9654552999416,1886.979185699951,1886.979185699951,1886.979185699951,1886.979185699951,1886.965967600001,NA,NA,NA,NA,NA,NA,NA,NA,NA,NA,040,001,2025-10-13_14h13.20.423,Study_5_PsychoPy_Experiment,2024.1.5,NA,2025-10-13 14h13.33.117199 +0100
Knowledge,Neg,TRUE,N,NB-TB-K,TT_NB,PsychoPyStudy5Stim/TT_NB_4.png,Adam does NOT KNOW there is ONE cube,One,h,b,Y,-,N,0,288,288,59,1886.979185699951,NA,NA,NA,NA,NA,NA,NA,NA,NA,1886.9663568999383,2.8780009597539e-4,1887.0477240999464,1887.429018500028,1887.5294316000072,1889.529478100012,1889.929409399978,1890.0312667000107,1890.0312667000107,1899.3660854999907,b,1,9.325847100000829,NA,1899.366937899962,1899.3793652999448,1899.3793652999448,1899.3793652999448,1899.3793652999448,1899.367973599932,NA,NA,NA,NA,NA,NA,NA,NA,NA,NA,040,001,2025-10-13_14h13.20.423,Study_5_PsychoPy_Experiment,2024.1.5,NA,2025-10-13 14h13.33.117199 +0100
Belief,Reg,FALSE,N,FB-Ig,T_B_T,PsychoPyStudy5Stim/T_B_T_7.png,Adam THINKS there are ZERO cubes,Zero,b,h,N,PropFalse,N,0,289,289,289,1899.3793652999448,NA,NA,NA,NA,NA,NA,NA,NA,NA,1899.368659599917,5.3489999845623e-4,1899.4685644999845,1899.845956999925,1899.9460775000043,1901.9460351000307,1902.3459988000104,1902.4478272999404,1902.4478272999404,1904.2988288999768,h,1,1.8374893000582233,NA,1904.2995021999816,1904.3125499000307,1904.3125499000307,1904.3125499000307,1904.3125499000307,1904.3002315999472,NA,NA,NA,NA,NA,NA,NA,NA,NA,NA,040,001,2025-10-13_14h13.20.423,Study_5_PsychoPy_Experiment,2024.1.5,NA,2025-10-13 14h13.33.117199 +0100
Belief,Neg,TRUE,Y,FB-Ig,T_B_T,PsychoPyStudy5Stim/T_B_T_3.png,Adam does NOT THINK there are TWO cubes,Two,h,b,Y,-,N,0,290,290,18,1904.3125499000307,NA,NA,NA,NA,NA,NA,NA,NA,NA,1904.300739899976,3.969999961555e-4,1904.395116199972,1904.7790607999775,1904.8791506999405,1906.8794466999825,1907.2791656999616,1907.3809475000016,1907.3809475000016,1909.232658999972,b,1,1.839778200024739,NA,1909.2334393999772,1909.2459244999336,1909.2459244999336,1909.2459244999336,1909.2459244999336,1909.23437369999,NA,NA,NA,NA,NA,NA,NA,NA,NA,NA,040,001,2025-10-13_14h13.20.423,Study_5_PsychoPy_Experiment,2024.1.5,NA,2025-10-13 14h13.33.117199 +0100
Belief,Reg,TRUE,N,TB-K-B,DD_B,PsychoPyStudy5Stim/DD_B_7.png,Adam THINKS there are ZERO cubes,Zero,h,b,N,-,N,0,291,291,232,1909.2459244999336,NA,NA,NA,NA,NA,NA,NA,NA,NA,1909.2350929999957,5.0500000361353e-4,1909.3287421999264,1909.7126086999197,1909.8125756999943,1911.8126545000125,1912.2126661000077,1912.3144188999431,1912.3144188999431,1913.865431400016,b,1,1.54741430003196,NA,1913.866115699988,1913.8792345999973,1913.8792345999973,1913.8792345999973,1913.8792345999973,1913.8668316999683,NA,NA,NA,NA,NA,NA,NA,NA,NA,NA,040,001,2025-10-13_14h13.20.423,Study_5_PsychoPy_Experiment,2024.1.5,NA,2025-10-13 14h13.33.117199 +0100
Belief,Reg,TRUE,N,TB-K-B,TD_B,PsychoPyStudy5Stim/TD_B_5.png,Adam THINKS there is ONE cube,One,h,b,N,-,N,0,292,292,259,1913.8792345999973,NA,NA,NA,NA,NA,NA,NA,NA,NA,1913.8673446999164,3.9940001443028e-4,1913.95060630003,1914.3291791999943,1914.429317299975,1916.429379499983,1916.8293736999624,1916.931074299966,1916.931074299966,1924.215440799948,b,1,7.267323200008832,NA,1924.2161168999737,1924.2291871999623,1924.2291871999623,1924.2291871999623,1924.2291871999623,1924.216904599918,NA,NA,NA,NA,NA,NA,NA,NA,NA,NA,040,001,2025-10-13_14h13.20.423,Study_5_PsychoPy_Experiment,2024.1.5,NA,2025-10-13 14h13.33.117199 +0100
Reality,Reg,TRUE,N,NB-TB-K,TT_NB,PsychoPyStudy5Stim/TT_NB_5.png,"In REALITY, there are TWO cubes",Two,h,b,N,-,N,0,293,293,193,1924.2291871999623,NA,NA,NA,NA,NA,NA,NA,NA,NA,1924.2174849000296,4.6189990825951e-4,1924.298130100011,1924.67906330002,1924.7792278999696,1926.7793314999435,1927.1792693999596,1927.2811029999284,1927.2811029999284,1928.2988511000297,b,1,1.0036542000016198,NA,1928.299569200026,1928.3125476000132,1928.3125476000132,1928.3125476000132,1928.3125476000132,1928.300389799988,NA,NA,NA,NA,NA,NA,NA,NA,NA,NA,040,001,2025-10-13_14h13.20.423,Study_5_PsychoPy_Experiment,2024.1.5,NA,2025-10-13 14h13.33.117199 +0100
Belief,Neg,FALSE,N,NB-TB-K,TT_NB,PsychoPyStudy5Stim/TT_NB_7.png,Adam does NOT THINK there are TWO cubes,Two,b,h,Y,PropFalse,N,0,294,294,78,1928.3125476000132,NA,NA,NA,NA,NA,NA,NA,NA,NA,1928.300970799988,4.5500008855015e-4,1928.395766100031,1928.7791895000264,1928.8793264999983,1930.8792328999843,1931.2792971000308,1931.3810711000117,1931.3810711000117,1936.0815369000193,b,0,4.688322399975732,NA,1936.0820142999291,1936.0957321999597,1936.0957321999597,1936.0957321999597,1936.0957321999597,1936.0825449000113,NA,NA,NA,NA,NA,NA,NA,NA,NA,NA,040,001,2025-10-13_14h13.20.423,Study_5_PsychoPy_Experiment,2024.1.5,NA,2025-10-13 14h13.33.117199 +0100
Knowledge,Neg,TRUE,N,NB-TB-K,T_NB,PsychoPyStudy5Stim/T_NB_1.png,Adam does NOT KNOW there are TWO cubes,Two,h,b,Y,-,N,0,295,295,32,1936.0957321999597,NA,NA,NA,NA,NA,NA,NA,NA,NA,1936.0829108000032,2.8569996356964e-4,1936.170650299988,1936.545827099937,1936.645943699987,1938.645998599939,1939.0458679000149,1939.1475698000288,1939.1475698000288,1944.3652587999825,b,1,5.209971299977042,NA,1944.365894299932,1944.379144000006,1944.379144000006,1944.379144000006,1944.379144000006,1944.3666257000295,NA,NA,NA,NA,NA,NA,NA,NA,NA,NA,040,001,2025-10-13_14h13.20.423,Study_5_PsychoPy_Experiment,2024.1.5,NA,2025-10-13 14h13.33.117199 +0100
Reality,Reg,TRUE,N,NB-TB-K,DD_NB,PsychoPyStudy5Stim/DD_NB_4.png,"In REALITY, there are ZERO cubes",Zero,h,b,N,-,N,0,296,296,160,1944.379144000006,NA,NA,NA,NA,NA,NA,NA,NA,NA,1944.3671329999345,3.9900001138448e-4,1944.4668639999584,1944.8456762999997,1944.9458252999464,1946.9458525999216,1947.3456157000037,1947.4473040000305,1947.4473040000305,1949.4649413999869,b,1,2.013312399969436,NA,1949.4654198000208,1949.479070800007,1949.479070800007,1949.479070800007,1949.479070800007,1949.4659703000216,NA,NA,NA,NA,NA,NA,NA,NA,NA,NA,040,001,2025-10-13_14h13.20.423,Study_5_PsychoPy_Experiment,2024.1.5,NA,2025-10-13 14h13.33.117199 +0100
Knowledge,Reg,FALSE,N,FB-Ig,T_B_T,PsychoPyStudy5Stim/T_B_T_5.png,Adam KNOWS there are ZERO cubes,Zero,b,h,N,PropFalse,N,0,297,297,279,1949.479070800007,NA,NA,NA,NA,NA,NA,NA,NA,NA,1949.466337300022,2.8709997422993e-4,1949.5738309000153,1949.9457203999627,1950.045757999993,1952.0458834000165,1952.445666500018,1952.547465199954,1952.547465199954,1953.5485095999904,h,1,0.9940751000540332,NA,1953.5491540000075,1953.562393900007,1953.562393900007,1953.562393900007,1953.562393900007,1953.54991349997,NA,NA,NA,NA,NA,NA,NA,NA,NA,NA,040,001,2025-10-13_14h13.20.423,Study_5_PsychoPy_Experiment,2024.1.5,NA,2025-10-13 14h13.33.117199 +0100
Knowledge,Neg,TRUE,Y,FB-Ig,T_B_T,PsychoPyStudy5Stim/T_B_T_2.png,Adam does NOT KNOW there are TWO cubes,Two,h,b,Y,-,N,0,298,298,1,1953.562393900007,NA,NA,NA,NA,NA,NA,NA,NA,NA,1953.5504198999845,4.695999668911e-4,1953.6450453000143,1954.0289675999663,1954.1293620999204,1956.1292787999848,1956.5291481999448,1956.6309279999696,1956.6309279999696,1958.9811008999825,b,1,2.33331180003006,NA,1958.9813959000169,1958.9956720999908,1958.9956720999908,1958.9956720999908,1958.9956720999908,1958.9817321000155,NA,NA,NA,NA,NA,NA,NA,NA,NA,NA,040,001,2025-10-13_14h13.20.423,Study_5_PsychoPy_Experiment,2024.1.5,NA,2025-10-13 14h13.33.117199 +0100
Belief,Reg,FALSE,N,FB-Ig,T_B_T,PsychoPyStudy5Stim/T_B_T_6.png,Adam THINKS there are ZERO cubes,Zero,b,h,N,PropFalse,N,0,299,299,288,1958.9956720999908,NA,NA,NA,NA,NA,NA,NA,NA,NA,1958.981939899968,1.6469997353851e-4,1959.063937800005,1959.445789200021,1959.5458916999632,1961.5457684999565,1961.9458998999328,1962.0476171999471,1962.0476171999471,1963.24817409995,h,1,1.1894088999833912,NA,1963.248683599988,1963.2623537000036,1963.2623537000036,1963.2623537000036,1963.2623537000036,1963.2492833000144,NA,NA,NA,NA,NA,NA,NA,NA,NA,NA,040,001,2025-10-13_14h13.20.423,Study_5_PsychoPy_Experiment,2024.1.5,NA,2025-10-13 14h13.33.117199 +0100
Knowledge,Neg,FALSE,N,NB-TB-K,TT_NB,PsychoPyStudy5Stim/TT_NB_6.png,Adam does NOT KNOW there are TWO cubes,Two,b,h,Y,PropFalse,N,0,300,300,69,1963.2623537000036,NA,NA,NA,NA,NA,NA,NA,NA,NA,1963.2496709999396,3.0189997050911e-4,1963.337762699928,1963.7121607000008,1963.8123651000203,1965.8125346000304,1966.2124527000124,1966.314311199938,1966.314311199938,1970.798547799932,h,1,4.4749451000243425,NA,1970.799221699941,1970.812358899973,1970.812358899973,1970.812358899973,1970.812358899973,1970.7999278999632,NA,NA,NA,NA,NA,NA,NA,NA,NA,NA,040,001,2025-10-13_14h13.20.423,Study_5_PsychoPy_Experiment,2024.1.5,NA,2025-10-13 14h13.33.117199 +0100
Knowledge,Reg,FALSE,N,FB-Ig,T_B_T,PsychoPyStudy5Stim/T_B_T_8.png,Adam KNOWS there are ZERO cubes,Zero,b,h,N,PropFalse,N,0,301,301,282,1970.812358899973,NA,NA,NA,NA,NA,NA,NA,NA,NA,1970.8005041999277,4.6540005132555e-4,1970.897610999993,1971.2789573000043,1971.3792563999305,1973.379132199916,1973.7790630999953,1973.8808440000284,1973.8808440000284,1974.748566000024,h,1,0.8521003000205383,NA,1974.7492411999265,1974.7623361999867,1974.7623361999867,1974.7623361999867,1974.7623361999867,1974.7499550000064,NA,NA,NA,NA,NA,NA,NA,NA,NA,NA,040,001,2025-10-13_14h13.20.423,Study_5_PsychoPy_Experiment,2024.1.5,NA,2025-10-13 14h13.33.117199 +0100
Reality,Reg,FALSE,N,TB-Ig,D_B,PsychoPyStudy5Stim/D_B_3.png,"In REALTY, there are TWO cubes",Two,b,h,N,-,N,0,302,302,205,1974.7623361999867,NA,NA,NA,NA,NA,NA,NA,NA,NA,1974.7504914000165,3.9860000833868e-4,1974.8435593999457,1975.2288753999164,1975.329225900001,1977.3290900000136,1977.729124699952,1977.8308303999947,1977.8308303999947,1979.9823498999467,h,1,2.149900499964133,NA,1979.9830762000056,1979.995710899937,1979.995710899937,1979.995710899937,1979.995710899937,1979.9839416999605,NA,NA,NA,NA,NA,NA,NA,NA,NA,NA,040,001,2025-10-13_14h13.20.423,Study_5_PsychoPy_Experiment,2024.1.5,NA,2025-10-13 14h13.33.117199 +0100
Knowledge,Neg,TRUE,Y,FB-Ig,T_B_T,PsychoPyStudy5Stim/T_B_T_7.png,Adam does NOT KNOW there are TWO cubes,Two,h,b,Y,-,N,0,303,303,6,1979.995710899937,NA,NA,NA,NA,NA,NA,NA,NA,NA,1979.984523699968,4.5150006189942e-4,1980.069316499983,1980.4456296999704,1980.5458885999396,1982.545765899937,1982.9458299999824,1983.0476246000037,1983.0476246000037,1984.7318300999468,b,1,1.6770663000643251,NA,1984.732469099923,1984.745646999916,1984.745646999916,1984.745646999916,1984.745646999916,1984.7332365999464,NA,NA,NA,NA,NA,NA,NA,NA,NA,NA,040,001,2025-10-13_14h13.20.423,Study_5_PsychoPy_Experiment,2024.1.5,NA,2025-10-13 14h13.33.117199 +0100
Reality,Reg,FALSE,N,TB-K-B,DD_B,PsychoPyStudy5Stim/DD_B_9.png,"In REALITY, there are TWO cubes",Two,b,h,N,PropFalse,N,0,304,304,240,1984.745646999916,NA,NA,NA,NA,NA,NA,NA,NA,NA,1984.7337838999229,4.3650006409734e-4,1984.8323415999769,1985.2123803999275,1985.3122824999737,1987.3123721999584,1987.7124393000267,1987.8141731999349,1987.8141731999349,1990.2483988999156,h,1,2.4223827000241727,NA,1990.2490664999932,1990.2623151999433,1990.2623151999433,1990.2623151999433,1990.2623151999433,1990.249773800024,NA,NA,NA,NA,NA,NA,NA,NA,NA,NA,040,001,2025-10-13_14h13.20.423,Study_5_PsychoPy_Experiment,2024.1.5,NA,2025-10-13 14h13.33.117199 +0100
Reality,Reg,TRUE,N,NB-TB-K,T_NB,PsychoPyStudy5Stim/T_NB_6.png,"In REALITY, there is ONE cube",One,h,b,N,-,N,0,305,305,145,1990.2623151999433,NA,NA,NA,NA,NA,NA,NA,NA,NA,1990.25029180001,4.0470005478709e-4,1990.3435162999667,1990.728947800002,1990.8290824999567,1992.8291004999776,1993.229013199918,1993.3305535999823,1993.3305535999823,1994.1480671999743,b,1,0.8115074000088498,NA,1994.148539799964,1994.1621954999864,1994.1621954999864,1994.1621954999864,1994.1621954999864,1994.14904639998,NA,NA,NA,NA,NA,NA,NA,NA,NA,NA,040,001,2025-10-13_14h13.20.423,Study_5_PsychoPy_Experiment,2024.1.5,NA,2025-10-13 14h13.33.117199 +0100
Knowledge,Reg,TRUE,N,TB-K-B,TD_B,PsychoPyStudy5Stim/TD_B_8.png,Adam KNOWS there is ONE cube,One,h,b,N,-,N,0,306,306,258,1994.1621954999864,NA,NA,NA,NA,NA,NA,NA,NA,NA,1994.1494136999827,2.8739997651427e-4,1994.2401222999904,1994.6122693999205,1994.712439600029,1996.712333899923,1997.1122705999296,1997.214071499999,1997.214071499999,1999.6646979999496,b,1,2.438532100059092,NA,1999.6651729999576,1999.6788543999428,1999.6788543999428,1999.6788543999428,1999.6788543999428,1999.6656953999773,NA,NA,NA,NA,NA,NA,NA,NA,NA,NA,040,001,2025-10-13_14h13.20.423,Study_5_PsychoPy_Experiment,2024.1.5,NA,2025-10-13 14h13.33.117199 +0100
Belief,Reg,TRUE,N,FB-Ig,B_TT,PsychoPyStudy5Stim/B_TT_5.png,Adam THINKS there are ZERO cubes,Zero,h,b,N,-,Y,0,307,307,330,1999.6788543999428,NA,NA,NA,NA,NA,NA,NA,NA,NA,1999.6660656000024,2.9240001458674e-4,1999.757376399939,2000.1289990999503,2000.229107299936,2002.2291270999704,2002.6290075000145,2002.730825899984,2002.730825899984,2004.0310862999177,b,1,1.290265899966471,NA,2004.0314630999928,2004.045518599916,2004.045518599916,2004.045518599916,2004.045518599916,2004.0318879999688,NA,NA,NA,NA,NA,NA,NA,NA,NA,NA,040,001,2025-10-13_14h13.20.423,Study_5_PsychoPy_Experiment,2024.1.5,NA,2025-10-13 14h13.33.117199 +0100
Belief,Reg,TRUE,N,TB-K-B,TT_B,PsychoPyStudy5Stim/TT_B_5.png,Adam THINKS there are TWO cubes,Two,h,b,N,-,N,0,308,308,246,2004.045518599916,NA,NA,NA,NA,NA,NA,NA,NA,NA,2004.03221580002,2.5569996796548e-4,2004.1248020000055,2004.4955149999587,2004.5956344000297,2006.595752299996,2006.995551800006,2007.0971787999151,2007.0971787999151,2007.8810222999891,b,1,0.7790008999872953,NA,2007.881371599971,2007.8955062999155,2007.8955062999155,2007.8955062999155,2007.8955062999155,2007.881761400029,NA,NA,NA,NA,NA,NA,NA,NA,NA,NA,040,001,2025-10-13_14h13.20.423,Study_5_PsychoPy_Experiment,2024.1.5,NA,2025-10-13 14h13.33.117199 +0100
Belief,Neg,TRUE,N,TB-K,TT_B,PsychoPyStudy5Stim/TT_B_3.png,Adam does NOT THINK there is ONE cube,One,h,b,Y,-,N,0,309,309,86,2007.8955062999155,NA,NA,NA,NA,NA,NA,NA,NA,NA,2007.8820505000183,2.3729994427412e-4,2007.9780268999748,2008.3622424999485,2008.462415899965,2010.4623399999691,2010.8623425000112,2010.9640176999385,2010.9640176999385,2014.0821932000108,b,1,3.105280500021763,NA,2014.082983199973,2014.0955381999956,2014.0955381999956,2014.0955381999956,2014.0955381999956,2014.083913899958,NA,NA,NA,NA,NA,NA,NA,NA,NA,NA,040,001,2025-10-13_14h13.20.423,Study_5_PsychoPy_Experiment,2024.1.5,NA,2025-10-13 14h13.33.117199 +0100
Belief,Reg,TRUE,N,TB-K-B,TT_B,PsychoPyStudy5Stim/TT_B_7.png,Adam THINKS there are TWO cubes,Two,h,b,N,-,N,0,310,310,248,2014.0955381999956,NA,NA,NA,NA,NA,NA,NA,NA,NA,2014.084635199979,5.8110000099986e-4,2014.1716277999803,2014.5454817999853,2014.645643500029,2016.6456510999703,2017.045604199986,2017.1475661000004,2017.1475661000004,2029.1981662999608,b,1,12.034168399986813,NA,2029.1988104999764,2029.212092099944,2029.212092099944,2029.212092099944,2029.212092099944,2029.1994716000045,NA,NA,NA,NA,NA,NA,NA,NA,NA,NA,040,001,2025-10-13_14h13.20.423,Study_5_PsychoPy_Experiment,2024.1.5,NA,2025-10-13 14h13.33.117199 +0100
Knowledge,Reg,FALSE,N,FB-Ig,B_TT,PsychoPyStudy5Stim/B_TT_2.png,Adam KNOWS there are ZERO cubes,Zero,b,h,N,PropTrueNoKnow,Y,0,311,311,322,2029.212092099944,NA,NA,NA,NA,NA,NA,NA,NA,NA,2029.1999815999295,3.8169999606907e-4,2029.288976099924,2029.662230400019,2029.7623733999208,2031.762357499916,2032.1623482999855,2032.2640813000037,2032.2640813000037,2034.831226999988,h,1,2.549969100044109,NA,2034.8317644000051,2034.8454980999231,2034.8454980999231,2034.8454980999231,2034.8454980999231,2034.8323723999783,NA,NA,NA,NA,NA,NA,NA,NA,NA,NA,040,001,2025-10-13_14h13.20.423,Study_5_PsychoPy_Experiment,2024.1.5,NA,2025-10-13 14h13.33.117199 +0100
Knowledge,Neg,FALSE,N,TB-K,TD_B,PsychoPyStudy5Stim/TD_B_2.png,Adam does NOT KNOW there is ONE cube,One,b,h,Y,PropFalse,N,0,312,312,113,2034.8454980999231,NA,NA,NA,NA,NA,NA,NA,NA,NA,2034.832796099945,3.3319997601211e-4,2034.9281493999297,2035.3121734999584,2035.4122632999208,2037.4122886999976,2037.8122929999372,2037.9139362999704,2037.9139362999704,2041.1480053999696,h,1,3.226694899960421,NA,2041.148474699934,2041.1621406999184,2041.1621406999184,2041.1621406999184,2041.1621406999184,2041.1490368000232,NA,NA,NA,NA,NA,NA,NA,NA,NA,NA,040,001,2025-10-13_14h13.20.423,Study_5_PsychoPy_Experiment,2024.1.5,NA,2025-10-13 14h13.33.117199 +0100
Knowledge,Reg,TRUE,N,NB-TB-K,D_NB,PsychoPyStudy5Stim/D_NB_5.png,Adam KNOWS there are ZERO cubes,Zero,h,b,N,-,N,0,313,313,132,2041.1621406999184,NA,NA,NA,NA,NA,NA,NA,NA,NA,2041.1494031000184,2.8719997499138e-4,2041.252782800002,2041.6289087999612,2041.729024900007,2043.7288862999992,2044.1288809999824,2044.2306523999432,2044.2306523999432,2045.331462299917,b,1,1.094347900012508,NA,2045.3320639999583,2045.3454675999235,2045.3454675999235,2045.3454675999235,2045.3454675999235,2045.332692899974,NA,NA,NA,NA,NA,NA,NA,NA,NA,NA,040,001,2025-10-13_14h13.20.423,Study_5_PsychoPy_Experiment,2024.1.5,NA,2025-10-13 14h13.33.117199 +0100
Knowledge,Neg,TRUE,N,NB-TB-K,TT_NB,PsychoPyStudy5Stim/TT_NB_3.png,Adam does NOT KNOW there is ONE cube,One,h,b,Y,-,N,0,314,314,58,2045.3454675999235,NA,NA,NA,NA,NA,NA,NA,NA,NA,2045.3331715000097,3.8149999454617e-4,2045.424176099943,2045.7955399999628,2045.89553660003,2047.8955491000088,2048.2955397999613,2048.397426199983,2048.397426199983,2062.597920399974,b,1,14.183507800102234,NA,2062.598397099995,2062.6120289999526,2062.6120289999526,2062.6120289999526,2062.6120289999526,2062.5989688999252,NA,NA,NA,NA,NA,NA,NA,NA,NA,NA,040,001,2025-10-13_14h13.20.423,Study_5_PsychoPy_Experiment,2024.1.5,NA,2025-10-13 14h13.33.117199 +0100
Belief,Reg,TRUE,N,FB-Ig,B_T,PsychoPyStudy5Stim/B_T_2.png,Adam THINKS there are ZERO cubes,Zero,h,b,N,-,Y,0,315,315,313,2062.6120289999526,NA,NA,NA,NA,NA,NA,NA,NA,NA,2062.599337899941,2.876000944525e-4,2062.69368929998,2063.0787638999755,2063.178740400006,2065.178884999943,2065.5788239999674,2065.6805070999544,2065.6805070999544,2067.0472374999663,b,1,1.3561693000374362,NA,2067.0475249999436,2067.061872399994,2067.061872399994,2067.061872399994,2067.061872399994,2067.047855700017,NA,NA,NA,NA,NA,NA,NA,NA,NA,NA,040,001,2025-10-13_14h13.20.423,Study_5_PsychoPy_Experiment,2024.1.5,NA,2025-10-13 14h13.33.117199 +0100
Belief,Reg,FALSE,N,FB-Ig,D_B_T,PsychoPyStudy5Stim/D_B_T_1.png,Adam THINKS there are TWO cubes,Two,b,h,N,PropFalse,N,0,316,316,299,2067.061872399994,NA,NA,NA,NA,NA,NA,NA,NA,NA,2067.0480622999603,1.6360008157789e-4,2067.1321945999516,2067.511845699977,2067.612226999947,2069.6121627999237,2070.012071699952,2070.1140134999296,2070.1140134999296,2071.064600799931,h,1,0.9472080999985336,NA,2071.0651731999824,2071.0787083000178,2071.0787083000178,2071.0787083000178,2071.0787083000178,2071.065789400018,NA,NA,NA,NA,NA,NA,NA,NA,NA,NA,040,001,2025-10-13_14h13.20.423,Study_5_PsychoPy_Experiment,2024.1.5,NA,2025-10-13 14h13.33.117199 +0100
Knowledge,Reg,FALSE,N,TB-Ig,D_B,PsychoPyStudy5Stim/D_B_3.png,Adam KNOWS there are ZERO cubes,Zero,b,h,N,PropTrueNoKnow,Y,0,317,317,199,2071.0787083000178,NA,NA,NA,NA,NA,NA,NA,NA,NA,2071.066214899998,3.3539999276399e-4,2071.161279699998,2071.545307799941,2071.6456381999888,2073.645323899924,2074.045369199943,2074.1472775000148,2074.1472775000148,2080.4645535999443,b,0,6.313436499913223,NA,2080.465052400017,2080.4785845000297,2080.4785845000297,2080.4785845000297,2080.4785845000297,2080.465606999933,NA,NA,NA,NA,NA,NA,NA,NA,NA,NA,040,001,2025-10-13_14h13.20.423,Study_5_PsychoPy_Experiment,2024.1.5,NA,2025-10-13 14h13.33.117199 +0100
Belief,Reg,FALSE,N,TB-K-B,TD_B,PsychoPyStudy5Stim/TD_B_5.png,Adam THINKS there are ZERO cubes,Zero,b,h,N,PropFalse,N,0,318,318,267,2080.4785845000297,NA,NA,NA,NA,NA,NA,NA,NA,NA,2080.4659878999228,2.990000648424e-4,2080.55868259992,2080.928777199937,2081.0288854999235,2083.0286540000234,2083.428744499921,2083.5305567999603,2083.5305567999603,2085.3813336999156,h,1,1.833609199966304,NA,2085.3820063999156,2085.3953767999774,2085.3953767999774,2085.3953767999774,2085.3953767999774,2085.382698399946,NA,NA,NA,NA,NA,NA,NA,NA,NA,NA,040,001,2025-10-13_14h13.20.423,Study_5_PsychoPy_Experiment,2024.1.5,NA,2025-10-13 14h13.33.117199 +0100
Knowledge,Reg,TRUE,N,TB-K-B,TT_B,PsychoPyStudy5Stim/TT_B_6.png,Adam KNOWS there are TWO cubes,Two,h,b,N,-,N,0,319,319,242,2085.3953767999774,NA,NA,NA,NA,NA,NA,NA,NA,NA,2085.383250899962,4.38499962911e-4,2085.482153699966,2085.8620629999787,2085.9621766000055,2087.962140599964,2088.361980299931,2088.4638782999245,2088.4638782999245,2094.7474343000213,b,1,6.268200400052592,NA,2094.747727699927,2094.7618208000204,2094.7618208000204,2094.7618208000204,2094.7618208000204,2094.748044100008,NA,NA,NA,NA,NA,NA,NA,NA,NA,NA,040,001,2025-10-13_14h13.20.423,Study_5_PsychoPy_Experiment,2024.1.5,NA,2025-10-13 14h13.33.117199 +0100
Knowledge,Neg,FALSE,N,TB-K,TD_B,PsychoPyStudy5Stim/TD_B_4.png,Adam does NOT KNOW there is ONE cube,One,b,h,Y,PropFalse,N,0,320,320,115,2094.7618208000204,NA,NA,NA,NA,NA,NA,NA,NA,NA,2094.748247499927,1.618000678718e-4,2094.8332682999317,2095.211983599933,2095.312182600028,2097.312185799936,2097.712092099944,2097.813902999973,2097.813902999973,2101.247821399942,h,1,3.422378799994476,NA,2101.248376499978,2101.2619693999877,2101.2619693999877,2101.2619693999877,2101.2619693999877,2101.2489887999836,NA,NA,NA,NA,NA,NA,NA,NA,NA,NA,040,001,2025-10-13_14h13.20.423,Study_5_PsychoPy_Experiment,2024.1.5,NA,2025-10-13 14h13.33.117199 +0100
Knowledge,Neg,FALSE,N,TB-K,TT_B,PsychoPyStudy5Stim/TT_B_7.png,Adam does NOT KNOW there are TWO cubes,Two,b,h,Y,PropFalse,N,0,321,321,94,2101.2619693999877,NA,NA,NA,NA,NA,NA,NA,NA,NA,2101.2494118999457,3.3089995849877e-4,2101.3467037000228,2101.7287380999187,2101.828873899998,2103.828754600021,2104.2287205000175,2104.330450700014,2104.330450700014,2107.7979282999877,h,1,3.458652599947527,NA,2107.798495199997,2107.811943299952,2107.811943299952,2107.811943299952,2107.811943299952,2107.7991549000144,NA,NA,NA,NA,NA,NA,NA,NA,NA,NA,040,001,2025-10-13_14h13.20.423,Study_5_PsychoPy_Experiment,2024.1.5,NA,2025-10-13 14h13.33.117199 +0100
Reality,Reg,TRUE,N,NB-TB-K,D_NB,PsychoPyStudy5Stim/D_NB_2.png,"In REALITY, there are ZERO cubes",Zero,h,b,N,-,N,0,322,322,136,2107.811943299952,NA,NA,NA,NA,NA,NA,NA,NA,NA,2107.799582300009,3.341999836266e-4,2107.897752400022,2108.278661499964,2108.3787813999224,2110.378802299965,2110.778646799969,2110.880565700005,2110.880565700005,2111.914491500007,b,1,1.019603900029324,NA,2111.915044000023,2111.9285716000013,2111.9285716000013,2111.9285716000013,2111.9285716000013,2111.9156574999215,NA,NA,NA,NA,NA,NA,NA,NA,NA,NA,040,001,2025-10-13_14h13.20.423,Study_5_PsychoPy_Experiment,2024.1.5,NA,2025-10-13 14h13.33.117199 +0100
Knowledge,Neg,FALSE,N,TB-K,TD_B,PsychoPyStudy5Stim/TD_B_8.png,Adam does NOT KNOW there is ONE cube,One,b,h,Y,PropFalse,N,0,323,323,119,2111.9285716000013,NA,NA,NA,NA,NA,NA,NA,NA,NA,2111.9160859999247,3.3780001103878e-4,2112.011042100028,2112.3953094999306,2112.4954622000223,2114.495440699975,2114.895348799997,2114.9972360000247,2114.9972360000247,2116.4645935000153,h,1,1.4549183999188244,NA,2116.465167699964,2116.4785671000136,2116.4785671000136,2116.4785671000136,2116.4785671000136,2116.4657733999193,NA,NA,NA,NA,NA,NA,NA,NA,NA,NA,040,001,2025-10-13_14h13.20.423,Study_5_PsychoPy_Experiment,2024.1.5,NA,2025-10-13 14h13.33.117199 +0100
Belief,Reg,FALSE,N,TB-K-B,TD_B,PsychoPyStudy5Stim/TD_B_4.png,Adam THINKS there are ZERO cubes,Zero,b,h,N,PropFalse,N,0,324,324,266,2116.4785671000136,NA,NA,NA,NA,NA,NA,NA,NA,NA,2116.4662316999165,3.6639999598264e-4,2116.551021400024,2116.928562899935,2117.0286893999437,2119.028667400009,2119.4287006999366,2119.5304706000024,2119.5304706000024,2122.015123600024,h,1,2.4738367999671027,NA,2122.015948300017,2122.028601899976,2122.028601899976,2122.028601899976,2122.028601899976,2122.0168614999857,NA,NA,NA,NA,NA,NA,NA,NA,NA,NA,040,001,2025-10-13_14h13.20.423,Study_5_PsychoPy_Experiment,2024.1.5,NA,2025-10-13 14h13.33.117199 +0100
Knowledge,Reg,TRUE,N,NB-TB-K,DD_NB,PsychoPyStudy5Stim/DD_NB_6.png,Adam KNOWS there are ZERO cubes,Zero,h,b,N,-,N,0,325,325,152,2122.028601899976,NA,NA,NA,NA,NA,NA,NA,NA,NA,2122.017542699934,5.4260005708783e-4,2122.1360168999527,2122.511726900004,2122.612008799915,2124.6119841999607,2125.0119055999676,2125.11380079994,2125.11380079994,2127.9473321000114,b,1,2.827011000015773,NA,2127.9476290999446,2127.9617979999166,2127.9617979999166,2127.9617979999166,2127.9617979999166,2127.9480134999612,NA,NA,NA,NA,NA,NA,NA,NA,NA,NA,040,001,2025-10-13_14h13.20.423,Study_5_PsychoPy_Experiment,2024.1.5,NA,2025-10-13 14h13.33.117199 +0100
Knowledge,Reg,FALSE,N,TB-K-B,DD_B,PsychoPyStudy5Stim/DD_B_2.png,Adam KNOWS there is ONE cube,One,b,h,N,PropFalse,N,0,326,326,225,2127.9617979999166,NA,NA,NA,NA,NA,NA,NA,NA,NA,2127.948227199958,1.6860000323504e-4,2128.0495507000014,2128.428538899985,2128.5286250999197,2130.528713900014,2130.9286653000163,2131.030331899994,2131.030331899994,2132.0319349999772,h,1,0.9899646999547258,NA,2132.0327736999607,2132.045259599923,2132.045259599923,2132.045259599923,2132.045259599923,2132.033750899951,NA,NA,NA,NA,NA,NA,NA,NA,NA,NA,040,001,2025-10-13_14h13.20.423,Study_5_PsychoPy_Experiment,2024.1.5,NA,2025-10-13 14h13.33.117199 +0100
Knowledge,Reg,FALSE,N,TB-Ig,D_B,PsychoPyStudy5Stim/D_B_1.png,Adam KNOWS there are ZERO cubes,Zero,b,h,N,PropTrueNoKnow,Y,0,327,327,197,2132.045259599923,NA,NA,NA,NA,NA,NA,NA,NA,NA,2132.0344425999792,5.521000130102e-4,2132.1292944999877,2132.5118336000014,2132.6118648999836,2134.6120682000183,2135.011942400015,2135.113433399936,2135.113433399936,2138.0644966999535,b,0,2.9389051999896765,NA,2138.065064699971,2138.078424999956,2138.078424999956,2138.078424999956,2138.078424999956,2138.0657295000274,NA,NA,NA,NA,NA,NA,NA,NA,NA,NA,040,001,2025-10-13_14h13.20.423,Study_5_PsychoPy_Experiment,2024.1.5,NA,2025-10-13 14h13.33.117199 +0100
Belief,Reg,TRUE,N,FB-Ig,B_T,PsychoPyStudy5Stim/B_T_1.png,Adam THINKS there are ZERO cubes,Zero,h,b,N,-,Y,0,328,328,312,2138.078424999956,NA,NA,NA,NA,NA,NA,NA,NA,NA,2138.0662105999654,3.850000211969e-4,2138.159627199988,2138.5452409000136,2138.6453303999733,2140.6452568999957,2141.045285500004,2141.147037799936,2141.147037799936,2142.648159399978,b,1,1.488778099999763,NA,2142.6488851999165,2142.6618010000093,2142.6618010000093,2142.6618010000093,2142.6618010000093,2142.6496464000084,NA,NA,NA,NA,NA,NA,NA,NA,NA,NA,040,001,2025-10-13_14h13.20.423,Study_5_PsychoPy_Experiment,2024.1.5,NA,2025-10-13 14h13.33.117199 +0100
Knowledge,Reg,TRUE,N,NB-TB-K,D_NB,PsychoPyStudy5Stim/D_NB_1.png,Adam KNOWS there are ZERO cubes,Zero,h,b,N,-,N,0,329,329,128,2142.6618010000093,NA,NA,NA,NA,NA,NA,NA,NA,NA,2142.650224699988,4.2519997805356e-4,2142.752010999946,2143.128528599977,2143.2285978000145,2145.2285834000213,2145.6285990999313,2145.7303049999755,2145.7303049999755,2149.4309306999203,b,1,3.6906893000705168,NA,2149.4314417999703,2149.4450878999196,2149.4450878999196,2149.4450878999196,2149.4450878999196,2149.431989099947,NA,NA,NA,NA,NA,NA,NA,NA,NA,NA,040,001,2025-10-13_14h13.20.423,Study_5_PsychoPy_Experiment,2024.1.5,NA,2025-10-13 14h13.33.117199 +0100
Knowledge,Reg,TRUE,N,NB-TB-K,DD_NB,PsychoPyStudy5Stim/DD_NB_5.png,Adam KNOWS there are ZERO cubes,Zero,h,b,N,-,N,0,330,330,151,2149.4450878999196,NA,NA,NA,NA,NA,NA,NA,NA,NA,2149.4323572999565,2.8719997499138e-4,2149.521148300031,2149.8950844999636,2149.9952492000302,2151.995207799948,2152.39526489994,2152.4970399999293,2152.4970399999293,2154.8311756999465,b,1,2.331482500070706,NA,2154.831808799994,2154.845141800004,2154.845141800004,2154.845141800004,2154.845141800004,2154.8324962999905,NA,NA,NA,NA,NA,NA,NA,NA,NA,NA,040,001,2025-10-13_14h13.20.423,Study_5_PsychoPy_Experiment,2024.1.5,NA,2025-10-13 14h13.33.117199 +0100
Knowledge,Reg,TRUE,N,NB-TB-K,DD_NB,PsychoPyStudy5Stim/DD_NB_2.png,Adam KNOWS there are ZERO cubes,Zero,h,b,N,-,N,0,331,331,148,2154.845141800004,NA,NA,NA,NA,NA,NA,NA,NA,NA,2154.83297290001,3.7190003786236e-4,2154.9203316000057,2155.2951822999166,2155.395169999916,2157.3953028999968,2157.7951877999585,2157.8967068999773,2157.8967068999773,2158.6807749000145,b,1,0.7793602000456303,NA,2158.681245899992,2158.6950182999717,2158.6950182999717,2158.6950182999717,2158.6950182999717,2158.681771799922,NA,NA,NA,NA,NA,NA,NA,NA,NA,NA,040,001,2025-10-13_14h13.20.423,Study_5_PsychoPy_Experiment,2024.1.5,NA,2025-10-13 14h13.33.117199 +0100
Belief,Neg,TRUE,N,TB-K,TT_B,PsychoPyStudy5Stim/TT_B_4.png,Adam does NOT THINK there is ONE cube,One,h,b,Y,-,N,0,332,332,87,2158.6950182999717,NA,NA,NA,NA,NA,NA,NA,NA,NA,2158.6821409999393,2.9100000392645e-4,2158.772300999961,2159.145085499971,2159.2452282999875,2161.2452428999823,2161.6451829000143,2161.7470337999985,2161.7470337999985,2163.647325100028,b,1,1.8966286999639124,NA,2163.6476440000115,2163.661609099945,2163.661609099945,2163.661609099945,2163.661609099945,2163.648012600024,NA,NA,NA,NA,NA,NA,NA,NA,NA,NA,040,001,2025-10-13_14h13.20.423,Study_5_PsychoPy_Experiment,2024.1.5,NA,2025-10-13 14h13.33.117199 +0100
Belief,Neg,FALSE,N,TB-K,TT_B,PsychoPyStudy5Stim/TT_B_2.png,Adam does NOT THINK there are TWO cubes,Two,b,h,Y,PropFalse,N,0,333,333,97,2163.661609099945,NA,NA,NA,NA,NA,NA,NA,NA,NA,2163.648251299979,1.894999295473e-4,2163.7316184999654,2164.111646299949,2164.2119350000285,2166.211836499977,2166.611851499998,2166.7135868999176,2166.7135868999176,2173.7312776999315,b,0,7.0025314000668,NA,2173.731919099926,2173.745082599926,2173.745082599926,2173.745082599926,2173.745082599926,2173.7326549999416,NA,NA,NA,NA,NA,NA,NA,NA,NA,NA,040,001,2025-10-13_14h13.20.423,Study_5_PsychoPy_Experiment,2024.1.5,NA,2025-10-13 14h13.33.117199 +0100
Reality,Reg,TRUE,N,NB-TB-K,TT_NB,PsychoPyStudy5Stim/TT_NB_1.png,"In REALITY, there are TWO cubes",Two,h,b,N,-,N,0,334,334,191,2173.745082599926,NA,NA,NA,NA,NA,NA,NA,NA,NA,2173.7332018000307,4.3720006942749e-4,2173.8131585000083,2174.194855700014,2174.2949530999176,2176.295225300011,2176.695099400007,2176.796801300021,2176.796801300021,2177.73053099995,b,1,0.9271598000777884,NA,2177.7309091999196,2177.74502069992,2177.74502069992,2177.74502069992,2177.74502069992,2177.7313376999227,NA,NA,NA,NA,NA,NA,NA,NA,NA,NA,040,001,2025-10-13_14h13.20.423,Study_5_PsychoPy_Experiment,2024.1.5,NA,2025-10-13 14h13.33.117199 +0100
Knowledge,Reg,TRUE,N,NB-TB-K,TT_NB,PsychoPyStudy5Stim/TT_NB_8.png,Adam KNOWS there are TWO cubes,Two,h,b,N,-,N,0,335,335,174,2177.74502069992,NA,NA,NA,NA,NA,NA,NA,NA,NA,2177.7316261000233,2.2709998302161e-4,2177.8196928999387,2178.1951224999502,2178.2952320999466,2180.2952146999305,2180.695231699967,2180.7968721999787,2180.7968721999787,2181.2978014999535,b,1,0.4875966999679804,NA,2181.298441299936,2181.3119115999434,2181.3119115999434,2181.3119115999434,2181.3119115999434,2181.2991565000266,NA,NA,NA,NA,NA,NA,NA,NA,NA,NA,040,001,2025-10-13_14h13.20.423,Study_5_PsychoPy_Experiment,2024.1.5,NA,2025-10-13 14h13.33.117199 +0100
NA,NA,NA,NA,NA,NA,NA,NA,NA,NA,NA,NA,NA,NA,NA,NA,NA,NA,NA,NA,NA,NA,NA,NA,NA,NA,NA,NA,NA,NA,NA,NA,NA,NA,NA,NA,NA,NA,NA,NA,NA,NA,NA,NA,NA,NA,NA,NA,NA,NA,NA,2181.299439299968,2181.3119115999434,2182.311816100031,2183.397340000025,space,1.0768021999392658,NA,040,001,2025-10-13_14h13.20.423,Study_5_PsychoPy_Experiment,2024.1.5,NA,2025-10-13 14h13.33.117199 +0100
