Condition,Stimulus,Statement,CorAnsOdd,CorAnsEven,TypeOfStimuli,TotalShapesOnTable,TotalcubesOnTable,TotalOtherOnTable,VisibleShapes,Visiblecubes,VisibleOther,NotVisibleShapes,NotVisiblecubes,NotVisibleOther,NumOfBlocksAsked,BarrierPresent,WhyNo,Position,Colour,ExpTrial.thisRepN,ExpTrial.thisTrialN,ExpTrial.thisN,ExpTrial.thisIndex,ExpIntroText.started,ExpIntroPressSPACEText.started,ExpIntroPressSPACE.started,ExpIntroPressSPACE.keys,ExpIntroPressSPACE.rt,ExpPrimerText.started,ExpTextISI.started,ExpPrimerText.stopped,ExpText.started,ExpImageISI.started,ExpImagePrimer.started,ExpImagePrimer.stopped,ExpImage.started,ExpResponse.started,ExpResponse.keys,ExpResponse.corr,ExpResponse.rt,BreakTextPrompt.started,BreakTextPrompt.stopped,BreakTextKeyResponse.started,BreakTextKeyResponse.stopped,BreakTextKeyResponse.keys,BreakTextKeyResponse.rt,ExpEndText.started,ExpEndPressSPACE.started,ExpEndText.stopped,ExpEndPressSPACE.stopped,ExpEndPressSPACE.keys,participant,session,date,expName,psychopyVersion,frameRate
NA,NA,NA,NA,NA,NA,NA,NA,NA,NA,NA,NA,NA,NA,NA,NA,NA,NA,NA,NA,NA,NA,NA,NA,26.809458800009452,28.7810072999564,28.7810072999564,space,6.060720400011633,NA,NA,NA,NA,NA,NA,NA,NA,NA,NA,NA,NA,NA,NA,NA,NA,NA,NA,NA,NA,NA,NA,NA,035,001,2024-02-28_09h45.18.697,PsychoPy Exp,2023.1.2,60.02411769245192
KnowledgeN,ExpTrialStim/Triangle_B_Square_2.png,Adam KNOWS there are ZERO cubes,b,h,FB-Ig,2,1,1,1,0,1,1,1,0,0,B,PropFalse,SC3: TB3,SP: TY,0,0,0,321,NA,NA,NA,NA,NA,35.0246899999911,0.17247009999118745,35.78013859997736,35.88002509996295,1.015102300036233,37.81368109997129,38.21351239999058,38.36067839997122,38.36067839997122,b,1,3.304801999998745,41.69678160001058,41.69678160001058,41.69678160001058,41.69678160001058,NA,NA,NA,NA,NA,NA,NA,035,001,2024-02-28_09h45.18.697,PsychoPy Exp,2023.1.2,60.02411769245192
RealityY,ExpTrialStim/Triangle_B_Triangle_1.png,"In REALITY, there are ZERO cubes",h,b,TB-Ig,2,0,2,1,0,1,1,0,1,0,B,-,TA3: TD1,TY: TR,0,1,1,22,NA,NA,NA,NA,NA,41.69678160001058,0.00166149996221065,42.43020229996182,42.530146099976264,0.8277898000087589,44.4634923999547,44.86359219998121,44.9657303999993,44.9657303999993,h,1,1.3168353000073694,46.3134582999628,46.3134582999628,46.3134582999628,46.3134582999628,NA,NA,NA,NA,NA,NA,NA,035,001,2024-02-28_09h45.18.697,PsychoPy Exp,2023.1.2,60.02411769245192
KnowledgeN,ExpTrialStim/Triangle_Triangle_B_9.png,Adam KNOWS there is ONE cube,b,h,TB-K-B,2,0,2,2,0,2,0,0,0,1,B,PropFalse,TA3: TB1,TO: TR,0,2,2,296,NA,NA,NA,NA,NA,46.3134582999628,0.00207859999500215,47.0466066999943,47.14693819999229,0.8294530999846756,49.0802467999747,49.48010719998274,49.58231819997309,49.58231819997309,b,1,1.6511430999962613,51.2635248999577,51.2635248999577,51.2635248999577,51.2635248999577,NA,NA,NA,NA,NA,NA,NA,035,001,2024-02-28_09h45.18.697,PsychoPy Exp,2023.1.2,60.02411769245192
RealityY,ExpTrialStim/Square_B_Square_3.png,"In REALITY, there are TWO cubes",h,b,FB-Ig,2,2,0,1,1,0,1,1,0,2,B,-,SA3: SD1,SP: SB,0,3,3,44,NA,NA,NA,NA,NA,51.2635248999577,0.00198060000548139,51.99679909995757,52.09696930000791,0.829721599991899,54.03026819997467,54.430072299961466,54.53231290000258,54.53231290000258,h,1,1.2139002999756483,55.76340110000456,55.76340110000456,55.76340110000456,55.76340110000456,NA,NA,NA,NA,NA,NA,NA,035,001,2024-02-28_09h45.18.697,PsychoPy Exp,2023.1.2,60.02411769245192
RealityY,ExpTrialStim/Square_Triangle_NB_1.png,"In REALITY, there is ONE cube",h,b,TB-K,2,1,1,2,1,1,0,0,0,1,NB,-,SA2: TB1,SG: TR,0,4,4,9,NA,NA,NA,NA,NA,55.76340110000456,0.0020902999676764,56.49680979998084,56.59670069999993,0.8293989999801852,58.53023609996307,58.930216799955815,59.03228629997466,59.03228629997466,h,1,0.9375628000125288,59.99682279996341,59.99682279996341,59.99682279996341,59.99682279996341,NA,NA,NA,NA,NA,NA,NA,035,001,2024-02-28_09h45.18.697,PsychoPy Exp,2023.1.2,60.02411769245192
BeliefY,ExpTrialStim/Square_B_Square_4.png,Adam THINKS there is ONE cube,h,b,FB-Ig,2,2,0,1,1,0,1,1,0,1,B,-,SB1: SD2,SG: SP,0,5,5,153,NA,NA,NA,NA,NA,59.99682279996341,0.00212469999678432,60.730083199974615,60.830201799981296,0.8295626000035554,62.76339109998662,63.16344089998165,63.265645699983,63.265645699983,h,1,1.3841548999771476,64.67994010000257,64.67994010000257,64.67994010000257,64.67994010000257,NA,NA,NA,NA,NA,NA,NA,035,001,2024-02-28_09h45.18.697,PsychoPy Exp,2023.1.2,60.02411769245192
BeliefY,ExpTrialStim/Square_B_Square_2.png,Adam THINKS there is ONE cube,h,b,FB-Ig,2,2,0,1,1,0,1,1,0,1,B,-,SA2: SC3,SB: SP,0,6,6,151,NA,NA,NA,NA,NA,64.67994010000257,0.00210560002597048,65.41341679997277,65.5134987999918,0.8293066000333056,67.44672780000838,67.8466766999918,67.948811499984,67.948811499984,h,1,1.3088503000326457,69.27992749999976,69.27992749999976,69.27992749999976,69.27992749999976,NA,NA,NA,NA,NA,NA,NA,035,001,2024-02-28_09h45.18.697,PsychoPy Exp,2023.1.2,60.02411769245192
BeliefN,ExpTrialStim/Square_Triangle_NB_3.png,Adam THINKS there are TWO cubes,b,h,TB-K,2,1,1,2,1,1,0,0,0,2,NB,PropFalse,SB3: TA2,SP: TY,0,7,7,173,NA,NA,NA,NA,NA,69.27992749999976,0.00213019998045638,70.0134027999593,70.11349069996504,0.8295809999690391,72.04667389998212,72.44679259997793,72.54902849998325,72.54902849998325,b,1,0.9245256000431256,73.49667869997211,73.49667869997211,73.49667869997211,73.49667869997211,NA,NA,NA,NA,NA,NA,NA,035,001,2024-02-28_09h45.18.697,PsychoPy Exp,2023.1.2,60.02411769245192
RealityY,ExpTrialStim/Square_B_Square_6.png,"In REALITY, there are TWO cubes",h,b,FB-Ig,2,2,0,1,1,0,1,1,0,2,B,-,SB3: SC1,SP: SG,0,8,8,47,NA,NA,NA,NA,NA,73.49667869997211,0.00188459997298195,74.23005059995921,74.3299898999976,0.8294977999757975,76.26350050000474,76.66342890000669,76.76558730000397,76.76558730000397,h,1,0.8759964999626391,77.66332920000423,77.66332920000423,77.66332920000423,77.66332920000423,NA,NA,NA,NA,NA,NA,NA,035,001,2024-02-28_09h45.18.697,PsychoPy Exp,2023.1.2,60.02411769245192
RealityY,ExpTrialStim/Square_Square_NB_3.png,"In REALITY, there are TWO cubes",h,b,TB-K,2,2,0,2,2,0,0,0,0,2,NB,-,SA3: SB1,SG: SP,0,9,9,14,NA,NA,NA,NA,NA,77.66332920000423,0.00208679999923333,78.39669919997687,78.49680979998084,0.8294555000029504,80.43013499997323,80.82993459998397,80.93216319999192,80.93216319999192,h,1,0.7731368999811821,81.72998459998053,81.72998459998053,81.72998459998053,81.72998459998053,NA,NA,NA,NA,NA,NA,NA,035,001,2024-02-28_09h45.18.697,PsychoPy Exp,2023.1.2,60.02411769245192
BeliefY,ExpTrialStim/Square_B_1.png,Adam THINKS there is ONE cube,h,b,TB-Ig,1,1,0,1,1,0,0,0,0,1,B,-,SA2,SG,0,10,10,128,NA,NA,NA,NA,NA,81.72998459998053,0.00137190002715215,82.46336789999623,82.56334449996939,0.830531699990388,84.49669210001593,84.89660229993751,84.99868399993284,84.99868399993284,h,1,0.86712150007952,85.89663379994454,85.89663379994454,85.89663379994454,85.89663379994454,NA,NA,NA,NA,NA,NA,NA,035,001,2024-02-28_09h45.18.697,PsychoPy Exp,2023.1.2,60.02411769245192
KnowledgeY,ExpTrialStim/Square_Square_NB_1.png,Adam KNOWS there are TWO cubes,h,b,TB-K,2,2,0,2,2,0,0,0,0,2,NB,-,SA1: SB2,SP: SB,0,11,11,228,NA,NA,NA,NA,NA,85.89663379994454,0.00185729993972927,86.6300118000363,86.7301526000374,0.8295853999443352,88.66343959997175,89.06343369995011,89.16547119995812,89.16547119995812,h,1,0.8518325999611989,90.04664130002493,90.04664130002493,90.04664130002493,90.04664130002493,NA,NA,NA,NA,NA,NA,NA,035,001,2024-02-28_09h45.18.697,PsychoPy Exp,2023.1.2,60.02411769245192
KnowledgeY,ExpTrialStim/Triangle_Triangle_B_3.png,Adam KNOWS there are ZERO cubes,h,b,TB-Ig,2,0,2,2,0,2,0,0,0,0,B,-,TA3: TB1,TR: TY,0,12,12,236,NA,NA,NA,NA,NA,90.04664130002493,0.00143419997766613,90.77987070003292,90.88015059992904,0.8302207000087947,92.81316169997444,93.21345480001764,93.31539449997943,93.31539449997943,h,1,0.8941263000015169,94.22981530003015,94.22981530003015,94.22981530003015,94.22981530003015,NA,NA,NA,NA,NA,NA,NA,035,001,2024-02-28_09h45.18.697,PsychoPy Exp,2023.1.2,60.02411769245192
RealityY,ExpTrialStim/Square_Square_NB_6.png,"In REALITY, there are TWO cubes",h,b,TB-K,2,2,0,2,2,0,0,0,0,2,NB,-,SA1: SB3,SG: SB,0,13,13,17,NA,NA,NA,NA,NA,94.22981530003015,0.00211489992216229,94.96333140000934,95.06341789994622,0.829737399937585,96.9968146000174,97.3966809999547,97.49886350001908,97.49886350001908,h,1,1.5664745999965817,99.09649790002732,99.09649790002732,99.09649790002732,99.09649790002732,NA,NA,NA,NA,NA,NA,NA,035,001,2024-02-28_09h45.18.697,PsychoPy Exp,2023.1.2,60.02411769245192
KnowledgeN,ExpTrialStim/Square_Square_NB_3.png,Adam KNOWS there are ZERO cubes,b,h,TB-K,2,2,0,2,2,0,0,0,0,0,NB,PropFalse,SA3: SB1,SG: SP,0,14,14,284,NA,NA,NA,NA,NA,99.09649790002732,5.5530003737658e-4,99.82980280002812,99.9301003999426,0.8312002000166103,101.8632928999723,102.2633944999543,102.36551440000768,102.36551440000768,b,1,1.1076645000139251,103.4965640999726,103.4965640999726,103.4965640999726,103.4965640999726,NA,NA,NA,NA,NA,NA,NA,035,001,2024-02-28_09h45.18.697,PsychoPy Exp,2023.1.2,60.02411769245192
BeliefY,ExpTrialStim/Square_Triangle_NB_2.png,Adam THINKS there is ONE cube,h,b,TB-K,2,1,1,2,1,1,0,0,0,1,NB,-,SB1: TB3,SB: TO,0,15,15,118,NA,NA,NA,NA,NA,103.4965640999726,6.0529995243996e-4,104.22996560001047,104.33008269994752,0.831312199938111,106.26336389995411,106.66310810000869,106.76541940000608,106.76541940000608,h,1,0.8198254000162706,107.61323229997652,107.61323229997652,107.61323229997652,107.61323229997652,NA,NA,NA,NA,NA,NA,NA,035,001,2024-02-28_09h45.18.697,PsychoPy Exp,2023.1.2,60.02411769245192
RealityY,ExpTrialStim/Triangle_Triangle_B_4.png,"In REALITY, there are ZERO cubes",h,b,TB-K-B,2,0,2,2,0,2,0,0,0,0,B,-,TA2: TB1,TY: TR,0,16,16,29,NA,NA,NA,NA,NA,107.61323229997652,0.00187209993600845,108.34656949999044,108.44677229999796,0.829581999918446,110.37987729994347,110.78002370003378,110.88200229994254,110.88200229994254,h,1,1.0871875999728218,111.9965058999951,111.9965058999951,111.9965058999951,111.9965058999951,NA,NA,NA,NA,NA,NA,NA,035,001,2024-02-28_09h45.18.697,PsychoPy Exp,2023.1.2,60.02411769245192
KnowledgeY,ExpTrialStim/Triangle_Triangle_B_9.png,Adam KNOWS there are ZERO cubes,h,b,TB-K-B,2,0,2,2,0,2,0,0,0,0,B,-,TA3: TB1,TO: TR,0,17,17,242,NA,NA,NA,NA,NA,111.9965058999951,8.4100000094622e-4,112.73012609995205,112.8300173000316,0.830964699969627,114.76323119999142,115.16332059999696,115.26547659997595,115.26547659997595,h,1,0.967847799998708,116.26309469999978,116.26309469999978,116.26309469999978,116.26309469999978,NA,NA,NA,NA,NA,NA,NA,035,001,2024-02-28_09h45.18.697,PsychoPy Exp,2023.1.2,60.02411769245192
KnowledgeN,ExpTrialStim/Triangle_B_1.png,Adam KNOWS there are ZERO cubes,b,h,TB-Ig,1,0,1,2,0,2,0,0,0,0,B,PropTrueNoKnowledge,TA2,TR,0,18,18,288,NA,NA,NA,NA,NA,116.26309469999978,0.00155290006659924,116.99658340000316,117.0965572000132,0.8297988000558689,119.0298824000056,119.4299381999881,119.53208540001653,119.53208540001653,b,1,5.366480799973942,124.9299513999722,124.9299513999722,124.9299513999722,124.9299513999722,NA,NA,NA,NA,NA,NA,NA,035,001,2024-02-28_09h45.18.697,PsychoPy Exp,2023.1.2,60.02411769245192
BeliefN,ExpTrialStim/Square_B_Triangle_2.png,Adam THINKS there are TWO cubes,b,h,TB-Ig,2,1,1,1,1,0,1,0,1,2,B,PropFalse,SD3: TD2,SP: TY,0,19,19,187,NA,NA,NA,NA,NA,124.9299513999722,0.00210179993882775,125.663239699963,125.76320660003694,0.8292871000012383,127.69666189997224,128.0965972999693,128.19858999998542,128.19858999998542,b,1,3.883849799982272,132.1130325999693,132.1130325999693,132.1130325999693,132.1130325999693,NA,NA,NA,NA,NA,NA,NA,035,001,2024-02-28_09h45.18.697,PsychoPy Exp,2023.1.2,60.02411769245192
BeliefN,ExpTrialStim/B_Square_2.png,Adam THINKS there is ONE cube,b,h,FB-Ig,1,1,0,0,0,0,1,1,0,1,B,PropTrueNoBelief,SC3,SG,0,20,20,201,NA,NA,NA,NA,NA,132.1130325999693,0.00209500000346452,132.84654050000245,132.94668110000202,0.8293779999949038,134.87998739996692,135.27997049997794,135.38208449998638,135.38208449998638,b,1,1.5712861999636516,136.9797925999737,136.9797925999737,136.9797925999737,136.9797925999737,NA,NA,NA,NA,NA,NA,NA,035,001,2024-02-28_09h45.18.697,PsychoPy Exp,2023.1.2,60.02411769245192
BeliefY,ExpTrialStim/Triangle_NB_3.png,Adam THINKS there are ZERO cubes,h,b,TB-K,1,0,1,1,0,1,0,0,0,0,NB,-,TB2,TR,0,21,21,110,NA,NA,NA,NA,NA,136.9797925999737,0.00188770005479455,137.7131699999445,137.8131988000241,0.8297924000071362,139.74665339995408,140.14659099996788,140.2489171999623,140.2489171999623,h,1,1.560460799955763,141.82987279997906,141.82987279997906,141.82987279997906,141.82987279997906,NA,NA,NA,NA,NA,NA,NA,035,001,2024-02-28_09h45.18.697,PsychoPy Exp,2023.1.2,60.02411769245192
BeliefY,ExpTrialStim/Triangle_NB_2.png,Adam THINKS there are ZERO cubes,h,b,TB-K,1,0,1,1,0,1,0,0,0,0,NB,-,TA3,TY,0,22,22,109,NA,NA,NA,NA,NA,141.82987279997906,0.00212309998460114,142.5798771000118,142.67994819994783,0.8460017000325024,144.61310469993623,145.01325439993525,145.11541189992568,145.11541189992568,h,1,0.94170700001996,146.07977939996636,146.07977939996636,146.07977939996636,146.07977939996636,NA,NA,NA,NA,NA,NA,NA,035,001,2024-02-28_09h45.18.697,PsychoPy Exp,2023.1.2,60.02411769245192
BeliefN,ExpTrialStim/Square_Square_NB_4.png,Adam THINKS there is ONE cube,b,h,TB-K,2,2,0,2,2,0,0,0,0,1,NB,PropFalse,SA2: SB1,SP: SG,0,23,23,177,NA,NA,NA,NA,NA,146.07977939996636,0.00125179998576641,146.81316239997977,146.91328989999602,0.8305823999689892,148.846651400032,149.24646250001388,149.34860979992663,149.34860979992663,b,1,1.2609513000352308,150.62986839999212,150.62986839999212,150.62986839999212,150.62986839999212,NA,NA,NA,NA,NA,NA,NA,035,001,2024-02-28_09h45.18.697,PsychoPy Exp,2023.1.2,60.02411769245192
KnowledgeY,ExpTrialStim/Square_Square_NB_5.png,Adam KNOWS there are TWO cubes,h,b,TB-K,2,2,0,2,2,0,0,0,0,2,NB,-,SA3: SB2,SB: SP,0,24,24,232,NA,NA,NA,NA,NA,150.62986839999212,0.00207029993180185,151.37980159994913,151.47992989997147,0.8461802999954671,153.4132220999454,153.81322529999306,153.915668099944,153.915668099944,h,1,1.0453837999375537,154.97967139998218,154.97967139998218,154.97967139998218,154.97967139998218,NA,NA,NA,NA,NA,NA,NA,035,001,2024-02-28_09h45.18.697,PsychoPy Exp,2023.1.2,60.02411769245192
KnowledgeN,ExpTrialStim/Square_Square_NB_1.png,Adam KNOWS there are ZERO cubes,b,h,TB-K,2,2,0,2,2,0,0,0,0,0,NB,PropFalse,SA1: SB2,SP: SB,0,25,25,282,NA,NA,NA,NA,NA,154.97967139998218,0.00178400008007884,155.71314399997937,155.8133581999573,0.830144300009124,157.7464582999819,158.1464929000358,158.24888090003515,158.24888090003515,b,1,1.1281712000491098,159.3964219999616,159.3964219999616,159.3964219999616,159.3964219999616,NA,NA,NA,NA,NA,NA,NA,035,001,2024-02-28_09h45.18.697,PsychoPy Exp,2023.1.2,60.02411769245192
RealityY,ExpTrialStim/Square_Square_NB_5.png,"In REALITY, there are TWO cubes",h,b,TB-K,2,2,0,2,2,0,0,0,0,2,NB,-,SA3: SB2,SB: SP,0,26,26,16,NA,NA,NA,NA,NA,159.3964219999616,8.0259994138032e-4,160.12981939996826,160.2298276000074,0.8309799999697134,162.16301870002644,162.5631757999654,162.6653653999674,162.6653653999674,h,1,0.8956385999917984,163.57959109992953,163.57959109992953,163.57959109992953,163.57959109992953,NA,NA,NA,NA,NA,NA,NA,035,001,2024-02-28_09h45.18.697,PsychoPy Exp,2023.1.2,60.02411769245192
KnowledgeY,ExpTrialStim/Square_Square_NB_6.png,Adam KNOWS there are TWO cubes,h,b,TB-K,2,2,0,2,2,0,0,0,0,2,NB,-,SA1: SB3,SG: SB,0,27,27,233,NA,NA,NA,NA,NA,163.57959109992953,4.5609998051077e-4,164.3130854999763,164.41323889995692,0.8308429999742657,166.34642839996377,166.74654799996642,166.84863379999297,166.84863379999297,h,1,0.8649664999684319,167.72986869997112,167.72986869997112,167.72986869997112,167.72986869997112,NA,NA,NA,NA,NA,NA,NA,035,001,2024-02-28_09h45.18.697,PsychoPy Exp,2023.1.2,60.02411769245192
RealityY,ExpTrialStim/Triangle_B_2.png,"In REALITY, there are ZERO cubes",h,b,TB-Ig,1,0,1,1,0,1,0,0,0,0,B,-,TB2,TO,0,28,28,19,NA,NA,NA,NA,NA,167.72986869997112,0.00174570002127438,168.46296139998594,168.56323909998173,0.829382500029169,170.4965741999331,170.8963262999314,170.99865759996464,170.99865759996464,h,1,1.402693699928932,172.42951580003137,172.42951580003137,172.42951580003137,172.42951580003137,NA,NA,NA,NA,NA,NA,NA,035,001,2024-02-28_09h45.18.697,PsychoPy Exp,2023.1.2,60.02411769245192
KnowledgeY,ExpTrialStim/Triangle_Triangle_NB_3.png,Adam KNOWS there are ZERO cubes,h,b,TB-K,2,0,2,2,0,2,0,0,0,0,NB,-,TA3: TB1,TR: TY,0,29,29,224,NA,NA,NA,NA,NA,172.42951580003137,3.9800000376999e-4,173.1630712999613,173.2631931999349,0.8312936000293121,175.19654909992823,175.59643899992807,175.69855239993194,175.69855239993194,h,1,0.8386985000688583,176.56301889993483,176.56301889993483,176.56301889993483,176.56301889993483,NA,NA,NA,NA,NA,NA,NA,035,001,2024-02-28_09h45.18.697,PsychoPy Exp,2023.1.2,60.02411769245192
KnowledgeN,ExpTrialStim/Square_B_Triangle_2.png,Adam KNOWS there is ONE cube,b,h,TB-Ig,2,1,1,1,1,0,1,0,1,1,B,PropTrueNoKnowledge,SD3: TD2,SP: TY,0,30,30,295,NA,NA,NA,NA,NA,176.56301889993483,0.00156949996016919,177.29642319999402,177.39657379995333,0.8298560000257567,179.329691299994,179.72965329996077,179.83195680001518,179.83195680001518,h,0,4.36935130006168,184.22973169997567,184.22973169997567,184.22973169997567,184.22973169997567,NA,NA,NA,NA,NA,NA,NA,035,001,2024-02-28_09h45.18.697,PsychoPy Exp,2023.1.2,60.02411769245192
RealityN,ExpTrialStim/Triangle_B_Square_3.png,"In REALITY, there are TWO cubes",b,h,FB-Ig,2,1,1,1,0,1,1,1,0,2,B,PropFalse,SD1: TA2,SG: TR,0,31,31,106,NA,NA,NA,NA,NA,184.22973169997567,0.00177269999403506,184.96304929995677,185.06317949999357,0.8294376999838278,186.9962802000227,187.39649539993843,187.49858900002437,187.49858900002437,b,1,1.1907069000881163,188.71313520002877,188.71313520002877,188.71313520002877,188.71313520002877,NA,NA,NA,NA,NA,NA,NA,035,001,2024-02-28_09h45.18.697,PsychoPy Exp,2023.1.2,60.02411769245192
RealityN,ExpTrialStim/Square_Triangle_NB_3.png,"In REALITY, there are TWO cubes",b,h,TB-K,2,1,1,2,1,1,0,0,0,2,NB,PropFalse,SB3: TA2,SP: TY,0,32,32,65,NA,NA,NA,NA,NA,188.71313520002877,0.00184329994954168,189.44636280002305,189.54649499995867,0.8295025000115857,191.47964850004064,191.87964040000224,191.9818352999282,191.9818352999282,b,1,1.547691700048745,193.5462627999368,193.5462627999368,193.5462627999368,193.5462627999368,NA,NA,NA,NA,NA,NA,NA,035,001,2024-02-28_09h45.18.697,PsychoPy Exp,2023.1.2,60.02411769245192
BeliefN,ExpTrialStim/Square_Triangle_NB_2.png,Adam THINKS there are ZERO cubes,b,h,TB-K,2,1,1,2,1,1,0,0,0,0,NB,PropFalse,SB1: TB3,SB: TO,0,33,33,172,NA,NA,NA,NA,NA,193.5462627999368,9.1130007058382e-4,194.27969860000303,194.37978649995057,0.8306955000152811,196.31312979996437,196.7130888000247,196.8152390999603,196.8152390999603,b,1,0.9697194999316708,197.81295610003872,197.81295610003872,197.81295610003872,197.81295610003872,NA,NA,NA,NA,NA,NA,NA,035,001,2024-02-28_09h45.18.697,PsychoPy Exp,2023.1.2,60.02411769245192
RealityN,ExpTrialStim/Square_Square_B_4.png,"In REALITY, there is ONE cube",b,h,TB-K-B,2,2,0,2,2,0,0,0,0,1,B,PropFalse,SA2: SB1,SG: SP,0,34,34,87,NA,NA,NA,NA,NA,197.81295610003872,0.00152630009688436,198.5461772999843,198.64621029997943,0.8297129001002759,200.5797766999458,200.97977389994776,201.0818117999588,201.0818117999588,b,1,1.159362499951385,202.26281139993807,202.26281139993807,202.26281139993807,202.26281139993807,NA,NA,NA,NA,NA,NA,NA,035,001,2024-02-28_09h45.18.697,PsychoPy Exp,2023.1.2,60.02411769245192
KnowledgeY,ExpTrialStim/Triangle_Triangle_B_1.png,Adam KNOWS there are ZERO cubes,h,b,TB-Ig,2,0,2,2,0,2,0,0,0,0,B,-,TA1: TB2,TY: TO,0,35,35,234,NA,NA,NA,NA,NA,202.26281139993807,0.0020966000156477,202.99634200002765,203.09647709998535,0.8295096000656486,205.02969599998323,205.42977789993165,205.5318633999559,205.5318633999559,h,1,1.5412497000070289,207.096363599936,207.096363599936,207.096363599936,207.096363599936,NA,NA,NA,NA,NA,NA,NA,035,001,2024-02-28_09h45.18.697,PsychoPy Exp,2023.1.2,60.02411769245192
KnowledgeY,ExpTrialStim/Triangle_Triangle_B_12.png,Adam KNOWS there are ZERO cubes,h,b,TB-K-B,2,0,2,2,0,2,0,0,0,0,B,-,TA1: TB3,TY: TR,0,36,36,245,NA,NA,NA,NA,NA,207.096363599936,0.00182410003617405,207.82943450001767,207.9297634999384,0.829575200099498,209.8631247999729,210.26293100003383,210.3651750999852,210.3651750999852,h,1,0.7959424000000581,211.1794728999375,211.1794728999375,211.1794728999375,211.1794728999375,NA,NA,NA,NA,NA,NA,NA,035,001,2024-02-28_09h45.18.697,PsychoPy Exp,2023.1.2,60.02411769245192
RealityY,ExpTrialStim/Triangle_B_Triangle_2.png,"In REALITY, there are ZERO cubes",h,b,TB-Ig,2,0,2,1,0,1,1,0,1,0,B,-,TB1: TC2,TO: TY,0,37,37,23,NA,NA,NA,NA,NA,211.1794728999375,0.00198990001808851,211.91294549993472,212.013127800019,0.8293253000592813,213.94627180002863,214.34625979996056,214.4487351999269,214.4487351999269,h,1,1.82446319994051,216.29625389998543,216.29625389998543,216.29625389998543,216.29625389998543,NA,NA,NA,NA,NA,NA,NA,035,001,2024-02-28_09h45.18.697,PsychoPy Exp,2023.1.2,60.02411769245192
KnowledgeY,ExpTrialStim/Square_Square_B_9.png,Adam KNOWS there are TWO cubes,h,b,FB-Ig,2,2,0,2,2,0,0,0,0,2,B,-,SA3: SB1,SB: SG,0,38,38,254,NA,NA,NA,NA,NA,216.29625389998543,0.00175370008219033,217.02961499994856,217.1297434999724,0.8291237000375986,219.0630564999883,219.46303980000084,219.5650266999728,219.5650266999728,h,1,0.9003319999901578,220.4963419000269,220.4963419000269,220.4963419000269,220.4963419000269,NA,NA,NA,NA,NA,NA,NA,035,001,2024-02-28_09h45.18.697,PsychoPy Exp,2023.1.2,60.02411769245192
RealityN,ExpTrialStim/Square_B_2.png,"In REALITY, there are ZERO cubes",b,h,TB-Ig,1,1,0,1,1,0,0,0,0,0,B,PropFalse,SB2,SB,0,39,39,75,NA,NA,NA,NA,NA,220.4963419000269,0.00198840000666677,221.22962099994768,221.3297335999669,0.8296030999626964,223.2630449999706,223.66299259994412,223.7651227999595,223.7651227999595,b,1,1.212049699970521,224.9961290000356,224.9961290000356,224.9961290000356,224.9961290000356,NA,NA,NA,NA,NA,NA,NA,035,001,2024-02-28_09h45.18.697,PsychoPy Exp,2023.1.2,60.02411769245192
KnowledgeN,ExpTrialStim/Triangle_Triangle_NB_1.png,Adam KNOWS there is ONE cube,b,h,TB-K,2,0,2,2,0,2,0,0,0,1,NB,PropFalse,TA1: TB2,TY: TO,0,40,40,276,NA,NA,NA,NA,NA,224.9961290000356,0.00170349993277341,225.72956299997168,225.8295794999576,0.8295201000291854,227.7630504000117,228.1629162999452,228.2651378999581,228.2651378999581,b,1,1.3516876000212503,229.64616960001877,229.64616960001877,229.64616960001877,229.64616960001877,NA,NA,NA,NA,NA,NA,NA,035,001,2024-02-28_09h45.18.697,PsychoPy Exp,2023.1.2,60.02411769245192
BeliefY,ExpTrialStim/Square_NB_2.png,Adam THINKS there is ONE cube,h,b,TB-K,1,1,0,1,1,0,0,0,0,1,NB,-,SA3,SP,0,41,41,112,NA,NA,NA,NA,NA,229.64616960001877,9.2719995882362e-4,230.37958569993495,230.4794157000142,0.8306651000166312,232.41309270000784,232.81290690001333,232.91520210000456,232.91520210000456,h,1,1.141849000006914,234.07962149992815,234.07962149992815,234.07962149992815,234.07962149992815,NA,NA,NA,NA,NA,NA,NA,035,001,2024-02-28_09h45.18.697,PsychoPy Exp,2023.1.2,60.02411769245192
KnowledgeY,ExpTrialStim/Square_Triangle_B_1.png,Adam KNOWS there is ONE cube,h,b,FB-Ig,2,1,1,2,1,1,0,0,0,1,B,-,SA1: TB2,SG: TR,0,42,42,258,NA,NA,NA,NA,NA,234.07962149992815,0.00211130001116544,234.81270289997337,234.91282070003217,0.8293684999225661,236.8461519999546,237.24631679995215,237.34854049998103,237.34854049998103,h,1,0.7162633000407368,238.09619459992973,238.09619459992973,238.09619459992973,238.09619459992973,NA,NA,NA,NA,NA,NA,NA,035,001,2024-02-28_09h45.18.697,PsychoPy Exp,2023.1.2,60.02411769245192
RealityY,ExpTrialStim/Triangle_B_Square_1.png,"In REALITY, there is ONE cube",h,b,FB-Ig,2,1,1,1,0,1,1,1,0,1,B,-,SC1: TA1,SB: TO,0,43,43,50,NA,NA,NA,NA,NA,238.09619459992973,0.00125420000404119,238.82933799998136,238.92945009999676,0.8302449999609962,240.8628439999302,241.2629639999359,241.36509079992535,241.36509079992535,h,1,1.4276764000533149,242.81271409994224,242.81271409994224,242.81271409994224,242.81271409994224,NA,NA,NA,NA,NA,NA,NA,035,001,2024-02-28_09h45.18.697,PsychoPy Exp,2023.1.2,60.02411769245192
BeliefY,ExpTrialStim/Square_B_Square_8.png,Adam THINKS there is ONE cube,h,b,FB-Ig,2,2,0,1,1,0,1,1,0,1,B,-,SA1: SD2,SP: SG,0,44,44,157,NA,NA,NA,NA,NA,242.81271409994224,5.6339998263865e-4,243.54612869996345,243.64627279998967,0.8309379999991506,245.57954529993003,245.9794623000198,246.08171639993088,246.08171639993088,h,1,1.4713219000259414,247.57935139996695,247.57935139996695,247.57935139996695,247.57935139996695,NA,NA,NA,NA,NA,NA,NA,035,001,2024-02-28_09h45.18.697,PsychoPy Exp,2023.1.2,60.02411769245192
BeliefY,ExpTrialStim/Triangle_B_1.png,Adam THINKS there are ZERO cubes,h,b,TB-Ig,1,0,1,1,0,1,0,0,0,0,B,-,TA2,TR,0,45,45,126,NA,NA,NA,NA,NA,247.57935139996695,0.00206720002461224,248.31255259999307,248.4127835999825,0.8288013000274077,250.3461863999837,250.74631349992703,250.84826649999013,250.84826649999013,h,1,1.6819721999345347,252.54623459995491,252.54623459995491,252.54623459995491,252.54623459995491,NA,NA,NA,NA,NA,NA,NA,035,001,2024-02-28_09h45.18.697,PsychoPy Exp,2023.1.2,60.02411769245192
BeliefY,ExpTrialStim/Triangle_B_Square_2.png,Adam THINKS there are ZERO cubes,h,b,FB-Ig,2,1,1,1,0,1,1,1,0,0,B,-,SC3: TB3,SP: TY,0,46,46,159,NA,NA,NA,NA,NA,252.54623459995491,0.00169800000730901,253.27947759995004,253.3796144000371,0.8294512999709696,255.3130026999279,255.71296770003391,255.81508919998305,255.81508919998305,h,1,1.0658752999734131,256.9128741999739,256.9128741999739,256.9128741999739,256.9128741999739,NA,NA,NA,NA,NA,NA,NA,035,001,2024-02-28_09h45.18.697,PsychoPy Exp,2023.1.2,60.02411769245192
KnowledgeN,ExpTrialStim/Square_Square_B_12.png,Adam KNOWS there is ONE cube,b,h,TB-K-B,2,2,0,2,2,0,0,0,0,1,B,PropFalse,SA1: SB3,SP: SG,0,47,47,303,NA,NA,NA,NA,NA,256.9128741999739,0.00187449995428323,257.64616649999516,257.746206999931,0.8297224999405444,259.6794281999464,260.0795184999588,260.1816625999636,260.1816625999636,b,1,0.9475223999470472,261.1460116999806,261.1460116999806,261.1460116999806,261.1460116999806,NA,NA,NA,NA,NA,NA,NA,035,001,2024-02-28_09h45.18.697,PsychoPy Exp,2023.1.2,60.02411769245192
BeliefY,ExpTrialStim/Square_Square_B_7.png,Adam THINKS there are TWO cubes,h,b,TB-K-B,2,2,0,2,2,0,0,0,0,2,B,-,SA1: SB2,SG: SP,0,48,48,140,NA,NA,NA,NA,NA,261.1460116999806,4.0289992466568e-4,261.87942589999875,261.9795707000303,0.8310736999846995,263.9127843999886,264.31290810002247,264.41521680000005,264.41521680000005,h,1,0.6577168999938294,265.09610559995053,265.09610559995053,265.09610559995053,265.09610559995053,NA,NA,NA,NA,NA,NA,NA,035,001,2024-02-28_09h45.18.697,PsychoPy Exp,2023.1.2,60.02411769245192
BeliefN,ExpTrialStim/Square_Square_NB_2.png,Adam THINKS there are ZERO cubes,b,h,TB-K,2,2,0,2,2,0,0,0,0,0,NB,PropFalse,SA2: SB3,SB: SG,0,49,49,175,NA,NA,NA,NA,NA,265.09610559995053,0.0015674999449402,265.8294500000193,265.92941519996384,0.8299174999119714,267.86272979999194,268.26279160002014,268.3649161999929,268.3649161999929,b,1,0.8119025999912992,269.19597880000947,269.19597880000947,269.19597880000947,269.19597880000947,NA,NA,NA,NA,NA,NA,NA,035,001,2024-02-28_09h45.18.697,PsychoPy Exp,2023.1.2,60.02411769245192
KnowledgeN,ExpTrialStim/Square_Triangle_B_9.png,Adam KNOWS there are ZERO cubes,b,h,TB-K-B,2,1,1,2,1,1,0,0,0,0,B,PropFalse,SA3: TB2,SG: TR,0,50,50,304,NA,NA,NA,NA,NA,269.19597880000947,0.00163489999249577,269.92945110000437,270.02961909997975,0.8298264999175444,271.9629076999263,272.3628996000043,272.4650679999613,272.4650679999613,b,1,2.1358959999633953,274.6293895999552,274.6293895999552,274.6293895999552,274.6293895999552,NA,NA,NA,NA,NA,NA,NA,035,001,2024-02-28_09h45.18.697,PsychoPy Exp,2023.1.2,60.02411769245192
RealityN,ExpTrialStim/Square_NB_3.png,"In REALITY, there are TWO cubes",b,h,TB-K,1,1,0,1,1,0,0,0,0,2,NB,PropFalse,SB2,SG,0,51,51,59,NA,NA,NA,NA,NA,274.6293895999552,0.00163209997117519,275.3626457999344,275.4628959999536,0.8298347999807447,277.39605839998694,277.79610879992833,277.89823789993534,277.89823789993534,b,1,0.8708879000041634,278.7960648999433,278.7960648999433,278.7960648999433,278.7960648999433,NA,NA,NA,NA,NA,NA,NA,035,001,2024-02-28_09h45.18.697,PsychoPy Exp,2023.1.2,60.02411769245192
BeliefY,ExpTrialStim/Triangle_Triangle_NB_3.png,Adam THINKS there are ZERO cubes,h,b,TB-K,2,0,2,2,0,2,0,0,0,0,NB,-,TA3: TB1,TR: TY,0,52,52,116,NA,NA,NA,NA,NA,278.7960648999433,0.00178180006332695,279.5294426000328,279.6295863999403,0.8296125000342727,281.5627288999385,281.9628546999884,282.06495279999217,282.06495279999217,h,1,0.9280183999799192,283.0126154999598,283.0126154999598,283.0126154999598,283.0126154999598,NA,NA,NA,NA,NA,NA,NA,035,001,2024-02-28_09h45.18.697,PsychoPy Exp,2023.1.2,60.02411769245192
RealityN,ExpTrialStim/Square_Square_NB_3.png,"In REALITY, there are ZERO cubes",b,h,TB-K,2,2,0,2,2,0,0,0,0,0,NB,PropFalse,SA3: SB1,SG: SP,0,53,53,68,NA,NA,NA,NA,NA,283.0126154999598,0.00180670002009719,283.74606470001163,283.84617049997905,0.8293039000127465,285.7795146999997,286.17945530003635,286.28164500003913,286.28164500003913,b,1,0.7429900000570342,287.0459702000371,287.0459702000371,287.0459702000371,287.0459702000371,NA,NA,NA,NA,NA,NA,NA,035,001,2024-02-28_09h45.18.697,PsychoPy Exp,2023.1.2,60.02411769245192
BeliefN,ExpTrialStim/B_Square_4.png,Adam THINKS there are TWO cubes,b,h,FB-Ig,1,1,0,0,0,0,1,1,0,2,B,PropFalse,SD2,SB,0,54,54,203,NA,NA,NA,NA,NA,287.0459702000371,4.4610002078115e-4,287.77938419993734,287.87953770003514,0.8311457000672817,289.81268949998775,290.212865999958,290.3150016000145,290.3150016000145,b,1,1.7344025999773294,292.0792341000051,292.0792341000051,292.0792341000051,292.0792341000051,NA,NA,NA,NA,NA,NA,NA,035,001,2024-02-28_09h45.18.697,PsychoPy Exp,2023.1.2,60.02411769245192
RealityY,ExpTrialStim/B_Square_2.png,"In REALITY, there is ONE cube",h,b,FB-Ig,1,1,0,0,0,0,1,1,0,1,B,-,SC3,SG,0,55,55,39,NA,NA,NA,NA,NA,292.0792341000051,4.1660002898424e-4,292.81266500003403,292.9128549999441,0.8311432000482455,294.84597570000915,295.2459043999552,295.34887940000044,295.34887940000044,h,1,0.6760238000424579,296.04597889998695,296.04597889998695,296.04597889998695,296.04597889998695,NA,NA,NA,NA,NA,NA,NA,035,001,2024-02-28_09h45.18.697,PsychoPy Exp,2023.1.2,60.02411769245192
KnowledgeN,ExpTrialStim/Square_Triangle_B_11.png,Adam KNOWS there are TWO cubes,b,h,TB-K-B,2,1,1,2,1,1,0,0,0,2,B,PropFalse,SB2: TA3,SG: TR,0,56,56,306,NA,NA,NA,NA,NA,296.04597889998695,0.00161549996118992,296.7793309999979,296.87953380000545,0.8299542999593541,298.81282709998777,299.212815799925,299.3148400999489,299.3148400999489,b,1,1.3177010000217706,300.6623711999855,300.6623711999855,300.6623711999855,300.6623711999855,NA,NA,NA,NA,NA,NA,NA,035,001,2024-02-28_09h45.18.697,PsychoPy Exp,2023.1.2,60.02411769245192
BeliefY,ExpTrialStim/B_Square_3.png,Adam THINKS there are ZERO cubes,h,b,FB-Ig,1,1,0,0,0,0,1,1,0,0,B,-,SD1,SP,0,57,57,148,NA,NA,NA,NA,NA,300.6623711999855,4.2399996891617e-4,301.3960190000362,301.49615750001976,0.8313973000040278,303.429510499991,303.8294665000285,303.9315233999514,303.9315233999514,h,1,1.1733725999947635,305.1293871999369,305.1293871999369,305.1293871999369,305.1293871999369,NA,NA,NA,NA,NA,NA,NA,035,001,2024-02-28_09h45.18.697,PsychoPy Exp,2023.1.2,60.02411769245192
BeliefY,ExpTrialStim/Square_B_Square_5.png,Adam THINKS there is ONE cube,h,b,FB-Ig,2,2,0,1,1,0,1,1,0,1,B,-,SB2: SD3,SB: SG,0,58,58,154,NA,NA,NA,NA,NA,305.1293871999369,0.00170359993353486,305.8626257000142,305.96281290001934,0.8294660999672487,307.8961265000398,308.29603549995227,308.39811909996206,308.39811909996206,h,1,1.4424442000454292,309.8625783000025,309.8625783000025,309.8625783000025,309.8625783000025,NA,NA,NA,NA,NA,NA,NA,035,001,2024-02-28_09h45.18.697,PsychoPy Exp,2023.1.2,60.02411769245192
BeliefN,ExpTrialStim/Square_B_Square_3.png,Adam THINKS there are ZERO cubes,b,h,FB-Ig,2,2,0,1,1,0,1,1,0,0,B,PropFalse,SA3: SD1,SP: SB,0,59,59,206,NA,NA,NA,NA,NA,309.8625783000025,5.712000420317e-4,310.59599659993546,310.6961069999379,0.8311753999441862,312.62935549992835,313.02946799999336,313.13158520002617,313.13158520002617,b,1,1.477327200002037,314.6293322999845,314.6293322999845,314.6293322999845,314.6293322999845,NA,NA,NA,NA,NA,NA,NA,035,001,2024-02-28_09h45.18.697,PsychoPy Exp,2023.1.2,60.02411769245192
BeliefN,ExpTrialStim/Square_Square_B_6.png,Adam THINKS there are ZERO cubes,b,h,TB-K-B,2,2,0,2,2,0,0,0,0,0,B,PropFalse,SA1: SB3,SB: SG,0,60,60,193,NA,NA,NA,NA,NA,314.6293322999845,0.00185310002416372,315.3626111000194,315.462742899952,0.829397700028494,317.39601019996917,317.7960311000352,317.89811090001604,317.89811090001604,b,1,1.2866079000523314,319.2125803999952,319.2125803999952,319.2125803999952,319.2125803999952,NA,NA,NA,NA,NA,NA,NA,035,001,2024-02-28_09h45.18.697,PsychoPy Exp,2023.1.2,60.02411769245192
KnowledgeN,ExpTrialStim/B_Square_3.png,Adam KNOWS there is ONE cube,b,h,FB-Ig,1,1,0,0,0,0,1,1,0,1,B,PropTrueNoKnowledge,SD1,SP,0,61,61,310,NA,NA,NA,NA,NA,319.2125803999952,0.00135660008527338,319.9457701999345,320.04609200003324,0.8303361000726,321.9792122999788,322.3791181999841,322.48142359993653,322.48142359993653,b,1,2.7036212000530213,325.2126609000261,325.2126609000261,325.2126609000261,325.2126609000261,NA,NA,NA,NA,NA,NA,NA,035,001,2024-02-28_09h45.18.697,PsychoPy Exp,2023.1.2,60.02411769245192
KnowledgeN,ExpTrialStim/Square_Square_NB_6.png,Adam KNOWS there is ONE cube,b,h,TB-K,2,2,0,2,2,0,0,0,0,1,NB,PropFalse,SA1: SB3,SG: SB,0,62,62,287,NA,NA,NA,NA,NA,325.2126609000261,0.00187399995047599,325.94593909994,326.0460074999719,0.8296376999933273,327.9793562000268,328.37936950003495,328.481439999945,328.481439999945,b,1,1.0393302000593394,329.54590650001774,329.54590650001774,329.54590650001774,329.54590650001774,NA,NA,NA,NA,NA,NA,NA,035,001,2024-02-28_09h45.18.697,PsychoPy Exp,2023.1.2,60.02411769245192
BeliefN,ExpTrialStim/Triangle_NB_2.png,Adam THINKS there is ONE cube,b,h,TB-K,1,0,1,1,0,1,0,0,0,1,NB,PropFalse,TA3,TY,0,63,63,163,NA,NA,NA,NA,NA,329.54590650001774,0.00166339997667819,330.27930170000764,330.379517399997,0.8296929999487475,332.3124427999719,332.71249719994375,332.8148172000074,332.8148172000074,b,1,0.8899611999513581,333.72921800002223,333.72921800002223,333.72921800002223,333.72921800002223,NA,NA,NA,NA,NA,NA,NA,035,001,2024-02-28_09h45.18.697,PsychoPy Exp,2023.1.2,60.02411769245192
KnowledgeY,ExpTrialStim/Square_Triangle_B_4.png,Adam KNOWS there is ONE cube,h,b,FB-Ig,2,1,1,2,1,1,0,0,0,1,B,-,SB1: TA3,SP: TY,0,64,64,261,NA,NA,NA,NA,NA,333.72921800002223,0.00162859994452446,334.46226589992875,334.56272159999935,0.8298980999970809,336.4960256999475,336.8959350999794,336.9979913000134,336.9979913000134,h,1,0.938529699924402,337.96245950000593,337.96245950000593,337.96245950000593,337.96245950000593,NA,NA,NA,NA,NA,NA,NA,035,001,2024-02-28_09h45.18.697,PsychoPy Exp,2023.1.2,60.02411769245192
RealityY,ExpTrialStim/Square_B_Square_7.png,"In REALITY, there are TWO cubes",h,b,FB-Ig,2,2,0,1,1,0,1,1,0,2,B,-,SA3: SC2,SG: SP,0,65,65,48,NA,NA,NA,NA,NA,337.96245950000593,4.2759999632835e-4,338.69588670000667,338.79597859998466,0.8312543000793085,340.7293805999798,341.12914099992486,341.2314089999418,341.2314089999418,h,1,0.761440800037235,342.01258659997256,342.01258659997256,342.01258659997256,342.01258659997256,NA,NA,NA,NA,NA,NA,NA,035,001,2024-02-28_09h45.18.697,PsychoPy Exp,2023.1.2,60.02411769245192
KnowledgeN,ExpTrialStim/Square_NB_1.png,Adam KNOWS there are ZERO cubes,b,h,TB-K,1,1,0,1,1,0,0,0,0,0,NB,PropFalse,SA1,SB,0,66,66,273,NA,NA,NA,NA,NA,342.01258659997256,0.00173309992533177,342.7458786999923,342.84588899993105,0.8293580999597907,344.7793736999738,345.1791370999417,345.28149080002913,345.28149080002913,b,1,1.4793518000515178,346.7793815000332,346.7793815000332,346.7793815000332,346.7793815000332,NA,NA,NA,NA,NA,NA,NA,035,001,2024-02-28_09h45.18.697,PsychoPy Exp,2023.1.2,60.02411769245192
KnowledgeY,ExpTrialStim/Square_Triangle_B_9.png,Adam KNOWS there is ONE cube,h,b,FB-Ig,2,1,1,2,1,1,0,0,0,1,B,-,SA3: TB2,SG: TR,0,67,67,266,NA,NA,NA,NA,NA,346.7793815000332,0.00180260010529309,347.5125172000262,347.6126604999299,0.8294605000410229,349.5458740000031,349.9458849999937,350.0482405999792,350.0482405999792,h,1,1.0162110000383109,351.09585560002597,351.09585560002597,351.09585560002597,351.09585560002597,NA,NA,NA,NA,NA,NA,NA,035,001,2024-02-28_09h45.18.697,PsychoPy Exp,2023.1.2,60.02411769245192
KnowledgeN,ExpTrialStim/Triangle_NB_1.png,Adam KNOWS there is ONE cube,b,h,TB-K,1,0,1,1,0,1,0,0,0,1,NB,PropFalse,TA1,TO,0,68,68,270,NA,NA,NA,NA,NA,351.09585560002597,0.00117159995716065,351.82919829996536,351.92929589998676,0.8297187000280246,353.86264440004015,354.26251079997746,354.36466759996256,354.36466759996256,b,1,1.467759000021033,355.8624585000216,355.8624585000216,355.8624585000216,355.8624585000216,NA,NA,NA,NA,NA,NA,NA,035,001,2024-02-28_09h45.18.697,PsychoPy Exp,2023.1.2,60.02411769245192
RealityY,ExpTrialStim/Triangle_Triangle_NB_1.png,"In REALITY, there are ZERO cubes",h,b,TB-K,2,0,2,2,0,2,0,0,0,0,NB,-,TA1: TB2,TY: TO,0,69,69,6,NA,NA,NA,NA,NA,355.8624585000216,6.0119992122054e-4,356.5958794999751,356.69594760000473,0.8311706999083981,358.62913479999406,359.029293999949,359.1315258000395,359.1315258000395,h,1,1.125211999984458,360.279235999973,360.279235999973,360.279235999973,360.279235999973,NA,NA,NA,NA,NA,NA,NA,035,001,2024-02-28_09h45.18.697,PsychoPy Exp,2023.1.2,60.02411769245192
RealityN,ExpTrialStim/Square_B_Square_5.png,"In REALITY, there is ONE cube",b,h,FB-Ig,2,2,0,1,1,0,1,1,0,1,B,PropFalse,SB2: SD3,SB: SG,0,70,70,100,NA,NA,NA,NA,NA,360.279235999973,0.00181610009167343,361.01251079997746,361.1125376999262,0.8293922001030296,363.0458479000372,363.4459251999506,363.54789139999775,363.54789139999775,b,1,1.5810562999686226,365.1457472999464,365.1457472999464,365.1457472999464,365.1457472999464,NA,NA,NA,NA,NA,NA,NA,035,001,2024-02-28_09h45.18.697,PsychoPy Exp,2023.1.2,60.02411769245192
RealityN,ExpTrialStim/Triangle_NB_2.png,"In REALITY, there is ONE cube",b,h,TB-K,1,0,1,1,0,1,0,0,0,1,NB,PropFalse,TA3,TY,0,71,71,55,NA,NA,NA,NA,NA,365.1457472999464,3.95999988541e-4,365.8791344999918,365.9792554999585,0.8312040000455454,367.91250509995734,368.312422799936,368.414745600021,368.414745600021,b,1,1.3459920000750571,369.7792055999744,369.7792055999744,369.7792055999744,369.7792055999744,NA,NA,NA,NA,NA,NA,NA,035,001,2024-02-28_09h45.18.697,PsychoPy Exp,2023.1.2,60.02411769245192
RealityN,ExpTrialStim/Square_Square_NB_6.png,"In REALITY, there is ONE cube",b,h,TB-K,2,2,0,2,2,0,0,0,0,1,NB,PropFalse,SA1: SB3,SG: SB,0,72,72,71,NA,NA,NA,NA,NA,369.7792055999744,0.00174209999386221,370.51243870001053,370.6125305999886,0.8291656000073999,372.5459262999357,372.94576149998466,373.0480596999987,373.0480596999987,b,1,0.7526806999230757,373.8289089999744,373.8289089999744,373.8289089999744,373.8289089999744,NA,NA,NA,NA,NA,NA,NA,035,001,2024-02-28_09h45.18.697,PsychoPy Exp,2023.1.2,60.02411769245192
RealityN,ExpTrialStim/Triangle_B_Square_1.png,"In REALITY, there are ZERO cubes",b,h,FB-Ig,2,1,1,1,0,1,1,1,0,0,B,PropFalse,SC1: TA1,SB: TO,0,73,73,104,NA,NA,NA,NA,NA,373.8289089999744,3.9770000148564e-4,374.5624444999849,374.6624419999426,0.8312664999393746,376.5959290000028,376.9958984000259,377.0980226999963,377.0980226999963,b,1,1.3186726999701932,378.4456277000136,378.4456277000136,378.4456277000136,378.4456277000136,NA,NA,NA,NA,NA,NA,NA,035,001,2024-02-28_09h45.18.697,PsychoPy Exp,2023.1.2,60.02411769245192
KnowledgeY,ExpTrialStim/Square_Triangle_B_5.png,Adam KNOWS there is ONE cube,h,b,FB-Ig,2,1,1,2,1,1,0,0,0,1,B,-,SB2: TA1,SG: TR,0,74,74,262,NA,NA,NA,NA,NA,378.4456277000136,0.00172239996027201,379.1791060999385,379.27919660002226,0.8295768999960274,381.212532799982,381.612361699983,381.7147934999666,381.7147934999666,h,1,0.8939643999328837,382.6291762999608,382.6291762999608,382.6291762999608,382.6291762999608,NA,NA,NA,NA,NA,NA,NA,035,001,2024-02-28_09h45.18.697,PsychoPy Exp,2023.1.2,60.02411769245192
KnowledgeY,ExpTrialStim/Square_Square_B_3.png,Adam KNOWS there are TWO cubes,h,b,TB-K-B,2,2,0,2,2,0,0,0,0,2,B,-,SA3: SB1,SG: SB,0,75,75,248,NA,NA,NA,NA,NA,382.6291762999608,0.00172990001738071,383.3624101000023,383.4625524000148,0.8294535999884829,385.39568449993385,385.7958711999818,385.897923099983,385.897923099983,h,1,0.958672699984163,386.8789105000323,386.8789105000323,386.8789105000323,386.8789105000323,NA,NA,NA,NA,NA,NA,NA,035,001,2024-02-28_09h45.18.697,PsychoPy Exp,2023.1.2,60.02411769245192
KnowledgeY,ExpTrialStim/Square_NB_3.png,Adam KNOWS there is ONE cube,h,b,TB-K,1,1,0,1,1,0,0,0,0,1,NB,-,SB2,SG,0,76,76,221,NA,NA,NA,NA,NA,386.8789105000323,4.0789996273815e-4,387.6124372999766,387.71254119992955,0.8313355999998748,389.6457837999915,390.04576780000934,390.1480297999806,390.1480297999806,h,1,1.0683125000214204,391.2457214999595,391.2457214999595,391.2457214999595,391.2457214999595,NA,NA,NA,NA,NA,NA,NA,035,001,2024-02-28_09h45.18.697,PsychoPy Exp,2023.1.2,60.02411769245192
KnowledgeN,ExpTrialStim/Square_B_Square_8.png,Adam KNOWS there are TWO cubes,b,h,FB-Ig,2,2,0,1,1,0,1,1,0,2,B,PropTrueNoKnowledge,SA1: SD2,SP: SG,0,77,77,319,NA,NA,NA,NA,NA,391.2457214999595,7.6730002183467e-4,391.9790645000176,392.0791777999257,0.8308771000010893,394.01223219995154,394.4124704999267,394.5152549000341,394.5152549000341,b,1,1.2450890999753028,395.7787772999727,395.7787772999727,395.7787772999727,395.7787772999727,NA,NA,NA,NA,NA,NA,NA,035,001,2024-02-28_09h45.18.697,PsychoPy Exp,2023.1.2,60.02411769245192
KnowledgeY,ExpTrialStim/Square_Square_B_2.png,Adam KNOWS there are TWO cubes,h,b,TB-K-B,2,2,0,2,2,0,0,0,0,2,B,-,SA2: SB3,SB: SP,0,78,78,247,NA,NA,NA,NA,NA,395.7787772999727,3.963999915868e-4,396.51214239996625,396.6122556999908,0.8307346999645233,398.545877800032,398.9456144000287,399.0480297000031,399.0480297000031,h,1,1.00026430003345,400.0787835999509,400.0787835999509,400.0787835999509,400.0787835999509,NA,NA,NA,NA,NA,NA,NA,035,001,2024-02-28_09h45.18.697,PsychoPy Exp,2023.1.2,60.02411769245192
KnowledgeN,ExpTrialStim/Triangle_NB_2.png,Adam KNOWS there is ONE cube,b,h,TB-K,1,0,1,1,0,1,0,0,0,1,NB,PropFalse,TA3,TY,0,79,79,271,NA,NA,NA,NA,NA,400.0787835999509,3.8940005470067e-4,400.8121416000067,400.9121351999347,0.8306355000240728,402.8455264999648,403.2455402999767,403.34834379999666,403.34834379999666,b,1,0.707886700052768,404.07874550001,404.07874550001,404.07874550001,404.07874550001,NA,NA,NA,NA,NA,NA,NA,035,001,2024-02-28_09h45.18.697,PsychoPy Exp,2023.1.2,60.02411769245192
BeliefN,ExpTrialStim/Triangle_NB_3.png,Adam THINKS there are TWO cubes,b,h,TB-K,1,0,1,1,0,1,0,0,0,2,NB,PropFalse,TB2,TR,0,80,80,164,NA,NA,NA,NA,NA,404.07874550001,3.9140006992965e-4,404.81217620003736,404.9121932000271,0.8308873000787571,406.8457716999692,407.2454898999422,407.34840359998634,407.34840359998634,b,1,0.7967505000997335,408.1624650000013,NA,408.1624650000013,NA,space,6.685807699919678,NA,NA,NA,NA,NA,035,001,2024-02-28_09h45.18.697,PsychoPy Exp,2023.1.2,60.02411769245192
KnowledgeY,ExpTrialStim/Square_Triangle_B_8.png,Adam KNOWS there is ONE cube,h,b,FB-Ig,2,1,1,2,1,1,0,0,0,1,B,-,SA2: TB1,SP: TY,0,81,81,265,NA,NA,NA,NA,NA,414.87885509995976,4.8819999210536e-4,415.6120754000149,415.71223070001,0.8322722000302747,417.6454147999757,418.0454380999436,418.14759729994694,418.14759729994694,h,1,0.7566059000091627,418.92868189996807,418.92868189996807,418.92868189996807,418.92868189996807,NA,NA,NA,NA,NA,NA,NA,035,001,2024-02-28_09h45.18.697,PsychoPy Exp,2023.1.2,60.02411769245192
BeliefN,ExpTrialStim/Square_B_Square_1.png,Adam THINKS there are ZERO cubes,b,h,FB-Ig,2,2,0,1,1,0,1,1,0,0,B,PropFalse,SA1: SC2,SG: SB,0,82,82,204,NA,NA,NA,NA,NA,418.92868189996807,4.3590005952864e-4,419.6620427999296,419.762200499943,0.8307592000346631,421.6954589000088,422.0954029999557,422.1976696999627,422.1976696999627,b,1,1.6905210999539122,423.9120053999941,423.9120053999941,423.9120053999941,423.9120053999941,NA,NA,NA,NA,NA,NA,NA,035,001,2024-02-28_09h45.18.697,PsychoPy Exp,2023.1.2,60.02411769245192
RealityY,ExpTrialStim/Square_NB_2.png,"In REALITY, there is ONE cube",h,b,TB-K,1,1,0,1,1,0,0,0,0,1,NB,-,SA3,SP,0,83,83,4,NA,NA,NA,NA,NA,423.9120053999941,3.852000227198e-4,424.64559889998054,424.7457657999475,0.8312023000326008,426.6955859999289,427.0956773999496,427.1977312999661,427.1977312999661,h,1,0.994654200039804,428.2123520000023,428.2123520000023,428.2123520000023,428.2123520000023,NA,NA,NA,NA,NA,NA,NA,035,001,2024-02-28_09h45.18.697,PsychoPy Exp,2023.1.2,60.02411769245192
RealityY,ExpTrialStim/Square_Triangle_NB_3.png,"In REALITY, there is ONE cube",h,b,TB-K,2,1,1,2,1,1,0,0,0,1,NB,-,SB3: TA2,SP: TY,0,84,84,11,NA,NA,NA,NA,NA,428.2123520000023,0.00180430000182241,428.9454204999493,429.0457647999865,0.8297809000359848,430.979045199987,431.3790171000291,431.48112009995384,431.48112009995384,h,1,0.8640229000011459,432.3622822999605,432.3622822999605,432.3622822999605,432.3622822999605,NA,NA,NA,NA,NA,NA,NA,035,001,2024-02-28_09h45.18.697,PsychoPy Exp,2023.1.2,60.02411769245192
RealityY,ExpTrialStim/Triangle_Triangle_B_7.png,"In REALITY, there are ZERO cubes",h,b,TB-K-B,2,0,2,2,0,2,0,0,0,0,B,-,TA1: TB2,TR: TY,0,85,85,32,NA,NA,NA,NA,NA,432.3622822999605,0.00171960005536675,433.095436899981,433.19571229995927,0.8294514000881463,435.12912729993695,435.5289238000405,435.63115570001537,435.63115570001537,h,1,0.9139125000219792,436.5622464999906,436.5622464999906,436.5622464999906,436.5622464999906,NA,NA,NA,NA,NA,NA,NA,035,001,2024-02-28_09h45.18.697,PsychoPy Exp,2023.1.2,60.02411769245192
KnowledgeN,ExpTrialStim/Triangle_NB_3.png,Adam KNOWS there are TWO cubes,b,h,TB-K,1,0,1,1,0,1,0,0,0,2,NB,PropFalse,TB2,TR,0,86,86,272,NA,NA,NA,NA,NA,436.5622464999906,0.00170170003548264,437.2956367999432,437.39572199998656,0.8293329000007361,439.3290333999903,439.7289373999811,439.83118609996745,439.83118609996745,b,1,0.9375276999780908,440.7956218999461,440.7956218999461,440.7956218999461,440.7956218999461,NA,NA,NA,NA,NA,NA,NA,035,001,2024-02-28_09h45.18.697,PsychoPy Exp,2023.1.2,60.02411769245192
BeliefN,ExpTrialStim/Square_NB_3.png,Adam THINKS there are TWO cubes,b,h,TB-K,1,1,0,1,1,0,0,0,0,2,NB,PropFalse,SB2,SG,0,87,87,167,NA,NA,NA,NA,NA,440.7956218999461,0.00179789995308965,441.52890350000234,441.6289544000174,0.8293737999629229,443.5621836999781,443.96240949997446,444.06446129997494,444.06446129997494,b,1,0.8806388999801129,444.9622793000308,444.9622793000308,444.9622793000308,444.9622793000308,NA,NA,NA,NA,NA,NA,NA,035,001,2024-02-28_09h45.18.697,PsychoPy Exp,2023.1.2,60.02411769245192
BeliefN,ExpTrialStim/Square_B_Square_6.png,Adam THINKS there are TWO cubes,b,h,FB-Ig,2,2,0,1,1,0,1,1,0,2,B,PropTrueNoBelief,SB3: SC1,SP: SG,0,88,88,209,NA,NA,NA,NA,NA,444.9622793000308,0.00172240007668733,445.695596000005,445.7956705999677,0.82947240001522,447.7454939999734,448.1456146999844,448.2477286999929,448.2477286999929,b,1,1.3927718999329954,449.66216689994326,449.66216689994326,449.66216689994326,449.66216689994326,NA,NA,NA,NA,NA,NA,NA,035,001,2024-02-28_09h45.18.697,PsychoPy Exp,2023.1.2,60.02411769245192
KnowledgeN,ExpTrialStim/Square_Triangle_NB_3.png,Adam KNOWS there are TWO cubes,b,h,TB-K,2,1,1,2,1,1,0,0,0,2,NB,PropFalse,SB3: TA2,SP: TY,0,89,89,281,NA,NA,NA,NA,NA,449.66216689994326,0.00173210003413259,450.39536599995336,450.4956711999257,0.8288811000529677,452.4288342999643,452.8290302999667,452.9311108999536,452.9311108999536,b,1,1.4615854999283329,454.41218219994335,454.41218219994335,454.41218219994335,454.41218219994335,NA,NA,NA,NA,NA,NA,NA,035,001,2024-02-28_09h45.18.697,PsychoPy Exp,2023.1.2,60.02411769245192
RealityN,ExpTrialStim/Triangle_B_Square_2.png,"In REALITY, there are TWO cubes",b,h,FB-Ig,2,1,1,1,0,1,1,1,0,2,B,PropFalse,SC3: TB3,SP: TY,0,90,90,105,NA,NA,NA,NA,NA,454.41218219994335,0.00149360008072108,455.1452634999878,455.24538879998727,0.8299030000343919,457.17895080003655,457.5788173999754,457.6809825000237,457.6809825000237,b,1,1.4318672000663355,459.1289294999442,459.1289294999442,459.1289294999442,459.1289294999442,NA,NA,NA,NA,NA,NA,NA,035,001,2024-02-28_09h45.18.697,PsychoPy Exp,2023.1.2,60.02411769245192
KnowledgeN,ExpTrialStim/Square_Triangle_NB_1.png,Adam KNOWS there are ZERO cubes,b,h,TB-K,2,1,1,2,1,1,0,0,0,0,NB,PropFalse,SA2: TB1,SG: TR,0,91,91,279,NA,NA,NA,NA,NA,459.1289294999442,0.00170520006213337,459.8620450000162,459.962310300034,0.8294097000034526,461.8955153999268,462.295571100025,462.3978956000065,462.3978956000065,b,1,1.1470833999337628,463.56191799993394,463.56191799993394,463.56191799993394,463.56191799993394,NA,NA,NA,NA,NA,NA,NA,035,001,2024-02-28_09h45.18.697,PsychoPy Exp,2023.1.2,60.02411769245192
RealityN,ExpTrialStim/Triangle_B_1.png,"In REALITY, there is ONE cube",b,h,TB-Ig,1,0,1,1,0,1,0,0,0,1,B,PropFalse,TA2,TR,0,92,92,72,NA,NA,NA,NA,NA,463.56191799993394,0.00193709996528923,464.2954899999895,464.3955918999272,0.8290633999276906,466.3287852999638,466.728924199997,466.8310424000374,466.8310424000374,b,1,1.217028500046581,468.0786817999906,468.0786817999906,468.0786817999906,468.0786817999906,NA,NA,NA,NA,NA,NA,NA,035,001,2024-02-28_09h45.18.697,PsychoPy Exp,2023.1.2,60.02411769245192
RealityN,ExpTrialStim/Triangle_B_2.png,"In REALITY, there is ONE cube",b,h,TB-Ig,1,0,1,1,0,1,0,0,0,1,B,PropFalse,TB2,TO,0,93,93,73,NA,NA,NA,NA,NA,468.0786817999906,7.935999892652e-4,468.8121395999915,468.91223730001366,0.8308673999272287,470.84551960002864,471.245545200014,471.34759740001755,471.34759740001755,b,1,1.5170223999302834,472.8954775999882,472.8954775999882,472.8954775999882,472.8954775999882,NA,NA,NA,NA,NA,NA,NA,035,001,2024-02-28_09h45.18.697,PsychoPy Exp,2023.1.2,60.02411769245192
BeliefY,ExpTrialStim/Square_Square_B_12.png,Adam THINKS there are TWO cubes,h,b,TB-K-B,2,2,0,2,2,0,0,0,0,2,B,-,SA1: SB3,SP: SG,0,94,94,145,NA,NA,NA,NA,NA,472.8954775999882,0.00170069991145282,473.6287882000324,473.72896539996145,0.8295035999035463,475.6622761999606,476.0620548999286,476.1644473999622,476.1644473999622,h,1,0.8996207999298349,477.095532700012,477.095532700012,477.095532700012,477.095532700012,NA,NA,NA,NA,NA,NA,NA,035,001,2024-02-28_09h45.18.697,PsychoPy Exp,2023.1.2,60.02411769245192
RealityY,ExpTrialStim/Square_B_1.png,"In REALITY, there is ONE cube",h,b,TB-Ig,1,1,0,1,1,0,0,0,0,1,B,-,SA2,SG,0,95,95,20,NA,NA,NA,NA,NA,477.095532700012,4.0559994522482e-4,477.8284589000395,477.9286385999876,0.8307762999320403,479.86229020002065,480.2622338999645,480.3642684999504,480.3642684999504,h,1,0.8681230000220239,481.2619719999493,481.2619719999493,481.2619719999493,481.2619719999493,NA,NA,NA,NA,NA,NA,NA,035,001,2024-02-28_09h45.18.697,PsychoPy Exp,2023.1.2,60.02411769245192
KnowledgeY,ExpTrialStim/Square_NB_1.png,Adam KNOWS there is ONE cube,h,b,TB-K,1,1,0,1,1,0,0,0,0,1,NB,-,SA1,SB,0,96,96,219,NA,NA,NA,NA,NA,481.2619719999493,4.817999433726e-4,481.9953942000284,482.0952852999908,0.8313102000392973,484.0289060000214,484.4288694999995,484.53116339998087,484.53116339998087,h,1,0.7813684000866488,485.3287559999735,485.3287559999735,485.3287559999735,485.3287559999735,NA,NA,NA,NA,NA,NA,NA,035,001,2024-02-28_09h45.18.697,PsychoPy Exp,2023.1.2,60.02411769245192
KnowledgeN,ExpTrialStim/Square_Square_B_11.png,Adam KNOWS there are ZERO cubes,b,h,TB-K-B,2,2,0,2,2,0,0,0,0,0,B,PropFalse,SA3: SB2,SB: SP,0,97,97,302,NA,NA,NA,NA,NA,485.3287559999735,0.00150590005796402,486.0620896999608,486.16210719995433,0.8299616000149399,488.09562680003,488.4954604999511,488.59776640002383,488.59776640002383,b,1,1.2904215001035482,489.9121748000034,489.9121748000034,489.9121748000034,489.9121748000034,NA,NA,NA,NA,NA,NA,NA,035,001,2024-02-28_09h45.18.697,PsychoPy Exp,2023.1.2,60.02411769245192
BeliefN,ExpTrialStim/Square_B_1.png,Adam THINKS there are ZERO cubes,b,h,TB-Ig,1,1,0,1,1,0,0,0,0,0,B,PropFalse,SA2,SG,0,98,98,182,NA,NA,NA,NA,NA,489.9121748000034,0.00167950009927153,490.6454203000176,490.7452523999964,0.8293493000091985,492.67872879997594,493.07884989999,493.1809562999406,493.1809562999406,b,1,1.2510942000662908,494.462037399935,494.462037399935,494.462037399935,494.462037399935,NA,NA,NA,NA,NA,NA,NA,035,001,2024-02-28_09h45.18.697,PsychoPy Exp,2023.1.2,60.02411769245192
KnowledgeN,ExpTrialStim/Square_B_Square_7.png,Adam KNOWS there are TWO cubes,b,h,FB-Ig,2,2,0,1,1,0,1,1,0,2,B,PropTrueNoKnowledge,SA3: SC2,SG: SP,0,99,99,318,NA,NA,NA,NA,NA,494.462037399935,0.00154909992124885,495.19539720000466,495.29534679994686,0.8296610999386758,497.22879389993614,497.6289454999496,497.730919399939,497.730919399939,b,1,1.6773837000364438,499.4287749999785,499.4287749999785,499.4287749999785,499.4287749999785,NA,NA,NA,NA,NA,NA,NA,035,001,2024-02-28_09h45.18.697,PsychoPy Exp,2023.1.2,60.02411769245192
RealityY,ExpTrialStim/Triangle_Triangle_NB_3.png,"In REALITY, there are ZERO cubes",h,b,TB-K,2,0,2,2,0,2,0,0,0,0,NB,-,TA3: TB1,TR: TY,0,100,100,8,NA,NA,NA,NA,NA,499.4287749999785,0.00181130005512386,500.16208959993673,500.2621970000328,0.8293942000018433,502.19555889995536,502.5955302999937,502.6976060999441,502.6976060999441,h,1,1.3906329000601545,504.1121325999848,504.1121325999848,504.1121325999848,504.1121325999848,NA,NA,NA,NA,NA,NA,NA,035,001,2024-02-28_09h45.18.697,PsychoPy Exp,2023.1.2,60.02411769245192
RealityN,ExpTrialStim/Square_NB_2.png,"In REALITY, there are ZERO cubes",b,h,TB-K,1,1,0,1,1,0,0,0,0,0,NB,PropFalse,SA3,SP,0,101,101,58,NA,NA,NA,NA,NA,504.1121325999848,0.00169790000654757,504.84541120001813,504.94551439996576,0.8294557000044733,506.8788083999534,507.27879880002,507.3809442000347,507.3809442000347,b,1,1.0749738999875262,508.4785114999977,508.4785114999977,508.4785114999977,508.4785114999977,NA,NA,NA,NA,NA,NA,NA,035,001,2024-02-28_09h45.18.697,PsychoPy Exp,2023.1.2,60.02411769245192
RealityY,ExpTrialStim/B_Square_1.png,"In REALITY, there is ONE cube",h,b,FB-Ig,1,1,0,0,0,0,1,1,0,1,B,-,SC2,SG,0,102,102,38,NA,NA,NA,NA,NA,508.4785114999977,3.8240000139921e-4,509.2120498000295,509.31213889998617,0.8312702999683097,511.2454674000037,511.64546460000565,511.7474299999303,511.7474299999303,h,1,0.5885511999949813,512.3618653999292,512.3618653999292,512.3618653999292,512.3618653999292,NA,NA,NA,NA,NA,NA,NA,035,001,2024-02-28_09h45.18.697,PsychoPy Exp,2023.1.2,60.02411769245192
BeliefY,ExpTrialStim/Square_Square_NB_6.png,Adam THINKS there are TWO cubes,h,b,TB-K,2,2,0,2,2,0,0,0,0,2,NB,-,SA1: SB3,SG: SB,0,103,103,125,NA,NA,NA,NA,NA,512.3618653999292,4.4009997509419e-4,513.0953560999478,513.19547039998,0.831374799949117,515.1288222999428,515.5285464999615,515.6309706000029,515.6309706000029,h,1,0.6329856999218464,516.2952072999324,516.2952072999324,516.2952072999324,516.2952072999324,NA,NA,NA,NA,NA,NA,NA,035,001,2024-02-28_09h45.18.697,PsychoPy Exp,2023.1.2,60.02411769245192
RealityY,ExpTrialStim/Square_Square_NB_4.png,"In REALITY, there are TWO cubes",h,b,TB-K,2,2,0,2,2,0,0,0,0,2,NB,-,SA2: SB1,SP: SG,0,104,104,15,NA,NA,NA,NA,NA,516.2952072999324,5.7570007629692e-4,517.028660800017,517.1289006999577,0.8311245000222698,519.0621439000242,519.4621240000124,519.5642305999645,519.5642305999645,h,1,0.9240966000361368,520.5120999999926,520.5120999999926,520.5120999999926,520.5120999999926,NA,NA,NA,NA,NA,NA,NA,035,001,2024-02-28_09h45.18.697,PsychoPy Exp,2023.1.2,60.02411769245192
RealityY,ExpTrialStim/Square_Square_B_3.png,"In REALITY, there are TWO cubes",h,b,TB-K-B,2,2,0,2,2,0,0,0,0,2,B,-,SA3: SB1,SG: SB,0,105,105,36,NA,NA,NA,NA,NA,520.5120999999926,0.0017386000836268,521.2452985999989,521.3454332999536,0.8296270000282675,523.278791699966,523.6787122999667,523.7808106999728,523.7808106999728,h,1,0.9396107000065969,524.7452294999384,524.7452294999384,524.7452294999384,524.7452294999384,NA,NA,NA,NA,NA,NA,NA,035,001,2024-02-28_09h45.18.697,PsychoPy Exp,2023.1.2,60.02411769245192
BeliefN,ExpTrialStim/Square_Square_NB_1.png,Adam THINKS there are ZERO cubes,b,h,TB-K,2,2,0,2,2,0,0,0,0,0,NB,PropFalse,SA1: SB2,SP: SB,0,106,106,174,NA,NA,NA,NA,NA,524.7452294999384,0.00169239996466785,525.4786424999475,525.5786089000176,0.8298820999916643,527.5121286999783,527.9120896999375,528.0142441000207,528.0142441000207,b,1,1.0897583999903873,529.1286161000025,529.1286161000025,529.1286161000025,529.1286161000025,NA,NA,NA,NA,NA,NA,NA,035,001,2024-02-28_09h45.18.697,PsychoPy Exp,2023.1.2,60.02411769245192
RealityN,ExpTrialStim/Square_B_Square_4.png,"In REALITY, there are ZERO cubes",b,h,FB-Ig,2,2,0,1,1,0,1,1,0,0,B,PropFalse,SB1: SD2,SG: SP,0,107,107,99,NA,NA,NA,NA,NA,529.1286161000025,0.00132179993670433,529.8619375000126,529.9619852000033,0.8303381999721751,531.895409199933,532.2953667999827,532.3974481999758,532.3974481999758,b,1,1.1067864999640733,533.5286675999523,533.5286675999523,533.5286675999523,533.5286675999523,NA,NA,NA,NA,NA,NA,NA,035,001,2024-02-28_09h45.18.697,PsychoPy Exp,2023.1.2,60.02411769245192
BeliefY,ExpTrialStim/Square_Square_NB_2.png,Adam THINKS there are TWO cubes,h,b,TB-K,2,2,0,2,2,0,0,0,0,2,NB,-,SA2: SB3,SB: SG,0,108,108,121,NA,NA,NA,NA,NA,533.5286675999523,0.00172910001128911,534.2619559999439,534.3620930000325,0.8296303999377415,536.2954636000213,536.6953945999849,536.7975049999659,536.7975049999659,h,1,1.0023751999251544,537.8285572999739,537.8285572999739,537.8285572999739,537.8285572999739,NA,NA,NA,NA,NA,NA,NA,035,001,2024-02-28_09h45.18.697,PsychoPy Exp,2023.1.2,60.02411769245192
KnowledgeN,ExpTrialStim/Square_B_Square_4.png,Adam KNOWS there are TWO cubes,b,h,FB-Ig,2,2,0,1,1,0,1,1,0,2,B,PropTrueNoKnowledge,SB1: SD2,SG: SP,0,109,109,315,NA,NA,NA,NA,NA,537.8285572999739,8.3120004273951e-4,538.5619396999828,538.6620619999594,0.8308057000394911,540.5953748999746,540.9952564000268,541.097654799989,541.097654799989,b,1,1.3833169999998065,542.5119454999804,542.5119454999804,542.5119454999804,542.5119454999804,NA,NA,NA,NA,NA,NA,NA,035,001,2024-02-28_09h45.18.697,PsychoPy Exp,2023.1.2,60.02411769245192
BeliefN,ExpTrialStim/Square_B_Square_5.png,Adam THINKS there are TWO cubes,b,h,FB-Ig,2,2,0,1,1,0,1,1,0,2,B,PropTrueNoBelief,SB2: SD3,SB: SG,0,110,110,208,NA,NA,NA,NA,NA,542.5119454999804,0.00168390001635998,543.2452597999363,543.3454623999423,0.8295911999884993,545.2786698999698,545.6786881000153,545.780706199992,545.780706199992,h,0,0.843181100091897,546.6450611999608,546.6450611999608,546.6450611999608,546.6450611999608,NA,NA,NA,NA,NA,NA,NA,035,001,2024-02-28_09h45.18.697,PsychoPy Exp,2023.1.2,60.02411769245192
BeliefN,ExpTrialStim/Triangle_B_2.png,Adam THINKS there is ONE cube,b,h,TB-Ig,1,0,1,1,0,1,0,0,0,1,B,PropFalse,TB2,TO,0,111,111,181,NA,NA,NA,NA,NA,546.6450611999608,4.3539993930608e-4,547.3785863000085,547.478407800023,0.8312609000131488,549.4120456999517,549.8119896000135,549.9140809999662,549.9140809999662,b,1,1.9578984000254425,551.8952946999925,551.8952946999925,551.8952946999925,551.8952946999925,NA,NA,NA,NA,NA,NA,NA,035,001,2024-02-28_09h45.18.697,PsychoPy Exp,2023.1.2,60.02411769245192
RealityN,ExpTrialStim/Square_B_Triangle_2.png,"In REALITY, there are TWO cubes",b,h,TB-Ig,2,1,1,1,1,0,1,0,1,2,B,PropFalse,SD3: TD2,SP: TY,0,112,112,79,NA,NA,NA,NA,NA,551.8952946999925,0.00172119995113462,552.6284823000315,552.7287151000346,0.8295205000322312,554.661977700016,555.0618602999602,555.1640126000275,555.1640126000275,b,1,0.9807686000131072,556.1619721999741,556.1619721999741,556.1619721999741,556.1619721999741,NA,NA,NA,NA,NA,NA,NA,035,001,2024-02-28_09h45.18.697,PsychoPy Exp,2023.1.2,60.02411769245192
BeliefN,ExpTrialStim/Triangle_B_Square_4.png,Adam THINKS there are TWO cubes,b,h,FB-Ig,2,1,1,1,0,1,1,1,0,2,B,PropFalse,SD3: TB1,SB: TO,0,113,113,215,NA,NA,NA,NA,NA,556.1619721999741,0.00172259996179491,556.8952155999723,556.9953469000175,0.8294287000317127,558.9286586000235,559.328660399944,559.4307474999805,559.4307474999805,b,1,0.9294761000201106,560.3785830999841,560.3785830999841,560.3785830999841,560.3785830999841,NA,NA,NA,NA,NA,NA,NA,035,001,2024-02-28_09h45.18.697,PsychoPy Exp,2023.1.2,60.02411769245192
BeliefY,ExpTrialStim/Triangle_B_2.png,Adam THINKS there are ZERO cubes,h,b,TB-Ig,1,0,1,1,0,1,0,0,0,0,B,-,TB2,TO,0,114,114,127,NA,NA,NA,NA,NA,560.3785830999841,0.00169369997456669,561.1118607000099,561.2118260999559,0.8293344000121579,563.1451491999323,563.5453337999643,563.6474965999951,563.6474965999951,h,1,1.208388099912554,564.8784304999863,564.8784304999863,564.8784304999863,564.8784304999863,NA,NA,NA,NA,NA,NA,NA,035,001,2024-02-28_09h45.18.697,PsychoPy Exp,2023.1.2,60.02411769245192
BeliefN,ExpTrialStim/Square_Triangle_B_7.png,Adam THINKS there are TWO cubes,b,h,TB-K-B,2,1,1,2,1,1,0,0,0,2,B,PropFalse,SA1: TB3,SB: TO,0,115,115,198,NA,NA,NA,NA,NA,564.8784304999863,0.00115189992357045,565.6118481000303,565.7118508000276,0.8302368998993188,567.645294899994,568.0453085000045,568.1473724999814,568.1473724999814,b,1,1.1972713000141084,569.3617086000158,569.3617086000158,569.3617086000158,569.3617086000158,NA,NA,NA,NA,NA,NA,NA,035,001,2024-02-28_09h45.18.697,PsychoPy Exp,2023.1.2,60.02411769245192
KnowledgeY,ExpTrialStim/Triangle_NB_3.png,Adam KNOWS there are ZERO cubes,h,b,TB-K,1,0,1,1,0,1,0,0,0,0,NB,-,TB2,TR,0,116,116,218,NA,NA,NA,NA,NA,569.3617086000158,4.6489993110299e-4,570.0952075999812,570.1952402999741,0.830993999959901,572.1286249999539,572.5286776000285,572.6308126999647,572.6308126999647,h,1,1.721224999986589,574.3785474999459,574.3785474999459,574.3785474999459,574.3785474999459,NA,NA,NA,NA,NA,NA,NA,035,001,2024-02-28_09h45.18.697,PsychoPy Exp,2023.1.2,60.02411769245192
RealityN,ExpTrialStim/Triangle_Triangle_NB_2.png,"In REALITY, there are TWO cubes",b,h,TB-K,2,0,2,2,0,2,0,0,0,2,NB,PropFalse,TA2: TB3,TO: TR,0,117,117,61,NA,NA,NA,NA,NA,574.3785474999459,0.00171009998302906,575.1117719000322,575.2117324999417,0.829492500051856,577.1452689000289,577.5451189999585,577.6473813999328,577.6473813999328,b,1,0.8971813999814913,578.5618400000385,578.5618400000385,578.5618400000385,578.5618400000385,NA,NA,NA,NA,NA,NA,NA,035,001,2024-02-28_09h45.18.697,PsychoPy Exp,2023.1.2,60.02411769245192
KnowledgeY,ExpTrialStim/Square_Square_B_8.png,Adam KNOWS there are TWO cubes,h,b,TB-K-B,2,2,0,2,2,0,0,0,0,2,B,-,SA2: SB3,SP: SB,0,118,118,253,NA,NA,NA,NA,NA,578.5618400000385,0.00167990010231733,579.295108899998,579.3953245999874,0.8294086999958381,581.3285084999516,581.7286252999329,581.8307477000053,581.8307477000053,h,1,0.8573170999297872,582.7118872999563,582.7118872999563,582.7118872999563,582.7118872999563,NA,NA,NA,NA,NA,NA,NA,035,001,2024-02-28_09h45.18.697,PsychoPy Exp,2023.1.2,60.02411769245192
KnowledgeN,ExpTrialStim/Square_Triangle_B_10.png,Adam KNOWS there are TWO cubes,b,h,TB-K-B,2,1,1,2,1,1,0,0,0,2,B,PropFalse,SB1: TA2,SP: TY,0,119,119,305,NA,NA,NA,NA,NA,582.7118872999563,0.00169509998522698,583.4451409000321,583.5452359000337,0.8294362999731675,585.4783920000191,585.8786110999645,585.9808965999982,585.9808965999982,b,1,0.8512147999135777,586.8618616000167,586.8618616000167,586.8618616000167,586.8618616000167,NA,NA,NA,NA,NA,NA,NA,035,001,2024-02-28_09h45.18.697,PsychoPy Exp,2023.1.2,60.02411769245192
RealityY,ExpTrialStim/Triangle_B_Square_3.png,"In REALITY, there is ONE cube",h,b,FB-Ig,2,1,1,1,0,1,1,1,0,1,B,-,SD1: TA2,SG: TR,0,120,120,52,NA,NA,NA,NA,NA,586.8618616000167,0.00167040002997964,587.5951692000381,587.6952126999968,0.8295459999935701,589.628386299999,590.0284142000019,590.1306606999715,590.1306606999715,h,1,0.9570930999470876,591.111668199941,591.111668199941,591.111668199941,591.111668199941,NA,NA,NA,NA,NA,NA,NA,035,001,2024-02-28_09h45.18.697,PsychoPy Exp,2023.1.2,60.02411769245192
BeliefY,ExpTrialStim/Square_B_Square_1.png,Adam THINKS there is ONE cube,h,b,FB-Ig,2,2,0,1,1,0,1,1,0,1,B,-,SA1: SC2,SG: SB,0,121,121,150,NA,NA,NA,NA,NA,591.111668199941,5.2769994363188e-4,591.8450920000323,591.9452612000168,0.8314442000119016,593.8786249999539,594.2784645000356,594.3806721999426,594.3806721999426,b,0,1.0909730000421405,595.4949606999871,595.4949606999871,595.4949606999871,595.4949606999871,NA,NA,NA,NA,NA,NA,NA,035,001,2024-02-28_09h45.18.697,PsychoPy Exp,2023.1.2,60.02411769245192
RealityN,ExpTrialStim/Square_NB_1.png,"In REALITY, there are ZERO cubes",b,h,TB-K,1,1,0,1,1,0,0,0,0,0,NB,PropFalse,SA1,SB,0,122,122,57,NA,NA,NA,NA,NA,595.4949606999871,4.2229995597153e-4,596.228334699932,596.3285578999785,0.8313323999755085,598.2618955999496,598.6618121000356,598.7639685000177,598.7639685000177,b,1,0.972006500000134,599.761848999944,599.761848999944,599.761848999944,599.761848999944,NA,NA,NA,NA,NA,NA,NA,035,001,2024-02-28_09h45.18.697,PsychoPy Exp,2023.1.2,60.02411769245192
RealityY,ExpTrialStim/Square_Square_NB_2.png,"In REALITY, there are TWO cubes",h,b,TB-K,2,2,0,2,2,0,0,0,0,2,NB,-,SA2: SB3,SB: SG,0,123,123,13,NA,NA,NA,NA,NA,599.761848999944,0.00170259992592036,600.4950653999695,600.595193599991,0.8295782000059262,602.5285210000002,602.9283412999357,603.0309315999621,603.0309315999621,h,1,1.0007055000169205,604.0616228000144,604.0616228000144,604.0616228000144,604.0616228000144,NA,NA,NA,NA,NA,NA,NA,035,001,2024-02-28_09h45.18.697,PsychoPy Exp,2023.1.2,60.02411769245192
BeliefY,ExpTrialStim/Triangle_NB_1.png,Adam THINKS there are ZERO cubes,h,b,TB-K,1,0,1,1,0,1,0,0,0,0,NB,-,TA1,TO,0,124,124,108,NA,NA,NA,NA,NA,604.0616228000144,6.7410001065582e-4,604.7950808000169,604.8952069000225,0.8309814999811351,606.828340899956,607.2284658999997,607.3308700000052,607.3308700000052,h,1,0.940747300046496,608.2949074999779,608.2949074999779,608.2949074999779,608.2949074999779,NA,NA,NA,NA,NA,NA,NA,035,001,2024-02-28_09h45.18.697,PsychoPy Exp,2023.1.2,60.02411769245192
BeliefY,ExpTrialStim/Square_Triangle_NB_3.png,Adam THINKS there is ONE cube,h,b,TB-K,2,1,1,2,1,1,0,0,0,1,NB,-,SB3: TA2,SP: TY,0,125,125,119,NA,NA,NA,NA,NA,608.2949074999779,4.9310002941638e-4,609.0284423999838,609.1284913999843,0.8311483999714255,611.061816499976,611.4616307999822,611.5640587999369,611.5640587999369,h,1,1.3877058000070974,612.978234499984,612.978234499984,612.978234499984,612.978234499984,NA,NA,NA,NA,NA,NA,NA,035,001,2024-02-28_09h45.18.697,PsychoPy Exp,2023.1.2,60.02411769245192
KnowledgeN,ExpTrialStim/Triangle_B_Triangle_2.png,Adam KNOWS there are ZERO cubes,b,h,TB-Ig,2,0,2,1,0,1,1,0,1,0,B,PropTrueNoKnowledge,TB1: TC2,TO: TY,0,126,126,293,NA,NA,NA,NA,NA,612.978234499984,4.5659998431801e-4,613.7114113999414,613.8115388999577,0.8300213000038639,615.7449784000055,616.1449151000124,616.2479576999904,616.2479576999904,h,0,1.255641800002195,617.5280437999754,617.5280437999754,617.5280437999754,617.5280437999754,NA,NA,NA,NA,NA,NA,NA,035,001,2024-02-28_09h45.18.697,PsychoPy Exp,2023.1.2,60.02411769245192
BeliefY,ExpTrialStim/Square_Square_B_6.png,Adam THINKS there are TWO cubes,h,b,TB-K-B,2,2,0,2,2,0,0,0,0,2,B,-,SA1: SB3,SB: SG,0,127,127,139,NA,NA,NA,NA,NA,617.5280437999754,4.3110002297908e-4,618.2614392999676,618.3616229999461,0.830546100041829,620.2949163999292,620.694897499925,620.7970728999353,620.7970728999353,h,1,0.8671639000531286,621.6783299999661,621.6783299999661,621.6783299999661,621.6783299999661,NA,NA,NA,NA,NA,NA,NA,035,001,2024-02-28_09h45.18.697,PsychoPy Exp,2023.1.2,60.02411769245192
KnowledgeY,ExpTrialStim/Triangle_Triangle_B_4.png,Adam KNOWS there are ZERO cubes,h,b,TB-Ig,2,0,2,2,0,2,0,0,0,0,B,-,TA2: TB1,TY: TR,0,128,128,237,NA,NA,NA,NA,NA,621.6783299999661,5.6610000319778e-4,622.4114251999999,622.511663299927,0.829664200078696,624.4450134999934,624.8450424000039,624.9484157999395,624.9484157999395,h,1,1.3800148000009358,626.3447243000264,626.3447243000264,626.3447243000264,626.3447243000264,NA,NA,NA,NA,NA,NA,NA,035,001,2024-02-28_09h45.18.697,PsychoPy Exp,2023.1.2,60.02411769245192
KnowledgeY,ExpTrialStim/Square_Square_B_7.png,Adam KNOWS there are TWO cubes,h,b,TB-K-B,2,2,0,2,2,0,0,0,0,2,B,-,SA1: SB2,SG: SP,0,129,129,252,NA,NA,NA,NA,NA,626.3447243000264,4.0169991552829e-4,627.0780260000029,627.1782759000198,0.8307384999934584,629.1115483999602,629.5114928000257,629.6149804000161,629.6149804000161,h,1,0.7685828000539914,630.4114369999734,630.4114369999734,630.4114369999734,630.4114369999734,NA,NA,NA,NA,NA,NA,NA,035,001,2024-02-28_09h45.18.697,PsychoPy Exp,2023.1.2,60.02411769245192
KnowledgeY,ExpTrialStim/Square_Square_NB_4.png,Adam KNOWS there are TWO cubes,h,b,TB-K,2,2,0,2,2,0,0,0,0,2,NB,-,SA2: SB1,SP: SG,0,130,130,231,NA,NA,NA,NA,NA,630.4114369999734,4.1989993769675e-4,631.1446981999907,631.244788699958,0.830649699899368,633.178391399968,633.5781512000249,633.6805413999246,633.6805413999246,h,1,0.6950712000252679,634.3948195999837,634.3948195999837,634.3948195999837,634.3948195999837,NA,NA,NA,NA,NA,NA,NA,035,001,2024-02-28_09h45.18.697,PsychoPy Exp,2023.1.2,60.02411769245192
RealityY,ExpTrialStim/Triangle_Triangle_B_5.png,"In REALITY, there are ZERO cubes",h,b,TB-K-B,2,0,2,2,0,2,0,0,0,0,B,-,TA3: TB2,TR: TO,0,131,131,30,NA,NA,NA,NA,NA,634.3948195999837,4.2579998262226e-4,635.1281758000259,635.2281792000285,0.8300327999750152,637.1614679999766,637.5615048999316,637.6640468999394,637.6640468999394,h,1,1.1594602999975905,638.8446613000124,638.8446613000124,638.8446613000124,638.8446613000124,NA,NA,NA,NA,NA,NA,NA,035,001,2024-02-28_09h45.18.697,PsychoPy Exp,2023.1.2,60.02411769245192
KnowledgeN,ExpTrialStim/Triangle_B_Square_3.png,Adam KNOWS there is ONE cube,b,h,FB-Ig,2,1,1,1,0,1,1,1,0,1,B,PropTrueNoKnowledge,SD1: TA2,SG: TR,0,132,132,322,NA,NA,NA,NA,NA,638.8446613000124,4.1009997949004e-4,639.5779637999949,639.6782953999355,0.8307787999510765,641.6115650999709,642.0115279999445,642.1151737999753,642.1151737999753,b,1,1.8444796999683604,643.9781896999921,643.9781896999921,643.9781896999921,643.9781896999921,NA,NA,NA,NA,NA,NA,NA,035,001,2024-02-28_09h45.18.697,PsychoPy Exp,2023.1.2,60.02411769245192
RealityN,ExpTrialStim/Triangle_Triangle_B_3.png,"In REALITY, there is ONE cube",b,h,TB-K-B,2,0,2,2,0,2,0,0,0,1,B,PropFalse,TA3: TB1,TR: TY,0,133,133,82,NA,NA,NA,NA,NA,643.9781896999921,5.5460003204643e-4,644.7113244999782,644.8114739999291,0.8296283000381663,646.7447655000142,647.1448534000083,647.2471055000206,647.2471055000206,b,1,0.7524452999932691,648.0280523999245,648.0280523999245,648.0280523999245,648.0280523999245,NA,NA,NA,NA,NA,NA,NA,035,001,2024-02-28_09h45.18.697,PsychoPy Exp,2023.1.2,60.02411769245192
KnowledgeN,ExpTrialStim/Square_Square_NB_5.png,Adam KNOWS there is ONE cube,b,h,TB-K,2,2,0,2,2,0,0,0,0,1,NB,PropFalse,SA3: SB2,SB: SP,0,134,134,286,NA,NA,NA,NA,NA,648.0280523999245,5.9330009389668e-4,648.7613047999912,648.8614043000271,0.8295962000265718,650.7948022999917,651.194802700018,651.2983960999991,651.2983960999991,b,1,0.8307558000087738,652.1447612000047,652.1447612000047,652.1447612000047,652.1447612000047,NA,NA,NA,NA,NA,NA,NA,035,001,2024-02-28_09h45.18.697,PsychoPy Exp,2023.1.2,60.02411769245192
BeliefY,ExpTrialStim/B_Square_4.png,Adam THINKS there are ZERO cubes,h,b,FB-Ig,1,1,0,0,0,0,1,1,0,0,B,-,SD2,SB,0,135,135,149,NA,NA,NA,NA,NA,652.1447612000047,4.6430004294961e-4,652.8781796999392,652.9782546000206,0.8299667000537738,654.9115385999321,655.3116203999962,655.4142486999626,655.4142486999626,h,1,0.8733139999676496,656.3114887999254,656.3114887999254,656.3114887999254,656.3114887999254,NA,NA,NA,NA,NA,NA,NA,035,001,2024-02-28_09h45.18.697,PsychoPy Exp,2023.1.2,60.02411769245192
RealityN,ExpTrialStim/Square_B_Square_3.png,"In REALITY, there are ZERO cubes",b,h,FB-Ig,2,2,0,1,1,0,1,1,0,0,B,PropFalse,SA3: SD1,SP: SB,0,136,136,98,NA,NA,NA,NA,NA,656.3114887999254,4.3499993626028e-4,657.0447940999293,657.1447934000171,0.8299060999415815,659.0780571000068,659.4782871000352,659.5807581999688,659.5807581999688,b,1,1.9548333000857383,661.5617922000238,661.5617922000238,661.5617922000238,661.5617922000238,NA,NA,NA,NA,NA,NA,NA,035,001,2024-02-28_09h45.18.697,PsychoPy Exp,2023.1.2,60.02411769245192
BeliefN,ExpTrialStim/Square_B_Square_7.png,Adam THINKS there are TWO cubes,b,h,FB-Ig,2,2,0,1,1,0,1,1,0,2,B,PropTrueNoBelief,SA3: SC2,SG: SP,0,137,137,210,NA,NA,NA,NA,NA,661.5617922000238,5.5160000920295e-4,662.2947097999859,662.3947922000079,0.829228000016883,664.3280747000244,664.7281219999422,664.8316263999441,664.8316263999441,h,0,2.8559234000276774,667.7114860999282,667.7114860999282,667.7114860999282,667.7114860999282,NA,NA,NA,NA,NA,NA,NA,035,001,2024-02-28_09h45.18.697,PsychoPy Exp,2023.1.2,60.02411769245192
RealityN,ExpTrialStim/Triangle_B_Square_4.png,"In REALITY, there are TWO cubes",b,h,FB-Ig,2,1,1,1,0,1,1,1,0,2,B,PropFalse,SD3: TB1,SB: TO,0,138,138,107,NA,NA,NA,NA,NA,667.7114860999282,5.0339999143034e-4,668.4447026999551,668.544655100035,0.8297102999640629,670.478053400002,670.8780776999774,670.9805771000101,670.9805771000101,b,1,0.8349408999783918,671.8447322999709,671.8447322999709,671.8447322999709,671.8447322999709,NA,NA,NA,NA,NA,NA,NA,035,001,2024-02-28_09h45.18.697,PsychoPy Exp,2023.1.2,60.02411769245192
RealityY,ExpTrialStim/Triangle_Triangle_B_1.png,"In REALITY, there are ZERO cubes",h,b,TB-K-B,2,0,2,2,0,2,0,0,0,0,B,-,TA1: TB2,TY: TO,0,139,139,26,NA,NA,NA,NA,NA,671.8447322999709,4.3799995910376e-4,672.5779376000282,672.6782168000354,0.8296875000232831,674.611349499959,675.011292500014,675.1136311999871,675.1136311999871,h,1,0.8218151999171823,675.9613496999373,675.9613496999373,675.9613496999373,675.9613496999373,NA,NA,NA,NA,NA,NA,NA,035,001,2024-02-28_09h45.18.697,PsychoPy Exp,2023.1.2,60.02411769245192
KnowledgeN,ExpTrialStim/Triangle_B_2.png,Adam KNOWS there are ZERO cubes,b,h,TB-Ig,1,0,1,1,0,1,0,0,0,0,B,PropTrueNoKnowledge,TB2,TO,0,140,140,289,NA,NA,NA,NA,NA,675.9613496999373,5.1099993288517e-4,676.6948968000361,676.7946957999957,0.8295125999720767,678.7280062999926,679.128053900029,679.2306362999952,679.2306362999952,h,0,2.1528006000444293,681.4113749999669,681.4113749999669,681.4113749999669,681.4113749999669,NA,NA,NA,NA,NA,NA,NA,035,001,2024-02-28_09h45.18.697,PsychoPy Exp,2023.1.2,60.02411769245192
BeliefN,ExpTrialStim/Square_Triangle_B_8.png,Adam THINKS there are TWO cubes,b,h,TB-K-B,2,1,1,2,1,1,0,0,0,2,B,PropFalse,SA2: TB1,SP: TY,0,141,141,199,NA,NA,NA,NA,NA,681.4113749999669,5.513000069186e-4,682.1445610999945,682.2446380999754,0.8300132000586018,684.1781110999291,684.5781919999863,684.6803201999865,684.6803201999865,b,1,0.7432325999252498,685.4445853999932,685.4445853999932,685.4445853999932,685.4445853999932,NA,NA,NA,NA,NA,NA,NA,035,001,2024-02-28_09h45.18.697,PsychoPy Exp,2023.1.2,60.02411769245192
KnowledgeN,ExpTrialStim/Square_B_Square_2.png,Adam KNOWS there is ONE cube,b,h,FB-Ig,2,2,0,1,1,0,1,1,0,1,B,PropFalse,SA2: SC3,SB: SP,0,142,142,313,NA,NA,NA,NA,NA,685.4445853999932,4.1139998938888e-4,686.1779971999931,686.2780431999709,0.8298495999770239,688.2115776999271,688.6115328999585,688.7133661999251,688.7133661999251,h,0,1.2310039000585675,689.9615283000167,689.9615283000167,689.9615283000167,689.9615283000167,NA,NA,NA,NA,NA,NA,NA,035,001,2024-02-28_09h45.18.697,PsychoPy Exp,2023.1.2,60.02411769245192
KnowledgeN,ExpTrialStim/Triangle_Triangle_B_12.png,Adam KNOWS there are TWO cubes,b,h,TB-K-B,2,0,2,2,0,2,0,0,0,2,B,PropFalse,TA1: TB3,TY: TR,0,143,143,299,NA,NA,NA,NA,NA,689.9615283000167,0.00173659995198249,690.694776899938,690.7949141000281,0.8293031000066549,692.7282630999689,693.1280584999477,693.23061160004,693.23061160004,b,1,0.9851813999703154,694.2447297999752,694.2447297999752,694.2447297999752,694.2447297999752,NA,NA,NA,NA,NA,NA,NA,035,001,2024-02-28_09h45.18.697,PsychoPy Exp,2023.1.2,60.02411769245192
BeliefY,ExpTrialStim/Square_NB_1.png,Adam THINKS there is ONE cube,h,b,TB-K,1,1,0,1,1,0,0,0,0,1,NB,-,SA1,SB,0,144,144,111,NA,NA,NA,NA,NA,694.2447297999752,0.00173660006839782,694.9778885000269,695.0779256999376,0.8292375000892207,697.0113378000096,697.4115683999262,697.5136189000332,697.5136189000332,h,1,0.7902584000257775,698.3281710999436,698.3281710999436,698.3281710999436,698.3281710999436,NA,NA,NA,NA,NA,NA,NA,035,001,2024-02-28_09h45.18.697,PsychoPy Exp,2023.1.2,60.02411769245192
RealityY,ExpTrialStim/Square_B_Square_2.png,"In REALITY, there are TWO cubes",h,b,FB-Ig,2,2,0,1,1,0,1,1,0,2,B,-,SA2: SC3,SB: SP,0,145,145,43,NA,NA,NA,NA,NA,698.3281710999436,0.00173460005316883,699.0614261000301,699.1614184999489,0.829918900039047,701.0947506999946,701.4947852999321,701.5970512999338,701.5970512999338,h,1,0.5943618000019342,702.2111451000092,702.2111451000092,702.2111451000092,702.2111451000092,NA,NA,NA,NA,NA,NA,NA,035,001,2024-02-28_09h45.18.697,PsychoPy Exp,2023.1.2,60.02411769245192
KnowledgeY,ExpTrialStim/Square_Square_B_10.png,Adam KNOWS there are TWO cubes,h,b,FB-Ig,2,2,0,2,2,0,0,0,0,2,B,-,SA2: SB1,SG: SB,0,146,146,255,NA,NA,NA,NA,NA,702.2111451000092,4.0749995969235e-4,702.9447525999858,703.0447800999391,0.8312147000106052,704.9780845000059,705.3781892000115,705.4803422999685,705.4803422999685,h,1,0.8553763999370858,706.3614194000256,706.3614194000256,706.3614194000256,706.3614194000256,NA,NA,NA,NA,NA,NA,NA,035,001,2024-02-28_09h45.18.697,PsychoPy Exp,2023.1.2,60.02411769245192
BeliefN,ExpTrialStim/Square_Square_NB_5.png,Adam THINKS there is ONE cube,b,h,TB-K,2,2,0,2,2,0,0,0,0,1,NB,PropFalse,SA3: SB2,SB: SP,0,147,147,178,NA,NA,NA,NA,NA,706.3614194000256,0.00174229999538511,707.0947200999944,707.1949103000225,0.8295623000012711,709.128206000023,709.5280728999642,709.630396399938,709.630396399938,b,1,1.057058500009589,710.7113149000215,710.7113149000215,710.7113149000215,710.7113149000215,NA,NA,NA,NA,NA,NA,NA,035,001,2024-02-28_09h45.18.697,PsychoPy Exp,2023.1.2,60.02411769245192
KnowledgeY,ExpTrialStim/Square_Triangle_NB_3.png,Adam KNOWS there is ONE cube,h,b,TB-K,2,1,1,2,1,1,0,0,0,1,NB,-,SB3: TA2,SP: TY,0,148,148,227,NA,NA,NA,NA,NA,710.7113149000215,0.001178800011985,711.4448078999412,711.5448642999982,0.8301799000473693,713.4781890999875,713.8781784999301,713.9807801999268,713.9807801999268,h,1,0.8667438999982551,714.8781174999312,714.8781174999312,714.8781174999312,714.8781174999312,NA,NA,NA,NA,NA,NA,NA,035,001,2024-02-28_09h45.18.697,PsychoPy Exp,2023.1.2,60.02411769245192
RealityN,ExpTrialStim/B_Square_2.png,"In REALITY, there are TWO cubes",b,h,FB-Ig,1,1,0,0,0,0,1,1,0,2,B,PropFalse,SC3,SG,0,149,149,93,NA,NA,NA,NA,NA,714.8781174999312,0.00168889993801713,715.6114630000084,715.7114130999544,0.8294047999661416,717.6448800999788,718.0445850999677,718.1474612999591,718.1474612999591,b,1,1.3719513999531046,719.5445728999912,719.5445728999912,719.5445728999912,719.5445728999912,NA,NA,NA,NA,NA,NA,NA,035,001,2024-02-28_09h45.18.697,PsychoPy Exp,2023.1.2,60.02411769245192
BeliefY,ExpTrialStim/Square_Square_B_10.png,Adam THINKS there are TWO cubes,h,b,TB-K-B,2,2,0,2,2,0,0,0,0,2,B,-,SA2: SB1,SG: SB,0,150,150,143,NA,NA,NA,NA,NA,719.5445728999912,8.743000216782e-4,720.2780471000005,720.3779975999496,0.8306935000000522,722.3113387999474,722.7115007000393,722.8135159999947,722.8135159999947,h,1,1.7305034999735651,724.5612534999964,724.5612534999964,724.5612534999964,724.5612534999964,NA,NA,NA,NA,NA,NA,NA,035,001,2024-02-28_09h45.18.697,PsychoPy Exp,2023.1.2,60.02411769245192
BeliefN,ExpTrialStim/Triangle_B_Square_2.png,Adam THINKS there is ONE cube,b,h,FB-Ig,2,1,1,1,0,1,1,1,0,1,B,PropTrueNoBelief,SC3: TB3,SP: TY,0,151,151,213,NA,NA,NA,NA,NA,724.5612534999964,3.9790000300854e-4,725.2946934999782,725.395169299969,0.8313102999236435,727.3281537999283,727.7280547000119,727.8302597000147,727.8302597000147,h,0,3.498247600044124,731.3446888999897,731.3446888999897,731.3446888999897,731.3446888999897,NA,NA,NA,NA,NA,NA,NA,035,001,2024-02-28_09h45.18.697,PsychoPy Exp,2023.1.2,60.02411769245192
RealityN,ExpTrialStim/Square_B_1.png,"In REALITY, there are ZERO cubes",b,h,TB-Ig,1,1,0,1,1,0,0,0,0,0,B,PropFalse,SA2,SG,0,152,152,74,NA,NA,NA,NA,NA,731.3446888999897,0.00169439997989684,732.077991499973,732.1780938000302,0.8292380999773741,734.1114799000206,734.5113930999651,734.6135329999379,734.6135329999379,b,1,1.4021442000521347,736.0445306000183,736.0445306000183,736.0445306000183,736.0445306000183,NA,NA,NA,NA,NA,NA,NA,035,001,2024-02-28_09h45.18.697,PsychoPy Exp,2023.1.2,60.02411769245192
RealityY,ExpTrialStim/Triangle_NB_2.png,"In REALITY, there are ZERO cubes",h,b,TB-K,1,0,1,1,0,1,0,0,0,0,NB,-,TA3,TY,0,153,153,1,NA,NA,NA,NA,NA,736.0445306000183,4.1060009971261e-4,736.7780391999404,736.8780960000004,0.8311014000792056,738.8113011000096,739.2113678999594,739.313283299969,739.313283299969,h,1,0.9504681000253186,740.2945000000182,740.2945000000182,740.2945000000182,740.2945000000182,NA,NA,NA,NA,NA,NA,NA,035,001,2024-02-28_09h45.18.697,PsychoPy Exp,2023.1.2,60.02411769245192
BeliefN,ExpTrialStim/Triangle_B_Triangle_2.png,Adam THINKS there are TWO cubes,b,h,TB-Ig,2,0,2,1,0,1,1,0,1,2,B,PropFalse,TB1: TC2,TO: TY,0,154,154,185,NA,NA,NA,NA,NA,740.2945000000182,0.00195860001258552,741.0279512999696,741.1281305000302,0.8296252000145614,743.0612872000202,743.4614482999896,743.5635328000062,743.5635328000062,b,1,0.7880454000551254,744.3777887999895,744.3777887999895,744.3777887999895,744.3777887999895,NA,NA,NA,NA,NA,NA,NA,035,001,2024-02-28_09h45.18.697,PsychoPy Exp,2023.1.2,60.02411769245192
RealityY,ExpTrialStim/Square_NB_1.png,"In REALITY, there is ONE cube",h,b,TB-K,1,1,0,1,1,0,0,0,0,1,NB,-,SA1,SB,0,155,155,3,NA,NA,NA,NA,NA,744.3777887999895,4.1720003355294e-4,745.1113371999818,745.2114526000223,0.831274600001052,747.1447546999552,747.5447144000209,747.6469028000138,747.6469028000138,h,1,1.2887421998893842,748.9613831999595,748.9613831999595,748.9613831999595,748.9613831999595,NA,NA,NA,NA,NA,NA,NA,035,001,2024-02-28_09h45.18.697,PsychoPy Exp,2023.1.2,60.02411769245192
BeliefY,ExpTrialStim/Square_Square_NB_3.png,Adam THINKS there are TWO cubes,h,b,TB-K,2,2,0,2,2,0,0,0,0,2,NB,-,SA3: SB1,SG: SP,0,156,156,122,NA,NA,NA,NA,NA,748.9613831999595,0.00167969998437911,749.6946364000323,749.7947310000309,0.829635199974291,751.7281021000235,752.1280494999955,752.2301310999901,752.2301310999901,h,1,1.057473999913782,753.3112837999943,753.3112837999943,753.3112837999943,753.3112837999943,NA,NA,NA,NA,NA,NA,NA,035,001,2024-02-28_09h45.18.697,PsychoPy Exp,2023.1.2,60.02411769245192
RealityY,ExpTrialStim/Square_NB_3.png,"In REALITY, there is ONE cube",h,b,TB-K,1,1,0,1,1,0,0,0,0,1,NB,-,SB2,SG,0,157,157,5,NA,NA,NA,NA,NA,753.3112837999943,0.00182730006054043,754.0445219999528,754.1447109999717,0.8295670000370592,756.0779082000372,756.4780267000315,756.5801561000408,756.5801561000408,h,1,0.7070084000006318,757.3109547999338,757.3109547999338,757.3109547999338,757.3109547999338,NA,NA,NA,NA,NA,NA,NA,035,001,2024-02-28_09h45.18.697,PsychoPy Exp,2023.1.2,60.02411769245192
BeliefY,ExpTrialStim/Square_Square_NB_1.png,Adam THINKS there are TWO cubes,h,b,TB-K,2,2,0,2,2,0,0,0,0,2,NB,-,SA1: SB2,SP: SB,0,158,158,120,NA,NA,NA,NA,NA,757.3109547999338,5.0550000742077e-4,758.0442953999736,758.1447681999416,0.8312903000041842,760.077807899972,760.4780218999949,760.5801530000172,760.5801530000172,h,1,0.7000388000160456,761.3111699999426,761.3111699999426,761.3111699999426,761.3111699999426,NA,NA,NA,NA,NA,NA,NA,035,001,2024-02-28_09h45.18.697,PsychoPy Exp,2023.1.2,60.02411769245192
KnowledgeY,ExpTrialStim/Square_Triangle_B_11.png,Adam KNOWS there is ONE cube,h,b,FB-Ig,2,1,1,2,1,1,0,0,0,1,B,-,SB2: TA3,SG: TR,0,159,159,268,NA,NA,NA,NA,NA,761.3111699999426,0.00202220003120601,762.0445660999394,762.1444659999688,0.829388799960725,764.0779947999981,764.4778834999888,764.5799700000207,764.5799700000207,h,1,1.0912663999479264,765.6945019999403,765.6945019999403,765.6945019999403,765.6945019999403,NA,NA,NA,NA,NA,NA,NA,035,001,2024-02-28_09h45.18.697,PsychoPy Exp,2023.1.2,60.02411769245192
BeliefN,ExpTrialStim/Square_B_Square_2.png,Adam THINKS there are ZERO cubes,b,h,FB-Ig,2,2,0,1,1,0,1,1,0,0,B,PropFalse,SA2: SC3,SB: SP,0,160,160,205,NA,NA,NA,NA,NA,765.6945019999403,8.2710001152008e-4,766.4278717999696,766.5280325000058,0.8308194000273943,768.4613431000034,768.8612448999775,768.9634277999285,768.9634277999285,b,1,1.2437394000589848,770.2277617999935,770.2277617999935,770.2277617999935,770.2277617999935,NA,NA,NA,NA,NA,NA,NA,035,001,2024-02-28_09h45.18.697,PsychoPy Exp,2023.1.2,60.02411769245192
KnowledgeY,ExpTrialStim/Square_Square_B_5.png,Adam KNOWS there are TWO cubes,h,b,TB-K-B,2,2,0,2,2,0,0,0,0,2,B,-,SA3: SB2,SP: SB,0,161,161,250,NA,NA,NA,NA,NA,770.2277617999935,4.2090006172657e-4,770.9611975999433,771.0613789000199,0.8312025000341237,772.9946927999263,773.3946017999551,773.4968043999397,773.4968043999397,h,1,0.7107274000300094,774.2412574999616,NA,774.2412574999616,NA,space,49.526273300056346,NA,NA,NA,NA,NA,035,001,2024-02-28_09h45.18.697,PsychoPy Exp,2023.1.2,60.02411769245192
KnowledgeN,ExpTrialStim/Triangle_B_Square_1.png,Adam KNOWS there are ZERO cubes,b,h,FB-Ig,2,1,1,1,0,1,1,1,0,0,B,PropFalse,SC1: TA1,SB: TO,0,162,162,320,NA,NA,NA,NA,NA,823.7943935000221,0.00176170002669096,824.5276831000228,824.6278523000074,0.831648699939251,826.5610092999996,826.9610276999301,827.0635155999917,827.0635155999917,b,1,2.6394997999304906,829.7275380000356,829.7275380000356,829.7275380000356,829.7275380000356,NA,NA,NA,NA,NA,NA,NA,035,001,2024-02-28_09h45.18.697,PsychoPy Exp,2023.1.2,60.02411769245192
BeliefY,ExpTrialStim/Square_B_Square_3.png,Adam THINKS there is ONE cube,h,b,FB-Ig,2,2,0,1,1,0,1,1,0,1,B,-,SA3: SD1,SP: SB,0,163,163,152,NA,NA,NA,NA,NA,829.7275380000356,4.5739999040961e-4,830.4610473999637,830.5611309999949,0.8307429000269622,832.494476700027,832.8943832000368,832.9966192999273,832.9966192999273,h,1,0.7063951999880373,833.7275756999734,833.7275756999734,833.7275756999734,833.7275756999734,NA,NA,NA,NA,NA,NA,NA,035,001,2024-02-28_09h45.18.697,PsychoPy Exp,2023.1.2,60.02411769245192
KnowledgeN,ExpTrialStim/Square_NB_3.png,Adam KNOWS there are TWO cubes,b,h,TB-K,1,1,0,1,1,0,0,0,0,2,NB,PropFalse,SB2,SG,0,164,164,275,NA,NA,NA,NA,NA,833.7275756999734,4.2799999937415e-4,834.4610056999954,834.5609746999689,0.8312628000276163,836.4943775999709,836.8944660999696,836.9965586999315,836.9965586999315,b,1,0.8835397000657395,837.9110862999805,837.9110862999805,837.9110862999805,837.9110862999805,NA,NA,NA,NA,NA,NA,NA,035,001,2024-02-28_09h45.18.697,PsychoPy Exp,2023.1.2,60.02411769245192
RealityY,ExpTrialStim/Triangle_NB_3.png,"In REALITY, there are ZERO cubes",h,b,TB-K,1,0,1,1,0,1,0,0,0,0,NB,-,TB2,TR,0,165,165,2,NA,NA,NA,NA,NA,837.9110862999805,0.00179950008168816,838.6443268999574,838.7444270999986,0.8295329000102356,840.6776848999434,841.0776451000129,841.1799571000156,841.1799571000156,h,1,0.931620000046678,842.1276763999485,842.1276763999485,842.1276763999485,842.1276763999485,NA,NA,NA,NA,NA,NA,NA,035,001,2024-02-28_09h45.18.697,PsychoPy Exp,2023.1.2,60.02411769245192
KnowledgeN,ExpTrialStim/B_Square_2.png,Adam KNOWS there are ZERO cubes,b,h,FB-Ig,1,1,0,0,0,0,1,1,0,0,B,PropFalse,SC3,SG,0,166,166,309,NA,NA,NA,NA,NA,842.1276763999485,0.00199820008128881,842.8607898000046,842.9609660999267,0.8294170000590384,844.8942804999533,845.2943442999967,845.3964462000295,845.3964462000295,b,1,2.5472401999868453,847.9608440999291,847.9608440999291,847.9608440999291,847.9608440999291,NA,NA,NA,NA,NA,NA,NA,035,001,2024-02-28_09h45.18.697,PsychoPy Exp,2023.1.2,60.02411769245192
BeliefN,ExpTrialStim/Square_Triangle_B_6.png,Adam THINKS there are ZERO cubes,b,h,TB-K-B,2,1,1,2,1,1,0,0,0,0,B,PropFalse,SB3: TA2,SB: TO,0,167,167,197,NA,NA,NA,NA,NA,847.9608440999291,7.1279995609074e-4,848.6943221999682,848.7943911000038,0.8309965999796987,850.7277954000165,851.1277593999985,851.229859300016,851.229859300016,b,1,0.705069400020875,851.9608220999944,851.9608220999944,851.9608220999944,851.9608220999944,NA,NA,NA,NA,NA,NA,NA,035,001,2024-02-28_09h45.18.697,PsychoPy Exp,2023.1.2,60.02411769245192
RealityN,ExpTrialStim/Triangle_NB_3.png,"In REALITY, there are TWO cubes",b,h,TB-K,1,0,1,1,0,1,0,0,0,2,NB,PropFalse,TB2,TR,0,168,168,56,NA,NA,NA,NA,NA,851.9608220999944,5.5110000539571e-4,852.694262199977,852.7942037999746,0.8312349999323487,854.7277878999594,855.127738399955,855.2298164000385,855.2298164000385,b,1,0.8660315000452101,856.1276420000358,856.1276420000358,856.1276420000358,856.1276420000358,NA,NA,NA,NA,NA,NA,NA,035,001,2024-02-28_09h45.18.697,PsychoPy Exp,2023.1.2,60.02411769245192
BeliefN,ExpTrialStim/Triangle_Triangle_B_8.png,Adam THINKS there are TWO cubes,b,h,TB-K-B,2,0,2,2,0,2,0,0,0,2,B,PropFalse,TA2: TB3,TY:TO,0,169,169,191,NA,NA,NA,NA,NA,856.1276420000358,0.0018101999303326,856.8609489999362,856.9610747999395,0.8294879999011755,858.8943928999943,859.2943931000191,859.3965265999432,859.3965265999432,b,1,0.9067895000334828,860.3276351999375,860.3276351999375,860.3276351999375,860.3276351999375,NA,NA,NA,NA,NA,NA,NA,035,001,2024-02-28_09h45.18.697,PsychoPy Exp,2023.1.2,60.02411769245192
RealityY,ExpTrialStim/Triangle_NB_1.png,"In REALITY, there are ZERO cubes",h,b,TB-K,1,0,1,1,0,1,0,0,0,0,NB,-,TA1,TO,0,170,170,0,NA,NA,NA,NA,NA,860.3276351999375,0.00204240006860345,861.0608895000187,861.1610382999643,0.8295342000201344,863.0943580000312,863.4943195999949,863.5967288000393,863.5967288000393,h,1,0.7783015000168234,864.3941989000305,864.3941989000305,864.3941989000305,864.3941989000305,NA,NA,NA,NA,NA,NA,NA,035,001,2024-02-28_09h45.18.697,PsychoPy Exp,2023.1.2,60.02411769245192
RealityY,ExpTrialStim/Square_B_2.png,"In REALITY, there is ONE cube",h,b,TB-Ig,1,1,0,1,1,0,0,0,0,1,B,-,SB2,SB,0,171,171,21,NA,NA,NA,NA,NA,864.3941989000305,0.00111920002382248,865.1275830999366,865.2275069000316,0.8305220999754965,867.1608480000286,867.5609591999673,867.6630018000142,867.6630018000142,h,1,0.9363230000017212,868.6276912999456,868.6276912999456,868.6276912999456,868.6276912999456,NA,NA,NA,NA,NA,NA,NA,035,001,2024-02-28_09h45.18.697,PsychoPy Exp,2023.1.2,60.02411769245192
BeliefY,ExpTrialStim/Square_Square_B_2.png,Adam THINKS there are TWO cubes,h,b,TB-K-B,2,2,0,2,2,0,0,0,0,2,B,-,SA2: SB3,SB: SP,0,172,172,135,NA,NA,NA,NA,NA,868.6276912999456,0.00198639999143779,869.3608827000135,869.4610349999857,0.8293357000220567,871.3943662000238,871.7942705000169,871.896335700003,871.896335700003,h,1,0.774881900055334,872.6942269999417,872.6942269999417,872.6942269999417,872.6942269999417,NA,NA,NA,NA,NA,NA,NA,035,001,2024-02-28_09h45.18.697,PsychoPy Exp,2023.1.2,60.02411769245192
BeliefN,ExpTrialStim/Square_NB_1.png,Adam THINKS there are ZERO cubes,b,h,TB-K,1,1,0,1,1,0,0,0,0,0,NB,PropFalse,SA1,SB,0,173,173,165,NA,NA,NA,NA,NA,872.6942269999417,0.00180369999725371,873.4275975999772,873.5277288000216,0.8295279000885785,875.4608974999865,875.8608470999752,875.9630635999492,875.9630635999492,b,1,0.82079549995251,876.8107210000162,876.8107210000162,876.8107210000162,876.8107210000162,NA,NA,NA,NA,NA,NA,NA,035,001,2024-02-28_09h45.18.697,PsychoPy Exp,2023.1.2,60.02411769245192
RealityY,ExpTrialStim/Square_B_Square_4.png,"In REALITY, there are TWO cubes",h,b,FB-Ig,2,2,0,1,1,0,1,1,0,2,B,-,SB1: SD2,SG: SP,0,174,174,45,NA,NA,NA,NA,NA,876.8107210000162,5.2450003568083e-4,877.5442093000165,877.6441185000003,0.8313332000980154,879.5774106999743,879.9775641000015,880.0797292999341,880.0797292999341,h,1,0.8158051000209525,880.9108255999745,880.9108255999745,880.9108255999745,880.9108255999745,NA,NA,NA,NA,NA,NA,NA,035,001,2024-02-28_09h45.18.697,PsychoPy Exp,2023.1.2,60.02411769245192
RealityY,ExpTrialStim/B_Square_3.png,"In REALITY, there is ONE cube",h,b,FB-Ig,1,1,0,0,0,0,1,1,0,1,B,-,SD1,SP,0,175,175,40,NA,NA,NA,NA,NA,880.9108255999745,0.00144929997622966,881.6442143000313,881.7441327999695,0.8301135000074282,883.6776412999607,884.0774241999607,884.1797115000081,884.1797115000081,h,1,0.5393922000657767,884.7441533000092,884.7441533000092,884.7441533000092,884.7441533000092,NA,NA,NA,NA,NA,NA,NA,035,001,2024-02-28_09h45.18.697,PsychoPy Exp,2023.1.2,60.02411769245192
RealityN,ExpTrialStim/Square_Triangle_B_3.png,"In REALITY, there are TWO cubes",b,h,TB-K-B,2,1,1,2,1,1,0,0,0,2,B,PropFalse,SA3: TB1,SP: TY,0,176,176,90,NA,NA,NA,NA,NA,884.7441533000092,0.00160319998394697,885.4775197000126,885.5776243999717,0.8299787000287324,887.510970000003,887.9108456000104,888.0130854999297,888.0130854999297,b,1,0.6983638999518007,888.7275819000206,888.7275819000206,888.7275819000206,888.7275819000206,NA,NA,NA,NA,NA,NA,NA,035,001,2024-02-28_09h45.18.697,PsychoPy Exp,2023.1.2,60.02411769245192
BeliefY,ExpTrialStim/Square_B_Square_6.png,Adam THINKS there is ONE cube,h,b,FB-Ig,2,2,0,1,1,0,1,1,0,1,B,-,SB3: SC1,SP: SG,0,177,177,155,NA,NA,NA,NA,NA,888.7275819000206,0.00181090005207806,889.4608399000135,889.560977199988,0.8294357000850141,891.4942757000099,891.8942788999411,891.9963563000201,891.9963563000201,h,1,1.0904622999951243,893.1107058999478,893.1107058999478,893.1107058999478,893.1107058999478,NA,NA,NA,NA,NA,NA,NA,035,001,2024-02-28_09h45.18.697,PsychoPy Exp,2023.1.2,60.02411769245192
BeliefN,ExpTrialStim/Triangle_Triangle_B_5.png,Adam THINKS there is ONE cube,b,h,TB-K-B,2,0,2,2,0,2,0,0,0,1,B,PropFalse,TA3: TB2,TR: TO,0,178,178,188,NA,NA,NA,NA,NA,893.1107058999478,4.7669990453869e-4,893.844132499944,893.9442577999434,0.8313833998981863,895.8776084000128,896.2775035999366,896.3796700999956,896.3796700999956,b,1,0.8832837999798357,897.2939039000194,897.2939039000194,897.2939039000194,897.2939039000194,NA,NA,NA,NA,NA,NA,NA,035,001,2024-02-28_09h45.18.697,PsychoPy Exp,2023.1.2,60.02411769245192
RealityN,ExpTrialStim/Triangle_Triangle_NB_1.png,"In REALITY, there is ONE cube",b,h,TB-K,2,0,2,2,0,2,0,0,0,1,NB,PropFalse,TA1: TB2,TY: TO,0,179,179,60,NA,NA,NA,NA,NA,897.2939039000194,4.8450008034706e-4,898.0275111999945,898.1275943000219,0.8303607000270858,900.0608274000115,900.4606179999537,900.5628945000353,900.5628945000353,b,1,0.6839244000148028,901.2773395999684,901.2773395999684,901.2773395999684,901.2773395999684,NA,NA,NA,NA,NA,NA,NA,035,001,2024-02-28_09h45.18.697,PsychoPy Exp,2023.1.2,60.02411769245192
BeliefY,ExpTrialStim/Square_Square_NB_5.png,Adam THINKS there are TWO cubes,h,b,TB-K,2,2,0,2,2,0,0,0,0,2,NB,-,SA3: SB2,SB: SP,0,180,180,124,NA,NA,NA,NA,NA,901.2773395999684,8.248999947682e-4,902.0108730999636,902.110767999955,0.8310655999230221,904.0443068999448,904.4442253999296,904.5464195999666,904.5464195999666,h,1,0.7163721999386325,905.294029099925,905.294029099925,905.294029099925,905.294029099925,NA,NA,NA,NA,NA,NA,NA,035,001,2024-02-28_09h45.18.697,PsychoPy Exp,2023.1.2,60.02411769245192
BeliefY,ExpTrialStim/Square_Square_NB_4.png,Adam THINKS there are TWO cubes,h,b,TB-K,2,2,0,2,2,0,0,0,0,2,NB,-,SA2: SB1,SP: SG,0,181,181,123,NA,NA,NA,NA,NA,905.294029099925,9.8030001390725e-4,906.0274631999782,906.1276385000092,0.8307682999875396,908.0608745000208,908.460733600019,908.5629715000396,908.5629715000396,h,1,0.6358231999911368,909.227364499995,909.227364499995,909.227364499995,909.227364499995,NA,NA,NA,NA,NA,NA,NA,035,001,2024-02-28_09h45.18.697,PsychoPy Exp,2023.1.2,60.02411769245192
RealityN,ExpTrialStim/Triangle_Triangle_B_2.png,"In REALITY, there is ONE cube",b,h,TB-K-B,2,0,2,2,0,2,0,0,0,1,B,PropFalse,TA2: TB3,TO: TR,0,182,182,81,NA,NA,NA,NA,NA,909.227364499995,0.00051839998923242005,909.9607816000351,910.0609220000332,0.8312078999588266,911.9940411999704,912.39419620001,912.4962939000106,912.4962939000106,b,1,0.6944978000828996,913.2105239999364,913.2105239999364,913.2105239999364,913.2105239999364,NA,NA,NA,NA,NA,NA,NA,035,001,2024-02-28_09h45.18.697,PsychoPy Exp,2023.1.2,60.02411769245192
RealityN,ExpTrialStim/Square_Triangle_NB_2.png,"In REALITY, there are ZERO cubes",b,h,TB-K,2,1,1,2,1,1,0,0,0,0,NB,PropFalse,SB1: TB3,SB: TO,0,183,183,64,NA,NA,NA,NA,NA,913.2105239999364,5.0399999599903e-4,913.9441110999906,914.0442352999816,0.8313605999574065,915.9774881000048,916.3775561999646,916.4798232999748,916.4798232999748,b,1,0.9032925999490544,917.410805499938,917.410805499938,917.410805499938,917.410805499938,NA,NA,NA,NA,NA,NA,NA,035,001,2024-02-28_09h45.18.697,PsychoPy Exp,2023.1.2,60.02411769245192
KnowledgeY,ExpTrialStim/Triangle_NB_1.png,Adam KNOWS there are ZERO cubes,h,b,TB-K,1,0,1,1,0,1,0,0,0,0,NB,-,TA1,TO,0,184,184,216,NA,NA,NA,NA,NA,917.410805499938,0.00225819996558129,918.1440589000122,918.2441965999896,0.8295984999276698,920.1774832000374,920.5774578999844,920.6797463999246,920.6797463999246,b,0,1.0638720999704674,921.760792099929,921.760792099929,921.760792099929,921.760792099929,NA,NA,NA,NA,NA,NA,NA,035,001,2024-02-28_09h45.18.697,PsychoPy Exp,2023.1.2,60.02411769245192
KnowledgeN,ExpTrialStim/Square_B_Triangle_1.png,Adam KNOWS there is ONE cube,b,h,TB-Ig,2,1,1,1,1,0,1,0,1,1,B,PropTrueNoKnowledge,SB1: TD3,SB: TO,0,185,185,294,NA,NA,NA,NA,NA,921.760792099929,0.00181229994632303,922.4940624000157,922.5940110999508,0.8292214999673888,924.5275150000234,924.9274328000027,925.029516300012,925.029516300012,h,0,0.8571683999616653,925.9105622999488,925.9105622999488,925.9105622999488,925.9105622999488,NA,NA,NA,NA,NA,NA,NA,035,001,2024-02-28_09h45.18.697,PsychoPy Exp,2023.1.2,60.02411769245192
BeliefY,ExpTrialStim/Square_B_2.png,Adam THINKS there is ONE cube,h,b,TB-Ig,1,1,0,1,1,0,0,0,0,1,B,-,SB2,SB,0,186,186,129,NA,NA,NA,NA,NA,925.9105622999488,4.5140006113797e-4,926.6440579000046,926.7440259999712,0.8314335000468418,928.6774457999854,929.0774790000288,929.179788700014,929.179788700014,h,1,0.5070838000392541,929.7106782999472,929.7106782999472,929.7106782999472,929.7106782999472,NA,NA,NA,NA,NA,NA,NA,035,001,2024-02-28_09h45.18.697,PsychoPy Exp,2023.1.2,60.02411769245192
RealityY,ExpTrialStim/Square_B_Square_8.png,"In REALITY, there are TWO cubes",h,b,FB-Ig,2,2,0,1,1,0,1,1,0,2,B,-,SA1: SD2,SP: SG,0,187,187,49,NA,NA,NA,NA,NA,929.7106782999472,0.00141869997605681,930.4439751000028,930.543989399972,0.830151499947533,932.47749140003,932.8773724999628,932.9796287000064,932.9796287000064,h,1,0.7156035000225529,933.7105362000292,933.7105362000292,933.7105362000292,933.7105362000292,NA,NA,NA,NA,NA,NA,NA,035,001,2024-02-28_09h45.18.697,PsychoPy Exp,2023.1.2,60.02411769245192
RealityY,ExpTrialStim/Square_B_Triangle_2.png,"In REALITY, there is ONE cube",h,b,TB-Ig,2,1,1,1,1,0,1,0,1,1,B,-,SD3: TD2,SP: TY,0,188,188,25,NA,NA,NA,NA,NA,933.7105362000292,6.7560002207756e-4,934.4440433999408,934.5441643000232,0.8312551999697462,936.4773876999388,936.8772042999626,936.9795580999344,936.9795580999344,h,1,0.939530299976468,937.9440309999628,937.9440309999628,937.9440309999628,937.9440309999628,NA,NA,NA,NA,NA,NA,NA,035,001,2024-02-28_09h45.18.697,PsychoPy Exp,2023.1.2,60.02411769245192
KnowledgeN,ExpTrialStim/Square_B_Square_5.png,Adam KNOWS there are TWO cubes,b,h,FB-Ig,2,2,0,1,1,0,1,1,0,2,B,PropTrueNoKnowledge,SB2: SD3,SB: SG,0,189,189,316,NA,NA,NA,NA,NA,937.9440309999628,0.00199799996335059,938.677377499931,938.7774792999844,0.8296730999136344,940.7108131999266,941.110714600014,941.212895399949,941.212895399949,b,1,1.0098996000597251,942.243994999968,942.243994999968,942.243994999968,942.243994999968,NA,NA,NA,NA,NA,NA,NA,035,001,2024-02-28_09h45.18.697,PsychoPy Exp,2023.1.2,60.02411769245192
KnowledgeY,ExpTrialStim/Square_Square_NB_2.png,Adam KNOWS there are TWO cubes,h,b,TB-K,2,2,0,2,2,0,0,0,0,2,NB,-,SA2: SB3,SB: SG,0,190,190,229,NA,NA,NA,NA,NA,942.243994999968,0.00161340006161481,942.9772498999372,943.0774740999914,0.8299421000992879,945.0106676000288,945.4107680000016,945.51290469995,945.51290469995,h,1,0.6381240000482649,946.177427299961,946.177427299961,946.177427299961,946.177427299961,NA,NA,NA,NA,NA,NA,NA,035,001,2024-02-28_09h45.18.697,PsychoPy Exp,2023.1.2,60.02411769245192
BeliefN,ExpTrialStim/Square_B_Triangle_1.png,Adam THINKS there are ZERO cubes,b,h,TB-Ig,2,1,1,1,1,0,1,0,1,0,B,PropFalse,SB1: TD3,SB: TO,0,191,191,186,NA,NA,NA,NA,NA,946.177427299961,0.00181700009852647,946.91068479995,947.0106614999822,0.8294538001064211,948.9439811999328,949.34399439994,949.446163400018,949.446163400018,b,1,1.2975144000956789,950.7606127999608,950.7606127999608,950.7606127999608,950.7606127999608,NA,NA,NA,NA,NA,NA,NA,035,001,2024-02-28_09h45.18.697,PsychoPy Exp,2023.1.2,60.02411769245192
KnowledgeY,ExpTrialStim/Square_Triangle_NB_1.png,Adam KNOWS there is ONE cube,h,b,TB-K,2,1,1,2,1,1,0,0,0,1,NB,-,SA2: TB1,SG: TR,0,192,192,225,NA,NA,NA,NA,NA,950.7606127999608,0.00201329996343702,951.4938590999808,951.59411190002,0.8294298999244347,953.5272328999708,953.9273349999568,954.0294160999474,954.0294160999474,h,1,0.6893146999645978,954.7438375999336,954.7438375999336,954.7438375999336,954.7438375999336,NA,NA,NA,NA,NA,NA,NA,035,001,2024-02-28_09h45.18.697,PsychoPy Exp,2023.1.2,60.02411769245192
RealityN,ExpTrialStim/Square_Triangle_B_4.png,"In REALITY, there are TWO cubes",b,h,TB-K-B,2,1,1,2,1,1,0,0,0,2,B,PropFalse,SB1: TA3,SP: TY,0,193,193,91,NA,NA,NA,NA,NA,954.7438375999336,6.2249996699392e-4,955.4773135999568,955.5774556999676,0.8313388000242412,957.510772700014,957.91076649999,958.0127767000232,958.0127767000232,h,0,0.7942307000048459,958.827118599962,958.827118599962,958.827118599962,958.827118599962,NA,NA,NA,NA,NA,NA,NA,035,001,2024-02-28_09h45.18.697,PsychoPy Exp,2023.1.2,60.02411769245192
KnowledgeY,ExpTrialStim/Square_Square_NB_3.png,Adam KNOWS there are TWO cubes,h,b,TB-K,2,2,0,2,2,0,0,0,0,2,NB,-,SA3: SB1,SG: SP,0,194,194,230,NA,NA,NA,NA,NA,958.827118599962,0.00199320004321634,959.5606385999708,959.6607424000396,0.8294597000349313,961.5941163999378,961.9939283999264,962.0961812999448,962.0961812999448,h,1,1.7347436000127343,963.8606015999684,963.8606015999684,963.8606015999684,963.8606015999684,NA,NA,NA,NA,NA,NA,NA,035,001,2024-02-28_09h45.18.697,PsychoPy Exp,2023.1.2,60.02411769245192
KnowledgeN,ExpTrialStim/B_Square_4.png,Adam KNOWS there is ONE cube,b,h,FB-Ig,1,1,0,0,0,0,1,1,0,1,B,PropTrueNoKnowledge,SD2,SB,0,195,195,311,NA,NA,NA,NA,NA,963.8606015999684,0.00192190008237957,964.5939402999938,964.6938928999588,0.8295301001053303,966.627355399949,967.0274190999916,967.12956630002,967.12956630002,b,1,1.5660642000148073,968.7271196999936,968.7271196999936,968.7271196999936,968.7271196999936,NA,NA,NA,NA,NA,NA,NA,035,001,2024-02-28_09h45.18.697,PsychoPy Exp,2023.1.2,60.02411769245192
KnowledgeY,ExpTrialStim/Square_NB_2.png,Adam KNOWS there is ONE cube,h,b,TB-K,1,1,0,1,1,0,0,0,0,1,NB,-,SA3,SP,0,196,196,220,NA,NA,NA,NA,NA,968.7271196999936,5.824000108987e-4,969.4605919999884,969.5607084000368,0.8313292000675574,971.4940468000132,971.8940473999246,971.9961670999764,971.9961670999764,h,1,0.8507916999515146,972.877072400006,972.877072400006,972.877072400006,972.877072400006,NA,NA,NA,NA,NA,NA,NA,035,001,2024-02-28_09h45.18.697,PsychoPy Exp,2023.1.2,60.02411769245192
RealityY,ExpTrialStim/Triangle_Triangle_B_2.png,"In REALITY, there are ZERO cubes",h,b,TB-K-B,2,0,2,2,0,2,0,0,0,0,B,-,TA2: TB3,TO: TR,0,197,197,27,NA,NA,NA,NA,NA,972.877072400006,5.5220001377165e-4,973.6105679999456,973.7106726000202,0.8310377999441698,975.6438778000302,976.0440305999364,976.146164899983,976.146164899983,h,1,1.2136628999141976,977.3772942999494,977.3772942999494,977.3772942999494,977.3772942999494,NA,NA,NA,NA,NA,NA,NA,035,001,2024-02-28_09h45.18.697,PsychoPy Exp,2023.1.2,60.02411769245192
RealityN,ExpTrialStim/Square_Square_NB_4.png,"In REALITY, there is ONE cube",b,h,TB-K,2,2,0,2,2,0,0,0,0,1,NB,PropFalse,SA2: SB1,SP: SG,0,198,198,69,NA,NA,NA,NA,NA,977.3772942999494,0.00191610003821551,978.1105564999745,978.210458400019,0.829678500071168,980.1437002999592,980.5439921999932,980.6460654999246,980.6460654999246,b,1,0.7445395999820903,981.4104457999928,981.4104457999928,981.4104457999928,981.4104457999928,NA,NA,NA,NA,NA,NA,NA,035,001,2024-02-28_09h45.18.697,PsychoPy Exp,2023.1.2,60.02411769245192
KnowledgeY,ExpTrialStim/Triangle_Triangle_B_8.png,Adam KNOWS there are ZERO cubes,h,b,TB-Ig,2,0,2,2,0,2,0,0,0,0,B,-,TA2: TB3,TY:TO,0,199,199,241,NA,NA,NA,NA,NA,981.4104457999928,7.6240010093897e-4,982.1439097000402,982.244040999969,0.8310013000154868,984.177233800001,984.5773760999436,984.6793789000368,984.6793789000368,h,1,1.0157613001065329,985.7104030999471,985.7104030999471,985.7104030999471,985.7104030999471,NA,NA,NA,NA,NA,NA,NA,035,001,2024-02-28_09h45.18.697,PsychoPy Exp,2023.1.2,60.02411769245192
BeliefN,ExpTrialStim/Triangle_B_1.png,Adam THINKS there is ONE cube,b,h,TB-Ig,1,0,1,1,0,1,0,0,0,1,B,PropFalse,TA2,TR,0,200,200,180,NA,NA,NA,NA,NA,985.7104030999471,6.1950006056576e-4,986.4438950999756,986.5440037999653,0.8313209000043571,988.4771709000344,988.8772101000068,988.979286399961,988.979286399961,b,1,2.035281699965708,991.0437485000002,991.0437485000002,991.0437485000002,991.0437485000002,NA,NA,NA,NA,NA,NA,NA,035,001,2024-02-28_09h45.18.697,PsychoPy Exp,2023.1.2,60.02411769245192
RealityY,ExpTrialStim/Square_Square_NB_1.png,"In REALITY, there are TWO cubes",h,b,TB-K,2,2,0,2,2,0,0,0,0,2,NB,-,SA1: SB2,SP: SB,0,201,201,12,NA,NA,NA,NA,NA,991.0437485000002,9.1850000899285e-4,991.7772071000072,991.8773154999944,0.8311090000206605,993.8106269999988,994.2105810000212,994.3127845000126,994.3127845000126,h,1,0.814677800051868,995.1439166999772,995.1439166999772,995.1439166999772,995.1439166999772,NA,NA,NA,NA,NA,NA,NA,035,001,2024-02-28_09h45.18.697,PsychoPy Exp,2023.1.2,60.02411769245192
BeliefY,ExpTrialStim/Square_Square_B_1.png,Adam THINKS there are TWO cubes,h,b,TB-K-B,2,2,0,2,2,0,0,0,0,2,B,-,SA1: SB2,SP: SG,0,202,202,134,NA,NA,NA,NA,NA,995.1439166999772,0.00226729991845786,995.8771659000196,995.9772650999366,0.8292343999492005,997.9105952999672,998.3106844999712,998.4126912999782,998.4126912999782,h,1,0.6338071000063792,999.0768840000384,999.0768840000384,999.0768840000384,999.0768840000384,NA,NA,NA,NA,NA,NA,NA,035,001,2024-02-28_09h45.18.697,PsychoPy Exp,2023.1.2,60.02411769245192
BeliefN,ExpTrialStim/Triangle_B_Triangle_1.png,Adam THINKS there is ONE cube,b,h,TB-Ig,2,0,2,1,0,1,1,0,1,1,B,PropFalse,TA3: TD1,TY: TR,0,203,203,184,NA,NA,NA,NA,NA,999.0768840000384,5.0740002188831e-4,999.810476600018,999.9104059000384,0.8310172000201419,1001.8439321999322,1002.2439376999972,1002.3464149999782,1002.3464149999782,b,1,0.7643898000242189,1003.1269024999928,1003.1269024999928,1003.1269024999928,1003.1269024999928,NA,NA,NA,NA,NA,NA,NA,035,001,2024-02-28_09h45.18.697,PsychoPy Exp,2023.1.2,60.02411769245192
BeliefY,ExpTrialStim/Triangle_Triangle_NB_2.png,Adam THINKS there are ZERO cubes,h,b,TB-K,2,0,2,2,0,2,0,0,0,0,NB,-,TA2: TB3,TO: TR,0,204,204,115,NA,NA,NA,NA,NA,1003.1269024999928,7.6079997234046e-4,1003.8604642999708,1003.9606261000154,0.8312689999584109,1005.8938069999568,1006.2938381999847,1006.3960018000216,1006.3960018000216,h,1,1.0908637000247836,1007.5105178999364,1007.5105178999364,1007.5105178999364,1007.5105178999364,NA,NA,NA,NA,NA,NA,NA,035,001,2024-02-28_09h45.18.697,PsychoPy Exp,2023.1.2,60.02411769245192
KnowledgeN,ExpTrialStim/Square_Square_NB_4.png,Adam KNOWS there is ONE cube,b,h,TB-K,2,2,0,2,2,0,0,0,0,1,NB,PropFalse,SA2: SB1,SP: SG,0,205,205,285,NA,NA,NA,NA,NA,1007.5105178999364,0.00228680006694048,1008.2437944999548,1008.3438719999394,0.8294386999914423,1010.2771469000144,1010.6768944999784,1010.7790844999836,1010.7790844999836,b,1,2.1003909999271855,1012.9103539999924,1012.9103539999924,1012.9103539999924,1012.9103539999924,NA,NA,NA,NA,NA,NA,NA,035,001,2024-02-28_09h45.18.697,PsychoPy Exp,2023.1.2,60.02411769245192
KnowledgeY,ExpTrialStim/Square_Square_B_12.png,Adam KNOWS there are TWO cubes,h,b,FB-Ig,2,2,0,2,2,0,0,0,0,2,B,-,SA1: SB3,SP: SG,0,206,206,257,NA,NA,NA,NA,NA,1012.9103539999924,5.6740001309663e-4,1013.6438534999616,1013.7438033000216,0.8312479000305757,1015.6770953999948,1016.0772475000122,1016.1794960999978,1016.1794960999978,h,1,1.3391023998847231,1017.54374059994,1017.54374059994,1017.54374059994,1017.54374059994,NA,NA,NA,NA,NA,NA,NA,035,001,2024-02-28_09h45.18.697,PsychoPy Exp,2023.1.2,60.02411769245192
RealityN,ExpTrialStim/Square_B_Square_6.png,"In REALITY, there is ONE cube",b,h,FB-Ig,2,2,0,1,1,0,1,1,0,1,B,PropFalse,SB3: SC1,SP: SG,0,207,207,101,NA,NA,NA,NA,NA,1017.54374059994,0.00184929999522864,1018.2771029000288,1018.377384399937,0.8299415999790654,1020.3106605000212,1020.7106082999962,1020.8125550000112,1020.8125550000112,b,1,1.545904300059192,1022.3769212000188,1022.3769212000188,1022.3769212000188,1022.3769212000188,NA,NA,NA,NA,NA,NA,NA,035,001,2024-02-28_09h45.18.697,PsychoPy Exp,2023.1.2,60.02411769245192
BeliefN,ExpTrialStim/Square_Square_B_7.png,Adam THINKS there are ZERO cubes,b,h,TB-K-B,2,2,0,2,2,0,0,0,0,0,B,PropFalse,SA1: SB2,SG: SP,0,208,208,194,NA,NA,NA,NA,NA,1022.3769212000188,5.2819994743913e-4,1023.1102880000252,1023.2105399999418,0.8314112999942154,1025.1438608000171,1025.5438125000221,1025.645934799977,1025.645934799977,b,1,2.072502600029111,1027.7436122999643,1027.7436122999643,1027.7436122999643,1027.7436122999643,NA,NA,NA,NA,NA,NA,NA,035,001,2024-02-28_09h45.18.697,PsychoPy Exp,2023.1.2,60.02411769245192
BeliefN,ExpTrialStim/B_Square_3.png,Adam THINKS there is ONE cube,b,h,FB-Ig,1,1,0,0,0,0,1,1,0,1,B,PropTrueNoBelief,SD1,SP,0,209,209,202,NA,NA,NA,NA,NA,1027.7436122999643,7.1139994543045e-4,1028.4770861999714,1028.5770532999304,0.8312397999688983,1030.5105202999548,1030.9104126999737,1031.0126718000392,1031.0126718000392,b,1,1.602158599998802,1032.643816500029,1032.643816500029,1032.643816500029,1032.643816500029,NA,NA,NA,NA,NA,NA,NA,035,001,2024-02-28_09h45.18.697,PsychoPy Exp,2023.1.2,60.02411769245192
BeliefN,ExpTrialStim/Square_Square_NB_6.png,Adam THINKS there is ONE cube,b,h,TB-K,2,2,0,2,2,0,0,0,0,1,NB,PropFalse,SA1: SB3,SG: SB,0,210,210,179,NA,NA,NA,NA,NA,1032.643816500029,0.00225070002488791,1033.3769589999574,1033.4771820000024,0.8295935000060126,1035.4105205999804,1035.8104970999411,1035.9125865999958,1035.9125865999958,b,1,0.8617920000106096,1036.793617099931,1036.793617099931,1036.793617099931,1036.793617099931,NA,NA,NA,NA,NA,NA,NA,035,001,2024-02-28_09h45.18.697,PsychoPy Exp,2023.1.2,60.02411769245192
BeliefN,ExpTrialStim/Square_B_2.png,Adam THINKS there are ZERO cubes,b,h,TB-Ig,1,1,0,1,1,0,0,0,0,0,B,PropFalse,SB2,SB,0,211,211,183,NA,NA,NA,NA,NA,1036.793617099931,6.683999672532e-4,1037.5270530999987,1037.6272278000251,0.8312510999385267,1039.560532899981,1039.960575199977,1040.0626087999551,1040.0626087999551,b,1,1.8961059999419376,1041.9770084999618,1041.9770084999618,1041.9770084999618,1041.9770084999618,NA,NA,NA,NA,NA,NA,NA,035,001,2024-02-28_09h45.18.697,PsychoPy Exp,2023.1.2,60.02411769245192
RealityN,ExpTrialStim/Square_Triangle_B_1.png,"In REALITY, there are ZERO cubes",b,h,TB-K-B,2,1,1,2,1,1,0,0,0,0,B,PropFalse,SA1: TB2,SG: TR,0,212,212,88,NA,NA,NA,NA,NA,1041.9770084999618,0.00190130004193633,1042.7103697999264,1042.8105257999268,0.8295763999922201,1044.743796899973,1045.1438552999753,1045.2459394999896,1045.2459394999896,b,1,1.1767524000024423,1046.4435318000033,1046.4435318000033,1046.4435318000033,1046.4435318000033,NA,NA,NA,NA,NA,NA,NA,035,001,2024-02-28_09h45.18.697,PsychoPy Exp,2023.1.2,60.02411769245192
BeliefY,ExpTrialStim/Square_Square_B_8.png,Adam THINKS there are TWO cubes,h,b,TB-K-B,2,2,0,2,2,0,0,0,0,2,B,-,SA2: SB3,SP: SB,0,213,213,141,NA,NA,NA,NA,NA,1046.4435318000033,0.0022380999289453,1047.1770018999814,1047.2771537999506,0.8294023999478668,1049.21045459999,1049.6104588999297,1049.7124413999843,1049.7124413999843,h,1,0.5503938999027014,1050.2937009999878,1050.2937009999878,1050.2937009999878,1050.2937009999878,NA,NA,NA,NA,NA,NA,NA,035,001,2024-02-28_09h45.18.697,PsychoPy Exp,2023.1.2,60.02411769245192
KnowledgeY,ExpTrialStim/Triangle_Triangle_NB_2.png,Adam KNOWS there are ZERO cubes,h,b,TB-K,2,0,2,2,0,2,0,0,0,0,NB,-,TA2: TB3,TO: TR,0,214,214,223,NA,NA,NA,NA,NA,1050.2937009999878,0.00249540002550929,1051.027022599999,1051.1271455999813,0.8295490000164136,1053.0604584999965,1053.4604389999877,1053.5626104999683,1053.5626104999683,h,1,3.0920370999956504,1056.676956199983,1056.676956199983,1056.676956199983,1056.676956199983,NA,NA,NA,NA,NA,NA,NA,035,001,2024-02-28_09h45.18.697,PsychoPy Exp,2023.1.2,60.02411769245192
BeliefY,ExpTrialStim/Square_Triangle_NB_1.png,Adam THINKS there is ONE cube,h,b,TB-K,2,1,1,2,1,1,0,0,0,1,NB,-,SA2: TB1,SG: TR,0,215,215,117,NA,NA,NA,NA,NA,1056.676956199983,0.00225859996862709,1057.4103220999823,1057.5104318999802,0.829468599986285,1059.4434851999977,1059.8437465000316,1059.945892299933,1059.945892299933,h,1,3.684751500026323,1063.6601419000071,1063.6601419000071,1063.6601419000071,1063.6601419000071,NA,NA,NA,NA,NA,NA,NA,035,001,2024-02-28_09h45.18.697,PsychoPy Exp,2023.1.2,60.02411769245192
BeliefN,ExpTrialStim/Triangle_Triangle_NB_2.png,Adam THINKS there are TWO cubes,b,h,TB-K,2,0,2,2,0,2,0,0,0,2,NB,PropFalse,TA2: TB3,TO: TR,0,216,216,169,NA,NA,NA,NA,NA,1063.6601419000071,4.7389999963343e-4,1064.3936608000076,1064.4936201000237,0.8313898999476805,1066.4270500999992,1066.8269027999486,1066.929175600002,1066.929175600002,b,1,0.7731583000859246,1067.726834500034,1067.726834500034,1067.726834500034,1067.726834500034,NA,NA,NA,NA,NA,NA,NA,035,001,2024-02-28_09h45.18.697,PsychoPy Exp,2023.1.2,60.02411769245192
KnowledgeN,ExpTrialStim/Triangle_Triangle_B_10.png,Adam KNOWS there are TWO cubes,b,h,TB-K-B,2,0,2,2,0,2,0,0,0,2,B,PropFalse,TA2: TB1,TR: TO,0,217,217,297,NA,NA,NA,NA,NA,1067.726834500034,0.001252599991858,1068.4602677999646,1068.5604073999566,0.8303175999317318,1070.493677499995,1070.8935574000352,1070.9957619000345,1070.9957619000345,b,1,0.962999299983494,1071.976998400001,1071.976998400001,1071.976998400001,1071.976998400001,NA,NA,NA,NA,NA,NA,NA,035,001,2024-02-28_09h45.18.697,PsychoPy Exp,2023.1.2,60.02411769245192
BeliefY,ExpTrialStim/Triangle_Triangle_NB_1.png,Adam THINKS there are ZERO cubes,h,b,TB-K,2,0,2,2,0,2,0,0,0,0,NB,-,TA1: TB2,TY: TO,0,218,218,114,NA,NA,NA,NA,NA,1071.976998400001,0.0025255000218749,1072.7102523999638,1072.8104035999277,0.8295822000363842,1074.743597899971,1075.1437695000204,1075.2458711999352,1075.2458711999352,h,1,0.9847014000406488,1076.26018329995,1076.26018329995,1076.26018329995,1076.26018329995,NA,NA,NA,NA,NA,NA,NA,035,001,2024-02-28_09h45.18.697,PsychoPy Exp,2023.1.2,60.02411769245192
BeliefN,ExpTrialStim/Square_B_Square_4.png,Adam THINKS there are ZERO cubes,b,h,FB-Ig,2,2,0,1,1,0,1,1,0,0,B,PropFalse,SB1: SD2,SG: SP,0,219,219,207,NA,NA,NA,NA,NA,1076.26018329995,0.00125120009761303,1076.9935973999673,1077.093714000017,0.8306353000225499,1079.0268449999276,1079.4270223000203,1079.5291662000236,1079.5291662000236,b,1,1.0775115999858826,1080.6269480999908,1080.6269480999908,1080.6269480999908,1080.6269480999908,NA,NA,NA,NA,NA,NA,NA,035,001,2024-02-28_09h45.18.697,PsychoPy Exp,2023.1.2,60.02411769245192
RealityY,ExpTrialStim/Triangle_Triangle_B_6.png,"In REALITY, there are ZERO cubes",h,b,TB-K-B,2,0,2,2,0,2,0,0,0,0,B,-,TA1: TB3,TO: TY,0,220,220,31,NA,NA,NA,NA,NA,1080.6269480999908,0.00194690003991127,1081.3602222999907,1081.4603840000343,0.82953320001252,1083.3937457999564,1083.7937254999415,1083.895767399983,1083.895767399983,h,1,1.0313252999912947,1084.943640500016,1084.943640500016,1084.943640500016,1084.943640500016,NA,NA,NA,NA,NA,NA,NA,035,001,2024-02-28_09h45.18.697,PsychoPy Exp,2023.1.2,60.02411769245192
RealityY,ExpTrialStim/Square_Square_B_1.png,"In REALITY, there are TWO cubes",h,b,TB-K-B,2,2,0,2,2,0,0,0,0,2,B,-,SA1: SB2,SP: SG,0,221,221,34,NA,NA,NA,NA,NA,1084.943640500016,0.00196289992891252,1085.6768902999463,1085.7769024000154,0.8293535000411794,1087.7101778999786,1088.110246999946,1088.2123550000251,1088.2123550000251,h,1,0.7059081000043079,1088.943404999969,1088.943404999969,1088.943404999969,1088.943404999969,NA,NA,NA,NA,NA,NA,NA,035,001,2024-02-28_09h45.18.697,PsychoPy Exp,2023.1.2,60.02411769245192
RealityY,ExpTrialStim/Square_B_Triangle_1.png,"In REALITY, there is ONE cube",h,b,TB-Ig,2,1,1,1,1,0,1,0,1,1,B,-,SB1: TD3,SB: TO,0,222,222,24,NA,NA,NA,NA,NA,1088.943404999969,6.2449998222291e-4,1089.676885200024,1089.777042700036,0.8312853999668732,1091.7103022999945,1092.1102981999866,1092.212400700024,1092.212400700024,h,1,0.7941316000651568,1093.0267486000084,1093.0267486000084,1093.0267486000084,1093.0267486000084,NA,NA,NA,NA,NA,NA,NA,035,001,2024-02-28_09h45.18.697,PsychoPy Exp,2023.1.2,60.02411769245192
BeliefY,ExpTrialStim/Square_Square_B_11.png,Adam THINKS there are TWO cubes,h,b,TB-K-B,2,2,0,2,2,0,0,0,0,2,B,-,SA3: SB2,SB: SP,0,223,223,144,NA,NA,NA,NA,NA,1093.0267486000084,0.00230459996964782,1093.7601973999408,1093.8603287999867,0.8294591999147087,1095.7935333999922,1096.1935648000217,1096.2956858999678,1096.2956858999678,h,1,1.1994463000446558,1097.5269152999972,1097.5269152999972,1097.5269152999972,1097.5269152999972,NA,NA,NA,NA,NA,NA,NA,035,001,2024-02-28_09h45.18.697,PsychoPy Exp,2023.1.2,60.02411769245192
KnowledgeN,ExpTrialStim/Triangle_B_Square_4.png,Adam KNOWS there is ONE cube,b,h,FB-Ig,2,1,1,1,0,1,1,1,0,1,B,PropTrueNoKnowledge,SD3: TB1,SB: TO,0,224,224,323,NA,NA,NA,NA,NA,1097.5269152999972,0.00189439998939633,1098.260179200035,1098.360334100027,0.8296418000245467,1100.293566600012,1100.69354930002,1100.795683299948,1100.795683299948,b,1,1.522819900070317,1102.3434591999394,1102.3434591999394,1102.3434591999394,1102.3434591999394,NA,NA,NA,NA,NA,NA,NA,035,001,2024-02-28_09h45.18.697,PsychoPy Exp,2023.1.2,60.02411769245192
RealityN,ExpTrialStim/Square_B_Square_1.png,"In REALITY, there are ZERO cubes",b,h,FB-Ig,2,2,0,1,1,0,1,1,0,0,B,PropFalse,SA1: SC2,SG: SB,0,225,225,96,NA,NA,NA,NA,NA,1102.3434591999394,0.00171109999064356,1103.076860399975,1103.176976800023,0.8298152000643313,1105.110325899965,1105.5103425999987,1105.6124164999346,1105.6124164999346,b,1,1.23374379996676,1106.8766837999574,1106.8766837999574,1106.8766837999574,1106.8766837999574,NA,NA,NA,NA,NA,NA,NA,035,001,2024-02-28_09h45.18.697,PsychoPy Exp,2023.1.2,60.02411769245192
KnowledgeN,ExpTrialStim/Triangle_Triangle_NB_3.png,Adam KNOWS there are TWO cubes,b,h,TB-K,2,0,2,2,0,2,0,0,0,2,NB,PropFalse,TA3: TB1,TR: TY,0,226,226,278,NA,NA,NA,NA,NA,1106.8766837999574,7.0050009526312e-4,1107.6101618999965,1107.7103049000143,0.8311904000584036,1109.6436235999572,1110.043675700028,1110.1455253000022,1110.1455253000022,b,1,0.7170948999701068,1110.8935491999728,1110.8935491999728,1110.8935491999728,1110.8935491999728,NA,NA,NA,NA,NA,NA,NA,035,001,2024-02-28_09h45.18.697,PsychoPy Exp,2023.1.2,60.02411769245192
RealityN,ExpTrialStim/Square_Square_NB_1.png,"In REALITY, there are ZERO cubes",b,h,TB-K,2,2,0,2,2,0,0,0,0,0,NB,PropFalse,SA1: SB2,SP: SB,0,227,227,66,NA,NA,NA,NA,NA,1110.8935491999728,0.00225989997852593,1111.6268141000182,1111.726911100035,0.829684600001201,1113.6602714999462,1114.0602752999985,1114.162405900017,1114.162405900017,b,1,0.86008330003824085,1115.043535600009,1115.043535600009,1115.043535600009,1115.043535600009,NA,NA,NA,NA,NA,NA,NA,035,001,2024-02-28_09h45.18.697,PsychoPy Exp,2023.1.2,60.02411769245192
KnowledgeN,ExpTrialStim/Square_Triangle_B_12.png,Adam KNOWS there are TWO cubes,b,h,TB-K-B,2,1,1,2,1,1,0,0,0,2,B,PropFalse,SB3: TA1,SB: TO,0,228,228,307,NA,NA,NA,NA,NA,1115.043535600009,0.00229420000687241,1115.7765892999596,1115.8768863999867,0.8296264000236988,1117.8100953000248,1118.21023529995,1118.3123457999318,1118.3123457999318,b,1,0.6778797999722883,1119.010028999939,1119.010028999939,1119.010028999939,1119.010028999939,NA,NA,NA,NA,NA,NA,NA,035,001,2024-02-28_09h45.18.697,PsychoPy Exp,2023.1.2,60.02411769245192
RealityY,ExpTrialStim/Square_Triangle_NB_2.png,"In REALITY, there is ONE cube",h,b,TB-K,2,1,1,2,1,1,0,0,0,1,NB,-,SB1: TB3,SB: TO,0,229,229,10,NA,NA,NA,NA,NA,1119.010028999939,5.826000124216e-4,1119.743177700031,1119.8432911999407,0.8308098999550566,1121.7768990999905,1122.176816799969,1122.2790164999317,1122.2790164999317,h,1,0.5434674000134692,1122.843427299929,1122.843427299929,1122.843427299929,1122.843427299929,NA,NA,NA,NA,NA,NA,NA,035,001,2024-02-28_09h45.18.697,PsychoPy Exp,2023.1.2,60.02411769245192
BeliefY,ExpTrialStim/Triangle_B_Square_1.png,Adam THINKS there are ZERO cubes,h,b,FB-Ig,2,1,1,1,0,1,1,1,0,0,B,-,SC1: TA1,SB: TO,0,230,230,158,NA,NA,NA,NA,NA,1122.843427299929,0.00224970001727342,1123.5767822999624,1123.6768859000294,0.8296204999787733,1125.6102261000196,1126.0101515999413,1126.11228880001,1126.11228880001,h,1,1.549830500036478,1127.6933489000075,1127.6933489000075,1127.6933489000075,1127.6933489000075,NA,NA,NA,NA,NA,NA,NA,035,001,2024-02-28_09h45.18.697,PsychoPy Exp,2023.1.2,60.02411769245192
KnowledgeY,ExpTrialStim/Square_Triangle_B_12.png,Adam KNOWS there is ONE cube,h,b,FB-Ig,2,1,1,2,1,1,0,0,0,1,B,-,SB3: TA1,SB: TO,0,231,231,269,NA,NA,NA,NA,NA,1127.6933489000075,7.9539988655596e-4,1128.4267169000232,1128.5268884000252,0.8309344999724999,1130.4600462000235,1130.8601792000118,1130.9622753000003,1130.9622753000003,h,1,0.6438660999992862,1131.6266287000035,1131.6266287000035,1131.6266287000035,1131.6266287000035,NA,NA,NA,NA,NA,NA,NA,035,001,2024-02-28_09h45.18.697,PsychoPy Exp,2023.1.2,60.02411769245192
BeliefY,ExpTrialStim/Triangle_B_Square_3.png,Adam THINKS there are ZERO cubes,h,b,FB-Ig,2,1,1,1,0,1,1,1,0,0,B,-,SD1: TA2,SG: TR,0,232,232,160,NA,NA,NA,NA,NA,1131.6266287000035,5.7869998272508e-4,1132.3600907000364,1132.4602060999605,0.8312655999325216,1134.3935054999893,1134.7933350999956,1134.8956411999534,1134.8956411999534,b,0,1.5427969000302255,1136.4601166999782,1136.4601166999782,1136.4601166999782,1136.4601166999782,NA,NA,NA,NA,NA,NA,NA,035,001,2024-02-28_09h45.18.697,PsychoPy Exp,2023.1.2,60.02411769245192
RealityY,ExpTrialStim/Square_B_Square_5.png,"In REALITY, there are TWO cubes",h,b,FB-Ig,2,2,0,1,1,0,1,1,0,2,B,-,SB2: SD3,SB: SG,0,233,233,46,NA,NA,NA,NA,NA,1136.4601166999782,0.00188200001139193,1137.1934004999348,1137.2935515000136,0.8293658000184223,1139.2265518999775,1139.6268409999902,1139.7291062999866,1139.7291062999866,h,1,0.885411600000225,1140.6431687999866,1140.6431687999866,1140.6431687999866,1140.6431687999866,NA,NA,NA,NA,NA,NA,NA,035,001,2024-02-28_09h45.18.697,PsychoPy Exp,2023.1.2,60.02411769245192
BeliefN,ExpTrialStim/Triangle_Triangle_NB_3.png,Adam THINKS there are TWO cubes,b,h,TB-K,2,0,2,2,0,2,0,0,0,2,NB,PropFalse,TA3: TB1,TR: TY,0,234,234,170,NA,NA,NA,NA,NA,1140.6431687999866,4.8020004760473e-4,1141.3767044999986,1141.476864700031,0.8312329000327736,1143.4100217000232,1143.8098877999582,1143.9122331999824,1143.9122331999824,b,1,1.3822323000058532,1145.3098973000306,1145.3098973000306,1145.3098973000306,1145.3098973000306,NA,NA,NA,NA,NA,NA,NA,035,001,2024-02-28_09h45.18.697,PsychoPy Exp,2023.1.2,60.02411769245192
KnowledgeY,ExpTrialStim/Square_Triangle_B_7.png,Adam KNOWS there is ONE cube,h,b,FB-Ig,2,1,1,2,1,1,0,0,0,1,B,-,SA1: TB3,SB: TO,0,235,235,264,NA,NA,NA,NA,NA,1145.3098973000306,4.9829995259642e-4,1146.043301699974,1146.1435931999586,0.8311569999204949,1148.0766159999766,1148.4768238999532,1148.579068000021,1148.579068000021,h,1,0.8590289000421762,1149.4598359999363,1149.4598359999363,1149.4598359999363,1149.4598359999363,NA,NA,NA,NA,NA,NA,NA,035,001,2024-02-28_09h45.18.697,PsychoPy Exp,2023.1.2,60.02411769245192
BeliefY,ExpTrialStim/Square_Square_B_3.png,Adam THINKS there are TWO cubes,h,b,TB-K-B,2,2,0,2,2,0,0,0,0,2,B,-,SA3: SB1,SG: SB,0,236,236,136,NA,NA,NA,NA,NA,1149.4598359999363,5.7560007553547e-4,1150.1933918999855,1150.2935131999548,0.8312937000300735,1152.226811099972,1152.6267951999907,1152.7288963000174,1152.7288963000174,h,1,1.1014897000277415,1153.8599374000332,1153.8599374000332,1153.8599374000332,1153.8599374000332,NA,NA,NA,NA,NA,NA,NA,035,001,2024-02-28_09h45.18.697,PsychoPy Exp,2023.1.2,60.02411769245192
KnowledgeY,ExpTrialStim/Square_Triangle_B_10.png,Adam KNOWS there is ONE cube,h,b,FB-Ig,2,1,1,2,1,1,0,0,0,1,B,-,SB1: TA2,SP: TY,0,237,237,267,NA,NA,NA,NA,NA,1153.8599374000332,0.00116570002865046,1154.5933290999965,1154.693363600003,0.8302409000461921,1156.6267928999732,1157.0267203000258,1157.128934999986,1157.128934999986,h,1,0.8143028999911621,1157.959823299956,1157.959823299956,1157.959823299956,1157.959823299956,NA,NA,NA,NA,NA,NA,NA,035,001,2024-02-28_09h45.18.697,PsychoPy Exp,2023.1.2,60.02411769245192
KnowledgeY,ExpTrialStim/Triangle_Triangle_B_7.png,Adam KNOWS there are ZERO cubes,h,b,TB-Ig,2,0,2,2,0,2,0,0,0,0,B,-,TA1: TB2,TR: TY,0,238,238,240,NA,NA,NA,NA,NA,1157.959823299956,6.1649992130696e-4,1158.6933202000218,1158.7934800999356,0.830902099958621,1160.726579799957,1161.1268383999704,1161.2287395999883,1161.2287395999883,h,1,1.64165939996019,1162.8932983999257,1162.8932983999257,1162.8932983999257,1162.8932983999257,NA,NA,NA,NA,NA,NA,NA,035,001,2024-02-28_09h45.18.697,PsychoPy Exp,2023.1.2,60.02411769245192
KnowledgeY,ExpTrialStim/Triangle_Triangle_B_10.png,Adam KNOWS there are ZERO cubes,h,b,TB-K-B,2,0,2,2,0,2,0,0,0,0,B,-,TA2: TB1,TR: TO,0,239,239,243,NA,NA,NA,NA,NA,1162.8932983999257,0.00151440000627189,1163.6266895000008,1163.7267560000182,0.8298590999329463,1165.6599512999528,1166.0601418000297,1166.1622808999964,1166.1622808999964,h,1,0.7561087999492884,1166.943373099959,1166.943373099959,1166.943373099959,1166.943373099959,NA,NA,NA,NA,NA,NA,NA,035,001,2024-02-28_09h45.18.697,PsychoPy Exp,2023.1.2,60.02411769245192
RealityN,ExpTrialStim/Square_Square_B_1.png,"In REALITY, there are ZERO cubes",b,h,TB-K-B,2,2,0,2,2,0,0,0,0,0,B,PropFalse,SA1: SB2,SP: SG,0,240,240,84,NA,NA,NA,NA,NA,1166.943373099959,0.00171250000130385,1167.6766647999757,1167.7767702999408,0.8297802000306547,1169.726565799967,1170.1267467999714,1170.2288452999785,1170.2288452999785,b,1,0.6337259999709204,1170.8931586000251,1170.8931586000251,1170.8931586000251,1170.8931586000251,NA,NA,NA,NA,NA,NA,NA,035,001,2024-02-28_09h45.18.697,PsychoPy Exp,2023.1.2,60.02411769245192
BeliefN,ExpTrialStim/Triangle_Triangle_NB_1.png,Adam THINKS there is ONE cube,b,h,TB-K,2,0,2,2,0,2,0,0,0,1,NB,PropFalse,TA1: TB2,TY: TO,0,241,241,168,NA,NA,NA,NA,NA,1170.8931586000251,4.5870000030845e-4,1171.6266357999411,1171.7267584000365,0.8312096999725327,1173.6601237999855,1174.0601135999314,1174.1621747000029,1174.1621747000029,b,1,0.9240859999554232,1175.109942299954,1175.109942299954,1175.109942299954,1175.109942299954,NA,NA,NA,NA,NA,NA,NA,035,001,2024-02-28_09h45.18.697,PsychoPy Exp,2023.1.2,60.02411769245192
BeliefY,ExpTrialStim/Triangle_B_Triangle_1.png,Adam THINKS there are ZERO cubes,h,b,TB-Ig,2,0,2,1,0,1,1,0,1,0,B,-,TA3: TD1,TY: TR,0,242,242,130,NA,NA,NA,NA,NA,1175.109942299954,0.00155010004527866,1175.8433125999873,1175.9434247000029,0.8299990000668913,1177.876720900007,1178.276644500031,1178.3788896999904,1178.3788896999904,h,1,1.1711459999205545,1179.57684970001,NA,1179.57684970001,NA,space,21.29348759993445,NA,NA,NA,NA,NA,035,001,2024-02-28_09h45.18.697,PsychoPy Exp,2023.1.2,60.02411769245192
KnowledgeY,ExpTrialStim/Triangle_Triangle_B_5.png,Adam KNOWS there are ZERO cubes,h,b,TB-Ig,2,0,2,2,0,2,0,0,0,0,B,-,TA3: TB2,TR: TO,0,243,243,238,NA,NA,NA,NA,NA,1200.8932293999824,0.00172549998387694,1201.626547999971,1201.726570400002,0.8316927999258041,1203.6599676999613,1204.0599839999925,1204.1622157999664,1204.1622157999664,h,1,0.7877833999227732,1204.9764868999482,1204.9764868999482,1204.9764868999482,1204.9764868999482,NA,NA,NA,NA,NA,NA,NA,035,001,2024-02-28_09h45.18.697,PsychoPy Exp,2023.1.2,60.02411769245192
RealityY,ExpTrialStim/Triangle_B_1.png,"In REALITY, there are ZERO cubes",h,b,TB-Ig,1,0,1,1,0,1,0,0,0,0,B,-,TA2,TR,0,244,244,18,NA,NA,NA,NA,NA,1204.9764868999482,0.00155739998444914,1205.7265104000107,1205.8263620000216,0.8449993999674916,1207.7598549000104,1208.1599649999407,1208.2620449000387,1208.2620449000387,h,1,1.2881800000322985,1209.5763812999355,1209.5763812999355,1209.5763812999355,1209.5763812999355,NA,NA,NA,NA,NA,NA,NA,035,001,2024-02-28_09h45.18.697,PsychoPy Exp,2023.1.2,60.02411769245192
RealityN,ExpTrialStim/Triangle_Triangle_B_1.png,"In REALITY, there is ONE cube",b,h,TB-K-B,2,0,2,2,0,2,0,0,0,1,B,PropFalse,TA1: TB2,TY: TO,0,245,245,80,NA,NA,NA,NA,NA,1209.5763812999355,4.2630010284483e-4,1210.309859799978,1210.4099466000334,0.8312609000131488,1212.343328599993,1212.7431877999916,1212.8454280000296,1212.8454280000296,b,1,0.6004366000415757,1213.4764018999997,1213.4764018999997,1213.4764018999997,1213.4764018999997,NA,NA,NA,NA,NA,NA,NA,035,001,2024-02-28_09h45.18.697,PsychoPy Exp,2023.1.2,60.02411769245192
KnowledgeN,ExpTrialStim/Square_B_Square_6.png,Adam KNOWS there are TWO cubes,b,h,FB-Ig,2,2,0,1,1,0,1,1,0,2,B,PropTrueNoKnowledge,SB3: SC1,SP: SG,0,246,246,317,NA,NA,NA,NA,NA,1213.4764018999997,6.8169995211064e-4,1214.2098142000032,1214.3099686999922,0.83095869992394,1216.243291899969,1216.64319110004,1216.7454158999608,1216.7454158999608,b,1,1.0845103999599814,1217.8596093999804,1217.8596093999804,1217.8596093999804,1217.8596093999804,NA,NA,NA,NA,NA,NA,NA,035,001,2024-02-28_09h45.18.697,PsychoPy Exp,2023.1.2,60.02411769245192
KnowledgeN,ExpTrialStim/Square_B_2.png,Adam KNOWS there is ONE cube,b,h,TB-Ig,1,1,0,1,1,0,0,0,0,1,B,PropTrueNoKnowledge,SB2,SB,0,247,247,291,NA,NA,NA,NA,NA,1217.8596093999804,6.1679992359131e-4,1218.5931753999903,1218.693307599926,0.8308925998862833,1220.6266209999449,1221.0265279999585,1221.1286288999836,1221.1286288999836,h,0,0.5819168000016361,1221.726330000034,1221.726330000034,1221.726330000034,1221.726330000034,NA,NA,NA,NA,NA,NA,NA,035,001,2024-02-28_09h45.18.697,PsychoPy Exp,2023.1.2,60.02411769245192
KnowledgeY,ExpTrialStim/Square_Square_B_11.png,Adam KNOWS there are TWO cubes,h,b,FB-Ig,2,2,0,2,2,0,0,0,0,2,B,-,SA3: SB2,SB: SP,0,248,248,256,NA,NA,NA,NA,NA,1221.726330000034,4.7800003085285e-4,1222.459821599943,1222.559963299951,0.8311546000186354,1224.4932796999929,1224.8932215000386,1224.9954908999498,1224.9954908999498,h,1,0.5943723999662325,1225.6097237000358,1225.6097237000358,1225.6097237000358,1225.6097237000358,NA,NA,NA,NA,NA,NA,NA,035,001,2024-02-28_09h45.18.697,PsychoPy Exp,2023.1.2,60.02411769245192
RealityY,ExpTrialStim/Square_Square_B_2.png,"In REALITY, there are TWO cubes",h,b,TB-K-B,2,2,0,2,2,0,0,0,0,2,B,-,SA2: SB3,SB: SP,0,249,249,35,NA,NA,NA,NA,NA,1225.6097237000358,6.8880000617355e-4,1226.34309629997,1226.4432421000092,0.8310583999846131,1228.3766160000232,1228.7765190000064,1228.878529599926,1228.878529599926,h,1,0.8713780000107363,1229.776389899955,1229.776389899955,1229.776389899955,1229.776389899955,NA,NA,NA,NA,NA,NA,NA,035,001,2024-02-28_09h45.18.697,PsychoPy Exp,2023.1.2,60.02411769245192
RealityY,ExpTrialStim/Triangle_Triangle_B_8.png,"In REALITY, there are ZERO cubes",h,b,TB-K-B,2,0,2,2,0,2,0,0,0,0,B,-,TA2: TB3,TY:TO,0,250,250,33,NA,NA,NA,NA,NA,1229.776389899955,6.7820004187524e-4,1230.5097667000373,1230.6098921000375,0.8311099000275135,1232.543086599966,1232.9431275999525,1233.0453026999603,1233.0453026999603,h,1,0.9766257000155748,1234.0429487999645,1234.0429487999645,1234.0429487999645,1234.0429487999645,NA,NA,NA,NA,NA,NA,NA,035,001,2024-02-28_09h45.18.697,PsychoPy Exp,2023.1.2,60.02411769245192
RealityN,ExpTrialStim/B_Square_1.png,"In REALITY, there are ZERO cubes",b,h,FB-Ig,1,1,0,0,0,0,1,1,0,0,B,PropFalse,SC2,SG,0,251,251,92,NA,NA,NA,NA,NA,1234.0429487999645,0.00113839993719011,1234.7764314000378,1234.876364899974,0.8302914999658242,1236.8098696999368,1237.2098682999494,1237.3120796000003,1237.3120796000003,b,1,0.7743460999336094,1238.109732299985,1238.109732299985,1238.109732299985,1238.109732299985,NA,NA,NA,NA,NA,NA,NA,035,001,2024-02-28_09h45.18.697,PsychoPy Exp,2023.1.2,60.02411769245192
KnowledgeN,ExpTrialStim/Square_B_Square_3.png,Adam KNOWS there are TWO cubes,b,h,FB-Ig,2,2,0,1,1,0,1,1,0,2,B,PropTrueNoKnowledge,SA3: SD1,SP: SB,0,252,252,314,NA,NA,NA,NA,NA,1238.109732299985,0.00149669998791068,1238.8430712000118,1238.9432405999978,0.8298650999786332,1240.876555300027,1241.276509899937,1241.3786505000317,1241.3786505000317,b,1,1.0911058000056073,1242.4929348999283,1242.4929348999283,1242.4929348999283,1242.4929348999283,NA,NA,NA,NA,NA,NA,NA,035,001,2024-02-28_09h45.18.697,PsychoPy Exp,2023.1.2,60.02411769245192
RealityN,ExpTrialStim/Square_Triangle_NB_1.png,"In REALITY, there are ZERO cubes",b,h,TB-K,2,1,1,2,1,1,0,0,0,0,NB,PropFalse,SA2: TB1,SG: TR,0,253,253,63,NA,NA,NA,NA,NA,1242.4929348999283,4.1980005335062e-4,1243.226306699973,1243.3265613000258,0.8312758000101894,1245.259602699953,1245.6598427999415,1245.7618383999798,1245.7618383999798,b,1,0.644078699988313,1246.4263668000349,1246.4263668000349,1246.4263668000349,1246.4263668000349,NA,NA,NA,NA,NA,NA,NA,035,001,2024-02-28_09h45.18.697,PsychoPy Exp,2023.1.2,60.02411769245192
BeliefN,ExpTrialStim/B_Square_1.png,Adam THINKS there is ONE cube,b,h,FB-Ig,1,1,0,0,0,0,1,1,0,1,B,PropTrueNoBelief,SC2,SG,0,254,254,200,NA,NA,NA,NA,NA,1246.4263668000349,0.00140619999729096,1247.159692599962,1247.2596843999927,0.8303805000614375,1249.1931710999345,1249.5930976999807,1249.6951701000216,1249.6951701000216,h,0,2.118958599981852,1251.8431291999875,1251.8431291999875,1251.8431291999875,1251.8431291999875,NA,NA,NA,NA,NA,NA,NA,035,001,2024-02-28_09h45.18.697,PsychoPy Exp,2023.1.2,60.02411769245192
RealityY,ExpTrialStim/B_Square_4.png,"In REALITY, there is ONE cube",h,b,FB-Ig,1,1,0,0,0,0,1,1,0,1,B,-,SD2,SB,0,255,255,41,NA,NA,NA,NA,NA,1251.8431291999875,0.001688800053671,1252.5763928000233,1252.676475199929,0.82954529998824,1254.6098678999697,1255.0096967999707,1255.1118403999717,1255.1118403999717,h,1,1.1668526000576094,1256.3095486999373,1256.3095486999373,1256.3095486999373,1256.3095486999373,NA,NA,NA,NA,NA,NA,NA,035,001,2024-02-28_09h45.18.697,PsychoPy Exp,2023.1.2,60.02411769245192
KnowledgeY,ExpTrialStim/Triangle_Triangle_B_11.png,Adam KNOWS there are ZERO cubes,h,b,TB-K-B,2,0,2,2,0,2,0,0,0,0,B,-,TA3: TB2,TO: TY,0,256,256,244,NA,NA,NA,NA,NA,1256.3095486999373,4.0850008372217e-4,1257.043048200023,1257.1431825999753,0.8314212000695989,1259.0765547999763,1259.4764564999496,1259.5785287999895,1259.5785287999895,h,1,0.6915946000954136,1260.2930694999525,1260.2930694999525,1260.2930694999525,1260.2930694999525,NA,NA,NA,NA,NA,NA,NA,035,001,2024-02-28_09h45.18.697,PsychoPy Exp,2023.1.2,60.02411769245192
KnowledgeY,ExpTrialStim/Triangle_Triangle_NB_1.png,Adam KNOWS there are ZERO cubes,h,b,TB-K,2,0,2,2,0,2,0,0,0,0,NB,-,TA1: TB2,TY: TO,0,257,257,222,NA,NA,NA,NA,NA,1260.2930694999525,0.00167569995392113,1261.0263533000252,1261.126374299929,0.8292653999524191,1263.059820900031,1263.4596995999457,1263.5618300999631,1263.5618300999631,h,1,0.8598754999693483,1264.4429147999615,1264.4429147999615,1264.4429147999615,1264.4429147999615,NA,NA,NA,NA,NA,NA,NA,035,001,2024-02-28_09h45.18.697,PsychoPy Exp,2023.1.2,60.02411769245192
BeliefY,ExpTrialStim/Square_B_Triangle_1.png,Adam THINKS there is ONE cube,h,b,TB-Ig,2,1,1,1,1,0,1,0,1,1,B,-,SB1: TD3,SB: TO,0,258,258,132,NA,NA,NA,NA,NA,1264.4429147999615,5.2819994743913e-4,1265.176326299959,1265.2762902000104,0.8310459000058472,1267.2096149999998,1267.6097640999942,1267.711858399969,1267.711858399969,h,1,1.0305965999141335,1268.7595873999526,1268.7595873999526,1268.7595873999526,1268.7595873999526,NA,NA,NA,NA,NA,NA,NA,035,001,2024-02-28_09h45.18.697,PsychoPy Exp,2023.1.2,60.02411769245192
KnowledgeY,ExpTrialStim/Square_Triangle_B_3.png,Adam KNOWS there is ONE cube,h,b,FB-Ig,2,1,1,2,1,1,0,0,0,1,B,-,SA3: TB1,SP: TY,0,259,259,260,NA,NA,NA,NA,NA,1268.7595873999526,0.00115220004227012,1269.4930132999434,1269.5931056999252,0.8299460000125691,1271.5264185999404,1271.9264350999729,1272.0286742000026,1272.0286742000026,h,1,0.8014179000165313,1272.8596685999655,1272.8596685999655,1272.8596685999655,1272.8596685999655,NA,NA,NA,NA,NA,NA,NA,035,001,2024-02-28_09h45.18.697,PsychoPy Exp,2023.1.2,60.02411769245192
RealityN,ExpTrialStim/Square_B_Triangle_1.png,"In REALITY, there are ZERO cubes",b,h,TB-Ig,2,1,1,1,1,0,1,0,1,0,B,PropFalse,SB1: TD3,SB: TO,0,260,260,78,NA,NA,NA,NA,NA,1272.8596685999655,0.00175380008295178,1273.592921900039,1273.6931307999766,0.8296120000304654,1275.6264409999712,1276.02627880004,1276.1285173999495,1276.1285173999495,b,1,0.7501848000101745,1276.909720899945,1276.909720899945,1276.909720899945,1276.909720899945,NA,NA,NA,NA,NA,NA,NA,035,001,2024-02-28_09h45.18.697,PsychoPy Exp,2023.1.2,60.02411769245192
RealityN,ExpTrialStim/Square_B_Square_2.png,"In REALITY, there are ZERO cubes",b,h,FB-Ig,2,2,0,1,1,0,1,1,0,0,B,PropFalse,SA2: SC3,SB: SP,0,261,261,97,NA,NA,NA,NA,NA,1276.909720899945,0.00178300007246434,1277.6429681999723,1277.7430527000106,0.8295409000711516,1279.6762992999866,1280.07636440004,1280.178649599955,1280.178649599955,b,1,0.8275605000089854,1281.026248399925,1281.026248399925,1281.026248399925,1281.026248399925,NA,NA,NA,NA,NA,NA,NA,035,001,2024-02-28_09h45.18.697,PsychoPy Exp,2023.1.2,60.02411769245192
RealityN,ExpTrialStim/Triangle_B_Triangle_2.png,"In REALITY, there are TWO cubes",b,h,TB-Ig,2,0,2,1,0,1,1,0,1,2,B,PropFalse,TB1: TC2,TO: TY,0,262,262,77,NA,NA,NA,NA,NA,1281.026248399925,0.00170330004766583,1281.759638299991,1281.8597729999456,0.8295342000201344,1283.7931293999427,1284.1929912999622,1284.2952005999978,1284.2952005999978,b,1,0.638888500048779,1284.959643099981,1284.959643099981,1284.959643099981,1284.959643099981,NA,NA,NA,NA,NA,NA,NA,035,001,2024-02-28_09h45.18.697,PsychoPy Exp,2023.1.2,60.02411769245192
KnowledgeN,ExpTrialStim/Square_Square_B_9.png,Adam KNOWS there are ZERO cubes,b,h,TB-K-B,2,2,0,2,2,0,0,0,0,0,B,PropFalse,SA3: SB1,SB: SG,0,263,263,300,NA,NA,NA,NA,NA,1284.959643099981,0.00167230004444718,1285.6929242000333,1285.793036799936,0.8294569000136107,1287.7264274999616,1288.1263373999973,1288.228504199942,1288.228504199942,b,1,0.8011406000005081,1289.0595092999863,1289.0595092999863,1289.0595092999863,1289.0595092999863,NA,NA,NA,NA,NA,NA,NA,035,001,2024-02-28_09h45.18.697,PsychoPy Exp,2023.1.2,60.02411769245192
BeliefN,ExpTrialStim/Square_Square_NB_3.png,Adam THINKS there are ZERO cubes,b,h,TB-K,2,2,0,2,2,0,0,0,0,0,NB,PropFalse,SA3: SB1,SG: SP,0,264,264,176,NA,NA,NA,NA,NA,1289.0595092999863,4.4420000631362e-4,1289.7929068999947,1289.8930292999721,0.8312207000562921,1291.8262354999897,1292.2263593000243,1292.32855809998,1292.32855809998,b,1,1.277095599914901,1293.6261154999374,1293.6261154999374,1293.6261154999374,1293.6261154999374,NA,NA,NA,NA,NA,NA,NA,035,001,2024-02-28_09h45.18.697,PsychoPy Exp,2023.1.2,60.02411769245192
KnowledgeN,ExpTrialStim/Square_NB_2.png,Adam KNOWS there are TWO cubes,b,h,TB-K,1,1,0,1,1,0,0,0,0,2,NB,PropFalse,SA3,SP,0,265,265,274,NA,NA,NA,NA,NA,1293.6261154999374,4.8300006892532e-4,1294.3596954999375,1294.4597137999372,0.8311177999712527,1296.3930487000034,1296.7929866000195,1296.8951533999643,1296.8951533999643,b,1,0.8868296999717131,1297.8094833000214,1297.8094833000214,1297.8094833000214,1297.8094833000214,NA,NA,NA,NA,NA,NA,NA,035,001,2024-02-28_09h45.18.697,PsychoPy Exp,2023.1.2,60.02411769245192
BeliefN,ExpTrialStim/Square_NB_2.png,Adam THINKS there are TWO cubes,b,h,TB-K,1,1,0,1,1,0,0,0,0,2,NB,PropFalse,SA3,SP,0,266,266,166,NA,NA,NA,NA,NA,1297.8094833000214,0.00168430001940578,1298.5428542999434,1298.6428832000238,0.8295859999489039,1300.5764455999597,1300.9760288999532,1301.0785784000182,1301.0785784000182,b,1,0.7673844000091776,1301.8763046999811,1301.8763046999811,1301.8763046999811,1301.8763046999811,NA,NA,NA,NA,NA,NA,NA,035,001,2024-02-28_09h45.18.697,PsychoPy Exp,2023.1.2,60.02411769245192
BeliefN,ExpTrialStim/Triangle_Triangle_B_6.png,Adam THINKS there is ONE cube,b,h,TB-K-B,2,0,2,2,0,2,0,0,0,1,B,PropFalse,TA1: TB3,TO: TY,0,267,267,189,NA,NA,NA,NA,NA,1301.8763046999811,0.00166650000028312,1302.609668799967,1302.7096563999658,0.8296244000084698,1304.6428284999563,1305.0429104000214,1305.1449577999883,1305.1449577999883,b,1,0.8367725999560207,1306.0094837999786,1306.0094837999786,1306.0094837999786,1306.0094837999786,NA,NA,NA,NA,NA,NA,NA,035,001,2024-02-28_09h45.18.697,PsychoPy Exp,2023.1.2,60.02411769245192
RealityY,ExpTrialStim/Triangle_B_Square_4.png,"In REALITY, there is ONE cube",h,b,FB-Ig,2,1,1,1,0,1,1,1,0,1,B,-,SD3: TB1,SB: TO,0,268,268,53,NA,NA,NA,NA,NA,1306.0094837999786,0.00175850000232458,1306.7428841000074,1306.842988999968,0.8298012000741437,1308.7762866999838,1309.1763468999998,1309.278558299935,1309.278558299935,h,1,1.143304100027308,1310.4427121999324,1310.4427121999324,1310.4427121999324,1310.4427121999324,NA,NA,NA,NA,NA,NA,NA,035,001,2024-02-28_09h45.18.697,PsychoPy Exp,2023.1.2,60.02411769245192
BeliefY,ExpTrialStim/Triangle_B_Square_4.png,Adam THINKS there are ZERO cubes,h,b,FB-Ig,2,1,1,1,0,1,1,1,0,0,B,-,SD3: TB1,SB: TO,0,269,269,161,NA,NA,NA,NA,NA,1310.4427121999324,0.00172269996255636,1311.1761243999354,1311.276193599973,0.8295055000344291,1313.2096045000362,1313.6096818999504,1313.7117606000393,1313.7117606000393,h,1,1.5421477999771014,1315.2762488999288,1315.2762488999288,1315.2762488999288,1315.2762488999288,NA,NA,NA,NA,NA,NA,NA,035,001,2024-02-28_09h45.18.697,PsychoPy Exp,2023.1.2,60.02411769245192
BeliefY,ExpTrialStim/Square_B_Triangle_2.png,Adam THINKS there is ONE cube,h,b,TB-Ig,2,1,1,1,1,0,1,0,1,1,B,-,SD3: TD2,SP: TY,0,270,270,133,NA,NA,NA,NA,NA,1315.2762488999288,0.00167489994782954,1316.0093985000276,1316.1095645999883,0.8293710999423638,1318.0429849000066,1318.4429607999627,1318.5451007999363,1318.5451007999363,h,1,0.6692576999776065,1319.2426850000047,1319.2426850000047,1319.2426850000047,1319.2426850000047,NA,NA,NA,NA,NA,NA,NA,035,001,2024-02-28_09h45.18.697,PsychoPy Exp,2023.1.2,60.02411769245192
RealityN,ExpTrialStim/Square_Triangle_B_2.png,"In REALITY, there are TWO cubes",b,h,TB-K-B,2,1,1,2,1,1,0,0,0,2,B,PropFalse,SA2: TB3,SB: TO,0,271,271,89,NA,NA,NA,NA,NA,1319.2426850000047,3.8780004251748e-4,1319.976224199927,1320.0763071999536,0.8313481999794021,1322.009590199974,1322.4096826000025,1322.5118427000125,1322.5118427000125,b,1,1.2380318000214174,1323.775995999982,1323.775995999982,1323.775995999982,1323.775995999982,NA,NA,NA,NA,NA,NA,NA,035,001,2024-02-28_09h45.18.697,PsychoPy Exp,2023.1.2,60.02411769245192
KnowledgeN,ExpTrialStim/Square_B_1.png,Adam KNOWS there is ONE cube,b,h,TB-Ig,1,1,0,1,1,0,0,0,0,1,B,PropTrueNoKnowledge,SA2,SG,0,272,272,290,NA,NA,NA,NA,NA,1323.775995999982,3.840000135824e-4,1324.5094765000397,1324.6096290000132,0.83137740008533,1326.54276209994,1326.942917899985,1327.045079100004,1327.045079100004,h,0,0.7765319000463933,1327.8427413999452,1327.8427413999452,1327.8427413999452,1327.8427413999452,NA,NA,NA,NA,NA,NA,NA,035,001,2024-02-28_09h45.18.697,PsychoPy Exp,2023.1.2,60.02411769245192
KnowledgeY,ExpTrialStim/Square_Square_B_6.png,Adam KNOWS there are TWO cubes,h,b,TB-K-B,2,2,0,2,2,0,0,0,0,2,B,-,SA1: SB3,SB: SG,0,273,273,251,NA,NA,NA,NA,NA,1327.8427413999452,9.259000653401e-4,1328.5761490000295,1328.6762728000176,0.8302900999551639,1330.6096346999402,1331.0097833999316,1331.1117858000216,1331.1117858000216,h,1,1.070126499980688,1332.209522899997,1332.209522899997,1332.209522899997,1332.209522899997,NA,NA,NA,NA,NA,NA,NA,035,001,2024-02-28_09h45.18.697,PsychoPy Exp,2023.1.2,60.02411769245192
RealityN,ExpTrialStim/Triangle_Triangle_NB_3.png,"In REALITY, there are TWO cubes",b,h,TB-K,2,0,2,2,0,2,0,0,0,2,NB,PropFalse,TA3: TB1,TR: TY,0,274,274,62,NA,NA,NA,NA,NA,1332.209522899997,0.00168530002702027,1332.942742199928,1333.042930699943,0.8295933000044897,1334.9762348000077,1335.3762518999283,1335.47832309996,1335.47832309996,b,1,0.6075380999827757,1336.1093561000307,1336.1093561000307,1336.1093561000307,1336.1093561000307,NA,NA,NA,NA,NA,NA,NA,035,001,2024-02-28_09h45.18.697,PsychoPy Exp,2023.1.2,60.02411769245192
BeliefN,ExpTrialStim/Square_B_Square_8.png,Adam THINKS there are TWO cubes,b,h,FB-Ig,2,2,0,1,1,0,1,1,0,2,B,PropTrueNoBelief,SA1: SD2,SP: SG,0,275,275,211,NA,NA,NA,NA,NA,1336.1093561000307,0.00168859993573278,1336.842778499995,1336.9429251000402,0.8295614999951795,1338.876264600025,1339.2762383999652,1339.3783154999255,1339.3783154999255,h,0,1.4515367000130937,1340.8594824999454,1340.8594824999454,1340.8594824999454,1340.8594824999454,NA,NA,NA,NA,NA,NA,NA,035,001,2024-02-28_09h45.18.697,PsychoPy Exp,2023.1.2,60.02411769245192
KnowledgeN,ExpTrialStim/Square_Square_B_10.png,Adam KNOWS there are ZERO cubes,b,h,TB-K-B,2,2,0,2,2,0,0,0,0,0,B,PropFalse,SA2: SB1,SG: SB,0,276,276,301,NA,NA,NA,NA,NA,1340.8594824999454,0.00171420001424849,1341.5927237999276,1341.6928734999965,0.8293086000485346,1343.6262413999648,1344.0262659999426,1344.1283212999697,1344.1283212999697,b,1,1.7336422000080347,1345.8928360000136,1345.8928360000136,1345.8928360000136,1345.8928360000136,NA,NA,NA,NA,NA,NA,NA,035,001,2024-02-28_09h45.18.697,PsychoPy Exp,2023.1.2,60.02411769245192
BeliefN,ExpTrialStim/Square_Square_B_8.png,Adam THINKS there is ONE cube,b,h,TB-K-B,2,2,0,2,2,0,0,0,0,1,B,PropFalse,SA2: SB3,SP: SB,0,277,277,195,NA,NA,NA,NA,NA,1345.8928360000136,0.00168670003768056,1346.6261006999412,1346.7260663000052,0.8297253999626264,1348.6594409000245,1349.0595088999837,1349.1616991999908,1349.1616991999908,b,1,0.7806809999747202,1349.9594959000242,1349.9594959000242,1349.9594959000242,1349.9594959000242,NA,NA,NA,NA,NA,NA,NA,035,001,2024-02-28_09h45.18.697,PsychoPy Exp,2023.1.2,60.02411769245192
KnowledgeY,ExpTrialStim/Square_Triangle_B_6.png,Adam KNOWS there is ONE cube,h,b,FB-Ig,2,1,1,2,1,1,0,0,0,1,B,-,SB3: TA2,SB: TO,0,278,278,263,NA,NA,NA,NA,NA,1349.9594959000242,0.00179319991730153,1350.692729399947,1350.7928682999336,0.8293436999665573,1352.7259848999674,1353.1261976999813,1353.2282785999705,1353.2282785999705,h,1,0.7375385999912396,1353.9927720999694,1353.9927720999694,1353.9927720999694,1353.9927720999694,NA,NA,NA,NA,NA,NA,NA,035,001,2024-02-28_09h45.18.697,PsychoPy Exp,2023.1.2,60.02411769245192
KnowledgeN,ExpTrialStim/Square_B_Square_1.png,Adam KNOWS there is ONE cube,b,h,FB-Ig,2,2,0,1,1,0,1,1,0,1,B,PropFalse,SA1: SC2,SG: SB,0,279,279,312,NA,NA,NA,NA,NA,1353.9927720999694,0.00167679996229708,1354.7260721999337,1354.8261960000382,0.8294927999377251,1356.7595225999248,1357.1594737999258,1357.261600900034,1357.261600900034,h,0,1.5521477999864146,1358.842665199947,1358.842665199947,1358.842665199947,1358.842665199947,NA,NA,NA,NA,NA,NA,NA,035,001,2024-02-28_09h45.18.697,PsychoPy Exp,2023.1.2,60.02411769245192
RealityY,ExpTrialStim/Square_B_Square_1.png,"In REALITY, there are TWO cubes",h,b,FB-Ig,2,2,0,1,1,0,1,1,0,2,B,-,SA1: SC2,SG: SB,0,280,280,42,NA,NA,NA,NA,NA,1358.842665199947,0.00149320007767528,1359.576027000032,1359.6761603999769,0.8299695000750944,1361.6094998999615,1362.0095367000322,1362.1116286999895,1362.1116286999895,h,1,0.7739670999580994,1362.9094110000296,1362.9094110000296,1362.9094110000296,1362.9094110000296,NA,NA,NA,NA,NA,NA,NA,035,001,2024-02-28_09h45.18.697,PsychoPy Exp,2023.1.2,60.02411769245192
BeliefY,ExpTrialStim/Square_Square_B_5.png,Adam THINKS there are TWO cubes,h,b,TB-K-B,2,2,0,2,2,0,0,0,0,2,B,-,SA3: SB2,SP: SB,0,281,281,138,NA,NA,NA,NA,NA,1362.9094110000296,0.00168650003615766,1363.6426976000075,1363.7428260000306,0.8295560000697151,1365.6761518000276,1366.076130100002,1366.1780815999373,1366.1780815999373,h,1,1.5001156000653282,1367.7093877000152,1367.7093877000152,1367.7093877000152,1367.7093877000152,NA,NA,NA,NA,NA,NA,NA,035,001,2024-02-28_09h45.18.697,PsychoPy Exp,2023.1.2,60.02411769245192
RealityY,ExpTrialStim/Triangle_Triangle_NB_2.png,"In REALITY, there are ZERO cubes",h,b,TB-K,2,0,2,2,0,2,0,0,0,0,NB,-,TA2: TB3,TO: TR,0,282,282,7,NA,NA,NA,NA,NA,1367.7093877000152,0.00154229998588562,1368.4426987999468,1368.542825499957,0.8297025000210851,1370.4759803999332,1370.8759723000112,1370.9783200999373,1370.9783200999373,h,1,0.915598800056614,1371.9092011999455,1371.9092011999455,1371.9092011999455,1371.9092011999455,NA,NA,NA,NA,NA,NA,NA,035,001,2024-02-28_09h45.18.697,PsychoPy Exp,2023.1.2,60.02411769245192
BeliefN,ExpTrialStim/Triangle_Triangle_B_7.png,Adam THINKS there are TWO cubes,b,h,TB-K-B,2,0,2,2,0,2,0,0,0,2,B,PropFalse,TA1: TB2,TR: TY,0,283,283,190,NA,NA,NA,NA,NA,1371.9092011999455,3.8260000292211e-4,1372.6426503999974,1372.7425815000315,0.8310621000127867,1374.6760017999331,1375.0761276999838,1375.1781818000018,1375.1781818000018,b,1,0.6432505999691784,1375.8425273999455,1375.8425273999455,1375.8425273999455,1375.8425273999455,NA,NA,NA,NA,NA,NA,NA,035,001,2024-02-28_09h45.18.697,PsychoPy Exp,2023.1.2,60.02411769245192
KnowledgeN,ExpTrialStim/Triangle_Triangle_NB_2.png,Adam KNOWS there are TWO cubes,b,h,TB-K,2,0,2,2,0,2,0,0,0,2,NB,PropFalse,TA2: TB3,TO: TR,0,284,284,277,NA,NA,NA,NA,NA,1375.8425273999455,4.3799995910376e-4,1376.5759279999766,1376.6761081999284,0.8311952999792993,1378.609438299958,1379.009452599974,1379.1115656999757,1379.1115656999757,b,1,0.9179090999532492,1380.0592844000205,1380.0592844000205,1380.0592844000205,1380.0592844000205,NA,NA,NA,NA,NA,NA,NA,035,001,2024-02-28_09h45.18.697,PsychoPy Exp,2023.1.2,60.02411769245192
KnowledgeN,ExpTrialStim/Triangle_B_Triangle_1.png,Adam KNOWS there are ZERO cubes,b,h,TB-Ig,2,0,2,1,0,1,1,0,1,0,B,PropTrueNoKnowledge,TA3: TD1,TY: TR,0,285,285,292,NA,NA,NA,NA,NA,1380.0592844000205,0.00113469990901649,1380.792634100013,1380.8927470000344,0.830336399958469,1382.8259564999607,1383.2260814000035,1383.328186299943,1383.328186299943,h,0,1.3255625000456348,1384.6759381000302,1384.6759381000302,1384.6759381000302,1384.6759381000302,NA,NA,NA,NA,NA,NA,NA,035,001,2024-02-28_09h45.18.697,PsychoPy Exp,2023.1.2,60.02411769245192
KnowledgeY,ExpTrialStim/Triangle_NB_2.png,Adam KNOWS there are ZERO cubes,h,b,TB-K,1,0,1,1,0,1,0,0,0,0,NB,-,TA3,TY,0,286,286,217,NA,NA,NA,NA,NA,1384.6759381000302,0.00151880003977566,1385.4093251999584,1385.5094260000042,0.8298282000469044,1387.44255899993,1387.8427765999804,1387.9451101000304,1387.9451101000304,h,1,0.7810747000621632,1388.742731700011,1388.742731700011,1388.742731700011,1388.742731700011,NA,NA,NA,NA,NA,NA,NA,035,001,2024-02-28_09h45.18.697,PsychoPy Exp,2023.1.2,60.02411769245192
RealityN,ExpTrialStim/Square_B_Square_8.png,"In REALITY, there is ONE cube",b,h,FB-Ig,2,2,0,1,1,0,1,1,0,1,B,PropFalse,SA1: SD2,SP: SG,0,287,287,103,NA,NA,NA,NA,NA,1388.742731700011,0.00167020002845674,1389.4759710999788,1389.5761128999875,0.8294560000067577,1391.5092549999829,1391.9094174999627,1392.0116791999317,1392.0116791999317,b,1,0.762123900000006,1392.7927012999426,1392.7927012999426,1392.7927012999426,1392.7927012999426,NA,NA,NA,NA,NA,NA,NA,035,001,2024-02-28_09h45.18.697,PsychoPy Exp,2023.1.2,60.02411769245192
KnowledgeY,ExpTrialStim/Triangle_Triangle_B_2.png,Adam KNOWS there are ZERO cubes,h,b,TB-Ig,2,0,2,2,0,2,0,0,0,0,B,-,TA2: TB3,TO: TR,0,288,288,235,NA,NA,NA,NA,NA,1392.7927012999426,0.00168409990146756,1393.5259421000374,1393.6260496000175,0.8296213999856263,1395.5594039999996,1395.9592505000182,1396.0615765000111,1396.0615765000111,h,1,1.752087900065817,1397.84261839994,1397.84261839994,1397.84261839994,1397.84261839994,NA,NA,NA,NA,NA,NA,NA,035,001,2024-02-28_09h45.18.697,PsychoPy Exp,2023.1.2,60.02411769245192
BeliefY,ExpTrialStim/B_Square_2.png,Adam THINKS there are ZERO cubes,h,b,FB-Ig,1,1,0,0,0,0,1,1,0,0,B,-,SC3,SG,0,289,289,147,NA,NA,NA,NA,NA,1397.84261839994,0.00168779992964118,1398.575952899933,1398.6760373999714,0.8294794999528676,1400.609393199964,1401.009212200006,1401.1114317000029,1401.1114317000029,h,1,1.1740558999590576,1402.3091415999806,1402.3091415999806,1402.3091415999806,1402.3091415999806,NA,NA,NA,NA,NA,NA,NA,035,001,2024-02-28_09h45.18.697,PsychoPy Exp,2023.1.2,60.02411769245192
KnowledgeY,ExpTrialStim/Triangle_Triangle_B_6.png,Adam KNOWS there are ZERO cubes,h,b,TB-Ig,2,0,2,2,0,2,0,0,0,0,B,-,TA1: TB3,TO: TY,0,290,290,239,NA,NA,NA,NA,NA,1402.3091415999806,9.253000607714e-4,1403.0423984999652,1403.1425648999284,0.8305812999606133,1405.0758407000103,1405.4760627999783,1405.5782037999595,1405.5782037999595,h,1,1.0032782999332994,1406.6091816999833,1406.6091816999833,1406.6091816999833,1406.6091816999833,NA,NA,NA,NA,NA,NA,NA,035,001,2024-02-28_09h45.18.697,PsychoPy Exp,2023.1.2,60.02411769245192
BeliefN,ExpTrialStim/Square_Square_B_5.png,Adam THINKS there are ZERO cubes,b,h,TB-K-B,2,2,0,2,2,0,0,0,0,0,B,PropFalse,SA3: SB2,SP: SB,0,291,291,192,NA,NA,NA,NA,NA,1406.6091816999833,0.00113759993109852,1407.34256379999,1407.442753400013,0.8302714999299496,1409.3760275999666,1409.7760611000122,1409.8782180999988,1409.8782180999988,b,1,0.9274480999447404,1410.8259139999864,1410.8259139999864,1410.8259139999864,1410.8259139999864,NA,NA,NA,NA,NA,NA,NA,035,001,2024-02-28_09h45.18.697,PsychoPy Exp,2023.1.2,60.02411769245192
KnowledgeN,ExpTrialStim/Triangle_Triangle_B_11.png,Adam KNOWS there are TWO cubes,b,h,TB-K-B,2,0,2,2,0,2,0,0,0,2,B,PropFalse,TA3: TB2,TO: TY,0,292,292,298,NA,NA,NA,NA,NA,1410.8259139999864,0.00170439993962645,1411.5592438999447,1411.659334200027,0.8295444999821484,1413.5927029000013,1413.99265249999,1414.0947626999696,1414.0947626999696,b,1,1.1189164000097662,1415.2425710999523,1415.2425710999523,1415.2425710999523,1415.2425710999523,NA,NA,NA,NA,NA,NA,NA,035,001,2024-02-28_09h45.18.697,PsychoPy Exp,2023.1.2,60.02411769245192
BeliefY,ExpTrialStim/Square_NB_3.png,Adam THINKS there is ONE cube,h,b,TB-K,1,1,0,1,1,0,0,0,0,1,NB,-,SB2,SG,0,293,293,113,NA,NA,NA,NA,NA,1415.2425710999523,0.00168290000874549,1415.9758658999926,1416.0759876999657,0.8295012000016868,1418.009305500018,1418.4092305999366,1418.5114252999774,1418.5114252999774,h,1,0.614621700020507,1419.1425805999315,1419.1425805999315,1419.1425805999315,1419.1425805999315,NA,NA,NA,NA,NA,NA,NA,035,001,2024-02-28_09h45.18.697,PsychoPy Exp,2023.1.2,60.02411769245192
BeliefY,ExpTrialStim/Square_Square_B_4.png,Adam THINKS there are TWO cubes,h,b,TB-K-B,2,2,0,2,2,0,0,0,0,2,B,-,SA2: SB1,SG: SP,0,294,294,137,NA,NA,NA,NA,NA,1419.1425805999315,0.00168890005443245,1419.875902599946,1419.975973799999,0.8294830999802798,1421.909276799939,1422.3093058999511,1422.4113694000407,1422.4113694000407,h,1,1.0985374000156298,1423.5259481999674,1423.5259481999674,1423.5259481999674,1423.5259481999674,NA,NA,NA,NA,NA,NA,NA,035,001,2024-02-28_09h45.18.697,PsychoPy Exp,2023.1.2,60.02411769245192
BeliefY,ExpTrialStim/B_Square_1.png,Adam THINKS there are ZERO cubes,h,b,FB-Ig,1,1,0,0,0,0,1,1,0,0,B,-,SC2,SG,0,295,295,146,NA,NA,NA,NA,NA,1423.5259481999674,0.00168230000417679,1424.259147899982,1424.3592564999708,0.8295237000565976,1426.2925070999772,1426.6925126999267,1426.794728800014,1426.794728800014,h,1,0.9310891999630256,1427.742418699956,1427.742418699956,1427.742418699956,1427.742418699956,NA,NA,NA,NA,NA,NA,NA,035,001,2024-02-28_09h45.18.697,PsychoPy Exp,2023.1.2,60.02411769245192
RealityN,ExpTrialStim/Triangle_Triangle_B_4.png,"In REALITY, there are TWO cubes",b,h,TB-K-B,2,0,2,2,0,2,0,0,0,2,B,PropFalse,TA2: TB1,TY: TR,0,296,296,83,NA,NA,NA,NA,NA,1427.742418699956,6.6889997106045e-4,1428.4758452999522,1428.5757768999902,0.8307957999641076,1430.5093150999746,1430.9092432000325,1431.0112572999788,1431.0112572999788,b,1,0.5863889999454841,1431.625602499989,1431.625602499989,1431.625602499989,1431.625602499989,NA,NA,NA,NA,NA,NA,NA,035,001,2024-02-28_09h45.18.697,PsychoPy Exp,2023.1.2,60.02411769245192
RealityN,ExpTrialStim/Square_Square_NB_2.png,"In REALITY, there are ZERO cubes",b,h,TB-K,2,2,0,2,2,0,0,0,0,0,NB,PropFalse,SA2: SB3,SB: SG,0,297,297,67,NA,NA,NA,NA,NA,1431.625602499989,0.00169619999360293,1432.359140300017,1432.4591683999752,0.829566300031729,1434.392629399954,1434.7925763000385,1434.8947681999416,1434.8947681999416,b,1,0.7747646999778226,1435.6925093000173,1435.6925093000173,1435.6925093000173,1435.6925093000173,NA,NA,NA,NA,NA,NA,NA,035,001,2024-02-28_09h45.18.697,PsychoPy Exp,2023.1.2,60.02411769245192
BeliefN,ExpTrialStim/Square_Triangle_B_5.png,Adam THINKS there are ZERO cubes,b,h,TB-K-B,2,1,1,2,1,1,0,0,0,0,B,PropFalse,SB2: TA1,SG: TR,0,298,298,196,NA,NA,NA,NA,NA,1435.6925093000173,0.00167400005739182,1436.425796399999,1436.525940200023,0.8294854999985546,1438.4592912999797,1438.859164399968,1438.9613666999503,1438.9613666999503,b,1,0.7327526999870315,1439.7257204999332,1439.7257204999332,1439.7257204999332,1439.7257204999332,NA,NA,NA,NA,NA,NA,NA,035,001,2024-02-28_09h45.18.697,PsychoPy Exp,2023.1.2,60.02411769245192
KnowledgeY,ExpTrialStim/Square_Square_B_1.png,Adam KNOWS there are TWO cubes,h,b,TB-K-B,2,2,0,2,2,0,0,0,0,2,B,-,SA1: SB2,SP: SG,0,299,299,246,NA,NA,NA,NA,NA,1439.7257204999332,0.00168230000417679,1440.4591181999422,1440.559118300036,0.8296687999973074,1442.4925427999697,1442.8924318999634,1442.9947887999588,1442.9947887999588,h,1,0.6663472999352962,1443.6923091000062,1443.6923091000062,1443.6923091000062,1443.6923091000062,NA,NA,NA,NA,NA,NA,NA,035,001,2024-02-28_09h45.18.697,PsychoPy Exp,2023.1.2,60.02411769245192
BeliefN,ExpTrialStim/Triangle_B_Square_1.png,Adam THINKS there is ONE cube,b,h,FB-Ig,2,1,1,1,0,1,1,1,0,1,B,PropTrueNoBelief,SC1: TA1,SB: TO,0,300,300,212,NA,NA,NA,NA,NA,1443.6923091000062,4.0729995816946e-4,1444.425755800039,1444.5259033999755,0.831223199958913,1446.4592481,1446.8591581000364,1446.9612081000232,1446.9612081000232,b,1,1.6363888001069429,1448.625830199977,1448.625830199977,1448.625830199977,1448.625830199977,NA,NA,NA,NA,NA,NA,NA,035,001,2024-02-28_09h45.18.697,PsychoPy Exp,2023.1.2,60.02411769245192
RealityN,ExpTrialStim/Square_Square_B_3.png,"In REALITY, there is ONE cube",b,h,TB-K-B,2,2,0,2,2,0,0,0,0,1,B,PropFalse,SA3: SB1,SG: SB,0,301,301,86,NA,NA,NA,NA,NA,1448.625830199977,0.00167770008556544,1449.3591182999662,1449.4591949999449,0.8296135000418872,1451.3925422999891,1451.792556200002,1451.894597799925,1451.894597799925,b,1,0.8313178999815136,1452.7424711000058,1452.7424711000058,1452.7424711000058,1452.7424711000058,NA,NA,NA,NA,NA,NA,NA,035,001,2024-02-28_09h45.18.697,PsychoPy Exp,2023.1.2,60.02411769245192
KnowledgeN,ExpTrialStim/B_Square_1.png,Adam KNOWS there are ZERO cubes,b,h,FB-Ig,1,1,0,0,0,0,1,1,0,0,B,PropFalse,SC2,SG,0,302,302,308,NA,NA,NA,NA,NA,1452.7424711000058,0.00169489998370409,1453.4757391999592,1453.5758648999615,0.8295165000017732,1455.5091013999772,1455.90911269997,1456.0112463000114,1456.0112463000114,h,0,1.409943199949339,1457.4422403999488,1457.4422403999488,1457.4422403999488,1457.4422403999488,NA,NA,NA,NA,NA,NA,NA,035,001,2024-02-28_09h45.18.697,PsychoPy Exp,2023.1.2,60.02411769245192
RealityN,ExpTrialStim/Square_Square_NB_5.png,"In REALITY, there is ONE cube",b,h,TB-K,2,2,0,2,2,0,0,0,0,1,NB,PropFalse,SA3: SB2,SB: SP,0,303,303,70,NA,NA,NA,NA,NA,1457.4422403999488,4.8490008339285e-4,1458.1757250000371,1458.2756340000196,0.8311842000111938,1460.2092037000111,1460.609124700015,1460.7113861999824,1460.7113861999824,b,1,0.8304494000039995,1461.5589483000222,1461.5589483000222,1461.5589483000222,1461.5589483000222,NA,NA,NA,NA,NA,NA,NA,035,001,2024-02-28_09h45.18.697,PsychoPy Exp,2023.1.2,60.02411769245192
BeliefN,ExpTrialStim/Triangle_B_Square_3.png,Adam THINKS there is ONE cube,b,h,FB-Ig,2,1,1,1,0,1,1,1,0,1,B,PropTrueNoBelief,SD1: TA2,SG: TR,0,304,304,214,NA,NA,NA,NA,NA,1461.5589483000222,4.3739995453506e-4,1462.2924197000102,1462.392489699938,0.8311723000369966,1464.3256578000146,1464.7258493999834,1464.8279455999727,1464.8279455999727,b,1,0.8979468999896199,1465.742293499934,1465.742293499934,1465.742293499934,1465.742293499934,NA,NA,NA,NA,NA,NA,NA,035,001,2024-02-28_09h45.18.697,PsychoPy Exp,2023.1.2,60.02411769245192
RealityN,ExpTrialStim/B_Square_3.png,"In REALITY, there are TWO cubes",b,h,FB-Ig,1,1,0,0,0,0,1,1,0,2,B,PropFalse,SD1,SP,0,305,305,94,NA,NA,NA,NA,NA,1465.742293499934,0.00168280000798404,1466.4756950999729,1466.5758355999717,0.8296528999926522,1468.5090837999596,1468.909146799997,1469.0111431999248,1469.0111431999248,b,1,1.098295300034806,1470.1256479999863,1470.1256479999863,1470.1256479999863,1470.1256479999863,NA,NA,NA,NA,NA,NA,NA,035,001,2024-02-28_09h45.18.697,PsychoPy Exp,2023.1.2,60.02411769245192
BeliefY,ExpTrialStim/Square_Square_B_9.png,Adam THINKS there are TWO cubes,h,b,TB-K-B,2,2,0,2,2,0,0,0,0,2,B,-,SA3: SB1,SB: SG,0,306,306,142,NA,NA,NA,NA,NA,1470.1256479999863,6.7099998705089e-4,1470.8590857999516,1470.9591683999752,0.8309087000088766,1472.892494199972,1473.2922781999805,1473.3945503000286,1473.3945503000286,h,1,0.7152074000332505,1474.1257919000343,1474.1257919000343,1474.1257919000343,1474.1257919000343,NA,NA,NA,NA,NA,NA,NA,035,001,2024-02-28_09h45.18.697,PsychoPy Exp,2023.1.2,60.02411769245192
KnowledgeY,ExpTrialStim/Square_Triangle_NB_2.png,Adam KNOWS there is ONE cube,h,b,TB-K,2,1,1,2,1,1,0,0,0,1,NB,-,SB1: TB3,SB: TO,0,307,307,226,NA,NA,NA,NA,NA,1474.1257919000343,0.00168920005671679,1474.8590345000266,1474.9591593000223,0.8294928000541404,1476.892295299971,1477.2924547999282,1477.3946044999757,1477.3946044999757,h,1,0.8588665999704972,1478.2756570999627,1478.2756570999627,1478.2756570999627,1478.2756570999627,NA,NA,NA,NA,NA,NA,NA,035,001,2024-02-28_09h45.18.697,PsychoPy Exp,2023.1.2,60.02411769245192
RealityN,ExpTrialStim/Square_B_Square_7.png,"In REALITY, there is ONE cube",b,h,FB-Ig,2,2,0,1,1,0,1,1,0,1,B,PropFalse,SA3: SC2,SG: SP,0,308,308,102,NA,NA,NA,NA,NA,1478.2756570999627,0.00170909997541457,1479.0089895999408,1479.108986100007,0.8293097999412566,1481.0424529000302,1481.442450100032,1481.5444223000086,1481.5444223000086,b,1,1.2927177000092342,1482.8588377999258,1482.8588377999258,1482.8588377999258,1482.8588377999258,NA,NA,NA,NA,NA,NA,NA,035,001,2024-02-28_09h45.18.697,PsychoPy Exp,2023.1.2,60.02411769245192
KnowledgeN,ExpTrialStim/Square_Square_NB_2.png,Adam KNOWS there are ZERO cubes,b,h,TB-K,2,2,0,2,2,0,0,0,0,0,NB,PropFalse,SA2: SB3,SB: SG,0,309,309,283,NA,NA,NA,NA,NA,1482.8588377999258,5.3710001520812e-4,1483.5923500999925,1483.6924433999811,0.831130100064911,1485.6257773000398,1486.025707599998,1486.1279595000087,1486.1279595000087,b,1,1.109174899989739,1487.2588873999775,1487.2588873999775,1487.2588873999775,1487.2588873999775,NA,NA,NA,NA,NA,NA,NA,035,001,2024-02-28_09h45.18.697,PsychoPy Exp,2023.1.2,60.02411769245192
RealityN,ExpTrialStim/Triangle_NB_1.png,"In REALITY, there is ONE cube",b,h,TB-K,1,0,1,1,0,1,0,0,0,1,NB,PropFalse,TA1,TO,0,310,310,54,NA,NA,NA,NA,NA,1487.2588873999775,9.3360000755637e-4,1487.992313899973,1488.0922311000177,0.830570499994792,1490.0256791000138,1490.4257566999297,1490.5278508000192,1490.5278508000192,b,1,0.701567400014028,1491.2588820999372,1491.2588820999372,1491.2588820999372,1491.2588820999372,NA,NA,NA,NA,NA,NA,NA,035,001,2024-02-28_09h45.18.697,PsychoPy Exp,2023.1.2,60.02411769245192
RealityN,ExpTrialStim/Triangle_B_Triangle_1.png,"In REALITY, there is ONE cube",b,h,TB-Ig,2,0,2,1,0,1,1,0,1,1,B,PropFalse,TA3: TD1,TY: TR,0,311,311,76,NA,NA,NA,NA,NA,1491.2588820999372,3.9319996722042e-4,1491.99232270004,1492.092395899992,0.8313200999982655,1494.0257282000384,1494.4256815999397,1494.527692499978,1494.527692499978,b,1,1.621787799987942,1496.1756799999275,1496.1756799999275,1496.1756799999275,1496.1756799999275,NA,NA,NA,NA,NA,NA,NA,035,001,2024-02-28_09h45.18.697,PsychoPy Exp,2023.1.2,60.02411769245192
BeliefN,ExpTrialStim/Square_Triangle_NB_1.png,Adam THINKS there are ZERO cubes,b,h,TB-K,2,1,1,2,1,1,0,0,0,0,NB,PropFalse,SA2: TB1,SG: TR,0,312,312,171,NA,NA,NA,NA,NA,1496.1756799999275,0.00165839993860572,1496.9088572000037,1497.009084199963,0.8296390000032261,1498.9423773999442,1499.342402799928,1499.4445800999529,1499.4445800999529,b,1,0.9764238999923692,1500.442016099987,1500.442016099987,1500.442016099987,1500.442016099987,NA,NA,NA,NA,NA,NA,NA,035,001,2024-02-28_09h45.18.697,PsychoPy Exp,2023.1.2,60.02411769245192
KnowledgeY,ExpTrialStim/Square_Square_B_4.png,Adam KNOWS there are TWO cubes,h,b,TB-K-B,2,2,0,2,2,0,0,0,0,2,B,-,SA2: SB1,SG: SP,0,313,313,249,NA,NA,NA,NA,NA,1500.442016099987,4.7949992585927e-4,1501.1756131000002,1501.2757214999874,0.8312385999597609,1503.209120799962,1503.608919799968,1503.7111057999427,1503.7111057999427,h,1,0.8942982000298798,1504.6256433999515,1504.6256433999515,1504.6256433999515,1504.6256433999515,NA,NA,NA,NA,NA,NA,NA,035,001,2024-02-28_09h45.18.697,PsychoPy Exp,2023.1.2,60.02411769245192
RealityY,ExpTrialStim/Triangle_Triangle_B_3.png,"In REALITY, there are ZERO cubes",h,b,TB-K-B,2,0,2,2,0,2,0,0,0,0,B,-,TA3: TB1,TR: TY,0,314,314,28,NA,NA,NA,NA,NA,1504.6256433999515,0.00168450002092868,1505.3589146999293,1505.4590294999653,0.8295599999837577,1507.3922321999562,1507.79226810002,1507.8944366999783,1507.8944366999783,h,1,0.934923499939032,1508.8589021999503,1508.8589021999503,1508.8589021999503,1508.8589021999503,NA,NA,NA,NA,NA,NA,NA,035,001,2024-02-28_09h45.18.697,PsychoPy Exp,2023.1.2,60.02411769245192
BeliefN,ExpTrialStim/Triangle_NB_1.png,Adam THINKS there is ONE cube,b,h,TB-K,1,0,1,1,0,1,0,0,0,1,NB,PropFalse,TA1,TO,0,315,315,162,NA,NA,NA,NA,NA,1508.8589021999503,0.0015138000017032,1509.5922261999804,1509.692183199979,0.8300034999847412,1511.625731799926,1512.0257028999622,1512.128036200011,1512.128036200011,b,1,0.7332247000886127,1512.8922346999752,1512.8922346999752,1512.8922346999752,1512.8922346999752,NA,NA,NA,NA,NA,NA,NA,035,001,2024-02-28_09h45.18.697,PsychoPy Exp,2023.1.2,60.02411769245192
RealityN,ExpTrialStim/B_Square_4.png,"In REALITY, there are TWO cubes",b,h,FB-Ig,1,1,0,0,0,0,1,1,0,2,B,PropFalse,SD2,SB,0,316,316,95,NA,NA,NA,NA,NA,1512.8922346999752,0.00151959992945194,1513.6255531999632,1513.7256786999642,0.8296951999654993,1515.6590135000297,1516.0590325999656,1516.1610552999773,1516.1610552999773,b,1,1.1648042999440804,1517.3422159000183,1517.3422159000183,1517.3422159000183,1517.3422159000183,NA,NA,NA,NA,NA,NA,NA,035,001,2024-02-28_09h45.18.697,PsychoPy Exp,2023.1.2,60.02411769245192
BeliefY,ExpTrialStim/Triangle_B_Triangle_2.png,Adam THINKS there are ZERO cubes,h,b,TB-Ig,2,0,2,1,0,1,1,0,1,0,B,-,TB1: TC2,TO: TY,0,317,317,131,NA,NA,NA,NA,NA,1517.3422159000183,0.00113549991510808,1518.0755106999422,1518.175682699948,0.8294071999844164,1520.108976599935,1520.5088610000091,1520.61112159997,1520.61112159997,h,1,1.066715299966745,1521.6921046999632,1521.6921046999632,1521.6921046999632,1521.6921046999632,NA,NA,NA,NA,NA,NA,NA,035,001,2024-02-28_09h45.18.697,PsychoPy Exp,2023.1.2,60.02411769245192
KnowledgeY,ExpTrialStim/Square_Triangle_B_2.png,Adam KNOWS there is ONE cube,h,b,FB-Ig,2,1,1,2,1,1,0,0,0,1,B,-,SA2: TB3,SB: TO,0,318,318,259,NA,NA,NA,NA,NA,1521.6921046999632,4.0600006468594e-4,1522.4255812999909,1522.5256533999343,0.8298072000034153,1524.4590084000374,1524.8590219999314,1524.9612154999631,1524.9612154999631,h,1,0.5398595000151545,1525.525305899966,1525.525305899966,1525.525305899966,1525.525305899966,NA,NA,NA,NA,NA,NA,NA,035,001,2024-02-28_09h45.18.697,PsychoPy Exp,2023.1.2,60.02411769245192
RealityY,ExpTrialStim/Triangle_B_Square_2.png,"In REALITY, there is ONE cube",h,b,FB-Ig,2,1,1,1,0,1,1,1,0,1,B,-,SC3: TB3,SP: TY,0,319,319,51,NA,NA,NA,NA,NA,1525.525305899966,0.00115589995402842,1526.2588971999355,1526.358815399988,0.8302628999808803,1528.292314100021,1528.6923181999591,1528.7943825999391,1528.7943825999391,h,1,0.7785798000404611,1529.5920645000297,1529.5920645000297,1529.5920645000297,1529.5920645000297,NA,NA,NA,NA,NA,NA,NA,035,001,2024-02-28_09h45.18.697,PsychoPy Exp,2023.1.2,60.02411769245192
KnowledgeN,ExpTrialStim/Square_Triangle_NB_2.png,Adam KNOWS there are ZERO cubes,b,h,TB-K,2,1,1,2,1,1,0,0,0,0,NB,PropFalse,SB1: TB3,SB: TO,0,320,320,280,NA,NA,NA,NA,NA,1529.5920645000297,3.9149995427578e-4,1530.3255164999864,1530.4256359999415,0.8312942000338808,1532.3589522999828,1532.7589461999596,1532.8612481000018,1532.8612481000018,b,1,1.080646299989894,1533.958918499935,1533.958918499935,1533.958918499935,1533.958918499935,NA,NA,NA,NA,NA,NA,NA,035,001,2024-02-28_09h45.18.697,PsychoPy Exp,2023.1.2,60.02411769245192
RealityN,ExpTrialStim/Square_Square_B_2.png,"In REALITY, there are ZERO cubes",b,h,TB-K-B,2,2,0,2,2,0,0,0,0,0,B,PropFalse,SA2: SB3,SB: SP,0,321,321,85,NA,NA,NA,NA,NA,1533.958918499935,0.00167110003530979,1534.6919550999885,1534.7922514000093,0.8294693001080304,1536.725532500015,1537.1255750000128,1537.2277387999347,1537.2277387999347,b,1,0.889303799951449,1538.1419381999294,1538.1419381999294,1538.1419381999294,1538.1419381999294,NA,NA,NA,NA,NA,NA,NA,035,001,2024-02-28_09h45.18.697,PsychoPy Exp,2023.1.2,60.02411769245192
BeliefY,ExpTrialStim/Square_B_Square_7.png,Adam THINKS there is ONE cube,h,b,FB-Ig,2,2,0,1,1,0,1,1,0,1,B,-,SA3: SC2,SG: SP,0,322,322,156,NA,NA,NA,NA,NA,1538.1419381999294,0.00154940003994852,1538.875476199959,1538.9756543000112,0.8298607999458909,1540.9086863999837,1541.3089338000282,1541.4110038999352,1541.4110038999352,h,1,1.033872100058943,1542.4752248000004,1542.4752248000004,1542.4752248000004,1542.4752248000004,NA,NA,NA,NA,NA,NA,NA,035,001,2024-02-28_09h45.18.697,PsychoPy Exp,2023.1.2,60.02411769245192
RealityY,ExpTrialStim/Square_Square_B_4.png,"In REALITY, there are TWO cubes",h,b,TB-K-B,2,2,0,2,2,0,0,0,0,2,B,-,SA2: SB1,SG: SP,0,323,323,37,NA,NA,NA,NA,NA,1542.4752248000004,4.1229999624192e-4,1543.2088066000142,1543.308763900015,0.8312626000260934,1545.2423417999526,1545.6422325999592,1545.7444901000126,1545.7444901000126,h,1,0.940429100068286,1546.708849899995,1546.708849899995,1546.708849899995,1546.708849899995,NA,NA,NA,NA,NA,NA,NA,035,001,2024-02-28_09h45.18.697,PsychoPy Exp,2023.1.2,60.02411769245192
NA,NA,NA,NA,NA,NA,NA,NA,NA,NA,NA,NA,NA,NA,NA,NA,NA,NA,NA,NA,NA,NA,NA,NA,NA,NA,NA,NA,NA,NA,NA,NA,NA,NA,NA,NA,NA,NA,NA,NA,NA,NA,NA,NA,NA,NA,NA,1546.708849899995,1547.7089813999482,1556.708866500005,1556.708866500005,NA,035,001,2024-02-28_09h45.18.697,PsychoPy Exp,2023.1.2,60.02411769245192
