Condition,Stimulus,Statement,CorAnsOdd,CorAnsEven,TypeOfStimuli,TotalShapesOnTable,TotalcubesOnTable,TotalOtherOnTable,VisibleShapes,Visiblecubes,VisibleOther,NotVisibleShapes,NotVisiblecubes,NotVisibleOther,NumOfBlocksAsked,BarrierPresent,WhyNo,Position,Colour,ExpTrial.thisRepN,ExpTrial.thisTrialN,ExpTrial.thisN,ExpTrial.thisIndex,ExpIntroText.started,ExpIntroPressSPACEText.started,ExpIntroPressSPACE.started,ExpIntroPressSPACE.keys,ExpIntroPressSPACE.rt,ExpPrimerText.started,ExpTextISI.started,ExpPrimerText.stopped,ExpText.started,ExpImageISI.started,ExpImagePrimer.started,ExpImagePrimer.stopped,ExpImage.started,ExpResponse.started,ExpResponse.keys,ExpResponse.corr,ExpResponse.rt,BreakTextPrompt.started,BreakTextPrompt.stopped,BreakTextKeyResponse.started,BreakTextKeyResponse.stopped,BreakTextKeyResponse.keys,BreakTextKeyResponse.rt,ExpEndText.started,ExpEndPressSPACE.started,ExpEndText.stopped,ExpEndPressSPACE.stopped,ExpEndPressSPACE.keys,participant,session,date,expName,psychopyVersion,frameRate
NA,NA,NA,NA,NA,NA,NA,NA,NA,NA,NA,NA,NA,NA,NA,NA,NA,NA,NA,NA,NA,NA,NA,NA,27.62772819999373,29.599538500013296,29.599538500013296,space,15.362958699988669,NA,NA,NA,NA,NA,NA,NA,NA,NA,NA,NA,NA,NA,NA,NA,NA,NA,NA,NA,NA,NA,NA,NA,026,001,2024-02-13_12h11.24.011,PsychoPy Exp,2023.1.2,60.025270649682234
KnowledgeY,ExpTrialStim/Square_Square_NB_3.png,Adam KNOWS there are TWO cubes,h,b,TB-K,2,2,0,2,2,0,0,0,0,2,NB,-,SA3: SB1,SG: SP,0,0,0,230,NA,NA,NA,NA,NA,45.116218200011645,0.14517580001847818,45.86525899998378,45.96550210000714,0.9817403000197372,47.89887610002188,48.29888070002198,48.44370980001986,48.44370980001986,b,1,0.9506821000250056,49.415497999987565,49.415497999987565,49.415497999987565,49.415497999987565,NA,NA,NA,NA,NA,NA,NA,026,001,2024-02-13_12h11.24.011,PsychoPy Exp,2023.1.2,60.025270649682234
BeliefY,ExpTrialStim/B_Square_2.png,Adam THINKS there are ZERO cubes,h,b,FB-Ig,1,1,0,0,0,0,1,1,0,0,B,-,SC3,SG,0,1,1,147,NA,NA,NA,NA,NA,49.415497999987565,0.0017686000210233,50.14871000003768,50.24862890003715,0.8279185999999754,52.18206319998717,52.58209999999963,52.68436770001426,52.68436770001426,b,1,1.9981080000288785,54.69840930000646,54.69840930000646,54.69840930000646,54.69840930000646,NA,NA,NA,NA,NA,NA,NA,026,001,2024-02-13_12h11.24.011,PsychoPy Exp,2023.1.2,60.025270649682234
RealityY,ExpTrialStim/Triangle_NB_3.png,"In REALITY, there are ZERO cubes",h,b,TB-K,1,0,1,1,0,1,0,0,0,0,NB,-,TB2,TR,0,2,2,2,NA,NA,NA,NA,NA,54.69840930000646,7.5910001760348e-4,55.43205699999817,55.532122100004926,0.8307733999681659,57.46545940003125,57.86550160002662,57.96761210000841,57.96761210000841,b,1,0.6028054999769665,58.59874620003393,58.59874620003393,58.59874620003393,58.59874620003393,NA,NA,NA,NA,NA,NA,NA,026,001,2024-02-13_12h11.24.011,PsychoPy Exp,2023.1.2,60.025270649682234
BeliefY,ExpTrialStim/Square_B_Square_6.png,Adam THINKS there is ONE cube,h,b,FB-Ig,2,2,0,1,1,0,1,1,0,1,B,-,SB3: SC1,SP: SG,0,3,3,155,NA,NA,NA,NA,NA,58.59874620003393,0.0020225000334903598,59.348702499992214,59.44877349998569,0.8460188999888487,61.38208940002369,61.78207489999477,61.88424109999323,61.88424109999323,b,1,1.2061033000354655,63.11524910002481,63.11524910002481,63.11524910002481,63.11524910002481,NA,NA,NA,NA,NA,NA,NA,026,001,2024-02-13_12h11.24.011,PsychoPy Exp,2023.1.2,60.025270649682234
BeliefN,ExpTrialStim/Triangle_B_Square_1.png,Adam THINKS there is ONE cube,b,h,FB-Ig,2,1,1,1,0,1,1,1,0,1,B,PropTrueNoBelief,SC1: TA1,SB: TO,0,4,4,212,NA,NA,NA,NA,NA,63.11524910002481,0.00205260002985596,63.84868150000693,63.94881010003155,0.8295039000222459,65.88198870001361,66.28195570001844,66.38428699999349,66.38428699999349,h,1,1.186024399998132,67.59867079998367,67.59867079998367,67.59867079998367,67.59867079998367,NA,NA,NA,NA,NA,NA,NA,026,001,2024-02-13_12h11.24.011,PsychoPy Exp,2023.1.2,60.025270649682234
RealityN,ExpTrialStim/Triangle_B_2.png,"In REALITY, there is ONE cube",b,h,TB-Ig,1,0,1,1,0,1,0,0,0,1,B,PropFalse,TB2,TO,0,5,5,73,NA,NA,NA,NA,NA,67.59867079998367,0.00149530003545805,68.33205500000622,68.43211560003692,0.8302759000216611,70.36542990000453,70.765456299996,70.86756889999378,70.86756889999378,h,1,0.7834392000222579,71.68187020003097,71.68187020003097,71.68187020003097,71.68187020003097,NA,NA,NA,NA,NA,NA,NA,026,001,2024-02-13_12h11.24.011,PsychoPy Exp,2023.1.2,60.025270649682234
RealityY,ExpTrialStim/B_Square_3.png,"In REALITY, there is ONE cube",h,b,FB-Ig,1,1,0,0,0,0,1,1,0,1,B,-,SD1,SP,0,6,6,40,NA,NA,NA,NA,NA,71.68187020003097,4.8660003812983e-4,72.41539029998239,72.51539670000784,0.8313733999966644,74.44876390002901,74.84857199998805,74.95086119999178,74.95086119999178,b,1,0.9317230000160636,75.89873980003176,75.89873980003176,75.89873980003176,75.89873980003176,NA,NA,NA,NA,NA,NA,NA,026,001,2024-02-13_12h11.24.011,PsychoPy Exp,2023.1.2,60.025270649682234
KnowledgeY,ExpTrialStim/Triangle_NB_1.png,Adam KNOWS there are ZERO cubes,h,b,TB-K,1,0,1,1,0,1,0,0,0,0,NB,-,TA1,TO,0,7,7,216,NA,NA,NA,NA,NA,75.89873980003176,0.00194599997485056,76.63186000002315,76.73204690002603,0.8295736000291072,78.66540250001708,79.065426199988,79.16752070002258,79.16752070002258,b,1,1.042453600035515,80.23192099999869,80.23192099999869,80.23192099999869,80.23192099999869,NA,NA,NA,NA,NA,NA,NA,026,001,2024-02-13_12h11.24.011,PsychoPy Exp,2023.1.2,60.025270649682234
KnowledgeY,ExpTrialStim/Triangle_Triangle_B_7.png,Adam KNOWS there are ZERO cubes,h,b,TB-Ig,2,0,2,2,0,2,0,0,0,0,B,-,TA1: TB2,TR: TY,0,8,8,240,NA,NA,NA,NA,NA,80.23192099999869,5.8659998467192e-4,80.96529229998123,81.06546030001482,0.8312843999592587,82.9987584000337,83.39875200000824,83.50089150003623,83.50089150003623,b,1,1.1254113999893889,84.64856709999731,84.64856709999731,84.64856709999731,84.64856709999731,NA,NA,NA,NA,NA,NA,NA,026,001,2024-02-13_12h11.24.011,PsychoPy Exp,2023.1.2,60.025270649682234
BeliefN,ExpTrialStim/Square_B_2.png,Adam THINKS there are ZERO cubes,b,h,TB-Ig,1,1,0,1,1,0,0,0,0,0,B,PropFalse,SB2,SB,0,9,9,183,NA,NA,NA,NA,NA,84.64856709999731,0.00179919996298849,85.38196159998188,85.48188989999471,0.829692300001625,87.41532680002274,87.81530000001658,87.91755449998891,87.91755449998891,h,1,1.4289514999836683,89.3651420000242,89.3651420000242,89.3651420000242,89.3651420000242,NA,NA,NA,NA,NA,NA,NA,026,001,2024-02-13_12h11.24.011,PsychoPy Exp,2023.1.2,60.025270649682234
RealityN,ExpTrialStim/Triangle_B_1.png,"In REALITY, there is ONE cube",b,h,TB-Ig,1,0,1,1,0,1,0,0,0,1,B,PropFalse,TA2,TR,0,10,10,72,NA,NA,NA,NA,NA,89.3651420000242,0.00195760000497102,90.09864270000251,90.19875079998748,0.8295578000252135,92.13188460003585,92.53196530003332,92.63425380003171,92.63425380003171,h,1,0.74406470003305,93.3986828000052,93.3986828000052,93.3986828000052,93.3986828000052,NA,NA,NA,NA,NA,NA,NA,026,001,2024-02-13_12h11.24.011,PsychoPy Exp,2023.1.2,60.025270649682234
RealityN,ExpTrialStim/Square_Triangle_B_4.png,"In REALITY, there are TWO cubes",b,h,TB-K-B,2,1,1,2,1,1,0,0,0,2,B,PropFalse,SB1: TA3,SP: TY,0,11,11,91,NA,NA,NA,NA,NA,93.3986828000052,0.00179790001129731,94.13193500001216,94.23210329998984,0.8294888999662362,96.165224700002,96.56545779999578,96.6674989000312,96.6674989000312,h,1,1.0151509999996051,97.69869960000506,97.69869960000506,97.69869960000506,97.69869960000506,NA,NA,NA,NA,NA,NA,NA,026,001,2024-02-13_12h11.24.011,PsychoPy Exp,2023.1.2,60.025270649682234
KnowledgeY,ExpTrialStim/Square_Triangle_B_12.png,Adam KNOWS there is ONE cube,h,b,FB-Ig,2,1,1,2,1,1,0,0,0,1,B,-,SB3: TA1,SB: TO,0,12,12,269,NA,NA,NA,NA,NA,97.69869960000506,0.00198530004126951,98.4318981000106,98.53203100000974,0.8294938000035472,100.4652109000017,100.86529670003802,100.96749539999291,100.96749539999291,b,1,0.9709571999846958,101.96517819998552,101.96517819998552,101.96517819998552,101.96517819998552,NA,NA,NA,NA,NA,NA,NA,026,001,2024-02-13_12h11.24.011,PsychoPy Exp,2023.1.2,60.025270649682234
KnowledgeN,ExpTrialStim/Triangle_B_Triangle_1.png,Adam KNOWS there are ZERO cubes,b,h,TB-Ig,2,0,2,1,0,1,1,0,1,0,B,PropTrueNoKnowledge,TA3: TD1,TY: TR,0,13,13,292,NA,NA,NA,NA,NA,101.96517819998552,0.00180630001705139,102.6985990999965,102.7986777999904,0.8295430000289343,104.73202749999471,105.13202810002258,105.2342089000158,105.2342089000158,h,1,3.8237030999735,109.0818186000106,109.0818186000106,109.0818186000106,109.0818186000106,NA,NA,NA,NA,NA,NA,NA,026,001,2024-02-13_12h11.24.011,PsychoPy Exp,2023.1.2,60.025270649682234
KnowledgeY,ExpTrialStim/Triangle_NB_2.png,Adam KNOWS there are ZERO cubes,h,b,TB-K,1,0,1,1,0,1,0,0,0,0,NB,-,TA3,TY,0,14,14,217,NA,NA,NA,NA,NA,109.0818186000106,6.9800001801922e-4,109.81525019998662,109.9153393000015,0.8311971999937668,111.86539819999598,112.2653403999866,112.36737470002844,112.36737470002844,b,1,1.283379500033334,113.68193930003326,113.68193930003326,113.68193930003326,113.68193930003326,NA,NA,NA,NA,NA,NA,NA,026,001,2024-02-13_12h11.24.011,PsychoPy Exp,2023.1.2,60.025270649682234
RealityY,ExpTrialStim/Triangle_Triangle_B_8.png,"In REALITY, there are ZERO cubes",h,b,TB-K-B,2,0,2,2,0,2,0,0,0,0,B,-,TA2: TB3,TY:TO,0,15,15,33,NA,NA,NA,NA,NA,113.68193930003326,0.00180259998887777,114.41521190002096,114.51525060000132,0.8296031999634579,116.44853370002238,116.84863239998232,116.95078539999668,116.95078539999668,b,1,1.8354440999682993,118.81527590000768,118.81527590000768,118.81527590000768,118.81527590000768,NA,NA,NA,NA,NA,NA,NA,026,001,2024-02-13_12h11.24.011,PsychoPy Exp,2023.1.2,60.025270649682234
BeliefN,ExpTrialStim/Triangle_Triangle_NB_2.png,Adam THINKS there are TWO cubes,b,h,TB-K,2,0,2,2,0,2,0,0,0,2,NB,PropFalse,TA2: TB3,TO: TR,0,16,16,169,NA,NA,NA,NA,NA,118.81527590000768,0.00194940000073984,119.54851230001076,119.64861530001508,0.8296171000110917,121.58192840003176,121.98192990000824,122.08405599999242,122.08405599999242,h,1,0.8861784999608062,122.99847190000582,122.99847190000582,122.99847190000582,122.99847190000582,NA,NA,NA,NA,NA,NA,NA,026,001,2024-02-13_12h11.24.011,PsychoPy Exp,2023.1.2,60.025270649682234
BeliefN,ExpTrialStim/Square_Triangle_B_5.png,Adam THINKS there are ZERO cubes,b,h,TB-K-B,2,1,1,2,1,1,0,0,0,0,B,PropFalse,SB2: TA1,SG: TR,0,17,17,196,NA,NA,NA,NA,NA,122.99847190000582,4.5049999607726e-4,123.73186490003718,123.83196929999394,0.8312267000437714,125.76506180001888,126.1651489000069,126.2674480000278,126.2674480000278,h,1,1.710802900022827,127.99841780000132,127.99841780000132,127.99841780000132,127.99841780000132,NA,NA,NA,NA,NA,NA,NA,026,001,2024-02-13_12h11.24.011,PsychoPy Exp,2023.1.2,60.025270649682234
KnowledgeY,ExpTrialStim/Square_Square_B_5.png,Adam KNOWS there are TWO cubes,h,b,TB-K-B,2,2,0,2,2,0,0,0,0,2,B,-,SA3: SB2,SP: SB,0,18,18,250,NA,NA,NA,NA,NA,127.99841780000132,0.00174610002432018,128.73180890001822,128.83178170002066,0.8296924000023864,130.76517140003853,131.16528930002823,131.2674810999888,131.2674810999888,b,1,0.7266668999800459,132.01498660002835,132.01498660002835,132.01498660002835,132.01498660002835,NA,NA,NA,NA,NA,NA,NA,026,001,2024-02-13_12h11.24.011,PsychoPy Exp,2023.1.2,60.025270649682234
BeliefN,ExpTrialStim/Triangle_B_2.png,Adam THINKS there is ONE cube,b,h,TB-Ig,1,0,1,1,0,1,0,0,0,1,B,PropFalse,TB2,TO,0,19,19,181,NA,NA,NA,NA,NA,132.01498660002835,0.00196500000311061,132.74851200002013,132.84862920001615,0.8294456999865361,134.78182119998382,135.18175490002614,135.28405160002876,135.28405160002876,h,1,2.3740752000012435,137.68191220000153,137.68191220000153,137.68191220000153,137.68191220000153,NA,NA,NA,NA,NA,NA,NA,026,001,2024-02-13_12h11.24.011,PsychoPy Exp,2023.1.2,60.025270649682234
BeliefY,ExpTrialStim/B_Square_4.png,Adam THINKS there are ZERO cubes,h,b,FB-Ig,1,1,0,0,0,0,1,1,0,0,B,-,SD2,SB,0,20,20,149,NA,NA,NA,NA,NA,137.68191220000153,0.00201070000184699,138.41507210000418,138.51533820002803,0.8295258999569342,140.44841630000155,140.8486551999813,140.95069720002357,140.95069720002357,b,1,1.5233356000389904,142.49846360000083,142.49846360000083,142.49846360000083,142.49846360000083,NA,NA,NA,NA,NA,NA,NA,026,001,2024-02-13_12h11.24.011,PsychoPy Exp,2023.1.2,60.025270649682234
KnowledgeY,ExpTrialStim/Square_Triangle_B_6.png,Adam KNOWS there is ONE cube,h,b,FB-Ig,2,1,1,2,1,1,0,0,0,1,B,-,SB3: TA2,SB: TO,0,21,21,263,NA,NA,NA,NA,NA,142.49846360000083,0.00179960002424195,143.23176380002403,143.3317077999818,0.8295197000261396,145.26523580000503,145.66522999998415,145.76735390000977,145.76735390000977,b,1,0.9708357999916188,146.76517760002753,146.76517760002753,146.76517760002753,146.76517760002753,NA,NA,NA,NA,NA,NA,NA,026,001,2024-02-13_12h11.24.011,PsychoPy Exp,2023.1.2,60.025270649682234
RealityY,ExpTrialStim/Square_B_Square_6.png,"In REALITY, there are TWO cubes",h,b,FB-Ig,2,2,0,1,1,0,1,1,0,2,B,-,SB3: SC1,SP: SG,0,22,22,47,NA,NA,NA,NA,NA,146.76517760002753,0.00172920001205056,147.49837300000945,147.59840349998558,0.8294530999846756,149.53176660003373,149.93187550001312,150.03399710002122,150.03399710002122,b,1,1.048419800004922,151.09846130001824,151.09846130001824,151.09846130001824,151.09846130001824,NA,NA,NA,NA,NA,NA,NA,026,001,2024-02-13_12h11.24.011,PsychoPy Exp,2023.1.2,60.025270649682234
BeliefY,ExpTrialStim/Square_B_Square_3.png,Adam THINKS there is ONE cube,h,b,FB-Ig,2,2,0,1,1,0,1,1,0,1,B,-,SA3: SD1,SP: SB,0,23,23,152,NA,NA,NA,NA,NA,151.09846130001824,0.00170409999554976,151.8317839000374,151.93188970000483,0.8294716000091285,153.8652031000238,154.2652112999931,154.36730119999265,154.36730119999265,b,1,1.0504546000156552,155.4483978000353,155.4483978000353,155.4483978000353,155.4483978000353,NA,NA,NA,NA,NA,NA,NA,026,001,2024-02-13_12h11.24.011,PsychoPy Exp,2023.1.2,60.025270649682234
RealityN,ExpTrialStim/Triangle_B_Square_4.png,"In REALITY, there are TWO cubes",b,h,FB-Ig,2,1,1,1,0,1,1,1,0,2,B,PropFalse,SD3: TB1,SB: TO,0,24,24,107,NA,NA,NA,NA,NA,155.4483978000353,7.0650002453476e-4,156.18175180000253,156.28185550001217,0.8310998000088148,158.21508340002038,158.6150679999846,158.71729860000778,158.71729860000778,h,1,0.9088411999982782,159.64854219998233,159.64854219998233,159.64854219998233,159.64854219998233,NA,NA,NA,NA,NA,NA,NA,026,001,2024-02-13_12h11.24.011,PsychoPy Exp,2023.1.2,60.025270649682234
RealityY,ExpTrialStim/Square_Triangle_NB_2.png,"In REALITY, there is ONE cube",h,b,TB-K,2,1,1,2,1,1,0,0,0,1,NB,-,SB1: TB3,SB: TO,0,25,25,10,NA,NA,NA,NA,NA,159.64854219998233,0.00170259998412802,160.38173020002432,160.481848800031,0.8296008999459445,162.4152056000312,162.81518720003078,162.9173080000328,162.9173080000328,b,1,0.6527420000056736,163.5984518000041,163.5984518000041,163.5984518000041,163.5984518000041,NA,NA,NA,NA,NA,NA,NA,026,001,2024-02-13_12h11.24.011,PsychoPy Exp,2023.1.2,60.025270649682234
RealityN,ExpTrialStim/Triangle_B_Square_2.png,"In REALITY, there are TWO cubes",b,h,FB-Ig,2,1,1,1,0,1,1,1,0,2,B,PropFalse,SC3: TB3,SP: TY,0,26,26,105,NA,NA,NA,NA,NA,163.5984518000041,0.00169949996052309,164.33171340002446,164.43165390001377,0.8294152999878861,166.36510390002513,166.7650866000331,166.86728880001465,166.86728880001465,h,1,0.8790505999932066,167.76503780001076,167.76503780001076,167.76503780001076,167.76503780001076,NA,NA,NA,NA,NA,NA,NA,026,001,2024-02-13_12h11.24.011,PsychoPy Exp,2023.1.2,60.025270649682234
RealityY,ExpTrialStim/Triangle_NB_1.png,"In REALITY, there are ZERO cubes",h,b,TB-K,1,0,1,1,0,1,0,0,0,0,NB,-,TA1,TO,0,27,27,0,NA,NA,NA,NA,NA,167.76503780001076,0.00168659997871145,168.49837660003686,168.5985326000373,0.8295688999933191,170.5317113000201,170.93173730000854,171.0339536999818,171.0339536999818,b,1,0.5759168000076897,171.63173890003236,171.63173890003236,171.63173890003236,171.63173890003236,NA,NA,NA,NA,NA,NA,NA,026,001,2024-02-13_12h11.24.011,PsychoPy Exp,2023.1.2,60.025270649682234
BeliefY,ExpTrialStim/Triangle_Triangle_NB_1.png,Adam THINKS there are ZERO cubes,h,b,TB-K,2,0,2,2,0,2,0,0,0,0,NB,-,TA1: TB2,TY: TO,0,28,28,114,NA,NA,NA,NA,NA,171.63173890003236,0.00116290000732988,172.36503159999847,172.46503329998814,0.8303535000304691,174.3985137999989,174.7983852000325,174.90069819998462,174.90069819998462,b,1,2.701360200007912,177.63156120001804,177.63156120001804,177.63156120001804,177.63156120001804,NA,NA,NA,NA,NA,NA,NA,026,001,2024-02-13_12h11.24.011,PsychoPy Exp,2023.1.2,60.025270649682234
RealityN,ExpTrialStim/Square_Square_NB_5.png,"In REALITY, there is ONE cube",b,h,TB-K,2,2,0,2,2,0,0,0,0,1,NB,PropFalse,SA3: SB2,SB: SP,0,29,29,70,NA,NA,NA,NA,NA,177.63156120001804,3.9009994361549e-4,178.36502830003155,178.4650553999818,0.8312173999729566,180.3983159000054,180.7984134000144,180.90064639999764,180.90064639999764,h,1,1.4136757999658585,182.33156950003468,182.33156950003468,182.33156950003468,182.33156950003468,NA,NA,NA,NA,NA,NA,NA,026,001,2024-02-13_12h11.24.011,PsychoPy Exp,2023.1.2,60.025270649682234
KnowledgeY,ExpTrialStim/Square_Square_NB_4.png,Adam KNOWS there are TWO cubes,h,b,TB-K,2,2,0,2,2,0,0,0,0,2,NB,-,SA2: SB1,SP: SG,0,30,30,231,NA,NA,NA,NA,NA,182.33156950003468,4.472000291571e-4,183.0650153000024,183.16512439999497,0.8312635000329465,185.09835049998944,185.4985043000197,185.6006031000288,185.6006031000288,b,1,1.121450199978426,186.7484189000097,186.7484189000097,186.7484189000097,186.7484189000097,NA,NA,NA,NA,NA,NA,NA,026,001,2024-02-13_12h11.24.011,PsychoPy Exp,2023.1.2,60.025270649682234
RealityN,ExpTrialStim/Square_B_Square_4.png,"In REALITY, there are ZERO cubes",b,h,FB-Ig,2,2,0,1,1,0,1,1,0,0,B,PropFalse,SB1: SD2,SG: SP,0,31,31,99,NA,NA,NA,NA,NA,186.7484189000097,0.00170140003319829,187.4816804000293,187.5818036000128,0.8294359000283293,189.51504050003132,189.91506750002736,190.01717360003383,190.01717360003383,h,1,1.8008472000365146,191.84837880003033,191.84837880003033,191.84837880003033,191.84837880003033,NA,NA,NA,NA,NA,NA,NA,026,001,2024-02-13_12h11.24.011,PsychoPy Exp,2023.1.2,60.025270649682234
BeliefN,ExpTrialStim/Square_Triangle_NB_1.png,Adam THINKS there are ZERO cubes,b,h,TB-K,2,1,1,2,1,1,0,0,0,0,NB,PropFalse,SA2: TB1,SG: TR,0,32,32,171,NA,NA,NA,NA,NA,191.84837880003033,0.00169040000764653,192.58155669999545,192.6815943000256,0.8295582000282593,194.6149953000131,195.0149562000297,195.11724450002657,195.11724450002657,h,1,1.181309400009923,196.31499729998177,196.31499729998177,196.31499729998177,196.31499729998177,NA,NA,NA,NA,NA,NA,NA,026,001,2024-02-13_12h11.24.011,PsychoPy Exp,2023.1.2,60.025270649682234
BeliefN,ExpTrialStim/Square_B_Square_7.png,Adam THINKS there are TWO cubes,b,h,FB-Ig,2,2,0,1,1,0,1,1,0,2,B,PropTrueNoBelief,SA3: SC2,SG: SP,0,33,33,210,NA,NA,NA,NA,NA,196.31499729998177,0.00169149995781481,197.0482803999912,197.14839240000583,0.8294357999693602,199.08173229999375,199.4817086000112,199.5838781000348,199.5838781000348,h,1,1.4981356000062078,201.0982480000239,201.0982480000239,201.0982480000239,201.0982480000239,NA,NA,NA,NA,NA,NA,NA,026,001,2024-02-13_12h11.24.011,PsychoPy Exp,2023.1.2,60.025270649682234
KnowledgeN,ExpTrialStim/Triangle_Triangle_B_11.png,Adam KNOWS there are TWO cubes,b,h,TB-K-B,2,0,2,2,0,2,0,0,0,2,B,PropFalse,TA3: TB2,TO: TY,0,34,34,298,NA,NA,NA,NA,NA,201.0982480000239,8.864999981597e-4,201.83161460002884,201.9317468000227,0.8306612999876961,203.8650840999908,204.2650537000154,204.36702479998348,204.36702479998348,h,1,2.3066183000337332,206.6980734000099,206.6980734000099,206.6980734000099,206.6980734000099,NA,NA,NA,NA,NA,NA,NA,026,001,2024-02-13_12h11.24.011,PsychoPy Exp,2023.1.2,60.025270649682234
BeliefN,ExpTrialStim/Square_Square_NB_3.png,Adam THINKS there are ZERO cubes,b,h,TB-K,2,2,0,2,2,0,0,0,0,0,NB,PropFalse,SA3: SB1,SG: SP,0,35,35,176,NA,NA,NA,NA,NA,206.6980734000099,4.221000126563e-4,207.43160680000435,207.53172690002248,0.8313703000312671,209.4648583999951,209.86495720001403,209.96720559999812,209.96720559999812,h,1,1.4747764999628998,211.4647958999849,211.4647958999849,211.4647958999849,211.4647958999849,NA,NA,NA,NA,NA,NA,NA,026,001,2024-02-13_12h11.24.011,PsychoPy Exp,2023.1.2,60.025270649682234
KnowledgeN,ExpTrialStim/B_Square_4.png,Adam KNOWS there is ONE cube,b,h,FB-Ig,1,1,0,0,0,0,1,1,0,1,B,PropTrueNoKnowledge,SD2,SB,0,36,36,311,NA,NA,NA,NA,NA,211.4647958999849,0.00168950000079348,212.19826750003267,212.29832689999603,0.8293518999707885,214.23159330000635,214.631644100009,214.73371350002708,214.73371350002708,h,1,1.2441667999955826,215.99818160000723,215.99818160000723,215.99818160000723,215.99818160000723,NA,NA,NA,NA,NA,NA,NA,026,001,2024-02-13_12h11.24.011,PsychoPy Exp,2023.1.2,60.025270649682234
KnowledgeN,ExpTrialStim/Square_Square_NB_4.png,Adam KNOWS there is ONE cube,b,h,TB-K,2,2,0,2,2,0,0,0,0,1,NB,PropFalse,SA2: SB1,SP: SG,0,37,37,285,NA,NA,NA,NA,NA,215.99818160000723,0.00115339999319985,216.73157100001117,216.83168410003415,0.8301903000101447,218.76502649998292,219.16489830001956,219.2671965000336,219.2671965000336,h,1,1.1506938000093214,220.44812730001289,220.44812730001289,220.44812730001289,220.44812730001289,NA,NA,NA,NA,NA,NA,NA,026,001,2024-02-13_12h11.24.011,PsychoPy Exp,2023.1.2,60.025270649682234
KnowledgeN,ExpTrialStim/Square_B_Square_8.png,Adam KNOWS there are TWO cubes,b,h,FB-Ig,2,2,0,1,1,0,1,1,0,2,B,PropTrueNoKnowledge,SA1: SD2,SP: SG,0,38,38,319,NA,NA,NA,NA,NA,220.44812730001289,0.00180049997288733,221.18155049998313,221.28168660000665,0.829572900023777,223.21484630001945,223.61504589999095,223.71706689998973,223.71706689998973,h,1,1.6205345999915153,225.3648181000026,225.3648181000026,225.3648181000026,225.3648181000026,NA,NA,NA,NA,NA,NA,NA,026,001,2024-02-13_12h11.24.011,PsychoPy Exp,2023.1.2,60.025270649682234
BeliefY,ExpTrialStim/Square_B_1.png,Adam THINKS there is ONE cube,h,b,TB-Ig,1,1,0,1,1,0,0,0,0,1,B,-,SA2,SG,0,39,39,128,NA,NA,NA,NA,NA,225.3648181000026,9.1910001356154e-4,226.09817340003792,226.1983623999986,0.8307035999605432,228.13170690002153,228.5315949000069,228.6337505999836,228.6337505999836,b,1,1.94412800000282,230.59831010003109,230.59831010003109,230.59831010003109,230.59831010003109,NA,NA,NA,NA,NA,NA,NA,026,001,2024-02-13_12h11.24.011,PsychoPy Exp,2023.1.2,60.025270649682234
RealityY,ExpTrialStim/Triangle_Triangle_B_4.png,"In REALITY, there are ZERO cubes",h,b,TB-K-B,2,0,2,2,0,2,0,0,0,0,B,-,TA2: TB1,TY: TR,0,40,40,29,NA,NA,NA,NA,NA,230.59831010003109,0.00170590000925585,231.3315473999828,231.4317909000092,0.8296345999697223,233.36497579998104,233.76499920000788,233.86711019999348,233.86711019999348,b,1,1.9829585999832489,235.88159010000527,235.88159010000527,235.88159010000527,235.88159010000527,NA,NA,NA,NA,NA,NA,NA,026,001,2024-02-13_12h11.24.011,PsychoPy Exp,2023.1.2,60.025270649682234
RealityN,ExpTrialStim/Square_NB_3.png,"In REALITY, there are TWO cubes",b,h,TB-K,1,1,0,1,1,0,0,0,0,2,NB,PropFalse,SB2,SG,0,41,41,59,NA,NA,NA,NA,NA,235.88159010000527,0.00171530002262443,236.61476800002856,236.714984500024,0.8298087000148371,238.64832410000963,239.04821530001936,239.15035250002984,239.15035250002984,h,1,1.291212700016331,240.4646774000139,240.4646774000139,240.4646774000139,240.4646774000139,NA,NA,NA,NA,NA,NA,NA,026,001,2024-02-13_12h11.24.011,PsychoPy Exp,2023.1.2,60.025270649682234
BeliefN,ExpTrialStim/Triangle_B_Square_4.png,Adam THINKS there are TWO cubes,b,h,FB-Ig,2,1,1,1,0,1,1,1,0,2,B,PropFalse,SD3: TB1,SB: TO,0,42,42,215,NA,NA,NA,NA,NA,240.4646774000139,4.0060002356767e-4,241.19818160001887,241.29830130003393,0.831378000031691,243.23163190000923,243.6315246000304,243.73378990002675,243.73378990002675,h,1,2.068112100008875,245.8315614000312,245.8315614000312,245.8315614000312,245.8315614000312,NA,NA,NA,NA,NA,NA,NA,026,001,2024-02-13_12h11.24.011,PsychoPy Exp,2023.1.2,60.025270649682234
BeliefY,ExpTrialStim/Square_Square_B_12.png,Adam THINKS there are TWO cubes,h,b,TB-K-B,2,2,0,2,2,0,0,0,0,2,B,-,SA1: SB3,SP: SG,0,43,43,145,NA,NA,NA,NA,NA,245.8315614000312,0.0017126000020653,246.56467960000737,246.66495080001187,0.8294986000400968,248.59825270000147,248.9982550999848,249.10029740002935,249.10029740002935,b,1,0.5732315999921411,249.69810360000704,249.69810360000704,249.69810360000704,249.69810360000704,NA,NA,NA,NA,NA,NA,NA,026,001,2024-02-13_12h11.24.011,PsychoPy Exp,2023.1.2,60.025270649682234
BeliefY,ExpTrialStim/Square_Square_NB_3.png,Adam THINKS there are TWO cubes,h,b,TB-K,2,2,0,2,2,0,0,0,0,2,NB,-,SA3: SB1,SG: SP,0,44,44,122,NA,NA,NA,NA,NA,249.69810360000704,5.9120001969859e-4,250.43144030001713,250.53158770001028,0.831110599974636,252.4649382000207,252.86484390002445,252.96702700003516,252.96702700003516,b,1,1.8993759999866595,254.88130820001243,254.88130820001243,254.88130820001243,254.88130820001243,NA,NA,NA,NA,NA,NA,NA,026,001,2024-02-13_12h11.24.011,PsychoPy Exp,2023.1.2,60.025270649682234
KnowledgeN,ExpTrialStim/Triangle_B_Square_3.png,Adam KNOWS there is ONE cube,b,h,FB-Ig,2,1,1,1,0,1,1,1,0,1,B,PropTrueNoKnowledge,SD1: TA2,SG: TR,0,45,45,322,NA,NA,NA,NA,NA,254.88130820001243,0.0016870999825187,255.61482150002848,255.71481330000097,0.8294634000048973,257.6482421000255,258.0482248000335,258.1502972000162,258.1502972000162,h,1,1.7395444000139832,259.91476950002834,259.91476950002834,259.91476950002834,259.91476950002834,NA,NA,NA,NA,NA,NA,NA,026,001,2024-02-13_12h11.24.011,PsychoPy Exp,2023.1.2,60.025270649682234
BeliefN,ExpTrialStim/Square_NB_2.png,Adam THINKS there are TWO cubes,b,h,TB-K,1,1,0,1,1,0,0,0,0,2,NB,PropFalse,SA3,SP,0,46,46,166,NA,NA,NA,NA,NA,259.91476950002834,0.00170389999402686,260.6480382999871,260.74823610001476,0.8296253000153229,262.68156320002163,263.08154749998357,263.183763500012,263.183763500012,h,1,1.4498287999886088,264.66487889998825,264.66487889998825,264.66487889998825,264.66487889998825,NA,NA,NA,NA,NA,NA,NA,026,001,2024-02-13_12h11.24.011,PsychoPy Exp,2023.1.2,60.025270649682234
KnowledgeN,ExpTrialStim/Square_Triangle_B_12.png,Adam KNOWS there are TWO cubes,b,h,TB-K-B,2,1,1,2,1,1,0,0,0,2,B,PropFalse,SB3: TA1,SB: TO,0,47,47,307,NA,NA,NA,NA,NA,264.66487889998825,0.00169760000426322,265.398210400017,265.49820770003134,0.8294973999727517,267.431505799992,267.83150279999245,267.93362700002035,267.93362700002035,h,1,0.7809115999843925,268.7315101000131,268.7315101000131,268.7315101000131,268.7315101000131,NA,NA,NA,NA,NA,NA,NA,026,001,2024-02-13_12h11.24.011,PsychoPy Exp,2023.1.2,60.025270649682234
BeliefN,ExpTrialStim/Triangle_B_1.png,Adam THINKS there is ONE cube,b,h,TB-Ig,1,0,1,1,0,1,0,0,0,1,B,PropFalse,TA2,TR,0,48,48,180,NA,NA,NA,NA,NA,268.7315101000131,0.00167790002888068,269.46477010002127,269.56484240002465,0.8294122000224888,271.49809050001204,271.8982329000137,272.0001253000228,272.0001253000228,h,1,1.2412953000166451,273.2646322000073,273.2646322000073,273.2646322000073,273.2646322000073,NA,NA,NA,NA,NA,NA,NA,026,001,2024-02-13_12h11.24.011,PsychoPy Exp,2023.1.2,60.025270649682234
RealityY,ExpTrialStim/Triangle_B_Triangle_2.png,"In REALITY, there are ZERO cubes",h,b,TB-Ig,2,0,2,1,0,1,1,0,1,0,B,-,TB1: TC2,TO: TY,0,49,49,23,NA,NA,NA,NA,NA,273.2646322000073,4.4480001088231e-4,273.9980722999899,274.09811200003605,0.8312837000121363,276.0315544999903,276.4314430000377,276.533578600036,276.533578600036,b,1,1.043848800007254,277.5980024000164,277.5980024000164,277.5980024000164,277.5980024000164,NA,NA,NA,NA,NA,NA,NA,026,001,2024-02-13_12h11.24.011,PsychoPy Exp,2023.1.2,60.025270649682234
RealityN,ExpTrialStim/Square_B_Square_7.png,"In REALITY, there is ONE cube",b,h,FB-Ig,2,2,0,1,1,0,1,1,0,1,B,PropFalse,SA3: SC2,SG: SP,0,50,50,102,NA,NA,NA,NA,NA,277.5980024000164,4.8440002137795e-4,278.33146680000937,278.4315523999976,0.8313210000051185,280.36482990003424,280.76477780001005,280.86694209999405,280.86694209999405,h,1,1.1668064999976195,282.0645464999834,282.0645464999834,282.0645464999834,282.0645464999834,NA,NA,NA,NA,NA,NA,NA,026,001,2024-02-13_12h11.24.011,PsychoPy Exp,2023.1.2,60.025270649682234
BeliefN,ExpTrialStim/Square_Square_NB_5.png,Adam THINKS there is ONE cube,b,h,TB-K,2,2,0,2,2,0,0,0,0,1,NB,PropFalse,SA3: SB2,SB: SP,0,51,51,178,NA,NA,NA,NA,NA,282.0645464999834,0.00168119999580085,282.797756200016,282.8978946999996,0.8292822000221349,284.8315058000153,285.2315163000021,285.3335657999851,285.3335657999851,h,1,0.8922091999556869,286.24810010002693,286.24810010002693,286.24810010002693,286.24810010002693,NA,NA,NA,NA,NA,NA,NA,026,001,2024-02-13_12h11.24.011,PsychoPy Exp,2023.1.2,60.025270649682234
BeliefY,ExpTrialStim/Triangle_Triangle_NB_2.png,Adam THINKS there are ZERO cubes,h,b,TB-K,2,0,2,2,0,2,0,0,0,0,NB,-,TA2: TB3,TO: TR,0,52,52,115,NA,NA,NA,NA,NA,286.24810010002693,0.00168819999089464,286.9814118000213,287.08140860003186,0.8294880000175908,289.01487250003265,289.41482609999366,289.5170756999869,289.5170756999869,b,1,1.1563709000474771,290.69784919999074,290.69784919999074,290.69784919999074,290.69784919999074,NA,NA,NA,NA,NA,NA,NA,026,001,2024-02-13_12h11.24.011,PsychoPy Exp,2023.1.2,60.025270649682234
RealityN,ExpTrialStim/Square_B_Triangle_2.png,"In REALITY, there are TWO cubes",b,h,TB-Ig,2,1,1,1,1,0,1,0,1,2,B,PropFalse,SD3: TD2,SP: TY,0,53,53,79,NA,NA,NA,NA,NA,290.69784919999074,9.2679995577782e-4,291.4313394000055,291.5314678000286,0.8306256999494508,293.4648054999998,293.8647646000027,293.9669285999844,293.9669285999844,h,1,0.7388235999969766,294.7314388999948,294.7314388999948,294.7314388999948,294.7314388999948,NA,NA,NA,NA,NA,NA,NA,026,001,2024-02-13_12h11.24.011,PsychoPy Exp,2023.1.2,60.025270649682234
BeliefY,ExpTrialStim/Square_Square_NB_6.png,Adam THINKS there are TWO cubes,h,b,TB-K,2,2,0,2,2,0,0,0,0,2,NB,-,SA1: SB3,SG: SB,0,54,54,125,NA,NA,NA,NA,NA,294.7314388999948,0.00168759998632594,295.4646851000143,295.5647936000023,0.8295563000137918,297.4981372000184,297.8979529000353,298.00030670000706,298.00030670000706,b,1,0.745097299979534,298.7646149999928,298.7646149999928,298.7646149999928,298.7646149999928,NA,NA,NA,NA,NA,NA,NA,026,001,2024-02-13_12h11.24.011,PsychoPy Exp,2023.1.2,60.025270649682234
RealityY,ExpTrialStim/Square_B_Square_1.png,"In REALITY, there are TWO cubes",h,b,FB-Ig,2,2,0,1,1,0,1,1,0,2,B,-,SA1: SC2,SG: SB,0,55,55,42,NA,NA,NA,NA,NA,298.7646149999928,8.6929998360574e-4,299.49802599998657,299.5979489000165,0.8307308999937959,301.53118260001065,301.9312743000337,302.03358049999224,302.03358049999224,b,1,0.9918000999605284,303.047822499997,303.047822499997,303.047822499997,303.047822499997,NA,NA,NA,NA,NA,NA,NA,026,001,2024-02-13_12h11.24.011,PsychoPy Exp,2023.1.2,60.025270649682234
RealityN,ExpTrialStim/Square_Square_NB_1.png,"In REALITY, there are ZERO cubes",b,h,TB-K,2,2,0,2,2,0,0,0,0,0,NB,PropFalse,SA1: SB2,SP: SB,0,56,56,66,NA,NA,NA,NA,NA,303.047822499997,4.4800003524869e-4,303.78132100001676,303.8814209999982,0.8312975000008009,305.81478359998437,306.2147805999848,306.3168600000208,306.3168600000208,h,1,1.4689052000176162,307.81472309998935,307.81472309998935,307.81472309998935,307.81472309998935,NA,NA,NA,NA,NA,NA,NA,026,001,2024-02-13_12h11.24.011,PsychoPy Exp,2023.1.2,60.025270649682234
RealityY,ExpTrialStim/Square_Square_NB_6.png,"In REALITY, there are TWO cubes",h,b,TB-K,2,2,0,2,2,0,0,0,0,2,NB,-,SA1: SB3,SG: SB,0,57,57,17,NA,NA,NA,NA,NA,307.81472309998935,0.00169149995781481,308.5479725000332,308.64808600000106,0.8294692999916151,310.5814354000031,310.9814191000187,311.083523600013,311.083523600013,b,1,0.9020973999868148,312.01461870002095,312.01461870002095,312.01461870002095,312.01461870002095,NA,NA,NA,NA,NA,NA,NA,026,001,2024-02-13_12h11.24.011,PsychoPy Exp,2023.1.2,60.025270649682234
RealityY,ExpTrialStim/Square_Square_NB_4.png,"In REALITY, there are TWO cubes",h,b,TB-K,2,2,0,2,2,0,0,0,0,2,NB,-,SA2: SB1,SP: SG,0,58,58,15,NA,NA,NA,NA,NA,312.01461870002095,0.00168580003082752,312.7479548000265,312.8480503000319,0.8295346000231802,314.7812497999985,315.1812650000211,315.28351480001584,315.28351480001584,b,1,0.8459938000305556,316.147823300038,316.147823300038,316.147823300038,316.147823300038,NA,NA,NA,NA,NA,NA,NA,026,001,2024-02-13_12h11.24.011,PsychoPy Exp,2023.1.2,60.025270649682234
RealityY,ExpTrialStim/Triangle_B_1.png,"In REALITY, there are ZERO cubes",h,b,TB-Ig,1,0,1,1,0,1,0,0,0,0,B,-,TA2,TR,0,59,59,18,NA,NA,NA,NA,NA,316.147823300038,4.4420000631362e-4,316.88122690003365,316.9812234999845,0.8312742999987677,318.91456559998915,319.31462120002834,319.41690110001946,319.41690110001946,b,1,0.7283959000487812,320.1644558000262,320.1644558000262,320.1644558000262,320.1644558000262,NA,NA,NA,NA,NA,NA,NA,026,001,2024-02-13_12h11.24.011,PsychoPy Exp,2023.1.2,60.025270649682234
BeliefN,ExpTrialStim/Square_B_Square_5.png,Adam THINKS there are TWO cubes,b,h,FB-Ig,2,2,0,1,1,0,1,1,0,2,B,PropTrueNoBelief,SB2: SD3,SB: SG,0,60,60,208,NA,NA,NA,NA,NA,320.1644558000262,3.8560002576559e-4,320.89793420000933,320.9980904000113,0.831474700011313,322.93133930000477,323.33136519999243,323.43339930003276,323.43339930003276,h,1,1.4002533999737352,324.8646606000257,324.8646606000257,324.8646606000257,324.8646606000257,NA,NA,NA,NA,NA,NA,NA,026,001,2024-02-13_12h11.24.011,PsychoPy Exp,2023.1.2,60.025270649682234
BeliefN,ExpTrialStim/Square_B_1.png,Adam THINKS there are ZERO cubes,b,h,TB-Ig,1,1,0,1,1,0,0,0,0,0,B,PropFalse,SA2,SG,0,61,61,182,NA,NA,NA,NA,NA,324.8646606000257,0.00169609999284148,325.5979219999863,325.6980750000221,0.8296413000207394,327.6313517999952,328.0312464000308,328.13350240001455,328.13350240001455,h,1,1.2601089000236243,329.4146552000311,329.4146552000311,329.4146552000311,329.4146552000311,NA,NA,NA,NA,NA,NA,NA,026,001,2024-02-13_12h11.24.011,PsychoPy Exp,2023.1.2,60.025270649682234
BeliefY,ExpTrialStim/Square_Square_B_6.png,Adam THINKS there are TWO cubes,h,b,TB-K-B,2,2,0,2,2,0,0,0,0,2,B,-,SA1: SB3,SB: SG,0,62,62,139,NA,NA,NA,NA,NA,329.4146552000311,0.00170239998260512,330.14790229999926,330.24803740001516,0.8295608999906108,332.18118590000086,332.58127100003185,332.6834290000261,332.6834290000261,b,1,1.0861704000271857,333.79792580002686,333.79792580002686,333.79792580002686,333.79792580002686,NA,NA,NA,NA,NA,NA,NA,026,001,2024-02-13_12h11.24.011,PsychoPy Exp,2023.1.2,60.025270649682234
BeliefY,ExpTrialStim/Triangle_Triangle_NB_3.png,Adam THINKS there are ZERO cubes,h,b,TB-K,2,0,2,2,0,2,0,0,0,0,NB,-,TA3: TB1,TR: TY,0,63,63,116,NA,NA,NA,NA,NA,333.79792580002686,0.00169300002744421,334.53122220002115,334.63136970001506,0.8295397000038065,336.56457230000524,336.96469440002693,337.06677069998113,337.06677069998113,b,1,3.806881299999077,340.8978963000118,340.8978963000118,340.8978963000118,340.8978963000118,NA,NA,NA,NA,NA,NA,NA,026,001,2024-02-13_12h11.24.011,PsychoPy Exp,2023.1.2,60.025270649682234
BeliefN,ExpTrialStim/Triangle_B_Triangle_1.png,Adam THINKS there is ONE cube,b,h,TB-Ig,2,0,2,1,0,1,1,0,1,1,B,PropFalse,TA3: TD1,TY: TR,0,64,64,184,NA,NA,NA,NA,NA,340.8978963000118,0.0017917999648489,341.6312121000374,341.7313179000048,0.8295988999889232,343.664499800012,344.06463179999264,344.1669002000126,344.1669002000126,h,1,1.4263770999968983,345.61446840001736,345.61446840001736,345.61446840001736,345.61446840001736,NA,NA,NA,NA,NA,NA,NA,026,001,2024-02-13_12h11.24.011,PsychoPy Exp,2023.1.2,60.025270649682234
KnowledgeY,ExpTrialStim/Square_Triangle_B_8.png,Adam KNOWS there is ONE cube,h,b,FB-Ig,2,1,1,2,1,1,0,0,0,1,B,-,SA2: TB1,SP: TY,0,65,65,265,NA,NA,NA,NA,NA,345.61446840001736,4.1199999395757e-4,346.34800920001,346.44797799998196,0.8312014999683015,348.3812210999895,348.78111430001445,348.883479000011,348.883479000011,b,1,1.8381289999815635,350.7478876999812,350.7478876999812,350.7478876999812,350.7478876999812,NA,NA,NA,NA,NA,NA,NA,026,001,2024-02-13_12h11.24.011,PsychoPy Exp,2023.1.2,60.025270649682234
KnowledgeN,ExpTrialStim/Triangle_Triangle_NB_2.png,Adam KNOWS there are TWO cubes,b,h,TB-K,2,0,2,2,0,2,0,0,0,2,NB,PropFalse,TA2: TB3,TO: TR,0,66,66,277,NA,NA,NA,NA,NA,350.7478876999812,0.00172280002152547,351.481179800001,351.581178500026,0.829548200010322,353.5146322000073,353.9146211000043,354.0166752000223,354.0166752000223,h,1,0.8728581999894232,354.9145844000159,354.9145844000159,354.9145844000159,354.9145844000159,NA,NA,NA,NA,NA,NA,NA,026,001,2024-02-13_12h11.24.011,PsychoPy Exp,2023.1.2,60.025270649682234
RealityN,ExpTrialStim/Square_B_Square_5.png,"In REALITY, there is ONE cube",b,h,FB-Ig,2,2,0,1,1,0,1,1,0,1,B,PropFalse,SB2: SD3,SB: SG,0,67,67,100,NA,NA,NA,NA,NA,354.9145844000159,0.00171049998607486,355.6478411999997,355.7479618000216,0.8296567000215873,357.6812561000115,358.08116440003505,358.1833765000338,358.1833765000338,h,1,1.7941244000103325,359.9977510999888,359.9977510999888,359.9977510999888,359.9977510999888,NA,NA,NA,NA,NA,NA,NA,026,001,2024-02-13_12h11.24.011,PsychoPy Exp,2023.1.2,60.025270649682234
RealityN,ExpTrialStim/Square_B_2.png,"In REALITY, there are ZERO cubes",b,h,TB-Ig,1,1,0,1,1,0,0,0,0,0,B,PropFalse,SB2,SB,0,68,68,75,NA,NA,NA,NA,NA,359.9977510999888,0.00173069996526464,360.7310003000312,360.83112039999105,0.8291358999558724,362.7644879000145,363.1645972999977,363.2667105,363.2667105,h,1,1.7829916999908164,365.08120499999495,365.08120499999495,365.08120499999495,365.08120499999495,NA,NA,NA,NA,NA,NA,NA,026,001,2024-02-13_12h11.24.011,PsychoPy Exp,2023.1.2,60.025270649682234
BeliefY,ExpTrialStim/Triangle_B_Triangle_2.png,Adam THINKS there are ZERO cubes,h,b,TB-Ig,2,0,2,1,0,1,1,0,1,0,B,-,TB1: TC2,TO: TY,0,69,69,131,NA,NA,NA,NA,NA,365.08120499999495,0.00170729996170848,365.81449670001166,365.9144183000317,0.8295564000145532,367.8479749999824,368.2479008000227,368.3499634999898,368.3499634999898,b,1,5.499950299970806,373.8809986999841,373.8809986999841,373.8809986999841,373.8809986999841,NA,NA,NA,NA,NA,NA,NA,026,001,2024-02-13_12h11.24.011,PsychoPy Exp,2023.1.2,60.025270649682234
RealityN,ExpTrialStim/Square_Triangle_NB_1.png,"In REALITY, there are ZERO cubes",b,h,TB-K,2,1,1,2,1,1,0,0,0,0,NB,PropFalse,SA2: TB1,SG: TR,0,70,70,63,NA,NA,NA,NA,NA,373.8809986999841,3.8919999497011e-4,374.6144358000019,374.7145590999862,0.8313125999993645,376.6479599000304,377.0478861000156,377.1499072000151,377.1499072000151,h,1,1.5556229000212625,378.7312261000043,378.7312261000043,378.7312261000043,378.7312261000043,NA,NA,NA,NA,NA,NA,NA,026,001,2024-02-13_12h11.24.011,PsychoPy Exp,2023.1.2,60.025270649682234
BeliefN,ExpTrialStim/Square_Triangle_B_8.png,Adam THINKS there are TWO cubes,b,h,TB-K-B,2,1,1,2,1,1,0,0,0,2,B,PropFalse,SA2: TB1,SP: TY,0,71,71,199,NA,NA,NA,NA,NA,378.7312261000043,0.00167229998623952,379.46443330001784,379.5644992000307,0.8296347999712452,381.4978533000103,381.8979366000276,381.9998695999966,381.9998695999966,h,1,1.7297811000025831,383.7478148000082,383.7478148000082,383.7478148000082,383.7478148000082,NA,NA,NA,NA,NA,NA,NA,026,001,2024-02-13_12h11.24.011,PsychoPy Exp,2023.1.2,60.025270649682234
KnowledgeY,ExpTrialStim/Square_Triangle_NB_2.png,Adam KNOWS there is ONE cube,h,b,TB-K,2,1,1,2,1,1,0,0,0,1,NB,-,SB1: TB3,SB: TO,0,72,72,226,NA,NA,NA,NA,NA,383.7478148000082,0.00168159999884665,384.4811269000056,384.58106170000974,0.8295533999917097,386.5145423000213,386.91441480000503,387.0166358000133,387.0166358000133,b,1,1.85648499999661,388.8976091000368,388.8976091000368,388.8976091000368,388.8976091000368,NA,NA,NA,NA,NA,NA,NA,026,001,2024-02-13_12h11.24.011,PsychoPy Exp,2023.1.2,60.025270649682234
RealityY,ExpTrialStim/Square_B_Square_2.png,"In REALITY, there are TWO cubes",h,b,FB-Ig,2,2,0,1,1,0,1,1,0,2,B,-,SA2: SC3,SB: SP,0,73,73,43,NA,NA,NA,NA,NA,388.8976091000368,4.8689998220652e-4,389.6310786000104,389.7311602000263,0.8313627999741584,391.66452059999574,392.06441500002984,392.166486800008,392.166486800008,b,1,1.867027300002519,394.06442870001774,394.06442870001774,394.06442870001774,394.06442870001774,NA,NA,NA,NA,NA,NA,NA,026,001,2024-02-13_12h11.24.011,PsychoPy Exp,2023.1.2,60.025270649682234
BeliefN,ExpTrialStim/Triangle_B_Square_2.png,Adam THINKS there is ONE cube,b,h,FB-Ig,2,1,1,1,0,1,1,1,0,1,B,PropTrueNoBelief,SC3: TB3,SP: TY,0,74,74,213,NA,NA,NA,NA,NA,394.06442870001774,0.00173280003946274,394.7977494000224,394.8978037000052,0.8295085999998264,396.8311402000254,397.2309250999824,397.3332102000131,397.3332102000131,h,1,1.1243297000182793,398.48115920001874,398.48115920001874,398.48115920001874,398.48115920001874,NA,NA,NA,NA,NA,NA,NA,026,001,2024-02-13_12h11.24.011,PsychoPy Exp,2023.1.2,60.025270649682234
BeliefN,ExpTrialStim/Triangle_Triangle_B_7.png,Adam THINKS there are TWO cubes,b,h,TB-K-B,2,0,2,2,0,2,0,0,0,2,B,PropFalse,TA1: TB2,TR: TY,0,75,75,190,NA,NA,NA,NA,NA,398.48115920001874,0.00167560001136735,399.2143683999893,399.3144947999972,0.8293774999910966,401.247838100011,401.647733299993,401.75017920002574,401.75017920002574,h,1,1.4510726000298746,403.2308573999908,403.2308573999908,403.2308573999908,403.2308573999908,NA,NA,NA,NA,NA,NA,NA,026,001,2024-02-13_12h11.24.011,PsychoPy Exp,2023.1.2,60.025270649682234
BeliefY,ExpTrialStim/Square_Square_B_1.png,Adam THINKS there are TWO cubes,h,b,TB-K-B,2,2,0,2,2,0,0,0,0,2,B,-,SA1: SB2,SP: SG,0,76,76,134,NA,NA,NA,NA,NA,403.2308573999908,0.00132559996563941,403.9643415000173,404.0644411999965,0.8301598999532871,405.997709200019,406.3977799999994,406.4998698999989,406.4998698999989,b,1,1.4695351999835111,407.99780150002334,407.99780150002334,407.99780150002334,407.99780150002334,NA,NA,NA,NA,NA,NA,NA,026,001,2024-02-13_12h11.24.011,PsychoPy Exp,2023.1.2,60.025270649682234
BeliefY,ExpTrialStim/Triangle_B_Square_4.png,Adam THINKS there are ZERO cubes,h,b,FB-Ig,2,1,1,1,0,1,1,1,0,0,B,-,SD3: TB1,SB: TO,0,77,77,161,NA,NA,NA,NA,NA,407.99780150002334,0.0019781999872066,408.7310046000057,408.83111239998834,0.8295344000216573,410.7644694999908,411.1644635000266,411.2666275000083,411.2666275000083,b,1,1.0544345999951474,412.3475573000033,412.3475573000033,412.3475573000033,412.3475573000033,NA,NA,NA,NA,NA,NA,NA,026,001,2024-02-13_12h11.24.011,PsychoPy Exp,2023.1.2,60.025270649682234
BeliefN,ExpTrialStim/Triangle_NB_1.png,Adam THINKS there is ONE cube,b,h,TB-K,1,0,1,1,0,1,0,0,0,1,NB,PropFalse,TA1,TO,0,78,78,162,NA,NA,NA,NA,NA,412.3475573000033,7.8249996295198e-4,413.0809999000048,413.1809429000132,0.8310596999945119,415.1144266999909,415.51427380001405,415.6165281999856,415.6165281999856,h,1,1.3368840999901297,416.9808802999906,416.9808802999906,416.9808802999906,416.9808802999906,NA,NA,NA,NA,NA,NA,NA,026,001,2024-02-13_12h11.24.011,PsychoPy Exp,2023.1.2,60.025270649682234
RealityN,ExpTrialStim/Square_B_Triangle_1.png,"In REALITY, there are ZERO cubes",b,h,TB-Ig,2,1,1,1,1,0,1,0,1,0,B,PropFalse,SB1: TD3,SB: TO,0,79,79,78,NA,NA,NA,NA,NA,416.9808802999906,4.5649998355656e-4,417.7143226999906,417.8144291000208,0.8312739999964833,419.7477840000065,420.14776600000914,420.2498575000209,420.2498575000209,h,1,1.9353401999687776,422.2142227999866,422.2142227999866,422.2142227999866,422.2142227999866,NA,NA,NA,NA,NA,NA,NA,026,001,2024-02-13_12h11.24.011,PsychoPy Exp,2023.1.2,60.025270649682234
KnowledgeY,ExpTrialStim/Square_NB_1.png,Adam KNOWS there is ONE cube,h,b,TB-K,1,1,0,1,1,0,0,0,0,1,NB,-,SA1,SB,0,80,80,219,NA,NA,NA,NA,NA,422.2142227999866,0.00145590002648532,422.9476913000108,423.0477435000357,0.8301257000421174,424.981065400003,425.3811085000052,425.483171400032,425.483171400032,b,1,1.5498305999790318,427.0680500000017,NA,427.0680500000017,NA,space,2.52534699998796,NA,NA,NA,NA,NA,026,001,2024-02-13_12h11.24.011,PsychoPy Exp,2023.1.2,60.025270649682234
BeliefY,ExpTrialStim/Square_Triangle_NB_3.png,Adam THINKS there is ONE cube,h,b,TB-K,2,1,1,2,1,1,0,0,0,1,NB,-,SB3: TA2,SP: TY,0,81,81,119,NA,NA,NA,NA,NA,429.6143232000177,0.00170459999935701,430.34762610000325,430.447734699992,0.8315342999994755,432.3810643000179,432.7809886999894,432.88301079999655,432.88301079999655,b,1,1.478336100000888,434.3810478000087,434.3810478000087,434.3810478000087,434.3810478000087,NA,NA,NA,NA,NA,NA,NA,026,001,2024-02-13_12h11.24.011,PsychoPy Exp,2023.1.2,60.025270649682234
BeliefY,ExpTrialStim/Triangle_B_Triangle_1.png,Adam THINKS there are ZERO cubes,h,b,TB-Ig,2,0,2,1,0,1,1,0,1,0,B,-,TA3: TD1,TY: TR,0,82,82,130,NA,NA,NA,NA,NA,434.3810478000087,0.00198270002147182,435.13094820000697,435.2308767000213,0.844406699994579,437.16421289998107,437.5642524000141,437.6665293999831,437.6665293999831,b,1,1.4064956000074744,439.0975494000013,439.0975494000013,439.0975494000013,439.0975494000013,NA,NA,NA,NA,NA,NA,NA,026,001,2024-02-13_12h11.24.011,PsychoPy Exp,2023.1.2,60.025270649682234
BeliefY,ExpTrialStim/Square_B_Triangle_1.png,Adam THINKS there is ONE cube,h,b,TB-Ig,2,1,1,1,1,0,1,0,1,1,B,-,SB1: TD3,SB: TO,0,83,83,132,NA,NA,NA,NA,NA,439.0975494000013,0.00131750002037733,439.8308960000286,439.930855499988,0.8301329000387341,441.86417250003433,442.2643057000241,442.3664112000261,442.3664112000261,b,1,1.1949292999925092,443.5807249000063,443.5807249000063,443.5807249000063,443.5807249000063,NA,NA,NA,NA,NA,NA,NA,026,001,2024-02-13_12h11.24.011,PsychoPy Exp,2023.1.2,60.025270649682234
RealityY,ExpTrialStim/B_Square_1.png,"In REALITY, there is ONE cube",h,b,FB-Ig,1,1,0,0,0,0,1,1,0,1,B,-,SC2,SG,0,84,84,38,NA,NA,NA,NA,NA,443.5807249000063,0.00190339999971911,444.3141729999916,444.41409059998114,0.8293918999843299,446.3474312000326,446.74768269999186,446.8496994000161,446.8496994000161,b,1,0.7112159000243992,447.5807236999972,447.5807236999972,447.5807236999972,447.5807236999972,NA,NA,NA,NA,NA,NA,NA,026,001,2024-02-13_12h11.24.011,PsychoPy Exp,2023.1.2,60.025270649682234
KnowledgeY,ExpTrialStim/Square_Triangle_B_9.png,Adam KNOWS there is ONE cube,h,b,FB-Ig,2,1,1,2,1,1,0,0,0,1,B,-,SA3: TB2,SG: TR,0,85,85,266,NA,NA,NA,NA,NA,447.5807236999972,4.2819994268938e-4,448.3142042999971,448.41434230003506,0.8313106999848969,450.34747450001305,450.7476898999885,450.849788099993,450.849788099993,b,1,1.2952516000368632,452.1643030000269,452.1643030000269,452.1643030000269,452.1643030000269,NA,NA,NA,NA,NA,NA,NA,026,001,2024-02-13_12h11.24.011,PsychoPy Exp,2023.1.2,60.025270649682234
BeliefY,ExpTrialStim/Square_B_Square_4.png,Adam THINKS there is ONE cube,h,b,FB-Ig,2,2,0,1,1,0,1,1,0,1,B,-,SB1: SD2,SG: SP,0,86,86,153,NA,NA,NA,NA,NA,452.1643030000269,0.00101890001678839,452.89752900000894,452.9976786000189,0.8306555000017397,454.9309884000104,455.33097160002217,455.4332795999944,455.4332795999944,b,1,1.0158926000003703,456.4807916000136,456.4807916000136,456.4807916000136,456.4807916000136,NA,NA,NA,NA,NA,NA,NA,026,001,2024-02-13_12h11.24.011,PsychoPy Exp,2023.1.2,60.025270649682234
KnowledgeN,ExpTrialStim/Square_B_Triangle_2.png,Adam KNOWS there is ONE cube,b,h,TB-Ig,2,1,1,1,1,0,1,0,1,1,B,PropTrueNoKnowledge,SD3: TD2,SP: TY,0,87,87,295,NA,NA,NA,NA,NA,456.4807916000136,0.00185429997509345,457.2142382999882,457.3142924000276,0.8295436999760568,459.24763739999617,459.6475903000101,459.74969279998913,459.74969279998913,h,1,1.57156800001394,461.3473503999994,461.3473503999994,461.3473503999994,461.3473503999994,NA,NA,NA,NA,NA,NA,NA,026,001,2024-02-13_12h11.24.011,PsychoPy Exp,2023.1.2,60.025270649682234
BeliefN,ExpTrialStim/Square_Triangle_B_7.png,Adam THINKS there are TWO cubes,b,h,TB-K-B,2,1,1,2,1,1,0,0,0,2,B,PropFalse,SA1: TB3,SB: TO,0,88,88,198,NA,NA,NA,NA,NA,461.3473503999994,0.00199809996411204,462.080845199991,462.18097660003696,0.8295657999697141,464.1140582000371,464.5141642999952,464.6165989000001,464.6165989000001,h,1,1.2166874000104144,465.8642163000186,465.8642163000186,465.8642163000186,465.8642163000186,NA,NA,NA,NA,NA,NA,NA,026,001,2024-02-13_12h11.24.011,PsychoPy Exp,2023.1.2,60.025270649682234
KnowledgeN,ExpTrialStim/Triangle_B_2.png,Adam KNOWS there are ZERO cubes,b,h,TB-Ig,1,0,1,1,0,1,0,0,0,0,B,PropTrueNoKnowledge,TB2,TO,0,89,89,289,NA,NA,NA,NA,NA,465.8642163000186,0.00185079994844272,466.5975084999809,466.69766190001974,0.8295356999733485,468.6308033000096,469.0309826000011,469.13307079998776,469.13307079998776,h,1,1.365107599995099,470.5141413999954,470.5141413999954,470.5141413999954,470.5141413999954,NA,NA,NA,NA,NA,NA,NA,026,001,2024-02-13_12h11.24.011,PsychoPy Exp,2023.1.2,60.025270649682234
KnowledgeY,ExpTrialStim/Triangle_Triangle_B_9.png,Adam KNOWS there are ZERO cubes,h,b,TB-K-B,2,0,2,2,0,2,0,0,0,0,B,-,TA3: TB1,TO: TR,0,90,90,242,NA,NA,NA,NA,NA,470.5141413999954,0.00217559997690841,471.24750779999886,471.34745230001863,0.8293905999744311,473.2808074000058,473.6808930999832,473.7831260000239,473.7831260000239,b,1,1.2420759999658912,475.0473987000296,475.0473987000296,475.0473987000296,475.0473987000296,NA,NA,NA,NA,NA,NA,NA,026,001,2024-02-13_12h11.24.011,PsychoPy Exp,2023.1.2,60.025270649682234
BeliefY,ExpTrialStim/Triangle_B_Square_3.png,Adam THINKS there are ZERO cubes,h,b,FB-Ig,2,1,1,1,0,1,1,1,0,0,B,-,SD1: TA2,SG: TR,0,91,91,160,NA,NA,NA,NA,NA,475.0473987000296,0.00184489996172487,475.7808301000041,475.8809823000338,0.8295160999987274,477.81425870000385,478.214222199982,478.3164286999963,478.3164286999963,b,1,1.4683817999903113,479.8140269999858,479.8140269999858,479.8140269999858,479.8140269999858,NA,NA,NA,NA,NA,NA,NA,026,001,2024-02-13_12h11.24.011,PsychoPy Exp,2023.1.2,60.025270649682234
BeliefN,ExpTrialStim/Triangle_Triangle_B_8.png,Adam THINKS there are TWO cubes,b,h,TB-K-B,2,0,2,2,0,2,0,0,0,2,B,PropFalse,TA2: TB3,TY:TO,0,92,92,191,NA,NA,NA,NA,NA,479.8140269999858,5.1819998770952e-4,480.54741480003577,480.64755589998094,0.8312474000267684,482.5809432999813,482.9808872999856,483.0829948000028,483.0829948000028,h,1,4.790214999986347,487.8975853000302,487.8975853000302,487.8975853000302,487.8975853000302,NA,NA,NA,NA,NA,NA,NA,026,001,2024-02-13_12h11.24.011,PsychoPy Exp,2023.1.2,60.025270649682234
RealityN,ExpTrialStim/Square_B_Square_3.png,"In REALITY, there are ZERO cubes",b,h,FB-Ig,2,2,0,1,1,0,1,1,0,0,B,PropFalse,SA3: SD1,SP: SB,0,93,93,98,NA,NA,NA,NA,NA,487.8975853000302,0.0019355000113137,488.6306389999809,488.7308953999891,0.8293856999953277,490.66407250001794,491.0642431000015,491.16630779998377,491.16630779998377,h,1,0.8269603000371717,492.0141949999961,492.0141949999961,492.0141949999961,492.0141949999961,NA,NA,NA,NA,NA,NA,NA,026,001,2024-02-13_12h11.24.011,PsychoPy Exp,2023.1.2,60.025270649682234
KnowledgeY,ExpTrialStim/Triangle_Triangle_B_5.png,Adam KNOWS there are ZERO cubes,h,b,TB-Ig,2,0,2,2,0,2,0,0,0,0,B,-,TA3: TB2,TR: TO,0,94,94,238,NA,NA,NA,NA,NA,492.0141949999961,0.00186349998693913,492.7474254000117,492.8475755000254,0.8295632999506779,494.78083589999005,495.180846000032,495.283010300016,495.283010300016,b,1,0.5498798000044189,495.8641149000032,495.8641149000032,495.8641149000032,495.8641149000032,NA,NA,NA,NA,NA,NA,NA,026,001,2024-02-13_12h11.24.011,PsychoPy Exp,2023.1.2,60.025270649682234
BeliefN,ExpTrialStim/Triangle_Triangle_B_6.png,Adam THINKS there is ONE cube,b,h,TB-K-B,2,0,2,2,0,2,0,0,0,1,B,PropFalse,TA1: TB3,TO: TY,0,95,95,189,NA,NA,NA,NA,NA,495.8641149000032,0.00144020002335309,496.5974251999869,496.6975324000232,0.8302106999908574,498.63079279998783,499.0309082000167,499.133041299996,499.133041299996,h,1,1.1001785999978893,500.2640492999926,500.2640492999926,500.2640492999926,500.2640492999926,NA,NA,NA,NA,NA,NA,NA,026,001,2024-02-13_12h11.24.011,PsychoPy Exp,2023.1.2,60.025270649682234
RealityN,ExpTrialStim/B_Square_1.png,"In REALITY, there are ZERO cubes",b,h,FB-Ig,1,1,0,0,0,0,1,1,0,0,B,PropFalse,SC2,SG,0,96,96,92,NA,NA,NA,NA,NA,500.2640492999926,0.00186570000369101,500.9973957000184,501.0974096999853,0.8294614999904297,503.0309215000016,503.43076890002703,503.5328567000106,503.5328567000106,h,1,1.4841272999765351,505.0472908000229,505.0472908000229,505.0472908000229,505.0472908000229,NA,NA,NA,NA,NA,NA,NA,026,001,2024-02-13_12h11.24.011,PsychoPy Exp,2023.1.2,60.025270649682234
RealityY,ExpTrialStim/Triangle_B_Square_2.png,"In REALITY, there is ONE cube",h,b,FB-Ig,2,1,1,1,0,1,1,1,0,1,B,-,SC3: TB3,SP: TY,0,97,97,51,NA,NA,NA,NA,NA,505.0472908000229,5.8669998543336e-4,505.78069410001626,505.88085120002506,0.8312848000205122,507.8140272999881,508.21398830000544,508.31633679999504,508.31633679999504,b,1,0.8928679000237025,509.2306241000187,509.2306241000187,509.2306241000187,509.2306241000187,NA,NA,NA,NA,NA,NA,NA,026,001,2024-02-13_12h11.24.011,PsychoPy Exp,2023.1.2,60.025270649682234
BeliefN,ExpTrialStim/Square_B_Square_1.png,Adam THINKS there are ZERO cubes,b,h,FB-Ig,2,2,0,1,1,0,1,1,0,0,B,PropFalse,SA1: SC2,SG: SB,0,98,98,204,NA,NA,NA,NA,NA,509.2306241000187,0.00185200001578778,509.9640148000326,510.0642066000146,0.8295925999991596,511.9973983000382,512.3975466000265,512.4996031000046,512.4996031000046,h,1,1.4851704000029713,514.0139927000273,514.0139927000273,514.0139927000273,514.0139927000273,NA,NA,NA,NA,NA,NA,NA,026,001,2024-02-13_12h11.24.011,PsychoPy Exp,2023.1.2,60.025270649682234
KnowledgeY,ExpTrialStim/Square_Square_B_1.png,Adam KNOWS there are TWO cubes,h,b,TB-K-B,2,2,0,2,2,0,0,0,0,2,B,-,SA1: SB2,SP: SG,0,99,99,246,NA,NA,NA,NA,NA,514.0139927000273,0.00102520000655204,514.7473944000085,514.8475060000201,0.8309083000058308,516.7806683999952,517.1808215000201,517.2829110000166,517.2829110000166,b,1,0.5666286000050604,517.8806148000294,517.8806148000294,517.8806148000294,517.8806148000294,NA,NA,NA,NA,NA,NA,NA,026,001,2024-02-13_12h11.24.011,PsychoPy Exp,2023.1.2,60.025270649682234
BeliefN,ExpTrialStim/Triangle_Triangle_NB_1.png,Adam THINKS there is ONE cube,b,h,TB-K,2,0,2,2,0,2,0,0,0,1,NB,PropFalse,TA1: TB2,TY: TO,0,100,100,168,NA,NA,NA,NA,NA,517.8806148000294,0.00125530001241713,518.6138564000139,518.7140228000353,0.8302184999920428,520.6473114999826,521.0474619999877,521.149608000007,521.149608000007,h,1,0.9952621000120416,522.1639107000083,522.1639107000083,522.1639107000083,522.1639107000083,NA,NA,NA,NA,NA,NA,NA,026,001,2024-02-13_12h11.24.011,PsychoPy Exp,2023.1.2,60.025270649682234
KnowledgeY,ExpTrialStim/Square_Triangle_B_4.png,Adam KNOWS there is ONE cube,h,b,FB-Ig,2,1,1,2,1,1,0,0,0,1,B,-,SB1: TA3,SP: TY,0,101,101,261,NA,NA,NA,NA,NA,522.1639107000083,0.00167909997981041,522.8973533000099,522.9974656000268,0.8301950999884866,524.9305367000052,525.330672800017,525.4330692000221,525.4330692000221,b,1,0.8556234000134282,526.3137529999949,526.3137529999949,526.3137529999949,526.3137529999949,NA,NA,NA,NA,NA,NA,NA,026,001,2024-02-13_12h11.24.011,PsychoPy Exp,2023.1.2,60.025270649682234
KnowledgeN,ExpTrialStim/Square_B_1.png,Adam KNOWS there is ONE cube,b,h,TB-Ig,1,1,0,1,1,0,0,0,0,1,B,PropTrueNoKnowledge,SA2,SG,0,102,102,290,NA,NA,NA,NA,NA,526.3137529999949,5.2900001173838e-4,527.047025100037,527.1475163000287,0.8312987000099383,529.080683200038,529.4807518000016,529.5828616000363,529.5828616000363,h,1,5.657933599955868,535.2638459000154,535.2638459000154,535.2638459000154,535.2638459000154,NA,NA,NA,NA,NA,NA,NA,026,001,2024-02-13_12h11.24.011,PsychoPy Exp,2023.1.2,60.025270649682234
RealityN,ExpTrialStim/Triangle_Triangle_B_4.png,"In REALITY, there are TWO cubes",b,h,TB-K-B,2,0,2,2,0,2,0,0,0,2,B,PropFalse,TA2: TB1,TY: TR,0,103,103,83,NA,NA,NA,NA,NA,535.2638459000154,5.6829996174201e-4,535.9973271000199,536.0974465000327,0.8311100999708287,538.0306322000106,538.4307486999896,538.5329002999933,538.5329002999933,h,1,2.164420199987944,540.7138986000209,540.7138986000209,540.7138986000209,540.7138986000209,NA,NA,NA,NA,NA,NA,NA,026,001,2024-02-13_12h11.24.011,PsychoPy Exp,2023.1.2,60.025270649682234
KnowledgeN,ExpTrialStim/Square_Square_NB_5.png,Adam KNOWS there is ONE cube,b,h,TB-K,2,2,0,2,2,0,0,0,0,1,NB,PropFalse,SA3: SB2,SB: SP,0,104,104,286,NA,NA,NA,NA,NA,540.7138986000209,0.00168700003996491,541.4470669000293,541.5472470999812,0.8297387000056915,543.4806660999893,543.880633599998,543.9828595999861,543.9828595999861,h,1,2.1459855000139214,546.1470836999943,546.1470836999943,546.1470836999943,546.1470836999943,NA,NA,NA,NA,NA,NA,NA,026,001,2024-02-13_12h11.24.011,PsychoPy Exp,2023.1.2,60.025270649682234
KnowledgeY,ExpTrialStim/Square_Square_B_9.png,Adam KNOWS there are TWO cubes,h,b,FB-Ig,2,2,0,2,2,0,0,0,0,2,B,-,SA3: SB1,SB: SG,0,105,105,254,NA,NA,NA,NA,NA,546.1470836999943,4.466000245884e-4,546.8805872999947,546.9805576000363,0.8312308000167832,548.9140714000096,549.3139405000256,549.4162787999958,549.4162787999958,b,1,4.6727305999957025,554.1139833999914,554.1139833999914,554.1139833999914,554.1139833999914,NA,NA,NA,NA,NA,NA,NA,026,001,2024-02-13_12h11.24.011,PsychoPy Exp,2023.1.2,60.025270649682234
RealityN,ExpTrialStim/Square_B_Square_6.png,"In REALITY, there is ONE cube",b,h,FB-Ig,2,2,0,1,1,0,1,1,0,1,B,PropFalse,SB3: SC1,SP: SG,0,106,106,101,NA,NA,NA,NA,NA,554.1139833999914,0.00239249999867752,554.8472378000151,554.947350100032,0.8295377000467852,556.8806948999991,557.2805253000115,557.3828433000017,557.3828433000017,h,1,1.802254099980928,559.2137828000123,559.2137828000123,559.2137828000123,559.2137828000123,NA,NA,NA,NA,NA,NA,NA,026,001,2024-02-13_12h11.24.011,PsychoPy Exp,2023.1.2,60.025270649682234
KnowledgeN,ExpTrialStim/B_Square_2.png,Adam KNOWS there are ZERO cubes,b,h,FB-Ig,1,1,0,0,0,0,1,1,0,0,B,PropFalse,SC3,SG,0,107,107,309,NA,NA,NA,NA,NA,559.2137828000123,0.00213249999796971,559.9472171000089,560.0472805000027,0.8293659000191838,561.980704799993,562.3806988000288,562.4829591999878,562.4829591999878,h,1,1.8462452000239864,564.3472683000145,564.3472683000145,564.3472683000145,564.3472683000145,NA,NA,NA,NA,NA,NA,NA,026,001,2024-02-13_12h11.24.011,PsychoPy Exp,2023.1.2,60.025270649682234
RealityY,ExpTrialStim/Triangle_B_Square_4.png,"In REALITY, there is ONE cube",h,b,FB-Ig,2,1,1,1,0,1,1,1,0,1,B,-,SD3: TB1,SB: TO,0,108,108,53,NA,NA,NA,NA,NA,564.3472683000145,0.00184939999599009,565.0805440000258,565.1806280000019,0.8294159999932162,567.1138336000149,567.5139475000324,567.6159979000222,567.6159979000222,b,1,0.849250600032974,568.48038860003,568.48038860003,568.48038860003,568.48038860003,NA,NA,NA,NA,NA,NA,NA,026,001,2024-02-13_12h11.24.011,PsychoPy Exp,2023.1.2,60.025270649682234
RealityY,ExpTrialStim/Triangle_Triangle_B_7.png,"In REALITY, there are ZERO cubes",h,b,TB-K-B,2,0,2,2,0,2,0,0,0,0,B,-,TA1: TB2,TR: TY,0,109,109,32,NA,NA,NA,NA,NA,568.48038860003,0.00127439998323097,569.2137950999895,569.3139859000221,0.8302440000115894,571.2472080999869,571.6470991999959,571.7495325999917,571.7495325999917,b,1,1.9070865000248889,573.6804756000056,573.6804756000056,573.6804756000056,573.6804756000056,NA,NA,NA,NA,NA,NA,NA,026,001,2024-02-13_12h11.24.011,PsychoPy Exp,2023.1.2,60.025270649682234
BeliefY,ExpTrialStim/Square_B_Square_8.png,Adam THINKS there is ONE cube,h,b,FB-Ig,2,2,0,1,1,0,1,1,0,1,B,-,SA1: SD2,SP: SG,0,110,110,157,NA,NA,NA,NA,NA,573.6804756000056,6.9680000888183e-4,574.4138423000113,574.5137650999823,0.8307957000215538,576.4472723000217,576.8472895000014,576.9494216000312,576.9494216000312,b,1,2.739161100005731,579.713587300037,579.713587300037,579.713587300037,579.713587300037,NA,NA,NA,NA,NA,NA,NA,026,001,2024-02-13_12h11.24.011,PsychoPy Exp,2023.1.2,60.025270649682234
KnowledgeY,ExpTrialStim/Square_Triangle_B_1.png,Adam KNOWS there is ONE cube,h,b,FB-Ig,2,1,1,2,1,1,0,0,0,1,B,-,SA1: TB2,SG: TR,0,111,111,258,NA,NA,NA,NA,NA,579.713587300037,5.9490004787221e-4,580.4471790000098,580.5473002000363,0.831317400035914,582.4805753999972,582.880586299987,582.9827890000306,582.9827890000306,b,1,2.226126800000202,585.2305825999938,585.2305825999938,585.2305825999938,585.2305825999938,NA,NA,NA,NA,NA,NA,NA,026,001,2024-02-13_12h11.24.011,PsychoPy Exp,2023.1.2,60.025270649682234
BeliefN,ExpTrialStim/Triangle_Triangle_B_5.png,Adam THINKS there is ONE cube,b,h,TB-K-B,2,0,2,2,0,2,0,0,0,1,B,PropFalse,TA3: TB2,TR: TO,0,112,112,188,NA,NA,NA,NA,NA,585.2305825999938,0.00215670000761747,585.963697500003,586.0642175999819,0.8294906999799423,587.9971038000076,588.3972557000234,588.4994831000222,588.4994831000222,h,1,1.1733966000028886,589.697230699996,589.697230699996,589.697230699996,589.697230699996,NA,NA,NA,NA,NA,NA,NA,026,001,2024-02-13_12h11.24.011,PsychoPy Exp,2023.1.2,60.025270649682234
RealityY,ExpTrialStim/Square_NB_2.png,"In REALITY, there is ONE cube",h,b,TB-K,1,1,0,1,1,0,0,0,0,1,NB,-,SA3,SP,0,113,113,4,NA,NA,NA,NA,NA,589.697230699996,0.00185170001350343,590.4304521000013,590.5304152999888,0.8295250000082888,592.4639083000366,592.8638987999875,592.9659858000232,592.9659858000232,b,1,0.8189159000176005,593.8138544000103,593.8138544000103,593.8138544000103,593.8138544000103,NA,NA,NA,NA,NA,NA,NA,026,001,2024-02-13_12h11.24.011,PsychoPy Exp,2023.1.2,60.025270649682234
RealityY,ExpTrialStim/Triangle_Triangle_B_5.png,"In REALITY, there are ZERO cubes",h,b,TB-K-B,2,0,2,2,0,2,0,0,0,0,B,-,TA3: TB2,TR: TO,0,114,114,30,NA,NA,NA,NA,NA,593.8138544000103,0.00184360001003369,594.5471469000331,594.6472189000342,0.8296660999767482,596.5805916999816,596.9804268000298,597.0827950999956,597.0827950999956,h,0,0.6861135000362992,597.7969819999998,597.7969819999998,597.7969819999998,597.7969819999998,NA,NA,NA,NA,NA,NA,NA,026,001,2024-02-13_12h11.24.011,PsychoPy Exp,2023.1.2,60.025270649682234
KnowledgeY,ExpTrialStim/Square_NB_3.png,Adam KNOWS there is ONE cube,h,b,TB-K,1,1,0,1,1,0,0,0,0,1,NB,-,SB2,SG,0,115,115,221,NA,NA,NA,NA,NA,597.7969819999998,5.4699997417628e-4,598.5304388999939,598.6305560999899,0.8313071999582462,600.5637664999813,600.9638833000208,601.0661656000302,601.0661656000302,b,1,3.502394800016191,604.597026100033,604.597026100033,604.597026100033,604.597026100033,NA,NA,NA,NA,NA,NA,NA,026,001,2024-02-13_12h11.24.011,PsychoPy Exp,2023.1.2,60.025270649682234
KnowledgeY,ExpTrialStim/Triangle_Triangle_B_8.png,Adam KNOWS there are ZERO cubes,h,b,TB-Ig,2,0,2,2,0,2,0,0,0,0,B,-,TA2: TB3,TY:TO,0,116,116,241,NA,NA,NA,NA,NA,604.597026100033,9.8459998844191e-4,605.3304187000031,605.4305808999925,0.8310791999683715,607.3638021000079,607.7638353999937,607.8659572000033,607.8659572000033,b,1,2.790722200006712,610.6802457000013,610.6802457000013,610.6802457000013,610.6802457000013,NA,NA,NA,NA,NA,NA,NA,026,001,2024-02-13_12h11.24.011,PsychoPy Exp,2023.1.2,60.025270649682234
BeliefN,ExpTrialStim/B_Square_2.png,Adam THINKS there is ONE cube,b,h,FB-Ig,1,1,0,0,0,0,1,1,0,1,B,PropTrueNoBelief,SC3,SG,0,117,117,201,NA,NA,NA,NA,NA,610.6802457000013,7.6679995981976e-4,611.4137580000097,611.5138309000176,0.830806499987375,613.447058300022,613.8470027000294,613.9494343000115,613.9494343000115,h,1,3.0834252000204287,617.0636035000207,617.0636035000207,617.0636035000207,617.0636035000207,NA,NA,NA,NA,NA,NA,NA,026,001,2024-02-13_12h11.24.011,PsychoPy Exp,2023.1.2,60.025270649682234
BeliefY,ExpTrialStim/Square_Square_B_2.png,Adam THINKS there are TWO cubes,h,b,TB-K-B,2,2,0,2,2,0,0,0,0,2,B,-,SA2: SB3,SB: SP,0,118,118,135,NA,NA,NA,NA,NA,617.0636035000207,9.3769998056814e-4,617.7970945999841,617.8971642000251,0.828961499966681,619.8305287000258,620.2304848000058,620.3326437000069,620.3326437000069,b,1,1.9326333000208251,622.2971397000365,622.2971397000365,622.2971397000365,622.2971397000365,NA,NA,NA,NA,NA,NA,NA,026,001,2024-02-13_12h11.24.011,PsychoPy Exp,2023.1.2,60.025270649682234
BeliefY,ExpTrialStim/Square_Square_B_7.png,Adam THINKS there are TWO cubes,h,b,TB-K-B,2,2,0,2,2,0,0,0,0,2,B,-,SA1: SB2,SG: SP,0,119,119,140,NA,NA,NA,NA,NA,622.2971397000365,0.0022027000086382,623.030383400037,623.1305050000083,0.8296063000452705,625.0638295999961,625.4637927000294,625.5659079999896,625.5659079999896,b,1,3.2265827999799512,628.8135581000242,628.8135581000242,628.8135581000242,628.8135581000242,NA,NA,NA,NA,NA,NA,NA,026,001,2024-02-13_12h11.24.011,PsychoPy Exp,2023.1.2,60.025270649682234
RealityN,ExpTrialStim/Triangle_B_Triangle_2.png,"In REALITY, there are TWO cubes",b,h,TB-Ig,2,0,2,1,0,1,1,0,1,2,B,PropFalse,TB1: TC2,TO: TY,0,120,120,77,NA,NA,NA,NA,NA,628.8135581000242,7.7550002606585e-4,629.5469161000219,629.6471541000064,0.831139300018549,631.5804508000147,631.9804777000099,632.082661100023,632.082661100023,h,1,0.7824099999852479,632.880231600022,632.880231600022,632.880231600022,632.880231600022,NA,NA,NA,NA,NA,NA,NA,026,001,2024-02-13_12h11.24.011,PsychoPy Exp,2023.1.2,60.025270649682234
RealityN,ExpTrialStim/Square_B_Square_8.png,"In REALITY, there is ONE cube",b,h,FB-Ig,2,2,0,1,1,0,1,1,0,1,B,PropFalse,SA1: SD2,SP: SG,0,121,121,103,NA,NA,NA,NA,NA,632.880231600022,0.0016495999880135,633.6136841999833,633.7137920000241,0.8302400999818929,635.6468909999821,636.047106300015,636.1492944000056,636.1492944000056,h,1,2.467442099994514,638.6470556000131,638.6470556000131,638.6470556000131,638.6470556000131,NA,NA,NA,NA,NA,NA,NA,026,001,2024-02-13_12h11.24.011,PsychoPy Exp,2023.1.2,60.025270649682234
RealityY,ExpTrialStim/Triangle_Triangle_B_6.png,"In REALITY, there are ZERO cubes",h,b,TB-K-B,2,0,2,2,0,2,0,0,0,0,B,-,TA1: TB3,TO: TY,0,122,122,31,NA,NA,NA,NA,NA,638.6470556000131,0.00194950000150129,639.3803105999832,639.480468099995,0.8295973999775015,641.4136013000389,641.8136545000016,641.915894899983,641.915894899983,b,1,1.6608467999612913,643.5970023000264,643.5970023000264,643.5970023000264,643.5970023000264,NA,NA,NA,NA,NA,NA,NA,026,001,2024-02-13_12h11.24.011,PsychoPy Exp,2023.1.2,60.025270649682234
RealityY,ExpTrialStim/Square_Square_NB_1.png,"In REALITY, there are TWO cubes",h,b,TB-K,2,2,0,2,2,0,0,0,0,2,NB,-,SA1: SB2,SP: SB,0,123,123,12,NA,NA,NA,NA,NA,643.5970023000264,0.00195960002020001,644.3303070000256,644.4304235000163,0.8296548000071198,646.3637525000377,646.7635748999892,646.865850400005,646.865850400005,b,1,1.4065652000135742,648.2968944000313,648.2968944000313,648.2968944000313,648.2968944000313,NA,NA,NA,NA,NA,NA,NA,026,001,2024-02-13_12h11.24.011,PsychoPy Exp,2023.1.2,60.025270649682234
BeliefN,ExpTrialStim/Square_Triangle_B_6.png,Adam THINKS there are ZERO cubes,b,h,TB-K-B,2,1,1,2,1,1,0,0,0,0,B,PropFalse,SB3: TA2,SB: TO,0,124,124,197,NA,NA,NA,NA,NA,648.2968944000313,8.6069997632876e-4,649.030307100038,649.1304074000218,0.8310001000063494,651.0638215999934,651.4637453000178,651.5658908000332,651.5658908000332,h,1,1.6026272000162862,653.1969185000053,653.1969185000053,653.1969185000053,653.1969185000053,NA,NA,NA,NA,NA,NA,NA,026,001,2024-02-13_12h11.24.011,PsychoPy Exp,2023.1.2,60.025270649682234
KnowledgeN,ExpTrialStim/Triangle_NB_3.png,Adam KNOWS there are TWO cubes,b,h,TB-K,1,0,1,1,0,1,0,0,0,2,NB,PropFalse,TB2,TR,0,125,125,272,NA,NA,NA,NA,NA,653.1969185000053,0.00147820002166554,653.9303015000187,654.0302810000139,0.8300899000023492,655.9635877999826,656.3637453999836,656.465896699985,656.465896699985,h,1,1.4704483000095934,657.9635652999859,657.9635652999859,657.9635652999859,657.9635652999859,NA,NA,NA,NA,NA,NA,NA,026,001,2024-02-13_12h11.24.011,PsychoPy Exp,2023.1.2,60.025270649682234
BeliefN,ExpTrialStim/Square_Triangle_NB_3.png,Adam THINKS there are TWO cubes,b,h,TB-K,2,1,1,2,1,1,0,0,0,2,NB,PropFalse,SB3: TA2,SP: TY,0,126,126,173,NA,NA,NA,NA,NA,657.9635652999859,8.553999941796e-4,658.6969324999955,658.7970595000079,0.830747900006827,660.7304187000263,661.1302177000325,661.2324761000345,661.2324761000345,h,1,1.0961745999520645,662.3470094000222,662.3470094000222,662.3470094000222,662.3470094000222,NA,NA,NA,NA,NA,NA,NA,026,001,2024-02-13_12h11.24.011,PsychoPy Exp,2023.1.2,60.025270649682234
RealityY,ExpTrialStim/Square_Square_B_3.png,"In REALITY, there are TWO cubes",h,b,TB-K-B,2,2,0,2,2,0,0,0,0,2,B,-,SA3: SB1,SG: SB,0,127,127,36,NA,NA,NA,NA,NA,662.3470094000222,0.00198130001081153,663.0802648999961,663.1804010000196,0.8295437000342645,665.1137375999824,665.5136143999989,665.61564070003806,665.61564070003806,b,1,0.6731084000202827,666.3136897000368,666.3136897000368,666.3136897000368,666.3136897000368,NA,NA,NA,NA,NA,NA,NA,026,001,2024-02-13_12h11.24.011,PsychoPy Exp,2023.1.2,60.025270649682234
BeliefN,ExpTrialStim/Square_Square_NB_4.png,Adam THINKS there is ONE cube,b,h,TB-K,2,2,0,2,2,0,0,0,0,1,NB,PropFalse,SA2: SB1,SP: SG,0,128,128,177,NA,NA,NA,NA,NA,666.3136897000368,0.00216140004340559,667.0470972000039,667.1470216999878,0.8295581000274979,669.0801322000334,669.4802871000138,669.5823875000351,669.5823875000351,h,1,1.1063812000211328,670.7136500999914,670.7136500999914,670.7136500999914,670.7136500999914,NA,NA,NA,NA,NA,NA,NA,026,001,2024-02-13_12h11.24.011,PsychoPy Exp,2023.1.2,60.025270649682234
KnowledgeN,ExpTrialStim/Square_NB_1.png,Adam KNOWS there are ZERO cubes,b,h,TB-K,1,1,0,1,1,0,0,0,0,0,NB,PropFalse,SA1,SB,0,129,129,273,NA,NA,NA,NA,NA,670.7136500999914,0.00192359997890889,671.4468838000321,671.5470054000034,0.8295733999693766,673.480232700007,673.8803428999963,673.9824835000327,673.9824835000327,h,1,1.098163199960254,675.096832900017,675.096832900017,675.096832900017,675.096832900017,NA,NA,NA,NA,NA,NA,NA,026,001,2024-02-13_12h11.24.011,PsychoPy Exp,2023.1.2,60.025270649682234
KnowledgeN,ExpTrialStim/Square_B_2.png,Adam KNOWS there is ONE cube,b,h,TB-Ig,1,1,0,1,1,0,0,0,0,1,B,PropTrueNoKnowledge,SB2,SB,0,130,130,291,NA,NA,NA,NA,NA,675.096832900017,9.5789995975792e-4,675.8302121000015,675.9301952000242,0.8306669999728911,677.8635563999997,678.2636113000335,678.3657545000315,678.3657545000315,h,1,3.01081459998386,681.3968506000238,681.3968506000238,681.3968506000238,681.3968506000238,NA,NA,NA,NA,NA,NA,NA,026,001,2024-02-13_12h11.24.011,PsychoPy Exp,2023.1.2,60.025270649682234
KnowledgeY,ExpTrialStim/Square_Square_B_6.png,Adam KNOWS there are TWO cubes,h,b,TB-K-B,2,2,0,2,2,0,0,0,0,2,B,-,SA1: SB3,SB: SG,0,131,131,251,NA,NA,NA,NA,NA,681.3968506000238,0.00159180001355707,682.1302396000247,682.230175899982,0.8299075000104494,684.1635306000244,684.5635749000357,684.665580800036,684.665580800036,b,1,1.0315966000198389,685.7136345999897,685.7136345999897,685.7136345999897,685.7136345999897,NA,NA,NA,NA,NA,NA,NA,026,001,2024-02-13_12h11.24.011,PsychoPy Exp,2023.1.2,60.025270649682234
KnowledgeY,ExpTrialStim/Square_Triangle_B_2.png,Adam KNOWS there is ONE cube,h,b,FB-Ig,2,1,1,2,1,1,0,0,0,1,B,-,SA2: TB3,SB: TO,0,132,132,259,NA,NA,NA,NA,NA,685.7136345999897,0.00187029998051002,686.4468595000217,686.5469778000261,0.8295421999646351,688.4802364000352,688.8802091000252,688.9824829000281,688.9824829000281,b,1,2.0661389000015333,691.080168000015,691.080168000015,691.080168000015,691.080168000015,NA,NA,NA,NA,NA,NA,NA,026,001,2024-02-13_12h11.24.011,PsychoPy Exp,2023.1.2,60.025270649682234
BeliefN,ExpTrialStim/B_Square_1.png,Adam THINKS there is ONE cube,b,h,FB-Ig,1,1,0,0,0,0,1,1,0,1,B,PropTrueNoBelief,SC2,SG,0,133,133,200,NA,NA,NA,NA,NA,691.080168000015,7.4549997225403e-4,691.8135332000093,691.9134262999869,0.8311450000037439,693.8469533000025,694.2469395000371,694.3490755000385,694.3490755000385,h,1,1.6354986000224017,696.0136200999841,696.0136200999841,696.0136200999841,696.0136200999841,NA,NA,NA,NA,NA,NA,NA,026,001,2024-02-13_12h11.24.011,PsychoPy Exp,2023.1.2,60.025270649682234
RealityY,ExpTrialStim/Square_B_Triangle_2.png,"In REALITY, there is ONE cube",h,b,TB-Ig,2,1,1,1,1,0,1,0,1,1,B,-,SD3: TD2,SP: TY,0,134,134,25,NA,NA,NA,NA,NA,696.0136200999841,0.00189209997188299,696.746815600025,696.8469607000006,0.8295456999912858,698.7802678000298,699.1801596999867,699.2823156000231,699.2823156000231,b,1,0.7985375000280328,700.096867699991,700.096867699991,700.096867699991,700.096867699991,NA,NA,NA,NA,NA,NA,NA,026,001,2024-02-13_12h11.24.011,PsychoPy Exp,2023.1.2,60.025270649682234
BeliefN,ExpTrialStim/Square_Square_NB_1.png,Adam THINKS there are ZERO cubes,b,h,TB-K,2,2,0,2,2,0,0,0,0,0,NB,PropFalse,SA1: SB2,SP: SB,0,135,135,174,NA,NA,NA,NA,NA,700.096867699991,0.00177730002906173,700.8300644999836,700.9301711000153,0.8294526000390761,702.8634796999977,703.2635861000163,703.3656688000192,703.3656688000192,h,1,1.770962700014934,705.1635347999982,705.1635347999982,705.1635347999982,705.1635347999982,NA,NA,NA,NA,NA,NA,NA,026,001,2024-02-13_12h11.24.011,PsychoPy Exp,2023.1.2,60.025270649682234
KnowledgeY,ExpTrialStim/Triangle_Triangle_B_2.png,Adam KNOWS there are ZERO cubes,h,b,TB-Ig,2,0,2,2,0,2,0,0,0,0,B,-,TA2: TB3,TO: TR,0,136,136,235,NA,NA,NA,NA,NA,705.1635347999982,0.00170409999554976,705.896500300034,705.9966629000264,0.8292416000040248,707.9302712000208,708.3302476999816,708.4323846999905,708.4323846999905,b,1,1.3518154000048526,709.8133021999965,709.8133021999965,709.8133021999965,709.8133021999965,NA,NA,NA,NA,NA,NA,NA,026,001,2024-02-13_12h11.24.011,PsychoPy Exp,2023.1.2,60.025270649682234
RealityY,ExpTrialStim/Triangle_Triangle_NB_2.png,"In REALITY, there are ZERO cubes",h,b,TB-K,2,0,2,2,0,2,0,0,0,0,NB,-,TA2: TB3,TO: TR,0,137,137,7,NA,NA,NA,NA,NA,709.8133021999965,5.1159999566152e-4,710.5467702000169,710.6467587000225,0.831211400043685,712.5802786999848,712.9802295999834,713.082361400011,713.082361400011,b,1,2.0781470999936573,715.1801575000281,715.1801575000281,715.1801575000281,715.1801575000281,NA,NA,NA,NA,NA,NA,NA,026,001,2024-02-13_12h11.24.011,PsychoPy Exp,2023.1.2,60.025270649682234
KnowledgeY,ExpTrialStim/Square_Square_NB_1.png,Adam KNOWS there are TWO cubes,h,b,TB-K,2,2,0,2,2,0,0,0,0,2,NB,-,SA1: SB2,SP: SB,0,138,138,228,NA,NA,NA,NA,NA,715.1801575000281,0.0016433999990113,715.9132750999997,716.0135803000303,0.8294879000168294,717.946870099986,718.3467125000316,718.4490069000167,718.4490069000167,b,1,3.847996799973771,722.3134742000257,722.3134742000257,722.3134742000257,722.3134742000257,NA,NA,NA,NA,NA,NA,NA,026,001,2024-02-13_12h11.24.011,PsychoPy Exp,2023.1.2,60.025270649682234
BeliefN,ExpTrialStim/Square_B_Square_4.png,Adam THINKS there are ZERO cubes,b,h,FB-Ig,2,2,0,1,1,0,1,1,0,0,B,PropFalse,SB1: SD2,SG: SP,0,139,139,207,NA,NA,NA,NA,NA,722.3134742000257,0.00172230001771822,723.0467691000085,723.1468806000194,0.829418400011491,725.0802586000063,725.4801972000278,725.5823234000127,725.5823234000127,h,1,1.050215900002513,726.663279600034,726.663279600034,726.663279600034,726.663279600034,NA,NA,NA,NA,NA,NA,NA,026,001,2024-02-13_12h11.24.011,PsychoPy Exp,2023.1.2,60.025270649682234
RealityY,ExpTrialStim/B_Square_4.png,"In REALITY, there is ONE cube",h,b,FB-Ig,1,1,0,0,0,0,1,1,0,1,B,-,SD2,SB,0,140,140,41,NA,NA,NA,NA,NA,726.663279600034,4.1449995478615e-4,727.3967065000325,727.4967297000112,0.8309630999574438,729.4301759999944,729.8302322000382,729.9322945000022,729.9322945000022,b,1,0.6761231999844313,730.6300207999884,730.6300207999884,730.6300207999884,730.6300207999884,NA,NA,NA,NA,NA,NA,NA,026,001,2024-02-13_12h11.24.011,PsychoPy Exp,2023.1.2,60.025270649682234
RealityY,ExpTrialStim/Triangle_Triangle_NB_1.png,"In REALITY, there are ZERO cubes",h,b,TB-K,2,0,2,2,0,2,0,0,0,0,NB,-,TA1: TB2,TY: TO,0,141,141,6,NA,NA,NA,NA,NA,730.6300207999884,0.00149609998334199,731.3634273000062,731.4634881000384,0.8297823999891989,733.396808999998,733.7968045999878,733.8989510000101,733.8989510000101,b,1,0.8370984999928623,734.7631064000307,734.7631064000307,734.7631064000307,734.7631064000307,NA,NA,NA,NA,NA,NA,NA,026,001,2024-02-13_12h11.24.011,PsychoPy Exp,2023.1.2,60.025270649682234
BeliefN,ExpTrialStim/Square_Square_NB_6.png,Adam THINKS there is ONE cube,b,h,TB-K,2,2,0,2,2,0,0,0,0,1,NB,PropFalse,SA1: SB3,SG: SB,0,142,142,179,NA,NA,NA,NA,NA,734.7631064000307,4.3190002907067e-4,735.4966010000207,735.5968104000203,0.8307785000069998,737.530012400006,737.9300413000165,738.0323328000377,738.0323328000377,h,1,0.8242024999926798,738.8800950000295,738.8800950000295,738.8800950000295,738.8800950000295,NA,NA,NA,NA,NA,NA,NA,026,001,2024-02-13_12h11.24.011,PsychoPy Exp,2023.1.2,60.025270649682234
BeliefY,ExpTrialStim/Square_Square_NB_2.png,Adam THINKS there are TWO cubes,h,b,TB-K,2,2,0,2,2,0,0,0,0,2,NB,-,SA2: SB3,SB: SG,0,143,143,121,NA,NA,NA,NA,NA,738.8800950000295,0.00171059998683631,739.6133741000085,739.7135032000369,0.8295376999885775,741.6468579000211,742.0468028000323,742.1489386000321,742.1489386000321,b,1,1.5641197999939322,743.7300664000213,743.7300664000213,743.7300664000213,743.7300664000213,NA,NA,NA,NA,NA,NA,NA,026,001,2024-02-13_12h11.24.011,PsychoPy Exp,2023.1.2,60.025270649682234
BeliefN,ExpTrialStim/B_Square_3.png,Adam THINKS there is ONE cube,b,h,FB-Ig,1,1,0,0,0,0,1,1,0,1,B,PropTrueNoBelief,SD1,SP,0,144,144,202,NA,NA,NA,NA,NA,743.7300664000213,0.00174570002127438,744.4633066999959,744.5632972000167,0.8294546999968588,746.4968354000011,746.8966647000052,746.9989513999899,746.9989513999899,h,1,2.1931713999947533,749.2132493000245,749.2132493000245,749.2132493000245,749.2132493000245,NA,NA,NA,NA,NA,NA,NA,026,001,2024-02-13_12h11.24.011,PsychoPy Exp,2023.1.2,60.025270649682234
KnowledgeN,ExpTrialStim/Triangle_NB_2.png,Adam KNOWS there is ONE cube,b,h,TB-K,1,0,1,1,0,1,0,0,0,1,NB,PropFalse,TA3,TY,0,145,145,271,NA,NA,NA,NA,NA,749.2132493000245,5.9070001589134e-4,749.9466878999956,750.0468016000232,0.8311916000093333,751.9799243999878,752.3801324000233,752.4821702000336,752.4821702000336,h,1,0.8059379999758676,753.313197600015,753.313197600015,753.313197600015,753.313197600015,NA,NA,NA,NA,NA,NA,NA,026,001,2024-02-13_12h11.24.011,PsychoPy Exp,2023.1.2,60.025270649682234
RealityN,ExpTrialStim/B_Square_3.png,"In REALITY, there are TWO cubes",b,h,FB-Ig,1,1,0,0,0,0,1,1,0,2,B,PropFalse,SD1,SP,0,146,146,94,NA,NA,NA,NA,NA,753.313197600015,5.8019999414682e-4,754.046656600025,754.1467524000327,0.8311236000154167,756.0800899000023,756.4801437000278,756.5822292999947,756.5822292999947,h,1,1.530789700045716,758.1300251000212,758.1300251000212,758.1300251000212,758.1300251000212,NA,NA,NA,NA,NA,NA,NA,026,001,2024-02-13_12h11.24.011,PsychoPy Exp,2023.1.2,60.025270649682234
KnowledgeY,ExpTrialStim/Square_Square_NB_5.png,Adam KNOWS there are TWO cubes,h,b,TB-K,2,2,0,2,2,0,0,0,0,2,NB,-,SA3: SB2,SB: SP,0,147,147,232,NA,NA,NA,NA,NA,758.1300251000212,0.00166609999723732,758.8633425000007,758.9634514999925,0.8294351999647915,760.8967343000113,761.2966430000379,761.3989449000219,761.3989449000219,b,1,0.7532382999779657,762.1800218999851,762.1800218999851,762.1800218999851,762.1800218999851,NA,NA,NA,NA,NA,NA,NA,026,001,2024-02-13_12h11.24.011,PsychoPy Exp,2023.1.2,60.025270649682234
BeliefY,ExpTrialStim/Triangle_B_2.png,Adam THINKS there are ZERO cubes,h,b,TB-Ig,1,0,1,1,0,1,0,0,0,0,B,-,TB2,TO,0,148,148,127,NA,NA,NA,NA,NA,762.1800218999851,0.00168649997795,762.9132966999896,763.0132869000081,0.8297688000020571,764.9632913999958,765.3632796999882,765.4657620000071,765.4657620000071,b,1,1.5506611000164412,767.0465348000289,767.0465348000289,767.0465348000289,767.0465348000289,NA,NA,NA,NA,NA,NA,NA,026,001,2024-02-13_12h11.24.011,PsychoPy Exp,2023.1.2,60.025270649682234
RealityN,ExpTrialStim/B_Square_4.png,"In REALITY, there are TWO cubes",b,h,FB-Ig,1,1,0,0,0,0,1,1,0,2,B,PropFalse,SD2,SB,0,149,149,95,NA,NA,NA,NA,NA,767.0465348000289,0.00153469998622313,767.7799368000124,767.8800370999961,0.8297044000355527,769.8133480999968,770.2133717000252,770.3154897000059,770.3154897000059,h,1,0.8048602000344545,771.1465826000203,771.1465826000203,771.1465826000203,771.1465826000203,NA,NA,NA,NA,NA,NA,NA,026,001,2024-02-13_12h11.24.011,PsychoPy Exp,2023.1.2,60.025270649682234
BeliefN,ExpTrialStim/Square_B_Triangle_1.png,Adam THINKS there are ZERO cubes,b,h,TB-Ig,2,1,1,1,1,0,1,0,1,0,B,PropFalse,SB1: TD3,SB: TO,0,150,150,186,NA,NA,NA,NA,NA,771.1465826000203,0.00149300001794472,771.8799564000219,771.9800621999893,0.8299268999835476,773.913384000014,774.3131870999932,774.4154278000351,774.4154278000351,h,1,1.144676600000821,775.5798128999886,775.5798128999886,775.5798128999886,775.5798128999886,NA,NA,NA,NA,NA,NA,NA,026,001,2024-02-13_12h11.24.011,PsychoPy Exp,2023.1.2,60.025270649682234
BeliefY,ExpTrialStim/Square_Square_B_9.png,Adam THINKS there are TWO cubes,h,b,TB-K-B,2,2,0,2,2,0,0,0,0,2,B,-,SA3: SB1,SB: SG,0,151,151,142,NA,NA,NA,NA,NA,775.5798128999886,7.7260000398382e-4,776.3131939999876,776.4133667999995,0.8309904999914579,778.3467367999838,778.7466920000152,778.848848900001,778.848848900001,b,1,1.3835363000398502,780.2632381999865,780.2632381999865,780.2632381999865,780.2632381999865,NA,NA,NA,NA,NA,NA,NA,026,001,2024-02-13_12h11.24.011,PsychoPy Exp,2023.1.2,60.025270649682234
KnowledgeN,ExpTrialStim/Square_NB_3.png,Adam KNOWS there are TWO cubes,b,h,TB-K,1,1,0,1,1,0,0,0,0,2,NB,PropFalse,SB2,SG,0,152,152,275,NA,NA,NA,NA,NA,780.2632381999865,0.00150339998072013,780.9965987000032,781.0966234999942,0.8296590999816544,783.0298620000249,783.4298625999945,783.5321234000148,783.5321234000148,h,1,0.9327718999702485,784.4799827000243,784.4799827000243,784.4799827000243,784.4799827000243,NA,NA,NA,NA,NA,NA,NA,026,001,2024-02-13_12h11.24.011,PsychoPy Exp,2023.1.2,60.025270649682234
KnowledgeN,ExpTrialStim/Square_B_Square_7.png,Adam KNOWS there are TWO cubes,b,h,FB-Ig,2,2,0,1,1,0,1,1,0,2,B,PropTrueNoKnowledge,SA3: SC2,SG: SP,0,153,153,318,NA,NA,NA,NA,NA,784.4799827000243,0.00176449998980388,785.2132196000312,785.3133843999822,0.8292116000084206,787.2466814999934,787.6465575000038,787.7488464000053,787.7488464000053,h,1,1.059130500012543,788.829761800007,788.829761800007,788.829761800007,788.829761800007,NA,NA,NA,NA,NA,NA,NA,026,001,2024-02-13_12h11.24.011,PsychoPy Exp,2023.1.2,60.025270649682234
BeliefY,ExpTrialStim/Square_NB_3.png,Adam THINKS there is ONE cube,h,b,TB-K,1,1,0,1,1,0,0,0,0,1,NB,-,SB2,SG,0,154,154,113,NA,NA,NA,NA,NA,788.829761800007,3.9649999234825e-4,789.5632116000052,789.6633240000228,0.8313758000149392,791.5966803000192,791.9966305000125,792.0987805000041,792.0987805000041,b,1,1.4455528000253253,793.5632667000173,793.5632667000173,793.5632667000173,793.5632667000173,NA,NA,NA,NA,NA,NA,NA,026,001,2024-02-13_12h11.24.011,PsychoPy Exp,2023.1.2,60.025270649682234
RealityN,ExpTrialStim/Square_Square_B_3.png,"In REALITY, there is ONE cube",b,h,TB-K-B,2,2,0,2,2,0,0,0,0,1,B,PropFalse,SA3: SB1,SG: SB,0,155,155,86,NA,NA,NA,NA,NA,793.5632667000173,0.00165069999638944,794.2965434000362,794.3966243999894,0.8296027000178583,796.329879100027,796.7300016999943,796.8320140999858,796.8320140999858,h,1,0.984227799985092,797.8464156999835,797.8464156999835,797.8464156999835,797.8464156999835,NA,NA,NA,NA,NA,NA,NA,026,001,2024-02-13_12h11.24.011,PsychoPy Exp,2023.1.2,60.025270649682234
BeliefY,ExpTrialStim/Square_NB_2.png,Adam THINKS there is ONE cube,h,b,TB-K,1,1,0,1,1,0,0,0,0,1,NB,-,SA3,SP,0,156,156,112,NA,NA,NA,NA,NA,797.8464156999835,6.7159999161958e-4,798.5798640000285,798.679966900032,0.8310305000049993,800.6132875999901,801.013167200028,801.1153869000264,801.1153869000264,b,1,1.036892700009048,802.1797515000217,802.1797515000217,802.1797515000217,802.1797515000217,NA,NA,NA,NA,NA,NA,NA,026,001,2024-02-13_12h11.24.011,PsychoPy Exp,2023.1.2,60.025270649682234
RealityN,ExpTrialStim/Square_Triangle_NB_2.png,"In REALITY, there are ZERO cubes",b,h,TB-K,2,1,1,2,1,1,0,0,0,0,NB,PropFalse,SB1: TB3,SB: TO,0,157,157,64,NA,NA,NA,NA,NA,802.1797515000217,4.1440001223236e-4,802.9129417000222,803.0132157999906,0.8314088999759406,804.9466275000013,805.346661699994,805.4487742999918,805.4487742999918,h,1,1.9274538999889048,807.3965010999818,807.3965010999818,807.3965010999818,807.3965010999818,NA,NA,NA,NA,NA,NA,NA,026,001,2024-02-13_12h11.24.011,PsychoPy Exp,2023.1.2,60.025270649682234
RealityN,ExpTrialStim/Triangle_Triangle_NB_3.png,"In REALITY, there are TWO cubes",b,h,TB-K,2,0,2,2,0,2,0,0,0,2,NB,PropFalse,TA3: TB1,TR: TY,0,158,158,62,NA,NA,NA,NA,NA,807.3965010999818,0.00147649995051324,808.1298593999818,808.2299783999915,0.8299088999629021,810.1630232000025,810.5632605000283,810.6653675999842,810.6653675999842,h,1,1.7833978999988176,812.4798160000355,812.4798160000355,812.4798160000355,812.4798160000355,NA,NA,NA,NA,NA,NA,NA,026,001,2024-02-13_12h11.24.011,PsychoPy Exp,2023.1.2,60.025270649682234
BeliefY,ExpTrialStim/B_Square_3.png,Adam THINKS there are ZERO cubes,h,b,FB-Ig,1,1,0,0,0,0,1,1,0,0,B,-,SD1,SP,0,159,159,148,NA,NA,NA,NA,NA,812.4798160000355,0.0014649000368081,813.2130070999847,813.313229100022,0.8298559000249952,815.2464390000096,815.6466118000099,815.7486807000241,815.7486807000241,b,1,1.1076565000112168,816.8799192000297,816.8799192000297,816.8799192000297,816.8799192000297,NA,NA,NA,NA,NA,NA,NA,026,001,2024-02-13_12h11.24.011,PsychoPy Exp,2023.1.2,60.025270649682234
BeliefY,ExpTrialStim/B_Square_1.png,Adam THINKS there are ZERO cubes,h,b,FB-Ig,1,1,0,0,0,0,1,1,0,0,B,-,SC2,SG,0,160,160,146,NA,NA,NA,NA,NA,816.8799192000297,0.00165029999334365,817.6131391000235,817.7132538000005,0.8295271000242792,819.6464581000037,820.0465741000371,820.148685400025,820.148685400025,b,1,0.6752658999757841,820.8464355000178,820.8464355000178,820.8464355000178,820.8464355000178,NA,NA,NA,NA,NA,NA,NA,026,001,2024-02-13_12h11.24.011,PsychoPy Exp,2023.1.2,60.025270649682234
RealityY,ExpTrialStim/Square_Square_B_4.png,"In REALITY, there are TWO cubes",h,b,TB-K-B,2,2,0,2,2,0,0,0,0,2,B,-,SA2: SB1,SG: SP,0,161,161,37,NA,NA,NA,NA,NA,820.8464355000178,6.7809998290613e-4,821.57979779999,821.6799059000332,0.830903899972327,823.6132097000373,824.0132402000017,824.1152015000116,824.1152015000116,b,1,0.5652947000344284,824.6967218000209,NA,824.6967218000209,NA,space,1.831423600029666,NA,NA,NA,NA,NA,026,001,2024-02-13_12h11.24.011,PsychoPy Exp,2023.1.2,60.025270649682234
RealityY,ExpTrialStim/Triangle_Triangle_B_2.png,"In REALITY, there are ZERO cubes",h,b,TB-K-B,2,0,2,2,0,2,0,0,0,0,B,-,TA2: TB3,TO: TR,0,162,162,27,NA,NA,NA,NA,NA,826.546181200014,5.3999997908249e-4,827.279760400008,827.3797476000036,0.832809499988798,829.3130579999997,829.7132023000158,829.8153530000127,829.8153530000127,b,1,0.8088913999963552,830.6465211000177,830.6465211000177,830.6465211000177,830.6465211000177,NA,NA,NA,NA,NA,NA,NA,026,001,2024-02-13_12h11.24.011,PsychoPy Exp,2023.1.2,60.025270649682234
KnowledgeN,ExpTrialStim/Square_Square_B_11.png,Adam KNOWS there are ZERO cubes,b,h,TB-K-B,2,2,0,2,2,0,0,0,0,0,B,PropFalse,SA3: SB2,SB: SP,0,163,163,302,NA,NA,NA,NA,NA,830.6465211000177,0.00222439999924972,831.3964564999915,831.4964877000311,0.8442857000045478,833.4297413000022,833.8299011000199,833.9319727999973,833.9319727999973,h,1,0.9402568999794312,834.8964980000164,834.8964980000164,834.8964980000164,834.8964980000164,NA,NA,NA,NA,NA,NA,NA,026,001,2024-02-13_12h11.24.011,PsychoPy Exp,2023.1.2,60.025270649682234
KnowledgeY,ExpTrialStim/Square_Triangle_B_3.png,Adam KNOWS there is ONE cube,h,b,FB-Ig,2,1,1,2,1,1,0,0,0,1,B,-,SA3: TB1,SP: TY,0,164,164,260,NA,NA,NA,NA,NA,834.8964980000164,0.00181250000605359,835.6297673000372,835.7297074000235,0.8295704000047408,837.6630408000201,838.0631608000258,838.1652774999966,838.1652774999966,b,1,1.050590300001204,839.2463806000305,839.2463806000305,839.2463806000305,839.2463806000305,NA,NA,NA,NA,NA,NA,NA,026,001,2024-02-13_12h11.24.011,PsychoPy Exp,2023.1.2,60.025270649682234
RealityY,ExpTrialStim/Square_B_Square_5.png,"In REALITY, there are TWO cubes",h,b,FB-Ig,2,2,0,1,1,0,1,1,0,2,B,-,SB2: SD3,SB: SG,0,165,165,46,NA,NA,NA,NA,NA,839.2463806000305,9.9039997439831e-4,839.9797854000353,840.079682999989,0.8305921999854036,842.0132268000161,842.4130214999896,842.5152873999905,842.5152873999905,b,1,1.0449640000006184,843.5794778999989,843.5794778999989,843.5794778999989,843.5794778999989,NA,NA,NA,NA,NA,NA,NA,026,001,2024-02-13_12h11.24.011,PsychoPy Exp,2023.1.2,60.025270649682234
KnowledgeY,ExpTrialStim/Triangle_NB_3.png,Adam KNOWS there are ZERO cubes,h,b,TB-K,1,0,1,1,0,1,0,0,0,0,NB,-,TB2,TR,0,166,166,218,NA,NA,NA,NA,NA,843.5794778999989,0.00174079998396337,844.313040100038,844.4131735999836,0.8293137999717146,846.3463723000023,846.7465156000108,846.8487414999981,846.8487414999981,b,1,0.8070970000117086,847.6795716999914,847.6795716999914,847.6795716999914,847.6795716999914,NA,NA,NA,NA,NA,NA,NA,026,001,2024-02-13_12h11.24.011,PsychoPy Exp,2023.1.2,60.025270649682234
BeliefN,ExpTrialStim/B_Square_4.png,Adam THINKS there are TWO cubes,b,h,FB-Ig,1,1,0,0,0,0,1,1,0,2,B,PropFalse,SD2,SB,0,167,167,203,NA,NA,NA,NA,NA,847.6795716999914,4.3950002873316e-4,848.4130397000117,848.5131815000204,0.831333700043615,850.4465642999858,850.8464755000314,850.9486198000377,850.9486198000377,h,1,3.875523000024259,854.8464293000288,854.8464293000288,854.8464293000288,854.8464293000288,NA,NA,NA,NA,NA,NA,NA,026,001,2024-02-13_12h11.24.011,PsychoPy Exp,2023.1.2,60.025270649682234
KnowledgeY,ExpTrialStim/Square_Square_B_2.png,Adam KNOWS there are TWO cubes,h,b,TB-K-B,2,2,0,2,2,0,0,0,0,2,B,-,SA2: SB3,SB: SP,0,168,168,247,NA,NA,NA,NA,NA,854.8464293000288,0.00211040000431239,855.5797351000365,855.6798300000373,0.8295158999972045,857.6131390000228,858.013169199985,858.1153167000157,858.1153167000157,b,1,1.1491902999696322,859.2795122000389,859.2795122000389,859.2795122000389,859.2795122000389,NA,NA,NA,NA,NA,NA,NA,026,001,2024-02-13_12h11.24.011,PsychoPy Exp,2023.1.2,60.025270649682234
RealityN,ExpTrialStim/Square_Triangle_B_1.png,"In REALITY, there are ZERO cubes",b,h,TB-K-B,2,1,1,2,1,1,0,0,0,0,B,PropFalse,SA1: TB2,SG: TR,0,169,169,88,NA,NA,NA,NA,NA,859.2795122000389,0.0018557000439614,860.0128861999838,860.1132216000115,0.8295707000070252,862.0462597000296,862.4463902999996,862.5484744000132,862.5484744000132,h,1,1.6356678999727592,864.2130677999812,864.2130677999812,864.2130677999812,864.2130677999812,NA,NA,NA,NA,NA,NA,NA,026,001,2024-02-13_12h11.24.011,PsychoPy Exp,2023.1.2,60.025270649682234
BeliefY,ExpTrialStim/Square_Square_B_8.png,Adam THINKS there are TWO cubes,h,b,TB-K-B,2,2,0,2,2,0,0,0,0,2,B,-,SA2: SB3,SP: SB,0,170,170,141,NA,NA,NA,NA,NA,864.2130677999812,0.0017241999739781,864.9463029000326,865.0464186000172,0.8295739999739453,866.979761500028,867.3795909000328,867.4818404000252,867.4818404000252,b,1,1.046442599967122,868.5464059000369,868.5464059000369,868.5464059000369,868.5464059000369,NA,NA,NA,NA,NA,NA,NA,026,001,2024-02-13_12h11.24.011,PsychoPy Exp,2023.1.2,60.025270649682234
RealityY,ExpTrialStim/Triangle_B_Triangle_1.png,"In REALITY, there are ZERO cubes",h,b,TB-Ig,2,0,2,1,0,1,1,0,1,0,B,-,TA3: TD1,TY: TR,0,171,171,22,NA,NA,NA,NA,NA,868.5464059000369,0.00166279997210949,869.2796241000178,869.379759500036,0.8294183000107296,871.3131394000375,871.7130837999866,871.8150977999903,871.8150977999903,b,1,0.937304699968081,872.7796367999981,872.7796367999981,872.7796367999981,872.7796367999981,NA,NA,NA,NA,NA,NA,NA,026,001,2024-02-13_12h11.24.011,PsychoPy Exp,2023.1.2,60.025270649682234
RealityN,ExpTrialStim/Triangle_B_Triangle_1.png,"In REALITY, there is ONE cube",b,h,TB-Ig,2,0,2,1,0,1,1,0,1,1,B,PropFalse,TA3: TD1,TY: TR,0,172,172,76,NA,NA,NA,NA,NA,872.7796367999981,0.00165370001923292,873.5128379000234,873.6130932000233,0.829558800032828,875.5464453999884,875.9464169000275,876.0484135000152,876.0484135000152,h,1,1.5116666999529116,877.5794888000237,877.5794888000237,877.5794888000237,877.5794888000237,NA,NA,NA,NA,NA,NA,NA,026,001,2024-02-13_12h11.24.011,PsychoPy Exp,2023.1.2,60.025270649682234
KnowledgeY,ExpTrialStim/Square_Triangle_NB_1.png,Adam KNOWS there is ONE cube,h,b,TB-K,2,1,1,2,1,1,0,0,0,1,NB,-,SA2: TB1,SG: TR,0,173,173,225,NA,NA,NA,NA,NA,877.5794888000237,0.00152649998199194,878.3129755000118,878.4130018000142,0.8298164999578148,880.3462975000148,880.7462935000076,880.8484804999898,880.8484804999898,b,1,1.4234262999962084,882.2962286000256,882.2962286000256,882.2962286000256,882.2962286000256,NA,NA,NA,NA,NA,NA,NA,026,001,2024-02-13_12h11.24.011,PsychoPy Exp,2023.1.2,60.025270649682234
BeliefY,ExpTrialStim/Triangle_B_Square_2.png,Adam THINKS there are ZERO cubes,h,b,FB-Ig,2,1,1,1,0,1,1,1,0,0,B,-,SC3: TB3,SP: TY,0,174,174,159,NA,NA,NA,NA,NA,882.2962286000256,0.00151799997547641,883.0296223000041,883.1295816000202,0.8297160999500193,885.0628951999824,885.4629825000302,885.5652195999864,885.5652195999864,b,1,1.6024498000042513,887.1960074999952,887.1960074999952,887.1960074999952,887.1960074999952,NA,NA,NA,NA,NA,NA,NA,026,001,2024-02-13_12h11.24.011,PsychoPy Exp,2023.1.2,60.025270649682234
BeliefN,ExpTrialStim/Square_Triangle_NB_2.png,Adam THINKS there are ZERO cubes,b,h,TB-K,2,1,1,2,1,1,0,0,0,0,NB,PropFalse,SB1: TB3,SB: TO,0,175,175,172,NA,NA,NA,NA,NA,887.1960074999952,3.9749999996274e-4,887.9295972000109,888.0297220000066,0.8311975999968126,889.9630758999847,890.3630517999991,890.465259700024,890.465259700024,h,1,0.7991806999780238,891.2795868000248,891.2795868000248,891.2795868000248,891.2795868000248,NA,NA,NA,NA,NA,NA,NA,026,001,2024-02-13_12h11.24.011,PsychoPy Exp,2023.1.2,60.025270649682234
BeliefN,ExpTrialStim/Square_Square_B_6.png,Adam THINKS there are ZERO cubes,b,h,TB-K-B,2,2,0,2,2,0,0,0,0,0,B,PropFalse,SA1: SB3,SB: SG,0,176,176,193,NA,NA,NA,NA,NA,891.2795868000248,0.00167099997634068,892.0129400999867,892.1130295000039,0.8293831999762915,894.0463686999865,894.4463510999922,894.5484563999926,894.5484563999926,h,1,1.2113498999970034,895.7795339000295,895.7795339000295,895.7795339000295,895.7795339000295,NA,NA,NA,NA,NA,NA,NA,026,001,2024-02-13_12h11.24.011,PsychoPy Exp,2023.1.2,60.025270649682234
KnowledgeY,ExpTrialStim/Triangle_Triangle_NB_3.png,Adam KNOWS there are ZERO cubes,h,b,TB-K,2,0,2,2,0,2,0,0,0,0,NB,-,TA3: TB1,TR: TY,0,177,177,224,NA,NA,NA,NA,NA,895.7795339000295,7.9369999002665e-4,896.5129456000286,896.6128874000278,0.8309268000302836,898.5462705999962,898.9462230000063,899.0484713999904,899.0484713999904,b,1,1.7755949000129476,900.8462733000052,900.8462733000052,900.8462733000052,900.8462733000052,NA,NA,NA,NA,NA,NA,NA,026,001,2024-02-13_12h11.24.011,PsychoPy Exp,2023.1.2,60.025270649682234
BeliefN,ExpTrialStim/Square_B_Square_8.png,Adam THINKS there are TWO cubes,b,h,FB-Ig,2,2,0,1,1,0,1,1,0,2,B,PropTrueNoBelief,SA1: SD2,SP: SG,0,178,178,211,NA,NA,NA,NA,NA,900.8462733000052,0.00172440003370866,901.5794881000184,901.6797034000048,0.829567999986466,903.6128307000037,904.0130055000192,904.1151256000156,904.1151256000156,h,1,0.9728975999751128,905.1129753999994,905.1129753999994,905.1129753999994,905.1129753999994,NA,NA,NA,NA,NA,NA,NA,026,001,2024-02-13_12h11.24.011,PsychoPy Exp,2023.1.2,60.025270649682234
KnowledgeY,ExpTrialStim/Square_Triangle_B_10.png,Adam KNOWS there is ONE cube,h,b,FB-Ig,2,1,1,2,1,1,0,0,0,1,B,-,SB1: TA2,SP: TY,0,179,179,267,NA,NA,NA,NA,NA,905.1129753999994,0.00164520001271739,905.8462415999966,905.946189099981,0.8292885000118986,907.8794752000248,908.2795256000244,908.3816862999812,908.3816862999812,b,1,0.7863569000037387,909.1962351999828,909.1962351999828,909.1962351999828,909.1962351999828,NA,NA,NA,NA,NA,NA,NA,026,001,2024-02-13_12h11.24.011,PsychoPy Exp,2023.1.2,60.025270649682234
BeliefY,ExpTrialStim/Square_Square_B_10.png,Adam THINKS there are TWO cubes,h,b,TB-K-B,2,2,0,2,2,0,0,0,0,2,B,-,SA2: SB1,SG: SB,0,180,180,143,NA,NA,NA,NA,NA,909.1962351999828,0.00165409996407106,909.9295614000292,910.0297001000145,0.829523499996867,911.9628423000104,912.3629750999972,912.465138300031,912.465138300031,b,1,1.5828120000078345,914.0793684000382,914.0793684000382,914.0793684000382,914.0793684000382,NA,NA,NA,NA,NA,NA,NA,026,001,2024-02-13_12h11.24.011,PsychoPy Exp,2023.1.2,60.025270649682234
BeliefY,ExpTrialStim/Square_Square_NB_5.png,Adam THINKS there are TWO cubes,h,b,TB-K,2,2,0,2,2,0,0,0,0,2,NB,-,SA3: SB2,SB: SP,0,181,181,124,NA,NA,NA,NA,NA,914.0793684000382,4.9399997806176e-4,914.8127091000206,914.912979900022,0.8311404000269249,916.8463437000172,917.2461975000332,917.348417900037,917.348417900037,b,1,0.86745110002812,918.2460756000364,918.2460756000364,918.2460756000364,918.2460756000364,NA,NA,NA,NA,NA,NA,NA,026,001,2024-02-13_12h11.24.011,PsychoPy Exp,2023.1.2,60.025270649682234
KnowledgeY,ExpTrialStim/Square_Square_B_8.png,Adam KNOWS there are TWO cubes,h,b,TB-K-B,2,2,0,2,2,0,0,0,0,2,B,-,SA2: SB3,SP: SB,0,182,182,253,NA,NA,NA,NA,NA,918.2460756000364,5.9290003264322e-4,918.9793740999884,919.079484899994,0.8323574000387453,921.0296030000318,921.4296254999936,921.5317666000336,921.5317666000336,b,1,0.8124781000078656,922.362725300016,922.362725300016,922.362725300016,922.362725300016,NA,NA,NA,NA,NA,NA,NA,026,001,2024-02-13_12h11.24.011,PsychoPy Exp,2023.1.2,60.025270649682234
RealityY,ExpTrialStim/Square_B_1.png,"In REALITY, there is ONE cube",h,b,TB-Ig,1,1,0,1,1,0,0,0,0,1,B,-,SA2,SG,0,183,183,20,NA,NA,NA,NA,NA,922.362725300016,0.00167829997371882,923.096204600006,923.1962679999996,0.8295030000153929,925.129524899996,925.5294227999984,925.6316928000306,925.6316928000306,b,1,0.6166790999704972,926.2794227999984,926.2794227999984,926.2794227999984,926.2794227999984,NA,NA,NA,NA,NA,NA,NA,026,001,2024-02-13_12h11.24.011,PsychoPy Exp,2023.1.2,60.025270649682234
KnowledgeY,ExpTrialStim/Square_Square_B_7.png,Adam KNOWS there are TWO cubes,h,b,TB-K-B,2,2,0,2,2,0,0,0,0,2,B,-,SA1: SB2,SG: SP,0,184,184,252,NA,NA,NA,NA,NA,926.2794227999984,4.0270003955811e-4,927.012833899993,927.1129752999988,0.831347800034564,929.0462235999876,929.446184200002,929.548371699988,929.548371699988,b,1,0.6831884999992326,930.2626047999948,930.2626047999948,930.2626047999948,930.2626047999948,NA,NA,NA,NA,NA,NA,NA,026,001,2024-02-13_12h11.24.011,PsychoPy Exp,2023.1.2,60.025270649682234
BeliefY,ExpTrialStim/Square_Square_NB_1.png,Adam THINKS there are TWO cubes,h,b,TB-K,2,2,0,2,2,0,0,0,0,2,NB,-,SA1: SB2,SP: SB,0,185,185,120,NA,NA,NA,NA,NA,930.2626047999948,4.3820001883432e-4,930.9961549,931.096156899992,0.8310946999699809,933.02960780001,933.429572699999,933.5316962000217,933.5316962000217,b,1,0.8842172999866307,934.4461927000084,934.4461927000084,934.4461927000084,934.4461927000084,NA,NA,NA,NA,NA,NA,NA,026,001,2024-02-13_12h11.24.011,PsychoPy Exp,2023.1.2,60.025270649682234
RealityY,ExpTrialStim/Triangle_B_Square_1.png,"In REALITY, there is ONE cube",h,b,FB-Ig,2,1,1,1,0,1,1,1,0,1,B,-,SC1: TA1,SB: TO,0,186,186,50,NA,NA,NA,NA,NA,934.4461927000084,0.00169019994791597,935.1794524000144,935.2795307000052,0.8295261999592185,937.2127286000176,937.6128155000042,937.7149233000237,937.7149233000237,b,1,1.132932000036817,938.8793524000212,938.8793524000212,938.8793524000212,938.8793524000212,NA,NA,NA,NA,NA,NA,NA,026,001,2024-02-13_12h11.24.011,PsychoPy Exp,2023.1.2,60.025270649682234
BeliefN,ExpTrialStim/Square_B_Triangle_2.png,Adam THINKS there are TWO cubes,b,h,TB-Ig,2,1,1,1,1,0,1,0,1,2,B,PropFalse,SD3: TD2,SP: TY,0,187,187,187,NA,NA,NA,NA,NA,938.8793524000212,3.8470001891255e-4,939.6127900999854,939.7127086999826,0.8314137000124902,941.6461849000189,942.0462021999992,942.148371600022,942.148371600022,h,1,1.195671499997843,943.3628423000335,943.3628423000335,943.3628423000335,943.3628423000335,NA,NA,NA,NA,NA,NA,NA,026,001,2024-02-13_12h11.24.011,PsychoPy Exp,2023.1.2,60.025270649682234
KnowledgeN,ExpTrialStim/Triangle_Triangle_NB_3.png,Adam KNOWS there are TWO cubes,b,h,TB-K,2,0,2,2,0,2,0,0,0,2,NB,PropFalse,TA3: TB1,TR: TY,0,188,188,278,NA,NA,NA,NA,NA,943.3628423000335,0.00166210002498701,944.0960532000172,944.196205299988,0.829529199982062,946.1295548999916,946.5295232000062,946.6316620000288,946.6316620000288,h,1,1.192244199977722,947.846146100026,947.846146100026,947.846146100026,947.846146100026,NA,NA,NA,NA,NA,NA,NA,026,001,2024-02-13_12h11.24.011,PsychoPy Exp,2023.1.2,60.025270649682234
BeliefN,ExpTrialStim/Square_Square_NB_2.png,Adam THINKS there are ZERO cubes,b,h,TB-K,2,2,0,2,2,0,0,0,0,0,NB,PropFalse,SA2: SB3,SB: SG,0,189,189,175,NA,NA,NA,NA,NA,947.846146100026,0.00164430000586435,948.5794372000382,948.6794140000128,0.8293517000274733,950.612712000031,951.0126888999948,951.115225800022,951.115225800022,h,1,1.0286234999657609,952.1627971000272,952.1627971000272,952.1627971000272,952.1627971000272,NA,NA,NA,NA,NA,NA,NA,026,001,2024-02-13_12h11.24.011,PsychoPy Exp,2023.1.2,60.025270649682234
KnowledgeY,ExpTrialStim/Square_NB_2.png,Adam KNOWS there is ONE cube,h,b,TB-K,1,1,0,1,1,0,0,0,0,1,NB,-,SA3,SP,0,190,190,220,NA,NA,NA,NA,NA,952.1627971000272,0.00152189994696527,952.8960484000272,952.9962487000156,0.8303195999469608,954.9294866999844,955.3295108000166,955.4316008000168,955.4316008000168,b,1,0.8646981999627315,956.3126050999854,956.3126050999854,956.3126050999854,956.3126050999854,NA,NA,NA,NA,NA,NA,NA,026,001,2024-02-13_12h11.24.011,PsychoPy Exp,2023.1.2,60.025270649682234
KnowledgeY,ExpTrialStim/Triangle_Triangle_NB_2.png,Adam KNOWS there are ZERO cubes,h,b,TB-K,2,0,2,2,0,2,0,0,0,0,NB,-,TA2: TB3,TO: TR,0,191,191,223,NA,NA,NA,NA,NA,956.3126050999854,0.00171449995832517,957.0460640999954,957.1461903000018,0.8294523999793455,959.0794117000188,959.479519799992,959.5816545999842,959.5816545999842,b,1,1.1307015999918804,960.7294218000025,960.7294218000025,960.7294218000025,960.7294218000025,NA,NA,NA,NA,NA,NA,NA,026,001,2024-02-13_12h11.24.011,PsychoPy Exp,2023.1.2,60.025270649682234
BeliefN,ExpTrialStim/Square_NB_1.png,Adam THINKS there are ZERO cubes,b,h,TB-K,1,1,0,1,1,0,0,0,0,0,NB,PropFalse,SA1,SB,0,192,192,165,NA,NA,NA,NA,NA,960.7294218000025,0.00169389997608959,961.4623848000192,961.562801000022,0.8332538999966346,963.496094800008,963.896014900005,963.9982471999828,963.9982471999828,h,1,1.073622299998533,965.09589599998435,965.09589599998435,965.09589599998435,965.09589599998435,NA,NA,NA,NA,NA,NA,NA,026,001,2024-02-13_12h11.24.011,PsychoPy Exp,2023.1.2,60.025270649682234
BeliefN,ExpTrialStim/Square_B_Square_3.png,Adam THINKS there are ZERO cubes,b,h,FB-Ig,2,2,0,1,1,0,1,1,0,0,B,PropFalse,SA3: SD1,SP: SB,0,193,193,206,NA,NA,NA,NA,NA,965.09589599998435,0.00165230000857263,965.8293582000188,965.929472799995,0.8295814000302926,967.8627742999817,968.2627002000228,968.364963800006,968.364963800006,h,1,1.2665294000180438,969.662565000006,969.662565000006,969.662565000006,969.662565000006,NA,NA,NA,NA,NA,NA,NA,026,001,2024-02-13_12h11.24.011,PsychoPy Exp,2023.1.2,60.025270649682234
RealityY,ExpTrialStim/Square_Square_NB_5.png,"In REALITY, there are TWO cubes",h,b,TB-K,2,2,0,2,2,0,0,0,0,2,NB,-,SA3: SB2,SB: SP,0,194,194,16,NA,NA,NA,NA,NA,969.662565000006,4.6540005132555e-4,970.3960520999972,970.4961639000104,0.831272900046315,972.4294566999888,972.829460899986,972.9315852000144,972.9315852000144,b,1,0.7398767999839038,973.6958678000374,973.6958678000374,973.6958678000374,973.6958678000374,NA,NA,NA,NA,NA,NA,NA,026,001,2024-02-13_12h11.24.011,PsychoPy Exp,2023.1.2,60.025270649682234
BeliefY,ExpTrialStim/Triangle_B_Square_1.png,Adam THINKS there are ZERO cubes,h,b,FB-Ig,2,1,1,1,0,1,1,1,0,0,B,-,SC1: TA1,SB: TO,0,195,195,158,NA,NA,NA,NA,NA,973.6958678000374,4.8479996621608e-4,974.4293725999888,974.5292799000164,0.8313605000148527,976.4626677000196,976.8627762999968,976.964998200012,976.964998200012,b,1,1.483134699985385,978.4794019000256,978.4794019000256,978.4794019000256,978.4794019000256,NA,NA,NA,NA,NA,NA,NA,026,001,2024-02-13_12h11.24.011,PsychoPy Exp,2023.1.2,60.025270649682234
RealityY,ExpTrialStim/Square_Square_NB_3.png,"In REALITY, there are TWO cubes",h,b,TB-K,2,2,0,2,2,0,0,0,0,2,NB,-,SA3: SB1,SG: SP,0,196,196,14,NA,NA,NA,NA,NA,978.4794019000256,0.00168280000798404,979.2126254999894,979.3126249000196,0.8293107000063173,981.2461523000384,981.6459470000118,981.7481934999814,981.7481934999814,b,1,0.7236660000053234,982.4960048000212,982.4960048000212,982.4960048000212,982.4960048000212,NA,NA,NA,NA,NA,NA,NA,026,001,2024-02-13_12h11.24.011,PsychoPy Exp,2023.1.2,60.025270649682234
RealityN,ExpTrialStim/Triangle_Triangle_NB_2.png,"In REALITY, there are TWO cubes",b,h,TB-K,2,0,2,2,0,2,0,0,0,2,NB,PropFalse,TA2: TB3,TO: TR,0,197,197,61,NA,NA,NA,NA,NA,982.4960048000212,0.00166389998048543,983.229337900004,983.329442700022,0.8296106999623589,985.262638300017,985.6627349000192,985.7648695000098,985.7648695000098,h,1,1.2189785999944434,987.0127487999852,987.0127487999852,987.0127487999852,987.0127487999852,NA,NA,NA,NA,NA,NA,NA,026,001,2024-02-13_12h11.24.011,PsychoPy Exp,2023.1.2,60.025270649682234
KnowledgeN,ExpTrialStim/Square_B_Square_1.png,Adam KNOWS there is ONE cube,b,h,FB-Ig,2,2,0,1,1,0,1,1,0,1,B,PropFalse,SA1: SC2,SG: SB,0,198,198,312,NA,NA,NA,NA,NA,987.0127487999852,0.00169900001492351,987.745935600018,987.8460855000304,0.8295936000067741,989.7792424000218,990.1793257999816,990.2814018999924,990.2814018999924,h,1,2.198652699997183,992.4960247999988,992.4960247999988,992.4960247999988,992.4960247999988,NA,NA,NA,NA,NA,NA,NA,026,001,2024-02-13_12h11.24.011,PsychoPy Exp,2023.1.2,60.025270649682234
RealityN,ExpTrialStim/Triangle_B_Square_3.png,"In REALITY, there are TWO cubes",b,h,FB-Ig,2,1,1,1,0,1,1,1,0,2,B,PropFalse,SD1: TA2,SG: TR,0,199,199,106,NA,NA,NA,NA,NA,992.4960247999988,0.00308770005358383,993.2291760999942,993.329410300008,0.8295109000173397,995.2625715000322,995.662549200002,995.7648530000006,995.7648530000006,h,1,1.466946900007315,997.2627039999934,997.2627039999934,997.2627039999934,997.2627039999934,NA,NA,NA,NA,NA,NA,NA,026,001,2024-02-13_12h11.24.011,PsychoPy Exp,2023.1.2,60.025270649682234
RealityY,ExpTrialStim/Triangle_Triangle_NB_3.png,"In REALITY, there are ZERO cubes",h,b,TB-K,2,0,2,2,0,2,0,0,0,0,NB,-,TA3: TB1,TR: TY,0,200,200,8,NA,NA,NA,NA,NA,997.2627039999934,0.00169359997380524,997.995958000014,998.0960667000036,0.8296223999932408,1000.0293822000384,1000.4292893999956,1000.5314612000366,1000.5314612000366,b,1,0.7647028000210412,1001.3126842000056,1001.3126842000056,1001.3126842000056,1001.3126842000056,NA,NA,NA,NA,NA,NA,NA,026,001,2024-02-13_12h11.24.011,PsychoPy Exp,2023.1.2,60.025270649682234
RealityN,ExpTrialStim/Square_Triangle_B_3.png,"In REALITY, there are TWO cubes",b,h,TB-K-B,2,1,1,2,1,1,0,0,0,2,B,PropFalse,SA3: TB1,SP: TY,0,201,201,90,NA,NA,NA,NA,NA,1001.3126842000056,0.00165659998310729,1002.0459271,1002.1460241000168,0.8295195999671705,1004.0793618999888,1004.4793113000342,1004.5815023999894,1004.5815023999894,h,1,1.3465670999721624,1005.9459421000211,1005.9459421000211,1005.9459421000211,1005.9459421000211,NA,NA,NA,NA,NA,NA,NA,026,001,2024-02-13_12h11.24.011,PsychoPy Exp,2023.1.2,60.025270649682234
RealityY,ExpTrialStim/Triangle_NB_2.png,"In REALITY, there are ZERO cubes",h,b,TB-K,1,0,1,1,0,1,0,0,0,0,NB,-,TA3,TY,0,202,202,1,NA,NA,NA,NA,NA,1005.9459421000211,0.00133679999271407,1006.6792340999818,1006.77935050003,0.830017999978736,1008.7124483000372,1009.112637299986,1009.2148432999966,1009.2148432999966,b,1,1.056714100006502,1010.2959824000136,1010.2959824000136,1010.2959824000136,1010.2959824000136,NA,NA,NA,NA,NA,NA,NA,026,001,2024-02-13_12h11.24.011,PsychoPy Exp,2023.1.2,60.025270649682234
BeliefY,ExpTrialStim/Square_B_2.png,Adam THINKS there is ONE cube,h,b,TB-Ig,1,1,0,1,1,0,0,0,0,1,B,-,SB2,SB,0,203,203,129,NA,NA,NA,NA,NA,1010.2959824000136,0.00170929997693747,1011.029267200036,1011.1292105999892,0.8293688999838196,1013.0625868000208,1013.4626848000336,1013.5647682999844,1013.5647682999844,b,1,2.163626800000202,1015.7459635999984,1015.7459635999984,1015.7459635999984,1015.7459635999984,NA,NA,NA,NA,NA,NA,NA,026,001,2024-02-13_12h11.24.011,PsychoPy Exp,2023.1.2,60.025270649682234
BeliefN,ExpTrialStim/Triangle_NB_3.png,Adam THINKS there are TWO cubes,b,h,TB-K,1,0,1,1,0,1,0,0,0,2,NB,PropFalse,TB2,TR,0,204,204,164,NA,NA,NA,NA,NA,1015.7459635999984,0.00169190001906827,1016.4792171000154,1016.5792852999876,0.8292808000114746,1018.5126686000148,1018.9125760000315,1019.014803600032,1019.014803600032,h,1,0.8976657000021078,1019.9291791000288,1019.9291791000288,1019.9291791000288,1019.9291791000288,NA,NA,NA,NA,NA,NA,NA,026,001,2024-02-13_12h11.24.011,PsychoPy Exp,2023.1.2,60.025270649682234
RealityN,ExpTrialStim/Square_Triangle_B_2.png,"In REALITY, there are TWO cubes",b,h,TB-K-B,2,1,1,2,1,1,0,0,0,2,B,PropFalse,SA2: TB3,SB: TO,0,205,205,89,NA,NA,NA,NA,NA,1019.9291791000288,0.00167129997862502,1020.6625743000186,1020.7627116999938,0.8293820999679156,1022.6958987999824,1023.0960204000004,1023.198132199992,1023.198132199992,h,1,1.105610299971886,1024.32908950001,1024.32908950001,1024.32908950001,1024.32908950001,NA,NA,NA,NA,NA,NA,NA,026,001,2024-02-13_12h11.24.011,PsychoPy Exp,2023.1.2,60.025270649682234
KnowledgeN,ExpTrialStim/Square_Square_NB_2.png,Adam KNOWS there are ZERO cubes,b,h,TB-K,2,2,0,2,2,0,0,0,0,0,NB,PropFalse,SA2: SB3,SB: SG,0,206,206,283,NA,NA,NA,NA,NA,1024.32908950001,0.00166429998353123,1025.0624459999965,1025.1624960000045,0.8293464999878779,1027.095883300004,1027.4959575000105,1027.5981403000187,1027.5981403000187,h,1,1.3055537000182085,1028.929202600033,1028.929202600033,1028.929202600033,1028.929202600033,NA,NA,NA,NA,NA,NA,NA,026,001,2024-02-13_12h11.24.011,PsychoPy Exp,2023.1.2,60.025270649682234
KnowledgeY,ExpTrialStim/Square_Triangle_B_11.png,Adam KNOWS there is ONE cube,h,b,FB-Ig,2,1,1,2,1,1,0,0,0,1,B,-,SB2: TA3,SG: TR,0,207,207,268,NA,NA,NA,NA,NA,1028.929202600033,0.00172040000325068,1029.6625134000203,1029.762612599996,0.8295304999919608,1031.6957995999835,1032.095890500001,1032.1980481999926,1032.1980481999926,b,1,0.7537773000076413,1032.9791586000356,1032.9791586000356,1032.9791586000356,1032.9791586000356,NA,NA,NA,NA,NA,NA,NA,026,001,2024-02-13_12h11.24.011,PsychoPy Exp,2023.1.2,60.025270649682234
RealityY,ExpTrialStim/Square_Square_B_2.png,"In REALITY, there are TWO cubes",h,b,TB-K-B,2,2,0,2,2,0,0,0,0,2,B,-,SA2: SB3,SB: SP,0,208,208,35,NA,NA,NA,NA,NA,1032.9791586000356,0.00151229999028146,1033.7124893,1033.812395200017,0.8299316999618895,1035.7459363000237,1036.145757100021,1036.2480315000284,1036.2480315000284,b,1,0.7756504999706522,1037.0457640999812,1037.0457640999812,1037.0457640999812,1037.0457640999812,NA,NA,NA,NA,NA,NA,NA,026,001,2024-02-13_12h11.24.011,PsychoPy Exp,2023.1.2,60.025270649682234
KnowledgeY,ExpTrialStim/Triangle_Triangle_B_6.png,Adam KNOWS there are ZERO cubes,h,b,TB-Ig,2,0,2,2,0,2,0,0,0,0,B,-,TA1: TB3,TO: TY,0,209,209,239,NA,NA,NA,NA,NA,1037.0457640999812,0.00167019997024908,1037.7791523000342,1037.8792708999829,0.8295793000143021,1039.8126776000136,1040.212486799981,1040.3147378999856,1040.3147378999856,b,1,0.9245695000281556,1041.2623358999845,1041.2623358999845,1041.2623358999845,1041.2623358999845,NA,NA,NA,NA,NA,NA,NA,026,001,2024-02-13_12h11.24.011,PsychoPy Exp,2023.1.2,60.025270649682234
BeliefY,ExpTrialStim/Square_Triangle_NB_2.png,Adam THINKS there is ONE cube,h,b,TB-K,2,1,1,2,1,1,0,0,0,1,NB,-,SB1: TB3,SB: TO,0,210,210,118,NA,NA,NA,NA,NA,1041.2623358999845,4.7299999278038e-4,1041.995684500027,1042.0959093000274,0.8310304000042379,1044.0292644000149,1044.4291563000295,1044.5313513000146,1044.5313513000146,b,1,1.1402751000132412,1045.6958517000312,1045.6958517000312,1045.6958517000312,1045.6958517000312,NA,NA,NA,NA,NA,NA,NA,026,001,2024-02-13_12h11.24.011,PsychoPy Exp,2023.1.2,60.025270649682234
RealityN,ExpTrialStim/Square_Square_NB_3.png,"In REALITY, there are ZERO cubes",b,h,TB-K,2,2,0,2,2,0,0,0,0,0,NB,PropFalse,SA3: SB1,SG: SP,0,211,211,68,NA,NA,NA,NA,NA,1045.6958517000312,0.00166120001813396,1046.4291364999954,1046.5292168000014,0.8296320000081323,1048.4626009000349,1048.8624564000056,1048.9647680000053,1048.9647680000053,h,1,1.4424516999861223,1050.4289795000225,1050.4289795000225,1050.4289795000225,1050.4289795000225,NA,NA,NA,NA,NA,NA,NA,026,001,2024-02-13_12h11.24.011,PsychoPy Exp,2023.1.2,60.025270649682234
RealityN,ExpTrialStim/Square_B_1.png,"In REALITY, there are ZERO cubes",b,h,TB-Ig,1,1,0,1,1,0,0,0,0,0,B,PropFalse,SA2,SG,0,212,212,74,NA,NA,NA,NA,NA,1050.4289795000225,4.7460000496357e-4,1051.1624358000115,1051.2625653999858,0.8311912000062875,1053.1956461000373,1053.5959660999945,1053.697925299988,1053.697925299988,h,1,1.9097112999879755,1055.6291491999873,1055.6291491999873,1055.6291491999873,1055.6291491999873,NA,NA,NA,NA,NA,NA,NA,026,001,2024-02-13_12h11.24.011,PsychoPy Exp,2023.1.2,60.025270649682234
KnowledgeN,ExpTrialStim/Triangle_B_Square_1.png,Adam KNOWS there are ZERO cubes,b,h,FB-Ig,2,1,1,1,0,1,1,1,0,0,B,PropFalse,SC1: TA1,SB: TO,0,213,213,320,NA,NA,NA,NA,NA,1055.6291491999873,0.00166230002650991,1056.3624726000126,1056.462294100027,0.8296689999988303,1058.3957278000307,1058.7959145000204,1058.8979346000124,1058.8979346000124,h,1,1.8936508999904615,1060.812515800004,1060.812515800004,1060.812515800004,1060.812515800004,NA,NA,NA,NA,NA,NA,NA,026,001,2024-02-13_12h11.24.011,PsychoPy Exp,2023.1.2,60.025270649682234
RealityN,ExpTrialStim/Triangle_Triangle_B_1.png,"In REALITY, there is ONE cube",b,h,TB-K-B,2,0,2,2,0,2,0,0,0,1,B,PropFalse,TA1: TB2,TY: TO,0,214,214,80,NA,NA,NA,NA,NA,1060.812515800004,0.0016804999904707,1061.5457350999932,1061.645903400029,0.829609900014475,1063.578902999987,1063.9791681999925,1064.0812312000198,1064.0812312000198,h,1,0.7100130999460816,1064.8123455999885,1064.8123455999885,1064.8123455999885,1064.8123455999885,NA,NA,NA,NA,NA,NA,NA,026,001,2024-02-13_12h11.24.011,PsychoPy Exp,2023.1.2,60.025270649682234
RealityN,ExpTrialStim/Square_Square_B_1.png,"In REALITY, there are ZERO cubes",b,h,TB-K-B,2,2,0,2,2,0,0,0,0,0,B,PropFalse,SA1: SB2,SP: SG,0,215,215,84,NA,NA,NA,NA,NA,1064.8123455999885,5.3790002129971e-4,1065.5457876999862,1065.645926600031,0.8311722000362352,1067.5791884000064,1067.9791694000014,1068.081239800027,1068.081239800027,h,1,0.8783570999512449,1068.979050600028,1068.979050600028,1068.979050600028,1068.979050600028,NA,NA,NA,NA,NA,NA,NA,026,001,2024-02-13_12h11.24.011,PsychoPy Exp,2023.1.2,60.025270649682234
RealityY,ExpTrialStim/Square_Square_B_1.png,"In REALITY, there are TWO cubes",h,b,TB-K-B,2,2,0,2,2,0,0,0,0,2,B,-,SA1: SB2,SP: SG,0,216,216,34,NA,NA,NA,NA,NA,1068.979050600028,0.00173279998125508,1069.7124021000343,1069.81247970002,0.8294795999536291,1071.745668800024,1072.1457813000306,1072.2478596,1072.2478596,b,1,0.8318380999844521,1073.095697599987,1073.095697599987,1073.095697599987,1073.095697599987,NA,NA,NA,NA,NA,NA,NA,026,001,2024-02-13_12h11.24.011,PsychoPy Exp,2023.1.2,60.025270649682234
BeliefN,ExpTrialStim/Square_NB_3.png,Adam THINKS there are TWO cubes,b,h,TB-K,1,1,0,1,1,0,0,0,0,2,NB,PropFalse,SB2,SG,0,217,217,167,NA,NA,NA,NA,NA,1073.095697599987,0.00150959996972233,1073.82905390003,1073.9292516999994,0.829828699992504,1075.8624884000164,1076.2624090000172,1076.364551000006,1076.364551000006,h,1,1.0429556000162847,1077.4290674999938,1077.4290674999938,1077.4290674999938,1077.4290674999938,NA,NA,NA,NA,NA,NA,NA,026,001,2024-02-13_12h11.24.011,PsychoPy Exp,2023.1.2,60.025270649682234
KnowledgeY,ExpTrialStim/Square_Square_NB_6.png,Adam KNOWS there are TWO cubes,h,b,TB-K,2,2,0,2,2,0,0,0,0,2,NB,-,SA1: SB3,SG: SB,0,218,218,233,NA,NA,NA,NA,NA,1077.4290674999938,0.00170579995028674,1078.1623675000155,1078.262314499996,0.8298426999826916,1080.1958437000285,1080.5957410000265,1080.697885600035,1080.697885600035,b,1,0.7333026999840513,1081.4621513999882,1081.4621513999882,1081.4621513999882,1081.4621513999882,NA,NA,NA,NA,NA,NA,NA,026,001,2024-02-13_12h11.24.011,PsychoPy Exp,2023.1.2,60.025270649682234
BeliefN,ExpTrialStim/Square_B_Square_2.png,Adam THINKS there are ZERO cubes,b,h,FB-Ig,2,2,0,1,1,0,1,1,0,0,B,PropFalse,SA2: SC3,SB: SP,0,219,219,205,NA,NA,NA,NA,NA,1081.4621513999882,5.2820000564679e-4,1082.195543800015,1082.2956151000108,0.8313672000076622,1084.229123099998,1084.6291805999936,1084.7313196000175,1084.7313196000175,h,1,1.0042113999952562,1085.7622129000374,1085.7622129000374,1085.7622129000374,1085.7622129000374,NA,NA,NA,NA,NA,NA,NA,026,001,2024-02-13_12h11.24.011,PsychoPy Exp,2023.1.2,60.025270649682234
RealityY,ExpTrialStim/Triangle_B_Square_3.png,"In REALITY, there is ONE cube",h,b,FB-Ig,2,1,1,1,0,1,1,1,0,1,B,-,SD1: TA2,SG: TR,0,220,220,52,NA,NA,NA,NA,NA,1085.7622129000374,0.00178340001730248,1086.4956586000044,1086.5956222999955,0.8294442999758758,1088.5291132000275,1088.9289280000376,1089.031161700026,1089.031161700026,b,1,1.0561019000015222,1090.1123994000372,1090.1123994000372,1090.1123994000372,1090.1123994000372,NA,NA,NA,NA,NA,NA,NA,026,001,2024-02-13_12h11.24.011,PsychoPy Exp,2023.1.2,60.025270649682234
KnowledgeY,ExpTrialStim/Square_Triangle_B_5.png,Adam KNOWS there is ONE cube,h,b,FB-Ig,2,1,1,2,1,1,0,0,0,1,B,-,SB2: TA1,SG: TR,0,221,221,262,NA,NA,NA,NA,NA,1090.1123994000372,0.00344559998484328,1090.8455470000044,1090.9458920999896,0.8299974999972619,1092.879096299992,1093.2789156000365,1093.3812070999993,1093.3812070999993,b,1,1.042263399984222,1094.4457222000349,1094.4457222000349,1094.4457222000349,1094.4457222000349,NA,NA,NA,NA,NA,NA,NA,026,001,2024-02-13_12h11.24.011,PsychoPy Exp,2023.1.2,60.025270649682234
KnowledgeN,ExpTrialStim/Square_Triangle_NB_1.png,Adam KNOWS there are ZERO cubes,b,h,TB-K,2,1,1,2,1,1,0,0,0,0,NB,PropFalse,SA2: TB1,SG: TR,0,222,222,279,NA,NA,NA,NA,NA,1094.4457222000349,0.00218760001007467,1095.1790109000283,1095.2791110000107,0.8296137999859639,1097.2124163000262,1097.6124152999837,1097.7145746999886,1097.7145746999886,h,1,0.956904599966947,1098.695690100023,1098.695690100023,1098.695690100023,1098.695690100023,NA,NA,NA,NA,NA,NA,NA,026,001,2024-02-13_12h11.24.011,PsychoPy Exp,2023.1.2,60.025270649682234
KnowledgeN,ExpTrialStim/B_Square_3.png,Adam KNOWS there is ONE cube,b,h,FB-Ig,1,1,0,0,0,0,1,1,0,1,B,PropTrueNoKnowledge,SD1,SP,0,223,223,310,NA,NA,NA,NA,NA,1098.695690100023,0.0019357000128366,1099.4289048000355,1099.5289292000234,0.829515999997966,1101.4623909000074,1101.8623464999837,1101.9644404000137,1101.9644404000137,h,1,1.0507587000029162,1103.0456027000328,1103.0456027000328,1103.0456027000328,1103.0456027000328,NA,NA,NA,NA,NA,NA,NA,026,001,2024-02-13_12h11.24.011,PsychoPy Exp,2023.1.2,60.025270649682234
KnowledgeN,ExpTrialStim/Square_B_Square_5.png,Adam KNOWS there are TWO cubes,b,h,FB-Ig,2,2,0,1,1,0,1,1,0,2,B,PropTrueNoKnowledge,SB2: SD3,SB: SG,0,224,224,316,NA,NA,NA,NA,NA,1103.0456027000328,0.00147839996498078,1103.7789516000194,1103.879060100007,0.8301207000040449,1105.8124497000244,1106.2123352999915,1106.31444560003,1106.31444560003,h,1,1.972685399989132,1108.3121326999972,1108.3121326999972,1108.3121326999972,1108.3121326999972,NA,NA,NA,NA,NA,NA,NA,026,001,2024-02-13_12h11.24.011,PsychoPy Exp,2023.1.2,60.025270649682234
KnowledgeN,ExpTrialStim/Triangle_Triangle_B_12.png,Adam KNOWS there are TWO cubes,b,h,TB-K-B,2,0,2,2,0,2,0,0,0,2,B,PropFalse,TA1: TB3,TY: TR,0,225,225,299,NA,NA,NA,NA,NA,1108.3121326999972,4.649999900721e-4,1109.045606300002,1109.1457301999908,0.8312646999838762,1111.0790863999864,1111.4790500000236,1111.5811148000066,1111.5811148000066,h,1,1.1863741999841295,1112.795688299986,1112.795688299986,1112.795688299986,1112.795688299986,NA,NA,NA,NA,NA,NA,NA,026,001,2024-02-13_12h11.24.011,PsychoPy Exp,2023.1.2,60.025270649682234
RealityY,ExpTrialStim/Square_Square_NB_2.png,"In REALITY, there are TWO cubes",h,b,TB-K,2,2,0,2,2,0,0,0,0,2,NB,-,SA2: SB3,SB: SG,0,226,226,13,NA,NA,NA,NA,NA,1112.795688299986,0.00190690002636984,1113.528982700023,1113.6290385000175,0.8295944000128657,1115.5623516000342,1115.9622358999914,1116.064330400026,1116.064330400026,b,1,0.7670935000060126,1116.8621128000086,1116.8621128000086,1116.8621128000086,1116.8621128000086,NA,NA,NA,NA,NA,NA,NA,026,001,2024-02-13_12h11.24.011,PsychoPy Exp,2023.1.2,60.025270649682234
RealityY,ExpTrialStim/Square_B_Triangle_1.png,"In REALITY, there is ONE cube",h,b,TB-Ig,2,1,1,1,1,0,1,0,1,1,B,-,SB1: TD3,SB: TO,0,227,227,24,NA,NA,NA,NA,NA,1116.8621128000086,4.0100002661347e-4,1117.595634300029,1117.6956877000048,0.831257599988021,1119.629012599995,1120.0289096999911,1120.1311684999964,1120.1311684999964,b,1,0.8679007000173442,1121.0288152000285,1121.0288152000285,1121.0288152000285,1121.0288152000285,NA,NA,NA,NA,NA,NA,NA,026,001,2024-02-13_12h11.24.011,PsychoPy Exp,2023.1.2,60.025270649682234
BeliefN,ExpTrialStim/Triangle_B_Triangle_2.png,Adam THINKS there are TWO cubes,b,h,TB-Ig,2,0,2,1,0,1,1,0,1,2,B,PropFalse,TB1: TC2,TO: TY,0,228,228,185,NA,NA,NA,NA,NA,1121.0288152000285,0.00102610001340508,1121.762231300003,1121.8623323999927,0.8305440000258386,1123.7956854000222,1124.195669000037,1124.2977559000135,1124.2977559000135,h,1,0.9892484999727458,1125.3120287000202,1125.3120287000202,1125.3120287000202,1125.3120287000202,NA,NA,NA,NA,NA,NA,NA,026,001,2024-02-13_12h11.24.011,PsychoPy Exp,2023.1.2,60.025270649682234
KnowledgeY,ExpTrialStim/Square_Square_NB_2.png,Adam KNOWS there are TWO cubes,h,b,TB-K,2,2,0,2,2,0,0,0,0,2,NB,-,SA2: SB3,SB: SG,0,229,229,229,NA,NA,NA,NA,NA,1125.3120287000202,4.0999997872859e-4,1126.0453861000133,1126.145674700034,0.8313792999833822,1128.0789922000258,1128.4788688999834,1128.5813706000336,1128.5813706000336,b,1,1.0020437000202946,1129.6120661000025,1129.6120661000025,1129.6120661000025,1129.6120661000025,NA,NA,NA,NA,NA,NA,NA,026,001,2024-02-13_12h11.24.011,PsychoPy Exp,2023.1.2,60.025270649682234
RealityN,ExpTrialStim/B_Square_2.png,"In REALITY, there are TWO cubes",b,h,FB-Ig,1,1,0,0,0,0,1,1,0,2,B,PropFalse,SC3,SG,0,230,230,93,NA,NA,NA,NA,NA,1129.6120661000025,0.00165659998310729,1130.345563800016,1130.4455038000017,0.8292874000035226,1132.379035399994,1132.7789914000314,1132.8810469000018,1132.8810469000018,h,1,0.6223224999848753,1133.5286409999826,1133.5286409999826,1133.5286409999826,1133.5286409999826,NA,NA,NA,NA,NA,NA,NA,026,001,2024-02-13_12h11.24.011,PsychoPy Exp,2023.1.2,60.025270649682234
RealityY,ExpTrialStim/Square_B_Square_4.png,"In REALITY, there are TWO cubes",h,b,FB-Ig,2,2,0,1,1,0,1,1,0,2,B,-,SB1: SD2,SG: SP,0,231,231,45,NA,NA,NA,NA,NA,1133.5286409999826,0.0019099999917671,1134.262141200015,1134.3623511000187,0.8288640999817289,1136.2954411000246,1136.6955313000362,1136.797626100015,1136.797626100015,b,1,1.1778223000001162,1137.995429100003,1137.995429100003,1137.995429100003,1137.995429100003,NA,NA,NA,NA,NA,NA,NA,026,001,2024-02-13_12h11.24.011,PsychoPy Exp,2023.1.2,60.025270649682234
BeliefN,ExpTrialStim/Square_B_Square_6.png,Adam THINKS there are TWO cubes,b,h,FB-Ig,2,2,0,1,1,0,1,1,0,2,B,PropTrueNoBelief,SB3: SC1,SP: SG,0,232,232,209,NA,NA,NA,NA,NA,1137.995429100003,0.0018916999688372,1138.7288968000212,1138.8289632000378,0.8295542999985628,1140.762297599984,1141.1623079000274,1141.2644377999825,1141.2644377999825,h,1,0.9664998999796808,1142.2619978000291,1142.2619978000291,1142.2619978000291,1142.2619978000291,NA,NA,NA,NA,NA,NA,NA,026,001,2024-02-13_12h11.24.011,PsychoPy Exp,2023.1.2,60.025270649682234
KnowledgeN,ExpTrialStim/Square_B_Square_4.png,Adam KNOWS there are TWO cubes,b,h,FB-Ig,2,2,0,1,1,0,1,1,0,2,B,PropTrueNoKnowledge,SB1: SD2,SG: SP,0,233,233,315,NA,NA,NA,NA,NA,1142.2619978000291,4.9180001951754e-4,1142.9954765000148,1143.0956320000114,0.8311975999968126,1145.028781000001,1145.4289578000316,1145.5310161000234,1145.5310161000234,h,1,1.196713200013619,1146.745331400016,1146.745331400016,1146.745331400016,1146.745331400016,NA,NA,NA,NA,NA,NA,NA,026,001,2024-02-13_12h11.24.011,PsychoPy Exp,2023.1.2,60.025270649682234
RealityN,ExpTrialStim/Square_B_Square_1.png,"In REALITY, there are ZERO cubes",b,h,FB-Ig,2,2,0,1,1,0,1,1,0,0,B,PropFalse,SA1: SC2,SG: SB,0,234,234,96,NA,NA,NA,NA,NA,1146.745331400016,0.00177839997923001,1147.478818500007,1147.5787813999923,0.8294291999773122,1149.512298799993,1149.912147200026,1150.0142837000312,1150.0142837000312,h,1,0.8168571999995038,1150.8621975000133,1150.8621975000133,1150.8621975000133,1150.8621975000133,NA,NA,NA,NA,NA,NA,NA,026,001,2024-02-13_12h11.24.011,PsychoPy Exp,2023.1.2,60.025270649682234
KnowledgeN,ExpTrialStim/Square_Square_B_12.png,Adam KNOWS there is ONE cube,b,h,TB-K-B,2,2,0,2,2,0,0,0,0,1,B,PropFalse,SA1: SB3,SP: SG,0,235,235,303,NA,NA,NA,NA,NA,1150.8621975000133,0.00193719996605068,1151.5954856000026,1151.6954512000084,0.8293500000145286,1153.6289136999983,1154.02886890003,1154.1309750000364,1154.1309750000364,h,1,0.9485658999765292,1155.09548920003,1155.09548920003,1155.09548920003,1155.09548920003,NA,NA,NA,NA,NA,NA,NA,026,001,2024-02-13_12h11.24.011,PsychoPy Exp,2023.1.2,60.025270649682234
KnowledgeY,ExpTrialStim/Triangle_Triangle_B_4.png,Adam KNOWS there are ZERO cubes,h,b,TB-Ig,2,0,2,2,0,2,0,0,0,0,B,-,TA2: TB1,TY: TR,0,236,236,237,NA,NA,NA,NA,NA,1155.09548920003,0.00163489999249577,1155.8288070000126,1155.928885500005,0.8293291000300087,1157.8621548000374,1158.2622803000268,1158.3643901000032,1158.3643901000032,b,1,1.1791505999863148,1159.5621993000386,1159.5621993000386,1159.5621993000386,1159.5621993000386,NA,NA,NA,NA,NA,NA,NA,026,001,2024-02-13_12h11.24.011,PsychoPy Exp,2023.1.2,60.025270649682234
RealityN,ExpTrialStim/Square_Square_B_4.png,"In REALITY, there is ONE cube",b,h,TB-K-B,2,2,0,2,2,0,0,0,0,1,B,PropFalse,SA2: SB1,SG: SP,0,237,237,87,NA,NA,NA,NA,NA,1159.5621993000386,0.00190259999362751,1160.295482299989,1160.3954754000297,0.829330199980177,1162.328948499984,1162.7288453000365,1162.831014800002,1162.831014800002,h,1,0.8882666999706998,1163.7455375000136,1163.7455375000136,1163.7455375000136,1163.7455375000136,NA,NA,NA,NA,NA,NA,NA,026,001,2024-02-13_12h11.24.011,PsychoPy Exp,2023.1.2,60.025270649682234
KnowledgeN,ExpTrialStim/Square_Square_B_9.png,Adam KNOWS there are ZERO cubes,b,h,TB-K-B,2,2,0,2,2,0,0,0,0,0,B,PropFalse,SA3: SB1,SB: SG,0,238,238,300,NA,NA,NA,NA,NA,1163.7455375000136,0.00179109995951876,1164.478792799986,1164.578879699984,0.829529199982062,1166.5122377999942,1166.9122053000028,1167.0143258000026,1167.0143258000026,h,1,1.8086928999982776,1168.8454514000332,1168.8454514000332,1168.8454514000332,1168.8454514000332,NA,NA,NA,NA,NA,NA,NA,026,001,2024-02-13_12h11.24.011,PsychoPy Exp,2023.1.2,60.025270649682234
KnowledgeN,ExpTrialStim/Square_Square_NB_1.png,Adam KNOWS there are ZERO cubes,b,h,TB-K,2,2,0,2,2,0,0,0,0,0,NB,PropFalse,SA1: SB2,SP: SB,0,239,239,282,NA,NA,NA,NA,NA,1168.8454514000332,0.00111219997052103,1169.5787150000106,1169.6788815000327,0.8305640000035055,1171.6121241000365,1172.0122117000285,1172.1141888999846,1172.1141888999846,h,1,1.00512719998369,1173.1454756000312,1173.1454756000312,1173.1454756000312,1173.1454756000312,NA,NA,NA,NA,NA,NA,NA,026,001,2024-02-13_12h11.24.011,PsychoPy Exp,2023.1.2,60.025270649682234
KnowledgeN,ExpTrialStim/Square_Square_NB_6.png,Adam KNOWS there is ONE cube,b,h,TB-K,2,2,0,2,2,0,0,0,0,1,NB,PropFalse,SA1: SB3,SG: SB,0,240,240,287,NA,NA,NA,NA,NA,1173.1454756000312,0.00189650000538676,1173.8787724000283,1173.9788380999817,0.8295936000067741,1175.9122185999877,1176.3122034000116,1176.414350999985,1176.414350999985,h,1,0.7849004000308923,1177.2287143000283,1177.2287143000283,1177.2287143000283,1177.2287143000283,NA,NA,NA,NA,NA,NA,NA,026,001,2024-02-13_12h11.24.011,PsychoPy Exp,2023.1.2,60.025270649682234
BeliefN,ExpTrialStim/Triangle_NB_2.png,Adam THINKS there is ONE cube,b,h,TB-K,1,0,1,1,0,1,0,0,0,1,NB,PropFalse,TA3,TY,0,241,241,163,NA,NA,NA,NA,NA,1177.2287143000283,0.00169270002515986,1177.9620767000015,1178.062165100011,0.8298795000300743,1179.9955462000216,1180.3955481000012,1180.4976524999947,1180.4976524999947,h,1,1.3895992999896407,1181.9120857000237,1181.9120857000237,1181.9120857000237,1181.9120857000237,NA,NA,NA,NA,NA,NA,NA,026,001,2024-02-13_12h11.24.011,PsychoPy Exp,2023.1.2,60.025270649682234
BeliefY,ExpTrialStim/Square_B_Square_2.png,Adam THINKS there is ONE cube,h,b,FB-Ig,2,2,0,1,1,0,1,1,0,1,B,-,SA2: SC3,SB: SP,0,242,242,151,NA,NA,NA,NA,NA,1181.9120857000237,0.00162900000577792,1182.6454020999954,1182.745562500029,0.8296000999980606,1184.67884030001,1185.0787947000354,1185.1808894000133,1185.1808894000133,b,1,0.954051399952732,1186.16238470003,NA,1186.16238470003,NA,space,2.540869999967981,NA,NA,NA,NA,NA,026,001,2024-02-13_12h11.24.011,PsychoPy Exp,2023.1.2,60.025270649682234
KnowledgeN,ExpTrialStim/Square_B_Square_3.png,Adam KNOWS there are TWO cubes,b,h,FB-Ig,2,2,0,1,1,0,1,1,0,2,B,PropTrueNoKnowledge,SA3: SD1,SP: SB,0,243,243,314,NA,NA,NA,NA,NA,1188.7287234999822,0.00206720002461224,1189.4617411000072,1189.5621599000297,0.8317499000113457,1191.4955053000012,1191.8954300000332,1191.9975378999952,1191.9975378999952,h,1,1.1140487999655306,1193.1285587000311,1193.1285587000311,1193.1285587000311,1193.1285587000311,NA,NA,NA,NA,NA,NA,NA,026,001,2024-02-13_12h11.24.011,PsychoPy Exp,2023.1.2,60.025270649682234
BeliefN,ExpTrialStim/Square_Square_B_7.png,Adam THINKS there are ZERO cubes,b,h,TB-K-B,2,2,0,2,2,0,0,0,0,0,B,PropFalse,SA1: SB2,SG: SP,0,244,244,194,NA,NA,NA,NA,NA,1193.1285587000311,9.9399994360283e-4,1193.862020200002,1193.9620308000012,0.8296637999592349,1195.895510000002,1196.2954714000225,1196.3976717999903,1196.3976717999903,h,1,1.6979453999665566,1198.1120576999965,1198.1120576999965,1198.1120576999965,1198.1120576999965,NA,NA,NA,NA,NA,NA,NA,026,001,2024-02-13_12h11.24.011,PsychoPy Exp,2023.1.2,60.025270649682234
KnowledgeN,ExpTrialStim/Square_Square_NB_3.png,Adam KNOWS there are ZERO cubes,b,h,TB-K,2,2,0,2,2,0,0,0,0,0,NB,PropFalse,SA3: SB1,SG: SP,0,245,245,284,NA,NA,NA,NA,NA,1198.1120576999965,0.00166559999343007,1198.8453722000122,1198.9453148000175,0.8294480000040494,1200.8786285999813,1201.278794999991,1201.3807562000002,1201.3807562000002,h,1,1.362675999989733,1202.7619060000288,1202.7619060000288,1202.7619060000288,1202.7619060000288,NA,NA,NA,NA,NA,NA,NA,026,001,2024-02-13_12h11.24.011,PsychoPy Exp,2023.1.2,60.025270649682234
RealityY,ExpTrialStim/Square_NB_3.png,"In REALITY, there is ONE cube",h,b,TB-K,1,1,0,1,1,0,0,0,0,1,NB,-,SB2,SG,0,246,246,5,NA,NA,NA,NA,NA,1202.7619060000288,0.00168670003768056,1203.495395600039,1203.595431099995,0.8295573000214063,1205.5286807999946,1205.928754499997,1206.0309065000038,1206.0309065000038,b,1,0.7361930999904871,1206.7952570000198,1206.7952570000198,1206.7952570000198,1206.7952570000198,NA,NA,NA,NA,NA,NA,NA,026,001,2024-02-13_12h11.24.011,PsychoPy Exp,2023.1.2,60.025270649682234
KnowledgeN,ExpTrialStim/Square_Triangle_B_9.png,Adam KNOWS there are ZERO cubes,b,h,TB-K-B,2,1,1,2,1,1,0,0,0,0,B,PropFalse,SA3: TB2,SG: TR,0,247,247,304,NA,NA,NA,NA,NA,1206.7952570000198,0.00151129998266696,1207.5286186999874,1207.6286477000103,0.8298765000072308,1209.5621188000075,1209.962087300024,1210.064217300038,1210.064217300038,h,1,1.1429745000205005,1211.228706500027,1211.228706500027,1211.228706500027,1211.228706500027,NA,NA,NA,NA,NA,NA,NA,026,001,2024-02-13_12h11.24.011,PsychoPy Exp,2023.1.2,60.025270649682234
KnowledgeN,ExpTrialStim/Square_Triangle_B_10.png,Adam KNOWS there are TWO cubes,b,h,TB-K-B,2,1,1,2,1,1,0,0,0,2,B,PropFalse,SB1: TA2,SP: TY,0,248,248,305,NA,NA,NA,NA,NA,1211.228706500027,0.00173339998582378,1211.9619316000026,1212.0621041000122,0.8295706999488175,1213.9952955000335,1214.395415899984,1214.4975572000258,1214.4975572000258,h,1,1.2693381999852136,1215.7951795000115,1215.7951795000115,1215.7951795000115,1215.7951795000115,NA,NA,NA,NA,NA,NA,NA,026,001,2024-02-13_12h11.24.011,PsychoPy Exp,2023.1.2,60.025270649682234
RealityY,ExpTrialStim/Square_B_Square_3.png,"In REALITY, there are TWO cubes",h,b,FB-Ig,2,2,0,1,1,0,1,1,0,2,B,-,SA3: SD1,SP: SB,0,249,249,44,NA,NA,NA,NA,NA,1215.7951795000115,0.00146140001015737,1216.5286045999965,1216.6287886000357,0.8297132000443526,1218.562080000003,1218.9620016000115,1219.0640687000125,1219.0640687000125,b,1,0.6070744000026025,1219.6953318000303,1219.6953318000303,1219.6953318000303,1219.6953318000303,NA,NA,NA,NA,NA,NA,NA,026,001,2024-02-13_12h11.24.011,PsychoPy Exp,2023.1.2,60.025270649682234
KnowledgeN,ExpTrialStim/Triangle_Triangle_B_9.png,Adam KNOWS there is ONE cube,b,h,TB-K-B,2,0,2,2,0,2,0,0,0,1,B,PropFalse,TA3: TB1,TO: TR,0,250,250,296,NA,NA,NA,NA,NA,1219.6953318000303,0.00168320001102983,1220.4284575000056,1220.5287090000347,0.8295545000000857,1222.4620984999929,1222.8620793999871,1222.9641747000278,1222.9641747000278,h,1,1.7550024999654852,1224.7453477000236,1224.7453477000236,1224.7453477000236,1224.7453477000236,NA,NA,NA,NA,NA,NA,NA,026,001,2024-02-13_12h11.24.011,PsychoPy Exp,2023.1.2,60.025270649682234
RealityN,ExpTrialStim/Square_Square_NB_6.png,"In REALITY, there is ONE cube",b,h,TB-K,2,2,0,2,2,0,0,0,0,1,NB,PropFalse,SA1: SB3,SG: SB,0,251,251,71,NA,NA,NA,NA,NA,1224.7453477000236,0.00168899999698624,1225.47857690003,1225.5786795000313,0.8296035999665037,1227.512038099987,1227.9120409000316,1228.0141111999983,1228.0141111999983,h,1,0.8812961999792606,1228.9118378999992,1228.9118378999992,1228.9118378999992,1228.9118378999992,NA,NA,NA,NA,NA,NA,NA,026,001,2024-02-13_12h11.24.011,PsychoPy Exp,2023.1.2,60.025270649682234
KnowledgeY,ExpTrialStim/Triangle_Triangle_B_1.png,Adam KNOWS there are ZERO cubes,h,b,TB-Ig,2,0,2,2,0,2,0,0,0,0,B,-,TA1: TB2,TY: TO,0,252,252,234,NA,NA,NA,NA,NA,1228.9118378999992,3.768999595195e-4,1229.6452626999817,1229.7453941000276,0.8309956999728456,1231.6787296999828,1232.0787216000026,1232.1809195000096,1232.1809195000096,b,1,3.698106599971652,1235.8951900000102,1235.8951900000102,1235.8951900000102,1235.8951900000102,NA,NA,NA,NA,NA,NA,NA,026,001,2024-02-13_12h11.24.011,PsychoPy Exp,2023.1.2,60.025270649682234
BeliefY,ExpTrialStim/Square_Square_B_5.png,Adam THINKS there are TWO cubes,h,b,TB-K-B,2,2,0,2,2,0,0,0,0,2,B,-,SA3: SB2,SP: SB,0,253,253,138,NA,NA,NA,NA,NA,1235.8951900000102,3.7239998346194e-4,1236.6286148999934,1236.728700000036,0.8312895999988541,1238.6620238000178,1239.061875000014,1239.1642135999864,1239.1642135999864,b,1,1.6832772999769077,1240.8785503000254,1240.8785503000254,1240.8785503000254,1240.8785503000254,NA,NA,NA,NA,NA,NA,NA,026,001,2024-02-13_12h11.24.011,PsychoPy Exp,2023.1.2,60.025270649682234
RealityN,ExpTrialStim/Triangle_NB_2.png,"In REALITY, there is ONE cube",b,h,TB-K,1,0,1,1,0,1,0,0,0,1,NB,PropFalse,TA3,TY,0,254,254,55,NA,NA,NA,NA,NA,1240.8785503000254,0.00150480004958808,1241.611846100015,1241.71190200001,0.8299053000519052,1243.6451859000372,1244.045252999989,1244.1474377000122,1244.1474377000122,h,1,0.9556114000151864,1245.128351100022,1245.128351100022,1245.128351100022,1245.128351100022,NA,NA,NA,NA,NA,NA,NA,026,001,2024-02-13_12h11.24.011,PsychoPy Exp,2023.1.2,60.025270649682234
BeliefY,ExpTrialStim/Square_Square_B_3.png,Adam THINKS there are TWO cubes,h,b,TB-K-B,2,2,0,2,2,0,0,0,0,2,B,-,SA3: SB1,SG: SB,0,255,255,136,NA,NA,NA,NA,NA,1245.128351100022,0.00172519998159259,1245.8618444000022,1245.961843200028,0.8295252000098117,1247.895353800035,1248.2952875000192,1248.3973424999858,1248.3973424999858,b,1,1.441338200005703,1249.861598699994,1249.861598699994,1249.861598699994,1249.861598699994,NA,NA,NA,NA,NA,NA,NA,026,001,2024-02-13_12h11.24.011,PsychoPy Exp,2023.1.2,60.025270649682234
KnowledgeN,ExpTrialStim/Triangle_B_1.png,Adam KNOWS there are ZERO cubes,b,h,TB-Ig,1,0,1,2,0,2,0,0,0,0,B,PropTrueNoKnowledge,TA2,TR,0,256,256,288,NA,NA,NA,NA,NA,1249.861598699994,4.0699995588511e-4,1250.5952484000009,1250.695382100006,0.8311994999530725,1252.6285424000234,1253.0285985000082,1253.1306645000004,1253.1306645000004,h,1,3.997468299989123,1257.1450799999875,1257.1450799999875,1257.1450799999875,1257.1450799999875,NA,NA,NA,NA,NA,NA,NA,026,001,2024-02-13_12h11.24.011,PsychoPy Exp,2023.1.2,60.025270649682234
RealityN,ExpTrialStim/Square_Square_NB_4.png,"In REALITY, there is ONE cube",b,h,TB-K,2,2,0,2,2,0,0,0,0,1,NB,PropFalse,SA2: SB1,SP: SG,0,257,257,69,NA,NA,NA,NA,NA,1257.1450799999875,0.00167819997295737,1257.8785184000153,1257.9786192000029,0.8293178000021726,1259.9119045999832,1260.31193299999,1260.4140232999926,1260.4140232999926,h,1,1.1210103000048548,1261.5637471000082,1261.5637471000082,1261.5637471000082,1261.5637471000082,NA,NA,NA,NA,NA,NA,NA,026,001,2024-02-13_12h11.24.011,PsychoPy Exp,2023.1.2,60.025270649682234
RealityY,ExpTrialStim/Square_NB_1.png,"In REALITY, there is ONE cube",h,b,TB-K,1,1,0,1,1,0,0,0,0,1,NB,-,SA1,SB,0,258,258,3,NA,NA,NA,NA,NA,1261.5637471000082,7.5969996396452e-4,1262.2951938000042,1262.3952993000275,0.8303143999655731,1264.3285620000097,1264.7284855000323,1264.830708399997,1264.830708399997,b,1,2.072376200056169,1266.9285036000074,1266.9285036000074,1266.9285036000074,1266.9285036000074,NA,NA,NA,NA,NA,NA,NA,026,001,2024-02-13_12h11.24.011,PsychoPy Exp,2023.1.2,60.025270649682234
KnowledgeN,ExpTrialStim/Triangle_B_Square_4.png,Adam KNOWS there is ONE cube,b,h,FB-Ig,2,1,1,1,0,1,1,1,0,1,B,PropTrueNoKnowledge,SD3: TB1,SB: TO,0,259,259,323,NA,NA,NA,NA,NA,1266.9285036000074,0.0016950000426732,1267.6618455999997,1267.7619684000383,0.8296484000165947,1269.6952533000149,1270.095253699983,1270.1973959000316,1270.1973959000316,h,1,1.385706199973356,1271.6118724999833,1271.6118724999833,1271.6118724999833,1271.6118724999833,NA,NA,NA,NA,NA,NA,NA,026,001,2024-02-13_12h11.24.011,PsychoPy Exp,2023.1.2,60.025270649682234
RealityN,ExpTrialStim/Triangle_NB_3.png,"In REALITY, there are TWO cubes",b,h,TB-K,1,0,1,1,0,1,0,0,0,2,NB,PropFalse,TB2,TR,0,260,260,56,NA,NA,NA,NA,NA,1271.6118724999833,0.00168599997414276,1272.3450821000151,1272.445274400001,0.829618500021752,1274.3784374000388,1274.778555900033,1274.8805995000291,1274.8805995000291,h,1,1.3505097000161186,1276.2618796000024,1276.2618796000024,1276.2618796000024,1276.2618796000024,NA,NA,NA,NA,NA,NA,NA,026,001,2024-02-13_12h11.24.011,PsychoPy Exp,2023.1.2,60.025270649682234
RealityY,ExpTrialStim/Square_Triangle_NB_3.png,"In REALITY, there is ONE cube",h,b,TB-K,2,1,1,2,1,1,0,0,0,1,NB,-,SB3: TA2,SP: TY,0,261,261,11,NA,NA,NA,NA,NA,1276.2618796000024,0.00165079999715089,1276.9951072999977,1277.0952045000158,0.8294478000025265,1279.028618899989,1279.428385999985,1279.530695500027,1279.530695500027,b,1,0.6524093999760225,1280.2118445000378,1280.2118445000378,1280.2118445000378,1280.2118445000378,NA,NA,NA,NA,NA,NA,NA,026,001,2024-02-13_12h11.24.011,PsychoPy Exp,2023.1.2,60.025270649682234
KnowledgeN,ExpTrialStim/Square_Triangle_NB_2.png,Adam KNOWS there are ZERO cubes,b,h,TB-K,2,1,1,2,1,1,0,0,0,0,NB,PropFalse,SB1: TB3,SB: TO,0,262,262,280,NA,NA,NA,NA,NA,1280.2118445000378,0.00164329999824985,1280.9451356999923,1281.0452325000078,0.8296763999969698,1282.9783695000224,1283.3784549999982,1283.4806690000114,1283.4806690000114,h,1,1.1825390000012703,1284.6783764000284,1284.6783764000284,1284.6783764000284,1284.6783764000284,NA,NA,NA,NA,NA,NA,NA,026,001,2024-02-13_12h11.24.011,PsychoPy Exp,2023.1.2,60.025270649682234
BeliefY,ExpTrialStim/Square_B_Square_5.png,Adam THINKS there is ONE cube,h,b,FB-Ig,2,2,0,1,1,0,1,1,0,1,B,-,SB2: SD3,SB: SG,0,263,263,154,NA,NA,NA,NA,NA,1284.6783764000284,9.3049998395144e-4,1285.4117653000285,1285.511919200013,0.8307869000127539,1287.4452533000149,1287.8450487999944,1287.947320999985,1287.947320999985,b,1,1.1318320999853313,1289.095989699999,1289.095989699999,1289.095989699999,1289.095989699999,NA,NA,NA,NA,NA,NA,NA,026,001,2024-02-13_12h11.24.011,PsychoPy Exp,2023.1.2,60.025270649682234
KnowledgeY,ExpTrialStim/Square_Square_B_10.png,Adam KNOWS there are TWO cubes,h,b,FB-Ig,2,2,0,2,2,0,0,0,0,2,B,-,SA2: SB1,SG: SB,0,264,264,255,NA,NA,NA,NA,NA,1289.095989699999,0.00174100004369393,1289.8284086000058,1289.928613500029,0.8294237999944016,1291.861742100038,1292.2617185999989,1292.3639797000214,1292.3639797000214,b,1,0.9228951999684796,1293.3116803999874,1293.3116803999874,1293.3116803999874,1293.3116803999874,NA,NA,NA,NA,NA,NA,NA,026,001,2024-02-13_12h11.24.011,PsychoPy Exp,2023.1.2,60.025270649682234
BeliefY,ExpTrialStim/Triangle_NB_2.png,Adam THINKS there are ZERO cubes,h,b,TB-K,1,0,1,1,0,1,0,0,0,0,NB,-,TA3,TY,0,265,265,109,NA,NA,NA,NA,NA,1293.3116803999874,0.00147580000339075,1294.0451281000278,1294.1451858000364,0.8298644999740645,1296.0784122000332,1296.4785448000184,1296.5806482000044,1296.5806482000044,b,1,1.6902676000026986,1298.295025200001,1298.295025200001,1298.295025200001,1298.295025200001,NA,NA,NA,NA,NA,NA,NA,026,001,2024-02-13_12h11.24.011,PsychoPy Exp,2023.1.2,60.025270649682234
BeliefN,ExpTrialStim/Triangle_B_Square_3.png,Adam THINKS there is ONE cube,b,h,FB-Ig,2,1,1,1,0,1,1,1,0,1,B,PropTrueNoBelief,SD1: TA2,SG: TR,0,266,266,214,NA,NA,NA,NA,NA,1298.295025200001,0.00165739998919889,1299.028427799989,1299.1284730000189,0.8295707000070252,1301.0617177000386,1301.461782700033,1301.5638819999876,1301.5638819999876,h,1,1.147606500016991,1302.728456199984,1302.728456199984,1302.728456199984,1302.728456199984,NA,NA,NA,NA,NA,NA,NA,026,001,2024-02-13_12h11.24.011,PsychoPy Exp,2023.1.2,60.025270649682234
KnowledgeY,ExpTrialStim/Triangle_Triangle_B_12.png,Adam KNOWS there are ZERO cubes,h,b,TB-K-B,2,0,2,2,0,2,0,0,0,0,B,-,TA1: TB3,TY: TR,0,267,267,245,NA,NA,NA,NA,NA,1302.728456199984,0.00169259996619075,1303.4617777999956,1303.561836500012,0.8293637000024319,1305.4949863000074,1305.8950029999833,1305.9972519000294,1305.9972519000294,b,1,0.9856384000158868,1307.0115927000295,1307.0115927000295,1307.0115927000295,1307.0115927000295,NA,NA,NA,NA,NA,NA,NA,026,001,2024-02-13_12h11.24.011,PsychoPy Exp,2023.1.2,60.025270649682234
RealityN,ExpTrialStim/Triangle_Triangle_B_2.png,"In REALITY, there is ONE cube",b,h,TB-K-B,2,0,2,2,0,2,0,0,0,1,B,PropFalse,TA2: TB3,TO: TR,0,268,268,81,NA,NA,NA,NA,NA,1307.0115927000295,3.908000071533e-4,1307.7450273000286,1307.8451534000342,0.8312243999680504,1309.7785217000055,1310.1781988000148,1310.2806041000294,1310.2806041000294,h,1,0.9743290999904276,1311.278414600005,1311.278414600005,1311.278414600005,1311.278414600005,NA,NA,NA,NA,NA,NA,NA,026,001,2024-02-13_12h11.24.011,PsychoPy Exp,2023.1.2,60.025270649682234
BeliefN,ExpTrialStim/Square_Square_B_5.png,Adam THINKS there are ZERO cubes,b,h,TB-K-B,2,2,0,2,2,0,0,0,0,0,B,PropFalse,SA3: SB2,SP: SB,0,269,269,192,NA,NA,NA,NA,NA,1311.278414600005,0.00166660000104457,1312.0116920000291,1312.111706399999,0.8293091999948956,1314.0450329000014,1314.445051799994,1314.547205800016,1314.547205800016,h,1,1.043667599966284,1315.6117644000333,1315.6117644000333,1315.6117644000333,1315.6117644000333,NA,NA,NA,NA,NA,NA,NA,026,001,2024-02-13_12h11.24.011,PsychoPy Exp,2023.1.2,60.025270649682234
RealityY,ExpTrialStim/Triangle_Triangle_B_1.png,"In REALITY, there are ZERO cubes",h,b,TB-K-B,2,0,2,2,0,2,0,0,0,0,B,-,TA1: TB2,TY: TO,0,270,270,26,NA,NA,NA,NA,NA,1315.6117644000333,0.00166499998886138,1316.3449742000084,1316.4451449000044,0.8295735999708995,1318.378279800003,1318.7784144000034,1318.8807044000132,1318.8807044000132,b,1,1.4145825000014156,1320.311744800012,1320.311744800012,1320.311744800012,1320.311744800012,NA,NA,NA,NA,NA,NA,NA,026,001,2024-02-13_12h11.24.011,PsychoPy Exp,2023.1.2,60.025270649682234
KnowledgeY,ExpTrialStim/Square_Square_B_11.png,Adam KNOWS there are TWO cubes,h,b,FB-Ig,2,2,0,2,2,0,0,0,0,2,B,-,SA3: SB2,SB: SP,0,271,271,256,NA,NA,NA,NA,NA,1320.311744800012,0.00166740000713616,1321.044997000019,1321.145125399984,0.8294686999870464,1323.0784340000246,1323.4784930000314,1323.580506600032,1323.580506600032,b,1,1.1468290999764577,1324.7450707000098,1324.7450707000098,1324.7450707000098,1324.7450707000098,NA,NA,NA,NA,NA,NA,NA,026,001,2024-02-13_12h11.24.011,PsychoPy Exp,2023.1.2,60.025270649682234
BeliefY,ExpTrialStim/Square_NB_1.png,Adam THINKS there is ONE cube,h,b,TB-K,1,1,0,1,1,0,0,0,0,1,NB,-,SA1,SB,0,272,272,111,NA,NA,NA,NA,NA,1324.7450707000098,0.00169319997075945,1325.4783057000022,1325.5784537,0.829329099971801,1327.5117948999978,1327.9117110000225,1328.0138971999986,1328.0138971999986,b,1,1.360941700055264,1329.3949966999935,1329.3949966999935,1329.3949966999935,1329.3949966999935,NA,NA,NA,NA,NA,NA,NA,026,001,2024-02-13_12h11.24.011,PsychoPy Exp,2023.1.2,60.025270649682234
KnowledgeY,ExpTrialStim/Triangle_Triangle_B_10.png,Adam KNOWS there are ZERO cubes,h,b,TB-K-B,2,0,2,2,0,2,0,0,0,0,B,-,TA2: TB1,TR: TO,0,273,273,243,NA,NA,NA,NA,NA,1329.3949966999935,0.00151139998342841,1330.12829100003,1330.2284345999942,0.8299502999871038,1332.1616981999832,1332.5616040999885,1332.6638352000157,1332.6638352000157,b,1,0.8636499000131153,1333.5449249999947,1333.5449249999947,1333.5449249999947,1333.5449249999947,NA,NA,NA,NA,NA,NA,NA,026,001,2024-02-13_12h11.24.011,PsychoPy Exp,2023.1.2,60.025270649682234
BeliefY,ExpTrialStim/Triangle_B_1.png,Adam THINKS there are ZERO cubes,h,b,TB-Ig,1,0,1,1,0,1,0,0,0,0,B,-,TA2,TR,0,274,274,126,NA,NA,NA,NA,NA,1333.5449249999947,0.00147419999120756,1334.2783120000386,1334.3782645000028,0.8299081000150181,1336.311726999993,1336.7116731000133,1336.813877700013,1336.813877700013,b,1,3.68863600003533,1340.528207700001,1340.528207700001,1340.528207700001,1340.528207700001,NA,NA,NA,NA,NA,NA,NA,026,001,2024-02-13_12h11.24.011,PsychoPy Exp,2023.1.2,60.025270649682234
RealityN,ExpTrialStim/Square_Square_B_2.png,"In REALITY, there are ZERO cubes",b,h,TB-K-B,2,2,0,2,2,0,0,0,0,0,B,PropFalse,SA2: SB3,SB: SP,0,275,275,85,NA,NA,NA,NA,NA,1340.528207700001,7.5349997496232e-4,1341.261606800021,1341.3617206999916,0.830934299970977,1343.294866000011,1343.6950331000262,1343.7972270000027,1343.7972270000027,h,1,2.4093944000196643,1346.2282819999964,1346.2282819999964,1346.2282819999964,1346.2282819999964,NA,NA,NA,NA,NA,NA,NA,026,001,2024-02-13_12h11.24.011,PsychoPy Exp,2023.1.2,60.025270649682234
KnowledgeN,ExpTrialStim/Square_NB_2.png,Adam KNOWS there are TWO cubes,b,h,TB-K,1,1,0,1,1,0,0,0,0,2,NB,PropFalse,SA3,SP,0,276,276,274,NA,NA,NA,NA,NA,1346.2282819999964,0.00182100001256912,1346.961569599982,1347.0616924000203,0.829739700013306,1348.9949137000367,1349.3950501999934,1349.497166700021,1349.497166700021,h,1,1.077597199997399,1350.594713800005,1350.594713800005,1350.594713800005,1350.594713800005,NA,NA,NA,NA,NA,NA,NA,026,001,2024-02-13_12h11.24.011,PsychoPy Exp,2023.1.2,60.025270649682234
BeliefY,ExpTrialStim/Square_B_Triangle_2.png,Adam THINKS there is ONE cube,h,b,TB-Ig,2,1,1,1,1,0,1,0,1,1,B,-,SD3: TD2,SP: TY,0,277,277,133,NA,NA,NA,NA,NA,1350.594713800005,0.00172290002228692,1351.328231899999,1351.4282975000096,0.829563400009647,1353.3616852000123,1353.761627300002,1353.8636515000253,1353.8636515000253,b,1,1.1748012999887578,1355.0614176000236,1355.0614176000236,1355.0614176000236,1355.0614176000236,NA,NA,NA,NA,NA,NA,NA,026,001,2024-02-13_12h11.24.011,PsychoPy Exp,2023.1.2,60.025270649682234
RealityN,ExpTrialStim/Triangle_NB_1.png,"In REALITY, there is ONE cube",b,h,TB-K,1,0,1,1,0,1,0,0,0,1,NB,PropFalse,TA1,TO,0,278,278,54,NA,NA,NA,NA,NA,1355.0614176000236,4.7339999582618e-4,1355.7947141000186,1355.8950099000358,0.8312545999651775,1357.828336799983,1358.228333899984,1358.3304893000168,1358.3304893000168,h,1,1.2363327000057325,1359.5949208000093,1359.5949208000093,1359.5949208000093,1359.5949208000093,NA,NA,NA,NA,NA,NA,NA,026,001,2024-02-13_12h11.24.011,PsychoPy Exp,2023.1.2,60.025270649682234
KnowledgeN,ExpTrialStim/Square_B_Square_6.png,Adam KNOWS there are TWO cubes,b,h,FB-Ig,2,2,0,1,1,0,1,1,0,2,B,PropTrueNoKnowledge,SB3: SC1,SP: SG,0,279,279,317,NA,NA,NA,NA,NA,1359.5949208000093,0.00167590001365169,1360.3282488000114,1360.4282983000155,0.8295419000205584,1362.361492199998,1362.7615227000206,1362.8636186000076,1362.8636186000076,h,1,0.8150593999889679,1363.6947766999947,1363.6947766999947,1363.6947766999947,1363.6947766999947,NA,NA,NA,NA,NA,NA,NA,026,001,2024-02-13_12h11.24.011,PsychoPy Exp,2023.1.2,60.025270649682234
BeliefY,ExpTrialStim/Square_Triangle_NB_1.png,Adam THINKS there is ONE cube,h,b,TB-K,2,1,1,2,1,1,0,0,0,1,NB,-,SA2: TB1,SG: TR,0,280,280,117,NA,NA,NA,NA,NA,1363.6947766999947,6.5259996335953e-4,1364.4282269999967,1364.52833250002,0.8310311999521218,1366.4616663000195,1366.8614753999864,1366.9638182999915,1366.9638182999915,b,1,1.3313598000095226,1368.3115924000158,1368.3115924000158,1368.3115924000158,1368.3115924000158,NA,NA,NA,NA,NA,NA,NA,026,001,2024-02-13_12h11.24.011,PsychoPy Exp,2023.1.2,60.025270649682234
BeliefY,ExpTrialStim/Square_B_Square_7.png,Adam THINKS there is ONE cube,h,b,FB-Ig,2,2,0,1,1,0,1,1,0,1,B,-,SA3: SC2,SG: SP,0,281,281,156,NA,NA,NA,NA,NA,1368.3115924000158,0.00169160001678392,1369.0447217000185,1369.1449842000147,0.8293859999976121,1371.0782185000137,1371.4781589999911,1371.5804023999954,1371.5804023999954,b,1,0.9625615000259132,1372.561596399988,1372.561596399988,1372.561596399988,1372.561596399988,NA,NA,NA,NA,NA,NA,NA,026,001,2024-02-13_12h11.24.011,PsychoPy Exp,2023.1.2,60.025270649682234
RealityY,ExpTrialStim/Square_B_2.png,"In REALITY, there is ONE cube",h,b,TB-Ig,1,1,0,1,1,0,0,0,0,1,B,-,SB2,SB,0,282,282,21,NA,NA,NA,NA,NA,1372.561596399988,0.00164349999977275,1373.2948596000206,1373.3949706000276,0.8296419999678619,1375.3282852999982,1375.7282835000078,1375.8304724000045,1375.8304724000045,b,1,0.9125197000103072,1376.7615495999926,1376.7615495999926,1376.7615495999926,1376.7615495999926,NA,NA,NA,NA,NA,NA,NA,026,001,2024-02-13_12h11.24.011,PsychoPy Exp,2023.1.2,60.025270649682234
KnowledgeY,ExpTrialStim/Square_Square_B_3.png,Adam KNOWS there are TWO cubes,h,b,TB-K-B,2,2,0,2,2,0,0,0,0,2,B,-,SA3: SB1,SG: SB,0,283,283,248,NA,NA,NA,NA,NA,1376.7615495999926,0.00164410000434145,1377.494834800018,1377.5948113999912,0.8296665999805555,1379.5282860000152,1379.9281196999946,1380.030283900036,1380.030283900036,b,1,1.0080761999706738,1381.0613661999814,1381.0613661999814,1381.0613661999814,1381.0613661999814,NA,NA,NA,NA,NA,NA,NA,026,001,2024-02-13_12h11.24.011,PsychoPy Exp,2023.1.2,60.025270649682234
KnowledgeY,ExpTrialStim/Triangle_Triangle_B_11.png,Adam KNOWS there are ZERO cubes,h,b,TB-K-B,2,0,2,2,0,2,0,0,0,0,B,-,TA3: TB2,TO: TY,0,284,284,244,NA,NA,NA,NA,NA,1381.0613661999814,4.406000371091e-4,1381.794833299995,1381.8949411000358,0.8312225000117905,1383.8281383999856,1384.2282358999946,1384.3303476999863,1384.3303476999863,b,1,1.7647785000153815,1386.111265900021,1386.111265900021,1386.111265900021,1386.111265900021,NA,NA,NA,NA,NA,NA,NA,026,001,2024-02-13_12h11.24.011,PsychoPy Exp,2023.1.2,60.025270649682234
RealityN,ExpTrialStim/Triangle_B_Square_1.png,"In REALITY, there are ZERO cubes",b,h,FB-Ig,2,1,1,1,0,1,1,1,0,0,B,PropFalse,SC1: TA1,SB: TO,0,285,285,104,NA,NA,NA,NA,NA,1386.111265900021,0.00176319997990503,1386.8448422999936,1386.9449253000205,0.8294230999890715,1388.8781672000189,1389.278266999987,1389.3803242000286,1389.3803242000286,h,1,0.947042399959173,1390.3448370000117,1390.3448370000117,1390.3448370000117,1390.3448370000117,NA,NA,NA,NA,NA,NA,NA,026,001,2024-02-13_12h11.24.011,PsychoPy Exp,2023.1.2,60.025270649682234
KnowledgeN,ExpTrialStim/Square_B_Triangle_1.png,Adam KNOWS there is ONE cube,b,h,TB-Ig,2,1,1,1,1,0,1,0,1,1,B,PropTrueNoKnowledge,SB1: TD3,SB: TO,0,286,286,294,NA,NA,NA,NA,NA,1390.3448370000117,0.00168660003691911,1391.0778798999963,1391.1782096999814,0.8294723000144586,1393.1115558000165,1393.5115369000123,1393.6136049000197,1393.6136049000197,h,1,2.201054100005422,1395.8445407000254,1395.8445407000254,1395.8445407000254,1395.8445407000254,NA,NA,NA,NA,NA,NA,NA,026,001,2024-02-13_12h11.24.011,PsychoPy Exp,2023.1.2,60.025270649682234
RealityN,ExpTrialStim/Triangle_Triangle_NB_1.png,"In REALITY, there is ONE cube",b,h,TB-K,2,0,2,2,0,2,0,0,0,1,NB,PropFalse,TA1: TB2,TY: TO,0,287,287,60,NA,NA,NA,NA,NA,1395.8445407000254,4.2270001722499e-4,1396.5780844999829,1396.67824139999,0.8312112999847159,1398.6115579000325,1399.0114585999982,1399.113598200027,1399.113598200027,h,1,1.6767324000247754,1400.811281100032,1400.811281100032,1400.811281100032,1400.811281100032,NA,NA,NA,NA,NA,NA,NA,026,001,2024-02-13_12h11.24.011,PsychoPy Exp,2023.1.2,60.025270649682234
BeliefY,ExpTrialStim/Square_B_Square_1.png,Adam THINKS there is ONE cube,h,b,FB-Ig,2,2,0,1,1,0,1,1,0,1,B,-,SA1: SC2,SG: SB,0,288,288,150,NA,NA,NA,NA,NA,1400.811281100032,4.709999775514e-4,1401.5447581000044,1401.644869300013,0.8312404999742284,1403.5782246000017,1403.9781652000383,1404.0802418999956,1404.0802418999956,b,1,1.334336100029759,1405.4446379999863,1405.4446379999863,1405.4446379999863,1405.4446379999863,NA,NA,NA,NA,NA,NA,NA,026,001,2024-02-13_12h11.24.011,PsychoPy Exp,2023.1.2,60.025270649682234
RealityY,ExpTrialStim/Square_Triangle_NB_1.png,"In REALITY, there is ONE cube",h,b,TB-K,2,1,1,2,1,1,0,0,0,1,NB,-,SA2: TB1,SG: TR,0,289,289,9,NA,NA,NA,NA,NA,1405.4446379999863,5.7620002189651e-4,1406.1781026999815,1406.278208100004,0.8310810000402853,1408.2113484999863,1408.6114820000366,1408.7135129999951,1408.7135129999951,b,1,1.197780899994541,1409.927881999989,1409.927881999989,1409.927881999989,1409.927881999989,NA,NA,NA,NA,NA,NA,NA,026,001,2024-02-13_12h11.24.011,PsychoPy Exp,2023.1.2,60.025270649682234
BeliefY,ExpTrialStim/Triangle_NB_1.png,Adam THINKS there are ZERO cubes,h,b,TB-K,1,0,1,1,0,1,0,0,0,0,NB,-,TA1,TO,0,290,290,108,NA,NA,NA,NA,NA,1409.927881999989,3.8809998659417e-4,1410.6614369000308,1410.7613681000075,0.8309809999773279,1412.694901400013,1413.0947289000032,1413.1969644000055,1413.1969644000055,b,1,0.7458087999839336,1413.961347500037,1413.961347500037,1413.961347500037,1413.961347500037,NA,NA,NA,NA,NA,NA,NA,026,001,2024-02-13_12h11.24.011,PsychoPy Exp,2023.1.2,60.025270649682234
RealityN,ExpTrialStim/Square_B_Square_2.png,"In REALITY, there are ZERO cubes",b,h,FB-Ig,2,2,0,1,1,0,1,1,0,0,B,PropFalse,SA2: SC3,SB: SP,0,291,291,97,NA,NA,NA,NA,NA,1413.961347500037,0.00147190003190189,1414.6946926999954,1414.794809999992,0.8298994000069797,1416.7280042000348,1417.1281775999814,1417.2301151999854,1417.2301151999854,h,1,1.088162200001534,1418.3446420999826,1418.3446420999826,1418.3446420999826,1418.3446420999826,NA,NA,NA,NA,NA,NA,NA,026,001,2024-02-13_12h11.24.011,PsychoPy Exp,2023.1.2,60.025270649682234
RealityN,ExpTrialStim/Square_Triangle_NB_3.png,"In REALITY, there are TWO cubes",b,h,TB-K,2,1,1,2,1,1,0,0,0,2,NB,PropFalse,SB3: TA2,SP: TY,0,292,292,65,NA,NA,NA,NA,NA,1418.3446420999826,4.3449999066069e-4,1419.0780622999882,1419.1779417000362,0.8313852000283077,1421.1113862000057,1421.5113668999984,1421.6134316999814,1421.6134316999814,h,1,1.361107799981255,1422.994676100032,1422.994676100032,1422.994676100032,1422.994676100032,NA,NA,NA,NA,NA,NA,NA,026,001,2024-02-13_12h11.24.011,PsychoPy Exp,2023.1.2,60.025270649682234
RealityN,ExpTrialStim/Square_Square_NB_2.png,"In REALITY, there are ZERO cubes",b,h,TB-K,2,2,0,2,2,0,0,0,0,0,NB,PropFalse,SA2: SB3,SB: SG,0,293,293,67,NA,NA,NA,NA,NA,1422.994676100032,0.00147199997445568,1423.7280289999908,1423.8281931999954,0.82989130000351,1425.7613073000102,1426.1614872000064,1426.2635585999817,1426.2635585999817,h,1,0.8390248999930918,1427.128107400029,1427.128107400029,1427.128107400029,1427.128107400029,NA,NA,NA,NA,NA,NA,NA,026,001,2024-02-13_12h11.24.011,PsychoPy Exp,2023.1.2,60.025270649682234
KnowledgeN,ExpTrialStim/Square_Square_B_10.png,Adam KNOWS there are ZERO cubes,b,h,TB-K-B,2,2,0,2,2,0,0,0,0,0,B,PropFalse,SA2: SB1,SG: SB,0,294,294,301,NA,NA,NA,NA,NA,1427.128107400029,0.00170219998108223,1427.8613542999956,1427.961492100032,0.8295545000000857,1429.8947830999969,1430.294753700029,1430.396916800004,1430.396916800004,h,1,1.3372559999697842,1431.7612260000317,1431.7612260000317,1431.7612260000317,1431.7612260000317,NA,NA,NA,NA,NA,NA,NA,026,001,2024-02-13_12h11.24.011,PsychoPy Exp,2023.1.2,60.025270649682234
RealityN,ExpTrialStim/Triangle_Triangle_B_3.png,"In REALITY, there is ONE cube",b,h,TB-K-B,2,0,2,2,0,2,0,0,0,1,B,PropFalse,TA3: TB1,TR: TY,0,295,295,82,NA,NA,NA,NA,NA,1431.7612260000317,3.7570000858977e-4,1432.4946539000375,1432.594515100005,0.8308909999905154,1434.5279523000354,1434.9280260000378,1435.0300450000211,1435.0300450000211,h,1,1.0808607999933884,1436.1279994000215,1436.1279994000215,1436.1279994000215,1436.1279994000215,NA,NA,NA,NA,NA,NA,NA,026,001,2024-02-13_12h11.24.011,PsychoPy Exp,2023.1.2,60.025270649682234
BeliefN,ExpTrialStim/Triangle_Triangle_NB_3.png,Adam THINKS there are TWO cubes,b,h,TB-K,2,0,2,2,0,2,0,0,0,2,NB,PropFalse,TA3: TB1,TR: TY,0,296,296,170,NA,NA,NA,NA,NA,1436.1279994000215,0.00112589995842427,1436.8610917000333,1436.9614667000133,0.8303730999468826,1438.8946585000376,1439.2947312000324,1439.3968550999998,1439.3968550999998,h,1,1.6737097000004724,1441.0947255000356,1441.0947255000356,1441.0947255000356,1441.0947255000356,NA,NA,NA,NA,NA,NA,NA,026,001,2024-02-13_12h11.24.011,PsychoPy Exp,2023.1.2,60.025270649682234
KnowledgeN,ExpTrialStim/Triangle_Triangle_NB_1.png,Adam KNOWS there is ONE cube,b,h,TB-K,2,0,2,2,0,2,0,0,0,1,NB,PropFalse,TA1: TB2,TY: TO,0,297,297,276,NA,NA,NA,NA,NA,1441.0947255000356,0.00163679994875565,1441.827816700039,1441.9280153000143,0.8294763999874704,1443.8612468999927,1444.2612366999963,1444.3633972000098,1444.3633972000098,h,1,1.2668765000416895,1445.6612962000072,1445.6612962000072,1445.6612962000072,1445.6612962000072,NA,NA,NA,NA,NA,NA,NA,026,001,2024-02-13_12h11.24.011,PsychoPy Exp,2023.1.2,60.025270649682234
KnowledgeN,ExpTrialStim/Triangle_NB_1.png,Adam KNOWS there is ONE cube,b,h,TB-K,1,0,1,1,0,1,0,0,0,1,NB,PropFalse,TA1,TO,0,298,298,270,NA,NA,NA,NA,NA,1445.6612962000072,0.00116070004878565,1446.3946332000196,1446.4946004000376,0.830130200018175,1448.428076900018,1448.8280292000272,1448.930133100017,1448.930133100017,h,1,0.9884299999685028,1449.9445834000362,1449.9445834000362,1449.9445834000362,1449.9445834000362,NA,NA,NA,NA,NA,NA,NA,026,001,2024-02-13_12h11.24.011,PsychoPy Exp,2023.1.2,60.025270649682234
KnowledgeY,ExpTrialStim/Square_Square_B_4.png,Adam KNOWS there are TWO cubes,h,b,TB-K-B,2,2,0,2,2,0,0,0,0,2,B,-,SA2: SB1,SG: SP,0,299,299,249,NA,NA,NA,NA,NA,1449.9445834000362,0.00169129995629191,1450.6779580999864,1450.7779786000028,0.8293892999645323,1452.7113464000286,1453.1113092000014,1453.2133680999978,1453.2133680999978,b,1,0.952846199972555,1454.194545699982,1454.194545699982,1454.194545699982,1454.194545699982,NA,NA,NA,NA,NA,NA,NA,026,001,2024-02-13_12h11.24.011,PsychoPy Exp,2023.1.2,60.025270649682234
KnowledgeN,ExpTrialStim/Square_Triangle_NB_3.png,Adam KNOWS there are TWO cubes,b,h,TB-K,2,1,1,2,1,1,0,0,0,2,NB,PropFalse,SB3: TA2,SP: TY,0,300,300,281,NA,NA,NA,NA,NA,1454.194545699982,0.0011223999899812,1454.9278818999885,1455.0280290000371,0.8303549999836832,1456.961228,1457.3614143999876,1457.463477400015,1457.463477400015,h,1,0.9028504999587312,1458.394662400009,1458.394662400009,1458.394662400009,1458.394662400009,NA,NA,NA,NA,NA,NA,NA,026,001,2024-02-13_12h11.24.011,PsychoPy Exp,2023.1.2,60.025270649682234
RealityY,ExpTrialStim/Triangle_Triangle_B_3.png,"In REALITY, there are ZERO cubes",h,b,TB-K-B,2,0,2,2,0,2,0,0,0,0,B,-,TA3: TB1,TR: TY,0,301,301,28,NA,NA,NA,NA,NA,1458.394662400009,0.00166050001280382,1459.127940400038,1459.2280279999832,0.8296568000223488,1461.1612741000135,1461.5612182000186,1461.6634574999916,1461.6634574999916,b,1,1.3510932000353932,1463.0446442000102,1463.0446442000102,1463.0446442000102,1463.0446442000102,NA,NA,NA,NA,NA,NA,NA,026,001,2024-02-13_12h11.24.011,PsychoPy Exp,2023.1.2,60.025270649682234
RealityY,ExpTrialStim/B_Square_2.png,"In REALITY, there is ONE cube",h,b,FB-Ig,1,1,0,0,0,0,1,1,0,1,B,-,SC3,SG,0,302,302,39,NA,NA,NA,NA,NA,1463.0446442000102,0.00168039998970925,1463.7779033000115,1463.8778295000084,0.8296000999980606,1465.8113427000353,1466.2112349999952,1466.3134236999904,1466.3134236999904,b,1,0.8690867000259459,1467.2111035999842,1467.2111035999842,1467.2111035999842,1467.2111035999842,NA,NA,NA,NA,NA,NA,NA,026,001,2024-02-13_12h11.24.011,PsychoPy Exp,2023.1.2,60.025270649682234
KnowledgeN,ExpTrialStim/Square_B_Square_2.png,Adam KNOWS there is ONE cube,b,h,FB-Ig,2,2,0,1,1,0,1,1,0,1,B,PropFalse,SA2: SC3,SB: SP,0,303,303,313,NA,NA,NA,NA,NA,1467.2111035999842,3.8279994623735e-4,1467.944580600015,1468.0447242000373,0.8313630999764428,1469.9780267000317,1470.3778614000184,1470.480019400013,1470.480019400013,h,1,0.9182185999816284,1471.427967399999,1471.427967399999,1471.427967399999,1471.427967399999,NA,NA,NA,NA,NA,NA,NA,026,001,2024-02-13_12h11.24.011,PsychoPy Exp,2023.1.2,60.025270649682234
KnowledgeN,ExpTrialStim/Triangle_B_Triangle_2.png,Adam KNOWS there are ZERO cubes,b,h,TB-Ig,2,0,2,1,0,1,1,0,1,0,B,PropTrueNoKnowledge,TB1: TC2,TO: TY,0,304,304,293,NA,NA,NA,NA,NA,1471.427967399999,0.00166579999495297,1472.1612473999849,1472.261326100037,0.8296264999662526,1474.1947109000175,1474.594639900024,1474.6967432000092,1474.6967432000092,h,1,1.7733484999625944,1476.4943270999938,1476.4943270999938,1476.4943270999938,1476.4943270999938,NA,NA,NA,NA,NA,NA,NA,026,001,2024-02-13_12h11.24.011,PsychoPy Exp,2023.1.2,60.025270649682234
RealityY,ExpTrialStim/Square_B_Square_8.png,"In REALITY, there are TWO cubes",h,b,FB-Ig,2,2,0,1,1,0,1,1,0,2,B,-,SA1: SD2,SP: SG,0,305,305,49,NA,NA,NA,NA,NA,1476.4943270999938,3.7540000630542e-4,1477.227915399999,1477.3279783999897,0.831437700020615,1479.2613203999936,1479.6612412999966,1479.7633709000074,1479.7633709000074,b,1,1.0031649000011384,1480.7946200000006,1480.7946200000006,1480.7946200000006,1480.7946200000006,NA,NA,NA,NA,NA,NA,NA,026,001,2024-02-13_12h11.24.011,PsychoPy Exp,2023.1.2,60.025270649682234
BeliefY,ExpTrialStim/Square_Square_B_4.png,Adam THINKS there are TWO cubes,h,b,TB-K-B,2,2,0,2,2,0,0,0,0,2,B,-,SA2: SB1,SG: SP,0,306,306,137,NA,NA,NA,NA,NA,1480.7946200000006,0.00165369996102526,1481.5278684000368,1481.6279639999848,0.8294653999619186,1483.561343999987,1483.9610413000337,1484.0636246000067,1484.0636246000067,b,1,1.7428859999636188,1485.8278864999884,1485.8278864999884,1485.8278864999884,1485.8278864999884,NA,NA,NA,NA,NA,NA,NA,026,001,2024-02-13_12h11.24.011,PsychoPy Exp,2023.1.2,60.025270649682234
RealityN,ExpTrialStim/Square_NB_1.png,"In REALITY, there are ZERO cubes",b,h,TB-K,1,1,0,1,1,0,0,0,0,0,NB,PropFalse,SA1,SB,0,307,307,57,NA,NA,NA,NA,NA,1485.8278864999884,0.00169280002592131,1486.5611714000115,1486.661341500003,0.829638299997896,1488.5945120999822,1488.9945993000292,1489.0967320000054,1489.0967320000054,h,1,1.013981199997943,1490.1276649000356,1490.1276649000356,1490.1276649000356,1490.1276649000356,NA,NA,NA,NA,NA,NA,NA,026,001,2024-02-13_12h11.24.011,PsychoPy Exp,2023.1.2,60.025270649682234
BeliefY,ExpTrialStim/Square_Square_NB_4.png,Adam THINKS there are TWO cubes,h,b,TB-K,2,2,0,2,2,0,0,0,0,2,NB,-,SA2: SB1,SP: SG,0,308,308,123,NA,NA,NA,NA,NA,1490.1276649000356,6.4610003028064e-4,1490.861174700025,1490.961297300004,0.8307793000130914,1492.8946133999852,1493.2946146000177,1493.3966194000095,1493.3966194000095,b,1,0.7777905999682844,1494.1944593000226,1494.1944593000226,1494.1944593000226,1494.1944593000226,NA,NA,NA,NA,NA,NA,NA,026,001,2024-02-13_12h11.24.011,PsychoPy Exp,2023.1.2,60.025270649682234
KnowledgeY,ExpTrialStim/Square_Square_B_12.png,Adam KNOWS there are TWO cubes,h,b,FB-Ig,2,2,0,2,2,0,0,0,0,2,B,-,SA1: SB3,SP: SG,0,309,309,257,NA,NA,NA,NA,NA,1494.1944593000226,0.00165869999909773,1494.9278588999878,1495.027813200024,0.8293918999843299,1496.9612725999905,1497.3613003999926,1497.463251499983,1497.463251499983,b,1,0.815330300014466,1498.2944500999874,1498.2944500999874,1498.2944500999874,1498.2944500999874,NA,NA,NA,NA,NA,NA,NA,026,001,2024-02-13_12h11.24.011,PsychoPy Exp,2023.1.2,60.025270649682234
BeliefY,ExpTrialStim/Triangle_NB_3.png,Adam THINKS there are ZERO cubes,h,b,TB-K,1,0,1,1,0,1,0,0,0,0,NB,-,TB2,TR,0,310,310,110,NA,NA,NA,NA,NA,1498.2944500999874,0.00145370000973343,1499.0277989000317,1499.1277272999869,0.829837299999781,1501.0611793000137,1501.4609565000285,1501.563331799989,1501.563331799989,b,1,4.65869399998337,1506.2443928000284,1506.2443928000284,1506.2443928000284,1506.2443928000284,NA,NA,NA,NA,NA,NA,NA,026,001,2024-02-13_12h11.24.011,PsychoPy Exp,2023.1.2,60.025270649682234
RealityY,ExpTrialStim/Square_B_Square_7.png,"In REALITY, there are TWO cubes",h,b,FB-Ig,2,2,0,1,1,0,1,1,0,2,B,-,SA3: SC2,SG: SP,0,311,311,48,NA,NA,NA,NA,NA,1506.2443928000284,5.760999629274e-4,1506.977729300037,1507.077720500005,0.831125799973961,1509.027937899984,1509.427747400012,1509.529967600014,1509.529967600014,b,1,1.2519627999863587,1510.810987600009,1510.810987600009,1510.810987600009,1510.810987600009,NA,NA,NA,NA,NA,NA,NA,026,001,2024-02-13_12h11.24.011,PsychoPy Exp,2023.1.2,60.025270649682234
BeliefY,ExpTrialStim/Square_Square_B_11.png,Adam THINKS there are TWO cubes,h,b,TB-K-B,2,2,0,2,2,0,0,0,0,2,B,-,SA3: SB2,SB: SP,0,312,312,144,NA,NA,NA,NA,NA,1510.810987600009,3.8370001129806e-4,1511.5441673999885,1511.644378099998,0.8313684000167996,1513.5778273000033,1513.977787300013,1514.0799433999928,1514.0799433999928,b,1,1.0544274999992922,1515.1609881999902,1515.1609881999902,1515.1609881999902,1515.1609881999902,NA,NA,NA,NA,NA,NA,NA,026,001,2024-02-13_12h11.24.011,PsychoPy Exp,2023.1.2,60.025270649682234
RealityY,ExpTrialStim/Triangle_B_2.png,"In REALITY, there are ZERO cubes",h,b,TB-Ig,1,0,1,1,0,1,0,0,0,0,B,-,TB2,TO,0,313,313,19,NA,NA,NA,NA,NA,1515.1609881999902,0.00165669998386874,1515.8944263000158,1515.9945350000053,0.8294650000170805,1517.9276958000264,1518.3278343999991,1518.4299291000352,1518.4299291000352,b,1,0.9045718999695964,1519.3611683000345,1519.3611683000345,1519.3611683000345,1519.3611683000345,NA,NA,NA,NA,NA,NA,NA,026,001,2024-02-13_12h11.24.011,PsychoPy Exp,2023.1.2,60.025270649682234
KnowledgeN,ExpTrialStim/Square_Triangle_B_11.png,Adam KNOWS there are TWO cubes,b,h,TB-K-B,2,1,1,2,1,1,0,0,0,2,B,PropFalse,SB2: TA3,SG: TR,0,314,314,306,NA,NA,NA,NA,NA,1519.3611683000345,0.00164430000586435,1520.0942295999848,1520.1944896000205,0.8296218000468798,1522.127739700023,1522.5276817000122,1522.6299277000362,1522.6299277000362,h,1,2.3842283000121824,1525.0443684000056,1525.0443684000056,1525.0443684000056,1525.0443684000056,NA,NA,NA,NA,NA,NA,NA,026,001,2024-02-13_12h11.24.011,PsychoPy Exp,2023.1.2,60.025270649682234
KnowledgeY,ExpTrialStim/Triangle_Triangle_NB_1.png,Adam KNOWS there are ZERO cubes,h,b,TB-K,2,0,2,2,0,2,0,0,0,0,NB,-,TA1: TB2,TY: TO,0,315,315,222,NA,NA,NA,NA,NA,1525.0443684000056,5.836000200361e-4,1525.777716499986,1525.8777149000089,0.830924000008963,1527.811226900027,1528.2111769000185,1528.3132158000371,1528.3132158000371,b,1,0.7167691999929957,1529.0609459999832,1529.0609459999832,1529.0609459999832,1529.0609459999832,NA,NA,NA,NA,NA,NA,NA,026,001,2024-02-13_12h11.24.011,PsychoPy Exp,2023.1.2,60.025270649682234
RealityN,ExpTrialStim/Square_NB_2.png,"In REALITY, there are ZERO cubes",b,h,TB-K,1,1,0,1,1,0,0,0,0,0,NB,PropFalse,SA3,SP,0,316,316,58,NA,NA,NA,NA,NA,1529.0609459999832,3.8109999150037e-4,1529.7943636000273,1529.894427500025,0.8312308000167832,1531.8278415999955,1532.2276929999937,1532.3299344999832,1532.3299344999832,h,1,0.8040304000023752,1533.1609311000211,1533.1609311000211,1533.1609311000211,1533.1609311000211,NA,NA,NA,NA,NA,NA,NA,026,001,2024-02-13_12h11.24.011,PsychoPy Exp,2023.1.2,60.025270649682234
KnowledgeY,ExpTrialStim/Triangle_Triangle_B_3.png,Adam KNOWS there are ZERO cubes,h,b,TB-Ig,2,0,2,2,0,2,0,0,0,0,B,-,TA3: TB1,TR: TY,0,317,317,236,NA,NA,NA,NA,NA,1533.1609311000211,5.1430001622065e-4,1533.894329999981,1533.9945017999853,0.8311885000439361,1535.9278179000248,1536.327724300034,1536.4299025000073,1536.4299025000073,b,1,1.9763989999773912,1538.4278020000202,1538.4278020000202,1538.4278020000202,1538.4278020000202,NA,NA,NA,NA,NA,NA,NA,026,001,2024-02-13_12h11.24.011,PsychoPy Exp,2023.1.2,60.025270649682234
KnowledgeN,ExpTrialStim/B_Square_1.png,Adam KNOWS there are ZERO cubes,b,h,FB-Ig,1,1,0,0,0,0,1,1,0,0,B,PropFalse,SC2,SG,0,318,318,308,NA,NA,NA,NA,NA,1538.4278020000202,0.00165859999833628,1539.161075000011,1539.2611950000282,0.829350300016813,1541.194314000022,1541.5944518999895,1541.6965669000056,1541.6965669000056,h,1,2.029999000020325,1543.7444144000185,1543.7444144000185,1543.7444144000185,1543.7444144000185,NA,NA,NA,NA,NA,NA,NA,026,001,2024-02-13_12h11.24.011,PsychoPy Exp,2023.1.2,60.025270649682234
KnowledgeN,ExpTrialStim/Triangle_Triangle_B_10.png,Adam KNOWS there are TWO cubes,b,h,TB-K-B,2,0,2,2,0,2,0,0,0,2,B,PropFalse,TA2: TB1,TR: TO,0,319,319,297,NA,NA,NA,NA,NA,1543.7444144000185,0.00162609998369589,1544.4777148999856,1544.5775320000248,0.8294687999878079,1546.510960899992,1546.9109549000275,1547.0131971000228,1547.0131971000228,b,0,1.0568444999516942,1548.094282599981,1548.094282599981,1548.094282599981,1548.094282599981,NA,NA,NA,NA,NA,NA,NA,026,001,2024-02-13_12h11.24.011,PsychoPy Exp,2023.1.2,60.025270649682234
KnowledgeY,ExpTrialStim/Square_Triangle_NB_3.png,Adam KNOWS there is ONE cube,h,b,TB-K,2,1,1,2,1,1,0,0,0,1,NB,-,SB3: TA2,SP: TY,0,320,320,227,NA,NA,NA,NA,NA,1548.094282599981,0.00111319997813552,1548.8276784000336,1548.9278213999933,0.8303009999799542,1550.86109760002,1551.2609992999933,1551.3632331999834,1551.3632331999834,b,1,2.7149181999848224,1554.0941861000028,1554.0941861000028,1554.0941861000028,1554.0941861000028,NA,NA,NA,NA,NA,NA,NA,026,001,2024-02-13_12h11.24.011,PsychoPy Exp,2023.1.2,60.025270649682234
KnowledgeN,ExpTrialStim/Triangle_B_Square_2.png,Adam KNOWS there are ZERO cubes,b,h,FB-Ig,2,1,1,1,0,1,1,1,0,0,B,PropFalse,SC3: TB3,SP: TY,0,321,321,321,NA,NA,NA,NA,NA,1554.0941861000028,3.7050002720206e-4,1554.827620199998,1554.9278213999933,0.8312618000200018,1556.860963299987,1557.2609900000389,1557.3631780000287,1557.3631780000287,h,1,2.147372399980668,1559.5275991000235,1559.5275991000235,1559.5275991000235,1559.5275991000235,NA,NA,NA,NA,NA,NA,NA,026,001,2024-02-13_12h11.24.011,PsychoPy Exp,2023.1.2,60.025270649682234
BeliefN,ExpTrialStim/Square_Square_B_8.png,Adam THINKS there is ONE cube,b,h,TB-K-B,2,2,0,2,2,0,0,0,0,1,B,PropFalse,SA2: SB3,SP: SB,0,322,322,195,NA,NA,NA,NA,NA,1559.5275991000235,5.8089999947696e-4,1560.2609061999829,1560.360873900005,0.8309604999958538,1562.294350799988,1562.694303199998,1562.7964580000262,1562.7964580000262,h,1,1.0574299999861978,1563.877425100014,1563.877425100014,1563.877425100014,1563.877425100014,NA,NA,NA,NA,NA,NA,NA,026,001,2024-02-13_12h11.24.011,PsychoPy Exp,2023.1.2,60.025270649682234
KnowledgeY,ExpTrialStim/Square_Triangle_B_7.png,Adam KNOWS there is ONE cube,h,b,FB-Ig,2,1,1,2,1,1,0,0,0,1,B,-,SA1: TB3,SB: TO,0,323,323,264,NA,NA,NA,NA,NA,1563.877425100014,5.208000075072e-4,1564.6109361000126,1564.7110473000212,0.8311071000061929,1566.644393900002,1567.044290699996,1567.1464796999935,1567.1464796999935,b,1,1.0114627000293694,1568.1778527999995,1568.1778527999995,1568.1778527999995,1568.1778527999995,NA,NA,NA,NA,NA,NA,NA,026,001,2024-02-13_12h11.24.011,PsychoPy Exp,2023.1.2,60.025270649682234
NA,NA,NA,NA,NA,NA,NA,NA,NA,NA,NA,NA,NA,NA,NA,NA,NA,NA,NA,NA,NA,NA,NA,NA,NA,NA,NA,NA,NA,NA,NA,NA,NA,NA,NA,NA,NA,NA,NA,NA,NA,NA,NA,NA,NA,NA,NA,1568.1778527999995,1569.177811200032,1578.1776200000313,1578.1776200000313,NA,026,001,2024-02-13_12h11.24.011,PsychoPy Exp,2023.1.2,60.025270649682234
