Condition,Stimulus,Statement,CorAnsOdd,CorAnsEven,TypeOfStimuli,TotalShapesOnTable,TotalcubesOnTable,TotalOtherOnTable,VisibleShapes,Visiblecubes,VisibleOther,NotVisibleShapes,NotVisiblecubes,NotVisibleOther,NumOfBlocksAsked,BarrierPresent,WhyNo,Position,Colour,ExpTrial.thisRepN,ExpTrial.thisTrialN,ExpTrial.thisN,ExpTrial.thisIndex,ExpIntroText.started,ExpIntroPressSPACEText.started,ExpIntroPressSPACE.started,ExpIntroPressSPACE.keys,ExpIntroPressSPACE.rt,ExpPrimerText.started,ExpTextISI.started,ExpPrimerText.stopped,ExpText.started,ExpImageISI.started,ExpImagePrimer.started,ExpImagePrimer.stopped,ExpImage.started,ExpResponse.started,ExpResponse.keys,ExpResponse.corr,ExpResponse.rt,BreakTextPrompt.started,BreakTextPrompt.stopped,BreakTextKeyResponse.started,BreakTextKeyResponse.stopped,BreakTextKeyResponse.keys,BreakTextKeyResponse.rt,ExpEndText.started,ExpEndPressSPACE.started,ExpEndPressSPACE.keys,ExpEndPressSPACE.rt,participant,session,date,expName,psychopyVersion,frameRate
NA,NA,NA,NA,NA,NA,NA,NA,NA,NA,NA,NA,NA,NA,NA,NA,NA,NA,NA,NA,NA,NA,NA,NA,26.548534200061113,28.524462800007313,28.524462800007313,space,6.768909399979748,NA,NA,NA,NA,NA,NA,NA,NA,NA,NA,NA,NA,NA,NA,NA,NA,NA,NA,NA,NA,NA,NA,039,001,2024-02-28_15h59.27.378,PsychoPy Exp,2023.1.2,60.00355222336924
BeliefN,ExpTrialStim/Square_B_Square_5.png,Adam THINKS there are TWO cubes,b,h,FB-Ig,2,2,0,1,1,0,1,1,0,2,B,PropTrueNoBelief,SB2: SD3,SB: SG,0,0,0,208,NA,NA,NA,NA,NA,35.46438390004914,0.1520726999733597,36.207034099963494,36.30726999999024,0.9820522000081836,38.24056299997028,38.64035190001596,38.77605300000869,38.77605300000869,b,1,1.950383199960925,40.75695650000125,40.75695650000125,40.75695650000125,40.75695650000125,NA,NA,NA,NA,NA,NA,039,001,2024-02-28_15h59.27.378,PsychoPy Exp,2023.1.2,60.00355222336924
BeliefY,ExpTrialStim/Triangle_NB_1.png,Adam THINKS there are ZERO cubes,h,b,TB-K,1,0,1,1,0,1,0,0,0,0,NB,-,TA1,TO,0,1,1,108,NA,NA,NA,NA,NA,40.75695650000125,0.00147200003266334,41.49039259995334,41.59038609999698,0.8275927000213414,43.52369209995959,43.92368720006198,44.02596260001883,44.02596260001883,h,1,1.5073964999755844,45.557030600029975,45.557030600029975,45.557030600029975,45.557030600029975,NA,NA,NA,NA,NA,NA,039,001,2024-02-28_15h59.27.378,PsychoPy Exp,2023.1.2,60.00355222336924
BeliefN,ExpTrialStim/Square_Square_B_8.png,Adam THINKS there is ONE cube,b,h,TB-K-B,2,2,0,2,2,0,0,0,0,1,B,PropFalse,SA2: SB3,SP: SB,0,2,2,195,NA,NA,NA,NA,NA,45.557030600029975,0.00154559989459812,46.290355999954045,46.39047640003264,0.829852299997583,48.323682000045665,48.72379590000491,48.82611599995289,48.82611599995289,b,1,0.9550900999456644,49.80691090004984,49.80691090004984,49.80691090004984,49.80691090004984,NA,NA,NA,NA,NA,NA,039,001,2024-02-28_15h59.27.378,PsychoPy Exp,2023.1.2,60.00355222336924
BeliefY,ExpTrialStim/Square_Square_NB_3.png,Adam THINKS there are TWO cubes,h,b,TB-K,2,2,0,2,2,0,0,0,0,2,NB,-,SA3: SB1,SG: SP,0,3,3,122,NA,NA,NA,NA,NA,49.80691090004984,4.0030002128332e-4,50.54033720004372,50.640508500044234,0.831067799939774,52.57366190000903,52.97379940003157,53.07590749999508,53.07590749999508,h,1,0.850098800030537,53.95686769997701,53.95686769997701,53.95686769997701,53.95686769997701,NA,NA,NA,NA,NA,NA,039,001,2024-02-28_15h59.27.378,PsychoPy Exp,2023.1.2,60.00355222336924
BeliefY,ExpTrialStim/B_Square_2.png,Adam THINKS there are ZERO cubes,h,b,FB-Ig,1,1,0,0,0,0,1,1,0,0,B,-,SC3,SG,0,4,4,147,NA,NA,NA,NA,NA,53.95686769997701,4.6530005056411e-4,54.69033729995135,54.79034099995624,0.831279500038363,56.72360699996352,57.123619799967855,57.22605309996288,57.22605309996288,h,1,0.8594067000085488,58.10691940004472,58.10691940004472,58.10691940004472,58.10691940004472,NA,NA,NA,NA,NA,NA,039,001,2024-02-28_15h59.27.378,PsychoPy Exp,2023.1.2,60.00355222336924
RealityY,ExpTrialStim/Square_Square_NB_1.png,"In REALITY, there are TWO cubes",h,b,TB-K,2,2,0,2,2,0,0,0,0,2,NB,-,SA1: SB2,SP: SB,0,5,5,12,NA,NA,NA,NA,NA,58.10691940004472,0.00157120008952915,58.8403255000012,58.94047110003885,0.8285711000207812,60.87367070000619,61.273607500013895,61.37595170002896,61.37595170002896,h,1,0.677559099975042,62.07378039998002,62.07378039998002,62.07378039998002,62.07378039998002,NA,NA,NA,NA,NA,NA,039,001,2024-02-28_15h59.27.378,PsychoPy Exp,2023.1.2,60.00355222336924
KnowledgeY,ExpTrialStim/Square_Square_NB_1.png,Adam KNOWS there are TWO cubes,h,b,TB-K,2,2,0,2,2,0,0,0,0,2,NB,-,SA1: SB2,SP: SB,0,6,6,228,NA,NA,NA,NA,NA,62.07378039998002,0.00173199991695582,62.80697899998631,62.90715079999063,0.8295492000179365,64.84045969997533,65.24043060000986,65.34286890004296,65.34286890004296,h,1,0.758588399970904,66.12360789999366,66.12360789999366,66.12360789999366,66.12360789999366,NA,NA,NA,NA,NA,NA,039,001,2024-02-28_15h59.27.378,PsychoPy Exp,2023.1.2,60.00355222336924
BeliefY,ExpTrialStim/Triangle_B_Triangle_2.png,Adam THINKS there are ZERO cubes,h,b,TB-Ig,2,0,2,1,0,1,1,0,1,0,B,-,TB1: TC2,TO: TY,0,7,7,131,NA,NA,NA,NA,NA,66.12360789999366,0.00173260003793984,66.85695359995589,66.95703619997948,0.8290681999642402,68.89043150004,69.2904370999895,69.39261630002875,69.39261630002875,h,1,1.1885293000377717,70.60685660003219,70.60685660003219,70.60685660003219,70.60685660003219,NA,NA,NA,NA,NA,NA,039,001,2024-02-28_15h59.27.378,PsychoPy Exp,2023.1.2,60.00355222336924
BeliefN,ExpTrialStim/Square_Triangle_NB_3.png,Adam THINKS there are TWO cubes,b,h,TB-K,2,1,1,2,1,1,0,0,0,2,NB,PropFalse,SB3: TA2,SP: TY,0,8,8,173,NA,NA,NA,NA,NA,70.60685660003219,5.5569992400705e-4,71.34030559996609,71.44029669999145,0.8312297000084072,73.37373840005603,73.77374039997812,73.876099599991,73.876099599991,b,1,0.905306400032714,74.80705930001568,74.80705930001568,74.80705930001568,74.80705930001568,NA,NA,NA,NA,NA,NA,039,001,2024-02-28_15h59.27.378,PsychoPy Exp,2023.1.2,60.00355222336924
KnowledgeY,ExpTrialStim/Square_Square_B_3.png,Adam KNOWS there are TWO cubes,h,b,TB-K-B,2,2,0,2,2,0,0,0,0,2,B,-,SA3: SB1,SG: SB,0,9,9,248,NA,NA,NA,NA,NA,74.80705930001568,0.00174440001137554,75.5402920000488,75.64029080001637,0.8291376000270247,77.573799500009045,77.97371679998469,78.0758613999933,78.0758613999933,h,1,0.7535193000221625,78.85687420004979,78.85687420004979,78.85687420004979,78.85687420004979,NA,NA,NA,NA,NA,NA,039,001,2024-02-28_15h59.27.378,PsychoPy Exp,2023.1.2,60.00355222336924
BeliefY,ExpTrialStim/Square_B_Triangle_2.png,Adam THINKS there is ONE cube,h,b,TB-Ig,2,1,1,1,1,0,1,0,1,1,B,-,SD3: TD2,SP: TY,0,10,10,133,NA,NA,NA,NA,NA,78.85687420004979,0.00173410004936158,79.59013769996818,79.6901217000559,0.8295251000672579,81.62351060006768,82.02368370001204,82.12594309996348,82.12594309996348,h,1,0.9191709000151604,83.07354380004108,83.07354380004108,83.07354380004108,83.07354380004108,NA,NA,NA,NA,NA,NA,039,001,2024-02-28_15h59.27.378,PsychoPy Exp,2023.1.2,60.00355222336924
KnowledgeN,ExpTrialStim/Triangle_Triangle_B_10.png,Adam KNOWS there are TWO cubes,b,h,TB-K-B,2,0,2,2,0,2,0,0,0,2,B,PropFalse,TA2: TB1,TR: TO,0,11,11,297,NA,NA,NA,NA,NA,83.07354380004108,6.1180000193417e-4,83.80688709998503,83.9069169999566,0.830840100068599,85.8402267000638,86.24040909996256,86.34243950003292,86.34243950003292,b,1,1.318599499994889,87.69005970004946,87.69005970004946,87.69005970004946,87.69005970004946,NA,NA,NA,NA,NA,NA,039,001,2024-02-28_15h59.27.378,PsychoPy Exp,2023.1.2,60.00355222336924
BeliefY,ExpTrialStim/Square_Triangle_NB_2.png,Adam THINKS there is ONE cube,h,b,TB-K,2,1,1,2,1,1,0,0,0,1,NB,-,SB1: TB3,SB: TO,0,12,12,118,NA,NA,NA,NA,NA,87.69005970004946,4.0360004641115e-4,88.4234509000089,88.52369229996111,0.8313648999901488,90.45707340002993,90.85691059997772,90.95905770000536,90.95905770000536,h,1,0.6706346999853849,91.65696359996218,91.65696359996218,91.65696359996218,91.65696359996218,NA,NA,NA,NA,NA,NA,039,001,2024-02-28_15h59.27.378,PsychoPy Exp,2023.1.2,60.00355222336924
BeliefN,ExpTrialStim/Triangle_B_Triangle_2.png,Adam THINKS there are TWO cubes,b,h,TB-Ig,2,0,2,1,0,1,1,0,1,2,B,PropFalse,TB1: TC2,TO: TY,0,13,13,185,NA,NA,NA,NA,NA,91.65696359996218,0.00168760004453361,92.3902117999969,92.4903825999936,0.8294399000005797,94.42352700000627,94.82367920002434,94.92580570001157,94.92580570001157,b,1,0.7036353000439703,95.65686550003012,95.65686550003012,95.65686550003012,95.65686550003012,NA,NA,NA,NA,NA,NA,039,001,2024-02-28_15h59.27.378,PsychoPy Exp,2023.1.2,60.00355222336924
RealityN,ExpTrialStim/Square_Square_NB_5.png,"In REALITY, there is ONE cube",b,h,TB-K,2,2,0,2,2,0,0,0,0,1,NB,PropFalse,SA3: SB2,SB: SP,0,14,14,70,NA,NA,NA,NA,NA,95.65686550003012,0.00156500004231929,96.3902302000206,96.49033800000323,0.8299921000143513,98.42352019995452,98.82363830006216,98.92591850005556,98.92591850005556,b,1,0.7114574000006542,99.65702699997928,99.65702699997928,99.65702699997928,99.65702699997928,NA,NA,NA,NA,NA,NA,039,001,2024-02-28_15h59.27.378,PsychoPy Exp,2023.1.2,60.00355222336924
BeliefY,ExpTrialStim/Square_Square_B_8.png,Adam THINKS there are TWO cubes,h,b,TB-K-B,2,2,0,2,2,0,0,0,0,2,B,-,SA2: SB3,SP: SB,0,15,15,141,NA,NA,NA,NA,NA,99.65702699997928,0.00185230001807212,100.39019379997626,100.4903494999744,0.8295505000278354,102.4236730999546,102.82360830006655,102.92566149996128,102.92566149996128,h,1,0.5596861999947578,103.50692259997597,103.50692259997597,103.50692259997597,103.50692259997597,NA,NA,NA,NA,NA,NA,039,001,2024-02-28_15h59.27.378,PsychoPy Exp,2023.1.2,60.00355222336924
RealityY,ExpTrialStim/Square_B_2.png,"In REALITY, there is ONE cube",h,b,TB-Ig,1,1,0,1,1,0,0,0,0,1,B,-,SB2,SB,0,16,16,21,NA,NA,NA,NA,NA,103.50692259997597,0.0017546999733895,104.24021109996828,104.34029099997132,0.8295328998938203,106.27367520006374,106.67357189999892,106.77570390002802,106.77570390002802,h,1,0.8056939999805763,107.60689559997992,107.60689559997992,107.60689559997992,107.60689559997992,NA,NA,NA,NA,NA,NA,039,001,2024-02-28_15h59.27.378,PsychoPy Exp,2023.1.2,60.00355222336924
RealityY,ExpTrialStim/Triangle_B_Square_3.png,"In REALITY, there is ONE cube",h,b,FB-Ig,2,1,1,1,0,1,1,1,0,1,B,-,SD1: TA2,SG: TR,0,17,17,52,NA,NA,NA,NA,NA,107.60689559997992,0.00172940001357346,108.34005060000344,108.44021959998643,0.8295437999768183,110.3736717000138,110.77362580003684,110.87581490003504,110.87581490003504,h,1,0.8891881000017747,111.7900651000673,111.7900651000673,111.7900651000673,111.7900651000673,NA,NA,NA,NA,NA,NA,039,001,2024-02-28_15h59.27.378,PsychoPy Exp,2023.1.2,60.00355222336924
BeliefN,ExpTrialStim/Square_B_1.png,Adam THINKS there are ZERO cubes,b,h,TB-Ig,1,1,0,1,1,0,0,0,0,0,B,PropFalse,SA2,SG,0,18,18,182,NA,NA,NA,NA,NA,111.7900651000673,4.1049998253583e-4,112.52347290003672,112.6236082999967,0.831402099924162,114.61361600004602,114.9903252000222,115.09242949995678,115.09242949995678,b,1,0.7449231999926269,115.85692759999074,115.85692759999074,115.85692759999074,115.85692759999074,NA,NA,NA,NA,NA,NA,039,001,2024-02-28_15h59.27.378,PsychoPy Exp,2023.1.2,60.00355222336924
KnowledgeN,ExpTrialStim/Square_B_Square_5.png,Adam KNOWS there are TWO cubes,b,h,FB-Ig,2,2,0,1,1,0,1,1,0,2,B,PropTrueNoKnowledge,SB2: SD3,SB: SG,0,19,19,316,NA,NA,NA,NA,NA,115.85692759999074,0.0017368999542668399,116.59017690003384,116.69027969997842,0.8295501000247896,118.62353800004348,119.02360239997506,119.1261632000096,119.1261632000096,b,1,1.0314234000397846,120.17344180005604,120.17344180005604,120.17344180005604,120.17344180005604,NA,NA,NA,NA,NA,NA,039,001,2024-02-28_15h59.27.378,PsychoPy Exp,2023.1.2,60.00355222336924
BeliefY,ExpTrialStim/Square_Triangle_NB_1.png,Adam THINKS there is ONE cube,h,b,TB-K,2,1,1,2,1,1,0,0,0,1,NB,-,SA2: TB1,SG: TR,0,20,20,117,NA,NA,NA,NA,NA,120.17344180005604,0.00155639997683465,120.90679759997874,121.0069168000482,0.8297740999842063,122.9402560000308,123.34013809997124,123.44233840005472,123.44233840005472,h,1,0.6997820000397041,124.17336590006016,124.17336590006016,124.17336590006016,124.17336590006016,NA,NA,NA,NA,NA,NA,039,001,2024-02-28_15h59.27.378,PsychoPy Exp,2023.1.2,60.00355222336924
BeliefN,ExpTrialStim/Square_Square_NB_6.png,Adam THINKS there is ONE cube,b,h,TB-K,2,2,0,2,2,0,0,0,0,1,NB,PropFalse,SA1: SB3,SG: SB,0,21,21,179,NA,NA,NA,NA,NA,124.17336590006016,0.00176050001755356,124.9067963999696,125.00694250001106,0.8293999000452459,126.94024050002918,127.34019120002633,127.44236280000769,127.44236280000769,b,1,0.7156892000930384,128.19002189999446,128.19002189999446,128.19002189999446,128.19002189999446,NA,NA,NA,NA,NA,NA,039,001,2024-02-28_15h59.27.378,PsychoPy Exp,2023.1.2,60.00355222336924
BeliefN,ExpTrialStim/Triangle_B_Square_1.png,Adam THINKS there is ONE cube,b,h,FB-Ig,2,1,1,1,0,1,1,1,0,1,B,PropTrueNoBelief,SC1: TA1,SB: TO,0,22,22,212,NA,NA,NA,NA,NA,128.19002189999446,9.3850004486739e-4,128.92346269998234,129.02350000001024,0.830237100017257,130.9568923000479,131.35682830004953,131.45889300003182,131.45889300003182,b,1,0.8501669999677688,132.3401704999851,132.3401704999851,132.3401704999851,132.3401704999851,NA,NA,NA,NA,NA,NA,039,001,2024-02-28_15h59.27.378,PsychoPy Exp,2023.1.2,60.00355222336924
RealityY,ExpTrialStim/Triangle_B_Square_1.png,"In REALITY, there is ONE cube",h,b,FB-Ig,2,1,1,1,0,1,1,1,0,1,B,-,SC1: TA1,SB: TO,0,23,23,50,NA,NA,NA,NA,NA,132.3401704999851,0.00152359995990991,133.07345879997592,133.17355479998514,0.8301861999789253,135.1066996000009,135.50672710000072,135.60899980005345,135.60899980005345,h,1,0.5079081000294536,136.13979429996107,136.13979429996107,136.13979429996107,136.13979429996107,NA,NA,NA,NA,NA,NA,039,001,2024-02-28_15h59.27.378,PsychoPy Exp,2023.1.2,60.00355222336924
RealityN,ExpTrialStim/B_Square_1.png,"In REALITY, there are ZERO cubes",b,h,FB-Ig,1,1,0,0,0,0,1,1,0,0,B,PropFalse,SC2,SG,0,24,24,92,NA,NA,NA,NA,NA,136.13979429996107,4.4269999489188e-4,136.8734492000658,136.97355029999744,0.8297858000732958,138.90674540004693,139.3068763000192,139.40901169995777,139.40901169995777,b,1,0.7398885999573395,140.17322640004568,140.17322640004568,140.17322640004568,140.17322640004568,NA,NA,NA,NA,NA,NA,039,001,2024-02-28_15h59.27.378,PsychoPy Exp,2023.1.2,60.00355222336924
BeliefY,ExpTrialStim/Square_Square_B_11.png,Adam THINKS there are TWO cubes,h,b,TB-K-B,2,2,0,2,2,0,0,0,0,2,B,-,SA3: SB2,SB: SP,0,25,25,144,NA,NA,NA,NA,NA,140.17322640004568,4.2419997043907e-4,140.90681509999558,141.0067374999635,0.8313950999872759,142.94023970002308,143.34021980001123,143.44226619997062,143.44226619997062,h,1,0.7069989999290556,144.17348290001974,144.17348290001974,144.17348290001974,144.17348290001974,NA,NA,NA,NA,NA,NA,039,001,2024-02-28_15h59.27.378,PsychoPy Exp,2023.1.2,60.00355222336924
RealityN,ExpTrialStim/Square_Square_B_1.png,"In REALITY, there are ZERO cubes",b,h,TB-K-B,2,2,0,2,2,0,0,0,0,0,B,PropFalse,SA1: SB2,SP: SG,0,26,26,84,NA,NA,NA,NA,NA,144.17348290001974,0.00174750003498047,144.9067521999823,145.0066748999525,0.8294713000068441,146.94018809997942,147.34020330000203,147.44227540004067,147.44227540004067,b,1,0.642641199985519,148.1065839000512,148.1065839000512,148.1065839000512,148.1065839000512,NA,NA,NA,NA,NA,NA,039,001,2024-02-28_15h59.27.378,PsychoPy Exp,2023.1.2,60.00355222336924
RealityN,ExpTrialStim/Square_B_Triangle_1.png,"In REALITY, there are ZERO cubes",b,h,TB-Ig,2,1,1,1,1,0,1,0,1,0,B,PropFalse,SB1: TD3,SB: TO,0,27,27,78,NA,NA,NA,NA,NA,148.1065839000512,4.9180001951754e-4,148.84007240005303,148.9402417000383,0.831126100034453,150.87355959997512,151.2732842999976,151.37562930001877,151.37562930001877,b,1,0.8302448000758886,152.22344289999455,152.22344289999455,152.22344289999455,152.22344289999455,NA,NA,NA,NA,NA,NA,039,001,2024-02-28_15h59.27.378,PsychoPy Exp,2023.1.2,60.00355222336924
BeliefN,ExpTrialStim/Square_Triangle_NB_2.png,Adam THINKS there are ZERO cubes,b,h,TB-K,2,1,1,2,1,1,0,0,0,0,NB,PropFalse,SB1: TB3,SB: TO,0,28,28,172,NA,NA,NA,NA,NA,152.22344289999455,0.00178259995300322,152.95669290004298,153.05685759999324,0.8294565000105649,154.99005260004196,155.39019399997778,155.49251210002694,155.49251210002694,b,1,0.7766795000061393,156.2903010000009,156.2903010000009,156.2903010000009,156.2903010000009,NA,NA,NA,NA,NA,NA,039,001,2024-02-28_15h59.27.378,PsychoPy Exp,2023.1.2,60.00355222336924
RealityY,ExpTrialStim/Triangle_Triangle_B_2.png,"In REALITY, there are ZERO cubes",h,b,TB-K-B,2,0,2,2,0,2,0,0,0,0,B,-,TA2: TB3,TO: TR,0,29,29,27,NA,NA,NA,NA,NA,156.2903010000009,0.00173980009276419,157.02335130004212,157.12348449998535,0.8293377000372857,159.05679830000736,159.45689729996957,159.55886660004035,159.55886660004035,h,1,1.0060021999524906,160.5899328000378,160.5899328000378,160.5899328000378,160.5899328000378,NA,NA,NA,NA,NA,NA,039,001,2024-02-28_15h59.27.378,PsychoPy Exp,2023.1.2,60.00355222336924
RealityY,ExpTrialStim/Square_B_Triangle_1.png,"In REALITY, there is ONE cube",h,b,TB-Ig,2,1,1,1,1,0,1,0,1,1,B,-,SB1: TD3,SB: TO,0,30,30,24,NA,NA,NA,NA,NA,160.5899328000378,9.678000351414e-4,161.32334240002092,161.42348850006238,0.8307409000117332,163.35669090005103,163.7566044999985,163.85877259995323,163.85877259995323,h,1,0.8583968000020832,164.74004830000922,164.74004830000922,164.74004830000922,164.74004830000922,NA,NA,NA,NA,NA,NA,039,001,2024-02-28_15h59.27.378,PsychoPy Exp,2023.1.2,60.00355222336924
RealityN,ExpTrialStim/B_Square_4.png,"In REALITY, there are TWO cubes",b,h,FB-Ig,1,1,0,0,0,0,1,1,0,2,B,PropFalse,SD2,SB,0,31,31,95,NA,NA,NA,NA,NA,164.74004830000922,0.00178249995224177,165.47334310004953,165.57346159999724,0.8295450999867171,167.50677720003296,167.9067245000042,168.0087672000518,168.0087672000518,b,1,0.7646973000373691,168.789864600054,168.789864600054,168.789864600054,168.789864600054,NA,NA,NA,NA,NA,NA,039,001,2024-02-28_15h59.27.378,PsychoPy Exp,2023.1.2,60.00355222336924
BeliefY,ExpTrialStim/B_Square_1.png,Adam THINKS there are ZERO cubes,h,b,FB-Ig,1,1,0,0,0,0,1,1,0,0,B,-,SC2,SG,0,32,32,146,NA,NA,NA,NA,NA,168.789864600054,4.9079989548772e-4,169.52332380006555,169.62350540002808,0.8312032999237999,171.55661179998424,171.95646160002798,172.059126200038,172.059126200038,h,1,1.5780951000051573,173.65668919996824,173.65668919996824,173.65668919996824,173.65668919996824,NA,NA,NA,NA,NA,NA,039,001,2024-02-28_15h59.27.378,PsychoPy Exp,2023.1.2,60.00355222336924
RealityN,ExpTrialStim/Triangle_Triangle_NB_2.png,"In REALITY, there are TWO cubes",b,h,TB-K,2,0,2,2,0,2,0,0,0,2,NB,PropFalse,TA2: TB3,TO: TR,0,33,33,61,NA,NA,NA,NA,NA,173.65668919996824,0.00173800007905811,174.39003490004689,174.49014450004324,0.8295325000071898,176.4232054000022,176.8234285999788,176.9253136999905,176.9253136999905,b,1,2.071893999935128,179.0233221000526,179.0233221000526,179.0233221000526,179.0233221000526,NA,NA,NA,NA,NA,NA,039,001,2024-02-28_15h59.27.378,PsychoPy Exp,2023.1.2,60.00355222336924
BeliefN,ExpTrialStim/Square_Square_B_5.png,Adam THINKS there are ZERO cubes,b,h,TB-K-B,2,2,0,2,2,0,0,0,0,0,B,PropFalse,SA3: SB2,SP: SB,0,34,34,192,NA,NA,NA,NA,NA,179.0233221000526,0.00172109995037317,179.7566613999661,179.85672010004055,0.8293016999959946,181.79011309996713,182.1901385000674,182.29219770000785,182.29219770000785,b,1,0.5930055000353605,182.9065045999596,182.9065045999596,182.9065045999596,182.9065045999596,NA,NA,NA,NA,NA,NA,039,001,2024-02-28_15h59.27.378,PsychoPy Exp,2023.1.2,60.00355222336924
RealityN,ExpTrialStim/Triangle_Triangle_B_4.png,"In REALITY, there are TWO cubes",b,h,TB-K-B,2,0,2,2,0,2,0,0,0,2,B,PropFalse,TA2: TB1,TY: TR,0,35,35,83,NA,NA,NA,NA,NA,182.9065045999596,0.00177880004048347,183.63991260004696,183.74000190000515,0.8295167000032961,185.67324400006328,186.07345410005655,186.17556840006728,186.17556840006728,b,1,1.0142366000218317,187.20657340006437,187.20657340006437,187.20657340006437,187.20657340006437,NA,NA,NA,NA,NA,NA,039,001,2024-02-28_15h59.27.378,PsychoPy Exp,2023.1.2,60.00355222336924
RealityN,ExpTrialStim/Square_B_Square_4.png,"In REALITY, there are ZERO cubes",b,h,FB-Ig,2,2,0,1,1,0,1,1,0,0,B,PropFalse,SB1: SD2,SG: SP,0,36,36,99,NA,NA,NA,NA,NA,187.20657340006437,0.00153510004747658,187.9399445999879,188.04006440006196,0.8297395000699908,189.9733019999694,190.3732416999992,190.47547419997863,190.47547419997863,b,1,1.4735766999656337,191.97321229998488,191.97321229998488,191.97321229998488,191.97321229998488,NA,NA,NA,NA,NA,NA,039,001,2024-02-28_15h59.27.378,PsychoPy Exp,2023.1.2,60.00355222336924
KnowledgeN,ExpTrialStim/Triangle_Triangle_B_11.png,Adam KNOWS there are TWO cubes,b,h,TB-K-B,2,0,2,2,0,2,0,0,0,2,B,PropFalse,TA3: TB2,TO: TY,0,37,37,298,NA,NA,NA,NA,NA,191.97321229998488,0.00155230006203055,192.70664980006404,192.8065845000092,0.829874400049448,194.7400960000232,195.1400888999924,195.24228250002488,195.24228250002488,b,1,0.8104599999496713,196.07310969999529,196.07310969999529,196.07310969999529,196.07310969999529,NA,NA,NA,NA,NA,NA,039,001,2024-02-28_15h59.27.378,PsychoPy Exp,2023.1.2,60.00355222336924
RealityN,ExpTrialStim/Triangle_Triangle_B_1.png,"In REALITY, there is ONE cube",b,h,TB-K-B,2,0,2,2,0,2,0,0,0,1,B,PropFalse,TA1: TB2,TY: TO,0,38,38,80,NA,NA,NA,NA,NA,196.07310969999529,5.2610004786401e-4,196.80656980001368,196.906705899979,0.8312627000268549,198.8398828000063,199.23997989995405,199.3421841999516,199.3421841999516,b,1,1.247247299994342,200.60643160005569,200.60643160005569,200.60643160005569,200.60643160005569,NA,NA,NA,NA,NA,NA,039,001,2024-02-28_15h59.27.378,PsychoPy Exp,2023.1.2,60.00355222336924
KnowledgeN,ExpTrialStim/B_Square_4.png,Adam KNOWS there is ONE cube,b,h,FB-Ig,1,1,0,0,0,0,1,1,0,1,B,PropTrueNoKnowledge,SD2,SB,0,39,39,311,NA,NA,NA,NA,NA,200.60643160005569,4.8819999210536e-4,201.33990050002467,201.44005640002433,0.8310147000011057,203.3731764999684,203.7732600000454,203.87542860000391,203.87542860000391,b,1,0.9616770000429824,204.85657030006405,204.85657030006405,204.85657030006405,204.85657030006405,NA,NA,NA,NA,NA,NA,039,001,2024-02-28_15h59.27.378,PsychoPy Exp,2023.1.2,60.00355222336924
KnowledgeY,ExpTrialStim/Triangle_Triangle_NB_1.png,Adam KNOWS there are ZERO cubes,h,b,TB-K,2,0,2,2,0,2,0,0,0,0,NB,-,TA1: TB2,TY: TO,0,40,40,222,NA,NA,NA,NA,NA,204.85657030006405,0.00173359992913901,205.58981959999073,205.69000339997,0.8295414999593049,207.62326669995673,208.02332200005185,208.12532150000337,208.12532150000337,h,1,3.2397649999475107,211.38982959999703,211.38982959999703,211.38982959999703,211.38982959999703,NA,NA,NA,NA,NA,NA,039,001,2024-02-28_15h59.27.378,PsychoPy Exp,2023.1.2,60.00355222336924
BeliefN,ExpTrialStim/Square_B_Square_1.png,Adam THINKS there are ZERO cubes,b,h,FB-Ig,2,2,0,1,1,0,1,1,0,0,B,PropFalse,SA1: SC2,SG: SB,0,41,41,204,NA,NA,NA,NA,NA,211.38982959999703,0.00179260002914816,212.1230637000408,212.2233401000267,0.8294172000605613,214.15665110002735,214.55645430006552,214.6586657000007,214.6586657000007,b,1,2.47443119995296,217.1570605000015,217.1570605000015,217.1570605000015,217.1570605000015,NA,NA,NA,NA,NA,NA,039,001,2024-02-28_15h59.27.378,PsychoPy Exp,2023.1.2,60.00355222336924
BeliefN,ExpTrialStim/Square_NB_3.png,Adam THINKS there are TWO cubes,b,h,TB-K,1,1,0,1,1,0,0,0,0,2,NB,PropFalse,SB2,SG,0,42,42,167,NA,NA,NA,NA,NA,217.1570605000015,0.0017661000601947301,217.88985060004052,217.98992610001005,0.82944820006378,219.92330280004535,220.32327599998095,220.42540770000775,220.42540770000775,b,1,1.035555700073019,221.48973929998465,221.48973929998465,221.48973929998465,221.48973929998465,NA,NA,NA,NA,NA,NA,039,001,2024-02-28_15h59.27.378,PsychoPy Exp,2023.1.2,60.00355222336924
BeliefY,ExpTrialStim/Triangle_B_Square_3.png,Adam THINKS there are ZERO cubes,h,b,FB-Ig,2,1,1,1,0,1,1,1,0,0,B,-,SD1: TA2,SG: TR,0,43,43,160,NA,NA,NA,NA,NA,221.48973929998465,0.00170769996475428,222.2231274000369,222.3233038999606,0.8295682000461966,224.25662310002372,224.6565322000533,224.75859630003103,224.75859630003103,h,1,0.9184600000735372,225.70655560004525,225.70655560004525,225.70655560004525,225.70655560004525,NA,NA,NA,NA,NA,NA,039,001,2024-02-28_15h59.27.378,PsychoPy Exp,2023.1.2,60.00355222336924
KnowledgeN,ExpTrialStim/Square_Square_B_12.png,Adam KNOWS there is ONE cube,b,h,TB-K-B,2,2,0,2,2,0,0,0,0,1,B,PropFalse,SA1: SB3,SP: SG,0,44,44,303,NA,NA,NA,NA,NA,225.70655560004525,0.00176869996357709,226.43982970004436,226.53993730002549,0.8294561000075191,228.47328150004617,228.8730800000485,228.9752381000435,228.9752381000435,b,1,0.9576106000458822,229.9565125000663,229.9565125000663,229.9565125000663,229.9565125000663,NA,NA,NA,NA,NA,NA,039,001,2024-02-28_15h59.27.378,PsychoPy Exp,2023.1.2,60.00355222336924
BeliefY,ExpTrialStim/Triangle_NB_2.png,Adam THINKS there are ZERO cubes,h,b,TB-K,1,0,1,1,0,1,0,0,0,0,NB,-,TA3,TY,0,45,45,109,NA,NA,NA,NA,NA,229.9565125000663,0.0017126000020653,230.68981140002143,230.78993530001023,0.8294423000188544,232.72325949999504,233.12319559999744,233.2252719999524,233.2252719999524,h,1,1.0193784000584856,234.27298330003396,234.27298330003396,234.27298330003396,234.27298330003396,NA,NA,NA,NA,NA,NA,039,001,2024-02-28_15h59.27.378,PsychoPy Exp,2023.1.2,60.00355222336924
KnowledgeN,ExpTrialStim/Triangle_Triangle_B_12.png,Adam KNOWS there are TWO cubes,b,h,TB-K-B,2,0,2,2,0,2,0,0,0,2,B,PropFalse,TA1: TB3,TY: TR,0,46,46,299,NA,NA,NA,NA,NA,234.27298330003396,5.1709997933357e-4,235.00645129999612,235.10650069999977,0.8311864000279456,237.0395956999855,237.43992160004564,237.54206310003065,237.54206310003065,b,1,1.006566600059159,238.5728488999885,238.5728488999885,238.5728488999885,238.5728488999885,NA,NA,NA,NA,NA,NA,039,001,2024-02-28_15h59.27.378,PsychoPy Exp,2023.1.2,60.00355222336924
RealityN,ExpTrialStim/Square_Square_NB_2.png,"In REALITY, there are ZERO cubes",b,h,TB-K,2,2,0,2,2,0,0,0,0,0,NB,PropFalse,SA2: SB3,SB: SG,0,47,47,67,NA,NA,NA,NA,NA,238.5728488999885,4.5740010682493e-4,239.30615960003345,239.40636510006152,0.8308962000301108,241.33989259996451,241.7398765999824,241.8420177999651,241.8420177999651,b,1,0.731370999943465,242.58962440001775,242.58962440001775,242.58962440001775,242.58962440001775,NA,NA,NA,NA,NA,NA,039,001,2024-02-28_15h59.27.378,PsychoPy Exp,2023.1.2,60.00355222336924
RealityY,ExpTrialStim/Triangle_Triangle_B_5.png,"In REALITY, there are ZERO cubes",h,b,TB-K-B,2,0,2,2,0,2,0,0,0,0,B,-,TA3: TB2,TR: TO,0,48,48,30,NA,NA,NA,NA,NA,242.58962440001775,0.00180019997060298,243.3230919999769,243.4232523000101,0.8294384999899194,245.35650039999743,245.75649389997125,245.85870219999924,245.85870219999924,h,1,0.8824247000738978,246.7563285999931,246.7563285999931,246.7563285999931,246.7563285999931,NA,NA,NA,NA,NA,NA,039,001,2024-02-28_15h59.27.378,PsychoPy Exp,2023.1.2,60.00355222336924
RealityY,ExpTrialStim/Square_Square_B_2.png,"In REALITY, there are TWO cubes",h,b,TB-K-B,2,2,0,2,2,0,0,0,0,2,B,-,SA2: SB3,SB: SP,0,49,49,35,NA,NA,NA,NA,NA,246.7563285999931,4.781000316143e-4,247.4897581000114,247.58979650004767,0.830906999995932,249.52315739996263,249.92323129996657,250.02533700002823,250.02533700002823,h,1,1.083581699989736,251.13977879995943,251.13977879995943,251.13977879995943,251.13977879995943,NA,NA,NA,NA,NA,NA,039,001,2024-02-28_15h59.27.378,PsychoPy Exp,2023.1.2,60.00355222336924
RealityY,ExpTrialStim/Square_Square_NB_5.png,"In REALITY, there are TWO cubes",h,b,TB-K,2,2,0,2,2,0,0,0,0,2,NB,-,SA3: SB2,SB: SP,0,50,50,16,NA,NA,NA,NA,NA,251.13977879995943,0.00181569997221231,251.8730818000622,251.97319729998708,0.8296059999847785,253.90637219999917,254.3065171999624,254.40861749998297,254.40861749998297,h,1,1.4200116998981684,255.85629170003813,255.85629170003813,255.85629170003813,255.85629170003813,NA,NA,NA,NA,NA,NA,039,001,2024-02-28_15h59.27.378,PsychoPy Exp,2023.1.2,60.00355222336924
KnowledgeY,ExpTrialStim/Triangle_Triangle_B_6.png,Adam KNOWS there are ZERO cubes,h,b,TB-Ig,2,0,2,2,0,2,0,0,0,0,B,-,TA1: TB3,TO: TY,0,51,51,239,NA,NA,NA,NA,NA,255.85629170003813,0.00121450005099177,256.5896849000128,256.68986949999817,0.830150100053288,258.62320280005224,259.02301460003946,259.12530459999107,259.12530459999107,h,1,1.0232680999906734,260.17292809998617,260.17292809998617,260.17292809998617,260.17292809998617,NA,NA,NA,NA,NA,NA,039,001,2024-02-28_15h59.27.378,PsychoPy Exp,2023.1.2,60.00355222336924
BeliefY,ExpTrialStim/Triangle_NB_3.png,Adam THINKS there are ZERO cubes,h,b,TB-K,1,0,1,1,0,1,0,0,0,0,NB,-,TB2,TR,0,52,52,110,NA,NA,NA,NA,NA,260.17292809998617,6.1489990912377e-4,260.9063807000639,261.0065515000606,0.8310019000200555,262.93968950002454,263.33982370002195,263.44195899995975,263.44195899995975,h,1,1.1948961999733,264.6563797000563,264.6563797000563,264.6563797000563,264.6563797000563,NA,NA,NA,NA,NA,NA,039,001,2024-02-28_15h59.27.378,PsychoPy Exp,2023.1.2,60.00355222336924
KnowledgeY,ExpTrialStim/Square_Triangle_NB_1.png,Adam KNOWS there is ONE cube,h,b,TB-K,2,1,1,2,1,1,0,0,0,1,NB,-,SA2: TB1,SG: TR,0,53,53,225,NA,NA,NA,NA,NA,264.6563797000563,0.00194709992501884,265.38953799998853,265.48978740000166,0.8293652000138536,267.4229982000543,267.82301809999626,267.92521939997096,267.92521939997096,h,1,0.7116398999933153,268.6562700000359,268.6562700000359,268.6562700000359,268.6562700000359,NA,NA,NA,NA,NA,NA,039,001,2024-02-28_15h59.27.378,PsychoPy Exp,2023.1.2,60.00355222336924
KnowledgeY,ExpTrialStim/Square_Triangle_B_6.png,Adam KNOWS there is ONE cube,h,b,FB-Ig,2,1,1,2,1,1,0,0,0,1,B,-,SB3: TA2,SB: TO,0,54,54,263,NA,NA,NA,NA,NA,268.6562700000359,0.00192619999870657,269.3896893999772,269.4897562999977,0.8292166999308392,271.42300139996223,271.82304709998425,271.9251486000139,271.9251486000139,h,1,0.7039797999896109,272.656235500006,272.656235500006,272.656235500006,272.656235500006,NA,NA,NA,NA,NA,NA,039,001,2024-02-28_15h59.27.378,PsychoPy Exp,2023.1.2,60.00355222336924
RealityN,ExpTrialStim/B_Square_2.png,"In REALITY, there are TWO cubes",b,h,FB-Ig,1,1,0,0,0,0,1,1,0,2,B,PropFalse,SC3,SG,0,55,55,93,NA,NA,NA,NA,NA,272.656235500006,0.00186119996942579,273.3896832000464,273.4897493000608,0.8291535000316799,275.4231218000641,275.82306600001175,275.9252679999918,275.9252679999918,b,1,0.7032323000021279,276.6561739000026,276.6561739000026,276.6561739000026,276.6561739000026,NA,NA,NA,NA,NA,NA,039,001,2024-02-28_15h59.27.378,PsychoPy Exp,2023.1.2,60.00355222336924
BeliefN,ExpTrialStim/Square_Triangle_B_6.png,Adam THINKS there are ZERO cubes,b,h,TB-K-B,2,1,1,2,1,1,0,0,0,0,B,PropFalse,SB3: TA2,SB: TO,0,56,56,197,NA,NA,NA,NA,NA,276.6561739000026,5.2210001740604e-4,277.38953849999234,277.4896344000008,0.831250200048089,279.4232001999626,279.82301090005785,279.92520439997315,279.92520439997315,b,1,1.1995303999865428,281.15618469996843,281.15618469996843,281.15618469996843,281.15618469996843,NA,NA,NA,NA,NA,NA,039,001,2024-02-28_15h59.27.378,PsychoPy Exp,2023.1.2,60.00355222336924
KnowledgeN,ExpTrialStim/Square_B_2.png,Adam KNOWS there is ONE cube,b,h,TB-Ig,1,1,0,1,1,0,0,0,0,1,B,PropTrueNoKnowledge,SB2,SB,0,57,57,291,NA,NA,NA,NA,NA,281.15618469996843,4.701999714598e-4,281.889675399987,281.98974009999074,0.8311788999708369,283.92298070003744,284.32308070000727,284.4252785999561,284.4252785999561,h,0,1.3479374999878928,285.7894728999818,285.7894728999818,285.7894728999818,285.7894728999818,NA,NA,NA,NA,NA,NA,039,001,2024-02-28_15h59.27.378,PsychoPy Exp,2023.1.2,60.00355222336924
KnowledgeY,ExpTrialStim/Square_Triangle_B_3.png,Adam KNOWS there is ONE cube,h,b,FB-Ig,2,1,1,2,1,1,0,0,0,1,B,-,SA3: TB1,SP: TY,0,58,58,260,NA,NA,NA,NA,NA,285.7894728999818,4.2629998642951e-4,286.5229114999529,286.6231372000184,0.8311875000363216,288.5564927000087,288.9562980000628,289.05854650004767,289.05854650004767,h,1,1.018243300030008,290.10627220000606,290.10627220000606,290.10627220000606,290.10627220000606,NA,NA,NA,NA,NA,NA,039,001,2024-02-28_15h59.27.378,PsychoPy Exp,2023.1.2,60.00355222336924
BeliefY,ExpTrialStim/Triangle_B_Triangle_1.png,Adam THINKS there are ZERO cubes,h,b,TB-Ig,2,0,2,1,0,1,1,0,1,0,B,-,TA3: TD1,TY: TR,0,59,59,130,NA,NA,NA,NA,NA,290.10627220000606,0.00183439999818801,290.8394288000418,290.93976710003335,0.829489899915643,292.8727945999708,293.27297479996923,293.3750805000309,293.3750805000309,h,1,2.966058099991642,296.3561457999749,296.3561457999749,296.3561457999749,296.3561457999749,NA,NA,NA,NA,NA,NA,039,001,2024-02-28_15h59.27.378,PsychoPy Exp,2023.1.2,60.00355222336924
BeliefN,ExpTrialStim/Square_Square_B_7.png,Adam THINKS there are ZERO cubes,b,h,TB-K-B,2,2,0,2,2,0,0,0,0,0,B,PropFalse,SA1: SB2,SG: SP,0,60,60,194,NA,NA,NA,NA,NA,296.3561457999749,0.00185599992983043,297.0897759000072,297.18968579999637,0.8294044999638572,299.1230864999816,299.5230751000345,299.625160500058,299.625160500058,b,1,2.3392612000461668,301.98936849995516,301.98936849995516,301.98936849995516,301.98936849995516,NA,NA,NA,NA,NA,NA,039,001,2024-02-28_15h59.27.378,PsychoPy Exp,2023.1.2,60.00355222336924
RealityY,ExpTrialStim/Square_Triangle_NB_3.png,"In REALITY, there is ONE cube",h,b,TB-K,2,1,1,2,1,1,0,0,0,1,NB,-,SB3: TA2,SP: TY,0,61,61,11,NA,NA,NA,NA,NA,301.98936849995516,4.819999448955e-4,302.72290729999077,302.8230413000565,0.8311349999858066,304.75637129996903,305.1563791000517,305.25847400003113,305.25847400003113,h,1,0.689968700055033,305.9727740000235,305.9727740000235,305.9727740000235,305.9727740000235,NA,NA,NA,NA,NA,NA,039,001,2024-02-28_15h59.27.378,PsychoPy Exp,2023.1.2,60.00355222336924
BeliefN,ExpTrialStim/Square_Triangle_B_5.png,Adam THINKS there are ZERO cubes,b,h,TB-K-B,2,1,1,2,1,1,0,0,0,0,B,PropFalse,SB2: TA1,SG: TR,0,62,62,196,NA,NA,NA,NA,NA,305.9727740000235,5.8220000937581e-4,306.7061994000105,306.806409599958,0.8312418999848887,308.7396672000177,309.1396809000289,309.2418248000322,309.2418248000322,b,1,1.0905750000383705,310.35610039997846,310.35610039997846,310.35610039997846,310.35610039997846,NA,NA,NA,NA,NA,NA,039,001,2024-02-28_15h59.27.378,PsychoPy Exp,2023.1.2,60.00355222336924
KnowledgeN,ExpTrialStim/Square_Square_NB_2.png,Adam KNOWS there are ZERO cubes,b,h,TB-K,2,2,0,2,2,0,0,0,0,0,NB,PropFalse,SA2: SB3,SB: SG,0,63,63,283,NA,NA,NA,NA,NA,310.35610039997846,4.4600002001971e-4,311.08956989995204,311.1897003999911,0.8311853000195697,313.1228537999559,313.52301410003565,313.62524279998615,313.62524279998615,b,1,1.0831576000200585,314.7394849000266,314.7394849000266,314.7394849000266,314.7394849000266,NA,NA,NA,NA,NA,NA,039,001,2024-02-28_15h59.27.378,PsychoPy Exp,2023.1.2,60.00355222336924
KnowledgeY,ExpTrialStim/Triangle_Triangle_B_11.png,Adam KNOWS there are ZERO cubes,h,b,TB-K-B,2,0,2,2,0,2,0,0,0,0,B,-,TA3: TB2,TO: TY,0,64,64,244,NA,NA,NA,NA,NA,314.7394849000266,0.00100490008480846,315.47286149999127,315.5729642000515,0.8308733000885695,317.5063387999544,317.9060583000537,318.00830190000124,318.00830190000124,h,1,1.5649104999611154,319.5893727999646,319.5893727999646,319.5893727999646,319.5893727999646,NA,NA,NA,NA,NA,NA,039,001,2024-02-28_15h59.27.378,PsychoPy Exp,2023.1.2,60.00355222336924
BeliefY,ExpTrialStim/Triangle_Triangle_NB_2.png,Adam THINKS there are ZERO cubes,h,b,TB-K,2,0,2,2,0,2,0,0,0,0,NB,-,TA2: TB3,TO: TR,0,65,65,115,NA,NA,NA,NA,NA,319.5893727999646,0.00180940004065632,320.3228354000021,320.42303209996317,0.8292999999830499,322.3563884999603,322.756338300067,322.8583612999646,322.8583612999646,b,0,1.186330399941653,324.07287739997264,324.07287739997264,324.07287739997264,324.07287739997264,NA,NA,NA,NA,NA,NA,039,001,2024-02-28_15h59.27.378,PsychoPy Exp,2023.1.2,60.00355222336924
RealityN,ExpTrialStim/Square_Square_B_2.png,"In REALITY, there are ZERO cubes",b,h,TB-K-B,2,2,0,2,2,0,0,0,0,0,B,PropFalse,SA2: SB3,SB: SP,0,66,66,85,NA,NA,NA,NA,NA,324.07287739997264,0.00178689998574554,324.8061749000335,324.9063676999649,0.8293526000343263,326.83963950001635,327.2393725999864,327.3417369000381,327.3417369000381,b,1,1.087293800082989,328.4562069000676,328.4562069000676,328.4562069000676,328.4562069000676,NA,NA,NA,NA,NA,NA,039,001,2024-02-28_15h59.27.378,PsychoPy Exp,2023.1.2,60.00355222336924
KnowledgeN,ExpTrialStim/Square_B_Triangle_1.png,Adam KNOWS there is ONE cube,b,h,TB-Ig,2,1,1,1,1,0,1,0,1,1,B,PropTrueNoKnowledge,SB1: TD3,SB: TO,0,67,67,294,NA,NA,NA,NA,NA,328.4562069000676,0.00178900000173598,329.1894894000143,329.2895190999843,0.8297640999080613,331.2229650999652,331.62295540003106,331.7251476000529,331.7251476000529,b,1,1.8712040999671444,333.6226885999786,333.6226885999786,333.6226885999786,333.6226885999786,NA,NA,NA,NA,NA,NA,039,001,2024-02-28_15h59.27.378,PsychoPy Exp,2023.1.2,60.00355222336924
BeliefY,ExpTrialStim/Square_Square_B_6.png,Adam THINKS there are TWO cubes,h,b,TB-K-B,2,2,0,2,2,0,0,0,0,2,B,-,SA1: SB3,SB: SG,0,68,68,139,NA,NA,NA,NA,NA,333.6226885999786,5.7299993932247e-4,334.35616880003363,334.4562294000061,0.8312241999665275,336.3894651000155,336.78952079999726,336.89172710001003,336.89172710001003,h,1,0.897674800013192,337.8061821999727,337.8061821999727,337.8061821999727,337.8061821999727,NA,NA,NA,NA,NA,NA,039,001,2024-02-28_15h59.27.378,PsychoPy Exp,2023.1.2,60.00355222336924
KnowledgeY,ExpTrialStim/Square_Square_B_8.png,Adam KNOWS there are TWO cubes,h,b,TB-K-B,2,2,0,2,2,0,0,0,0,2,B,-,SA2: SB3,SP: SB,0,69,69,253,NA,NA,NA,NA,NA,337.8061821999727,0.00182699994184076,338.53948100004345,338.63959689997137,0.8290305000264198,340.5729349000612,340.9727774000494,341.07503079995513,341.07503079995513,h,1,0.8101162000093609,341.906108199968,341.906108199968,341.906108199968,341.906108199968,NA,NA,NA,NA,NA,NA,039,001,2024-02-28_15h59.27.378,PsychoPy Exp,2023.1.2,60.00355222336924
BeliefN,ExpTrialStim/Triangle_Triangle_NB_1.png,Adam THINKS there is ONE cube,b,h,TB-K,2,0,2,2,0,2,0,0,0,1,NB,PropFalse,TA1: TB2,TY: TO,0,70,70,168,NA,NA,NA,NA,NA,341.906108199968,0.00188590004108846,342.6394509000238,342.73961489996873,0.8294819000875577,344.6728921000613,345.07275469996966,345.1749780999962,345.1749780999962,b,1,1.621706600068137,346.82265700004064,346.82265700004064,346.82265700004064,346.82265700004064,NA,NA,NA,NA,NA,NA,039,001,2024-02-28_15h59.27.378,PsychoPy Exp,2023.1.2,60.00355222336924
RealityY,ExpTrialStim/Square_B_Square_2.png,"In REALITY, there are TWO cubes",h,b,FB-Ig,2,2,0,1,1,0,1,1,0,2,B,-,SA2: SC3,SB: SP,0,71,71,43,NA,NA,NA,NA,NA,346.82265700004064,0.00179180002305656,347.55594530003145,347.65604450006504,0.829596700030379,349.58945189998485,349.9894409000408,350.09157479996793,350.09157479996793,h,1,0.6974879000335932,350.8060317999916,350.8060317999916,350.8060317999916,350.8060317999916,NA,NA,NA,NA,NA,NA,039,001,2024-02-28_15h59.27.378,PsychoPy Exp,2023.1.2,60.00355222336924
KnowledgeN,ExpTrialStim/Square_B_1.png,Adam KNOWS there is ONE cube,b,h,TB-Ig,1,1,0,1,1,0,0,0,0,1,B,PropTrueNoKnowledge,SA2,SG,0,72,72,290,NA,NA,NA,NA,NA,350.8060317999916,4.151000175625e-4,351.5394883999834,351.6393616000423,0.8309921999461949,353.57288100000005,353.97290339996107,354.07500389998313,354.07500389998313,b,1,1.2984311999753118,355.3893070999766,355.3893070999766,355.3893070999766,355.3893070999766,NA,NA,NA,NA,NA,NA,039,001,2024-02-28_15h59.27.378,PsychoPy Exp,2023.1.2,60.00355222336924
RealityN,ExpTrialStim/Square_NB_3.png,"In REALITY, there are TWO cubes",b,h,TB-K,1,1,0,1,1,0,0,0,0,2,NB,PropFalse,SB2,SG,0,73,73,59,NA,NA,NA,NA,NA,355.3893070999766,5.3750001825392e-4,356.1227284000488,356.222796499962,0.830844100099057,358.15622060000896,358.55616010003723,358.6585065999534,358.6585065999534,b,1,1.2417922000167891,359.9225850000512,359.9225850000512,359.9225850000512,359.9225850000512,NA,NA,NA,NA,NA,NA,039,001,2024-02-28_15h59.27.378,PsychoPy Exp,2023.1.2,60.00355222336924
BeliefN,ExpTrialStim/B_Square_2.png,Adam THINKS there is ONE cube,b,h,FB-Ig,1,1,0,0,0,0,1,1,0,1,B,PropTrueNoBelief,SC3,SG,0,74,74,201,NA,NA,NA,NA,NA,359.9225850000512,6.8109994754195e-4,360.65606459998526,360.7562120000366,0.8311647999798879,362.68952000001445,363.089505800046,363.19177819998,363.19177819998,b,1,1.0204208999639377,364.2392633999698,364.2392633999698,364.2392633999698,364.2392633999698,NA,NA,NA,NA,NA,NA,039,001,2024-02-28_15h59.27.378,PsychoPy Exp,2023.1.2,60.00355222336924
BeliefN,ExpTrialStim/B_Square_3.png,Adam THINKS there is ONE cube,b,h,FB-Ig,1,1,0,0,0,0,1,1,0,1,B,PropTrueNoBelief,SD1,SP,0,75,75,202,NA,NA,NA,NA,NA,364.2392633999698,5.7539995759725e-4,364.9727234999882,365.07279380003456,0.8311519999988377,367.0061265999684,367.4061587000033,367.5083456999855,367.5083456999855,b,1,0.8003194999182597,368.3394895000383,368.3394895000383,368.3394895000383,368.3394895000383,NA,NA,NA,NA,NA,NA,039,001,2024-02-28_15h59.27.378,PsychoPy Exp,2023.1.2,60.00355222336924
RealityY,ExpTrialStim/Square_NB_1.png,"In REALITY, there is ONE cube",h,b,TB-K,1,1,0,1,1,0,0,0,0,1,NB,-,SA1,SB,0,76,76,3,NA,NA,NA,NA,NA,368.3394895000383,0.00178819999564439,369.07272010005545,369.17281739995815,0.8295646000187844,371.1060710999882,371.5061354000354,371.60824239999056,371.60824239999056,h,1,3.3080471999710426,374.939264500048,374.939264500048,374.939264500048,374.939264500048,NA,NA,NA,NA,NA,NA,039,001,2024-02-28_15h59.27.378,PsychoPy Exp,2023.1.2,60.00355222336924
KnowledgeY,ExpTrialStim/Square_Square_NB_2.png,Adam KNOWS there are TWO cubes,h,b,TB-K,2,2,0,2,2,0,0,0,0,2,NB,-,SA2: SB3,SB: SG,0,77,77,229,NA,NA,NA,NA,NA,374.939264500048,4.0850008372217e-4,375.6726859000046,375.7728034000611,0.8308754999889061,377.7060278999852,378.10596409998834,378.2082315000007,378.2082315000007,h,1,1.092393200029619,379.32273020001594,379.32273020001594,379.32273020001594,379.32273020001594,NA,NA,NA,NA,NA,NA,039,001,2024-02-28_15h59.27.378,PsychoPy Exp,2023.1.2,60.00355222336924
RealityY,ExpTrialStim/Square_Triangle_NB_2.png,"In REALITY, there is ONE cube",h,b,TB-K,2,1,1,2,1,1,0,0,0,1,NB,-,SB1: TB3,SB: TO,0,78,78,10,NA,NA,NA,NA,NA,379.32273020001594,0.00179239991120994,380.05585450003855,380.15616550005507,0.829590699984692,382.08926509995945,382.48939959995914,382.59159029996954,382.59159029996954,h,1,0.8769074999727309,383.4893353000516,383.4893353000516,383.4893353000516,383.4893353000516,NA,NA,NA,NA,NA,NA,039,001,2024-02-28_15h59.27.378,PsychoPy Exp,2023.1.2,60.00355222336924
RealityN,ExpTrialStim/Triangle_NB_2.png,"In REALITY, there is ONE cube",b,h,TB-K,1,0,1,1,0,1,0,0,0,1,NB,PropFalse,TA3,TY,0,79,79,55,NA,NA,NA,NA,NA,383.4893353000516,0.00181629997678101,384.22267270006705,384.32282690005377,0.8294942999491468,386.25609779998194,386.65609329997096,386.75828509998973,386.75828509998973,b,1,1.0780379999196157,387.85597599996254,387.85597599996254,387.85597599996254,387.85597599996254,NA,NA,NA,NA,NA,NA,039,001,2024-02-28_15h59.27.378,PsychoPy Exp,2023.1.2,60.00355222336924
BeliefY,ExpTrialStim/Triangle_Triangle_NB_3.png,Adam THINKS there are ZERO cubes,h,b,TB-K,2,0,2,2,0,2,0,0,0,0,NB,-,TA3: TB1,TR: TY,0,80,80,116,NA,NA,NA,NA,NA,387.85597599996254,0.00126489996910095,388.5893138999818,388.6892963000573,0.830100700026378,390.6226528000552,391.02270620001946,391.1248512000311,391.1248512000311,h,1,1.2958785000955686,392.4458652000176,NA,392.4458652000176,NA,space,1.9983559000538664,NA,NA,NA,NA,039,001,2024-02-28_15h59.27.378,PsychoPy Exp,2023.1.2,60.00355222336924
RealityN,ExpTrialStim/Triangle_NB_3.png,"In REALITY, there are TWO cubes",b,h,TB-K,1,0,1,1,0,1,0,0,0,2,NB,PropFalse,TB2,TR,0,81,81,56,NA,NA,NA,NA,NA,394.4724624999799,6.7129998933523e-4,395.20596130006015,395.3062255999539,0.8325161999091506,397.2393294000067,397.6393291000277,397.7415581999812,397.7415581999812,b,1,1.150724899955094,398.9225555000594,398.9225555000594,398.9225555000594,398.9225555000594,NA,NA,NA,NA,NA,NA,039,001,2024-02-28_15h59.27.378,PsychoPy Exp,2023.1.2,60.00355222336924
KnowledgeY,ExpTrialStim/Square_Triangle_B_2.png,Adam KNOWS there is ONE cube,h,b,FB-Ig,2,1,1,2,1,1,0,0,0,1,B,-,SA2: TB3,SB: TO,0,82,82,259,NA,NA,NA,NA,NA,398.9225555000594,0.00117990002036094,399.65598539996427,399.7560656999703,0.8292858999921009,401.68939349998254,402.0893528000451,402.1916479000356,402.1916479000356,h,1,0.5812475000275299,402.78933759999927,402.78933759999927,402.78933759999927,402.78933759999927,NA,NA,NA,NA,NA,NA,039,001,2024-02-28_15h59.27.378,PsychoPy Exp,2023.1.2,60.00355222336924
RealityY,ExpTrialStim/Square_Triangle_NB_1.png,"In REALITY, there is ONE cube",h,b,TB-K,2,1,1,2,1,1,0,0,0,1,NB,-,SA2: TB1,SG: TR,0,83,83,9,NA,NA,NA,NA,NA,402.78933759999927,0.00166750000789761,403.5226066999603,403.6227035999764,0.8294778999406844,405.555997599964,405.9559280000394,406.0582309999736,406.0582309999736,h,1,0.6022749000694603,406.6893467999762,406.6893467999762,406.6893467999762,406.6893467999762,NA,NA,NA,NA,NA,NA,039,001,2024-02-28_15h59.27.378,PsychoPy Exp,2023.1.2,60.00355222336924
RealityN,ExpTrialStim/Square_B_Triangle_2.png,"In REALITY, there are TWO cubes",b,h,TB-Ig,2,1,1,1,1,0,1,0,1,2,B,PropFalse,SD3: TD2,SP: TY,0,84,84,79,NA,NA,NA,NA,NA,406.6893467999762,0.00172590010333806,407.42240320006385,407.5227913999697,0.829588400083594,409.455976700061,409.8558757000137,409.9581222999841,409.9581222999841,b,1,0.7419850999722257,410.7225013000425,410.7225013000425,410.7225013000425,410.7225013000425,NA,NA,NA,NA,NA,NA,039,001,2024-02-28_15h59.27.378,PsychoPy Exp,2023.1.2,60.00355222336924
BeliefN,ExpTrialStim/Square_B_Square_7.png,Adam THINKS there are TWO cubes,b,h,FB-Ig,2,2,0,1,1,0,1,1,0,2,B,PropTrueNoBelief,SA3: SC2,SG: SP,0,85,85,210,NA,NA,NA,NA,NA,410.7225013000425,6.6260003950446e-4,411.45594939996954,411.5560676000314,0.8310970000457019,413.4890766000608,413.88939719996415,413.99146990000736,413.99146990000736,b,1,0.6369464000454172,414.6559477000265,414.6559477000265,414.6559477000265,414.6559477000265,NA,NA,NA,NA,NA,NA,039,001,2024-02-28_15h59.27.378,PsychoPy Exp,2023.1.2,60.00355222336924
RealityN,ExpTrialStim/Triangle_B_Triangle_1.png,"In REALITY, there is ONE cube",b,h,TB-Ig,2,0,2,1,0,1,1,0,1,1,B,PropFalse,TA3: TD1,TY: TR,0,86,86,76,NA,NA,NA,NA,NA,414.6559477000265,0.00169919990003108,415.3892635999946,415.4893674000632,0.8292852999875322,417.42259730002837,417.8225247999653,417.9251867999555,417.9251867999555,b,1,0.6951695000752807,418.63908979995176,418.63908979995176,418.63908979995176,418.63908979995176,NA,NA,NA,NA,NA,NA,039,001,2024-02-28_15h59.27.378,PsychoPy Exp,2023.1.2,60.00355222336924
BeliefY,ExpTrialStim/Square_Square_B_7.png,Adam THINKS there are TWO cubes,h,b,TB-K-B,2,2,0,2,2,0,0,0,0,2,B,-,SA1: SB2,SG: SP,0,87,87,140,NA,NA,NA,NA,NA,418.63908979995176,6.2920001801103e-4,419.37257670005783,419.4726769999834,0.8310958000365645,421.405873300042,421.8058817000128,421.9080971999792,421.9080971999792,h,1,0.9999151999363676,422.93902269995306,422.93902269995306,422.93902269995306,422.93902269995306,NA,NA,NA,NA,NA,NA,039,001,2024-02-28_15h59.27.378,PsychoPy Exp,2023.1.2,60.00355222336924
RealityN,ExpTrialStim/Square_Square_NB_4.png,"In REALITY, there is ONE cube",b,h,TB-K,2,2,0,2,2,0,0,0,0,1,NB,PropFalse,SA2: SB1,SP: SG,0,88,88,69,NA,NA,NA,NA,NA,422.93902269995306,4.7110009472817e-4,423.6725716000656,423.7726574999979,0.8311664999928325,425.7057835999876,426.1058904000092,426.2080169999972,426.2080169999972,b,1,0.6844208999536932,426.92239570000675,426.92239570000675,426.92239570000675,426.92239570000675,NA,NA,NA,NA,NA,NA,039,001,2024-02-28_15h59.27.378,PsychoPy Exp,2023.1.2,60.00355222336924
KnowledgeY,ExpTrialStim/Triangle_Triangle_B_12.png,Adam KNOWS there are ZERO cubes,h,b,TB-K-B,2,0,2,2,0,2,0,0,0,0,B,-,TA1: TB3,TY: TR,0,89,89,245,NA,NA,NA,NA,NA,426.92239570000675,4.278999986127e-4,427.6562636999879,427.7558986999793,0.8310497000347823,429.6892203000607,430.08924160001334,430.19156449998263,430.19156449998263,h,1,1.1248795998981225,431.3391845000442,431.3391845000442,431.3391845000442,431.3391845000442,NA,NA,NA,NA,NA,NA,039,001,2024-02-28_15h59.27.378,PsychoPy Exp,2023.1.2,60.00355222336924
BeliefN,ExpTrialStim/Triangle_B_2.png,Adam THINKS there is ONE cube,b,h,TB-Ig,1,0,1,1,0,1,0,0,0,1,B,PropFalse,TB2,TO,0,90,90,181,NA,NA,NA,NA,NA,431.3391845000442,0.00175199995283037,432.0724787999643,432.1726344999624,0.8295985999284312,434.10579880001023,434.50581040000543,434.6080784000223,434.6080784000223,b,1,0.9243443000596016,435.5558905999642,435.5558905999642,435.5558905999642,435.5558905999642,NA,NA,NA,NA,NA,NA,039,001,2024-02-28_15h59.27.378,PsychoPy Exp,2023.1.2,60.00355222336924
BeliefN,ExpTrialStim/Square_Triangle_B_7.png,Adam THINKS there are TWO cubes,b,h,TB-K-B,2,1,1,2,1,1,0,0,0,2,B,PropFalse,SA1: TB3,SB: TO,0,91,91,198,NA,NA,NA,NA,NA,435.5558905999642,0.00171800004318356,436.2891897000373,436.38931730005424,0.8295970000326633,438.3226171999704,438.7225470000412,438.8247627000091,438.8247627000091,b,1,0.8596575999399647,439.7058250999544,439.7058250999544,439.7058250999544,439.7058250999544,NA,NA,NA,NA,NA,NA,039,001,2024-02-28_15h59.27.378,PsychoPy Exp,2023.1.2,60.00355222336924
RealityY,ExpTrialStim/B_Square_2.png,"In REALITY, there is ONE cube",h,b,FB-Ig,1,1,0,0,0,0,1,1,0,1,B,-,SC3,SG,0,92,92,39,NA,NA,NA,NA,NA,439.7058250999544,0.00173080002423375,440.4391006999649,440.5391164000612,0.8295434999745339,442.4724519000156,442.87259629997425,442.97482320002746,442.97482320002746,h,1,0.6219404001021758,443.6225176999578,443.6225176999578,443.6225176999578,443.6225176999578,NA,NA,NA,NA,NA,NA,039,001,2024-02-28_15h59.27.378,PsychoPy Exp,2023.1.2,60.00355222336924
RealityY,ExpTrialStim/Square_NB_3.png,"In REALITY, there is ONE cube",h,b,TB-K,1,1,0,1,1,0,0,0,0,1,NB,-,SB2,SG,0,93,93,5,NA,NA,NA,NA,NA,443.6225176999578,0.00173910008743405,444.35581890004687,444.4559604000533,0.8293857000535354,446.38922540005296,446.7892190000275,446.8912997000152,446.8912997000152,h,1,0.5766892000101507,447.48899420001544,447.48899420001544,447.48899420001544,447.48899420001544,NA,NA,NA,NA,NA,NA,039,001,2024-02-28_15h59.27.378,PsychoPy Exp,2023.1.2,60.00355222336924
BeliefN,ExpTrialStim/Square_B_Triangle_2.png,Adam THINKS there are TWO cubes,b,h,TB-Ig,2,1,1,1,1,0,1,0,1,2,B,PropFalse,SD3: TD2,SP: TY,0,94,94,187,NA,NA,NA,NA,NA,447.48899420001544,4.2210007086396e-4,448.22240099997725,448.3225939000258,0.8314000000245869,450.25589340005536,450.6559400999686,450.75795340002514,450.75795340002514,b,1,1.846947900019586,452.6225214999867,452.6225214999867,452.6225214999867,452.6225214999867,NA,NA,NA,NA,NA,NA,039,001,2024-02-28_15h59.27.378,PsychoPy Exp,2023.1.2,60.00355222336924
KnowledgeN,ExpTrialStim/Square_B_Square_6.png,Adam KNOWS there are TWO cubes,b,h,FB-Ig,2,2,0,1,1,0,1,1,0,2,B,PropTrueNoKnowledge,SB3: SC1,SP: SG,0,95,95,317,NA,NA,NA,NA,NA,452.6225214999867,0.00174340000376105,453.3557571000419,453.4559196999762,0.8292969999602064,455.3891504000639,455.7891827999847,455.8914509000024,455.8914509000024,b,1,1.9291352999862283,457.8389771999791,457.8389771999791,457.8389771999791,457.8389771999791,NA,NA,NA,NA,NA,NA,039,001,2024-02-28_15h59.27.378,PsychoPy Exp,2023.1.2,60.00355222336924
RealityN,ExpTrialStim/Square_Triangle_B_4.png,"In REALITY, there are TWO cubes",b,h,TB-K-B,2,1,1,2,1,1,0,0,0,2,B,PropFalse,SB1: TA3,SP: TY,0,96,96,91,NA,NA,NA,NA,NA,457.8389771999791,3.9539998397231e-4,458.57246030005626,458.6725592999719,0.8313081000233069,460.6057093000272,461.0059686000459,461.107959600049,461.107959600049,b,1,1.9043345999671144,463.03885360003915,463.03885360003915,463.03885360003915,463.03885360003915,NA,NA,NA,NA,NA,NA,039,001,2024-02-28_15h59.27.378,PsychoPy Exp,2023.1.2,60.00355222336924
BeliefN,ExpTrialStim/Square_B_Square_8.png,Adam THINKS there are TWO cubes,b,h,FB-Ig,2,2,0,1,1,0,1,1,0,2,B,PropTrueNoBelief,SA1: SD2,SP: SG,0,97,97,211,NA,NA,NA,NA,NA,463.03885360003915,0.00175029993988573,463.772419200046,463.8725384999998,0.8293978999136016,465.80576879996806,466.2057646999601,466.3080862000352,466.3080862000352,b,1,1.5680918000871316,467.9056789999595,467.9056789999595,467.9056789999595,467.9056789999595,NA,NA,NA,NA,NA,NA,039,001,2024-02-28_15h59.27.378,PsychoPy Exp,2023.1.2,60.00355222336924
KnowledgeY,ExpTrialStim/Square_Square_NB_3.png,Adam KNOWS there are TWO cubes,h,b,TB-K,2,2,0,2,2,0,0,0,0,2,NB,-,SA3: SB1,SG: SP,0,98,98,230,NA,NA,NA,NA,NA,467.9056789999595,0.00117190007586032,468.6390738000627,468.7391928000143,0.8302771000890061,470.6723220000276,471.07238919998053,471.1746346000582,471.1746346000582,h,1,2.1016559000127017,473.30558459996246,473.30558459996246,473.30558459996246,473.30558459996246,NA,NA,NA,NA,NA,NA,039,001,2024-02-28_15h59.27.378,PsychoPy Exp,2023.1.2,60.00355222336924
KnowledgeN,ExpTrialStim/Triangle_B_Triangle_1.png,Adam KNOWS there are ZERO cubes,b,h,TB-Ig,2,0,2,1,0,1,1,0,1,0,B,PropTrueNoKnowledge,TA3: TD1,TY: TR,0,99,99,292,NA,NA,NA,NA,NA,473.30558459996246,0.00173269992228597,474.0387916000327,474.1388663999969,0.829260699916631,476.07249140006024,476.47251049999613,476.57473510003183,476.57473510003183,b,1,1.773136500036344,478.3723080999917,478.3723080999917,478.3723080999917,478.3723080999917,NA,NA,NA,NA,NA,NA,039,001,2024-02-28_15h59.27.378,PsychoPy Exp,2023.1.2,60.00355222336924
BeliefY,ExpTrialStim/Square_Square_NB_1.png,Adam THINKS there are TWO cubes,h,b,TB-K,2,2,0,2,2,0,0,0,0,2,NB,-,SA1: SB2,SP: SB,0,100,100,120,NA,NA,NA,NA,NA,478.3723080999917,6.1440002173185e-4,479.1056763000088,479.2059121000348,0.8311090000206605,481.13910559995566,481.53905380005017,481.64132890000474,481.64132890000474,h,1,1.0748865000205114,482.7390508999815,482.7390508999815,482.7390508999815,482.7390508999815,NA,NA,NA,NA,NA,NA,039,001,2024-02-28_15h59.27.378,PsychoPy Exp,2023.1.2,60.00355222336924
KnowledgeY,ExpTrialStim/Square_Triangle_B_10.png,Adam KNOWS there is ONE cube,h,b,FB-Ig,2,1,1,2,1,1,0,0,0,1,B,-,SB1: TA2,SP: TY,0,101,101,267,NA,NA,NA,NA,NA,482.7390508999815,0.00173699995502829,483.4723698999733,483.5724736000411,0.8294148999266326,485.5058211999713,485.9057733999798,486.0078974000644,486.0078974000644,h,1,1.1082902000052854,487.1389638000401,487.1389638000401,487.1389638000401,487.1389638000401,NA,NA,NA,NA,NA,NA,039,001,2024-02-28_15h59.27.378,PsychoPy Exp,2023.1.2,60.00355222336924
RealityN,ExpTrialStim/Triangle_B_Square_2.png,"In REALITY, there are TWO cubes",b,h,FB-Ig,2,1,1,1,0,1,1,1,0,2,B,PropFalse,SC3: TB3,SP: TY,0,102,102,105,NA,NA,NA,NA,NA,487.1389638000401,0.00155110005289316,487.8723162000533,487.972467900021,0.8298616000683978,489.9057356000412,490.3056631999789,490.4079253999517,490.4079253999517,b,1,0.9482877000700682,491.37230060005095,491.37230060005095,491.37230060005095,491.37230060005095,NA,NA,NA,NA,NA,NA,039,001,2024-02-28_15h59.27.378,PsychoPy Exp,2023.1.2,60.00355222336924
BeliefN,ExpTrialStim/Square_Triangle_B_8.png,Adam THINKS there are TWO cubes,b,h,TB-K-B,2,1,1,2,1,1,0,0,0,2,B,PropFalse,SA2: TB1,SP: TY,0,103,103,199,NA,NA,NA,NA,NA,491.37230060005095,9.5070002134889e-4,492.10568719997536,492.2057410000125,0.8306264000711963,494.13913619995583,494.5390521000372,494.6411940000253,494.6411940000253,b,1,1.4266849000705406,496.08892410004046,496.08892410004046,496.08892410004046,496.08892410004046,NA,NA,NA,NA,NA,NA,039,001,2024-02-28_15h59.27.378,PsychoPy Exp,2023.1.2,60.00355222336924
BeliefY,ExpTrialStim/Square_B_Square_4.png,Adam THINKS there is ONE cube,h,b,FB-Ig,2,2,0,1,1,0,1,1,0,1,B,-,SB1: SD2,SG: SP,0,104,104,153,NA,NA,NA,NA,NA,496.08892410004046,5.5829994380474e-4,496.8223291999893,496.9224268000107,0.8312340999254957,498.8557521000039,499.25575030001346,499.35807560000103,499.35807560000103,h,1,2.2703347998904064,501.6556516999845,501.6556516999845,501.6556516999845,501.6556516999845,NA,NA,NA,NA,NA,NA,039,001,2024-02-28_15h59.27.378,PsychoPy Exp,2023.1.2,60.00355222336924
RealityY,ExpTrialStim/Square_B_Square_8.png,"In REALITY, there are TWO cubes",h,b,FB-Ig,2,2,0,1,1,0,1,1,0,2,B,-,SA1: SD2,SP: SG,0,105,105,49,NA,NA,NA,NA,NA,501.6556516999845,0.0017216999549418599,502.3889650000492,502.48897139995825,0.8295046999119222,504.4223237000406,504.822393200011,504.9244560999796,504.9244560999796,h,1,1.5757396999979392,506.52224439999554,506.52224439999554,506.52224439999554,506.52224439999554,NA,NA,NA,NA,NA,NA,039,001,2024-02-28_15h59.27.378,PsychoPy Exp,2023.1.2,60.00355222336924
BeliefY,ExpTrialStim/Square_B_Triangle_1.png,Adam THINKS there is ONE cube,h,b,TB-Ig,2,1,1,1,1,0,1,0,1,1,B,-,SB1: TD3,SB: TO,0,106,106,132,NA,NA,NA,NA,NA,506.52224439999554,0.00171059998683631,507.25563859997783,507.3557216000045,0.8296064999885857,509.2891082999995,509.6890518000582,509.791114200023,509.791114200023,h,1,1.4210785999894142,511.2389295999892,511.2389295999892,511.2389295999892,511.2389295999892,NA,NA,NA,NA,NA,NA,039,001,2024-02-28_15h59.27.378,PsychoPy Exp,2023.1.2,60.00355222336924
RealityY,ExpTrialStim/Square_B_1.png,"In REALITY, there is ONE cube",h,b,TB-Ig,1,1,0,1,1,0,0,0,0,1,B,-,SA2,SG,0,107,107,20,NA,NA,NA,NA,NA,511.2389295999892,0.00182669993955641,511.972238700022,512.0722673999844,0.8295936000067741,514.005692500039,514.4056877000257,514.5079588000663,514.5079588000663,h,1,1.6805815000552684,516.2054667000193,516.2054667000193,516.2054667000193,516.2054667000193,NA,NA,NA,NA,NA,NA,039,001,2024-02-28_15h59.27.378,PsychoPy Exp,2023.1.2,60.00355222336924
BeliefN,ExpTrialStim/B_Square_1.png,Adam THINKS there is ONE cube,b,h,FB-Ig,1,1,0,0,0,0,1,1,0,1,B,PropTrueNoBelief,SC2,SG,0,108,108,200,NA,NA,NA,NA,NA,516.2054667000193,3.8490002043545e-4,516.9388920000056,517.039057899965,0.83114939997904,518.9722360000014,519.3723518999759,519.4744430000428,519.4744430000428,b,1,1.2417031000368297,520.7386444000294,520.7386444000294,520.7386444000294,520.7386444000294,NA,NA,NA,NA,NA,NA,039,001,2024-02-28_15h59.27.378,PsychoPy Exp,2023.1.2,60.00355222336924
RealityN,ExpTrialStim/Triangle_Triangle_B_3.png,"In REALITY, there is ONE cube",b,h,TB-K-B,2,0,2,2,0,2,0,0,0,1,B,PropFalse,TA3: TB1,TR: TY,0,109,109,82,NA,NA,NA,NA,NA,520.7386444000294,4.0220003575086e-4,521.4721606000094,521.5723430999788,0.831327100051567,523.5057090000482,523.9056832999922,524.0078232999658,524.0078232999658,b,1,0.8042368999449536,524.8389058000175,524.8389058000175,524.8389058000175,524.8389058000175,NA,NA,NA,NA,NA,NA,039,001,2024-02-28_15h59.27.378,PsychoPy Exp,2023.1.2,60.00355222336924
RealityN,ExpTrialStim/Square_Square_B_3.png,"In REALITY, there is ONE cube",b,h,TB-K-B,2,2,0,2,2,0,0,0,0,1,B,PropFalse,SA3: SB1,SG: SB,0,110,110,86,NA,NA,NA,NA,NA,524.8389058000175,0.00173529994208365,525.5722286000382,525.6723250000505,0.8295602999860421,527.6056792000309,528.0056101999944,528.1078158000018,528.1078158000018,b,1,0.8646893999539316,528.9888869000133,528.9888869000133,528.9888869000133,528.9888869000133,NA,NA,NA,NA,NA,NA,039,001,2024-02-28_15h59.27.378,PsychoPy Exp,2023.1.2,60.00355222336924
RealityN,ExpTrialStim/Square_Triangle_B_2.png,"In REALITY, there are TWO cubes",b,h,TB-K-B,2,1,1,2,1,1,0,0,0,2,B,PropFalse,SA2: TB3,SB: TO,0,111,111,89,NA,NA,NA,NA,NA,528.9888869000133,0.0017508000601083,529.7222200999968,529.8223208000418,0.8294130000285804,531.7555888000643,532.1554693999933,532.2579525000183,532.2579525000183,b,1,0.5941365000326186,532.8721119000111,532.8721119000111,532.8721119000111,532.8721119000111,NA,NA,NA,NA,NA,NA,039,001,2024-02-28_15h59.27.378,PsychoPy Exp,2023.1.2,60.00355222336924
KnowledgeY,ExpTrialStim/Triangle_NB_2.png,Adam KNOWS there are ZERO cubes,h,b,TB-K,1,0,1,1,0,1,0,0,0,0,NB,-,TA3,TY,0,112,112,217,NA,NA,NA,NA,NA,532.8721119000111,4.5000005047768e-4,533.6054840000579,533.7056596999755,0.8312598000047728,535.6389744000044,536.0389128000243,536.1411034000339,536.1411034000339,h,1,1.1909392999950796,537.3556631000247,537.3556631000247,537.3556631000247,537.3556631000247,NA,NA,NA,NA,NA,NA,039,001,2024-02-28_15h59.27.378,PsychoPy Exp,2023.1.2,60.00355222336924
BeliefN,ExpTrialStim/Triangle_Triangle_NB_2.png,Adam THINKS there are TWO cubes,b,h,TB-K,2,0,2,2,0,2,0,0,0,2,NB,PropFalse,TA2: TB3,TO: TR,0,113,113,169,NA,NA,NA,NA,NA,537.3556631000247,0.00173129991162568,538.088881200063,538.1887565000216,0.8296484999591485,540.1222955000121,540.5222357000457,540.6244347000029,540.6244347000029,b,1,1.539328400045633,542.1887631999562,542.1887631999562,542.1887631999562,542.1887631999562,NA,NA,NA,NA,NA,NA,039,001,2024-02-28_15h59.27.378,PsychoPy Exp,2023.1.2,60.00355222336924
KnowledgeY,ExpTrialStim/Square_Square_B_6.png,Adam KNOWS there are TWO cubes,h,b,TB-K-B,2,2,0,2,2,0,0,0,0,2,B,-,SA1: SB3,SB: SG,0,114,114,251,NA,NA,NA,NA,NA,542.1887631999562,6.6349992994219e-4,542.9221949999919,543.0222889999859,0.8309860000154004,544.9555142000318,545.3556192000397,545.4576151999645,545.4576151999645,h,1,0.7945005999645218,546.2721315999515,546.2721315999515,546.2721315999515,546.2721315999515,NA,NA,NA,NA,NA,NA,039,001,2024-02-28_15h59.27.378,PsychoPy Exp,2023.1.2,60.00355222336924
RealityN,ExpTrialStim/Square_Triangle_NB_1.png,"In REALITY, there are ZERO cubes",b,h,TB-K,2,1,1,2,1,1,0,0,0,0,NB,PropFalse,SA2: TB1,SG: TR,0,115,115,63,NA,NA,NA,NA,NA,546.2721315999515,0.00169800000730901,547.0052926000208,547.1055808999809,0.8295712000690401,549.0388148999773,549.4388943000231,549.5410785999848,549.5410785999848,b,1,0.9351502999197692,550.5053901000647,550.5053901000647,550.5053901000647,550.5053901000647,NA,NA,NA,NA,NA,NA,039,001,2024-02-28_15h59.27.378,PsychoPy Exp,2023.1.2,60.00355222336924
RealityN,ExpTrialStim/Square_Triangle_B_1.png,"In REALITY, there are ZERO cubes",b,h,TB-K-B,2,1,1,2,1,1,0,0,0,0,B,PropFalse,SA1: TB2,SG: TR,0,116,116,88,NA,NA,NA,NA,NA,550.5053901000647,0.00550400000065565,551.255393999978,551.355588800041,0.8465963000198826,553.2889226999832,553.6889307000674,553.7910574000562,553.7910574000562,b,1,0.7889557000016794,554.6054111999692,554.6054111999692,554.6054111999692,554.6054111999692,NA,NA,NA,NA,NA,NA,039,001,2024-02-28_15h59.27.378,PsychoPy Exp,2023.1.2,60.00355222336924
KnowledgeY,ExpTrialStim/Triangle_Triangle_B_4.png,Adam KNOWS there are ZERO cubes,h,b,TB-Ig,2,0,2,2,0,2,0,0,0,0,B,-,TA2: TB1,TY: TR,0,117,117,237,NA,NA,NA,NA,NA,554.6054111999692,0.00150799995753914,555.3387848000275,555.4387922000606,0.8299534999532625,557.3722679000348,557.7722321000183,557.8742437000619,557.8742437000619,h,1,1.337525499984622,559.2387252000626,559.2387252000626,559.2387252000626,559.2387252000626,NA,NA,NA,NA,NA,NA,039,001,2024-02-28_15h59.27.378,PsychoPy Exp,2023.1.2,60.00355222336924
RealityY,ExpTrialStim/Triangle_Triangle_B_7.png,"In REALITY, there are ZERO cubes",h,b,TB-K-B,2,0,2,2,0,2,0,0,0,0,B,-,TA1: TB2,TR: TY,0,118,118,32,NA,NA,NA,NA,NA,559.2387252000626,9.1469998005777e-4,559.9721169000259,560.07222490001,0.8307027999544516,562.0056070999708,562.4055102999555,562.5077005999628,562.5077005999628,h,1,0.648570999968797,563.1720892000012,563.1720892000012,563.1720892000012,563.1720892000012,NA,NA,NA,NA,NA,NA,039,001,2024-02-28_15h59.27.378,PsychoPy Exp,2023.1.2,60.00355222336924
BeliefN,ExpTrialStim/Triangle_Triangle_B_7.png,Adam THINKS there are TWO cubes,b,h,TB-K-B,2,0,2,2,0,2,0,0,0,2,B,PropFalse,TA1: TB2,TR: TY,0,119,119,190,NA,NA,NA,NA,NA,563.1720892000012,0.00186279998160898,563.9054746000329,564.0054614000255,0.8294631999451667,565.9386903999839,566.3388582000043,566.4409213999752,566.4409213999752,b,1,0.9230711000273004,567.3888640999794,567.3888640999794,567.3888640999794,567.3888640999794,NA,NA,NA,NA,NA,NA,039,001,2024-02-28_15h59.27.378,PsychoPy Exp,2023.1.2,60.00355222336924
RealityY,ExpTrialStim/Triangle_Triangle_B_1.png,"In REALITY, there are ZERO cubes",h,b,TB-K-B,2,0,2,2,0,2,0,0,0,0,B,-,TA1: TB2,TY: TO,0,120,120,26,NA,NA,NA,NA,NA,567.3888640999794,0.00170400005299597,568.1221895000199,568.2222549000289,0.8294318000553176,570.1555416999618,570.5555159000214,570.6574538999703,570.6574538999703,h,1,0.8265189999947324,571.5053082000231,571.5053082000231,571.5053082000231,571.5053082000231,NA,NA,NA,NA,NA,NA,039,001,2024-02-28_15h59.27.378,PsychoPy Exp,2023.1.2,60.00355222336924
BeliefY,ExpTrialStim/Square_Square_NB_5.png,Adam THINKS there are TWO cubes,h,b,TB-K,2,2,0,2,2,0,0,0,0,2,NB,-,SA3: SB2,SB: SP,0,121,121,124,NA,NA,NA,NA,NA,571.5053082000231,0.00189790001604706,572.2387543000514,572.3389072000282,0.8293161999899894,574.2720675000455,574.6721951999934,574.7742680000374,574.7742680000374,h,1,0.9256274000508712,575.7220818999922,575.7220818999922,575.7220818999922,575.7220818999922,NA,NA,NA,NA,NA,NA,039,001,2024-02-28_15h59.27.378,PsychoPy Exp,2023.1.2,60.00355222336924
KnowledgeN,ExpTrialStim/Square_B_Square_7.png,Adam KNOWS there are TWO cubes,b,h,FB-Ig,2,2,0,1,1,0,1,1,0,2,B,PropTrueNoKnowledge,SA3: SC2,SG: SP,0,122,122,318,NA,NA,NA,NA,NA,575.7220818999922,0.00172930001281201,576.4553967999527,576.5553466000129,0.8293499000137672,578.48884060001,578.8889023000374,578.9907774999738,578.9907774999738,b,1,1.29304839996621,580.3051841000561,580.3051841000561,580.3051841000561,580.3051841000561,NA,NA,NA,NA,NA,NA,039,001,2024-02-28_15h59.27.378,PsychoPy Exp,2023.1.2,60.00355222336924
BeliefY,ExpTrialStim/Square_Square_B_5.png,Adam THINKS there are TWO cubes,h,b,TB-K-B,2,2,0,2,2,0,0,0,0,2,B,-,SA3: SB2,SP: SB,0,123,123,138,NA,NA,NA,NA,NA,580.3051841000561,0.00172290008049458,581.0387473000446,581.1387392999604,0.8293540000449866,583.0721343000187,583.472092299955,583.5742144000251,583.5742144000251,h,1,2.3177057000575587,585.9220290000085,585.9220290000085,585.9220290000085,585.9220290000085,NA,NA,NA,NA,NA,NA,039,001,2024-02-28_15h59.27.378,PsychoPy Exp,2023.1.2,60.00355222336924
RealityY,ExpTrialStim/Triangle_Triangle_NB_2.png,"In REALITY, there are ZERO cubes",h,b,TB-K,2,0,2,2,0,2,0,0,0,0,NB,-,TA2: TB3,TO: TR,0,124,124,7,NA,NA,NA,NA,NA,585.9220290000085,0.0016804999904707,586.6553520000307,586.7554931000341,0.82949070003815,588.6886016000062,589.0887098000385,589.1909177000634,589.1909177000634,h,1,4.492926500039175,593.7053281000117,593.7053281000117,593.7053281000117,593.7053281000117,NA,NA,NA,NA,NA,NA,039,001,2024-02-28_15h59.27.378,PsychoPy Exp,2023.1.2,60.00355222336924
BeliefN,ExpTrialStim/Triangle_B_Square_4.png,Adam THINKS there are TWO cubes,b,h,FB-Ig,2,1,1,1,0,1,1,1,0,2,B,PropFalse,SD3: TB1,SB: TO,0,125,125,215,NA,NA,NA,NA,NA,593.7053281000117,0.00150659994687885,594.4386944000144,594.5387574000051,0.8298376998864114,596.4721647000406,596.8721185000613,596.974140400067,596.974140400067,b,1,0.8377727000042796,597.8388207999524,597.8388207999524,597.8388207999524,597.8388207999524,NA,NA,NA,NA,NA,NA,039,001,2024-02-28_15h59.27.378,PsychoPy Exp,2023.1.2,60.00355222336924
RealityY,ExpTrialStim/Square_Square_NB_2.png,"In REALITY, there are TWO cubes",h,b,TB-K,2,2,0,2,2,0,0,0,0,2,NB,-,SA2: SB3,SB: SG,0,126,126,13,NA,NA,NA,NA,NA,597.8388207999524,0.00170960009563714,598.5719500000123,598.6721155999694,0.8293819000246003,600.6054421999725,601.0054346000543,601.1074588999618,601.1074588999618,h,1,0.928203899995424,602.0555425999919,602.0555425999919,602.0555425999919,602.0555425999919,NA,NA,NA,NA,NA,NA,039,001,2024-02-28_15h59.27.378,PsychoPy Exp,2023.1.2,60.00355222336924
RealityN,ExpTrialStim/Triangle_Triangle_NB_3.png,"In REALITY, there are TWO cubes",b,h,TB-K,2,0,2,2,0,2,0,0,0,2,NB,PropFalse,TA3: TB1,TR: TY,0,127,127,62,NA,NA,NA,NA,NA,602.0555425999919,9.4449997413903e-4,602.7885178000433,602.8887434999924,0.8308376000495628,604.8220513999695,605.2221681000665,605.3241429000627,605.3241429000627,b,1,0.6319890000158921,605.9720808999846,605.9720808999846,605.9720808999846,605.9720808999846,NA,NA,NA,NA,NA,NA,039,001,2024-02-28_15h59.27.378,PsychoPy Exp,2023.1.2,60.00355222336924
KnowledgeY,ExpTrialStim/Triangle_Triangle_NB_3.png,Adam KNOWS there are ZERO cubes,h,b,TB-K,2,0,2,2,0,2,0,0,0,0,NB,-,TA3: TB1,TR: TY,0,128,128,224,NA,NA,NA,NA,NA,605.9720808999846,0.00168460002169013,606.7051560999826,606.8054240000201,0.82932590006385,608.7387727999594,609.1386377000017,609.2408917000284,609.2408917000284,h,1,0.8106146000791341,610.0718881000066,610.0718881000066,610.0718881000066,610.0718881000066,NA,NA,NA,NA,NA,NA,039,001,2024-02-28_15h59.27.378,PsychoPy Exp,2023.1.2,60.00355222336924
RealityY,ExpTrialStim/Triangle_B_Square_2.png,"In REALITY, there is ONE cube",h,b,FB-Ig,2,1,1,1,0,1,1,1,0,1,B,-,SC3: TB3,SP: TY,0,129,129,51,NA,NA,NA,NA,NA,610.0718881000066,4.0930008981376e-4,610.8053004000103,610.9052335000597,0.8310415000887588,612.8387619999703,613.2384802000597,613.3407237000065,613.3407237000065,h,1,1.831562399980612,615.1886270999676,615.1886270999676,615.1886270999676,615.1886270999676,NA,NA,NA,NA,NA,NA,039,001,2024-02-28_15h59.27.378,PsychoPy Exp,2023.1.2,60.00355222336924
KnowledgeN,ExpTrialStim/Square_Triangle_NB_2.png,Adam KNOWS there are ZERO cubes,b,h,TB-K,2,1,1,2,1,1,0,0,0,0,NB,PropFalse,SB1: TB3,SB: TO,0,130,130,280,NA,NA,NA,NA,NA,615.1886270999676,0.00173989997711032,615.9218321000226,616.0220759999938,0.8294844999909401,617.9553899000166,618.3552976000356,618.4573518000543,618.4573518000543,h,0,0.8743728999979794,619.3552466999972,619.3552466999972,619.3552466999972,619.3552466999972,NA,NA,NA,NA,NA,NA,039,001,2024-02-28_15h59.27.378,PsychoPy Exp,2023.1.2,60.00355222336924
BeliefN,ExpTrialStim/B_Square_4.png,Adam THINKS there are TWO cubes,b,h,FB-Ig,1,1,0,0,0,0,1,1,0,2,B,PropFalse,SD2,SB,0,131,131,203,NA,NA,NA,NA,NA,619.3552466999972,0.00155289995018392,620.0885832000058,620.1886948000174,0.8297372999368235,622.1220456999727,622.5220508000348,622.6241774000227,622.6241774000227,b,1,1.2276238000486046,623.871998299961,623.871998299961,623.871998299961,623.871998299961,NA,NA,NA,NA,NA,NA,039,001,2024-02-28_15h59.27.378,PsychoPy Exp,2023.1.2,60.00355222336924
KnowledgeY,ExpTrialStim/Square_Square_B_2.png,Adam KNOWS there are TWO cubes,h,b,TB-K-B,2,2,0,2,2,0,0,0,0,2,B,-,SA2: SB3,SB: SP,0,132,132,247,NA,NA,NA,NA,NA,623.871998299961,0.00166120007634162,624.6052817000309,624.7054195000092,0.829515999997966,626.6385374000529,627.0387271000072,627.1412356999936,627.1412356999936,h,1,0.7105850999942049,627.8719515999546,627.8719515999546,627.8719515999546,627.8719515999546,NA,NA,NA,NA,NA,NA,039,001,2024-02-28_15h59.27.378,PsychoPy Exp,2023.1.2,60.00355222336924
KnowledgeN,ExpTrialStim/Square_B_Square_4.png,Adam KNOWS there are TWO cubes,b,h,FB-Ig,2,2,0,1,1,0,1,1,0,2,B,PropTrueNoKnowledge,SB1: SD2,SG: SP,0,133,133,315,NA,NA,NA,NA,NA,627.8719515999546,0.00167859997600317,628.6052232000511,628.7052837000228,0.829244100023061,630.6386004000669,631.0386892999522,631.1408312000567,631.1408312000567,b,1,1.7429143999470398,632.9052536999807,632.9052536999807,632.9052536999807,632.9052536999807,NA,NA,NA,NA,NA,NA,039,001,2024-02-28_15h59.27.378,PsychoPy Exp,2023.1.2,60.00355222336924
RealityY,ExpTrialStim/Triangle_B_Square_4.png,"In REALITY, there is ONE cube",h,b,FB-Ig,2,1,1,1,0,1,1,1,0,1,B,-,SD3: TB1,SB: TO,0,134,134,53,NA,NA,NA,NA,NA,632.9052536999807,0.00173839996568858,633.6385247999569,633.7386606000364,0.8295330000109971,635.6719949999824,636.0719077000394,636.1740586999804,636.1740586999804,h,1,0.5897772000171244,636.7886237000348,636.7886237000348,636.7886237000348,636.7886237000348,NA,NA,NA,NA,NA,NA,039,001,2024-02-28_15h59.27.378,PsychoPy Exp,2023.1.2,60.00355222336924
RealityN,ExpTrialStim/Square_Square_NB_6.png,"In REALITY, there is ONE cube",b,h,TB-K,2,2,0,2,2,0,0,0,0,1,NB,PropFalse,SA1: SB3,SG: SB,0,135,135,71,NA,NA,NA,NA,NA,636.7886237000348,0.00171920005232095,637.5218208000297,637.621925799991,0.8295966000296175,639.5552827999927,639.9551854999736,640.0572846999858,640.0572846999858,b,1,1.3148536999942737,641.3884685999947,641.3884685999947,641.3884685999947,641.3884685999947,NA,NA,NA,NA,NA,NA,039,001,2024-02-28_15h59.27.378,PsychoPy Exp,2023.1.2,60.00355222336924
KnowledgeN,ExpTrialStim/Square_Square_NB_1.png,Adam KNOWS there are ZERO cubes,b,h,TB-K,2,2,0,2,2,0,0,0,0,0,NB,PropFalse,SA1: SB2,SP: SB,0,136,136,282,NA,NA,NA,NA,NA,641.3884685999947,0.00118949997704476,642.1218793999869,642.2218777999515,0.8301176000386477,644.1553247000556,644.5553444999969,644.6574303000234,644.6574303000234,b,1,1.3862386000109836,646.071891700034,646.071891700034,646.071891700034,646.071891700034,NA,NA,NA,NA,NA,NA,039,001,2024-02-28_15h59.27.378,PsychoPy Exp,2023.1.2,60.00355222336924
KnowledgeN,ExpTrialStim/Triangle_NB_1.png,Adam KNOWS there is ONE cube,b,h,TB-K,1,0,1,1,0,1,0,0,0,1,NB,PropFalse,TA1,TO,0,137,137,270,NA,NA,NA,NA,NA,646.071891700034,0.00149960000999271,646.805170699954,646.9053158999886,0.829749499913305,648.8386192000471,649.2385690000374,649.3407018999569,649.3407018999569,b,1,1.4066497000167146,650.771614999976,650.771614999976,650.771614999976,650.771614999976,NA,NA,NA,NA,NA,NA,039,001,2024-02-28_15h59.27.378,PsychoPy Exp,2023.1.2,60.00355222336924
KnowledgeY,ExpTrialStim/Square_Triangle_B_5.png,Adam KNOWS there is ONE cube,h,b,FB-Ig,2,1,1,2,1,1,0,0,0,1,B,-,SB2: TA1,SG: TR,0,138,138,262,NA,NA,NA,NA,NA,650.771614999976,4.0150003042072e-4,651.5050683000591,651.6052722999593,0.8313829000107944,653.5384855000302,653.9386009000009,654.0406944999704,654.0406944999704,h,1,1.419056099955924,655.4885846000398,655.4885846000398,655.4885846000398,655.4885846000398,NA,NA,NA,NA,NA,NA,039,001,2024-02-28_15h59.27.378,PsychoPy Exp,2023.1.2,60.00355222336924
KnowledgeN,ExpTrialStim/Square_Square_NB_3.png,Adam KNOWS there are ZERO cubes,b,h,TB-K,2,2,0,2,2,0,0,0,0,0,NB,PropFalse,SA3: SB1,SG: SP,0,139,139,284,NA,NA,NA,NA,NA,655.4885846000398,0.00173849996645003,656.2218494999688,656.3219445999712,0.8294840999878943,658.2552240999648,658.655198100023,658.7572497000219,658.7572497000219,b,1,3.1185086999321356,661.9051995000336,661.9051995000336,661.9051995000336,661.9051995000336,NA,NA,NA,NA,NA,NA,039,001,2024-02-28_15h59.27.378,PsychoPy Exp,2023.1.2,60.00355222336924
BeliefY,ExpTrialStim/Square_NB_3.png,Adam THINKS there is ONE cube,h,b,TB-K,1,1,0,1,1,0,0,0,0,1,NB,-,SB2,SG,0,140,140,113,NA,NA,NA,NA,NA,661.9051995000336,0.00173959997482597,662.6384105000179,662.7386001000414,0.8293514000251889,664.6718206000514,665.0718655999517,665.1740251999581,665.1740251999581,h,1,2.2696981999324635,667.4718690000009,667.4718690000009,667.4718690000009,667.4718690000009,NA,NA,NA,NA,NA,NA,039,001,2024-02-28_15h59.27.378,PsychoPy Exp,2023.1.2,60.00355222336924
BeliefY,ExpTrialStim/Triangle_B_1.png,Adam THINKS there are ZERO cubes,h,b,TB-Ig,1,0,1,1,0,1,0,0,0,0,B,-,TA2,TR,0,141,141,126,NA,NA,NA,NA,NA,667.4718690000009,0.00167290004901587,668.2051019000355,668.3050786000676,0.8292797000613064,670.2385939999949,670.6385710999602,670.7406290000072,670.7406290000072,h,1,2.6315010999096557,673.388455200009,673.388455200009,673.388455200009,673.388455200009,NA,NA,NA,NA,NA,NA,039,001,2024-02-28_15h59.27.378,PsychoPy Exp,2023.1.2,60.00355222336924
KnowledgeY,ExpTrialStim/Triangle_Triangle_B_5.png,Adam KNOWS there are ZERO cubes,h,b,TB-Ig,2,0,2,2,0,2,0,0,0,0,B,-,TA3: TB2,TR: TO,0,142,142,238,NA,NA,NA,NA,NA,673.388455200009,0.00170970009639859,674.121809000033,674.2217267999658,0.8296776000643149,676.1550676999614,676.5552758000558,676.6573622999713,676.6573622999713,h,1,1.082860299968161,677.7717869000044,677.7717869000044,677.7717869000044,677.7717869000044,NA,NA,NA,NA,NA,NA,039,001,2024-02-28_15h59.27.378,PsychoPy Exp,2023.1.2,60.00355222336924
KnowledgeN,ExpTrialStim/Square_Square_NB_5.png,Adam KNOWS there is ONE cube,b,h,TB-K,2,2,0,2,2,0,0,0,0,1,NB,PropFalse,SA3: SB2,SB: SP,0,143,143,286,NA,NA,NA,NA,NA,677.7717869000044,0.00183540000580251,678.5050650000339,678.6051648999564,0.8294751000357792,680.5384235000238,680.938348100055,681.0406836000038,681.0406836000038,b,1,2.0829297000309452,683.1549119000556,683.1549119000556,683.1549119000556,683.1549119000556,NA,NA,NA,NA,NA,NA,039,001,2024-02-28_15h59.27.378,PsychoPy Exp,2023.1.2,60.00355222336924
RealityN,ExpTrialStim/Triangle_B_Triangle_2.png,"In REALITY, there are TWO cubes",b,h,TB-Ig,2,0,2,1,0,1,1,0,1,2,B,PropFalse,TB1: TC2,TO: TY,0,144,144,77,NA,NA,NA,NA,NA,683.1549119000556,0.00165480002760887,683.8883854000596,683.9884878000012,0.8296813999768347,685.9216863999609,686.3218699999852,686.4239229999948,686.4239229999948,b,1,2.5552946999669075,689.0049972999841,689.0049972999841,689.0049972999841,689.0049972999841,NA,NA,NA,NA,NA,NA,039,001,2024-02-28_15h59.27.378,PsychoPy Exp,2023.1.2,60.00355222336924
RealityY,ExpTrialStim/Triangle_B_1.png,"In REALITY, there are ZERO cubes",h,b,TB-Ig,1,0,1,1,0,1,0,0,0,0,B,-,TA2,TR,0,145,145,18,NA,NA,NA,NA,NA,689.0049972999841,5.2359991241246e-4,689.7383349000011,689.8384819000494,0.831243299995549,691.7718184000114,692.1718349000439,692.2739680999657,692.2739680999657,h,1,1.2658811999717727,693.5549309999915,693.5549309999915,693.5549309999915,693.5549309999915,NA,NA,NA,NA,NA,NA,039,001,2024-02-28_15h59.27.378,PsychoPy Exp,2023.1.2,60.00355222336924
KnowledgeN,ExpTrialStim/Square_Square_B_10.png,Adam KNOWS there are ZERO cubes,b,h,TB-K-B,2,2,0,2,2,0,0,0,0,0,B,PropFalse,SA2: SB1,SG: SB,0,146,146,301,NA,NA,NA,NA,NA,693.5549309999915,0.00276880001183599,694.2883161000209,694.3884782999521,0.8297450999962166,696.3217515000142,696.721792700002,696.8239391000243,696.8239391000243,b,1,3.387595299980603,700.2384083999787,700.2384083999787,700.2384083999787,700.2384083999787,NA,NA,NA,NA,NA,NA,039,001,2024-02-28_15h59.27.378,PsychoPy Exp,2023.1.2,60.00355222336924
RealityN,ExpTrialStim/Square_Triangle_B_3.png,"In REALITY, there are TWO cubes",b,h,TB-K-B,2,1,1,2,1,1,0,0,0,2,B,PropFalse,SA3: TB1,SP: TY,0,147,147,90,NA,NA,NA,NA,NA,700.2384083999787,0.00174700003117322,700.9716658999678,701.0716747000115,0.8293713999446481,703.0051168999635,703.4049389000284,703.5071903000353,703.5071903000353,b,1,1.6482550000073388,705.1715417000232,705.1715417000232,705.1715417000232,705.1715417000232,NA,NA,NA,NA,NA,NA,039,001,2024-02-28_15h59.27.378,PsychoPy Exp,2023.1.2,60.00355222336924
BeliefN,ExpTrialStim/Square_B_2.png,Adam THINKS there are ZERO cubes,b,h,TB-Ig,1,1,0,1,1,0,0,0,0,0,B,PropFalse,SB2,SB,0,148,148,183,NA,NA,NA,NA,NA,705.1715417000232,3.8879993371665e-4,705.9050152000273,706.0051616999554,0.8313601999543607,707.93848110002,708.3383477999596,708.4405649000546,708.4405649000546,b,1,3.0509752000216395,711.5214464999735,711.5214464999735,711.5214464999735,711.5214464999735,NA,NA,NA,NA,NA,NA,039,001,2024-02-28_15h59.27.378,PsychoPy Exp,2023.1.2,60.00355222336924
KnowledgeN,ExpTrialStim/Square_Square_B_9.png,Adam KNOWS there are ZERO cubes,b,h,TB-K-B,2,2,0,2,2,0,0,0,0,0,B,PropFalse,SA3: SB1,SB: SG,0,149,149,300,NA,NA,NA,NA,NA,711.5214464999735,3.8619991391897e-4,712.254967099987,712.3557379000122,0.8313196999952197,714.2884178999811,714.6884200000204,714.7905395999551,714.7905395999551,b,1,1.3413485999917611,716.1548012000276,716.1548012000276,716.1548012000276,716.1548012000276,NA,NA,NA,NA,NA,NA,039,001,2024-02-28_15h59.27.378,PsychoPy Exp,2023.1.2,60.00355222336924
RealityY,ExpTrialStim/Triangle_Triangle_B_8.png,"In REALITY, there are ZERO cubes",h,b,TB-K-B,2,0,2,2,0,2,0,0,0,0,B,-,TA2: TB3,TY:TO,0,150,150,33,NA,NA,NA,NA,NA,716.1548012000276,0.00116169999819248,716.8881875000661,716.9881175999762,0.829892999958247,718.9216136999894,719.3217125000665,719.4239158000564,719.4239158000564,h,1,0.7073128999909386,720.1548463000217,720.1548463000217,720.1548463000217,720.1548463000217,NA,NA,NA,NA,NA,NA,039,001,2024-02-28_15h59.27.378,PsychoPy Exp,2023.1.2,60.00355222336924
KnowledgeY,ExpTrialStim/Square_Square_B_10.png,Adam KNOWS there are TWO cubes,h,b,FB-Ig,2,2,0,2,2,0,0,0,0,2,B,-,SA2: SB1,SG: SB,0,151,151,255,NA,NA,NA,NA,NA,720.1548463000217,8.0080004408955e-4,720.8882866000058,720.9882360000629,0.8306221000384539,722.9217575000366,723.3216414999915,723.423758000019,723.423758000019,h,1,0.6758137999568135,724.1216850000201,724.1216850000201,724.1216850000201,724.1216850000201,NA,NA,NA,NA,NA,NA,039,001,2024-02-28_15h59.27.378,PsychoPy Exp,2023.1.2,60.00355222336924
RealityN,ExpTrialStim/Triangle_Triangle_B_2.png,"In REALITY, there is ONE cube",b,h,TB-K-B,2,0,2,2,0,2,0,0,0,1,B,PropFalse,TA2: TB3,TO: TR,0,152,152,81,NA,NA,NA,NA,NA,724.1216850000201,0.00178859999869018,724.8549054999603,724.955053600017,0.8295571999624372,726.8883269999642,727.2881866999669,727.3905801000074,727.3905801000074,b,1,1.0209094000747427,728.4382151999744,728.4382151999744,728.4382151999744,728.4382151999744,NA,NA,NA,NA,NA,NA,039,001,2024-02-28_15h59.27.378,PsychoPy Exp,2023.1.2,60.00355222336924
KnowledgeY,ExpTrialStim/Triangle_Triangle_B_3.png,Adam KNOWS there are ZERO cubes,h,b,TB-Ig,2,0,2,2,0,2,0,0,0,0,B,-,TA3: TB1,TR: TY,0,153,153,236,NA,NA,NA,NA,NA,728.4382151999744,4.421001067385e-4,729.1716325000161,729.2717594000278,0.8314848000882193,731.2050649999874,731.6049668999622,731.7071337000234,731.7071337000234,h,1,0.928355000098236,732.6547943999758,732.6547943999758,732.6547943999758,732.6547943999758,NA,NA,NA,NA,NA,NA,039,001,2024-02-28_15h59.27.378,PsychoPy Exp,2023.1.2,60.00355222336924
KnowledgeN,ExpTrialStim/Triangle_B_Triangle_2.png,Adam KNOWS there are ZERO cubes,b,h,TB-Ig,2,0,2,1,0,1,1,0,1,0,B,PropTrueNoKnowledge,TB1: TC2,TO: TY,0,154,154,293,NA,NA,NA,NA,NA,732.6547943999758,0.00167930009774863,733.3882713000057,733.4882290000096,0.8293584000784904,735.4216004000045,735.8216849999735,735.9237787000602,735.9237787000602,b,1,0.783709799987264,736.7380611000117,736.7380611000117,736.7380611000117,736.7380611000117,NA,NA,NA,NA,NA,NA,039,001,2024-02-28_15h59.27.378,PsychoPy Exp,2023.1.2,60.00355222336924
RealityY,ExpTrialStim/Square_Square_NB_6.png,"In REALITY, there are TWO cubes",h,b,TB-K,2,2,0,2,2,0,0,0,0,2,NB,-,SA1: SB3,SG: SB,0,155,155,17,NA,NA,NA,NA,NA,736.7380611000117,0.00155369995627552,737.4715636000037,737.5716861999827,0.8298689000075683,739.5050508000422,739.904850800056,740.0070411000634,740.0070411000634,h,1,2.5085775000043213,742.5383014000254,742.5383014000254,742.5383014000254,742.5383014000254,NA,NA,NA,NA,NA,NA,039,001,2024-02-28_15h59.27.378,PsychoPy Exp,2023.1.2,60.00355222336924
KnowledgeY,ExpTrialStim/Square_Square_B_4.png,Adam KNOWS there are TWO cubes,h,b,TB-K-B,2,2,0,2,2,0,0,0,0,2,B,-,SA2: SB1,SG: SP,0,156,156,249,NA,NA,NA,NA,NA,742.5383014000254,0.00173799996264278,743.2715367999626,743.3715403999668,0.8293421000707895,745.3048806999577,745.7049107999774,745.8071779999882,745.8071779999882,h,1,0.948095400002785,746.7714544000337,746.7714544000337,746.7714544000337,746.7714544000337,NA,NA,NA,NA,NA,NA,039,001,2024-02-28_15h59.27.378,PsychoPy Exp,2023.1.2,60.00355222336924
BeliefN,ExpTrialStim/Triangle_B_Square_2.png,Adam THINKS there is ONE cube,b,h,FB-Ig,2,1,1,1,0,1,1,1,0,1,B,PropTrueNoBelief,SC3: TB3,SP: TY,0,157,157,213,NA,NA,NA,NA,NA,746.7714544000337,3.886999329552e-4,747.5048607999925,747.6049515999621,0.8313035999890417,749.5383492000401,749.9383003000403,750.0403892999748,750.0403892999748,b,1,1.1628652999643236,751.221414300031,751.221414300031,751.221414300031,751.221414300031,NA,NA,NA,NA,NA,NA,039,001,2024-02-28_15h59.27.378,PsychoPy Exp,2023.1.2,60.00355222336924
KnowledgeN,ExpTrialStim/B_Square_2.png,Adam KNOWS there are ZERO cubes,b,h,FB-Ig,1,1,0,0,0,0,1,1,0,0,B,PropFalse,SC3,SG,0,158,158,309,NA,NA,NA,NA,NA,751.221414300031,6.6780007909983e-4,751.9548312999541,752.0550148000475,0.8308891000924632,753.9883044000017,754.3882315000519,754.490574000054,754.490574000054,b,1,2.1605981000466272,756.6713584000245,756.6713584000245,756.6713584000245,756.6713584000245,NA,NA,NA,NA,NA,NA,039,001,2024-02-28_15h59.27.378,PsychoPy Exp,2023.1.2,60.00355222336924
RealityY,ExpTrialStim/Square_B_Triangle_2.png,"In REALITY, there is ONE cube",h,b,TB-Ig,2,1,1,1,1,0,1,0,1,1,B,-,SD3: TD2,SP: TY,0,159,159,25,NA,NA,NA,NA,NA,756.6713584000245,7.9890002962201e-4,757.4048039000481,757.5048663000343,0.830842100083828,759.4381120000035,759.8383231000043,759.9403355000541,759.9403355000541,h,1,1.5269051000941545,761.4880478000268,761.4880478000268,761.4880478000268,761.4880478000268,NA,NA,NA,NA,NA,NA,039,001,2024-02-28_15h59.27.378,PsychoPy Exp,2023.1.2,60.00355222336924
KnowledgeN,ExpTrialStim/Triangle_Triangle_NB_2.png,Adam KNOWS there are TWO cubes,b,h,TB-K,2,0,2,2,0,2,0,0,0,2,NB,PropFalse,TA2: TB3,TO: TR,0,160,160,277,NA,NA,NA,NA,NA,761.4880478000268,0.00173140002880245,762.2214871000033,762.3215949999867,0.8297550999559462,764.2547956999624,764.6549115000525,764.7570805000141,764.7570805000141,b,1,1.50241669989191,766.288145700004,766.288145700004,766.288145700004,766.288145700004,NA,NA,NA,NA,NA,NA,039,001,2024-02-28_15h59.27.378,PsychoPy Exp,2023.1.2,60.00355222336924
KnowledgeY,ExpTrialStim/Triangle_Triangle_B_10.png,Adam KNOWS there are ZERO cubes,h,b,TB-K-B,2,0,2,2,0,2,0,0,0,0,B,-,TA2: TB1,TR: TO,0,161,161,243,NA,NA,NA,NA,NA,766.288145700004,0.00175609998404979,767.0214809000026,767.1216391000198,0.8305401999969035,769.0549183000112,769.4548568000318,769.5570409999928,769.5570409999928,h,1,1.4864636999554932,771.0842248999979,NA,771.0842248999979,NA,space,5.862781799980439,NA,NA,NA,NA,039,001,2024-02-28_15h59.27.378,PsychoPy Exp,2023.1.2,60.00355222336924
BeliefN,ExpTrialStim/Square_Square_NB_5.png,Adam THINKS there is ONE cube,b,h,TB-K,2,2,0,2,2,0,0,0,0,1,NB,PropFalse,SA3: SB2,SB: SP,0,162,162,178,NA,NA,NA,NA,NA,776.9711643999908,3.9529998321086e-4,777.7046176999575,777.804933700012,0.8328493000008166,779.7382025000406,780.1382159000495,780.2403066999977,780.2403066999977,b,1,1.2750670000677928,781.5379809000297,781.5379809000297,781.5379809000297,781.5379809000297,NA,NA,NA,NA,NA,NA,039,001,2024-02-28_15h59.27.378,PsychoPy Exp,2023.1.2,60.00355222336924
KnowledgeN,ExpTrialStim/Square_Triangle_B_10.png,Adam KNOWS there are TWO cubes,b,h,TB-K-B,2,1,1,2,1,1,0,0,0,2,B,PropFalse,SB1: TA2,SP: TY,0,163,163,305,NA,NA,NA,NA,NA,781.5379809000297,0.00139900005888193,782.2714265000541,782.3714168999577,0.8277123000007123,784.3213730000425,784.7214989999775,784.8235327999573,784.8235327999573,b,1,1.3875151000684127,786.2379360999912,786.2379360999912,786.2379360999912,786.2379360999912,NA,NA,NA,NA,NA,NA,039,001,2024-02-28_15h59.27.378,PsychoPy Exp,2023.1.2,60.00355222336924
RealityY,ExpTrialStim/Square_B_Square_4.png,"In REALITY, there are TWO cubes",h,b,FB-Ig,2,2,0,1,1,0,1,1,0,2,B,-,SB1: SD2,SG: SP,0,164,164,45,NA,NA,NA,NA,NA,786.2379360999912,4.4209999032318e-4,786.9713505000109,787.0715269000502,0.8310652000363916,789.0047303000465,789.4048636000371,789.5068516000174,789.5068516000174,h,1,0.5842510999646038,790.121313599986,790.121313599986,790.121313599986,790.121313599986,NA,NA,NA,NA,NA,NA,039,001,2024-02-28_15h59.27.378,PsychoPy Exp,2023.1.2,60.00355222336924
KnowledgeN,ExpTrialStim/Square_NB_2.png,Adam KNOWS there are TWO cubes,b,h,TB-K,1,1,0,1,1,0,0,0,0,2,NB,PropFalse,SA3,SP,0,165,165,274,NA,NA,NA,NA,NA,790.121313599986,9.3159999232739e-4,790.8547060999554,790.9549190000398,0.8307253000093624,792.8881968000205,793.2882102000294,793.3904203999555,793.3904203999555,b,1,0.8209059999790043,794.2380232999567,794.2380232999567,794.2380232999567,794.2380232999567,NA,NA,NA,NA,NA,NA,039,001,2024-02-28_15h59.27.378,PsychoPy Exp,2023.1.2,60.00355222336924
RealityY,ExpTrialStim/Triangle_B_Triangle_1.png,"In REALITY, there are ZERO cubes",h,b,TB-Ig,2,0,2,1,0,1,1,0,1,0,B,-,TA3: TD1,TY: TR,0,166,166,22,NA,NA,NA,NA,NA,794.2380232999567,0.00156180001795291,794.9713593999622,795.0715226000175,0.8298939999658614,797.0047273000237,797.4049013999756,797.506867100019,797.506867100019,h,1,1.2808697000145912,798.8046382999746,798.8046382999746,798.8046382999746,798.8046382999746,NA,NA,NA,NA,NA,NA,039,001,2024-02-28_15h59.27.378,PsychoPy Exp,2023.1.2,60.00355222336924
KnowledgeN,ExpTrialStim/Triangle_B_2.png,Adam KNOWS there are ZERO cubes,b,h,TB-Ig,1,0,1,1,0,1,0,0,0,0,B,PropTrueNoKnowledge,TB2,TO,0,167,167,289,NA,NA,NA,NA,NA,798.8046382999746,0.00117529998533427,799.5380443000467,799.6379710000474,0.8301062000682577,801.5714937000303,801.9713972000172,802.0736894999864,802.0736894999864,b,1,1.9696550999069584,804.0713968999917,804.0713968999917,804.0713968999917,804.0713968999917,NA,NA,NA,NA,NA,NA,039,001,2024-02-28_15h59.27.378,PsychoPy Exp,2023.1.2,60.00355222336924
BeliefN,ExpTrialStim/Square_Square_NB_1.png,Adam THINKS there are ZERO cubes,b,h,TB-K,2,2,0,2,2,0,0,0,0,0,NB,PropFalse,SA1: SB2,SP: SB,0,168,168,174,NA,NA,NA,NA,NA,804.0713968999917,0.00182680005673319,804.8046650000615,804.9048383999616,0.829550200025551,806.8380726999603,807.2381009999663,807.3400795999914,807.3400795999914,b,1,2.231729199993424,809.5880820000311,809.5880820000311,809.5880820000311,809.5880820000311,NA,NA,NA,NA,NA,NA,039,001,2024-02-28_15h59.27.378,PsychoPy Exp,2023.1.2,60.00355222336924
KnowledgeN,ExpTrialStim/Triangle_NB_2.png,Adam KNOWS there is ONE cube,b,h,TB-K,1,0,1,1,0,1,0,0,0,1,NB,PropFalse,TA3,TY,0,169,169,271,NA,NA,NA,NA,NA,809.5880820000311,0.00168250000569969,810.3212120999815,810.421474999981,0.8294828999787569,812.3547259999905,812.7547849999974,812.8569561999757,812.8569561999757,b,1,1.4908319000387564,814.3714814999839,814.3714814999839,814.3714814999839,814.3714814999839,NA,NA,NA,NA,NA,NA,039,001,2024-02-28_15h59.27.378,PsychoPy Exp,2023.1.2,60.00355222336924
KnowledgeY,ExpTrialStim/Square_Triangle_NB_2.png,Adam KNOWS there is ONE cube,h,b,TB-K,2,1,1,2,1,1,0,0,0,1,NB,-,SB1: TB3,SB: TO,0,170,170,226,NA,NA,NA,NA,NA,814.3714814999839,0.00196789996698498,815.1046387000242,815.2047620000085,0.8292242999887094,817.1379258000525,817.5380632999586,817.6402800000506,817.6402800000506,h,1,0.6907023000530899,818.3545777000254,818.3545777000254,818.3545777000254,818.3545777000254,NA,NA,NA,NA,NA,NA,039,001,2024-02-28_15h59.27.378,PsychoPy Exp,2023.1.2,60.00355222336924
RealityN,ExpTrialStim/Square_NB_2.png,"In REALITY, there are ZERO cubes",b,h,TB-K,1,1,0,1,1,0,0,0,0,0,NB,PropFalse,SA3,SP,0,171,171,58,NA,NA,NA,NA,NA,818.3545777000254,4.937999183312e-4,819.0879854999948,819.1881204999518,0.8311063000001013,821.121121800039,821.5213999999687,821.6234035000671,821.6234035000671,b,1,1.427870100014843,823.0712338000303,823.0712338000303,823.0712338000303,823.0712338000303,NA,NA,NA,NA,NA,NA,039,001,2024-02-28_15h59.27.378,PsychoPy Exp,2023.1.2,60.00355222336924
KnowledgeN,ExpTrialStim/Triangle_B_Square_3.png,Adam KNOWS there is ONE cube,b,h,FB-Ig,2,1,1,1,0,1,1,1,0,1,B,PropTrueNoKnowledge,SD1: TA2,SG: TR,0,172,172,322,NA,NA,NA,NA,NA,823.0712338000303,0.00169549998827278,823.8046459000325,823.9045914000599,0.8295737999724224,825.8380419999594,826.237965999986,826.3399994999636,826.3399994999636,b,1,0.8316779000451788,827.1879806000507,827.1879806000507,827.1879806000507,827.1879806000507,NA,NA,NA,NA,NA,NA,039,001,2024-02-28_15h59.27.378,PsychoPy Exp,2023.1.2,60.00355222336924
KnowledgeY,ExpTrialStim/Square_Triangle_B_9.png,Adam KNOWS there is ONE cube,h,b,FB-Ig,2,1,1,2,1,1,0,0,0,1,B,-,SA3: TB2,SG: TR,0,173,173,266,NA,NA,NA,NA,NA,827.1879806000507,0.00169079995248466,827.9212684000377,828.0213799000485,0.829456300009042,829.954731100006,830.3546570000472,830.4570042999694,830.4570042999694,h,1,1.5698457999387756,832.054537500022,832.054537500022,832.054537500022,832.054537500022,NA,NA,NA,NA,NA,NA,039,001,2024-02-28_15h59.27.378,PsychoPy Exp,2023.1.2,60.00355222336924
KnowledgeN,ExpTrialStim/Square_NB_3.png,Adam KNOWS there are TWO cubes,b,h,TB-K,1,1,0,1,1,0,0,0,0,2,NB,PropFalse,SB2,SG,0,174,174,275,NA,NA,NA,NA,NA,832.054537500022,6.7330000456422e-4,832.7879115999676,832.888059400022,0.8310703999595717,834.821387300035,835.2212221999653,835.3234664000338,835.3234664000338,b,1,0.8235478000715375,836.1710490999976,836.1710490999976,836.1710490999976,836.1710490999976,NA,NA,NA,NA,NA,NA,039,001,2024-02-28_15h59.27.378,PsychoPy Exp,2023.1.2,60.00355222336924
BeliefN,ExpTrialStim/Square_Square_B_6.png,Adam THINKS there are ZERO cubes,b,h,TB-K-B,2,2,0,2,2,0,0,0,0,0,B,PropFalse,SA1: SB3,SB: SG,0,175,175,193,NA,NA,NA,NA,NA,836.1710490999976,0.00186099996790289,836.9045563000254,837.0043707999866,0.8292953999480233,838.937885100022,839.3380130999722,839.4401212000521,839.4401212000521,b,1,0.7476621000096202,840.2045635000104,840.2045635000104,840.2045635000104,840.2045635000104,NA,NA,NA,NA,NA,NA,039,001,2024-02-28_15h59.27.378,PsychoPy Exp,2023.1.2,60.00355222336924
RealityN,ExpTrialStim/Square_B_Square_7.png,"In REALITY, there is ONE cube",b,h,FB-Ig,2,2,0,1,1,0,1,1,0,1,B,PropFalse,SA3: SC2,SG: SP,0,176,176,102,NA,NA,NA,NA,NA,840.2045635000104,0.00151159998495131,840.9378848000197,841.0380368999904,0.8297075000591576,842.9713332999963,843.3713296999922,843.4732844999526,843.4732844999526,b,1,0.9778942000120878,844.4712235999759,844.4712235999759,844.4712235999759,844.4712235999759,NA,NA,NA,NA,NA,NA,039,001,2024-02-28_15h59.27.378,PsychoPy Exp,2023.1.2,60.00355222336924
RealityN,ExpTrialStim/Square_B_Square_1.png,"In REALITY, there are ZERO cubes",b,h,FB-Ig,2,2,0,1,1,0,1,1,0,0,B,PropFalse,SA1: SC2,SG: SB,0,177,177,96,NA,NA,NA,NA,NA,844.4712235999759,0.00167810008861124,845.2046176999575,845.3047033000039,0.8295240000588819,847.2380012000212,847.6380004000384,847.740159500041,847.740159500041,b,1,0.9589931999798864,848.7211286000675,848.7211286000675,848.7211286000675,848.7211286000675,NA,NA,NA,NA,NA,NA,039,001,2024-02-28_15h59.27.378,PsychoPy Exp,2023.1.2,60.00355222336924
BeliefN,ExpTrialStim/Square_Square_NB_3.png,Adam THINKS there are ZERO cubes,b,h,TB-K,2,2,0,2,2,0,0,0,0,0,NB,PropFalse,SA3: SB1,SG: SP,0,178,178,176,NA,NA,NA,NA,NA,848.7211286000675,0.00169579999055713,849.4545491000172,849.5545338999946,0.8295058000367135,851.4879650999792,851.887927899952,851.9900705000618,851.9900705000618,b,1,2.0690341000445187,854.087731000036,854.087731000036,854.087731000036,854.087731000036,NA,NA,NA,NA,NA,NA,039,001,2024-02-28_15h59.27.378,PsychoPy Exp,2023.1.2,60.00355222336924
RealityN,ExpTrialStim/Square_Triangle_NB_3.png,"In REALITY, there are TWO cubes",b,h,TB-K,2,1,1,2,1,1,0,0,0,2,NB,PropFalse,SB3: TA2,SP: TY,0,179,179,65,NA,NA,NA,NA,NA,854.087731000036,4.0509994141757e-4,854.8211902000476,854.92132329999,0.8311820999952033,856.8546407000395,857.2545686999802,857.3567505000392,857.3567505000392,b,1,1.6469573000213131,859.0209293999942,859.0209293999942,859.0209293999942,859.0209293999942,NA,NA,NA,NA,NA,NA,039,001,2024-02-28_15h59.27.378,PsychoPy Exp,2023.1.2,60.00355222336924
BeliefN,ExpTrialStim/Square_NB_2.png,Adam THINKS there are TWO cubes,b,h,TB-K,1,1,0,1,1,0,0,0,0,2,NB,PropFalse,SA3,SP,0,180,180,166,NA,NA,NA,NA,NA,859.0209293999942,0.00116460002027452,859.7544857000466,859.854655800038,0.8293238999322057,861.7879466000013,862.1879330000374,862.2901018999983,862.2901018999983,b,1,1.8008638999890536,864.1209321999922,864.1209321999922,864.1209321999922,864.1209321999922,NA,NA,NA,NA,NA,NA,039,001,2024-02-28_15h59.27.378,PsychoPy Exp,2023.1.2,60.00355222336924
KnowledgeN,ExpTrialStim/Square_B_Square_8.png,Adam KNOWS there are TWO cubes,b,h,FB-Ig,2,2,0,1,1,0,1,1,0,2,B,PropTrueNoKnowledge,SA1: SD2,SP: SG,0,181,181,319,NA,NA,NA,NA,NA,864.1209321999922,3.7989998236298e-4,864.8545286000008,864.9544572000159,0.8314572999952361,866.8879747999599,867.2879533000523,867.390193499974,867.390193499974,b,1,0.9087275000056252,868.3212105999701,868.3212105999701,868.3212105999701,868.3212105999701,NA,NA,NA,NA,NA,NA,039,001,2024-02-28_15h59.27.378,PsychoPy Exp,2023.1.2,60.00355222336924
BeliefY,ExpTrialStim/Triangle_B_2.png,Adam THINKS there are ZERO cubes,h,b,TB-Ig,1,0,1,1,0,1,0,0,0,0,B,-,TB2,TO,0,182,182,127,NA,NA,NA,NA,NA,868.3212105999701,0.00170579995028674,869.0544782000361,869.1546289999969,0.8295956999063492,871.087789400015,871.487951499992,871.5901328000473,871.5901328000473,h,1,2.3655132999410853,873.9709567000391,873.9709567000391,873.9709567000391,873.9709567000391,NA,NA,NA,NA,NA,NA,039,001,2024-02-28_15h59.27.378,PsychoPy Exp,2023.1.2,60.00355222336924
RealityY,ExpTrialStim/Square_B_Square_7.png,"In REALITY, there are TWO cubes",h,b,FB-Ig,2,2,0,1,1,0,1,1,0,2,B,-,SA3: SC2,SG: SP,0,183,183,48,NA,NA,NA,NA,NA,873.9709567000391,4.0070002432912e-4,874.7044671999756,874.8045996000292,0.8313719999277964,876.7379056999926,877.1377501999959,877.240134099964,877.240134099964,h,1,0.9635946999769658,878.2210378999589,878.2210378999589,878.2210378999589,878.2210378999589,NA,NA,NA,NA,NA,NA,039,001,2024-02-28_15h59.27.378,PsychoPy Exp,2023.1.2,60.00355222336924
RealityY,ExpTrialStim/Square_Square_NB_4.png,"In REALITY, there are TWO cubes",h,b,TB-K,2,2,0,2,2,0,0,0,0,2,NB,-,SA2: SB1,SP: SG,0,184,184,15,NA,NA,NA,NA,NA,878.2210378999589,0.00169830000959336,878.9544545999961,879.054506000015,0.8292661999585107,880.9879437000491,881.3877736000577,881.4900078000501,881.4900078000501,h,1,0.7687325000297278,882.2875892999582,882.2875892999582,882.2875892999582,882.2875892999582,NA,NA,NA,NA,NA,NA,039,001,2024-02-28_15h59.27.378,PsychoPy Exp,2023.1.2,60.00355222336924
KnowledgeN,ExpTrialStim/Square_B_Square_3.png,Adam KNOWS there are TWO cubes,b,h,FB-Ig,2,2,0,1,1,0,1,1,0,2,B,PropTrueNoKnowledge,SA3: SD1,SP: SB,0,185,185,314,NA,NA,NA,NA,NA,882.2875892999582,5.2440003491938e-4,883.0210886000423,883.1210454000393,0.8313297000713646,885.0546405999921,885.4545319000026,885.5565108000301,885.5565108000301,b,1,0.7585716999601573,886.3376005999744,886.3376005999744,886.3376005999744,886.3376005999744,NA,NA,NA,NA,NA,NA,039,001,2024-02-28_15h59.27.378,PsychoPy Exp,2023.1.2,60.00355222336924
RealityY,ExpTrialStim/Triangle_B_Triangle_2.png,"In REALITY, there are ZERO cubes",h,b,TB-Ig,2,0,2,1,0,1,1,0,1,0,B,-,TB1: TC2,TO: TY,0,186,186,23,NA,NA,NA,NA,NA,886.3376005999744,5.3180009126663e-4,887.0711013999535,887.1711648000637,0.8311983000021428,889.1043732999824,889.5045221999753,889.6066477999557,889.6066477999557,h,1,0.8924060999415815,890.5211290000007,890.5211290000007,890.5211290000007,890.5211290000007,NA,NA,NA,NA,NA,NA,039,001,2024-02-28_15h59.27.378,PsychoPy Exp,2023.1.2,60.00355222336924
RealityN,ExpTrialStim/Square_B_2.png,"In REALITY, there are ZERO cubes",b,h,TB-Ig,1,1,0,1,1,0,0,0,0,0,B,PropFalse,SB2,SB,0,187,187,75,NA,NA,NA,NA,NA,890.5211290000007,0.00174460001289844,891.2543660000665,891.3545395999681,0.8296006999444216,893.2878384999931,893.6877877999796,893.790152200032,893.790152200032,b,1,0.7493104999884963,894.5542846999597,894.5542846999597,894.5542846999597,894.5542846999597,NA,NA,NA,NA,NA,NA,039,001,2024-02-28_15h59.27.378,PsychoPy Exp,2023.1.2,60.00355222336924
BeliefN,ExpTrialStim/Square_Square_NB_2.png,Adam THINKS there are ZERO cubes,b,h,TB-K,2,2,0,2,2,0,0,0,0,0,NB,PropFalse,SA2: SB3,SB: SG,0,188,188,175,NA,NA,NA,NA,NA,894.5542846999597,0.00174480001442134,895.2877705000574,895.3876334000379,0.8292083000997081,897.3212208000477,897.7212374999654,897.8232464999892,897.8232464999892,b,1,1.1795031001092866,899.0209112999728,899.0209112999728,899.0209112999728,899.0209112999728,NA,NA,NA,NA,NA,NA,039,001,2024-02-28_15h59.27.378,PsychoPy Exp,2023.1.2,60.00355222336924
RealityN,ExpTrialStim/Square_Square_NB_1.png,"In REALITY, there are ZERO cubes",b,h,TB-K,2,2,0,2,2,0,0,0,0,0,NB,PropFalse,SA1: SB2,SP: SB,0,189,189,66,NA,NA,NA,NA,NA,899.0209112999728,4.6970008406788e-4,899.7543941000476,899.854552899953,0.8312545000808313,901.787929299986,902.1876724000322,902.2899087000404,902.2899087000404,b,1,0.8891364000737667,903.2042920000384,903.2042920000384,903.2042920000384,903.2042920000384,NA,NA,NA,NA,NA,NA,039,001,2024-02-28_15h59.27.378,PsychoPy Exp,2023.1.2,60.00355222336924
RealityY,ExpTrialStim/Square_NB_2.png,"In REALITY, there is ONE cube",h,b,TB-K,1,1,0,1,1,0,0,0,0,1,NB,-,SA3,SP,0,190,190,4,NA,NA,NA,NA,NA,903.2042920000384,0.00177229999098926,903.9377344000386,904.0376939000562,0.829427000018768,905.9711160999724,906.3709315999876,906.4732800000348,906.4732800000348,h,1,0.49802609998732805,906.987600099994,906.987600099994,906.987600099994,906.987600099994,NA,NA,NA,NA,NA,NA,039,001,2024-02-28_15h59.27.378,PsychoPy Exp,2023.1.2,60.00355222336924
KnowledgeY,ExpTrialStim/Square_Triangle_B_4.png,Adam KNOWS there is ONE cube,h,b,FB-Ig,2,1,1,2,1,1,0,0,0,1,B,-,SB1: TA3,SP: TY,0,191,191,261,NA,NA,NA,NA,NA,906.987600099994,0.00158949999604374,907.7209005999612,907.8210020000116,0.8295825999230146,909.754325499991,910.1544605999952,910.25663920003,910.25663920003,h,1,0.6422434999840334,910.9209344000556,910.9209344000556,910.9209344000556,910.9209344000556,NA,NA,NA,NA,NA,NA,039,001,2024-02-28_15h59.27.378,PsychoPy Exp,2023.1.2,60.00355222336924
RealityN,ExpTrialStim/Square_Square_NB_3.png,"In REALITY, there are ZERO cubes",b,h,TB-K,2,2,0,2,2,0,0,0,0,0,NB,PropFalse,SA3: SB1,SG: SP,0,192,192,68,NA,NA,NA,NA,NA,910.9209344000556,0.00156160001643002,911.6543705000076,911.75452279998,0.8298449999419972,913.6876825999934,914.087721299962,914.1902038999832,914.1902038999832,b,1,0.6607710999669507,914.8709996000398,914.8709996000398,914.8709996000398,914.8709996000398,NA,NA,NA,NA,NA,NA,039,001,2024-02-28_15h59.27.378,PsychoPy Exp,2023.1.2,60.00355222336924
KnowledgeN,ExpTrialStim/Triangle_NB_3.png,Adam KNOWS there are TWO cubes,b,h,TB-K,1,0,1,1,0,1,0,0,0,2,NB,PropFalse,TB2,TR,0,193,193,272,NA,NA,NA,NA,NA,914.8709996000398,0.0017117999959737,915.6043333000272,915.7043200000188,0.8295740999747068,917.6378176000436,918.0377579999622,918.139919899986,918.139919899986,b,1,1.3586813000729308,919.5210335999728,919.5210335999728,919.5210335999728,919.5210335999728,NA,NA,NA,NA,NA,NA,039,001,2024-02-28_15h59.27.378,PsychoPy Exp,2023.1.2,60.00355222336924
RealityY,ExpTrialStim/Triangle_NB_1.png,"In REALITY, there are ZERO cubes",h,b,TB-K,1,0,1,1,0,1,0,0,0,0,NB,-,TA1,TO,0,194,194,0,NA,NA,NA,NA,NA,919.5210335999728,7.8350002877414e-4,920.2542942999862,920.3544280000496,0.8305371999740601,922.2877693000482,922.687714700005,922.7898790000472,922.7898790000472,h,1,1.2691073999740183,924.0876942999894,924.0876942999894,924.0876942999894,924.0876942999894,NA,NA,NA,NA,NA,NA,039,001,2024-02-28_15h59.27.378,PsychoPy Exp,2023.1.2,60.00355222336924
BeliefY,ExpTrialStim/Square_NB_2.png,Adam THINKS there is ONE cube,h,b,TB-K,1,1,0,1,1,0,0,0,0,1,NB,-,SA3,SP,0,195,195,112,NA,NA,NA,NA,NA,924.0876942999894,0.00174389989115297,924.8207941000584,924.9211233999812,0.8295675999252126,926.8543400999624,927.254347100039,927.3565451999892,927.3565451999892,h,1,1.5586445999797434,928.9377057000528,928.9377057000528,928.9377057000528,928.9377057000528,NA,NA,NA,NA,NA,NA,039,001,2024-02-28_15h59.27.378,PsychoPy Exp,2023.1.2,60.00355222336924
KnowledgeY,ExpTrialStim/Triangle_Triangle_B_1.png,Adam KNOWS there are ZERO cubes,h,b,TB-Ig,2,0,2,2,0,2,0,0,0,0,B,-,TA1: TB2,TY: TO,0,196,196,234,NA,NA,NA,NA,NA,928.9377057000528,0.00172230007592588,929.6709818000672,929.7710839000064,0.8295276999706402,931.704430300044,932.1042775999522,932.2065516000148,932.2065516000148,h,1,0.9880239000776784,933.2208236999576,933.2208236999576,933.2208236999576,933.2208236999576,NA,NA,NA,NA,NA,NA,039,001,2024-02-28_15h59.27.378,PsychoPy Exp,2023.1.2,60.00355222336924
KnowledgeY,ExpTrialStim/Square_Square_B_7.png,Adam KNOWS there are TWO cubes,h,b,TB-K-B,2,2,0,2,2,0,0,0,0,2,B,-,SA1: SB2,SG: SP,0,197,197,252,NA,NA,NA,NA,NA,933.2208236999576,3.8539990782737e-4,933.954348600004,934.0542379999532,0.8310861999634653,935.9877252000152,936.3877337999876,936.4898373000324,936.4898373000324,h,1,0.7770466000074521,937.2875834000296,937.2875834000296,937.2875834000296,937.2875834000296,NA,NA,NA,NA,NA,NA,039,001,2024-02-28_15h59.27.378,PsychoPy Exp,2023.1.2,60.00355222336924
KnowledgeY,ExpTrialStim/Square_Square_B_12.png,Adam KNOWS there are TWO cubes,h,b,FB-Ig,2,2,0,2,2,0,0,0,0,2,B,-,SA1: SB3,SP: SG,0,198,198,257,NA,NA,NA,NA,NA,937.2875834000296,0.00171899993438273,938.0209228000604,938.1208919000346,0.8294178999494761,940.0544406999834,940.45442980004,940.5564965000376,940.5564965000376,h,1,0.5984148000134155,941.1708138999528,941.1708138999528,941.1708138999528,941.1708138999528,NA,NA,NA,NA,NA,NA,039,001,2024-02-28_15h59.27.378,PsychoPy Exp,2023.1.2,60.00355222336924
KnowledgeY,ExpTrialStim/Square_Triangle_B_7.png,Adam KNOWS there is ONE cube,h,b,FB-Ig,2,1,1,2,1,1,0,0,0,1,B,-,SA1: TB3,SB: TO,0,199,199,264,NA,NA,NA,NA,NA,941.1708138999528,6.0540006961673e-4,941.9042771999956,942.0043925000356,0.8307420000201091,943.9377114999808,944.3376721000532,944.4400448000524,944.4400448000524,h,1,0.6506857000058517,945.1207765999716,945.1207765999716,945.1207765999716,945.1207765999716,NA,NA,NA,NA,NA,NA,039,001,2024-02-28_15h59.27.378,PsychoPy Exp,2023.1.2,60.00355222336924
BeliefY,ExpTrialStim/Triangle_B_Square_2.png,Adam THINKS there are ZERO cubes,h,b,FB-Ig,2,1,1,1,0,1,1,1,0,0,B,-,SC3: TB3,SP: TY,0,200,200,159,NA,NA,NA,NA,NA,945.1207765999716,5.4640008602291e-4,945.8540806999664,945.9541700000408,0.8307644000742584,947.88761049998,948.2874328000472,948.3899563000303,948.3899563000303,h,1,1.3651564000174403,949.7710144000594,949.7710144000594,949.7710144000594,949.7710144000594,NA,NA,NA,NA,NA,NA,039,001,2024-02-28_15h59.27.378,PsychoPy Exp,2023.1.2,60.00355222336924
RealityN,ExpTrialStim/Triangle_B_Square_3.png,"In REALITY, there are TWO cubes",b,h,FB-Ig,2,1,1,1,0,1,1,1,0,2,B,PropFalse,SD1: TA2,SG: TR,0,201,201,106,NA,NA,NA,NA,NA,949.7710144000594,0.00172569998539984,950.504246699973,950.6043941000244,0.8295187000185251,952.5377002999884,952.9377275999868,953.0397800999926,953.0397800999926,b,1,0.6749914999818429,953.737518699956,953.737518699956,953.737518699956,953.737518699956,NA,NA,NA,NA,NA,NA,039,001,2024-02-28_15h59.27.378,PsychoPy Exp,2023.1.2,60.00355222336924
RealityY,ExpTrialStim/Triangle_Triangle_NB_3.png,"In REALITY, there are ZERO cubes",h,b,TB-K,2,0,2,2,0,2,0,0,0,0,NB,-,TA3: TB1,TR: TY,0,202,202,8,NA,NA,NA,NA,NA,953.737518699956,0.00151640002150088,954.4707201999844,954.5710480000124,0.829988400102593,956.5041516000638,956.9041475000558,957.0069065999704,957.0069065999704,h,1,0.85167520004324615,957.8874900999944,957.8874900999944,957.8874900999944,957.8874900999944,NA,NA,NA,NA,NA,NA,039,001,2024-02-28_15h59.27.378,PsychoPy Exp,2023.1.2,60.00355222336924
RealityN,ExpTrialStim/B_Square_3.png,"In REALITY, there are TWO cubes",b,h,FB-Ig,1,1,0,0,0,0,1,1,0,2,B,PropFalse,SD1,SP,0,203,203,94,NA,NA,NA,NA,NA,957.8874900999944,4.0640006773173e-4,958.6208557999926,958.72071220004,0.8307762000476941,960.6544474000112,961.054295900045,961.1563704999862,961.1563704999862,b,1,1.9982755999080837,963.170759700006,963.170759700006,963.170759700006,963.170759700006,NA,NA,NA,NA,NA,NA,039,001,2024-02-28_15h59.27.378,PsychoPy Exp,2023.1.2,60.00355222336924
BeliefY,ExpTrialStim/Square_B_Square_7.png,Adam THINKS there is ONE cube,h,b,FB-Ig,2,2,0,1,1,0,1,1,0,1,B,-,SA3: SC2,SG: SP,0,204,204,156,NA,NA,NA,NA,NA,963.170759700006,4.695999668911e-4,963.9041834999808,964.0041220999556,0.8311617999570444,965.9375841000584,966.3376106000504,966.4397486000088,966.4397486000088,b,0,1.1547503001056612,967.6207275000634,967.6207275000634,967.6207275000634,967.6207275000634,NA,NA,NA,NA,NA,NA,039,001,2024-02-28_15h59.27.378,PsychoPy Exp,2023.1.2,60.00355222336924
KnowledgeN,ExpTrialStim/Square_Square_B_11.png,Adam KNOWS there are ZERO cubes,b,h,TB-K-B,2,2,0,2,2,0,0,0,0,0,B,PropFalse,SA3: SB2,SB: SP,0,205,205,302,NA,NA,NA,NA,NA,967.6207275000634,5.3250009659677e-4,968.354168000049,968.4543616999872,0.8311163000762463,970.3876609000145,970.7876937000548,970.8899035999784,970.8899035999784,b,1,1.2975928999949249,972.2040475000396,972.2040475000396,972.2040475000396,972.2040475000396,NA,NA,NA,NA,NA,NA,039,001,2024-02-28_15h59.27.378,PsychoPy Exp,2023.1.2,60.00355222336924
BeliefN,ExpTrialStim/Square_B_Square_4.png,Adam THINKS there are ZERO cubes,b,h,FB-Ig,2,2,0,1,1,0,1,1,0,0,B,PropFalse,SB1: SD2,SG: SP,0,206,206,207,NA,NA,NA,NA,NA,972.2040475000396,0.0016890000551939,972.9375020000152,973.0375983000268,0.8291239000391215,974.9709343999856,975.3709559000564,975.4731797999702,975.4731797999702,b,1,1.1616164000006393,976.6541805999586,976.6541805999586,976.6541805999586,976.6541805999586,NA,NA,NA,NA,NA,NA,039,001,2024-02-28_15h59.27.378,PsychoPy Exp,2023.1.2,60.00355222336924
RealityY,ExpTrialStim/B_Square_4.png,"In REALITY, there is ONE cube",h,b,FB-Ig,1,1,0,0,0,0,1,1,0,1,B,-,SD2,SB,0,207,207,41,NA,NA,NA,NA,NA,976.6541805999586,0.00171000009868294,977.3874858999624,977.4876092000632,0.8295501000247896,979.4206967999926,979.8208783000008,979.9229897999904,979.9229897999904,h,1,0.7918234999524429,980.7373816999608,980.7373816999608,980.7373816999608,980.7373816999608,NA,NA,NA,NA,NA,NA,039,001,2024-02-28_15h59.27.378,PsychoPy Exp,2023.1.2,60.00355222336924
BeliefY,ExpTrialStim/Square_Square_NB_6.png,Adam THINKS there are TWO cubes,h,b,TB-K,2,2,0,2,2,0,0,0,0,2,NB,-,SA1: SB3,SG: SB,0,208,208,125,NA,NA,NA,NA,NA,980.7373816999608,0.00199180003255605,981.4708062000572,981.5709136000368,0.8292900000233203,983.5041011000284,983.9042686000466,984.0063479000236,984.0063479000236,h,1,2.524057900067419,986.55396499997,986.55396499997,986.55396499997,986.55396499997,NA,NA,NA,NA,NA,NA,039,001,2024-02-28_15h59.27.378,PsychoPy Exp,2023.1.2,60.00355222336924
KnowledgeY,ExpTrialStim/Square_Square_B_1.png,Adam KNOWS there are TWO cubes,h,b,TB-K-B,2,2,0,2,2,0,0,0,0,2,B,-,SA1: SB2,SP: SG,0,209,209,246,NA,NA,NA,NA,NA,986.55396499997,3.7979998160153e-4,987.2874727000016,987.387325000018,0.8312582999933511,989.320683900034,989.7209370000056,989.823195300065,989.823195300065,h,1,1.7241278999717906,991.570857099956,991.570857099956,991.570857099956,991.570857099956,NA,NA,NA,NA,NA,NA,039,001,2024-02-28_15h59.27.378,PsychoPy Exp,2023.1.2,60.00355222336924
BeliefN,ExpTrialStim/Triangle_Triangle_B_6.png,Adam THINKS there is ONE cube,b,h,TB-K-B,2,0,2,2,0,2,0,0,0,1,B,PropFalse,TA1: TB3,TO: TY,0,210,210,189,NA,NA,NA,NA,NA,991.570857099956,0.00179959996603429,992.3040959000356,992.4042277999688,0.8295431999722496,994.3373745999996,994.7375460000476,994.8396435000468,994.8396435000468,b,1,0.9315139000536874,995.7874358999544,995.7874358999544,995.7874358999544,995.7874358999544,NA,NA,NA,NA,NA,NA,039,001,2024-02-28_15h59.27.378,PsychoPy Exp,2023.1.2,60.00355222336924
KnowledgeY,ExpTrialStim/Square_Square_NB_6.png,Adam KNOWS there are TWO cubes,h,b,TB-K,2,2,0,2,2,0,0,0,0,2,NB,-,SA1: SB3,SG: SB,0,211,211,233,NA,NA,NA,NA,NA,995.7874358999544,0.00170699995942413,996.52072879998,996.6208808000664,0.8295306999934837,998.5542050000512,998.9541586999547,999.0561850999948,999.0561850999948,h,1,0.5225474999751896,999.6039351000218,999.6039351000218,999.6039351000218,999.6039351000218,NA,NA,NA,NA,NA,NA,039,001,2024-02-28_15h59.27.378,PsychoPy Exp,2023.1.2,60.00355222336924
KnowledgeN,ExpTrialStim/Triangle_Triangle_B_9.png,Adam KNOWS there is ONE cube,b,h,TB-K-B,2,0,2,2,0,2,0,0,0,1,B,PropFalse,TA3: TB1,TO: TR,0,212,212,296,NA,NA,NA,NA,NA,999.6039351000218,0.00172870000824332,1000.3374008999672,1000.4375141999916,0.8295471000019461,1002.3708608000306,1002.7708538000006,1002.872949199984,1002.872949199984,b,1,0.7458771999226883,1003.63735980005,1003.63735980005,1003.63735980005,1003.63735980005,NA,NA,NA,NA,NA,NA,039,001,2024-02-28_15h59.27.378,PsychoPy Exp,2023.1.2,60.00355222336924
RealityY,ExpTrialStim/Square_B_Square_3.png,"In REALITY, there are TWO cubes",h,b,FB-Ig,2,2,0,1,1,0,1,1,0,2,B,-,SA3: SD1,SP: SB,0,213,213,44,NA,NA,NA,NA,NA,1003.63735980005,0.00172699999529868,1004.3707824000156,1004.470678200014,0.8295373000437394,1006.403919500066,1006.8042278999928,1006.9061814000596,1006.9061814000596,h,1,0.6725641000084579,1007.6038918000412,1007.6038918000412,1007.6038918000412,1007.6038918000412,NA,NA,NA,NA,NA,NA,039,001,2024-02-28_15h59.27.378,PsychoPy Exp,2023.1.2,60.00355222336924
RealityY,ExpTrialStim/Square_B_Square_6.png,"In REALITY, there are TWO cubes",h,b,FB-Ig,2,2,0,1,1,0,1,1,0,2,B,-,SB3: SC1,SP: SG,0,214,214,47,NA,NA,NA,NA,NA,1007.6038918000412,3.8340000901371e-4,1008.33738599997,1008.4375128999818,0.830902999965474,1010.3707104000496,1010.7708214999876,1010.87291679997,1010.87291679997,h,1,0.7537955000298098,1011.65390819998,1011.65390819998,1011.65390819998,1011.65390819998,NA,NA,NA,NA,NA,NA,039,001,2024-02-28_15h59.27.378,PsychoPy Exp,2023.1.2,60.00355222336924
BeliefN,ExpTrialStim/Square_B_Triangle_1.png,Adam THINKS there are ZERO cubes,b,h,TB-Ig,2,1,1,1,1,0,1,0,1,0,B,PropFalse,SB1: TD3,SB: TO,0,215,215,186,NA,NA,NA,NA,NA,1011.65390819998,3.8880005013197e-4,1012.3874265999766,1012.4875094000016,0.8311743000522256,1014.4206524000036,1014.8207563000032,1014.9228691000026,1014.9228691000026,b,1,2.664466999936849,1017.6037546000445,1017.6037546000445,1017.6037546000445,1017.6037546000445,NA,NA,NA,NA,NA,NA,039,001,2024-02-28_15h59.27.378,PsychoPy Exp,2023.1.2,60.00355222336924
KnowledgeY,ExpTrialStim/Square_NB_1.png,Adam KNOWS there is ONE cube,h,b,TB-K,1,1,0,1,1,0,0,0,0,1,NB,-,SA1,SB,0,216,216,219,NA,NA,NA,NA,NA,1017.6037546000445,4.1750003583729e-4,1018.3371731999796,1018.4374891000334,0.8309855000115931,1020.370559800067,1020.7707338000182,1020.8728575999849,1020.8728575999849,h,1,0.5535032999468967,1021.4539079000242,1021.4539079000242,1021.4539079000242,1021.4539079000242,NA,NA,NA,NA,NA,NA,039,001,2024-02-28_15h59.27.378,PsychoPy Exp,2023.1.2,60.00355222336924
KnowledgeY,ExpTrialStim/Square_Square_B_9.png,Adam KNOWS there are TWO cubes,h,b,FB-Ig,2,2,0,2,2,0,0,0,0,2,B,-,SA3: SB1,SB: SG,0,217,217,254,NA,NA,NA,NA,NA,1021.4539079000242,4.4099998194724e-4,1022.1871832000325,1022.2874381999718,0.8313108999282122,1024.2207831999986,1024.6207168999829,1024.7228069000412,1024.7228069000412,h,1,0.5204404999967664,1025.2704999999842,1025.2704999999842,1025.2704999999842,1025.2704999999842,NA,NA,NA,NA,NA,NA,039,001,2024-02-28_15h59.27.378,PsychoPy Exp,2023.1.2,60.00355222336924
KnowledgeY,ExpTrialStim/Triangle_Triangle_NB_2.png,Adam KNOWS there are ZERO cubes,h,b,TB-K,2,0,2,2,0,2,0,0,0,0,NB,-,TA2: TB3,TO: TR,0,218,218,223,NA,NA,NA,NA,NA,1025.2704999999842,4.9879995640367e-4,1026.0039864999708,1026.1039385000477,0.8310932000167668,1028.037363899988,1028.4374249000102,1028.5397008999716,1028.5397008999716,h,1,0.4706943000201136,1029.0372227999617,1029.0372227999617,1029.0372227999617,1029.0372227999617,NA,NA,NA,NA,NA,NA,039,001,2024-02-28_15h59.27.378,PsychoPy Exp,2023.1.2,60.00355222336924
RealityY,ExpTrialStim/Square_B_Square_1.png,"In REALITY, there are TWO cubes",h,b,FB-Ig,2,2,0,1,1,0,1,1,0,2,B,-,SA1: SC2,SG: SB,0,219,219,42,NA,NA,NA,NA,NA,1029.0372227999617,0.00152839999645948,1029.7706273000222,1029.8708005000371,0.8300300999544561,1031.8039680999937,1032.2040956000565,1032.3061476000585,1032.3061476000585,h,1,1.1921137000899762,1033.5203921999782,1033.5203921999782,1033.5203921999782,1033.5203921999782,NA,NA,NA,NA,NA,NA,039,001,2024-02-28_15h59.27.378,PsychoPy Exp,2023.1.2,60.00355222336924
RealityY,ExpTrialStim/Triangle_Triangle_B_3.png,"In REALITY, there are ZERO cubes",h,b,TB-K-B,2,0,2,2,0,2,0,0,0,0,B,-,TA3: TB1,TR: TY,0,220,220,28,NA,NA,NA,NA,NA,1033.5203921999782,4.1649991180747e-4,1034.253719600034,1034.3538814999629,0.830829199985601,1036.2874279000098,1036.6872711000033,1036.7895241000224,1036.7895241000224,h,1,1.3090517000528052,1038.1206509000622,1038.1206509000622,1038.1206509000622,1038.1206509000622,NA,NA,NA,NA,NA,NA,039,001,2024-02-28_15h59.27.378,PsychoPy Exp,2023.1.2,60.00355222336924
RealityN,ExpTrialStim/Square_B_Square_5.png,"In REALITY, there is ONE cube",b,h,FB-Ig,2,2,0,1,1,0,1,1,0,1,B,PropFalse,SB2: SD3,SB: SG,0,221,221,100,NA,NA,NA,NA,NA,1038.1206509000622,0.00186209997627884,1038.853924700059,1038.9540878999978,0.8296982999891043,1040.8873894000426,1041.2873841000255,1041.3895291000372,1041.3895291000372,h,0,1.0691019999794662,1042.4872265000597,1042.4872265000597,1042.4872265000597,1042.4872265000597,NA,NA,NA,NA,NA,NA,039,001,2024-02-28_15h59.27.378,PsychoPy Exp,2023.1.2,60.00355222336924
BeliefY,ExpTrialStim/Triangle_B_Square_1.png,Adam THINKS there are ZERO cubes,h,b,FB-Ig,2,1,1,1,0,1,1,1,0,0,B,-,SC1: TA1,SB: TO,0,222,222,158,NA,NA,NA,NA,NA,1042.4872265000597,0.00192640000022947,1043.2205643999623,1043.3207575000124,0.8296843999996781,1045.2539468000175,1045.654067000025,1045.7561115999706,1045.7561115999706,h,1,1.4626492999959737,1047.2372363000177,1047.2372363000177,1047.2372363000177,1047.2372363000177,NA,NA,NA,NA,NA,NA,039,001,2024-02-28_15h59.27.378,PsychoPy Exp,2023.1.2,60.00355222336924
RealityY,ExpTrialStim/Square_Square_NB_3.png,"In REALITY, there are TWO cubes",h,b,TB-K,2,2,0,2,2,0,0,0,0,2,NB,-,SA3: SB1,SG: SP,0,223,223,14,NA,NA,NA,NA,NA,1047.2372363000177,0.00195239996537566,1047.970583199989,1048.0706974000204,0.8294202999677509,1050.004055700032,1050.4039962999525,1050.5061925000043,1050.5061925000043,h,1,0.5763753999490291,1051.104003699962,1051.104003699962,1051.104003699962,1051.104003699962,NA,NA,NA,NA,NA,NA,039,001,2024-02-28_15h59.27.378,PsychoPy Exp,2023.1.2,60.00355222336924
KnowledgeY,ExpTrialStim/Square_Square_NB_5.png,Adam KNOWS there are TWO cubes,h,b,TB-K,2,2,0,2,2,0,0,0,0,2,NB,-,SA3: SB2,SB: SP,0,224,224,232,NA,NA,NA,NA,NA,1051.104003699962,0.00174780003726482,1051.8371859999606,1051.937405499979,0.8294834000989795,1053.870621399954,1054.2706897000317,1054.372990700067,1054.372990700067,h,1,0.6538221000228077,1055.0539827999892,1055.0539827999892,1055.0539827999892,1055.0539827999892,NA,NA,NA,NA,NA,NA,039,001,2024-02-28_15h59.27.378,PsychoPy Exp,2023.1.2,60.00355222336924
BeliefY,ExpTrialStim/Square_Square_B_3.png,Adam THINKS there are TWO cubes,h,b,TB-K-B,2,2,0,2,2,0,0,0,0,2,B,-,SA3: SB1,SG: SB,0,225,225,136,NA,NA,NA,NA,NA,1055.0539827999892,0.00183330010622739,1055.787195299985,1055.8871991999913,0.8292824000818655,1057.8205598000204,1058.2205096000107,1058.322851600009,1058.322851600009,h,1,0.887652000063099,1059.237176900031,1059.237176900031,1059.237176900031,1059.237176900031,NA,NA,NA,NA,NA,NA,039,001,2024-02-28_15h59.27.378,PsychoPy Exp,2023.1.2,60.00355222336924
RealityN,ExpTrialStim/Square_B_Square_8.png,"In REALITY, there is ONE cube",b,h,FB-Ig,2,2,0,1,1,0,1,1,0,1,B,PropFalse,SA1: SD2,SP: SG,0,226,226,103,NA,NA,NA,NA,NA,1059.237176900031,0.00194459990598261,1059.970381299965,1060.0706838000333,0.8296300999354571,1062.003843900049,1062.403912400012,1062.5059550000587,1062.5059550000587,b,1,1.7453238000161946,1064.2704400999935,1064.2704400999935,1064.2704400999935,1064.2704400999935,NA,NA,NA,NA,NA,NA,039,001,2024-02-28_15h59.27.378,PsychoPy Exp,2023.1.2,60.00355222336924
RealityY,ExpTrialStim/Triangle_Triangle_B_6.png,"In REALITY, there are ZERO cubes",h,b,TB-K-B,2,0,2,2,0,2,0,0,0,0,B,-,TA1: TB3,TO: TY,0,227,227,31,NA,NA,NA,NA,NA,1064.2704400999935,0.00192940002307295,1065.0039074999513,1065.103792799986,0.8296076999977231,1067.0371682000114,1067.437287800014,1067.539505099994,1067.539505099994,h,1,0.9665996999247,1068.5368853999537,1068.5368853999537,1068.5368853999537,1068.5368853999537,NA,NA,NA,NA,NA,NA,039,001,2024-02-28_15h59.27.378,PsychoPy Exp,2023.1.2,60.00355222336924
KnowledgeY,ExpTrialStim/Square_Square_B_5.png,Adam KNOWS there are TWO cubes,h,b,TB-K-B,2,2,0,2,2,0,0,0,0,2,B,-,SA3: SB2,SP: SB,0,228,228,250,NA,NA,NA,NA,NA,1068.5368853999537,4.8779998905956e-4,1069.2705280999653,1069.370646400028,0.8312226999551058,1071.3039629999548,1071.703862400027,1071.8060829000317,1071.8060829000317,h,1,1.5648772000567988,1073.3871767000528,1073.3871767000528,1073.3871767000528,1073.3871767000528,NA,NA,NA,NA,NA,NA,039,001,2024-02-28_15h59.27.378,PsychoPy Exp,2023.1.2,60.00355222336924
BeliefN,ExpTrialStim/Triangle_NB_2.png,Adam THINKS there is ONE cube,b,h,TB-K,1,0,1,1,0,1,0,0,0,1,NB,PropFalse,TA3,TY,0,229,229,163,NA,NA,NA,NA,NA,1073.3871767000528,0.00183930003549903,1074.1205110000446,1074.220457999967,0.8294081999920309,1076.153704400058,1076.553822000045,1076.6561334000437,1076.6561334000437,b,1,2.0100613000104204,1078.6871104000602,1078.6871104000602,1078.6871104000602,1078.6871104000602,NA,NA,NA,NA,NA,NA,039,001,2024-02-28_15h59.27.378,PsychoPy Exp,2023.1.2,60.00355222336924
BeliefY,ExpTrialStim/Square_B_1.png,Adam THINKS there is ONE cube,h,b,TB-Ig,1,1,0,1,1,0,0,0,0,1,B,-,SA2,SG,0,230,230,128,NA,NA,NA,NA,NA,1078.6871104000602,4.6070001553744e-4,1079.4204850000096,1079.5205908999778,0.831230100011453,1081.4538269999905,1081.8539417999564,1081.9560187000316,1081.9560187000316,h,1,0.8384320000186563,1082.8208132999716,1082.8208132999716,1082.8208132999716,1082.8208132999716,NA,NA,NA,NA,NA,NA,039,001,2024-02-28_15h59.27.378,PsychoPy Exp,2023.1.2,60.00355222336924
KnowledgeN,ExpTrialStim/Triangle_B_1.png,Adam KNOWS there are ZERO cubes,b,h,TB-Ig,1,0,1,2,0,2,0,0,0,0,B,PropTrueNoKnowledge,TA2,TR,0,231,231,288,NA,NA,NA,NA,NA,1082.8208132999716,0.00198040006216615,1083.5538240000606,1083.6539577000076,0.8291373000247404,1085.587314400007,1085.9872067000251,1086.0897648000391,1086.0897648000391,b,1,1.256687100045383,1087.3704194000456,1087.3704194000456,1087.3704194000456,1087.3704194000456,NA,NA,NA,NA,NA,NA,039,001,2024-02-28_15h59.27.378,PsychoPy Exp,2023.1.2,60.00355222336924
KnowledgeN,ExpTrialStim/Square_Triangle_B_12.png,Adam KNOWS there are TWO cubes,b,h,TB-K-B,2,1,1,2,1,1,0,0,0,2,B,PropFalse,SB3: TA1,SB: TO,0,232,232,307,NA,NA,NA,NA,NA,1087.3704194000456,0.00198639999143779,1088.103812300018,1088.2036977000537,0.8294871000107378,1090.137243699981,1090.5372668000637,1090.6392635999946,1090.6392635999946,b,1,4.627355100004934,1095.2871395000257,1095.2871395000257,1095.2871395000257,1095.2871395000257,NA,NA,NA,NA,NA,NA,039,001,2024-02-28_15h59.27.378,PsychoPy Exp,2023.1.2,60.00355222336924
RealityY,ExpTrialStim/B_Square_1.png,"In REALITY, there is ONE cube",h,b,FB-Ig,1,1,0,0,0,0,1,1,0,1,B,-,SC2,SG,0,233,233,38,NA,NA,NA,NA,NA,1095.2871395000257,0.00182809995021671,1096.020425199997,1096.12038019998,0.8293553999392316,1098.053875799989,1098.453835900058,1098.5559628000483,1098.5559628000483,h,1,0.7741634999401867,1099.3536281000124,1099.3536281000124,1099.3536281000124,1099.3536281000124,NA,NA,NA,NA,NA,NA,039,001,2024-02-28_15h59.27.378,PsychoPy Exp,2023.1.2,60.00355222336924
BeliefN,ExpTrialStim/Square_B_Square_2.png,Adam THINKS there are ZERO cubes,b,h,FB-Ig,2,2,0,1,1,0,1,1,0,0,B,PropFalse,SA2: SC3,SB: SP,0,234,234,205,NA,NA,NA,NA,NA,1099.3536281000124,6.1550003010779e-4,1100.0870824999874,1100.187225200003,0.8310484000248834,1102.120364299975,1102.5205282999668,1102.62267349998,1102.62267349998,b,1,1.5074629000155255,1104.153614299954,1104.153614299954,1104.153614299954,1104.153614299954,NA,NA,NA,NA,NA,NA,039,001,2024-02-28_15h59.27.378,PsychoPy Exp,2023.1.2,60.00355222336924
RealityN,ExpTrialStim/Square_B_1.png,"In REALITY, there are ZERO cubes",b,h,TB-Ig,1,1,0,1,1,0,0,0,0,0,B,PropFalse,SA2,SG,0,235,235,74,NA,NA,NA,NA,NA,1104.153614299954,7.0570001844316e-4,1104.887064700015,1104.987181500066,0.8308043999131769,1106.9205667000497,1107.3205367999617,1107.4225627999986,1107.4225627999986,h,0,1.019580899970606,1108.4702276999597,1108.4702276999597,1108.4702276999597,1108.4702276999597,NA,NA,NA,NA,NA,NA,039,001,2024-02-28_15h59.27.378,PsychoPy Exp,2023.1.2,60.00355222336924
KnowledgeY,ExpTrialStim/Triangle_Triangle_B_8.png,Adam KNOWS there are ZERO cubes,h,b,TB-Ig,2,0,2,2,0,2,0,0,0,0,B,-,TA2: TB3,TY:TO,0,236,236,241,NA,NA,NA,NA,NA,1108.4702276999597,0.00132749998010694,1109.2037416000385,1109.3038390000584,0.8305242999922484,1111.237225000048,1111.6370090000564,1111.7391955000348,1111.7391955000348,h,1,0.9838101000059396,1112.75368850003,1112.75368850003,1112.75368850003,1112.75368850003,NA,NA,NA,NA,NA,NA,039,001,2024-02-28_15h59.27.378,PsychoPy Exp,2023.1.2,60.00355222336924
KnowledgeY,ExpTrialStim/Triangle_NB_3.png,Adam KNOWS there are ZERO cubes,h,b,TB-K,1,0,1,1,0,1,0,0,0,0,NB,-,TB2,TR,0,237,237,218,NA,NA,NA,NA,NA,1112.75368850003,0.00179769995156675,1113.4870232000249,1113.5871783000184,0.8295214000390843,1115.5203906999668,1115.9205008000135,1116.0227019999877,1116.0227019999877,h,1,1.8597486999351531,1117.903552899952,1117.903552899952,1117.903552899952,1117.903552899952,NA,NA,NA,NA,NA,NA,039,001,2024-02-28_15h59.27.378,PsychoPy Exp,2023.1.2,60.00355222336924
KnowledgeY,ExpTrialStim/Square_NB_3.png,Adam KNOWS there is ONE cube,h,b,TB-K,1,1,0,1,1,0,0,0,0,1,NB,-,SB2,SG,0,238,238,221,NA,NA,NA,NA,NA,1117.903552899952,0.00181030004750937,1118.6370795000112,1118.7369799000444,0.8295167000032961,1120.6704820999876,1121.0704409000464,1121.1725568999536,1121.1725568999536,h,1,0.9822548000374808,1122.1705792000284,1122.1705792000284,1122.1705792000284,1122.1705792000284,NA,NA,NA,NA,NA,NA,039,001,2024-02-28_15h59.27.378,PsychoPy Exp,2023.1.2,60.00355222336924
KnowledgeY,ExpTrialStim/Square_Triangle_B_11.png,Adam KNOWS there is ONE cube,h,b,FB-Ig,2,1,1,2,1,1,0,0,0,1,B,-,SB2: TA3,SG: TR,0,239,239,268,NA,NA,NA,NA,NA,1122.1705792000284,0.00198709999676793,1122.903668700019,1123.0039067000616,0.8297175000188872,1124.9368955000537,1125.337025900022,1125.4392566999886,1125.4392566999886,h,1,1.147696299944073,1126.6035855000373,1126.6035855000373,1126.6035855000373,1126.6035855000373,NA,NA,NA,NA,NA,NA,039,001,2024-02-28_15h59.27.378,PsychoPy Exp,2023.1.2,60.00355222336924
BeliefY,ExpTrialStim/Square_Square_B_4.png,Adam THINKS there are TWO cubes,h,b,TB-K-B,2,2,0,2,2,0,0,0,0,2,B,-,SA2: SB1,SG: SP,0,240,240,137,NA,NA,NA,NA,NA,1126.6035855000373,0.00106909999158233,1127.3370266000277,1127.4371248000534,0.8304081000387669,1129.3703994000098,1129.770423399983,1129.8726011000108,1129.8726011000108,h,1,0.6098048998974264,1130.5037516000448,1130.5037516000448,1130.5037516000448,1130.5037516000448,NA,NA,NA,NA,NA,NA,039,001,2024-02-28_15h59.27.378,PsychoPy Exp,2023.1.2,60.00355222336924
KnowledgeN,ExpTrialStim/B_Square_3.png,Adam KNOWS there is ONE cube,b,h,FB-Ig,1,1,0,0,0,0,1,1,0,1,B,PropTrueNoKnowledge,SD1,SP,0,241,241,310,NA,NA,NA,NA,NA,1130.5037516000448,0.00180859991814941,1131.236982200062,1131.337126999977,0.8294423000188544,1133.2705096000573,1133.6704764000606,1133.7724112999858,1133.7724112999858,b,1,0.8779179999837652,1134.6701524000382,1134.6701524000382,1134.6701524000382,1134.6701524000382,NA,NA,NA,NA,NA,NA,039,001,2024-02-28_15h59.27.378,PsychoPy Exp,2023.1.2,60.00355222336924
RealityN,ExpTrialStim/Square_Square_B_4.png,"In REALITY, there is ONE cube",b,h,TB-K-B,2,2,0,2,2,0,0,0,0,1,B,PropFalse,SA2: SB1,SG: SP,0,242,242,87,NA,NA,NA,NA,NA,1134.6701524000382,0.00183930003549903,1135.4036399000324,1135.503783900058,0.8294809000799432,1137.4371305999812,1137.836935600033,1137.939196499996,1137.939196499996,b,1,0.7347827999619767,1138.7039775999729,NA,1138.7039775999729,NA,space,20.322362400009297,NA,NA,NA,NA,039,001,2024-02-28_15h59.27.378,PsychoPy Exp,2023.1.2,60.00355222336924
RealityN,ExpTrialStim/Square_NB_1.png,"In REALITY, there are ZERO cubes",b,h,TB-K,1,1,0,1,1,0,0,0,0,0,NB,PropFalse,SA1,SB,0,243,243,57,NA,NA,NA,NA,NA,1159.0536137999734,0.00198579998686909,1159.7869614000665,1159.886913000024,0.8315062000183389,1161.820361800026,1162.2202399000523,1162.3225404999685,1162.3225404999685,b,1,0.6717418999178335,1163.020173100056,1163.020173100056,1163.020173100056,1163.020173100056,NA,NA,NA,NA,NA,NA,039,001,2024-02-28_15h59.27.378,PsychoPy Exp,2023.1.2,60.00355222336924
KnowledgeN,ExpTrialStim/Square_Triangle_NB_1.png,Adam KNOWS there are ZERO cubes,b,h,TB-K,2,1,1,2,1,1,0,0,0,0,NB,PropFalse,SA2: TB1,SG: TR,0,244,244,279,NA,NA,NA,NA,NA,1163.020173100056,0.00200740003492683,1163.7700613000195,1163.8703355999896,0.8445190000347793,1165.8034497000044,1166.2035055999877,1166.3055841999594,1166.3055841999594,b,1,1.000494500040077,1167.3368664999723,1167.3368664999723,1167.3368664999723,1167.3368664999723,NA,NA,NA,NA,NA,NA,039,001,2024-02-28_15h59.27.378,PsychoPy Exp,2023.1.2,60.00355222336924
BeliefY,ExpTrialStim/Square_B_Square_2.png,Adam THINKS there is ONE cube,h,b,FB-Ig,2,2,0,1,1,0,1,1,0,1,B,-,SA2: SC3,SB: SP,0,245,245,151,NA,NA,NA,NA,NA,1167.3368664999723,0.00161429995205253,1168.0702409000369,1168.170312799979,0.8299020000267774,1170.103678200045,1170.503708400065,1170.6057394000236,1170.6057394000236,h,1,0.9005135000916198,1171.5369168999605,1171.5369168999605,1171.5369168999605,1171.5369168999605,NA,NA,NA,NA,NA,NA,039,001,2024-02-28_15h59.27.378,PsychoPy Exp,2023.1.2,60.00355222336924
BeliefN,ExpTrialStim/Triangle_Triangle_NB_3.png,Adam THINKS there are TWO cubes,b,h,TB-K,2,0,2,2,0,2,0,0,0,2,NB,PropFalse,TA3: TB1,TR: TY,0,246,246,170,NA,NA,NA,NA,NA,1171.5369168999605,0.00198820000514388,1172.2702253999887,1172.370327100041,0.829599600052461,1174.303690599976,1174.7035504999803,1174.8056988000171,1174.8056988000171,b,1,1.2363410000689328,1176.0702926999656,1176.0702926999656,1176.0702926999656,1176.0702926999656,NA,NA,NA,NA,NA,NA,039,001,2024-02-28_15h59.27.378,PsychoPy Exp,2023.1.2,60.00355222336924
BeliefN,ExpTrialStim/Square_NB_1.png,Adam THINKS there are ZERO cubes,b,h,TB-K,1,1,0,1,1,0,0,0,0,0,NB,PropFalse,SA1,SB,0,247,247,165,NA,NA,NA,NA,NA,1176.0702926999656,0.00197869993280619,1176.803409300046,1176.9036332999822,0.8298458999488503,1178.8368908000411,1179.2369790000375,1179.3392361999722,1179.3392361999722,b,1,0.7266825999831781,1180.0866846999852,1180.0866846999852,1180.0866846999852,1180.0866846999852,NA,NA,NA,NA,NA,NA,039,001,2024-02-28_15h59.27.378,PsychoPy Exp,2023.1.2,60.00355222336924
BeliefN,ExpTrialStim/Triangle_B_Triangle_1.png,Adam THINKS there is ONE cube,b,h,TB-Ig,2,0,2,1,0,1,1,0,1,1,B,PropFalse,TA3: TD1,TY: TR,0,248,248,184,NA,NA,NA,NA,NA,1180.0866846999852,0.0012133999262005,1180.819991700002,1180.9202511999756,0.8302107999334112,1182.8536353000673,1183.2536307000555,1183.3556998999557,1183.3556998999557,b,1,0.8944587999721989,1184.2701970000053,1184.2701970000053,1184.2701970000053,1184.2701970000053,NA,NA,NA,NA,NA,NA,039,001,2024-02-28_15h59.27.378,PsychoPy Exp,2023.1.2,60.00355222336924
KnowledgeY,ExpTrialStim/Square_Triangle_B_8.png,Adam KNOWS there is ONE cube,h,b,FB-Ig,2,1,1,2,1,1,0,0,0,1,B,-,SA2: TB1,SP: TY,0,249,249,265,NA,NA,NA,NA,NA,1184.2701970000053,0.00180250010453164,1185.0034623000538,1185.103595099994,0.8295079000527039,1187.0367796999635,1187.4368269999975,1187.539167399984,1187.539167399984,h,1,1.4709312999621034,1189.036765399971,1189.036765399971,1189.036765399971,1189.036765399971,NA,NA,NA,NA,NA,NA,039,001,2024-02-28_15h59.27.378,PsychoPy Exp,2023.1.2,60.00355222336924
BeliefY,ExpTrialStim/Square_Square_B_10.png,Adam THINKS there are TWO cubes,h,b,TB-K-B,2,2,0,2,2,0,0,0,0,2,B,-,SA2: SB1,SG: SB,0,250,250,143,NA,NA,NA,NA,NA,1189.036765399971,0.00221379997674375,1189.7701339999912,1189.87018540001,0.8293818000238389,1191.8035502999555,1192.2034736999776,1192.305869700038,1192.305869700038,h,1,2.1281993000302464,1194.45345000003,1194.45345000003,1194.45345000003,1194.45345000003,NA,NA,NA,NA,NA,NA,039,001,2024-02-28_15h59.27.378,PsychoPy Exp,2023.1.2,60.00355222336924
KnowledgeN,ExpTrialStim/Square_Triangle_NB_3.png,Adam KNOWS there are TWO cubes,b,h,TB-K,2,1,1,2,1,1,0,0,0,2,NB,PropFalse,SB3: TA2,SP: TY,0,251,251,281,NA,NA,NA,NA,NA,1194.45345000003,0.00175769999623298,1195.18677619996,1195.2869518999942,0.8298823999939486,1197.2203148000408,1197.6200986000476,1197.7226651000092,1197.7226651000092,b,1,0.7041818998986855,1198.453476900002,1198.453476900002,1198.453476900002,1198.453476900002,NA,NA,NA,NA,NA,NA,039,001,2024-02-28_15h59.27.378,PsychoPy Exp,2023.1.2,60.00355222336924
KnowledgeY,ExpTrialStim/Square_NB_2.png,Adam KNOWS there is ONE cube,h,b,TB-K,1,1,0,1,1,0,0,0,0,1,NB,-,SA3,SP,0,252,252,220,NA,NA,NA,NA,NA,1198.453476900002,0.00220479990821331,1199.186771800043,1199.2868997000623,0.8294218999799341,1201.2202374000335,1201.620165899978,1201.722277299967,1201.722277299967,h,1,0.600315900053829,1202.3534669000655,1202.3534669000655,1202.3534669000655,1202.3534669000655,NA,NA,NA,NA,NA,NA,039,001,2024-02-28_15h59.27.378,PsychoPy Exp,2023.1.2,60.00355222336924
KnowledgeY,ExpTrialStim/Square_Triangle_NB_3.png,Adam KNOWS there is ONE cube,h,b,TB-K,2,1,1,2,1,1,0,0,0,1,NB,-,SB3: TA2,SP: TY,0,253,253,227,NA,NA,NA,NA,NA,1202.3534669000655,0.00179640005808323,1203.086810800014,1203.186883899965,0.8294871000107378,1205.1201115000297,1205.52013119997,1205.6223523999795,1205.6223523999795,h,1,0.7876903000287712,1206.4368095999816,1206.4368095999816,1206.4368095999816,1206.4368095999816,NA,NA,NA,NA,NA,NA,039,001,2024-02-28_15h59.27.378,PsychoPy Exp,2023.1.2,60.00355222336924
BeliefY,ExpTrialStim/Triangle_B_Square_4.png,Adam THINKS there are ZERO cubes,h,b,FB-Ig,2,1,1,1,0,1,1,1,0,0,B,-,SD3: TB1,SB: TO,0,254,254,161,NA,NA,NA,NA,NA,1206.4368095999816,0.00197079998906701,1207.1701315999962,1207.2700480000349,0.8294902999186888,1209.2034829000477,1209.603568600025,1209.7057144000428,1209.7057144000428,h,1,0.9206236000172794,1210.653405799996,1210.653405799996,1210.653405799996,1210.653405799996,NA,NA,NA,NA,NA,NA,039,001,2024-02-28_15h59.27.378,PsychoPy Exp,2023.1.2,60.00355222336924
BeliefN,ExpTrialStim/Square_B_Square_3.png,Adam THINKS there are ZERO cubes,b,h,FB-Ig,2,2,0,1,1,0,1,1,0,0,B,PropFalse,SA3: SD1,SP: SB,0,255,255,206,NA,NA,NA,NA,NA,1210.653405799996,0.00196269992738962,1211.3867833999684,1211.4868360999972,0.8295694999396801,1213.4199961000122,1213.8199809000362,1213.922335500014,1213.922335500014,b,1,1.4237440000288188,1215.369988600025,1215.369988600025,1215.369988600025,1215.369988600025,NA,NA,NA,NA,NA,NA,039,001,2024-02-28_15h59.27.378,PsychoPy Exp,2023.1.2,60.00355222336924
KnowledgeN,ExpTrialStim/Triangle_Triangle_NB_3.png,Adam KNOWS there are TWO cubes,b,h,TB-K,2,0,2,2,0,2,0,0,0,2,NB,PropFalse,TA3: TB1,TR: TY,0,256,256,278,NA,NA,NA,NA,NA,1215.369988600025,0.00200239999685436,1216.1034062999531,1216.2033556000097,0.8294278999092057,1218.1367376999697,1218.5367006000597,1218.638893699972,1218.638893699972,b,1,1.3717225999571383,1220.0366749999812,1220.0366749999812,1220.0366749999812,1220.0366749999812,NA,NA,NA,NA,NA,NA,039,001,2024-02-28_15h59.27.378,PsychoPy Exp,2023.1.2,60.00355222336924
BeliefY,ExpTrialStim/Square_B_2.png,Adam THINKS there is ONE cube,h,b,TB-Ig,1,1,0,1,1,0,0,0,0,1,B,-,SB2,SB,0,257,257,129,NA,NA,NA,NA,NA,1220.0366749999812,0.00188480003271251,1220.7700588000007,1220.8702289999928,0.8295924999983981,1222.803504899959,1223.203321299981,1223.30558080005,1223.30558080005,h,1,1.3365033000009134,1224.670001200051,1224.670001200051,1224.670001200051,1224.670001200051,NA,NA,NA,NA,NA,NA,039,001,2024-02-28_15h59.27.378,PsychoPy Exp,2023.1.2,60.00355222336924
KnowledgeY,ExpTrialStim/Triangle_NB_1.png,Adam KNOWS there are ZERO cubes,h,b,TB-K,1,0,1,1,0,1,0,0,0,0,NB,-,TA1,TO,0,258,258,216,NA,NA,NA,NA,NA,1224.670001200051,0.0018047000048682,1225.4033501000376,1225.5034079999896,0.8294281999114901,1227.453552699997,1227.8533034999857,1227.9555557999993,1227.9555557999993,h,1,0.82253399991896,1228.8034100000514,1228.8034100000514,1228.8034100000514,1228.8034100000514,NA,NA,NA,NA,NA,NA,039,001,2024-02-28_15h59.27.378,PsychoPy Exp,2023.1.2,60.00355222336924
RealityY,ExpTrialStim/Square_Square_B_3.png,"In REALITY, there are TWO cubes",h,b,TB-K-B,2,2,0,2,2,0,0,0,0,2,B,-,SA3: SB1,SG: SB,0,259,259,36,NA,NA,NA,NA,NA,1228.8034100000514,0.00190629996359348,1229.536684300052,1229.6368570000632,0.8295932000037283,1231.5701407999732,1231.9701913000315,1232.072280399967,1232.072280399967,h,1,1.3541149999946356,1233.4531977999725,1233.4531977999725,1233.4531977999725,1233.4531977999725,NA,NA,NA,NA,NA,NA,039,001,2024-02-28_15h59.27.378,PsychoPy Exp,2023.1.2,60.00355222336924
RealityY,ExpTrialStim/Triangle_B_2.png,"In REALITY, there are ZERO cubes",h,b,TB-Ig,1,0,1,1,0,1,0,0,0,0,B,-,TB2,TO,0,260,260,19,NA,NA,NA,NA,NA,1233.4531977999725,0.00194049999117851,1234.1870276000118,1234.2866701000603,0.8294425999047235,1236.2199610000243,1236.6200510000344,1236.7223131000064,1236.7223131000064,h,1,1.8957951000193136,1238.6365728999954,1238.6365728999954,1238.6365728999954,1238.6365728999954,NA,NA,NA,NA,NA,NA,039,001,2024-02-28_15h59.27.378,PsychoPy Exp,2023.1.2,60.00355222336924
KnowledgeY,ExpTrialStim/Square_Triangle_B_1.png,Adam KNOWS there is ONE cube,h,b,FB-Ig,2,1,1,2,1,1,0,0,0,1,B,-,SA1: TB2,SG: TR,0,261,261,258,NA,NA,NA,NA,NA,1238.6365728999954,0.00181169994175434,1239.3700003999984,1239.4701130000176,0.8294183999532834,1241.403418699978,1241.8034600999672,1241.905422399985,1241.905422399985,h,1,1.184792699990794,1243.1200352000303,1243.1200352000303,1243.1200352000303,1243.1200352000303,NA,NA,NA,NA,NA,NA,039,001,2024-02-28_15h59.27.378,PsychoPy Exp,2023.1.2,60.00355222336924
BeliefY,ExpTrialStim/Triangle_Triangle_NB_1.png,Adam THINKS there are ZERO cubes,h,b,TB-K,2,0,2,2,0,2,0,0,0,0,NB,-,TA1: TB2,TY: TO,0,262,262,114,NA,NA,NA,NA,NA,1243.1200352000303,0.001829499960877,1243.8533370000075,1243.9534456999972,0.8293731999583542,1245.8865642000455,1246.2866220000433,1246.3892068000278,1246.3892068000278,h,1,1.956913799978793,1248.3700467000017,1248.3700467000017,1248.3700467000017,1248.3700467000017,NA,NA,NA,NA,NA,NA,039,001,2024-02-28_15h59.27.378,PsychoPy Exp,2023.1.2,60.00355222336924
BeliefN,ExpTrialStim/Triangle_Triangle_B_8.png,Adam THINKS there are TWO cubes,b,h,TB-K-B,2,0,2,2,0,2,0,0,0,2,B,PropFalse,TA2: TB3,TY:TO,0,263,263,191,NA,NA,NA,NA,NA,1248.3700467000017,0.00216240005102008,1249.10324950004,1249.2034213000445,0.8294621000532061,1251.136615299969,1251.5364706000546,1251.6389307000209,1251.6389307000209,b,1,1.0028408000944182,1252.6699830000289,1252.6699830000289,1252.6699830000289,1252.6699830000289,NA,NA,NA,NA,NA,NA,039,001,2024-02-28_15h59.27.378,PsychoPy Exp,2023.1.2,60.00355222336924
KnowledgeY,ExpTrialStim/Square_Triangle_B_12.png,Adam KNOWS there is ONE cube,h,b,FB-Ig,2,1,1,2,1,1,0,0,0,1,B,-,SB3: TA1,SB: TO,0,264,264,269,NA,NA,NA,NA,NA,1252.6699830000289,0.00172690011095255,1253.40330060001,1253.5034224999836,0.8298635000828654,1255.436611299985,1255.8366636000574,1255.9387411000207,1255.9387411000207,h,1,1.078916099970229,1257.0362982000224,1257.0362982000224,1257.0362982000224,1257.0362982000224,NA,NA,NA,NA,NA,NA,039,001,2024-02-28_15h59.27.378,PsychoPy Exp,2023.1.2,60.00355222336924
KnowledgeN,ExpTrialStim/Square_B_Triangle_2.png,Adam KNOWS there is ONE cube,b,h,TB-Ig,2,1,1,1,1,0,1,0,1,1,B,PropTrueNoKnowledge,SD3: TD2,SP: TY,0,265,265,295,NA,NA,NA,NA,NA,1257.0362982000224,4.2199995368719e-4,1257.769736599992,1257.8698625999968,0.8315094000427052,1259.8034257000545,1260.2033739000326,1260.30541609996,1260.30541609996,b,1,1.7123242999659851,1262.0364921999862,1262.0364921999862,1262.0364921999862,1262.0364921999862,NA,NA,NA,NA,NA,NA,039,001,2024-02-28_15h59.27.378,PsychoPy Exp,2023.1.2,60.00355222336924
KnowledgeN,ExpTrialStim/Square_B_Square_2.png,Adam KNOWS there is ONE cube,b,h,FB-Ig,2,2,0,1,1,0,1,1,0,1,B,PropFalse,SA2: SC3,SB: SP,0,266,266,313,NA,NA,NA,NA,NA,1262.0364921999862,4.1859992779791e-4,1262.7698590999937,1262.8700425999705,0.8313926999690011,1264.8033756000225,1265.2032635000069,1265.3054893000517,1265.3054893000517,b,1,1.4241230000043288,1266.7530054000672,1266.7530054000672,1266.7530054000672,1266.7530054000672,NA,NA,NA,NA,NA,NA,039,001,2024-02-28_15h59.27.378,PsychoPy Exp,2023.1.2,60.00355222336924
KnowledgeN,ExpTrialStim/Square_Triangle_B_9.png,Adam KNOWS there are ZERO cubes,b,h,TB-K-B,2,1,1,2,1,1,0,0,0,0,B,PropFalse,SA3: TB2,SG: TR,0,267,267,304,NA,NA,NA,NA,NA,1266.7530054000672,4.6649994328618e-4,1267.4866537000053,1267.5865145999703,0.8312886999920011,1269.5198617000133,1269.919758999953,1270.022168399999,1270.022168399999,b,1,3.8673714000033215,1273.9197540000314,1273.9197540000314,1273.9197540000314,1273.9197540000314,NA,NA,NA,NA,NA,NA,039,001,2024-02-28_15h59.27.378,PsychoPy Exp,2023.1.2,60.00355222336924
BeliefN,ExpTrialStim/Triangle_B_Square_3.png,Adam THINKS there is ONE cube,b,h,FB-Ig,2,1,1,1,0,1,1,1,0,1,B,PropTrueNoBelief,SD1: TA2,SG: TR,0,268,268,214,NA,NA,NA,NA,NA,1273.9197540000314,7.6309998985379e-4,1274.6532270000316,1274.753339900053,0.8312217999482527,1276.6866809000494,1277.086656200001,1277.1887441000436,1277.1887441000436,b,1,1.5568956000497565,1278.7698854999617,1278.7698854999617,1278.7698854999617,1278.7698854999617,NA,NA,NA,NA,NA,NA,039,001,2024-02-28_15h59.27.378,PsychoPy Exp,2023.1.2,60.00355222336924
BeliefY,ExpTrialStim/Square_B_Square_6.png,Adam THINKS there is ONE cube,h,b,FB-Ig,2,2,0,1,1,0,1,1,0,1,B,-,SB3: SC1,SP: SG,0,269,269,155,NA,NA,NA,NA,NA,1278.7698854999617,0.0018124000634998,1279.503153000027,1279.603191900067,0.8296282000374049,1281.5366547000594,1281.936584500014,1282.0387743000174,1282.0387743000174,h,1,1.2992045000428334,1283.3697409000015,1283.3697409000015,1283.3697409000015,1283.3697409000015,NA,NA,NA,NA,NA,NA,039,001,2024-02-28_15h59.27.378,PsychoPy Exp,2023.1.2,60.00355222336924
RealityY,ExpTrialStim/Triangle_Triangle_B_4.png,"In REALITY, there are ZERO cubes",h,b,TB-K-B,2,0,2,2,0,2,0,0,0,0,B,-,TA2: TB1,TY: TR,0,270,270,29,NA,NA,NA,NA,NA,1283.3697409000015,4.1029998101294e-4,1284.103212499991,1284.20317610004,0.8314072999637574,1286.136481599999,1286.536609300063,1286.6388131000567,1286.6388131000567,b,0,0.5868012000573799,1287.2529761999613,1287.2529761999613,1287.2529761999613,1287.2529761999613,NA,NA,NA,NA,NA,NA,039,001,2024-02-28_15h59.27.378,PsychoPy Exp,2023.1.2,60.00355222336924
BeliefY,ExpTrialStim/Square_B_Square_5.png,Adam THINKS there is ONE cube,h,b,FB-Ig,2,2,0,1,1,0,1,1,0,1,B,-,SB2: SD3,SB: SG,0,271,271,154,NA,NA,NA,NA,NA,1287.2529761999613,6.378999678418e-4,1287.9862169000553,1288.086435400066,0.8303061000769958,1290.0197700000135,1290.419952300028,1290.5222379000625,1290.5222379000625,h,1,1.3836017999565229,1291.9365641999757,1291.9365641999757,1291.9365641999757,1291.9365641999757,NA,NA,NA,NA,NA,NA,039,001,2024-02-28_15h59.27.378,PsychoPy Exp,2023.1.2,60.00355222336924
BeliefN,ExpTrialStim/Triangle_Triangle_B_5.png,Adam THINKS there is ONE cube,b,h,TB-K-B,2,0,2,2,0,2,0,0,0,1,B,PropFalse,TA3: TB2,TR: TO,0,272,272,188,NA,NA,NA,NA,NA,1291.9365641999757,0.0019532999722287,1292.6698123000097,1292.7699967999945,0.8295275999698788,1294.7031233999878,1295.1032859999686,1295.2053793000523,1295.2053793000523,b,1,2.0209210000466555,1297.2535404000664,1297.2535404000664,1297.2535404000664,1297.2535404000664,NA,NA,NA,NA,NA,NA,039,001,2024-02-28_15h59.27.378,PsychoPy Exp,2023.1.2,60.00355222336924
KnowledgeN,ExpTrialStim/Triangle_B_Square_1.png,Adam KNOWS there are ZERO cubes,b,h,FB-Ig,2,1,1,1,0,1,1,1,0,0,B,PropFalse,SC1: TA1,SB: TO,0,273,273,320,NA,NA,NA,NA,NA,1297.2535404000664,0.00194250000640749,1297.9864810999716,1298.0865205000157,0.8295600999845192,1300.0198492000343,1300.419870699989,1300.5220112999668,1300.5220112999668,b,1,1.616713900002651,1302.16991409997,1302.16991409997,1302.16991409997,1302.16991409997,NA,NA,NA,NA,NA,NA,039,001,2024-02-28_15h59.27.378,PsychoPy Exp,2023.1.2,60.00355222336924
KnowledgeN,ExpTrialStim/Square_NB_1.png,Adam KNOWS there are ZERO cubes,b,h,TB-K,1,1,0,1,1,0,0,0,0,0,NB,PropFalse,SA1,SB,0,274,274,273,NA,NA,NA,NA,NA,1302.16991409997,0.00190579995978623,1302.9031401999528,1303.0032928000437,0.8296021999558434,1304.936584400013,1305.3366061999695,1305.4388834000565,1305.4388834000565,b,1,2.7066084999823943,1308.169740100042,1308.169740100042,1308.169740100042,1308.169740100042,NA,NA,NA,NA,NA,NA,039,001,2024-02-28_15h59.27.378,PsychoPy Exp,2023.1.2,60.00355222336924
BeliefY,ExpTrialStim/Square_Square_B_12.png,Adam THINKS there are TWO cubes,h,b,TB-K-B,2,2,0,2,2,0,0,0,0,2,B,-,SA1: SB3,SP: SG,0,275,275,145,NA,NA,NA,NA,NA,1308.169740100042,0.00164840009529143,1308.903135600034,1309.0031935999868,0.8301565999863669,1310.9365948999766,1311.3364988999674,1311.4388045000378,1311.4388045000378,h,1,3.795038900105282,1315.2531450999668,1315.2531450999668,1315.2531450999668,1315.2531450999668,NA,NA,NA,NA,NA,NA,039,001,2024-02-28_15h59.27.378,PsychoPy Exp,2023.1.2,60.00355222336924
BeliefN,ExpTrialStim/Triangle_B_1.png,Adam THINKS there is ONE cube,b,h,TB-Ig,1,0,1,1,0,1,0,0,0,1,B,PropFalse,TA2,TR,0,276,276,180,NA,NA,NA,NA,NA,1315.2531450999668,0.0019683000864461,1315.9864902000409,1316.0866373999745,0.8295896000927314,1318.0197575000348,1318.4197718000505,1318.521956600016,1318.521956600016,b,1,1.5758176000090316,1320.119845499983,1320.119845499983,1320.119845499983,1320.119845499983,NA,NA,NA,NA,NA,NA,039,001,2024-02-28_15h59.27.378,PsychoPy Exp,2023.1.2,60.00355222336924
RealityN,ExpTrialStim/Square_B_Square_6.png,"In REALITY, there is ONE cube",b,h,FB-Ig,2,2,0,1,1,0,1,1,0,1,B,PropFalse,SB3: SC1,SP: SG,0,277,277,101,NA,NA,NA,NA,NA,1320.119845499983,0.00196220003999769,1320.8530707999598,1320.9530805000104,0.8294031000696123,1322.8865148000186,1323.2863334000576,1323.3884557000129,1323.3884557000129,b,1,1.549578099977225,1324.9696013999635,1324.9696013999635,1324.9696013999635,1324.9696013999635,NA,NA,NA,NA,NA,NA,039,001,2024-02-28_15h59.27.378,PsychoPy Exp,2023.1.2,60.00355222336924
KnowledgeN,ExpTrialStim/Triangle_B_Square_2.png,Adam KNOWS there are ZERO cubes,b,h,FB-Ig,2,1,1,1,0,1,1,1,0,0,B,PropFalse,SC3: TB3,SP: TY,0,278,278,321,NA,NA,NA,NA,NA,1324.9696013999635,0.00189710000995546,1325.7028773999773,1325.8029133999953,0.82923400006257,1327.736519600032,1328.1364634999773,1328.2385333999991,1328.2385333999991,b,1,0.9874148999806494,1329.253127999953,1329.253127999953,1329.253127999953,1329.253127999953,NA,NA,NA,NA,NA,NA,039,001,2024-02-28_15h59.27.378,PsychoPy Exp,2023.1.2,60.00355222336924
BeliefY,ExpTrialStim/Square_B_Square_3.png,Adam THINKS there is ONE cube,h,b,FB-Ig,2,2,0,1,1,0,1,1,0,1,B,-,SA3: SD1,SP: SB,0,279,279,152,NA,NA,NA,NA,NA,1329.253127999953,0.00178880000021308,1329.9862095999997,1330.086494600051,0.8294571000151336,1332.0196332000196,1332.4197911999654,1332.5218566999538,1332.5218566999538,b,0,1.687956799985841,1334.236144799972,1334.236144799972,1334.236144799972,1334.236144799972,NA,NA,NA,NA,NA,NA,039,001,2024-02-28_15h59.27.378,PsychoPy Exp,2023.1.2,60.00355222336924
KnowledgeN,ExpTrialStim/Square_B_Square_1.png,Adam KNOWS there is ONE cube,b,h,FB-Ig,2,2,0,1,1,0,1,1,0,1,B,PropFalse,SA1: SC2,SG: SB,0,280,280,312,NA,NA,NA,NA,NA,1334.236144799972,0.00197739992290735,1334.9696991000092,1335.0698163000634,0.829523199936375,1337.0029612999642,1337.4029986000387,1337.50512039999,1337.50512039999,b,1,4.920295699965209,1342.4529228999745,1342.4529228999745,1342.4529228999745,1342.4529228999745,NA,NA,NA,NA,NA,NA,039,001,2024-02-28_15h59.27.378,PsychoPy Exp,2023.1.2,60.00355222336924
RealityN,ExpTrialStim/Square_B_Square_2.png,"In REALITY, there are ZERO cubes",b,h,FB-Ig,2,2,0,1,1,0,1,1,0,0,B,PropFalse,SA2: SC3,SB: SP,0,281,281,97,NA,NA,NA,NA,NA,1342.4529228999745,7.3720002546906e-4,1343.1863266000291,1343.2863822999643,0.8314115999964997,1345.2198083000258,1345.6197936000535,1345.7219444999937,1345.7219444999937,b,1,1.0643914999673143,1346.8028821999906,1346.8028821999906,1346.8028821999906,1346.8028821999906,NA,NA,NA,NA,NA,NA,039,001,2024-02-28_15h59.27.378,PsychoPy Exp,2023.1.2,60.00355222336924
RealityY,ExpTrialStim/Square_Square_B_4.png,"In REALITY, there are TWO cubes",h,b,TB-K-B,2,2,0,2,2,0,0,0,0,2,B,-,SA2: SB1,SG: SP,0,282,282,37,NA,NA,NA,NA,NA,1346.8028821999906,0.0018014000961557,1347.5362927999813,1347.6364404000342,0.8292044000700116,1349.569793200004,1349.9697552999714,1350.0718762000324,1350.0718762000324,h,1,0.7218363999854773,1350.8197144999867,1350.8197144999867,1350.8197144999867,1350.8197144999867,NA,NA,NA,NA,NA,NA,039,001,2024-02-28_15h59.27.378,PsychoPy Exp,2023.1.2,60.00355222336924
KnowledgeY,ExpTrialStim/Square_Square_NB_4.png,Adam KNOWS there are TWO cubes,h,b,TB-K,2,2,0,2,2,0,0,0,0,2,NB,-,SA2: SB1,SP: SG,0,283,283,231,NA,NA,NA,NA,NA,1350.8197144999867,0.00179280003067106,1351.5529715999728,1351.6530695999973,0.8296253000153229,1353.5864537999732,1353.9864214999834,1354.0886719999835,1354.0886719999835,h,1,0.9606816999148576,1355.0694784000516,1355.0694784000516,1355.0694784000516,1355.0694784000516,NA,NA,NA,NA,NA,NA,039,001,2024-02-28_15h59.27.378,PsychoPy Exp,2023.1.2,60.00355222336924
BeliefN,ExpTrialStim/Square_B_Square_6.png,Adam THINKS there are TWO cubes,b,h,FB-Ig,2,2,0,1,1,0,1,1,0,2,B,PropTrueNoBelief,SB3: SC1,SP: SG,0,284,284,209,NA,NA,NA,NA,NA,1355.0694784000516,5.2860006690025e-4,1355.802931800019,1355.9031011000045,0.8313169000903144,1357.853082500049,1358.2530773000326,1358.3552074000472,1358.3552074000472,b,1,1.0148343000328168,1359.3862064999994,1359.3862064999994,1359.3862064999994,1359.3862064999994,NA,NA,NA,NA,NA,NA,039,001,2024-02-28_15h59.27.378,PsychoPy Exp,2023.1.2,60.00355222336924
BeliefY,ExpTrialStim/Square_B_Square_8.png,Adam THINKS there is ONE cube,h,b,FB-Ig,2,2,0,1,1,0,1,1,0,1,B,-,SA1: SD2,SP: SG,0,285,285,157,NA,NA,NA,NA,NA,1359.3862064999994,0.00193239992950111,1360.1196130999597,1360.2196955999823,0.8295566999586299,1362.1529264999554,1362.552909799968,1362.6552192999516,1362.6552192999516,h,1,1.6580815999768674,1364.3361702000257,1364.3361702000257,1364.3361702000257,1364.3361702000257,NA,NA,NA,NA,NA,NA,039,001,2024-02-28_15h59.27.378,PsychoPy Exp,2023.1.2,60.00355222336924
KnowledgeY,ExpTrialStim/Triangle_Triangle_B_7.png,Adam KNOWS there are ZERO cubes,h,b,TB-Ig,2,0,2,2,0,2,0,0,0,0,B,-,TA1: TB2,TR: TY,0,286,286,240,NA,NA,NA,NA,NA,1364.3361702000257,5.2590004634112e-4,1365.069599800045,1365.1696975000668,0.8312620000215247,1367.103068400058,1367.503097299952,1367.605073199957,1367.605073199957,h,1,0.8846417999593541,1368.519474499975,1368.519474499975,1368.519474499975,1368.519474499975,NA,NA,NA,NA,NA,NA,039,001,2024-02-28_15h59.27.378,PsychoPy Exp,2023.1.2,60.00355222336924
RealityN,ExpTrialStim/Triangle_B_2.png,"In REALITY, there is ONE cube",b,h,TB-Ig,1,0,1,1,0,1,0,0,0,1,B,PropFalse,TB2,TO,0,287,287,73,NA,NA,NA,NA,NA,1368.519474499975,0.00181469996459782,1369.2529163999716,1369.3530585999831,0.8296290999278426,1371.2863944000565,1371.6862548000645,1371.7884620999685,1371.7884620999685,b,1,0.7091187000041828,1372.5196404999588,1372.5196404999588,1372.5196404999588,1372.5196404999588,NA,NA,NA,NA,NA,NA,039,001,2024-02-28_15h59.27.378,PsychoPy Exp,2023.1.2,60.00355222336924
BeliefY,ExpTrialStim/Square_B_Square_1.png,Adam THINKS there is ONE cube,h,b,FB-Ig,2,2,0,1,1,0,1,1,0,1,B,-,SA1: SC2,SG: SB,0,288,288,150,NA,NA,NA,NA,NA,1372.5196404999588,0.00193609995767474,1373.2529216000112,1373.3528689000525,0.8296338999643922,1375.2864137999711,1375.68639659998,1375.7884054000024,1375.7884054000024,h,1,1.6134041999466715,1377.4195848000236,1377.4195848000236,1377.4195848000236,1377.4195848000236,NA,NA,NA,NA,NA,NA,039,001,2024-02-28_15h59.27.378,PsychoPy Exp,2023.1.2,60.00355222336924
RealityN,ExpTrialStim/Triangle_Triangle_NB_1.png,"In REALITY, there is ONE cube",b,h,TB-K,2,0,2,2,0,2,0,0,0,1,NB,PropFalse,TA1: TB2,TY: TO,0,289,289,60,NA,NA,NA,NA,NA,1377.4195848000236,0.00134350010193884,1378.1527666000184,1378.253023299971,0.8302304000826553,1380.2027285000077,1380.603060699999,1380.7050712000346,1380.7050712000346,b,1,0.704562799888663,1381.436232600012,1381.436232600012,1381.436232600012,1381.436232600012,NA,NA,NA,NA,NA,NA,039,001,2024-02-28_15h59.27.378,PsychoPy Exp,2023.1.2,60.00355222336924
RealityY,ExpTrialStim/Triangle_Triangle_NB_1.png,"In REALITY, there are ZERO cubes",h,b,TB-K,2,0,2,2,0,2,0,0,0,0,NB,-,TA1: TB2,TY: TO,0,290,290,6,NA,NA,NA,NA,NA,1381.436232600012,0.00179609993938356,1382.1692741999868,1382.269487899961,0.8296323999529704,1384.2028995000292,1384.60297170002,1384.7050925999647,1384.7050925999647,h,1,1.4333722000010312,1386.1693642999744,1386.1693642999744,1386.1693642999744,1386.1693642999744,NA,NA,NA,NA,NA,NA,039,001,2024-02-28_15h59.27.378,PsychoPy Exp,2023.1.2,60.00355222336924
KnowledgeN,ExpTrialStim/Triangle_Triangle_NB_1.png,Adam KNOWS there is ONE cube,b,h,TB-K,2,0,2,2,0,2,0,0,0,1,NB,PropFalse,TA1: TB2,TY: TO,0,291,291,276,NA,NA,NA,NA,NA,1386.1693642999744,4.2369996663182e-4,1386.9028498999542,1387.003019200056,0.8313345999922603,1388.9362762999954,1389.3362866999814,1389.4382752999663,1389.4382752999663,b,1,3.674935700022615,1393.13603970001,1393.13603970001,1393.13603970001,1393.13603970001,NA,NA,NA,NA,NA,NA,039,001,2024-02-28_15h59.27.378,PsychoPy Exp,2023.1.2,60.00355222336924
KnowledgeN,ExpTrialStim/Square_Square_NB_6.png,Adam KNOWS there is ONE cube,b,h,TB-K,2,2,0,2,2,0,0,0,0,1,NB,PropFalse,SA1: SB3,SG: SB,0,292,292,287,NA,NA,NA,NA,NA,1393.13603970001,5.3930003196001e-4,1393.8694780999797,1393.969611300039,0.8310712999664247,1395.9029478000011,1396.302828200045,1396.4050235999748,1396.4050235999748,b,1,5.140549500007182,1401.5695381000403,1401.5695381000403,1401.5695381000403,1401.5695381000403,NA,NA,NA,NA,NA,NA,039,001,2024-02-28_15h59.27.378,PsychoPy Exp,2023.1.2,60.00355222336924
KnowledgeN,ExpTrialStim/Triangle_B_Square_4.png,Adam KNOWS there is ONE cube,b,h,FB-Ig,2,1,1,1,0,1,1,1,0,1,B,PropTrueNoKnowledge,SD3: TB1,SB: TO,0,293,293,323,NA,NA,NA,NA,NA,1401.5695381000403,0.00196219992358237,1402.3026656999718,1402.4029246000573,0.8296215999871492,1404.3360110999784,1404.7360989999725,1404.838281000033,1404.838281000033,b,1,2.4513126999372616,1407.319309100043,1407.319309100043,1407.319309100043,1407.319309100043,NA,NA,NA,NA,NA,NA,039,001,2024-02-28_15h59.27.378,PsychoPy Exp,2023.1.2,60.00355222336924
RealityN,ExpTrialStim/Triangle_B_Square_1.png,"In REALITY, there are ZERO cubes",b,h,FB-Ig,2,1,1,1,0,1,1,1,0,0,B,PropFalse,SC1: TA1,SB: TO,0,294,294,104,NA,NA,NA,NA,NA,1407.319309100043,4.5940000563859e-4,1408.0527699000668,1408.1527385000372,0.8311074000084773,1410.086130199954,1410.4862479000583,1410.58831120003,1410.58831120003,b,1,0.8531909000594169,1411.4695032000309,1411.4695032000309,1411.4695032000309,1411.4695032000309,NA,NA,NA,NA,NA,NA,039,001,2024-02-28_15h59.27.378,PsychoPy Exp,2023.1.2,60.00355222336924
BeliefY,ExpTrialStim/Square_Square_B_9.png,Adam THINKS there are TWO cubes,h,b,TB-K-B,2,2,0,2,2,0,0,0,0,2,B,-,SA3: SB1,SB: SG,0,295,295,142,NA,NA,NA,NA,NA,1411.4695032000309,0.00188839994370937,1412.2025544999633,1412.3029162000166,0.8295001999940723,1414.2361560000572,1414.6361977000488,1414.7383024999872,1414.7383024999872,h,1,1.4948855999391526,1416.252765799989,1416.252765799989,1416.252765799989,1416.252765799989,NA,NA,NA,NA,NA,NA,039,001,2024-02-28_15h59.27.378,PsychoPy Exp,2023.1.2,60.00355222336924
KnowledgeY,ExpTrialStim/Square_Square_B_11.png,Adam KNOWS there are TWO cubes,h,b,FB-Ig,2,2,0,2,2,0,0,0,0,2,B,-,SA3: SB2,SB: SP,0,296,296,256,NA,NA,NA,NA,NA,1416.252765799989,8.131000213325e-4,1416.9861437999643,1417.0862653000513,0.8308391999453306,1419.019541000016,1419.4192770000082,1419.5215524999658,1419.5215524999658,h,1,0.8558770000236109,1420.4027511000168,1420.4027511000168,1420.4027511000168,1420.4027511000168,NA,NA,NA,NA,NA,NA,039,001,2024-02-28_15h59.27.378,PsychoPy Exp,2023.1.2,60.00355222336924
RealityN,ExpTrialStim/Square_B_Square_3.png,"In REALITY, there are ZERO cubes",b,h,FB-Ig,2,2,0,1,1,0,1,1,0,0,B,PropFalse,SA3: SD1,SP: SB,0,297,297,98,NA,NA,NA,NA,NA,1420.4027511000168,0.00149370008148252,1421.1358929000562,1421.2362181000644,0.8297931000124663,1423.169618600048,1423.5695176000008,1423.671595599968,1423.671595599968,b,1,1.4174853999866173,1425.1193274999969,1425.1193274999969,1425.1193274999969,1425.1193274999969,NA,NA,NA,NA,NA,NA,039,001,2024-02-28_15h59.27.378,PsychoPy Exp,2023.1.2,60.00355222336924
RealityY,ExpTrialStim/Square_B_Square_5.png,"In REALITY, there are TWO cubes",h,b,FB-Ig,2,2,0,1,1,0,1,1,0,2,B,-,SB2: SD3,SB: SG,0,298,298,46,NA,NA,NA,NA,NA,1425.1193274999969,4.9470004159957e-4,1425.852722999989,1425.952929400024,0.8312616000184789,1427.886079399963,1428.2862744999584,1428.3882628000574,1428.3882628000574,h,1,0.909130100044422,1429.3194917000365,1429.3194917000365,1429.3194917000365,1429.3194917000365,NA,NA,NA,NA,NA,NA,039,001,2024-02-28_15h59.27.378,PsychoPy Exp,2023.1.2,60.00355222336924
BeliefY,ExpTrialStim/Square_Square_NB_2.png,Adam THINKS there are TWO cubes,h,b,TB-K,2,2,0,2,2,0,0,0,0,2,NB,-,SA2: SB3,SB: SG,0,299,299,121,NA,NA,NA,NA,NA,1429.3194917000365,0.00170340004842728,1430.0526943999575,1430.1528453000356,0.8296295000473037,1432.086230700021,1432.4861238000449,1432.5883756000549,1432.5883756000549,h,1,0.9408683000365272,1433.5525840000482,1433.5525840000482,1433.5525840000482,1433.5525840000482,NA,NA,NA,NA,NA,NA,039,001,2024-02-28_15h59.27.378,PsychoPy Exp,2023.1.2,60.00355222336924
RealityY,ExpTrialStim/B_Square_3.png,"In REALITY, there is ONE cube",h,b,FB-Ig,1,1,0,0,0,0,1,1,0,1,B,-,SD1,SP,0,300,300,40,NA,NA,NA,NA,NA,1433.5525840000482,0.00169559998903423,1434.2860285000645,1434.386198400054,0.8291762999724597,1436.3193676000228,1436.7193556999557,1436.8215746000642,1436.8215746000642,h,1,1.123482200084254,1437.9692367999814,1437.9692367999814,1437.9692367999814,1437.9692367999814,NA,NA,NA,NA,NA,NA,039,001,2024-02-28_15h59.27.378,PsychoPy Exp,2023.1.2,60.00355222336924
RealityN,ExpTrialStim/Triangle_B_Square_4.png,"In REALITY, there are TWO cubes",b,h,FB-Ig,2,1,1,1,0,1,1,1,0,2,B,PropFalse,SD3: TB1,SB: TO,0,301,301,107,NA,NA,NA,NA,NA,1437.9692367999814,4.043000517413e-4,1438.7027122,1438.8028433000436,0.83130900003016,1440.7361899999669,1441.1361422999762,1441.2381966999965,1441.2381966999965,b,1,0.8189594999421388,1442.085973200039,1442.085973200039,1442.085973200039,1442.085973200039,NA,NA,NA,NA,NA,NA,039,001,2024-02-28_15h59.27.378,PsychoPy Exp,2023.1.2,60.00355222336924
BeliefY,ExpTrialStim/Square_Square_NB_4.png,Adam THINKS there are TWO cubes,h,b,TB-K,2,2,0,2,2,0,0,0,0,2,NB,-,SA2: SB1,SP: SG,0,302,302,123,NA,NA,NA,NA,NA,1442.085973200039,0.00150820007547736,1442.8193271000637,1442.9194660000503,0.829681699979119,1444.852824700065,1445.2527851000195,1445.3549091999885,1445.3549091999885,h,1,1.1584645999828354,1446.5359489000402,1446.5359489000402,1446.5359489000402,1446.5359489000402,NA,NA,NA,NA,NA,NA,039,001,2024-02-28_15h59.27.378,PsychoPy Exp,2023.1.2,60.00355222336924
RealityN,ExpTrialStim/Triangle_B_1.png,"In REALITY, there is ONE cube",b,h,TB-Ig,1,0,1,1,0,1,0,0,0,1,B,PropFalse,TA2,TR,0,303,303,72,NA,NA,NA,NA,NA,1446.5359489000402,0.0017520999535918199,1447.2693201999646,1447.369474899955,0.8295166000025347,1449.302765600034,1449.702807100024,1449.8048295000335,1449.8048295000335,b,1,0.7814212000230327,1450.6026042000158,1450.6026042000158,1450.6026042000158,1450.6026042000158,NA,NA,NA,NA,NA,NA,039,001,2024-02-28_15h59.27.378,PsychoPy Exp,2023.1.2,60.00355222336924
KnowledgeN,ExpTrialStim/Square_Square_NB_4.png,Adam KNOWS there is ONE cube,b,h,TB-K,2,2,0,2,2,0,0,0,0,1,NB,PropFalse,SA2: SB1,SP: SG,0,304,304,285,NA,NA,NA,NA,NA,1450.6026042000158,5.9769989456981e-4,1451.3361352999927,1451.4359661999624,0.8310462000081316,1453.3694617999718,1453.7694116999628,1453.871587099973,1453.871587099973,b,1,0.9618296000408008,1454.8528543000575,1454.8528543000575,1454.8528543000575,1454.8528543000575,NA,NA,NA,NA,NA,NA,039,001,2024-02-28_15h59.27.378,PsychoPy Exp,2023.1.2,60.00355222336924
BeliefY,ExpTrialStim/Square_Square_B_2.png,Adam THINKS there are TWO cubes,h,b,TB-K-B,2,2,0,2,2,0,0,0,0,2,B,-,SA2: SB3,SB: SP,0,305,305,135,NA,NA,NA,NA,NA,1454.8528543000575,0.00168730004224926,1455.5859904000536,1455.6860419999575,0.8294223999837413,1457.61941699998,1458.0193407000042,1458.1215118999826,1458.1215118999826,h,1,1.8641476999036968,1460.0025179999648,1460.0025179999648,1460.0025179999648,1460.0025179999648,NA,NA,NA,NA,NA,NA,039,001,2024-02-28_15h59.27.378,PsychoPy Exp,2023.1.2,60.00355222336924
RealityN,ExpTrialStim/Triangle_NB_1.png,"In REALITY, there is ONE cube",b,h,TB-K,1,0,1,1,0,1,0,0,0,1,NB,PropFalse,TA1,TO,0,306,306,54,NA,NA,NA,NA,NA,1460.0025179999648,5.6039995979517e-4,1460.735986600048,1460.836036200053,0.8310506999259815,1462.7692374000326,1463.1694322000258,1463.2714888000628,1463.2714888000628,b,1,0.5379155999980867,1463.8359035999747,1463.8359035999747,1463.8359035999747,1463.8359035999747,NA,NA,NA,NA,NA,NA,039,001,2024-02-28_15h59.27.378,PsychoPy Exp,2023.1.2,60.00355222336924
BeliefN,ExpTrialStim/Square_Square_NB_4.png,Adam THINKS there is ONE cube,b,h,TB-K,2,2,0,2,2,0,0,0,0,1,NB,PropFalse,SA2: SB1,SP: SG,0,307,307,177,NA,NA,NA,NA,NA,1463.8359035999747,0.00170380005147308,1464.5693179999944,1464.6694130999967,0.8296342000830919,1466.6027807999635,1467.0026318000164,1467.104983099969,1467.104983099969,b,1,2.48108699999284,1469.602534000063,1469.602534000063,1469.602534000063,1469.602534000063,NA,NA,NA,NA,NA,NA,039,001,2024-02-28_15h59.27.378,PsychoPy Exp,2023.1.2,60.00355222336924
BeliefY,ExpTrialStim/Square_Square_B_1.png,Adam THINKS there are TWO cubes,h,b,TB-K-B,2,2,0,2,2,0,0,0,0,2,B,-,SA1: SB2,SP: SG,0,308,308,134,NA,NA,NA,NA,NA,1469.602534000063,7.9710001591593e-4,1470.3358964000363,1470.4360740999691,0.8305770999286324,1472.3692932999693,1472.7694286999758,1472.8715093999635,1472.8715093999635,h,1,2.6819820000091568,1475.5693166999845,1475.5693166999845,1475.5693166999845,1475.5693166999845,NA,NA,NA,NA,NA,NA,039,001,2024-02-28_15h59.27.378,PsychoPy Exp,2023.1.2,60.00355222336924
BeliefN,ExpTrialStim/Triangle_NB_3.png,Adam THINKS there are TWO cubes,b,h,TB-K,1,0,1,1,0,1,0,0,0,2,NB,PropFalse,TB2,TR,0,309,309,164,NA,NA,NA,NA,NA,1475.5693166999845,0.00170870008878409,1476.3027616000036,1476.4026927000375,0.8293837000383064,1478.3358839000575,1478.7360282000154,1478.8382464000024,1478.8382464000024,b,1,0.8750707999570295,1479.7359726000575,1479.7359726000575,1479.7359726000575,1479.7359726000575,NA,NA,NA,NA,NA,NA,039,001,2024-02-28_15h59.27.378,PsychoPy Exp,2023.1.2,60.00355222336924
BeliefY,ExpTrialStim/Square_NB_1.png,Adam THINKS there is ONE cube,h,b,TB-K,1,1,0,1,1,0,0,0,0,1,NB,-,SA1,SB,0,310,310,111,NA,NA,NA,NA,NA,1479.7359726000575,0.00172619998920708,1480.4858860999811,1480.5858862999594,0.8460009000264108,1482.5193699999943,1482.919319699984,1483.0215973999584,1483.0215973999584,h,1,0.8035707999952137,1483.852540199994,1483.852540199994,1483.852540199994,1483.852540199994,NA,NA,NA,NA,NA,NA,039,001,2024-02-28_15h59.27.378,PsychoPy Exp,2023.1.2,60.00355222336924
KnowledgeY,ExpTrialStim/Triangle_Triangle_B_2.png,Adam KNOWS there are ZERO cubes,h,b,TB-Ig,2,0,2,2,0,2,0,0,0,0,B,-,TA2: TB3,TO: TR,0,311,311,235,NA,NA,NA,NA,NA,1483.852540199994,0.00153440004214644,1484.5858704999555,1484.6858837000327,0.8297701999545097,1486.6193964000558,1487.0191544999834,1487.1213498000288,1487.1213498000288,h,1,0.5757684999844059,1487.7193205000367,1487.7193205000367,1487.7193205000367,1487.7193205000367,NA,NA,NA,NA,NA,NA,039,001,2024-02-28_15h59.27.378,PsychoPy Exp,2023.1.2,60.00355222336924
BeliefN,ExpTrialStim/Square_Triangle_NB_1.png,Adam THINKS there are ZERO cubes,b,h,TB-K,2,1,1,2,1,1,0,0,0,0,NB,PropFalse,SA2: TB1,SG: TR,0,312,312,171,NA,NA,NA,NA,NA,1487.7193205000367,0.00174320000223815,1488.4525364000583,1488.5526543000014,0.8297271999763325,1490.4860074999742,1490.88602970005,1490.988093300024,1490.988093300024,b,1,4.613128800061531,1495.6191115999827,1495.6191115999827,1495.6191115999827,1495.6191115999827,NA,NA,NA,NA,NA,NA,039,001,2024-02-28_15h59.27.378,PsychoPy Exp,2023.1.2,60.00355222336924
RealityY,ExpTrialStim/Triangle_NB_2.png,"In REALITY, there are ZERO cubes",h,b,TB-K,1,0,1,1,0,1,0,0,0,0,NB,-,TA3,TY,0,313,313,1,NA,NA,NA,NA,NA,1495.6191115999827,5.7979999110102e-4,1496.3524471999845,1496.452636300004,0.8311955000972375,1498.3859273999697,1498.7859219000677,1498.8881082000444,1498.8881082000444,h,1,1.4977356999879703,1500.402447200031,1500.402447200031,1500.402447200031,1500.402447200031,NA,NA,NA,NA,NA,NA,039,001,2024-02-28_15h59.27.378,PsychoPy Exp,2023.1.2,60.00355222336924
KnowledgeY,ExpTrialStim/Triangle_Triangle_B_9.png,Adam KNOWS there are ZERO cubes,h,b,TB-K-B,2,0,2,2,0,2,0,0,0,0,B,-,TA3: TB1,TO: TR,0,314,314,242,NA,NA,NA,NA,NA,1500.402447200031,3.8530002348124e-4,1501.1358515999746,1501.2359668000136,0.8310933000175282,1503.1692748999922,1503.5691048000008,1503.6712718000636,1503.6712718000636,h,1,1.0020312999840826,1504.7024510999909,1504.7024510999909,1504.7024510999909,1504.7024510999909,NA,NA,NA,NA,NA,NA,039,001,2024-02-28_15h59.27.378,PsychoPy Exp,2023.1.2,60.00355222336924
BeliefY,ExpTrialStim/Square_Triangle_NB_3.png,Adam THINKS there is ONE cube,h,b,TB-K,2,1,1,2,1,1,0,0,0,1,NB,-,SB3: TA2,SP: TY,0,315,315,119,NA,NA,NA,NA,NA,1504.7024510999909,0.00170350004918873,1505.4358038000064,1505.535959300003,0.8295199000276625,1507.469101099996,1507.8691341000376,1507.9711960999994,1507.9711960999994,h,1,1.1178053999319673,1509.119095699978,1509.119095699978,1509.119095699978,1509.119095699978,NA,NA,NA,NA,NA,NA,039,001,2024-02-28_15h59.27.378,PsychoPy Exp,2023.1.2,60.00355222336924
BeliefN,ExpTrialStim/Triangle_NB_1.png,Adam THINKS there is ONE cube,b,h,TB-K,1,0,1,1,0,1,0,0,0,1,NB,PropFalse,TA1,TO,0,316,316,162,NA,NA,NA,NA,NA,1509.119095699978,7.5829995330423e-4,1509.852474699961,1509.9525578999892,0.8308729999698699,1511.8859300999902,1512.2859270999909,1512.3878935000394,1512.3878935000394,b,1,1.3410229000728575,1513.752347700065,1513.752347700065,1513.752347700065,1513.752347700065,NA,NA,NA,NA,NA,NA,039,001,2024-02-28_15h59.27.378,PsychoPy Exp,2023.1.2,60.00355222336924
BeliefY,ExpTrialStim/B_Square_3.png,Adam THINKS there are ZERO cubes,h,b,FB-Ig,1,1,0,0,0,0,1,1,0,0,B,-,SD1,SP,0,317,317,148,NA,NA,NA,NA,NA,1513.752347700065,5.3139997180551e-4,1514.4856431999942,1514.5860501000425,0.8312293000053614,1516.5359325000318,1516.9359301000368,1517.0381279999856,1517.0381279999856,h,1,1.4270073999650776,1518.485851100064,1518.485851100064,1518.485851100064,1518.485851100064,NA,NA,NA,NA,NA,NA,039,001,2024-02-28_15h59.27.378,PsychoPy Exp,2023.1.2,60.00355222336924
KnowledgeN,ExpTrialStim/Square_Triangle_B_11.png,Adam KNOWS there are TWO cubes,b,h,TB-K-B,2,1,1,2,1,1,0,0,0,2,B,PropFalse,SB2: TA3,SG: TR,0,318,318,306,NA,NA,NA,NA,NA,1518.485851100064,0.00171820004470646,1519.2191002999898,1519.319283699966,0.8295325000071898,1521.252572700032,1521.6525258000474,1521.754515000037,1521.754515000037,b,1,1.58282120001968,1523.3691340000369,1523.3691340000369,1523.3691340000369,1523.3691340000369,NA,NA,NA,NA,NA,NA,039,001,2024-02-28_15h59.27.378,PsychoPy Exp,2023.1.2,60.00355222336924
RealityN,ExpTrialStim/Square_Triangle_NB_2.png,"In REALITY, there are ZERO cubes",b,h,TB-K,2,1,1,2,1,1,0,0,0,0,NB,PropFalse,SB1: TB3,SB: TO,0,319,319,64,NA,NA,NA,NA,NA,1523.3691340000369,0.00155839999206364,1524.1024361000163,1524.2025831000649,0.8299234000733122,1526.1358009000542,1526.5358239000195,1526.6379889000673,1526.6379889000673,b,1,1.8589033000171185,1528.5190365000162,1528.5190365000162,1528.5190365000162,1528.5190365000162,NA,NA,NA,NA,NA,NA,039,001,2024-02-28_15h59.27.378,PsychoPy Exp,2023.1.2,60.00355222336924
RealityY,ExpTrialStim/Triangle_NB_3.png,"In REALITY, there are ZERO cubes",h,b,TB-K,1,0,1,1,0,1,0,0,0,0,NB,-,TB2,TR,0,320,320,2,NA,NA,NA,NA,NA,1528.5190365000162,0.00116960005834698,1529.252391200047,1529.3525293000275,0.8302622999763116,1531.2857144000009,1531.6856945999898,1531.7879283999791,1531.7879283999791,h,1,0.813097000005655,1532.6190024999669,1532.6190024999669,1532.6190024999669,1532.6190024999669,NA,NA,NA,NA,NA,NA,039,001,2024-02-28_15h59.27.378,PsychoPy Exp,2023.1.2,60.00355222336924
BeliefY,ExpTrialStim/B_Square_4.png,Adam THINKS there are ZERO cubes,h,b,FB-Ig,1,1,0,0,0,0,1,1,0,0,B,-,SD2,SB,0,321,321,149,NA,NA,NA,NA,NA,1532.6190024999669,5.3209997713565e-4,1533.3523899000138,1533.4525399999693,0.8311357999918982,1535.3857489000077,1535.7857587999897,1535.8880529999733,1535.8880529999733,h,1,1.944756699958816,1537.852270900039,1537.852270900039,1537.852270900039,1537.852270900039,NA,NA,NA,NA,NA,NA,039,001,2024-02-28_15h59.27.378,PsychoPy Exp,2023.1.2,60.00355222336924
KnowledgeN,ExpTrialStim/B_Square_1.png,Adam KNOWS there are ZERO cubes,b,h,FB-Ig,1,1,0,0,0,0,1,1,0,0,B,PropFalse,SC2,SG,0,322,322,308,NA,NA,NA,NA,NA,1537.852270900039,4.4800003524869e-4,1538.5857290000422,1538.6858391000424,0.8313336999854073,1540.6190949999727,1541.019173800014,1541.1212397000054,1541.1212397000054,b,1,1.4804308000020685,1542.61916630005,1542.61916630005,1542.61916630005,1542.61916630005,NA,NA,NA,NA,NA,NA,039,001,2024-02-28_15h59.27.378,PsychoPy Exp,2023.1.2,60.00355222336924
RealityY,ExpTrialStim/Square_Square_B_1.png,"In REALITY, there are TWO cubes",h,b,TB-K-B,2,2,0,2,2,0,0,0,0,2,B,-,SA1: SB2,SP: SG,0,323,323,34,NA,NA,NA,NA,NA,1542.61916630005,0.00170929997693747,1543.3524076000322,1543.452454400016,0.8294537999900058,1545.3858192999614,1545.785591199994,1545.8880330000538,1545.8880330000538,h,1,1.6170901999576015,1547.5356906000525,1547.5356906000525,1547.5356906000525,1547.5356906000525,NA,NA,NA,NA,NA,NA,039,001,2024-02-28_15h59.27.378,PsychoPy Exp,2023.1.2,60.00355222336924
NA,NA,NA,NA,NA,NA,NA,NA,NA,NA,NA,NA,NA,NA,NA,NA,NA,NA,NA,NA,NA,NA,NA,NA,NA,NA,NA,NA,NA,NA,NA,NA,NA,NA,NA,NA,NA,NA,NA,NA,NA,NA,NA,NA,NA,NA,NA,1547.5356906000525,1548.5358773999617,space,2.752806399948895,039,001,2024-02-28_15h59.27.378,PsychoPy Exp,2023.1.2,60.00355222336924
