Condition,Stimulus,Statement,CorAnsOdd,CorAnsEven,TypeOfStimuli,TotalShapesOnTable,TotalcubesOnTable,TotalOtherOnTable,VisibleShapes,Visiblecubes,VisibleOther,NotVisibleShapes,NotVisiblecubes,NotVisibleOther,NumOfBlocksAsked,BarrierPresent,WhyNo,Position,Colour,ExpTrial.thisRepN,ExpTrial.thisTrialN,ExpTrial.thisN,ExpTrial.thisIndex,ExpIntroText.started,ExpIntroPressSPACEText.started,ExpIntroPressSPACE.started,ExpIntroPressSPACE.keys,ExpIntroPressSPACE.rt,ExpPrimerText.started,ExpTextISI.started,ExpPrimerText.stopped,ExpText.started,ExpImageISI.started,ExpImagePrimer.started,ExpImagePrimer.stopped,ExpImage.started,ExpResponse.started,ExpResponse.keys,ExpResponse.corr,ExpResponse.rt,BreakTextPrompt.started,BreakTextPrompt.stopped,BreakTextKeyResponse.started,BreakTextKeyResponse.stopped,BreakTextKeyResponse.keys,BreakTextKeyResponse.rt,ExpEndText.started,ExpEndPressSPACE.started,ExpEndPressSPACE.keys,ExpEndPressSPACE.rt,participant,session,date,expName,psychopyVersion,frameRate
NA,NA,NA,NA,NA,NA,NA,NA,NA,NA,NA,NA,NA,NA,NA,NA,NA,NA,NA,NA,NA,NA,NA,NA,27.025805900004343,28.996208199998364,28.996208199998364,space,12.40865219999978,NA,NA,NA,NA,NA,NA,NA,NA,NA,NA,NA,NA,NA,NA,NA,NA,NA,NA,NA,NA,NA,NA,011,001,2024-02-08_14h42.32.608,PsychoPy Exp,2023.1.2,60.008917321408816
BeliefN,ExpTrialStim/Triangle_Triangle_NB_2.png,Adam THINKS there are TWO cubes,b,h,TB-K,2,0,2,2,0,2,0,0,0,2,NB,PropFalse,TA2: TB3,TO: TR,0,0,0,169,NA,NA,NA,NA,NA,41.56926190000377,0.1520172000018647,42.31205279999995,42.412161600004765,0.9818617000128144,44.34538299999258,44.74531790000037,44.872629899997264,44.872629899997264,b,1,0.8045088999933796,45.69543160000467,45.69543160000467,45.69543160000467,45.69543160000467,NA,NA,NA,NA,NA,NA,011,001,2024-02-08_14h42.32.608,PsychoPy Exp,2023.1.2,60.008917321408816
KnowledgeN,ExpTrialStim/Square_Square_B_11.png,Adam KNOWS there are ZERO cubes,b,h,TB-K-B,2,2,0,2,2,0,0,0,0,0,B,PropFalse,SA3: SB2,SB: SP,0,1,1,302,NA,NA,NA,NA,NA,45.69543160000467,0.00169900000037159,46.42861580000317,46.528740499998094,0.8275493999972241,48.46193499999936,48.86211319999711,48.96426130000327,48.96426130000327,h,0,1.1283580000017537,50.11193689999345,50.11193689999345,50.11193689999345,50.11193689999345,NA,NA,NA,NA,NA,NA,011,001,2024-02-08_14h42.32.608,PsychoPy Exp,2023.1.2,60.008917321408816
RealityN,ExpTrialStim/Triangle_NB_2.png,"In REALITY, there is ONE cube",b,h,TB-K,1,0,1,1,0,1,0,0,0,1,NB,PropFalse,TA3,TY,0,2,2,55,NA,NA,NA,NA,NA,50.11193689999345,9.3690000358037e-4,50.84536490000028,50.945441100004246,0.8305265000090003,52.8787267000007,53.278726499993354,53.380899700001464,53.380899700001464,b,1,0.8879971999995178,54.295392999993055,54.295392999993055,54.295392999993055,54.295392999993055,NA,NA,NA,NA,NA,NA,011,001,2024-02-08_14h42.32.608,PsychoPy Exp,2023.1.2,60.008917321408816
RealityN,ExpTrialStim/Square_Square_NB_1.png,"In REALITY, there are ZERO cubes",b,h,TB-K,2,2,0,2,2,0,0,0,0,0,NB,PropFalse,SA1: SB2,SP: SB,0,3,3,66,NA,NA,NA,NA,NA,54.295392999993055,0.0017091000045184,55.02861029999622,55.12874329999613,0.8294522000069264,57.062097200003336,57.46182989999943,57.56409830000485,57.56409830000485,b,1,0.6883314000006067,58.27849100000458,58.27849100000458,58.27849100000458,58.27849100000458,NA,NA,NA,NA,NA,NA,011,001,2024-02-08_14h42.32.608,PsychoPy Exp,2023.1.2,60.008917321408816
KnowledgeY,ExpTrialStim/Square_Triangle_B_4.png,Adam KNOWS there is ONE cube,h,b,FB-Ig,2,1,1,2,1,1,0,0,0,1,B,-,SB1: TA3,SP: TY,0,4,4,261,NA,NA,NA,NA,NA,58.27849100000458,4.1799999598879e-4,59.011696999994456,59.11193889999413,0.8310839999903692,61.0452837000048,61.445381800003815,61.547825600006036,61.547825600006036,h,1,0.9133428000059212,62.47853710000345,62.47853710000345,62.47853710000345,62.47853710000345,NA,NA,NA,NA,NA,NA,011,001,2024-02-08_14h42.32.608,PsychoPy Exp,2023.1.2,60.008917321408816
KnowledgeY,ExpTrialStim/Square_Square_NB_1.png,Adam KNOWS there are TWO cubes,h,b,TB-K,2,2,0,2,2,0,0,0,0,2,NB,-,SA1: SB2,SP: SB,0,5,5,228,NA,NA,NA,NA,NA,62.47853710000345,9.2239999503362e-4,63.21189649999724,63.31203159999859,0.8304341999901226,65.24525480000011,65.64530610000656,65.74749110000266,65.74749110000266,h,1,1.0815347000025213,66.8451236999972,66.8451236999972,66.8451236999972,66.8451236999972,NA,NA,NA,NA,NA,NA,011,001,2024-02-08_14h42.32.608,PsychoPy Exp,2023.1.2,60.008917321408816
RealityN,ExpTrialStim/Square_B_Square_4.png,"In REALITY, there are ZERO cubes",b,h,FB-Ig,2,2,0,1,1,0,1,1,0,0,B,PropFalse,SB1: SD2,SG: SP,0,6,6,99,NA,NA,NA,NA,NA,66.8451236999972,7.4250000761821e-4,67.57853090000572,67.67857180000283,0.8308066000026884,69.611965899996,70.01195559999906,70.11426849999407,70.11426849999407,b,1,0.7147640000039246,70.84519959999307,70.84519959999307,70.84519959999307,70.84519959999307,NA,NA,NA,NA,NA,NA,011,001,2024-02-08_14h42.32.608,PsychoPy Exp,2023.1.2,60.008917321408816
RealityY,ExpTrialStim/Square_Triangle_NB_3.png,"In REALITY, there is ONE cube",h,b,TB-K,2,1,1,2,1,1,0,0,0,1,NB,-,SB3: TA2,SP: TY,0,7,7,11,NA,NA,NA,NA,NA,70.84519959999307,7.8099999518599e-4,71.57846809999319,71.67857829999411,0.8305706999963149,73.61206630000379,74.01191050000489,74.11409620000632,74.11409620000632,h,1,0.9153378999908456,75.04508660000283,75.04508660000283,75.04508660000283,75.04508660000283,NA,NA,NA,NA,NA,NA,011,001,2024-02-08_14h42.32.608,PsychoPy Exp,2023.1.2,60.008917321408816
BeliefN,ExpTrialStim/Square_Triangle_NB_2.png,Adam THINKS there are ZERO cubes,b,h,TB-K,2,1,1,2,1,1,0,0,0,0,NB,PropFalse,SB1: TB3,SB: TO,0,8,8,172,NA,NA,NA,NA,NA,75.04508660000283,9.3589999596588e-4,75.77845709999383,75.87841940000362,0.8302890000049956,77.81180719999247,78.21179659999325,78.31431849999353,78.31431849999353,b,1,0.9150009000004502,79.24531719999504,79.24531719999504,79.24531719999504,79.24531719999504,NA,NA,NA,NA,NA,NA,011,001,2024-02-08_14h42.32.608,PsychoPy Exp,2023.1.2,60.008917321408816
KnowledgeY,ExpTrialStim/Square_Triangle_NB_2.png,Adam KNOWS there is ONE cube,h,b,TB-K,2,1,1,2,1,1,0,0,0,1,NB,-,SB1: TB3,SB: TO,0,9,9,226,NA,NA,NA,NA,NA,79.24531719999504,0.00168210000265389,79.97851220000302,80.07866990000184,0.8294235000066692,82.01204309999594,82.41183219999948,82.51419919999898,82.51419919999898,h,1,1.1710540000058245,83.71166000000085,83.71166000000085,83.71166000000085,83.71166000000085,NA,NA,NA,NA,NA,NA,011,001,2024-02-08_14h42.32.608,PsychoPy Exp,2023.1.2,60.008917321408816
RealityN,ExpTrialStim/Square_B_2.png,"In REALITY, there are ZERO cubes",b,h,TB-Ig,1,1,0,1,1,0,0,0,0,0,B,PropFalse,SB2,SB,0,10,10,75,NA,NA,NA,NA,NA,83.71166000000085,0.00170249999791849,84.44516200000362,84.54518780000217,0.8293835999938892,86.47853999999643,86.87862220000534,86.98090619999857,86.98090619999857,b,1,0.7043346999998903,87.71191779999936,87.71191779999936,87.71191779999936,87.71191779999936,NA,NA,NA,NA,NA,NA,011,001,2024-02-08_14h42.32.608,PsychoPy Exp,2023.1.2,60.008917321408816
KnowledgeN,ExpTrialStim/Square_Square_NB_4.png,Adam KNOWS there is ONE cube,b,h,TB-K,2,2,0,2,2,0,0,0,0,1,NB,PropFalse,SA2: SB1,SP: SG,0,11,11,285,NA,NA,NA,NA,NA,87.71191779999936,0.00179299998853821,88.44500900000276,88.54536350000126,0.8295027999993181,90.4784762000054,90.878543800005,90.98095569999714,90.98095569999714,b,1,1.265045199994347,92.26191040000413,92.26191040000413,92.26191040000413,92.26191040000413,NA,NA,NA,NA,NA,NA,011,001,2024-02-08_14h42.32.608,PsychoPy Exp,2023.1.2,60.008917321408816
KnowledgeN,ExpTrialStim/Triangle_B_Square_3.png,Adam KNOWS there is ONE cube,b,h,FB-Ig,2,1,1,1,0,1,1,1,0,1,B,PropTrueNoKnowledge,SD1: TA2,SG: TR,0,12,12,322,NA,NA,NA,NA,NA,92.26191040000413,0.00170269999944139,92.99519309999596,93.09529519999342,0.8293840999976965,95.02868259999376,95.42859060000046,95.53090660000451,95.53090660000451,b,1,0.7456517999962671,96.29506479999692,96.29506479999692,96.29506479999692,96.29506479999692,NA,NA,NA,NA,NA,NA,011,001,2024-02-08_14h42.32.608,PsychoPy Exp,2023.1.2,60.008917321408816
RealityY,ExpTrialStim/Triangle_Triangle_B_3.png,"In REALITY, there are ZERO cubes",h,b,TB-K-B,2,0,2,2,0,2,0,0,0,0,B,-,TA3: TB1,TR: TY,0,13,13,28,NA,NA,NA,NA,NA,96.29506479999692,9.2560000484809e-4,97.02857549999317,97.12852709999424,0.8304582999990089,99.06201839999994,99.46179279999342,99.56402209999214,99.56402209999214,h,1,1.3604237000108697,100.94503750000148,100.94503750000148,100.94503750000148,100.94503750000148,NA,NA,NA,NA,NA,NA,011,001,2024-02-08_14h42.32.608,PsychoPy Exp,2023.1.2,60.008917321408816
KnowledgeN,ExpTrialStim/Square_Square_NB_2.png,Adam KNOWS there are ZERO cubes,b,h,TB-K,2,2,0,2,2,0,0,0,0,0,NB,PropFalse,SA2: SB3,SB: SG,0,14,14,283,NA,NA,NA,NA,NA,100.94503750000148,5.3350000234786e-4,101.67847519999486,101.77864350000164,0.8305301000073086,103.71183840000596,104.11193280000587,104.21411549999902,104.21411549999902,b,1,0.8466153000044869,105.07878870000422,105.07878870000422,105.07878870000422,105.07878870000422,NA,NA,NA,NA,NA,NA,011,001,2024-02-08_14h42.32.608,PsychoPy Exp,2023.1.2,60.008917321408816
RealityY,ExpTrialStim/Square_B_Square_1.png,"In REALITY, there are TWO cubes",h,b,FB-Ig,2,2,0,1,1,0,1,1,0,2,B,-,SA1: SC2,SG: SB,0,15,15,42,NA,NA,NA,NA,NA,105.07878870000422,5.4480000108014e-4,105.81182079999417,105.91193469999416,0.8308928000042215,107.84520719999271,108.24525320000248,108.3477669999993,108.3477669999993,h,1,0.8884462999994867,109.26166530000046,109.26166530000046,109.26166530000046,109.26166530000046,NA,NA,NA,NA,NA,NA,011,001,2024-02-08_14h42.32.608,PsychoPy Exp,2023.1.2,60.008917321408816
KnowledgeY,ExpTrialStim/Square_Triangle_B_7.png,Adam KNOWS there is ONE cube,h,b,FB-Ig,2,1,1,2,1,1,0,0,0,1,B,-,SA1: TB3,SB: TO,0,16,16,264,NA,NA,NA,NA,NA,109.26166530000046,4.1759999294299e-4,109.99513700000534,110.09508139999524,0.8312089999963064,112.0285009999934,112.42863530000614,112.53099679999286,112.53099679999286,h,1,0.6333354999951553,113.19501290000336,113.19501290000336,113.19501290000336,113.19501290000336,NA,NA,NA,NA,NA,NA,011,001,2024-02-08_14h42.32.608,PsychoPy Exp,2023.1.2,60.008917321408816
RealityN,ExpTrialStim/Triangle_B_Triangle_1.png,"In REALITY, there is ONE cube",b,h,TB-Ig,2,0,2,1,0,1,1,0,1,1,B,PropFalse,TA3: TD1,TY: TR,0,17,17,76,NA,NA,NA,NA,NA,113.19501290000336,4.5180000597611e-4,113.92845130000204,114.02853520000644,0.8311380999948597,115.9618887999968,116.36183470000104,116.46405599999709,116.46405599999709,b,1,0.628579099997296,117.11174989999564,117.11174989999564,117.11174989999564,117.11174989999564,NA,NA,NA,NA,NA,NA,011,001,2024-02-08_14h42.32.608,PsychoPy Exp,2023.1.2,60.008917321408816
BeliefN,ExpTrialStim/Square_B_Triangle_2.png,Adam THINKS there are TWO cubes,b,h,TB-Ig,2,1,1,1,1,0,1,0,1,2,B,PropFalse,SD3: TD2,SP: TY,0,18,18,187,NA,NA,NA,NA,NA,117.11174989999564,0.00117070000851526,117.84506669999972,117.94510450000234,0.8301749999955064,119.87842609999645,120.2785281999968,120.38085370000044,120.38085370000044,b,1,0.8959662999986904,121.29514079999352,121.29514079999352,121.29514079999352,121.29514079999352,NA,NA,NA,NA,NA,NA,011,001,2024-02-08_14h42.32.608,PsychoPy Exp,2023.1.2,60.008917321408816
KnowledgeN,ExpTrialStim/Square_NB_2.png,Adam KNOWS there are TWO cubes,b,h,TB-K,1,1,0,1,1,0,0,0,0,2,NB,PropFalse,SA3,SP,0,19,19,274,NA,NA,NA,NA,NA,121.29514079999352,0.00171149999368935,122.02829709999789,122.1286012000055,0.8293838999961736,124.06173630000558,124.46192000000156,124.56423819999328,124.56423819999328,b,1,0.8649187000119127,125.4451165000064,125.4451165000064,125.4451165000064,125.4451165000064,NA,NA,NA,NA,NA,NA,011,001,2024-02-08_14h42.32.608,PsychoPy Exp,2023.1.2,60.008917321408816
BeliefN,ExpTrialStim/Square_Square_NB_1.png,Adam THINKS there are ZERO cubes,b,h,TB-K,2,2,0,2,2,0,0,0,0,0,NB,PropFalse,SA1: SB2,SP: SB,0,20,20,174,NA,NA,NA,NA,NA,125.4451165000064,0.00170299998717382,126.17840560000332,126.27852449999772,0.8293680999922799,128.21190890000435,128.61178669999936,128.714201099996,128.714201099996,b,1,0.7310993999999482,129.46148800000083,129.46148800000083,129.46148800000083,129.46148800000083,NA,NA,NA,NA,NA,NA,011,001,2024-02-08_14h42.32.608,PsychoPy Exp,2023.1.2,60.008917321408816
KnowledgeY,ExpTrialStim/Square_Triangle_B_6.png,Adam KNOWS there is ONE cube,h,b,FB-Ig,2,1,1,2,1,1,0,0,0,1,B,-,SB3: TA2,SB: TO,0,21,21,263,NA,NA,NA,NA,NA,129.46148800000083,3.9980000292416e-4,130.19480860000476,130.2949876000057,0.8305369000008795,132.22833769999852,132.6281611000013,132.7304501000035,132.7304501000035,h,1,0.9698789999965812,133.72808169999917,133.72808169999917,133.72808169999917,133.72808169999917,NA,NA,NA,NA,NA,NA,011,001,2024-02-08_14h42.32.608,PsychoPy Exp,2023.1.2,60.008917321408816
BeliefY,ExpTrialStim/Square_Square_NB_4.png,Adam THINKS there are TWO cubes,h,b,TB-K,2,2,0,2,2,0,0,0,0,2,NB,-,SA2: SB1,SP: SG,0,22,22,123,NA,NA,NA,NA,NA,133.72808169999917,3.9169999945443e-4,134.46134520000487,134.56154749999405,0.8310569000022952,136.49491759999364,136.89486529999704,136.99705659999745,136.99705659999745,h,1,0.7272762999928091,137.74473570000555,137.74473570000555,137.74473570000555,137.74473570000555,NA,NA,NA,NA,NA,NA,011,001,2024-02-08_14h42.32.608,PsychoPy Exp,2023.1.2,60.008917321408816
BeliefY,ExpTrialStim/Square_Square_NB_5.png,Adam THINKS there are TWO cubes,h,b,TB-K,2,2,0,2,2,0,0,0,0,2,NB,-,SA3: SB2,SB: SP,0,23,23,124,NA,NA,NA,NA,NA,137.74473570000555,3.8940001104492e-4,138.47804790000373,138.57825229999435,0.8309071000112453,140.51151660000323,140.91147959999216,141.0136749999947,141.0136749999947,h,1,1.1345678999932716,142.17807840000023,142.17807840000023,142.17807840000023,142.17807840000023,NA,NA,NA,NA,NA,NA,011,001,2024-02-08_14h42.32.608,PsychoPy Exp,2023.1.2,60.008917321408816
KnowledgeN,ExpTrialStim/Triangle_Triangle_B_12.png,Adam KNOWS there are TWO cubes,b,h,TB-K-B,2,0,2,2,0,2,0,0,0,2,B,PropFalse,TA1: TB3,TY: TR,0,24,24,299,NA,NA,NA,NA,NA,142.17807840000023,3.9159999869298e-4,142.91141079999215,143.01150160000543,0.8310439999913797,144.94492629999877,145.34490769999684,145.44729310000548,145.44729310000548,b,1,0.7730221999954665,146.2452772999968,146.2452772999968,146.2452772999968,146.2452772999968,NA,NA,NA,NA,NA,NA,011,001,2024-02-08_14h42.32.608,PsychoPy Exp,2023.1.2,60.008917321408816
RealityY,ExpTrialStim/Triangle_B_Square_3.png,"In REALITY, there is ONE cube",h,b,FB-Ig,2,1,1,1,0,1,1,1,0,1,B,-,SD1: TA2,SG: TR,0,25,25,52,NA,NA,NA,NA,NA,146.2452772999968,4.7080000513233e-4,146.978345800002,147.0783317000023,0.8307691000081832,149.01153570000315,149.4115086999955,149.51390649999666,149.51390649999666,h,1,1.4583780000102706,150.9947220000031,150.9947220000031,150.9947220000031,150.9947220000031,NA,NA,NA,NA,NA,NA,011,001,2024-02-08_14h42.32.608,PsychoPy Exp,2023.1.2,60.008917321408816
RealityN,ExpTrialStim/Triangle_B_Square_2.png,"In REALITY, there are TWO cubes",b,h,FB-Ig,2,1,1,1,0,1,1,1,0,2,B,PropFalse,SC3: TB3,SP: TY,0,26,26,105,NA,NA,NA,NA,NA,150.9947220000031,4.3559999903663e-4,151.72810589999426,151.82824849999452,0.8310330000094837,153.76150110000162,154.16149569999834,154.2640320000064,154.2640320000064,b,1,1.028221100001247,155.3114174999937,155.3114174999937,155.3114174999937,155.3114174999937,NA,NA,NA,NA,NA,NA,011,001,2024-02-08_14h42.32.608,PsychoPy Exp,2023.1.2,60.008917321408816
RealityY,ExpTrialStim/Square_Square_B_3.png,"In REALITY, there are TWO cubes",h,b,TB-K-B,2,2,0,2,2,0,0,0,0,2,B,-,SA3: SB1,SG: SB,0,27,27,36,NA,NA,NA,NA,NA,155.3114174999937,3.9499999547842e-4,156.04468510000152,156.1448490000039,0.8311019999964628,158.07819089999248,158.47815660000197,158.5804098999943,158.5804098999943,h,1,0.7597667999943951,159.36141110000608,159.36141110000608,159.36141110000608,159.36141110000608,NA,NA,NA,NA,NA,NA,011,001,2024-02-08_14h42.32.608,PsychoPy Exp,2023.1.2,60.008917321408816
RealityY,ExpTrialStim/Square_Square_NB_1.png,"In REALITY, there are TWO cubes",h,b,TB-K,2,2,0,2,2,0,0,0,0,2,NB,-,SA1: SB2,SP: SB,0,28,28,12,NA,NA,NA,NA,NA,159.36141110000608,3.8599999970756e-4,160.09470849999343,160.19478429999435,0.8309834999963641,162.12820799999463,162.52812709999853,162.6303814999992,162.6303814999992,h,1,0.8697931000060635,163.52809920000436,163.52809920000436,163.52809920000436,163.52809920000436,NA,NA,NA,NA,NA,NA,011,001,2024-02-08_14h42.32.608,PsychoPy Exp,2023.1.2,60.008917321408816
KnowledgeN,ExpTrialStim/Triangle_B_2.png,Adam KNOWS there are ZERO cubes,b,h,TB-Ig,1,0,1,1,0,1,0,0,0,0,B,PropTrueNoKnowledge,TB2,TO,0,29,29,289,NA,NA,NA,NA,NA,163.52809920000436,3.904000041075e-4,164.26130420000118,164.36142980000295,0.8310484000103315,166.2948202999978,166.6948099000001,166.79713740000443,166.79713740000443,b,1,0.9029862000024876,167.7280585999979,167.7280585999979,167.7280585999979,167.7280585999979,NA,NA,NA,NA,NA,NA,011,001,2024-02-08_14h42.32.608,PsychoPy Exp,2023.1.2,60.008917321408816
BeliefY,ExpTrialStim/Square_Square_B_5.png,Adam THINKS there are TWO cubes,h,b,TB-K-B,2,2,0,2,2,0,0,0,0,2,B,-,SA3: SB2,SP: SB,0,30,30,138,NA,NA,NA,NA,NA,167.7280585999979,3.8630000199191e-4,168.46137170000293,168.56149259999802,0.8309249000012642,170.49481879999803,170.8947818000015,170.9972420999984,170.9972420999984,h,1,1.0316141000075731,172.04467420000583,172.04467420000583,172.04467420000583,172.04467420000583,NA,NA,NA,NA,NA,NA,011,001,2024-02-08_14h42.32.608,PsychoPy Exp,2023.1.2,60.008917321408816
BeliefN,ExpTrialStim/Triangle_B_Triangle_1.png,Adam THINKS there is ONE cube,b,h,TB-Ig,2,0,2,1,0,1,1,0,1,1,B,PropFalse,TA3: TD1,TY: TR,0,31,31,184,NA,NA,NA,NA,NA,172.04467420000583,3.9779998769517e-4,172.77799349999987,172.87810839999293,0.8306543999933638,174.81144150000182,175.21128810000664,175.3135784000042,175.3135784000042,b,1,0.8830626999988453,176.22812020000129,176.22812020000129,176.22812020000129,176.22812020000129,NA,NA,NA,NA,NA,NA,011,001,2024-02-08_14h42.32.608,PsychoPy Exp,2023.1.2,60.008917321408816
BeliefY,ExpTrialStim/Square_Square_B_11.png,Adam THINKS there are TWO cubes,h,b,TB-K-B,2,2,0,2,2,0,0,0,0,2,B,-,SA3: SB2,SB: SP,0,32,32,144,NA,NA,NA,NA,NA,176.22812020000129,4.1760000749491e-4,176.96159560000524,177.0615506000031,0.8302955999970436,178.9949767999933,179.39496439999493,179.49713230000634,179.49713230000634,h,1,0.8671333999955095,180.39488110000093,180.39488110000093,180.39488110000093,180.39488110000093,NA,NA,NA,NA,NA,NA,011,001,2024-02-08_14h42.32.608,PsychoPy Exp,2023.1.2,60.008917321408816
BeliefY,ExpTrialStim/Square_Square_B_10.png,Adam THINKS there are TWO cubes,h,b,TB-K-B,2,2,0,2,2,0,0,0,0,2,B,-,SA2: SB1,SG: SB,0,33,33,143,NA,NA,NA,NA,NA,180.39488110000093,0.00105789999361149,181.12806339999952,181.22840829999768,0.8304016999900341,183.16161169999395,183.561632500001,183.66390640000463,183.66390640000463,h,1,0.6762834999972256,184.3614333000005,184.3614333000005,184.3614333000005,184.3614333000005,NA,NA,NA,NA,NA,NA,011,001,2024-02-08_14h42.32.608,PsychoPy Exp,2023.1.2,60.008917321408816
KnowledgeY,ExpTrialStim/Square_Square_B_1.png,Adam KNOWS there are TWO cubes,h,b,TB-K-B,2,2,0,2,2,0,0,0,0,2,B,-,SA1: SB2,SP: SG,0,34,34,246,NA,NA,NA,NA,NA,184.3614333000005,3.897999995388e-4,185.094774600002,185.19485470000657,0.8311214999994263,187.1282570000039,187.52821000000404,187.63055129999705,187.63055129999705,h,1,0.6856111000088276,188.34484160000284,188.34484160000284,188.34484160000284,188.34484160000284,NA,NA,NA,NA,NA,NA,011,001,2024-02-08_14h42.32.608,PsychoPy Exp,2023.1.2,60.008917321408816
BeliefN,ExpTrialStim/Square_Square_NB_3.png,Adam THINKS there are ZERO cubes,b,h,TB-K,2,2,0,2,2,0,0,0,0,0,NB,PropFalse,SA3: SB1,SG: SP,0,35,35,176,NA,NA,NA,NA,NA,188.34484160000284,9.3500000366475e-4,189.0780270999967,189.17829009999696,0.8306283999991138,191.11165409999376,191.51157649999368,191.6139477999968,191.6139477999968,b,1,0.7265176000073552,192.3614715000003,192.3614715000003,192.3614715000003,192.3614715000003,NA,NA,NA,NA,NA,NA,011,001,2024-02-08_14h42.32.608,PsychoPy Exp,2023.1.2,60.008917321408816
BeliefN,ExpTrialStim/Triangle_NB_1.png,Adam THINKS there is ONE cube,b,h,TB-K,1,0,1,1,0,1,0,0,0,1,NB,PropFalse,TA1,TO,0,36,36,162,NA,NA,NA,NA,NA,192.3614715000003,0.00118159998964983,193.09488600000623,193.19473810000636,0.8297609999863198,195.12823420000495,195.52820309999515,195.63052979999335,195.63052979999335,b,1,1.037621900002705,196.69491140000173,196.69491140000173,196.69491140000173,196.69491140000173,NA,NA,NA,NA,NA,NA,011,001,2024-02-08_14h42.32.608,PsychoPy Exp,2023.1.2,60.008917321408816
RealityN,ExpTrialStim/Square_Triangle_B_4.png,"In REALITY, there are TWO cubes",b,h,TB-K-B,2,1,1,2,1,1,0,0,0,2,B,PropFalse,SB1: TA3,SP: TY,0,37,37,91,NA,NA,NA,NA,NA,196.69491140000173,0.00115510000614449,197.42816880000464,197.5281721000065,0.8301403999939794,199.46159540000372,199.8615884000028,199.96390629999223,199.96390629999223,b,1,0.616889099997934,200.61153369999377,200.61153369999377,200.61153369999377,200.61153369999377,NA,NA,NA,NA,NA,NA,011,001,2024-02-08_14h42.32.608,PsychoPy Exp,2023.1.2,60.008917321408816
KnowledgeY,ExpTrialStim/Square_Triangle_B_12.png,Adam KNOWS there is ONE cube,h,b,FB-Ig,2,1,1,2,1,1,0,0,0,1,B,-,SB3: TA1,SB: TO,0,38,38,269,NA,NA,NA,NA,NA,200.61153369999377,0.00116379999963101,201.3448770999967,201.44497969999793,0.8303928999957861,203.37819760000275,203.7781393000041,203.88030259999505,203.88030259999505,h,1,0.8759546999935992,204.7781429000024,204.7781429000024,204.7781429000024,204.7781429000024,NA,NA,NA,NA,NA,NA,011,001,2024-02-08_14h42.32.608,PsychoPy Exp,2023.1.2,60.008917321408816
RealityN,ExpTrialStim/Triangle_Triangle_B_4.png,"In REALITY, there are TWO cubes",b,h,TB-K-B,2,0,2,2,0,2,0,0,0,2,B,PropFalse,TA2: TB1,TY: TR,0,39,39,83,NA,NA,NA,NA,NA,204.7781429000024,8.7580000399611e-4,205.51140370000212,205.6115043000027,0.8305064000014681,207.54478130000643,207.94487310000113,208.04706490000535,208.04706490000535,b,1,0.6611645999946631,208.72807159999505,208.72807159999505,208.72807159999505,208.72807159999505,NA,NA,NA,NA,NA,NA,011,001,2024-02-08_14h42.32.608,PsychoPy Exp,2023.1.2,60.008917321408816
KnowledgeN,ExpTrialStim/B_Square_2.png,Adam KNOWS there are ZERO cubes,b,h,FB-Ig,1,1,0,0,0,0,1,1,0,0,B,PropFalse,SC3,SG,0,40,40,309,NA,NA,NA,NA,NA,208.72807159999505,9.2400000721681e-4,209.4614389000053,209.56142969999928,0.8305592999968212,211.49471220000123,211.89489749999484,211.99700740000117,211.99700740000117,b,1,1.567092400000547,213.59488710000005,213.59488710000005,213.59488710000005,213.59488710000005,NA,NA,NA,NA,NA,NA,011,001,2024-02-08_14h42.32.608,PsychoPy Exp,2023.1.2,60.008917321408816
KnowledgeY,ExpTrialStim/Triangle_Triangle_B_11.png,Adam KNOWS there are ZERO cubes,h,b,TB-K-B,2,0,2,2,0,2,0,0,0,0,B,-,TA3: TB2,TO: TY,0,41,41,244,NA,NA,NA,NA,NA,213.59488710000005,0.001726200003759,214.3280640000012,214.42824569999357,0.8293059999996331,216.3615275000047,216.7615322000056,216.86382009999943,216.86382009999943,h,1,0.9003007999999681,217.7947470999934,217.7947470999934,217.7947470999934,217.7947470999934,NA,NA,NA,NA,NA,NA,011,001,2024-02-08_14h42.32.608,PsychoPy Exp,2023.1.2,60.008917321408816
RealityY,ExpTrialStim/Triangle_NB_3.png,"In REALITY, there are ZERO cubes",h,b,TB-K,1,0,1,1,0,1,0,0,0,0,NB,-,TB2,TR,0,42,42,2,NA,NA,NA,NA,NA,217.7947470999934,7.7199999941512e-4,218.528066400002,218.62812949999352,0.8306994999875315,220.56152960000327,220.96142890000192,221.06372580000607,221.06372580000607,h,1,0.9562002000020584,222.04463020000549,222.04463020000549,222.04463020000549,222.04463020000549,NA,NA,NA,NA,NA,NA,011,001,2024-02-08_14h42.32.608,PsychoPy Exp,2023.1.2,60.008917321408816
KnowledgeY,ExpTrialStim/Square_Triangle_B_8.png,Adam KNOWS there is ONE cube,h,b,FB-Ig,2,1,1,2,1,1,0,0,0,1,B,-,SA2: TB1,SP: TY,0,43,43,265,NA,NA,NA,NA,NA,222.04463020000549,4.4889999844599e-4,222.77805389999412,222.87809889999335,0.8311437999946065,224.8114312999969,225.21151039999677,225.31371709999803,225.31371709999803,h,1,1.3062811000127112,226.6447177999944,226.6447177999944,226.6447177999944,226.6447177999944,NA,NA,NA,NA,NA,NA,011,001,2024-02-08_14h42.32.608,PsychoPy Exp,2023.1.2,60.008917321408816
KnowledgeY,ExpTrialStim/Triangle_Triangle_B_3.png,Adam KNOWS there are ZERO cubes,h,b,TB-Ig,2,0,2,2,0,2,0,0,0,0,B,-,TA3: TB1,TR: TY,0,44,44,236,NA,NA,NA,NA,NA,226.6447177999944,8.7610000628046e-4,227.37807550000431,227.47820490000595,0.8306111999991117,229.41157250000103,229.81150759999585,229.91368579999835,229.91368579999835,h,1,0.9063343000016176,230.844657499998,230.844657499998,230.844657499998,230.844657499998,NA,NA,NA,NA,NA,NA,011,001,2024-02-08_14h42.32.608,PsychoPy Exp,2023.1.2,60.008917321408816
BeliefN,ExpTrialStim/Square_B_2.png,Adam THINKS there are ZERO cubes,b,h,TB-Ig,1,1,0,1,1,0,0,0,0,0,B,PropFalse,SB2,SB,0,45,45,183,NA,NA,NA,NA,NA,230.844657499998,4.138999938732e-4,231.57790610000663,231.67814859999635,0.8313783000048716,233.61132329999236,234.01153509999855,234.11392639999391,234.11392639999391,b,1,1.017974200003664,235.16132289999223,235.16132289999223,235.16132289999223,235.16132289999223,NA,NA,NA,NA,NA,NA,011,001,2024-02-08_14h42.32.608,PsychoPy Exp,2023.1.2,60.008917321408816
RealityY,ExpTrialStim/B_Square_4.png,"In REALITY, there is ONE cube",h,b,FB-Ig,1,1,0,0,0,0,1,1,0,1,B,-,SD2,SB,0,46,46,41,NA,NA,NA,NA,NA,235.16132289999223,5.9650000184774e-4,235.89458419999573,235.99480980000223,0.8308974000101443,237.9281348999939,238.32815060000576,238.4303183000011,238.4303183000011,h,1,0.9338468000059948,239.39463939999405,239.39463939999405,239.39463939999405,239.39463939999405,NA,NA,NA,NA,NA,NA,011,001,2024-02-08_14h42.32.608,PsychoPy Exp,2023.1.2,60.008917321408816
RealityY,ExpTrialStim/Square_B_Square_8.png,"In REALITY, there are TWO cubes",h,b,FB-Ig,2,2,0,1,1,0,1,1,0,2,B,-,SA1: SD2,SP: SG,0,47,47,49,NA,NA,NA,NA,NA,239.39463939999405,0.00115640000149142,240.1279966000002,240.22806399999536,0.8300006999925245,242.1615759999986,242.5614673999953,242.66365240000596,242.66365240000596,h,1,1.13271179998992,243.82799269999668,243.82799269999668,243.82799269999668,243.82799269999668,NA,NA,NA,NA,NA,NA,011,001,2024-02-08_14h42.32.608,PsychoPy Exp,2023.1.2,60.008917321408816
BeliefN,ExpTrialStim/Square_Square_NB_4.png,Adam THINKS there is ONE cube,b,h,TB-K,2,2,0,2,2,0,0,0,0,1,NB,PropFalse,SA2: SB1,SP: SG,0,48,48,177,NA,NA,NA,NA,NA,243.82799269999668,3.8719999429304e-4,244.56140009999217,244.6613170000055,0.8312779999978375,246.59459170000628,246.9947022999986,247.0967829000001,247.0967829000001,b,1,1.3796320000110427,248.4947690999979,248.4947690999979,248.4947690999979,248.4947690999979,NA,NA,NA,NA,NA,NA,011,001,2024-02-08_14h42.32.608,PsychoPy Exp,2023.1.2,60.008917321408816
RealityN,ExpTrialStim/Triangle_Triangle_NB_2.png,"In REALITY, there are TWO cubes",b,h,TB-K,2,0,2,2,0,2,0,0,0,2,NB,PropFalse,TA2: TB3,TO: TR,0,49,49,61,NA,NA,NA,NA,NA,248.4947690999979,0.00171620000037364,249.22798490000423,249.3279715999961,0.8294296000094619,251.26130399999963,251.66143710000324,251.76356150000356,251.76356150000356,b,1,0.6331967999867629,252.42794069999945,252.42794069999945,252.42794069999945,252.42794069999945,NA,NA,NA,NA,NA,NA,011,001,2024-02-08_14h42.32.608,PsychoPy Exp,2023.1.2,60.008917321408816
BeliefN,ExpTrialStim/Square_B_Square_1.png,Adam THINKS there are ZERO cubes,b,h,FB-Ig,2,2,0,1,1,0,1,1,0,0,B,PropFalse,SA1: SC2,SG: SB,0,50,50,204,NA,NA,NA,NA,NA,252.42794069999945,0.0016950999997789,253.1613190999924,253.261370799999,0.8295055000053253,255.19483910000417,255.59466230000544,255.69688119999773,255.69688119999773,b,1,1.738991199992597,257.46109729999444,257.46109729999444,257.46109729999444,257.46109729999444,NA,NA,NA,NA,NA,NA,011,001,2024-02-08_14h42.32.608,PsychoPy Exp,2023.1.2,60.008917321408816
RealityY,ExpTrialStim/B_Square_1.png,"In REALITY, there is ONE cube",h,b,FB-Ig,1,1,0,0,0,0,1,1,0,1,B,-,SC2,SG,0,51,51,38,NA,NA,NA,NA,NA,257.46109729999444,4.1829999827314e-4,258.19463719999476,258.2946873000037,0.8308926000026986,260.22813059999316,260.6280321999948,260.73020809999434,260.73020809999434,h,1,0.8895991000026697,261.6444851999986,261.6444851999986,261.6444851999986,261.6444851999986,NA,NA,NA,NA,NA,NA,011,001,2024-02-08_14h42.32.608,PsychoPy Exp,2023.1.2,60.008917321408816
KnowledgeY,ExpTrialStim/Square_Square_B_9.png,Adam KNOWS there are TWO cubes,h,b,FB-Ig,2,2,0,2,2,0,0,0,0,2,B,-,SA3: SB1,SB: SG,0,52,52,254,NA,NA,NA,NA,NA,261.6444851999986,4.8879999667406e-4,262.37807190000603,262.47812729999714,0.8310703999886755,264.4113432000013,264.8113411999948,264.9135810000007,264.9135810000007,h,1,0.6183337000111351,265.5612587999931,265.5612587999931,265.5612587999931,265.5612587999931,NA,NA,NA,NA,NA,NA,011,001,2024-02-08_14h42.32.608,PsychoPy Exp,2023.1.2,60.008917321408816
BeliefN,ExpTrialStim/Square_NB_3.png,Adam THINKS there are TWO cubes,b,h,TB-K,1,1,0,1,1,0,0,0,0,2,NB,PropFalse,SB2,SG,0,53,53,167,NA,NA,NA,NA,NA,265.5612587999931,6.4200001361314e-4,266.29461729999457,266.39474980000523,0.8310339000017848,268.32810499999323,268.72813000000315,268.8301588000031,268.8301588000031,b,1,0.8545655999914743,269.711369800003,269.711369800003,269.711369800003,269.711369800003,NA,NA,NA,NA,NA,NA,011,001,2024-02-08_14h42.32.608,PsychoPy Exp,2023.1.2,60.008917321408816
KnowledgeY,ExpTrialStim/Square_Square_NB_4.png,Adam KNOWS there are TWO cubes,h,b,TB-K,2,2,0,2,2,0,0,0,0,2,NB,-,SA2: SB1,SP: SG,0,54,54,231,NA,NA,NA,NA,NA,269.711369800003,0.00189300000783987,270.44464190000144,270.5446563000005,0.8295558000099845,272.4780960000062,272.87805119999393,272.98021049999807,272.98021049999807,h,1,0.9759651999920608,273.97798320000584,273.97798320000584,273.97798320000584,273.97798320000584,NA,NA,NA,NA,NA,NA,011,001,2024-02-08_14h42.32.608,PsychoPy Exp,2023.1.2,60.008917321408816
RealityN,ExpTrialStim/Triangle_B_2.png,"In REALITY, there is ONE cube",b,h,TB-Ig,1,0,1,1,0,1,0,0,0,1,B,PropFalse,TB2,TO,0,55,55,73,NA,NA,NA,NA,NA,273.97798320000584,0.00179249999928288,274.7112821000046,274.8112235000008,0.8294129999994766,276.7446879000054,277.1446894999972,277.24675930000376,277.24675930000376,b,1,1.3982550999935484,278.6613198999985,278.6613198999985,278.6613198999985,278.6613198999985,NA,NA,NA,NA,NA,NA,011,001,2024-02-08_14h42.32.608,PsychoPy Exp,2023.1.2,60.008917321408816
RealityY,ExpTrialStim/Square_B_Square_3.png,"In REALITY, there are TWO cubes",h,b,FB-Ig,2,2,0,1,1,0,1,1,0,2,B,-,SA3: SD1,SP: SB,0,56,56,44,NA,NA,NA,NA,NA,278.6613198999985,0.00187609999557025,279.394541799993,279.49473409999337,0.8294201999960933,281.4280415999965,281.8280353000009,281.930230900005,281.930230900005,h,1,0.8016345999931218,282.76112609999836,282.76112609999836,282.76112609999836,282.76112609999836,NA,NA,NA,NA,NA,NA,011,001,2024-02-08_14h42.32.608,PsychoPy Exp,2023.1.2,60.008917321408816
KnowledgeN,ExpTrialStim/Triangle_B_1.png,Adam KNOWS there are ZERO cubes,b,h,TB-Ig,1,0,1,2,0,2,0,0,0,0,B,PropTrueNoKnowledge,TA2,TR,0,57,57,288,NA,NA,NA,NA,NA,282.76112609999836,0.00122849999752361,283.4946324000048,283.59468959999504,0.8306157000042731,285.5280960999953,285.9280252000026,286.0301271000062,286.0301271000062,b,1,1.2059900000022026,287.2610985000065,287.2610985000065,287.2610985000065,287.2610985000065,NA,NA,NA,NA,NA,NA,011,001,2024-02-08_14h42.32.608,PsychoPy Exp,2023.1.2,60.008917321408816
KnowledgeY,ExpTrialStim/Triangle_Triangle_B_6.png,Adam KNOWS there are ZERO cubes,h,b,TB-Ig,2,0,2,2,0,2,0,0,0,0,B,-,TA1: TB3,TO: TY,0,58,58,239,NA,NA,NA,NA,NA,287.2610985000065,0.00177250000706408,287.9946113000042,288.09466479999537,0.8296029000048293,290.0278296000033,290.4280188999983,290.530102100005,290.530102100005,h,1,0.7307442000019364,291.27789979999943,291.27789979999943,291.27789979999943,291.27789979999943,NA,NA,NA,NA,NA,NA,011,001,2024-02-08_14h42.32.608,PsychoPy Exp,2023.1.2,60.008917321408816
KnowledgeN,ExpTrialStim/Square_B_Square_7.png,Adam KNOWS there are TWO cubes,b,h,FB-Ig,2,2,0,1,1,0,1,1,0,2,B,PropTrueNoKnowledge,SA3: SC2,SG: SP,0,59,59,318,NA,NA,NA,NA,NA,291.27789979999943,0.00178590000723488,292.0111526999972,292.1112432999944,0.8293040999997174,294.0447301999957,294.4446394999977,294.54676300000574,294.54676300000574,b,1,1.169426399996155,295.74457619999885,295.74457619999885,295.74457619999885,295.74457619999885,NA,NA,NA,NA,NA,NA,011,001,2024-02-08_14h42.32.608,PsychoPy Exp,2023.1.2,60.008917321408816
BeliefY,ExpTrialStim/Square_Square_B_9.png,Adam THINKS there are TWO cubes,h,b,TB-K-B,2,2,0,2,2,0,0,0,0,2,B,-,SA3: SB1,SB: SG,0,60,60,142,NA,NA,NA,NA,NA,295.74457619999885,0.00159590000112075,296.47786640000413,296.5779917000036,0.8298205000028247,298.5112300000037,298.9111602000048,299.0134625000064,299.0134625000064,h,1,0.6382470000098692,299.6777223999961,299.6777223999961,299.6777223999961,299.6777223999961,NA,NA,NA,NA,NA,NA,011,001,2024-02-08_14h42.32.608,PsychoPy Exp,2023.1.2,60.008917321408816
RealityN,ExpTrialStim/Triangle_Triangle_NB_3.png,"In REALITY, there are TWO cubes",b,h,TB-K,2,0,2,2,0,2,0,0,0,2,NB,PropFalse,TA3: TB1,TR: TY,0,61,61,62,NA,NA,NA,NA,NA,299.6777223999961,4.6049999946262e-4,300.41122159999213,300.5113274000032,0.8312487000075635,302.44465799999307,302.8444925999938,302.94686229999934,302.94686229999934,b,1,0.7448405999894021,303.7110554999963,303.7110554999963,303.7110554999963,303.7110554999963,NA,NA,NA,NA,NA,NA,011,001,2024-02-08_14h42.32.608,PsychoPy Exp,2023.1.2,60.008917321408816
BeliefY,ExpTrialStim/Square_Square_B_7.png,Adam THINKS there are TWO cubes,h,b,TB-K-B,2,2,0,2,2,0,0,0,0,2,B,-,SA1: SB2,SG: SP,0,62,62,140,NA,NA,NA,NA,NA,303.7110554999963,4.3069999082945e-4,304.4445359999954,304.5446704999922,0.831402399999206,306.47799020000093,306.8777992999967,306.98012170000584,306.98012170000584,h,1,1.0879657000041334,308.0945103999984,308.0945103999984,308.0945103999984,308.0945103999984,NA,NA,NA,NA,NA,NA,011,001,2024-02-08_14h42.32.608,PsychoPy Exp,2023.1.2,60.008917321408816
BeliefY,ExpTrialStim/Square_B_Triangle_2.png,Adam THINKS there is ONE cube,h,b,TB-Ig,2,1,1,1,1,0,1,0,1,1,B,-,SD3: TD2,SP: TY,0,63,63,133,NA,NA,NA,NA,NA,308.0945103999984,0.00159470000653527,308.82783150000614,308.9279593999963,0.829820800005109,310.86134600000514,311.2613350000029,311.36342239999794,311.36342239999794,h,1,1.4651563999941573,312.8445367999957,312.8445367999957,312.8445367999957,312.8445367999957,NA,NA,NA,NA,NA,NA,011,001,2024-02-08_14h42.32.608,PsychoPy Exp,2023.1.2,60.008917321408816
RealityY,ExpTrialStim/Square_Triangle_NB_1.png,"In REALITY, there is ONE cube",h,b,TB-K,2,1,1,2,1,1,0,0,0,1,NB,-,SA2: TB1,SG: TR,0,64,64,9,NA,NA,NA,NA,NA,312.8445367999957,0.00179959999513812,313.57777879999776,313.67799709999235,0.8294908999960171,315.61109069999657,316.01122600000235,316.1135187000036,316.1135187000036,h,1,0.722107399997185,316.8610464999947,316.8610464999947,316.8610464999947,316.8610464999947,NA,NA,NA,NA,NA,NA,011,001,2024-02-08_14h42.32.608,PsychoPy Exp,2023.1.2,60.008917321408816
BeliefN,ExpTrialStim/Triangle_Triangle_NB_1.png,Adam THINKS there is ONE cube,b,h,TB-K,2,0,2,2,0,2,0,0,0,1,NB,PropFalse,TA1: TB2,TY: TO,0,65,65,168,NA,NA,NA,NA,NA,316.8610464999947,4.9089999811258e-4,317.5944640999951,317.69441650000226,0.8311602000030689,319.6278014999989,320.02791619999334,320.1302635000029,320.1302635000029,b,1,0.8176444999990053,320.97784009999305,320.97784009999305,320.97784009999305,320.97784009999305,NA,NA,NA,NA,NA,NA,011,001,2024-02-08_14h42.32.608,PsychoPy Exp,2023.1.2,60.008917321408816
RealityY,ExpTrialStim/Triangle_NB_2.png,"In REALITY, there are ZERO cubes",h,b,TB-K,1,0,1,1,0,1,0,0,0,0,NB,-,TA3,TY,0,66,66,1,NA,NA,NA,NA,NA,320.97784009999305,0.00125089999346528,321.71111089999613,321.81112129999383,0.8303463999909582,323.74460580000596,324.1445687999949,324.24668589999783,324.24668589999783,h,1,0.8449746999976924,325.1110686000029,325.1110686000029,325.1110686000029,325.1110686000029,NA,NA,NA,NA,NA,NA,011,001,2024-02-08_14h42.32.608,PsychoPy Exp,2023.1.2,60.008917321408816
BeliefN,ExpTrialStim/Triangle_NB_3.png,Adam THINKS there are TWO cubes,b,h,TB-K,1,0,1,1,0,1,0,0,0,2,NB,PropFalse,TB2,TR,0,67,67,164,NA,NA,NA,NA,NA,325.1110686000029,0.00102130000595934,325.8444518000033,325.94458749999467,0.8304831999994349,327.87789420000627,328.2779395999969,328.3800806999934,328.3800806999934,b,1,0.8644674000097439,329.26101069999277,329.26101069999277,329.26101069999277,329.26101069999277,NA,NA,NA,NA,NA,NA,011,001,2024-02-08_14h42.32.608,PsychoPy Exp,2023.1.2,60.008917321408816
BeliefY,ExpTrialStim/B_Square_3.png,Adam THINKS there are ZERO cubes,h,b,FB-Ig,1,1,0,0,0,0,1,1,0,0,B,-,SD1,SP,0,68,68,148,NA,NA,NA,NA,NA,329.26101069999277,4.3089999235235e-4,329.9944398999942,330.0945225000032,0.8310444999951869,332.02789539999503,332.427878699993,332.53040420000616,332.53040420000616,h,1,1.1612219999951776,333.71098259999417,333.71098259999417,333.71098259999417,333.71098259999417,NA,NA,NA,NA,NA,NA,011,001,2024-02-08_14h42.32.608,PsychoPy Exp,2023.1.2,60.008917321408816
KnowledgeY,ExpTrialStim/Square_Triangle_NB_1.png,Adam KNOWS there is ONE cube,h,b,TB-K,2,1,1,2,1,1,0,0,0,1,NB,-,SA2: TB1,SG: TR,0,69,69,225,NA,NA,NA,NA,NA,333.71098259999417,4.075000033481e-4,334.4444170999923,334.54468110000016,0.8313554000051226,336.4778581999999,336.87784329999704,336.9799197999964,336.9799197999964,h,1,0.7522579000069527,337.76097380000283,337.76097380000283,337.76097380000283,337.76097380000283,NA,NA,NA,NA,NA,NA,011,001,2024-02-08_14h42.32.608,PsychoPy Exp,2023.1.2,60.008917321408816
KnowledgeN,ExpTrialStim/Square_B_Triangle_1.png,Adam KNOWS there is ONE cube,b,h,TB-Ig,2,1,1,1,1,0,1,0,1,1,B,PropTrueNoKnowledge,SB1: TD3,SB: TO,0,70,70,294,NA,NA,NA,NA,NA,337.76097380000283,0.00192199999582953,338.49440850000246,338.5945391999994,0.8294021000037901,340.52768529999594,340.9278740000009,341.02994399999443,341.02994399999443,b,1,2.4539356000022963,343.51114410000446,343.51114410000446,343.51114410000446,343.51114410000446,NA,NA,NA,NA,NA,NA,011,001,2024-02-08_14h42.32.608,PsychoPy Exp,2023.1.2,60.008917321408816
KnowledgeY,ExpTrialStim/Square_Square_B_5.png,Adam KNOWS there are TWO cubes,h,b,TB-K-B,2,2,0,2,2,0,0,0,0,2,B,-,SA3: SB2,SP: SB,0,71,71,250,NA,NA,NA,NA,NA,343.51114410000446,0.00179620001290459,344.2443884999957,344.344327800005,0.829632600012701,346.2778873000061,346.6778572000039,346.7798708000046,346.7798708000046,h,1,0.9838076000014552,347.79439080000157,347.79439080000157,347.79439080000157,347.79439080000157,NA,NA,NA,NA,NA,NA,011,001,2024-02-08_14h42.32.608,PsychoPy Exp,2023.1.2,60.008917321408816
KnowledgeN,ExpTrialStim/Square_Triangle_NB_2.png,Adam KNOWS there are ZERO cubes,b,h,TB-K,2,1,1,2,1,1,0,0,0,0,NB,PropFalse,SB1: TB3,SB: TO,0,72,72,280,NA,NA,NA,NA,NA,347.79439080000157,0.00128979999863076,348.52775429999747,348.62770250000176,0.8303523999929894,350.5611782000051,350.96123060000536,351.0633322999929,351.0633322999929,b,1,1.0450650999991922,352.1278127999976,352.1278127999976,352.1278127999976,352.1278127999976,NA,NA,NA,NA,NA,NA,011,001,2024-02-08_14h42.32.608,PsychoPy Exp,2023.1.2,60.008917321408816
BeliefY,ExpTrialStim/Triangle_Triangle_NB_2.png,Adam THINKS there are ZERO cubes,h,b,TB-K,2,0,2,2,0,2,0,0,0,0,NB,-,TA2: TB3,TO: TR,0,73,73,115,NA,NA,NA,NA,NA,352.1278127999976,0.00178729998879134,352.86103430000367,352.9611506999936,0.8294978999911109,354.89450369999395,355.2944368000026,355.39660659999936,355.39660659999936,h,1,1.3353722000028938,356.76091290000477,356.76091290000477,356.76091290000477,356.76091290000477,NA,NA,NA,NA,NA,NA,011,001,2024-02-08_14h42.32.608,PsychoPy Exp,2023.1.2,60.008917321408816
RealityN,ExpTrialStim/Square_Triangle_NB_1.png,"In REALITY, there are ZERO cubes",b,h,TB-K,2,1,1,2,1,1,0,0,0,0,NB,PropFalse,SA2: TB1,SG: TR,0,74,74,63,NA,NA,NA,NA,NA,356.76091290000477,4.6640000073239e-4,357.4943545999995,357.5944573000015,0.8311441999976523,359.52781319999485,359.9278192000056,360.02993970000534,360.02993970000534,b,1,0.9661641999991843,361.02754179999465,361.02754179999465,361.02754179999465,361.02754179999465,NA,NA,NA,NA,NA,NA,011,001,2024-02-08_14h42.32.608,PsychoPy Exp,2023.1.2,60.008917321408816
RealityN,ExpTrialStim/Square_Square_NB_3.png,"In REALITY, there are ZERO cubes",b,h,TB-K,2,2,0,2,2,0,0,0,0,0,NB,PropFalse,SA3: SB1,SG: SP,0,75,75,68,NA,NA,NA,NA,NA,361.02754179999465,5.074000073364e-4,361.7609939999966,361.8611685999931,0.8311860000103479,363.79439779999666,364.1944356000022,364.29657120000047,364.29657120000047,b,1,0.7003935999964597,365.0277551000035,365.0277551000035,365.0277551000035,365.0277551000035,NA,NA,NA,NA,NA,NA,011,001,2024-02-08_14h42.32.608,PsychoPy Exp,2023.1.2,60.008917321408816
KnowledgeN,ExpTrialStim/Square_B_Square_2.png,Adam KNOWS there is ONE cube,b,h,FB-Ig,2,2,0,1,1,0,1,1,0,1,B,PropFalse,SA2: SC3,SB: SP,0,76,76,313,NA,NA,NA,NA,NA,365.0277551000035,0.00178550000418908,365.7610096999997,365.8611343999946,0.8294606000126805,367.7943476999935,368.19429699999455,368.2966059000027,368.2966059000027,b,1,0.8274174999969546,369.1443760999973,369.1443760999973,369.1443760999973,369.1443760999973,NA,NA,NA,NA,NA,NA,011,001,2024-02-08_14h42.32.608,PsychoPy Exp,2023.1.2,60.008917321408816
KnowledgeY,ExpTrialStim/Triangle_Triangle_NB_1.png,Adam KNOWS there are ZERO cubes,h,b,TB-K,2,0,2,2,0,2,0,0,0,0,NB,-,TA1: TB2,TY: TO,0,77,77,222,NA,NA,NA,NA,NA,369.1443760999973,0.00179880000359844,369.8776300000027,369.9777624999988,0.8293836000084411,371.91100639999786,372.3110747000028,372.41323849999753,372.41323849999753,h,1,1.0710071999928914,373.5108550000005,373.5108550000005,373.5108550000005,373.5108550000005,NA,NA,NA,NA,NA,NA,011,001,2024-02-08_14h42.32.608,PsychoPy Exp,2023.1.2,60.008917321408816
RealityN,ExpTrialStim/Triangle_B_1.png,"In REALITY, there is ONE cube",b,h,TB-Ig,1,0,1,1,0,1,0,0,0,1,B,PropFalse,TA2,TR,0,78,78,72,NA,NA,NA,NA,NA,373.5108550000005,5.3550000302493e-4,374.24430580000626,374.3443994999979,0.8310916000045836,376.2777522999968,376.6777367000031,376.77990500000305,376.77990500000305,b,1,1.0484645999968052,377.8443650999979,377.8443650999979,377.8443650999979,377.8443650999979,NA,NA,NA,NA,NA,NA,011,001,2024-02-08_14h42.32.608,PsychoPy Exp,2023.1.2,60.008917321408816
RealityN,ExpTrialStim/Square_Square_B_3.png,"In REALITY, there is ONE cube",b,h,TB-K-B,2,2,0,2,2,0,0,0,0,1,B,PropFalse,SA3: SB1,SG: SB,0,79,79,86,NA,NA,NA,NA,NA,377.8443650999979,0.00178040000901091,378.57759179999994,378.6777623999951,0.8294954000011785,380.6107886999962,381.01108339999337,381.1130631999986,381.1130631999986,b,1,0.8265893999923719,381.9608520000038,381.9608520000038,381.9608520000038,381.9608520000038,NA,NA,NA,NA,NA,NA,011,001,2024-02-08_14h42.32.608,PsychoPy Exp,2023.1.2,60.008917321408816
RealityY,ExpTrialStim/Square_NB_1.png,"In REALITY, there is ONE cube",h,b,TB-K,1,1,0,1,1,0,0,0,0,1,NB,-,SA1,SB,0,80,80,3,NA,NA,NA,NA,NA,381.9608520000038,4.3770000047516e-4,382.6942359999957,382.7943780000059,0.8312084999924991,384.7277169000008,385.12764819999575,385.2297194999992,385.2297194999992,h,1,1.1576955000055025,386.41111349999846,NA,386.41111349999846,NA,space,24.864968699999736,NA,NA,NA,NA,011,001,2024-02-08_14h42.32.608,PsychoPy Exp,2023.1.2,60.008917321408816
KnowledgeN,ExpTrialStim/Square_B_Square_3.png,Adam KNOWS there are TWO cubes,b,h,FB-Ig,2,2,0,1,1,0,1,1,0,2,B,PropTrueNoKnowledge,SA3: SD1,SP: SB,0,81,81,314,NA,NA,NA,NA,NA,411.29419519999647,0.00181489999522455,412.0275354000041,412.12750630000664,0.8314984000026016,414.0610218999937,414.4609316999995,414.563043400005,414.563043400005,b,1,0.8488215999968816,415.4274192000012,415.4274192000012,415.4274192000012,415.4274192000012,NA,NA,NA,NA,NA,NA,011,001,2024-02-08_14h42.32.608,PsychoPy Exp,2023.1.2,60.008917321408816
BeliefN,ExpTrialStim/Triangle_B_Square_1.png,Adam THINKS there is ONE cube,b,h,FB-Ig,2,1,1,1,0,1,1,1,0,1,B,PropTrueNoBelief,SC1: TA1,SB: TO,0,82,82,212,NA,NA,NA,NA,NA,415.4274192000012,6.5919999906327e-4,416.16084549999505,416.260947200004,0.8303555000020424,418.1941328999965,418.5942684000038,418.6964832999947,418.6964832999947,b,1,0.6433785999979591,419.3609271000023,419.3609271000023,419.3609271000023,419.3609271000023,NA,NA,NA,NA,NA,NA,011,001,2024-02-08_14h42.32.608,PsychoPy Exp,2023.1.2,60.008917321408816
BeliefN,ExpTrialStim/Square_B_Square_8.png,Adam THINKS there are TWO cubes,b,h,FB-Ig,2,2,0,1,1,0,1,1,0,2,B,PropTrueNoBelief,SA1: SD2,SP: SG,0,83,83,211,NA,NA,NA,NA,NA,419.3609271000023,0.00191239999548997,420.09411619999446,420.1943131000007,0.8294883999915328,422.12762060000387,422.52762029999576,422.62958079999953,422.62958079999953,b,1,0.5499885000026552,423.2108528999961,423.2108528999961,423.2108528999961,423.2108528999961,NA,NA,NA,NA,NA,NA,011,001,2024-02-08_14h42.32.608,PsychoPy Exp,2023.1.2,60.008917321408816
RealityN,ExpTrialStim/Square_Square_B_4.png,"In REALITY, there is ONE cube",b,h,TB-K-B,2,2,0,2,2,0,0,0,0,1,B,PropFalse,SA2: SB1,SG: SP,0,84,84,87,NA,NA,NA,NA,NA,423.2108528999961,0.00125630000547971,423.944118600004,424.0442562999961,0.8302079000131926,425.9774460000044,426.3775774999958,426.4797006000008,426.4797006000008,b,1,0.8523210999992443,427.3606139000039,427.3606139000039,427.3606139000039,427.3606139000039,NA,NA,NA,NA,NA,NA,011,001,2024-02-08_14h42.32.608,PsychoPy Exp,2023.1.2,60.008917321408816
KnowledgeY,ExpTrialStim/Square_Triangle_B_10.png,Adam KNOWS there is ONE cube,h,b,FB-Ig,2,1,1,2,1,1,0,0,0,1,B,-,SB1: TA2,SP: TY,0,85,85,267,NA,NA,NA,NA,NA,427.3606139000039,4.4180000259075e-4,428.09381750000466,428.1942440999992,0.8313381000043591,430.1275760999997,430.52744409999286,430.6298070000048,430.6298070000048,h,1,0.7579507000045851,431.4108120000019,431.4108120000019,431.4108120000019,431.4108120000019,NA,NA,NA,NA,NA,NA,011,001,2024-02-08_14h42.32.608,PsychoPy Exp,2023.1.2,60.008917321408816
RealityY,ExpTrialStim/Square_B_Square_7.png,"In REALITY, there are TWO cubes",h,b,FB-Ig,2,2,0,1,1,0,1,1,0,2,B,-,SA3: SC2,SG: SP,0,86,86,48,NA,NA,NA,NA,NA,431.4108120000019,0.00166460000036749,432.1441078999924,432.2442416999984,0.8298876000044402,434.1772917000053,434.5775704999978,434.6795120000024,434.6795120000024,h,1,0.6443574000004446,435.3442531000037,435.3442531000037,435.3442531000037,435.3442531000037,NA,NA,NA,NA,NA,NA,011,001,2024-02-08_14h42.32.608,PsychoPy Exp,2023.1.2,60.008917321408816
RealityN,ExpTrialStim/Square_Triangle_NB_2.png,"In REALITY, there are ZERO cubes",b,h,TB-K,2,1,1,2,1,1,0,0,0,0,NB,PropFalse,SB1: TB3,SB: TO,0,87,87,64,NA,NA,NA,NA,NA,435.3442531000037,0.00188820000039413,436.077455000006,436.17759409999417,0.8294938000035472,438.11074279999593,438.510878999994,438.613127100005,438.613127100005,b,1,1.1023418999975547,439.7441017999954,439.7441017999954,439.7441017999954,439.7441017999954,NA,NA,NA,NA,NA,NA,011,001,2024-02-08_14h42.32.608,PsychoPy Exp,2023.1.2,60.008917321408816
BeliefN,ExpTrialStim/Triangle_B_Square_2.png,Adam THINKS there is ONE cube,b,h,FB-Ig,2,1,1,1,0,1,1,1,0,1,B,PropTrueNoBelief,SC3: TB3,SP: TY,0,88,88,213,NA,NA,NA,NA,NA,439.7441017999954,0.00133680000726599,440.4774310000066,440.5775331000041,0.8305006000009598,442.5108787000063,442.9109181999957,443.01297329999215,443.01297329999215,b,1,1.3347538000089116,444.37742030000663,444.37742030000663,444.37742030000663,444.37742030000663,NA,NA,NA,NA,NA,NA,011,001,2024-02-08_14h42.32.608,PsychoPy Exp,2023.1.2,60.008917321408816
BeliefY,ExpTrialStim/Square_Square_B_4.png,Adam THINKS there are TWO cubes,h,b,TB-K-B,2,2,0,2,2,0,0,0,0,2,B,-,SA2: SB1,SG: SP,0,89,89,137,NA,NA,NA,NA,NA,444.37742030000663,0.00174459999834653,445.110744000005,445.2108614000026,0.8298537999944529,447.1441979999945,447.5440357000043,447.6467582000041,447.6467582000041,h,1,1.005470499992953,448.6774656000052,448.6774656000052,448.6774656000052,448.6774656000052,NA,NA,NA,NA,NA,NA,011,001,2024-02-08_14h42.32.608,PsychoPy Exp,2023.1.2,60.008917321408816
KnowledgeY,ExpTrialStim/Square_Square_NB_2.png,Adam KNOWS there are TWO cubes,h,b,TB-K,2,2,0,2,2,0,0,0,0,2,NB,-,SA2: SB3,SB: SG,0,90,90,229,NA,NA,NA,NA,NA,448.6774656000052,0.00195609999354928,449.4107304000063,449.5107601000054,0.8294917999883182,451.4440429999959,451.8441388000065,451.9462568000017,451.9462568000017,h,1,1.5935336999973515,453.56071299999894,453.56071299999894,453.56071299999894,453.56071299999894,NA,NA,NA,NA,NA,NA,011,001,2024-02-08_14h42.32.608,PsychoPy Exp,2023.1.2,60.008917321408816
BeliefY,ExpTrialStim/Square_B_Square_3.png,Adam THINKS there is ONE cube,h,b,FB-Ig,2,2,0,1,1,0,1,1,0,1,B,-,SA3: SD1,SP: SB,0,91,91,152,NA,NA,NA,NA,NA,453.56071299999894,0.00205989999813027,454.294043899994,454.39415560000634,0.829530099988915,456.3275036999985,456.727495900006,456.8296036999964,456.8296036999964,h,1,0.7660966999974335,457.6273235999979,457.6273235999979,457.6273235999979,457.6273235999979,NA,NA,NA,NA,NA,NA,011,001,2024-02-08_14h42.32.608,PsychoPy Exp,2023.1.2,60.008917321408816
KnowledgeN,ExpTrialStim/B_Square_3.png,Adam KNOWS there is ONE cube,b,h,FB-Ig,1,1,0,0,0,0,1,1,0,1,B,PropTrueNoKnowledge,SD1,SP,0,92,92,310,NA,NA,NA,NA,NA,457.6273235999979,4.5120000140741e-4,458.3607611000043,458.4608397999982,0.8312568999972427,460.3941695999966,460.7940118999977,460.896250699996,460.896250699996,b,1,1.1879861000052188,462.11081179999746,462.11081179999746,462.11081179999746,462.11081179999746,NA,NA,NA,NA,NA,NA,011,001,2024-02-08_14h42.32.608,PsychoPy Exp,2023.1.2,60.008917321408816
BeliefN,ExpTrialStim/Triangle_Triangle_B_8.png,Adam THINKS there are TWO cubes,b,h,TB-K-B,2,0,2,2,0,2,0,0,0,2,B,PropFalse,TA2: TB3,TY:TO,0,93,93,191,NA,NA,NA,NA,NA,462.11081179999746,0.00207040000532288,462.8440227999963,462.9440395999991,0.8293966999917757,464.8774634000001,465.2774725000054,465.3795356000046,465.3795356000046,b,1,1.2238198999984888,466.6272309000051,466.6272309000051,466.6272309000051,466.6272309000051,NA,NA,NA,NA,NA,NA,011,001,2024-02-08_14h42.32.608,PsychoPy Exp,2023.1.2,60.008917321408816
BeliefN,ExpTrialStim/Square_B_Square_2.png,Adam THINKS there are ZERO cubes,b,h,FB-Ig,2,2,0,1,1,0,1,1,0,0,B,PropFalse,SA2: SC3,SB: SP,0,94,94,205,NA,NA,NA,NA,NA,466.6272309000051,6.22999999905e-4,467.3606824000017,467.4606650999922,0.8312236999918241,469.3941227000032,469.7941395999951,469.8961853999936,469.8961853999936,b,1,0.6910007000115002,470.6105613999971,470.6105613999971,470.6105613999971,470.6105613999971,NA,NA,NA,NA,NA,NA,011,001,2024-02-08_14h42.32.608,PsychoPy Exp,2023.1.2,60.008917321408816
KnowledgeN,ExpTrialStim/Triangle_Triangle_NB_2.png,Adam KNOWS there are TWO cubes,b,h,TB-K,2,0,2,2,0,2,0,0,0,2,NB,PropFalse,TA2: TB3,TO: TR,0,95,95,277,NA,NA,NA,NA,NA,470.6105613999971,5.1600000006146e-4,471.3439617999975,471.4439010999922,0.8312672000029124,473.3775166999985,473.77732550000655,473.8796318999958,473.8796318999958,b,1,1.1646823000046425,475.0607155000034,475.0607155000034,475.0607155000034,475.0607155000034,NA,NA,NA,NA,NA,NA,011,001,2024-02-08_14h42.32.608,PsychoPy Exp,2023.1.2,60.008917321408816
KnowledgeN,ExpTrialStim/Triangle_B_Square_4.png,Adam KNOWS there is ONE cube,b,h,FB-Ig,2,1,1,1,0,1,1,1,0,1,B,PropTrueNoKnowledge,SD3: TB1,SB: TO,0,96,96,323,NA,NA,NA,NA,NA,475.0607155000034,0.0019592000026023,475.793957300004,475.8939576999983,0.8294785000034608,477.8274668999947,478.227423999997,478.3295958999952,478.3295958999952,b,1,0.7701065000001108,479.1272142999951,479.1272142999951,479.1272142999951,479.1272142999951,NA,NA,NA,NA,NA,NA,011,001,2024-02-08_14h42.32.608,PsychoPy Exp,2023.1.2,60.008917321408816
BeliefY,ExpTrialStim/Square_B_Square_7.png,Adam THINKS there is ONE cube,h,b,FB-Ig,2,2,0,1,1,0,1,1,0,1,B,-,SA3: SC2,SG: SP,0,97,97,156,NA,NA,NA,NA,NA,479.1272142999951,0.00195540000277105,479.86065190000227,479.96064980000665,0.8294896000006702,481.8940651000012,482.29410780000035,482.3961338999943,482.3961338999943,h,1,0.583610999994562,483.0105323000025,483.0105323000025,483.0105323000025,483.0105323000025,NA,NA,NA,NA,NA,NA,011,001,2024-02-08_14h42.32.608,PsychoPy Exp,2023.1.2,60.008917321408816
RealityN,ExpTrialStim/Square_Square_NB_5.png,"In REALITY, there is ONE cube",b,h,TB-K,2,2,0,2,2,0,0,0,0,1,NB,PropFalse,SA3: SB2,SB: SP,0,98,98,70,NA,NA,NA,NA,NA,483.0105323000025,4.5170000521466e-4,483.7439749000041,483.84406930000114,0.831214199992246,485.77738549999776,486.1773436999938,486.2794542000047,486.2794542000047,b,1,0.7485761999996612,487.0439417000016,487.0439417000016,487.0439417000016,487.0439417000016,NA,NA,NA,NA,NA,NA,011,001,2024-02-08_14h42.32.608,PsychoPy Exp,2023.1.2,60.008917321408816
RealityY,ExpTrialStim/Square_B_Square_5.png,"In REALITY, there are TWO cubes",h,b,FB-Ig,2,2,0,1,1,0,1,1,0,2,B,-,SB2: SD3,SB: SG,0,99,99,46,NA,NA,NA,NA,NA,487.0439417000016,0.00191869999980553,487.7772660000046,487.8772559000063,0.8292099000100279,489.8107384000032,490.21055139999953,490.3128305999998,490.3128305999998,h,1,1.4669635000027483,491.81048929999815,491.81048929999815,491.81048929999815,491.81048929999815,NA,NA,NA,NA,NA,NA,011,001,2024-02-08_14h42.32.608,PsychoPy Exp,2023.1.2,60.008917321408816
RealityN,ExpTrialStim/Square_NB_2.png,"In REALITY, there are ZERO cubes",b,h,TB-K,1,1,0,1,1,0,0,0,0,0,NB,PropFalse,SA3,SP,0,100,100,58,NA,NA,NA,NA,NA,491.81048929999815,0.00254809999023564,492.5439093000022,492.64395250000234,0.829558099998394,494.5773679999984,494.9773852999934,495.07948469999246,495.07948469999246,b,1,0.9647992000100204,496.0606359999947,496.0606359999947,496.0606359999947,496.0606359999947,NA,NA,NA,NA,NA,NA,011,001,2024-02-08_14h42.32.608,PsychoPy Exp,2023.1.2,60.008917321408816
RealityY,ExpTrialStim/Triangle_NB_1.png,"In REALITY, there are ZERO cubes",h,b,TB-K,1,0,1,1,0,1,0,0,0,0,NB,-,TA1,TO,0,101,101,0,NA,NA,NA,NA,NA,496.0606359999947,0.00187960000766906,496.7939359000011,496.89399080000294,0.8293728000135161,498.82720329999574,499.22735359999933,499.32949910000025,499.32949910000025,h,1,1.1614975999982562,500.5103395000042,500.5103395000042,500.5103395000042,500.5103395000042,NA,NA,NA,NA,NA,NA,011,001,2024-02-08_14h42.32.608,PsychoPy Exp,2023.1.2,60.008917321408816
BeliefY,ExpTrialStim/Triangle_Triangle_NB_3.png,Adam THINKS there are ZERO cubes,h,b,TB-K,2,0,2,2,0,2,0,0,0,0,NB,-,TA3: TB1,TR: TY,0,102,102,116,NA,NA,NA,NA,NA,500.5103395000042,4.4839999463874e-4,501.2438739000063,501.3441157000052,0.8312176999897929,503.2773554000014,503.6773600000015,503.77951849999954,503.77951849999954,h,1,1.5360935000062454,505.3438027999946,505.3438027999946,505.3438027999946,505.3438027999946,NA,NA,NA,NA,NA,NA,011,001,2024-02-08_14h42.32.608,PsychoPy Exp,2023.1.2,60.008917321408816
BeliefN,ExpTrialStim/B_Square_1.png,Adam THINKS there is ONE cube,b,h,FB-Ig,1,1,0,0,0,0,1,1,0,1,B,PropTrueNoBelief,SC2,SG,0,103,103,200,NA,NA,NA,NA,NA,505.3438027999946,0.00220149999950081,506.0772113999992,506.1771865000046,0.8294383999891579,508.1107206000015,508.51049420000345,508.6127654000011,508.6127654000011,b,1,1.0628477999998722,509.6939205999952,509.6939205999952,509.6939205999952,509.6939205999952,NA,NA,NA,NA,NA,NA,011,001,2024-02-08_14h42.32.608,PsychoPy Exp,2023.1.2,60.008917321408816
KnowledgeY,ExpTrialStim/Triangle_Triangle_B_12.png,Adam KNOWS there are ZERO cubes,h,b,TB-K-B,2,0,2,2,0,2,0,0,0,0,B,-,TA1: TB3,TY: TR,0,104,104,245,NA,NA,NA,NA,NA,509.6939205999952,0.00216010000440292,510.42719170000055,510.52736140000343,0.8294681999977911,512.4606766999932,512.8604945999978,512.9627485999954,512.9627485999954,h,1,1.4007841999991797,514.3938752999966,514.3938752999966,514.3938752999966,514.3938752999966,NA,NA,NA,NA,NA,NA,011,001,2024-02-08_14h42.32.608,PsychoPy Exp,2023.1.2,60.008917321408816
BeliefY,ExpTrialStim/Triangle_B_Square_4.png,Adam THINKS there are ZERO cubes,h,b,FB-Ig,2,1,1,1,0,1,1,1,0,0,B,-,SD3: TB1,SB: TO,0,105,105,161,NA,NA,NA,NA,NA,514.3938752999966,0.00166509998962283,515.1273032000026,515.2270567999949,0.8296808999875793,517.1605075999978,517.5605860999931,517.6627846000047,517.6627846000047,h,1,2.108845399998245,519.7938792999921,519.7938792999921,519.7938792999921,519.7938792999921,NA,NA,NA,NA,NA,NA,011,001,2024-02-08_14h42.32.608,PsychoPy Exp,2023.1.2,60.008917321408816
KnowledgeN,ExpTrialStim/Square_B_Square_5.png,Adam KNOWS there are TWO cubes,b,h,FB-Ig,2,2,0,1,1,0,1,1,0,2,B,PropTrueNoKnowledge,SB2: SD3,SB: SG,0,106,106,316,NA,NA,NA,NA,NA,519.7938792999921,0.00190029999066609,520.5271887999988,520.6271416999953,0.8294748999906005,522.5606713000016,522.9606196999957,523.0628204999957,523.0628204999957,b,1,1.3086871999985306,524.3938215999951,524.3938215999951,524.3938215999951,524.3938215999951,NA,NA,NA,NA,NA,NA,011,001,2024-02-08_14h42.32.608,PsychoPy Exp,2023.1.2,60.008917321408816
BeliefN,ExpTrialStim/Square_Triangle_B_8.png,Adam THINKS there are TWO cubes,b,h,TB-K-B,2,1,1,2,1,1,0,0,0,2,B,PropFalse,SA2: TB1,SP: TY,0,107,107,199,NA,NA,NA,NA,NA,524.3938215999951,0.00199059999431483,525.1271563000046,525.2272914000059,0.8298030000005383,527.1606100999925,527.5606492999941,527.6628141999972,527.6628141999972,b,1,0.9244555000041146,528.6104190000042,528.6104190000042,528.6104190000042,528.6104190000042,NA,NA,NA,NA,NA,NA,011,001,2024-02-08_14h42.32.608,PsychoPy Exp,2023.1.2,60.008917321408816
BeliefY,ExpTrialStim/Triangle_B_2.png,Adam THINKS there are ZERO cubes,h,b,TB-Ig,1,0,1,1,0,1,0,0,0,0,B,-,TB2,TO,0,108,108,127,NA,NA,NA,NA,NA,528.6104190000042,0.00121769998804666,529.3438074000005,529.4438213999965,0.8306460999883711,531.3772989999998,531.7771499999944,531.8794110000017,531.8794110000017,h,1,0.8521332000091206,532.7605129000003,532.7605129000003,532.7605129000003,532.7605129000003,NA,NA,NA,NA,NA,NA,011,001,2024-02-08_14h42.32.608,PsychoPy Exp,2023.1.2,60.008917321408816
BeliefN,ExpTrialStim/Triangle_B_2.png,Adam THINKS there is ONE cube,b,h,TB-Ig,1,0,1,1,0,1,0,0,0,1,B,PropFalse,TB2,TO,0,109,109,181,NA,NA,NA,NA,NA,532.7605129000003,0.00201310000556986,533.4937812999997,533.5939306999935,0.8294902000052389,535.5272703999944,535.927213300005,536.0293681000039,536.0293681000039,b,1,1.9901715999876617,538.0437842999963,538.0437842999963,538.0437842999963,538.0437842999963,NA,NA,NA,NA,NA,NA,011,001,2024-02-08_14h42.32.608,PsychoPy Exp,2023.1.2,60.008917321408816
RealityN,ExpTrialStim/Triangle_B_Square_1.png,"In REALITY, there are ZERO cubes",b,h,FB-Ig,2,1,1,1,0,1,1,1,0,0,B,PropFalse,SC1: TA1,SB: TO,0,110,110,104,NA,NA,NA,NA,NA,538.0437842999963,0.00195089999760966,538.7771162999998,538.8771618000028,0.8291906000085874,540.8105381000059,541.2105974000006,541.3127218000009,541.3127218000009,b,1,1.0748038000019733,542.4105260999931,542.4105260999931,542.4105260999931,542.4105260999931,NA,NA,NA,NA,NA,NA,011,001,2024-02-08_14h42.32.608,PsychoPy Exp,2023.1.2,60.008917321408816
KnowledgeY,ExpTrialStim/Square_Square_B_7.png,Adam KNOWS there are TWO cubes,h,b,TB-K-B,2,2,0,2,2,0,0,0,0,2,B,-,SA1: SB2,SG: SP,0,111,111,252,NA,NA,NA,NA,NA,542.4105260999931,0.00221599999349564,543.1436923000001,543.243888099998,0.8296536999987438,545.1770611999964,545.577248600006,545.6793833999982,545.6793833999982,h,1,1.1241167999978643,546.8271348999988,546.8271348999988,546.8271348999988,546.8271348999988,NA,NA,NA,NA,NA,NA,011,001,2024-02-08_14h42.32.608,PsychoPy Exp,2023.1.2,60.008917321408816
BeliefY,ExpTrialStim/Triangle_B_1.png,Adam THINKS there are ZERO cubes,h,b,TB-Ig,1,0,1,1,0,1,0,0,0,0,B,-,TA2,TR,0,112,112,126,NA,NA,NA,NA,NA,546.8271348999988,0.00247059999674092,547.5771233999985,547.677231099995,0.8461602000024868,549.610573900005,550.0106398999924,550.1126815000025,550.1126815000025,h,1,0.9068508000054862,551.0436474000016,551.0436474000016,551.0436474000016,551.0436474000016,NA,NA,NA,NA,NA,NA,011,001,2024-02-08_14h42.32.608,PsychoPy Exp,2023.1.2,60.008917321408816
KnowledgeN,ExpTrialStim/Square_Square_B_9.png,Adam KNOWS there are ZERO cubes,b,h,TB-K-B,2,2,0,2,2,0,0,0,0,0,B,PropFalse,SA3: SB1,SB: SG,0,113,113,300,NA,NA,NA,NA,NA,551.0436474000016,0.00190360000124201,551.777085099995,551.8770383999945,0.8294680000108201,553.8105754999997,554.2105873999972,554.312597199998,554.312597199998,b,1,1.154899999994086,555.4936481000041,555.4936481000041,555.4936481000041,555.4936481000041,NA,NA,NA,NA,NA,NA,011,001,2024-02-08_14h42.32.608,PsychoPy Exp,2023.1.2,60.008917321408816
BeliefY,ExpTrialStim/Square_B_Square_1.png,Adam THINKS there is ONE cube,h,b,FB-Ig,2,2,0,1,1,0,1,1,0,1,B,-,SA1: SC2,SG: SB,0,114,114,150,NA,NA,NA,NA,NA,555.4936481000041,4.3140001071151e-4,556.2270826000022,556.3271745999955,0.8312495999998646,558.2605372999969,558.6605572999979,558.7626946999953,558.7626946999953,h,1,1.2725037999916822,560.0602879999933,560.0602879999933,560.0602879999933,560.0602879999933,NA,NA,NA,NA,NA,NA,011,001,2024-02-08_14h42.32.608,PsychoPy Exp,2023.1.2,60.008917321408816
BeliefN,ExpTrialStim/Square_Square_B_6.png,Adam THINKS there are ZERO cubes,b,h,TB-K-B,2,2,0,2,2,0,0,0,0,0,B,PropFalse,SA1: SB3,SB: SG,0,115,115,193,NA,NA,NA,NA,NA,560.0602879999933,0.00177800000528804,560.7934232999978,560.8935630000051,0.8300201000092784,562.827189699994,563.2271877000021,563.3293029000051,563.3293029000051,b,1,1.7545691999985138,565.1104808999953,565.1104808999953,565.1104808999953,565.1104808999953,NA,NA,NA,NA,NA,NA,011,001,2024-02-08_14h42.32.608,PsychoPy Exp,2023.1.2,60.008917321408816
RealityY,ExpTrialStim/Square_NB_3.png,"In REALITY, there is ONE cube",h,b,TB-K,1,1,0,1,1,0,0,0,0,1,NB,-,SB2,SG,0,116,116,5,NA,NA,NA,NA,NA,565.1104808999953,0.00222700000449549,565.8437215000013,565.943841500004,0.8295577000099001,567.8769823000039,568.2770884000056,568.3792766999977,568.3792766999977,h,1,0.8556778000056511,569.2602390999964,569.2602390999964,569.2602390999964,569.2602390999964,NA,NA,NA,NA,NA,NA,011,001,2024-02-08_14h42.32.608,PsychoPy Exp,2023.1.2,60.008917321408816
KnowledgeY,ExpTrialStim/Square_Triangle_B_11.png,Adam KNOWS there is ONE cube,h,b,FB-Ig,2,1,1,2,1,1,0,0,0,1,B,-,SB2: TA3,SG: TR,0,117,117,268,NA,NA,NA,NA,NA,569.2602390999964,4.3070000538136e-4,569.9936813999957,570.0938082000066,0.8313160000107018,572.0271343000059,572.4271236000059,572.5293596999982,572.5293596999982,h,1,0.7380732000019634,573.2936441000056,573.2936441000056,573.2936441000056,573.2936441000056,NA,NA,NA,NA,NA,NA,011,001,2024-02-08_14h42.32.608,PsychoPy Exp,2023.1.2,60.008917321408816
RealityN,ExpTrialStim/Square_B_Triangle_2.png,"In REALITY, there are TWO cubes",b,h,TB-Ig,2,1,1,1,1,0,1,0,1,2,B,PropFalse,SD3: TD2,SP: TY,0,118,118,79,NA,NA,NA,NA,NA,573.2936441000056,0.00186370000301394,574.0269999000011,574.1269963999948,0.829468399999314,576.0602991000051,576.4601636000007,576.5625468999933,576.5625468999933,b,1,0.7848122000141302,577.3769061000057,577.3769061000057,577.3769061000057,577.3769061000057,NA,NA,NA,NA,NA,NA,011,001,2024-02-08_14h42.32.608,PsychoPy Exp,2023.1.2,60.008917321408816
KnowledgeN,ExpTrialStim/Square_Square_NB_5.png,Adam KNOWS there is ONE cube,b,h,TB-K,2,2,0,2,2,0,0,0,0,1,NB,PropFalse,SA3: SB2,SB: SP,0,119,119,286,NA,NA,NA,NA,NA,577.3769061000057,5.3659999684896e-4,578.1103942000045,578.2104717000038,0.8314122000010684,580.1437426000048,580.5438276999921,580.6458329000016,580.6458329000016,b,1,0.7819998000049964,581.4435416000051,581.4435416000051,581.4435416000051,581.4435416000051,NA,NA,NA,NA,NA,NA,011,001,2024-02-08_14h42.32.608,PsychoPy Exp,2023.1.2,60.008917321408816
KnowledgeY,ExpTrialStim/Square_Square_B_12.png,Adam KNOWS there are TWO cubes,h,b,FB-Ig,2,2,0,2,2,0,0,0,0,2,B,-,SA1: SB3,SP: SG,0,120,120,257,NA,NA,NA,NA,NA,581.4435416000051,0.00195309999980963,582.1767514999956,582.2768746999936,0.8292861999943852,584.2101952999947,584.6101677999977,584.7127032999997,584.7127032999997,h,1,0.738584599996102,585.477100499993,585.477100499993,585.477100499993,585.477100499993,NA,NA,NA,NA,NA,NA,011,001,2024-02-08_14h42.32.608,PsychoPy Exp,2023.1.2,60.008917321408816
RealityN,ExpTrialStim/B_Square_3.png,"In REALITY, there are TWO cubes",b,h,FB-Ig,1,1,0,0,0,0,1,1,0,2,B,PropFalse,SD1,SP,0,121,121,94,NA,NA,NA,NA,NA,585.477100499993,6.6360000346321e-4,586.2102927999949,586.3103603000054,0.8295899000077043,588.2436304000003,588.643816900003,588.7459831000015,588.7459831000015,b,1,0.8254228000005241,589.5937170999969,589.5937170999969,589.5937170999969,589.5937170999969,NA,NA,NA,NA,NA,NA,011,001,2024-02-08_14h42.32.608,PsychoPy Exp,2023.1.2,60.008917321408816
BeliefN,ExpTrialStim/Square_Triangle_B_5.png,Adam THINKS there are ZERO cubes,b,h,TB-K-B,2,1,1,2,1,1,0,0,0,0,B,PropFalse,SB2: TA1,SG: TR,0,122,122,196,NA,NA,NA,NA,NA,589.5937170999969,0.00223030000051949,590.3269657000055,590.4271195000038,0.8295814000011887,592.3604029999988,592.7604335999931,592.8626503999985,592.8626503999985,b,1,1.2441605999920284,594.1268320999952,594.1268320999952,594.1268320999952,594.1268320999952,NA,NA,NA,NA,NA,NA,011,001,2024-02-08_14h42.32.608,PsychoPy Exp,2023.1.2,60.008917321408816
RealityN,ExpTrialStim/Square_B_Square_5.png,"In REALITY, there is ONE cube",b,h,FB-Ig,2,2,0,1,1,0,1,1,0,1,B,PropFalse,SB2: SD3,SB: SG,0,123,123,100,NA,NA,NA,NA,NA,594.1268320999952,5.7279999600723e-4,594.860279600005,594.9604320999933,0.8313806999940425,596.893748100003,597.2935779999971,597.3956749000063,597.3956749000063,b,1,1.0320974999922328,598.443686700004,598.443686700004,598.443686700004,598.443686700004,NA,NA,NA,NA,NA,NA,011,001,2024-02-08_14h42.32.608,PsychoPy Exp,2023.1.2,60.008917321408816
RealityN,ExpTrialStim/Square_Triangle_B_2.png,"In REALITY, there are TWO cubes",b,h,TB-K-B,2,1,1,2,1,1,0,0,0,2,B,PropFalse,SA2: TB3,SB: TO,0,124,124,89,NA,NA,NA,NA,NA,598.443686700004,0.00189419998787343,599.1769308999937,599.2770440000022,0.8294618999934755,601.2103891000006,601.6102033999923,601.7124135000049,601.7124135000049,b,1,0.5704910999920685,602.3100703999953,602.3100703999953,602.3100703999953,602.3100703999953,NA,NA,NA,NA,NA,NA,011,001,2024-02-08_14h42.32.608,PsychoPy Exp,2023.1.2,60.008917321408816
KnowledgeY,ExpTrialStim/Square_Triangle_B_9.png,Adam KNOWS there is ONE cube,h,b,FB-Ig,2,1,1,2,1,1,0,0,0,1,B,-,SA3: TB2,SG: TR,0,125,125,266,NA,NA,NA,NA,NA,602.3100703999953,6.6610000794753e-4,603.0436195999937,603.143784800006,0.8308481999993091,605.0767838000029,605.4768881000055,605.5789552999922,605.5789552999922,h,1,1.4809325999958671,607.0768478999962,607.0768478999962,607.0768478999962,607.0768478999962,NA,NA,NA,NA,NA,NA,011,001,2024-02-08_14h42.32.608,PsychoPy Exp,2023.1.2,60.008917321408816
BeliefN,ExpTrialStim/Triangle_Triangle_B_6.png,Adam THINKS there is ONE cube,b,h,TB-K-B,2,0,2,2,0,2,0,0,0,1,B,PropFalse,TA1: TB3,TO: TY,0,126,126,189,NA,NA,NA,NA,NA,607.0768478999962,0.00231060000078286,607.8102336000011,607.910223400002,0.8293058999988716,609.8436418000056,610.243641699999,610.3457315999985,610.3457315999985,b,1,1.201446599996416,611.5768601000018,611.5768601000018,611.5768601000018,611.5768601000018,NA,NA,NA,NA,NA,NA,011,001,2024-02-08_14h42.32.608,PsychoPy Exp,2023.1.2,60.008917321408816
BeliefN,ExpTrialStim/Square_B_Square_3.png,Adam THINKS there are ZERO cubes,b,h,FB-Ig,2,2,0,1,1,0,1,1,0,0,B,PropFalse,SA3: SD1,SP: SB,0,127,127,206,NA,NA,NA,NA,NA,611.5768601000018,0.00154460000339895,612.3102396000031,612.4104484999989,0.8303553000005195,614.3437436999957,614.743526899998,614.8458137999987,614.8458137999987,b,1,0.7894553999940399,615.6602955999988,615.6602955999988,615.6602955999988,615.6602955999988,NA,NA,NA,NA,NA,NA,011,001,2024-02-08_14h42.32.608,PsychoPy Exp,2023.1.2,60.008917321408816
KnowledgeY,ExpTrialStim/Square_Square_B_11.png,Adam KNOWS there are TWO cubes,h,b,FB-Ig,2,2,0,2,2,0,0,0,0,2,B,-,SA3: SB2,SB: SP,0,128,128,256,NA,NA,NA,NA,NA,615.6602955999988,0.00190059999295044,616.3935599999968,616.4937098999944,0.8295642000011867,618.427019900002,618.8269870999939,618.9290994000039,618.9290994000039,h,1,1.16172099999676,620.1100450999947,620.1100450999947,620.1100450999947,620.1100450999947,NA,NA,NA,NA,NA,NA,011,001,2024-02-08_14h42.32.608,PsychoPy Exp,2023.1.2,60.008917321408816
KnowledgeY,ExpTrialStim/Square_Square_B_3.png,Adam KNOWS there are TWO cubes,h,b,TB-K-B,2,2,0,2,2,0,0,0,0,2,B,-,SA3: SB1,SG: SB,0,129,129,248,NA,NA,NA,NA,NA,620.1100450999947,4.9930000386666e-4,620.8435828999936,620.9436843000003,0.8311799000075553,622.8770210999937,623.2768141999986,623.3791799000028,623.3791799000028,h,1,1.184075800003484,624.5935704000003,624.5935704000003,624.5935704000003,624.5935704000003,NA,NA,NA,NA,NA,NA,011,001,2024-02-08_14h42.32.608,PsychoPy Exp,2023.1.2,60.008917321408816
KnowledgeN,ExpTrialStim/Square_NB_1.png,Adam KNOWS there are ZERO cubes,b,h,TB-K,1,1,0,1,1,0,0,0,0,0,NB,PropFalse,SA1,SB,0,130,130,273,NA,NA,NA,NA,NA,624.5935704000003,0.00219660000584553,625.3268910000043,625.4270230999973,0.8294498000032036,627.3603044000047,627.7603454000055,627.8624444000016,627.8624444000016,b,1,0.6212548000039533,628.5102152000036,628.5102152000036,628.5102152000036,628.5102152000036,NA,NA,NA,NA,NA,NA,011,001,2024-02-08_14h42.32.608,PsychoPy Exp,2023.1.2,60.008917321408816
RealityY,ExpTrialStim/Square_Square_NB_4.png,"In REALITY, there are TWO cubes",h,b,TB-K,2,2,0,2,2,0,0,0,0,2,NB,-,SA2: SB1,SP: SG,0,131,131,15,NA,NA,NA,NA,NA,628.5102152000036,0.00244419999944511,629.2435400999966,629.3436267999932,0.8295526000001701,631.2769560000015,631.6769047999987,631.7790817000059,631.7790817000059,h,1,0.8160284000041429,632.6267366999964,632.6267366999964,632.6267366999964,632.6267366999964,NA,NA,NA,NA,NA,NA,011,001,2024-02-08_14h42.32.608,PsychoPy Exp,2023.1.2,60.008917321408816
BeliefN,ExpTrialStim/Square_Triangle_NB_3.png,Adam THINKS there are TWO cubes,b,h,TB-K,2,1,1,2,1,1,0,0,0,2,NB,PropFalse,SB3: TA2,SP: TY,0,132,132,173,NA,NA,NA,NA,NA,632.6267366999964,5.4510000336449e-4,633.3601746000058,633.460293199998,0.8311224999924889,635.3936448000022,635.7936683000007,635.8957215999981,635.8957215999981,b,1,1.1392000000050757,637.0601753999945,637.0601753999945,637.0601753999945,637.0601753999945,NA,NA,NA,NA,NA,NA,011,001,2024-02-08_14h42.32.608,PsychoPy Exp,2023.1.2,60.008917321408816
BeliefN,ExpTrialStim/Triangle_B_Triangle_2.png,Adam THINKS there are TWO cubes,b,h,TB-Ig,2,0,2,1,0,1,1,0,1,2,B,PropFalse,TB1: TC2,TO: TY,0,133,133,185,NA,NA,NA,NA,NA,637.0601753999945,0.00122330000158399,637.7942059000052,637.8936103000015,0.8304857000039192,639.8268213999982,640.2268858000025,640.328981300001,640.328981300001,b,1,0.8101651000033598,641.1602530999953,641.1602530999953,641.1602530999953,641.1602530999953,NA,NA,NA,NA,NA,NA,011,001,2024-02-08_14h42.32.608,PsychoPy Exp,2023.1.2,60.008917321408816
RealityN,ExpTrialStim/B_Square_1.png,"In REALITY, there are ZERO cubes",b,h,FB-Ig,1,1,0,0,0,0,1,1,0,0,B,PropFalse,SC2,SG,0,134,134,92,NA,NA,NA,NA,NA,641.1602530999953,0.00196029999642632,641.8934605999966,641.9935872999922,0.8295730999961961,643.9269194999943,644.3268913000065,644.4289640999923,644.4289640999923,b,1,1.006044900001143,645.4600912000024,645.4600912000024,645.4600912000024,645.4600912000024,NA,NA,NA,NA,NA,NA,011,001,2024-02-08_14h42.32.608,PsychoPy Exp,2023.1.2,60.008917321408816
KnowledgeY,ExpTrialStim/Triangle_Triangle_B_10.png,Adam KNOWS there are ZERO cubes,h,b,TB-K-B,2,0,2,2,0,2,0,0,0,0,B,-,TA2: TB1,TR: TO,0,135,135,243,NA,NA,NA,NA,NA,645.4600912000024,0.00191849999828264,646.1934640999971,646.2935934999987,0.8295908000000054,648.2269414000039,648.6269649000023,648.728967300005,648.728967300005,h,1,0.7782072999980301,649.5268441999942,649.5268441999942,649.5268441999942,649.5268441999942,NA,NA,NA,NA,NA,NA,011,001,2024-02-08_14h42.32.608,PsychoPy Exp,2023.1.2,60.008917321408816
RealityY,ExpTrialStim/Square_Square_B_1.png,"In REALITY, there are TWO cubes",h,b,TB-K-B,2,2,0,2,2,0,0,0,0,2,B,-,SA1: SB2,SP: SG,0,136,136,34,NA,NA,NA,NA,NA,649.5268441999942,0.00185339999734424,650.2600977999973,650.3600740999973,0.8295035000046482,652.2933658999973,652.6935412000021,652.7956167999946,652.7956167999946,h,1,1.079574399991543,653.8935179999971,653.8935179999971,653.8935179999971,653.8935179999971,NA,NA,NA,NA,NA,NA,011,001,2024-02-08_14h42.32.608,PsychoPy Exp,2023.1.2,60.008917321408816
KnowledgeN,ExpTrialStim/Square_B_Square_6.png,Adam KNOWS there are TWO cubes,b,h,FB-Ig,2,2,0,1,1,0,1,1,0,2,B,PropTrueNoKnowledge,SB3: SC1,SP: SG,0,137,137,317,NA,NA,NA,NA,NA,653.8935179999971,0.00193639998906292,654.6267845999973,654.7268939999922,0.8294918999890797,656.6600704000011,657.0602075000061,657.1622485999978,657.1622485999978,h,0,1.376957300002687,658.560058300005,658.560058300005,658.560058300005,658.560058300005,NA,NA,NA,NA,NA,NA,011,001,2024-02-08_14h42.32.608,PsychoPy Exp,2023.1.2,60.008917321408816
KnowledgeY,ExpTrialStim/Square_Square_B_8.png,Adam KNOWS there are TWO cubes,h,b,TB-K-B,2,2,0,2,2,0,0,0,0,2,B,-,SA2: SB3,SP: SB,0,138,138,253,NA,NA,NA,NA,NA,658.560058300005,0.00190639999345876,659.2932648999995,659.3935529000009,0.8295427999983076,661.3268729999982,661.7269080999977,661.8289513000054,661.8289513000054,h,1,0.918267700006254,662.7766147999937,662.7766147999937,662.7766147999937,662.7766147999937,NA,NA,NA,NA,NA,NA,011,001,2024-02-08_14h42.32.608,PsychoPy Exp,2023.1.2,60.008917321408816
BeliefY,ExpTrialStim/Square_Triangle_NB_3.png,Adam THINKS there is ONE cube,h,b,TB-K,2,1,1,2,1,1,0,0,0,1,NB,-,SB3: TA2,SP: TY,0,139,139,119,NA,NA,NA,NA,NA,662.7766147999937,0.00184929999522864,663.5101157000026,663.6109144999937,0.8295049000007566,665.5435070999956,665.9434313999955,666.045652899993,666.045652899993,h,1,1.5734876999922562,667.6434999000048,667.6434999000048,667.6434999000048,667.6434999000048,NA,NA,NA,NA,NA,NA,011,001,2024-02-08_14h42.32.608,PsychoPy Exp,2023.1.2,60.008917321408816
RealityY,ExpTrialStim/B_Square_3.png,"In REALITY, there is ONE cube",h,b,FB-Ig,1,1,0,0,0,0,1,1,0,1,B,-,SD1,SP,0,140,140,40,NA,NA,NA,NA,NA,667.6434999000048,0.00182809999387245,668.3767055999924,668.476642499998,0.8294773999950849,670.410168500006,670.810141599999,670.9122950000019,670.9122950000019,h,1,1.058845100007602,671.993489600005,671.993489600005,671.993489600005,671.993489600005,NA,NA,NA,NA,NA,NA,011,001,2024-02-08_14h42.32.608,PsychoPy Exp,2023.1.2,60.008917321408816
BeliefY,ExpTrialStim/Square_Square_B_1.png,Adam THINKS there are TWO cubes,h,b,TB-K-B,2,2,0,2,2,0,0,0,0,2,B,-,SA1: SB2,SP: SG,0,141,141,134,NA,NA,NA,NA,NA,671.993489600005,0.00192759999481495,672.7266914999927,672.8268310999993,0.8295276999997441,674.7600794000027,675.1601560999989,675.2622833999922,675.2622833999922,h,1,1.068775899999309,676.3600695999921,676.3600695999921,676.3600695999921,676.3600695999921,NA,NA,NA,NA,NA,NA,011,001,2024-02-08_14h42.32.608,PsychoPy Exp,2023.1.2,60.008917321408816
KnowledgeN,ExpTrialStim/Square_Triangle_NB_3.png,Adam KNOWS there are TWO cubes,b,h,TB-K,2,1,1,2,1,1,0,0,0,2,NB,PropFalse,SB3: TA2,SP: TY,0,142,142,281,NA,NA,NA,NA,NA,676.3600695999921,0.00191110000014305,677.0933533999923,677.1934997000062,0.829550599999493,679.126783300002,679.5268954000057,679.6288981999969,679.6288981999969,b,1,0.9902543999924092,680.6434006000054,680.6434006000054,680.6434006000054,680.6434006000054,NA,NA,NA,NA,NA,NA,011,001,2024-02-08_14h42.32.608,PsychoPy Exp,2023.1.2,60.008917321408816
RealityY,ExpTrialStim/Square_Square_NB_6.png,"In REALITY, there are TWO cubes",h,b,TB-K,2,2,0,2,2,0,0,0,0,2,NB,-,SA1: SB3,SG: SB,0,143,143,17,NA,NA,NA,NA,NA,680.6434006000054,0.00183500000275671,681.3763612000039,681.4765114000038,0.8292349999974249,683.410212799994,683.8102144000004,683.9121561999928,683.9121561999928,h,1,1.354949000000488,685.293399400005,685.293399400005,685.293399400005,685.293399400005,NA,NA,NA,NA,NA,NA,011,001,2024-02-08_14h42.32.608,PsychoPy Exp,2023.1.2,60.008917321408816
RealityN,ExpTrialStim/Triangle_Triangle_B_3.png,"In REALITY, there is ONE cube",b,h,TB-K-B,2,0,2,2,0,2,0,0,0,1,B,PropFalse,TA3: TB1,TR: TY,0,144,144,82,NA,NA,NA,NA,NA,685.293399400005,0.00185549999878276,686.0266969999939,686.126795499993,0.8295366000093054,688.0601103999943,688.4600159999973,688.5622539000033,688.5622539000033,b,1,0.8885443999897689,689.476565200006,689.476565200006,689.476565200006,689.476565200006,NA,NA,NA,NA,NA,NA,011,001,2024-02-08_14h42.32.608,PsychoPy Exp,2023.1.2,60.008917321408816
BeliefY,ExpTrialStim/Square_Square_B_3.png,Adam THINKS there are TWO cubes,h,b,TB-K-B,2,2,0,2,2,0,0,0,0,2,B,-,SA3: SB1,SG: SB,0,145,145,136,NA,NA,NA,NA,NA,689.476565200006,0.00192999999853782,690.2100344999926,690.3099935000064,0.8296537999995053,692.2434403999941,692.6434754999937,692.7454838999984,692.7454838999984,h,1,3.2095607000082964,695.9765895000019,695.9765895000019,695.9765895000019,695.9765895000019,NA,NA,NA,NA,NA,NA,011,001,2024-02-08_14h42.32.608,PsychoPy Exp,2023.1.2,60.008917321408816
KnowledgeN,ExpTrialStim/Square_B_Square_8.png,Adam KNOWS there are TWO cubes,b,h,FB-Ig,2,2,0,1,1,0,1,1,0,2,B,PropTrueNoKnowledge,SA1: SD2,SP: SG,0,146,146,319,NA,NA,NA,NA,NA,695.9765895000019,0.00249659999099094,696.7099592000013,696.809934799996,0.8295216999977129,698.7434647000046,699.1434502000047,699.2454231000011,699.2454231000011,b,1,1.6616733000118984,700.9266000000061,700.9266000000061,700.9266000000061,700.9266000000061,NA,NA,NA,NA,NA,NA,011,001,2024-02-08_14h42.32.608,PsychoPy Exp,2023.1.2,60.008917321408816
RealityN,ExpTrialStim/Square_B_Square_1.png,"In REALITY, there are ZERO cubes",b,h,FB-Ig,2,2,0,1,1,0,1,1,0,0,B,PropFalse,SA1: SC2,SG: SB,0,147,147,96,NA,NA,NA,NA,NA,700.9266000000061,0.00199080001038964,701.6599875999964,701.7599462999933,0.8292665000044508,703.6934400000027,704.0934056999977,704.195426899998,704.195426899998,b,1,0.4796558000089135,704.6933071999956,704.6933071999956,704.6933071999956,704.6933071999956,NA,NA,NA,NA,NA,NA,011,001,2024-02-08_14h42.32.608,PsychoPy Exp,2023.1.2,60.008917321408816
KnowledgeY,ExpTrialStim/Square_NB_1.png,Adam KNOWS there is ONE cube,h,b,TB-K,1,1,0,1,1,0,0,0,0,1,NB,-,SA1,SB,0,148,148,219,NA,NA,NA,NA,NA,704.6933071999956,0.00196690000302623,705.4265878000006,705.5267516000022,0.8294313000078546,707.4598114999972,707.8600774999941,707.9621742000018,707.9621742000018,h,1,0.7124632000050042,708.6932362999942,708.6932362999942,708.6932362999942,708.6932362999942,NA,NA,NA,NA,NA,NA,011,001,2024-02-08_14h42.32.608,PsychoPy Exp,2023.1.2,60.008917321408816
BeliefY,ExpTrialStim/Triangle_B_Triangle_2.png,Adam THINKS there are ZERO cubes,h,b,TB-Ig,2,0,2,1,0,1,1,0,1,0,B,-,TB1: TC2,TO: TY,0,149,149,131,NA,NA,NA,NA,NA,708.6932362999942,0.00102850000257603,709.4265541000059,709.5266969999939,0.830780300006154,711.4601079999993,711.860079799997,711.9621009999973,711.9621009999973,h,1,0.7206888999935472,712.7097188000043,712.7097188000043,712.7097188000043,712.7097188000043,NA,NA,NA,NA,NA,NA,011,001,2024-02-08_14h42.32.608,PsychoPy Exp,2023.1.2,60.008917321408816
KnowledgeY,ExpTrialStim/Triangle_Triangle_B_9.png,Adam KNOWS there are ZERO cubes,h,b,TB-K-B,2,0,2,2,0,2,0,0,0,0,B,-,TA3: TB1,TO: TR,0,150,150,242,NA,NA,NA,NA,NA,712.7097188000043,0.00221800000872463,713.4433317999938,713.5433759000007,0.8298342000052799,715.4767124999926,715.876708900003,715.978789700006,715.978789700006,h,1,1.856230499994126,717.8599976999976,717.8599976999976,717.8599976999976,717.8599976999976,NA,NA,NA,NA,NA,NA,011,001,2024-02-08_14h42.32.608,PsychoPy Exp,2023.1.2,60.008917321408816
RealityY,ExpTrialStim/Triangle_Triangle_NB_2.png,"In REALITY, there are ZERO cubes",h,b,TB-K,2,0,2,2,0,2,0,0,0,0,NB,-,TA2: TB3,TO: TR,0,151,151,7,NA,NA,NA,NA,NA,717.8599976999976,0.00190029999066609,718.5932150000008,718.6933742999972,0.8295748999953503,720.6265832000063,721.0266456999962,721.1288368999958,721.1288368999958,h,1,1.914868399995612,723.0599610999925,723.0599610999925,723.0599610999925,723.0599610999925,NA,NA,NA,NA,NA,NA,011,001,2024-02-08_14h42.32.608,PsychoPy Exp,2023.1.2,60.008917321408816
RealityY,ExpTrialStim/Triangle_B_Square_1.png,"In REALITY, there is ONE cube",h,b,FB-Ig,2,1,1,1,0,1,1,1,0,1,B,-,SC1: TA1,SB: TO,0,152,152,50,NA,NA,NA,NA,NA,723.0599610999925,0.00225140000111423,723.7932272000035,723.8933464000002,0.8292794000008143,725.8264739000006,726.2266291999986,726.3286360000056,726.3286360000056,h,1,0.4744034000032116,726.8266012999957,726.8266012999957,726.8266012999957,726.8266012999957,NA,NA,NA,NA,NA,NA,011,001,2024-02-08_14h42.32.608,PsychoPy Exp,2023.1.2,60.008917321408816
RealityY,ExpTrialStim/Triangle_B_2.png,"In REALITY, there are ZERO cubes",h,b,TB-Ig,1,0,1,1,0,1,0,0,0,0,B,-,TB2,TO,0,153,153,19,NA,NA,NA,NA,NA,726.8266012999957,0.00231110000459011,727.5766178000049,727.6764949999924,0.8462797999964096,729.6100982999924,730.0099637999956,730.1120996999962,730.1120996999962,h,1,1.002892699994845,731.143269799999,731.143269799999,731.143269799999,731.143269799999,NA,NA,NA,NA,NA,NA,011,001,2024-02-08_14h42.32.608,PsychoPy Exp,2023.1.2,60.008917321408816
KnowledgeN,ExpTrialStim/Triangle_Triangle_B_10.png,Adam KNOWS there are TWO cubes,b,h,TB-K-B,2,0,2,2,0,2,0,0,0,2,B,PropFalse,TA2: TB1,TR: TO,0,154,154,297,NA,NA,NA,NA,NA,731.143269799999,0.00190469999506603,731.8765463000018,731.9766297000024,0.8295585000014398,733.9100382000033,734.3099713999982,734.4120946000039,734.4120946000039,b,1,1.4712575000012291,735.9099980000028,735.9099980000028,735.9099980000028,735.9099980000028,NA,NA,NA,NA,NA,NA,011,001,2024-02-08_14h42.32.608,PsychoPy Exp,2023.1.2,60.008917321408816
BeliefY,ExpTrialStim/Square_Square_NB_2.png,Adam THINKS there are TWO cubes,h,b,TB-K,2,2,0,2,2,0,0,0,0,2,NB,-,SA2: SB3,SB: SG,0,155,155,121,NA,NA,NA,NA,NA,735.9099980000028,0.00188650000200141,736.6431656000059,736.7432741999946,0.8295500000094762,738.6764738000056,739.0766083000053,739.1787339000002,739.1787339000002,h,1,1.2081175000057556,740.4097337999992,740.4097337999992,740.4097337999992,740.4097337999992,NA,NA,NA,NA,NA,NA,011,001,2024-02-08_14h42.32.608,PsychoPy Exp,2023.1.2,60.008917321408816
KnowledgeN,ExpTrialStim/Square_Triangle_B_11.png,Adam KNOWS there are TWO cubes,b,h,TB-K-B,2,1,1,2,1,1,0,0,0,2,B,PropFalse,SB2: TA3,SG: TR,0,156,156,306,NA,NA,NA,NA,NA,740.4097337999992,0.00224329999764449,741.1431863000034,741.2431466999988,0.8295734999992419,743.1765125999955,743.5765639000019,743.6786998000025,743.6786998000025,b,1,1.7002561999979662,745.4097194999922,745.4097194999922,745.4097194999922,745.4097194999922,NA,NA,NA,NA,NA,NA,011,001,2024-02-08_14h42.32.608,PsychoPy Exp,2023.1.2,60.008917321408816
BeliefN,ExpTrialStim/B_Square_3.png,Adam THINKS there is ONE cube,b,h,FB-Ig,1,1,0,0,0,0,1,1,0,1,B,PropTrueNoBelief,SD1,SP,0,157,157,202,NA,NA,NA,NA,NA,745.4097194999922,0.00194369998644106,746.1431197000056,746.2432929999923,0.8293832999916049,748.1765061000042,748.576593699996,748.6787378000008,748.6787378000008,b,1,0.9962148000049638,749.6931964999967,749.6931964999967,749.6931964999967,749.6931964999967,NA,NA,NA,NA,NA,NA,011,001,2024-02-08_14h42.32.608,PsychoPy Exp,2023.1.2,60.008917321408816
RealityN,ExpTrialStim/Square_B_1.png,"In REALITY, there are ZERO cubes",b,h,TB-Ig,1,1,0,1,1,0,0,0,0,0,B,PropFalse,SA2,SG,0,158,158,74,NA,NA,NA,NA,NA,749.6931964999967,0.00190820000716485,750.4265143999946,750.5264344000025,0.8294204999983776,752.4599713999924,752.8599456999946,752.9619521999994,752.9619521999994,b,1,1.016485100000864,754.0097718000034,754.0097718000034,754.0097718000034,754.0097718000034,NA,NA,NA,NA,NA,NA,011,001,2024-02-08_14h42.32.608,PsychoPy Exp,2023.1.2,60.008917321408816
KnowledgeN,ExpTrialStim/Square_Triangle_NB_1.png,Adam KNOWS there are ZERO cubes,b,h,TB-K,2,1,1,2,1,1,0,0,0,0,NB,PropFalse,SA2: TB1,SG: TR,0,159,159,279,NA,NA,NA,NA,NA,754.0097718000034,7.0960000448394e-4,754.7431280000019,754.8432762000011,0.8309310000040568,756.7766011000058,757.176535599996,757.2786402000056,757.2786402000056,b,1,1.028224499998032,758.3264035000029,758.3264035000029,758.3264035000029,758.3264035000029,NA,NA,NA,NA,NA,NA,011,001,2024-02-08_14h42.32.608,PsychoPy Exp,2023.1.2,60.008917321408816
BeliefN,ExpTrialStim/Square_B_Square_4.png,Adam THINKS there are ZERO cubes,b,h,FB-Ig,2,2,0,1,1,0,1,1,0,0,B,PropFalse,SB1: SD2,SG: SP,0,160,160,207,NA,NA,NA,NA,NA,758.3264035000029,0.00189899999531917,759.0597684999957,759.1597673999931,0.8295673999964492,761.0932480000047,761.493106199996,761.5952955999965,761.5952955999965,b,1,0.879694399991422,762.4931444999966,762.4931444999966,762.4931444999966,762.4931444999966,NA,NA,NA,NA,NA,NA,011,001,2024-02-08_14h42.32.608,PsychoPy Exp,2023.1.2,60.008917321408816
BeliefN,ExpTrialStim/Square_Square_B_7.png,Adam THINKS there are ZERO cubes,b,h,TB-K-B,2,2,0,2,2,0,0,0,0,0,B,PropFalse,SA1: SB2,SG: SP,0,161,161,194,NA,NA,NA,NA,NA,762.4931444999966,0.00217350000457372,763.2264445000037,763.3265150999941,0.8295381000061752,765.2599380000029,765.6598470000026,765.7620353999955,765.7620353999955,b,1,1.017009899995173,766.8207118999999,NA,766.8207118999999,NA,space,25.21411420000368,NA,NA,NA,NA,011,001,2024-02-08_14h42.32.608,PsychoPy Exp,2023.1.2,60.008917321408816
RealityY,ExpTrialStim/Triangle_B_Square_4.png,"In REALITY, there is ONE cube",h,b,FB-Ig,2,1,1,1,0,1,1,1,0,1,B,-,SD3: TB1,SB: TO,0,162,162,53,NA,NA,NA,NA,NA,792.059788700004,0.00188559999514836,792.7930525999982,792.8931446999923,0.8316677999973763,794.8263604999956,795.2264471999952,795.3283488000015,795.3283488000015,h,1,0.5384366000071168,795.8930424999999,795.8930424999999,795.8930424999999,795.8930424999999,NA,NA,NA,NA,NA,NA,011,001,2024-02-08_14h42.32.608,PsychoPy Exp,2023.1.2,60.008917321408816
KnowledgeY,ExpTrialStim/Square_Triangle_B_5.png,Adam KNOWS there is ONE cube,h,b,FB-Ig,2,1,1,2,1,1,0,0,0,1,B,-,SB2: TA1,SG: TR,0,163,163,262,NA,NA,NA,NA,NA,795.8930424999999,0.00193160001072101,796.6430624000059,796.7430999000062,0.8442562999989605,798.6764489000052,799.0763998000039,799.1784222999995,799.1784222999995,h,1,0.5363589999906253,799.7428570000047,799.7428570000047,799.7428570000047,799.7428570000047,NA,NA,NA,NA,NA,NA,011,001,2024-02-08_14h42.32.608,PsychoPy Exp,2023.1.2,60.008917321408816
KnowledgeY,ExpTrialStim/Square_Square_B_4.png,Adam KNOWS there are TWO cubes,h,b,TB-K-B,2,2,0,2,2,0,0,0,0,2,B,-,SA2: SB1,SG: SP,0,164,164,249,NA,NA,NA,NA,NA,799.7428570000047,5.1490000623743e-4,800.4763219000015,800.5764483999956,0.8310678999987431,802.5097741999925,802.9107447999995,803.0119241000066,803.0119241000066,h,1,0.5348227000067709,803.5763593000011,803.5763593000011,803.5763593000011,803.5763593000011,NA,NA,NA,NA,NA,NA,011,001,2024-02-08_14h42.32.608,PsychoPy Exp,2023.1.2,60.008917321408816
KnowledgeY,ExpTrialStim/Triangle_Triangle_NB_3.png,Adam KNOWS there are ZERO cubes,h,b,TB-K,2,0,2,2,0,2,0,0,0,0,NB,-,TA3: TB1,TR: TY,0,165,165,224,NA,NA,NA,NA,NA,803.5763593000011,0.00188399999751709,804.3096403999953,804.4097618999949,0.8295270000089658,806.343016800005,806.743121499996,806.8451982999977,806.8451982999977,h,1,0.5735411000059685,807.4430353000062,807.4430353000062,807.4430353000062,807.4430353000062,NA,NA,NA,NA,NA,NA,011,001,2024-02-08_14h42.32.608,PsychoPy Exp,2023.1.2,60.008917321408816
BeliefY,ExpTrialStim/Square_B_Square_6.png,Adam THINKS there is ONE cube,h,b,FB-Ig,2,2,0,1,1,0,1,1,0,1,B,-,SB3: SC1,SP: SG,0,166,166,155,NA,NA,NA,NA,NA,807.4430353000062,0.00193300000682938,808.176328600006,808.2764447999944,0.8295362000062596,810.2095289999997,810.6096594999981,810.7117963000055,810.7117963000055,h,1,0.9389058999950066,811.6763599999977,811.6763599999977,811.6763599999977,811.6763599999977,NA,NA,NA,NA,NA,NA,011,001,2024-02-08_14h42.32.608,PsychoPy Exp,2023.1.2,60.008917321408816
BeliefY,ExpTrialStim/Triangle_B_Square_3.png,Adam THINKS there are ZERO cubes,h,b,FB-Ig,2,1,1,1,0,1,1,1,0,0,B,-,SD1: TA2,SG: TR,0,167,167,160,NA,NA,NA,NA,NA,811.6763599999977,0.00191919998906087,812.4096352000051,812.5097496999952,0.8295552999916254,814.4430859999993,814.8430815000029,814.9451784999983,814.9451784999983,h,1,1.569535899994662,816.5430180999974,816.5430180999974,816.5430180999974,816.5430180999974,NA,NA,NA,NA,NA,NA,011,001,2024-02-08_14h42.32.608,PsychoPy Exp,2023.1.2,60.008917321408816
BeliefN,ExpTrialStim/Triangle_B_Square_3.png,Adam THINKS there is ONE cube,b,h,FB-Ig,2,1,1,1,0,1,1,1,0,1,B,PropTrueNoBelief,SD1: TA2,SG: TR,0,168,168,214,NA,NA,NA,NA,NA,816.5430180999974,0.00191659999836701,817.276199999993,817.3761896999931,0.8293304999970132,819.3097213000001,819.7097110000032,819.8118226999941,819.8118226999941,b,1,1.1993191000074148,821.0427943999966,821.0427943999966,821.0427943999966,821.0427943999966,NA,NA,NA,NA,NA,NA,011,001,2024-02-08_14h42.32.608,PsychoPy Exp,2023.1.2,60.008917321408816
BeliefY,ExpTrialStim/Square_Square_NB_3.png,Adam THINKS there are TWO cubes,h,b,TB-K,2,2,0,2,2,0,0,0,0,2,NB,-,SA3: SB1,SG: SP,0,169,169,122,NA,NA,NA,NA,NA,821.0427943999966,4.3359999835956e-4,821.7762846999976,821.8761786999967,0.8312608999985969,823.8095642999979,824.209675399994,824.3117935000046,824.3117935000046,h,1,0.7869093999906909,825.1263251000055,825.1263251000055,825.1263251000055,825.1263251000055,NA,NA,NA,NA,NA,NA,011,001,2024-02-08_14h42.32.608,PsychoPy Exp,2023.1.2,60.008917321408816
RealityY,ExpTrialStim/Square_B_Square_2.png,"In REALITY, there are TWO cubes",h,b,FB-Ig,2,2,0,1,1,0,1,1,0,2,B,-,SA2: SC3,SB: SP,0,170,170,43,NA,NA,NA,NA,NA,825.1263251000055,0.00187609999557025,825.8595821000054,825.9595066000038,0.8294566999975359,827.8927712000004,828.2930583999987,828.395185100002,828.395185100002,h,1,1.248068599990802,829.6596029000066,829.6596029000066,829.6596029000066,829.6596029000066,NA,NA,NA,NA,NA,NA,011,001,2024-02-08_14h42.32.608,PsychoPy Exp,2023.1.2,60.008917321408816
RealityN,ExpTrialStim/B_Square_4.png,"In REALITY, there are TWO cubes",b,h,FB-Ig,1,1,0,0,0,0,1,1,0,2,B,PropFalse,SD2,SB,0,171,171,95,NA,NA,NA,NA,NA,829.6596029000066,0.00193379999836906,830.3928828000062,830.4927622999967,0.8295416999899317,832.4263552000048,832.826287200005,832.9283171999996,832.9283171999996,b,1,0.6504423000005772,833.6096027000021,833.6096027000021,833.6096027000021,833.6096027000021,NA,NA,NA,NA,NA,NA,011,001,2024-02-08_14h42.32.608,PsychoPy Exp,2023.1.2,60.008917321408816
RealityY,ExpTrialStim/Triangle_Triangle_B_1.png,"In REALITY, there are ZERO cubes",h,b,TB-K-B,2,0,2,2,0,2,0,0,0,0,B,-,TA1: TB2,TY: TO,0,172,172,26,NA,NA,NA,NA,NA,833.6096027000021,0.00166850000096019,834.3429060000053,834.443008400005,0.829665199998999,836.3763767000055,836.7761931999994,836.8784126999963,836.8784126999963,h,1,0.5485658999969019,837.4429807999986,837.4429807999986,837.4429807999986,837.4429807999986,NA,NA,NA,NA,NA,NA,011,001,2024-02-08_14h42.32.608,PsychoPy Exp,2023.1.2,60.008917321408816
KnowledgeY,ExpTrialStim/Square_Square_B_6.png,Adam KNOWS there are TWO cubes,h,b,TB-K-B,2,2,0,2,2,0,0,0,0,2,B,-,SA1: SB3,SB: SG,0,173,173,251,NA,NA,NA,NA,NA,837.4429807999986,0.00172020000172778,838.1762256999937,838.2763636000018,0.829435999999987,840.2094855000032,840.6095912000019,840.711699499996,840.711699499996,h,1,0.6587533999991138,841.3928731000051,841.3928731000051,841.3928731000051,841.3928731000051,NA,NA,NA,NA,NA,NA,011,001,2024-02-08_14h42.32.608,PsychoPy Exp,2023.1.2,60.008917321408816
BeliefY,ExpTrialStim/Square_B_1.png,Adam THINKS there is ONE cube,h,b,TB-Ig,1,1,0,1,1,0,0,0,0,1,B,-,SA2,SG,0,174,174,128,NA,NA,NA,NA,NA,841.3928731000051,0.00142860000778455,842.1261877999932,842.2263087000028,0.8302625000069384,844.1596740999958,844.5596277000004,844.6617333000031,844.6617333000031,h,1,0.4449163000099361,845.1262415999954,845.1262415999954,845.1262415999954,845.1262415999954,NA,NA,NA,NA,NA,NA,011,001,2024-02-08_14h42.32.608,PsychoPy Exp,2023.1.2,60.008917321408816
RealityN,ExpTrialStim/Square_Square_NB_4.png,"In REALITY, there is ONE cube",b,h,TB-K,2,2,0,2,2,0,0,0,0,1,NB,PropFalse,SA2: SB1,SP: SG,0,175,175,69,NA,NA,NA,NA,NA,845.1262415999954,0.00167369999689981,845.8593875999941,845.9595173999987,0.829429399993387,847.8929688999924,848.2928807999997,848.3950466999959,848.3950466999959,b,1,1.3279654999932973,849.7428417000046,849.7428417000046,849.7428417000046,849.7428417000046,NA,NA,NA,NA,NA,NA,011,001,2024-02-08_14h42.32.608,PsychoPy Exp,2023.1.2,60.008917321408816
RealityY,ExpTrialStim/Square_NB_2.png,"In REALITY, there is ONE cube",h,b,TB-K,1,1,0,1,1,0,0,0,0,1,NB,-,SA3,SP,0,176,176,4,NA,NA,NA,NA,NA,849.7428417000046,0.00173499999800696,850.4761410000065,850.5762779999932,0.8296632999990834,852.5096300000005,852.9096608999971,853.0116626999952,853.0116626999952,h,1,0.8315609999990556,853.8595496000053,853.8595496000053,853.8595496000053,853.8595496000053,NA,NA,NA,NA,NA,NA,011,001,2024-02-08_14h42.32.608,PsychoPy Exp,2023.1.2,60.008917321408816
KnowledgeY,ExpTrialStim/Square_Square_NB_6.png,Adam KNOWS there are TWO cubes,h,b,TB-K,2,2,0,2,2,0,0,0,0,2,NB,-,SA1: SB3,SG: SB,0,177,177,233,NA,NA,NA,NA,NA,853.8595496000053,0.00172569999995175,854.5928183999931,854.6927533999988,0.8295584000006784,856.6261865999986,857.0260189999972,857.128366200006,857.128366200006,h,1,1.3707217000046512,858.5261237999948,858.5261237999948,858.5261237999948,858.5261237999948,NA,NA,NA,NA,NA,NA,011,001,2024-02-08_14h42.32.608,PsychoPy Exp,2023.1.2,60.008917321408816
RealityN,ExpTrialStim/Triangle_NB_1.png,"In REALITY, there is ONE cube",b,h,TB-K,1,0,1,1,0,1,0,0,0,1,NB,PropFalse,TA1,TO,0,178,178,54,NA,NA,NA,NA,NA,858.5261237999948,0.00172709999606013,859.2594733000005,859.3596842999978,0.8295748999953503,861.2929050999956,861.692854199995,861.7949358000042,861.7949358000042,b,1,1.1029956999991557,862.9261136999994,862.9261136999994,862.9261136999994,862.9261136999994,NA,NA,NA,NA,NA,NA,011,001,2024-02-08_14h42.32.608,PsychoPy Exp,2023.1.2,60.008917321408816
BeliefY,ExpTrialStim/Square_NB_1.png,Adam THINKS there is ONE cube,h,b,TB-K,1,1,0,1,1,0,0,0,0,1,NB,-,SA1,SB,0,179,179,111,NA,NA,NA,NA,NA,862.9261136999994,3.9649999234825e-4,863.6594874000002,863.7599898000044,0.8308829999878071,865.6926944000006,866.0928633000003,866.1950022999954,866.1950022999954,h,1,0.4642962000070838,866.6760912000027,866.6760912000027,866.6760912000027,866.6760912000027,NA,NA,NA,NA,NA,NA,011,001,2024-02-08_14h42.32.608,PsychoPy Exp,2023.1.2,60.008917321408816
BeliefY,ExpTrialStim/B_Square_2.png,Adam THINKS there are ZERO cubes,h,b,FB-Ig,1,1,0,0,0,0,1,1,0,0,B,-,SC3,SG,0,180,180,147,NA,NA,NA,NA,NA,866.6760912000027,0.00165850001212675,867.4094999999943,867.5094153999962,0.8291969999991124,869.4429227999935,869.8429692000063,869.9450532000046,869.9450532000046,h,1,0.9055603000015252,870.8761021999962,870.8761021999962,870.8761021999962,870.8761021999962,NA,NA,NA,NA,NA,NA,011,001,2024-02-08_14h42.32.608,PsychoPy Exp,2023.1.2,60.008917321408816
RealityN,ExpTrialStim/Triangle_Triangle_B_1.png,"In REALITY, there is ONE cube",b,h,TB-K-B,2,0,2,2,0,2,0,0,0,1,B,PropFalse,TA1: TB2,TY: TO,0,181,181,80,NA,NA,NA,NA,NA,870.8761021999962,0.00169750000350177,871.6094625999976,871.7095305999974,0.8295666000049096,873.6428790000064,874.0428881999978,874.1448651999963,874.1448651999963,b,1,0.9539834999886808,875.126174399993,875.126174399993,875.126174399993,875.126174399993,NA,NA,NA,NA,NA,NA,011,001,2024-02-08_14h42.32.608,PsychoPy Exp,2023.1.2,60.008917321408816
BeliefN,ExpTrialStim/Square_Square_B_5.png,Adam THINKS there are ZERO cubes,b,h,TB-K-B,2,2,0,2,2,0,0,0,0,0,B,PropFalse,SA3: SB2,SP: SB,0,182,182,192,NA,NA,NA,NA,NA,875.126174399993,0.00192190000962,875.8593975999975,875.9595142000035,0.8295064000121783,877.8927814000053,878.2927784000058,878.3949506999925,878.3949506999925,b,1,0.8004131999914534,879.226141399995,879.226141399995,879.226141399995,879.226141399995,NA,NA,NA,NA,NA,NA,011,001,2024-02-08_14h42.32.608,PsychoPy Exp,2023.1.2,60.008917321408816
RealityY,ExpTrialStim/Triangle_Triangle_B_5.png,"In REALITY, there are ZERO cubes",h,b,TB-K-B,2,0,2,2,0,2,0,0,0,0,B,-,TA3: TB2,TR: TO,0,183,183,30,NA,NA,NA,NA,NA,879.226141399995,0.0016606999997748,879.9594335000002,880.0595212000044,0.8295499000087148,881.9927124999958,882.392846200004,882.494993100001,882.494993100001,h,1,1.043080400006147,883.559184800004,883.559184800004,883.559184800004,883.559184800004,NA,NA,NA,NA,NA,NA,011,001,2024-02-08_14h42.32.608,PsychoPy Exp,2023.1.2,60.008917321408816
KnowledgeN,ExpTrialStim/Square_Triangle_B_9.png,Adam KNOWS there are ZERO cubes,b,h,TB-K-B,2,1,1,2,1,1,0,0,0,0,B,PropFalse,SA3: TB2,SG: TR,0,184,184,304,NA,NA,NA,NA,NA,883.559184800004,4.0340000123251e-4,884.2927182999993,884.3928274000064,0.8313520999945467,886.3260155000025,886.7261732000043,886.8283673999977,886.8283673999977,b,1,0.9021776000008686,887.7592982999922,887.7592982999922,887.7592982999922,887.7592982999922,NA,NA,NA,NA,NA,NA,011,001,2024-02-08_14h42.32.608,PsychoPy Exp,2023.1.2,60.008917321408816
KnowledgeY,ExpTrialStim/Triangle_NB_2.png,Adam KNOWS there are ZERO cubes,h,b,TB-K,1,0,1,1,0,1,0,0,0,0,NB,-,TA3,TY,0,185,185,217,NA,NA,NA,NA,NA,887.7592982999922,0.00163210000027902,888.4927215999924,888.5928330000024,0.8299146000063047,890.5260871000064,890.9261643999926,891.0283625000011,891.0283625000011,h,1,0.6545332999958191,891.7092417999957,891.7092417999957,891.7092417999957,891.7092417999957,NA,NA,NA,NA,NA,NA,011,001,2024-02-08_14h42.32.608,PsychoPy Exp,2023.1.2,60.008917321408816
BeliefN,ExpTrialStim/Square_Square_NB_6.png,Adam THINKS there is ONE cube,b,h,TB-K,2,2,0,2,2,0,0,0,0,1,NB,PropFalse,SA1: SB3,SG: SB,0,186,186,179,NA,NA,NA,NA,NA,891.7092417999957,3.788999893004e-4,892.4427341999981,892.5426433999965,0.8308075999957509,894.4761375999951,894.8761030000023,894.9783572000015,894.9783572000015,b,1,0.7522631999891018,895.7592662999959,895.7592662999959,895.7592662999959,895.7592662999959,NA,NA,NA,NA,NA,NA,011,001,2024-02-08_14h42.32.608,PsychoPy Exp,2023.1.2,60.008917321408816
KnowledgeY,ExpTrialStim/Triangle_NB_3.png,Adam KNOWS there are ZERO cubes,h,b,TB-K,1,0,1,1,0,1,0,0,0,0,NB,-,TB2,TR,0,187,187,218,NA,NA,NA,NA,NA,895.7592662999959,3.8040000072214e-4,896.492634299997,896.5928834999941,0.8313694000098621,898.5260780999961,898.925969200005,899.0283004999947,899.0283004999947,h,1,0.5986146999930497,899.6425252000045,899.6425252000045,899.6425252000045,899.6425252000045,NA,NA,NA,NA,NA,NA,011,001,2024-02-08_14h42.32.608,PsychoPy Exp,2023.1.2,60.008917321408816
BeliefN,ExpTrialStim/Square_Square_B_8.png,Adam THINKS there is ONE cube,b,h,TB-K-B,2,2,0,2,2,0,0,0,0,1,B,PropFalse,SA2: SB3,SP: SB,0,188,188,195,NA,NA,NA,NA,NA,899.6425252000045,0.00180839998938608,900.3760152000032,900.4760182000027,0.8294746999890776,902.4094431999983,902.8094871999928,902.9115314999945,902.9115314999945,b,1,0.7153194999991683,903.6425117000036,903.6425117000036,903.6425117000036,903.6425117000036,NA,NA,NA,NA,NA,NA,011,001,2024-02-08_14h42.32.608,PsychoPy Exp,2023.1.2,60.008917321408816
BeliefY,ExpTrialStim/Triangle_NB_3.png,Adam THINKS there are ZERO cubes,h,b,TB-K,1,0,1,1,0,1,0,0,0,0,NB,-,TB2,TR,0,189,189,110,NA,NA,NA,NA,NA,903.6425117000036,0.00171599999885074,904.3759886000043,904.4761184999952,0.8294583999959286,906.4093464000034,906.8094603999924,906.911603200002,906.911603200002,h,1,0.6673816999973496,907.6094217999926,907.6094217999926,907.6094217999926,907.6094217999926,NA,NA,NA,NA,NA,NA,011,001,2024-02-08_14h42.32.608,PsychoPy Exp,2023.1.2,60.008917321408816
KnowledgeN,ExpTrialStim/Triangle_B_Triangle_1.png,Adam KNOWS there are ZERO cubes,b,h,TB-Ig,2,0,2,1,0,1,1,0,1,0,B,PropTrueNoKnowledge,TA3: TD1,TY: TR,0,190,190,292,NA,NA,NA,NA,NA,907.6094217999926,0.00169410000671632,908.3426438000024,908.4427659000066,0.8294796000118367,910.3761516999948,910.7761313999944,910.8782150000044,910.8782150000044,b,1,1.317150800008676,912.2259473000012,912.2259473000012,912.2259473000012,912.2259473000012,NA,NA,NA,NA,NA,NA,011,001,2024-02-08_14h42.32.608,PsychoPy Exp,2023.1.2,60.008917321408816
KnowledgeY,ExpTrialStim/Square_Triangle_B_3.png,Adam KNOWS there is ONE cube,h,b,FB-Ig,2,1,1,2,1,1,0,0,0,1,B,-,SA3: TB1,SP: TY,0,191,191,260,NA,NA,NA,NA,NA,912.2259473000012,0.00166710000485181,912.959365200004,913.0594583000056,0.8295579999976326,914.9927551,915.3925743,915.4947525000024,915.4947525000024,h,1,1.0677722999971593,916.5924900999962,916.5924900999962,916.5924900999962,916.5924900999962,NA,NA,NA,NA,NA,NA,011,001,2024-02-08_14h42.32.608,PsychoPy Exp,2023.1.2,60.008917321408816
KnowledgeN,ExpTrialStim/Square_B_1.png,Adam KNOWS there is ONE cube,b,h,TB-Ig,1,1,0,1,1,0,0,0,0,1,B,PropTrueNoKnowledge,SA2,SG,0,192,192,290,NA,NA,NA,NA,NA,916.5924900999962,0.00184140000783372,917.3259528000052,917.4260875000036,0.8291387000062969,919.3593771000014,919.759356900002,919.8615360999976,919.8615360999976,b,1,1.204868799992255,921.0926463999932,921.0926463999932,921.0926463999932,921.0926463999932,NA,NA,NA,NA,NA,NA,011,001,2024-02-08_14h42.32.608,PsychoPy Exp,2023.1.2,60.008917321408816
KnowledgeN,ExpTrialStim/Triangle_Triangle_NB_1.png,Adam KNOWS there is ONE cube,b,h,TB-K,2,0,2,2,0,2,0,0,0,1,NB,PropFalse,TA1: TB2,TY: TO,0,193,193,276,NA,NA,NA,NA,NA,921.0926463999932,0.00170680000155698,921.8258979999956,921.926042799998,0.829551500006346,923.8592194999948,924.2593439000048,924.3614880999958,924.3614880999958,b,1,0.6975625000050059,925.0774266999942,925.0774266999942,925.0774266999942,925.0774266999942,NA,NA,NA,NA,NA,NA,011,001,2024-02-08_14h42.32.608,PsychoPy Exp,2023.1.2,60.008917321408816
RealityN,ExpTrialStim/Square_B_Square_3.png,"In REALITY, there are ZERO cubes",b,h,FB-Ig,2,2,0,1,1,0,1,1,0,0,B,PropFalse,SA3: SD1,SP: SB,0,194,194,98,NA,NA,NA,NA,NA,925.0774266999942,0.00165849999757483,925.8259296000032,925.926138900002,0.8459638000058476,927.8592803999928,928.2593893000012,928.3614525000012,928.3614525000012,b,1,0.865406199998688,929.242683599994,929.242683599994,929.242683599994,929.242683599994,NA,NA,NA,NA,NA,NA,011,001,2024-02-08_14h42.32.608,PsychoPy Exp,2023.1.2,60.008917321408816
RealityN,ExpTrialStim/Triangle_NB_3.png,"In REALITY, there are TWO cubes",b,h,TB-K,1,0,1,1,0,1,0,0,0,2,NB,PropFalse,TB2,TR,0,195,195,56,NA,NA,NA,NA,NA,929.242683599994,0.00175879999005701,929.975927099993,930.0759133999964,0.8291541999933543,932.009462300004,932.4093101000036,932.5115183000016,932.5115183000016,b,1,0.8992177999898558,933.4426857999932,933.4426857999932,933.4426857999932,933.4426857999932,NA,NA,NA,NA,NA,NA,011,001,2024-02-08_14h42.32.608,PsychoPy Exp,2023.1.2,60.008917321408816
RealityN,ExpTrialStim/Square_Triangle_NB_3.png,"In REALITY, there are TWO cubes",b,h,TB-K,2,1,1,2,1,1,0,0,0,2,NB,PropFalse,SB3: TA2,SP: TY,0,196,196,65,NA,NA,NA,NA,NA,933.4426857999932,0.0019215000065742,934.175895399996,934.2760318999937,0.8295222000015201,936.2093655000062,936.6092407999968,936.7115239999983,936.7115239999983,b,1,0.9388642999983858,937.6757840000064,937.6757840000064,937.6757840000064,937.6757840000064,NA,NA,NA,NA,NA,NA,011,001,2024-02-08_14h42.32.608,PsychoPy Exp,2023.1.2,60.008917321408816
RealityY,ExpTrialStim/Square_B_1.png,"In REALITY, there is ONE cube",h,b,TB-Ig,1,1,0,1,1,0,0,0,0,1,B,-,SA2,SG,0,197,197,20,NA,NA,NA,NA,NA,937.6757840000064,0.00175419999868609,938.4092079999972,938.5093548000004,0.8295261999883223,940.4426876999931,940.8427252999973,940.9448693000012,940.9448693000012,h,1,1.0814431000035256,942.0425285999954,942.0425285999954,942.0425285999954,942.0425285999954,NA,NA,NA,NA,NA,NA,011,001,2024-02-08_14h42.32.608,PsychoPy Exp,2023.1.2,60.008917321408816
BeliefY,ExpTrialStim/Triangle_Triangle_NB_1.png,Adam THINKS there are ZERO cubes,h,b,TB-K,2,0,2,2,0,2,0,0,0,0,NB,-,TA1: TB2,TY: TO,0,198,198,114,NA,NA,NA,NA,NA,942.0425285999954,5.859000084456e-4,942.7758742000004,942.8758283999924,0.8310625000012806,944.809345600006,945.2092600000032,945.3113158000052,945.3113158000052,h,1,1.0110703999962425,946.3425981000036,946.3425981000036,946.3425981000036,946.3425981000036,NA,NA,NA,NA,NA,NA,011,001,2024-02-08_14h42.32.608,PsychoPy Exp,2023.1.2,60.008917321408816
BeliefY,ExpTrialStim/Square_Square_B_2.png,Adam THINKS there are TWO cubes,h,b,TB-K-B,2,2,0,2,2,0,0,0,0,2,B,-,SA2: SB3,SB: SP,0,199,199,135,NA,NA,NA,NA,NA,946.3425981000036,0.00177940000139642,947.0758880999928,947.175989299998,0.8295737000007648,949.1093283999944,949.5092933999986,949.6114593999956,949.6114593999956,h,1,0.9268225000123492,950.5592673999928,950.5592673999928,950.5592673999928,950.5592673999928,NA,NA,NA,NA,NA,NA,011,001,2024-02-08_14h42.32.608,PsychoPy Exp,2023.1.2,60.008917321408816
KnowledgeN,ExpTrialStim/B_Square_1.png,Adam KNOWS there are ZERO cubes,b,h,FB-Ig,1,1,0,0,0,0,1,1,0,0,B,PropFalse,SC2,SG,0,200,200,308,NA,NA,NA,NA,NA,950.5592673999928,0.00175399999716319,951.292549299993,951.3926562999986,0.8295382000069367,953.325963299998,953.7260054999932,953.8281013999948,953.8281013999948,b,1,1.2311746000050334,955.075922300006,955.075922300006,955.075922300006,955.075922300006,NA,NA,NA,NA,NA,NA,011,001,2024-02-08_14h42.32.608,PsychoPy Exp,2023.1.2,60.008917321408816
KnowledgeY,ExpTrialStim/Square_Square_B_10.png,Adam KNOWS there are TWO cubes,h,b,FB-Ig,2,2,0,2,2,0,0,0,0,2,B,-,SA2: SB1,SG: SB,0,201,201,255,NA,NA,NA,NA,NA,955.075922300006,0.00196200000937096,955.809101299994,955.9091322000022,0.8293575999996392,957.842447300005,958.2424944999948,958.3448379000038,958.3448379000038,h,1,0.8414258999982849,959.2090071999992,959.2090071999992,959.2090071999992,959.2090071999992,NA,NA,NA,NA,NA,NA,011,001,2024-02-08_14h42.32.608,PsychoPy Exp,2023.1.2,60.008917321408816
KnowledgeN,ExpTrialStim/Triangle_B_Triangle_2.png,Adam KNOWS there are ZERO cubes,b,h,TB-Ig,2,0,2,1,0,1,1,0,1,0,B,PropTrueNoKnowledge,TB1: TC2,TO: TY,0,202,202,293,NA,NA,NA,NA,NA,959.2090071999992,0.0017772999999579,959.9424678999932,960.042652300006,0.8294729000044754,961.9758039000008,962.3759309000015,962.478054799998,962.478054799998,b,1,0.6841889000061201,963.192577199996,963.192577199996,963.192577199996,963.192577199996,NA,NA,NA,NA,NA,NA,011,001,2024-02-08_14h42.32.608,PsychoPy Exp,2023.1.2,60.008917321408816
BeliefY,ExpTrialStim/Square_Square_NB_6.png,Adam THINKS there are TWO cubes,h,b,TB-K,2,2,0,2,2,0,0,0,0,2,NB,-,SA1: SB3,SG: SB,0,203,203,125,NA,NA,NA,NA,NA,963.192577199996,0.00171050000062678,963.9258203999924,964.0259387999976,0.8295405000098981,965.959030500002,966.3591900000029,966.4613781999942,966.4613781999942,h,1,1.2764552000007825,967.7590085999982,967.7590085999982,967.7590085999982,967.7590085999982,NA,NA,NA,NA,NA,NA,011,001,2024-02-08_14h42.32.608,PsychoPy Exp,2023.1.2,60.008917321408816
RealityY,ExpTrialStim/Triangle_Triangle_B_8.png,"In REALITY, there are ZERO cubes",h,b,TB-K-B,2,0,2,2,0,2,0,0,0,0,B,-,TA2: TB3,TY:TO,0,204,204,33,NA,NA,NA,NA,NA,967.7590085999982,4.445999948075e-4,968.4924582999956,968.5926122999954,0.8312612000008812,970.5258073000005,970.9257957999944,971.0279363000008,971.0279363000008,b,0,1.4145646999968449,972.4589979000012,972.4589979000012,972.4589979000012,972.4589979000012,NA,NA,NA,NA,NA,NA,011,001,2024-02-08_14h42.32.608,PsychoPy Exp,2023.1.2,60.008917321408816
BeliefN,ExpTrialStim/Square_Triangle_B_6.png,Adam THINKS there are ZERO cubes,b,h,TB-K-B,2,1,1,2,1,1,0,0,0,0,B,PropFalse,SB3: TA2,SB: TO,0,205,205,197,NA,NA,NA,NA,NA,972.4589979000012,5.2090000826865e-4,973.1924262999964,973.2925771000008,0.8309420000005048,975.2259091000014,975.6259297999932,975.7279332000036,975.7279332000036,h,0,0.794005300005665,976.5423371999932,976.5423371999932,976.5423371999932,976.5423371999932,NA,NA,NA,NA,NA,NA,011,001,2024-02-08_14h42.32.608,PsychoPy Exp,2023.1.2,60.008917321408816
RealityY,ExpTrialStim/Square_B_Square_4.png,"In REALITY, there are TWO cubes",h,b,FB-Ig,2,2,0,1,1,0,1,1,0,2,B,-,SB1: SD2,SG: SP,0,206,206,45,NA,NA,NA,NA,NA,976.5423371999932,7.6679998892359e-4,977.2757477999984,977.3757779000008,0.8304427999973996,979.3091955999988,979.7092335000052,979.8112748999991,979.8112748999991,h,1,0.9265563000080874,980.7589093999997,980.7589093999997,980.7589093999997,980.7589093999997,NA,NA,NA,NA,NA,NA,011,001,2024-02-08_14h42.32.608,PsychoPy Exp,2023.1.2,60.008917321408816
BeliefN,ExpTrialStim/B_Square_2.png,Adam THINKS there is ONE cube,b,h,FB-Ig,1,1,0,0,0,0,1,1,0,1,B,PropTrueNoBelief,SC3,SG,0,207,207,201,NA,NA,NA,NA,NA,980.7589093999997,4.1880000208038e-4,981.492434300002,981.5925579000032,0.831388299993705,983.5255835999995,983.9259184999974,984.0279965999944,984.0279965999944,b,1,1.5021376000076998,985.558922199998,985.558922199998,985.558922199998,985.558922199998,NA,NA,NA,NA,NA,NA,011,001,2024-02-08_14h42.32.608,PsychoPy Exp,2023.1.2,60.008917321408816
KnowledgeY,ExpTrialStim/Square_Square_NB_3.png,Adam KNOWS there are TWO cubes,h,b,TB-K,2,2,0,2,2,0,0,0,0,2,NB,-,SA3: SB1,SG: SP,0,208,208,230,NA,NA,NA,NA,NA,985.558922199998,3.937000001315e-4,986.292421899998,986.392535299994,0.8294745000021067,988.3257492999984,988.7256867999968,988.8280556999962,988.8280556999962,h,1,1.1101130000024568,989.9591144000004,989.9591144000004,989.9591144000004,989.9591144000004,NA,NA,NA,NA,NA,NA,011,001,2024-02-08_14h42.32.608,PsychoPy Exp,2023.1.2,60.008917321408816
BeliefN,ExpTrialStim/Square_Square_NB_2.png,Adam THINKS there are ZERO cubes,b,h,TB-K,2,2,0,2,2,0,0,0,0,0,NB,PropFalse,SA2: SB3,SB: SG,0,209,209,175,NA,NA,NA,NA,NA,989.9591144000004,0.00198269999236799,990.6923868000011,990.7922729999992,0.8295864999963669,992.7258617000044,993.1258290999976,993.228070600002,993.228070600002,h,0,1.2060439999913797,994.4589552999968,994.4589552999968,994.4589552999968,994.4589552999968,NA,NA,NA,NA,NA,NA,011,001,2024-02-08_14h42.32.608,PsychoPy Exp,2023.1.2,60.008917321408816
KnowledgeN,ExpTrialStim/Triangle_Triangle_NB_3.png,Adam KNOWS there are TWO cubes,b,h,TB-K,2,0,2,2,0,2,0,0,0,2,NB,PropFalse,TA3: TB1,TR: TY,0,210,210,278,NA,NA,NA,NA,NA,994.4589552999968,4.6399999700952e-4,995.1923668999952,995.2925028000028,0.8312117999885231,997.2256892000004,997.6258578999988,997.7279153999988,997.7279153999988,b,1,1.002235099993413,998.7591293000004,998.7591293000004,998.7591293000004,998.7591293000004,NA,NA,NA,NA,NA,NA,011,001,2024-02-08_14h42.32.608,PsychoPy Exp,2023.1.2,60.008917321408816
RealityY,ExpTrialStim/Square_B_Square_6.png,"In REALITY, there are TWO cubes",h,b,FB-Ig,2,2,0,1,1,0,1,1,0,2,B,-,SB3: SC1,SP: SG,0,211,211,47,NA,NA,NA,NA,NA,998.7591293000004,0.00191620000987313,999.4924010999966,999.5924827999988,0.8294502000062494,1001.5256363999944,1001.9257806999958,1002.0279313999928,1002.0279313999928,h,1,0.9662415999919176,1003.0261160999944,1003.0261160999944,1003.0261160999944,1003.0261160999944,NA,NA,NA,NA,NA,NA,011,001,2024-02-08_14h42.32.608,PsychoPy Exp,2023.1.2,60.008917321408816
KnowledgeN,ExpTrialStim/Triangle_Triangle_B_9.png,Adam KNOWS there is ONE cube,b,h,TB-K-B,2,0,2,2,0,2,0,0,0,1,B,PropFalse,TA3: TB1,TO: TR,0,212,212,296,NA,NA,NA,NA,NA,1003.0261160999944,5.5390001216437e-4,1003.759021100006,1003.8589968000016,0.8314138000132516,1005.7924932000024,1006.1925067999982,1006.2945667000022,1006.2945667000022,b,1,1.8910395999992031,1008.2089156000002,1008.2089156000002,1008.2089156000002,1008.2089156000002,NA,NA,NA,NA,NA,NA,011,001,2024-02-08_14h42.32.608,PsychoPy Exp,2023.1.2,60.008917321408816
KnowledgeY,ExpTrialStim/Triangle_Triangle_B_1.png,Adam KNOWS there are ZERO cubes,h,b,TB-Ig,2,0,2,2,0,2,0,0,0,0,B,-,TA1: TB2,TY: TO,0,213,213,234,NA,NA,NA,NA,NA,1008.2089156000002,4.9489999946672e-4,1008.9423594999972,1009.0424643000006,0.8313150000030873,1010.9756295999978,1011.3757728000056,1011.4778171999932,1011.4778171999932,h,1,1.2200064000062412,1012.7258016999986,1012.7258016999986,1012.7258016999986,1012.7258016999986,NA,NA,NA,NA,NA,NA,011,001,2024-02-08_14h42.32.608,PsychoPy Exp,2023.1.2,60.008917321408816
RealityY,ExpTrialStim/Triangle_Triangle_B_4.png,"In REALITY, there are ZERO cubes",h,b,TB-K-B,2,0,2,2,0,2,0,0,0,0,B,-,TA2: TB1,TY: TR,0,214,214,29,NA,NA,NA,NA,NA,1012.7258016999986,0.00181659999361727,1013.4590224999992,1013.559139200006,0.8297197999927448,1015.4924423000048,1015.892497599998,1015.9945441000018,1015.9945441000018,h,1,1.7354839999898104,1017.7589587999972,1017.7589587999972,1017.7589587999972,1017.7589587999972,NA,NA,NA,NA,NA,NA,011,001,2024-02-08_14h42.32.608,PsychoPy Exp,2023.1.2,60.008917321408816
KnowledgeN,ExpTrialStim/Square_Triangle_B_10.png,Adam KNOWS there are TWO cubes,b,h,TB-K-B,2,1,1,2,1,1,0,0,0,2,B,PropFalse,SB1: TA2,SP: TY,0,215,215,305,NA,NA,NA,NA,NA,1017.7589587999972,0.00163629998860415,1018.4923244999954,1018.5924610999936,0.8298250999941956,1020.525769300002,1020.9257495000056,1021.0278202000044,1021.0278202000044,b,1,0.9022701999929268,1021.9589871000062,1021.9589871000062,1021.9589871000062,1021.9589871000062,NA,NA,NA,NA,NA,NA,011,001,2024-02-08_14h42.32.608,PsychoPy Exp,2023.1.2,60.008917321408816
KnowledgeY,ExpTrialStim/Square_Square_NB_5.png,Adam KNOWS there are TWO cubes,h,b,TB-K,2,2,0,2,2,0,0,0,0,2,NB,-,SA3: SB2,SB: SP,0,216,216,232,NA,NA,NA,NA,NA,1021.9589871000062,0.00174750000587664,1022.6922806999936,1022.7922825999996,0.8296607999945991,1024.7256525999985,1025.1257671000058,1025.2280721999996,1025.2280721999996,h,1,1.2540387000044575,1026.509001700004,1026.509001700004,1026.509001700004,1026.509001700004,NA,NA,NA,NA,NA,NA,011,001,2024-02-08_14h42.32.608,PsychoPy Exp,2023.1.2,60.008917321408816
KnowledgeY,ExpTrialStim/Square_Triangle_NB_3.png,Adam KNOWS there is ONE cube,h,b,TB-K,2,1,1,2,1,1,0,0,0,1,NB,-,SB3: TA2,SP: TY,0,217,217,227,NA,NA,NA,NA,NA,1026.509001700004,0.0019307999900775,1027.2422565000015,1027.3422464000032,0.8293704999960028,1029.2757281999948,1029.6757343999925,1029.778016800003,1029.778016800003,h,1,0.8880740000022342,1030.692236899995,1030.692236899995,1030.692236899995,1030.692236899995,NA,NA,NA,NA,NA,NA,011,001,2024-02-08_14h42.32.608,PsychoPy Exp,2023.1.2,60.008917321408816
BeliefY,ExpTrialStim/Square_Square_B_12.png,Adam THINKS there are TWO cubes,h,b,TB-K-B,2,2,0,2,2,0,0,0,0,2,B,-,SA1: SB3,SP: SG,0,218,218,145,NA,NA,NA,NA,NA,1030.692236899995,0.00180850000469945,1031.4256370999938,1031.5257648999975,0.8295253999967827,1033.4590560999932,1033.8590420999972,1033.9610915999947,1033.9610915999947,h,1,1.0569898999965517,1035.0421269999931,1035.0421269999931,1035.0421269999931,1035.0421269999931,NA,NA,NA,NA,NA,NA,011,001,2024-02-08_14h42.32.608,PsychoPy Exp,2023.1.2,60.008917321408816
BeliefY,ExpTrialStim/Square_B_2.png,Adam THINKS there is ONE cube,h,b,TB-Ig,1,1,0,1,1,0,0,0,0,1,B,-,SB2,SB,0,219,219,129,NA,NA,NA,NA,NA,1035.0421269999931,0.00181189998693298,1035.775585800002,1035.8756876999978,0.8295719999878202,1037.8088742999971,1038.209050999998,1038.3111232999945,1038.3111232999945,h,1,1.27496140000585,1039.6089978999953,1039.6089978999953,1039.6089978999953,1039.6089978999953,NA,NA,NA,NA,NA,NA,011,001,2024-02-08_14h42.32.608,PsychoPy Exp,2023.1.2,60.008917321408816
BeliefN,ExpTrialStim/Square_B_Triangle_1.png,Adam THINKS there are ZERO cubes,b,h,TB-Ig,2,1,1,1,1,0,1,0,1,0,B,PropFalse,SB1: TD3,SB: TO,0,220,220,186,NA,NA,NA,NA,NA,1039.6089978999953,0.00194270000793039,1040.3422559000028,1040.4423871000035,0.8296239000046626,1042.3757776999992,1042.7755666000012,1042.8778506999952,1042.8778506999952,b,1,2.020011100001284,1044.9256259999966,1044.9256259999966,1044.9256259999966,1044.9256259999966,NA,NA,NA,NA,NA,NA,011,001,2024-02-08_14h42.32.608,PsychoPy Exp,2023.1.2,60.008917321408816
BeliefY,ExpTrialStim/Square_Square_B_6.png,Adam THINKS there are TWO cubes,h,b,TB-K-B,2,2,0,2,2,0,0,0,0,2,B,-,SA1: SB3,SB: SG,0,221,221,139,NA,NA,NA,NA,NA,1044.9256259999966,0.00218519999179989,1045.6587102000049,1045.7590302000026,0.8294992000010097,1047.6923592999956,1048.0923935000028,1048.1945408000029,1048.1945408000029,h,1,0.87088999999105,1049.092098299996,1049.092098299996,1049.092098299996,1049.092098299996,NA,NA,NA,NA,NA,NA,011,001,2024-02-08_14h42.32.608,PsychoPy Exp,2023.1.2,60.008917321408816
BeliefY,ExpTrialStim/Square_B_Square_4.png,Adam THINKS there is ONE cube,h,b,FB-Ig,2,2,0,1,1,0,1,1,0,1,B,-,SB1: SD2,SG: SP,0,222,222,153,NA,NA,NA,NA,NA,1049.092098299996,4.1539999074302e-4,1049.8255274999974,1049.925686500006,0.8313808999955654,1051.8588935000007,1052.258991499999,1052.3611165000038,1052.3611165000038,b,0,2.384400099996128,1054.7754213000007,1054.7754213000007,1054.7754213000007,1054.7754213000007,NA,NA,NA,NA,NA,NA,011,001,2024-02-08_14h42.32.608,PsychoPy Exp,2023.1.2,60.008917321408816
BeliefY,ExpTrialStim/Triangle_NB_2.png,Adam THINKS there are ZERO cubes,h,b,TB-K,1,0,1,1,0,1,0,0,0,0,NB,-,TA3,TY,0,223,223,109,NA,NA,NA,NA,NA,1054.7754213000007,4.2820000089704e-4,1055.5087886999972,1055.608978899996,0.831310499997926,1057.542303299997,1057.942318100002,1058.044479899996,1058.044479899996,h,1,1.2455313999962527,1059.3089086999971,1059.3089086999971,1059.3089086999971,1059.3089086999971,NA,NA,NA,NA,NA,NA,011,001,2024-02-08_14h42.32.608,PsychoPy Exp,2023.1.2,60.008917321408816
RealityN,ExpTrialStim/Square_B_Square_2.png,"In REALITY, there are ZERO cubes",b,h,FB-Ig,2,2,0,1,1,0,1,1,0,0,B,PropFalse,SA2: SC3,SB: SP,0,224,224,97,NA,NA,NA,NA,NA,1059.3089086999971,0.0020063999982085,1060.0421930000011,1060.1423147000023,0.8295112000050722,1062.0754654000048,1062.4755773999932,1062.577720500005,1062.577720500005,b,1,1.039723599998979,1063.6420307999942,1063.6420307999942,1063.6420307999942,1063.6420307999942,NA,NA,NA,NA,NA,NA,011,001,2024-02-08_14h42.32.608,PsychoPy Exp,2023.1.2,60.008917321408816
RealityN,ExpTrialStim/Triangle_Triangle_B_2.png,"In REALITY, there is ONE cube",b,h,TB-K-B,2,0,2,2,0,2,0,0,0,1,B,PropFalse,TA2: TB3,TO: TR,0,225,225,81,NA,NA,NA,NA,NA,1063.6420307999942,5.2499999583233e-4,1064.3755074999935,1064.4756250999926,0.8312061000033282,1066.4087545999937,1066.8088535999996,1066.910961200003,1066.910961200003,b,1,0.7873323999956483,1067.7255450999946,1067.7255450999946,1067.7255450999946,1067.7255450999946,NA,NA,NA,NA,NA,NA,011,001,2024-02-08_14h42.32.608,PsychoPy Exp,2023.1.2,60.008917321408816
BeliefN,ExpTrialStim/Square_B_1.png,Adam THINKS there are ZERO cubes,b,h,TB-Ig,1,1,0,1,1,0,0,0,0,0,B,PropFalse,SA2,SG,0,226,226,182,NA,NA,NA,NA,NA,1067.7255450999946,0.00164550000044982,1068.4588519999961,1068.558791100004,0.8299379000090994,1070.4921496000024,1070.8922903000057,1070.9943759000016,1070.9943759000016,b,1,1.2949451000022236,1072.3085015999968,1072.3085015999968,1072.3085015999968,1072.3085015999968,NA,NA,NA,NA,NA,NA,011,001,2024-02-08_14h42.32.608,PsychoPy Exp,2023.1.2,60.008917321408816
KnowledgeN,ExpTrialStim/Square_Square_NB_6.png,Adam KNOWS there is ONE cube,b,h,TB-K,2,2,0,2,2,0,0,0,0,1,NB,PropFalse,SA1: SB3,SG: SB,0,227,227,287,NA,NA,NA,NA,NA,1072.3085015999968,4.8360000073444e-4,1073.0421356000006,1073.1423145000008,0.8313430999987759,1075.075562500002,1075.475629099994,1075.5778264999972,1075.5778264999972,b,1,0.768591899992316,1076.3753698999935,1076.3753698999935,1076.3753698999935,1076.3753698999935,NA,NA,NA,NA,NA,NA,011,001,2024-02-08_14h42.32.608,PsychoPy Exp,2023.1.2,60.008917321408816
RealityY,ExpTrialStim/Square_B_Triangle_2.png,"In REALITY, there is ONE cube",h,b,TB-Ig,2,1,1,1,1,0,1,0,1,1,B,-,SD3: TD2,SP: TY,0,228,228,25,NA,NA,NA,NA,NA,1076.3753698999935,0.00169620000815484,1077.108804100004,1077.2087374999974,0.8295461000088835,1079.1417940999963,1079.5422426000005,1079.644818000001,1079.644818000001,h,1,1.156606999997166,1080.8253511999935,1080.8253511999935,1080.8253511999935,1080.8253511999935,NA,NA,NA,NA,NA,NA,011,001,2024-02-08_14h42.32.608,PsychoPy Exp,2023.1.2,60.008917321408816
RealityY,ExpTrialStim/Triangle_B_Square_2.png,"In REALITY, there is ONE cube",h,b,FB-Ig,2,1,1,1,0,1,1,1,0,1,B,-,SC3: TB3,SP: TY,0,229,229,51,NA,NA,NA,NA,NA,1080.8253511999935,5.4539999109692e-4,1081.558775700003,1081.6588959999935,0.8312226999987615,1083.592218100006,1083.9920934999973,1084.0943394999922,1084.0943394999922,h,1,1.0595921000058297,1085.1753364000033,1085.1753364000033,1085.1753364000033,1085.1753364000033,NA,NA,NA,NA,NA,NA,011,001,2024-02-08_14h42.32.608,PsychoPy Exp,2023.1.2,60.008917321408816
KnowledgeN,ExpTrialStim/Square_Square_B_10.png,Adam KNOWS there are ZERO cubes,b,h,TB-K-B,2,2,0,2,2,0,0,0,0,0,B,PropFalse,SA2: SB1,SG: SB,0,230,230,301,NA,NA,NA,NA,NA,1085.1753364000033,0.00181240000529214,1085.9087431999942,1086.0087863999945,0.8295559999969555,1087.9420962000004,1088.3422057999996,1088.4442240000062,1088.4442240000062,b,1,0.6854469999962021,1089.1588147000002,1089.1588147000002,1089.1588147000002,1089.1588147000002,NA,NA,NA,NA,NA,NA,011,001,2024-02-08_14h42.32.608,PsychoPy Exp,2023.1.2,60.008917321408816
BeliefY,ExpTrialStim/Triangle_B_Square_2.png,Adam THINKS there are ZERO cubes,h,b,FB-Ig,2,1,1,1,0,1,1,1,0,0,B,-,SC3: TB3,SP: TY,0,231,231,159,NA,NA,NA,NA,NA,1089.1588147000002,0.00198690000979695,1089.8919641999964,1089.9922368999978,0.8295648000057554,1091.925656499996,1092.3255068,1092.427665399999,1092.427665399999,h,1,0.8861538999917684,1093.3419733000046,1093.3419733000046,1093.3419733000046,1093.3419733000046,NA,NA,NA,NA,NA,NA,011,001,2024-02-08_14h42.32.608,PsychoPy Exp,2023.1.2,60.008917321408816
BeliefY,ExpTrialStim/Square_NB_2.png,Adam THINKS there is ONE cube,h,b,TB-K,1,1,0,1,1,0,0,0,0,1,NB,-,SA3,SP,0,232,232,112,NA,NA,NA,NA,NA,1093.3419733000046,0.00156150000111665,1094.075457900006,1094.1754326999944,0.8298535000067204,1096.1089297,1096.5088525000028,1096.6109964999923,1096.6109964999923,h,1,0.8316263000015169,1097.4588228000066,1097.4588228000066,1097.4588228000066,1097.4588228000066,NA,NA,NA,NA,NA,NA,011,001,2024-02-08_14h42.32.608,PsychoPy Exp,2023.1.2,60.008917321408816
KnowledgeN,ExpTrialStim/Triangle_NB_1.png,Adam KNOWS there is ONE cube,b,h,TB-K,1,0,1,1,0,1,0,0,0,1,NB,PropFalse,TA1,TO,0,233,233,270,NA,NA,NA,NA,NA,1097.4588228000066,0.00195669999811798,1098.1921479000011,1098.292155999996,0.8293858999968506,1100.2255783,1100.6255550999922,1100.727640099998,1100.727640099998,b,1,1.2422700000024631,1101.9920242999942,1101.9920242999942,1101.9920242999942,1101.9920242999942,NA,NA,NA,NA,NA,NA,011,001,2024-02-08_14h42.32.608,PsychoPy Exp,2023.1.2,60.008917321408816
BeliefN,ExpTrialStim/Triangle_Triangle_B_5.png,Adam THINKS there is ONE cube,b,h,TB-K-B,2,0,2,2,0,2,0,0,0,1,B,PropFalse,TA3: TB2,TR: TO,0,234,234,188,NA,NA,NA,NA,NA,1101.9920242999942,0.00172080000629648,1102.7253219999984,1102.8253167999935,0.8295795000012731,1104.7586737999954,1105.1587959000026,1105.260915699997,1105.260915699997,b,1,0.7889271999883931,1106.0754607999988,1106.0754607999988,1106.0754607999988,1106.0754607999988,NA,NA,NA,NA,NA,NA,011,001,2024-02-08_14h42.32.608,PsychoPy Exp,2023.1.2,60.008917321408816
RealityN,ExpTrialStim/Square_B_Square_7.png,"In REALITY, there is ONE cube",b,h,FB-Ig,2,2,0,1,1,0,1,1,0,1,B,PropFalse,SA3: SC2,SG: SP,0,235,235,102,NA,NA,NA,NA,NA,1106.0754607999988,0.0016672999918228,1106.808701300004,1106.9088086999982,0.8295725999923889,1108.8421006999995,1109.2421283000003,1109.3442574999935,1109.3442574999935,b,1,1.1298849000013431,1110.492007199995,1110.492007199995,1110.492007199995,1110.492007199995,NA,NA,NA,NA,NA,NA,011,001,2024-02-08_14h42.32.608,PsychoPy Exp,2023.1.2,60.008917321408816
BeliefY,ExpTrialStim/Square_Square_NB_1.png,Adam THINKS there are TWO cubes,h,b,TB-K,2,2,0,2,2,0,0,0,0,2,NB,-,SA1: SB2,SP: SB,0,236,236,120,NA,NA,NA,NA,NA,1110.492007199995,0.0015140000032261,1111.2253501999949,1111.325542199993,0.8296831000043312,1113.2586281999977,1113.6586966000032,1113.7609327999962,1113.7609327999962,h,1,1.4335679999931017,1115.2253937999922,1115.2253937999922,1115.2253937999922,1115.2253937999922,NA,NA,NA,NA,NA,NA,011,001,2024-02-08_14h42.32.608,PsychoPy Exp,2023.1.2,60.008917321408816
RealityY,ExpTrialStim/Square_Square_B_4.png,"In REALITY, there are TWO cubes",h,b,TB-K-B,2,2,0,2,2,0,0,0,0,2,B,-,SA2: SB1,SG: SP,0,237,237,37,NA,NA,NA,NA,NA,1115.2253937999922,0.00169170000299345,1115.9587303000008,1116.0586011999983,0.8296313000028022,1117.9921553000022,1118.3919349000062,1118.4942229000008,1118.4942229000008,h,1,0.923417600002722,1119.4419995000062,1119.4419995000062,1119.4419995000062,1119.4419995000062,NA,NA,NA,NA,NA,NA,011,001,2024-02-08_14h42.32.608,PsychoPy Exp,2023.1.2,60.008917321408816
BeliefN,ExpTrialStim/Triangle_Triangle_B_7.png,Adam THINKS there are TWO cubes,b,h,TB-K-B,2,0,2,2,0,2,0,0,0,2,B,PropFalse,TA1: TB2,TR: TY,0,238,238,190,NA,NA,NA,NA,NA,1119.4419995000062,0.0016098000050988,1120.1753038000024,1120.275473799993,0.8298786000086693,1122.2086240999924,1122.6087576999998,1122.7109332999971,1122.7109332999971,b,1,0.8028266000037547,1123.5418879999925,1123.5418879999925,1123.5418879999925,1123.5418879999925,NA,NA,NA,NA,NA,NA,011,001,2024-02-08_14h42.32.608,PsychoPy Exp,2023.1.2,60.008917321408816
RealityN,ExpTrialStim/Square_Triangle_B_3.png,"In REALITY, there are TWO cubes",b,h,TB-K-B,2,1,1,2,1,1,0,0,0,2,B,PropFalse,SA3: TB1,SP: TY,0,239,239,90,NA,NA,NA,NA,NA,1123.5418879999925,0.00166249999892897,1124.2752610000025,1124.375253999999,0.8293737999920268,1126.308636799993,1126.7087624999986,1126.810883500002,1126.810883500002,b,1,1.6629325999965658,1128.492076800001,1128.492076800001,1128.492076800001,1128.492076800001,NA,NA,NA,NA,NA,NA,011,001,2024-02-08_14h42.32.608,PsychoPy Exp,2023.1.2,60.008917321408816
RealityN,ExpTrialStim/Square_Triangle_B_1.png,"In REALITY, there are ZERO cubes",b,h,TB-K-B,2,1,1,2,1,1,0,0,0,0,B,PropFalse,SA1: TB2,SG: TR,0,240,240,88,NA,NA,NA,NA,NA,1128.492076800001,0.00164499999664258,1129.2253001000065,1129.325453700003,0.8295442999951774,1131.258677299993,1131.6586910000042,1131.7607679000066,1131.7607679000066,b,1,1.2090483000065433,1132.9920333000046,1132.9920333000046,1132.9920333000046,1132.9920333000046,NA,NA,NA,NA,NA,NA,011,001,2024-02-08_14h42.32.608,PsychoPy Exp,2023.1.2,60.008917321408816
KnowledgeY,ExpTrialStim/Triangle_Triangle_B_7.png,Adam KNOWS there are ZERO cubes,h,b,TB-Ig,2,0,2,2,0,2,0,0,0,0,B,-,TA1: TB2,TR: TY,0,241,241,240,NA,NA,NA,NA,NA,1132.9920333000046,0.00171579999732784,1133.7253436000028,1133.8254210000014,0.8295604000013554,1135.7586591,1136.1587170999992,1136.261048100001,1136.261048100001,h,1,0.5882968999940204,1136.8751789999951,1136.8751789999951,1136.8751789999951,1136.8751789999951,NA,NA,NA,NA,NA,NA,011,001,2024-02-08_14h42.32.608,PsychoPy Exp,2023.1.2,60.008917321408816
RealityN,ExpTrialStim/Square_B_Square_8.png,"In REALITY, there is ONE cube",b,h,FB-Ig,2,2,0,1,1,0,1,1,0,1,B,PropFalse,SA1: SD2,SP: SG,0,242,242,103,NA,NA,NA,NA,NA,1136.8751789999951,6.0780000058002e-4,1137.6084518999996,1137.7085899999947,0.8308940999995684,1139.6418666999962,1140.042113200005,1140.1441906999971,1140.1441906999971,b,1,0.9851513000030536,1141.1589120999995,NA,1141.1589120999995,NA,space,27.27483770000981,NA,NA,NA,NA,011,001,2024-02-08_14h42.32.608,PsychoPy Exp,2023.1.2,60.008917321408816
KnowledgeY,ExpTrialStim/Triangle_Triangle_B_4.png,Adam KNOWS there are ZERO cubes,h,b,TB-Ig,2,0,2,2,0,2,0,0,0,0,B,-,TA2: TB1,TY: TR,0,243,243,237,NA,NA,NA,NA,NA,1168.4583568999951,0.00172419998853001,1169.1918533999997,1169.2920304,0.8316454999876441,1171.225310599999,1171.625234799998,1171.7274153000037,1171.7274153000037,h,1,0.5941443000047002,1172.3418461999972,1172.3418461999972,1172.3418461999972,1172.3418461999972,NA,NA,NA,NA,NA,NA,011,001,2024-02-08_14h42.32.608,PsychoPy Exp,2023.1.2,60.008917321408816
RealityN,ExpTrialStim/Triangle_Triangle_NB_1.png,"In REALITY, there is ONE cube",b,h,TB-K,2,0,2,2,0,2,0,0,0,1,NB,PropFalse,TA1: TB2,TY: TO,0,244,244,60,NA,NA,NA,NA,NA,1172.3418461999972,0.00154589999874588,1173.0751606999984,1173.1753692000057,0.8281903999886708,1175.1086047999995,1175.5086472999974,1175.6107976000058,1175.6107976000058,b,1,0.9107859999930952,1176.541694600004,1176.541694600004,1176.541694600004,1176.541694600004,NA,NA,NA,NA,NA,NA,011,001,2024-02-08_14h42.32.608,PsychoPy Exp,2023.1.2,60.008917321408816
KnowledgeN,ExpTrialStim/Triangle_Triangle_B_11.png,Adam KNOWS there are TWO cubes,b,h,TB-K-B,2,0,2,2,0,2,0,0,0,2,B,PropFalse,TA3: TB2,TO: TY,0,245,245,298,NA,NA,NA,NA,NA,1176.541694600004,0.00179140000545885,1177.2749622999982,1177.3750945999927,0.8292119999969145,1179.3086309999926,1179.7085394000023,1179.8107479000028,1179.8107479000028,b,1,1.2225573000032457,1181.0584631999957,1181.0584631999957,1181.0584631999957,1181.0584631999957,NA,NA,NA,NA,NA,NA,011,001,2024-02-08_14h42.32.608,PsychoPy Exp,2023.1.2,60.008917321408816
RealityY,ExpTrialStim/Triangle_Triangle_B_7.png,"In REALITY, there are ZERO cubes",h,b,TB-K-B,2,0,2,2,0,2,0,0,0,0,B,-,TA1: TB2,TR: TY,0,246,246,32,NA,NA,NA,NA,NA,1181.0584631999957,0.00120790000073611,1181.791759300002,1181.8919041000045,0.8306091999984346,1183.825289200002,1184.225249499999,1184.3273872999998,1184.3273872999998,b,0,0.61794799999916,1184.9751396000063,1184.9751396000063,1184.9751396000063,1184.9751396000063,NA,NA,NA,NA,NA,NA,011,001,2024-02-08_14h42.32.608,PsychoPy Exp,2023.1.2,60.008917321408816
BeliefY,ExpTrialStim/Square_Triangle_NB_2.png,Adam THINKS there is ONE cube,h,b,TB-K,2,1,1,2,1,1,0,0,0,1,NB,-,SB1: TB3,SB: TO,0,247,247,118,NA,NA,NA,NA,NA,1184.9751396000063,0.00173200000426732,1185.7084929999985,1185.8084333000006,0.8296950999938417,1187.7419576999964,1188.1418510999938,1188.2439389000065,1188.2439389000065,h,1,0.5736726000031922,1188.8417694999953,1188.8417694999953,1188.8417694999953,1188.8417694999953,NA,NA,NA,NA,NA,NA,011,001,2024-02-08_14h42.32.608,PsychoPy Exp,2023.1.2,60.008917321408816
RealityN,ExpTrialStim/Triangle_B_Triangle_2.png,"In REALITY, there are TWO cubes",b,h,TB-Ig,2,0,2,1,0,1,1,0,1,2,B,PropFalse,TB1: TC2,TO: TY,0,248,248,77,NA,NA,NA,NA,NA,1188.8417694999953,0.00179330000537447,1189.575104699994,1189.6751034000044,0.8295060999953421,1191.6085947999964,1192.0084435000026,1192.1105299000046,1192.1105299000046,b,1,0.8030312999908347,1192.9418300999969,1192.9418300999969,1192.9418300999969,1192.9418300999969,NA,NA,NA,NA,NA,NA,011,001,2024-02-08_14h42.32.608,PsychoPy Exp,2023.1.2,60.008917321408816
KnowledgeY,ExpTrialStim/Square_Square_B_2.png,Adam KNOWS there are TWO cubes,h,b,TB-K-B,2,2,0,2,2,0,0,0,0,2,B,-,SA2: SB3,SB: SP,0,249,249,247,NA,NA,NA,NA,NA,1192.9418300999969,0.00200890000269282,1193.675097200001,1193.775081800006,0.8295752999983961,1195.7085669999942,1196.108474099994,1196.2106305000052,1196.2106305000052,h,1,0.8389566999976523,1197.0751904999925,1197.0751904999925,1197.0751904999925,1197.0751904999925,NA,NA,NA,NA,NA,NA,011,001,2024-02-08_14h42.32.608,PsychoPy Exp,2023.1.2,60.008917321408816
RealityY,ExpTrialStim/Square_Triangle_NB_2.png,"In REALITY, there is ONE cube",h,b,TB-K,2,1,1,2,1,1,0,0,0,1,NB,-,SB1: TB3,SB: TO,0,250,250,10,NA,NA,NA,NA,NA,1197.0751904999925,0.00195289999828673,1197.8083956000046,1197.9084519000023,0.8296132999967085,1199.8418502999994,1200.2418661999982,1200.3440021999995,1200.3440021999995,h,1,0.6415700000070501,1201.008475900002,1201.008475900002,1201.008475900002,1201.008475900002,NA,NA,NA,NA,NA,NA,011,001,2024-02-08_14h42.32.608,PsychoPy Exp,2023.1.2,60.008917321408816
BeliefY,ExpTrialStim/Square_Triangle_NB_1.png,Adam THINKS there is ONE cube,h,b,TB-K,2,1,1,2,1,1,0,0,0,1,NB,-,SA2: TB1,SG: TR,0,251,251,117,NA,NA,NA,NA,NA,1201.008475900002,0.0019243999995524,1201.7417462000012,1201.8418631999955,0.8295896000054199,1203.7752588000003,1204.175198900004,1204.2773076000012,1204.2773076000012,h,1,1.099898199987365,1205.4083040999976,1205.4083040999976,1205.4083040999976,1205.4083040999976,NA,NA,NA,NA,NA,NA,011,001,2024-02-08_14h42.32.608,PsychoPy Exp,2023.1.2,60.008917321408816
BeliefN,ExpTrialStim/Square_Triangle_NB_1.png,Adam THINKS there are ZERO cubes,b,h,TB-K,2,1,1,2,1,1,0,0,0,0,NB,PropFalse,SA2: TB1,SG: TR,0,252,252,171,NA,NA,NA,NA,NA,1205.4083040999976,4.7189999895635e-4,1206.1417488000006,1206.241871399994,0.83131159999175,1208.1750635000062,1208.575196100006,1208.6773352000018,1208.6773352000018,b,1,3.3242382000025827,1212.025118999998,1212.025118999998,1212.025118999998,1212.025118999998,NA,NA,NA,NA,NA,NA,011,001,2024-02-08_14h42.32.608,PsychoPy Exp,2023.1.2,60.008917321408816
RealityY,ExpTrialStim/Square_Square_B_2.png,"In REALITY, there are TWO cubes",h,b,TB-K-B,2,2,0,2,2,0,0,0,0,2,B,-,SA2: SB3,SB: SP,0,253,253,35,NA,NA,NA,NA,NA,1212.025118999998,0.00216269999509677,1212.7583954000002,1212.8585346000036,0.8295393000007607,1214.7918645000027,1215.1917622000035,1215.2939674999943,1215.2939674999943,h,1,2.035199799996917,1217.3582050999976,1217.3582050999976,1217.3582050999976,1217.3582050999976,NA,NA,NA,NA,NA,NA,011,001,2024-02-08_14h42.32.608,PsychoPy Exp,2023.1.2,60.008917321408816
KnowledgeN,ExpTrialStim/Triangle_B_Square_2.png,Adam KNOWS there are ZERO cubes,b,h,FB-Ig,2,1,1,1,0,1,1,1,0,0,B,PropFalse,SC3: TB3,SP: TY,0,254,254,321,NA,NA,NA,NA,NA,1217.3582050999976,5.7550000201445e-4,1218.0916825000022,1218.1917119999998,0.8312226999987615,1220.125036700003,1220.5250048000016,1220.6272836999997,1220.6272836999997,b,1,1.014525100006722,1221.6583367999992,1221.6583367999992,1221.6583367999992,1221.6583367999992,NA,NA,NA,NA,NA,NA,011,001,2024-02-08_14h42.32.608,PsychoPy Exp,2023.1.2,60.008917321408816
BeliefY,ExpTrialStim/Square_B_Square_5.png,Adam THINKS there is ONE cube,h,b,FB-Ig,2,2,0,1,1,0,1,1,0,1,B,-,SB2: SD3,SB: SG,0,255,255,154,NA,NA,NA,NA,NA,1221.6583367999992,8.5879999096505e-4,1222.391759799997,1222.4918107999983,0.8307063999964157,1224.4251523999992,1224.8249699000007,1224.9273347999988,1224.9273347999988,h,1,1.6102263999928257,1226.5584320000053,1226.5584320000053,1226.5584320000053,1226.5584320000053,NA,NA,NA,NA,NA,NA,011,001,2024-02-08_14h42.32.608,PsychoPy Exp,2023.1.2,60.008917321408816
BeliefY,ExpTrialStim/B_Square_4.png,Adam THINKS there are ZERO cubes,h,b,FB-Ig,1,1,0,0,0,0,1,1,0,0,B,-,SD2,SB,0,256,256,149,NA,NA,NA,NA,NA,1226.5584320000053,0.00179260000004433,1227.2916515999968,1227.391791899994,0.8295589000044856,1229.325132500002,1229.7248801999958,1229.8272536000004,1229.8272536000004,h,1,0.7103196999960346,1230.5583915000025,1230.5583915000025,1230.5583915000025,1230.5583915000025,NA,NA,NA,NA,NA,NA,011,001,2024-02-08_14h42.32.608,PsychoPy Exp,2023.1.2,60.008917321408816
BeliefN,ExpTrialStim/Square_Square_NB_5.png,Adam THINKS there is ONE cube,b,h,TB-K,2,2,0,2,2,0,0,0,0,1,NB,PropFalse,SA3: SB2,SB: SP,0,257,257,178,NA,NA,NA,NA,NA,1230.5583915000025,0.00193300000682938,1231.2916567999928,1231.3918325999985,0.8295237999991514,1233.3251219999947,1233.7251023999995,1233.8272331000044,1233.8272331000044,b,1,1.206192400000873,1235.0583405999932,1235.0583405999932,1235.0583405999932,1235.0583405999932,NA,NA,NA,NA,NA,NA,011,001,2024-02-08_14h42.32.608,PsychoPy Exp,2023.1.2,60.008917321408816
BeliefN,ExpTrialStim/Triangle_Triangle_NB_3.png,Adam THINKS there are TWO cubes,b,h,TB-K,2,0,2,2,0,2,0,0,0,2,NB,PropFalse,TA3: TB1,TR: TY,0,258,258,170,NA,NA,NA,NA,NA,1235.0583405999932,0.0019380000012461,1235.7916407000012,1235.891775199998,0.8296172999980627,1237.8251289000036,1238.2254813000036,1238.3272102000046,1238.3272102000046,b,1,0.9622050000034506,1239.3083867999958,1239.3083867999958,1239.3083867999958,1239.3083867999958,NA,NA,NA,NA,NA,NA,011,001,2024-02-08_14h42.32.608,PsychoPy Exp,2023.1.2,60.008917321408816
BeliefN,ExpTrialStim/Square_B_Square_5.png,Adam THINKS there are TWO cubes,b,h,FB-Ig,2,2,0,1,1,0,1,1,0,2,B,PropTrueNoBelief,SB2: SD3,SB: SG,0,259,259,208,NA,NA,NA,NA,NA,1239.3083867999958,0.00179810001282021,1240.041639300005,1240.141753200005,0.829393500011065,1242.0749708999938,1242.475028600005,1242.5771707999957,1242.5771707999957,b,1,1.1842024000070523,1243.791655699999,1243.791655699999,1243.791655699999,1243.791655699999,NA,NA,NA,NA,NA,NA,011,001,2024-02-08_14h42.32.608,PsychoPy Exp,2023.1.2,60.008917321408816
KnowledgeN,ExpTrialStim/Square_NB_3.png,Adam KNOWS there are TWO cubes,b,h,TB-K,1,1,0,1,1,0,0,0,0,2,NB,PropFalse,SB2,SG,0,260,260,275,NA,NA,NA,NA,NA,1243.791655699999,0.00167440000222995,1244.524943299999,1244.625071100003,0.8298308000084944,1246.5584148000053,1246.9583882000006,1247.0605737000003,1247.0605737000003,b,1,0.916899399991962,1248.008350499993,1248.008350499993,1248.008350499993,1248.008350499993,NA,NA,NA,NA,NA,NA,011,001,2024-02-08_14h42.32.608,PsychoPy Exp,2023.1.2,60.008917321408816
RealityN,ExpTrialStim/Square_Square_B_2.png,"In REALITY, there are ZERO cubes",b,h,TB-K-B,2,2,0,2,2,0,0,0,0,0,B,PropFalse,SA2: SB3,SB: SP,0,261,261,85,NA,NA,NA,NA,NA,1248.008350499993,0.00194590000319294,1248.7415933000011,1248.8417250000057,0.8295447000127751,1250.7748263999963,1251.1750031999982,1251.2771089000016,1251.2771089000016,b,1,0.6046888000128092,1251.908128199997,1251.908128199997,1251.908128199997,1251.908128199997,NA,NA,NA,NA,NA,NA,011,001,2024-02-08_14h42.32.608,PsychoPy Exp,2023.1.2,60.008917321408816
BeliefN,ExpTrialStim/Triangle_B_Square_4.png,Adam THINKS there are TWO cubes,b,h,FB-Ig,2,1,1,1,0,1,1,1,0,2,B,PropFalse,SD3: TB1,SB: TO,0,262,262,215,NA,NA,NA,NA,NA,1251.908128199997,0.00193779999972321,1252.641468400005,1252.7417019999991,0.829644899989944,1254.6750549999997,1255.074984299994,1255.1770760999934,1255.1770760999934,b,1,1.4403565999964485,1256.6416000000029,1256.6416000000029,1256.6416000000029,1256.6416000000029,NA,NA,NA,NA,NA,NA,011,001,2024-02-08_14h42.32.608,PsychoPy Exp,2023.1.2,60.008917321408816
KnowledgeY,ExpTrialStim/Triangle_Triangle_B_8.png,Adam KNOWS there are ZERO cubes,h,b,TB-Ig,2,0,2,2,0,2,0,0,0,0,B,-,TA2: TB3,TY:TO,0,263,263,241,NA,NA,NA,NA,NA,1256.6416000000029,0.00183969999488908,1257.3748969000007,1257.4750244000024,0.8294674999924609,1259.4082082999955,1259.808382499992,1259.910478100006,1259.910478100006,h,1,1.2188363000022946,1261.1581655000043,1261.1581655000043,1261.1581655000043,1261.1581655000043,NA,NA,NA,NA,NA,NA,011,001,2024-02-08_14h42.32.608,PsychoPy Exp,2023.1.2,60.008917321408816
RealityN,ExpTrialStim/Square_Square_NB_6.png,"In REALITY, there is ONE cube",b,h,TB-K,2,2,0,2,2,0,0,0,0,1,NB,PropFalse,SA1: SB3,SG: SB,0,264,264,71,NA,NA,NA,NA,NA,1261.1581655000043,0.00194319999718572,1261.8915370000032,1261.9917140000034,0.829875199997332,1263.9250033999997,1264.324916700003,1264.4273594999977,1264.4273594999977,b,1,1.014691499993205,1265.4583170999977,1265.4583170999977,1265.4583170999977,1265.4583170999977,NA,NA,NA,NA,NA,NA,011,001,2024-02-08_14h42.32.608,PsychoPy Exp,2023.1.2,60.008917321408816
BeliefN,ExpTrialStim/Square_B_Square_6.png,Adam THINKS there are TWO cubes,b,h,FB-Ig,2,2,0,1,1,0,1,1,0,2,B,PropTrueNoBelief,SB3: SC1,SP: SG,0,265,265,209,NA,NA,NA,NA,NA,1265.4583170999977,0.00196120000327937,1266.191585499997,1266.2917187999992,0.8294621000095503,1268.225000899998,1268.6250389000052,1268.7271398000012,1268.7271398000012,b,1,1.425652899997658,1270.1748017000064,1270.1748017000064,1270.1748017000064,1270.1748017000064,NA,NA,NA,NA,NA,NA,011,001,2024-02-08_14h42.32.608,PsychoPy Exp,2023.1.2,60.008917321408816
RealityY,ExpTrialStim/Triangle_Triangle_NB_3.png,"In REALITY, there are ZERO cubes",h,b,TB-K,2,0,2,2,0,2,0,0,0,0,NB,-,TA3: TB1,TR: TY,0,266,266,8,NA,NA,NA,NA,NA,1270.1748017000064,4.7189999895635e-4,1270.908182500003,1271.0083444000047,0.8312846000044374,1272.9415313999923,1273.341696699994,1273.4437172000034,1273.4437172000034,h,1,2.2612472000037087,1275.724742899998,1275.724742899998,1275.724742899998,1275.724742899998,NA,NA,NA,NA,NA,NA,011,001,2024-02-08_14h42.32.608,PsychoPy Exp,2023.1.2,60.008917321408816
RealityY,ExpTrialStim/B_Square_2.png,"In REALITY, there is ONE cube",h,b,FB-Ig,1,1,0,0,0,0,1,1,0,1,B,-,SC3,SG,0,267,267,39,NA,NA,NA,NA,NA,1275.724742899998,0.00116470000648405,1276.458171899998,1276.558309700005,0.8306866000057198,1278.4914594000002,1278.8915945000044,1278.993837899994,1278.993837899994,h,1,1.8879452000110175,1280.9081446000057,1280.9081446000057,1280.9081446000057,1280.9081446000057,NA,NA,NA,NA,NA,NA,011,001,2024-02-08_14h42.32.608,PsychoPy Exp,2023.1.2,60.008917321408816
RealityN,ExpTrialStim/Triangle_B_Square_3.png,"In REALITY, there are TWO cubes",b,h,FB-Ig,2,1,1,1,0,1,1,1,0,2,B,PropFalse,SD1: TA2,SG: TR,0,268,268,106,NA,NA,NA,NA,NA,1280.9081446000057,0.00193319999380037,1281.6412392000057,1281.741597500004,0.8291291999921668,1283.6749379999965,1284.0749416000035,1284.1771125999949,1284.1771125999949,b,1,2.055766699995729,1286.2580506999948,1286.2580506999948,1286.2580506999948,1286.2580506999948,NA,NA,NA,NA,NA,NA,011,001,2024-02-08_14h42.32.608,PsychoPy Exp,2023.1.2,60.008917321408816
KnowledgeN,ExpTrialStim/Triangle_NB_3.png,Adam KNOWS there are TWO cubes,b,h,TB-K,1,0,1,1,0,1,0,0,0,2,NB,PropFalse,TB2,TR,0,269,269,272,NA,NA,NA,NA,NA,1286.2580506999948,4.5390000741463e-4,1286.9914445000031,1287.091584099995,0.8313523000106215,1289.0249788999936,1289.424824600006,1289.5270596000046,1289.5270596000046,b,1,1.193949900000007,1290.7414698999928,1290.7414698999928,1290.7414698999928,1290.7414698999928,NA,NA,NA,NA,NA,NA,011,001,2024-02-08_14h42.32.608,PsychoPy Exp,2023.1.2,60.008917321408816
KnowledgeY,ExpTrialStim/Triangle_Triangle_B_5.png,Adam KNOWS there are ZERO cubes,h,b,TB-Ig,2,0,2,2,0,2,0,0,0,0,B,-,TA3: TB2,TR: TO,0,270,270,238,NA,NA,NA,NA,NA,1290.7414698999928,0.00118859999929554,1291.474821099997,1291.5749299000015,0.8306503000058001,1293.5081083999976,1293.908243400001,1294.0105943999952,1294.0105943999952,h,1,3.1507306000130484,1297.1915433999966,1297.1915433999966,1297.1915433999966,1297.1915433999966,NA,NA,NA,NA,NA,NA,011,001,2024-02-08_14h42.32.608,PsychoPy Exp,2023.1.2,60.008917321408816
BeliefY,ExpTrialStim/Triangle_NB_1.png,Adam THINKS there are ZERO cubes,h,b,TB-K,1,0,1,1,0,1,0,0,0,0,NB,-,TA1,TO,0,271,271,108,NA,NA,NA,NA,NA,1297.1915433999966,0.00182079999649431,1297.9247589000006,1298.0249015000009,0.8295166000025347,1299.9582339000044,1300.3582176000054,1300.460183499992,1300.460183499992,h,1,1.4608669000008376,1301.9414468000032,1301.9414468000032,1301.9414468000032,1301.9414468000032,NA,NA,NA,NA,NA,NA,011,001,2024-02-08_14h42.32.608,PsychoPy Exp,2023.1.2,60.008917321408816
BeliefY,ExpTrialStim/Square_B_Square_8.png,Adam THINKS there is ONE cube,h,b,FB-Ig,2,2,0,1,1,0,1,1,0,1,B,-,SA1: SD2,SP: SG,0,272,272,157,NA,NA,NA,NA,NA,1301.9414468000032,0.00180460000410676,1302.674759100002,1302.7747673999984,0.8297559000056935,1304.708044400002,1305.1081661000062,1305.2103803999926,1305.2103803999926,h,1,1.1028514999925392,1306.341484000004,1306.341484000004,1306.341484000004,1306.341484000004,NA,NA,NA,NA,NA,NA,011,001,2024-02-08_14h42.32.608,PsychoPy Exp,2023.1.2,60.008917321408816
RealityY,ExpTrialStim/Square_B_Triangle_1.png,"In REALITY, there is ONE cube",h,b,TB-Ig,2,1,1,1,1,0,1,0,1,1,B,-,SB1: TD3,SB: TO,0,273,273,24,NA,NA,NA,NA,NA,1306.341484000004,0.00207999999111052,1307.0747418999963,1307.1748412000015,0.8294748999906005,1309.1081418999966,1309.508166300002,1309.610285799994,1309.610285799994,h,1,1.9838945000083184,1311.6245853,1311.6245853,1311.6245853,1311.6245853,NA,NA,NA,NA,NA,NA,011,001,2024-02-08_14h42.32.608,PsychoPy Exp,2023.1.2,60.008917321408816
BeliefN,ExpTrialStim/Triangle_NB_2.png,Adam THINKS there is ONE cube,b,h,TB-K,1,0,1,1,0,1,0,0,0,1,NB,PropFalse,TA3,TY,0,274,274,163,NA,NA,NA,NA,NA,1311.6245853,4.6569999540224e-4,1312.357839599994,1312.4579019999946,0.8310628000035649,1314.3913457000017,1314.7915249999933,1314.8937180000066,1314.8937180000066,b,1,3.1166987999895355,1318.0412791999988,1318.0412791999988,1318.0412791999988,1318.0412791999988,NA,NA,NA,NA,NA,NA,011,001,2024-02-08_14h42.32.608,PsychoPy Exp,2023.1.2,60.008917321408816
RealityN,ExpTrialStim/Square_B_Square_6.png,"In REALITY, there is ONE cube",b,h,FB-Ig,2,2,0,1,1,0,1,1,0,1,B,PropFalse,SB3: SC1,SP: SG,0,275,275,101,NA,NA,NA,NA,NA,1318.0412791999988,0.00185709999641403,1318.7747361999936,1318.874736800004,0.8292807999969227,1320.8080908999982,1321.2080165999942,1321.3102895000047,1321.3102895000047,b,1,2.3315782000136096,1323.6579238999984,1323.6579238999984,1323.6579238999984,1323.6579238999984,NA,NA,NA,NA,NA,NA,011,001,2024-02-08_14h42.32.608,PsychoPy Exp,2023.1.2,60.008917321408816
RealityY,ExpTrialStim/Square_Square_NB_2.png,"In REALITY, there are TWO cubes",h,b,TB-K,2,2,0,2,2,0,0,0,0,2,NB,-,SA2: SB3,SB: SG,0,276,276,13,NA,NA,NA,NA,NA,1323.6579238999984,8.5799999942537e-4,1324.3912579000023,1324.4913378000056,0.830010299992864,1326.4248096999945,1326.8247130999953,1326.9270462999991,1326.9270462999991,h,1,2.1460737000015797,1329.0912085000018,1329.0912085000018,1329.0912085000018,1329.0912085000018,NA,NA,NA,NA,NA,NA,011,001,2024-02-08_14h42.32.608,PsychoPy Exp,2023.1.2,60.008917321408816
RealityN,ExpTrialStim/Square_NB_1.png,"In REALITY, there are ZERO cubes",b,h,TB-K,1,1,0,1,1,0,0,0,0,0,NB,PropFalse,SA1,SB,0,277,277,57,NA,NA,NA,NA,NA,1329.0912085000018,0.00173590000486001,1329.8245549999992,1329.9248151000063,0.8297959000046831,1331.8580609000055,1332.258141600003,1332.3604010999989,1332.3604010999989,b,1,1.0084425000095507,1333.3913049999974,1333.3913049999974,1333.3913049999974,1333.3913049999974,NA,NA,NA,NA,NA,NA,011,001,2024-02-08_14h42.32.608,PsychoPy Exp,2023.1.2,60.008917321408816
KnowledgeN,ExpTrialStim/Square_B_Triangle_2.png,Adam KNOWS there is ONE cube,b,h,TB-Ig,2,1,1,1,1,0,1,0,1,1,B,PropTrueNoKnowledge,SD3: TD2,SP: TY,0,278,278,295,NA,NA,NA,NA,NA,1333.3913049999974,8.0610001168679e-4,1334.124654500003,1334.2247848999978,0.8309086000081152,1336.1581286,1336.558137700005,1336.6602837999965,1336.6602837999965,b,1,1.5649778000079095,1338.2412839000026,1338.2412839000026,1338.2412839000026,1338.2412839000026,NA,NA,NA,NA,NA,NA,011,001,2024-02-08_14h42.32.608,PsychoPy Exp,2023.1.2,60.008917321408816
KnowledgeN,ExpTrialStim/Square_Square_NB_1.png,Adam KNOWS there are ZERO cubes,b,h,TB-K,2,2,0,2,2,0,0,0,0,0,NB,PropFalse,SA1: SB2,SP: SB,0,279,279,282,NA,NA,NA,NA,NA,1338.2412839000026,4.9390000640414e-4,1338.974657800005,1339.0747994999983,0.831095000001369,1341.008136599994,1341.408060300004,1341.5103203000035,1341.5103203000035,b,1,2.547703400006867,1344.0747324999977,1344.0747324999977,1344.0747324999977,1344.0747324999977,NA,NA,NA,NA,NA,NA,011,001,2024-02-08_14h42.32.608,PsychoPy Exp,2023.1.2,60.008917321408816
BeliefY,ExpTrialStim/Triangle_B_Square_1.png,Adam THINKS there are ZERO cubes,h,b,FB-Ig,2,1,1,1,0,1,1,1,0,0,B,-,SC1: TA1,SB: TO,0,280,280,158,NA,NA,NA,NA,NA,1344.0747324999977,0.00173030000587459,1344.808007400003,1344.9081026000058,0.8293185000075027,1346.841497100002,1347.2414205999958,1347.3435538000049,1347.3435538000049,h,1,2.1379999999917345,1349.5080257999944,1349.5080257999944,1349.5080257999944,1349.5080257999944,NA,NA,NA,NA,NA,NA,011,001,2024-02-08_14h42.32.608,PsychoPy Exp,2023.1.2,60.008917321408816
KnowledgeY,ExpTrialStim/Triangle_NB_1.png,Adam KNOWS there are ZERO cubes,h,b,TB-K,1,0,1,1,0,1,0,0,0,0,NB,-,TA1,TO,0,281,281,216,NA,NA,NA,NA,NA,1349.5080257999944,0.00168210000265389,1350.241278699992,1350.341445900005,0.8295150000049034,1352.2745748000016,1352.6747249000036,1352.7767924999937,1352.7767924999937,h,1,1.0011123000003863,1353.8079815999954,1353.8079815999954,1353.8079815999954,1353.8079815999954,NA,NA,NA,NA,NA,NA,011,001,2024-02-08_14h42.32.608,PsychoPy Exp,2023.1.2,60.008917321408816
RealityY,ExpTrialStim/Square_Square_NB_3.png,"In REALITY, there are TWO cubes",h,b,TB-K,2,2,0,2,2,0,0,0,0,2,NB,-,SA3: SB1,SG: SP,0,282,282,14,NA,NA,NA,NA,NA,1353.8079815999954,0.00170209999487269,1354.541273499999,1354.6413978000055,0.8295600999990711,1356.5747771000024,1356.9747139999963,1357.0768227999945,1357.0768227999945,h,1,0.9561532999941846,1358.0579266999994,1358.0579266999994,1358.0579266999994,1358.0579266999994,NA,NA,NA,NA,NA,NA,011,001,2024-02-08_14h42.32.608,PsychoPy Exp,2023.1.2,60.008917321408816
BeliefY,ExpTrialStim/B_Square_1.png,Adam THINKS there are ZERO cubes,h,b,FB-Ig,1,1,0,0,0,0,1,1,0,0,B,-,SC2,SG,0,283,283,146,NA,NA,NA,NA,NA,1358.0579266999994,0.001464599990868,1358.791297799995,1358.8913773999957,0.829838399993605,1360.8413997000025,1361.241438600002,1361.3434904000023,1361.3434904000023,h,1,0.9856188999983716,1362.3580124,1362.3580124,1362.3580124,1362.3580124,NA,NA,NA,NA,NA,NA,011,001,2024-02-08_14h42.32.608,PsychoPy Exp,2023.1.2,60.008917321408816
RealityN,ExpTrialStim/Square_NB_3.png,"In REALITY, there are TWO cubes",b,h,TB-K,1,1,0,1,1,0,0,0,0,2,NB,PropFalse,SB2,SG,0,284,284,59,NA,NA,NA,NA,NA,1362.3580124,0.00165500000002793,1363.0912352000014,1363.1913429999986,0.829492000004393,1365.1245322000032,1365.5247296000016,1365.6268707999989,1365.6268707999989,b,1,1.1582540000090376,1366.808015799994,1366.808015799994,1366.808015799994,1366.808015799994,NA,NA,NA,NA,NA,NA,011,001,2024-02-08_14h42.32.608,PsychoPy Exp,2023.1.2,60.008917321408816
BeliefN,ExpTrialStim/Square_Triangle_B_7.png,Adam THINKS there are TWO cubes,b,h,TB-K-B,2,1,1,2,1,1,0,0,0,2,B,PropFalse,SA1: TB3,SB: TO,0,285,285,198,NA,NA,NA,NA,NA,1366.808015799994,0.0016944999952102,1367.5412415000028,1367.6413851999969,0.8296390999894356,1369.5746781000053,1369.974673999997,1370.0767186000012,1370.0767186000012,b,1,0.7488355999958003,1370.8411320000014,1370.8411320000014,1370.8411320000014,1370.8411320000014,NA,NA,NA,NA,NA,NA,011,001,2024-02-08_14h42.32.608,PsychoPy Exp,2023.1.2,60.008917321408816
RealityY,ExpTrialStim/Square_Square_NB_5.png,"In REALITY, there are TWO cubes",h,b,TB-K,2,2,0,2,2,0,0,0,0,2,NB,-,SA3: SB2,SB: SP,0,286,286,16,NA,NA,NA,NA,NA,1370.8411320000014,0.00180709999403916,1371.5745319999987,1371.6744345000045,0.8293160000030184,1373.6080046999996,1374.0078727999935,1374.1101454000018,1374.1101454000018,h,1,1.5229287000111071,1375.6579424999943,1375.6579424999943,1375.6579424999943,1375.6579424999943,NA,NA,NA,NA,NA,NA,011,001,2024-02-08_14h42.32.608,PsychoPy Exp,2023.1.2,60.008917321408816
KnowledgeN,ExpTrialStim/B_Square_4.png,Adam KNOWS there is ONE cube,b,h,FB-Ig,1,1,0,0,0,0,1,1,0,1,B,PropTrueNoKnowledge,SD2,SB,0,287,287,311,NA,NA,NA,NA,NA,1375.6579424999943,0.00164299999596551,1376.3912880999997,1376.4913126000029,0.8295783000066876,1378.4244729000056,1378.824682499995,1378.926941800004,1378.926941800004,b,1,1.2668577000004009,1380.2245204000064,1380.2245204000064,1380.2245204000064,1380.2245204000064,NA,NA,NA,NA,NA,NA,011,001,2024-02-08_14h42.32.608,PsychoPy Exp,2023.1.2,60.008917321408816
RealityN,ExpTrialStim/Square_Square_B_1.png,"In REALITY, there are ZERO cubes",b,h,TB-K-B,2,2,0,2,2,0,0,0,0,0,B,PropFalse,SA1: SB2,SP: SG,0,288,288,84,NA,NA,NA,NA,NA,1380.2245204000064,0.00150790000043343,1380.9578448999964,1381.0577346000064,0.8296907000039937,1382.991152699993,1383.3913030999977,1383.493414800003,1383.493414800003,b,1,0.6675613999977941,1384.1912626999983,1384.1912626999983,1384.1912626999983,1384.1912626999983,NA,NA,NA,NA,NA,NA,011,001,2024-02-08_14h42.32.608,PsychoPy Exp,2023.1.2,60.008917321408816
BeliefY,ExpTrialStim/Square_NB_3.png,Adam THINKS there is ONE cube,h,b,TB-K,1,1,0,1,1,0,0,0,0,1,NB,-,SB2,SG,0,289,289,113,NA,NA,NA,NA,NA,1384.1912626999983,0.00176959999953396,1384.9245751999988,1385.0246306000045,0.8295865999971284,1386.9580388000031,1387.357964900002,1387.4601570999948,1387.4601570999948,h,1,0.8206486999988556,1388.3078720000049,1388.3078720000049,1388.3078720000049,1388.3078720000049,NA,NA,NA,NA,NA,NA,011,001,2024-02-08_14h42.32.608,PsychoPy Exp,2023.1.2,60.008917321408816
RealityN,ExpTrialStim/B_Square_2.png,"In REALITY, there are TWO cubes",b,h,FB-Ig,1,1,0,0,0,0,1,1,0,2,B,PropFalse,SC3,SG,0,290,290,93,NA,NA,NA,NA,NA,1388.3078720000049,0.00168390000180806,1389.0411682999984,1389.1411385999963,0.8294526999961818,1391.074669900001,1391.474572399995,1391.576750799999,1391.576750799999,b,1,3.944268200008082,1395.5410398999957,1395.5410398999957,1395.5410398999957,1395.5410398999957,NA,NA,NA,NA,NA,NA,011,001,2024-02-08_14h42.32.608,PsychoPy Exp,2023.1.2,60.008917321408816
BeliefN,ExpTrialStim/Square_NB_2.png,Adam THINKS there are TWO cubes,b,h,TB-K,1,1,0,1,1,0,0,0,0,2,NB,PropFalse,SA3,SP,0,291,291,166,NA,NA,NA,NA,NA,1395.5410398999957,0.0018792999908328,1396.2744938999967,1396.3746098999982,0.8292015999904834,1398.3077652999928,1398.7079271999974,1398.8098653000052,1398.8098653000052,b,1,1.4391497000033269,1400.2745727,1400.2745727,1400.2745727,1400.2745727,NA,NA,NA,NA,NA,NA,011,001,2024-02-08_14h42.32.608,PsychoPy Exp,2023.1.2,60.008917321408816
KnowledgeN,ExpTrialStim/Square_B_Square_1.png,Adam KNOWS there is ONE cube,b,h,FB-Ig,2,2,0,1,1,0,1,1,0,1,B,PropFalse,SA1: SC2,SG: SB,0,292,292,312,NA,NA,NA,NA,NA,1400.2745727,0.00171490000502672,1401.0077719999972,1401.1078251,0.8295316000003368,1403.0412695999985,1403.4412425000046,1403.543349600004,1403.543349600004,b,1,2.1773223000054713,1405.7411285999988,1405.7411285999988,1405.7411285999988,1405.7411285999988,NA,NA,NA,NA,NA,NA,011,001,2024-02-08_14h42.32.608,PsychoPy Exp,2023.1.2,60.008917321408816
RealityY,ExpTrialStim/Triangle_B_Triangle_1.png,"In REALITY, there are ZERO cubes",h,b,TB-Ig,2,0,2,1,0,1,1,0,1,0,B,-,TA3: TD1,TY: TR,0,293,293,22,NA,NA,NA,NA,NA,1405.7411285999988,0.00153429999772924,1406.4741805999947,1406.5744081000012,0.829743199996301,1408.507765000002,1408.9079095000052,1409.010037400003,1409.010037400003,h,1,1.1189575000025798,1410.1578656000056,1410.1578656000056,1410.1578656000056,1410.1578656000056,NA,NA,NA,NA,NA,NA,011,001,2024-02-08_14h42.32.608,PsychoPy Exp,2023.1.2,60.008917321408816
KnowledgeY,ExpTrialStim/Square_NB_3.png,Adam KNOWS there is ONE cube,h,b,TB-K,1,1,0,1,1,0,0,0,0,1,NB,-,SB2,SG,0,294,294,221,NA,NA,NA,NA,NA,1410.1578656000056,0.00165390000620391,1410.8911276,1410.9913642000029,0.8294833999971161,1412.924387299994,1413.3245389999938,1413.426592799995,1413.426592799995,h,1,2.301878800004488,1415.7576343999972,1415.7576343999972,1415.7576343999972,1415.7576343999972,NA,NA,NA,NA,NA,NA,011,001,2024-02-08_14h42.32.608,PsychoPy Exp,2023.1.2,60.008917321408816
KnowledgeN,ExpTrialStim/Triangle_NB_2.png,Adam KNOWS there is ONE cube,b,h,TB-K,1,0,1,1,0,1,0,0,0,1,NB,PropFalse,TA3,TY,0,295,295,271,NA,NA,NA,NA,NA,1415.7576343999972,5.6909999693743e-4,1416.491088099996,1416.5912138999993,0.8311213999986649,1418.5243827999948,1418.9243287999998,1419.0266428000032,1419.0266428000032,b,1,2.686301399997319,1421.7411741999967,1421.7411741999967,1421.7411741999967,1421.7411741999967,NA,NA,NA,NA,NA,NA,011,001,2024-02-08_14h42.32.608,PsychoPy Exp,2023.1.2,60.008917321408816
RealityY,ExpTrialStim/Triangle_B_1.png,"In REALITY, there are ZERO cubes",h,b,TB-Ig,1,0,1,1,0,1,0,0,0,0,B,-,TA2,TR,0,296,296,18,NA,NA,NA,NA,NA,1421.7411741999967,0.00169609999284148,1422.474399700004,1422.5742658999952,0.8291691000049468,1424.5079030000052,1424.9078477000005,1425.009985800003,1425.009985800003,h,1,1.2065617000043858,1426.2411296000064,1426.2411296000064,1426.2411296000064,1426.2411296000064,NA,NA,NA,NA,NA,NA,011,001,2024-02-08_14h42.32.608,PsychoPy Exp,2023.1.2,60.008917321408816
KnowledgeN,ExpTrialStim/Square_Triangle_B_12.png,Adam KNOWS there are TWO cubes,b,h,TB-K-B,2,1,1,2,1,1,0,0,0,2,B,PropFalse,SB3: TA1,SB: TO,0,297,297,307,NA,NA,NA,NA,NA,1426.2411296000064,0.00164950000180397,1426.974470899993,1427.074408200002,0.8298514999914914,1429.007902199999,1429.4077397999936,1429.5100043999992,1429.5100043999992,b,1,1.3786122000019532,1430.9077742999943,1430.9077742999943,1430.9077742999943,1430.9077742999943,NA,NA,NA,NA,NA,NA,011,001,2024-02-08_14h42.32.608,PsychoPy Exp,2023.1.2,60.008917321408816
KnowledgeN,ExpTrialStim/Square_B_2.png,Adam KNOWS there is ONE cube,b,h,TB-Ig,1,1,0,1,1,0,0,0,0,1,B,PropTrueNoKnowledge,SB2,SB,0,298,298,291,NA,NA,NA,NA,NA,1430.9077742999943,7.6309998985379e-4,1431.6410411999968,1431.741162899998,0.8308548999921186,1433.6744785000046,1434.074513300002,1434.1765650000016,1434.1765650000016,h,0,2.4243053999962285,1436.6244082000048,1436.6244082000048,1436.6244082000048,1436.6244082000048,NA,NA,NA,NA,NA,NA,011,001,2024-02-08_14h42.32.608,PsychoPy Exp,2023.1.2,60.008917321408816
BeliefY,ExpTrialStim/Square_B_Triangle_1.png,Adam THINKS there is ONE cube,h,b,TB-Ig,2,1,1,1,1,0,1,0,1,1,B,-,SB1: TD3,SB: TO,0,299,299,132,NA,NA,NA,NA,NA,1436.6244082000048,0.00166579999495297,1437.357697600004,1437.457624200004,0.829390599988983,1439.3909667999978,1439.7909906999994,1439.8932967,1439.8932967,h,1,0.964165800003684,1440.874408100004,1440.874408100004,1440.874408100004,1440.874408100004,NA,NA,NA,NA,NA,NA,011,001,2024-02-08_14h42.32.608,PsychoPy Exp,2023.1.2,60.008917321408816
KnowledgeN,ExpTrialStim/Square_B_Square_4.png,Adam KNOWS there are TWO cubes,b,h,FB-Ig,2,2,0,1,1,0,1,1,0,2,B,PropTrueNoKnowledge,SB1: SD2,SG: SP,0,300,300,315,NA,NA,NA,NA,NA,1440.874408100004,0.00169000000460073,1441.6077042999968,1441.707792400004,0.8294475000002421,1443.6411747999955,1444.0411215000058,1444.1432151000045,1444.1432151000045,b,1,1.2091054000047734,1445.3741188999993,1445.3741188999993,1445.3741188999993,1445.3741188999993,NA,NA,NA,NA,NA,NA,011,001,2024-02-08_14h42.32.608,PsychoPy Exp,2023.1.2,60.008917321408816
KnowledgeN,ExpTrialStim/Triangle_B_Square_1.png,Adam KNOWS there are ZERO cubes,b,h,FB-Ig,2,1,1,1,0,1,1,1,0,0,B,PropFalse,SC1: TA1,SB: TO,0,301,301,320,NA,NA,NA,NA,NA,1445.3741188999993,4.4080000952817e-4,1446.1075696000044,1446.2077789000032,0.8312503000051947,1448.1411034000048,1448.5410972999962,1448.6432194999943,1448.6432194999943,b,1,1.037835900002392,1449.7076762999932,1449.7076762999932,1449.7076762999932,1449.7076762999932,NA,NA,NA,NA,NA,NA,011,001,2024-02-08_14h42.32.608,PsychoPy Exp,2023.1.2,60.008917321408816
RealityY,ExpTrialStim/Triangle_Triangle_B_6.png,"In REALITY, there are ZERO cubes",h,b,TB-K-B,2,0,2,2,0,2,0,0,0,0,B,-,TA1: TB3,TO: TY,0,302,302,31,NA,NA,NA,NA,NA,1449.7076762999932,0.00164519999816548,1450.440983099994,1450.5411338999984,0.829630599997472,1452.474456399999,1452.874437599996,1452.9765779000008,1452.9765779000008,h,1,1.1206689999962691,1454.1244201999943,1454.1244201999943,1454.1244201999943,1454.1244201999943,NA,NA,NA,NA,NA,NA,011,001,2024-02-08_14h42.32.608,PsychoPy Exp,2023.1.2,60.008917321408816
KnowledgeY,ExpTrialStim/Square_NB_2.png,Adam KNOWS there is ONE cube,h,b,TB-K,1,1,0,1,1,0,0,0,0,1,NB,-,SA3,SP,0,303,303,220,NA,NA,NA,NA,NA,1454.1244201999943,0.00167049998708534,1454.8576147999993,1454.957733400006,0.8295427999983076,1456.8910505999957,1457.2907838999963,1457.3931830999936,1457.3931830999936,h,1,2.4479805000009947,1459.8574876000057,1459.8574876000057,1459.8574876000057,1459.8574876000057,NA,NA,NA,NA,NA,NA,011,001,2024-02-08_14h42.32.608,PsychoPy Exp,2023.1.2,60.008917321408816
BeliefN,ExpTrialStim/B_Square_4.png,Adam THINKS there are TWO cubes,b,h,FB-Ig,1,1,0,0,0,0,1,1,0,2,B,PropFalse,SD2,SB,0,304,304,203,NA,NA,NA,NA,NA,1459.8574876000057,5.410000012489e-4,1460.590960799993,1460.6910799000034,0.8310578000091482,1462.6244280999963,1463.0243772999966,1463.1264984000009,1463.1264984000009,b,1,0.9223105999990366,1464.0743396000034,1464.0743396000034,1464.0743396000034,1464.0743396000034,NA,NA,NA,NA,NA,NA,011,001,2024-02-08_14h42.32.608,PsychoPy Exp,2023.1.2,60.008917321408816
KnowledgeY,ExpTrialStim/Square_Triangle_B_1.png,Adam KNOWS there is ONE cube,h,b,FB-Ig,2,1,1,2,1,1,0,0,0,1,B,-,SA1: TB2,SG: TR,0,305,305,258,NA,NA,NA,NA,NA,1464.0743396000034,0.00165340000239666,1464.8075352000014,1464.9077070000058,0.8295501000102377,1466.8407859,1467.2408376999956,1467.343120999998,1467.343120999998,h,1,1.185290099994745,1468.5574450999993,1468.5574450999993,1468.5574450999993,1468.5574450999993,NA,NA,NA,NA,NA,NA,011,001,2024-02-08_14h42.32.608,PsychoPy Exp,2023.1.2,60.008917321408816
RealityY,ExpTrialStim/Triangle_B_Triangle_2.png,"In REALITY, there are ZERO cubes",h,b,TB-Ig,2,0,2,1,0,1,1,0,1,0,B,-,TB1: TC2,TO: TY,0,306,306,23,NA,NA,NA,NA,NA,1468.5574450999993,4.3109999387525e-4,1469.2909083999984,1469.3910533000017,0.8312189999996917,1471.3242698999966,1471.7243401000014,1471.826563399998,1471.826563399998,h,1,1.3582412999967346,1473.2075952000014,1473.2075952000014,1473.2075952000014,1473.2075952000014,NA,NA,NA,NA,NA,NA,011,001,2024-02-08_14h42.32.608,PsychoPy Exp,2023.1.2,60.008917321408816
BeliefN,ExpTrialStim/Square_B_Square_7.png,Adam THINKS there are TWO cubes,b,h,FB-Ig,2,2,0,1,1,0,1,1,0,2,B,PropTrueNoBelief,SA3: SC2,SG: SP,0,307,307,210,NA,NA,NA,NA,NA,1473.2075952000014,0.00169940000341739,1473.9408920999997,1474.0408771999937,0.8296181000041543,1475.9743782000005,1476.374345899996,1476.476418399994,1476.476418399994,b,1,1.4764140999905069,1477.9742920999995,1477.9742920999995,1477.9742920999995,1477.9742920999995,NA,NA,NA,NA,NA,NA,011,001,2024-02-08_14h42.32.608,PsychoPy Exp,2023.1.2,60.008917321408816
BeliefY,ExpTrialStim/Triangle_B_Triangle_1.png,Adam THINKS there are ZERO cubes,h,b,TB-Ig,2,0,2,1,0,1,1,0,1,0,B,-,TA3: TD1,TY: TR,0,308,308,130,NA,NA,NA,NA,NA,1477.9742920999995,0.0016955000028247,1478.7075580999954,1478.8076961000045,0.8294911999983015,1480.741062999994,1481.1408927000011,1481.2431152000063,1481.2431152000063,h,1,0.6934231000050204,1481.9576066000009,1481.9576066000009,1481.9576066000009,1481.9576066000009,NA,NA,NA,NA,NA,NA,011,001,2024-02-08_14h42.32.608,PsychoPy Exp,2023.1.2,60.008917321408816
RealityN,ExpTrialStim/Square_B_Triangle_1.png,"In REALITY, there are ZERO cubes",b,h,TB-Ig,2,1,1,1,1,0,1,0,1,0,B,PropFalse,SB1: TD3,SB: TO,0,309,309,78,NA,NA,NA,NA,NA,1481.9576066000009,0.00167199999850709,1482.690675699996,1482.7909777000025,0.829602400001022,1484.7243512999994,1485.1243283999938,1485.2264218000057,1485.2264218000057,b,1,0.9417179000010948,1486.1907721000025,1486.1907721000025,1486.1907721000025,1486.1907721000025,NA,NA,NA,NA,NA,NA,011,001,2024-02-08_14h42.32.608,PsychoPy Exp,2023.1.2,60.008917321408816
KnowledgeY,ExpTrialStim/Square_Triangle_B_2.png,Adam KNOWS there is ONE cube,h,b,FB-Ig,2,1,1,2,1,1,0,0,0,1,B,-,SA2: TB3,SB: TO,0,310,310,259,NA,NA,NA,NA,NA,1486.1907721000025,4.5770000724587e-4,1486.924242699999,1487.0242628999986,0.8312361000134842,1488.9575197999948,1489.3576964999957,1489.4596714999934,1489.4596714999934,h,1,1.0930835000035586,1490.574197199996,1490.574197199996,1490.574197199996,1490.574197199996,NA,NA,NA,NA,NA,NA,011,001,2024-02-08_14h42.32.608,PsychoPy Exp,2023.1.2,60.008917321408816
RealityY,ExpTrialStim/Triangle_Triangle_B_2.png,"In REALITY, there are ZERO cubes",h,b,TB-K-B,2,0,2,2,0,2,0,0,0,0,B,-,TA2: TB3,TO: TR,0,311,311,27,NA,NA,NA,NA,NA,1490.574197199996,0.0017626999906497,1491.3075121000002,1491.4075129999983,0.8295209999923827,1493.3408503999965,1493.7409907999972,1493.8430659000005,1493.8430659000005,h,1,1.845999800003483,1495.7073421999958,1495.7073421999958,1495.7073421999958,1495.7073421999958,NA,NA,NA,NA,NA,NA,011,001,2024-02-08_14h42.32.608,PsychoPy Exp,2023.1.2,60.008917321408816
RealityY,ExpTrialStim/Square_B_2.png,"In REALITY, there is ONE cube",h,b,TB-Ig,1,1,0,1,1,0,0,0,0,1,B,-,SB2,SB,0,312,312,21,NA,NA,NA,NA,NA,1495.7073421999958,0.00170480000087991,1496.4408241000056,1496.5409508000012,0.8297365999897011,1498.474290400001,1498.8742585,1498.9764168999973,1498.9764168999973,h,1,2.8963376999890897,1501.890883999993,1501.890883999993,1501.890883999993,1501.890883999993,NA,NA,NA,NA,NA,NA,011,001,2024-02-08_14h42.32.608,PsychoPy Exp,2023.1.2,60.008917321408816
RealityN,ExpTrialStim/Triangle_B_Square_4.png,"In REALITY, there are TWO cubes",b,h,FB-Ig,2,1,1,1,0,1,1,1,0,2,B,PropFalse,SD3: TB1,SB: TO,0,313,313,107,NA,NA,NA,NA,NA,1501.890883999993,0.00203370000235736,1502.624136700004,1502.7243061000045,0.8295025999977952,1504.6576026999974,1505.0576444000037,1505.159543200003,1505.159543200003,h,0,1.985143900004914,1507.1741477000032,1507.1741477000032,1507.1741477000032,1507.1741477000032,NA,NA,NA,NA,NA,NA,011,001,2024-02-08_14h42.32.608,PsychoPy Exp,2023.1.2,60.008917321408816
BeliefN,ExpTrialStim/Square_NB_1.png,Adam THINKS there are ZERO cubes,b,h,TB-K,1,1,0,1,1,0,0,0,0,0,NB,PropFalse,SA1,SB,0,314,314,165,NA,NA,NA,NA,NA,1507.1741477000032,0.00192620001325849,1507.9074767999991,1508.0073451000062,0.8295071000029566,1509.9409522999922,1510.3409186999925,1510.443004899993,1510.443004899993,b,1,1.2616400999977486,1511.7241882999951,1511.7241882999951,1511.7241882999951,1511.7241882999951,NA,NA,NA,NA,NA,NA,011,001,2024-02-08_14h42.32.608,PsychoPy Exp,2023.1.2,60.008917321408816
RealityN,ExpTrialStim/Square_Square_NB_2.png,"In REALITY, there are ZERO cubes",b,h,TB-K,2,2,0,2,2,0,0,0,0,0,NB,PropFalse,SA2: SB3,SB: SG,0,315,315,67,NA,NA,NA,NA,NA,1511.7241882999951,0.00185390000115148,1512.457445299995,1512.5574149000022,0.829461800007266,1514.4908915999986,1514.8909149999963,1514.9930258999957,1514.9930258999957,b,1,1.5831534000026295,1516.6073938000045,1516.6073938000045,1516.6073938000045,1516.6073938000045,NA,NA,NA,NA,NA,NA,011,001,2024-02-08_14h42.32.608,PsychoPy Exp,2023.1.2,60.008917321408816
BeliefY,ExpTrialStim/Square_B_Square_2.png,Adam THINKS there is ONE cube,h,b,FB-Ig,2,2,0,1,1,0,1,1,0,1,B,-,SA2: SC3,SB: SP,0,316,316,151,NA,NA,NA,NA,NA,1516.6073938000045,7.8139999823179e-4,1517.3407662999962,1517.4409482000046,0.8310845999949379,1519.374055399996,1519.774128399993,1519.8761933999922,1519.8761933999922,b,0,3.236461699998472,1523.140806800002,1523.140806800002,1523.140806800002,1523.140806800002,NA,NA,NA,NA,NA,NA,011,001,2024-02-08_14h42.32.608,PsychoPy Exp,2023.1.2,60.008917321408816
RealityY,ExpTrialStim/Triangle_Triangle_NB_1.png,"In REALITY, there are ZERO cubes",h,b,TB-K,2,0,2,2,0,2,0,0,0,0,NB,-,TA1: TB2,TY: TO,0,317,317,6,NA,NA,NA,NA,NA,1523.140806800002,0.00189869999303482,1523.8741267000005,1523.9740160999936,0.8295446999982232,1525.9075696999937,1526.3074579999957,1526.4096238000056,1526.4096238000056,h,1,0.7744940999982646,1527.2071612,1527.2071612,1527.2071612,1527.2071612,NA,NA,NA,NA,NA,NA,011,001,2024-02-08_14h42.32.608,PsychoPy Exp,2023.1.2,60.008917321408816
KnowledgeN,ExpTrialStim/Square_Square_B_12.png,Adam KNOWS there is ONE cube,b,h,TB-K-B,2,2,0,2,2,0,0,0,0,1,B,PropFalse,SA1: SB3,SP: SG,0,318,318,303,NA,NA,NA,NA,NA,1527.2071612,4.9350000335834e-4,1527.9407363000064,1528.0408529999986,0.8309010000084527,1529.9740998000052,1530.374112999998,1530.4762247000035,1530.4762247000035,b,1,1.4523976000054972,1531.957491699999,1531.957491699999,1531.957491699999,1531.957491699999,NA,NA,NA,NA,NA,NA,011,001,2024-02-08_14h42.32.608,PsychoPy Exp,2023.1.2,60.008917321408816
BeliefY,ExpTrialStim/Square_Square_B_8.png,Adam THINKS there are TWO cubes,h,b,TB-K-B,2,2,0,2,2,0,0,0,0,2,B,-,SA2: SB3,SP: SB,0,319,319,141,NA,NA,NA,NA,NA,1531.957491699999,0.00185659999260678,1532.6907194999949,1532.7908896000008,0.8295261000021128,1534.7241862999945,1535.1240025000006,1535.2262491,1535.2262491,h,1,4.918063200006145,1540.174006400004,1540.174006400004,1540.174006400004,1540.174006400004,NA,NA,NA,NA,NA,NA,011,001,2024-02-08_14h42.32.608,PsychoPy Exp,2023.1.2,60.008917321408816
KnowledgeY,ExpTrialStim/Triangle_Triangle_B_2.png,Adam KNOWS there are ZERO cubes,h,b,TB-Ig,2,0,2,2,0,2,0,0,0,0,B,-,TA2: TB3,TO: TR,0,320,320,235,NA,NA,NA,NA,NA,1540.174006400004,0.00110770000901538,1540.9073284000042,1541.0072201000005,0.8300365000031888,1542.940838800001,1543.3408377000014,1543.442934199993,1543.442934199993,h,1,0.8380141999950865,1544.307396799995,1544.307396799995,1544.307396799995,1544.307396799995,NA,NA,NA,NA,NA,NA,011,001,2024-02-08_14h42.32.608,PsychoPy Exp,2023.1.2,60.008917321408816
KnowledgeN,ExpTrialStim/Square_Square_NB_3.png,Adam KNOWS there are ZERO cubes,b,h,TB-K,2,2,0,2,2,0,0,0,0,0,NB,PropFalse,SA3: SB1,SG: SP,0,321,321,284,NA,NA,NA,NA,NA,1544.307396799995,0.00191869999980553,1545.0406354000006,1545.1407920000056,0.8295596000098158,1547.0741382999986,1547.474171599999,1547.5762743999949,1547.5762743999949,b,1,0.7278978999966057,1548.323936899993,1548.323936899993,1548.323936899993,1548.323936899993,NA,NA,NA,NA,NA,NA,011,001,2024-02-08_14h42.32.608,PsychoPy Exp,2023.1.2,60.008917321408816
KnowledgeY,ExpTrialStim/Triangle_Triangle_NB_2.png,Adam KNOWS there are ZERO cubes,h,b,TB-K,2,0,2,2,0,2,0,0,0,0,NB,-,TA2: TB3,TO: TR,0,322,322,223,NA,NA,NA,NA,NA,1548.323936899993,6.7689998832065e-4,1549.0573073999983,1549.1574264999945,0.8310900999931619,1551.0907785000018,1551.4906040999922,1551.5928410000051,1551.5928410000051,h,1,0.8231916999939131,1552.4405157,1552.4405157,1552.4405157,1552.4405157,NA,NA,NA,NA,NA,NA,011,001,2024-02-08_14h42.32.608,PsychoPy Exp,2023.1.2,60.008917321408816
BeliefN,ExpTrialStim/Triangle_B_1.png,Adam THINKS there is ONE cube,b,h,TB-Ig,1,0,1,1,0,1,0,0,0,1,B,PropFalse,TA2,TR,0,323,323,180,NA,NA,NA,NA,NA,1552.4405157,4.8589998914394e-4,1553.173982799999,1553.2740634999936,0.829492199991364,1555.2073348999984,1555.6074249999947,1555.7096099000046,1555.7096099000046,b,1,1.0590874000045003,1556.7907190999977,1556.7907190999977,1556.7907190999977,1556.7907190999977,NA,NA,NA,NA,NA,NA,011,001,2024-02-08_14h42.32.608,PsychoPy Exp,2023.1.2,60.008917321408816
NA,NA,NA,NA,NA,NA,NA,NA,NA,NA,NA,NA,NA,NA,NA,NA,NA,NA,NA,NA,NA,NA,NA,NA,NA,NA,NA,NA,NA,NA,NA,NA,NA,NA,NA,NA,NA,NA,NA,NA,NA,NA,NA,NA,NA,NA,NA,1556.7907190999977,1557.790844400006,space,4.8016590000042925,011,001,2024-02-08_14h42.32.608,PsychoPy Exp,2023.1.2,60.008917321408816
