Condition,Stimulus,Statement,CorAnsOdd,CorAnsEven,TypeOfStimuli,TotalShapesOnTable,TotalcubesOnTable,TotalOtherOnTable,VisibleShapes,Visiblecubes,VisibleOther,NotVisibleShapes,NotVisiblecubes,NotVisibleOther,NumOfBlocksAsked,BarrierPresent,WhyNo,Position,Colour,ExpTrial.thisRepN,ExpTrial.thisTrialN,ExpTrial.thisN,ExpTrial.thisIndex,ExpIntroText.started,ExpIntroPressSPACEText.started,ExpIntroPressSPACE.started,ExpIntroPressSPACE.keys,ExpIntroPressSPACE.rt,ExpPrimerText.started,ExpTextISI.started,ExpPrimerText.stopped,ExpText.started,ExpImageISI.started,ExpImagePrimer.started,ExpImagePrimer.stopped,ExpImage.started,ExpResponse.started,ExpResponse.keys,ExpResponse.corr,ExpResponse.rt,BreakTextPrompt.started,BreakTextPrompt.stopped,BreakTextKeyResponse.started,BreakTextKeyResponse.stopped,BreakTextKeyResponse.keys,BreakTextKeyResponse.rt,ExpEndText.started,ExpEndPressSPACE.started,ExpEndPressSPACE.keys,ExpEndPressSPACE.rt,participant,session,date,expName,psychopyVersion,frameRate
NA,NA,NA,NA,NA,NA,NA,NA,NA,NA,NA,NA,NA,NA,NA,NA,NA,NA,NA,NA,NA,NA,NA,NA,29.43225920002442,31.403189500037115,31.403189500037115,space,14.205416199984027,NA,NA,NA,NA,NA,NA,NA,NA,NA,NA,NA,NA,NA,NA,NA,NA,NA,NA,NA,NA,NA,NA,021,001,2024-02-12_13h25.45.601,PsychoPy Exp,2023.1.2,60.002328094086906
KnowledgeY,ExpTrialStim/Square_Square_NB_1.png,Adam KNOWS there are TWO cubes,h,b,TB-K,2,2,0,2,2,0,0,0,0,2,NB,-,SA1: SB2,SP: SB,0,0,0,228,NA,NA,NA,NA,NA,45.76666490000207,0.14237370004411787,46.51901099999668,46.61912210000446,0.9820959000498988,48.55248539999593,48.952453700010665,49.09868490003282,49.09868490003282,h,1,0.8620570999919437,49.98563730000751,49.98563730000751,49.98563730000751,49.98563730000751,NA,NA,NA,NA,NA,NA,021,001,2024-02-12_13h25.45.601,PsychoPy Exp,2023.1.2,60.002328094086906
RealityN,ExpTrialStim/Triangle_B_Square_3.png,"In REALITY, there are TWO cubes",b,h,FB-Ig,2,1,1,1,0,1,1,1,0,2,B,PropFalse,SD1: TA2,SG: TR,0,1,1,106,NA,NA,NA,NA,NA,49.98563730000751,0.00179900001967325,50.73553180001909,50.8356158999959,0.8446281999931671,52.76914789999137,53.1688567000092,53.271140600030776,53.271140600030776,b,1,0.9693820999818854,54.26896860002307,54.26896860002307,54.26896860002307,54.26896860002307,NA,NA,NA,NA,NA,NA,021,001,2024-02-12_13h25.45.601,PsychoPy Exp,2023.1.2,60.002328094086906
BeliefY,ExpTrialStim/Square_Square_B_5.png,Adam THINKS there are TWO cubes,h,b,TB-K-B,2,2,0,2,2,0,0,0,0,2,B,-,SA3: SB2,SP: SB,0,2,2,138,NA,NA,NA,NA,NA,54.26896860002307,0.00113180000334978,55.00228820001939,55.102422500029206,0.8298412999720313,57.03575239999918,57.43571630003862,57.537717500003055,57.537717500003055,h,1,1.0949980999575928,58.6523823000025,58.6523823000025,58.6523823000025,58.6523823000025,NA,NA,NA,NA,NA,NA,021,001,2024-02-12_13h25.45.601,PsychoPy Exp,2023.1.2,60.002328094086906
BeliefY,ExpTrialStim/Triangle_B_Triangle_2.png,Adam THINKS there are ZERO cubes,h,b,TB-Ig,2,0,2,1,0,1,1,0,1,0,B,-,TB1: TC2,TO: TY,0,3,3,131,NA,NA,NA,NA,NA,58.6523823000025,0.00169529998674988,59.38559100002749,59.485660500009544,0.8294047999661416,61.419054199999664,61.819051200000104,61.92110060004052,61.92110060004052,h,1,1.2000273000448942,63.152181400044356,63.152181400044356,63.152181400044356,63.152181400044356,NA,NA,NA,NA,NA,NA,021,001,2024-02-12_13h25.45.601,PsychoPy Exp,2023.1.2,60.002328094086906
BeliefN,ExpTrialStim/Square_Square_NB_2.png,Adam THINKS there are ZERO cubes,b,h,TB-K,2,2,0,2,2,0,0,0,0,0,NB,PropFalse,SA2: SB3,SB: SG,0,4,4,175,NA,NA,NA,NA,NA,63.152181400044356,0.00193420000141486,63.88561920000939,63.98574189998908,0.828786299971398,65.91898020001827,66.31896900001448,66.4212507000193,66.4212507000193,b,1,0.6353540999698453,67.08556169999065,67.08556169999065,67.08556169999065,67.08556169999065,NA,NA,NA,NA,NA,NA,021,001,2024-02-12_13h25.45.601,PsychoPy Exp,2023.1.2,60.002328094086906
RealityN,ExpTrialStim/Triangle_Triangle_NB_3.png,"In REALITY, there are TWO cubes",b,h,TB-K,2,0,2,2,0,2,0,0,0,2,NB,PropFalse,TA3: TB1,TR: TY,0,5,5,62,NA,NA,NA,NA,NA,67.08556169999065,0.00153070001397281,67.81861300003948,67.9187871000031,0.8295454000472091,69.85240169998724,70.25232590001542,70.35445650003385,70.35445650003385,b,1,0.6463586000027135,71.01902770000743,71.01902770000743,71.01902770000743,71.01902770000743,NA,NA,NA,NA,NA,NA,021,001,2024-02-12_13h25.45.601,PsychoPy Exp,2023.1.2,60.002328094086906
RealityY,ExpTrialStim/Square_B_Square_7.png,"In REALITY, there are TWO cubes",h,b,FB-Ig,2,2,0,1,1,0,1,1,0,2,B,-,SA3: SC2,SG: SP,0,6,6,48,NA,NA,NA,NA,NA,71.01902770000743,0.00170920003438368,71.7522314999951,71.85240090003936,0.8294465999933891,73.78572500002338,74.18563030002406,74.28771639999468,74.28771639999468,h,1,0.5209210999892093,74.8354387000436,74.8354387000436,74.8354387000436,74.8354387000436,NA,NA,NA,NA,NA,NA,021,001,2024-02-12_13h25.45.601,PsychoPy Exp,2023.1.2,60.002328094086906
RealityY,ExpTrialStim/Square_Square_NB_4.png,"In REALITY, there are TWO cubes",h,b,TB-K,2,2,0,2,2,0,0,0,0,2,NB,-,SA2: SB1,SP: SG,0,7,7,15,NA,NA,NA,NA,NA,74.8354387000436,0.00195030000759288,75.5688864000258,75.66901610000059,0.8295197999686934,77.60218360001454,78.00231880001957,78.10445909999544,78.10445909999544,h,1,0.600257900019642,78.73557790002087,78.73557790002087,78.73557790002087,78.73557790002087,NA,NA,NA,NA,NA,NA,021,001,2024-02-12_13h25.45.601,PsychoPy Exp,2023.1.2,60.002328094086906
KnowledgeY,ExpTrialStim/Triangle_Triangle_B_4.png,Adam KNOWS there are ZERO cubes,h,b,TB-Ig,2,0,2,2,0,2,0,0,0,0,B,-,TA2: TB1,TY: TR,0,8,8,237,NA,NA,NA,NA,NA,78.73557790002087,3.8990000030025e-4,79.46890690003056,79.56901520001702,0.8312727999873459,81.50230819999706,81.90229990001535,82.00439340004232,82.00439340004232,h,1,0.8125477000139654,82.83565010002349,82.83565010002349,82.83565010002349,82.83565010002349,NA,NA,NA,NA,NA,NA,021,001,2024-02-12_13h25.45.601,PsychoPy Exp,2023.1.2,60.002328094086906
BeliefN,ExpTrialStim/Triangle_B_Square_2.png,Adam THINKS there is ONE cube,b,h,FB-Ig,2,1,1,1,0,1,1,1,0,1,B,PropTrueNoBelief,SC3: TB3,SP: TY,0,9,9,213,NA,NA,NA,NA,NA,82.83565010002349,0.0016804999904707,83.56886240001768,83.66887990001123,0.8296184999635443,85.60207760002231,86.0023005999974,86.10436980001396,86.10436980001396,b,1,0.5923325999756344,86.71896830003243,86.71896830003243,86.71896830003243,86.71896830003243,NA,NA,NA,NA,NA,NA,021,001,2024-02-12_13h25.45.601,PsychoPy Exp,2023.1.2,60.002328094086906
BeliefN,ExpTrialStim/B_Square_2.png,Adam THINKS there is ONE cube,b,h,FB-Ig,1,1,0,0,0,0,1,1,0,1,B,PropTrueNoBelief,SC3,SG,0,10,10,201,NA,NA,NA,NA,NA,86.71896830003243,0.00171129999216645,87.45222969999304,87.55227829999058,0.8296084000030532,89.48566100001335,89.8856228000368,89.98776039999211,89.98776039999211,b,1,0.7088847000268288,90.71900810004443,90.71900810004443,90.71900810004443,90.71900810004443,NA,NA,NA,NA,NA,NA,021,001,2024-02-12_13h25.45.601,PsychoPy Exp,2023.1.2,60.002328094086906
RealityN,ExpTrialStim/Square_Triangle_B_4.png,"In REALITY, there are TWO cubes",b,h,TB-K-B,2,1,1,2,1,1,0,0,0,2,B,PropFalse,SB1: TA3,SP: TY,0,11,11,91,NA,NA,NA,NA,NA,90.71900810004443,0.00169280002592131,91.45218860002932,91.55228689999784,0.8292870000004768,93.48561229999176,93.88564059999771,93.98788450000576,93.98788450000576,b,1,1.2284249999793246,95.23534870002186,95.23534870002186,95.23534870002186,95.23534870002186,NA,NA,NA,NA,NA,NA,021,001,2024-02-12_13h25.45.601,PsychoPy Exp,2023.1.2,60.002328094086906
KnowledgeY,ExpTrialStim/Triangle_Triangle_B_2.png,Adam KNOWS there are ZERO cubes,h,b,TB-Ig,2,0,2,2,0,2,0,0,0,0,B,-,TA2: TB3,TO: TR,0,12,12,235,NA,NA,NA,NA,NA,95.23534870002186,6.7269999999552e-4,95.96881380002014,96.06898139999248,0.8311078000115231,98.00229959998978,98.40219460002844,98.50419529998908,98.50419529998908,h,1,0.7361489000031725,99.26880050002364,99.26880050002364,99.26880050002364,99.26880050002364,NA,NA,NA,NA,NA,NA,021,001,2024-02-12_13h25.45.601,PsychoPy Exp,2023.1.2,60.002328094086906
BeliefY,ExpTrialStim/Square_B_Square_8.png,Adam THINKS there is ONE cube,h,b,FB-Ig,2,2,0,1,1,0,1,1,0,1,B,-,SA1: SD2,SP: SG,0,13,13,157,NA,NA,NA,NA,NA,99.26880050002364,0.0011598999844864,100.00214530003724,100.10225870000431,0.8306922999909148,102.03568259999156,102.43558109999869,102.5377647000132,102.5377647000132,h,1,0.6064815999707207,103.16876209998736,103.16876209998736,103.16876209998736,103.16876209998736,NA,NA,NA,NA,NA,NA,021,001,2024-02-12_13h25.45.601,PsychoPy Exp,2023.1.2,60.002328094086906
RealityY,ExpTrialStim/Square_B_Triangle_2.png,"In REALITY, there is ONE cube",h,b,TB-Ig,2,1,1,1,1,0,1,0,1,1,B,-,SD3: TD2,SP: TY,0,14,14,25,NA,NA,NA,NA,NA,103.16876209998736,3.8969999877735e-4,103.90214690001449,104.00227120000636,0.831230100011453,105.93561530002626,106.33547970000654,106.43766699999104,106.43766699999104,h,1,0.6994232999859378,107.16864769998938,107.16864769998938,107.16864769998938,107.16864769998938,NA,NA,NA,NA,NA,NA,021,001,2024-02-12_13h25.45.601,PsychoPy Exp,2023.1.2,60.002328094086906
KnowledgeY,ExpTrialStim/Square_Triangle_NB_3.png,Adam KNOWS there is ONE cube,h,b,TB-K,2,1,1,2,1,1,0,0,0,1,NB,-,SB3: TA2,SP: TY,0,15,15,227,NA,NA,NA,NA,NA,107.16864769998938,4.5649998355656e-4,107.90214830002516,108.00221220002275,0.8312648999853991,109.9355911000166,110.335412800021,110.4376282999874,110.4376282999874,h,1,0.9150897999643348,111.36876919999486,111.36876919999486,111.36876919999486,111.36876919999486,NA,NA,NA,NA,NA,NA,021,001,2024-02-12_13h25.45.601,PsychoPy Exp,2023.1.2,60.002328094086906
RealityN,ExpTrialStim/Triangle_B_Square_1.png,"In REALITY, there are ZERO cubes",b,h,FB-Ig,2,1,1,1,0,1,1,1,0,0,B,PropFalse,SC1: TA1,SB: TO,0,16,16,104,NA,NA,NA,NA,NA,111.36876919999486,0.00151169998571276,112.10211690003052,112.20225560001565,0.829713899991475,114.13545440003509,114.53558750002412,114.63763030001428,114.63763030001428,b,1,1.4109668000019155,116.06893470004434,116.06893470004434,116.06893470004434,116.06893470004434,NA,NA,NA,NA,NA,NA,021,001,2024-02-12_13h25.45.601,PsychoPy Exp,2023.1.2,60.002328094086906
KnowledgeN,ExpTrialStim/Triangle_B_Square_4.png,Adam KNOWS there is ONE cube,b,h,FB-Ig,2,1,1,1,0,1,1,1,0,1,B,PropTrueNoKnowledge,SD3: TB1,SB: TO,0,17,17,323,NA,NA,NA,NA,NA,116.06893470004434,0.00168159999884665,116.80214350001188,116.90224359999412,0.8295939000090584,118.83557250001468,119.23543310002424,119.33741229999578,119.33741229999578,b,1,0.6628735999693163,120.01860290003242,120.01860290003242,120.01860290003242,120.01860290003242,NA,NA,NA,NA,NA,NA,021,001,2024-02-12_13h25.45.601,PsychoPy Exp,2023.1.2,60.002328094086906
KnowledgeN,ExpTrialStim/Square_B_1.png,Adam KNOWS there is ONE cube,b,h,TB-Ig,1,1,0,1,1,0,0,0,0,1,B,PropTrueNoKnowledge,SA2,SG,0,18,18,290,NA,NA,NA,NA,NA,120.01860290003242,4.1169999167323e-4,120.75207740004409,120.85218720004195,0.8313654999947175,122.78542249999008,123.18553150002845,123.28763090004212,123.28763090004212,h,0,0.5365608999854885,123.852039600024,123.852039600024,123.852039600024,123.852039600024,NA,NA,NA,NA,NA,NA,021,001,2024-02-12_13h25.45.601,PsychoPy Exp,2023.1.2,60.002328094086906
BeliefN,ExpTrialStim/Square_Triangle_B_5.png,Adam THINKS there are ZERO cubes,b,h,TB-K-B,2,1,1,2,1,1,0,0,0,0,B,PropFalse,SB2: TA1,SG: TR,0,19,19,196,NA,NA,NA,NA,NA,123.852039600024,5.9470004634931e-4,124.5853846000391,124.68545520002954,0.8309091000119224,126.61887860001298,127.01886260003084,127.12092220003252,127.12092220003252,b,1,0.5596426000120118,127.70200710004428,127.70200710004428,127.70200710004428,127.70200710004428,NA,NA,NA,NA,NA,NA,021,001,2024-02-12_13h25.45.601,PsychoPy Exp,2023.1.2,60.002328094086906
BeliefN,ExpTrialStim/Triangle_B_2.png,Adam THINKS there is ONE cube,b,h,TB-Ig,1,0,1,1,0,1,0,0,0,1,B,PropFalse,TB2,TO,0,20,20,181,NA,NA,NA,NA,NA,127.70200710004428,0.00168119999580085,128.45174009999027,128.55215579998912,0.8462188999983482,130.48542730003828,130.88551680004457,130.9875607000431,130.9875607000431,b,1,1.821189099980984,132.83536020002794,132.83536020002794,132.83536020002794,132.83536020002794,NA,NA,NA,NA,NA,NA,021,001,2024-02-12_13h25.45.601,PsychoPy Exp,2023.1.2,60.002328094086906
BeliefY,ExpTrialStim/Square_B_Triangle_2.png,Adam THINKS there is ONE cube,h,b,TB-Ig,2,1,1,1,1,0,1,0,1,1,B,-,SD3: TD2,SP: TY,0,21,21,133,NA,NA,NA,NA,NA,132.83536020002794,0.00172589998692274,133.56872770003974,133.66883869998856,0.8295687999925576,135.60221300000558,136.0021508000209,136.10426789999474,136.10426789999474,h,1,0.8643467000219971,136.98530500003835,136.98530500003835,136.98530500003835,136.98530500003835,NA,NA,NA,NA,NA,NA,021,001,2024-02-12_13h25.45.601,PsychoPy Exp,2023.1.2,60.002328094086906
KnowledgeN,ExpTrialStim/Square_Square_B_11.png,Adam KNOWS there are ZERO cubes,b,h,TB-K-B,2,2,0,2,2,0,0,0,0,0,B,PropFalse,SA3: SB2,SB: SP,0,22,22,302,NA,NA,NA,NA,NA,136.98530500003835,4.8940000124275e-4,137.71880810003495,137.81884409999475,0.8311840999522246,139.7521621999913,140.15215530002024,140.25424430001294,140.25424430001294,b,1,1.0182196999667212,141.30207760003395,141.30207760003395,141.30207760003395,141.30207760003395,NA,NA,NA,NA,NA,NA,021,001,2024-02-12_13h25.45.601,PsychoPy Exp,2023.1.2,60.002328094086906
BeliefY,ExpTrialStim/Triangle_NB_3.png,Adam THINKS there are ZERO cubes,h,b,TB-K,1,0,1,1,0,1,0,0,0,0,NB,-,TB2,TR,0,23,23,110,NA,NA,NA,NA,NA,141.30207760003395,0.00167860003421083,142.03538120002486,142.13550030003535,0.8295556000084616,144.06880519998958,144.46881400002167,144.5709192000213,144.5709192000213,h,1,2.117474200029392,146.71870180004044,146.71870180004044,146.71870180004044,146.71870180004044,NA,NA,NA,NA,NA,NA,021,001,2024-02-12_13h25.45.601,PsychoPy Exp,2023.1.2,60.002328094086906
KnowledgeN,ExpTrialStim/Triangle_B_Square_3.png,Adam KNOWS there is ONE cube,b,h,FB-Ig,2,1,1,1,0,1,1,1,0,1,B,PropTrueNoKnowledge,SD1: TA2,SG: TR,0,24,24,322,NA,NA,NA,NA,NA,146.71870180004044,0.00151469995034858,147.45206209999742,147.55210680002347,0.8298238999559544,149.4855271000415,149.8854430000065,149.9875074000447,149.9875074000447,b,1,0.6290482000331394,150.6353162000305,150.6353162000305,150.6353162000305,150.6353162000305,NA,NA,NA,NA,NA,NA,021,001,2024-02-12_13h25.45.601,PsychoPy Exp,2023.1.2,60.002328094086906
RealityY,ExpTrialStim/Triangle_NB_3.png,"In REALITY, there are ZERO cubes",h,b,TB-K,1,0,1,1,0,1,0,0,0,0,NB,-,TB2,TR,0,25,25,2,NA,NA,NA,NA,NA,150.6353162000305,0.00169230002211406,151.36868260003394,151.46878920000745,0.8295760999899358,153.40199849999044,153.80207520001568,153.90417340002023,153.90417340002023,h,1,0.7682400999474339,154.70191669999622,154.70191669999622,154.70191669999622,154.70191669999622,NA,NA,NA,NA,NA,NA,021,001,2024-02-12_13h25.45.601,PsychoPy Exp,2023.1.2,60.002328094086906
BeliefY,ExpTrialStim/Square_Square_NB_3.png,Adam THINKS there are TWO cubes,h,b,TB-K,2,2,0,2,2,0,0,0,0,2,NB,-,SA3: SB1,SG: SP,0,26,26,122,NA,NA,NA,NA,NA,154.70191669999622,0.00172800000291317,155.4353259000345,155.53536229999736,0.8292999999830499,157.46879210002953,157.8687637000112,157.97101430001203,157.97101430001203,h,1,0.5173959999810904,158.51855989999603,158.51855989999603,158.51855989999603,158.51855989999603,NA,NA,NA,NA,NA,NA,021,001,2024-02-12_13h25.45.601,PsychoPy Exp,2023.1.2,60.002328094086906
RealityY,ExpTrialStim/Square_B_Square_6.png,"In REALITY, there are TWO cubes",h,b,FB-Ig,2,2,0,1,1,0,1,1,0,2,B,-,SB3: SC1,SP: SG,0,27,27,47,NA,NA,NA,NA,NA,158.51855989999603,4.1489995783194e-4,159.25193730002502,159.35207720001927,0.8313367999508046,161.28531569999177,161.68512780003948,161.7882685000077,161.7882685000077,h,1,0.5804754999699071,162.385126600042,162.385126600042,162.385126600042,162.385126600042,NA,NA,NA,NA,NA,NA,021,001,2024-02-12_13h25.45.601,PsychoPy Exp,2023.1.2,60.002328094086906
RealityY,ExpTrialStim/Square_Square_NB_5.png,"In REALITY, there are TWO cubes",h,b,TB-K,2,2,0,2,2,0,0,0,0,2,NB,-,SA3: SB2,SB: SP,0,28,28,16,NA,NA,NA,NA,NA,162.385126600042,4.0040002204477e-4,163.11851870000828,163.21877680002945,0.8311208999948576,165.15197599999374,165.5519951999886,165.65500379999867,165.65500379999867,h,1,0.5534658000105992,166.23541230004048,166.23541230004048,166.23541230004048,166.23541230004048,NA,NA,NA,NA,NA,NA,021,001,2024-02-12_13h25.45.601,PsychoPy Exp,2023.1.2,60.002328094086906
KnowledgeN,ExpTrialStim/Square_Square_B_12.png,Adam KNOWS there is ONE cube,b,h,TB-K-B,2,2,0,2,2,0,0,0,0,1,B,PropFalse,SA1: SB3,SP: SG,0,29,29,303,NA,NA,NA,NA,NA,166.23541230004048,0.00170079997042194,166.9686483000405,167.0686083000037,0.8296037999680266,169.00209580000956,169.40198690001853,169.50406400003703,169.50406400003703,b,1,0.9844162000226788,170.51849470002344,170.51849470002344,170.51849470002344,170.51849470002344,NA,NA,NA,NA,NA,NA,021,001,2024-02-12_13h25.45.601,PsychoPy Exp,2023.1.2,60.002328094086906
KnowledgeN,ExpTrialStim/Triangle_NB_1.png,Adam KNOWS there is ONE cube,b,h,TB-K,1,0,1,1,0,1,0,0,0,1,NB,PropFalse,TA1,TO,0,30,30,270,NA,NA,NA,NA,NA,170.51849470002344,4.0720001561567e-4,171.25197450001724,171.35206669999752,0.8313986000139266,173.28532480000283,173.68537960003596,173.78749760001665,173.78749760001665,b,1,1.252652499999385,175.0687223999994,175.0687223999994,175.0687223999994,175.0687223999994,NA,NA,NA,NA,NA,NA,021,001,2024-02-12_13h25.45.601,PsychoPy Exp,2023.1.2,60.002328094086906
KnowledgeY,ExpTrialStim/Triangle_Triangle_NB_3.png,Adam KNOWS there are ZERO cubes,h,b,TB-K,2,0,2,2,0,2,0,0,0,0,NB,-,TA3: TB1,TR: TY,0,31,31,224,NA,NA,NA,NA,NA,175.0687223999994,0.00170550000621005,175.80195100000128,175.9019192000269,0.8297537000034936,177.83528150001075,178.23535580001771,178.337526599993,178.337526599993,h,1,0.6228351999889128,178.98530220001703,178.98530220001703,178.98530220001703,178.98530220001703,NA,NA,NA,NA,NA,NA,021,001,2024-02-12_13h25.45.601,PsychoPy Exp,2023.1.2,60.002328094086906
BeliefY,ExpTrialStim/Square_B_1.png,Adam THINKS there is ONE cube,h,b,TB-Ig,1,1,0,1,1,0,0,0,0,1,B,-,SA2,SG,0,32,32,128,NA,NA,NA,NA,NA,178.98530220001703,0.00170189997879788,179.71858370001428,179.8186233000015,0.8296596999862231,181.75188930000877,182.1520491000265,182.25410379999084,182.25410379999084,h,1,0.4742958000279032,182.75205030001231,182.75205030001231,182.75205030001231,182.75205030001231,NA,NA,NA,NA,NA,NA,021,001,2024-02-12_13h25.45.601,PsychoPy Exp,2023.1.2,60.002328094086906
RealityY,ExpTrialStim/Triangle_Triangle_B_7.png,"In REALITY, there are ZERO cubes",h,b,TB-K-B,2,0,2,2,0,2,0,0,0,0,B,-,TA1: TB2,TR: TY,0,33,33,32,NA,NA,NA,NA,NA,182.75205030001231,0.00168230000417679,183.4852824000409,183.58537079999223,0.8296448000473902,185.51868939999255,185.91867899999488,186.020742600027,186.020742600027,h,1,0.8673221999779344,186.91858980001416,186.91858980001416,186.91858980001416,186.91858980001416,NA,NA,NA,NA,NA,NA,021,001,2024-02-12_13h25.45.601,PsychoPy Exp,2023.1.2,60.002328094086906
KnowledgeY,ExpTrialStim/Square_NB_1.png,Adam KNOWS there is ONE cube,h,b,TB-K,1,1,0,1,1,0,0,0,0,1,NB,-,SA1,SB,0,34,34,219,NA,NA,NA,NA,NA,186.91858980001416,0.00151189998723566,187.65196009998908,187.75201360002393,0.8301851999713108,189.68520750000607,190.08532469999045,190.1874519000412,190.1874519000412,h,1,0.6765512000420131,190.885230600019,190.885230600019,190.885230600019,190.885230600019,NA,NA,NA,NA,NA,NA,021,001,2024-02-12_13h25.45.601,PsychoPy Exp,2023.1.2,60.002328094086906
BeliefN,ExpTrialStim/Square_NB_1.png,Adam THINKS there are ZERO cubes,b,h,TB-K,1,1,0,1,1,0,0,0,0,0,NB,PropFalse,SA1,SB,0,35,35,165,NA,NA,NA,NA,NA,190.885230600019,5.9500004863366e-4,191.61854250001488,191.7186967000016,0.8310303000034764,193.6520110000274,194.0520045000012,194.1542185000144,194.1542185000144,b,1,0.6541603999794461,194.8353011000436,194.8353011000436,194.8353011000436,194.8353011000436,NA,NA,NA,NA,NA,NA,021,001,2024-02-12_13h25.45.601,PsychoPy Exp,2023.1.2,60.002328094086906
RealityY,ExpTrialStim/B_Square_1.png,"In REALITY, there is ONE cube",h,b,FB-Ig,1,1,0,0,0,0,1,1,0,1,B,-,SC2,SG,0,36,36,38,NA,NA,NA,NA,NA,194.8353011000436,0.00169800000730901,195.5685681999894,195.6686779000447,0.8295835999888368,197.60180609999225,198.00197690003552,198.10405210003955,198.10405210003955,h,1,0.7762470000307076,198.90187719999813,198.90187719999813,198.90187719999813,198.90187719999813,NA,NA,NA,NA,NA,NA,021,001,2024-02-12_13h25.45.601,PsychoPy Exp,2023.1.2,60.002328094086906
RealityY,ExpTrialStim/Triangle_B_Triangle_2.png,"In REALITY, there are ZERO cubes",h,b,TB-Ig,2,0,2,1,0,1,1,0,1,0,B,-,TB1: TC2,TO: TY,0,37,37,23,NA,NA,NA,NA,NA,198.90187719999813,0.00150549999671056,199.63516320002964,199.73510560003345,0.8298581999843009,201.66869620000944,202.06865000003015,202.1706825000001,202.1706825000001,h,1,0.5662356999819167,202.76834690000396,202.76834690000396,202.76834690000396,202.76834690000396,NA,NA,NA,NA,NA,NA,021,001,2024-02-12_13h25.45.601,PsychoPy Exp,2023.1.2,60.002328094086906
KnowledgeY,ExpTrialStim/Square_Square_B_5.png,Adam KNOWS there are TWO cubes,h,b,TB-K-B,2,2,0,2,2,0,0,0,0,2,B,-,SA3: SB2,SP: SB,0,38,38,250,NA,NA,NA,NA,NA,202.76834690000396,4.2229995597153e-4,203.50186760001816,203.6020269000437,0.8313534999615513,205.53532770002496,205.9353443,206.03740840003593,206.03740840003593,h,1,1.1871208000229672,207.25190120004115,207.25190120004115,207.25190120004115,207.25190120004115,NA,NA,NA,NA,NA,NA,021,001,2024-02-12_13h25.45.601,PsychoPy Exp,2023.1.2,60.002328094086906
BeliefN,ExpTrialStim/Square_Triangle_B_7.png,Adam THINKS there are TWO cubes,b,h,TB-K-B,2,1,1,2,1,1,0,0,0,2,B,PropFalse,SA1: TB3,SB: TO,0,39,39,198,NA,NA,NA,NA,NA,207.25190120004115,0.00170879997313022,207.9851701000007,208.0851365000126,0.8296117999707349,210.01869060000172,210.41860850004016,210.52069480001228,210.52069480001228,b,1,0.7755150999873877,211.31845449999673,211.31845449999673,211.31845449999673,211.31845449999673,NA,NA,NA,NA,NA,NA,021,001,2024-02-12_13h25.45.601,PsychoPy Exp,2023.1.2,60.002328094086906
BeliefY,ExpTrialStim/Square_Square_NB_1.png,Adam THINKS there are TWO cubes,h,b,TB-K,2,2,0,2,2,0,0,0,0,2,NB,-,SA1: SB2,SP: SB,0,40,40,120,NA,NA,NA,NA,NA,211.31845449999673,0.00168679998023435,212.05182940000668,212.15193950000685,0.8296209999825805,214.08531510003377,214.48510130000068,214.58731939998688,214.58731939998688,h,1,0.6291394999716431,215.2351670000353,215.2351670000353,215.2351670000353,215.2351670000353,NA,NA,NA,NA,NA,NA,021,001,2024-02-12_13h25.45.601,PsychoPy Exp,2023.1.2,60.002328094086906
BeliefY,ExpTrialStim/B_Square_3.png,Adam THINKS there are ZERO cubes,h,b,FB-Ig,1,1,0,0,0,0,1,1,0,0,B,-,SD1,SP,0,41,41,148,NA,NA,NA,NA,NA,215.2351670000353,0.00150289997691288,215.96846960001855,216.06861310004024,0.8298641999717802,218.00177610001992,218.40196310001193,218.50402560003567,218.50402560003567,h,1,0.712265300040599,219.2351974000339,219.2351974000339,219.2351974000339,219.2351974000339,NA,NA,NA,NA,NA,NA,021,001,2024-02-12_13h25.45.601,PsychoPy Exp,2023.1.2,60.002328094086906
BeliefN,ExpTrialStim/B_Square_1.png,Adam THINKS there is ONE cube,b,h,FB-Ig,1,1,0,0,0,0,1,1,0,1,B,PropTrueNoBelief,SC2,SG,0,42,42,200,NA,NA,NA,NA,NA,219.2351974000339,0.00153990002581849,219.9683549000183,220.0684039000189,0.8297285999869928,222.0017469000304,222.4018914999906,222.50399080000352,222.50399080000352,b,1,1.088320000038948,223.61853510001671,223.61853510001671,223.61853510001671,223.61853510001671,NA,NA,NA,NA,NA,NA,021,001,2024-02-12_13h25.45.601,PsychoPy Exp,2023.1.2,60.002328094086906
RealityY,ExpTrialStim/Triangle_B_Square_4.png,"In REALITY, there is ONE cube",h,b,FB-Ig,2,1,1,1,0,1,1,1,0,1,B,-,SD3: TB1,SB: TO,0,43,43,53,NA,NA,NA,NA,NA,223.61853510001671,0.00169079995248466,224.35179600003175,224.4519033000106,0.8296654999721795,226.38525630004008,226.7851053000195,226.88724780001212,226.88724780001212,h,1,0.7847193999914452,227.70169419999,227.70169419999,227.70169419999,227.70169419999,NA,NA,NA,NA,NA,NA,021,001,2024-02-12_13h25.45.601,PsychoPy Exp,2023.1.2,60.002328094086906
RealityY,ExpTrialStim/Square_Square_B_4.png,"In REALITY, there are TWO cubes",h,b,TB-K-B,2,2,0,2,2,0,0,0,0,2,B,-,SA2: SB1,SG: SP,0,44,44,37,NA,NA,NA,NA,NA,227.70169419999,4.1820004116743e-4,228.43511020002188,228.53526430000784,0.8313633000361733,230.4685945000383,230.8684876000043,230.9706788000185,230.9706788000185,h,1,0.5659006999921985,231.5516268000356,231.5516268000356,231.5516268000356,231.5516268000356,NA,NA,NA,NA,NA,NA,021,001,2024-02-12_13h25.45.601,PsychoPy Exp,2023.1.2,60.002328094086906
RealityN,ExpTrialStim/Square_B_Square_3.png,"In REALITY, there are ZERO cubes",b,h,FB-Ig,2,2,0,1,1,0,1,1,0,0,B,PropFalse,SA3: SD1,SP: SB,0,45,45,98,NA,NA,NA,NA,NA,231.5516268000356,9.2409999342635e-4,232.28508240001975,232.3852171000326,0.8306117999600247,234.3184828000376,234.71854110003915,234.8206659000134,234.8206659000134,b,1,1.3395500999758951,236.18502000003355,236.18502000003355,236.18502000003355,236.18502000003355,NA,NA,NA,NA,NA,NA,021,001,2024-02-12_13h25.45.601,PsychoPy Exp,2023.1.2,60.002328094086906
BeliefN,ExpTrialStim/Triangle_Triangle_NB_1.png,Adam THINKS there is ONE cube,b,h,TB-K,2,0,2,2,0,2,0,0,0,1,NB,PropFalse,TA1: TB2,TY: TO,0,46,46,168,NA,NA,NA,NA,NA,236.18502000003355,0.00170439999783411,236.9183633000357,237.0185569000314,0.8294880999601446,238.9518888000166,239.35186250001425,239.45383100002073,239.45383100002073,b,1,0.7465636000270024,240.2183373000007,240.2183373000007,240.2183373000007,240.2183373000007,NA,NA,NA,NA,NA,NA,021,001,2024-02-12_13h25.45.601,PsychoPy Exp,2023.1.2,60.002328094086906
BeliefN,ExpTrialStim/Triangle_Triangle_B_8.png,Adam THINKS there are TWO cubes,b,h,TB-K-B,2,0,2,2,0,2,0,0,0,2,B,PropFalse,TA2: TB3,TY:TO,0,47,47,191,NA,NA,NA,NA,NA,240.2183373000007,0.00170419999631121,240.95158330001868,241.05187250004383,0.8293773999903351,242.98497839999615,243.38515769998776,243.48715280002216,243.48715280002216,b,1,1.1847346000140533,244.70168450003257,244.70168450003257,244.70168450003257,244.70168450003257,NA,NA,NA,NA,NA,NA,021,001,2024-02-12_13h25.45.601,PsychoPy Exp,2023.1.2,60.002328094086906
RealityN,ExpTrialStim/B_Square_4.png,"In REALITY, there are TWO cubes",b,h,FB-Ig,1,1,0,0,0,0,1,1,0,2,B,PropFalse,SD2,SB,0,48,48,95,NA,NA,NA,NA,NA,244.70168450003257,6.7320000380277e-4,245.4350874000229,245.5352357000229,0.8309733999776654,247.4683803000371,247.8684532000334,247.9705422000261,247.9705422000261,b,1,0.7815926999901421,248.76825770002324,248.76825770002324,248.76825770002324,248.76825770002324,NA,NA,NA,NA,NA,NA,021,001,2024-02-12_13h25.45.601,PsychoPy Exp,2023.1.2,60.002328094086906
KnowledgeN,ExpTrialStim/Square_B_Square_8.png,Adam KNOWS there are TWO cubes,b,h,FB-Ig,2,2,0,1,1,0,1,1,0,2,B,PropTrueNoKnowledge,SA1: SD2,SP: SG,0,49,49,319,NA,NA,NA,NA,NA,248.76825770002324,4.0670001180842e-4,249.5015816999949,249.60182620002888,0.8313825000077486,251.53498580004089,251.93509390001415,252.03708420001203,252.03708420001203,b,1,1.5872652999823913,253.65172170003643,253.65172170003643,253.65172170003643,253.65172170003643,NA,NA,NA,NA,NA,NA,021,001,2024-02-12_13h25.45.601,PsychoPy Exp,2023.1.2,60.002328094086906
BeliefY,ExpTrialStim/Square_B_Square_4.png,Adam THINKS there is ONE cube,h,b,FB-Ig,2,2,0,1,1,0,1,1,0,1,B,-,SB1: SD2,SG: SP,0,50,50,153,NA,NA,NA,NA,NA,253.65172170003643,0.00151860003825277,254.38503310002852,254.48484970000573,0.8299325000261888,256.41838049999205,256.8184947000118,256.9205260000308,256.9205260000308,h,1,1.048012099985499,257.985014600039,257.985014600039,257.985014600039,257.985014600039,NA,NA,NA,NA,NA,NA,021,001,2024-02-12_13h25.45.601,PsychoPy Exp,2023.1.2,60.002328094086906
KnowledgeN,ExpTrialStim/B_Square_4.png,Adam KNOWS there is ONE cube,b,h,FB-Ig,1,1,0,0,0,0,1,1,0,1,B,PropTrueNoKnowledge,SD2,SB,0,51,51,311,NA,NA,NA,NA,NA,257.985014600039,0.00153629999840632,258.718343799992,258.8184660000261,0.8298010000144131,260.75180010002805,261.1516694999882,261.25407399999676,261.25407399999676,b,1,0.5623629000037909,261.8349015000276,261.8349015000276,261.8349015000276,261.8349015000276,NA,NA,NA,NA,NA,NA,021,001,2024-02-12_13h25.45.601,PsychoPy Exp,2023.1.2,60.002328094086906
RealityN,ExpTrialStim/Square_Square_NB_4.png,"In REALITY, there is ONE cube",b,h,TB-K,2,2,0,2,2,0,0,0,0,1,NB,PropFalse,SA2: SB1,SP: SG,0,52,52,69,NA,NA,NA,NA,NA,261.8349015000276,3.8130005123093e-4,262.5683791000047,262.66842040000483,0.8312351000495255,264.60179370001424,265.00182780000614,265.10386400000425,265.10386400000425,b,1,0.8644358000019565,265.9849199000164,265.9849199000164,265.9849199000164,265.9849199000164,NA,NA,NA,NA,NA,NA,021,001,2024-02-12_13h25.45.601,PsychoPy Exp,2023.1.2,60.002328094086906
RealityY,ExpTrialStim/B_Square_4.png,"In REALITY, there is ONE cube",h,b,FB-Ig,1,1,0,0,0,0,1,1,0,1,B,-,SD2,SB,0,53,53,41,NA,NA,NA,NA,NA,265.9849199000164,4.149000160396e-4,266.71833180001704,266.8183733000187,0.8310172000201419,268.75179599999683,269.1517569000134,269.2537763,269.2537763,h,1,0.5465632000123151,269.8183972000261,269.8183972000261,269.8183972000261,269.8183972000261,NA,NA,NA,NA,NA,NA,021,001,2024-02-12_13h25.45.601,PsychoPy Exp,2023.1.2,60.002328094086906
RealityY,ExpTrialStim/Square_NB_3.png,"In REALITY, there is ONE cube",h,b,TB-K,1,1,0,1,1,0,0,0,0,1,NB,-,SB2,SG,0,54,54,5,NA,NA,NA,NA,NA,269.8183972000261,0.00170429999707266,270.5516740999883,270.6517502000206,0.82959040004061535,272.58507219998864,272.9849574000109,273.0872425000416,273.0872425000416,h,1,0.7291173999547027,273.83486190001713,273.83486190001713,273.83486190001713,273.83486190001713,NA,NA,NA,NA,NA,NA,021,001,2024-02-12_13h25.45.601,PsychoPy Exp,2023.1.2,60.002328094086906
RealityY,ExpTrialStim/Triangle_Triangle_B_8.png,"In REALITY, there are ZERO cubes",h,b,TB-K-B,2,0,2,2,0,2,0,0,0,0,B,-,TA2: TB3,TY:TO,0,55,55,33,NA,NA,NA,NA,NA,273.83486190001713,0.00170249998336657,274.5681779999868,274.668451000005,0.829636299982667,276.6016367000411,277.00175820000004,277.103857900016,277.103857900016,h,1,0.8807875000056811,278.00170980003895,278.00170980003895,278.00170980003895,278.00170980003895,NA,NA,NA,NA,NA,NA,021,001,2024-02-12_13h25.45.601,PsychoPy Exp,2023.1.2,60.002328094086906
BeliefY,ExpTrialStim/Square_Square_B_1.png,Adam THINKS there are TWO cubes,h,b,TB-K-B,2,2,0,2,2,0,0,0,0,2,B,-,SA1: SB2,SP: SG,0,56,56,134,NA,NA,NA,NA,NA,278.00170980003895,0.00170410005375742,278.7349946000031,278.83492580003804,0.8294033000129275,280.7684283000417,281.16840690001845,281.27051380003104,281.27051380003104,h,1,0.7456355000031181,282.03493050002726,282.03493050002726,282.03493050002726,282.03493050002726,NA,NA,NA,NA,NA,NA,021,001,2024-02-12_13h25.45.601,PsychoPy Exp,2023.1.2,60.002328094086906
RealityY,ExpTrialStim/Square_Square_NB_6.png,"In REALITY, there are TWO cubes",h,b,TB-K,2,2,0,2,2,0,0,0,0,2,NB,-,SA1: SB3,SG: SB,0,57,57,17,NA,NA,NA,NA,NA,282.03493050002726,0.00170990003971382,282.7683499000268,282.8682114999974,0.8295655000256374,284.8017346000415,285.2015928000328,285.3038089000038,285.3038089000038,h,1,0.880853799986653,286.20152260002214,286.20152260002214,286.20152260002214,286.20152260002214,NA,NA,NA,NA,NA,NA,021,001,2024-02-12_13h25.45.601,PsychoPy Exp,2023.1.2,60.002328094086906
KnowledgeN,ExpTrialStim/Square_B_Square_7.png,Adam KNOWS there are TWO cubes,b,h,FB-Ig,2,2,0,1,1,0,1,1,0,2,B,PropTrueNoKnowledge,SA3: SC2,SG: SP,0,58,58,318,NA,NA,NA,NA,NA,286.20152260002214,0.00165319995721802,286.9349508000305,287.03507049998734,0.8294992999872193,288.9682664000429,289.36841870000353,289.4704552000039,289.4704552000039,b,1,0.9375989999971353,290.4350036000251,290.4350036000251,290.4350036000251,290.4350036000251,NA,NA,NA,NA,NA,NA,021,001,2024-02-12_13h25.45.601,PsychoPy Exp,2023.1.2,60.002328094086906
BeliefN,ExpTrialStim/Triangle_Triangle_B_5.png,Adam THINKS there is ONE cube,b,h,TB-K-B,2,0,2,2,0,2,0,0,0,1,B,PropFalse,TA3: TB2,TR: TO,0,59,59,188,NA,NA,NA,NA,NA,290.4350036000251,0.00169890001416206,291.168246700021,291.2683706000098,0.8296206999802962,293.2017635999946,293.60172120004427,293.7037760000094,293.7037760000094,b,1,1.9919473999761976,295.7180814000312,295.7180814000312,295.7180814000312,295.7180814000312,NA,NA,NA,NA,NA,NA,021,001,2024-02-12_13h25.45.601,PsychoPy Exp,2023.1.2,60.002328094086906
BeliefY,ExpTrialStim/Square_Square_B_10.png,Adam THINKS there are TWO cubes,h,b,TB-K-B,2,2,0,2,2,0,0,0,0,2,B,-,SA2: SB1,SG: SB,0,60,60,143,NA,NA,NA,NA,NA,295.7180814000312,5.208000075072e-4,296.4515853000339,296.55170790001284,0.8312310000183061,298.48502369999187,298.8849320000154,298.98712520004483,298.98712520004483,h,1,0.5007084999815561,299.51821549999295,299.51821549999295,299.51821549999295,299.51821549999295,NA,NA,NA,NA,NA,NA,021,001,2024-02-12_13h25.45.601,PsychoPy Exp,2023.1.2,60.002328094086906
KnowledgeN,ExpTrialStim/Square_Triangle_NB_2.png,Adam KNOWS there are ZERO cubes,b,h,TB-K,2,1,1,2,1,1,0,0,0,0,NB,PropFalse,SB1: TB3,SB: TO,0,61,61,280,NA,NA,NA,NA,NA,299.51821549999295,0.00152019999222829,300.25156520004384,300.3517368999892,0.8298921000096016,302.28492400003597,302.6849021000089,302.7871604000102,302.7871604000102,b,1,0.9728969000279905,303.78498659998877,303.78498659998877,303.78498659998877,303.78498659998877,NA,NA,NA,NA,NA,NA,021,001,2024-02-12_13h25.45.601,PsychoPy Exp,2023.1.2,60.002328094086906
KnowledgeN,ExpTrialStim/Triangle_B_2.png,Adam KNOWS there are ZERO cubes,b,h,TB-Ig,1,0,1,1,0,1,0,0,0,0,B,PropTrueNoKnowledge,TB2,TO,0,62,62,289,NA,NA,NA,NA,NA,303.78498659998877,0.00169270002515986,304.5182211000356,304.6183355000103,0.829459400032647,306.55172420002054,306.95170890004374,307.05363999999827,307.05363999999827,h,0,1.9310043000150472,309.0016284000012,309.0016284000012,309.0016284000012,309.0016284000012,NA,NA,NA,NA,NA,NA,021,001,2024-02-12_13h25.45.601,PsychoPy Exp,2023.1.2,60.002328094086906
RealityN,ExpTrialStim/Square_NB_2.png,"In REALITY, there are ZERO cubes",b,h,TB-K,1,1,0,1,1,0,0,0,0,0,NB,PropFalse,SA3,SP,0,63,63,58,NA,NA,NA,NA,NA,309.0016284000012,0.0017008000286296,309.734864500002,309.83501270000124,0.8294263000134379,311.7849324000417,312.1850078999996,312.287089999998,312.287089999998,b,1,0.9926041000289842,313.3013917999924,313.3013917999924,313.3013917999924,313.3013917999924,NA,NA,NA,NA,NA,NA,021,001,2024-02-12_13h25.45.601,PsychoPy Exp,2023.1.2,60.002328094086906
KnowledgeN,ExpTrialStim/Square_Square_NB_2.png,Adam KNOWS there are ZERO cubes,b,h,TB-K,2,2,0,2,2,0,0,0,0,0,NB,PropFalse,SA2: SB3,SB: SG,0,64,64,283,NA,NA,NA,NA,NA,313.3013917999924,4.8769998829811e-4,314.03486820001854,314.1349973999895,0.8310852000140585,316.0683466999908,316.4682246000157,316.57042390003335,316.57042390003335,b,1,1.941644600010477,318.534934299998,318.534934299998,318.534934299998,318.534934299998,NA,NA,NA,NA,NA,NA,021,001,2024-02-12_13h25.45.601,PsychoPy Exp,2023.1.2,60.002328094086906
KnowledgeY,ExpTrialStim/Triangle_Triangle_B_3.png,Adam KNOWS there are ZERO cubes,h,b,TB-Ig,2,0,2,2,0,2,0,0,0,0,B,-,TA3: TB1,TR: TY,0,65,65,236,NA,NA,NA,NA,NA,318.534934299998,0.00169859995367005,319.2681668000296,319.3682966000051,0.8296646999660879,321.3016459000064,321.70158729999093,321.80374900001334,321.80374900001334,h,1,1.4362509999773465,323.26826700003585,323.26826700003585,323.26826700003585,323.26826700003585,NA,NA,NA,NA,NA,NA,021,001,2024-02-12_13h25.45.601,PsychoPy Exp,2023.1.2,60.002328094086906
BeliefY,ExpTrialStim/B_Square_2.png,Adam THINKS there are ZERO cubes,h,b,FB-Ig,1,1,0,0,0,0,1,1,0,0,B,-,SC3,SG,0,66,66,147,NA,NA,NA,NA,NA,323.26826700003585,0.0016860999749042,324.00151080003707,324.10163039999316,0.8296659999759868,326.03499860002194,326.4349128000322,326.5369868000271,326.5369868000271,h,1,1.1991946999914944,327.75133410003036,327.75133410003036,327.75133410003036,327.75133410003036,NA,NA,NA,NA,NA,NA,021,001,2024-02-12_13h25.45.601,PsychoPy Exp,2023.1.2,60.002328094086906
KnowledgeY,ExpTrialStim/Square_Triangle_B_6.png,Adam KNOWS there is ONE cube,h,b,FB-Ig,2,1,1,2,1,1,0,0,0,1,B,-,SB3: TA2,SB: TO,0,67,67,263,NA,NA,NA,NA,NA,327.75133410003036,0.00115530000766739,328.4848854999873,328.58497259998694,0.8302291000145487,330.5183253000141,330.91816990001826,331.0203550000442,331.0203550000442,h,1,0.987773999979254,332.03473469999153,332.03473469999153,332.03473469999153,332.03473469999153,NA,NA,NA,NA,NA,NA,021,001,2024-02-12_13h25.45.601,PsychoPy Exp,2023.1.2,60.002328094086906
BeliefY,ExpTrialStim/Square_B_Square_2.png,Adam THINKS there is ONE cube,h,b,FB-Ig,2,2,0,1,1,0,1,1,0,1,B,-,SA2: SC3,SB: SP,0,68,68,151,NA,NA,NA,NA,NA,332.03473469999153,4.1430001147091e-4,332.7681357000256,332.86822669999674,0.8312915000133216,334.8015116000315,335.2015817000065,335.30370530002983,335.30370530002983,h,1,1.016783899976872,336.3515866000089,336.3515866000089,336.3515866000089,336.3515866000089,NA,NA,NA,NA,NA,NA,021,001,2024-02-12_13h25.45.601,PsychoPy Exp,2023.1.2,60.002328094086906
RealityN,ExpTrialStim/Square_B_Square_2.png,"In REALITY, there are ZERO cubes",b,h,FB-Ig,2,2,0,1,1,0,1,1,0,0,B,PropFalse,SA2: SC3,SB: SP,0,69,69,97,NA,NA,NA,NA,NA,336.3515866000089,0.00169639999512583,337.08477930002846,337.184761200042,0.8295969999744557,339.1183054000139,339.5181861000019,339.6201657000347,339.6201657000347,b,1,1.1317032999941148,340.7680130000226,340.7680130000226,340.7680130000226,340.7680130000226,NA,NA,NA,NA,NA,NA,021,001,2024-02-12_13h25.45.601,PsychoPy Exp,2023.1.2,60.002328094086906
BeliefN,ExpTrialStim/B_Square_3.png,Adam THINKS there is ONE cube,b,h,FB-Ig,1,1,0,0,0,0,1,1,0,1,B,PropTrueNoBelief,SD1,SP,0,70,70,202,NA,NA,NA,NA,NA,340.7680130000226,4.4309999793767e-4,341.50145370000973,341.6015757000423,0.8312672000029124,343.5349400000414,343.93488990003243,344.03699769999366,344.03699769999366,b,1,1.5635533000458963,345.61805310001364,345.61805310001364,345.61805310001364,345.61805310001364,NA,NA,NA,NA,NA,NA,021,001,2024-02-12_13h25.45.601,PsychoPy Exp,2023.1.2,60.002328094086906
KnowledgeN,ExpTrialStim/Triangle_B_Square_2.png,Adam KNOWS there are ZERO cubes,b,h,FB-Ig,2,1,1,1,0,1,1,1,0,0,B,PropFalse,SC3: TB3,SP: TY,0,71,71,321,NA,NA,NA,NA,NA,345.61805310001364,0.00170459999935701,346.3513485000003,346.4515835000202,0.8294520000345074,348.3849796000286,348.7848883999977,348.88697170000523,348.88697170000523,b,1,3.544601400033571,352.4513775000232,352.4513775000232,352.4513775000232,352.4513775000232,NA,NA,NA,NA,NA,NA,021,001,2024-02-12_13h25.45.601,PsychoPy Exp,2023.1.2,60.002328094086906
KnowledgeN,ExpTrialStim/Square_B_Square_2.png,Adam KNOWS there is ONE cube,b,h,FB-Ig,2,2,0,1,1,0,1,1,0,1,B,PropFalse,SA2: SC3,SB: SP,0,72,72,313,NA,NA,NA,NA,NA,352.4513775000232,6.1489996733143e-4,353.1847427000175,353.284874200006,0.8311882999842055,355.2182510000421,355.61806960002286,355.7202499000123,355.7202499000123,h,0,3.535651299986057,359.2846553000272,359.2846553000272,359.2846553000272,359.2846553000272,NA,NA,NA,NA,NA,NA,021,001,2024-02-12_13h25.45.601,PsychoPy Exp,2023.1.2,60.002328094086906
KnowledgeY,ExpTrialStim/Square_Square_NB_6.png,Adam KNOWS there are TWO cubes,h,b,TB-K,2,2,0,2,2,0,0,0,0,2,NB,-,SA1: SB3,SG: SB,0,73,73,233,NA,NA,NA,NA,NA,359.2846553000272,3.8750004023313e-4,360.0180873000063,360.11817030003294,0.8314103000448085,362.05148070002906,362.4515709000407,362.5536618999904,362.5536618999904,h,1,0.9022579000447876,363.4848411999992,363.4848411999992,363.4848411999992,363.4848411999992,NA,NA,NA,NA,NA,NA,021,001,2024-02-12_13h25.45.601,PsychoPy Exp,2023.1.2,60.002328094086906
KnowledgeN,ExpTrialStim/Square_Square_NB_3.png,Adam KNOWS there are ZERO cubes,b,h,TB-K,2,2,0,2,2,0,0,0,0,0,NB,PropFalse,SA3: SB1,SG: SP,0,74,74,284,NA,NA,NA,NA,NA,363.4848411999992,0.00169649999588727,364.2180446000421,364.3180241000373,0.8295277000288479,366.2513469000114,366.6514580000075,366.7536233999999,366.7536233999999,b,1,1.1900785000179894,367.96783680003136,367.96783680003136,367.96783680003136,367.96783680003136,NA,NA,NA,NA,NA,NA,021,001,2024-02-12_13h25.45.601,PsychoPy Exp,2023.1.2,60.002328094086906
BeliefY,ExpTrialStim/Square_Square_B_9.png,Adam THINKS there are TWO cubes,h,b,TB-K-B,2,2,0,2,2,0,0,0,0,2,B,-,SA3: SB1,SB: SG,0,75,75,142,NA,NA,NA,NA,NA,367.96783680003136,3.9820000529289e-4,368.70140690001426,368.8013614999945,0.8314204000052996,370.7346661000047,371.1348355000373,371.23666410002625,371.23666410002625,h,1,1.0592579999938607,372.3181033000001,372.3181033000001,372.3181033000001,372.3181033000001,NA,NA,NA,NA,NA,NA,021,001,2024-02-12_13h25.45.601,PsychoPy Exp,2023.1.2,60.002328094086906
KnowledgeY,ExpTrialStim/Square_Triangle_B_4.png,Adam KNOWS there is ONE cube,h,b,FB-Ig,2,1,1,2,1,1,0,0,0,1,B,-,SB1: TA3,SP: TY,0,76,76,261,NA,NA,NA,NA,NA,372.3181033000001,0.00170520000392571,373.05134150001686,373.15147380001144,0.829661900002975,375.08469990000594,375.4848087000428,375.58683980000205,375.58683980000205,h,1,0.8049776999978349,376.41811090003466,376.41811090003466,376.41811090003466,376.41811090003466,NA,NA,NA,NA,NA,NA,021,001,2024-02-12_13h25.45.601,PsychoPy Exp,2023.1.2,60.002328094086906
KnowledgeN,ExpTrialStim/B_Square_3.png,Adam KNOWS there is ONE cube,b,h,FB-Ig,1,1,0,0,0,0,1,1,0,1,B,PropTrueNoKnowledge,SD1,SP,0,77,77,310,NA,NA,NA,NA,NA,376.41811090003466,0.00169699999969452,377.15139360004105,377.251507900015,0.8295224999892525,379.1846319999895,379.58478660002584,379.6868245000369,379.6868245000369,b,1,0.8569797999807633,380.5681072000298,380.5681072000298,380.5681072000298,380.5681072000298,NA,NA,NA,NA,NA,NA,021,001,2024-02-12_13h25.45.601,PsychoPy Exp,2023.1.2,60.002328094086906
KnowledgeN,ExpTrialStim/Triangle_Triangle_NB_1.png,Adam KNOWS there is ONE cube,b,h,TB-K,2,0,2,2,0,2,0,0,0,1,NB,PropFalse,TA1: TB2,TY: TO,0,78,78,276,NA,NA,NA,NA,NA,380.5681072000298,0.00170359999174252,381.3013460999937,381.4014672000194,0.8296106000198051,383.3346057999879,383.734795700002,383.8370049000369,383.8370049000369,b,1,1.3625401000026611,385.2178683000384,385.2178683000384,385.2178683000384,385.2178683000384,NA,NA,NA,NA,NA,NA,021,001,2024-02-12_13h25.45.601,PsychoPy Exp,2023.1.2,60.002328094086906
RealityN,ExpTrialStim/Triangle_Triangle_B_3.png,"In REALITY, there is ONE cube",b,h,TB-K-B,2,0,2,2,0,2,0,0,0,1,B,PropFalse,TA3: TB1,TR: TY,0,79,79,82,NA,NA,NA,NA,NA,385.2178683000384,3.8410001434385e-4,385.95133190002525,386.0514458999969,0.8312776000238955,387.98475370003143,388.38452570000663,388.4868043999886,388.4868043999886,b,1,1.049473899998702,389.56803429999854,389.56803429999854,389.56803429999854,389.56803429999854,NA,NA,NA,NA,NA,NA,021,001,2024-02-12_13h25.45.601,PsychoPy Exp,2023.1.2,60.002328094086906
BeliefY,ExpTrialStim/Square_Triangle_NB_1.png,Adam THINKS there is ONE cube,h,b,TB-K,2,1,1,2,1,1,0,0,0,1,NB,-,SA2: TB1,SG: TR,0,80,80,117,NA,NA,NA,NA,NA,389.56803429999854,0.00170740002067759,390.301317000005,390.4013582000043,0.8296242000069469,392.3345935000106,392.73460460000206,392.8368961000233,392.8368961000233,h,1,1.5478234000038356,394.41275990003487,NA,394.41275990003487,NA,space,4.771026300033554,NA,NA,NA,NA,021,001,2024-02-12_13h25.45.601,PsychoPy Exp,2023.1.2,60.002328094086906
KnowledgeN,ExpTrialStim/B_Square_2.png,Adam KNOWS there are ZERO cubes,b,h,FB-Ig,1,1,0,0,0,0,1,1,0,0,B,PropFalse,SC3,SG,0,81,81,309,NA,NA,NA,NA,NA,399.2013644000399,0.00166710000485181,399.9346196000115,400.03474370000185,0.8315476999850944,401.9681306999992,402.3680490000406,402.4701163000427,402.4701163000427,b,1,3.737681499973405,406.2345587000018,406.2345587000018,406.2345587000018,406.2345587000018,NA,NA,NA,NA,NA,NA,021,001,2024-02-12_13h25.45.601,PsychoPy Exp,2023.1.2,60.002328094086906
BeliefN,ExpTrialStim/Triangle_B_Triangle_1.png,Adam THINKS there is ONE cube,b,h,TB-Ig,2,0,2,1,0,1,1,0,1,1,B,PropFalse,TA3: TD1,TY: TR,0,82,82,184,NA,NA,NA,NA,NA,406.2345587000018,0.00181460002204403,406.96795449999627,407.0680299000233,0.8278138000168838,409.0012274000328,409.4013870999915,409.50347280001733,409.50347280001733,b,1,1.4958934999885969,411.01780650002183,411.01780650002183,411.01780650002183,411.01780650002183,NA,NA,NA,NA,NA,NA,021,001,2024-02-12_13h25.45.601,PsychoPy Exp,2023.1.2,60.002328094086906
KnowledgeY,ExpTrialStim/Square_Square_B_11.png,Adam KNOWS there are TWO cubes,h,b,FB-Ig,2,2,0,2,2,0,0,0,0,2,B,-,SA3: SB2,SB: SP,0,83,83,256,NA,NA,NA,NA,NA,411.01780650002183,3.9839994860813e-4,411.7512390000047,411.8513934999937,0.8314103999873623,413.7847278999979,414.1845352000091,414.286748500017,414.286748500017,h,1,0.6008220000076108,414.9178661000333,414.9178661000333,414.9178661000333,414.9178661000333,NA,NA,NA,NA,NA,NA,021,001,2024-02-12_13h25.45.601,PsychoPy Exp,2023.1.2,60.002328094086906
KnowledgeY,ExpTrialStim/Triangle_Triangle_B_12.png,Adam KNOWS there are ZERO cubes,h,b,TB-K-B,2,0,2,2,0,2,0,0,0,0,B,-,TA1: TB3,TY: TR,0,84,84,245,NA,NA,NA,NA,NA,414.9178661000333,7.3740002699196e-4,415.65122050000355,415.7513901999919,0.830999800004065,417.684542700008,418.08470890001627,418.1867617000243,418.1867617000243,h,1,0.6849075000500306,418.9012374000158,418.9012374000158,418.9012374000158,418.9012374000158,NA,NA,NA,NA,NA,NA,021,001,2024-02-12_13h25.45.601,PsychoPy Exp,2023.1.2,60.002328094086906
RealityN,ExpTrialStim/Square_Triangle_NB_3.png,"In REALITY, there are TWO cubes",b,h,TB-K,2,1,1,2,1,1,0,0,0,2,NB,PropFalse,SB3: TA2,SP: TY,0,85,85,65,NA,NA,NA,NA,NA,418.9012374000158,0.0016860999749042,419.63454900000943,419.73467710003024,0.8295627999468707,421.6678950000205,422.0679216000135,422.17019189998973,422.17019189998973,b,1,1.117528399976436,423.3179377000197,423.3179377000197,423.3179377000197,423.3179377000197,NA,NA,NA,NA,NA,NA,021,001,2024-02-12_13h25.45.601,PsychoPy Exp,2023.1.2,60.002328094086906
BeliefY,ExpTrialStim/Square_Square_B_3.png,Adam THINKS there are TWO cubes,h,b,TB-K-B,2,2,0,2,2,0,0,0,0,2,B,-,SA3: SB1,SG: SB,0,86,86,136,NA,NA,NA,NA,NA,423.3179377000197,0.00167970004258677,424.05120879999595,424.1513335999916,0.829527500027325,426.08466340001905,426.4846835000208,426.58676710003056,426.58676710003056,h,1,1.9329477999708615,428.5511689000414,428.5511689000414,428.5511689000414,428.5511689000414,NA,NA,NA,NA,NA,NA,021,001,2024-02-12_13h25.45.601,PsychoPy Exp,2023.1.2,60.002328094086906
KnowledgeY,ExpTrialStim/Triangle_Triangle_B_6.png,Adam KNOWS there are ZERO cubes,h,b,TB-Ig,2,0,2,2,0,2,0,0,0,0,B,-,TA1: TB3,TO: TY,0,87,87,239,NA,NA,NA,NA,NA,428.5511689000414,7.8240002039819e-4,429.28450130001875,429.384487000003,0.8308184000197798,431.3178711000364,431.71790150000015,431.8201185000362,431.8201185000362,h,1,0.5956211999873631,432.43458689999534,432.43458689999534,432.43458689999534,432.43458689999534,NA,NA,NA,NA,NA,NA,021,001,2024-02-12_13h25.45.601,PsychoPy Exp,2023.1.2,60.002328094086906
RealityN,ExpTrialStim/Square_Triangle_NB_1.png,"In REALITY, there are ZERO cubes",b,h,TB-K,2,1,1,2,1,1,0,0,0,0,NB,PropFalse,SA2: TB1,SG: TR,0,88,88,63,NA,NA,NA,NA,NA,432.43458689999534,0.0017117999959737,433.167861599999,433.267870300042,0.82953579997411,435.20169230003376,435.60130080004456,435.7033907000441,435.7033907000441,b,1,0.6807034000521526,436.40105600003153,436.40105600003153,436.40105600003153,436.40105600003153,NA,NA,NA,NA,NA,NA,021,001,2024-02-12_13h25.45.601,PsychoPy Exp,2023.1.2,60.002328094086906
KnowledgeN,ExpTrialStim/Triangle_B_Square_1.png,Adam KNOWS there are ZERO cubes,b,h,FB-Ig,2,1,1,1,0,1,1,1,0,0,B,PropFalse,SC1: TA1,SB: TO,0,89,89,320,NA,NA,NA,NA,NA,436.40105600003153,7.869999972172e-4,437.1344921000418,437.2346296000178,0.8306036000140011,439.1679606999969,439.5677923000185,439.67000380001264,439.67000380001264,b,1,2.513998700014781,442.2010704000131,442.2010704000131,442.2010704000131,442.2010704000131,NA,NA,NA,NA,NA,NA,021,001,2024-02-12_13h25.45.601,PsychoPy Exp,2023.1.2,60.002328094086906
RealityN,ExpTrialStim/Triangle_B_Triangle_1.png,"In REALITY, there is ONE cube",b,h,TB-Ig,2,0,2,1,0,1,1,0,1,1,B,PropFalse,TA3: TD1,TY: TR,0,90,90,76,NA,NA,NA,NA,NA,442.2010704000131,5.8829999761655e-4,442.93450690002646,443.0346045999904,0.8310418999753892,444.9679275000235,445.3676781000104,445.47004480002215,445.47004480002215,b,1,0.5775842999573797,446.06767230003607,446.06767230003607,446.06767230003607,446.06767230003607,NA,NA,NA,NA,NA,NA,021,001,2024-02-12_13h25.45.601,PsychoPy Exp,2023.1.2,60.002328094086906
KnowledgeN,ExpTrialStim/Square_NB_2.png,Adam KNOWS there are TWO cubes,b,h,TB-K,1,1,0,1,1,0,0,0,0,2,NB,PropFalse,SA3,SP,0,91,91,274,NA,NA,NA,NA,NA,446.06767230003607,0.00172440003370866,446.80113269999856,446.9012731999974,0.8296312000020407,448.8344415000174,449.234548300039,449.336661999987,449.336661999987,b,1,1.4872146000270732,450.85120560001815,450.85120560001815,450.85120560001815,450.85120560001815,NA,NA,NA,NA,NA,NA,021,001,2024-02-12_13h25.45.601,PsychoPy Exp,2023.1.2,60.002328094086906
BeliefN,ExpTrialStim/Square_Triangle_NB_2.png,Adam THINKS there are ZERO cubes,b,h,TB-K,2,1,1,2,1,1,0,0,0,0,NB,PropFalse,SB1: TB3,SB: TO,0,92,92,172,NA,NA,NA,NA,NA,450.85120560001815,0.00168919999850913,451.58420079998905,451.68430770002306,0.8292248999932781,453.61788540001726,454.01793660002295,454.12001860002056,454.12001860002056,b,1,1.2076453000190668,455.3512458000332,455.3512458000332,455.3512458000332,455.3512458000332,NA,NA,NA,NA,NA,NA,021,001,2024-02-12_13h25.45.601,PsychoPy Exp,2023.1.2,60.002328094086906
RealityY,ExpTrialStim/Square_NB_2.png,"In REALITY, there is ONE cube",h,b,TB-K,1,1,0,1,1,0,0,0,0,1,NB,-,SA3,SP,0,93,93,4,NA,NA,NA,NA,NA,455.3512458000332,0.00172080000629648,456.0844466999988,456.184584600036,0.8295638999552466,458.1179620000185,458.51785430003656,458.62002349999966,458.62002349999966,h,1,0.6836186000145972,459.33452780003427,459.33452780003427,459.33452780003427,459.33452780003427,NA,NA,NA,NA,NA,NA,021,001,2024-02-12_13h25.45.601,PsychoPy Exp,2023.1.2,60.002328094086906
RealityY,ExpTrialStim/Square_Square_B_1.png,"In REALITY, there are TWO cubes",h,b,TB-K-B,2,2,0,2,2,0,0,0,0,2,B,-,SA1: SB2,SP: SG,0,94,94,34,NA,NA,NA,NA,NA,459.33452780003427,0.00170460005756467,460.06777740002144,460.1677419000189,0.829432700003963,462.1011848000344,462.5010645000147,462.6032479000278,462.6032479000278,h,1,0.8682663000072353,463.5011262000189,463.5011262000189,463.5011262000189,463.5011262000189,NA,NA,NA,NA,NA,NA,021,001,2024-02-12_13h25.45.601,PsychoPy Exp,2023.1.2,60.002328094086906
RealityN,ExpTrialStim/Square_B_Square_4.png,"In REALITY, there are ZERO cubes",b,h,FB-Ig,2,2,0,1,1,0,1,1,0,0,B,PropFalse,SB1: SD2,SG: SP,0,95,95,99,NA,NA,NA,NA,NA,463.5011262000189,0.00152280001202598,464.23440180002945,464.3345459999982,0.829914900008589,466.2679160000407,466.6678283000365,466.7699090000242,466.7699090000242,b,1,0.7817655999679118,467.567819399992,467.567819399992,467.567819399992,467.567819399992,NA,NA,NA,NA,NA,NA,021,001,2024-02-12_13h25.45.601,PsychoPy Exp,2023.1.2,60.002328094086906
RealityY,ExpTrialStim/Square_Square_B_3.png,"In REALITY, there are TWO cubes",h,b,TB-K-B,2,2,0,2,2,0,0,0,0,2,B,-,SA3: SB1,SG: SB,0,96,96,36,NA,NA,NA,NA,NA,467.567819399992,0.00169260002439841,468.3010680000298,468.4011859000311,0.8297218999941833,470.3345396000077,470.7345622000285,470.8364632000448,470.8364632000448,h,1,0.6428150999709032,471.5009869000059,471.5009869000059,471.5009869000059,471.5009869000059,NA,NA,NA,NA,NA,NA,021,001,2024-02-12_13h25.45.601,PsychoPy Exp,2023.1.2,60.002328094086906
RealityN,ExpTrialStim/Square_NB_3.png,"In REALITY, there are TWO cubes",b,h,TB-K,1,1,0,1,1,0,0,0,0,2,NB,PropFalse,SB2,SG,0,97,97,59,NA,NA,NA,NA,NA,471.5009869000059,6.6559994593262e-4,472.2344392000232,472.33454930002335,0.8310652999789454,474.26770369999576,474.6678654000279,474.76996810000855,474.76996810000855,b,1,0.6615477000013925,475.4511017000186,475.4511017000186,475.4511017000186,475.4511017000186,NA,NA,NA,NA,NA,NA,021,001,2024-02-12_13h25.45.601,PsychoPy Exp,2023.1.2,60.002328094086906
BeliefN,ExpTrialStim/Square_Square_B_5.png,Adam THINKS there are ZERO cubes,b,h,TB-K-B,2,2,0,2,2,0,0,0,0,0,B,PropFalse,SA3: SB2,SP: SB,0,98,98,192,NA,NA,NA,NA,NA,475.4511017000186,0.00170609995257109,476.1843829000136,476.2845055999933,0.8296734999748878,478.2176882000058,478.6178068000008,478.7199301000219,478.7199301000219,b,1,0.6553056999691762,479.4010105000343,479.4010105000343,479.4010105000343,479.4010105000343,NA,NA,NA,NA,NA,NA,021,001,2024-02-12_13h25.45.601,PsychoPy Exp,2023.1.2,60.002328094086906
RealityY,ExpTrialStim/Triangle_Triangle_B_5.png,"In REALITY, there are ZERO cubes",h,b,TB-K-B,2,0,2,2,0,2,0,0,0,0,B,-,TA3: TB2,TR: TO,0,99,99,30,NA,NA,NA,NA,NA,479.4010105000343,8.9979998301714e-4,480.13439469999867,480.23441630002344,0.8304049999569543,482.16769979998935,482.567732400028,482.6699684000341,482.6699684000341,h,1,1.5056167000439018,484.2010927000083,484.2010927000083,484.2010927000083,484.2010927000083,NA,NA,NA,NA,NA,NA,021,001,2024-02-12_13h25.45.601,PsychoPy Exp,2023.1.2,60.002328094086906
KnowledgeY,ExpTrialStim/Square_Triangle_B_11.png,Adam KNOWS there is ONE cube,h,b,FB-Ig,2,1,1,2,1,1,0,0,0,1,B,-,SB2: TA3,SG: TR,0,100,100,268,NA,NA,NA,NA,NA,484.2010927000083,0.00171210005646571,484.934338400024,485.0344845000072,0.8296067000483163,486.9676616000361,487.3677674999926,487.4698693000246,487.4698693000246,h,1,0.6255646999925375,488.1175607999903,488.1175607999903,488.1175607999903,488.1175607999903,NA,NA,NA,NA,NA,NA,021,001,2024-02-12_13h25.45.601,PsychoPy Exp,2023.1.2,60.002328094086906
RealityY,ExpTrialStim/Triangle_B_Square_2.png,"In REALITY, there is ONE cube",h,b,FB-Ig,2,1,1,1,0,1,1,1,0,1,B,-,SC3: TB3,SP: TY,0,101,101,51,NA,NA,NA,NA,NA,488.1175607999903,0.00166969996644184,488.8510333999875,488.9511537000071,0.8295381999923848,490.88418079999974,491.2844041000353,491.3864949000417,491.3864949000417,h,1,1.373013800010085,492.78438640001696,492.78438640001696,492.78438640001696,492.78438640001696,NA,NA,NA,NA,NA,NA,021,001,2024-02-12_13h25.45.601,PsychoPy Exp,2023.1.2,60.002328094086906
RealityN,ExpTrialStim/Square_B_Square_5.png,"In REALITY, there is ONE cube",b,h,FB-Ig,2,2,0,1,1,0,1,1,0,1,B,PropFalse,SB2: SD3,SB: SG,0,102,102,100,NA,NA,NA,NA,NA,492.78438640001696,0.00166180002270266,493.51765230001183,493.6177533000009,0.8296244000084698,495.5511148000369,495.9511041000369,496.053171400039,496.053171400039,b,1,0.42635949997929856,496.50109219999285,496.50109219999285,496.50109219999285,496.50109219999285,NA,NA,NA,NA,NA,NA,021,001,2024-02-12_13h25.45.601,PsychoPy Exp,2023.1.2,60.002328094086906
BeliefN,ExpTrialStim/Square_NB_3.png,Adam THINKS there are TWO cubes,b,h,TB-K,1,1,0,1,1,0,0,0,0,2,NB,PropFalse,SB2,SG,0,103,103,167,NA,NA,NA,NA,NA,496.50109219999285,0.00284550001379102,497.2343303000089,497.33446550002554,0.8296600999892689,499.26780229998985,499.6677905000397,499.7698880000389,499.7698880000389,b,1,0.973650700005237,500.76752420002595,500.76752420002595,500.76752420002595,500.76752420002595,NA,NA,NA,NA,NA,NA,021,001,2024-02-12_13h25.45.601,PsychoPy Exp,2023.1.2,60.002328094086906
KnowledgeY,ExpTrialStim/Square_Triangle_NB_2.png,Adam KNOWS there is ONE cube,h,b,TB-K,2,1,1,2,1,1,0,0,0,1,NB,-,SB1: TB3,SB: TO,0,104,104,226,NA,NA,NA,NA,NA,500.76752420002595,0.00173830002313479,501.5009986000368,501.60110989998793,0.8294894000282511,503.5344613000052,503.9344302000245,504.0363974000211,504.0363974000211,h,1,0.5867756000370719,504.6509397000191,504.6509397000191,504.6509397000191,504.6509397000191,NA,NA,NA,NA,NA,NA,021,001,2024-02-12_13h25.45.601,PsychoPy Exp,2023.1.2,60.002328094086906
KnowledgeN,ExpTrialStim/Triangle_B_Triangle_2.png,Adam KNOWS there are ZERO cubes,b,h,TB-Ig,2,0,2,1,0,1,1,0,1,0,B,PropTrueNoKnowledge,TB1: TC2,TO: TY,0,105,105,293,NA,NA,NA,NA,NA,504.6509397000191,9.0430001728236e-4,505.3842981000198,505.48426900000777,0.8306809000205249,507.4176007999922,507.8176502000424,507.9199121000129,507.9199121000129,h,0,1.6958041000179946,509.6344288000255,509.6344288000255,509.6344288000255,509.6344288000255,NA,NA,NA,NA,NA,NA,021,001,2024-02-12_13h25.45.601,PsychoPy Exp,2023.1.2,60.002328094086906
RealityN,ExpTrialStim/Triangle_NB_3.png,"In REALITY, there are TWO cubes",b,h,TB-K,1,0,1,1,0,1,0,0,0,2,NB,PropFalse,TB2,TR,0,106,106,56,NA,NA,NA,NA,NA,509.6344288000255,0.00165600003674626,510.367629299988,510.46760350000113,0.8293875000090338,512.4010985000059,512.8010160000413,512.9030710000079,512.9030710000079,b,1,3.600449599965941,516.5342255000141,516.5342255000141,516.5342255000141,516.5342255000141,NA,NA,NA,NA,NA,NA,021,001,2024-02-12_13h25.45.601,PsychoPy Exp,2023.1.2,60.002328094086906
BeliefN,ExpTrialStim/Square_Triangle_B_8.png,Adam THINKS there are TWO cubes,b,h,TB-K-B,2,1,1,2,1,1,0,0,0,2,B,PropFalse,SA2: TB1,SP: TY,0,107,107,199,NA,NA,NA,NA,NA,516.5342255000141,0.001700000022538,517.267618599988,517.3677822999889,0.829583199985791,519.3009583000094,519.7010230000014,519.8031846000231,519.8031846000231,b,1,0.9967523000086658,520.8176603000029,520.8176603000029,520.8176603000029,520.8176603000029,NA,NA,NA,NA,NA,NA,021,001,2024-02-12_13h25.45.601,PsychoPy Exp,2023.1.2,60.002328094086906
KnowledgeY,ExpTrialStim/Square_Triangle_B_12.png,Adam KNOWS there is ONE cube,h,b,FB-Ig,2,1,1,2,1,1,0,0,0,1,B,-,SB3: TA1,SB: TO,0,108,108,269,NA,NA,NA,NA,NA,520.8176603000029,0.00168119999580085,521.5510037000058,521.65088500001,0.829473500023596,523.5842263000086,523.9843448000029,524.0864676000201,524.0864676000201,h,1,1.1767587999929674,525.2843300999957,525.2843300999957,525.2843300999957,525.2843300999957,NA,NA,NA,NA,NA,NA,021,001,2024-02-12_13h25.45.601,PsychoPy Exp,2023.1.2,60.002328094086906
BeliefN,ExpTrialStim/Square_B_Square_5.png,Adam THINKS there are TWO cubes,b,h,FB-Ig,2,2,0,1,1,0,1,1,0,2,B,PropTrueNoBelief,SB2: SD3,SB: SG,0,109,109,208,NA,NA,NA,NA,NA,525.2843300999957,0.00166070001432672,526.0175571000436,526.1177188000293,0.8296969999792054,528.0510310000391,528.4510625000112,528.5530961999903,528.5530961999903,b,1,1.5739744000020437,530.1506961000268,530.1506961000268,530.1506961000268,530.1506961000268,NA,NA,NA,NA,NA,NA,021,001,2024-02-12_13h25.45.601,PsychoPy Exp,2023.1.2,60.002328094086906
RealityN,ExpTrialStim/Square_Square_NB_5.png,"In REALITY, there is ONE cube",b,h,TB-K,2,2,0,2,2,0,0,0,0,1,NB,PropFalse,SA3: SB2,SB: SP,0,110,110,70,NA,NA,NA,NA,NA,530.1506961000268,4.0530000114813e-4,530.8839671000023,530.9840753999888,0.8305611999821849,532.9175095999963,533.3176185000339,533.4197956999997,533.4197956999997,b,1,0.6516438000253402,534.1007922000135,534.1007922000135,534.1007922000135,534.1007922000135,NA,NA,NA,NA,NA,NA,021,001,2024-02-12_13h25.45.601,PsychoPy Exp,2023.1.2,60.002328094086906
RealityN,ExpTrialStim/Square_Square_B_2.png,"In REALITY, there are ZERO cubes",b,h,TB-K-B,2,2,0,2,2,0,0,0,0,0,B,PropFalse,SA2: SB3,SB: SP,0,111,111,85,NA,NA,NA,NA,NA,534.1007922000135,0.00169169995933771,534.8342016999959,534.9341539000161,0.8295039999647997,536.8677089000121,537.2676809999975,537.3697552999947,537.3697552999947,b,1,0.9256062000058592,538.3176206999924,538.3176206999924,538.3176206999924,538.3176206999924,NA,NA,NA,NA,NA,NA,021,001,2024-02-12_13h25.45.601,PsychoPy Exp,2023.1.2,60.002328094086906
RealityN,ExpTrialStim/Square_B_Triangle_2.png,"In REALITY, there are TWO cubes",b,h,TB-Ig,2,1,1,1,1,0,1,0,1,2,B,PropFalse,SD3: TD2,SP: TY,0,112,112,79,NA,NA,NA,NA,NA,538.3176206999924,0.00169000000460073,539.0509143000236,539.1510099000297,0.8295997999957763,541.0841608000337,541.484245700005,541.5864053000114,541.5864053000114,b,1,0.540994499984663,542.1509005000116,542.1509005000116,542.1509005000116,542.1509005000116,NA,NA,NA,NA,NA,NA,021,001,2024-02-12_13h25.45.601,PsychoPy Exp,2023.1.2,60.002328094086906
RealityN,ExpTrialStim/Triangle_B_2.png,"In REALITY, there is ONE cube",b,h,TB-Ig,1,0,1,1,0,1,0,0,0,1,B,PropFalse,TB2,TO,0,113,113,73,NA,NA,NA,NA,NA,542.1509005000116,0.00165890000062063,542.88417820003815,542.9843100000289,0.829626000020653,544.9176337000099,545.3176249000244,545.4195991000161,545.4195991000161,b,1,1.043833400006406,546.4842785000219,546.4842785000219,546.4842785000219,546.4842785000219,NA,NA,NA,NA,NA,NA,021,001,2024-02-12_13h25.45.601,PsychoPy Exp,2023.1.2,60.002328094086906
RealityN,ExpTrialStim/Square_Triangle_B_1.png,"In REALITY, there are ZERO cubes",b,h,TB-K-B,2,1,1,2,1,1,0,0,0,0,B,PropFalse,SA1: TB2,SG: TR,0,114,114,88,NA,NA,NA,NA,NA,546.4842785000219,0.00164620002033188,547.217500800034,547.3176535000093,0.8296693000011146,549.2509885000181,549.6508775000111,549.7530387000297,549.7530387000297,b,1,0.8380201999680139,550.6175116000231,550.6175116000231,550.6175116000231,550.6175116000231,NA,NA,NA,NA,NA,NA,021,001,2024-02-12_13h25.45.601,PsychoPy Exp,2023.1.2,60.002328094086906
KnowledgeY,ExpTrialStim/Square_Square_B_7.png,Adam KNOWS there are TWO cubes,h,b,TB-K-B,2,2,0,2,2,0,0,0,0,2,B,-,SA1: SB2,SG: SP,0,115,115,252,NA,NA,NA,NA,NA,550.6175116000231,0.0011357000330463,551.3508590999991,551.4509522000444,0.8303490999969654,553.3841036999947,553.78406179999,553.8861318000127,553.8861318000127,h,1,0.6816684999503195,554.5840419000015,554.5840419000015,554.5840419000015,554.5840419000015,NA,NA,NA,NA,NA,NA,021,001,2024-02-12_13h25.45.601,PsychoPy Exp,2023.1.2,60.002328094086906
RealityY,ExpTrialStim/Triangle_Triangle_NB_3.png,"In REALITY, there are ZERO cubes",h,b,TB-K,2,0,2,2,0,2,0,0,0,0,NB,-,TA3: TB1,TR: TY,0,116,116,8,NA,NA,NA,NA,NA,554.5840419000015,0.00169180001830682,555.3175209999899,555.4176344000152,0.8294192000175826,557.350958199997,557.7509327000007,557.8529860000126,557.8529860000126,h,1,0.9223953000037,558.8007460000226,558.8007460000226,558.8007460000226,558.8007460000226,NA,NA,NA,NA,NA,NA,021,001,2024-02-12_13h25.45.601,PsychoPy Exp,2023.1.2,60.002328094086906
KnowledgeY,ExpTrialStim/Triangle_Triangle_B_8.png,Adam KNOWS there are ZERO cubes,h,b,TB-Ig,2,0,2,2,0,2,0,0,0,0,B,-,TA2: TB3,TY:TO,0,117,117,241,NA,NA,NA,NA,NA,558.8007460000226,0.00164070003665983,559.5341541999951,559.6339823000017,0.8293228000402451,561.5676651000394,561.9673188999877,562.0694265000056,562.0694265000056,h,1,1.721886299957987,563.8175642000278,563.8175642000278,563.8175642000278,563.8175642000278,NA,NA,NA,NA,NA,NA,021,001,2024-02-12_13h25.45.601,PsychoPy Exp,2023.1.2,60.002328094086906
RealityN,ExpTrialStim/Square_Square_NB_6.png,"In REALITY, there is ONE cube",b,h,TB-K,2,2,0,2,2,0,0,0,0,1,NB,PropFalse,SA1: SB3,SG: SB,0,118,118,71,NA,NA,NA,NA,NA,563.8175642000278,0.00164849997963756,564.5508166000363,564.650703500025,0.8295665999758057,566.5840992000303,566.98425400001,567.0863700000336,567.0863700000336,b,1,0.713348799967207,567.8175352000399,567.8175352000399,567.8175352000399,567.8175352000399,NA,NA,NA,NA,NA,NA,021,001,2024-02-12_13h25.45.601,PsychoPy Exp,2023.1.2,60.002328094086906
RealityN,ExpTrialStim/B_Square_1.png,"In REALITY, there are ZERO cubes",b,h,FB-Ig,1,1,0,0,0,0,1,1,0,0,B,PropFalse,SC2,SG,0,119,119,92,NA,NA,NA,NA,NA,567.8175352000399,0.00168699998175725,568.5508005000302,568.6508844000055,0.8294097999460064,570.5842623999924,570.9841739000403,571.0863066000165,571.0863066000165,b,1,1.1449682000093162,572.2508379000355,572.2508379000355,572.2508379000355,572.2508379000355,NA,NA,NA,NA,NA,NA,021,001,2024-02-12_13h25.45.601,PsychoPy Exp,2023.1.2,60.002328094086906
KnowledgeN,ExpTrialStim/Square_Triangle_B_9.png,Adam KNOWS there are ZERO cubes,b,h,TB-K-B,2,1,1,2,1,1,0,0,0,0,B,PropFalse,SA3: TB2,SG: TR,0,120,120,304,NA,NA,NA,NA,NA,572.2508379000355,0.00171350000891834,572.9840930000064,573.0841103999992,0.8293469999916852,575.0174774000188,575.417599300039,575.5196686999989,575.5196686999989,b,1,1.2000659999903291,576.7506922000321,576.7506922000321,576.7506922000321,576.7506922000321,NA,NA,NA,NA,NA,NA,021,001,2024-02-12_13h25.45.601,PsychoPy Exp,2023.1.2,60.002328094086906
KnowledgeN,ExpTrialStim/Square_Triangle_B_10.png,Adam KNOWS there are TWO cubes,b,h,TB-K-B,2,1,1,2,1,1,0,0,0,2,B,PropFalse,SB1: TA2,SP: TY,0,121,121,305,NA,NA,NA,NA,NA,576.7506922000321,4.3229997390881e-4,577.4840764999972,577.5842364000273,0.8312477999716066,579.5175380000146,579.9173895000131,580.0195878000231,580.0195878000231,b,1,0.7642684999736957,580.8007313000271,580.8007313000271,580.8007313000271,580.8007313000271,NA,NA,NA,NA,NA,NA,021,001,2024-02-12_13h25.45.601,PsychoPy Exp,2023.1.2,60.002328094086906
BeliefN,ExpTrialStim/Triangle_Triangle_NB_3.png,Adam THINKS there are TWO cubes,b,h,TB-K,2,0,2,2,0,2,0,0,0,2,NB,PropFalse,TA3: TB1,TR: TY,0,122,122,170,NA,NA,NA,NA,NA,580.8007313000271,0.00169450003886595,581.5340930999955,581.6341935000382,0.8294294000370428,583.567548800027,583.9675275000045,584.0696026000078,584.0696026000078,b,1,0.7693827000330202,584.8673024000018,584.8673024000018,584.8673024000018,584.8673024000018,NA,NA,NA,NA,NA,NA,021,001,2024-02-12_13h25.45.601,PsychoPy Exp,2023.1.2,60.002328094086906
KnowledgeN,ExpTrialStim/Square_Square_NB_6.png,Adam KNOWS there is ONE cube,b,h,TB-K,2,2,0,2,2,0,0,0,0,1,NB,PropFalse,SA1: SB3,SG: SB,0,123,123,287,NA,NA,NA,NA,NA,584.8673024000018,5.6289997883141e-4,585.6007180000306,585.7007978000329,0.830867999990005,587.6341465000296,588.0340284000267,588.1362147000036,588.1362147000036,b,1,0.6314735999912955,588.7841598000377,588.7841598000377,588.7841598000377,588.7841598000377,NA,NA,NA,NA,NA,NA,021,001,2024-02-12_13h25.45.601,PsychoPy Exp,2023.1.2,60.002328094086906
RealityN,ExpTrialStim/Square_B_Square_6.png,"In REALITY, there is ONE cube",b,h,FB-Ig,2,2,0,1,1,0,1,1,0,1,B,PropFalse,SB3: SC1,SP: SG,0,124,124,101,NA,NA,NA,NA,NA,588.7841598000377,0.0016635000356473,589.5173726000357,589.6173584000207,0.8296106000198051,591.5507036999916,591.9508521000389,592.0528877000324,592.0528877000324,b,1,1.0263523999601605,593.1007496000384,593.1007496000384,593.1007496000384,593.1007496000384,NA,NA,NA,NA,NA,NA,021,001,2024-02-12_13h25.45.601,PsychoPy Exp,2023.1.2,60.002328094086906
KnowledgeY,ExpTrialStim/Triangle_Triangle_B_9.png,Adam KNOWS there are ZERO cubes,h,b,TB-K-B,2,0,2,2,0,2,0,0,0,0,B,-,TA3: TB1,TO: TR,0,125,125,242,NA,NA,NA,NA,NA,593.1007496000384,0.00167119997786358,593.8338802999933,593.9341553000268,0.829648700018879,595.8674947000109,596.2674414000358,596.3695983000216,596.3695983000216,h,1,0.7013023000326939,597.1006448999979,597.1006448999979,597.1006448999979,597.1006448999979,NA,NA,NA,NA,NA,NA,021,001,2024-02-12_13h25.45.601,PsychoPy Exp,2023.1.2,60.002328094086906
RealityY,ExpTrialStim/Square_B_2.png,"In REALITY, there is ONE cube",h,b,TB-Ig,1,1,0,1,1,0,0,0,0,1,B,-,SB2,SB,0,126,126,21,NA,NA,NA,NA,NA,597.1006448999979,0.00115650001680478,597.8340594000183,597.9339383000042,0.8304575000074692,599.8674728000187,600.2673318000161,600.3695891000098,600.3695891000098,h,1,0.6057877999846824,601.0007643999998,601.0007643999998,601.0007643999998,601.0007643999998,NA,NA,NA,NA,NA,NA,021,001,2024-02-12_13h25.45.601,PsychoPy Exp,2023.1.2,60.002328094086906
RealityN,ExpTrialStim/Square_B_Square_1.png,"In REALITY, there are ZERO cubes",b,h,FB-Ig,2,2,0,1,1,0,1,1,0,0,B,PropFalse,SA1: SC2,SG: SB,0,127,127,96,NA,NA,NA,NA,NA,601.0007643999998,0.0017008000286296,601.734035600035,601.834006900026,0.8296787000144832,603.7675286000012,604.167595100007,604.2695330000133,604.2695330000133,b,1,0.7302079999935813,605.0174006000161,605.0174006000161,605.0174006000161,605.0174006000161,NA,NA,NA,NA,NA,NA,021,001,2024-02-12_13h25.45.601,PsychoPy Exp,2023.1.2,60.002328094086906
KnowledgeY,ExpTrialStim/Triangle_Triangle_B_11.png,Adam KNOWS there are ZERO cubes,h,b,TB-K-B,2,0,2,2,0,2,0,0,0,0,B,-,TA3: TB2,TO: TY,0,128,128,244,NA,NA,NA,NA,NA,605.0174006000161,0.0016868999809958,605.7506906000199,605.8507725000381,0.8294196999631822,607.7841402000049,608.1840275000432,608.2862377000274,608.2862377000274,h,1,0.9049964000005276,609.2173867000383,609.2173867000383,609.2173867000383,609.2173867000383,NA,NA,NA,NA,NA,NA,021,001,2024-02-12_13h25.45.601,PsychoPy Exp,2023.1.2,60.002328094086906
RealityN,ExpTrialStim/Square_Triangle_NB_2.png,"In REALITY, there are ZERO cubes",b,h,TB-K,2,1,1,2,1,1,0,0,0,0,NB,PropFalse,SB1: TB3,SB: TO,0,129,129,64,NA,NA,NA,NA,NA,609.2173867000383,0.00165839999681338,609.9505190000054,610.0507758000167,0.829381299961824,611.9839210000355,612.3840499999933,612.4862046000198,612.4862046000198,b,1,0.9527740000048652,613.4673558000359,613.4673558000359,613.4673558000359,613.4673558000359,NA,NA,NA,NA,NA,NA,021,001,2024-02-12_13h25.45.601,PsychoPy Exp,2023.1.2,60.002328094086906
BeliefY,ExpTrialStim/Triangle_B_1.png,Adam THINKS there are ZERO cubes,h,b,TB-Ig,1,0,1,1,0,1,0,0,0,0,B,-,TA2,TR,0,130,130,126,NA,NA,NA,NA,NA,613.4673558000359,0.00149899994721636,614.2007025000057,614.3007596000098,0.8298937999643385,616.2341252000188,616.6341550000361,616.7361994000385,616.7361994000385,h,1,0.8314542999723926,617.583879599988,617.583879599988,617.583879599988,617.583879599988,NA,NA,NA,NA,NA,NA,021,001,2024-02-12_13h25.45.601,PsychoPy Exp,2023.1.2,60.002328094086906
RealityY,ExpTrialStim/B_Square_3.png,"In REALITY, there is ONE cube",h,b,FB-Ig,1,1,0,0,0,0,1,1,0,1,B,-,SD1,SP,0,131,131,40,NA,NA,NA,NA,NA,617.583879599988,0.0017126000020653,618.317328300036,618.4173200000077,0.8293335999478586,620.3508015000261,620.750668600027,620.8528315000003,620.8528315000003,h,1,0.6263660000404343,621.5005896000075,621.5005896000075,621.5005896000075,621.5005896000075,NA,NA,NA,NA,NA,NA,021,001,2024-02-12_13h25.45.601,PsychoPy Exp,2023.1.2,60.002328094086906
BeliefY,ExpTrialStim/Triangle_B_Square_4.png,Adam THINKS there are ZERO cubes,h,b,FB-Ig,2,1,1,1,0,1,1,1,0,0,B,-,SD3: TB1,SB: TO,0,132,132,161,NA,NA,NA,NA,NA,621.5005896000075,0.00170610001077875,622.2339658000274,622.3340838000295,0.8295805999659933,624.267267999996,624.6674315000419,624.7695478000096,624.7695478000096,h,1,1.9092552000074647,626.7005125000142,626.7005125000142,626.7005125000142,626.7005125000142,NA,NA,NA,NA,NA,NA,021,001,2024-02-12_13h25.45.601,PsychoPy Exp,2023.1.2,60.002328094086906
KnowledgeN,ExpTrialStim/Triangle_Triangle_NB_3.png,Adam KNOWS there are TWO cubes,b,h,TB-K,2,0,2,2,0,2,0,0,0,2,NB,PropFalse,TA3: TB1,TR: TY,0,133,133,278,NA,NA,NA,NA,NA,626.7005125000142,9.1469998005777e-4,627.4339348000358,627.5338443000219,0.8306789000052959,629.4674315000302,629.8674590000301,629.9695120000397,629.9695120000397,b,1,0.9503141999593936,630.9506653000135,630.9506653000135,630.9506653000135,630.9506653000135,NA,NA,NA,NA,NA,NA,021,001,2024-02-12_13h25.45.601,PsychoPy Exp,2023.1.2,60.002328094086906
KnowledgeY,ExpTrialStim/Square_Square_NB_3.png,Adam KNOWS there are TWO cubes,h,b,TB-K,2,2,0,2,2,0,0,0,0,2,NB,-,SA3: SB1,SG: SP,0,134,134,230,NA,NA,NA,NA,NA,630.9506653000135,0.00170910003362223,631.6839228000026,631.78407470003,0.8296125000342727,633.7173987000133,634.1172845000401,634.2196480000275,634.2196480000275,h,1,0.49128610000479966,634.7338145000394,634.7338145000394,634.7338145000394,634.7338145000394,NA,NA,NA,NA,NA,NA,021,001,2024-02-12_13h25.45.601,PsychoPy Exp,2023.1.2,60.002328094086906
KnowledgeN,ExpTrialStim/Triangle_NB_2.png,Adam KNOWS there is ONE cube,b,h,TB-K,1,0,1,1,0,1,0,0,0,1,NB,PropFalse,TA3,TY,0,135,135,271,NA,NA,NA,NA,NA,634.7338145000394,0.00151770003139972,635.4673167000292,635.5673352000304,0.8298544000135735,637.5007254999946,637.9007096000132,638.0028023000341,638.0028023000341,b,1,0.716887999966275,638.7504737999989,638.7504737999989,638.7504737999989,638.7504737999989,NA,NA,NA,NA,NA,NA,021,001,2024-02-12_13h25.45.601,PsychoPy Exp,2023.1.2,60.002328094086906
BeliefN,ExpTrialStim/Square_Square_NB_4.png,Adam THINKS there is ONE cube,b,h,TB-K,2,2,0,2,2,0,0,0,0,1,NB,PropFalse,SA2: SB1,SP: SG,0,136,136,177,NA,NA,NA,NA,NA,638.7504737999989,3.7610001163557e-4,639.483916600002,639.5840548000415,0.8312755000079051,641.5171828999883,641.9173269000021,642.0194276000257,642.0194276000257,b,1,0.6593141999910586,642.7004947999958,642.7004947999958,642.7004947999958,642.7004947999958,NA,NA,NA,NA,NA,NA,021,001,2024-02-12_13h25.45.601,PsychoPy Exp,2023.1.2,60.002328094086906
KnowledgeN,ExpTrialStim/Square_Square_B_10.png,Adam KNOWS there are ZERO cubes,b,h,TB-K-B,2,2,0,2,2,0,0,0,0,0,B,PropFalse,SA2: SB1,SG: SB,0,137,137,301,NA,NA,NA,NA,NA,642.7004947999958,3.8250000216066e-4,643.4338908999925,643.5340293000336,0.8313956000492908,645.467371500039,645.8673476999975,645.9693786000134,645.9693786000134,b,1,0.9173815000103788,646.9172597000143,646.9172597000143,646.9172597000143,646.9172597000143,NA,NA,NA,NA,NA,NA,021,001,2024-02-12_13h25.45.601,PsychoPy Exp,2023.1.2,60.002328094086906
KnowledgeN,ExpTrialStim/Square_Square_B_9.png,Adam KNOWS there are ZERO cubes,b,h,TB-K-B,2,2,0,2,2,0,0,0,0,0,B,PropFalse,SA3: SB1,SB: SG,0,138,138,300,NA,NA,NA,NA,NA,646.9172597000143,9.2510000104084e-4,647.6505472999997,647.7506658000057,0.8305722000077367,649.6840177000267,650.0838856000337,650.1859995000414,650.1859995000414,b,1,0.7087420999887399,650.9171242000302,650.9171242000302,650.9171242000302,650.9171242000302,NA,NA,NA,NA,NA,NA,021,001,2024-02-12_13h25.45.601,PsychoPy Exp,2023.1.2,60.002328094086906
KnowledgeY,ExpTrialStim/Square_Triangle_NB_1.png,Adam KNOWS there is ONE cube,h,b,TB-K,2,1,1,2,1,1,0,0,0,1,NB,-,SA2: TB1,SG: TR,0,139,139,225,NA,NA,NA,NA,NA,650.9171242000302,3.7470000097528e-4,651.650566300028,651.7506670000148,0.8313455000170507,653.6839879000327,654.0838576999959,654.1860201000236,654.1860201000236,h,1,0.7090797999990173,654.917263899988,654.917263899988,654.917263899988,654.917263899988,NA,NA,NA,NA,NA,NA,021,001,2024-02-12_13h25.45.601,PsychoPy Exp,2023.1.2,60.002328094086906
BeliefN,ExpTrialStim/Square_NB_2.png,Adam THINKS there are TWO cubes,b,h,TB-K,1,1,0,1,1,0,0,0,0,2,NB,PropFalse,SA3,SP,0,140,140,166,NA,NA,NA,NA,NA,654.917263899988,0.00166439998429268,655.6505456999876,655.7506459000288,0.829552799987141,657.6839704000158,658.0839886000031,658.1860926999943,658.1860926999943,b,1,1.3729343000450172,659.5838488999871,659.5838488999871,659.5838488999871,659.5838488999871,NA,NA,NA,NA,NA,NA,021,001,2024-02-12_13h25.45.601,PsychoPy Exp,2023.1.2,60.002328094086906
KnowledgeN,ExpTrialStim/Square_B_Triangle_1.png,Adam KNOWS there is ONE cube,b,h,TB-Ig,2,1,1,1,1,0,1,0,1,1,B,PropTrueNoKnowledge,SB1: TD3,SB: TO,0,141,141,294,NA,NA,NA,NA,NA,659.5838488999871,0.00172400003066286,660.3171776999952,660.4172989000217,0.8296074000536464,662.3504995999974,662.75060269999085,662.8526053000242,662.8526053000242,h,0,1.650499899988063,664.5338830000255,664.5338830000255,664.5338830000255,664.5338830000255,NA,NA,NA,NA,NA,NA,021,001,2024-02-12_13h25.45.601,PsychoPy Exp,2023.1.2,60.002328094086906
BeliefY,ExpTrialStim/Square_NB_3.png,Adam THINKS there is ONE cube,h,b,TB-K,1,1,0,1,1,0,0,0,0,1,NB,-,SB2,SG,0,142,142,113,NA,NA,NA,NA,NA,664.5338830000255,0.001706600014586,665.2672118000337,665.3673054000246,0.8295540999970399,667.3006474000285,667.7006239999901,667.8026520000421,667.8026520000421,h,1,1.3403853999916464,669.1672799999942,669.1672799999942,669.1672799999942,669.1672799999942,NA,NA,NA,NA,NA,NA,021,001,2024-02-12_13h25.45.601,PsychoPy Exp,2023.1.2,60.002328094086906
KnowledgeY,ExpTrialStim/Square_Triangle_B_3.png,Adam KNOWS there is ONE cube,h,b,FB-Ig,2,1,1,2,1,1,0,0,0,1,B,-,SA3: TB1,SP: TY,0,143,143,260,NA,NA,NA,NA,NA,669.1672799999942,0.00165379996178671,669.9004780999967,670.0005823000101,0.8296129999798723,671.9336873000138,672.333740400034,672.4361695999978,672.4361695999978,h,1,0.9068624000065028,673.3672165999888,673.3672165999888,673.3672165999888,673.3672165999888,NA,NA,NA,NA,NA,NA,021,001,2024-02-12_13h25.45.601,PsychoPy Exp,2023.1.2,60.002328094086906
RealityN,ExpTrialStim/Triangle_Triangle_NB_2.png,"In REALITY, there are TWO cubes",b,h,TB-K,2,0,2,2,0,2,0,0,0,2,NB,PropFalse,TA2: TB3,TO: TR,0,144,144,61,NA,NA,NA,NA,NA,673.3672165999888,0.0016563999815844,674.100527600036,674.2006464999868,0.8296325000119396,676.1339462000178,676.5337501000031,676.6360480000149,676.6360480000149,b,1,0.5473672000225633,677.2004951999988,677.2004951999988,677.2004951999988,677.2004951999988,NA,NA,NA,NA,NA,NA,021,001,2024-02-12_13h25.45.601,PsychoPy Exp,2023.1.2,60.002328094086906
BeliefN,ExpTrialStim/Square_B_Square_2.png,Adam THINKS there are ZERO cubes,b,h,FB-Ig,2,2,0,1,1,0,1,1,0,0,B,PropFalse,SA2: SC3,SB: SP,0,145,145,205,NA,NA,NA,NA,NA,677.2004951999988,0.00103630003286525,677.9338066999917,678.0338150000316,0.8305151000386104,679.9672851000214,680.3672014999902,680.469291699992,680.469291699992,b,1,0.993724999949336,681.4837158000446,681.4837158000446,681.4837158000446,681.4837158000446,NA,NA,NA,NA,NA,NA,021,001,2024-02-12_13h25.45.601,PsychoPy Exp,2023.1.2,60.002328094086906
KnowledgeY,ExpTrialStim/Square_Square_NB_5.png,Adam KNOWS there are TWO cubes,h,b,TB-K,2,2,0,2,2,0,0,0,0,2,NB,-,SA3: SB2,SB: SP,0,146,146,232,NA,NA,NA,NA,NA,681.4837158000446,0.00177450000774115,682.2171537000104,682.3170806000126,0.8293413000064902,684.2504465000238,684.6505868000095,684.752597200044,684.752597200044,h,1,1.00643539999146,685.7838124000118,685.7838124000118,685.7838124000118,685.7838124000118,NA,NA,NA,NA,NA,NA,021,001,2024-02-12_13h25.45.601,PsychoPy Exp,2023.1.2,60.002328094086906
RealityY,ExpTrialStim/Triangle_Triangle_NB_2.png,"In REALITY, there are ZERO cubes",h,b,TB-K,2,0,2,2,0,2,0,0,0,0,NB,-,TA2: TB3,TO: TR,0,147,147,7,NA,NA,NA,NA,NA,685.7838124000118,0.00166599999647587,686.5170976000372,686.6172354000155,0.829602200014051,688.5505475000245,688.9504956000019,689.052668999997,689.052668999997,h,1,0.8262460000114515,689.9003396999906,689.9003396999906,689.9003396999906,689.9003396999906,NA,NA,NA,NA,NA,NA,021,001,2024-02-12_13h25.45.601,PsychoPy Exp,2023.1.2,60.002328094086906
RealityY,ExpTrialStim/Triangle_B_Square_1.png,"In REALITY, there is ONE cube",h,b,FB-Ig,2,1,1,1,0,1,1,1,0,1,B,-,SC1: TA1,SB: TO,0,148,148,50,NA,NA,NA,NA,NA,689.9003396999906,0.00169810000807046,690.6337701000157,690.7337639000034,0.8295843999949284,692.6672696000314,693.0671227000421,693.1691674999893,693.1691674999893,h,1,0.5738113999832422,693.7672220999957,693.7672220999957,693.7672220999957,693.7672220999957,NA,NA,NA,NA,NA,NA,021,001,2024-02-12_13h25.45.601,PsychoPy Exp,2023.1.2,60.002328094086906
BeliefN,ExpTrialStim/Square_Triangle_B_6.png,Adam THINKS there are ZERO cubes,b,h,TB-K-B,2,1,1,2,1,1,0,0,0,0,B,PropFalse,SB3: TA2,SB: TO,0,149,149,197,NA,NA,NA,NA,NA,693.7672220999957,0.00171360000967979,694.5003842000151,694.6005510000396,0.8296025000163354,696.5337973000132,696.9338114000275,697.0359438000014,697.0359438000014,b,1,1.291007100022398,698.3504411000176,698.3504411000176,698.3504411000176,698.3504411000176,NA,NA,NA,NA,NA,NA,021,001,2024-02-12_13h25.45.601,PsychoPy Exp,2023.1.2,60.002328094086906
KnowledgeN,ExpTrialStim/Square_Triangle_NB_3.png,Adam KNOWS there are TWO cubes,b,h,TB-K,2,1,1,2,1,1,0,0,0,2,NB,PropFalse,SB3: TA2,SP: TY,0,150,150,281,NA,NA,NA,NA,NA,698.3504411000176,0.00169830000959336,699.0837448000093,699.1837301999913,0.8296278000343591,701.1170287000132,701.5171919999993,701.6193052000017,701.6193052000017,b,1,0.6196196000091732,702.2671032000217,702.2671032000217,702.2671032000217,702.2671032000217,NA,NA,NA,NA,NA,NA,021,001,2024-02-12_13h25.45.601,PsychoPy Exp,2023.1.2,60.002328094086906
RealityY,ExpTrialStim/Triangle_NB_2.png,"In REALITY, there are ZERO cubes",h,b,TB-K,1,0,1,1,0,1,0,0,0,0,NB,-,TA3,TY,0,151,151,1,NA,NA,NA,NA,NA,702.2671032000217,0.00166790001094341,703.0004056000034,703.1005849000067,0.8296251999563538,705.0338514000177,705.4336494000163,705.536011499993,705.536011499993,h,1,0.8225691000116058,706.3836666000425,706.3836666000425,706.3836666000425,706.3836666000425,NA,NA,NA,NA,NA,NA,021,001,2024-02-12_13h25.45.601,PsychoPy Exp,2023.1.2,60.002328094086906
BeliefN,ExpTrialStim/Triangle_B_Square_1.png,Adam THINKS there is ONE cube,b,h,FB-Ig,2,1,1,1,0,1,1,1,0,1,B,PropTrueNoBelief,SC1: TA1,SB: TO,0,152,152,212,NA,NA,NA,NA,NA,706.3836666000425,7.6200003968551e-4,707.1170844000299,707.2171691000112,0.8311008000164293,709.1503480999963,709.5504753999994,709.6525643999921,709.6525643999921,b,1,1.1543968999758365,710.8337463000207,710.8337463000207,710.8337463000207,710.8337463000207,NA,NA,NA,NA,NA,NA,021,001,2024-02-12_13h25.45.601,PsychoPy Exp,2023.1.2,60.002328094086906
RealityY,ExpTrialStim/Triangle_Triangle_NB_1.png,"In REALITY, there are ZERO cubes",h,b,TB-K,2,0,2,2,0,2,0,0,0,0,NB,-,TA1: TB2,TY: TO,0,153,153,6,NA,NA,NA,NA,NA,710.8337463000207,0.00170650001382455,711.5670079000411,711.6671268999926,0.8295757999876514,713.6004939000122,714.000433200039,714.1026575000142,714.1026575000142,h,1,0.7359903999604285,714.8670724999974,714.8670724999974,714.8670724999974,714.8670724999974,NA,NA,NA,NA,NA,NA,021,001,2024-02-12_13h25.45.601,PsychoPy Exp,2023.1.2,60.002328094086906
RealityN,ExpTrialStim/Triangle_Triangle_B_2.png,"In REALITY, there is ONE cube",b,h,TB-K-B,2,0,2,2,0,2,0,0,0,1,B,PropFalse,TA2: TB3,TO: TR,0,154,154,81,NA,NA,NA,NA,NA,714.8670724999974,0.00153300003148615,715.6002456000424,715.7004903000197,0.8299172000261024,717.633782799996,718.0337824000162,718.1358540999936,718.1358540999936,b,1,1.478995700017549,719.6335346000269,719.6335346000269,719.6335346000269,719.6335346000269,NA,NA,NA,NA,NA,NA,021,001,2024-02-12_13h25.45.601,PsychoPy Exp,2023.1.2,60.002328094086906
KnowledgeN,ExpTrialStim/Square_B_Square_1.png,Adam KNOWS there is ONE cube,b,h,FB-Ig,2,2,0,1,1,0,1,1,0,1,B,PropFalse,SA1: SC2,SG: SB,0,155,155,312,NA,NA,NA,NA,NA,719.6335346000269,0.00149719999171793,720.3669970000046,720.4671056999941,0.8298676999984309,722.4003391000442,722.8004620000138,722.9025868999888,722.9025868999888,h,0,2.8562166999909095,725.7836408000439,725.7836408000439,725.7836408000439,725.7836408000439,NA,NA,NA,NA,NA,NA,021,001,2024-02-12_13h25.45.601,PsychoPy Exp,2023.1.2,60.002328094086906
KnowledgeY,ExpTrialStim/Square_NB_2.png,Adam KNOWS there is ONE cube,h,b,TB-K,1,1,0,1,1,0,0,0,0,1,NB,-,SA3,SP,0,156,156,220,NA,NA,NA,NA,NA,725.7836408000439,0.00149400002555921,726.5170157999964,726.6170689000282,0.8296823999844491,728.5503183000255,728.9503492999938,729.0524348000181,729.0524348000181,h,1,0.8826786000281572,729.9500902,729.9500902,729.9500902,729.9500902,NA,NA,NA,NA,NA,NA,021,001,2024-02-12_13h25.45.601,PsychoPy Exp,2023.1.2,60.002328094086906
KnowledgeY,ExpTrialStim/Square_Triangle_B_9.png,Adam KNOWS there is ONE cube,h,b,FB-Ig,2,1,1,2,1,1,0,0,0,1,B,-,SA3: TB2,SG: TR,0,157,157,266,NA,NA,NA,NA,NA,729.9500902,4.0170003194361e-4,730.6835022000014,730.7835756000131,0.8311508999904618,732.7170401000185,733.1170858000405,733.2191501000198,733.2191501000198,h,1,1.148093700001482,734.3837305000052,734.3837305000052,734.3837305000052,734.3837305000052,NA,NA,NA,NA,NA,NA,021,001,2024-02-12_13h25.45.601,PsychoPy Exp,2023.1.2,60.002328094086906
RealityY,ExpTrialStim/Square_B_Square_1.png,"In REALITY, there are TWO cubes",h,b,FB-Ig,2,2,0,1,1,0,1,1,0,2,B,-,SA1: SC2,SG: SB,0,158,158,42,NA,NA,NA,NA,NA,734.3837305000052,0.00166919996263459,735.116926799994,735.2170973999891,0.8295282999752089,737.1504402999999,737.5504052999895,737.6524873999879,737.6524873999879,h,1,1.9705795999616385,739.6503474999918,739.6503474999918,739.6503474999918,739.6503474999918,NA,NA,NA,NA,NA,NA,021,001,2024-02-12_13h25.45.601,PsychoPy Exp,2023.1.2,60.002328094086906
BeliefN,ExpTrialStim/Square_Triangle_NB_3.png,Adam THINKS there are TWO cubes,b,h,TB-K,2,1,1,2,1,1,0,0,0,2,NB,PropFalse,SB3: TA2,SP: TY,0,159,159,173,NA,NA,NA,NA,NA,739.6503474999918,0.00166680000256747,740.3836384000024,740.4837268000119,0.8296236000023782,742.4171519000083,742.8170686000376,742.919144399988,742.919144399988,b,1,0.7033864999539219,743.6501440000138,743.6501440000138,743.6501440000138,743.6501440000138,NA,NA,NA,NA,NA,NA,021,001,2024-02-12_13h25.45.601,PsychoPy Exp,2023.1.2,60.002328094086906
RealityN,ExpTrialStim/B_Square_2.png,"In REALITY, there are TWO cubes",b,h,FB-Ig,1,1,0,0,0,0,1,1,0,2,B,PropFalse,SC3,SG,0,160,160,93,NA,NA,NA,NA,NA,743.6501440000138,0.00100019999081268,744.3835940000135,744.48372030002065,0.8306889999657869,746.417053800018,746.8170326999971,746.919165600033,746.919165600033,b,1,0.6395995999919251,747.5836700000218,747.5836700000218,747.5836700000218,747.5836700000218,NA,NA,NA,NA,NA,NA,021,001,2024-02-12_13h25.45.601,PsychoPy Exp,2023.1.2,60.002328094086906
KnowledgeN,ExpTrialStim/Triangle_NB_3.png,Adam KNOWS there are TWO cubes,b,h,TB-K,1,0,1,1,0,1,0,0,0,2,NB,PropFalse,TB2,TR,0,161,161,272,NA,NA,NA,NA,NA,747.5836700000218,0.00169720000121742,748.3169658000115,748.4170664999983,0.8295594999799505,750.3503894000314,750.7501620000112,750.8524108999991,750.8524108999991,b,1,0.922051500005182,751.8003679999965,NA,751.8003679999965,NA,space,12.454449200013189,NA,NA,NA,NA,021,001,2024-02-12_13h25.45.601,PsychoPy Exp,2023.1.2,60.002328094086906
RealityY,ExpTrialStim/Square_B_Square_8.png,"In REALITY, there are TWO cubes",h,b,FB-Ig,2,2,0,1,1,0,1,1,0,2,B,-,SA1: SD2,SP: SG,0,162,162,49,NA,NA,NA,NA,NA,764.2834882999887,0.00169749994529411,765.0167453000322,765.1169599000132,0.8313897999469191,767.0500665000291,767.450072000036,767.553583800036,767.553583800036,h,1,0.7168296999880113,768.3001880000229,768.3001880000229,768.3001880000229,768.3001880000229,NA,NA,NA,NA,NA,NA,021,001,2024-02-12_13h25.45.601,PsychoPy Exp,2023.1.2,60.002328094086906
KnowledgeN,ExpTrialStim/Square_Square_NB_5.png,Adam KNOWS there is ONE cube,b,h,TB-K,2,2,0,2,2,0,0,0,0,1,NB,PropFalse,SA3: SB2,SB: SP,0,163,163,286,NA,NA,NA,NA,NA,768.3001880000229,0.00114429998211562,769.0332774000126,769.1334766999935,0.8290745000122115,771.0669008000405,771.4668363000383,771.5688265000354,771.5688265000354,b,1,1.182194699998945,772.7668676000321,772.7668676000321,772.7668676000321,772.7668676000321,NA,NA,NA,NA,NA,NA,021,001,2024-02-12_13h25.45.601,PsychoPy Exp,2023.1.2,60.002328094086906
KnowledgeN,ExpTrialStim/Triangle_Triangle_B_11.png,Adam KNOWS there are TWO cubes,b,h,TB-K-B,2,0,2,2,0,2,0,0,0,2,B,PropFalse,TA3: TB2,TO: TY,0,164,164,298,NA,NA,NA,NA,NA,772.7668676000321,0.00172120000934228,773.4999187000212,773.6001717000036,0.8293692999868654,775.5334150000126,775.9336274000234,776.0360282000038,776.0360282000038,b,1,1.4907330999849364,777.5502562000183,777.5502562000183,777.5502562000183,777.5502562000183,NA,NA,NA,NA,NA,NA,021,001,2024-02-12_13h25.45.601,PsychoPy Exp,2023.1.2,60.002328094086906
RealityN,ExpTrialStim/Triangle_B_1.png,"In REALITY, there is ONE cube",b,h,TB-Ig,1,0,1,1,0,1,0,0,0,1,B,PropFalse,TA2,TR,0,165,165,72,NA,NA,NA,NA,NA,777.5502562000183,0.00167349999537691,778.2835065000108,778.3835911999922,0.8296182000194676,780.3168144000228,780.7169206000399,780.8190920000197,780.8190920000197,b,1,0.5480182999745011,781.3835691999993,781.3835691999993,781.3835691999993,781.3835691999993,NA,NA,NA,NA,NA,NA,021,001,2024-02-12_13h25.45.601,PsychoPy Exp,2023.1.2,60.002328094086906
RealityY,ExpTrialStim/Square_Square_NB_1.png,"In REALITY, there are TWO cubes",h,b,TB-K,2,2,0,2,2,0,0,0,0,2,NB,-,SA1: SB2,SP: SB,0,166,166,12,NA,NA,NA,NA,NA,781.3835691999993,0.00168470002245157,782.116808300023,782.2168598000426,0.8295809000264853,784.1501669000136,784.5502429000335,784.6524445000105,784.6524445000105,h,1,0.9222668999573216,785.6001634999993,785.6001634999993,785.6001634999993,785.6001634999993,NA,NA,NA,NA,NA,NA,021,001,2024-02-12_13h25.45.601,PsychoPy Exp,2023.1.2,60.002328094086906
RealityN,ExpTrialStim/Triangle_NB_2.png,"In REALITY, there is ONE cube",b,h,TB-K,1,0,1,1,0,1,0,0,0,1,NB,PropFalse,TA3,TY,0,167,167,55,NA,NA,NA,NA,NA,785.6001634999993,0.00171949999639764,786.333277400001,786.4335678000352,0.8295742000336759,788.3669156000251,788.7669530000421,788.8690586999874,788.8690586999874,b,1,1.153225099958945,790.0499064000323,790.0499064000323,790.0499064000323,790.0499064000323,NA,NA,NA,NA,NA,NA,021,001,2024-02-12_13h25.45.601,PsychoPy Exp,2023.1.2,60.002328094086906
BeliefN,ExpTrialStim/Triangle_Triangle_NB_2.png,Adam THINKS there are TWO cubes,b,h,TB-K,2,0,2,2,0,2,0,0,0,2,NB,PropFalse,TA2: TB3,TO: TR,0,168,168,169,NA,NA,NA,NA,NA,790.0499064000323,4.0749995969235e-4,790.7832089000149,790.8833622999955,0.8306780999992043,792.816644400009,793.2168157999986,793.3191167000332,793.3191167000332,b,1,0.9836129000177608,794.3333679999923,794.3333679999923,794.3333679999923,794.3333679999923,NA,NA,NA,NA,NA,NA,021,001,2024-02-12_13h25.45.601,PsychoPy Exp,2023.1.2,60.002328094086906
RealityY,ExpTrialStim/Square_B_Square_5.png,"In REALITY, there are TWO cubes",h,b,FB-Ig,2,2,0,1,1,0,1,1,0,2,B,-,SB2: SD3,SB: SG,0,169,169,46,NA,NA,NA,NA,NA,794.3333679999923,0.00167399999918416,795.0667703000363,795.166708100005,0.8293365000281483,797.1003220000421,797.5002240000176,797.6022027000436,797.6022027000436,h,1,0.8764368999982253,798.5000515000429,798.5000515000429,798.5000515000429,798.5000515000429,NA,NA,NA,NA,NA,NA,021,001,2024-02-12_13h25.45.601,PsychoPy Exp,2023.1.2,60.002328094086906
BeliefY,ExpTrialStim/Triangle_NB_2.png,Adam THINKS there are ZERO cubes,h,b,TB-K,1,0,1,1,0,1,0,0,0,0,NB,-,TA3,TY,0,170,170,109,NA,NA,NA,NA,NA,798.5000515000429,0.0016870999825187,799.2334312000312,799.3334752999945,0.829393699998036,801.2668487000046,801.6669019000256,801.7693265000125,801.7693265000125,h,1,0.9812652999535204,802.7666781999869,802.7666781999869,802.7666781999869,802.7666781999869,NA,NA,NA,NA,NA,NA,021,001,2024-02-12_13h25.45.601,PsychoPy Exp,2023.1.2,60.002328094086906
KnowledgeN,ExpTrialStim/B_Square_1.png,Adam KNOWS there are ZERO cubes,b,h,FB-Ig,1,1,0,0,0,0,1,1,0,0,B,PropFalse,SC2,SG,0,171,171,308,NA,NA,NA,NA,NA,802.7666781999869,4.9040000885725e-4,803.5001380000031,803.6002269000164,0.8311615000129677,805.533286800026,805.9335550999967,806.0355585000361,806.0355585000361,b,1,1.218788099999074,807.2833156000124,807.2833156000124,807.2833156000124,807.2833156000124,NA,NA,NA,NA,NA,NA,021,001,2024-02-12_13h25.45.601,PsychoPy Exp,2023.1.2,60.002328094086906
BeliefN,ExpTrialStim/Square_B_1.png,Adam THINKS there are ZERO cubes,b,h,TB-Ig,1,1,0,1,1,0,0,0,0,0,B,PropFalse,SA2,SG,0,172,172,182,NA,NA,NA,NA,NA,807.2833156000124,0.00054070004262030005,808.016541399993,808.1166131999926,0.8307654000236653,810.0501067999867,810.4501809999929,810.5523820000235,810.5523820000235,b,1,2.30196229997091,812.8833035000134,812.8833035000134,812.8833035000134,812.8833035000134,NA,NA,NA,NA,NA,NA,021,001,2024-02-12_13h25.45.601,PsychoPy Exp,2023.1.2,60.002328094086906
BeliefY,ExpTrialStim/Square_Square_B_4.png,Adam THINKS there are TWO cubes,h,b,TB-K-B,2,2,0,2,2,0,0,0,0,2,B,-,SA2: SB1,SG: SP,0,173,173,137,NA,NA,NA,NA,NA,812.8833035000134,4.0809996426105e-4,813.616690099996,813.7169115000288,0.8313240999705158,815.6502058000187,816.0501702000038,816.1522467000177,816.1522467000177,h,1,0.7420522000174969,816.916624400008,816.916624400008,816.916624400008,816.916624400008,NA,NA,NA,NA,NA,NA,021,001,2024-02-12_13h25.45.601,PsychoPy Exp,2023.1.2,60.002328094086906
RealityY,ExpTrialStim/Triangle_Triangle_B_2.png,"In REALITY, there are ZERO cubes",h,b,TB-K-B,2,0,2,2,0,2,0,0,0,0,B,-,TA2: TB3,TO: TR,0,174,174,27,NA,NA,NA,NA,NA,816.916624400008,4.087999695912e-4,817.6500858000363,817.750196500041,0.8313899000058882,819.6834161000443,820.0834734000382,820.1857151000295,820.1857151000295,h,1,1.845031500037294,822.0499908000347,822.0499908000347,822.0499908000347,822.0499908000347,NA,NA,NA,NA,NA,NA,021,001,2024-02-12_13h25.45.601,PsychoPy Exp,2023.1.2,60.002328094086906
BeliefN,ExpTrialStim/Triangle_Triangle_B_6.png,Adam THINKS there is ONE cube,b,h,TB-K-B,2,0,2,2,0,2,0,0,0,1,B,PropFalse,TA1: TB3,TO: TY,0,175,175,189,NA,NA,NA,NA,NA,822.0499908000347,0.00172539998311549,822.7833880000398,822.8835356000345,0.8297729000332765,824.8166727999924,825.2168438000372,825.3187592999893,825.3187592999893,b,1,1.5034955000155603,826.8498812000034,826.8498812000034,826.8498812000034,826.8498812000034,NA,NA,NA,NA,NA,NA,021,001,2024-02-12_13h25.45.601,PsychoPy Exp,2023.1.2,60.002328094086906
BeliefY,ExpTrialStim/Triangle_B_Square_3.png,Adam THINKS there are ZERO cubes,h,b,FB-Ig,2,1,1,1,0,1,1,1,0,0,B,-,SD1: TA2,SG: TR,0,176,176,160,NA,NA,NA,NA,NA,826.8498812000034,3.9869995089247e-4,827.5833583000349,827.683211800002,0.8309427999774925,829.6168035000446,830.0167508000159,830.1187980000395,830.1187980000395,h,1,0.6166261000325903,830.7667217000271,830.7667217000271,830.7667217000271,830.7667217000271,NA,NA,NA,NA,NA,NA,021,001,2024-02-12_13h25.45.601,PsychoPy Exp,2023.1.2,60.002328094086906
KnowledgeY,ExpTrialStim/Square_Square_NB_2.png,Adam KNOWS there are TWO cubes,h,b,TB-K,2,2,0,2,2,0,0,0,0,2,NB,-,SA2: SB3,SB: SG,0,177,177,229,NA,NA,NA,NA,NA,830.7667217000271,0.00177739997161552,831.4997589000268,831.6001695999876,0.829609900014475,833.5334610000136,833.9334467000444,834.0355329000158,834.0355329000158,h,1,1.2350746999727562,835.3000833000406,835.3000833000406,835.3000833000406,835.3000833000406,NA,NA,NA,NA,NA,NA,021,001,2024-02-12_13h25.45.601,PsychoPy Exp,2023.1.2,60.002328094086906
RealityY,ExpTrialStim/Triangle_B_Square_3.png,"In REALITY, there is ONE cube",h,b,FB-Ig,2,1,1,1,0,1,1,1,0,1,B,-,SD1: TA2,SG: TR,0,178,178,52,NA,NA,NA,NA,NA,835.3000833000406,0.00167600001441314,836.0333374000038,836.1334354000282,0.8295025000115857,838.0666312000249,838.4668138000416,838.5688494000351,838.5688494000351,h,1,0.8305758000351489,839.4167530999985,839.4167530999985,839.4167530999985,839.4167530999985,NA,NA,NA,NA,NA,NA,021,001,2024-02-12_13h25.45.601,PsychoPy Exp,2023.1.2,60.002328094086906
BeliefY,ExpTrialStim/Square_Triangle_NB_3.png,Adam THINKS there is ONE cube,h,b,TB-K,2,1,1,2,1,1,0,0,0,1,NB,-,SB3: TA2,SP: TY,0,179,179,119,NA,NA,NA,NA,NA,839.4167530999985,0.0017311000265181,840.1499676000094,840.2500551000121,0.8293225999805145,842.1834319999907,842.5832945000147,842.6855485000415,842.6855485000415,h,1,0.8333424999727868,843.5498498000088,843.5498498000088,843.5498498000088,843.5498498000088,NA,NA,NA,NA,NA,NA,021,001,2024-02-12_13h25.45.601,PsychoPy Exp,2023.1.2,60.002328094086906
BeliefY,ExpTrialStim/Square_B_Square_6.png,Adam THINKS there is ONE cube,h,b,FB-Ig,2,2,0,1,1,0,1,1,0,1,B,-,SB3: SC1,SP: SG,0,180,180,155,NA,NA,NA,NA,NA,843.5498498000088,4.0429999353364e-4,844.2833045000443,844.3833914000425,0.8312828000052832,846.3167401000392,846.7167829000391,846.8188184000319,846.8188184000319,h,1,1.116507800004911,847.9666954000131,847.9666954000131,847.9666954000131,847.9666954000131,NA,NA,NA,NA,NA,NA,021,001,2024-02-12_13h25.45.601,PsychoPy Exp,2023.1.2,60.002328094086906
RealityY,ExpTrialStim/Triangle_Triangle_B_4.png,"In REALITY, there are ZERO cubes",h,b,TB-K-B,2,0,2,2,0,2,0,0,0,0,B,-,TA2: TB1,TY: TR,0,181,181,29,NA,NA,NA,NA,NA,847.9666954000131,0.00166459998581558,848.6999616000103,848.799953800044,0.8295968999736942,850.7334453000221,851.1333888000227,851.2354433000437,851.2354433000437,h,1,0.8032685000216588,852.0666879999917,852.0666879999917,852.0666879999917,852.0666879999917,NA,NA,NA,NA,NA,NA,021,001,2024-02-12_13h25.45.601,PsychoPy Exp,2023.1.2,60.002328094086906
RealityN,ExpTrialStim/Square_B_Triangle_1.png,"In REALITY, there are ZERO cubes",b,h,TB-Ig,2,1,1,1,1,0,1,0,1,0,B,PropFalse,SB1: TD3,SB: TO,0,182,182,78,NA,NA,NA,NA,NA,852.0666879999917,0.00302270002430304,852.7999318999937,852.8999564000405,0.8293496000114828,854.8334042000351,855.2333389000269,855.3355784000014,855.3355784000014,b,1,0.8068578999955207,856.1666052000364,856.1666052000364,856.1666052000364,856.1666052000364,NA,NA,NA,NA,NA,NA,021,001,2024-02-12_13h25.45.601,PsychoPy Exp,2023.1.2,60.002328094086906
KnowledgeY,ExpTrialStim/Square_Triangle_B_8.png,Adam KNOWS there is ONE cube,h,b,FB-Ig,2,1,1,2,1,1,0,0,0,1,B,-,SA2: TB1,SP: TY,0,183,183,265,NA,NA,NA,NA,NA,856.1666052000364,0.00151370000094175,856.8999799999874,857.0001153000048,0.8299161999602802,858.9334409000003,859.3332900000387,859.4353652000427,859.4353652000427,h,1,1.6191712000290863,861.0830787000014,861.0830787000014,861.0830787000014,861.0830787000014,NA,NA,NA,NA,NA,NA,021,001,2024-02-12_13h25.45.601,PsychoPy Exp,2023.1.2,60.002328094086906
BeliefN,ExpTrialStim/Triangle_B_1.png,Adam THINKS there is ONE cube,b,h,TB-Ig,1,0,1,1,0,1,0,0,0,1,B,PropFalse,TA2,TR,0,184,184,180,NA,NA,NA,NA,NA,861.0830787000014,0.00167660001898184,861.8166503999964,861.9167312000063,0.8295743000344373,863.850044300023,864.2499345000251,864.3520623000222,864.3520623000222,b,1,1.0064012000220828,865.383318600012,865.383318600012,865.383318600012,865.383318600012,NA,NA,NA,NA,NA,NA,021,001,2024-02-12_13h25.45.601,PsychoPy Exp,2023.1.2,60.002328094086906
KnowledgeN,ExpTrialStim/Triangle_Triangle_B_10.png,Adam KNOWS there are TWO cubes,b,h,TB-K-B,2,0,2,2,0,2,0,0,0,2,B,PropFalse,TA2: TB1,TR: TO,0,185,185,297,NA,NA,NA,NA,NA,865.383318600012,0.00166299997363239,866.116588200035,866.2166225000401,0.829608800006099,868.1498709000298,868.54983860004,868.6519641000195,868.6519641000195,b,1,1.0344475000165405,869.7165731000132,869.7165731000132,869.7165731000132,869.7165731000132,NA,NA,NA,NA,NA,NA,021,001,2024-02-12_13h25.45.601,PsychoPy Exp,2023.1.2,60.002328094086906
RealityN,ExpTrialStim/Square_Triangle_B_2.png,"In REALITY, there are TWO cubes",b,h,TB-K-B,2,1,1,2,1,1,0,0,0,2,B,PropFalse,SA2: TB3,SB: TO,0,186,186,89,NA,NA,NA,NA,NA,869.7165731000132,0.00149499997496604,870.449907400005,870.550009700004,0.8298404999659397,872.4831852000207,872.8833350000205,872.9854072000016,872.9854072000016,b,1,1.7170410000253469,874.7332198999939,874.7332198999939,874.7332198999939,874.7332198999939,NA,NA,NA,NA,NA,NA,021,001,2024-02-12_13h25.45.601,PsychoPy Exp,2023.1.2,60.002328094086906
RealityN,ExpTrialStim/Square_Square_B_1.png,"In REALITY, there are ZERO cubes",b,h,TB-K-B,2,2,0,2,2,0,0,0,0,0,B,PropFalse,SA1: SB2,SP: SG,0,187,187,84,NA,NA,NA,NA,NA,874.7332198999939,0.00171800004318356,875.4665357000194,875.5666687000194,0.8293317999923602,877.5000217999914,877.8999937000335,878.0020505000139,878.0020505000139,b,1,0.6763478000066243,878.699926500034,878.699926500034,878.699926500034,878.699926500034,NA,NA,NA,NA,NA,NA,021,001,2024-02-12_13h25.45.601,PsychoPy Exp,2023.1.2,60.002328094086906
BeliefY,ExpTrialStim/Square_B_Square_7.png,Adam THINKS there is ONE cube,h,b,FB-Ig,2,2,0,1,1,0,1,1,0,1,B,-,SA3: SC2,SG: SP,0,188,188,156,NA,NA,NA,NA,NA,878.699926500034,0.00167199998395517,879.4330710000359,879.5331435000408,0.8295776000013575,881.4664849000401,881.866788000043,881.9690236999886,881.9690236999886,h,1,1.4296506000100635,883.4165105000138,883.4165105000138,883.4165105000138,883.4165105000138,NA,NA,NA,NA,NA,NA,021,001,2024-02-12_13h25.45.601,PsychoPy Exp,2023.1.2,60.002328094086906
BeliefN,ExpTrialStim/B_Square_4.png,Adam THINKS there are TWO cubes,b,h,FB-Ig,1,1,0,0,0,0,1,1,0,2,B,PropFalse,SD2,SB,0,189,189,203,NA,NA,NA,NA,NA,883.4165105000138,0.00160940003115683,884.1498778000241,884.2499961000285,0.8297953000292182,886.1831678000162,886.5833254000172,886.6852954000351,886.6852954000351,b,1,1.2091747000231408,887.9165037000203,887.9165037000203,887.9165037000203,887.9165037000203,NA,NA,NA,NA,NA,NA,021,001,2024-02-12_13h25.45.601,PsychoPy Exp,2023.1.2,60.002328094086906
BeliefN,ExpTrialStim/Square_B_Square_6.png,Adam THINKS there are TWO cubes,b,h,FB-Ig,2,2,0,1,1,0,1,1,0,2,B,PropTrueNoBelief,SB3: SC1,SP: SG,0,190,190,209,NA,NA,NA,NA,NA,887.9165037000203,0.00181859999429434,888.6498751000036,888.7499629000085,0.8295896999770775,890.6833116000053,891.0833081000019,891.1853433999931,891.1853433999931,b,1,1.2612916000070982,892.4664778999868,892.4664778999868,892.4664778999868,892.4664778999868,NA,NA,NA,NA,NA,NA,021,001,2024-02-12_13h25.45.601,PsychoPy Exp,2023.1.2,60.002328094086906
BeliefY,ExpTrialStim/Square_Triangle_NB_2.png,Adam THINKS there is ONE cube,h,b,TB-K,2,1,1,2,1,1,0,0,0,1,NB,-,SB1: TB3,SB: TO,0,191,191,118,NA,NA,NA,NA,NA,892.4664778999868,0.00175370002398267,893.1998101000208,893.2999705999973,0.8296072999946773,895.2331709000282,895.6332876000088,895.7353649000288,895.7353649000288,h,1,0.4950342999654822,896.2498626000015,896.2498626000015,896.2498626000015,896.2498626000015,NA,NA,NA,NA,NA,NA,021,001,2024-02-12_13h25.45.601,PsychoPy Exp,2023.1.2,60.002328094086906
RealityN,ExpTrialStim/Triangle_B_Square_4.png,"In REALITY, there are TWO cubes",b,h,FB-Ig,2,1,1,1,0,1,1,1,0,2,B,PropFalse,SD3: TB1,SB: TO,0,192,192,107,NA,NA,NA,NA,NA,896.2498626000015,0.0016625000280328,896.9831375000067,897.0831650000182,0.8296087000053376,899.0164865000406,899.4165883000242,899.5186189000378,899.5186189000378,b,1,0.9117915999959224,900.449717600015,900.449717600015,900.449717600015,900.449717600015,NA,NA,NA,NA,NA,NA,021,001,2024-02-12_13h25.45.601,PsychoPy Exp,2023.1.2,60.002328094086906
KnowledgeN,ExpTrialStim/Triangle_B_1.png,Adam KNOWS there are ZERO cubes,b,h,TB-Ig,1,0,1,2,0,2,0,0,0,0,B,PropTrueNoKnowledge,TA2,TR,0,193,193,288,NA,NA,NA,NA,NA,900.449717600015,0.00169959996128454,901.1831579999998,901.2832589999888,0.8295030999579467,903.2164902000222,903.6166025000276,903.7186881999952,903.7186881999952,h,0,2.5516505000414327,906.2998764000369,906.2998764000369,906.2998764000369,906.2998764000369,NA,NA,NA,NA,NA,NA,021,001,2024-02-12_13h25.45.601,PsychoPy Exp,2023.1.2,60.002328094086906
KnowledgeY,ExpTrialStim/Triangle_Triangle_NB_2.png,Adam KNOWS there are ZERO cubes,h,b,TB-K,2,0,2,2,0,2,0,0,0,0,NB,-,TA2: TB3,TO: TR,0,194,194,223,NA,NA,NA,NA,NA,906.2998764000369,0.00171709997812286,907.0331406000188,907.1332337000058,0.8295868000132032,909.066591300012,909.466566100018,909.5687130000442,909.5687130000442,h,1,2.109380800044164,911.6996538999956,911.6996538999956,911.6996538999956,911.6996538999956,NA,NA,NA,NA,NA,NA,021,001,2024-02-12_13h25.45.601,PsychoPy Exp,2023.1.2,60.002328094086906
BeliefN,ExpTrialStim/Square_B_Triangle_2.png,Adam THINKS there are TWO cubes,b,h,TB-Ig,2,1,1,1,1,0,1,0,1,2,B,PropFalse,SD3: TD2,SP: TY,0,195,195,187,NA,NA,NA,NA,NA,911.6996538999956,0.00152489996980875,912.4330891999998,912.5332398000172,0.8301137000089511,914.4665540000424,914.8665545000111,914.9686710000389,914.9686710000389,b,1,1.2459987999754958,916.2331371000035,916.2331371000035,916.2331371000035,916.2331371000035,NA,NA,NA,NA,NA,NA,021,001,2024-02-12_13h25.45.601,PsychoPy Exp,2023.1.2,60.002328094086906
BeliefY,ExpTrialStim/Square_Square_B_8.png,Adam THINKS there are TWO cubes,h,b,TB-K-B,2,2,0,2,2,0,0,0,0,2,B,-,SA2: SB3,SP: SB,0,196,196,141,NA,NA,NA,NA,NA,916.2331371000035,0.00166260002879425,916.9664137000218,917.0665535000152,0.829661900002975,918.9998791000108,919.399881999998,919.5020354000152,919.5020354000152,h,1,1.0240269000059925,920.5496378000244,920.5496378000244,920.5496378000244,920.5496378000244,NA,NA,NA,NA,NA,NA,021,001,2024-02-12_13h25.45.601,PsychoPy Exp,2023.1.2,60.002328094086906
RealityN,ExpTrialStim/Triangle_B_Triangle_2.png,"In REALITY, there are TWO cubes",b,h,TB-Ig,2,0,2,1,0,1,1,0,1,2,B,PropFalse,TB1: TC2,TO: TY,0,197,197,77,NA,NA,NA,NA,NA,920.5496378000244,0.0011168000055477,921.283076599997,921.3831668000204,0.83064449997618794,923.316545700014,923.7164948999998,923.81869059999,923.81869059999,b,1,0.4918086000252515,924.3329952000058,924.3329952000058,924.3329952000058,924.3329952000058,NA,NA,NA,NA,NA,NA,021,001,2024-02-12_13h25.45.601,PsychoPy Exp,2023.1.2,60.002328094086906
KnowledgeY,ExpTrialStim/Square_Square_B_9.png,Adam KNOWS there are TWO cubes,h,b,FB-Ig,2,2,0,2,2,0,0,0,0,2,B,-,SA3: SB1,SB: SG,0,198,198,254,NA,NA,NA,NA,NA,924.3329952000058,0.00169210002059116,925.0664390000164,925.1665601000424,0.8296358000370674,927.099837000016,927.4998484000098,927.6020921000164,927.6020921000164,h,1,0.7806354000349529,928.3996287999908,928.3996287999908,928.3996287999908,928.3996287999908,NA,NA,NA,NA,NA,NA,021,001,2024-02-12_13h25.45.601,PsychoPy Exp,2023.1.2,60.002328094086906
KnowledgeN,ExpTrialStim/Square_Square_NB_1.png,Adam KNOWS there are ZERO cubes,b,h,TB-K,2,2,0,2,2,0,0,0,0,0,NB,PropFalse,SA1: SB2,SP: SB,0,199,199,282,NA,NA,NA,NA,NA,928.3996287999908,6.7849998595193e-4,929.1330764000304,929.2331980000016,0.8309536000015214,931.1665546000004,931.5664787000278,931.6687189000075,931.6687189000075,b,1,0.59353579999879,932.283138800005,932.283138800005,932.283138800005,932.283138800005,NA,NA,NA,NA,NA,NA,021,001,2024-02-12_13h25.45.601,PsychoPy Exp,2023.1.2,60.002328094086906
KnowledgeY,ExpTrialStim/Square_Square_B_10.png,Adam KNOWS there are TWO cubes,h,b,FB-Ig,2,2,0,2,2,0,0,0,0,2,B,-,SA2: SB1,SG: SB,0,200,200,255,NA,NA,NA,NA,NA,932.283138800005,0.00171459995908662,933.016393100028,933.1165223999996,0.8295649999636225,935.0498425000114,935.4498331000214,935.5520281000064,935.5520281000064,h,1,1.0624956999672577,936.6330764000304,936.6330764000304,936.6330764000304,936.6330764000304,NA,NA,NA,NA,NA,NA,021,001,2024-02-12_13h25.45.601,PsychoPy Exp,2023.1.2,60.002328094086906
RealityY,ExpTrialStim/Square_Square_NB_2.png,"In REALITY, there are TWO cubes",h,b,TB-K,2,2,0,2,2,0,0,0,0,2,NB,-,SA2: SB3,SB: SG,0,201,201,13,NA,NA,NA,NA,NA,936.6330764000304,0.0016749000060372,937.3663733000284,937.4665992000372,0.8297024000203237,939.3998632000294,939.799815800041,939.9018770999974,939.9018770999974,h,1,0.8403414000058547,940.7663107000408,940.7663107000408,940.7663107000408,940.7663107000408,NA,NA,NA,NA,NA,NA,021,001,2024-02-12_13h25.45.601,PsychoPy Exp,2023.1.2,60.002328094086906
BeliefN,ExpTrialStim/Triangle_Triangle_B_7.png,Adam THINKS there are TWO cubes,b,h,TB-K-B,2,0,2,2,0,2,0,0,0,2,B,PropFalse,TA1: TB2,TR: TY,0,202,202,190,NA,NA,NA,NA,NA,940.7663107000408,0.00171560002490878,941.4997166999964,941.5998313000308,0.8296238000039011,943.5329749000376,943.9331562999868,944.0351182000012,944.0351182000012,b,1,0.6748376999748871,944.7329179000226,944.7329179000226,944.7329179000226,944.7329179000226,NA,NA,NA,NA,NA,NA,021,001,2024-02-12_13h25.45.601,PsychoPy Exp,2023.1.2,60.002328094086906
BeliefN,ExpTrialStim/Square_B_Triangle_1.png,Adam THINKS there are ZERO cubes,b,h,TB-Ig,2,1,1,1,1,0,1,0,1,0,B,PropFalse,SB1: TD3,SB: TO,0,203,203,186,NA,NA,NA,NA,NA,944.7329179000226,4.8269995022565e-4,945.4663558999893,945.5662622000092,0.8311652999836951,947.4996395999916,947.8996303000022,948.0017692000256,948.0017692000256,b,1,1.052514000039082,949.083083000034,949.083083000034,949.083083000034,949.083083000034,NA,NA,NA,NA,NA,NA,021,001,2024-02-12_13h25.45.601,PsychoPy Exp,2023.1.2,60.002328094086906
BeliefY,ExpTrialStim/Triangle_B_Triangle_1.png,Adam THINKS there are ZERO cubes,h,b,TB-Ig,2,0,2,1,0,1,1,0,1,0,B,-,TA3: TD1,TY: TR,0,204,204,130,NA,NA,NA,NA,NA,949.083083000034,0.00167029997101053,949.8163283999892,949.916449100012,0.82963719998952,951.8498190999962,952.2497452000388,952.3518039000336,952.3518039000336,h,1,2.0472767999744974,954.4162977000232,954.4162977000232,954.4162977000232,954.4162977000232,NA,NA,NA,NA,NA,NA,021,001,2024-02-12_13h25.45.601,PsychoPy Exp,2023.1.2,60.002328094086906
RealityN,ExpTrialStim/B_Square_3.png,"In REALITY, there are TWO cubes",b,h,FB-Ig,1,1,0,0,0,0,1,1,0,2,B,PropFalse,SD1,SP,0,205,205,94,NA,NA,NA,NA,NA,954.4162977000232,0.00152250000974163,955.149638700008,955.2497673000324,0.8297770000062883,957.1831134000096,957.5831335000112,957.6849798000184,957.6849798000184,b,1,1.25731379998615,958.9663895000122,958.9663895000122,958.9663895000122,958.9663895000122,NA,NA,NA,NA,NA,NA,021,001,2024-02-12_13h25.45.601,PsychoPy Exp,2023.1.2,60.002328094086906
BeliefY,ExpTrialStim/Triangle_B_2.png,Adam THINKS there are ZERO cubes,h,b,TB-Ig,1,0,1,1,0,1,0,0,0,0,B,-,TB2,TO,0,206,206,127,NA,NA,NA,NA,NA,958.9663895000122,0.00169720000121742,959.6997011000058,959.799801199988,0.829603899968788,961.7331148000084,962.1330212000177,962.2349620999884,962.2349620999884,h,1,0.6833275000099093,962.9495724000152,962.9495724000152,962.9495724000152,962.9495724000152,NA,NA,NA,NA,NA,NA,021,001,2024-02-12_13h25.45.601,PsychoPy Exp,2023.1.2,60.002328094086906
KnowledgeN,ExpTrialStim/Square_B_Square_5.png,Adam KNOWS there are TWO cubes,b,h,FB-Ig,2,2,0,1,1,0,1,1,0,2,B,PropTrueNoKnowledge,SB2: SD3,SB: SG,0,207,207,316,NA,NA,NA,NA,NA,962.9495724000152,6.518000154756e-4,963.6830130000016,963.7830762999948,0.8310958999791183,965.7162587000056,966.1164147999953,966.2185094000306,966.2185094000306,b,1,0.8277345999958925,967.0662287999876,967.0662287999876,967.0662287999876,967.0662287999876,NA,NA,NA,NA,NA,NA,021,001,2024-02-12_13h25.45.601,PsychoPy Exp,2023.1.2,60.002328094086906
BeliefN,ExpTrialStim/Square_B_Square_7.png,Adam THINKS there are TWO cubes,b,h,FB-Ig,2,2,0,1,1,0,1,1,0,2,B,PropTrueNoBelief,SA3: SC2,SG: SP,0,208,208,210,NA,NA,NA,NA,NA,967.0662287999876,0.00165580003522336,967.7996271000012,967.8996224000002,0.829489600029774,969.8329447000287,970.2329444999924,970.3352218000218,970.3352218000218,b,1,2.02299630001653,972.3829592000112,972.3829592000112,972.3829592000112,972.3829592000112,NA,NA,NA,NA,NA,NA,021,001,2024-02-12_13h25.45.601,PsychoPy Exp,2023.1.2,60.002328094086906
KnowledgeY,ExpTrialStim/Triangle_Triangle_B_7.png,Adam KNOWS there are ZERO cubes,h,b,TB-Ig,2,0,2,2,0,2,0,0,0,0,B,-,TA1: TB2,TR: TY,0,209,209,240,NA,NA,NA,NA,NA,972.3829592000112,0.00166660000104457,973.1162643000134,973.2163975000148,0.8296270999708213,975.149731100013,975.5497003000346,975.651798100036,975.651798100036,h,1,0.5466118999756873,976.2162557000412,976.2162557000412,976.2162557000412,976.2162557000412,NA,NA,NA,NA,NA,NA,021,001,2024-02-12_13h25.45.601,PsychoPy Exp,2023.1.2,60.002328094086906
BeliefN,ExpTrialStim/Square_Square_NB_6.png,Adam THINKS there is ONE cube,b,h,TB-K,2,2,0,2,2,0,0,0,0,1,NB,PropFalse,SA1: SB3,SG: SB,0,210,210,179,NA,NA,NA,NA,NA,976.2162557000412,0.00152250000974163,976.9495855999994,977.049596900004,0.8297950000269338,978.9829941000208,979.3829326000414,979.4850583000224,979.4850583000224,b,1,2.944823500001803,982.4494837000384,982.4494837000384,982.4494837000384,982.4494837000384,NA,NA,NA,NA,NA,NA,021,001,2024-02-12_13h25.45.601,PsychoPy Exp,2023.1.2,60.002328094086906
BeliefY,ExpTrialStim/Square_Square_NB_4.png,Adam THINKS there are TWO cubes,h,b,TB-K,2,2,0,2,2,0,0,0,0,2,NB,-,SA2: SB1,SP: SG,0,211,211,123,NA,NA,NA,NA,NA,982.4494837000384,9.2690001474693e-4,983.1829187000404,983.282839099993,0.8306561000063084,985.2164384000351,985.6163639000152,985.7185381000164,985.7185381000164,h,1,0.719499500002712,986.466019399988,986.466019399988,986.466019399988,986.466019399988,NA,NA,NA,NA,NA,NA,021,001,2024-02-12_13h25.45.601,PsychoPy Exp,2023.1.2,60.002328094086906
KnowledgeY,ExpTrialStim/Square_Triangle_B_1.png,Adam KNOWS there is ONE cube,h,b,FB-Ig,2,1,1,2,1,1,0,0,0,1,B,-,SA1: TB2,SG: TR,0,212,212,258,NA,NA,NA,NA,NA,986.466019399988,0.00177809997694566,987.1995658000232,987.2996593000134,0.8296640999615192,989.2330125000444,989.6329533000244,989.7351341000176,989.7351341000176,h,1,0.854752000013832,990.6162817000296,990.6162817000296,990.6162817000296,990.6162817000296,NA,NA,NA,NA,NA,NA,021,001,2024-02-12_13h25.45.601,PsychoPy Exp,2023.1.2,60.002328094086906
BeliefN,ExpTrialStim/Square_B_Square_4.png,Adam THINKS there are ZERO cubes,b,h,FB-Ig,2,2,0,1,1,0,1,1,0,0,B,PropFalse,SB1: SD2,SG: SP,0,213,213,207,NA,NA,NA,NA,NA,990.6162817000296,0.00168630003463476,991.3495362999964,991.4496833000449,0.8296325000119396,993.3830174999894,993.7828425000188,993.885028699995,993.885028699995,b,1,1.329435600026045,995.2329635000206,995.2329635000206,995.2329635000206,995.2329635000206,NA,NA,NA,NA,NA,NA,021,001,2024-02-12_13h25.45.601,PsychoPy Exp,2023.1.2,60.002328094086906
KnowledgeN,ExpTrialStim/Square_B_Square_4.png,Adam KNOWS there are TWO cubes,b,h,FB-Ig,2,2,0,1,1,0,1,1,0,2,B,PropTrueNoKnowledge,SB1: SD2,SG: SP,0,214,214,315,NA,NA,NA,NA,NA,995.2329635000206,0.00170190003700554,995.9661885999958,996.0663079000078,0.8294397999998182,997.9996492000064,998.3996443999932,998.5016776000266,998.5016776000266,b,1,0.5681149000301957,999.0993043000344,999.0993043000344,999.0993043000344,999.0993043000344,NA,NA,NA,NA,NA,NA,021,001,2024-02-12_13h25.45.601,PsychoPy Exp,2023.1.2,60.002328094086906
RealityY,ExpTrialStim/Square_Triangle_NB_2.png,"In REALITY, there is ONE cube",h,b,TB-K,2,1,1,2,1,1,0,0,0,1,NB,-,SB1: TB3,SB: TO,0,215,215,10,NA,NA,NA,NA,NA,999.0993043000344,3.7909997627139e-4,999.8329002000391,999.9329946000362,0.8314585000043735,1001.8675975000368,1002.2662863000296,1002.3684598000254,1002.3684598000254,h,1,0.5172336000250652,1002.916065700003,1002.916065700003,1002.916065700003,1002.916065700003,NA,NA,NA,NA,NA,NA,021,001,2024-02-12_13h25.45.601,PsychoPy Exp,2023.1.2,60.002328094086906
BeliefY,ExpTrialStim/Square_Square_NB_5.png,Adam THINKS there are TWO cubes,h,b,TB-K,2,2,0,2,2,0,0,0,0,2,NB,-,SA3: SB2,SB: SP,0,216,216,124,NA,NA,NA,NA,NA,1002.916065700003,4.0479999734088e-4,1003.6495067999932,1003.7495836000307,0.831122100003995,1005.6829660999938,1006.0829471999896,1006.1850280000364,1006.1850280000364,h,1,0.5814979000133462,1006.7829089000006,1006.7829089000006,1006.7829089000006,1006.7829089000006,NA,NA,NA,NA,NA,NA,021,001,2024-02-12_13h25.45.601,PsychoPy Exp,2023.1.2,60.002328094086906
BeliefN,ExpTrialStim/Square_Square_NB_3.png,Adam THINKS there are ZERO cubes,b,h,TB-K,2,2,0,2,2,0,0,0,0,0,NB,PropFalse,SA3: SB1,SG: SP,0,217,217,176,NA,NA,NA,NA,NA,1006.7829089000006,0.0017119999974966,1007.5161755000008,1007.616041900008,0.8295683999895118,1009.5495848000282,1009.949646299996,1010.0518334000373,1010.0518334000373,b,1,0.7541949999867938,1010.8329054000204,1010.8329054000204,1010.8329054000204,1010.8329054000204,NA,NA,NA,NA,NA,NA,021,001,2024-02-12_13h25.45.601,PsychoPy Exp,2023.1.2,60.002328094086906
BeliefY,ExpTrialStim/Square_NB_2.png,Adam THINKS there is ONE cube,h,b,TB-K,1,1,0,1,1,0,0,0,0,1,NB,-,SA3,SP,0,218,218,112,NA,NA,NA,NA,NA,1010.8329054000204,0.00170050002634525,1011.566125500016,1011.6662783999928,0.8295561000122689,1013.5994258000284,1013.9995668000192,1014.101690200041,1014.101690200041,h,1,0.6240608999505639,1014.7493635000428,1014.7493635000428,1014.7493635000428,1014.7493635000428,NA,NA,NA,NA,NA,NA,021,001,2024-02-12_13h25.45.601,PsychoPy Exp,2023.1.2,60.002328094086906
KnowledgeY,ExpTrialStim/Triangle_NB_2.png,Adam KNOWS there are ZERO cubes,h,b,TB-K,1,0,1,1,0,1,0,0,0,0,NB,-,TA3,TY,0,219,219,217,NA,NA,NA,NA,NA,1014.7493635000428,9.0919999638572e-4,1015.4828130000388,1015.5829300000332,0.8306673999759369,1017.5163004000206,1017.9161983000232,1018.0183067999895,1018.0183067999895,h,1,0.915921800013166,1018.9492573000024,1018.9492573000024,1018.9492573000024,1018.9492573000024,NA,NA,NA,NA,NA,NA,021,001,2024-02-12_13h25.45.601,PsychoPy Exp,2023.1.2,60.002328094086906
BeliefY,ExpTrialStim/Triangle_Triangle_NB_2.png,Adam THINKS there are ZERO cubes,h,b,TB-K,2,0,2,2,0,2,0,0,0,0,NB,-,TA2: TB3,TO: TR,0,220,220,115,NA,NA,NA,NA,NA,1018.9492573000024,0.00112729996908456,1019.682766599988,1019.7829089000006,0.8305252999998629,1021.716254900035,1022.1162353000254,1022.2184557000292,1022.2184557000292,h,1,1.9318009999697097,1024.1661476000445,1024.1661476000445,1024.1661476000445,1024.1661476000445,NA,NA,NA,NA,NA,NA,021,001,2024-02-12_13h25.45.601,PsychoPy Exp,2023.1.2,60.002328094086906
RealityN,ExpTrialStim/Square_Square_B_4.png,"In REALITY, there is ONE cube",b,h,TB-K-B,2,2,0,2,2,0,0,0,0,1,B,PropFalse,SA2: SB1,SG: SP,0,221,221,87,NA,NA,NA,NA,NA,1024.1661476000445,0.00169150001602247,1024.8994433000337,1024.999553100031,0.8295720999594778,1026.932887800038,1027.3328769000364,1027.4349914999912,1027.4349914999912,b,1,1.0430584999849088,1028.4994979000185,1028.4994979000185,1028.4994979000185,1028.4994979000185,NA,NA,NA,NA,NA,NA,021,001,2024-02-12_13h25.45.601,PsychoPy Exp,2023.1.2,60.002328094086906
BeliefY,ExpTrialStim/Square_Square_B_11.png,Adam THINKS there are TWO cubes,h,b,TB-K-B,2,2,0,2,2,0,0,0,0,2,B,-,SA3: SB2,SB: SP,0,222,222,144,NA,NA,NA,NA,NA,1028.4994979000185,0.00168409995967522,1029.2327458999937,1029.332755200041,0.8296024999581277,1031.2662142000045,1031.6662248999928,1031.7683176000137,1031.7683176000137,h,1,0.5413456999813206,1032.3325750000076,1032.3325750000076,1032.3325750000076,1032.3325750000076,NA,NA,NA,NA,NA,NA,021,001,2024-02-12_13h25.45.601,PsychoPy Exp,2023.1.2,60.002328094086906
KnowledgeY,ExpTrialStim/Triangle_Triangle_B_10.png,Adam KNOWS there are ZERO cubes,h,b,TB-K-B,2,0,2,2,0,2,0,0,0,0,B,-,TA2: TB1,TR: TO,0,223,223,243,NA,NA,NA,NA,NA,1032.3325750000076,4.4019997585564e-4,1033.0660776000004,1033.166209899995,0.8312410999787971,1035.0995235000155,1035.499593099987,1035.601528600033,1035.601528600033,h,1,0.7881428999826312,1036.415990300011,1036.415990300011,1036.415990300011,1036.415990300011,NA,NA,NA,NA,NA,NA,021,001,2024-02-12_13h25.45.601,PsychoPy Exp,2023.1.2,60.002328094086906
BeliefY,ExpTrialStim/Square_Square_B_6.png,Adam THINKS there are TWO cubes,h,b,TB-K-B,2,2,0,2,2,0,0,0,0,2,B,-,SA1: SB3,SB: SG,0,224,224,139,NA,NA,NA,NA,NA,1036.415990300011,4.7289999201893e-4,1037.1494350000285,1037.2495680000284,0.8312501999898814,1039.1829393000226,1039.5829045000137,1039.6850043000304,1039.6850043000304,h,1,0.760905199975241,1040.4661515000043,1040.4661515000043,1040.4661515000043,1040.4661515000043,NA,NA,NA,NA,NA,NA,021,001,2024-02-12_13h25.45.601,PsychoPy Exp,2023.1.2,60.002328094086906
RealityY,ExpTrialStim/Square_B_Triangle_1.png,"In REALITY, there is ONE cube",h,b,TB-Ig,2,1,1,1,1,0,1,0,1,1,B,-,SB1: TD3,SB: TO,0,225,225,24,NA,NA,NA,NA,NA,1040.4661515000043,0.00180089997593313,1041.1994162999908,1041.299505700008,0.8295737000298686,1043.2328536999994,1043.6328503999976,1043.734920900024,1043.734920900024,h,1,0.8949608000111766,1044.6494605999906,1044.6494605999906,1044.6494605999906,1044.6494605999906,NA,NA,NA,NA,NA,NA,021,001,2024-02-12_13h25.45.601,PsychoPy Exp,2023.1.2,60.002328094086906
RealityY,ExpTrialStim/Triangle_Triangle_B_1.png,"In REALITY, there are ZERO cubes",h,b,TB-K-B,2,0,2,2,0,2,0,0,0,0,B,-,TA1: TB2,TY: TO,0,226,226,26,NA,NA,NA,NA,NA,1044.6494605999906,0.00169260002439841,1045.3826966999914,1045.482847800013,0.8296492000226863,1047.4161728000036,1047.8161662000348,1047.9182830000063,1047.9182830000063,h,1,0.8557916000136174,1048.799245800008,1048.799245800008,1048.799245800008,1048.799245800008,NA,NA,NA,NA,NA,NA,021,001,2024-02-12_13h25.45.601,PsychoPy Exp,2023.1.2,60.002328094086906
RealityY,ExpTrialStim/Square_Triangle_NB_1.png,"In REALITY, there is ONE cube",h,b,TB-K,2,1,1,2,1,1,0,0,0,1,NB,-,SA2: TB1,SG: TR,0,227,227,9,NA,NA,NA,NA,NA,1048.799245800008,0.00167399999918416,1049.5326698000426,1049.632803799992,0.8296347000286914,1051.5661563000176,1051.9661476000329,1052.0681933999876,1052.0681933999876,h,1,0.9302390000084416,1053.0158483000123,1053.0158483000123,1053.0158483000123,1053.0158483000123,NA,NA,NA,NA,NA,NA,021,001,2024-02-12_13h25.45.601,PsychoPy Exp,2023.1.2,60.002328094086906
RealityY,ExpTrialStim/B_Square_2.png,"In REALITY, there is ONE cube",h,b,FB-Ig,1,1,0,0,0,0,1,1,0,1,B,-,SC3,SG,0,228,228,39,NA,NA,NA,NA,NA,1053.0158483000123,0.00167789997067302,1053.7493825000129,1053.8494627000182,0.8294494999572635,1055.782471899991,1056.1828038000383,1056.2849870999926,1056.2849870999926,h,1,0.849776400020346,1057.1660111999954,1057.1660111999954,1057.1660111999954,1057.1660111999954,NA,NA,NA,NA,NA,NA,021,001,2024-02-12_13h25.45.601,PsychoPy Exp,2023.1.2,60.002328094086906
KnowledgeY,ExpTrialStim/Square_Square_B_6.png,Adam KNOWS there are TWO cubes,h,b,TB-K-B,2,2,0,2,2,0,0,0,0,2,B,-,SA1: SB3,SB: SG,0,229,229,251,NA,NA,NA,NA,NA,1057.1660111999954,0.00152469996828585,1057.8993261000142,1057.999479799997,0.8299308999557979,1059.9328110000351,1060.3327806000016,1060.4348667000304,1060.4348667000304,h,1,0.6189983000513166,1061.0826546000317,1061.0826546000317,1061.0826546000317,1061.0826546000317,NA,NA,NA,NA,NA,NA,021,001,2024-02-12_13h25.45.601,PsychoPy Exp,2023.1.2,60.002328094086906
BeliefY,ExpTrialStim/Square_Square_B_12.png,Adam THINKS there are TWO cubes,h,b,TB-K-B,2,2,0,2,2,0,0,0,0,2,B,-,SA1: SB3,SP: SG,0,230,230,145,NA,NA,NA,NA,NA,1061.0826546000317,0.00148600002285093,1061.8157941999962,1061.916105500015,0.830000200017821,1063.849575900007,1064.249435900012,1064.35137270001,1064.35137270001,h,1,0.5426165000535548,1064.9160728999996,1064.9160728999996,1064.9160728999996,1064.9160728999996,NA,NA,NA,NA,NA,NA,021,001,2024-02-12_13h25.45.601,PsychoPy Exp,2023.1.2,60.002328094086906
BeliefY,ExpTrialStim/Square_Square_B_2.png,Adam THINKS there are TWO cubes,h,b,TB-K-B,2,2,0,2,2,0,0,0,0,2,B,-,SA2: SB3,SB: SP,0,231,231,135,NA,NA,NA,NA,NA,1064.9160728999996,0.00177329999860376,1065.6493301999872,1065.7495014999877,0.8296626000083052,1067.682835999993,1068.0827919000294,1068.184923599998,1068.184923599998,h,1,1.0136836000019684,1069.2158630000197,1069.2158630000197,1069.2158630000197,1069.2158630000197,NA,NA,NA,NA,NA,NA,021,001,2024-02-12_13h25.45.601,PsychoPy Exp,2023.1.2,60.002328094086906
BeliefY,ExpTrialStim/Square_B_Square_1.png,Adam THINKS there is ONE cube,h,b,FB-Ig,2,2,0,1,1,0,1,1,0,1,B,-,SA1: SC2,SG: SB,0,232,232,150,NA,NA,NA,NA,NA,1069.2158630000197,0.00167940004030242,1069.9493080000393,1070.0494437000016,0.8293980000307783,1071.9827484000125,1072.382595400035,1072.4849336000043,1072.4849336000043,h,1,0.8889271999942139,1073.3993409000104,1073.3993409000104,1073.3993409000104,1073.3993409000104,NA,NA,NA,NA,NA,NA,021,001,2024-02-12_13h25.45.601,PsychoPy Exp,2023.1.2,60.002328094086906
BeliefY,ExpTrialStim/Triangle_B_Square_2.png,Adam THINKS there are ZERO cubes,h,b,FB-Ig,2,1,1,1,0,1,1,1,0,0,B,-,SC3: TB3,SP: TY,0,233,233,159,NA,NA,NA,NA,NA,1073.3993409000104,0.00151510001160204,1074.1325661999872,1074.2327593000373,0.8299121999880299,1076.166091000021,1076.5659702999983,1076.668161300011,1076.668161300011,h,1,2.681693400023505,1079.3659912000294,1079.3659912000294,1079.3659912000294,1079.3659912000294,NA,NA,NA,NA,NA,NA,021,001,2024-02-12_13h25.45.601,PsychoPy Exp,2023.1.2,60.002328094086906
KnowledgeN,ExpTrialStim/Triangle_Triangle_B_12.png,Adam KNOWS there are TWO cubes,b,h,TB-K-B,2,0,2,2,0,2,0,0,0,2,B,PropFalse,TA1: TB3,TY: TR,0,234,234,299,NA,NA,NA,NA,NA,1079.3659912000294,0.00112440000521019,1080.0992684999949,1080.1993973000208,0.8305838000378571,1082.132576300006,1082.5327134000254,1082.6347712000131,1082.6347712000131,b,1,1.307142900011968,1083.965940300026,1083.965940300026,1083.965940300026,1083.965940300026,NA,NA,NA,NA,NA,NA,021,001,2024-02-12_13h25.45.601,PsychoPy Exp,2023.1.2,60.002328094086906
KnowledgeN,ExpTrialStim/Square_NB_3.png,Adam KNOWS there are TWO cubes,b,h,TB-K,1,1,0,1,1,0,0,0,0,2,NB,PropFalse,SB2,SG,0,235,235,275,NA,NA,NA,NA,NA,1083.965940300026,0.00166629999876022,1084.6992831000243,1084.7992323000217,0.829658400034532,1086.7325875000097,1087.132560900005,1087.2348646000028,1087.2348646000028,b,1,0.8829045000020415,1088.1492443000316,1088.1492443000316,1088.1492443000316,1088.1492443000316,NA,NA,NA,NA,NA,NA,021,001,2024-02-12_13h25.45.601,PsychoPy Exp,2023.1.2,60.002328094086906
RealityN,ExpTrialStim/Square_Square_NB_1.png,"In REALITY, there are ZERO cubes",b,h,TB-K,2,2,0,2,2,0,0,0,0,0,NB,PropFalse,SA1: SB2,SP: SB,0,236,236,66,NA,NA,NA,NA,NA,1088.1492443000316,6.4450001809746e-4,1088.8825861000223,1088.982547199994,0.8310176000231877,1090.9160553000402,1091.3160276000272,1091.4181851000176,1091.4181851000176,b,1,1.171496200026013,1092.6160019999952,1092.6160019999952,1092.6160019999952,1092.6160019999952,NA,NA,NA,NA,NA,NA,021,001,2024-02-12_13h25.45.601,PsychoPy Exp,2023.1.2,60.002328094086906
RealityN,ExpTrialStim/Square_B_1.png,"In REALITY, there are ZERO cubes",b,h,TB-Ig,1,1,0,1,1,0,0,0,0,0,B,PropFalse,SA2,SG,0,237,237,74,NA,NA,NA,NA,NA,1092.6160019999952,0.00169609999284148,1093.3492417000234,1093.4493532000342,0.8295944999554195,1095.382708900026,1095.782667100022,1095.8848693000036,1095.8848693000036,h,0,2.272614900022745,1098.1824891000288,1098.1824891000288,1098.1824891000288,1098.1824891000288,NA,NA,NA,NA,NA,NA,021,001,2024-02-12_13h25.45.601,PsychoPy Exp,2023.1.2,60.002328094086906
BeliefY,ExpTrialStim/Triangle_B_Square_1.png,Adam THINKS there are ZERO cubes,h,b,FB-Ig,2,1,1,1,0,1,1,1,0,0,B,-,SC1: TA1,SB: TO,0,238,238,158,NA,NA,NA,NA,NA,1098.1824891000288,5.8120000176131e-4,1098.9158909000107,1099.0160450999974,0.8309945000219159,1100.9493770000408,1101.3493698000093,1101.4514196999953,1101.4514196999953,h,1,1.7311654000077397,1103.1991714999897,1103.1991714999897,1103.1991714999897,1103.1991714999897,NA,NA,NA,NA,NA,NA,021,001,2024-02-12_13h25.45.601,PsychoPy Exp,2023.1.2,60.002328094086906
KnowledgeY,ExpTrialStim/Square_Square_B_12.png,Adam KNOWS there are TWO cubes,h,b,FB-Ig,2,2,0,2,2,0,0,0,0,2,B,-,SA1: SB3,SP: SG,0,239,239,257,NA,NA,NA,NA,NA,1103.1991714999897,0.00188769999658688,1103.9325546000036,1104.0326980000243,0.8291155999759212,1105.966039300023,1106.3658798999968,1106.468092499999,1106.468092499999,h,1,1.6659266999922693,1108.165999000019,1108.165999000019,1108.165999000019,1108.165999000019,NA,NA,NA,NA,NA,NA,021,001,2024-02-12_13h25.45.601,PsychoPy Exp,2023.1.2,60.002328094086906
BeliefN,ExpTrialStim/Triangle_B_Triangle_2.png,Adam THINKS there are TWO cubes,b,h,TB-Ig,2,0,2,1,0,1,1,0,1,2,B,PropFalse,TB1: TC2,TO: TY,0,240,240,185,NA,NA,NA,NA,NA,1108.165999000019,9.2469999799504e-4,1108.8991821000236,1108.9992231000217,0.8303849999792874,1110.9326488000224,1111.3326938000391,1111.4347479999997,1111.4347479999997,b,1,1.1950734999845736,1112.649247399997,1112.649247399997,1112.649247399997,1112.649247399997,NA,NA,NA,NA,NA,NA,021,001,2024-02-12_13h25.45.601,PsychoPy Exp,2023.1.2,60.002328094086906
KnowledgeN,ExpTrialStim/Triangle_B_Triangle_1.png,Adam KNOWS there are ZERO cubes,b,h,TB-Ig,2,0,2,1,0,1,1,0,1,0,B,PropTrueNoKnowledge,TA3: TD1,TY: TR,0,241,241,292,NA,NA,NA,NA,NA,1112.649247399997,0.00169200001982972,1113.382566000044,1113.4826388999936,0.829494200006593,1115.4159916000208,1115.81598449999,1115.9180651000352,1115.9180651000352,h,0,3.8006034999853,1119.749182200001,1119.749182200001,1119.749182200001,1119.749182200001,NA,NA,NA,NA,NA,NA,021,001,2024-02-12_13h25.45.601,PsychoPy Exp,2023.1.2,60.002328094086906
KnowledgeY,ExpTrialStim/Square_Triangle_B_10.png,Adam KNOWS there is ONE cube,h,b,FB-Ig,2,1,1,2,1,1,0,0,0,1,B,-,SB1: TA2,SP: TY,0,242,242,267,NA,NA,NA,NA,NA,1119.749182200001,0.00164649996440857,1120.482506200031,1120.58262510004,0.829494799952954,1122.5159365000436,1122.9158471000264,1123.018250800029,1123.018250800029,h,1,0.915754499961622,1123.9494658000183,NA,1123.9494658000183,NA,space,8.120507700019516,NA,NA,NA,NA,021,001,2024-02-12_13h25.45.601,PsychoPy Exp,2023.1.2,60.002328094086906
BeliefN,ExpTrialStim/Triangle_B_Square_4.png,Adam THINKS there are TWO cubes,b,h,FB-Ig,2,1,1,1,0,1,1,1,0,2,B,PropFalse,SD3: TB1,SB: TO,0,243,243,215,NA,NA,NA,NA,NA,1132.0991484000117,0.00165859999833628,1132.83247329999,1132.932574800041,0.8317185000050813,1134.865841699997,1135.26586330001,1135.3681911000167,1135.3681911000167,b,1,0.9255879999836908,1136.315978300001,1136.315978300001,1136.315978300001,1136.315978300001,NA,NA,NA,NA,NA,NA,021,001,2024-02-12_13h25.45.601,PsychoPy Exp,2023.1.2,60.002328094086906
BeliefY,ExpTrialStim/B_Square_4.png,Adam THINKS there are ZERO cubes,h,b,FB-Ig,1,1,0,0,0,0,1,1,0,0,B,-,SD2,SB,0,244,244,149,NA,NA,NA,NA,NA,1136.315978300001,0.00171520002186298,1137.065789300017,1137.1658331000365,0.8443793000187725,1139.099145199987,1139.4991380000138,1139.601376500039,1139.601376500039,h,1,0.7403497000341304,1140.3658720999956,1140.3658720999956,1140.3658720999956,1140.3658720999956,NA,NA,NA,NA,NA,NA,021,001,2024-02-12_13h25.45.601,PsychoPy Exp,2023.1.2,60.002328094086906
BeliefY,ExpTrialStim/Square_Square_B_7.png,Adam THINKS there are TWO cubes,h,b,TB-K-B,2,2,0,2,2,0,0,0,0,2,B,-,SA1: SB2,SG: SP,0,245,245,140,NA,NA,NA,NA,NA,1140.3658720999956,0.00166259997058659,1141.0991089000015,1141.1992295000236,0.829630599997472,1143.132582499995,1143.532524600043,1143.6345829000347,1143.6345829000347,h,1,0.6911515000392683,1144.3490153999885,1144.3490153999885,1144.3490153999885,1144.3490153999885,NA,NA,NA,NA,NA,NA,021,001,2024-02-12_13h25.45.601,PsychoPy Exp,2023.1.2,60.002328094086906
RealityN,ExpTrialStim/Square_B_Square_8.png,"In REALITY, there is ONE cube",b,h,FB-Ig,2,2,0,1,1,0,1,1,0,1,B,PropFalse,SA1: SD2,SP: SG,0,246,246,103,NA,NA,NA,NA,NA,1144.3490153999885,0.00165760004892945,1145.082467500004,1145.1823740000254,0.8296341000241227,1147.1159071000293,1147.5157367000356,1147.618006100005,1147.618006100005,b,1,1.091638999991119,1148.7324594000238,1148.7324594000238,1148.7324594000238,1148.7324594000238,NA,NA,NA,NA,NA,NA,021,001,2024-02-12_13h25.45.601,PsychoPy Exp,2023.1.2,60.002328094086906
RealityN,ExpTrialStim/Triangle_B_Square_2.png,"In REALITY, there are TWO cubes",b,h,FB-Ig,2,1,1,1,0,1,1,1,0,2,B,PropFalse,SC3: TB3,SP: TY,0,247,247,105,NA,NA,NA,NA,NA,1148.7324594000238,0.00168410001788288,1149.46574340004,1149.5658601000323,0.8295530999894254,1151.4991929000244,1151.8992001000445,1152.0012159000034,1152.0012159000034,b,1,0.868138599966187,1152.8990879000048,1152.8990879000048,1152.8990879000048,1152.8990879000048,NA,NA,NA,NA,NA,NA,021,001,2024-02-12_13h25.45.601,PsychoPy Exp,2023.1.2,60.002328094086906
KnowledgeY,ExpTrialStim/Square_Square_B_4.png,Adam KNOWS there are TWO cubes,h,b,TB-K-B,2,2,0,2,2,0,0,0,0,2,B,-,SA2: SB1,SG: SP,0,248,248,249,NA,NA,NA,NA,NA,1152.8990879000048,9.1399997472763e-4,1153.632368199993,1153.7325458000414,0.8309021999593824,1155.6658620000237,1156.065680700005,1156.1679388000048,1156.1679388000048,h,1,0.5097599999862723,1156.6991095000412,1156.6991095000412,1156.6991095000412,1156.6991095000412,NA,NA,NA,NA,NA,NA,021,001,2024-02-12_13h25.45.601,PsychoPy Exp,2023.1.2,60.002328094086906
KnowledgeY,ExpTrialStim/Square_Square_B_3.png,Adam KNOWS there are TWO cubes,h,b,TB-K-B,2,2,0,2,2,0,0,0,0,2,B,-,SA3: SB1,SG: SB,0,249,249,248,NA,NA,NA,NA,NA,1156.6991095000412,0.00165249995188787,1157.4322418000083,1157.5325371000215,0.8296321999514475,1159.4657566000242,1159.865832200041,1159.9679867000086,1159.9679867000086,h,1,0.5893343000207096,1160.5823375000036,1160.5823375000036,1160.5823375000036,1160.5823375000036,NA,NA,NA,NA,NA,NA,021,001,2024-02-12_13h25.45.601,PsychoPy Exp,2023.1.2,60.002328094086906
KnowledgeY,ExpTrialStim/Triangle_NB_3.png,Adam KNOWS there are ZERO cubes,h,b,TB-K,1,0,1,1,0,1,0,0,0,0,NB,-,TB2,TR,0,250,250,218,NA,NA,NA,NA,NA,1160.5823375000036,5.7829997967928e-4,1161.3157242999878,1161.415719100041,0.8311360999941826,1163.3491900000372,1163.7491955000442,1163.8512659000116,1163.8512659000116,h,1,0.7310437000123784,1164.5989657000173,1164.5989657000173,1164.5989657000173,1164.5989657000173,NA,NA,NA,NA,NA,NA,021,001,2024-02-12_13h25.45.601,PsychoPy Exp,2023.1.2,60.002328094086906
BeliefN,ExpTrialStim/Square_Square_B_6.png,Adam THINKS there are ZERO cubes,b,h,TB-K-B,2,2,0,2,2,0,0,0,0,0,B,PropFalse,SA1: SB3,SB: SG,0,251,251,193,NA,NA,NA,NA,NA,1164.5989657000173,0.00148710003122687,1165.3323687000084,1165.432332700002,0.8296710000140592,1167.3658234000322,1167.7657689999903,1167.8678927000146,1167.8678927000146,b,1,1.4502462000236849,1169.3488228000351,1169.3488228000351,1169.3488228000351,1169.3488228000351,NA,NA,NA,NA,NA,NA,021,001,2024-02-12_13h25.45.601,PsychoPy Exp,2023.1.2,60.002328094086906
KnowledgeN,ExpTrialStim/Triangle_Triangle_NB_2.png,Adam KNOWS there are TWO cubes,b,h,TB-K,2,0,2,2,0,2,0,0,0,2,NB,PropFalse,TA2: TB3,TO: TR,0,252,252,277,NA,NA,NA,NA,NA,1169.3488228000351,3.8020004285499e-4,1170.0823526000022,1170.1824634000077,0.8315345000009984,1172.1156496999902,1172.5158868000144,1172.61787310004,1172.61787310004,b,1,0.6275003000046127,1173.265584900044,1173.265584900044,1173.265584900044,1173.265584900044,NA,NA,NA,NA,NA,NA,021,001,2024-02-12_13h25.45.601,PsychoPy Exp,2023.1.2,60.002328094086906
KnowledgeN,ExpTrialStim/Square_Triangle_B_12.png,Adam KNOWS there are TWO cubes,b,h,TB-K-B,2,1,1,2,1,1,0,0,0,2,B,PropFalse,SB3: TA1,SB: TO,0,253,253,307,NA,NA,NA,NA,NA,1173.265584900044,9.1190001694485e-4,1173.9987793000182,1174.098983300035,0.8303471999824978,1176.032338500023,1176.4323225000408,1176.5344658000397,1176.5344658000397,b,1,1.0790507000056095,1177.6322137000388,1177.6322137000388,1177.6322137000388,1177.6322137000388,NA,NA,NA,NA,NA,NA,021,001,2024-02-12_13h25.45.601,PsychoPy Exp,2023.1.2,60.002328094086906
KnowledgeY,ExpTrialStim/Square_Triangle_B_5.png,Adam KNOWS there is ONE cube,h,b,FB-Ig,2,1,1,2,1,1,0,0,0,1,B,-,SB2: TA1,SG: TR,0,254,254,262,NA,NA,NA,NA,NA,1177.6322137000388,6.7049998324364e-4,1178.3656712000377,1178.4657813000376,0.8309484000201337,1180.3991718000034,1180.799021599989,1180.901144100004,1180.901144100004,h,1,0.8080754000111483,1181.7320690000197,1181.7320690000197,1181.7320690000197,1181.7320690000197,NA,NA,NA,NA,NA,NA,021,001,2024-02-12_13h25.45.601,PsychoPy Exp,2023.1.2,60.002328094086906
KnowledgeN,ExpTrialStim/Square_B_2.png,Adam KNOWS there is ONE cube,b,h,TB-Ig,1,1,0,1,1,0,0,0,0,1,B,PropTrueNoKnowledge,SB2,SB,0,255,255,291,NA,NA,NA,NA,NA,1181.7320690000197,4.2759999632835e-4,1182.4654432000243,1182.565809599997,0.8314134000102058,1184.499132100027,1184.8990709999923,1185.0011912999908,1185.0011912999908,h,0,0.5724006000091322,1185.5989118000143,1185.5989118000143,1185.5989118000143,1185.5989118000143,NA,NA,NA,NA,NA,NA,021,001,2024-02-12_13h25.45.601,PsychoPy Exp,2023.1.2,60.002328094086906
BeliefN,ExpTrialStim/Square_B_Square_8.png,Adam THINKS there are TWO cubes,b,h,FB-Ig,2,2,0,1,1,0,1,1,0,2,B,PropTrueNoBelief,SA1: SD2,SP: SG,0,256,256,211,NA,NA,NA,NA,NA,1185.5989118000143,0.00174700003117322,1186.3323106000316,1186.43244840001,0.8295115000219084,1188.3657606000197,1188.7656734000193,1188.8678431000444,1188.8678431000444,b,1,0.5143759000347927,1189.39902110002,1189.39902110002,1189.39902110002,1189.39902110002,NA,NA,NA,NA,NA,NA,021,001,2024-02-12_13h25.45.601,PsychoPy Exp,2023.1.2,60.002328094086906
KnowledgeN,ExpTrialStim/Square_B_Square_3.png,Adam KNOWS there are TWO cubes,b,h,FB-Ig,2,2,0,1,1,0,1,1,0,2,B,PropTrueNoKnowledge,SA3: SD1,SP: SB,0,257,257,314,NA,NA,NA,NA,NA,1189.39902110002,0.00164089997997507,1190.1322962000268,1190.2323368000216,0.8295047000283375,1192.1655333000235,1192.565757400007,1192.6678150999942,1192.6678150999942,b,1,0.7215474999975413,1193.4156764000072,1193.4156764000072,1193.4156764000072,1193.4156764000072,NA,NA,NA,NA,NA,NA,021,001,2024-02-12_13h25.45.601,PsychoPy Exp,2023.1.2,60.002328094086906
KnowledgeN,ExpTrialStim/Square_Triangle_NB_1.png,Adam KNOWS there are ZERO cubes,b,h,TB-K,2,1,1,2,1,1,0,0,0,0,NB,PropFalse,SA2: TB1,SG: TR,0,258,258,279,NA,NA,NA,NA,NA,1193.4156764000072,0.00163859996246173,1194.1489411999935,1194.2490789000294,0.8296597999869846,1196.1824051000294,1196.5823265000363,1196.6844952999963,1196.6844952999963,b,1,1.497351800033357,1198.1988390000188,1198.1988390000188,1198.1988390000188,1198.1988390000188,NA,NA,NA,NA,NA,NA,021,001,2024-02-12_13h25.45.601,PsychoPy Exp,2023.1.2,60.002328094086906
RealityN,ExpTrialStim/Square_Square_B_3.png,"In REALITY, there is ONE cube",b,h,TB-K-B,2,2,0,2,2,0,0,0,0,1,B,PropFalse,SA3: SB1,SG: SB,0,259,259,86,NA,NA,NA,NA,NA,1198.1988390000188,7.7890005195513e-4,1198.9322574000107,1199.0323901000083,0.8308885000296868,1200.965703600028,1201.3656522000092,1201.4678584000212,1201.4678584000212,b,1,1.1214128999854438,1202.6155674000038,1202.6155674000038,1202.6155674000038,1202.6155674000038,NA,NA,NA,NA,NA,NA,021,001,2024-02-12_13h25.45.601,PsychoPy Exp,2023.1.2,60.002328094086906
RealityY,ExpTrialStim/Square_B_Square_4.png,"In REALITY, there are TWO cubes",h,b,FB-Ig,2,2,0,1,1,0,1,1,0,2,B,-,SB1: SD2,SG: SP,0,260,260,45,NA,NA,NA,NA,NA,1202.6155674000038,0.00110719999065622,1203.3489330000011,1203.4491127000074,0.83034129999578,1205.3823978000437,1205.78236740001,1205.8844411000027,1205.8844411000027,h,1,1.1849339000182226,1207.0989101000014,1207.0989101000014,1207.0989101000014,1207.0989101000014,NA,NA,NA,NA,NA,NA,021,001,2024-02-12_13h25.45.601,PsychoPy Exp,2023.1.2,60.002328094086906
RealityY,ExpTrialStim/Triangle_B_1.png,"In REALITY, there are ZERO cubes",h,b,TB-Ig,1,0,1,1,0,1,0,0,0,0,B,-,TA2,TR,0,261,261,18,NA,NA,NA,NA,NA,1207.0989101000014,0.00146069994661957,1207.8322459000046,1207.9323449000367,0.8298884999821894,1209.865698700014,1210.2656844999874,1210.3677585000405,1210.3677585000405,h,1,0.9016578000155278,1211.2987636000034,1211.2987636000034,1211.2987636000034,1211.2987636000034,NA,NA,NA,NA,NA,NA,021,001,2024-02-12_13h25.45.601,PsychoPy Exp,2023.1.2,60.002328094086906
BeliefY,ExpTrialStim/Square_B_2.png,Adam THINKS there is ONE cube,h,b,TB-Ig,1,1,0,1,1,0,0,0,0,1,B,-,SB2,SB,0,262,262,129,NA,NA,NA,NA,NA,1211.2987636000034,4.336999845691e-4,1212.0322756000096,1212.132108699996,0.8313491999870166,1214.0656730000046,1214.4656714000157,1214.5677692000172,1214.5677692000172,h,1,1.3819128000177443,1215.9655878000194,1215.9655878000194,1215.9655878000194,1215.9655878000194,NA,NA,NA,NA,NA,NA,021,001,2024-02-12_13h25.45.601,PsychoPy Exp,2023.1.2,60.002328094086906
BeliefN,ExpTrialStim/Square_Square_B_7.png,Adam THINKS there are ZERO cubes,b,h,TB-K-B,2,2,0,2,2,0,0,0,0,0,B,PropFalse,SA1: SB2,SG: SP,0,263,263,194,NA,NA,NA,NA,NA,1215.9655878000194,0.00168300000950694,1216.698879600037,1216.7990094000124,0.8294941000058316,1218.7323436000152,1219.1323288000422,1219.2344989000121,1219.2344989000121,b,1,0.9314727999735624,1220.1822657000157,1220.1822657000157,1220.1822657000157,1220.1822657000157,NA,NA,NA,NA,NA,NA,021,001,2024-02-12_13h25.45.601,PsychoPy Exp,2023.1.2,60.002328094086906
BeliefN,ExpTrialStim/Triangle_NB_1.png,Adam THINKS there is ONE cube,b,h,TB-K,1,0,1,1,0,1,0,0,0,1,NB,PropFalse,TA1,TO,0,264,264,162,NA,NA,NA,NA,NA,1220.1822657000157,0.00166379997972399,1220.9155358000426,1221.015469600039,0.829440799949225,1222.9488462000154,1223.348881700018,1223.4511291999952,1223.4511291999952,b,1,1.0832188000204042,1224.5655765000265,1224.5655765000265,1224.5655765000265,1224.5655765000265,NA,NA,NA,NA,NA,NA,021,001,2024-02-12_13h25.45.601,PsychoPy Exp,2023.1.2,60.002328094086906
RealityY,ExpTrialStim/Triangle_Triangle_B_3.png,"In REALITY, there are ZERO cubes",h,b,TB-K-B,2,0,2,2,0,2,0,0,0,0,B,-,TA3: TB1,TR: TY,0,265,265,28,NA,NA,NA,NA,NA,1224.5655765000265,0.00164110003970563,1225.298650200013,1225.3991305000382,0.829572000016924,1227.332323700015,1227.7323189000017,1227.834178499994,1227.834178499994,h,1,0.8112864999566227,1228.6654869000197,1228.6654869000197,1228.6654869000197,1228.6654869000197,NA,NA,NA,NA,NA,NA,021,001,2024-02-12_13h25.45.601,PsychoPy Exp,2023.1.2,60.002328094086906
RealityY,ExpTrialStim/Square_NB_1.png,"In REALITY, there is ONE cube",h,b,TB-K,1,1,0,1,1,0,0,0,0,1,NB,-,SA1,SB,0,266,266,3,NA,NA,NA,NA,NA,1228.6654869000197,0.00166700000409036,1229.3988565999898,1229.4989750999955,0.8295869000139646,1231.4323019000003,1231.8322870000266,1231.9344666000106,1231.9344666000106,h,1,0.8386936000315472,1232.7987653000164,1232.7987653000164,1232.7987653000164,1232.7987653000164,NA,NA,NA,NA,NA,NA,021,001,2024-02-12_13h25.45.601,PsychoPy Exp,2023.1.2,60.002328094086906
RealityN,ExpTrialStim/Square_Square_NB_3.png,"In REALITY, there are ZERO cubes",b,h,TB-K,2,2,0,2,2,0,0,0,0,0,NB,PropFalse,SA3: SB1,SG: SP,0,267,267,68,NA,NA,NA,NA,NA,1232.7987653000164,7.8340002801269e-4,1233.532186300028,1233.6322909999872,0.8308757999911904,1235.5656335999956,1235.9656692999995,1236.067795400042,1236.067795400042,b,1,0.5936253000400029,1236.6821960000088,1236.6821960000088,1236.6821960000088,1236.6821960000088,NA,NA,NA,NA,NA,NA,021,001,2024-02-12_13h25.45.601,PsychoPy Exp,2023.1.2,60.002328094086906
BeliefN,ExpTrialStim/Square_B_Square_1.png,Adam THINKS there are ZERO cubes,b,h,FB-Ig,2,2,0,1,1,0,1,1,0,0,B,PropFalse,SA1: SC2,SG: SB,0,268,268,204,NA,NA,NA,NA,NA,1236.6821960000088,0.00163419998716562,1237.415512800042,1237.5156189000118,0.829623099998571,1239.448831000016,1239.8489525000332,1239.9510719000243,1239.9510719000243,b,1,1.198624300013762,1241.1655457000015,1241.1655457000015,1241.1655457000015,1241.1655457000015,NA,NA,NA,NA,NA,NA,021,001,2024-02-12_13h25.45.601,PsychoPy Exp,2023.1.2,60.002328094086906
BeliefN,ExpTrialStim/Square_Square_B_8.png,Adam THINKS there is ONE cube,b,h,TB-K-B,2,2,0,2,2,0,0,0,0,1,B,PropFalse,SA2: SB3,SP: SB,0,269,269,195,NA,NA,NA,NA,NA,1241.1655457000015,0.00182780000614002,1241.9002647000016,1241.9985750000342,0.8290548999793828,1243.932254799991,1244.33224660001,1244.4341656999895,1244.4341656999895,b,1,0.8589538999949582,1245.3152962999884,1245.3152962999884,1245.3152962999884,1245.3152962999884,NA,NA,NA,NA,NA,NA,021,001,2024-02-12_13h25.45.601,PsychoPy Exp,2023.1.2,60.002328094086906
KnowledgeN,ExpTrialStim/Square_NB_1.png,Adam KNOWS there are ZERO cubes,b,h,TB-K,1,1,0,1,1,0,0,0,0,0,NB,PropFalse,SA1,SB,0,270,270,273,NA,NA,NA,NA,NA,1245.3152962999884,4.6080001629889e-4,1246.048785699997,1246.1489218000206,0.831284100015182,1248.0820731000276,1248.482290600019,1248.5843385999906,1248.5843385999906,b,1,0.693074400012847,1249.2989058000385,1249.2989058000385,1249.2989058000385,1249.2989058000385,NA,NA,NA,NA,NA,NA,021,001,2024-02-12_13h25.45.601,PsychoPy Exp,2023.1.2,60.002328094086906
KnowledgeY,ExpTrialStim/Square_Square_B_2.png,Adam KNOWS there are TWO cubes,h,b,TB-K-B,2,2,0,2,2,0,0,0,0,2,B,-,SA2: SB3,SB: SP,0,271,271,247,NA,NA,NA,NA,NA,1249.2989058000385,0.00168899999698624,1250.0320828999977,1250.1322231999948,0.8294668000307865,1252.0653223000118,1252.4654738000245,1252.5675954000326,1252.5675954000326,h,1,0.49379209999460727,1253.0820670000394,1253.0820670000394,1253.0820670000394,1253.0820670000394,NA,NA,NA,NA,NA,NA,021,001,2024-02-12_13h25.45.601,PsychoPy Exp,2023.1.2,60.002328094086906
RealityN,ExpTrialStim/Square_Square_NB_2.png,"In REALITY, there are ZERO cubes",b,h,TB-K,2,2,0,2,2,0,0,0,0,0,NB,PropFalse,SA2: SB3,SB: SG,0,272,272,67,NA,NA,NA,NA,NA,1253.0820670000394,0.00165059999562799,1253.8154355000006,1253.91537360003,0.8295925999991596,1255.8489483000012,1256.248889999988,1256.3510066000165,1256.3510066000165,b,1,0.518028000020422,1256.8986322000274,1256.8986322000274,1256.8986322000274,1256.8986322000274,NA,NA,NA,NA,NA,NA,021,001,2024-02-12_13h25.45.601,PsychoPy Exp,2023.1.2,60.002328094086906
KnowledgeY,ExpTrialStim/Square_Square_NB_4.png,Adam KNOWS there are TWO cubes,h,b,TB-K,2,2,0,2,2,0,0,0,0,2,NB,-,SA2: SB1,SP: SG,0,273,273,231,NA,NA,NA,NA,NA,1256.8986322000274,4.0220003575086e-4,1257.6320921999868,1257.7320387000218,0.8313905000104569,1259.6655293999938,1260.0655476000393,1260.1676977000316,1260.1676977000316,h,1,0.6294277999550104,1260.8153228000156,1260.8153228000156,1260.8153228000156,1260.8153228000156,NA,NA,NA,NA,NA,NA,021,001,2024-02-12_13h25.45.601,PsychoPy Exp,2023.1.2,60.002328094086906
BeliefY,ExpTrialStim/Square_B_Square_3.png,Adam THINKS there is ONE cube,h,b,FB-Ig,2,2,0,1,1,0,1,1,0,1,B,-,SA3: SD1,SP: SB,0,274,274,152,NA,NA,NA,NA,NA,1260.8153228000156,5.4549996275454e-4,1261.548769099987,1261.6488990000216,0.831239499966614,1263.5822152000037,1263.9820231000194,1264.0841065000277,1264.0841065000277,h,1,0.857023200020194,1264.965379100002,1264.965379100002,1264.965379100002,1264.965379100002,NA,NA,NA,NA,NA,NA,021,001,2024-02-12_13h25.45.601,PsychoPy Exp,2023.1.2,60.002328094086906
BeliefN,ExpTrialStim/Square_B_Square_3.png,Adam THINKS there are ZERO cubes,b,h,FB-Ig,2,2,0,1,1,0,1,1,0,0,B,PropFalse,SA3: SD1,SP: SB,0,275,275,206,NA,NA,NA,NA,NA,1264.965379100002,0.00124379998305812,1265.6987777000177,1265.7989112000214,0.8302641999907792,1267.732050599996,1268.1322287000366,1268.2343120999867,1268.2343120999867,b,1,1.3474570999969728,1269.598769800039,1269.598769800039,1269.598769800039,1269.598769800039,NA,NA,NA,NA,NA,NA,021,001,2024-02-12_13h25.45.601,PsychoPy Exp,2023.1.2,60.002328094086906
KnowledgeY,ExpTrialStim/Square_Triangle_B_2.png,Adam KNOWS there is ONE cube,h,b,FB-Ig,2,1,1,2,1,1,0,0,0,1,B,-,SA2: TB3,SB: TO,0,276,276,259,NA,NA,NA,NA,NA,1269.598769800039,9.0119999367743e-4,1270.3320516000383,1270.4321579000098,0.8304520000237972,1272.3655146000092,1272.7652239000308,1272.8675031000166,1272.8675031000166,h,1,1.0178294000215828,1273.915475299989,1273.915475299989,1273.915475299989,1273.915475299989,NA,NA,NA,NA,NA,NA,021,001,2024-02-12_13h25.45.601,PsychoPy Exp,2023.1.2,60.002328094086906
RealityY,ExpTrialStim/Square_Square_B_2.png,"In REALITY, there are TWO cubes",h,b,TB-K-B,2,2,0,2,2,0,0,0,0,2,B,-,SA2: SB3,SB: SP,0,277,277,35,NA,NA,NA,NA,NA,1273.915475299989,0.00165930000366643,1274.6486661999952,1274.7488114000298,0.8295013000024483,1276.682010599994,1277.0821135000442,1277.1842950000428,1277.1842950000428,h,1,0.5246076000039466,1277.7319938000292,1277.7319938000292,1277.7319938000292,1277.7319938000292,NA,NA,NA,NA,NA,NA,021,001,2024-02-12_13h25.45.601,PsychoPy Exp,2023.1.2,60.002328094086906
BeliefY,ExpTrialStim/Triangle_NB_1.png,Adam THINKS there are ZERO cubes,h,b,TB-K,1,0,1,1,0,1,0,0,0,0,NB,-,TA1,TO,0,278,278,108,NA,NA,NA,NA,NA,1277.7319938000292,6.2980002257972e-4,1278.465403500013,1278.5653018000305,0.8312738999957219,1280.4988964000368,1280.8988474000362,1281.0009629999986,1281.0009629999986,h,1,0.5810282999882475,1281.598621000012,1281.598621000012,1281.598621000012,1281.598621000012,NA,NA,NA,NA,NA,NA,021,001,2024-02-12_13h25.45.601,PsychoPy Exp,2023.1.2,60.002328094086906
BeliefN,ExpTrialStim/Square_Square_NB_1.png,Adam THINKS there are ZERO cubes,b,h,TB-K,2,2,0,2,2,0,0,0,0,0,NB,PropFalse,SA1: SB2,SP: SB,0,279,279,174,NA,NA,NA,NA,NA,1281.598621000012,0.00172060000477358,1282.3319989999873,1282.4321617000387,0.8293980999733321,1284.3654820999946,1284.7653471000376,1284.8676039000277,1284.8676039000277,b,1,0.7214676999719813,1285.6153391000116,1285.6153391000116,1285.6153391000116,1285.6153391000116,NA,NA,NA,NA,NA,NA,021,001,2024-02-12_13h25.45.601,PsychoPy Exp,2023.1.2,60.002328094086906
BeliefN,ExpTrialStim/Triangle_NB_2.png,Adam THINKS there is ONE cube,b,h,TB-K,1,0,1,1,0,1,0,0,0,1,NB,PropFalse,TA3,TY,0,280,280,163,NA,NA,NA,NA,NA,1285.6153391000116,0.00148019997868686,1286.348668200022,1286.4488003000151,0.8299168000230566,1288.382105900033,1288.782119600044,1288.8842525000218,1288.8842525000218,b,1,1.0333182999747803,1289.948733200028,1289.948733200028,1289.948733200028,1289.948733200028,NA,NA,NA,NA,NA,NA,021,001,2024-02-12_13h25.45.601,PsychoPy Exp,2023.1.2,60.002328094086906
RealityN,ExpTrialStim/Square_B_2.png,"In REALITY, there are ZERO cubes",b,h,TB-Ig,1,1,0,1,1,0,0,0,0,0,B,PropFalse,SB2,SB,0,281,281,75,NA,NA,NA,NA,NA,1289.948733200028,0.00164909998420625,1290.6819983000169,1290.782118100033,0.8295076999929734,1292.7154475999996,1293.115445500007,1293.217534299998,1293.217534299998,b,1,1.1877483000280336,1294.4320299000246,1294.4320299000246,1294.4320299000246,1294.4320299000246,NA,NA,NA,NA,NA,NA,021,001,2024-02-12_13h25.45.601,PsychoPy Exp,2023.1.2,60.002328094086906
RealityY,ExpTrialStim/Triangle_B_2.png,"In REALITY, there are ZERO cubes",h,b,TB-Ig,1,0,1,1,0,1,0,0,0,0,B,-,TB2,TO,0,282,282,19,NA,NA,NA,NA,NA,1294.4320299000246,0.00169589999131858,1295.1653203000317,1295.2654611000326,0.8296638999599963,1297.1987157000112,1297.5987425000058,1297.700793199998,1297.700793199998,h,1,0.9762608999735676,1298.6986414000276,1298.6986414000276,1298.6986414000276,1298.6986414000276,NA,NA,NA,NA,NA,NA,021,001,2024-02-12_13h25.45.601,PsychoPy Exp,2023.1.2,60.002328094086906
RealityN,ExpTrialStim/Square_Triangle_B_3.png,"In REALITY, there are TWO cubes",b,h,TB-K-B,2,1,1,2,1,1,0,0,0,2,B,PropFalse,SA3: TB1,SP: TY,0,283,283,90,NA,NA,NA,NA,NA,1298.6986414000276,0.00248290004674345,1299.4319968000054,1299.5320674999966,0.8298746000509709,1301.4652812000131,1301.8651910999906,1301.967482100008,1301.967482100008,b,1,0.6615499000181444,1302.64866180002,1302.64866180002,1302.64866180002,1302.64866180002,NA,NA,NA,NA,NA,NA,021,001,2024-02-12_13h25.45.601,PsychoPy Exp,2023.1.2,60.002328094086906
BeliefN,ExpTrialStim/Square_Triangle_NB_1.png,Adam THINKS there are ZERO cubes,b,h,TB-K,2,1,1,2,1,1,0,0,0,0,NB,PropFalse,SA2: TB1,SG: TR,0,284,284,171,NA,NA,NA,NA,NA,1302.64866180002,0.00113049999345093,1303.381990200025,1303.482083800016,0.830371499992907,1305.4154661000357,1305.8153982000076,1305.9174528000294,1305.9174528000294,b,1,0.632030599983409,1306.56536290003,1306.56536290003,1306.56536290003,1306.56536290003,NA,NA,NA,NA,NA,NA,021,001,2024-02-12_13h25.45.601,PsychoPy Exp,2023.1.2,60.002328094086906
KnowledgeY,ExpTrialStim/Triangle_NB_1.png,Adam KNOWS there are ZERO cubes,h,b,TB-K,1,0,1,1,0,1,0,0,0,0,NB,-,TA1,TO,0,285,285,216,NA,NA,NA,NA,NA,1306.56536290003,0.00166579999495297,1307.2986306000385,1307.398746600025,0.829559700039681,1309.3320654000272,1309.732103599992,1309.8341861999943,1309.8341861999943,h,1,0.9067066000425256,1310.7651551000308,1310.7651551000308,1310.7651551000308,1310.7651551000308,NA,NA,NA,NA,NA,NA,021,001,2024-02-12_13h25.45.601,PsychoPy Exp,2023.1.2,60.002328094086906
BeliefY,ExpTrialStim/Square_Square_NB_2.png,Adam THINKS there are TWO cubes,h,b,TB-K,2,2,0,2,2,0,0,0,0,2,NB,-,SA2: SB3,SB: SG,0,286,286,121,NA,NA,NA,NA,NA,1310.7651551000308,4.8509996850043e-4,1311.4986314999987,1311.5987094000448,0.8312609999557026,1313.5320576000377,1313.9320440000156,1314.0341644000146,1314.0341644000146,h,1,0.81899619998876,1314.881874000013,1314.881874000013,1314.881874000013,1314.881874000013,NA,NA,NA,NA,NA,NA,021,001,2024-02-12_13h25.45.601,PsychoPy Exp,2023.1.2,60.002328094086906
KnowledgeN,ExpTrialStim/Square_B_Triangle_2.png,Adam KNOWS there is ONE cube,b,h,TB-Ig,2,1,1,1,1,0,1,0,1,1,B,PropTrueNoKnowledge,SD3: TD2,SP: TY,0,287,287,295,NA,NA,NA,NA,NA,1314.881874000013,0.00148989999433979,1315.6152734000352,1315.7152170999907,0.8298359999898821,1317.6487436000025,1318.0486956000095,1318.150747800013,1318.150747800013,h,0,3.0704185999929905,1321.2486144000432,1321.2486144000432,1321.2486144000432,1321.2486144000432,NA,NA,NA,NA,NA,NA,021,001,2024-02-12_13h25.45.601,PsychoPy Exp,2023.1.2,60.002328094086906
RealityN,ExpTrialStim/Triangle_Triangle_B_4.png,"In REALITY, there are TWO cubes",b,h,TB-K-B,2,0,2,2,0,2,0,0,0,2,B,PropFalse,TA2: TB1,TY: TR,0,288,288,83,NA,NA,NA,NA,NA,1321.2486144000432,0.00164869998116046,1321.981909700029,1322.0820471000045,0.829693799954839,1324.0153728000005,1324.4151676000329,1324.517432300025,1324.517432300025,b,1,1.200325799989514,1325.7484588000225,1325.7484588000225,1325.7484588000225,1325.7484588000225,NA,NA,NA,NA,NA,NA,021,001,2024-02-12_13h25.45.601,PsychoPy Exp,2023.1.2,60.002328094086906
BeliefN,ExpTrialStim/Square_B_2.png,Adam THINKS there are ZERO cubes,b,h,TB-Ig,1,1,0,1,1,0,0,0,0,0,B,PropFalse,SB2,SB,0,289,289,183,NA,NA,NA,NA,NA,1325.7484588000225,4.1450001299381e-4,1326.481901000021,1326.5820114000237,0.8314149000216275,1328.5151120999944,1328.9153069999884,1329.0173404000234,1329.0173404000234,b,1,0.611814100004267,1329.6485019000247,1329.6485019000247,1329.6485019000247,1329.6485019000247,NA,NA,NA,NA,NA,NA,021,001,2024-02-12_13h25.45.601,PsychoPy Exp,2023.1.2,60.002328094086906
BeliefN,ExpTrialStim/Square_Square_NB_5.png,Adam THINKS there is ONE cube,b,h,TB-K,2,2,0,2,2,0,0,0,0,1,NB,PropFalse,SA3: SB2,SB: SP,0,290,290,178,NA,NA,NA,NA,NA,1329.6485019000247,0.00182689999928697,1330.381867100019,1330.4818238000153,0.829267599969171,1332.415366100031,1332.815295700042,1332.9173661000095,1332.9173661000095,b,1,0.9200744000263512,1333.8652301999973,1333.8652301999973,1333.8652301999973,1333.8652301999973,NA,NA,NA,NA,NA,NA,021,001,2024-02-12_13h25.45.601,PsychoPy Exp,2023.1.2,60.002328094086906
KnowledgeN,ExpTrialStim/Square_B_Square_6.png,Adam KNOWS there are TWO cubes,b,h,FB-Ig,2,2,0,1,1,0,1,1,0,2,B,PropTrueNoKnowledge,SB3: SC1,SP: SG,0,291,291,317,NA,NA,NA,NA,NA,1333.8652301999973,0.00147430005017668,1334.5985324000358,1334.6986469000112,0.829853400005959,1336.631726499996,1337.0319671999896,1337.1340690000216,1337.1340690000216,b,1,0.6710100999916904,1337.8319390999968,1337.8319390999968,1337.8319390999968,1337.8319390999968,NA,NA,NA,NA,NA,NA,021,001,2024-02-12_13h25.45.601,PsychoPy Exp,2023.1.2,60.002328094086906
RealityN,ExpTrialStim/Triangle_Triangle_NB_1.png,"In REALITY, there is ONE cube",b,h,TB-K,2,0,2,2,0,2,0,0,0,1,NB,PropFalse,TA1: TB2,TY: TO,0,292,292,60,NA,NA,NA,NA,NA,1337.8319390999968,0.00164139998378232,1338.5651857000194,1338.6653098000097,0.8295266999630257,1340.598630500026,1340.998577099992,1341.1006076000049,1341.1006076000049,b,1,0.8327008999767713,1341.9485026000184,1341.9485026000184,1341.9485026000184,1341.9485026000184,NA,NA,NA,NA,NA,NA,021,001,2024-02-12_13h25.45.601,PsychoPy Exp,2023.1.2,60.002328094086906
RealityY,ExpTrialStim/Square_B_Square_2.png,"In REALITY, there are TWO cubes",h,b,FB-Ig,2,2,0,1,1,0,1,1,0,2,B,-,SA2: SC3,SB: SP,0,293,293,43,NA,NA,NA,NA,NA,1341.9485026000184,0.00114220002433285,1342.681856899988,1342.7819821000448,0.8302889000042342,1344.7151083000354,1345.1152741000406,1345.217392200022,1345.217392200022,h,1,0.9717833999893628,1346.2152236000402,1346.2152236000402,1346.2152236000402,1346.2152236000402,NA,NA,NA,NA,NA,NA,021,001,2024-02-12_13h25.45.601,PsychoPy Exp,2023.1.2,60.002328094086906
KnowledgeN,ExpTrialStim/Square_Square_NB_4.png,Adam KNOWS there is ONE cube,b,h,TB-K,2,2,0,2,2,0,0,0,0,1,NB,PropFalse,SA2: SB1,SP: SG,0,294,294,285,NA,NA,NA,NA,NA,1346.2152236000402,0.00167889997828751,1346.9485037000268,1347.0484897000133,0.8296495999675244,1348.9819554000278,1349.3819423000095,1349.4839379999903,1349.4839379999903,b,1,0.7689896000083536,1350.2818686999965,1350.2818686999965,1350.2818686999965,1350.2818686999965,NA,NA,NA,NA,NA,NA,021,001,2024-02-12_13h25.45.601,PsychoPy Exp,2023.1.2,60.002328094086906
RealityN,ExpTrialStim/Square_B_Square_7.png,"In REALITY, there is ONE cube",b,h,FB-Ig,2,2,0,1,1,0,1,1,0,1,B,PropFalse,SA3: SC2,SG: SP,0,295,295,102,NA,NA,NA,NA,NA,1350.2818686999965,0.00165849999757483,1351.0150204999954,1351.11520629999,0.8298851000145078,1353.0486352000153,1353.448454700003,1353.5506610000157,1353.5506610000157,b,1,1.3103546000202186,1354.8818742000149,1354.8818742000149,1354.8818742000149,1354.8818742000149,NA,NA,NA,NA,NA,NA,021,001,2024-02-12_13h25.45.601,PsychoPy Exp,2023.1.2,60.002328094086906
BeliefY,ExpTrialStim/Square_B_Square_5.png,Adam THINKS there is ONE cube,h,b,FB-Ig,2,2,0,1,1,0,1,1,0,1,B,-,SB2: SD3,SB: SG,0,296,296,154,NA,NA,NA,NA,NA,1354.8818742000149,0.00166789995273575,1355.615128400037,1355.7150760000222,0.829635199974291,1357.648431700014,1358.0485753000248,1358.1507079000005,1358.1507079000005,h,1,1.486440800013952,1359.6651665000245,1359.6651665000245,1359.6651665000245,1359.6651665000245,NA,NA,NA,NA,NA,NA,021,001,2024-02-12_13h25.45.601,PsychoPy Exp,2023.1.2,60.002328094086906
BeliefY,ExpTrialStim/Square_B_Triangle_1.png,Adam THINKS there is ONE cube,h,b,TB-Ig,2,1,1,1,1,0,1,0,1,1,B,-,SB1: TD3,SB: TO,0,297,297,132,NA,NA,NA,NA,NA,1359.6651665000245,0.00169089995324611,1360.3984674999956,1360.4984770000449,0.8296631999546662,1362.4316636000294,1362.831705300021,1362.9339557000203,1362.9339557000203,h,1,4.239096899982542,1367.198484499997,1367.198484499997,1367.198484499997,1367.198484499997,NA,NA,NA,NA,NA,NA,021,001,2024-02-12_13h25.45.601,PsychoPy Exp,2023.1.2,60.002328094086906
KnowledgeY,ExpTrialStim/Triangle_Triangle_B_1.png,Adam KNOWS there are ZERO cubes,h,b,TB-Ig,2,0,2,2,0,2,0,0,0,0,B,-,TA1: TB2,TY: TO,0,298,298,234,NA,NA,NA,NA,NA,1367.198484499997,0.00168909999774768,1367.9317697000224,1368.031759900041,0.829531799943652,1369.9650990000227,1370.3652347000316,1370.467154700018,1370.467154700018,h,1,0.9056884000310674,1371.3984057999917,1371.3984057999917,1371.3984057999917,1371.3984057999917,NA,NA,NA,NA,NA,NA,021,001,2024-02-12_13h25.45.601,PsychoPy Exp,2023.1.2,60.002328094086906
RealityY,ExpTrialStim/Triangle_Triangle_B_6.png,"In REALITY, there are ZERO cubes",h,b,TB-K-B,2,0,2,2,0,2,0,0,0,0,B,-,TA1: TB3,TO: TY,0,299,299,31,NA,NA,NA,NA,NA,1371.3984057999917,0.00120619998779147,1372.131704200001,1372.2319212000002,0.8303986999671906,1374.1650388000417,1374.5652228000108,1374.6672508000047,1374.6672508000047,h,1,0.5615522000007331,1375.2483795000007,1375.2483795000007,1375.2483795000007,1375.2483795000007,NA,NA,NA,NA,NA,NA,021,001,2024-02-12_13h25.45.601,PsychoPy Exp,2023.1.2,60.002328094086906
RealityY,ExpTrialStim/Square_B_Square_3.png,"In REALITY, there are TWO cubes",h,b,FB-Ig,2,2,0,1,1,0,1,1,0,2,B,-,SA3: SD1,SP: SB,0,300,300,44,NA,NA,NA,NA,NA,1375.2483795000007,8.9800002751871e-4,1375.9817684000009,1376.0818486000062,0.8305624999920838,1378.0150531000108,1378.4151990000391,1378.517194800021,1378.517194800021,h,1,0.7919376000063494,1379.331792699988,1379.331792699988,1379.331792699988,1379.331792699988,NA,NA,NA,NA,NA,NA,021,001,2024-02-12_13h25.45.601,PsychoPy Exp,2023.1.2,60.002328094086906
RealityN,ExpTrialStim/Square_NB_1.png,"In REALITY, there are ZERO cubes",b,h,TB-K,1,1,0,1,1,0,0,0,0,0,NB,PropFalse,SA1,SB,0,301,301,57,NA,NA,NA,NA,NA,1379.331792699988,0.00167269998928532,1380.065079800028,1380.1652240999974,0.8296634000143968,1382.0996947000383,1382.4985153999878,1382.600593900017,1382.600593900017,b,1,0.6681184999761172,1383.2983874999918,1383.2983874999918,1383.2983874999918,1383.2983874999918,NA,NA,NA,NA,NA,NA,021,001,2024-02-12_13h25.45.601,PsychoPy Exp,2023.1.2,60.002328094086906
RealityY,ExpTrialStim/Triangle_NB_1.png,"In REALITY, there are ZERO cubes",h,b,TB-K,1,0,1,1,0,1,0,0,0,0,NB,-,TA1,TO,0,302,302,0,NA,NA,NA,NA,NA,1383.2983874999918,7.7559996861964e-4,1384.0317335000143,1384.1318200000096,0.8308951999642886,1386.065154700016,1386.4652206000171,1386.5672198000248,1386.5672198000248,h,1,0.6297254000091925,1387.215046300029,1387.215046300029,1387.215046300029,1387.215046300029,NA,NA,NA,NA,NA,NA,021,001,2024-02-12_13h25.45.601,PsychoPy Exp,2023.1.2,60.002328094086906
RealityY,ExpTrialStim/Square_B_1.png,"In REALITY, there is ONE cube",h,b,TB-Ig,1,1,0,1,1,0,0,0,0,1,B,-,SA2,SG,0,303,303,20,NA,NA,NA,NA,NA,1387.215046300029,0.00112180004362016,1387.9483703000003,1388.0485268000048,0.8303450000239536,1389.9818531000055,1390.3818101999932,1390.483925700013,1390.483925700013,h,1,0.6334970999741927,1391.1482689999975,1391.1482689999975,1391.1482689999975,1391.1482689999975,NA,NA,NA,NA,NA,NA,021,001,2024-02-12_13h25.45.601,PsychoPy Exp,2023.1.2,60.002328094086906
KnowledgeY,ExpTrialStim/Square_Square_B_1.png,Adam KNOWS there are TWO cubes,h,b,TB-K-B,2,2,0,2,2,0,0,0,0,2,B,-,SA1: SB2,SP: SG,0,304,304,246,NA,NA,NA,NA,NA,1391.1482689999975,4.0290004108101e-4,1391.8817455000244,1391.981919300044,0.8313829000107944,1393.9151731000163,1394.315018800029,1394.4172691000276,1394.4172691000276,h,1,0.6277468999614939,1395.0650867000222,1395.0650867000222,1395.0650867000222,1395.0650867000222,NA,NA,NA,NA,NA,NA,021,001,2024-02-12_13h25.45.601,PsychoPy Exp,2023.1.2,60.002328094086906
RealityN,ExpTrialStim/Triangle_NB_1.png,"In REALITY, there is ONE cube",b,h,TB-K,1,0,1,1,0,1,0,0,0,1,NB,PropFalse,TA1,TO,0,305,305,54,NA,NA,NA,NA,NA,1395.0650867000222,0.00167590001365169,1395.7983839000226,1395.8984825999942,0.8295533999917097,1397.8316092999885,1398.2316301999963,1398.333853100019,1398.333853100019,b,1,0.51908989995718,1398.881549999991,1398.881549999991,1398.881549999991,1398.881549999991,NA,NA,NA,NA,NA,NA,021,001,2024-02-12_13h25.45.601,PsychoPy Exp,2023.1.2,60.002328094086906
BeliefY,ExpTrialStim/Square_Square_NB_6.png,Adam THINKS there are TWO cubes,h,b,TB-K,2,2,0,2,2,0,0,0,0,2,NB,-,SA1: SB3,SG: SB,0,306,306,125,NA,NA,NA,NA,NA,1398.881549999991,0.0016998000210151,1399.6150239999988,1399.7151460000314,0.8295461000525393,1401.6485050999909,1402.0484134000144,1402.1505569000146,1402.1505569000146,h,1,0.8385349999880418,1403.015057200042,1403.015057200042,1403.015057200042,1403.015057200042,NA,NA,NA,NA,NA,NA,021,001,2024-02-12_13h25.45.601,PsychoPy Exp,2023.1.2,60.002328094086906
BeliefY,ExpTrialStim/Square_NB_1.png,Adam THINKS there is ONE cube,h,b,TB-K,1,1,0,1,1,0,0,0,0,1,NB,-,SA1,SB,0,307,307,111,NA,NA,NA,NA,NA,1403.015057200042,0.00166180002270266,1403.7483590000193,1403.848441899987,0.8296192999696359,1405.7815947000054,1406.1817634000329,1406.2839369000285,1406.2839369000285,h,1,0.4406714999931864,1406.7482363000163,1406.7482363000163,1406.7482363000163,1406.7482363000163,NA,NA,NA,NA,NA,NA,021,001,2024-02-12_13h25.45.601,PsychoPy Exp,2023.1.2,60.002328094086906
KnowledgeN,ExpTrialStim/Triangle_Triangle_B_9.png,Adam KNOWS there is ONE cube,b,h,TB-K-B,2,0,2,2,0,2,0,0,0,1,B,PropFalse,TA3: TB1,TO: TR,0,308,308,296,NA,NA,NA,NA,NA,1406.7482363000163,4.8529997002333e-4,1407.4816468000065,1407.5816156000365,0.8312283999985084,1409.5150718000368,1409.9151061000302,1410.0171469000052,1410.0171469000052,b,1,0.6517785000032745,1410.6983996999916,1410.6983996999916,1410.6983996999916,1410.6983996999916,NA,NA,NA,NA,NA,NA,021,001,2024-02-12_13h25.45.601,PsychoPy Exp,2023.1.2,60.002328094086906
KnowledgeY,ExpTrialStim/Square_NB_3.png,Adam KNOWS there is ONE cube,h,b,TB-K,1,1,0,1,1,0,0,0,0,1,NB,-,SB2,SG,0,309,309,221,NA,NA,NA,NA,NA,1410.6983996999916,0.00184580002678558,1411.4316212999984,1411.5317448000424,0.829395700013265,1413.464924800035,1413.86506630003,1413.9671829,1413.9671829,h,1,0.6458026000182144,1414.6317362000118,1414.6317362000118,1414.6317362000118,1414.6317362000118,NA,NA,NA,NA,NA,NA,021,001,2024-02-12_13h25.45.601,PsychoPy Exp,2023.1.2,60.002328094086906
KnowledgeY,ExpTrialStim/Triangle_Triangle_B_5.png,Adam KNOWS there are ZERO cubes,h,b,TB-Ig,2,0,2,2,0,2,0,0,0,0,B,-,TA3: TB2,TR: TO,0,310,310,238,NA,NA,NA,NA,NA,1414.6317362000118,0.00167440000222995,1415.3649776999955,1415.4650866000447,0.8295833999873139,1417.3989468000364,1417.798504800012,1417.9004957000143,1417.9004957000143,h,1,0.5604262999841012,1418.4816961000324,1418.4816961000324,1418.4816961000324,1418.4816961000324,NA,NA,NA,NA,NA,NA,021,001,2024-02-12_13h25.45.601,PsychoPy Exp,2023.1.2,60.002328094086906
RealityN,ExpTrialStim/Triangle_Triangle_B_1.png,"In REALITY, there is ONE cube",b,h,TB-K-B,2,0,2,2,0,2,0,0,0,1,B,PropFalse,TA1: TB2,TY: TO,0,311,311,80,NA,NA,NA,NA,NA,1418.4816961000324,0.00189140002476051,1419.2149340999897,1419.3150747999898,0.8296221000491641,1421.2484020999982,1421.6483734000358,1421.7504810999965,1421.7504810999965,b,1,1.006086699955631,1422.7814580000122,1422.7814580000122,1422.7814580000122,1422.7814580000122,NA,NA,NA,NA,NA,NA,021,001,2024-02-12_13h25.45.601,PsychoPy Exp,2023.1.2,60.002328094086906
BeliefY,ExpTrialStim/B_Square_1.png,Adam THINKS there are ZERO cubes,h,b,FB-Ig,1,1,0,0,0,0,1,1,0,0,B,-,SC2,SG,0,312,312,146,NA,NA,NA,NA,NA,1422.7814580000122,4.5210000826045e-4,1423.5149761000066,1423.6150581000256,0.8313289000070654,1425.548402299988,1425.9484254000126,1426.050517900032,1426.050517900032,h,1,0.9310190999531188,1426.9981511000078,1426.9981511000078,1426.9981511000078,1426.9981511000078,NA,NA,NA,NA,NA,NA,021,001,2024-02-12_13h25.45.601,PsychoPy Exp,2023.1.2,60.002328094086906
BeliefN,ExpTrialStim/Triangle_NB_3.png,Adam THINKS there are TWO cubes,b,h,TB-K,1,0,1,1,0,1,0,0,0,2,NB,PropFalse,TB2,TR,0,313,313,164,NA,NA,NA,NA,NA,1426.9981511000078,0.00162880000425502,1427.7315979000414,1427.8317054000215,0.8295058999792673,1429.7648994000049,1430.1650580000132,1430.2672076000017,1430.2672076000017,b,1,1.041399099980481,1431.3316156000365,1431.3316156000365,1431.3316156000365,1431.3316156000365,NA,NA,NA,NA,NA,NA,021,001,2024-02-12_13h25.45.601,PsychoPy Exp,2023.1.2,60.002328094086906
BeliefY,ExpTrialStim/Triangle_Triangle_NB_3.png,Adam THINKS there are ZERO cubes,h,b,TB-K,2,0,2,2,0,2,0,0,0,0,NB,-,TA3: TB1,TR: TY,0,314,314,116,NA,NA,NA,NA,NA,1431.3316156000365,9.0859999181702e-4,1432.0648984000436,1432.1648843000294,0.8305034000077285,1434.098372300039,1434.4982094000443,1434.6005183000234,1434.6005183000234,h,1,1.932643700041808,1436.5482125999988,1436.5482125999988,1436.5482125999988,1436.5482125999988,NA,NA,NA,NA,NA,NA,021,001,2024-02-12_13h25.45.601,PsychoPy Exp,2023.1.2,60.002328094086906
RealityY,ExpTrialStim/Square_Square_NB_3.png,"In REALITY, there are TWO cubes",h,b,TB-K,2,2,0,2,2,0,0,0,0,2,NB,-,SA3: SB1,SG: SP,0,315,315,14,NA,NA,NA,NA,NA,1436.5482125999988,0.00167730002431198,1437.2815569000086,1437.3816947999876,0.8294222999829799,1439.315029999998,1439.715027600003,1439.8171949000098,1439.8171949000098,h,1,0.5480630000238307,1440.381556700042,1440.381556700042,1440.381556700042,1440.381556700042,NA,NA,NA,NA,NA,NA,021,001,2024-02-12_13h25.45.601,PsychoPy Exp,2023.1.2,60.002328094086906
KnowledgeY,ExpTrialStim/Square_Square_B_8.png,Adam KNOWS there are TWO cubes,h,b,TB-K-B,2,2,0,2,2,0,0,0,0,2,B,-,SA2: SB3,SP: SB,0,316,316,253,NA,NA,NA,NA,NA,1440.381556700042,0.00150030001532286,1441.1148572000093,1441.2150158000295,0.8297276000375859,1443.1483243000112,1443.548331100028,1443.6503755000303,1443.6503755000303,h,1,0.5866167999920435,1444.264981299988,1444.264981299988,1444.264981299988,1444.264981299988,NA,NA,NA,NA,NA,NA,021,001,2024-02-12_13h25.45.601,PsychoPy Exp,2023.1.2,60.002328094086906
KnowledgeN,ExpTrialStim/Square_Triangle_B_11.png,Adam KNOWS there are TWO cubes,b,h,TB-K-B,2,1,1,2,1,1,0,0,0,2,B,PropFalse,SB2: TA3,SG: TR,0,317,317,306,NA,NA,NA,NA,NA,1444.264981299988,0.00179870001738891,1444.9982256999938,1445.0983371000038,0.8296486000181176,1447.0314824000234,1447.4317105000373,1447.533736500016,1447.533736500016,b,1,0.9270169999799692,1448.4813993000423,1448.4813993000423,1448.4813993000423,1448.4813993000423,NA,NA,NA,NA,NA,NA,021,001,2024-02-12_13h25.45.601,PsychoPy Exp,2023.1.2,60.002328094086906
KnowledgeY,ExpTrialStim/Triangle_Triangle_NB_1.png,Adam KNOWS there are ZERO cubes,h,b,TB-K,2,0,2,2,0,2,0,0,0,0,NB,-,TA1: TB2,TY: TO,0,318,318,222,NA,NA,NA,NA,NA,1448.4813993000423,0.00197270000353455,1449.2149015000325,1449.3148916999926,0.8294199000229128,1451.248335200013,1451.6483575000311,1451.7504186000442,1451.7504186000442,h,1,0.7832221999997273,1452.564673000015,1452.564673000015,1452.564673000015,1452.564673000015,NA,NA,NA,NA,NA,NA,021,001,2024-02-12_13h25.45.601,PsychoPy Exp,2023.1.2,60.002328094086906
RealityY,ExpTrialStim/Triangle_B_Triangle_1.png,"In REALITY, there are ZERO cubes",h,b,TB-Ig,2,0,2,1,0,1,1,0,1,0,B,-,TA3: TD1,TY: TR,0,319,319,22,NA,NA,NA,NA,NA,1452.564673000015,3.9980001747608e-4,1453.2982341999889,1453.3983255000203,0.8313341999892145,1455.3314675000147,1455.731597200036,1455.8337459000177,1455.8337459000177,h,1,2.3710442000301555,1458.2315326000098,1458.2315326000098,1458.2315326000098,1458.2315326000098,NA,NA,NA,NA,NA,NA,021,001,2024-02-12_13h25.45.601,PsychoPy Exp,2023.1.2,60.002328094086906
RealityY,ExpTrialStim/Square_Triangle_NB_3.png,"In REALITY, there is ONE cube",h,b,TB-K,2,1,1,2,1,1,0,0,0,1,NB,-,SB3: TA2,SP: TY,0,320,320,11,NA,NA,NA,NA,NA,1458.2315326000098,0.00160850002430379,1458.9648221000098,1459.0649574000272,0.8299353999900632,1460.9982922000345,1461.398285000003,1461.500308000017,1461.500308000017,h,1,3.4885764999780804,1465.0148563000257,1465.0148563000257,1465.0148563000257,1465.0148563000257,NA,NA,NA,NA,NA,NA,021,001,2024-02-12_13h25.45.601,PsychoPy Exp,2023.1.2,60.002328094086906
KnowledgeY,ExpTrialStim/Square_Triangle_B_7.png,Adam KNOWS there is ONE cube,h,b,FB-Ig,2,1,1,2,1,1,0,0,0,1,B,-,SA1: TB3,SB: TO,0,321,321,264,NA,NA,NA,NA,NA,1465.0148563000257,0.00168489996576681,1465.748199600028,1465.8482943000272,0.8295943000121042,1467.7816260000109,1468.181537299999,1468.283684300026,1468.283684300026,h,1,0.5451201999676414,1468.8481590000447,1468.8481590000447,1468.8481590000447,1468.8481590000447,NA,NA,NA,NA,NA,NA,021,001,2024-02-12_13h25.45.601,PsychoPy Exp,2023.1.2,60.002328094086906
BeliefN,ExpTrialStim/Triangle_B_Square_3.png,Adam THINKS there is ONE cube,b,h,FB-Ig,2,1,1,1,0,1,1,1,0,1,B,PropTrueNoBelief,SD1: TA2,SG: TR,0,322,322,214,NA,NA,NA,NA,NA,1468.8481590000447,0.0017126000020653,1469.5814493999933,1469.6816643000348,0.8296658999752253,1471.615001500002,1472.0148633000208,1472.1169921000255,1472.1169921000255,b,1,1.0961319000343792,1473.2314913000446,1473.2314913000446,1473.2314913000446,1473.2314913000446,NA,NA,NA,NA,NA,NA,021,001,2024-02-12_13h25.45.601,PsychoPy Exp,2023.1.2,60.002328094086906
BeliefY,ExpTrialStim/Triangle_Triangle_NB_1.png,Adam THINKS there are ZERO cubes,h,b,TB-K,2,0,2,2,0,2,0,0,0,0,NB,-,TA1: TB2,TY: TO,0,323,323,114,NA,NA,NA,NA,NA,1473.2314913000446,0.00229260005289688,1473.9648412000388,1474.0649121000315,0.8296038000262342,1475.9982445000203,1476.3981058000354,1476.5003015000257,1476.5003015000257,h,1,1.1604140999843366,1477.6815371999985,1477.6815371999985,1477.6815371999985,1477.6815371999985,NA,NA,NA,NA,NA,NA,021,001,2024-02-12_13h25.45.601,PsychoPy Exp,2023.1.2,60.002328094086906
NA,NA,NA,NA,NA,NA,NA,NA,NA,NA,NA,NA,NA,NA,NA,NA,NA,NA,NA,NA,NA,NA,NA,NA,NA,NA,NA,NA,NA,NA,NA,NA,NA,NA,NA,NA,NA,NA,NA,NA,NA,NA,NA,NA,NA,NA,NA,1477.6815371999985,1478.681646900019,space,0.8110911999829113,021,001,2024-02-12_13h25.45.601,PsychoPy Exp,2023.1.2,60.002328094086906
