Condition,Stimulus,Statement,CorAnsOdd,CorAnsEven,TypeOfStimuli,TotalShapesOnTable,TotalcubesOnTable,TotalOtherOnTable,VisibleShapes,Visiblecubes,VisibleOther,NotVisibleShapes,NotVisiblecubes,NotVisibleOther,NumOfBlocksAsked,BarrierPresent,WhyNo,Position,Colour,ExpTrial.thisRepN,ExpTrial.thisTrialN,ExpTrial.thisN,ExpTrial.thisIndex,ExpIntroText.started,ExpIntroPressSPACEText.started,ExpIntroPressSPACE.started,ExpIntroPressSPACE.keys,ExpIntroPressSPACE.rt,ExpPrimerText.started,ExpTextISI.started,ExpPrimerText.stopped,ExpText.started,ExpImageISI.started,ExpImagePrimer.started,ExpImagePrimer.stopped,ExpImage.started,ExpResponse.started,ExpResponse.keys,ExpResponse.corr,ExpResponse.rt,BreakTextPrompt.started,BreakTextPrompt.stopped,BreakTextKeyResponse.started,BreakTextKeyResponse.stopped,BreakTextKeyResponse.keys,BreakTextKeyResponse.rt,ExpEndText.started,ExpEndPressSPACE.started,ExpEndPressSPACE.keys,ExpEndPressSPACE.rt,participant,session,date,expName,psychopyVersion,frameRate
NA,NA,NA,NA,NA,NA,NA,NA,NA,NA,NA,NA,NA,NA,NA,NA,NA,NA,NA,NA,NA,NA,NA,NA,14.09627099998761,16.071431499905884,16.071431499905884,space,23.94488240010105,NA,NA,NA,NA,NA,NA,NA,NA,NA,NA,NA,NA,NA,NA,NA,NA,NA,NA,NA,NA,NA,NA,032,001,2024-02-15_14h43.25.566,PsychoPy Exp,2023.1.2,60.023433186994815
RealityN,ExpTrialStim/Triangle_Triangle_B_1.png,"In REALITY, there is ONE cube",b,h,TB-K-B,2,0,2,2,0,2,0,0,0,1,B,PropFalse,TA1: TB2,TY: TO,0,0,0,80,NA,NA,NA,NA,NA,40.18789369997103,0.16174680006224662,40.937363200006075,41.03722719999496,0.9984725000103936,42.970811899984255,43.370708099915646,43.49731729994528,43.49731729994528,h,1,2.4546574000269175,45.970590799930505,45.970590799930505,45.970590799930505,45.970590799930505,NA,NA,NA,NA,NA,NA,032,001,2024-02-15_14h43.25.566,PsychoPy Exp,2023.1.2,60.023433186994815
KnowledgeN,ExpTrialStim/Triangle_B_Square_2.png,Adam KNOWS there are ZERO cubes,b,h,FB-Ig,2,1,1,1,0,1,1,1,0,0,B,PropFalse,SC3: TB3,SP: TY,0,1,1,321,NA,NA,NA,NA,NA,45.970590799930505,9.2099991161376e-4,46.70381039998029,46.804128899937496,0.8299325999105349,48.73745139990933,49.137374999932945,49.239442999940366,49.239442999940366,h,1,2.512771899928339,51.770748600014485,51.770748600014485,51.770748600014485,51.770748600014485,NA,NA,NA,NA,NA,NA,032,001,2024-02-15_14h43.25.566,PsychoPy Exp,2023.1.2,60.023433186994815
BeliefY,ExpTrialStim/Triangle_B_Square_3.png,Adam THINKS there are ZERO cubes,h,b,FB-Ig,2,1,1,1,0,1,1,1,0,0,B,-,SD1: TA2,SG: TR,0,2,2,160,NA,NA,NA,NA,NA,51.770748600014485,0.00198980001732707,52.503969899960794,52.60411720001139,0.8293402000563219,54.53741739992984,54.93746289995033,55.03950409998651,55.03950409998651,b,1,1.4726746000815183,56.537211299990304,56.537211299990304,56.537211299990304,56.537211299990304,NA,NA,NA,NA,NA,NA,032,001,2024-02-15_14h43.25.566,PsychoPy Exp,2023.1.2,60.023433186994815
KnowledgeY,ExpTrialStim/Square_Triangle_B_3.png,Adam KNOWS there is ONE cube,h,b,FB-Ig,2,1,1,2,1,1,0,0,0,1,B,-,SA3: TB1,SP: TY,0,3,3,260,NA,NA,NA,NA,NA,56.537211299990304,0.00170450005680322,57.270645699929446,57.37062770000193,0.8295349000254646,59.30410059995483,59.704064399935305,59.80607459996827,59.80607459996827,b,1,3.1781459999037907,63.00406339997426,63.00406339997426,63.00406339997426,63.00406339997426,NA,NA,NA,NA,NA,NA,032,001,2024-02-15_14h43.25.566,PsychoPy Exp,2023.1.2,60.023433186994815
RealityN,ExpTrialStim/Square_B_Square_8.png,"In REALITY, there is ONE cube",b,h,FB-Ig,2,2,0,1,1,0,1,1,0,1,B,PropFalse,SA1: SD2,SP: SG,0,4,4,103,NA,NA,NA,NA,NA,63.00406339997426,0.00171790004242211,63.73713489994407,63.83739739994053,0.8296020000707358,65.7707197999116,66.17079539992847,66.27277599996887,66.27277599996887,h,1,1.855370600009337,68.15416579996236,68.15416579996236,68.15416579996236,68.15416579996236,NA,NA,NA,NA,NA,NA,032,001,2024-02-15_14h43.25.566,PsychoPy Exp,2023.1.2,60.023433186994815
KnowledgeY,ExpTrialStim/Square_Square_NB_2.png,Adam KNOWS there are TWO cubes,h,b,TB-K,2,2,0,2,2,0,0,0,0,2,NB,-,SA2: SB3,SB: SG,0,5,5,229,NA,NA,NA,NA,NA,68.15416579996236,0.00173420005012303,68.88727979990654,68.98725070001092,0.829564500018023,70.9207141000079,71.32055980002042,71.42283749999478,71.42283749999478,b,1,0.8500205000163987,72.30398869991768,72.30398869991768,72.30398869991768,72.30398869991768,NA,NA,NA,NA,NA,NA,032,001,2024-02-15_14h43.25.566,PsychoPy Exp,2023.1.2,60.023433186994815
KnowledgeN,ExpTrialStim/Square_B_Square_6.png,Adam KNOWS there are TWO cubes,b,h,FB-Ig,2,2,0,1,1,0,1,1,0,2,B,PropTrueNoKnowledge,SB3: SC1,SP: SG,0,6,6,317,NA,NA,NA,NA,NA,72.30398869991768,0.00173059990629553,73.03726229991298,73.13736890000291,0.8294000999303535,75.07071999995969,75.4705954999663,75.57289880001917,75.57289880001917,h,1,6.61124750005547,82.2039841999067,82.2039841999067,82.2039841999067,82.2039841999067,NA,NA,NA,NA,NA,NA,032,001,2024-02-15_14h43.25.566,PsychoPy Exp,2023.1.2,60.023433186994815
RealityY,ExpTrialStim/Triangle_Triangle_B_2.png,"In REALITY, there are ZERO cubes",h,b,TB-K-B,2,0,2,2,0,2,0,0,0,0,B,-,TA2: TB3,TO: TR,0,7,7,27,NA,NA,NA,NA,NA,82.2039841999067,0.00168979994487017,82.9371955000097,83.0372439000057,0.8295245999470353,84.97073860000819,85.37052759993821,85.47275409998838,85.47275409998838,b,1,1.0233845000620931,86.52038309990894,86.52038309990894,86.52038309990894,86.52038309990894,NA,NA,NA,NA,NA,NA,032,001,2024-02-15_14h43.25.566,PsychoPy Exp,2023.1.2,60.023433186994815
BeliefN,ExpTrialStim/Square_B_Square_2.png,Adam THINKS there are ZERO cubes,b,h,FB-Ig,2,2,0,1,1,0,1,1,0,0,B,PropFalse,SA2: SC3,SB: SP,0,8,8,205,NA,NA,NA,NA,NA,86.52038309990894,0.00171420001424849,87.25394690001849,87.35400269995444,0.8295521999243647,89.28725099994335,89.687320399913,89.78939479996916,89.78939479996916,h,1,1.5623930000001565,91.37039039994124,91.37039039994124,91.37039039994124,91.37039039994124,NA,NA,NA,NA,NA,NA,032,001,2024-02-15_14h43.25.566,PsychoPy Exp,2023.1.2,60.023433186994815
KnowledgeY,ExpTrialStim/Triangle_Triangle_NB_2.png,Adam KNOWS there are ZERO cubes,h,b,TB-K,2,0,2,2,0,2,0,0,0,0,NB,-,TA2: TB3,TO: TR,0,9,9,223,NA,NA,NA,NA,NA,91.37039039994124,6.0590007342398e-4,92.10385189997032,92.20383599994238,0.8311622999608517,94.15399839996826,94.5539826999884,94.656002099975,94.656002099975,b,1,1.7197410999797285,96.4036766999634,96.4036766999634,96.4036766999634,96.4036766999634,NA,NA,NA,NA,NA,NA,032,001,2024-02-15_14h43.25.566,PsychoPy Exp,2023.1.2,60.023433186994815
BeliefY,ExpTrialStim/Square_B_Triangle_1.png,Adam THINKS there is ONE cube,h,b,TB-Ig,2,1,1,1,1,0,1,0,1,1,B,-,SB1: TD3,SB: TO,0,10,10,132,NA,NA,NA,NA,NA,96.4036766999634,4.1259999852627e-4,97.1371634999523,97.23732329998164,0.8311476000817493,99.17062160000204,99.57033969997428,99.67272999999112,99.67272999999112,b,1,2.6478513000765815,102.33693539991508,102.33693539991508,102.33693539991508,102.33693539991508,NA,NA,NA,NA,NA,NA,032,001,2024-02-15_14h43.25.566,PsychoPy Exp,2023.1.2,60.023433186994815
RealityN,ExpTrialStim/Square_Square_NB_3.png,"In REALITY, there are ZERO cubes",b,h,TB-K,2,2,0,2,2,0,0,0,0,0,NB,PropFalse,SA3: SB1,SG: SP,0,11,11,68,NA,NA,NA,NA,NA,102.33693539991508,6.4300000667572e-4,103.07050579995848,103.17060870002024,0.830715199932456,105.1039680999238,105.50381969998124,105.6060937999282,105.6060937999282,h,1,1.1305171999847516,106.75394009996673,106.75394009996673,106.75394009996673,106.75394009996673,NA,NA,NA,NA,NA,NA,032,001,2024-02-15_14h43.25.566,PsychoPy Exp,2023.1.2,60.023433186994815
KnowledgeY,ExpTrialStim/Triangle_NB_1.png,Adam KNOWS there are ZERO cubes,h,b,TB-K,1,0,1,1,0,1,0,0,0,0,NB,-,TA1,TO,0,12,12,216,NA,NA,NA,NA,NA,106.75394009996673,0.00171069998759776,107.4871942999307,107.5873142000055,0.8293876999523491,109.52061239990871,109.92059320001864,110.02270520001184,110.02270520001184,b,1,3.0654668000061065,113.10379359999206,113.10379359999206,113.10379359999206,113.10379359999206,NA,NA,NA,NA,NA,NA,032,001,2024-02-15_14h43.25.566,PsychoPy Exp,2023.1.2,60.023433186994815
RealityY,ExpTrialStim/Triangle_Triangle_NB_1.png,"In REALITY, there are ZERO cubes",h,b,TB-K,2,0,2,2,0,2,0,0,0,0,NB,-,TA1: TB2,TY: TO,0,13,13,6,NA,NA,NA,NA,NA,113.10379359999206,6.3130003400146e-4,113.8371023000218,113.93711729999632,0.8310223000589758,115.87056810001376,116.2705986999208,116.37277279992122,116.37277279992122,b,1,1.1312793999677524,117.52040529996157,117.52040529996157,117.52040529996157,117.52040529996157,NA,NA,NA,NA,NA,NA,032,001,2024-02-15_14h43.25.566,PsychoPy Exp,2023.1.2,60.023433186994815
BeliefY,ExpTrialStim/Square_Triangle_NB_2.png,Adam THINKS there is ONE cube,h,b,TB-K,2,1,1,2,1,1,0,0,0,1,NB,-,SB1: TB3,SB: TO,0,14,14,118,NA,NA,NA,NA,NA,117.52040529996157,4.7309999354183e-4,118.25378329993691,118.35376279999036,0.8312935999128968,120.2872684999602,120.68709669995587,120.7894462000113,120.7894462000113,b,1,1.322629800066352,122.1372168000089,122.1372168000089,122.1372168000089,122.1372168000089,NA,NA,NA,NA,NA,NA,032,001,2024-02-15_14h43.25.566,PsychoPy Exp,2023.1.2,60.023433186994815
BeliefY,ExpTrialStim/Square_NB_2.png,Adam THINKS there is ONE cube,h,b,TB-K,1,1,0,1,1,0,0,0,0,1,NB,-,SA3,SP,0,15,15,112,NA,NA,NA,NA,NA,122.1372168000089,0.00173050002194941,122.87040459993295,122.97044219996314,0.8293788000009954,124.90388689993416,125.30387940001674,125.40591319999658,125.40591319999658,b,1,0.8581579000456259,126.28698729991449,126.28698729991449,126.28698729991449,126.28698729991449,NA,NA,NA,NA,NA,NA,032,001,2024-02-15_14h43.25.566,PsychoPy Exp,2023.1.2,60.023433186994815
RealityN,ExpTrialStim/Square_B_Triangle_2.png,"In REALITY, there are TWO cubes",b,h,TB-Ig,2,1,1,1,1,0,1,0,1,2,B,PropFalse,SD3: TD2,SP: TY,0,16,16,79,NA,NA,NA,NA,NA,126.28698729991449,0.00174789992161095,127.0204452999169,127.12045269994996,0.8293940000003204,129.0537614999339,129.45377069991082,129.55593309993856,129.55593309993856,h,1,3.2917490999680012,132.87025809998158,132.87025809998158,132.87025809998158,132.87025809998158,NA,NA,NA,NA,NA,NA,032,001,2024-02-15_14h43.25.566,PsychoPy Exp,2023.1.2,60.023433186994815
BeliefY,ExpTrialStim/Square_B_Square_6.png,Adam THINKS there is ONE cube,h,b,FB-Ig,2,2,0,1,1,0,1,1,0,1,B,-,SB3: SC1,SP: SG,0,17,17,155,NA,NA,NA,NA,NA,132.87025809998158,4.1820004116743e-4,133.60375020001084,133.70363679993898,0.8312838999554515,135.63707219995558,136.03707570000552,136.13932479999494,136.13932479999494,b,1,1.7808705000206828,137.93708249996416,137.93708249996416,137.93708249996416,137.93708249996416,NA,NA,NA,NA,NA,NA,032,001,2024-02-15_14h43.25.566,PsychoPy Exp,2023.1.2,60.023433186994815
KnowledgeY,ExpTrialStim/Square_Triangle_NB_1.png,Adam KNOWS there is ONE cube,h,b,TB-K,2,1,1,2,1,1,0,0,0,1,NB,-,SA2: TB1,SG: TR,0,18,18,225,NA,NA,NA,NA,NA,137.93708249996416,7.8810006380081e-4,138.67040810000617,138.77034319995437,0.8304736000718549,140.70386969996616,141.10376239998732,141.20606339990627,141.20606339990627,b,1,1.2576036000391468,142.48701829998754,142.48701829998754,142.48701829998754,142.48701829998754,NA,NA,NA,NA,NA,NA,032,001,2024-02-15_14h43.25.566,PsychoPy Exp,2023.1.2,60.023433186994815
BeliefY,ExpTrialStim/Square_Triangle_NB_3.png,Adam THINKS there is ONE cube,h,b,TB-K,2,1,1,2,1,1,0,0,0,1,NB,-,SB3: TA2,SP: TY,0,19,19,119,NA,NA,NA,NA,NA,142.48701829998754,6.8299996200948e-4,143.2210479999194,143.3203403999796,0.8310397999593988,145.253940399969,145.68292679998558,145.7725735999411,145.7725735999411,b,1,1.9390794999198988,147.73700859991368,147.73700859991368,147.73700859991368,147.73700859991368,NA,NA,NA,NA,NA,NA,032,001,2024-02-15_14h43.25.566,PsychoPy Exp,2023.1.2,60.023433186994815
BeliefY,ExpTrialStim/Square_B_Square_5.png,Adam THINKS there is ONE cube,h,b,FB-Ig,2,2,0,1,1,0,1,1,0,1,B,-,SB2: SD3,SB: SG,0,20,20,154,NA,NA,NA,NA,NA,147.73700859991368,7.9089996870607e-4,148.47037819994148,148.57046059996355,0.8307419000193477,150.50384369993117,150.90354209998625,151.00588119996246,151.00588119996246,b,1,1.2257806999841705,152.25370180001482,152.25370180001482,152.25370180001482,152.25370180001482,NA,NA,NA,NA,NA,NA,032,001,2024-02-15_14h43.25.566,PsychoPy Exp,2023.1.2,60.023433186994815
RealityY,ExpTrialStim/Square_B_1.png,"In REALITY, there is ONE cube",h,b,TB-Ig,1,1,0,1,1,0,0,0,0,1,B,-,SA2,SG,0,21,21,20,NA,NA,NA,NA,NA,152.25370180001482,7.93999992311e-4,152.98702010000125,153.08713359991089,0.8307862000074238,155.02042730001267,155.42045390000567,155.52254139992874,155.52254139992874,b,1,1.7818366000428796,157.32041839999147,157.32041839999147,157.32041839999147,157.32041839999147,NA,NA,NA,NA,NA,NA,032,001,2024-02-15_14h43.25.566,PsychoPy Exp,2023.1.2,60.023433186994815
RealityY,ExpTrialStim/Square_Triangle_NB_2.png,"In REALITY, there is ONE cube",h,b,TB-K,2,1,1,2,1,1,0,0,0,1,NB,-,SB1: TB3,SB: TO,0,22,22,10,NA,NA,NA,NA,NA,157.32041839999147,0.00171019998379051,158.05367419996765,158.15383109997492,0.8294205999700353,160.08705649990588,160.48696909996215,160.58924309990834,160.58924309990834,b,1,1.08271790004801,161.7035392000107,161.7035392000107,161.7035392000107,161.7035392000107,NA,NA,NA,NA,NA,NA,032,001,2024-02-15_14h43.25.566,PsychoPy Exp,2023.1.2,60.023433186994815
KnowledgeN,ExpTrialStim/Square_Square_NB_1.png,Adam KNOWS there are ZERO cubes,b,h,TB-K,2,2,0,2,2,0,0,0,0,0,NB,PropFalse,SA1: SB2,SP: SB,0,23,23,282,NA,NA,NA,NA,NA,161.7035392000107,4.5239995233714e-4,162.43704350001644,162.53713149996474,0.8312914000125602,164.47035249997862,164.8701788999606,164.9727195999585,164.9727195999585,h,1,2.0512625999981537,167.05372429999989,167.05372429999989,167.05372429999989,167.05372429999989,NA,NA,NA,NA,NA,NA,032,001,2024-02-15_14h43.25.566,PsychoPy Exp,2023.1.2,60.023433186994815
RealityY,ExpTrialStim/Square_B_Square_7.png,"In REALITY, there are TWO cubes",h,b,FB-Ig,2,2,0,1,1,0,1,1,0,2,B,-,SA3: SC2,SG: SP,0,24,24,48,NA,NA,NA,NA,NA,167.05372429999989,0.00170259992592036,167.78695729991887,167.88706729991827,0.8295265999622643,169.82045200001448,170.22039949998725,170.3224872999126,170.3224872999126,b,1,2.86142580001615,173.2038027999224,173.2038027999224,173.2038027999224,173.2038027999224,NA,NA,NA,NA,NA,NA,032,001,2024-02-15_14h43.25.566,PsychoPy Exp,2023.1.2,60.023433186994815
RealityY,ExpTrialStim/Triangle_Triangle_B_4.png,"In REALITY, there are ZERO cubes",h,b,TB-K-B,2,0,2,2,0,2,0,0,0,0,B,-,TA2: TB1,TY: TR,0,25,25,29,NA,NA,NA,NA,NA,173.2038027999224,0.00173399993218481,173.93686859996524,174.03691889997572,0.8295780000044033,175.97040769993328,176.37039639998693,176.47250239993446,176.47250239993446,h,0,1.0157379999291152,177.50369009992573,177.50369009992573,177.50369009992573,177.50369009992573,NA,NA,NA,NA,NA,NA,032,001,2024-02-15_14h43.25.566,PsychoPy Exp,2023.1.2,60.023433186994815
RealityY,ExpTrialStim/Triangle_B_Square_4.png,"In REALITY, there is ONE cube",h,b,FB-Ig,2,1,1,1,0,1,1,1,0,1,B,-,SD3: TB1,SB: TO,0,26,26,53,NA,NA,NA,NA,NA,177.50369009992573,0.00170529994647949,178.23705749993678,178.33709679997992,0.8295547999441624,180.2704062999692,180.67038089991547,180.77257679996544,180.77257679996544,b,1,1.883279199944809,182.68705399998,182.68705399998,182.68705399998,182.68705399998,NA,NA,NA,NA,NA,NA,032,001,2024-02-15_14h43.25.566,PsychoPy Exp,2023.1.2,60.023433186994815
KnowledgeN,ExpTrialStim/Square_Triangle_B_11.png,Adam KNOWS there are TWO cubes,b,h,TB-K-B,2,1,1,2,1,1,0,0,0,2,B,PropFalse,SB2: TA3,SG: TR,0,27,27,306,NA,NA,NA,NA,NA,182.68705399998,0.00170530006289482,183.42026279994752,183.5203814000124,0.8295809000264853,185.453740799916,185.85373899992555,185.95568040001672,185.95568040001672,h,1,1.7321787000400946,187.7034487000201,187.7034487000201,187.7034487000201,187.7034487000201,NA,NA,NA,NA,NA,NA,032,001,2024-02-15_14h43.25.566,PsychoPy Exp,2023.1.2,60.023433186994815
RealityY,ExpTrialStim/Triangle_Triangle_NB_2.png,"In REALITY, there are ZERO cubes",h,b,TB-K,2,0,2,2,0,2,0,0,0,0,NB,-,TA2: TB3,TO: TR,0,28,28,7,NA,NA,NA,NA,NA,187.7034487000201,4.1850004345178e-4,188.4369069999084,188.5369602999417,0.8311287000542507,190.47035439999308,190.87028849998023,190.97241159994155,190.97241159994155,b,1,2.139092899975367,193.13669790001583,193.13669790001583,193.13669790001583,193.13669790001583,NA,NA,NA,NA,NA,NA,032,001,2024-02-15_14h43.25.566,PsychoPy Exp,2023.1.2,60.023433186994815
BeliefY,ExpTrialStim/Square_Square_NB_1.png,Adam THINKS there are TWO cubes,h,b,TB-K,2,2,0,2,2,0,0,0,0,2,NB,-,SA1: SB2,SP: SB,0,29,29,120,NA,NA,NA,NA,NA,193.13669790001583,3.957999870181e-4,193.87024009996097,193.97035680001136,0.8313613999634981,195.9036158999661,196.3036667999113,196.40577880002093,196.40577880002093,b,1,1.1147285000188276,197.53687949990857,197.53687949990857,197.53687949990857,197.53687949990857,NA,NA,NA,NA,NA,NA,032,001,2024-02-15_14h43.25.566,PsychoPy Exp,2023.1.2,60.023433186994815
BeliefY,ExpTrialStim/Square_Square_B_7.png,Adam THINKS there are TWO cubes,h,b,TB-K-B,2,2,0,2,2,0,0,0,0,2,B,-,SA1: SB2,SG: SP,0,30,30,140,NA,NA,NA,NA,NA,197.53687949990857,0.00172960001509636,198.27019209996797,198.3703372000018,0.8294712000060827,200.3035640999442,200.70370439998808,200.8057627999224,200.8057627999224,b,1,1.9379866999806836,202.77020709996577,202.77020709996577,202.77020709996577,202.77020709996577,NA,NA,NA,NA,NA,NA,032,001,2024-02-15_14h43.25.566,PsychoPy Exp,2023.1.2,60.023433186994815
RealityY,ExpTrialStim/Square_B_Square_1.png,"In REALITY, there are TWO cubes",h,b,FB-Ig,2,2,0,1,1,0,1,1,0,2,B,-,SA1: SC2,SG: SB,0,31,31,42,NA,NA,NA,NA,NA,202.77020709996577,0.00153939996380358,203.5034122999059,203.60351629997604,0.8298279999289662,205.53700909996405,205.93702949990984,206.03902889997696,206.03902889997696,b,1,0.8087797000771388,206.87027319998015,206.87027319998015,206.87027319998015,206.87027319998015,NA,NA,NA,NA,NA,NA,032,001,2024-02-15_14h43.25.566,PsychoPy Exp,2023.1.2,60.023433186994815
KnowledgeN,ExpTrialStim/Triangle_Triangle_NB_1.png,Adam KNOWS there is ONE cube,b,h,TB-K,2,0,2,2,0,2,0,0,0,1,NB,PropFalse,TA1: TB2,TY: TO,0,32,32,276,NA,NA,NA,NA,NA,206.87027319998015,0.00172240007668733,207.6033308999613,207.70364520000297,0.8295327000087127,209.63698609999847,210.03694239992183,210.13905979995616,210.13905979995616,h,1,1.6047551999799907,211.770291899913,211.770291899913,211.770291899913,211.770291899913,NA,NA,NA,NA,NA,NA,032,001,2024-02-15_14h43.25.566,PsychoPy Exp,2023.1.2,60.023433186994815
KnowledgeY,ExpTrialStim/Square_Triangle_B_5.png,Adam KNOWS there is ONE cube,h,b,FB-Ig,2,1,1,2,1,1,0,0,0,1,B,-,SB2: TA1,SG: TR,0,33,33,262,NA,NA,NA,NA,NA,211.770291899913,0.00172420009039342,212.50351439998485,212.6034105999861,0.8295064000412822,214.5369659999851,214.93679099995643,215.03900749993045,215.03900749993045,b,1,1.3847506999736652,216.45357100002,216.45357100002,216.45357100002,216.45357100002,NA,NA,NA,NA,NA,NA,032,001,2024-02-15_14h43.25.566,PsychoPy Exp,2023.1.2,60.023433186994815
BeliefN,ExpTrialStim/Square_Square_B_6.png,Adam THINKS there are ZERO cubes,b,h,TB-K-B,2,2,0,2,2,0,0,0,0,0,B,PropFalse,SA1: SB3,SB: SG,0,34,34,193,NA,NA,NA,NA,NA,216.45357100002,0.00171370001044124,217.18682619999163,217.28696349996608,0.8295560999540612,219.2203030999517,219.6201098000165,219.7223573999945,219.7223573999945,h,1,1.7500450999941677,221.50344759994184,221.50344759994184,221.50344759994184,221.50344759994184,NA,NA,NA,NA,NA,NA,032,001,2024-02-15_14h43.25.566,PsychoPy Exp,2023.1.2,60.023433186994815
BeliefN,ExpTrialStim/Triangle_B_Square_1.png,Adam THINKS there is ONE cube,b,h,FB-Ig,2,1,1,1,0,1,1,1,0,1,B,PropTrueNoBelief,SC1: TA1,SB: TO,0,35,35,212,NA,NA,NA,NA,NA,221.50344759994184,0.00171820004470646,222.2367865999695,222.3369467000011,0.8294799000723287,224.27026799996383,224.67030070000328,224.77227909991052,224.77227909991052,h,1,2.091183500015177,226.88639799994417,226.88639799994417,226.88639799994417,226.88639799994417,NA,NA,NA,NA,NA,NA,032,001,2024-02-15_14h43.25.566,PsychoPy Exp,2023.1.2,60.023433186994815
BeliefN,ExpTrialStim/Square_Square_NB_4.png,Adam THINKS there is ONE cube,b,h,TB-K,2,2,0,2,2,0,0,0,0,1,NB,PropFalse,SA2: SB1,SP: SG,0,36,36,177,NA,NA,NA,NA,NA,226.88639799994417,4.7339999582618e-4,227.62013189995196,227.7201875000028,0.8309936999576166,229.65356919995975,230.05348349991257,230.15561519993935,230.15561519993935,h,1,2.348470199969597,232.52010660001545,232.52010660001545,232.52010660001545,232.52010660001545,NA,NA,NA,NA,NA,NA,032,001,2024-02-15_14h43.25.566,PsychoPy Exp,2023.1.2,60.023433186994815
RealityY,ExpTrialStim/Square_B_Square_4.png,"In REALITY, there are TWO cubes",h,b,FB-Ig,2,2,0,1,1,0,1,1,0,2,B,-,SB1: SD2,SG: SP,0,37,37,45,NA,NA,NA,NA,NA,232.52010660001545,0.00174929993227124,233.2534642999526,233.35346419992857,0.8294199999654666,235.28693820000623,235.68690989993047,235.7896551999729,235.7896551999729,b,1,1.8659163999836892,237.68664379999973,237.68664379999973,237.68664379999973,237.68664379999973,NA,NA,NA,NA,NA,NA,032,001,2024-02-15_14h43.25.566,PsychoPy Exp,2023.1.2,60.023433186994815
KnowledgeN,ExpTrialStim/Square_NB_1.png,Adam KNOWS there are ZERO cubes,b,h,TB-K,1,1,0,1,1,0,0,0,0,0,NB,PropFalse,SA1,SB,0,38,38,273,NA,NA,NA,NA,NA,237.68664379999973,0.00179440004285424,238.42011960002128,238.52023689995983,0.8295436999760568,240.4535856000148,240.85354649997316,240.95566889992915,240.95566889992915,h,1,1.4117183999624103,242.3867123000091,242.3867123000091,242.3867123000091,242.3867123000091,NA,NA,NA,NA,NA,NA,032,001,2024-02-15_14h43.25.566,PsychoPy Exp,2023.1.2,60.023433186994815
KnowledgeY,ExpTrialStim/Square_Triangle_B_8.png,Adam KNOWS there is ONE cube,h,b,FB-Ig,2,1,1,2,1,1,0,0,0,1,B,-,SA2: TB1,SP: TY,0,39,39,265,NA,NA,NA,NA,NA,242.3867123000091,6.4069998916238e-4,243.11996859998908,243.2200293999631,0.8309797999681905,245.15340929990631,245.5535383999813,245.65561959997285,245.65561959997285,h,0,1.2167430000845345,246.90331339999105,246.90331339999105,246.90331339999105,246.90331339999105,NA,NA,NA,NA,NA,NA,032,001,2024-02-15_14h43.25.566,PsychoPy Exp,2023.1.2,60.023433186994815
RealityN,ExpTrialStim/Square_B_1.png,"In REALITY, there are ZERO cubes",b,h,TB-Ig,1,1,0,1,1,0,0,0,0,0,B,PropFalse,SA2,SG,0,40,40,74,NA,NA,NA,NA,NA,246.90331339999105,4.1430001147091e-4,247.6367453999119,247.73684489994776,0.8312945000361651,249.6702046999708,250.07004709995817,250.17235589993652,250.17235589993652,h,1,2.5637945999624208,252.75339490000624,252.75339490000624,252.75339490000624,252.75339490000624,NA,NA,NA,NA,NA,NA,032,001,2024-02-15_14h43.25.566,PsychoPy Exp,2023.1.2,60.023433186994815
RealityY,ExpTrialStim/Triangle_B_Square_3.png,"In REALITY, there is ONE cube",h,b,FB-Ig,2,1,1,1,0,1,1,1,0,1,B,-,SD1: TA2,SG: TR,0,41,41,52,NA,NA,NA,NA,NA,252.75339490000624,6.9420004729181e-4,253.48677720001433,253.5868723000167,0.8307728000218049,255.52016580000057,255.92004819994327,256.0222824999364,256.0222824999364,b,1,1.793302199919708,257.83670220000204,257.83670220000204,257.83670220000204,257.83670220000204,NA,NA,NA,NA,NA,NA,032,001,2024-02-15_14h43.25.566,PsychoPy Exp,2023.1.2,60.023433186994815
KnowledgeN,ExpTrialStim/Square_B_Square_8.png,Adam KNOWS there are TWO cubes,b,h,FB-Ig,2,2,0,1,1,0,1,1,0,2,B,PropTrueNoKnowledge,SA1: SD2,SP: SG,0,42,42,319,NA,NA,NA,NA,NA,257.83670220000204,0.00153040001168847,258.5700594999362,258.67016049998347,0.8298854000167921,260.6035829000175,261.00349659996573,261.10547589999624,261.10547589999624,h,1,2.086247400031425,263.21992760000285,263.21992760000285,263.21992760000285,263.21992760000285,NA,NA,NA,NA,NA,NA,032,001,2024-02-15_14h43.25.566,PsychoPy Exp,2023.1.2,60.023433186994815
KnowledgeY,ExpTrialStim/Triangle_Triangle_B_12.png,Adam KNOWS there are ZERO cubes,h,b,TB-K-B,2,0,2,2,0,2,0,0,0,0,B,-,TA1: TB3,TY: TR,0,43,43,245,NA,NA,NA,NA,NA,263.21992760000285,0.00190120004117488,263.9533647999633,264.0534813000122,0.8294331000652164,265.98682759993244,266.3868245999329,266.4890304999426,266.4890304999426,b,1,1.230812399997376,267.7366263999138,267.7366263999138,267.7366263999138,267.7366263999138,NA,NA,NA,NA,NA,NA,032,001,2024-02-15_14h43.25.566,PsychoPy Exp,2023.1.2,60.023433186994815
BeliefN,ExpTrialStim/Triangle_Triangle_NB_3.png,Adam THINKS there are TWO cubes,b,h,TB-K,2,0,2,2,0,2,0,0,0,2,NB,PropFalse,TA3: TB1,TR: TY,0,44,44,170,NA,NA,NA,NA,NA,267.7366263999138,4.2639998719096e-4,268.4700199000072,268.5701206999365,0.8312581999925897,270.5033620999893,270.9035014999099,271.0056257999968,271.0056257999968,h,1,1.305715800030157,272.33666749997064,272.33666749997064,272.33666749997064,272.33666749997064,NA,NA,NA,NA,NA,NA,032,001,2024-02-15_14h43.25.566,PsychoPy Exp,2023.1.2,60.023433186994815
BeliefY,ExpTrialStim/Square_B_Square_4.png,Adam THINKS there is ONE cube,h,b,FB-Ig,2,2,0,1,1,0,1,1,0,1,B,-,SB1: SD2,SG: SP,0,45,45,153,NA,NA,NA,NA,NA,272.33666749997064,0.00128760002553462,273.0700736999279,273.1698780999286,0.8303344999440014,275.1034537999658,275.5034216999775,275.6055542000104,275.6055542000104,b,1,1.90616570005659,277.53676639997866,277.53676639997866,277.53676639997866,277.53676639997866,NA,NA,NA,NA,NA,NA,032,001,2024-02-15_14h43.25.566,PsychoPy Exp,2023.1.2,60.023433186994815
KnowledgeY,ExpTrialStim/Square_Triangle_B_11.png,Adam KNOWS there is ONE cube,h,b,FB-Ig,2,1,1,2,1,1,0,0,0,1,B,-,SB2: TA3,SG: TR,0,46,46,268,NA,NA,NA,NA,NA,277.53676639997866,0.00191089999862015,278.26997839997057,278.37014359992463,0.8294179999502376,280.3033570999978,280.70313209993765,280.80576519994065,280.80576519994065,b,1,1.873483399976976,282.7032136999769,282.7032136999769,282.7032136999769,282.7032136999769,NA,NA,NA,NA,NA,NA,032,001,2024-02-15_14h43.25.566,PsychoPy Exp,2023.1.2,60.023433186994815
BeliefN,ExpTrialStim/B_Square_4.png,Adam THINKS there are TWO cubes,b,h,FB-Ig,1,1,0,0,0,0,1,1,0,2,B,PropFalse,SD2,SB,0,47,47,203,NA,NA,NA,NA,NA,282.7032136999769,5.1520008128136e-4,283.4367429999402,283.53678199998103,0.8312487000366673,285.4700948999962,285.8699798999587,285.9721333999187,285.9721333999187,b,0,12.948031799984165,298.93671049992554,298.93671049992554,298.93671049992554,298.93671049992554,NA,NA,NA,NA,NA,NA,032,001,2024-02-15_14h43.25.566,PsychoPy Exp,2023.1.2,60.023433186994815
RealityY,ExpTrialStim/B_Square_2.png,"In REALITY, there is ONE cube",h,b,FB-Ig,1,1,0,0,0,0,1,1,0,1,B,-,SC3,SG,0,48,48,39,NA,NA,NA,NA,NA,298.93671049992554,0.00197740003932267,299.66989979997743,299.77003199991304,0.8294122000224888,301.70315620000474,302.103359599947,302.2055049999617,302.2055049999617,b,1,1.530634899972938,303.7533637000015,303.7533637000015,303.7533637000015,303.7533637000015,NA,NA,NA,NA,NA,NA,032,001,2024-02-15_14h43.25.566,PsychoPy Exp,2023.1.2,60.023433186994815
BeliefN,ExpTrialStim/Square_B_Square_8.png,Adam THINKS there are TWO cubes,b,h,FB-Ig,2,2,0,1,1,0,1,1,0,2,B,PropTrueNoBelief,SA1: SD2,SP: SG,0,49,49,211,NA,NA,NA,NA,NA,303.7533637000015,0.00194990006275475,304.48657529999036,304.58670829993207,0.8293748999712989,306.51985839998815,306.92003919999115,307.02220120001584,307.02220120001584,h,1,6.097694399999455,313.1365504999412,313.1365504999412,313.1365504999412,313.1365504999412,NA,NA,NA,NA,NA,NA,032,001,2024-02-15_14h43.25.566,PsychoPy Exp,2023.1.2,60.023433186994815
BeliefY,ExpTrialStim/Square_Square_NB_4.png,Adam THINKS there are TWO cubes,h,b,TB-K,2,2,0,2,2,0,0,0,0,2,NB,-,SA2: SB1,SP: SG,0,50,50,123,NA,NA,NA,NA,NA,313.1365504999412,0.00130470003932714,313.86991299991496,313.96994619991165,0.8302387000294402,315.9031777000055,316.30340410000645,316.4054437999148,316.4054437999148,b,1,1.9306417000479996,318.3531906999415,318.3531906999415,318.3531906999415,318.3531906999415,NA,NA,NA,NA,NA,NA,032,001,2024-02-15_14h43.25.566,PsychoPy Exp,2023.1.2,60.023433186994815
RealityY,ExpTrialStim/Triangle_NB_2.png,"In REALITY, there are ZERO cubes",h,b,TB-K,1,0,1,1,0,1,0,0,0,0,NB,-,TA3,TY,0,51,51,1,NA,NA,NA,NA,NA,318.3531906999415,0.00199130002874881,319.0865252999356,319.18661530001555,0.8294512999709696,321.13658149994444,321.53642459993716,321.63861589995213,321.63861589995213,b,1,3.328581799985841,324.9865117999725,324.9865117999725,324.9865117999725,324.9865117999725,NA,NA,NA,NA,NA,NA,032,001,2024-02-15_14h43.25.566,PsychoPy Exp,2023.1.2,60.023433186994815
BeliefY,ExpTrialStim/Square_B_Square_7.png,Adam THINKS there is ONE cube,h,b,FB-Ig,2,2,0,1,1,0,1,1,0,1,B,-,SA3: SC2,SG: SP,0,52,52,156,NA,NA,NA,NA,NA,324.9865117999725,8.1180001143366e-4,325.71987039991654,325.81995659996755,0.8309067999944091,327.75318609992974,328.1532298999373,328.2553887999384,328.2553887999384,h,0,3.1281136999605224,331.40314129996113,331.40314129996113,331.40314129996113,331.40314129996113,NA,NA,NA,NA,NA,NA,032,001,2024-02-15_14h43.25.566,PsychoPy Exp,2023.1.2,60.023433186994815
KnowledgeY,ExpTrialStim/Triangle_Triangle_NB_1.png,Adam KNOWS there are ZERO cubes,h,b,TB-K,2,0,2,2,0,2,0,0,0,0,NB,-,TA1: TB2,TY: TO,0,53,53,222,NA,NA,NA,NA,NA,331.40314129996113,0.00189259997569024,332.1365107999882,332.2366022999631,0.8295554000651464,334.16976550000254,334.5699651999166,334.6720542999683,334.6720542999683,b,1,1.4792953999713063,336.1698980999645,336.1698980999645,336.1698980999645,336.1698980999645,NA,NA,NA,NA,NA,NA,032,001,2024-02-15_14h43.25.566,PsychoPy Exp,2023.1.2,60.023433186994815
RealityN,ExpTrialStim/Square_Triangle_B_4.png,"In REALITY, there are TWO cubes",b,h,TB-K-B,2,1,1,2,1,1,0,0,0,2,B,PropFalse,SB1: TA3,SP: TY,0,54,54,91,NA,NA,NA,NA,NA,336.1698980999645,0.00183009996544569,336.9031413999619,337.00311910000164,0.8293611999833956,338.9365820999956,339.3364023999311,339.4385997999925,339.4385997999925,h,1,2.184857500018552,341.6532062999904,341.6532062999904,341.6532062999904,341.6532062999904,NA,NA,NA,NA,NA,NA,032,001,2024-02-15_14h43.25.566,PsychoPy Exp,2023.1.2,60.023433186994815
RealityN,ExpTrialStim/Triangle_B_Square_4.png,"In REALITY, there are TWO cubes",b,h,FB-Ig,2,1,1,1,0,1,1,1,0,2,B,PropFalse,SD3: TB1,SB: TO,0,55,55,107,NA,NA,NA,NA,NA,341.6532062999904,0.00170349993277341,342.38649689999875,342.48653729993384,0.829535000026226,344.41992509993725,344.81992429995444,344.9219915999565,344.9219915999565,h,1,2.269388800021261,347.21969399997033,347.21969399997033,347.21969399997033,347.21969399997033,NA,NA,NA,NA,NA,NA,032,001,2024-02-15_14h43.25.566,PsychoPy Exp,2023.1.2,60.023433186994815
RealityY,ExpTrialStim/Triangle_B_Triangle_2.png,"In REALITY, there are ZERO cubes",h,b,TB-Ig,2,0,2,1,0,1,1,0,1,0,B,-,TB1: TC2,TO: TY,0,56,56,23,NA,NA,NA,NA,NA,347.21969399997033,3.9419997483491e-4,347.9531334999483,348.0533047999488,0.8308420999674127,349.9866191999754,350.3865010999143,350.48868890001904,350.48868890001904,b,1,2.1906489999964833,352.70310339995194,352.70310339995194,352.70310339995194,352.70310339995194,NA,NA,NA,NA,NA,NA,032,001,2024-02-15_14h43.25.566,PsychoPy Exp,2023.1.2,60.023433186994815
KnowledgeN,ExpTrialStim/Triangle_B_Square_4.png,Adam KNOWS there is ONE cube,b,h,FB-Ig,2,1,1,1,0,1,1,1,0,1,B,PropTrueNoKnowledge,SD3: TB1,SB: TO,0,57,57,323,NA,NA,NA,NA,NA,352.70310339995194,0.00152269995305687,353.4364331999095,353.5364333000034,0.8298573000356555,355.4698967000004,355.8698495000135,355.97196399990935,355.97196399990935,h,1,3.755455999984406,359.75310610001907,359.75310610001907,359.75310610001907,359.75310610001907,NA,NA,NA,NA,NA,NA,032,001,2024-02-15_14h43.25.566,PsychoPy Exp,2023.1.2,60.023433186994815
RealityN,ExpTrialStim/Square_Triangle_NB_1.png,"In REALITY, there are ZERO cubes",b,h,TB-K,2,1,1,2,1,1,0,0,0,0,NB,PropFalse,SA2: TB1,SG: TR,0,58,58,63,NA,NA,NA,NA,NA,359.75310610001907,0.00169860001187771,360.4862668999704,360.5865406999365,0.8295944000128657,362.519767699996,362.9198358999565,363.022000500001,363.022000500001,h,1,1.505033600027673,364.5529653999256,364.5529653999256,364.5529653999256,364.5529653999256,NA,NA,NA,NA,NA,NA,032,001,2024-02-15_14h43.25.566,PsychoPy Exp,2023.1.2,60.023433186994815
BeliefY,ExpTrialStim/B_Square_2.png,Adam THINKS there are ZERO cubes,h,b,FB-Ig,1,1,0,0,0,0,1,1,0,0,B,-,SC3,SG,0,59,59,147,NA,NA,NA,NA,NA,364.5529653999256,4.1249999776482e-4,365.2863736000145,365.3865121999988,0.8312547999667004,367.3198543000035,367.71984009991866,367.8218388999812,367.8218388999812,h,0,3.2254953999072313,371.06975089991465,371.06975089991465,371.06975089991465,371.06975089991465,NA,NA,NA,NA,NA,NA,032,001,2024-02-15_14h43.25.566,PsychoPy Exp,2023.1.2,60.023433186994815
RealityY,ExpTrialStim/Square_Square_NB_5.png,"In REALITY, there are TWO cubes",h,b,TB-K,2,2,0,2,2,0,0,0,0,2,NB,-,SA3: SB2,SB: SP,0,60,60,16,NA,NA,NA,NA,NA,371.06975089991465,0.00160479999613016,371.8030552999117,371.9031515999231,0.8297790000215173,373.836524299928,374.23649119993206,374.3386722999858,374.3386722999858,b,1,1.052706600050442,375.4195920999627,375.4195920999627,375.4195920999627,375.4195920999627,NA,NA,NA,NA,NA,NA,032,001,2024-02-15_14h43.25.566,PsychoPy Exp,2023.1.2,60.023433186994815
BeliefN,ExpTrialStim/Square_Square_NB_2.png,Adam THINKS there are ZERO cubes,b,h,TB-K,2,2,0,2,2,0,0,0,0,0,NB,PropFalse,SA2: SB3,SB: SG,0,61,61,175,NA,NA,NA,NA,NA,375.4195920999627,0.00190509995445609,376.153038199991,376.2531716999365,0.8294682999840006,378.1865294999443,378.58647599990945,378.6886868999573,378.6886868999573,h,1,1.5426795999519527,380.25301629991736,380.25301629991736,380.25301629991736,380.25301629991736,NA,NA,NA,NA,NA,NA,032,001,2024-02-15_14h43.25.566,PsychoPy Exp,2023.1.2,60.023433186994815
BeliefY,ExpTrialStim/Square_Square_B_6.png,Adam THINKS there are TWO cubes,h,b,TB-K-B,2,2,0,2,2,0,0,0,0,2,B,-,SA1: SB3,SB: SG,0,62,62,139,NA,NA,NA,NA,NA,380.25301629991736,0.00193470006342977,380.9863480000058,381.0863241999177,0.829449100070633,383.0198056999361,383.4197378999088,383.522051799926,383.522051799926,b,1,1.940924399998039,385.48626739997417,385.48626739997417,385.48626739997417,385.48626739997417,NA,NA,NA,NA,NA,NA,032,001,2024-02-15_14h43.25.566,PsychoPy Exp,2023.1.2,60.023433186994815
BeliefN,ExpTrialStim/Triangle_B_2.png,Adam THINKS there is ONE cube,b,h,TB-Ig,1,0,1,1,0,1,0,0,0,1,B,PropFalse,TB2,TO,0,63,63,181,NA,NA,NA,NA,NA,385.48626739997417,4.7820003237575e-4,386.21964579995256,386.31962389999535,0.8312399000860751,388.2529651999939,388.653137999936,388.75515189999714,388.75515189999714,b,0,2.6278393000829965,391.4029392999364,391.4029392999364,391.4029392999364,391.4029392999364,NA,NA,NA,NA,NA,NA,032,001,2024-02-15_14h43.25.566,PsychoPy Exp,2023.1.2,60.023433186994815
BeliefY,ExpTrialStim/Square_NB_1.png,Adam THINKS there is ONE cube,h,b,TB-K,1,1,0,1,1,0,0,0,0,1,NB,-,SA1,SB,0,64,64,111,NA,NA,NA,NA,NA,391.4029392999364,4.7029997222125e-4,392.1363198999315,392.23646429996006,0.8314043000573292,394.1698112000013,394.5697504999116,394.6719303999562,394.6719303999562,b,1,1.2315054999198765,395.91970550001133,395.91970550001133,395.91970550001133,395.91970550001133,NA,NA,NA,NA,NA,NA,032,001,2024-02-15_14h43.25.566,PsychoPy Exp,2023.1.2,60.023433186994815
BeliefN,ExpTrialStim/Square_Triangle_B_8.png,Adam THINKS there are TWO cubes,b,h,TB-K-B,2,1,1,2,1,1,0,0,0,2,B,PropFalse,SA2: TB1,SP: TY,0,65,65,199,NA,NA,NA,NA,NA,395.91970550001133,0.00130020000506192,396.6529382999288,396.753101099981,0.8303929000394419,398.68644479999784,399.0863839999074,399.1885076999897,399.1885076999897,h,1,1.7548117000842467,400.9697090999689,400.9697090999689,400.9697090999689,400.9697090999689,NA,NA,NA,NA,NA,NA,032,001,2024-02-15_14h43.25.566,PsychoPy Exp,2023.1.2,60.023433186994815
RealityN,ExpTrialStim/Square_Square_NB_5.png,"In REALITY, there is ONE cube",b,h,TB-K,2,2,0,2,2,0,0,0,0,1,NB,PropFalse,SA3: SB2,SB: SP,0,66,66,70,NA,NA,NA,NA,NA,400.9697090999689,0.00228280003648251,401.702715100022,401.8030629999703,0.8294758000411093,403.7364125999157,404.1363599000033,404.23830899992026,404.23830899992026,h,1,1.3209153999341652,405.5861925999634,405.5861925999634,405.5861925999634,405.5861925999634,NA,NA,NA,NA,NA,NA,032,001,2024-02-15_14h43.25.566,PsychoPy Exp,2023.1.2,60.023433186994815
KnowledgeN,ExpTrialStim/Triangle_B_1.png,Adam KNOWS there are ZERO cubes,b,h,TB-Ig,1,0,1,2,0,2,0,0,0,0,B,PropTrueNoKnowledge,TA2,TR,0,67,67,288,NA,NA,NA,NA,NA,405.5861925999634,0.00199310004245489,406.31960009993054,406.4197336999932,0.8297667000442743,408.3529311999446,408.7530818999512,408.85507219994906,408.85507219994906,h,1,6.384117300040089,415.26958899991587,415.26958899991587,415.26958899991587,415.26958899991587,NA,NA,NA,NA,NA,NA,032,001,2024-02-15_14h43.25.566,PsychoPy Exp,2023.1.2,60.023433186994815
BeliefY,ExpTrialStim/Square_B_1.png,Adam THINKS there is ONE cube,h,b,TB-Ig,1,1,0,1,1,0,0,0,0,1,B,-,SA2,SG,0,68,68,128,NA,NA,NA,NA,NA,415.26958899991587,0.00194740004371851,416.0028834999539,416.10302439995576,0.8298163000727072,418.0362415999407,418.4363935999572,418.5383974999422,418.5383974999422,b,1,4.860876000020653,423.41956629999913,423.41956629999913,423.41956629999913,423.41956629999913,NA,NA,NA,NA,NA,NA,032,001,2024-02-15_14h43.25.566,PsychoPy Exp,2023.1.2,60.023433186994815
RealityN,ExpTrialStim/B_Square_3.png,"In REALITY, there are TWO cubes",b,h,FB-Ig,1,1,0,0,0,0,1,1,0,2,B,PropFalse,SD1,SP,0,69,69,94,NA,NA,NA,NA,NA,423.41956629999913,0.00205630005802959,424.15287789993454,424.2529816000024,0.8295925999991596,426.1862259999616,426.58639219996985,426.68828120001126,426.68828120001126,h,1,2.2549470000667498,428.9695810999256,428.9695810999256,428.9695810999256,428.9695810999256,NA,NA,NA,NA,NA,NA,032,001,2024-02-15_14h43.25.566,PsychoPy Exp,2023.1.2,60.023433186994815
BeliefN,ExpTrialStim/Square_NB_2.png,Adam THINKS there are TWO cubes,b,h,TB-K,1,1,0,1,1,0,0,0,0,2,NB,PropFalse,SA3,SP,0,70,70,166,NA,NA,NA,NA,NA,428.9695810999256,0.0019293000223115,429.7028729999438,429.8029938999098,0.8295436999760568,431.7363823999185,432.1363351999317,432.2384016999277,432.2384016999277,h,1,1.8814303999533877,434.13630080001894,434.13630080001894,434.13630080001894,434.13630080001894,NA,NA,NA,NA,NA,NA,032,001,2024-02-15_14h43.25.566,PsychoPy Exp,2023.1.2,60.023433186994815
KnowledgeY,ExpTrialStim/Square_NB_1.png,Adam KNOWS there is ONE cube,h,b,TB-K,1,1,0,1,1,0,0,0,0,1,NB,-,SA1,SB,0,71,71,219,NA,NA,NA,NA,NA,434.13630080001894,0.00212930003181099,434.86971849994734,434.9696366999997,0.8294790999498218,436.9030228999909,437.3029193999246,437.4049042999977,437.4049042999977,b,1,1.8581202001078057,439.2861918999115,439.2861918999115,439.2861918999115,439.2861918999115,NA,NA,NA,NA,NA,NA,032,001,2024-02-15_14h43.25.566,PsychoPy Exp,2023.1.2,60.023433186994815
BeliefY,ExpTrialStim/Triangle_Triangle_NB_1.png,Adam THINKS there are ZERO cubes,h,b,TB-K,2,0,2,2,0,2,0,0,0,0,NB,-,TA1: TB2,TY: TO,0,72,72,114,NA,NA,NA,NA,NA,439.2861918999115,0.00162830005865544,440.0195181999589,440.1195126000094,0.8299320000223815,442.0529758000048,442.4530025999993,442.5549897999735,442.5549897999735,b,1,2.116602099966258,444.7026983000105,444.7026983000105,444.7026983000105,444.7026983000105,NA,NA,NA,NA,NA,NA,032,001,2024-02-15_14h43.25.566,PsychoPy Exp,2023.1.2,60.023433186994815
BeliefY,ExpTrialStim/Square_Square_NB_2.png,Adam THINKS there are TWO cubes,h,b,TB-K,2,2,0,2,2,0,0,0,0,2,NB,-,SA2: SB3,SB: SG,0,73,73,121,NA,NA,NA,NA,NA,444.7026983000105,5.4549996275454e-4,445.43616219994146,445.5362837999128,0.8312533999560401,447.46947919996455,447.8695085999789,447.97170120000374,447.97170120000374,b,1,1.779296200023964,449.7695510999765,449.7695510999765,449.7695510999765,449.7695510999765,NA,NA,NA,NA,NA,NA,032,001,2024-02-15_14h43.25.566,PsychoPy Exp,2023.1.2,60.023433186994815
BeliefY,ExpTrialStim/Triangle_B_Square_1.png,Adam THINKS there are ZERO cubes,h,b,FB-Ig,2,1,1,1,0,1,1,1,0,0,B,-,SC1: TA1,SB: TO,0,74,74,158,NA,NA,NA,NA,NA,449.7695510999765,0.00220059999264776,450.5028253999771,450.6027743999148,0.8293168999953195,452.53601349995006,452.9361447999254,453.03834019997163,453.03834019997163,h,0,4.360879699932411,457.41951789997984,457.41951789997984,457.41951789997984,457.41951789997984,NA,NA,NA,NA,NA,NA,032,001,2024-02-15_14h43.25.566,PsychoPy Exp,2023.1.2,60.023433186994815
BeliefN,ExpTrialStim/Triangle_B_Square_2.png,Adam THINKS there is ONE cube,b,h,FB-Ig,2,1,1,1,0,1,1,1,0,1,B,PropTrueNoBelief,SC3: TB3,SP: TY,0,75,75,213,NA,NA,NA,NA,NA,457.41951789997984,0.00217660004273057,458.1528083999874,458.2529019999783,0.829522900050506,460.18626139999833,460.58616890001576,460.6882701999275,460.6882701999275,h,1,9.742809199960902,470.4528258999344,470.4528258999344,470.4528258999344,470.4528258999344,NA,NA,NA,NA,NA,NA,032,001,2024-02-15_14h43.25.566,PsychoPy Exp,2023.1.2,60.023433186994815
BeliefN,ExpTrialStim/Square_B_Square_1.png,Adam THINKS there are ZERO cubes,b,h,FB-Ig,2,2,0,1,1,0,1,1,0,0,B,PropFalse,SA1: SC2,SG: SB,0,76,76,204,NA,NA,NA,NA,NA,470.4528258999344,0.00219159992411732,471.1860844999319,471.2861733000027,0.8292936999350786,473.21954849991016,473.619582299958,473.7215309999883,473.7215309999883,h,1,2.4140929999994114,476.1528128000209,476.1528128000209,476.1528128000209,476.1528128000209,NA,NA,NA,NA,NA,NA,032,001,2024-02-15_14h43.25.566,PsychoPy Exp,2023.1.2,60.023433186994815
RealityN,ExpTrialStim/Square_B_2.png,"In REALITY, there are ZERO cubes",b,h,TB-Ig,1,1,0,1,1,0,0,0,0,0,B,PropFalse,SB2,SB,0,77,77,75,NA,NA,NA,NA,NA,476.1528128000209,0.00217510003130883,476.8861906999955,476.98610139999073,0.8294322000583634,478.9195412999252,479.3195034000091,479.4216003000038,479.4216003000038,h,1,2.2014565999852493,481.65257809998,481.65257809998,481.65257809998,481.65257809998,NA,NA,NA,NA,NA,NA,032,001,2024-02-15_14h43.25.566,PsychoPy Exp,2023.1.2,60.023433186994815
BeliefY,ExpTrialStim/Square_B_Square_3.png,Adam THINKS there is ONE cube,h,b,FB-Ig,2,2,0,1,1,0,1,1,0,1,B,-,SA3: SD1,SP: SB,0,78,78,152,NA,NA,NA,NA,NA,481.65257809998,0.00219420006033033,482.3859648000216,482.48598080000374,0.8295402000658214,484.4194860999705,484.81950179999694,484.9220578999957,484.9220578999957,b,1,4.237423000042327,489.1860391999362,489.1860391999362,489.1860391999362,489.1860391999362,NA,NA,NA,NA,NA,NA,032,001,2024-02-15_14h43.25.566,PsychoPy Exp,2023.1.2,60.023433186994815
KnowledgeN,ExpTrialStim/Triangle_Triangle_B_12.png,Adam KNOWS there are TWO cubes,b,h,TB-K-B,2,0,2,2,0,2,0,0,0,2,B,PropFalse,TA1: TB3,TY: TR,0,79,79,299,NA,NA,NA,NA,NA,489.1860391999362,0.0022449999814853,489.91936910001095,490.0194722999586,0.8296916000545025,491.9528218000196,492.35284439998213,492.4549932999071,492.4549932999071,h,1,1.93603029998485,494.4192937000189,494.4192937000189,494.4192937000189,494.4192937000189,NA,NA,NA,NA,NA,NA,032,001,2024-02-15_14h43.25.566,PsychoPy Exp,2023.1.2,60.023433186994815
RealityN,ExpTrialStim/Square_NB_1.png,"In REALITY, there are ZERO cubes",b,h,TB-K,1,1,0,1,1,0,0,0,0,0,NB,PropFalse,SA1,SB,0,80,80,57,NA,NA,NA,NA,NA,494.4192937000189,5.0339999143034e-4,495.1527164999861,495.2526910000015,0.8310493000317365,497.18621109996457,497.586018199916,497.68826600001194,497.68826600001194,h,1,1.26238570001442,498.97305479994975,NA,498.97305479994975,NA,space,5.297943199984729,NA,NA,NA,NA,032,001,2024-02-15_14h43.25.566,PsychoPy Exp,2023.1.2,60.023433186994815
BeliefN,ExpTrialStim/Square_Square_B_5.png,Adam THINKS there are ZERO cubes,b,h,TB-K-B,2,2,0,2,2,0,0,0,0,0,B,PropFalse,SA3: SB2,SP: SB,0,81,81,192,NA,NA,NA,NA,NA,504.3027108999668,0.00184290006291121,505.0360154999653,505.1360588999232,0.8313681000145152,507.0693186999997,507.4694309999468,507.57151589996647,507.57151589996647,h,1,1.4591221999144182,509.05252309993375,509.05252309993375,509.05252309993375,509.05252309993375,NA,NA,NA,NA,NA,NA,032,001,2024-02-15_14h43.25.566,PsychoPy Exp,2023.1.2,60.023433186994815
KnowledgeY,ExpTrialStim/Square_Square_B_7.png,Adam KNOWS there are TWO cubes,h,b,TB-K-B,2,2,0,2,2,0,0,0,0,2,B,-,SA1: SB2,SG: SP,0,82,82,252,NA,NA,NA,NA,NA,509.05252309993375,5.8840005658566e-4,509.7859735999955,509.8860817999812,0.8306073000421748,511.8193145999685,512.2194235000061,512.3214624999091,512.3214624999091,b,1,0.7815691999858245,513.1191153000109,513.1191153000109,513.1191153000109,513.1191153000109,NA,NA,NA,NA,NA,NA,032,001,2024-02-15_14h43.25.566,PsychoPy Exp,2023.1.2,60.023433186994815
RealityN,ExpTrialStim/B_Square_1.png,"In REALITY, there are ZERO cubes",b,h,FB-Ig,1,1,0,0,0,0,1,1,0,0,B,PropFalse,SC2,SG,0,83,83,92,NA,NA,NA,NA,NA,513.1191153000109,0.00134690001141279,513.8526627999963,513.952751899953,0.8301911000162363,515.8860676999902,516.286092299968,516.388139699935,516.388139699935,h,1,1.7548325000097975,518.1693469999591,518.1693469999591,518.1693469999591,518.1693469999591,NA,NA,NA,NA,NA,NA,032,001,2024-02-15_14h43.25.566,PsychoPy Exp,2023.1.2,60.023433186994815
KnowledgeN,ExpTrialStim/Triangle_NB_2.png,Adam KNOWS there is ONE cube,b,h,TB-K,1,0,1,1,0,1,0,0,0,1,NB,PropFalse,TA3,TY,0,84,84,271,NA,NA,NA,NA,NA,518.1693469999591,0.00189750001300126,518.9024912000168,519.0026278999867,0.8296356999780983,520.9360504000215,521.3360581999877,521.4380295999581,521.4380295999581,h,1,1.1927621000213549,522.6526452999096,522.6526452999096,522.6526452999096,522.6526452999096,NA,NA,NA,NA,NA,NA,032,001,2024-02-15_14h43.25.566,PsychoPy Exp,2023.1.2,60.023433186994815
RealityY,ExpTrialStim/Square_Square_NB_4.png,"In REALITY, there are TWO cubes",h,b,TB-K,2,2,0,2,2,0,0,0,0,2,NB,-,SA2: SB1,SP: SG,0,85,85,15,NA,NA,NA,NA,NA,522.6526452999096,9.8549993708729e-4,523.3858136999188,523.4859294999624,0.8306796998949721,525.4193731999258,525.8193024999928,525.9213637999492,525.9213637999492,b,1,1.0052481000311673,526.9524580999278,526.9524580999278,526.9524580999278,526.9524580999278,NA,NA,NA,NA,NA,NA,032,001,2024-02-15_14h43.25.566,PsychoPy Exp,2023.1.2,60.023433186994815
RealityN,ExpTrialStim/Triangle_NB_2.png,"In REALITY, there is ONE cube",b,h,TB-K,1,0,1,1,0,1,0,0,0,1,NB,PropFalse,TA3,TY,0,86,86,55,NA,NA,NA,NA,NA,526.9524580999278,4.4219999108463e-4,527.6859437999083,527.7859451000113,0.8310272000962868,529.719437199994,530.119338599965,530.221380700008,530.221380700008,h,1,1.1455281000817197,531.3859816999175,531.3859816999175,531.3859816999175,531.3859816999175,NA,NA,NA,NA,NA,NA,032,001,2024-02-15_14h43.25.566,PsychoPy Exp,2023.1.2,60.023433186994815
KnowledgeY,ExpTrialStim/Square_Triangle_B_1.png,Adam KNOWS there is ONE cube,h,b,FB-Ig,2,1,1,2,1,1,0,0,0,1,B,-,SA1: TB2,SG: TR,0,87,87,258,NA,NA,NA,NA,NA,531.3859816999175,0.00171320000663399,532.1190738999285,532.2193449999904,0.829852299997583,534.1527265999466,534.5526112999069,534.6546242999611,534.6546242999611,b,1,1.81670700001996,536.502438699943,536.502438699943,536.502438699943,536.502438699943,NA,NA,NA,NA,NA,NA,032,001,2024-02-15_14h43.25.566,PsychoPy Exp,2023.1.2,60.023433186994815
KnowledgeN,ExpTrialStim/B_Square_4.png,Adam KNOWS there is ONE cube,b,h,FB-Ig,1,1,0,0,0,0,1,1,0,1,B,PropTrueNoKnowledge,SD2,SB,0,88,88,311,NA,NA,NA,NA,NA,536.502438699943,4.4309999793767e-4,537.235814100015,537.3359934999608,0.8312379999551922,539.2694207999157,539.6692186999135,539.7714044000022,539.7714044000022,h,1,4.275116799981333,544.0690838999581,544.0690838999581,544.0690838999581,544.0690838999581,NA,NA,NA,NA,NA,NA,032,001,2024-02-15_14h43.25.566,PsychoPy Exp,2023.1.2,60.023433186994815
BeliefY,ExpTrialStim/Triangle_B_Triangle_2.png,Adam THINKS there are ZERO cubes,h,b,TB-Ig,2,0,2,1,0,1,1,0,1,0,B,-,TB1: TC2,TO: TY,0,89,89,131,NA,NA,NA,NA,NA,544.0690838999581,6.0650007799267e-4,544.8025998999365,544.9026492999401,0.8311345999827608,546.8359841000056,547.2358607000206,547.3380674999207,547.3380674999207,h,0,2.397434400045313,549.7524193999125,549.7524193999125,549.7524193999125,549.7524193999125,NA,NA,NA,NA,NA,NA,032,001,2024-02-15_14h43.25.566,PsychoPy Exp,2023.1.2,60.023433186994815
BeliefY,ExpTrialStim/Triangle_B_2.png,Adam THINKS there are ZERO cubes,h,b,TB-Ig,1,0,1,1,0,1,0,0,0,0,B,-,TB2,TO,0,90,90,127,NA,NA,NA,NA,NA,549.7524193999125,0.00200710003264248,550.4858432000037,550.585981399985,0.8292562999995425,552.519382199971,552.9192444999935,553.0213578999974,553.0213578999974,h,0,1.1376466000219807,554.1859151999233,554.1859151999233,554.1859151999233,554.1859151999233,NA,NA,NA,NA,NA,NA,032,001,2024-02-15_14h43.25.566,PsychoPy Exp,2023.1.2,60.023433186994815
KnowledgeN,ExpTrialStim/B_Square_3.png,Adam KNOWS there is ONE cube,b,h,FB-Ig,1,1,0,0,0,0,1,1,0,1,B,PropTrueNoKnowledge,SD1,SP,0,91,91,310,NA,NA,NA,NA,NA,554.1859151999233,0.00189689989201724,554.9191884999163,555.0192015999928,0.8295609999913722,556.9525729999878,557.3526149999816,557.454637399991,557.454637399991,h,1,1.2079789000563323,558.6857155999169,558.6857155999169,558.6857155999169,558.6857155999169,NA,NA,NA,NA,NA,NA,032,001,2024-02-15_14h43.25.566,PsychoPy Exp,2023.1.2,60.023433186994815
KnowledgeY,ExpTrialStim/Triangle_Triangle_B_7.png,Adam KNOWS there are ZERO cubes,h,b,TB-Ig,2,0,2,2,0,2,0,0,0,0,B,-,TA1: TB2,TR: TY,0,92,92,240,NA,NA,NA,NA,NA,558.6857155999169,0.00129190005827695,559.4191755999345,559.5193016999401,0.8301520999521017,561.4526275999378,561.8525376999751,561.9546423999127,561.9546423999127,b,1,1.804634299944155,563.7856950999703,563.7856950999703,563.7856950999703,563.7856950999703,NA,NA,NA,NA,NA,NA,032,001,2024-02-15_14h43.25.566,PsychoPy Exp,2023.1.2,60.023433186994815
KnowledgeY,ExpTrialStim/Square_Square_B_4.png,Adam KNOWS there are TWO cubes,h,b,TB-K-B,2,2,0,2,2,0,0,0,0,2,B,-,SA2: SB1,SG: SP,0,93,93,249,NA,NA,NA,NA,NA,563.7856950999703,0.00211140001192688,564.5191344999475,564.6192853999091,0.829518000013195,566.552491899929,566.952595199924,567.0546876000008,567.0546876000008,b,1,1.04014110006392,568.1192332999781,568.1192332999781,568.1192332999781,568.1192332999781,NA,NA,NA,NA,NA,NA,032,001,2024-02-15_14h43.25.566,PsychoPy Exp,2023.1.2,60.023433186994815
BeliefN,ExpTrialStim/Triangle_NB_2.png,Adam THINKS there is ONE cube,b,h,TB-K,1,0,1,1,0,1,0,0,0,1,NB,PropFalse,TA3,TY,0,94,94,163,NA,NA,NA,NA,NA,568.1192332999781,0.00200660002883523,568.8524754999671,568.9524901999393,0.8295196000253782,570.8859174000099,571.2859484999208,571.3880309999222,571.3880309999222,h,1,1.4748051000060514,572.8858659999678,572.8858659999678,572.8858659999678,572.8858659999678,NA,NA,NA,NA,NA,NA,032,001,2024-02-15_14h43.25.566,PsychoPy Exp,2023.1.2,60.023433186994815
KnowledgeY,ExpTrialStim/Square_NB_2.png,Adam KNOWS there is ONE cube,h,b,TB-K,1,1,0,1,1,0,0,0,0,1,NB,-,SA3,SP,0,95,95,220,NA,NA,NA,NA,NA,572.8858659999678,0.00201170006766915,573.6192001999589,573.7189632999944,0.8295539000537246,575.6523700999096,576.0525723999599,576.1546459000092,576.1546459000092,b,1,2.091987199964933,578.2692056999076,578.2692056999076,578.2692056999076,578.2692056999076,NA,NA,NA,NA,NA,NA,032,001,2024-02-15_14h43.25.566,PsychoPy Exp,2023.1.2,60.023433186994815
RealityN,ExpTrialStim/Square_B_Square_6.png,"In REALITY, there is ONE cube",b,h,FB-Ig,2,2,0,1,1,0,1,1,0,1,B,PropFalse,SB3: SC1,SP: SG,0,96,96,101,NA,NA,NA,NA,NA,578.2692056999076,0.00191600003745406,579.0024187999079,579.1023970999522,0.8297437999863178,581.035629699938,581.4358920999803,581.5380105999066,581.5380105999066,h,1,2.1404650000622496,583.7022929999512,583.7022929999512,583.7022929999512,583.7022929999512,NA,NA,NA,NA,NA,NA,032,001,2024-02-15_14h43.25.566,PsychoPy Exp,2023.1.2,60.023433186994815
KnowledgeY,ExpTrialStim/Square_Square_B_8.png,Adam KNOWS there are TWO cubes,h,b,TB-K-B,2,2,0,2,2,0,0,0,0,2,B,-,SA2: SB3,SP: SB,0,97,97,253,NA,NA,NA,NA,NA,583.7022929999512,5.2400003187358e-4,584.4356130999513,584.5358700000215,0.8312101999763399,586.4692242000019,586.8692086999072,586.9712375999661,586.9712375999661,b,1,1.3715571999782696,588.3690887999255,588.3690887999255,588.3690887999255,588.3690887999255,NA,NA,NA,NA,NA,NA,032,001,2024-02-15_14h43.25.566,PsychoPy Exp,2023.1.2,60.023433186994815
BeliefN,ExpTrialStim/Square_Square_B_7.png,Adam THINKS there are ZERO cubes,b,h,TB-K-B,2,2,0,2,2,0,0,0,0,0,B,PropFalse,SA1: SB2,SG: SP,0,98,98,194,NA,NA,NA,NA,NA,588.3690887999255,0.00209030008409172,589.1024048000108,589.2025297000073,0.8295919001102448,591.1356466999277,591.5355779000092,591.6381011999911,591.6381011999911,h,1,1.6247083999915048,593.2858375000069,593.2858375000069,593.2858375000069,593.2858375000069,NA,NA,NA,NA,NA,NA,032,001,2024-02-15_14h43.25.566,PsychoPy Exp,2023.1.2,60.023433186994815
BeliefN,ExpTrialStim/Square_B_Square_3.png,Adam THINKS there are ZERO cubes,b,h,FB-Ig,2,2,0,1,1,0,1,1,0,0,B,PropFalse,SA3: SD1,SP: SB,0,99,99,206,NA,NA,NA,NA,NA,593.2858375000069,0.00182130001485347,594.0190678999061,594.1192390000215,0.8298872000304982,596.0524937999435,596.4524316999596,596.5545316999778,596.5545316999778,h,1,2.2124726999318227,598.7857971999329,598.7857971999329,598.7857971999329,598.7857971999329,NA,NA,NA,NA,NA,NA,032,001,2024-02-15_14h43.25.566,PsychoPy Exp,2023.1.2,60.023433186994815
BeliefN,ExpTrialStim/Triangle_Triangle_B_6.png,Adam THINKS there is ONE cube,b,h,TB-K-B,2,0,2,2,0,2,0,0,0,1,B,PropFalse,TA1: TB3,TO: TY,0,100,100,189,NA,NA,NA,NA,NA,598.7857971999329,0.00199650006834417,599.5190575999441,599.6191316000186,0.8295382000505924,601.5525095999474,601.952429399942,602.0545136999572,602.0545136999572,h,1,3.096264199935831,605.1690002999967,605.1690002999967,605.1690002999967,605.1690002999967,NA,NA,NA,NA,NA,NA,032,001,2024-02-15_14h43.25.566,PsychoPy Exp,2023.1.2,60.023433186994815
RealityY,ExpTrialStim/Square_Square_B_3.png,"In REALITY, there are TWO cubes",h,b,TB-K-B,2,2,0,2,2,0,0,0,0,2,B,-,SA3: SB1,SG: SB,0,101,101,36,NA,NA,NA,NA,NA,605.1690002999967,0.00236819998826831,605.9022393999621,606.00247019995,0.8294575999025255,607.9358241999289,608.3357226999942,608.43766029994,608.43766029994,b,1,0.9448908000485972,609.402201000019,609.402201000019,609.402201000019,609.402201000019,NA,NA,NA,NA,NA,NA,032,001,2024-02-15_14h43.25.566,PsychoPy Exp,2023.1.2,60.023433186994815
RealityY,ExpTrialStim/Triangle_Triangle_B_5.png,"In REALITY, there are ZERO cubes",h,b,TB-K-B,2,0,2,2,0,2,0,0,0,0,B,-,TA3: TB2,TR: TO,0,102,102,30,NA,NA,NA,NA,NA,609.402201000019,0.00239080004394054,610.135552499909,610.235709499917,0.8298650999786332,612.1691140999319,612.5691331999842,612.6712271999568,612.6712271999568,b,1,1.2794834999367597,613.9690677999752,613.9690677999752,613.9690677999752,613.9690677999752,NA,NA,NA,NA,NA,NA,032,001,2024-02-15_14h43.25.566,PsychoPy Exp,2023.1.2,60.023433186994815
KnowledgeY,ExpTrialStim/Square_Triangle_NB_3.png,Adam KNOWS there is ONE cube,h,b,TB-K,2,1,1,2,1,1,0,0,0,1,NB,-,SB3: TA2,SP: TY,0,103,103,227,NA,NA,NA,NA,NA,613.9690677999752,0.00193460006266832,614.7023468000116,614.8024414000101,0.8293831000337377,616.7357799999882,617.1356767999241,617.2379398000194,617.2379398000194,b,1,1.8167893000645563,619.0855826999759,619.0855826999759,619.0855826999759,619.0855826999759,NA,NA,NA,NA,NA,NA,032,001,2024-02-15_14h43.25.566,PsychoPy Exp,2023.1.2,60.023433186994815
BeliefN,ExpTrialStim/Square_B_Square_5.png,Adam THINKS there are TWO cubes,b,h,FB-Ig,2,2,0,1,1,0,1,1,0,2,B,PropTrueNoBelief,SB2: SD3,SB: SG,0,104,104,208,NA,NA,NA,NA,NA,619.0855826999759,0.0024990999372676,619.8190047999378,619.9192173000192,0.8294582000235096,621.8524430999532,622.2524816999212,622.3545810999349,622.3545810999349,b,0,4.1324745999882,626.5021554999985,626.5021554999985,626.5021554999985,626.5021554999985,NA,NA,NA,NA,NA,NA,032,001,2024-02-15_14h43.25.566,PsychoPy Exp,2023.1.2,60.023433186994815
RealityY,ExpTrialStim/Square_Square_NB_1.png,"In REALITY, there are TWO cubes",h,b,TB-K,2,2,0,2,2,0,0,0,0,2,NB,-,SA1: SB2,SP: SB,0,105,105,12,NA,NA,NA,NA,NA,626.5021554999985,0.00241630000527948,627.2356934999116,627.3357414000202,0.8293868999462575,629.2689257999882,629.6690996999387,629.7712137999479,629.7712137999479,b,1,0.947875399957411,630.7356826999458,630.7356826999458,630.7356826999458,630.7356826999458,NA,NA,NA,NA,NA,NA,032,001,2024-02-15_14h43.25.566,PsychoPy Exp,2023.1.2,60.023433186994815
RealityY,ExpTrialStim/Square_Triangle_NB_1.png,"In REALITY, there is ONE cube",h,b,TB-K,2,1,1,2,1,1,0,0,0,1,NB,-,SA2: TB1,SG: TR,0,106,106,9,NA,NA,NA,NA,NA,630.7356826999458,0.00238840002566576,631.4690216999734,631.5690417999867,0.8295700000599027,633.5021926999325,633.9024055999471,634.0045269000111,634.0045269000111,b,1,2.482488000066951,636.5021373999771,636.5021373999771,636.5021373999771,636.5021373999771,NA,NA,NA,NA,NA,NA,032,001,2024-02-15_14h43.25.566,PsychoPy Exp,2023.1.2,60.023433186994815
RealityY,ExpTrialStim/Square_NB_3.png,"In REALITY, there is ONE cube",h,b,TB-K,1,1,0,1,1,0,0,0,0,1,NB,-,SB2,SG,0,107,107,5,NA,NA,NA,NA,NA,636.5021373999771,0.00192479998804628,637.2355966999894,637.3357151999371,0.829328199964948,639.2690371000208,639.6690780000063,639.7711750000017,639.7711750000017,b,1,0.8591095000738278,640.6521235000109,640.6521235000109,640.6521235000109,640.6521235000109,NA,NA,NA,NA,NA,NA,032,001,2024-02-15_14h43.25.566,PsychoPy Exp,2023.1.2,60.023433186994815
BeliefN,ExpTrialStim/Triangle_B_Square_4.png,Adam THINKS there are TWO cubes,b,h,FB-Ig,2,1,1,1,0,1,1,1,0,2,B,PropFalse,SD3: TB1,SB: TO,0,108,108,215,NA,NA,NA,NA,NA,640.6521235000109,5.9579999651759e-4,641.3855704999296,641.4855378000066,0.8303888000082225,643.41875479999,643.8189958999865,643.9210104999365,643.9210104999365,h,1,2.1177234000060707,646.068758499925,646.068758499925,646.068758499925,646.068758499925,NA,NA,NA,NA,NA,NA,032,001,2024-02-15_14h43.25.566,PsychoPy Exp,2023.1.2,60.023433186994815
BeliefY,ExpTrialStim/Triangle_B_1.png,Adam THINKS there are ZERO cubes,h,b,TB-Ig,1,0,1,1,0,1,0,0,0,0,B,-,TA2,TR,0,109,109,126,NA,NA,NA,NA,NA,646.068758499925,5.1869999151676e-4,646.8022778999293,646.9024308999069,0.8313140999525785,648.8356211999198,649.2356734999921,649.337708099978,649.337708099978,h,0,2.9492432000115514,652.3021259999368,652.3021259999368,652.3021259999368,652.3021259999368,NA,NA,NA,NA,NA,NA,032,001,2024-02-15_14h43.25.566,PsychoPy Exp,2023.1.2,60.023433186994815
KnowledgeY,ExpTrialStim/Triangle_Triangle_B_6.png,Adam KNOWS there are ZERO cubes,h,b,TB-Ig,2,0,2,2,0,2,0,0,0,0,B,-,TA1: TB3,TO: TY,0,110,110,239,NA,NA,NA,NA,NA,652.3021259999368,0.00255309999920427,653.0522159999236,653.1521669999929,0.8460353999398649,655.085516699939,655.4856492999243,655.5877930999268,655.5877930999268,b,1,1.2028030999936163,656.8189121999312,656.8189121999312,656.8189121999312,656.8189121999312,NA,NA,NA,NA,NA,NA,032,001,2024-02-15_14h43.25.566,PsychoPy Exp,2023.1.2,60.023433186994815
RealityY,ExpTrialStim/Triangle_Triangle_NB_3.png,"In REALITY, there are ZERO cubes",h,b,TB-K,2,0,2,2,0,2,0,0,0,0,NB,-,TA3: TB1,TR: TY,0,111,111,8,NA,NA,NA,NA,NA,656.8189121999312,0.00200880004558712,657.5522501999512,657.6521662999876,0.8295420999638736,659.6023493999382,660.0023784999503,660.1043196999235,660.1043196999235,b,1,0.9985175000037998,661.1189048999222,661.1189048999222,661.1189048999222,661.1189048999222,NA,NA,NA,NA,NA,NA,032,001,2024-02-15_14h43.25.566,PsychoPy Exp,2023.1.2,60.023433186994815
KnowledgeN,ExpTrialStim/Triangle_Triangle_NB_3.png,Adam KNOWS there are TWO cubes,b,h,TB-K,2,0,2,2,0,2,0,0,0,2,NB,PropFalse,TA3: TB1,TR: TY,0,112,112,278,NA,NA,NA,NA,NA,661.1189048999222,0.0018986000213772,661.8521995999618,661.9523568999721,0.8294838999863714,663.8854256999912,664.2855398999527,664.3876817999408,664.3876817999408,h,1,1.0348978999536484,665.4522711000172,665.4522711000172,665.4522711000172,665.4522711000172,NA,NA,NA,NA,NA,NA,032,001,2024-02-15_14h43.25.566,PsychoPy Exp,2023.1.2,60.023433186994815
RealityN,ExpTrialStim/Square_Square_B_1.png,"In REALITY, there are ZERO cubes",b,h,TB-K-B,2,2,0,2,2,0,0,0,0,0,B,PropFalse,SA1: SB2,SP: SG,0,113,113,84,NA,NA,NA,NA,NA,665.4522711000172,0.00233290006872266,666.185508399969,666.2856286999304,0.8295013000024483,668.2189469999867,668.6188216999872,668.720983200008,668.720983200008,h,1,2.037506200023927,670.7855267999694,670.7855267999694,670.7855267999694,670.7855267999694,NA,NA,NA,NA,NA,NA,032,001,2024-02-15_14h43.25.566,PsychoPy Exp,2023.1.2,60.023433186994815
KnowledgeY,ExpTrialStim/Square_Square_B_11.png,Adam KNOWS there are TWO cubes,h,b,FB-Ig,2,2,0,2,2,0,0,0,0,2,B,-,SA3: SB2,SB: SP,0,114,114,256,NA,NA,NA,NA,NA,670.7855267999694,0.00234119989909231,671.5188142999541,671.6189471000107,0.8295630998909473,673.5523034000071,673.9522168999538,674.054220299935,674.054220299935,b,1,1.0722905000438914,675.1522276999895,675.1522276999895,675.1522276999895,675.1522276999895,NA,NA,NA,NA,NA,NA,032,001,2024-02-15_14h43.25.566,PsychoPy Exp,2023.1.2,60.023433186994815
RealityN,ExpTrialStim/Square_B_Triangle_1.png,"In REALITY, there are ZERO cubes",b,h,TB-Ig,2,1,1,1,1,0,1,0,1,0,B,PropFalse,SB1: TD3,SB: TO,0,115,115,78,NA,NA,NA,NA,NA,675.1522276999895,0.00189870002213865,675.8854981999611,675.9856035999255,0.8295388000551611,677.9189522999804,678.318941699923,678.4209689999698,678.4209689999698,h,1,1.8735621999949217,680.3188184999162,680.3188184999162,680.3188184999162,680.3188184999162,NA,NA,NA,NA,NA,NA,032,001,2024-02-15_14h43.25.566,PsychoPy Exp,2023.1.2,60.023433186994815
KnowledgeY,ExpTrialStim/Triangle_NB_3.png,Adam KNOWS there are ZERO cubes,h,b,TB-K,1,0,1,1,0,1,0,0,0,0,NB,-,TB2,TR,0,116,116,218,NA,NA,NA,NA,NA,680.3188184999162,0.00190549995750188,681.0521328999894,681.152138800011,0.829472600016743,683.0855986999813,683.4854940999066,683.5877748000203,683.5877748000203,b,1,1.3788547000149265,684.9852977999253,684.9852977999253,684.9852977999253,684.9852977999253,NA,NA,NA,NA,NA,NA,032,001,2024-02-15_14h43.25.566,PsychoPy Exp,2023.1.2,60.023433186994815
RealityY,ExpTrialStim/Triangle_NB_1.png,"In REALITY, there are ZERO cubes",h,b,TB-K,1,0,1,1,0,1,0,0,0,0,NB,-,TA1,TO,0,117,117,0,NA,NA,NA,NA,NA,684.9852977999253,0.00222370005212724,685.7188010999234,685.8189363999991,0.8294825999764726,687.7522680999245,688.1521400000202,688.2544959000079,688.2544959000079,b,1,0.8880062999669462,689.1687732000137,689.1687732000137,689.1687732000137,689.1687732000137,NA,NA,NA,NA,NA,NA,032,001,2024-02-15_14h43.25.566,PsychoPy Exp,2023.1.2,60.023433186994815
KnowledgeN,ExpTrialStim/Square_Square_B_10.png,Adam KNOWS there are ZERO cubes,b,h,TB-K-B,2,2,0,2,2,0,0,0,0,0,B,PropFalse,SA2: SB1,SG: SB,0,118,118,301,NA,NA,NA,NA,NA,689.1687732000137,0.00244180008303374,689.9021146999439,690.0022152999882,0.8294934000587091,691.935562199913,692.3355500999605,692.437500400003,692.437500400003,h,1,1.360959600075148,693.8188829999417,693.8188829999417,693.8188829999417,693.8188829999417,NA,NA,NA,NA,NA,NA,032,001,2024-02-15_14h43.25.566,PsychoPy Exp,2023.1.2,60.023433186994815
BeliefY,ExpTrialStim/B_Square_1.png,Adam THINKS there are ZERO cubes,h,b,FB-Ig,1,1,0,0,0,0,1,1,0,0,B,-,SC2,SG,0,119,119,146,NA,NA,NA,NA,NA,693.8188829999417,0.00191430002450943,694.5520705999807,694.6522042999277,0.8293852000497282,696.5856115999632,696.9855772999581,697.087592799915,697.087592799915,h,0,2.7905173000181094,699.9019912999356,699.9019912999356,699.9019912999356,699.9019912999356,NA,NA,NA,NA,NA,NA,032,001,2024-02-15_14h43.25.566,PsychoPy Exp,2023.1.2,60.023433186994815
BeliefN,ExpTrialStim/Triangle_Triangle_B_7.png,Adam THINKS there are TWO cubes,b,h,TB-K-B,2,0,2,2,0,2,0,0,0,2,B,PropFalse,TA1: TB2,TR: TY,0,120,120,190,NA,NA,NA,NA,NA,699.9019912999356,6.8150006700307e-4,700.6352421999909,700.7355007999577,0.8308186000213027,702.6689688999904,703.0688745999942,703.170837600017,703.170837600017,h,1,1.700142899993807,704.9021288999356,704.9021288999356,704.9021288999356,704.9021288999356,NA,NA,NA,NA,NA,NA,032,001,2024-02-15_14h43.25.566,PsychoPy Exp,2023.1.2,60.023433186994815
RealityN,ExpTrialStim/Triangle_B_Square_2.png,"In REALITY, there are TWO cubes",b,h,FB-Ig,2,1,1,1,0,1,1,1,0,2,B,PropFalse,SC3: TB3,SP: TY,0,121,121,105,NA,NA,NA,NA,NA,704.9021288999356,0.00241419998928904,705.6353882999392,705.7355313999578,0.8295387999387458,707.6687499999534,708.0688314000145,708.170906299958,708.170906299958,h,1,1.3391733999596909,709.535369799938,709.535369799938,709.535369799938,709.535369799938,NA,NA,NA,NA,NA,NA,032,001,2024-02-15_14h43.25.566,PsychoPy Exp,2023.1.2,60.023433186994815
RealityN,ExpTrialStim/Square_B_Square_2.png,"In REALITY, there are ZERO cubes",b,h,FB-Ig,2,2,0,1,1,0,1,1,0,0,B,PropFalse,SA2: SC3,SB: SP,0,122,122,97,NA,NA,NA,NA,NA,709.535369799938,0.00100990000646561,710.2687351999339,710.368868199992,0.8309670999879017,712.3018736999948,712.7021649999078,712.8041609999491,712.8041609999491,h,1,1.2826866999967024,714.1020319999661,714.1020319999661,714.1020319999661,714.1020319999661,NA,NA,NA,NA,NA,NA,032,001,2024-02-15_14h43.25.566,PsychoPy Exp,2023.1.2,60.023433186994815
KnowledgeN,ExpTrialStim/Triangle_Triangle_B_10.png,Adam KNOWS there are TWO cubes,b,h,TB-K-B,2,0,2,2,0,2,0,0,0,2,B,PropFalse,TA2: TB1,TR: TO,0,123,123,297,NA,NA,NA,NA,NA,714.1020319999661,0.00127689994405955,714.8353954999475,714.9354935999727,0.8296814999775961,716.868843199918,717.2687988999533,717.3708646999439,717.3708646999439,h,1,3.116078699938953,720.518740599975,720.518740599975,720.518740599975,720.518740599975,NA,NA,NA,NA,NA,NA,032,001,2024-02-15_14h43.25.566,PsychoPy Exp,2023.1.2,60.023433186994815
BeliefN,ExpTrialStim/Square_B_Triangle_1.png,Adam THINKS there are ZERO cubes,b,h,TB-Ig,2,1,1,1,1,0,1,0,1,0,B,PropFalse,SB1: TD3,SB: TO,0,124,124,186,NA,NA,NA,NA,NA,720.518740599975,0.00169750000350177,721.2520244999323,721.352156399982,0.8293854999355972,723.2854732999112,723.6854906999506,723.7873176999856,723.7873176999856,h,1,3.5391325999516994,727.3520646999823,727.3520646999823,727.3520646999823,727.3520646999823,NA,NA,NA,NA,NA,NA,032,001,2024-02-15_14h43.25.566,PsychoPy Exp,2023.1.2,60.023433186994815
BeliefN,ExpTrialStim/Square_Triangle_NB_1.png,Adam THINKS there are ZERO cubes,b,h,TB-K,2,1,1,2,1,1,0,0,0,0,NB,PropFalse,SA2: TB1,SG: TR,0,125,125,171,NA,NA,NA,NA,NA,727.3520646999823,0.00166599999647587,728.0853333999403,728.1854509999976,0.8294514000881463,730.1188120999141,730.518723999965,730.6209198000142,730.6209198000142,h,1,1.5851152000250297,732.2352948000189,732.2352948000189,732.2352948000189,732.2352948000189,NA,NA,NA,NA,NA,NA,032,001,2024-02-15_14h43.25.566,PsychoPy Exp,2023.1.2,60.023433186994815
KnowledgeN,ExpTrialStim/Square_B_Triangle_2.png,Adam KNOWS there is ONE cube,b,h,TB-Ig,2,1,1,1,1,0,1,0,1,1,B,PropTrueNoKnowledge,SD3: TD2,SP: TY,0,126,126,295,NA,NA,NA,NA,NA,732.2352948000189,6.7949993535876e-4,732.9686411999865,733.0687613999471,0.8309955999720842,735.0021474999376,735.402086499962,735.5041760000167,735.5041760000167,h,1,10.078079600003548,745.6019684999483,745.6019684999483,745.6019684999483,745.6019684999483,NA,NA,NA,NA,NA,NA,032,001,2024-02-15_14h43.25.566,PsychoPy Exp,2023.1.2,60.023433186994815
RealityN,ExpTrialStim/B_Square_4.png,"In REALITY, there are TWO cubes",b,h,FB-Ig,1,1,0,0,0,0,1,1,0,2,B,PropFalse,SD2,SB,0,127,127,95,NA,NA,NA,NA,NA,745.6019684999483,0.00152430008165538,746.3353195999516,746.4354170999723,0.8297768000047654,748.3685713999439,748.7686632999685,748.8708907999098,748.8708907999098,h,1,2.0479188000317663,750.935325599974,750.935325599974,750.935325599974,750.935325599974,NA,NA,NA,NA,NA,NA,032,001,2024-02-15_14h43.25.566,PsychoPy Exp,2023.1.2,60.023433186994815
RealityN,ExpTrialStim/Square_Square_NB_2.png,"In REALITY, there are ZERO cubes",b,h,TB-K,2,2,0,2,2,0,0,0,0,0,NB,PropFalse,SA2: SB3,SB: SG,0,128,128,67,NA,NA,NA,NA,NA,750.935325599974,0.00178869999945163,751.6686142999679,751.7687142000068,0.8295406000688672,753.7019503000192,754.101956199971,754.2042278000154,754.2042278000154,h,1,2.866656700032763,757.1019883999834,757.1019883999834,757.1019883999834,757.1019883999834,NA,NA,NA,NA,NA,NA,032,001,2024-02-15_14h43.25.566,PsychoPy Exp,2023.1.2,60.023433186994815
BeliefY,ExpTrialStim/Square_Square_B_10.png,Adam THINKS there are TWO cubes,h,b,TB-K-B,2,2,0,2,2,0,0,0,0,2,B,-,SA2: SB1,SG: SB,0,129,129,143,NA,NA,NA,NA,NA,757.1019883999834,0.00167450006119906,757.8352521000197,757.935407300014,0.8295354000292718,759.8687068999279,760.2686334999744,760.3707313999766,760.3707313999766,b,1,1.9075252999318764,762.3017674000002,762.3017674000002,762.3017674000002,762.3017674000002,NA,NA,NA,NA,NA,NA,032,001,2024-02-15_14h43.25.566,PsychoPy Exp,2023.1.2,60.023433186994815
RealityN,ExpTrialStim/Triangle_Triangle_NB_1.png,"In REALITY, there is ONE cube",b,h,TB-K,2,0,2,2,0,2,0,0,0,1,NB,PropFalse,TA1: TB2,TY: TO,0,130,130,60,NA,NA,NA,NA,NA,762.3017674000002,0.00148999993689358,763.0352409000043,763.1353249999229,0.8297855999553576,765.0684842999326,765.4686266999925,765.57086320000235,765.57086320000235,h,1,0.8995874000247568,766.4850103999488,766.4850103999488,766.4850103999488,766.4850103999488,NA,NA,NA,NA,NA,NA,032,001,2024-02-15_14h43.25.566,PsychoPy Exp,2023.1.2,60.023433186994815
BeliefN,ExpTrialStim/Triangle_Triangle_NB_2.png,Adam THINKS there are TWO cubes,b,h,TB-K,2,0,2,2,0,2,0,0,0,2,NB,PropFalse,TA2: TB3,TO: TR,0,131,131,169,NA,NA,NA,NA,NA,766.4850103999488,3.9309996645897e-4,767.2186259999871,767.3186617000028,0.8304374000290409,769.252027999959,769.6519468999468,769.7541443000082,769.7541443000082,h,1,2.4201446999795735,772.2020708000055,772.2020708000055,772.2020708000055,772.2020708000055,NA,NA,NA,NA,NA,NA,032,001,2024-02-15_14h43.25.566,PsychoPy Exp,2023.1.2,60.023433186994815
RealityY,ExpTrialStim/Triangle_B_Triangle_1.png,"In REALITY, there are ZERO cubes",h,b,TB-Ig,2,0,2,1,0,1,1,0,1,0,B,-,TA3: TD1,TY: TR,0,132,132,22,NA,NA,NA,NA,NA,772.2020708000055,0.00170700007583946,772.935168899945,773.0353330000071,0.829542100080289,774.9686688999645,775.3685474999947,775.4707289999351,775.4707289999351,b,1,0.8394706000108272,776.3352879999438,776.3352879999438,776.3352879999438,776.3352879999438,NA,NA,NA,NA,NA,NA,032,001,2024-02-15_14h43.25.566,PsychoPy Exp,2023.1.2,60.023433186994815
KnowledgeN,ExpTrialStim/Square_NB_3.png,Adam KNOWS there are TWO cubes,b,h,TB-K,1,1,0,1,1,0,0,0,0,2,NB,PropFalse,SB2,SG,0,133,133,275,NA,NA,NA,NA,NA,776.3352879999438,0.0017002000240609,777.0685105000157,777.1686287999619,0.8295041000237688,779.1018655999796,779.5019751999062,779.6041584999766,779.6041584999766,h,1,1.8341515999054536,781.468502099975,781.468502099975,781.468502099975,781.468502099975,NA,NA,NA,NA,NA,NA,032,001,2024-02-15_14h43.25.566,PsychoPy Exp,2023.1.2,60.023433186994815
BeliefY,ExpTrialStim/Square_Square_B_1.png,Adam THINKS there are TWO cubes,h,b,TB-K-B,2,2,0,2,2,0,0,0,0,2,B,-,SA1: SB2,SP: SG,0,134,134,134,NA,NA,NA,NA,NA,781.468502099975,0.00168370001483708,782.2018516999669,782.30177849996835,0.8293258999474347,784.2351340999594,784.6352859999752,784.7373537999811,784.7373537999811,b,1,1.5333121001021937,786.3018054999411,786.3018054999411,786.3018054999411,786.3018054999411,NA,NA,NA,NA,NA,NA,032,001,2024-02-15_14h43.25.566,PsychoPy Exp,2023.1.2,60.023433186994815
BeliefN,ExpTrialStim/Square_Square_NB_3.png,Adam THINKS there are ZERO cubes,b,h,TB-K,2,2,0,2,2,0,0,0,0,0,NB,PropFalse,SA3: SB1,SG: SP,0,135,135,176,NA,NA,NA,NA,NA,786.3018054999411,0.00153140001930296,787.0351746999659,787.1351522000041,0.8298747000517324,789.0686466000043,789.4686529999599,789.5708181000082,789.5708181000082,h,1,1.8270429000258448,791.4183761000168,791.4183761000168,791.4183761000168,791.4183761000168,NA,NA,NA,NA,NA,NA,032,001,2024-02-15_14h43.25.566,PsychoPy Exp,2023.1.2,60.023433186994815
KnowledgeN,ExpTrialStim/Square_Square_B_9.png,Adam KNOWS there are ZERO cubes,b,h,TB-K-B,2,2,0,2,2,0,0,0,0,0,B,PropFalse,SA3: SB1,SB: SG,0,136,136,300,NA,NA,NA,NA,NA,791.4183761000168,6.8050005938857e-4,792.1518291999819,792.2519255999941,0.8309720000252128,794.1852858000202,794.5851215999573,794.6875465000048,794.6875465000048,h,1,1.702609600033611,796.4185309999157,796.4185309999157,796.4185309999157,796.4185309999157,NA,NA,NA,NA,NA,NA,032,001,2024-02-15_14h43.25.566,PsychoPy Exp,2023.1.2,60.023433186994815
KnowledgeY,ExpTrialStim/Square_Triangle_B_7.png,Adam KNOWS there is ONE cube,h,b,FB-Ig,2,1,1,2,1,1,0,0,0,1,B,-,SA1: TB3,SB: TO,0,137,137,264,NA,NA,NA,NA,NA,796.4185309999157,0.00168330001179128,797.1517880000174,797.2518076999113,0.8292299999156967,799.1850706000114,799.5851175999269,799.6872228999855,799.6872228999855,b,1,2.871395800029859,802.5851897000102,802.5851897000102,802.5851897000102,802.5851897000102,NA,NA,NA,NA,NA,NA,032,001,2024-02-15_14h43.25.566,PsychoPy Exp,2023.1.2,60.023433186994815
RealityN,ExpTrialStim/Square_B_Square_7.png,"In REALITY, there is ONE cube",b,h,FB-Ig,2,2,0,1,1,0,1,1,0,1,B,PropFalse,SA3: SC2,SG: SP,0,138,138,102,NA,NA,NA,NA,NA,802.5851897000102,0.00169649999588727,803.3184719999554,803.418444299954,0.829454299993813,805.3519154000096,805.751866000006,805.8539242999395,805.8539242999395,h,1,1.7282540999585765,807.6018358999863,807.6018358999863,807.6018358999863,807.6018358999863,NA,NA,NA,NA,NA,NA,032,001,2024-02-15_14h43.25.566,PsychoPy Exp,2023.1.2,60.023433186994815
BeliefN,ExpTrialStim/Square_NB_1.png,Adam THINKS there are ZERO cubes,b,h,TB-K,1,1,0,1,1,0,0,0,0,0,NB,PropFalse,SA1,SB,0,139,139,165,NA,NA,NA,NA,NA,807.6018358999863,0.00154339999426156,808.3350786999799,808.435069500003,0.8298873000312597,810.3683784999885,810.7685596999945,810.8706514999503,810.8706514999503,h,1,2.48790139995981,813.3849492999725,813.3849492999725,813.3849492999725,813.3849492999725,NA,NA,NA,NA,NA,NA,032,001,2024-02-15_14h43.25.566,PsychoPy Exp,2023.1.2,60.023433186994815
KnowledgeY,ExpTrialStim/Square_Square_NB_6.png,Adam KNOWS there are TWO cubes,h,b,TB-K,2,2,0,2,2,0,0,0,0,2,NB,-,SA1: SB3,SG: SB,0,140,140,233,NA,NA,NA,NA,NA,813.3849492999725,0.00171830004546791,814.1184073999757,814.2185215000063,0.829494799952954,816.1518877999624,816.5518603000091,816.6538503000047,816.6538503000047,b,1,1.1603106000693515,817.8351567999925,817.8351567999925,817.8351567999925,817.8351567999925,NA,NA,NA,NA,NA,NA,032,001,2024-02-15_14h43.25.566,PsychoPy Exp,2023.1.2,60.023433186994815
KnowledgeY,ExpTrialStim/Square_Triangle_B_6.png,Adam KNOWS there is ONE cube,h,b,FB-Ig,2,1,1,2,1,1,0,0,0,1,B,-,SB3: TA2,SB: TO,0,141,141,263,NA,NA,NA,NA,NA,817.8351567999925,0.00178090005647391,818.5683851999929,818.6684805999976,0.8295692000538111,820.6016167999478,821.001820000005,821.1038518999703,821.1038518999703,b,1,1.4462574999779465,822.5685242000036,822.5685242000036,822.5685242000036,822.5685242000036,NA,NA,NA,NA,NA,NA,032,001,2024-02-15_14h43.25.566,PsychoPy Exp,2023.1.2,60.023433186994815
RealityY,ExpTrialStim/Square_B_Square_5.png,"In REALITY, there are TWO cubes",h,b,FB-Ig,2,2,0,1,1,0,1,1,0,2,B,-,SB2: SD3,SB: SG,0,142,142,46,NA,NA,NA,NA,NA,822.5685242000036,0.00168440002016723,823.3017160999589,823.4016726999544,0.8296074999962002,825.3350268999347,825.7351048999699,825.8373068999499,825.8373068999499,b,1,1.8327804999426007,827.7015600999584,827.7015600999584,827.7015600999584,827.7015600999584,NA,NA,NA,NA,NA,NA,032,001,2024-02-15_14h43.25.566,PsychoPy Exp,2023.1.2,60.023433186994815
KnowledgeN,ExpTrialStim/Triangle_Triangle_NB_2.png,Adam KNOWS there are TWO cubes,b,h,TB-K,2,0,2,2,0,2,0,0,0,2,NB,PropFalse,TA2: TB3,TO: TR,0,143,143,277,NA,NA,NA,NA,NA,827.7015600999584,5.5110000539571e-4,828.4350894999225,828.53503369994,0.8310481000225991,830.468583800015,830.8683582999511,830.9706810999196,830.9706810999196,h,1,1.4999972999794409,832.5015839999542,832.5015839999542,832.5015839999542,832.5015839999542,NA,NA,NA,NA,NA,NA,032,001,2024-02-15_14h43.25.566,PsychoPy Exp,2023.1.2,60.023433186994815
KnowledgeN,ExpTrialStim/Triangle_NB_1.png,Adam KNOWS there is ONE cube,b,h,TB-K,1,0,1,1,0,1,0,0,0,1,NB,PropFalse,TA1,TO,0,144,144,270,NA,NA,NA,NA,NA,832.5015839999542,4.6130002010613e-4,833.235036399914,833.335162299918,0.8312908000079915,835.2684595999308,835.6684572999366,835.7705324999988,835.7705324999988,h,1,2.059588700067252,837.8515632000053,837.8515632000053,837.8515632000053,837.8515632000053,NA,NA,NA,NA,NA,NA,032,001,2024-02-15_14h43.25.566,PsychoPy Exp,2023.1.2,60.023433186994815
BeliefY,ExpTrialStim/Triangle_B_Triangle_1.png,Adam THINKS there are ZERO cubes,h,b,TB-Ig,2,0,2,1,0,1,1,0,1,0,B,-,TA3: TD1,TY: TR,0,145,145,130,NA,NA,NA,NA,NA,837.8515632000053,0.00168560002930462,838.5850420999341,838.6851251999615,0.8295396999455988,840.6183063000208,841.0183321000077,841.1205613999628,841.1205613999628,h,0,3.2138774999184534,844.3516756999306,844.3516756999306,844.3516756999306,844.3516756999306,NA,NA,NA,NA,NA,NA,032,001,2024-02-15_14h43.25.566,PsychoPy Exp,2023.1.2,60.023433186994815
RealityY,ExpTrialStim/B_Square_3.png,"In REALITY, there is ONE cube",h,b,FB-Ig,1,1,0,0,0,0,1,1,0,1,B,-,SD1,SP,0,146,146,40,NA,NA,NA,NA,NA,844.3516756999306,0.00113059999421238,845.0849653999321,845.1850913999369,0.8303134000161663,847.1184398999903,847.5184179999633,847.620513599948,847.620513599948,b,1,1.4815629000077024,849.1182207999518,849.1182207999518,849.1182207999518,849.1182207999518,NA,NA,NA,NA,NA,NA,032,001,2024-02-15_14h43.25.566,PsychoPy Exp,2023.1.2,60.023433186994815
KnowledgeY,ExpTrialStim/Triangle_Triangle_B_8.png,Adam KNOWS there are ZERO cubes,h,b,TB-Ig,2,0,2,2,0,2,0,0,0,0,B,-,TA2: TB3,TY:TO,0,147,147,241,NA,NA,NA,NA,NA,849.1182207999518,4.1750003583729e-4,849.8516450999305,849.9517460999778,0.831079600029625,851.8850549999624,852.2849911999656,852.3870707999449,852.3870707999449,b,1,1.234943600022234,853.6515506999567,853.6515506999567,853.6515506999567,853.6515506999567,NA,NA,NA,NA,NA,NA,032,001,2024-02-15_14h43.25.566,PsychoPy Exp,2023.1.2,60.023433186994815
RealityY,ExpTrialStim/Square_Square_B_2.png,"In REALITY, there are TWO cubes",h,b,TB-K-B,2,2,0,2,2,0,0,0,0,2,B,-,SA2: SB3,SB: SP,0,148,148,35,NA,NA,NA,NA,NA,853.6515506999567,0.00152349995914846,854.3849449999398,854.4850666999118,0.8296646999660879,856.4184359000064,856.8184481000062,856.9205455000047,856.9205455000047,b,1,2.269493500003591,859.2181827999884,859.2181827999884,859.2181827999884,859.2181827999884,NA,NA,NA,NA,NA,NA,032,001,2024-02-15_14h43.25.566,PsychoPy Exp,2023.1.2,60.023433186994815
BeliefY,ExpTrialStim/Square_Square_B_5.png,Adam THINKS there are TWO cubes,h,b,TB-K-B,2,2,0,2,2,0,0,0,0,2,B,-,SA3: SB2,SP: SB,0,149,149,138,NA,NA,NA,NA,NA,859.2181827999884,0.00169689999893307,859.9514596000081,860.0515722999116,0.8294878000160679,861.9849019999383,862.3851100999163,862.4872352000093,862.4872352000093,b,1,1.2548329000128433,863.768294599955,863.768294599955,863.768294599955,863.768294599955,NA,NA,NA,NA,NA,NA,032,001,2024-02-15_14h43.25.566,PsychoPy Exp,2023.1.2,60.023433186994815
KnowledgeN,ExpTrialStim/Square_NB_2.png,Adam KNOWS there are TWO cubes,b,h,TB-K,1,1,0,1,1,0,0,0,0,2,NB,PropFalse,SA3,SP,0,150,150,274,NA,NA,NA,NA,NA,863.768294599955,0.00166660000104457,864.5015965999337,864.6015970999142,0.8292779000476003,866.5350807999494,866.9350416999077,867.0370266999817,867.0370266999817,h,1,1.4010070998920128,868.4681193999713,868.4681193999713,868.4681193999713,868.4681193999713,NA,NA,NA,NA,NA,NA,032,001,2024-02-15_14h43.25.566,PsychoPy Exp,2023.1.2,60.023433186994815
BeliefN,ExpTrialStim/Square_Triangle_NB_3.png,Adam THINKS there are TWO cubes,b,h,TB-K,2,1,1,2,1,1,0,0,0,2,NB,PropFalse,SB3: TA2,SP: TY,0,151,151,173,NA,NA,NA,NA,NA,868.4681193999713,4.0869996882975e-4,869.201593899983,869.3017090000212,0.8314046000596136,871.2348347000079,871.6349846000085,871.7371190999402,871.7371190999402,h,1,1.7245703999651596,873.4848486999981,873.4848486999981,873.4848486999981,873.4848486999981,NA,NA,NA,NA,NA,NA,032,001,2024-02-15_14h43.25.566,PsychoPy Exp,2023.1.2,60.023433186994815
KnowledgeN,ExpTrialStim/Square_Triangle_B_9.png,Adam KNOWS there are ZERO cubes,b,h,TB-K-B,2,1,1,2,1,1,0,0,0,0,B,PropFalse,SA3: TB2,SG: TR,0,152,152,304,NA,NA,NA,NA,NA,873.4848486999981,7.8999996185302e-4,874.2182643999113,874.3183910999214,0.8307667999761179,876.251507799956,876.6516521999147,876.753801099956,876.753801099956,h,1,3.100263300002553,879.8848813999211,879.8848813999211,879.8848813999211,879.8848813999211,NA,NA,NA,NA,NA,NA,032,001,2024-02-15_14h43.25.566,PsychoPy Exp,2023.1.2,60.023433186994815
RealityN,ExpTrialStim/Triangle_B_Square_3.png,"In REALITY, there are TWO cubes",b,h,FB-Ig,2,1,1,1,0,1,1,1,0,2,B,PropFalse,SD1: TA2,SG: TR,0,153,153,106,NA,NA,NA,NA,NA,879.8848813999211,0.00151179998647421,880.6182203999488,880.7182018000167,0.829635199974291,882.6515384999802,883.0516142999986,883.1537357999478,883.1537357999478,h,1,1.77176499995403,884.9512429999886,884.9512429999886,884.9512429999886,884.9512429999886,NA,NA,NA,NA,NA,NA,032,001,2024-02-15_14h43.25.566,PsychoPy Exp,2023.1.2,60.023433186994815
BeliefY,ExpTrialStim/Triangle_NB_2.png,Adam THINKS there are ZERO cubes,h,b,TB-K,1,0,1,1,0,1,0,0,0,0,NB,-,TA3,TY,0,154,154,109,NA,NA,NA,NA,NA,884.9512429999886,3.9870000910013e-4,885.6848607999273,885.7849649999989,0.8314115999964997,887.7184092999669,888.1183006999781,888.220347299939,888.220347299939,b,1,3.1538108000531793,891.4016021999996,891.4016021999996,891.4016021999996,891.4016021999996,NA,NA,NA,NA,NA,NA,032,001,2024-02-15_14h43.25.566,PsychoPy Exp,2023.1.2,60.023433186994815
BeliefY,ExpTrialStim/Square_B_2.png,Adam THINKS there is ONE cube,h,b,TB-Ig,1,1,0,1,1,0,0,0,0,1,B,-,SB2,SB,0,155,155,129,NA,NA,NA,NA,NA,891.4016021999996,0.00170669995713979,892.1348716999637,892.2350254999474,0.8295757999876514,894.1682936999714,894.5682433999609,894.6702291999245,894.6702291999245,h,0,2.6958253000630066,897.3849174999632,897.3849174999632,897.3849174999632,897.3849174999632,NA,NA,NA,NA,NA,NA,032,001,2024-02-15_14h43.25.566,PsychoPy Exp,2023.1.2,60.023433186994815
RealityY,ExpTrialStim/Square_Square_B_4.png,"In REALITY, there are TWO cubes",h,b,TB-K-B,2,2,0,2,2,0,0,0,0,2,B,-,SA2: SB1,SG: SP,0,156,156,37,NA,NA,NA,NA,NA,897.3849174999632,0.00170540006365627,898.1181581999408,898.2182805999182,0.829548200010322,900.1516096999403,900.5516142999986,900.6537351999432,900.6537351999432,b,1,1.2481648999964818,901.918149099918,901.918149099918,901.918149099918,901.918149099918,NA,NA,NA,NA,NA,NA,032,001,2024-02-15_14h43.25.566,PsychoPy Exp,2023.1.2,60.023433186994815
BeliefY,ExpTrialStim/Square_Square_B_4.png,Adam THINKS there are TWO cubes,h,b,TB-K-B,2,2,0,2,2,0,0,0,0,2,B,-,SA2: SB1,SG: SP,0,157,157,137,NA,NA,NA,NA,NA,901.918149099918,9.178000036627e-4,902.6514686999144,902.7516486999812,0.8306507000233978,904.6849308999954,905.0849460000172,905.1869978000176,905.1869978000176,b,1,1.0268474000040442,906.2348572999472,906.2348572999472,906.2348572999472,906.2348572999472,NA,NA,NA,NA,NA,NA,032,001,2024-02-15_14h43.25.566,PsychoPy Exp,2023.1.2,60.023433186994815
KnowledgeY,ExpTrialStim/Square_Triangle_B_10.png,Adam KNOWS there is ONE cube,h,b,FB-Ig,2,1,1,2,1,1,0,0,0,1,B,-,SB1: TA2,SP: TY,0,158,158,267,NA,NA,NA,NA,NA,906.2348572999472,0.00169710000045597,906.9681466999464,907.0682667999064,0.8295163000002503,909.0015888999916,909.4015991999768,909.5036514999812,909.5036514999812,b,1,2.2462258000159636,911.767931499984,911.767931499984,911.767931499984,911.767931499984,NA,NA,NA,NA,NA,NA,032,001,2024-02-15_14h43.25.566,PsychoPy Exp,2023.1.2,60.023433186994815
RealityY,ExpTrialStim/Triangle_Triangle_B_8.png,"In REALITY, there are ZERO cubes",h,b,TB-K-B,2,0,2,2,0,2,0,0,0,0,B,-,TA2: TB3,TY:TO,0,159,159,33,NA,NA,NA,NA,NA,911.767931499984,0.00173629994969815,912.5014607999474,912.6015855999432,0.8292354999575764,914.5349080999148,914.9348421000176,915.0368883999764,915.0368883999764,b,1,3.144662700011395,918.20143929997,918.20143929997,918.20143929997,918.20143929997,NA,NA,NA,NA,NA,NA,032,001,2024-02-15_14h43.25.566,PsychoPy Exp,2023.1.2,60.023433186994815
KnowledgeY,ExpTrialStim/Square_Triangle_B_12.png,Adam KNOWS there is ONE cube,h,b,FB-Ig,2,1,1,2,1,1,0,0,0,1,B,-,SB3: TA1,SB: TO,0,160,160,269,NA,NA,NA,NA,NA,918.20143929997,8.173999376595e-4,918.9347706999396,919.034875500016,0.8308784998953342,920.9680745999794,921.3681548999156,921.4702843999256,921.4702843999256,b,1,2.031825299956836,923.5181621999944,923.5181621999944,923.5181621999944,923.5181621999944,NA,NA,NA,NA,NA,NA,032,001,2024-02-15_14h43.25.566,PsychoPy Exp,2023.1.2,60.023433186994815
RealityN,ExpTrialStim/B_Square_2.png,"In REALITY, there are TWO cubes",b,h,FB-Ig,1,1,0,0,0,0,1,1,0,2,B,PropFalse,SC3,SG,0,161,161,93,NA,NA,NA,NA,NA,923.5181621999944,0.00192700000479817,924.2514235000126,924.3515415999572,0.829349200008437,926.2848994999658,926.684860499925,926.7869248000206,926.7869248000206,h,1,0.9949191999621688,927.8143031999934,NA,927.8143031999934,NA,space,10.783514199894851,NA,NA,NA,NA,032,001,2024-02-15_14h43.25.566,PsychoPy Exp,2023.1.2,60.023433186994815
KnowledgeY,ExpTrialStim/Square_Triangle_B_2.png,Adam KNOWS there is ONE cube,h,b,FB-Ig,2,1,1,2,1,1,0,0,0,1,B,-,SA2: TB3,SB: TO,0,162,162,259,NA,NA,NA,NA,NA,938.61789949995,0.00184380006976425,939.3513904999708,939.4514820999466,0.8317609000951052,941.3846466999968,941.784802399925,941.8869592999108,941.8869592999108,b,1,1.8068692999659104,943.7180358999176,943.7180358999176,943.7180358999176,943.7180358999176,NA,NA,NA,NA,NA,NA,032,001,2024-02-15_14h43.25.566,PsychoPy Exp,2023.1.2,60.023433186994815
RealityN,ExpTrialStim/Triangle_B_Triangle_1.png,"In REALITY, there is ONE cube",b,h,TB-Ig,2,0,2,1,0,1,1,0,1,1,B,PropFalse,TA3: TD1,TY: TR,0,163,163,76,NA,NA,NA,NA,NA,943.7180358999176,0.0017435000045225,944.4680241999448,944.5681853999848,0.8442598999245092,946.50133619993,946.90136899997,947.0034683999838,947.0034683999838,h,1,2.1783019999274984,949.201273099985,949.201273099985,949.201273099985,949.201273099985,NA,NA,NA,NA,NA,NA,032,001,2024-02-15_14h43.25.566,PsychoPy Exp,2023.1.2,60.023433186994815
RealityN,ExpTrialStim/Triangle_NB_3.png,"In REALITY, there are TWO cubes",b,h,TB-K,1,0,1,1,0,1,0,0,0,2,NB,PropFalse,TB2,TR,0,164,164,56,NA,NA,NA,NA,NA,949.201273099985,0.00174179999157786,949.9346739000176,950.0347978000063,0.8295314999995753,951.9680055999196,952.3681049000006,952.4701990999748,952.4701990999748,h,1,2.2958691000239924,954.7847375000129,954.7847375000129,954.7847375000129,954.7847375000129,NA,NA,NA,NA,NA,NA,032,001,2024-02-15_14h43.25.566,PsychoPy Exp,2023.1.2,60.023433186994815
KnowledgeY,ExpTrialStim/Square_Triangle_B_4.png,Adam KNOWS there is ONE cube,h,b,FB-Ig,2,1,1,2,1,1,0,0,0,1,B,-,SB1: TA3,SP: TY,0,165,165,261,NA,NA,NA,NA,NA,954.7847375000129,0.00179329991806298,955.5179846999235,955.6181046999992,0.8296451999340206,957.551471099956,957.9514301000164,958.053500799928,958.053500799928,b,1,2.4719022000208497,960.5512587999692,960.5512587999692,960.5512587999692,960.5512587999692,NA,NA,NA,NA,NA,NA,032,001,2024-02-15_14h43.25.566,PsychoPy Exp,2023.1.2,60.023433186994815
BeliefN,ExpTrialStim/Triangle_B_Square_3.png,Adam THINKS there is ONE cube,b,h,FB-Ig,2,1,1,1,0,1,1,1,0,1,B,PropTrueNoBelief,SD1: TA2,SG: TR,0,166,166,214,NA,NA,NA,NA,NA,960.5512587999692,6.683999672532e-4,961.284658299992,961.3848113999702,0.8309805999742821,963.3181096999906,963.718028299976,963.8201609000098,963.8201609000098,h,1,8.450152300065383,972.3011632999404,972.3011632999404,972.3011632999404,972.3011632999404,NA,NA,NA,NA,NA,NA,032,001,2024-02-15_14h43.25.566,PsychoPy Exp,2023.1.2,60.023433186994815
BeliefY,ExpTrialStim/Square_Square_NB_5.png,Adam THINKS there are TWO cubes,h,b,TB-K,2,2,0,2,2,0,0,0,0,2,NB,-,SA3: SB2,SB: SP,0,167,167,124,NA,NA,NA,NA,NA,972.3011632999404,4.3080002069473e-4,973.0346149000106,973.1345855999972,0.8313636999810115,975.068075499963,975.468049600022,975.5701649999246,975.5701649999246,b,1,1.267556400038302,976.867968000006,976.867968000006,976.867968000006,976.867968000006,NA,NA,NA,NA,NA,NA,032,001,2024-02-15_14h43.25.566,PsychoPy Exp,2023.1.2,60.023433186994815
RealityN,ExpTrialStim/Triangle_B_Triangle_2.png,"In REALITY, there are TWO cubes",b,h,TB-Ig,2,0,2,1,0,1,1,0,1,2,B,PropFalse,TB1: TC2,TO: TY,0,168,168,77,NA,NA,NA,NA,NA,976.867968000006,0.00175200006924569,977.601256199996,977.7013448999496,0.8294397999998182,979.6347265999066,980.034743499942,980.1367667999584,980.1367667999584,h,1,0.8286015999037772,980.9844956999876,980.9844956999876,980.9844956999876,980.9844956999876,NA,NA,NA,NA,NA,NA,032,001,2024-02-15_14h43.25.566,PsychoPy Exp,2023.1.2,60.023433186994815
KnowledgeN,ExpTrialStim/Square_B_Square_4.png,Adam KNOWS there are TWO cubes,b,h,FB-Ig,2,2,0,1,1,0,1,1,0,2,B,PropTrueNoKnowledge,SB1: SD2,SG: SP,0,169,169,315,NA,NA,NA,NA,NA,980.9844956999876,5.9340009465813e-4,981.717737399973,981.8181212999624,0.8309440000448376,983.7513736999828,984.151342600002,984.253447899944,984.253447899944,h,1,1.7361989999189973,986.017976299976,986.017976299976,986.017976299976,986.017976299976,NA,NA,NA,NA,NA,NA,032,001,2024-02-15_14h43.25.566,PsychoPy Exp,2023.1.2,60.023433186994815
RealityY,ExpTrialStim/Square_B_Square_8.png,"In REALITY, there are TWO cubes",h,b,FB-Ig,2,2,0,1,1,0,1,1,0,2,B,-,SA1: SD2,SP: SG,0,170,170,49,NA,NA,NA,NA,NA,986.017976299976,0.00171039998531341,986.7512332999612,986.851280199946,0.8292070000898093,988.7847088999116,989.184660699917,989.2867680999916,989.2867680999916,b,1,1.8229350000619888,991.1342816000106,991.1342816000106,991.1342816000106,991.1342816000106,NA,NA,NA,NA,NA,NA,032,001,2024-02-15_14h43.25.566,PsychoPy Exp,2023.1.2,60.023433186994815
RealityN,ExpTrialStim/Square_B_Square_5.png,"In REALITY, there is ONE cube",b,h,FB-Ig,2,2,0,1,1,0,1,1,0,1,B,PropFalse,SB2: SD3,SB: SG,0,171,171,100,NA,NA,NA,NA,NA,991.1342816000106,0.00172699999529868,991.867911499925,991.9680070999312,0.8295397999463603,993.901187099982,994.3012402999448,994.4033720999724,994.4033720999724,h,1,1.898213299922645,996.3177958999296,996.3177958999296,996.3177958999296,996.3177958999296,NA,NA,NA,NA,NA,NA,032,001,2024-02-15_14h43.25.566,PsychoPy Exp,2023.1.2,60.023433186994815
RealityY,ExpTrialStim/Triangle_NB_3.png,"In REALITY, there are ZERO cubes",h,b,TB-K,1,0,1,1,0,1,0,0,0,0,NB,-,TB2,TR,0,172,172,2,NA,NA,NA,NA,NA,996.3177958999296,4.3050001841038e-4,997.0511965999611,997.1513299000216,0.8312336000381038,999.0846715999068,999.4846433999484,999.586687300005,999.586687300005,b,1,1.6029656999744477,1001.217949599959,1001.217949599959,1001.217949599959,1001.217949599959,NA,NA,NA,NA,NA,NA,032,001,2024-02-15_14h43.25.566,PsychoPy Exp,2023.1.2,60.023433186994815
KnowledgeN,ExpTrialStim/Triangle_Triangle_B_9.png,Adam KNOWS there is ONE cube,b,h,TB-K-B,2,0,2,2,0,2,0,0,0,1,B,PropFalse,TA3: TB1,TO: TR,0,173,173,296,NA,NA,NA,NA,NA,1001.217949599959,0.00169990002177655,1001.9512252999702,1002.0513449999272,0.8294740000274032,1003.984634099994,1004.3844849999296,1004.486766399932,1004.486766399932,h,1,2.406454300042242,1006.9178089000052,1006.9178089000052,1006.9178089000052,1006.9178089000052,NA,NA,NA,NA,NA,NA,032,001,2024-02-15_14h43.25.566,PsychoPy Exp,2023.1.2,60.023433186994815
BeliefN,ExpTrialStim/Triangle_B_Triangle_1.png,Adam THINKS there is ONE cube,b,h,TB-Ig,2,0,2,1,0,1,1,0,1,1,B,PropFalse,TA3: TD1,TY: TR,0,174,174,184,NA,NA,NA,NA,NA,1006.9178089000052,6.1230000574141e-4,1007.6511955999304,1007.7513207999292,0.8310381000628695,1009.6846599999116,1010.0845577999715,1010.186678399914,1010.186678399914,h,1,3.1068728000391275,1013.3178799999878,1013.3178799999878,1013.3178799999878,1013.3178799999878,NA,NA,NA,NA,NA,NA,032,001,2024-02-15_14h43.25.566,PsychoPy Exp,2023.1.2,60.023433186994815
RealityN,ExpTrialStim/Square_Square_NB_4.png,"In REALITY, there is ONE cube",b,h,TB-K,2,2,0,2,2,0,0,0,0,1,NB,PropFalse,SA2: SB1,SP: SG,0,175,175,69,NA,NA,NA,NA,NA,1013.3178799999878,0.00171670003328472,1014.0511446999152,1014.1510430999332,0.8292176000541076,1016.0846153999446,1016.4845798999304,1016.5866907999152,1016.5866907999152,h,1,1.3065065999981016,1017.9177173000062,1017.9177173000062,1017.9177173000062,1017.9177173000062,NA,NA,NA,NA,NA,NA,032,001,2024-02-15_14h43.25.566,PsychoPy Exp,2023.1.2,60.023433186994815
BeliefN,ExpTrialStim/Square_Triangle_B_5.png,Adam THINKS there are ZERO cubes,b,h,TB-K-B,2,1,1,2,1,1,0,0,0,0,B,PropFalse,SB2: TA1,SG: TR,0,176,176,196,NA,NA,NA,NA,NA,1017.9177173000062,4.0870008524507e-4,1018.6511639999226,1018.7511464999988,0.8312131999991834,1020.684620199958,1021.08461479994,1021.1867478999776,1021.1867478999776,h,1,2.114753600093536,1023.3177953999256,1023.3177953999256,1023.3177953999256,1023.3177953999256,NA,NA,NA,NA,NA,NA,032,001,2024-02-15_14h43.25.566,PsychoPy Exp,2023.1.2,60.023433186994815
BeliefN,ExpTrialStim/Triangle_Triangle_B_8.png,Adam THINKS there are TWO cubes,b,h,TB-K-B,2,0,2,2,0,2,0,0,0,2,B,PropFalse,TA2: TB3,TY:TO,0,177,177,191,NA,NA,NA,NA,NA,1023.3177953999256,7.7630009036511e-4,1024.0511186999502,1024.1510731999297,0.8308631000109017,1026.0844415000174,1026.484581599943,1026.586639599991,1026.586639599991,h,1,2.794599900022149,1029.4010731999297,1029.4010731999297,1029.4010731999297,1029.4010731999297,NA,NA,NA,NA,NA,NA,032,001,2024-02-15_14h43.25.566,PsychoPy Exp,2023.1.2,60.023433186994815
BeliefN,ExpTrialStim/Square_Triangle_B_6.png,Adam THINKS there are ZERO cubes,b,h,TB-K-B,2,1,1,2,1,1,0,0,0,0,B,PropFalse,SB3: TA2,SB: TO,0,178,178,197,NA,NA,NA,NA,NA,1029.4010731999297,9.1880001127719e-4,1030.134449000005,1030.2345742000034,0.8307356999721378,1032.1676410000073,1032.567801999976,1032.6699343000073,1032.6699343000073,h,1,1.3432885999791324,1034.0344349999214,1034.0344349999214,1034.0344349999214,1034.0344349999214,NA,NA,NA,NA,NA,NA,032,001,2024-02-15_14h43.25.566,PsychoPy Exp,2023.1.2,60.023433186994815
BeliefY,ExpTrialStim/Square_Square_B_9.png,Adam THINKS there are TWO cubes,h,b,TB-K-B,2,2,0,2,2,0,0,0,0,2,B,-,SA3: SB1,SB: SG,0,179,179,142,NA,NA,NA,NA,NA,1034.0344349999214,7.972999010235e-4,1034.7676249999786,1034.8679056999972,0.8307525999844074,1036.801081600017,1037.201202899916,1037.303286899929,1037.303286899929,b,1,1.8618868000339717,1039.1842928999104,1039.1842928999104,1039.1842928999104,1039.1842928999104,NA,NA,NA,NA,NA,NA,032,001,2024-02-15_14h43.25.566,PsychoPy Exp,2023.1.2,60.023433186994815
RealityY,ExpTrialStim/Triangle_B_2.png,"In REALITY, there are ZERO cubes",h,b,TB-Ig,1,0,1,1,0,1,0,0,0,0,B,-,TB2,TO,0,180,180,19,NA,NA,NA,NA,NA,1039.1842928999104,4.2589998338371e-4,1039.9177663999144,1040.01785449998,0.8312620000215247,1041.9512039999245,1042.3512139999077,1042.4532904999796,1042.4532904999796,h,0,1.9442020000424236,1044.4176184999524,1044.4176184999524,1044.4176184999524,1044.4176184999524,NA,NA,NA,NA,NA,NA,032,001,2024-02-15_14h43.25.566,PsychoPy Exp,2023.1.2,60.023433186994815
RealityY,ExpTrialStim/Triangle_Triangle_B_6.png,"In REALITY, there are ZERO cubes",h,b,TB-K-B,2,0,2,2,0,2,0,0,0,0,B,-,TA1: TB3,TO: TY,0,181,181,31,NA,NA,NA,NA,NA,1044.4176184999524,0.00188200001139193,1045.151110999985,1045.251037699985,0.8292608000338078,1047.1843741999471,1047.5844003999373,1047.6865587999346,1047.6865587999346,b,1,2.863137900014408,1050.56775799999,1050.56775799999,1050.56775799999,1050.56775799999,NA,NA,NA,NA,NA,NA,032,001,2024-02-15_14h43.25.566,PsychoPy Exp,2023.1.2,60.023433186994815
KnowledgeN,ExpTrialStim/Square_B_Triangle_1.png,Adam KNOWS there is ONE cube,b,h,TB-Ig,2,1,1,1,1,0,1,0,1,1,B,PropTrueNoKnowledge,SB1: TD3,SB: TO,0,182,182,294,NA,NA,NA,NA,NA,1050.56775799999,0.00151640002150088,1051.301057799952,1051.401153499959,0.829823000007309,1053.3343790000072,1053.7344795999816,1053.8365815000143,1053.8365815000143,b,0,5.368597700027749,1059.2342300999444,1059.2342300999444,1059.2342300999444,1059.2342300999444,NA,NA,NA,NA,NA,NA,032,001,2024-02-15_14h43.25.566,PsychoPy Exp,2023.1.2,60.023433186994815
BeliefN,ExpTrialStim/Square_B_Square_6.png,Adam THINKS there are TWO cubes,b,h,FB-Ig,2,2,0,1,1,0,1,1,0,2,B,PropTrueNoBelief,SB3: SC1,SP: SG,0,183,183,209,NA,NA,NA,NA,NA,1059.2342300999444,4.0490005630999e-4,1059.9676838999148,1060.0677916000132,0.8310856999596581,1062.0011513999198,1062.4011396999704,1062.5033477999968,1062.5033477999968,h,1,2.270227500004694,1064.800864199991,1064.800864199991,1064.800864199991,1064.800864199991,NA,NA,NA,NA,NA,NA,032,001,2024-02-15_14h43.25.566,PsychoPy Exp,2023.1.2,60.023433186994815
KnowledgeY,ExpTrialStim/Triangle_Triangle_B_5.png,Adam KNOWS there are ZERO cubes,h,b,TB-Ig,2,0,2,2,0,2,0,0,0,0,B,-,TA3: TB2,TR: TO,0,184,184,238,NA,NA,NA,NA,NA,1064.800864199991,0.00171719992067664,1065.5343303999398,1065.6344762999795,0.8293996999273077,1067.5678328999784,1067.9675241999794,1068.0697892999742,1068.0697892999742,b,1,1.9195208000019193,1070.0177541999146,1070.0177541999146,1070.0177541999146,1070.0177541999146,NA,NA,NA,NA,NA,NA,032,001,2024-02-15_14h43.25.566,PsychoPy Exp,2023.1.2,60.023433186994815
RealityY,ExpTrialStim/Square_NB_1.png,"In REALITY, there is ONE cube",h,b,TB-K,1,1,0,1,1,0,0,0,0,1,NB,-,SA1,SB,0,185,185,3,NA,NA,NA,NA,NA,1070.0177541999146,0.00173549994360655,1070.7509703999383,1070.8509743999457,0.8294598999200389,1072.7844675999368,1073.1844569999955,1073.2865249000024,1073.2865249000024,b,1,1.431039100047201,1074.734291199944,1074.734291199944,1074.734291199944,1074.734291199944,NA,NA,NA,NA,NA,NA,032,001,2024-02-15_14h43.25.566,PsychoPy Exp,2023.1.2,60.023433186994815
KnowledgeY,ExpTrialStim/Square_Square_B_5.png,Adam KNOWS there are TWO cubes,h,b,TB-K-B,2,2,0,2,2,0,0,0,0,2,B,-,SA3: SB2,SP: SB,0,186,186,250,NA,NA,NA,NA,NA,1074.734291199944,7.7340006828308e-4,1075.4675223999657,1075.5677776999073,0.8307984001003206,1077.500909299939,1077.9010025999742,1078.0031545999227,1078.0031545999227,b,1,0.5539186999667436,1078.584209499997,1078.584209499997,1078.584209499997,1078.584209499997,NA,NA,NA,NA,NA,NA,032,001,2024-02-15_14h43.25.566,PsychoPy Exp,2023.1.2,60.023433186994815
RealityY,ExpTrialStim/Square_B_Triangle_2.png,"In REALITY, there is ONE cube",h,b,TB-Ig,2,1,1,1,1,0,1,0,1,1,B,-,SD3: TD2,SP: TY,0,187,187,25,NA,NA,NA,NA,NA,1078.584209499997,6.8739999551326e-4,1079.3176339999773,1079.4177189000184,0.8309106000233442,1081.3510549999774,1081.7509561999468,1081.8531097999075,1081.8531097999075,b,1,0.4559813999803737,1082.3341677999124,1082.3341677999124,1082.3341677999124,1082.3341677999124,NA,NA,NA,NA,NA,NA,032,001,2024-02-15_14h43.25.566,PsychoPy Exp,2023.1.2,60.023433186994815
RealityN,ExpTrialStim/Square_NB_3.png,"In REALITY, there are TWO cubes",b,h,TB-K,1,1,0,1,1,0,0,0,0,2,NB,PropFalse,SB2,SG,0,188,188,59,NA,NA,NA,NA,NA,1082.3341677999124,6.0869997832924e-4,1083.067624600022,1083.167728799977,0.831070699961856,1085.1009726999328,1085.5009047000203,1085.6031607999466,1085.6031607999466,h,1,1.0018371000187472,1086.6341915999074,1086.6341915999074,1086.6341915999074,1086.6341915999074,NA,NA,NA,NA,NA,NA,032,001,2024-02-15_14h43.25.566,PsychoPy Exp,2023.1.2,60.023433186994815
BeliefN,ExpTrialStim/B_Square_3.png,Adam THINKS there is ONE cube,b,h,FB-Ig,1,1,0,0,0,0,1,1,0,1,B,PropTrueNoBelief,SD1,SP,0,189,189,202,NA,NA,NA,NA,NA,1086.6341915999074,5.9139996301382e-4,1087.3675720000174,1087.4677237999858,0.831066699931398,1089.4010654999877,1089.8010696999263,1089.9031023000134,1089.9031023000134,h,1,3.0862488000420853,1093.017640299979,1093.017640299979,1093.017640299979,1093.017640299979,NA,NA,NA,NA,NA,NA,032,001,2024-02-15_14h43.25.566,PsychoPy Exp,2023.1.2,60.023433186994815
BeliefY,ExpTrialStim/Triangle_B_Square_2.png,Adam THINKS there are ZERO cubes,h,b,FB-Ig,2,1,1,1,0,1,1,1,0,0,B,-,SC3: TB3,SP: TY,0,190,190,159,NA,NA,NA,NA,NA,1093.017640299979,0.0016845999052748,1093.75093869993,1093.850896299933,0.8295785998925567,1095.784412399982,1096.184246400022,1096.2863625999307,1096.2863625999307,h,0,2.0712697999551892,1098.3840502999956,1098.3840502999956,1098.3840502999956,1098.3840502999956,NA,NA,NA,NA,NA,NA,032,001,2024-02-15_14h43.25.566,PsychoPy Exp,2023.1.2,60.023433186994815
RealityN,ExpTrialStim/Square_Square_B_3.png,"In REALITY, there is ONE cube",b,h,TB-K-B,2,2,0,2,2,0,0,0,0,1,B,PropFalse,SA3: SB1,SG: SB,0,191,191,86,NA,NA,NA,NA,NA,1098.3840502999956,4.1019998025149e-4,1099.1175543999998,1099.217736099963,0.8313219998963177,1101.1510287999408,1101.5510008999845,1101.6530742999166,1101.6530742999166,h,1,1.0167273000115529,1102.70087890001,1102.70087890001,1102.70087890001,1102.70087890001,NA,NA,NA,NA,NA,NA,032,001,2024-02-15_14h43.25.566,PsychoPy Exp,2023.1.2,60.023433186994815
KnowledgeN,ExpTrialStim/Square_Square_NB_5.png,Adam KNOWS there is ONE cube,b,h,TB-K,2,2,0,2,2,0,0,0,0,1,NB,PropFalse,SA3: SB2,SB: SP,0,192,192,286,NA,NA,NA,NA,NA,1102.70087890001,0.00153400003910064,1103.4342284000013,1103.534216,0.8298524999991059,1105.467664099997,1105.867613499984,1105.9699022999266,1105.9699022999266,h,1,1.3956374999834225,1107.3841036999363,1107.3841036999363,1107.3841036999363,1107.3841036999363,NA,NA,NA,NA,NA,NA,032,001,2024-02-15_14h43.25.566,PsychoPy Exp,2023.1.2,60.023433186994815
KnowledgeN,ExpTrialStim/Triangle_B_2.png,Adam KNOWS there are ZERO cubes,b,h,TB-Ig,1,0,1,1,0,1,0,0,0,0,B,PropTrueNoKnowledge,TB2,TO,0,193,193,289,NA,NA,NA,NA,NA,1107.3841036999363,0.00169100007042288,1108.1175680999877,1108.2177328999387,0.8295899999793619,1110.1510121999308,1110.5510102999397,1110.6530504999682,1110.6530504999682,h,1,3.8004757000599056,1114.4841091999551,1114.4841091999551,1114.4841091999551,1114.4841091999551,NA,NA,NA,NA,NA,NA,032,001,2024-02-15_14h43.25.566,PsychoPy Exp,2023.1.2,60.023433186994815
KnowledgeY,ExpTrialStim/Triangle_Triangle_B_10.png,Adam KNOWS there are ZERO cubes,h,b,TB-K-B,2,0,2,2,0,2,0,0,0,0,B,-,TA2: TB1,TR: TO,0,194,194,243,NA,NA,NA,NA,NA,1114.4841091999551,0.00168839993420988,1115.2175370999612,1115.3175804999191,0.8288781999144703,1117.2509959000165,1117.6509838999482,1117.753078599926,1117.753078599926,b,1,3.827915200032294,1121.600794399972,1121.600794399972,1121.600794399972,1121.600794399972,NA,NA,NA,NA,NA,NA,032,001,2024-02-15_14h43.25.566,PsychoPy Exp,2023.1.2,60.023433186994815
KnowledgeY,ExpTrialStim/Square_Square_B_3.png,Adam KNOWS there are TWO cubes,h,b,TB-K-B,2,2,0,2,2,0,0,0,0,2,B,-,SA3: SB1,SG: SB,0,195,195,248,NA,NA,NA,NA,NA,1121.600794399972,7.6490000355988e-4,1122.3341603999725,1122.434326599934,0.8307272000238299,1124.3675316999434,1124.7674550999654,1124.8696549999297,1124.8696549999297,b,1,1.416185099980794,1126.317607200006,1126.317607200006,1126.317607200006,1126.317607200006,NA,NA,NA,NA,NA,NA,032,001,2024-02-15_14h43.25.566,PsychoPy Exp,2023.1.2,60.023433186994815
RealityN,ExpTrialStim/Triangle_Triangle_B_2.png,"In REALITY, there is ONE cube",b,h,TB-K-B,2,0,2,2,0,2,0,0,0,1,B,PropFalse,TA2: TB3,TO: TR,0,196,196,81,NA,NA,NA,NA,NA,1126.317607200006,0.00170859997160732,1127.050751099945,1127.1509393999586,0.8296050999779254,1129.0841355000157,1129.484122099937,1129.5863147999626,1129.5863147999626,h,1,1.4669850999489429,1131.0839085999178,1131.0839085999178,1131.0839085999178,1131.0839085999178,NA,NA,NA,NA,NA,NA,032,001,2024-02-15_14h43.25.566,PsychoPy Exp,2023.1.2,60.023433186994815
BeliefY,ExpTrialStim/Square_Square_B_2.png,Adam THINKS there are TWO cubes,h,b,TB-K-B,2,2,0,2,2,0,0,0,0,2,B,-,SA2: SB3,SB: SP,0,197,197,135,NA,NA,NA,NA,NA,1131.0839085999178,0.00431150000076741,1131.83416139998,1131.9342599000083,0.846238199970685,1133.8676121999742,1134.267610299983,1134.3696246999316,1134.3696246999316,b,1,1.1477472999831662,1135.533946499927,1135.533946499927,1135.533946499927,1135.533946499927,NA,NA,NA,NA,NA,NA,032,001,2024-02-15_14h43.25.566,PsychoPy Exp,2023.1.2,60.023433186994815
RealityN,ExpTrialStim/Square_Square_B_4.png,"In REALITY, there is ONE cube",b,h,TB-K-B,2,2,0,2,2,0,0,0,0,1,B,PropFalse,SA2: SB1,SG: SP,0,198,198,87,NA,NA,NA,NA,NA,1135.533946499927,3.7719996180385e-4,1136.2674695999594,1136.367561299936,0.8312108999816701,1138.3009022999322,1138.70086969994,1138.8028115999186,1138.8028115999186,h,1,1.018136400030926,1139.8507473999634,1139.8507473999634,1139.8507473999634,1139.8507473999634,NA,NA,NA,NA,NA,NA,032,001,2024-02-15_14h43.25.566,PsychoPy Exp,2023.1.2,60.023433186994815
BeliefN,ExpTrialStim/Square_B_Triangle_2.png,Adam THINKS there are TWO cubes,b,h,TB-Ig,2,1,1,1,1,0,1,0,1,2,B,PropFalse,SD3: TD2,SP: TY,0,199,199,187,NA,NA,NA,NA,NA,1139.8507473999634,5.8670004364103e-4,1140.584115699981,1140.684074699995,0.8311276000458747,1142.617539400002,1143.0175492999842,1143.1196126999566,1143.1196126999566,h,1,2.989647199981846,1146.1341219999597,1146.1341219999597,1146.1341219999597,1146.1341219999597,NA,NA,NA,NA,NA,NA,032,001,2024-02-15_14h43.25.566,PsychoPy Exp,2023.1.2,60.023433186994815
KnowledgeY,ExpTrialStim/Square_Square_B_6.png,Adam KNOWS there are TWO cubes,h,b,TB-K-B,2,2,0,2,2,0,0,0,0,2,B,-,SA1: SB3,SB: SG,0,200,200,251,NA,NA,NA,NA,NA,1146.1341219999597,0.00172659999225288,1146.867437299923,1146.967545399908,0.8295778000028804,1148.9006768999388,1149.3008582999464,1149.4030168999452,1149.4030168999452,b,1,1.354600999969989,1150.7841579999076,1150.7841579999076,1150.7841579999076,1150.7841579999076,NA,NA,NA,NA,NA,NA,032,001,2024-02-15_14h43.25.566,PsychoPy Exp,2023.1.2,60.023433186994815
RealityY,ExpTrialStim/Square_Triangle_NB_3.png,"In REALITY, there is ONE cube",h,b,TB-K,2,1,1,2,1,1,0,0,0,1,NB,-,SB3: TA2,SP: TY,0,201,201,11,NA,NA,NA,NA,NA,1150.7841579999076,0.00173079990781843,1151.517278000014,1151.6175240000011,0.8295744999777526,1153.5508671000134,1153.9508923999963,1154.0529546999603,1154.0529546999603,b,1,1.1842706999741497,1155.2673093000194,1155.2673093000194,1155.2673093000194,1155.2673093000194,NA,NA,NA,NA,NA,NA,032,001,2024-02-15_14h43.25.566,PsychoPy Exp,2023.1.2,60.023433186994815
RealityY,ExpTrialStim/Square_Square_B_1.png,"In REALITY, there are TWO cubes",h,b,TB-K-B,2,2,0,2,2,0,0,0,0,2,B,-,SA1: SB2,SP: SG,0,202,202,34,NA,NA,NA,NA,NA,1155.2673093000194,3.9219995960593e-4,1156.0007214000216,1156.1008558999747,0.8314171999227256,1158.034198999987,1158.4342438000022,1158.536191000021,1158.536191000021,b,1,0.7407282000640407,1159.3007313999117,1159.3007313999117,1159.3007313999117,1159.3007313999117,NA,NA,NA,NA,NA,NA,032,001,2024-02-15_14h43.25.566,PsychoPy Exp,2023.1.2,60.023433186994815
RealityY,ExpTrialStim/Triangle_B_Square_2.png,"In REALITY, there is ONE cube",h,b,FB-Ig,2,1,1,1,0,1,1,1,0,1,B,-,SC3: TB3,SP: TY,0,203,203,51,NA,NA,NA,NA,NA,1159.3007313999117,9.4409997109323e-4,1160.033946499927,1160.1340314999688,0.8305869000032544,1162.0674970999826,1162.4675966999494,1162.5696127999108,1162.5696127999108,b,1,2.3318343999562785,1164.9174858999904,1164.9174858999904,1164.9174858999904,1164.9174858999904,NA,NA,NA,NA,NA,NA,032,001,2024-02-15_14h43.25.566,PsychoPy Exp,2023.1.2,60.023433186994815
KnowledgeN,ExpTrialStim/Triangle_Triangle_B_11.png,Adam KNOWS there are TWO cubes,b,h,TB-K-B,2,0,2,2,0,2,0,0,0,2,B,PropFalse,TA3: TB2,TO: TY,0,204,204,298,NA,NA,NA,NA,NA,1164.9174858999904,0.00174940004944801,1165.6507097999563,1165.75086489995,0.8295492000179365,1167.6840541999554,1168.0841808000114,1168.186194299953,1168.186194299953,h,1,1.754663600004278,1169.9673746000044,1169.9673746000044,1169.9673746000044,1169.9673746000044,NA,NA,NA,NA,NA,NA,032,001,2024-02-15_14h43.25.566,PsychoPy Exp,2023.1.2,60.023433186994815
BeliefY,ExpTrialStim/Square_B_Square_1.png,Adam THINKS there is ONE cube,h,b,FB-Ig,2,2,0,1,1,0,1,1,0,1,B,-,SA1: SC2,SG: SB,0,205,205,150,NA,NA,NA,NA,NA,1169.9673746000044,0.0011792000150308,1170.700726800016,1170.8008356000064,0.8304932999890298,1172.7339920999948,1173.1341845999705,1173.2363210999174,1173.2363210999174,b,1,3.776712600025349,1177.034000399988,1177.034000399988,1177.034000399988,1177.034000399988,NA,NA,NA,NA,NA,NA,032,001,2024-02-15_14h43.25.566,PsychoPy Exp,2023.1.2,60.023433186994815
BeliefN,ExpTrialStim/Square_Square_NB_5.png,Adam THINKS there is ONE cube,b,h,TB-K,2,2,0,2,2,0,0,0,0,1,NB,PropFalse,SA3: SB2,SB: SP,0,206,206,178,NA,NA,NA,NA,NA,1177.034000399988,0.00150739995297044,1177.7673719999148,1177.867466699914,0.8298626999603584,1179.8008291999577,1180.2007838999853,1180.3028821999906,1180.3028821999906,h,1,1.8062879000790415,1182.13405220001,1182.13405220001,1182.13405220001,1182.13405220001,NA,NA,NA,NA,NA,NA,032,001,2024-02-15_14h43.25.566,PsychoPy Exp,2023.1.2,60.023433186994815
KnowledgeN,ExpTrialStim/Square_B_Square_2.png,Adam KNOWS there is ONE cube,b,h,FB-Ig,2,2,0,1,1,0,1,1,0,1,B,PropFalse,SA2: SC3,SB: SP,0,207,207,313,NA,NA,NA,NA,NA,1182.13405220001,0.00166860001627355,1182.8673189999536,1182.9674245999197,0.8293542000465095,1184.9007815999212,1185.300809499924,1185.402825199999,1185.402825199999,h,1,3.5539345999713987,1188.9838531999849,1188.9838531999849,1188.9838531999849,1188.9838531999849,NA,NA,NA,NA,NA,NA,032,001,2024-02-15_14h43.25.566,PsychoPy Exp,2023.1.2,60.023433186994815
BeliefY,ExpTrialStim/Square_Triangle_NB_1.png,Adam THINKS there is ONE cube,h,b,TB-K,2,1,1,2,1,1,0,0,0,1,NB,-,SA2: TB1,SG: TR,0,208,208,117,NA,NA,NA,NA,NA,1188.9838531999849,6.0460006352514e-4,1189.7173391999677,1189.8174753999338,0.8306943000061437,1191.7507080999203,1192.1506697000004,1192.2528628999137,1192.2528628999137,b,1,1.0326758999144658,1193.3004987000022,1193.3004987000022,1193.3004987000022,1193.3004987000022,NA,NA,NA,NA,NA,NA,032,001,2024-02-15_14h43.25.566,PsychoPy Exp,2023.1.2,60.023433186994815
BeliefN,ExpTrialStim/Square_Square_NB_1.png,Adam THINKS there are ZERO cubes,b,h,TB-K,2,2,0,2,2,0,0,0,0,0,NB,PropFalse,SA1: SB2,SP: SB,0,209,209,174,NA,NA,NA,NA,NA,1193.3004987000022,0.00175669998861849,1194.0339525999734,1194.1340745999478,0.8294889000244439,1196.06719229999,1196.4673153000183,1196.569511199952,1196.569511199952,h,1,1.0998570999363435,1197.7005131000187,1197.7005131000187,1197.7005131000187,1197.7005131000187,NA,NA,NA,NA,NA,NA,032,001,2024-02-15_14h43.25.566,PsychoPy Exp,2023.1.2,60.023433186994815
KnowledgeN,ExpTrialStim/Square_Square_NB_3.png,Adam KNOWS there are ZERO cubes,b,h,TB-K,2,2,0,2,2,0,0,0,0,0,NB,PropFalse,SA3: SB1,SG: SP,0,210,210,284,NA,NA,NA,NA,NA,1197.7005131000187,0.0011519999243319,1198.4339452999411,1198.5340147999814,0.8302392999175936,1200.467441799934,1200.8673371999755,1200.9695396999596,1200.9695396999596,h,1,1.7555452999658885,1202.7506743000122,1202.7506743000122,1202.7506743000122,1202.7506743000122,NA,NA,NA,NA,NA,NA,032,001,2024-02-15_14h43.25.566,PsychoPy Exp,2023.1.2,60.023433186994815
KnowledgeY,ExpTrialStim/Triangle_NB_2.png,Adam KNOWS there are ZERO cubes,h,b,TB-K,1,0,1,1,0,1,0,0,0,0,NB,-,TA3,TY,0,211,211,217,NA,NA,NA,NA,NA,1202.7506743000122,0.00167849997524172,1203.4839171000058,1203.5840517999604,0.829530099988915,1205.5174593999982,1205.9174092999892,1206.019508700003,1206.019508700003,b,1,2.209505600039847,1208.2504647999303,1208.2504647999303,1208.2504647999303,1208.2504647999303,NA,NA,NA,NA,NA,NA,032,001,2024-02-15_14h43.25.566,PsychoPy Exp,2023.1.2,60.023433186994815
RealityY,ExpTrialStim/Square_Square_NB_3.png,"In REALITY, there are TWO cubes",h,b,TB-K,2,2,0,2,2,0,0,0,0,2,NB,-,SA3: SB1,SG: SP,0,212,212,14,NA,NA,NA,NA,NA,1208.2504647999303,0.00167969998437911,1208.98395039991,1209.0840483999343,0.8295918999938294,1211.017279499909,1211.4172375999624,1211.5194626000011,1211.5194626000011,b,1,1.1095715999836102,1212.6504711000016,1212.6504711000016,1212.6504711000016,1212.6504711000016,NA,NA,NA,NA,NA,NA,032,001,2024-02-15_14h43.25.566,PsychoPy Exp,2023.1.2,60.023433186994815
BeliefY,ExpTrialStim/Triangle_NB_1.png,Adam THINKS there are ZERO cubes,h,b,TB-K,1,0,1,1,0,1,0,0,0,0,NB,-,TA1,TO,0,213,213,108,NA,NA,NA,NA,NA,1212.6504711000016,0.00170939997769892,1213.38389930001,1213.4840646999655,0.8295672999229282,1215.417254799977,1215.8173726999669,1215.9194962999318,1215.9194962999318,b,1,1.8855158999795096,1217.8338118999964,1217.8338118999964,1217.8338118999964,1217.8338118999964,NA,NA,NA,NA,NA,NA,032,001,2024-02-15_14h43.25.566,PsychoPy Exp,2023.1.2,60.023433186994815
RealityN,ExpTrialStim/Square_NB_2.png,"In REALITY, there are ZERO cubes",b,h,TB-K,1,1,0,1,1,0,0,0,0,0,NB,PropFalse,SA3,SP,0,214,214,58,NA,NA,NA,NA,NA,1217.8338118999964,4.0280004031956e-4,1218.567259299918,1218.6673742999556,0.8310103999683633,1220.6006138999946,1221.0005690999096,1221.102722599986,1221.102722599986,h,1,0.9103405999485404,1222.033923799987,1222.033923799987,1222.033923799987,1222.033923799987,NA,NA,NA,NA,NA,NA,032,001,2024-02-15_14h43.25.566,PsychoPy Exp,2023.1.2,60.023433186994815
BeliefN,ExpTrialStim/Square_B_Square_7.png,Adam THINKS there are TWO cubes,b,h,FB-Ig,2,2,0,1,1,0,1,1,0,2,B,PropTrueNoBelief,SA3: SC2,SG: SP,0,215,215,210,NA,NA,NA,NA,NA,1222.033923799987,0.00167909997981041,1222.7671955999683,1222.867324299994,0.8295700999442488,1224.8006224000128,1225.20047219994,1225.3028022999642,1225.3028022999642,h,1,2.6461895999964327,1227.9672948999796,1227.9672948999796,1227.9672948999796,1227.9672948999796,NA,NA,NA,NA,NA,NA,032,001,2024-02-15_14h43.25.566,PsychoPy Exp,2023.1.2,60.023433186994815
RealityN,ExpTrialStim/Square_Triangle_B_2.png,"In REALITY, there are TWO cubes",b,h,TB-K-B,2,1,1,2,1,1,0,0,0,2,B,PropFalse,SA2: TB3,SB: TO,0,216,216,89,NA,NA,NA,NA,NA,1227.9672948999796,0.00169890001416206,1228.700329000014,1228.800642899936,0.8294014999410138,1230.7340292999288,1231.1339912000112,1231.2359839999117,1231.2359839999117,h,1,2.2729857000522316,1233.53392419999,1233.53392419999,1233.53392419999,1233.53392419999,NA,NA,NA,NA,NA,NA,032,001,2024-02-15_14h43.25.566,PsychoPy Exp,2023.1.2,60.023433186994815
RealityN,ExpTrialStim/Triangle_Triangle_B_3.png,"In REALITY, there is ONE cube",b,h,TB-K-B,2,0,2,2,0,2,0,0,0,1,B,PropFalse,TA3: TB1,TR: TY,0,217,217,82,NA,NA,NA,NA,NA,1233.53392419999,0.00170630007050931,1234.2671738999195,1234.367282000021,0.8295726999640465,1236.30066920002,1236.700626899954,1236.8027201999212,1236.8027201999212,h,1,0.9146953000454232,1237.7338835999835,1237.7338835999835,1237.7338835999835,1237.7338835999835,NA,NA,NA,NA,NA,NA,032,001,2024-02-15_14h43.25.566,PsychoPy Exp,2023.1.2,60.023433186994815
BeliefN,ExpTrialStim/Square_NB_3.png,Adam THINKS there are TWO cubes,b,h,TB-K,1,1,0,1,1,0,0,0,0,2,NB,PropFalse,SB2,SG,0,218,218,167,NA,NA,NA,NA,NA,1237.7338835999835,0.00167919998057186,1238.4672071000095,1238.5672978999792,0.8295053999172524,1240.5006294000195,1240.9005887999665,1241.0027125999331,1241.0027125999331,h,1,0.8582033000420779,1241.883844899945,1241.883844899945,1241.883844899945,1241.883844899945,NA,NA,NA,NA,NA,NA,032,001,2024-02-15_14h43.25.566,PsychoPy Exp,2023.1.2,60.023433186994815
BeliefY,ExpTrialStim/Square_Square_NB_3.png,Adam THINKS there are TWO cubes,h,b,TB-K,2,2,0,2,2,0,0,0,0,2,NB,-,SA3: SB1,SG: SP,0,219,219,122,NA,NA,NA,NA,NA,1241.883844899945,0.00166869990061968,1242.6172277999576,1242.717279799981,0.8295434999745339,1244.65063249995,1245.0505887999898,1245.1526342999423,1245.1526342999423,b,1,1.3879376000259072,1246.5668844999743,1246.5668844999743,1246.5668844999743,1246.5668844999743,NA,NA,NA,NA,NA,NA,032,001,2024-02-15_14h43.25.566,PsychoPy Exp,2023.1.2,60.023433186994815
KnowledgeY,ExpTrialStim/Triangle_Triangle_B_4.png,Adam KNOWS there are ZERO cubes,h,b,TB-Ig,2,0,2,2,0,2,0,0,0,0,B,-,TA2: TB1,TY: TR,0,220,220,237,NA,NA,NA,NA,NA,1246.5668844999743,6.8759999703615e-4,1247.300190099981,1247.4002888000105,0.8309571000281721,1249.3337639999809,1249.73395169992,1249.8359783999622,1249.8359783999622,b,1,3.1447254000231624,1253.0004928999117,1253.0004928999117,1253.0004928999117,1253.0004928999117,NA,NA,NA,NA,NA,NA,032,001,2024-02-15_14h43.25.566,PsychoPy Exp,2023.1.2,60.023433186994815
RealityN,ExpTrialStim/Square_B_Square_1.png,"In REALITY, there are ZERO cubes",b,h,FB-Ig,2,2,0,1,1,0,1,1,0,0,B,PropFalse,SA1: SC2,SG: SB,0,221,221,96,NA,NA,NA,NA,NA,1253.0004928999117,0.00123019993770867,1253.7337683999212,1253.8338919999078,0.8302258000476286,1255.767243899987,1256.1671828000108,1256.2693426000187,1256.2693426000187,h,1,2.591227500000969,1258.8837407999672,1258.8837407999672,1258.8837407999672,1258.8837407999672,NA,NA,NA,NA,NA,NA,032,001,2024-02-15_14h43.25.566,PsychoPy Exp,2023.1.2,60.023433186994815
RealityN,ExpTrialStim/Triangle_B_Square_1.png,"In REALITY, there are ZERO cubes",b,h,FB-Ig,2,1,1,1,0,1,1,1,0,0,B,PropFalse,SC1: TA1,SB: TO,0,222,222,104,NA,NA,NA,NA,NA,1258.8837407999672,5.8840005658566e-4,1259.6171118000057,1259.7172336999793,0.8311285000527278,1261.6505680999253,1262.050542699988,1262.152656899998,1262.152656899998,h,1,1.364664499997161,1263.5337307999143,1263.5337307999143,1263.5337307999143,1263.5337307999143,NA,NA,NA,NA,NA,NA,032,001,2024-02-15_14h43.25.566,PsychoPy Exp,2023.1.2,60.023433186994815
RealityY,ExpTrialStim/Square_B_2.png,"In REALITY, there is ONE cube",h,b,TB-Ig,1,1,0,1,1,0,0,0,0,1,B,-,SB2,SB,0,223,223,21,NA,NA,NA,NA,NA,1263.5337307999143,0.00168700003996491,1264.2671006999444,1264.367188900011,0.829508800059557,1266.3005369999446,1266.7003313999155,1266.8026302999351,1266.8026302999351,b,1,2.79389309999533,1269.616958700004,1269.616958700004,1269.616958700004,1269.616958700004,NA,NA,NA,NA,NA,NA,032,001,2024-02-15_14h43.25.566,PsychoPy Exp,2023.1.2,60.023433186994815
KnowledgeN,ExpTrialStim/Square_Triangle_NB_3.png,Adam KNOWS there are TWO cubes,b,h,TB-K,2,1,1,2,1,1,0,0,0,2,NB,PropFalse,SB3: TA2,SP: TY,0,224,224,281,NA,NA,NA,NA,NA,1269.616958700004,4.0290004108101e-4,1270.3504087999463,1270.4505200999556,0.8313127999426797,1272.383935599937,1272.783681800007,1272.8859900999814,1272.8859900999814,b,0,0.8868819999042898,1273.8001901999814,1273.8001901999814,1273.8001901999814,1273.8001901999814,NA,NA,NA,NA,NA,NA,032,001,2024-02-15_14h43.25.566,PsychoPy Exp,2023.1.2,60.023433186994815
KnowledgeY,ExpTrialStim/Triangle_Triangle_B_2.png,Adam KNOWS there are ZERO cubes,h,b,TB-Ig,2,0,2,2,0,2,0,0,0,0,B,-,TA2: TB3,TO: TR,0,225,225,235,NA,NA,NA,NA,NA,1273.8001901999814,3.9110006764531e-4,1274.5337366999593,1274.6338608999504,0.8314132000086829,1276.567052599974,1276.9671838999493,1277.0692713999888,1277.0692713999888,b,1,1.0641999000217766,1278.1504490999505,1278.1504490999505,1278.1504490999505,1278.1504490999505,NA,NA,NA,NA,NA,NA,032,001,2024-02-15_14h43.25.566,PsychoPy Exp,2023.1.2,60.023433186994815
KnowledgeN,ExpTrialStim/Square_B_Square_1.png,Adam KNOWS there is ONE cube,b,h,FB-Ig,2,2,0,1,1,0,1,1,0,1,B,PropFalse,SA1: SC2,SG: SB,0,226,226,312,NA,NA,NA,NA,NA,1278.1504490999505,0.00175820000004023,1278.883779799915,1278.9836659999564,0.8293305999832228,1280.9171806999948,1281.3171054999111,1281.419249099912,1281.419249099912,b,0,4.67348460003268,1286.1168718999252,1286.1168718999252,1286.1168718999252,1286.1168718999252,NA,NA,NA,NA,NA,NA,032,001,2024-02-15_14h43.25.566,PsychoPy Exp,2023.1.2,60.023433186994815
BeliefN,ExpTrialStim/Square_Triangle_NB_2.png,Adam THINKS there are ZERO cubes,b,h,TB-K,2,1,1,2,1,1,0,0,0,0,NB,PropFalse,SB1: TB3,SB: TO,0,227,227,172,NA,NA,NA,NA,NA,1286.1168718999252,0.00151370000094175,1286.8503285999177,1286.9504810000071,0.8295545000582933,1288.8838385000126,1289.2838150999742,1289.3859407999553,1289.3859407999553,h,1,4.266872799955308,1293.6837475999491,1293.6837475999491,1293.6837475999491,1293.6837475999491,NA,NA,NA,NA,NA,NA,032,001,2024-02-15_14h43.25.566,PsychoPy Exp,2023.1.2,60.023433186994815
KnowledgeN,ExpTrialStim/Square_Square_NB_2.png,Adam KNOWS there are ZERO cubes,b,h,TB-K,2,2,0,2,2,0,0,0,0,0,NB,PropFalse,SA2: SB3,SB: SG,0,228,228,283,NA,NA,NA,NA,NA,1293.6837475999491,0.00172049994580447,1294.416883299942,1294.517161799944,0.8294210999738425,1296.4504803000018,1296.850413499982,1296.9525671999436,1296.9525671999436,h,1,1.5402646999573335,1298.517035199911,1298.517035199911,1298.517035199911,1298.517035199911,NA,NA,NA,NA,NA,NA,032,001,2024-02-15_14h43.25.566,PsychoPy Exp,2023.1.2,60.023433186994815
BeliefY,ExpTrialStim/Square_Square_B_3.png,Adam THINKS there are TWO cubes,h,b,TB-K-B,2,2,0,2,2,0,0,0,0,2,B,-,SA3: SB1,SG: SB,0,229,229,136,NA,NA,NA,NA,NA,1298.517035199911,0.00171480001881718,1299.25037169992,1299.350440999959,0.8295915999915451,1301.283577199909,1301.6838013000088,1301.785837500007,1301.785837500007,b,1,1.306910900049843,1303.1170392999193,1303.1170392999193,1303.1170392999193,1303.1170392999193,NA,NA,NA,NA,NA,NA,032,001,2024-02-15_14h43.25.566,PsychoPy Exp,2023.1.2,60.023433186994815
KnowledgeY,ExpTrialStim/Square_Square_B_9.png,Adam KNOWS there are TWO cubes,h,b,FB-Ig,2,2,0,2,2,0,0,0,0,2,B,-,SA3: SB1,SB: SG,0,230,230,254,NA,NA,NA,NA,NA,1303.1170392999193,0.00171069998759776,1303.8503105000127,1303.9504369000206,0.8293943000026047,1305.8837613000069,1306.2837606999092,1306.3858798999572,1306.3858798999572,b,1,0.4905690000159666,1306.9001857999249,1306.9001857999249,1306.9001857999249,1306.9001857999249,NA,NA,NA,NA,NA,NA,032,001,2024-02-15_14h43.25.566,PsychoPy Exp,2023.1.2,60.023433186994815
RealityN,ExpTrialStim/Square_Triangle_NB_2.png,"In REALITY, there are ZERO cubes",b,h,TB-K,2,1,1,2,1,1,0,0,0,0,NB,PropFalse,SB1: TB3,SB: TO,0,231,231,64,NA,NA,NA,NA,NA,1306.9001857999249,8.1220001447945e-4,1307.6333347000182,1307.7334435000084,0.8304469999857247,1309.66698609991,1310.0669662000146,1310.1691572999116,1310.1691572999116,h,1,1.2038573999889195,1311.4003654000117,1311.4003654000117,1311.4003654000117,1311.4003654000117,NA,NA,NA,NA,NA,NA,032,001,2024-02-15_14h43.25.566,PsychoPy Exp,2023.1.2,60.023433186994815
BeliefN,ExpTrialStim/Triangle_B_Triangle_2.png,Adam THINKS there are TWO cubes,b,h,TB-Ig,2,0,2,1,0,1,1,0,1,2,B,PropFalse,TB1: TC2,TO: TY,0,232,232,185,NA,NA,NA,NA,NA,1311.4003654000117,0.00167040002997964,1312.1336093000136,1312.23361320002,0.8295241999439895,1314.167074800003,1314.567034599953,1314.6691874999087,1314.6691874999087,h,1,3.623219200060703,1318.316807199968,1318.316807199968,1318.316807199968,1318.316807199968,NA,NA,NA,NA,NA,NA,032,001,2024-02-15_14h43.25.566,PsychoPy Exp,2023.1.2,60.023433186994815
BeliefN,ExpTrialStim/Square_Square_NB_6.png,Adam THINKS there is ONE cube,b,h,TB-K,2,2,0,2,2,0,0,0,0,1,NB,PropFalse,SA1: SB3,SG: SB,0,233,233,179,NA,NA,NA,NA,NA,1318.316807199968,4.4869992416352e-4,1319.0502515999833,1319.150352299912,0.8312034999253228,1321.0837172999743,1321.483692299924,1321.5858164000092,1321.5858164000092,h,1,1.5709727000212297,1323.1837025999555,1323.1837025999555,1323.1837025999555,1323.1837025999555,NA,NA,NA,NA,NA,NA,032,001,2024-02-15_14h43.25.566,PsychoPy Exp,2023.1.2,60.023433186994815
RealityY,ExpTrialStim/Square_Square_NB_6.png,"In REALITY, there are TWO cubes",h,b,TB-K,2,2,0,2,2,0,0,0,0,2,NB,-,SA1: SB3,SG: SB,0,234,234,17,NA,NA,NA,NA,NA,1323.1837025999555,0.00170320004690438,1323.9169086000184,1324.0170541999396,0.8296225999947637,1325.9503863999853,1326.3503755999263,1326.4524686000077,1326.4524686000077,b,1,0.872291799983941,1327.3500929999864,1327.3500929999864,1327.3500929999864,1327.3500929999864,NA,NA,NA,NA,NA,NA,032,001,2024-02-15_14h43.25.566,PsychoPy Exp,2023.1.2,60.023433186994815
RealityN,ExpTrialStim/Square_B_Square_3.png,"In REALITY, there are ZERO cubes",b,h,FB-Ig,2,2,0,1,1,0,1,1,0,0,B,PropFalse,SA3: SD1,SP: SB,0,235,235,98,NA,NA,NA,NA,NA,1327.3500929999864,0.00168709992431104,1328.083576999954,1328.183559799916,0.8293351999018341,1330.1168780999724,1330.516974799917,1330.619093599962,1330.619093599962,h,1,1.4736303999088705,1332.116963999928,1332.116963999928,1332.116963999928,1332.116963999928,NA,NA,NA,NA,NA,NA,032,001,2024-02-15_14h43.25.566,PsychoPy Exp,2023.1.2,60.023433186994815
RealityN,ExpTrialStim/Square_Triangle_NB_3.png,"In REALITY, there are TWO cubes",b,h,TB-K,2,1,1,2,1,1,0,0,0,2,NB,PropFalse,SB3: TA2,SP: TY,0,236,236,65,NA,NA,NA,NA,NA,1332.116963999928,0.00168420001864433,1332.850221499917,1332.950217799982,0.8294558000052348,1334.8836678999942,1335.2836619999723,1335.38574659999,1335.38574659999,h,1,3.331066700047814,1338.7334657999454,1338.7334657999454,1338.7334657999454,1338.7334657999454,NA,NA,NA,NA,NA,NA,032,001,2024-02-15_14h43.25.566,PsychoPy Exp,2023.1.2,60.023433186994815
KnowledgeN,ExpTrialStim/Square_B_2.png,Adam KNOWS there is ONE cube,b,h,TB-Ig,1,1,0,1,1,0,0,0,0,1,B,PropTrueNoKnowledge,SB2,SB,0,237,237,291,NA,NA,NA,NA,NA,1338.7334657999454,4.3049990199506e-4,1339.4668821999803,1339.566820399952,0.8312448000069708,1341.5003205999965,1341.9003283999627,1342.002368299989,1342.002368299989,b,0,4.106362899998203,1346.133552099927,1346.133552099927,1346.133552099927,1346.133552099927,NA,NA,NA,NA,NA,NA,032,001,2024-02-15_14h43.25.566,PsychoPy Exp,2023.1.2,60.023433186994815
BeliefN,ExpTrialStim/Square_B_2.png,Adam THINKS there are ZERO cubes,b,h,TB-Ig,1,1,0,1,1,0,0,0,0,0,B,PropFalse,SB2,SB,0,238,238,183,NA,NA,NA,NA,NA,1346.133552099927,0.00172080006450414,1346.8668340999866,1346.9669673999306,0.8295609999913722,1348.9002981999656,1349.3002276999175,1349.4022657999303,1349.4022657999303,h,1,1.746490800054744,1351.166918599978,1351.166918599978,1351.166918599978,1351.166918599978,NA,NA,NA,NA,NA,NA,032,001,2024-02-15_14h43.25.566,PsychoPy Exp,2023.1.2,60.023433186994815
KnowledgeN,ExpTrialStim/Square_Triangle_NB_1.png,Adam KNOWS there are ZERO cubes,b,h,TB-K,2,1,1,2,1,1,0,0,0,0,NB,PropFalse,SA2: TB1,SG: TR,0,239,239,279,NA,NA,NA,NA,NA,1351.166918599978,0.00168909993954002,1351.9001975000135,1352.000305499998,0.8295158999972045,1353.9334240999306,1354.3336296000052,1354.4358341000045,1354.4358341000045,h,1,2.5527757999952883,1357.0168339000084,1357.0168339000084,1357.0168339000084,1357.0168339000084,NA,NA,NA,NA,NA,NA,032,001,2024-02-15_14h43.25.566,PsychoPy Exp,2023.1.2,60.023433186994815
KnowledgeN,ExpTrialStim/Triangle_B_Square_3.png,Adam KNOWS there is ONE cube,b,h,FB-Ig,2,1,1,1,0,1,1,1,0,1,B,PropTrueNoKnowledge,SD1: TA2,SG: TR,0,240,240,322,NA,NA,NA,NA,NA,1357.0168339000084,0.00149880000390112,1357.750183199998,1357.850241899956,0.829845399945043,1359.7835788999218,1360.183603500016,1360.2857418999774,1360.2857418999774,h,1,3.0066400000359863,1363.3168554999866,1363.3168554999866,1363.3168554999866,1363.3168554999866,NA,NA,NA,NA,NA,NA,032,001,2024-02-15_14h43.25.566,PsychoPy Exp,2023.1.2,60.023433186994815
KnowledgeN,ExpTrialStim/Square_B_Square_5.png,Adam KNOWS there are TWO cubes,b,h,FB-Ig,2,2,0,1,1,0,1,1,0,2,B,PropTrueNoKnowledge,SB2: SD3,SB: SG,0,241,241,316,NA,NA,NA,NA,NA,1363.3168554999866,0.0017508000601083,1364.050136399921,1364.1502386999782,0.8297727999743074,1366.0835927999578,1366.4835750999628,1366.585472799954,1366.585472799954,h,1,1.9711427999427544,1368.58352320001,1368.58352320001,1368.58352320001,1368.58352320001,NA,NA,NA,NA,NA,NA,032,001,2024-02-15_14h43.25.566,PsychoPy Exp,2023.1.2,60.023433186994815
BeliefY,ExpTrialStim/Square_NB_3.png,Adam THINKS there is ONE cube,h,b,TB-K,1,1,0,1,1,0,0,0,0,1,NB,-,SB2,SG,0,242,242,113,NA,NA,NA,NA,NA,1368.58352320001,0.00173129991162568,1369.316788099939,1369.4169063000008,0.8296067999908701,1371.3501893000212,1371.750208399957,1371.85220809991,1371.85220809991,b,1,2.5042290999554098,1374.392774799955,NA,1374.392774799955,NA,space,29.483795700012703,NA,NA,NA,NA,032,001,2024-02-15_14h43.25.566,PsychoPy Exp,2023.1.2,60.023433186994815
BeliefY,ExpTrialStim/B_Square_4.png,Adam THINKS there are ZERO cubes,h,b,FB-Ig,1,1,0,0,0,0,1,1,0,0,B,-,SD2,SB,0,243,243,149,NA,NA,NA,NA,NA,1403.9001134999562,0.00172589998692274,1404.6333332000067,1404.7333216000115,0.8317317999899387,1406.6666540999431,1407.0667850999162,1407.168857499957,1407.168857499957,b,1,2.2275848999852315,1409.416709400015,1409.416709400015,1409.416709400015,1409.416709400015,NA,NA,NA,NA,NA,NA,032,001,2024-02-15_14h43.25.566,PsychoPy Exp,2023.1.2,60.023433186994815
BeliefN,ExpTrialStim/Triangle_NB_1.png,Adam THINKS there is ONE cube,b,h,TB-K,1,0,1,1,0,1,0,0,0,1,NB,PropFalse,TA1,TO,0,244,244,162,NA,NA,NA,NA,NA,1409.416709400015,0.00175130006391555,1410.1666430999758,1410.266805100022,0.8443427999736741,1412.1999278999865,1412.600040899939,1412.7021900999823,1412.7021900999823,h,1,1.310237199999392,1414.033379499917,1414.033379499917,1414.033379499917,1414.033379499917,NA,NA,NA,NA,NA,NA,032,001,2024-02-15_14h43.25.566,PsychoPy Exp,2023.1.2,60.023433186994815
RealityY,ExpTrialStim/Triangle_Triangle_B_1.png,"In REALITY, there are ZERO cubes",h,b,TB-K-B,2,0,2,2,0,2,0,0,0,0,B,-,TA1: TB2,TY: TO,0,245,245,26,NA,NA,NA,NA,NA,1414.033379499917,0.00170559994876384,1414.766662699985,1414.8667507999344,0.8296214999863878,1416.8000168999424,1417.1999674999388,1417.3021589999553,1417.3021589999553,b,1,1.8939587000058964,1419.2165071999189,1419.2165071999189,1419.2165071999189,1419.2165071999189,NA,NA,NA,NA,NA,NA,032,001,2024-02-15_14h43.25.566,PsychoPy Exp,2023.1.2,60.023433186994815
RealityN,ExpTrialStim/Triangle_Triangle_B_4.png,"In REALITY, there are TWO cubes",b,h,TB-K-B,2,0,2,2,0,2,0,0,0,2,B,PropFalse,TA2: TB1,TY: TR,0,246,246,83,NA,NA,NA,NA,NA,1419.2165071999189,4.2739999480545e-4,1419.9499659999274,1420.0499469999922,0.8313620999688283,1421.9832727999892,1422.3834280999145,1422.485602099914,1422.485602099914,h,1,1.158537600073032,1423.6664782000007,1423.6664782000007,1423.6664782000007,1423.6664782000007,NA,NA,NA,NA,NA,NA,032,001,2024-02-15_14h43.25.566,PsychoPy Exp,2023.1.2,60.023433186994815
KnowledgeN,ExpTrialStim/Triangle_B_Square_1.png,Adam KNOWS there are ZERO cubes,b,h,FB-Ig,2,1,1,1,0,1,1,1,0,0,B,PropFalse,SC1: TA1,SB: TO,0,247,247,320,NA,NA,NA,NA,NA,1423.6664782000007,4.0480005554854e-4,1424.3999438999454,1424.4999641999602,0.8313946999842301,1426.433411499951,1426.833298399928,1426.935506299953,1426.935506299953,h,1,3.388967099948786,1430.350010199938,1430.350010199938,1430.350010199938,1430.350010199938,NA,NA,NA,NA,NA,NA,032,001,2024-02-15_14h43.25.566,PsychoPy Exp,2023.1.2,60.023433186994815
BeliefY,ExpTrialStim/Square_B_Square_2.png,Adam THINKS there is ONE cube,h,b,FB-Ig,2,2,0,1,1,0,1,1,0,1,B,-,SA2: SC3,SB: SP,0,248,248,151,NA,NA,NA,NA,NA,1430.350010199938,0.00171659991610795,1431.0832906999858,1431.1833376999712,0.8295233999378979,1433.116757199983,1433.5166277999524,1433.6188045999734,1433.6188045999734,b,1,2.5214612000854686,1436.1666559999576,1436.1666559999576,1436.1666559999576,1436.1666559999576,NA,NA,NA,NA,NA,NA,032,001,2024-02-15_14h43.25.566,PsychoPy Exp,2023.1.2,60.023433186994815
RealityY,ExpTrialStim/Square_B_Square_6.png,"In REALITY, there are TWO cubes",h,b,FB-Ig,2,2,0,1,1,0,1,1,0,2,B,-,SB3: SC1,SP: SG,0,249,249,47,NA,NA,NA,NA,NA,1436.1666559999576,0.00171430001500993,1436.899908399908,1437.0000664999243,0.8294617000501603,1438.9332994999131,1439.3333839999975,1439.4354331999784,1439.4354331999784,h,0,0.8814112999243662,1440.3333235000027,1440.3333235000027,1440.3333235000027,1440.3333235000027,NA,NA,NA,NA,NA,NA,032,001,2024-02-15_14h43.25.566,PsychoPy Exp,2023.1.2,60.023433186994815
BeliefN,ExpTrialStim/Square_Square_B_8.png,Adam THINKS there is ONE cube,b,h,TB-K-B,2,2,0,2,2,0,0,0,0,1,B,PropFalse,SA2: SB3,SP: SB,0,250,250,195,NA,NA,NA,NA,NA,1440.3333235000027,0.0016737999394536,1441.0665692000184,1441.166705999989,0.8294818999711424,1443.1000075999182,1443.5000462000023,1443.6020683000097,1443.6020683000097,h,1,1.426312300027348,1445.0499387999298,1445.0499387999298,1445.0499387999298,1445.0499387999298,NA,NA,NA,NA,NA,NA,032,001,2024-02-15_14h43.25.566,PsychoPy Exp,2023.1.2,60.023433186994815
BeliefN,ExpTrialStim/Triangle_B_1.png,Adam THINKS there is ONE cube,b,h,TB-Ig,1,0,1,1,0,1,0,0,0,1,B,PropFalse,TA2,TR,0,251,251,180,NA,NA,NA,NA,NA,1445.0499387999298,0.00168609991669654,1445.7832328999648,1445.8833460999886,0.829631199943833,1447.8167311999714,1448.2167184000136,1448.3187556000194,1448.3187556000194,h,1,2.4692565000150353,1450.816415600013,1450.816415600013,1450.816415600013,1450.816415600013,NA,NA,NA,NA,NA,NA,032,001,2024-02-15_14h43.25.566,PsychoPy Exp,2023.1.2,60.023433186994815
KnowledgeY,ExpTrialStim/Triangle_Triangle_B_11.png,Adam KNOWS there are ZERO cubes,h,b,TB-K-B,2,0,2,2,0,2,0,0,0,0,B,-,TA3: TB2,TO: TY,0,252,252,244,NA,NA,NA,NA,NA,1450.816415600013,4.1899993084371e-4,1451.5497705999296,1451.6499924999662,0.8313679000129923,1453.5833367999876,1453.9831855999073,1454.0853966999566,1454.0853966999566,b,1,5.134974199929275,1459.249728799914,1459.249728799914,1459.249728799914,1459.249728799914,NA,NA,NA,NA,NA,NA,032,001,2024-02-15_14h43.25.566,PsychoPy Exp,2023.1.2,60.023433186994815
RealityY,ExpTrialStim/B_Square_4.png,"In REALITY, there is ONE cube",h,b,FB-Ig,1,1,0,0,0,0,1,1,0,1,B,-,SD2,SB,0,253,253,41,NA,NA,NA,NA,NA,1459.249728799914,0.00172059994656592,1459.9832208999433,1460.0831333999522,0.8294451999245211,1462.016458399943,1462.4164944000077,1462.5186956999823,1462.5186956999823,b,1,1.4142533000558617,1463.949748700019,1463.949748700019,1463.949748700019,1463.949748700019,NA,NA,NA,NA,NA,NA,032,001,2024-02-15_14h43.25.566,PsychoPy Exp,2023.1.2,60.023433186994815
KnowledgeN,ExpTrialStim/B_Square_1.png,Adam KNOWS there are ZERO cubes,b,h,FB-Ig,1,1,0,0,0,0,1,1,0,0,B,PropFalse,SC2,SG,0,254,254,308,NA,NA,NA,NA,NA,1463.949748700019,0.00167829997371882,1464.683214799967,1464.7832889999263,0.8293708000564948,1466.7164763999172,1467.1166277999291,1467.2187234999146,1467.2187234999146,h,1,6.4575901000062,1473.6997445999878,1473.6997445999878,1473.6997445999878,1473.6997445999878,NA,NA,NA,NA,NA,NA,032,001,2024-02-15_14h43.25.566,PsychoPy Exp,2023.1.2,60.023433186994815
KnowledgeY,ExpTrialStim/Square_Square_NB_4.png,Adam KNOWS there are TWO cubes,h,b,TB-K,2,2,0,2,2,0,0,0,0,2,NB,-,SA2: SB1,SP: SG,0,255,255,231,NA,NA,NA,NA,NA,1473.6997445999878,0.00170360004995018,1474.4331542999716,1474.5333234999562,0.8294399000005797,1476.4665878999513,1476.8665524999378,1476.9687028999906,1476.9687028999906,b,1,1.059585400042124,1478.0499077999266,1478.0499077999266,1478.0499077999266,1478.0499077999266,NA,NA,NA,NA,NA,NA,032,001,2024-02-15_14h43.25.566,PsychoPy Exp,2023.1.2,60.023433186994815
BeliefY,ExpTrialStim/Square_B_Square_8.png,Adam THINKS there is ONE cube,h,b,FB-Ig,2,2,0,1,1,0,1,1,0,1,B,-,SA1: SD2,SP: SG,0,256,256,157,NA,NA,NA,NA,NA,1478.0499077999266,0.00166289997287094,1478.7831167000113,1478.8832576000132,0.8295165000017732,1480.8164016999071,1481.216555199935,1481.318777999957,1481.318777999957,h,0,4.021543999901041,1485.3665360999294,1485.3665360999294,1485.3665360999294,1485.3665360999294,NA,NA,NA,NA,NA,NA,032,001,2024-02-15_14h43.25.566,PsychoPy Exp,2023.1.2,60.023433186994815
KnowledgeN,ExpTrialStim/Square_Square_NB_6.png,Adam KNOWS there is ONE cube,b,h,TB-K,2,2,0,2,2,0,0,0,0,1,NB,PropFalse,SA1: SB3,SG: SB,0,257,257,287,NA,NA,NA,NA,NA,1485.3665360999294,0.00179929996374994,1486.099757299991,1486.1998976999894,0.8295833999291062,1488.1332656999584,1488.5332295999397,1488.635208099964,1488.635208099964,h,1,3.17712639993988,1491.8331860000037,1491.8331860000037,1491.8331860000037,1491.8331860000037,NA,NA,NA,NA,NA,NA,032,001,2024-02-15_14h43.25.566,PsychoPy Exp,2023.1.2,60.023433186994815
RealityN,ExpTrialStim/Square_Square_B_2.png,"In REALITY, there are ZERO cubes",b,h,TB-K-B,2,2,0,2,2,0,0,0,0,0,B,PropFalse,SA2: SB3,SB: SP,0,258,258,85,NA,NA,NA,NA,NA,1491.8331860000037,0.00167100003454834,1492.566424699966,1492.6665474999463,0.8295705000637099,1494.5997388999676,1494.9998347999062,1495.1018082000082,1495.1018082000082,h,1,3.2146285000490025,1498.3329559999984,1498.3329559999984,1498.3329559999984,1498.3329559999984,NA,NA,NA,NA,NA,NA,032,001,2024-02-15_14h43.25.566,PsychoPy Exp,2023.1.2,60.023433186994815
RealityN,ExpTrialStim/Square_Triangle_B_1.png,"In REALITY, there are ZERO cubes",b,h,TB-K-B,2,1,1,2,1,1,0,0,0,0,B,PropFalse,SA1: TB2,SG: TR,0,259,259,88,NA,NA,NA,NA,NA,1498.3329559999984,4.0020002052187e-4,1499.0664146000054,1499.1664033000125,0.831158300046809,1501.099863499985,1501.4998633000068,1501.6018879999174,1501.6018879999174,h,1,1.5943562999600545,1503.2164331999377,1503.2164331999377,1503.2164331999377,1503.2164331999377,NA,NA,NA,NA,NA,NA,032,001,2024-02-15_14h43.25.566,PsychoPy Exp,2023.1.2,60.023433186994815
KnowledgeN,ExpTrialStim/Square_Triangle_NB_2.png,Adam KNOWS there are ZERO cubes,b,h,TB-K,2,1,1,2,1,1,0,0,0,0,NB,PropFalse,SB1: TB3,SB: TO,0,260,260,280,NA,NA,NA,NA,NA,1503.2164331999377,0.00169659999664872,1503.9497306999983,1504.049858000013,0.8295353999128565,1505.9830051999306,1506.3831234999234,1506.4852557999548,1506.4852557999548,h,1,1.358691000030376,1507.8663643000182,1507.8663643000182,1507.8663643000182,1507.8663643000182,NA,NA,NA,NA,NA,NA,032,001,2024-02-15_14h43.25.566,PsychoPy Exp,2023.1.2,60.023433186994815
RealityN,ExpTrialStim/Triangle_Triangle_NB_2.png,"In REALITY, there are TWO cubes",b,h,TB-K,2,0,2,2,0,2,0,0,0,2,NB,PropFalse,TA2: TB3,TO: TR,0,261,261,61,NA,NA,NA,NA,NA,1507.8663643000182,0.00114420009776949,1508.5997151000192,1508.6998262999114,0.8305658000754192,1510.6331552999327,1511.0331247999566,1511.1351817999966,1511.1351817999966,h,1,1.1330507000675425,1512.2996219999625,1512.2996219999625,1512.2996219999625,1512.2996219999625,NA,NA,NA,NA,NA,NA,032,001,2024-02-15_14h43.25.566,PsychoPy Exp,2023.1.2,60.023433186994815
RealityY,ExpTrialStim/Square_B_Square_2.png,"In REALITY, there are TWO cubes",h,b,FB-Ig,2,2,0,1,1,0,1,1,0,2,B,-,SA2: SC3,SB: SP,0,262,262,43,NA,NA,NA,NA,NA,1512.2996219999625,5.9149996377527e-4,1513.0330372999888,1513.1331283999607,0.8310714999679476,1515.0664963999295,1515.4663832999067,1515.5686384999426,1515.5686384999426,b,1,1.3795495999511331,1516.9663441999585,1516.9663441999585,1516.9663441999585,1516.9663441999585,NA,NA,NA,NA,NA,NA,032,001,2024-02-15_14h43.25.566,PsychoPy Exp,2023.1.2,60.023433186994815
BeliefN,ExpTrialStim/Square_Triangle_B_7.png,Adam THINKS there are TWO cubes,b,h,TB-K-B,2,1,1,2,1,1,0,0,0,2,B,PropFalse,SA1: TB3,SB: TO,0,263,263,198,NA,NA,NA,NA,NA,1516.9663441999585,0.00146880000829696,1517.6996958999662,1517.799811200006,0.8302266000537202,1519.7330424999818,1520.133003199939,1520.2351340999594,1520.2351340999594,h,1,2.0815734999487177,1522.3329007999273,1522.3329007999273,1522.3329007999273,1522.3329007999273,NA,NA,NA,NA,NA,NA,032,001,2024-02-15_14h43.25.566,PsychoPy Exp,2023.1.2,60.023433186994815
BeliefY,ExpTrialStim/Square_Square_B_11.png,Adam THINKS there are TWO cubes,h,b,TB-K-B,2,2,0,2,2,0,0,0,0,2,B,-,SA3: SB2,SB: SP,0,264,264,144,NA,NA,NA,NA,NA,1522.3329007999273,0.00166589999571442,1523.0663397000171,1523.166441099951,0.8294506999664009,1525.0997759000163,1525.4997660999652,1525.6018734999234,1525.6018734999234,b,1,1.3619949999265373,1526.982916099951,1526.982916099951,1526.982916099951,1526.982916099951,NA,NA,NA,NA,NA,NA,032,001,2024-02-15_14h43.25.566,PsychoPy Exp,2023.1.2,60.023433186994815
BeliefY,ExpTrialStim/Square_Square_B_8.png,Adam THINKS there are TWO cubes,h,b,TB-K-B,2,2,0,2,2,0,0,0,0,2,B,-,SA2: SB3,SP: SB,0,265,265,141,NA,NA,NA,NA,NA,1526.982916099951,6.0260004829615e-4,1527.7163721999386,1527.816385700018,0.8308607999933884,1529.749773599906,1530.1497508999892,1530.2518304999685,1530.2518304999685,b,1,0.8402716999407858,1531.1163794000167,1531.1163794000167,1531.1163794000167,1531.1163794000167,NA,NA,NA,NA,NA,NA,032,001,2024-02-15_14h43.25.566,PsychoPy Exp,2023.1.2,60.023433186994815
KnowledgeN,ExpTrialStim/Square_B_Square_3.png,Adam KNOWS there are TWO cubes,b,h,FB-Ig,2,2,0,1,1,0,1,1,0,2,B,PropTrueNoKnowledge,SA3: SD1,SP: SB,0,266,266,314,NA,NA,NA,NA,NA,1531.1163794000167,0.00257600005716085,1531.84967149992,1531.9497739999788,0.8295095000648871,1533.8831598999675,1534.2831153000006,1534.3851958999876,1534.3851958999876,h,1,1.0349526000209153,1535.449692999944,1535.449692999944,1535.449692999944,1535.449692999944,NA,NA,NA,NA,NA,NA,032,001,2024-02-15_14h43.25.566,PsychoPy Exp,2023.1.2,60.023433186994815
BeliefN,ExpTrialStim/Square_B_1.png,Adam THINKS there are ZERO cubes,b,h,TB-Ig,1,1,0,1,1,0,0,0,0,0,B,PropFalse,SA2,SG,0,267,267,182,NA,NA,NA,NA,NA,1535.449692999944,0.00164589995983988,1536.182943599997,1536.283067499986,0.8296015999512747,1538.216425599996,1538.6164174999576,1538.7184882999863,1538.7184882999863,h,1,2.166195100056939,1540.9161333999364,1540.9161333999364,1540.9161333999364,1540.9161333999364,NA,NA,NA,NA,NA,NA,032,001,2024-02-15_14h43.25.566,PsychoPy Exp,2023.1.2,60.023433186994815
BeliefY,ExpTrialStim/B_Square_3.png,Adam THINKS there are ZERO cubes,h,b,FB-Ig,1,1,0,0,0,0,1,1,0,0,B,-,SD1,SP,0,268,268,148,NA,NA,NA,NA,NA,1540.9161333999364,0.00165789993479847,1541.6496221999405,1541.7497172999429,0.8295500000240281,1543.6830733999377,1544.0830470999936,1544.185154799954,1544.185154799954,b,1,4.1713463999331,1548.3828119999962,1548.3828119999962,1548.3828119999962,1548.3828119999962,NA,NA,NA,NA,NA,NA,032,001,2024-02-15_14h43.25.566,PsychoPy Exp,2023.1.2,60.023433186994815
BeliefY,ExpTrialStim/Triangle_Triangle_NB_2.png,Adam THINKS there are ZERO cubes,h,b,TB-K,2,0,2,2,0,2,0,0,0,0,NB,-,TA2: TB3,TO: TR,0,269,269,115,NA,NA,NA,NA,NA,1548.3828119999962,0.00180009996984153,1549.116268999991,1549.2161097999196,0.8291949999984354,1551.1497331999708,1551.549465799937,1551.6519229999976,1551.6519229999976,b,1,1.8002071999944746,1553.4829940999623,1553.4829940999623,1553.4829940999623,1553.4829940999623,NA,NA,NA,NA,NA,NA,032,001,2024-02-15_14h43.25.566,PsychoPy Exp,2023.1.2,60.023433186994815
KnowledgeY,ExpTrialStim/Triangle_Triangle_NB_3.png,Adam KNOWS there are ZERO cubes,h,b,TB-K,2,0,2,2,0,2,0,0,0,0,NB,-,TA3: TB1,TR: TY,0,270,270,224,NA,NA,NA,NA,NA,1553.4829940999623,0.00178389996290206,1554.2167059999192,1554.3163606999442,0.829519199905917,1556.2494456999702,1556.6497151999502,1556.751739099971,1556.751739099971,b,1,1.1489964999491349,1557.9163028999465,1557.9163028999465,1557.9163028999465,1557.9163028999465,NA,NA,NA,NA,NA,NA,032,001,2024-02-15_14h43.25.566,PsychoPy Exp,2023.1.2,60.023433186994815
KnowledgeN,ExpTrialStim/Square_B_1.png,Adam KNOWS there is ONE cube,b,h,TB-Ig,1,1,0,1,1,0,0,0,0,1,B,PropTrueNoKnowledge,SA2,SG,0,271,271,290,NA,NA,NA,NA,NA,1557.9163028999465,0.00168710004072636,1558.6495567999082,1558.7495209999615,0.8294603000395,1560.6828765999526,1561.0829337999455,1561.1850517999846,1561.1850517999846,b,0,1.371000500046648,1562.5828042000066,1562.5828042000066,1562.5828042000066,1562.5828042000066,NA,NA,NA,NA,NA,NA,032,001,2024-02-15_14h43.25.566,PsychoPy Exp,2023.1.2,60.023433186994815
BeliefN,ExpTrialStim/B_Square_2.png,Adam THINKS there is ONE cube,b,h,FB-Ig,1,1,0,0,0,0,1,1,0,1,B,PropTrueNoBelief,SC3,SG,0,272,272,201,NA,NA,NA,NA,NA,1562.5828042000066,0.00167839997448027,1563.3161176999563,1563.4163419000106,0.8294349999632686,1565.3496849999065,1565.7496372999158,1565.85169089993,1565.85169089993,h,1,3.3520094000268728,1569.232733999961,1569.232733999961,1569.232733999961,1569.232733999961,NA,NA,NA,NA,NA,NA,032,001,2024-02-15_14h43.25.566,PsychoPy Exp,2023.1.2,60.023433186994815
BeliefN,ExpTrialStim/Triangle_Triangle_NB_1.png,Adam THINKS there is ONE cube,b,h,TB-K,2,0,2,2,0,2,0,0,0,1,NB,PropFalse,TA1: TB2,TY: TO,0,273,273,168,NA,NA,NA,NA,NA,1569.232733999961,4.4319999869912e-4,1569.9662106999897,1570.0662954999134,0.8312074000714347,1571.9996355000185,1572.3996209999314,1572.501709299977,1572.501709299977,h,1,2.262183399987407,1574.782737399917,1574.782737399917,1574.782737399917,1574.782737399917,NA,NA,NA,NA,NA,NA,032,001,2024-02-15_14h43.25.566,PsychoPy Exp,2023.1.2,60.023433186994815
KnowledgeN,ExpTrialStim/Triangle_B_Triangle_2.png,Adam KNOWS there are ZERO cubes,b,h,TB-Ig,2,0,2,1,0,1,1,0,1,0,B,PropTrueNoKnowledge,TB1: TC2,TO: TY,0,274,274,293,NA,NA,NA,NA,NA,1574.782737399917,4.4410000555217e-4,1575.5161974999355,1575.616311299964,0.8312166000250727,1577.549521900015,1577.9495726999594,1578.0517585999332,1578.0517585999332,h,1,2.175914900028147,1580.2494773999788,1580.2494773999788,1580.2494773999788,1580.2494773999788,NA,NA,NA,NA,NA,NA,032,001,2024-02-15_14h43.25.566,PsychoPy Exp,2023.1.2,60.023433186994815
KnowledgeN,ExpTrialStim/Square_Square_NB_4.png,Adam KNOWS there is ONE cube,b,h,TB-K,2,2,0,2,2,0,0,0,0,1,NB,PropFalse,SA2: SB1,SP: SG,0,275,275,285,NA,NA,NA,NA,NA,1580.2494773999788,6.0060003306716e-4,1580.9828169000102,1581.082946099923,0.8310186000308022,1583.016091599944,1583.4161729000043,1583.5183055999223,1583.5183055999223,h,1,1.598179699969478,1585.1328544999706,1585.1328544999706,1585.1328544999706,1585.1328544999706,NA,NA,NA,NA,NA,NA,032,001,2024-02-15_14h43.25.566,PsychoPy Exp,2023.1.2,60.023433186994815
RealityY,ExpTrialStim/Triangle_Triangle_B_7.png,"In REALITY, there are ZERO cubes",h,b,TB-K-B,2,0,2,2,0,2,0,0,0,0,B,-,TA1: TB2,TR: TY,0,276,276,32,NA,NA,NA,NA,NA,1585.1328544999706,0.00167759996838867,1585.8661423999583,1585.9662268999964,0.8294818999711424,1587.8995951999675,1588.2996066999622,1588.4017447999213,1588.4017447999213,b,1,0.9624117999337614,1589.382802499924,1589.382802499924,1589.382802499924,1589.382802499924,NA,NA,NA,NA,NA,NA,032,001,2024-02-15_14h43.25.566,PsychoPy Exp,2023.1.2,60.023433186994815
KnowledgeN,ExpTrialStim/Square_Triangle_B_12.png,Adam KNOWS there are TWO cubes,b,h,TB-K-B,2,1,1,2,1,1,0,0,0,2,B,PropFalse,SB3: TA1,SB: TO,0,277,277,307,NA,NA,NA,NA,NA,1589.382802499924,0.00150509993545711,1590.116128899972,1590.2162674999563,0.8299285999964923,1592.1495641999643,1592.5495811,1592.651710200007,1592.651710200007,h,1,2.0559118000091985,1594.732699199929,1594.732699199929,1594.732699199929,1594.732699199929,NA,NA,NA,NA,NA,NA,032,001,2024-02-15_14h43.25.566,PsychoPy Exp,2023.1.2,60.023433186994815
RealityN,ExpTrialStim/Square_Square_NB_6.png,"In REALITY, there is ONE cube",b,h,TB-K,2,2,0,2,2,0,0,0,0,1,NB,PropFalse,SA1: SB3,SG: SB,0,278,278,71,NA,NA,NA,NA,NA,1594.732699199929,4.2870000470429e-4,1595.466105600004,1595.5662190999135,0.8313692999072373,1597.499555699993,1597.8995918999426,1598.0014288999373,1598.0014288999373,h,1,0.7466044999891892,1598.7662063000023,1598.7662063000023,1598.7662063000023,1598.7662063000023,NA,NA,NA,NA,NA,NA,032,001,2024-02-15_14h43.25.566,PsychoPy Exp,2023.1.2,60.023433186994815
RealityN,ExpTrialStim/Triangle_B_1.png,"In REALITY, there is ONE cube",b,h,TB-Ig,1,0,1,1,0,1,0,0,0,1,B,PropFalse,TA2,TR,0,279,279,72,NA,NA,NA,NA,NA,1598.7662063000023,0.0017506000585854,1599.5161066999426,1599.616252399981,0.8461562000447884,1601.5495334999869,1601.949306699913,1602.051711799926,1602.051711799926,h,1,1.45602639997378,1603.5328299999237,1603.5328299999237,1603.5328299999237,1603.5328299999237,NA,NA,NA,NA,NA,NA,032,001,2024-02-15_14h43.25.566,PsychoPy Exp,2023.1.2,60.023433186994815
KnowledgeN,ExpTrialStim/B_Square_2.png,Adam KNOWS there are ZERO cubes,b,h,FB-Ig,1,1,0,0,0,0,1,1,0,0,B,PropFalse,SC3,SG,0,280,280,309,NA,NA,NA,NA,NA,1603.5328299999237,0.00167310005053877,1604.2660943999654,1604.366218099953,0.829864300088957,1606.2995730999392,1606.6992283000145,1606.801602399908,1606.801602399908,h,1,1.6744681999552995,1608.4994791999925,1608.4994791999925,1608.4994791999925,1608.4994791999925,NA,NA,NA,NA,NA,NA,032,001,2024-02-15_14h43.25.566,PsychoPy Exp,2023.1.2,60.023433186994815
RealityY,ExpTrialStim/B_Square_1.png,"In REALITY, there is ONE cube",h,b,FB-Ig,1,1,0,0,0,0,1,1,0,1,B,-,SC2,SG,0,281,281,38,NA,NA,NA,NA,NA,1608.4994791999925,0.00168970006052404,1609.2327668999787,1609.332853099913,0.8295904999831691,1611.266170399962,1611.666223899927,1611.768263499951,1611.768263499951,b,1,1.4112829000223428,1613.1991381999103,1613.1991381999103,1613.1991381999103,1613.1991381999103,NA,NA,NA,NA,NA,NA,032,001,2024-02-15_14h43.25.566,PsychoPy Exp,2023.1.2,60.023433186994815
KnowledgeN,ExpTrialStim/Square_Square_B_12.png,Adam KNOWS there is ONE cube,b,h,TB-K-B,2,2,0,2,2,0,0,0,0,1,B,PropFalse,SA1: SB3,SP: SG,0,282,282,303,NA,NA,NA,NA,NA,1613.1991381999103,3.8999994285404e-4,1613.9327308000063,1614.0327720999485,0.8308786998968571,1615.9660253999757,1616.3662316999398,1616.4683177999686,1616.4683177999686,h,1,0.943237999919802,1617.432603299967,1617.432603299967,1617.432603299967,1617.432603299967,NA,NA,NA,NA,NA,NA,032,001,2024-02-15_14h43.25.566,PsychoPy Exp,2023.1.2,60.023433186994815
KnowledgeY,ExpTrialStim/Square_Square_B_2.png,Adam KNOWS there are TWO cubes,h,b,TB-K-B,2,2,0,2,2,0,0,0,0,2,B,-,SA2: SB3,SB: SP,0,283,283,247,NA,NA,NA,NA,NA,1617.432603299967,3.9339996874332e-4,1618.1660356000066,1618.26619200001,0.8314061000710353,1620.1993910999736,1620.599488199921,1620.7016623999225,1620.7016623999225,b,1,0.9981964000035076,1621.7159536000108,1621.7159536000108,1621.7159536000108,1621.7159536000108,NA,NA,NA,NA,NA,NA,032,001,2024-02-15_14h43.25.566,PsychoPy Exp,2023.1.2,60.023433186994815
BeliefY,ExpTrialStim/Square_Square_NB_6.png,Adam THINKS there are TWO cubes,h,b,TB-K,2,2,0,2,2,0,0,0,0,2,NB,-,SA1: SB3,SG: SB,0,284,284,125,NA,NA,NA,NA,NA,1621.7159536000108,7.6050008647143e-4,1622.44940329995,1622.549483299954,0.8307714000111446,1624.499369499972,1624.89952430001,1625.001560500008,1625.001560500008,b,1,0.7625840000109747,1625.782749200007,1625.782749200007,1625.782749200007,1625.782749200007,NA,NA,NA,NA,NA,NA,032,001,2024-02-15_14h43.25.566,PsychoPy Exp,2023.1.2,60.023433186994815
RealityY,ExpTrialStim/Triangle_Triangle_B_3.png,"In REALITY, there are ZERO cubes",h,b,TB-K-B,2,0,2,2,0,2,0,0,0,0,B,-,TA3: TB1,TR: TY,0,285,285,28,NA,NA,NA,NA,NA,1625.782749200007,0.0016768000787124,1626.5160159999505,1626.6161579999607,0.8295898000942543,1628.549292300013,1628.9495137999766,1629.0515373999951,1629.0515373999951,b,1,0.8960984000004828,1629.9659369,1629.9659369,1629.9659369,1629.9659369,NA,NA,NA,NA,NA,NA,032,001,2024-02-15_14h43.25.566,PsychoPy Exp,2023.1.2,60.023433186994815
KnowledgeN,ExpTrialStim/Square_B_Square_7.png,Adam KNOWS there are TWO cubes,b,h,FB-Ig,2,2,0,1,1,0,1,1,0,2,B,PropTrueNoKnowledge,SA3: SC2,SG: SP,0,286,286,318,NA,NA,NA,NA,NA,1629.9659369,6.0319993644952e-4,1630.699356499943,1630.7994834999554,0.8311490999767557,1632.732652699924,1633.1326432999922,1633.2349750999128,1633.2349750999128,h,1,1.120573200052604,1634.3826436999952,1634.3826436999952,1634.3826436999952,1634.3826436999952,NA,NA,NA,NA,NA,NA,032,001,2024-02-15_14h43.25.566,PsychoPy Exp,2023.1.2,60.023433186994815
KnowledgeY,ExpTrialStim/Triangle_Triangle_B_1.png,Adam KNOWS there are ZERO cubes,h,b,TB-Ig,2,0,2,2,0,2,0,0,0,0,B,-,TA1: TB2,TY: TO,0,287,287,234,NA,NA,NA,NA,NA,1634.3826436999952,6.9120002444833e-4,1635.1159224999135,1635.215984200011,0.831035100040026,1637.1494150999931,1637.549386599916,1637.651530499919,1637.651530499919,b,1,0.8719941000454128,1638.549223799957,1638.549223799957,1638.549223799957,1638.549223799957,NA,NA,NA,NA,NA,NA,032,001,2024-02-15_14h43.25.566,PsychoPy Exp,2023.1.2,60.023433186994815
RealityN,ExpTrialStim/Triangle_NB_1.png,"In REALITY, there is ONE cube",b,h,TB-K,1,0,1,1,0,1,0,0,0,1,NB,PropFalse,TA1,TO,0,288,288,54,NA,NA,NA,NA,NA,1638.549223799957,6.6370004788041e-4,1639.282646399923,1639.38277929998,0.8309050000971183,1641.316100099939,1641.7160555999726,1641.8180436999537,1641.8180436999537,h,1,0.9778163000009954,1642.815978199942,1642.815978199942,1642.815978199942,1642.815978199942,NA,NA,NA,NA,NA,NA,032,001,2024-02-15_14h43.25.566,PsychoPy Exp,2023.1.2,60.023433186994815
KnowledgeY,ExpTrialStim/Triangle_Triangle_B_3.png,Adam KNOWS there are ZERO cubes,h,b,TB-Ig,2,0,2,2,0,2,0,0,0,0,B,-,TA3: TB1,TR: TY,0,289,289,236,NA,NA,NA,NA,NA,1642.815978199942,0.00167949998285621,1643.549308400019,1643.6494083999423,0.8296164999483153,1645.5828030999985,1645.982699099928,1646.0847790999103,1646.0847790999103,b,1,1.0548501000739634,1647.1659806999378,1647.1659806999378,1647.1659806999378,1647.1659806999378,NA,NA,NA,NA,NA,NA,032,001,2024-02-15_14h43.25.566,PsychoPy Exp,2023.1.2,60.023433186994815
KnowledgeY,ExpTrialStim/Square_Square_B_1.png,Adam KNOWS there are TWO cubes,h,b,TB-K-B,2,2,0,2,2,0,0,0,0,2,B,-,SA1: SB2,SP: SG,0,290,290,246,NA,NA,NA,NA,NA,1647.1659806999378,0.00152940000407397,1647.8992997999303,1647.999437699909,0.8296535999979824,1649.9327590999892,1650.3327766999137,1650.4349042999092,1650.4349042999092,b,1,0.7449379999889061,1651.1993354000151,1651.1993354000151,1651.1993354000151,1651.1993354000151,NA,NA,NA,NA,NA,NA,032,001,2024-02-15_14h43.25.566,PsychoPy Exp,2023.1.2,60.023433186994815
BeliefN,ExpTrialStim/Triangle_Triangle_B_5.png,Adam THINKS there is ONE cube,b,h,TB-K-B,2,0,2,2,0,2,0,0,0,1,B,PropFalse,TA3: TB2,TR: TO,0,291,291,188,NA,NA,NA,NA,NA,1651.1993354000151,0.00169559998903423,1651.9326143999351,1652.032726299949,0.8295879999641329,1653.9660865999758,1654.3660597999117,1654.4681536999997,1654.4681536999997,h,1,0.8799562000203878,1655.3660602999153,1655.3660602999153,1655.3660602999153,1655.3660602999153,NA,NA,NA,NA,NA,NA,032,001,2024-02-15_14h43.25.566,PsychoPy Exp,2023.1.2,60.023433186994815
BeliefY,ExpTrialStim/Triangle_B_Square_4.png,Adam THINKS there are ZERO cubes,h,b,FB-Ig,2,1,1,1,0,1,1,1,0,0,B,-,SD3: TB1,SB: TO,0,292,292,161,NA,NA,NA,NA,NA,1655.3660602999153,0.00167110003530979,1656.0992643999634,1656.199381500017,0.8294710000045598,1658.1327164999675,1658.5327187000075,1658.6347729999106,1658.6347729999106,h,0,4.38506610004697,1663.0493102999171,1663.0493102999171,1663.0493102999171,1663.0493102999171,NA,NA,NA,NA,NA,NA,032,001,2024-02-15_14h43.25.566,PsychoPy Exp,2023.1.2,60.023433186994815
RealityN,ExpTrialStim/Triangle_B_2.png,"In REALITY, there is ONE cube",b,h,TB-Ig,1,0,1,1,0,1,0,0,0,1,B,PropFalse,TB2,TO,0,293,293,73,NA,NA,NA,NA,NA,1663.0493102999171,0.00176349992398172,1663.782644299907,1663.882705199998,0.8293338998919353,1665.816055599949,1666.215972899925,1666.31809039996,1666.31809039996,h,1,1.1733826999552548,1667.515895999968,1667.515895999968,1667.515895999968,1667.515895999968,NA,NA,NA,NA,NA,NA,032,001,2024-02-15_14h43.25.566,PsychoPy Exp,2023.1.2,60.023433186994815
KnowledgeY,ExpTrialStim/Square_Square_B_10.png,Adam KNOWS there are TWO cubes,h,b,FB-Ig,2,2,0,2,2,0,0,0,0,2,B,-,SA2: SB1,SG: SB,0,294,294,255,NA,NA,NA,NA,NA,1667.515895999968,9.4059994444251e-4,1668.2492502999958,1668.3493477000156,0.8305817999644205,1670.2825491999974,1670.6825233999407,1670.784827800002,1670.784827800002,b,1,0.7229603000450879,1671.5325829000212,1671.5325829000212,1671.5325829000212,1671.5325829000212,NA,NA,NA,NA,NA,NA,032,001,2024-02-15_14h43.25.566,PsychoPy Exp,2023.1.2,60.023433186994815
RealityN,ExpTrialStim/Triangle_Triangle_NB_3.png,"In REALITY, there are TWO cubes",b,h,TB-K,2,0,2,2,0,2,0,0,0,2,NB,PropFalse,TA3: TB1,TR: TY,0,295,295,62,NA,NA,NA,NA,NA,1671.5325829000212,0.00170829996932297,1672.265894399956,1672.3658602000214,0.8296120000304654,1674.2993420999264,1674.6993935999926,1674.8014720999636,1674.8014720999636,h,1,0.6826852998929098,1675.4991187999258,1675.4991187999258,1675.4991187999258,1675.4991187999258,NA,NA,NA,NA,NA,NA,032,001,2024-02-15_14h43.25.566,PsychoPy Exp,2023.1.2,60.023433186994815
KnowledgeY,ExpTrialStim/Triangle_Triangle_B_9.png,Adam KNOWS there are ZERO cubes,h,b,TB-K-B,2,0,2,2,0,2,0,0,0,0,B,-,TA3: TB1,TO: TR,0,296,296,242,NA,NA,NA,NA,NA,1675.4991187999258,0.00168600003235042,1676.2325837999815,1676.3326837000204,0.8293844000436366,1678.2660354999823,1678.665971999988,1678.7681451999815,1678.7681451999815,b,1,1.699644299922511,1680.499012599932,1680.499012599932,1680.499012599932,1680.499012599932,NA,NA,NA,NA,NA,NA,032,001,2024-02-15_14h43.25.566,PsychoPy Exp,2023.1.2,60.023433186994815
BeliefY,ExpTrialStim/Square_B_Triangle_2.png,Adam THINKS there is ONE cube,h,b,TB-Ig,2,1,1,1,1,0,1,0,1,1,B,-,SD3: TD2,SP: TY,0,297,297,133,NA,NA,NA,NA,NA,1680.499012599932,5.8560003526508e-4,1681.2325271000154,1681.3326832000166,0.8311273000435904,1683.2658368999837,1683.6659823999507,1683.7681111999557,1683.7681111999557,b,1,3.5555374999530613,1687.349089599913,1687.349089599913,1687.349089599913,1687.349089599913,NA,NA,NA,NA,NA,NA,032,001,2024-02-15_14h43.25.566,PsychoPy Exp,2023.1.2,60.023433186994815
KnowledgeY,ExpTrialStim/Square_NB_3.png,Adam KNOWS there is ONE cube,h,b,TB-K,1,1,0,1,1,0,0,0,0,1,NB,-,SB2,SG,0,298,298,221,NA,NA,NA,NA,NA,1687.349089599913,0.00155479996465146,1688.082499800017,1688.182583499933,0.8296611999394372,1690.1159528999124,1690.5159293999895,1690.6179886999307,1690.6179886999307,b,1,0.9216790000209584,1691.56569399999,1691.56569399999,1691.56569399999,1691.56569399999,NA,NA,NA,NA,NA,NA,032,001,2024-02-15_14h43.25.566,PsychoPy Exp,2023.1.2,60.023433186994815
KnowledgeY,ExpTrialStim/Square_Triangle_NB_2.png,Adam KNOWS there is ONE cube,h,b,TB-K,2,1,1,2,1,1,0,0,0,1,NB,-,SB1: TB3,SB: TO,0,299,299,226,NA,NA,NA,NA,NA,1691.56569399999,0.0017081000842154,1692.2991829999955,1692.3991007999284,0.8293931999942288,1694.3326121999417,1694.732414499973,1694.8347517999357,1694.8347517999357,b,1,0.6249620999442413,1695.4825658999616,1695.4825658999616,1695.4825658999616,1695.4825658999616,NA,NA,NA,NA,NA,NA,032,001,2024-02-15_14h43.25.566,PsychoPy Exp,2023.1.2,60.023433186994815
RealityN,ExpTrialStim/Square_Triangle_B_3.png,"In REALITY, there are TWO cubes",b,h,TB-K-B,2,1,1,2,1,1,0,0,0,2,B,PropFalse,SA3: TB1,SP: TY,0,300,300,90,NA,NA,NA,NA,NA,1695.4825658999616,0.00165390002075582,1696.215841599973,1696.3159910999238,0.8294360000872985,1698.2491412999807,1698.64923729992,1698.751373099978,1698.751373099978,h,1,2.4125844000373036,1701.1825615999987,1701.1825615999987,1701.1825615999987,1701.1825615999987,NA,NA,NA,NA,NA,NA,032,001,2024-02-15_14h43.25.566,PsychoPy Exp,2023.1.2,60.023433186994815
BeliefN,ExpTrialStim/B_Square_1.png,Adam THINKS there is ONE cube,b,h,FB-Ig,1,1,0,0,0,0,1,1,0,1,B,PropTrueNoBelief,SC2,SG,0,301,301,200,NA,NA,NA,NA,NA,1701.1825615999987,0.00165410002227872,1701.9157884999877,1702.015909299953,0.8294015999417752,1703.9492367999628,1704.34914820001,1704.4513345999876,1704.4513345999876,h,1,2.5120066999224946,1706.982244099956,1706.982244099956,1706.982244099956,1706.982244099956,NA,NA,NA,NA,NA,NA,032,001,2024-02-15_14h43.25.566,PsychoPy Exp,2023.1.2,60.023433186994815
KnowledgeY,ExpTrialStim/Square_Triangle_B_9.png,Adam KNOWS there is ONE cube,h,b,FB-Ig,2,1,1,2,1,1,0,0,0,1,B,-,SA3: TB2,SG: TR,0,302,302,266,NA,NA,NA,NA,NA,1706.982244099956,3.9449997711926e-4,1707.7157740999246,1707.815918999957,0.8312274999916553,1709.7490746999392,1710.1492697999347,1710.251257799915,1710.251257799915,b,1,1.2401193999685347,1711.51578529994,1711.51578529994,1711.51578529994,1711.51578529994,NA,NA,NA,NA,NA,NA,032,001,2024-02-15_14h43.25.566,PsychoPy Exp,2023.1.2,60.023433186994815
KnowledgeN,ExpTrialStim/Square_Triangle_B_10.png,Adam KNOWS there are TWO cubes,b,h,TB-K-B,2,1,1,2,1,1,0,0,0,2,B,PropFalse,SB1: TA2,SP: TY,0,303,303,305,NA,NA,NA,NA,NA,1711.51578529994,0.00115269992966204,1712.2502741999924,1712.3492461999413,0.8303984999656677,1714.2826238999842,1714.6825902999844,1714.784739799914,1714.784739799914,h,1,2.674577599973418,1717.4823581000092,1717.4823581000092,1717.4823581000092,1717.4823581000092,NA,NA,NA,NA,NA,NA,032,001,2024-02-15_14h43.25.566,PsychoPy Exp,2023.1.2,60.023433186994815
BeliefY,ExpTrialStim/Triangle_Triangle_NB_3.png,Adam THINKS there are ZERO cubes,h,b,TB-K,2,0,2,2,0,2,0,0,0,0,NB,-,TA3: TB1,TR: TY,0,304,304,116,NA,NA,NA,NA,NA,1717.4823581000092,5.8110000099986e-4,1718.2157953999704,1718.315903599956,0.8310230999486521,1720.249081099988,1720.6492659000214,1720.7513353999238,1720.7513353999238,b,1,0.8203911000164226,1721.599181999918,1721.599181999918,1721.599181999918,1721.599181999918,NA,NA,NA,NA,NA,NA,032,001,2024-02-15_14h43.25.566,PsychoPy Exp,2023.1.2,60.023433186994815
RealityY,ExpTrialStim/Triangle_B_Square_1.png,"In REALITY, there is ONE cube",h,b,FB-Ig,2,1,1,1,0,1,1,1,0,1,B,-,SC1: TA1,SB: TO,0,305,305,50,NA,NA,NA,NA,NA,1721.599181999918,0.0016766000771895,1722.3324228000129,1722.432344299974,0.8295194000238553,1724.3657968000043,1724.7658383999951,1724.8678812999278,1724.8678812999278,b,1,1.1837253000121564,1726.0824677000055,1726.0824677000055,1726.0824677000055,1726.0824677000055,NA,NA,NA,NA,NA,NA,032,001,2024-02-15_14h43.25.566,PsychoPy Exp,2023.1.2,60.023433186994815
KnowledgeY,ExpTrialStim/Square_Square_NB_1.png,Adam KNOWS there are TWO cubes,h,b,TB-K,2,2,0,2,2,0,0,0,0,2,NB,-,SA1: SB2,SP: SB,0,306,306,228,NA,NA,NA,NA,NA,1726.0824677000055,0.00167859997600317,1726.8157204999588,1726.9157135999994,0.8296547000063583,1728.8489740999648,1729.2492026999826,1729.3511507000076,1729.3511507000076,b,1,0.9721358000533656,1730.3489046000177,1730.3489046000177,1730.3489046000177,1730.3489046000177,NA,NA,NA,NA,NA,NA,032,001,2024-02-15_14h43.25.566,PsychoPy Exp,2023.1.2,60.023433186994815
KnowledgeN,ExpTrialStim/Square_Square_B_11.png,Adam KNOWS there are ZERO cubes,b,h,TB-K-B,2,2,0,2,2,0,0,0,0,0,B,PropFalse,SA3: SB2,SB: SP,0,307,307,302,NA,NA,NA,NA,NA,1730.3489046000177,3.9369997102767e-4,1731.0823731999844,1731.1823764999865,0.8311612999532372,1733.1155490999809,1733.5156312999316,1733.617533099954,1733.617533099954,h,1,1.4016998000442982,1735.048952299985,1735.048952299985,1735.048952299985,1735.048952299985,NA,NA,NA,NA,NA,NA,032,001,2024-02-15_14h43.25.566,PsychoPy Exp,2023.1.2,60.023433186994815
BeliefN,ExpTrialStim/Square_B_Square_4.png,Adam THINKS there are ZERO cubes,b,h,FB-Ig,2,2,0,1,1,0,1,1,0,0,B,PropFalse,SB1: SD2,SG: SP,0,308,308,207,NA,NA,NA,NA,NA,1735.048952299985,4.1640002746134e-4,1735.7822883999906,1735.8824038999155,0.8310378000605851,1737.8158219999168,1738.2156742999796,1738.3177817999383,1738.3177817999383,h,1,1.5258360999869185,1739.8656834999565,1739.8656834999565,1739.8656834999565,1739.8656834999565,NA,NA,NA,NA,NA,NA,032,001,2024-02-15_14h43.25.566,PsychoPy Exp,2023.1.2,60.023433186994815
BeliefY,ExpTrialStim/Square_Square_B_12.png,Adam THINKS there are TWO cubes,h,b,TB-K-B,2,2,0,2,2,0,0,0,0,2,B,-,SA1: SB3,SP: SG,0,309,309,145,NA,NA,NA,NA,NA,1739.8656834999565,0.00167160003911703,1740.59900799999,1740.6991458999692,0.8296599000459537,1742.6324756999966,1743.032463099924,1743.1345508999657,1743.1345508999657,b,1,1.1648615999147296,1744.3155623999191,1744.3155623999191,1744.3155623999191,1744.3155623999191,NA,NA,NA,NA,NA,NA,032,001,2024-02-15_14h43.25.566,PsychoPy Exp,2023.1.2,60.023433186994815
BeliefY,ExpTrialStim/Triangle_NB_3.png,Adam THINKS there are ZERO cubes,h,b,TB-K,1,0,1,1,0,1,0,0,0,0,NB,-,TB2,TR,0,310,310,110,NA,NA,NA,NA,NA,1744.3155623999191,3.7789996713399e-4,1745.0489718000172,1745.149123299983,0.8312192999292165,1747.0822977999924,1747.4824262999464,1747.584354799939,1747.584354799939,b,1,1.5874640999827534,1749.1990361999488,1749.1990361999488,1749.1990361999488,1749.1990361999488,NA,NA,NA,NA,NA,NA,032,001,2024-02-15_14h43.25.566,PsychoPy Exp,2023.1.2,60.023433186994815
KnowledgeN,ExpTrialStim/Triangle_B_Triangle_1.png,Adam KNOWS there are ZERO cubes,b,h,TB-Ig,2,0,2,1,0,1,1,0,1,0,B,PropTrueNoKnowledge,TA3: TD1,TY: TR,0,311,311,292,NA,NA,NA,NA,NA,1749.1990361999488,0.00173439993523061,1749.9323040000163,1750.0324803999392,0.829535000026226,1751.9656022000129,1752.365680299932,1752.4679239999969,1752.4679239999969,h,1,6.751627000048757,1759.2490178999724,1759.2490178999724,1759.2490178999724,1759.2490178999724,NA,NA,NA,NA,NA,NA,032,001,2024-02-15_14h43.25.566,PsychoPy Exp,2023.1.2,60.023433186994815
KnowledgeN,ExpTrialStim/Triangle_NB_3.png,Adam KNOWS there are TWO cubes,b,h,TB-K,1,0,1,1,0,1,0,0,0,2,NB,PropFalse,TB2,TR,0,312,312,272,NA,NA,NA,NA,NA,1759.2490178999724,0.00168290000874549,1759.9822643999942,1760.082454899908,0.8295361999189481,1762.0157211999176,1762.4157276999904,1762.517878399929,1762.517878399929,h,1,0.9981053000083192,1763.5323891999433,1763.5323891999433,1763.5323891999433,1763.5323891999433,NA,NA,NA,NA,NA,NA,032,001,2024-02-15_14h43.25.566,PsychoPy Exp,2023.1.2,60.023433186994815
RealityY,ExpTrialStim/Square_B_Triangle_1.png,"In REALITY, there is ONE cube",h,b,TB-Ig,2,1,1,1,1,0,1,0,1,1,B,-,SB1: TD3,SB: TO,0,313,313,24,NA,NA,NA,NA,NA,1763.5323891999433,0.0016733999364078,1764.265636599972,1764.3655911999522,0.8295135999796912,1766.2990076999413,1766.6990493999328,1766.8011589999078,1766.8011589999078,b,1,0.9624449000693858,1767.7823782999767,1767.7823782999767,1767.7823782999767,1767.7823782999767,NA,NA,NA,NA,NA,NA,032,001,2024-02-15_14h43.25.566,PsychoPy Exp,2023.1.2,60.023433186994815
RealityN,ExpTrialStim/Square_Square_NB_1.png,"In REALITY, there are ZERO cubes",b,h,TB-K,2,2,0,2,2,0,0,0,0,0,NB,PropFalse,SA1: SB2,SP: SB,0,314,314,66,NA,NA,NA,NA,NA,1767.7823782999767,0.00167959998361766,1768.5156059999715,1768.6157077999087,0.8293975000269711,1770.549065399915,1770.9490562999854,1771.0511713000014,1771.0511713000014,h,1,1.1601667000213638,1772.2323372999672,1772.2323372999672,1772.2323372999672,1772.2323372999672,NA,NA,NA,NA,NA,NA,032,001,2024-02-15_14h43.25.566,PsychoPy Exp,2023.1.2,60.023433186994815
KnowledgeY,ExpTrialStim/Square_Square_NB_3.png,Adam KNOWS there are TWO cubes,h,b,TB-K,2,2,0,2,2,0,0,0,0,2,NB,-,SA3: SB1,SG: SP,0,315,315,230,NA,NA,NA,NA,NA,1772.2323372999672,0.00137399998493492,1772.9656398999505,1773.0657155999215,0.8299648000393063,1774.9990646999795,1775.3990256999386,1775.501190799987,1775.501190799987,b,1,1.062250699964352,1776.5823133999947,1776.5823133999947,1776.5823133999947,1776.5823133999947,NA,NA,NA,NA,NA,NA,032,001,2024-02-15_14h43.25.566,PsychoPy Exp,2023.1.2,60.023433186994815
BeliefN,ExpTrialStim/Triangle_NB_3.png,Adam THINKS there are TWO cubes,b,h,TB-K,1,0,1,1,0,1,0,0,0,2,NB,PropFalse,TB2,TR,0,316,316,164,NA,NA,NA,NA,NA,1776.5823133999947,0.00165590003598481,1777.3155654999427,1777.4157546999631,0.829677400062792,1779.34906519996,1779.7489638999104,1779.851142099942,1779.851142099942,h,1,1.5038834000006318,1781.382104499964,1781.382104499964,1781.382104499964,1781.382104499964,NA,NA,NA,NA,NA,NA,032,001,2024-02-15_14h43.25.566,PsychoPy Exp,2023.1.2,60.023433186994815
RealityY,ExpTrialStim/Triangle_B_1.png,"In REALITY, there are ZERO cubes",h,b,TB-Ig,1,0,1,1,0,1,0,0,0,0,B,-,TA2,TR,0,317,317,18,NA,NA,NA,NA,NA,1781.382104499964,3.8859993219375e-4,1782.115462000016,1782.2154208999127,0.8312288000015542,1784.148764399928,1784.5487668999704,1784.651035399991,1784.651035399991,h,0,1.2327654999680815,1785.9153017000062,1785.9153017000062,1785.9153017000062,1785.9153017000062,NA,NA,NA,NA,NA,NA,032,001,2024-02-15_14h43.25.566,PsychoPy Exp,2023.1.2,60.023433186994815
RealityN,ExpTrialStim/Square_B_Square_4.png,"In REALITY, there are ZERO cubes",b,h,FB-Ig,2,2,0,1,1,0,1,1,0,0,B,PropFalse,SB1: SD2,SG: SP,0,318,318,99,NA,NA,NA,NA,NA,1785.9153017000062,3.919000737369e-4,1786.6486325999722,1786.7489301000023,0.8313367000082508,1788.6820926999208,1789.082060399931,1789.184448099928,1789.184448099928,h,1,1.3225924000144005,1790.531999400002,1790.531999400002,1790.531999400002,1790.531999400002,NA,NA,NA,NA,NA,NA,032,001,2024-02-15_14h43.25.566,PsychoPy Exp,2023.1.2,60.023433186994815
RealityY,ExpTrialStim/Square_B_Square_3.png,"In REALITY, there are TWO cubes",h,b,FB-Ig,2,2,0,1,1,0,1,1,0,2,B,-,SA3: SD1,SP: SB,0,319,319,44,NA,NA,NA,NA,NA,1790.531999400002,4.1350000537931e-4,1791.2654170999303,1791.3654296000022,0.8310427999822423,1793.2989756999305,1793.6986863999628,1793.801099699922,1793.801099699922,b,1,1.8825743000488728,1795.6987848000135,1795.6987848000135,1795.6987848000135,1795.6987848000135,NA,NA,NA,NA,NA,NA,032,001,2024-02-15_14h43.25.566,PsychoPy Exp,2023.1.2,60.023433186994815
KnowledgeY,ExpTrialStim/Square_Square_B_12.png,Adam KNOWS there are TWO cubes,h,b,FB-Ig,2,2,0,2,2,0,0,0,0,2,B,-,SA1: SB3,SP: SG,0,320,320,257,NA,NA,NA,NA,NA,1795.6987848000135,3.8099999073892e-4,1796.4322933999356,1796.532017200021,0.8308502999134362,1798.465414699982,1798.8658306999132,1798.967602699995,1798.967602699995,b,1,1.179522999911569,1800.1652293999214,1800.1652293999214,1800.1652293999214,1800.1652293999214,NA,NA,NA,NA,NA,NA,032,001,2024-02-15_14h43.25.566,PsychoPy Exp,2023.1.2,60.023433186994815
RealityY,ExpTrialStim/Square_Square_NB_2.png,"In REALITY, there are TWO cubes",h,b,TB-K,2,2,0,2,2,0,0,0,0,2,NB,-,SA2: SB3,SB: SG,0,321,321,13,NA,NA,NA,NA,NA,1800.1652293999214,3.9370008744299e-4,1800.898538199952,1800.9986859000055,0.83115630003158,1802.9320500999456,1803.331998199923,1803.4343791999856,1803.4343791999856,b,1,0.600634399917908,1804.0652755999472,1804.0652755999472,1804.0652755999472,1804.0652755999472,NA,NA,NA,NA,NA,NA,032,001,2024-02-15_14h43.25.566,PsychoPy Exp,2023.1.2,60.023433186994815
KnowledgeY,ExpTrialStim/Square_Square_NB_5.png,Adam KNOWS there are TWO cubes,h,b,TB-K,2,2,0,2,2,0,0,0,0,2,NB,-,SA3: SB2,SB: SP,0,322,322,232,NA,NA,NA,NA,NA,1804.0652755999472,4.2139994911849e-4,1804.7985479999336,1804.8987002000213,0.82998579996638,1806.8320843999973,1807.232041799929,1807.3345622000052,1807.3345622000052,b,1,0.6845901000779122,1808.048614099971,1808.048614099971,1808.048614099971,1808.048614099971,NA,NA,NA,NA,NA,NA,032,001,2024-02-15_14h43.25.566,PsychoPy Exp,2023.1.2,60.023433186994815
RealityY,ExpTrialStim/Square_NB_2.png,"In REALITY, there is ONE cube",h,b,TB-K,1,1,0,1,1,0,0,0,0,1,NB,-,SA3,SP,0,323,323,4,NA,NA,NA,NA,NA,1808.048614099971,4.274999955669e-4,1808.7818338000216,1808.8818999999205,0.8300369000062346,1810.815337999957,1811.215325900004,1811.3179870999884,1811.3179870999884,b,1,0.5250650000525638,1811.865424699965,1811.865424699965,1811.865424699965,1811.865424699965,NA,NA,NA,NA,NA,NA,032,001,2024-02-15_14h43.25.566,PsychoPy Exp,2023.1.2,60.023433186994815
NA,NA,NA,NA,NA,NA,NA,NA,NA,NA,NA,NA,NA,NA,NA,NA,NA,NA,NA,NA,NA,NA,NA,NA,NA,NA,NA,NA,NA,NA,NA,NA,NA,NA,NA,NA,NA,NA,NA,NA,NA,NA,NA,NA,NA,NA,NA,1811.865424699965,1812.8654082999565,space,2.6419315000530332,032,001,2024-02-15_14h43.25.566,PsychoPy Exp,2023.1.2,60.023433186994815
