Condition,Stimulus,Statement,CorAnsOdd,CorAnsEven,TypeOfStimuli,TotalShapesOnTable,TotalcubesOnTable,TotalOtherOnTable,VisibleShapes,Visiblecubes,VisibleOther,NotVisibleShapes,NotVisiblecubes,NotVisibleOther,NumOfBlocksAsked,BarrierPresent,WhyNo,Position,Colour,ExpTrial.thisRepN,ExpTrial.thisTrialN,ExpTrial.thisN,ExpTrial.thisIndex,ExpIntroText.started,ExpIntroPressSPACEText.started,ExpIntroPressSPACE.started,ExpIntroPressSPACE.keys,ExpIntroPressSPACE.rt,ExpPrimerText.started,ExpTextISI.started,ExpPrimerText.stopped,ExpText.started,ExpImageISI.started,ExpImagePrimer.started,ExpImagePrimer.stopped,ExpImage.started,ExpResponse.started,ExpResponse.keys,ExpResponse.corr,ExpResponse.rt,BreakTextPrompt.started,BreakTextPrompt.stopped,BreakTextKeyResponse.started,BreakTextKeyResponse.stopped,BreakTextKeyResponse.keys,BreakTextKeyResponse.rt,ExpEndText.started,ExpEndPressSPACE.started,ExpEndPressSPACE.keys,ExpEndPressSPACE.rt,participant,session,date,expName,psychopyVersion,frameRate
NA,NA,NA,NA,NA,NA,NA,NA,NA,NA,NA,NA,NA,NA,NA,NA,NA,NA,NA,NA,NA,NA,NA,NA,11.4475942,13.4250163,13.4250163,space,22.463338,NA,NA,NA,NA,NA,NA,NA,NA,NA,NA,NA,NA,NA,NA,NA,NA,NA,NA,NA,NA,NA,NA,1,1,2024-02-05_09h37.13.265,PsychoPy Exp,2023.1.2,59.97900738
RealityN,ExpTrialStim/Square_Square_B_1.png,"In REALITY, there are ZERO cubes",b,h,TB-K-B,2,2,0,2,2,0,0,0,0,0,B,PropFalse,SA1: SB2,SP: SG,0,0,0,84,NA,NA,NA,NA,NA,36.0539458,0.1576897,36.790546,36.8908794,0.9819053,38.8240597,39.2242005,39.3706838,39.3706838,b,1,0.605889,40.0072573,40.0072573,40.0072573,40.0072573,NA,NA,NA,NA,NA,NA,1,1,2024-02-05_09h37.13.265,PsychoPy Exp,2023.1.2,59.97900738
KnowledgeN,ExpTrialStim/Triangle_B_Triangle_1.png,Adam KNOWS there are ZERO cubes,b,h,TB-Ig,2,0,2,1,0,1,1,0,1,0,B,PropTrueNoKnowledge,TA3: TD1,TY: TR,0,1,1,292,NA,NA,NA,NA,NA,40.0072573,0.0015158,40.7574255,40.8573059,0.8450048,42.7908218,43.1907305,43.2930721,43.2930721,b,1,1.979272,45.2908198,45.2908198,45.2908198,45.2908198,NA,NA,NA,NA,NA,NA,1,1,2024-02-05_09h37.13.265,PsychoPy Exp,2023.1.2,59.97900738
BeliefN,ExpTrialStim/B_Square_2.png,Adam THINKS there is ONE cube,b,h,FB-Ig,1,1,0,0,0,0,1,1,0,1,B,PropTrueNoBelief,SC3,SG,0,2,2,201,NA,NA,NA,NA,NA,45.2908198,0.001996,46.0238322,46.1241787,0.8288462,48.0575243,48.4573901,48.5596453,48.5596453,b,1,1.0487093,49.6238829,49.6238829,49.6238829,49.6238829,NA,NA,NA,NA,NA,NA,1,1,2024-02-05_09h37.13.265,PsychoPy Exp,2023.1.2,59.97900738
BeliefN,ExpTrialStim/Triangle_B_Square_1.png,Adam THINKS there is ONE cube,b,h,FB-Ig,2,1,1,1,0,1,1,1,0,1,B,PropTrueNoBelief,SC1: TA1,SB: TO,0,3,3,212,NA,NA,NA,NA,NA,49.6238829,4.444e-4,50.3573943,50.4575032,0.8313922,52.3908282,52.7908197,52.8929288,52.8929288,b,1,0.9069792,53.8238866,53.8238866,53.8238866,53.8238866,NA,NA,NA,NA,NA,NA,1,1,2024-02-05_09h37.13.265,PsychoPy Exp,2023.1.2,59.97900738
KnowledgeY,ExpTrialStim/Triangle_Triangle_B_5.png,Adam KNOWS there are ZERO cubes,h,b,TB-Ig,2,0,2,2,0,2,0,0,0,0,B,-,TA3: TB2,TR: TO,0,4,4,238,NA,NA,NA,NA,NA,53.8238866,4.977e-4,54.5574363,54.6573263,0.8313114,56.5905952,56.9907403,57.0929977,57.0929977,b,0,1.5790429,58.6906591,58.6906591,58.6906591,58.6906591,NA,NA,NA,NA,NA,NA,1,1,2024-02-05_09h37.13.265,PsychoPy Exp,2023.1.2,59.97900738
KnowledgeN,ExpTrialStim/Square_Square_B_11.png,Adam KNOWS there are ZERO cubes,b,h,TB-K-B,2,2,0,2,2,0,0,0,0,0,B,PropFalse,SA3: SB2,SB: SP,0,5,5,302,NA,NA,NA,NA,NA,58.6906591,0.0010601,59.4239968,59.5241905,0.8305252,61.4572564,61.8573541,61.9595209,61.9595209,b,1,1.0245446,63.0073921,63.0073921,63.0073921,63.0073921,NA,NA,NA,NA,NA,NA,1,1,2024-02-05_09h37.13.265,PsychoPy Exp,2023.1.2,59.97900738
RealityY,ExpTrialStim/Triangle_Triangle_B_3.png,"In REALITY, there are ZERO cubes",h,b,TB-K-B,2,0,2,2,0,2,0,0,0,0,B,-,TA3: TB1,TR: TY,0,6,6,28,NA,NA,NA,NA,NA,63.0073921,0.0017311,63.7408718,63.8405314,0.8295641,65.7738843,66.174143,66.2761862,66.2761862,h,1,0.4676157,66.7740239,66.7740239,66.7740239,66.7740239,NA,NA,NA,NA,NA,NA,1,1,2024-02-05_09h37.13.265,PsychoPy Exp,2023.1.2,59.97900738
RealityN,ExpTrialStim/Square_Triangle_NB_3.png,"In REALITY, there are TWO cubes",b,h,TB-K,2,1,1,2,1,1,0,0,0,2,NB,PropFalse,SB3: TA2,SP: TY,0,7,7,65,NA,NA,NA,NA,NA,66.7740239,0.001521,67.5073391,67.6074454,0.8298735,69.5405253,69.9407396,70.0428996,70.0428996,b,1,0.9252878,70.9904492,70.9904492,70.9904492,70.9904492,NA,NA,NA,NA,NA,NA,1,1,2024-02-05_09h37.13.265,PsychoPy Exp,2023.1.2,59.97900738
RealityY,ExpTrialStim/Square_Triangle_NB_3.png,"In REALITY, there is ONE cube",h,b,TB-K,2,1,1,2,1,1,0,0,0,1,NB,-,SB3: TA2,SP: TY,0,8,8,11,NA,NA,NA,NA,NA,70.9904492,0.0016959,71.7239869,71.8241081,0.8294619,73.7574634,74.1574179,74.2595325,74.2595325,h,1,1.3247149,75.6073645,75.6073645,75.6073645,75.6073645,NA,NA,NA,NA,NA,NA,1,1,2024-02-05_09h37.13.265,PsychoPy Exp,2023.1.2,59.97900738
BeliefY,ExpTrialStim/B_Square_1.png,Adam THINKS there are ZERO cubes,h,b,FB-Ig,1,1,0,0,0,0,1,1,0,0,B,-,SC2,SG,0,9,9,146,NA,NA,NA,NA,NA,75.6073645,0.0016961,76.3406475,76.440565,0.8295835,78.3740476,78.7740707,78.8759185,78.8759185,b,0,1.0120195,79.9071817,79.9071817,79.9071817,79.9071817,NA,NA,NA,NA,NA,NA,1,1,2024-02-05_09h37.13.265,PsychoPy Exp,2023.1.2,59.97900738
BeliefY,ExpTrialStim/Triangle_Triangle_NB_3.png,Adam THINKS there are ZERO cubes,h,b,TB-K,2,0,2,2,0,2,0,0,0,0,NB,-,TA3: TB1,TR: TY,0,10,10,116,NA,NA,NA,NA,NA,79.9071817,7.878e-4,80.6405132,80.7407378,0.831056,82.6738105,83.0740234,83.1762373,83.1762373,h,1,1.6078945,84.807044,84.807044,84.807044,84.807044,NA,NA,NA,NA,NA,NA,1,1,2024-02-05_09h37.13.265,PsychoPy Exp,2023.1.2,59.97900738
KnowledgeY,ExpTrialStim/Square_Triangle_B_9.png,Adam KNOWS there is ONE cube,h,b,FB-Ig,2,1,1,2,1,1,0,0,0,1,B,-,SA3: TB2,SG: TR,0,11,11,266,NA,NA,NA,NA,NA,84.807044,0.001848,85.5405758,85.6406993,0.8294588,87.5740633,87.9740337,88.0758807,88.0758807,h,1,1.4683277,89.5737583,89.5737583,89.5737583,89.5737583,NA,NA,NA,NA,NA,NA,1,1,2024-02-05_09h37.13.265,PsychoPy Exp,2023.1.2,59.97900738
RealityN,ExpTrialStim/Square_Square_NB_2.png,"In REALITY, there are ZERO cubes",b,h,TB-K,2,2,0,2,2,0,0,0,0,0,NB,PropFalse,SA2: SB3,SB: SG,0,12,12,67,NA,NA,NA,NA,NA,89.5737583,6.166e-4,90.3072249,90.4071634,0.8294781,92.3407014,92.7405383,92.8426362,92.8426362,b,1,4.3012981,97.1738672,97.1738672,97.1738672,97.1738672,NA,NA,NA,NA,NA,NA,1,1,2024-02-05_09h37.13.265,PsychoPy Exp,2023.1.2,59.97900738
KnowledgeN,ExpTrialStim/Square_B_Square_4.png,Adam KNOWS there are TWO cubes,b,h,FB-Ig,2,2,0,1,1,0,1,1,0,2,B,PropTrueNoKnowledge,SB1: SD2,SG: SP,0,13,13,315,NA,NA,NA,NA,NA,97.1738672,0.0015427,97.9072395,98.0071166,0.8294953,99.9407096,100.3403933,100.4427472,100.4427472,b,1,2.061355,102.5237842,102.5237842,102.5237842,102.5237842,NA,NA,NA,NA,NA,NA,1,1,2024-02-05_09h37.13.265,PsychoPy Exp,2023.1.2,59.97900738
RealityN,ExpTrialStim/Square_B_Square_1.png,"In REALITY, there are ZERO cubes",b,h,FB-Ig,2,2,0,1,1,0,1,1,0,0,B,PropFalse,SA1: SC2,SG: SB,0,14,14,96,NA,NA,NA,NA,NA,102.5237842,0.001706,103.2572039,103.357115,0.8295556,105.2904336,105.6905635,105.7927866,105.7927866,b,1,1.2389224,107.0570607,107.0570607,107.0570607,107.0570607,NA,NA,NA,NA,NA,NA,1,1,2024-02-05_09h37.13.265,PsychoPy Exp,2023.1.2,59.97900738
KnowledgeY,ExpTrialStim/Triangle_Triangle_B_6.png,Adam KNOWS there are ZERO cubes,h,b,TB-Ig,2,0,2,2,0,2,0,0,0,0,B,-,TA1: TB3,TO: TY,0,15,15,239,NA,NA,NA,NA,NA,107.0570607,6.802e-4,107.7905082,107.8906393,0.8312265,109.8239822,110.2237364,110.3263408,110.3263408,h,1,2.1457399,112.4903672,112.4903672,112.4903672,112.4903672,NA,NA,NA,NA,NA,NA,1,1,2024-02-05_09h37.13.265,PsychoPy Exp,2023.1.2,59.97900738
RealityY,ExpTrialStim/Triangle_B_Square_3.png,"In REALITY, there is ONE cube",h,b,FB-Ig,2,1,1,1,0,1,1,1,0,1,B,-,SD1: TA2,SG: TR,0,16,16,52,NA,NA,NA,NA,NA,112.4903672,0.0015239,113.2237857,113.3239144,0.8297902,115.2570739,115.6572233,115.7593606,115.7593606,h,1,2.4724208,118.2572005,118.2572005,118.2572005,118.2572005,NA,NA,NA,NA,NA,NA,1,1,2024-02-05_09h37.13.265,PsychoPy Exp,2023.1.2,59.97900738
RealityY,ExpTrialStim/Triangle_Triangle_B_8.png,"In REALITY, there are ZERO cubes",h,b,TB-K-B,2,0,2,2,0,2,0,0,0,0,B,-,TA2: TB3,TY:TO,0,17,17,33,NA,NA,NA,NA,NA,118.2572005,0.0017889,118.9904276,119.0905785,0.8295821,121.0236564,121.423645,121.5260486,121.5260486,h,1,0.545976,122.0901773,122.0901773,122.0901773,122.0901773,NA,NA,NA,NA,NA,NA,1,1,2024-02-05_09h37.13.265,PsychoPy Exp,2023.1.2,59.97900738
BeliefN,ExpTrialStim/Square_Triangle_B_5.png,Adam THINKS there are ZERO cubes,b,h,TB-K-B,2,1,1,2,1,1,0,0,0,0,B,PropFalse,SB2: TA1,SG: TR,0,18,18,196,NA,NA,NA,NA,NA,122.0901773,0.0015305,122.8236078,122.9239192,0.829765,124.8572508,125.2572008,125.359101,125.359101,b,1,1.1364308,126.523606,126.523606,126.523606,126.523606,NA,NA,NA,NA,NA,NA,1,1,2024-02-05_09h37.13.265,PsychoPy Exp,2023.1.2,59.97900738
BeliefN,ExpTrialStim/Triangle_Triangle_B_6.png,Adam THINKS there is ONE cube,b,h,TB-K-B,2,0,2,2,0,2,0,0,0,1,B,PropFalse,TA1: TB3,TO: TY,0,19,19,189,NA,NA,NA,NA,NA,126.523606,4.457e-4,127.2570889,127.3569868,0.8314565,129.290287,129.6905346,129.792712,129.792712,b,1,1.2388545,131.0570036,131.0570036,131.0570036,131.0570036,NA,NA,NA,NA,NA,NA,1,1,2024-02-05_09h37.13.265,PsychoPy Exp,2023.1.2,59.97900738
RealityY,ExpTrialStim/Square_B_Square_4.png,"In REALITY, there are TWO cubes",h,b,FB-Ig,2,2,0,1,1,0,1,1,0,2,B,-,SB1: SD2,SG: SP,0,20,20,45,NA,NA,NA,NA,NA,131.0570036,0.0011625,131.7904224,131.8905283,0.8304585,133.8238676,134.2238415,134.3257897,134.3257897,h,1,0.7942624,135.1404655,135.1404655,135.1404655,135.1404655,NA,NA,NA,NA,NA,NA,1,1,2024-02-05_09h37.13.265,PsychoPy Exp,2023.1.2,59.97900738
KnowledgeN,ExpTrialStim/Square_Square_B_12.png,Adam KNOWS there is ONE cube,b,h,TB-K-B,2,2,0,2,2,0,0,0,0,1,B,PropFalse,SA1: SB3,SP: SG,0,21,21,303,NA,NA,NA,NA,NA,135.1404655,0.0017219,135.8737151,135.9735487,0.8295501,137.9071792,138.307158,138.4093418,138.4093418,b,1,0.8627131,139.2904874,139.2904874,139.2904874,139.2904874,NA,NA,NA,NA,NA,NA,1,1,2024-02-05_09h37.13.265,PsychoPy Exp,2023.1.2,59.97900738
KnowledgeN,ExpTrialStim/B_Square_1.png,Adam KNOWS there are ZERO cubes,b,h,FB-Ig,1,1,0,0,0,0,1,1,0,0,B,PropFalse,SC2,SG,0,22,22,308,NA,NA,NA,NA,NA,139.2904874,0.0017132,140.0237674,140.1238521,0.8295063,142.057207,142.4569837,142.5593427,142.5593427,b,1,2.0084752,144.5901741,144.5901741,144.5901741,144.5901741,NA,NA,NA,NA,NA,NA,1,1,2024-02-05_09h37.13.265,PsychoPy Exp,2023.1.2,59.97900738
BeliefY,ExpTrialStim/Square_Square_B_3.png,Adam THINKS there are TWO cubes,h,b,TB-K-B,2,2,0,2,2,0,0,0,0,2,B,-,SA3: SB1,SG: SB,0,23,23,136,NA,NA,NA,NA,NA,144.5901741,0.0015367,145.3236757,145.4235607,0.8297653,147.3568882,147.7571284,147.8590466,147.8590466,h,1,2.7089466,150.5901172,150.5901172,150.5901172,150.5901172,NA,NA,NA,NA,NA,NA,1,1,2024-02-05_09h37.13.265,PsychoPy Exp,2023.1.2,59.97900738
KnowledgeN,ExpTrialStim/Triangle_Triangle_NB_1.png,Adam KNOWS there is ONE cube,b,h,TB-K,2,0,2,2,0,2,0,0,0,1,NB,PropFalse,TA1: TB2,TY: TO,0,24,24,276,NA,NA,NA,NA,NA,150.5901172,0.0017095,151.3236813,151.4236005,0.8295936,153.3571463,153.7570796,153.8589542,153.8589542,b,1,1.6364431,155.5235036,155.5235036,155.5235036,155.5235036,NA,NA,NA,NA,NA,NA,1,1,2024-02-05_09h37.13.265,PsychoPy Exp,2023.1.2,59.97900738
KnowledgeN,ExpTrialStim/B_Square_3.png,Adam KNOWS there is ONE cube,b,h,FB-Ig,1,1,0,0,0,0,1,1,0,1,B,PropTrueNoKnowledge,SD1,SP,0,25,25,310,NA,NA,NA,NA,NA,155.5235036,4.801e-4,156.2569761,156.3570762,0.83145,158.307136,158.706946,158.8089674,158.8089674,b,1,0.9025194,159.7402698,159.7402698,159.7402698,159.7402698,NA,NA,NA,NA,NA,NA,1,1,2024-02-05_09h37.13.265,PsychoPy Exp,2023.1.2,59.97900738
KnowledgeY,ExpTrialStim/Square_Triangle_B_5.png,Adam KNOWS there is ONE cube,h,b,FB-Ig,2,1,1,2,1,1,0,0,0,1,B,-,SB2: TA1,SG: TR,0,26,26,262,NA,NA,NA,NA,NA,159.7402698,0.0011703,160.4736377,160.5737448,0.8304243,162.5068245,162.9068245,163.0093023,163.0093023,h,1,0.7744023,163.8069667,163.8069667,163.8069667,163.8069667,NA,NA,NA,NA,NA,NA,1,1,2024-02-05_09h37.13.265,PsychoPy Exp,2023.1.2,59.97900738
KnowledgeY,ExpTrialStim/Square_Square_B_3.png,Adam KNOWS there are TWO cubes,h,b,TB-K-B,2,2,0,2,2,0,0,0,0,2,B,-,SA3: SB1,SG: SB,0,27,27,248,NA,NA,NA,NA,NA,163.8069667,0.0015214,164.5402776,164.6404231,0.8298705,166.5737157,166.9735705,167.075733,167.075733,h,1,0.5877285,167.690105,167.690105,167.690105,167.690105,NA,NA,NA,NA,NA,NA,1,1,2024-02-05_09h37.13.265,PsychoPy Exp,2023.1.2,59.97900738
RealityY,ExpTrialStim/Triangle_NB_3.png,"In REALITY, there are ZERO cubes",h,b,TB-K,1,0,1,1,0,1,0,0,0,0,NB,-,TB2,TR,0,28,28,2,NA,NA,NA,NA,NA,167.690105,4.219e-4,168.4236082,168.5234388,0.8314814,170.4570655,170.8568804,170.9589047,170.9589047,h,1,1.3848269,172.373447,172.373447,172.373447,172.373447,NA,NA,NA,NA,NA,NA,1,1,2024-02-05_09h37.13.265,PsychoPy Exp,2023.1.2,59.97900738
KnowledgeN,ExpTrialStim/Square_B_Triangle_1.png,Adam KNOWS there is ONE cube,b,h,TB-Ig,2,1,1,1,1,0,1,0,1,1,B,PropTrueNoKnowledge,SB1: TD3,SB: TO,0,29,29,294,NA,NA,NA,NA,NA,172.373447,0.00078950000000000005,173.1066633,173.2067835,0.8305871,175.1402119,175.5400621,175.6423684,175.6423684,b,1,1.6691333,177.3401892,177.3401892,177.3401892,177.3401892,NA,NA,NA,NA,NA,NA,1,1,2024-02-05_09h37.13.265,PsychoPy Exp,2023.1.2,59.97900738
RealityY,ExpTrialStim/Triangle_Triangle_B_6.png,"In REALITY, there are ZERO cubes",h,b,TB-K-B,2,0,2,2,0,2,0,0,0,0,B,-,TA1: TB3,TO: TY,0,30,30,31,NA,NA,NA,NA,NA,177.3401892,7.96e-4,178.0733318,178.1733849,0.8307757,180.107038,180.506939,180.6091384,180.6091384,h,1,1.4381813,182.0733784,182.0733784,182.0733784,182.0733784,NA,NA,NA,NA,NA,NA,1,1,2024-02-05_09h37.13.265,PsychoPy Exp,2023.1.2,59.97900738
RealityN,ExpTrialStim/Square_Square_NB_5.png,"In REALITY, there is ONE cube",b,h,TB-K,2,2,0,2,2,0,0,0,0,1,NB,PropFalse,SA3: SB2,SB: SP,0,31,31,70,NA,NA,NA,NA,NA,182.0733784,4.229e-4,182.806917,182.9069289,0.8312868,184.8403151,185.2401853,185.3422854,185.3422854,b,1,0.8815816,186.2400105,186.2400105,186.2400105,186.2400105,NA,NA,NA,NA,NA,NA,1,1,2024-02-05_09h37.13.265,PsychoPy Exp,2023.1.2,59.97900738
KnowledgeY,ExpTrialStim/Square_Square_B_9.png,Adam KNOWS there are TWO cubes,h,b,FB-Ig,2,2,0,2,2,0,0,0,0,2,B,-,SA3: SB1,SB: SG,0,32,32,254,NA,NA,NA,NA,NA,186.2400105,4.152e-4,186.9733805,187.0734617,0.8310575,189.0069659,189.4066886,189.5089135,189.5089135,h,1,1.410925,190.940113,190.940113,190.940113,190.940113,NA,NA,NA,NA,NA,NA,1,1,2024-02-05_09h37.13.265,PsychoPy Exp,2023.1.2,59.97900738
RealityN,ExpTrialStim/Triangle_B_Square_3.png,"In REALITY, there are TWO cubes",b,h,FB-Ig,2,1,1,1,0,1,1,1,0,2,B,PropFalse,SD1: TA2,SG: TR,0,33,33,106,NA,NA,NA,NA,NA,190.940113,0.0017016,191.6735473,191.7736518,0.8293119,193.7067279,194.1069465,194.2090734,194.2090734,b,1,1.2941617,195.5233333,195.5233333,195.5233333,195.5233333,NA,NA,NA,NA,NA,NA,1,1,2024-02-05_09h37.13.265,PsychoPy Exp,2023.1.2,59.97900738
RealityY,ExpTrialStim/Triangle_B_Triangle_2.png,"In REALITY, there are ZERO cubes",h,b,TB-Ig,2,0,2,1,0,1,1,0,1,0,B,-,TB1: TC2,TO: TY,0,34,34,23,NA,NA,NA,NA,NA,195.5233333,4.03e-4,196.2568441,196.3566861,0.8315183,198.2902501,198.6901831,198.7923987,198.7923987,h,1,1.0393592,199.8568484,199.8568484,199.8568484,199.8568484,NA,NA,NA,NA,NA,NA,1,1,2024-02-05_09h37.13.265,PsychoPy Exp,2023.1.2,59.97900738
RealityY,ExpTrialStim/Square_Square_B_4.png,"In REALITY, there are TWO cubes",h,b,TB-K-B,2,2,0,2,2,0,0,0,0,2,B,-,SA2: SB1,SG: SP,0,35,35,37,NA,NA,NA,NA,NA,199.8568484,0.0017286,200.590108,200.6902964,0.8295336,202.6234776,203.0235689,203.1257051,203.1257051,h,1,0.8660952,204.0235369,204.0235369,204.0235369,204.0235369,NA,NA,NA,NA,NA,NA,1,1,2024-02-05_09h37.13.265,PsychoPy Exp,2023.1.2,59.97900738
BeliefN,ExpTrialStim/Square_Square_NB_2.png,Adam THINKS there are ZERO cubes,b,h,TB-K,2,2,0,2,2,0,0,0,0,0,NB,PropFalse,SA2: SB3,SB: SG,0,36,36,175,NA,NA,NA,NA,NA,204.0235369,0.0017502,204.7566272,204.8569158,0.8295039,206.790193,207.1901912,207.2924118,207.2924118,b,1,0.7633986,208.0733276,208.0733276,208.0733276,208.0733276,NA,NA,NA,NA,NA,NA,1,1,2024-02-05_09h37.13.265,PsychoPy Exp,2023.1.2,59.97900738
BeliefN,ExpTrialStim/Square_Triangle_NB_1.png,Adam THINKS there are ZERO cubes,b,h,TB-K,2,1,1,2,1,1,0,0,0,0,NB,PropFalse,SA2: TB1,SG: TR,0,37,37,171,NA,NA,NA,NA,NA,208.0733276,5.367e-4,208.8069606,208.9068698,0.8310765,210.8402469,211.2402038,211.342337,211.342337,b,1,0.8657079,212.2235353,212.2235353,212.2235353,212.2235353,NA,NA,NA,NA,NA,NA,1,1,2024-02-05_09h37.13.265,PsychoPy Exp,2023.1.2,59.97900738
BeliefY,ExpTrialStim/Triangle_B_1.png,Adam THINKS there are ZERO cubes,h,b,TB-Ig,1,0,1,1,0,1,0,0,0,0,B,-,TA2,TR,0,38,38,126,NA,NA,NA,NA,NA,212.2235353,0.0017115,212.9567666,213.0568714,0.8295048,214.9900939,215.3901421,215.4922844,215.4922844,h,1,1.3156512,216.8233842,216.8233842,216.8233842,216.8233842,NA,NA,NA,NA,NA,NA,1,1,2024-02-05_09h37.13.265,PsychoPy Exp,2023.1.2,59.97900738
BeliefN,ExpTrialStim/Triangle_Triangle_NB_1.png,Adam THINKS there is ONE cube,b,h,TB-K,2,0,2,2,0,2,0,0,0,1,NB,PropFalse,TA1: TB2,TY: TO,0,39,39,168,NA,NA,NA,NA,NA,216.8233842,0.0018266,217.5567231,217.6568341,0.8294832,219.590133,219.9901746,220.0923052,220.0923052,b,1,0.7317796,220.8400452,220.8400452,220.8400452,220.8400452,NA,NA,NA,NA,NA,NA,1,1,2024-02-05_09h37.13.265,PsychoPy Exp,2023.1.2,59.97900738
BeliefY,ExpTrialStim/Square_Triangle_NB_2.png,Adam THINKS there is ONE cube,h,b,TB-K,2,1,1,2,1,1,0,0,0,1,NB,-,SB1: TB3,SB: TO,0,40,40,118,NA,NA,NA,NA,NA,220.8400452,0.001527,221.5731592,221.6734713,0.829806,223.6066616,224.0068357,224.1090044,224.1090044,h,1,1.1542821,225.2898637,225.2898637,225.2898637,225.2898637,NA,NA,NA,NA,NA,NA,1,1,2024-02-05_09h37.13.265,PsychoPy Exp,2023.1.2,59.97900738
BeliefN,ExpTrialStim/Square_B_Triangle_2.png,Adam THINKS there are TWO cubes,b,h,TB-Ig,2,1,1,1,1,0,1,0,1,2,B,PropFalse,SD3: TD2,SP: TY,0,41,41,187,NA,NA,NA,NA,NA,225.2898637,6.093e-4,226.0233854,226.1233257,0.8306845,228.0567868,228.4568582,228.5589325,228.5589325,b,1,6.6567957,235.2399826,235.2399826,235.2399826,235.2399826,NA,NA,NA,NA,NA,NA,1,1,2024-02-05_09h37.13.265,PsychoPy Exp,2023.1.2,59.97900738
KnowledgeY,ExpTrialStim/Triangle_Triangle_B_1.png,Adam KNOWS there are ZERO cubes,h,b,TB-Ig,2,0,2,2,0,2,0,0,0,0,B,-,TA1: TB2,TY: TO,0,42,42,234,NA,NA,NA,NA,NA,235.2399826,0.0015408,235.9733245,236.0734398,0.8298548,238.0067596,238.4066398,238.5093723,238.5093723,h,1,2.1623107,240.6900788,240.6900788,240.6900788,240.6900788,NA,NA,NA,NA,NA,NA,1,1,2024-02-05_09h37.13.265,PsychoPy Exp,2023.1.2,59.97900738
BeliefY,ExpTrialStim/Triangle_B_Triangle_2.png,Adam THINKS there are ZERO cubes,h,b,TB-Ig,2,0,2,1,0,1,1,0,1,0,B,-,TB1: TC2,TO: TY,0,43,43,131,NA,NA,NA,NA,NA,240.6900788,0.00171,241.4233189,241.5232481,0.8291032,243.4568351,243.8567841,243.9589305,243.9589305,h,1,2.1365829,246.1230535,246.1230535,246.1230535,246.1230535,NA,NA,NA,NA,NA,NA,1,1,2024-02-05_09h37.13.265,PsychoPy Exp,2023.1.2,59.97900738
RealityY,ExpTrialStim/Square_Square_B_1.png,"In REALITY, there are TWO cubes",h,b,TB-K-B,2,2,0,2,2,0,0,0,0,2,B,-,SA1: SB2,SP: SG,0,44,44,34,NA,NA,NA,NA,NA,246.1230535,0.0017118,246.8564268,246.9564651,0.8295196,248.8898979,249.2899474,249.3921249,249.3921249,h,1,0.6635066,250.0731619,250.0731619,250.0731619,250.0731619,NA,NA,NA,NA,NA,NA,1,1,2024-02-05_09h37.13.265,PsychoPy Exp,2023.1.2,59.97900738
RealityY,ExpTrialStim/Square_Square_B_3.png,"In REALITY, there are TWO cubes",h,b,TB-K-B,2,2,0,2,2,0,0,0,0,2,B,-,SA3: SB1,SG: SB,0,45,45,36,NA,NA,NA,NA,NA,250.0731619,7.109e-4,250.8066323,250.9067382,0.83085,252.8400683,253.2400633,253.3421427,253.3421427,h,1,0.6173718,253.9899853,253.9899853,253.9899853,253.9899853,NA,NA,NA,NA,NA,NA,1,1,2024-02-05_09h37.13.265,PsychoPy Exp,2023.1.2,59.97900738
BeliefY,ExpTrialStim/Square_Square_B_9.png,Adam THINKS there are TWO cubes,h,b,TB-K-B,2,2,0,2,2,0,0,0,0,2,B,-,SA3: SB1,SB: SG,0,46,46,142,NA,NA,NA,NA,NA,253.9899853,0.0017133,254.7232731,254.8233688,0.8293958,256.7567298,257.1567031,257.2585879,257.2585879,h,1,1.1340745,258.4232998,258.4232998,258.4232998,258.4232998,NA,NA,NA,NA,NA,NA,1,1,2024-02-05_09h37.13.265,PsychoPy Exp,2023.1.2,59.97900738
BeliefY,ExpTrialStim/Square_Square_NB_1.png,Adam THINKS there are TWO cubes,h,b,TB-K,2,2,0,2,2,0,0,0,0,2,NB,-,SA1: SB2,SP: SB,0,47,47,120,NA,NA,NA,NA,NA,258.4232998,0.0017145,259.1563893,259.2566862,0.8294939,261.1900349,261.5900137,261.6921299,261.6921299,h,1,1.4191114,263.1398349,263.1398349,263.1398349,263.1398349,NA,NA,NA,NA,NA,NA,1,1,2024-02-05_09h37.13.265,PsychoPy Exp,2023.1.2,59.97900738
KnowledgeN,ExpTrialStim/Square_NB_1.png,Adam KNOWS there are ZERO cubes,b,h,TB-K,1,1,0,1,1,0,0,0,0,0,NB,PropFalse,SA1,SB,0,48,48,273,NA,NA,NA,NA,NA,263.1398349,0.0011614,263.8732364,263.9731443,0.8304936,265.9066982,266.306599,266.4084916,266.4084916,b,1,1.3590331,267.7898011,267.7898011,267.7898011,267.7898011,NA,NA,NA,NA,NA,NA,1,1,2024-02-05_09h37.13.265,PsychoPy Exp,2023.1.2,59.97900738
KnowledgeN,ExpTrialStim/Square_Triangle_NB_2.png,Adam KNOWS there are ZERO cubes,b,h,TB-K,2,1,1,2,1,1,0,0,0,0,NB,PropFalse,SB1: TB3,SB: TO,0,49,49,280,NA,NA,NA,NA,NA,267.7898011,0.0017074,268.5231751,268.6233685,0.8296482,270.5566679,270.9565906,271.0586176,271.0586176,b,1,0.9404165,272.0230257,272.0230257,272.0230257,272.0230257,NA,NA,NA,NA,NA,NA,1,1,2024-02-05_09h37.13.265,PsychoPy Exp,2023.1.2,59.97900738
BeliefN,ExpTrialStim/Square_B_Triangle_1.png,Adam THINKS there are ZERO cubes,b,h,TB-Ig,2,1,1,1,1,0,1,0,1,0,B,PropFalse,SB1: TD3,SB: TO,0,50,50,186,NA,NA,NA,NA,NA,272.0230257,5.398e-4,272.7565285,272.8564452,0.8313288,274.8066146,275.2063788,275.3087762,275.3087762,b,1,0.9623489,276.2896641,276.2896641,276.2896641,276.2896641,NA,NA,NA,NA,NA,NA,1,1,2024-02-05_09h37.13.265,PsychoPy Exp,2023.1.2,59.97900738
KnowledgeY,ExpTrialStim/Square_Triangle_B_2.png,Adam KNOWS there is ONE cube,h,b,FB-Ig,2,1,1,2,1,1,0,0,0,1,B,-,SA2: TB3,SB: TO,0,51,51,259,NA,NA,NA,NA,NA,276.2896641,4.976e-4,277.0231587,277.1232766,0.8311038,279.0565856,279.4565624,279.5587241,279.5587241,h,1,1.6726419,281.2563257,281.2563257,281.2563257,281.2563257,NA,NA,NA,NA,NA,NA,1,1,2024-02-05_09h37.13.265,PsychoPy Exp,2023.1.2,59.97900738
KnowledgeN,ExpTrialStim/Triangle_B_Triangle_2.png,Adam KNOWS there are ZERO cubes,b,h,TB-Ig,2,0,2,1,0,1,1,0,1,0,B,PropTrueNoKnowledge,TB1: TC2,TO: TY,0,52,52,293,NA,NA,NA,NA,NA,281.2563257,0.0015324,281.9898344,282.0899615,0.8297543,284.0230519,284.4232237,284.5251257,284.5251257,b,1,1.6023123,286.1565282,286.1565282,286.1565282,286.1565282,NA,NA,NA,NA,NA,NA,1,1,2024-02-05_09h37.13.265,PsychoPy Exp,2023.1.2,59.97900738
KnowledgeY,ExpTrialStim/Square_Triangle_B_6.png,Adam KNOWS there is ONE cube,h,b,FB-Ig,2,1,1,2,1,1,0,0,0,1,B,-,SB3: TA2,SB: TO,0,53,53,263,NA,NA,NA,NA,NA,286.1565282,0.0017183,286.8898004,286.989918,0.8293875,288.9229862,289.323235,289.4251087,289.4251087,h,1,1.6149672,291.0565466,291.0565466,291.0565466,291.0565466,NA,NA,NA,NA,NA,NA,1,1,2024-02-05_09h37.13.265,PsychoPy Exp,2023.1.2,59.97900738
BeliefN,ExpTrialStim/Triangle_B_1.png,Adam THINKS there is ONE cube,b,h,TB-Ig,1,0,1,1,0,1,0,0,0,1,B,PropFalse,TA2,TR,0,54,54,180,NA,NA,NA,NA,NA,291.0565466,0.0017076,291.7897799,291.8898913,0.8294342,293.823241,294.2230878,294.325329,294.325329,b,1,1.5544921,295.9065229,295.9065229,295.9065229,295.9065229,NA,NA,NA,NA,NA,NA,1,1,2024-02-05_09h37.13.265,PsychoPy Exp,2023.1.2,59.97900738
KnowledgeY,ExpTrialStim/Square_Square_B_4.png,Adam KNOWS there are TWO cubes,h,b,TB-K-B,2,2,0,2,2,0,0,0,0,2,B,-,SA2: SB1,SG: SP,0,55,55,249,NA,NA,NA,NA,NA,295.9065229,0.0016967,296.6397442,296.739882,0.8294939,298.6729094,299.0729374,299.1752437,299.1752437,h,1,1.248652,300.4396787,300.4396787,300.4396787,300.4396787,NA,NA,NA,NA,NA,NA,1,1,2024-02-05_09h37.13.265,PsychoPy Exp,2023.1.2,59.97900738
BeliefY,ExpTrialStim/Square_Square_NB_4.png,Adam THINKS there are TWO cubes,h,b,TB-K,2,2,0,2,2,0,0,0,0,2,NB,-,SA2: SB1,SP: SG,0,56,56,123,NA,NA,NA,NA,NA,300.4396787,0.0017093,301.1730881,301.2729658,0.8294209,303.2065461,303.6065114,303.7086059,303.7086059,h,1,1.067333,304.8064262,304.8064262,304.8064262,304.8064262,NA,NA,NA,NA,NA,NA,1,1,2024-02-05_09h37.13.265,PsychoPy Exp,2023.1.2,59.97900738
BeliefY,ExpTrialStim/Square_B_Square_3.png,Adam THINKS there is ONE cube,h,b,FB-Ig,2,2,0,1,1,0,1,1,0,1,B,-,SA3: SD1,SP: SB,0,57,57,152,NA,NA,NA,NA,NA,304.8064262,0.0016928,305.539697,305.6396516,0.8294523,307.5729242,307.9730024,308.0752567,308.0752567,h,1,0.948486,309.0394883,309.0394883,309.0394883,309.0394883,NA,NA,NA,NA,NA,NA,1,1,2024-02-05_09h37.13.265,PsychoPy Exp,2023.1.2,59.97900738
KnowledgeN,ExpTrialStim/Square_B_Square_2.png,Adam KNOWS there is ONE cube,b,h,FB-Ig,2,2,0,1,1,0,1,1,0,1,B,PropFalse,SA2: SC3,SB: SP,0,58,58,313,NA,NA,NA,NA,NA,309.0394883,0.0017319,309.7730558,309.8731627,0.8294474,311.806538,312.2062549,312.3087965,312.3087965,b,1,1.7148954,314.0395265,314.0395265,314.0395265,314.0395265,NA,NA,NA,NA,NA,NA,1,1,2024-02-05_09h37.13.265,PsychoPy Exp,2023.1.2,59.97900738
RealityN,ExpTrialStim/Triangle_B_Triangle_2.png,"In REALITY, there are TWO cubes",b,h,TB-Ig,2,0,2,1,0,1,1,0,1,2,B,PropFalse,TB1: TC2,TO: TY,0,59,59,77,NA,NA,NA,NA,NA,314.0395265,0.0018021,314.7730227,314.8731381,0.8293467,316.8062834,317.2064598,317.3085837,317.3085837,b,1,0.5624112,317.8895867,317.8895867,317.8895867,317.8895867,NA,NA,NA,NA,NA,NA,1,1,2024-02-05_09h37.13.265,PsychoPy Exp,2023.1.2,59.97900738
KnowledgeY,ExpTrialStim/Square_NB_2.png,Adam KNOWS there is ONE cube,h,b,TB-K,1,1,0,1,1,0,0,0,0,1,NB,-,SA3,SP,0,60,60,220,NA,NA,NA,NA,NA,317.8895867,5.508e-4,318.62300750000003,318.7231065,0.831163,320.6562574,321.0564283,321.1585694,321.1585694,h,1,0.7127902,321.8897204,321.8897204,321.8897204,321.8897204,NA,NA,NA,NA,NA,NA,1,1,2024-02-05_09h37.13.265,PsychoPy Exp,2023.1.2,59.97900738
RealityN,ExpTrialStim/Square_Square_B_4.png,"In REALITY, there is ONE cube",b,h,TB-K-B,2,2,0,2,2,0,0,0,0,1,B,PropFalse,SA2: SB1,SG: SP,0,61,61,87,NA,NA,NA,NA,NA,321.8897204,0.0016961,322.6227815,322.7228493,0.8294323,324.6561897,325.0561919,325.1583026,325.1583026,b,1,0.9370223,326.1230597,326.1230597,326.1230597,326.1230597,NA,NA,NA,NA,NA,NA,1,1,2024-02-05_09h37.13.265,PsychoPy Exp,2023.1.2,59.97900738
BeliefN,ExpTrialStim/Square_Triangle_NB_2.png,Adam THINKS there are ZERO cubes,b,h,TB-K,2,1,1,2,1,1,0,0,0,0,NB,PropFalse,SB1: TB3,SB: TO,0,62,62,172,NA,NA,NA,NA,NA,326.1230597,0.0017097,326.8562611,326.9562473,0.8294941,328.8897691,329.2897768,329.3918719,329.3918719,b,1,1.0549815,330.4728273,330.4728273,330.4728273,330.4728273,NA,NA,NA,NA,NA,NA,1,1,2024-02-05_09h37.13.265,PsychoPy Exp,2023.1.2,59.97900738
RealityY,ExpTrialStim/Triangle_Triangle_B_7.png,"In REALITY, there are ZERO cubes",h,b,TB-K-B,2,0,2,2,0,2,0,0,0,0,B,-,TA1: TB2,TR: TY,0,63,63,32,NA,NA,NA,NA,NA,330.4728273,6.876e-4,331.2060663,331.3064083,0.8310483,333.2394474,333.639709,333.7418923,333.7418923,h,1,0.7533367,334.5230012,334.5230012,334.5230012,334.5230012,NA,NA,NA,NA,NA,NA,1,1,2024-02-05_09h37.13.265,PsychoPy Exp,2023.1.2,59.97900738
RealityN,ExpTrialStim/Triangle_Triangle_B_3.png,"In REALITY, there is ONE cube",b,h,TB-K-B,2,0,2,2,0,2,0,0,0,1,B,PropFalse,TA3: TB1,TR: TY,0,64,64,82,NA,NA,NA,NA,NA,334.5230012,0.0017349,335.2562223,335.3564107,0.8292587,337.2896246,337.6896948,337.7917675,337.7917675,b,1,1.5748987,339.3893763,339.3893763,339.3893763,339.3893763,NA,NA,NA,NA,NA,NA,1,1,2024-02-05_09h37.13.265,PsychoPy Exp,2023.1.2,59.97900738
KnowledgeN,ExpTrialStim/Square_Triangle_B_10.png,Adam KNOWS there are TWO cubes,b,h,TB-K-B,2,1,1,2,1,1,0,0,0,2,B,PropFalse,SB1: TA2,SP: TY,0,65,65,305,NA,NA,NA,NA,NA,339.3893763,4.629e-4,340.1229158,340.2228677,0.8313275,342.1564156,342.5563671,342.6586283,342.6586283,b,1,0.6766065,343.3563069,343.3563069,343.3563069,343.3563069,NA,NA,NA,NA,NA,NA,1,1,2024-02-05_09h37.13.265,PsychoPy Exp,2023.1.2,59.97900738
RealityN,ExpTrialStim/Square_B_Square_5.png,"In REALITY, there is ONE cube",b,h,FB-Ig,2,2,0,1,1,0,1,1,0,1,B,PropFalse,SB2: SD3,SB: SG,0,66,66,100,NA,NA,NA,NA,NA,343.3563069,0.0017297,344.0895569,344.1897047,0.8294577,346.1230132,346.5229878,346.6249825,346.6249825,b,1,0.6222073,347.272696,347.272696,347.272696,347.272696,NA,NA,NA,NA,NA,NA,1,1,2024-02-05_09h37.13.265,PsychoPy Exp,2023.1.2,59.97900738
KnowledgeY,ExpTrialStim/Square_Triangle_B_1.png,Adam KNOWS there is ONE cube,h,b,FB-Ig,2,1,1,2,1,1,0,0,0,1,B,-,SA1: TB2,SG: TR,0,67,67,258,NA,NA,NA,NA,NA,347.272696,0.0017394,348.0060865,348.1063081,0.8295231,350.0396834,350.4396732,350.5417565,350.5417565,h,1,1.1774251,351.7396392,351.7396392,351.7396392,351.7396392,NA,NA,NA,NA,NA,NA,1,1,2024-02-05_09h37.13.265,PsychoPy Exp,2023.1.2,59.97900738
KnowledgeY,ExpTrialStim/Square_Triangle_B_4.png,Adam KNOWS there is ONE cube,h,b,FB-Ig,2,1,1,2,1,1,0,0,0,1,B,-,SB1: TA3,SP: TY,0,68,68,261,NA,NA,NA,NA,NA,351.7396392,0.0017136,352.4728549,352.5729848,0.8295465,354.5063348,354.90631,355.0081285,355.0081285,h,1,1.0630954,356.089404,356.089404,356.089404,356.089404,NA,NA,NA,NA,NA,NA,1,1,2024-02-05_09h37.13.265,PsychoPy Exp,2023.1.2,59.97900738
KnowledgeY,ExpTrialStim/Triangle_NB_1.png,Adam KNOWS there are ZERO cubes,h,b,TB-K,1,0,1,1,0,1,0,0,0,0,NB,-,TA1,TO,0,69,69,216,NA,NA,NA,NA,NA,356.089404,0.0017121,356.8228522,356.9227366,0.8291485,358.8560649,359.2562624,359.358473,359.358473,h,1,0.9445677,360.3228397,360.3228397,360.3228397,360.3228397,NA,NA,NA,NA,NA,NA,1,1,2024-02-05_09h37.13.265,PsychoPy Exp,2023.1.2,59.97900738
RealityY,ExpTrialStim/Square_Square_B_2.png,"In REALITY, there are TWO cubes",h,b,TB-K-B,2,2,0,2,2,0,0,0,0,2,B,-,SA2: SB3,SB: SP,0,70,70,35,NA,NA,NA,NA,NA,360.3228397,0.0015733,361.0561868,361.156053,0.8298763,363.0896494,363.4893045,363.5917095,363.5917095,h,1,3.2393353,366.8560808,366.8560808,366.8560808,366.8560808,NA,NA,NA,NA,NA,NA,1,1,2024-02-05_09h37.13.265,PsychoPy Exp,2023.1.2,59.97900738
KnowledgeY,ExpTrialStim/Square_Square_NB_3.png,Adam KNOWS there are TWO cubes,h,b,TB-K,2,2,0,2,2,0,0,0,0,2,NB,-,SA3: SB1,SG: SP,0,71,71,230,NA,NA,NA,NA,NA,366.8560808,0.0017045,367.5894815,367.6893956,0.8295272,369.6229131,370.0228163,370.1249689,370.1249689,h,1,0.5307597,370.6728817,370.6728817,370.6728817,370.6728817,NA,NA,NA,NA,NA,NA,1,1,2024-02-05_09h37.13.265,PsychoPy Exp,2023.1.2,59.97900738
RealityN,ExpTrialStim/Square_Triangle_B_3.png,"In REALITY, there are TWO cubes",b,h,TB-K-B,2,1,1,2,1,1,0,0,0,2,B,PropFalse,SA3: TB1,SP: TY,0,72,72,90,NA,NA,NA,NA,NA,370.6728817,0.0017144,371.4061122,371.506251,0.8292966,373.4396122,373.8396438,373.9415523,373.9415523,b,1,0.5534735,374.522853,374.522853,374.522853,374.522853,NA,NA,NA,NA,NA,NA,1,1,2024-02-05_09h37.13.265,PsychoPy Exp,2023.1.2,59.97900738
KnowledgeN,ExpTrialStim/Triangle_Triangle_B_9.png,Adam KNOWS there is ONE cube,b,h,TB-K-B,2,0,2,2,0,2,0,0,0,1,B,PropFalse,TA3: TB1,TO: TR,0,73,73,296,NA,NA,NA,NA,NA,374.522853,0.0017199,375.2561146,375.3563095,0.8295309,377.2894771,377.6895313,377.7916909,377.7916909,b,1,2.5111465,380.3227079,380.3227079,380.3227079,380.3227079,NA,NA,NA,NA,NA,NA,1,1,2024-02-05_09h37.13.265,PsychoPy Exp,2023.1.2,59.97900738
BeliefN,ExpTrialStim/Square_Square_B_5.png,Adam THINKS there are ZERO cubes,b,h,TB-K-B,2,2,0,2,2,0,0,0,0,0,B,PropFalse,SA3: SB2,SP: SB,0,74,74,192,NA,NA,NA,NA,NA,380.3227079,0.0011573,381.0558555,381.1559788,0.8304398,383.0894873,383.4895092,383.5916655,383.5916655,b,1,0.6634456,384.2727131,384.2727131,384.2727131,384.2727131,NA,NA,NA,NA,NA,NA,1,1,2024-02-05_09h37.13.265,PsychoPy Exp,2023.1.2,59.97900738
BeliefN,ExpTrialStim/Square_Square_NB_1.png,Adam THINKS there are ZERO cubes,b,h,TB-K,2,2,0,2,2,0,0,0,0,0,NB,PropFalse,SA1: SB2,SP: SB,0,75,75,174,NA,NA,NA,NA,NA,384.2727131,0.0011651,385.006041,385.106213,0.830184,387.0395446,387.4395152,387.5417039,387.5417039,b,1,0.8975697,388.4558883,388.4558883,388.4558883,388.4558883,NA,NA,NA,NA,NA,NA,1,1,2024-02-05_09h37.13.265,PsychoPy Exp,2023.1.2,59.97900738
BeliefY,ExpTrialStim/Square_B_Square_8.png,Adam THINKS there is ONE cube,h,b,FB-Ig,2,2,0,1,1,0,1,1,0,1,B,-,SA1: SD2,SP: SG,0,76,76,157,NA,NA,NA,NA,NA,388.4558883,4.258e-4,389.1893888,389.2894802,0.8310902,391.222836,391.6228373,391.724796,391.724796,h,1,0.95469,392.7060944,392.7060944,392.7060944,392.7060944,NA,NA,NA,NA,NA,NA,1,1,2024-02-05_09h37.13.265,PsychoPy Exp,2023.1.2,59.97900738
BeliefY,ExpTrialStim/Triangle_B_Triangle_1.png,Adam THINKS there are ZERO cubes,h,b,TB-Ig,2,0,2,1,0,1,1,0,1,0,B,-,TA3: TD1,TY: TR,0,77,77,130,NA,NA,NA,NA,NA,392.7060944,0.0017188,393.4393613,393.5395068,0.829587,395.4728279,395.8728727,395.9750011,395.9750011,h,1,0.7678541,396.7727193,396.7727193,396.7727193,396.7727193,NA,NA,NA,NA,NA,NA,1,1,2024-02-05_09h37.13.265,PsychoPy Exp,2023.1.2,59.97900738
KnowledgeN,ExpTrialStim/Square_B_Triangle_2.png,Adam KNOWS there is ONE cube,b,h,TB-Ig,2,1,1,1,1,0,1,0,1,1,B,PropTrueNoKnowledge,SD3: TD2,SP: TY,0,78,78,295,NA,NA,NA,NA,NA,396.7727193,0.001532,397.5060601,397.6061576,0.8298855,399.5394443,399.9393528,400.0415919,400.0415919,b,1,3.332895,403.4059579,403.4059579,403.4059579,403.4059579,NA,NA,NA,NA,NA,NA,1,1,2024-02-05_09h37.13.265,PsychoPy Exp,2023.1.2,59.97900738
RealityN,ExpTrialStim/Triangle_NB_2.png,"In REALITY, there is ONE cube",b,h,TB-K,1,0,1,1,0,1,0,0,0,1,NB,PropFalse,TA3,TY,0,79,79,55,NA,NA,NA,NA,NA,403.4059579,0.001165,404.1393129,404.2391821,0.8301624,406.1727555,406.5727678,406.6749168,406.6749168,b,1,1.2120534,407.9060708,407.9060708,407.9060708,407.9060708,NA,NA,NA,NA,NA,NA,1,1,2024-02-05_09h37.13.265,PsychoPy Exp,2023.1.2,59.97900738
KnowledgeY,ExpTrialStim/Triangle_Triangle_B_3.png,Adam KNOWS there are ZERO cubes,h,b,TB-Ig,2,0,2,2,0,2,0,0,0,0,B,-,TA3: TB1,TR: TY,0,80,80,236,NA,NA,NA,NA,NA,407.9060708,0.0017091,408.6392955,408.7394125,0.8295981,410.672598,411.0727482,411.174875,411.174875,b,0,0.9440077,412.1529286,NA,412.1529286,NA,space,8.0460123,NA,NA,NA,NA,1,1,2024-02-05_09h37.13.265,PsychoPy Exp,2023.1.2,59.97900738
RealityN,ExpTrialStim/Triangle_B_1.png,"In REALITY, there is ONE cube",b,h,TB-Ig,1,0,1,1,0,1,0,0,0,1,B,PropFalse,TA2,TR,0,81,81,72,NA,NA,NA,NA,NA,420.222656,0.001842,420.9557002,421.0560534,0.8315602,422.9891988,423.3893868,423.4914728,423.4914728,b,1,0.5712036,424.0892092,424.0892092,424.0892092,424.0892092,NA,NA,NA,NA,NA,NA,1,1,2024-02-05_09h37.13.265,PsychoPy Exp,2023.1.2,59.97900738
BeliefY,ExpTrialStim/Square_Triangle_NB_1.png,Adam THINKS there is ONE cube,h,b,TB-K,2,1,1,2,1,1,0,0,0,1,NB,-,SA2: TB1,SG: TR,0,82,82,117,NA,NA,NA,NA,NA,424.0892092,0.0015348,424.8225973,424.9225209,0.8287985,426.8560231,427.25601,427.3582011,427.3582011,h,1,0.8651011,428.2393093,428.2393093,428.2393093,428.2393093,NA,NA,NA,NA,NA,NA,1,1,2024-02-05_09h37.13.265,PsychoPy Exp,2023.1.2,59.97900738
BeliefN,ExpTrialStim/B_Square_1.png,Adam THINKS there is ONE cube,b,h,FB-Ig,1,1,0,0,0,0,1,1,0,1,B,PropTrueNoBelief,SC2,SG,0,83,83,200,NA,NA,NA,NA,NA,428.2393093,0.0017209,428.97253920000003,429.072683,0.8294892,431.0060452,431.406011,431.5081224,431.5081224,b,1,0.9627952,432.4892861,432.4892861,432.4892861,432.4892861,NA,NA,NA,NA,NA,NA,1,1,2024-02-05_09h37.13.265,PsychoPy Exp,2023.1.2,59.97900738
RealityY,ExpTrialStim/Triangle_NB_2.png,"In REALITY, there are ZERO cubes",h,b,TB-K,1,0,1,1,0,1,0,0,0,0,NB,-,TA3,TY,0,84,84,1,NA,NA,NA,NA,NA,432.4892861,0.0016934,433.2225244,433.3225127,0.8294483,435.2558152,435.6559312,435.7581111,435.7581111,h,1,0.9443537,436.7223287,436.7223287,436.7223287,436.7223287,NA,NA,NA,NA,NA,NA,1,1,2024-02-05_09h37.13.265,PsychoPy Exp,2023.1.2,59.97900738
KnowledgeY,ExpTrialStim/Square_Square_B_8.png,Adam KNOWS there are TWO cubes,h,b,TB-K-B,2,2,0,2,2,0,0,0,0,2,B,-,SA2: SB3,SP: SB,0,85,85,253,NA,NA,NA,NA,NA,436.7223287,3.961e-4,437.4558696,437.5557892,0.8314264,439.4893189,439.8892667,439.9914063,439.9914063,h,1,0.8316584,440.8391407,440.8391407,440.8391407,440.8391407,NA,NA,NA,NA,NA,NA,1,1,2024-02-05_09h37.13.265,PsychoPy Exp,2023.1.2,59.97900738
BeliefN,ExpTrialStim/Square_B_Square_4.png,Adam THINKS there are ZERO cubes,b,h,FB-Ig,2,2,0,1,1,0,1,1,0,0,B,PropFalse,SB1: SD2,SG: SP,0,86,86,207,NA,NA,NA,NA,NA,440.8391407,7.954e-4,441.5724834,441.6726601,0.8307458,443.6059777,444.0059691,444.1080746,444.1080746,b,1,1.4026334,445.5391711,445.5391711,445.5391711,445.5391711,NA,NA,NA,NA,NA,NA,1,1,2024-02-05_09h37.13.265,PsychoPy Exp,2023.1.2,59.97900738
RealityY,ExpTrialStim/Triangle_Triangle_NB_3.png,"In REALITY, there are ZERO cubes",h,b,TB-K,2,0,2,2,0,2,0,0,0,0,NB,-,TA3: TB1,TR: TY,0,87,87,8,NA,NA,NA,NA,NA,445.5391711,0.0015272,446.2725122,446.3725788,0.829832,448.3059867,448.7059605,448.8079058,448.8079058,h,1,0.6065431,449.4389658,449.4389658,449.4389658,449.4389658,NA,NA,NA,NA,NA,NA,1,1,2024-02-05_09h37.13.265,PsychoPy Exp,2023.1.2,59.97900738
BeliefN,ExpTrialStim/Square_NB_2.png,Adam THINKS there are TWO cubes,b,h,TB-K,1,1,0,1,1,0,0,0,0,2,NB,PropFalse,SA3,SP,0,88,88,166,NA,NA,NA,NA,NA,449.4389658,4.941e-4,450.1724843,450.2726253,0.8313202,452.2058283,452.6059454,452.7080722,452.7080722,b,1,0.8903406,453.6223141,453.6223141,453.6223141,453.6223141,NA,NA,NA,NA,NA,NA,1,1,2024-02-05_09h37.13.265,PsychoPy Exp,2023.1.2,59.97900738
BeliefY,ExpTrialStim/Square_Square_B_8.png,Adam THINKS there are TWO cubes,h,b,TB-K-B,2,2,0,2,2,0,0,0,0,2,B,-,SA2: SB3,SP: SB,0,89,89,141,NA,NA,NA,NA,NA,453.6223141,6.013e-4,454.3557859,454.4559343,0.8310891,456.3892678,456.789221,456.8914631,456.8914631,h,1,0.73899,457.6558693,457.6558693,457.6558693,457.6558693,NA,NA,NA,NA,NA,NA,1,1,2024-02-05_09h37.13.265,PsychoPy Exp,2023.1.2,59.97900738
RealityY,ExpTrialStim/B_Square_2.png,"In REALITY, there is ONE cube",h,b,FB-Ig,1,1,0,0,0,0,1,1,0,1,B,-,SC3,SG,0,90,90,39,NA,NA,NA,NA,NA,457.6558693,0.0017093,458.3891581,458.489205,0.8294587,460.4225733,460.8224067,460.9247781,460.9247781,h,1,1.4497606,462.4056956,462.4056956,462.4056956,462.4056956,NA,NA,NA,NA,NA,NA,1,1,2024-02-05_09h37.13.265,PsychoPy Exp,2023.1.2,59.97900738
RealityY,ExpTrialStim/Square_Square_NB_6.png,"In REALITY, there are TWO cubes",h,b,TB-K,2,2,0,2,2,0,0,0,0,2,NB,-,SA1: SB3,SG: SB,0,91,91,17,NA,NA,NA,NA,NA,462.4056956,9.47e-4,463.1389789,463.2392261,0.8307186,465.1722936,465.572517,465.674385,465.674385,h,1,0.5560146,466.2555653,466.2555653,466.2555653,466.2555653,NA,NA,NA,NA,NA,NA,1,1,2024-02-05_09h37.13.265,PsychoPy Exp,2023.1.2,59.97900738
BeliefN,ExpTrialStim/Square_B_Square_5.png,Adam THINKS there are TWO cubes,b,h,FB-Ig,2,2,0,1,1,0,1,1,0,2,B,PropTrueNoBelief,SB2: SD3,SB: SG,0,92,92,208,NA,NA,NA,NA,NA,466.2555653,5.856e-4,466.9890799,467.0889583,0.8312223,469.0390052,469.4391116,469.5412935,469.5412935,b,1,0.793085,470.3556621,470.3556621,470.3556621,470.3556621,NA,NA,NA,NA,NA,NA,1,1,2024-02-05_09h37.13.265,PsychoPy Exp,2023.1.2,59.97900738
RealityY,ExpTrialStim/Triangle_B_Square_2.png,"In REALITY, there is ONE cube",h,b,FB-Ig,2,1,1,1,0,1,1,1,0,1,B,-,SC3: TB3,SP: TY,0,93,93,51,NA,NA,NA,NA,NA,470.3556621,9.534e-4,471.0890588,471.1889515,0.8304816,473.1223702,473.5224964,473.6244295,473.6244295,h,1,1.3671653,475.0224504,475.0224504,475.0224504,475.0224504,NA,NA,NA,NA,NA,NA,1,1,2024-02-05_09h37.13.265,PsychoPy Exp,2023.1.2,59.97900738
RealityN,ExpTrialStim/Square_B_Square_6.png,"In REALITY, there is ONE cube",b,h,FB-Ig,2,2,0,1,1,0,1,1,0,1,B,PropFalse,SB3: SC1,SP: SG,0,94,94,101,NA,NA,NA,NA,NA,475.0224504,0.0017265,475.7557334,475.855857,0.8294316,477.7891738,478.1891701,478.2912443,478.2912443,b,1,1.2996101,479.6223521,479.6223521,479.6223521,479.6223521,NA,NA,NA,NA,NA,NA,1,1,2024-02-05_09h37.13.265,PsychoPy Exp,2023.1.2,59.97900738
KnowledgeN,ExpTrialStim/B_Square_2.png,Adam KNOWS there are ZERO cubes,b,h,FB-Ig,1,1,0,0,0,0,1,1,0,0,B,PropFalse,SC3,SG,0,95,95,309,NA,NA,NA,NA,NA,479.6223521,0.0015275,480.3554974,480.455621,0.8298669,482.3891396,482.7890581,482.8912734,482.8912734,b,1,1.6593937,484.5724178,484.5724178,484.5724178,484.5724178,NA,NA,NA,NA,NA,NA,1,1,2024-02-05_09h37.13.265,PsychoPy Exp,2023.1.2,59.97900738
RealityN,ExpTrialStim/Triangle_B_Square_1.png,"In REALITY, there are ZERO cubes",b,h,FB-Ig,2,1,1,1,0,1,1,1,0,0,B,PropFalse,SC1: TA1,SB: TO,0,96,96,104,NA,NA,NA,NA,NA,484.5724178,0.0017126,485.305413,485.4055542,0.8294981,487.339197,487.7391405,487.8412239,487.8412239,b,1,0.9574715,488.8223022,488.8223022,488.8223022,488.8223022,NA,NA,NA,NA,NA,NA,1,1,2024-02-05_09h37.13.265,PsychoPy Exp,2023.1.2,59.97900738
BeliefY,ExpTrialStim/Square_NB_1.png,Adam THINKS there is ONE cube,h,b,TB-K,1,1,0,1,1,0,0,0,0,1,NB,-,SA1,SB,0,97,97,111,NA,NA,NA,NA,NA,488.8223022,0.0015253,489.5556696,489.6557836,0.8297155,491.5891401,491.9890758,492.0912099,492.0912099,h,1,2.5481315,494.6554312,494.6554312,494.6554312,494.6554312,NA,NA,NA,NA,NA,NA,1,1,2024-02-05_09h37.13.265,PsychoPy Exp,2023.1.2,59.97900738
KnowledgeN,ExpTrialStim/Square_NB_3.png,Adam KNOWS there are TWO cubes,b,h,TB-K,1,1,0,1,1,0,0,0,0,2,NB,PropFalse,SB2,SG,0,98,98,275,NA,NA,NA,NA,NA,494.6554312,0.0017169,495.3889512,495.4888959,0.8294644,497.4222223,497.8222029,497.9245706,497.9245706,b,1,1.07398,499.0220928,499.0220928,499.0220928,499.0220928,NA,NA,NA,NA,NA,NA,1,1,2024-02-05_09h37.13.265,PsychoPy Exp,2023.1.2,59.97900738
KnowledgeN,ExpTrialStim/Triangle_B_2.png,Adam KNOWS there are ZERO cubes,b,h,TB-Ig,1,0,1,1,0,1,0,0,0,0,B,PropTrueNoKnowledge,TB2,TO,0,99,99,289,NA,NA,NA,NA,NA,499.0220928,0.0017148,499.7556316,499.8555029,0.8294624,501.7888937,502.1890128,502.2912168,502.2912168,b,1,0.874982,503.1887756,503.1887756,503.1887756,503.1887756,NA,NA,NA,NA,NA,NA,1,1,2024-02-05_09h37.13.265,PsychoPy Exp,2023.1.2,59.97900738
RealityN,ExpTrialStim/Triangle_Triangle_NB_1.png,"In REALITY, there is ONE cube",b,h,TB-K,2,0,2,2,0,2,0,0,0,1,NB,PropFalse,TA1: TB2,TY: TO,0,100,100,60,NA,NA,NA,NA,NA,503.1887756,6.078e-4,503.922249,504.0223756,0.8311964,505.9557462,506.3556144,506.4578248,506.4578248,b,1,0.9887744,507.4723633,507.4723633,507.4723633,507.4723633,NA,NA,NA,NA,NA,NA,1,1,2024-02-05_09h37.13.265,PsychoPy Exp,2023.1.2,59.97900738
BeliefY,ExpTrialStim/Square_B_Square_1.png,Adam THINKS there is ONE cube,h,b,FB-Ig,2,2,0,1,1,0,1,1,0,1,B,-,SA1: SC2,SG: SB,0,101,101,150,NA,NA,NA,NA,NA,507.4723633,0.0017062,508.2056173,508.3054315,0.8296355,510.238874,510.6390324,510.7408947,510.7408947,h,1,1.3776433,512.1389738,512.1389738,512.1389738,512.1389738,NA,NA,NA,NA,NA,NA,1,1,2024-02-05_09h37.13.265,PsychoPy Exp,2023.1.2,59.97900738
BeliefN,ExpTrialStim/Triangle_B_Triangle_2.png,Adam THINKS there are TWO cubes,b,h,TB-Ig,2,0,2,1,0,1,1,0,1,2,B,PropFalse,TB1: TC2,TO: TY,0,102,102,185,NA,NA,NA,NA,NA,512.1389738,0.001708,512.8722696,512.9721929,0.8292528,514.9055067,515.3057434,515.4078692,515.4078692,b,1,0.9185655,516.35554,516.35554,516.35554,516.35554,NA,NA,NA,NA,NA,NA,1,1,2024-02-05_09h37.13.265,PsychoPy Exp,2023.1.2,59.97900738
KnowledgeN,ExpTrialStim/Square_Square_NB_5.png,Adam KNOWS there is ONE cube,b,h,TB-K,2,2,0,2,2,0,0,0,0,1,NB,PropFalse,SA3: SB2,SB: SP,0,103,103,286,NA,NA,NA,NA,NA,516.35554,0.0015476,517.0889036,517.1889778,0.8295726,519.12235,519.5223179,519.6244783,519.6244783,b,1,0.7254968,520.3720322,520.3720322,520.3720322,520.3720322,NA,NA,NA,NA,NA,NA,1,1,2024-02-05_09h37.13.265,PsychoPy Exp,2023.1.2,59.97900738
BeliefY,ExpTrialStim/Triangle_B_Square_4.png,Adam THINKS there are ZERO cubes,h,b,FB-Ig,2,1,1,1,0,1,1,1,0,0,B,-,SD3: TB1,SB: TO,0,104,104,161,NA,NA,NA,NA,NA,520.3720322,3.895e-4,521.1055254,521.2054699,0.8315515,523.1390107,523.5389471,523.6411783,523.6411783,h,1,0.8141885,524.4722502,524.4722502,524.4722502,524.4722502,NA,NA,NA,NA,NA,NA,1,1,2024-02-05_09h37.13.265,PsychoPy Exp,2023.1.2,59.97900738
RealityN,ExpTrialStim/Square_B_Square_4.png,"In REALITY, there are ZERO cubes",b,h,FB-Ig,2,2,0,1,1,0,1,1,0,0,B,PropFalse,SB1: SD2,SG: SP,0,105,105,99,NA,NA,NA,NA,NA,524.4722502,0.001705,525.2055415,525.3054795,0.8294072,527.2389996,527.6389486,527.7411045,527.7411045,b,1,0.5372691,528.3055085,528.3055085,528.3055085,528.3055085,NA,NA,NA,NA,NA,NA,1,1,2024-02-05_09h37.13.265,PsychoPy Exp,2023.1.2,59.97900738
RealityN,ExpTrialStim/Triangle_Triangle_NB_2.png,"In REALITY, there are TWO cubes",b,h,TB-K,2,0,2,2,0,2,0,0,0,2,NB,PropFalse,TA2: TB3,TO: TR,0,106,106,61,NA,NA,NA,NA,NA,528.3055085,0.0015028,529.0388515,529.138966,0.8297546,531.0722847,531.4722922,531.5743784,531.5743784,b,1,0.5761071,532.1722627,532.1722627,532.1722627,532.1722627,NA,NA,NA,NA,NA,NA,1,1,2024-02-05_09h37.13.265,PsychoPy Exp,2023.1.2,59.97900738
RealityN,ExpTrialStim/Square_B_Square_8.png,"In REALITY, there is ONE cube",b,h,FB-Ig,2,2,0,1,1,0,1,1,0,1,B,PropFalse,SA1: SD2,SP: SG,0,107,107,103,NA,NA,NA,NA,NA,532.1722627,0.001671,532.9054678,533.0053603,0.8294289,534.9389324,535.3389119,535.4410563,535.4410563,b,1,0.6213486,536.0888523,536.0888523,536.0888523,536.0888523,NA,NA,NA,NA,NA,NA,1,1,2024-02-05_09h37.13.265,PsychoPy Exp,2023.1.2,59.97900738
BeliefY,ExpTrialStim/Square_Square_NB_5.png,Adam THINKS there are TWO cubes,h,b,TB-K,2,2,0,2,2,0,0,0,0,2,NB,-,SA3: SB2,SB: SP,0,108,108,124,NA,NA,NA,NA,NA,536.0888523,0.0017011,536.8221865,536.922238,0.8295737,538.8555935,539.2555709,539.3577201,539.3577201,h,1,0.6970295,540.0718799,540.0718799,540.0718799,540.0718799,NA,NA,NA,NA,NA,NA,1,1,2024-02-05_09h37.13.265,PsychoPy Exp,2023.1.2,59.97900738
BeliefN,ExpTrialStim/Square_Triangle_NB_3.png,Adam THINKS there are TWO cubes,b,h,TB-K,2,1,1,2,1,1,0,0,0,2,NB,PropFalse,SB3: TA2,SP: TY,0,109,109,173,NA,NA,NA,NA,NA,540.0718799,4.914e-4,540.8054754,540.9055929,0.8310054,542.838675,543.2389115,543.3410245,543.3410245,b,1,1.025354,544.3888847,544.3888847,544.3888847,544.3888847,NA,NA,NA,NA,NA,NA,1,1,2024-02-05_09h37.13.265,PsychoPy Exp,2023.1.2,59.97900738
KnowledgeY,ExpTrialStim/Square_Triangle_NB_2.png,Adam KNOWS there is ONE cube,h,b,TB-K,2,1,1,2,1,1,0,0,0,1,NB,-,SB1: TB3,SB: TO,0,110,110,226,NA,NA,NA,NA,NA,544.3888847,0.0016837,545.1220961,545.222013,0.8294916,547.1553388,547.5555499,547.6576762,547.6576762,h,1,0.7243127,548.4053006,548.4053006,548.4053006,548.4053006,NA,NA,NA,NA,NA,NA,1,1,2024-02-05_09h37.13.265,PsychoPy Exp,2023.1.2,59.97900738
KnowledgeY,ExpTrialStim/Square_NB_1.png,Adam KNOWS there is ONE cube,h,b,TB-K,1,1,0,1,1,0,0,0,0,1,NB,-,SA1,SB,0,111,111,219,NA,NA,NA,NA,NA,548.4053006,3.753e-4,549.1387116,549.2388935,0.8311178,551.1721832,551.5721775,551.6743396,551.6743396,h,1,0.8680492,552.5721406,552.5721406,552.5721406,552.5721406,NA,NA,NA,NA,NA,NA,1,1,2024-02-05_09h37.13.265,PsychoPy Exp,2023.1.2,59.97900738
BeliefY,ExpTrialStim/Square_Square_B_12.png,Adam THINKS there are TWO cubes,h,b,TB-K-B,2,2,0,2,2,0,0,0,0,2,B,-,SA1: SB3,SP: SG,0,112,112,145,NA,NA,NA,NA,NA,552.5721406,0.0017086,553.3054129,553.4053714,0.8295068,555.3386703,555.73880140000006,555.8409867,555.8409867,h,1,0.9660596,556.821879,556.821879,556.821879,556.821879,NA,NA,NA,NA,NA,NA,1,1,2024-02-05_09h37.13.265,PsychoPy Exp,2023.1.2,59.97900738
RealityN,ExpTrialStim/B_Square_2.png,"In REALITY, there are TWO cubes",b,h,FB-Ig,1,1,0,0,0,0,1,1,0,2,B,PropFalse,SC3,SG,0,113,113,93,NA,NA,NA,NA,NA,556.821879,4.177e-4,557.5554149,557.6552769,0.8306527,559.588602,559.9885957,560.0918684,560.0918684,b,1,1.2579769,561.3717733,561.3717733,561.3717733,561.3717733,NA,NA,NA,NA,NA,NA,1,1,2024-02-05_09h37.13.265,PsychoPy Exp,2023.1.2,59.97900738
KnowledgeN,ExpTrialStim/Square_Square_B_9.png,Adam KNOWS there are ZERO cubes,b,h,TB-K-B,2,2,0,2,2,0,0,0,0,0,B,PropFalse,SA3: SB1,SB: SG,0,114,114,300,NA,NA,NA,NA,NA,561.3717733,3.925e-4,562.1050766,562.2052825,0.830928,564.1385667,564.5385547,564.641181,564.641181,b,1,0.7569295,565.421992,565.421992,565.421992,565.421992,NA,NA,NA,NA,NA,NA,1,1,2024-02-05_09h37.13.265,PsychoPy Exp,2023.1.2,59.97900738
RealityY,ExpTrialStim/Square_B_Square_7.png,"In REALITY, there are TWO cubes",h,b,FB-Ig,2,2,0,1,1,0,1,1,0,2,B,-,SA3: SC2,SG: SP,0,115,115,48,NA,NA,NA,NA,NA,565.421992,0.0011386,566.1553497,566.2552371,0.8300782,568.1888233,568.5887817,568.6909035,568.6909035,b,0,0.8669984,569.5884913,569.5884913,569.5884913,569.5884913,NA,NA,NA,NA,NA,NA,1,1,2024-02-05_09h37.13.265,PsychoPy Exp,2023.1.2,59.97900738
BeliefY,ExpTrialStim/Triangle_B_Square_1.png,Adam THINKS there are ZERO cubes,h,b,FB-Ig,2,1,1,1,0,1,1,1,0,0,B,-,SC1: TA1,SB: TO,0,116,116,158,NA,NA,NA,NA,NA,569.5884913,4.866e-4,570.3220174,570.4218537,0.8311368,572.3552337,572.7554892,572.8575308,572.8575308,b,0,0.8127634,573.6886647,573.6886647,573.6886647,573.6886647,NA,NA,NA,NA,NA,NA,1,1,2024-02-05_09h37.13.265,PsychoPy Exp,2023.1.2,59.97900738
BeliefN,ExpTrialStim/Triangle_B_Triangle_1.png,Adam THINKS there is ONE cube,b,h,TB-Ig,2,0,2,1,0,1,1,0,1,1,B,PropFalse,TA3: TD1,TY: TR,0,117,117,184,NA,NA,NA,NA,NA,573.6886647,0.0014853,574.4219972,574.5218446,0.8293491,576.4554345,576.8554187,576.9575131,576.9575131,b,1,1.0653093,578.0387085,578.0387085,578.0387085,578.0387085,NA,NA,NA,NA,NA,NA,1,1,2024-02-05_09h37.13.265,PsychoPy Exp,2023.1.2,59.97900738
RealityY,ExpTrialStim/Square_Square_NB_4.png,"In REALITY, there are TWO cubes",h,b,TB-K,2,2,0,2,2,0,0,0,0,2,NB,-,SA2: SB1,SP: SG,0,118,118,15,NA,NA,NA,NA,NA,578.0387085,0.0016683,578.7719561,578.8721076,0.8294336,580.8051771,581.2054471,581.3074854,581.3074854,h,1,0.9308995,582.2551199,582.2551199,582.2551199,582.2551199,NA,NA,NA,NA,NA,NA,1,1,2024-02-05_09h37.13.265,PsychoPy Exp,2023.1.2,59.97900738
BeliefN,ExpTrialStim/Square_Square_NB_4.png,Adam THINKS there is ONE cube,b,h,TB-K,2,2,0,2,2,0,0,0,0,1,NB,PropFalse,SA2: SB1,SP: SG,0,119,119,177,NA,NA,NA,NA,NA,582.2551199,5.371e-4,582.9886265,583.088476,0.8310702,585.0218117,585.4218647,585.5240619,585.5240619,b,1,0.6581803,586.2053892,586.2053892,586.2053892,586.2053892,NA,NA,NA,NA,NA,NA,1,1,2024-02-05_09h37.13.265,PsychoPy Exp,2023.1.2,59.97900738
KnowledgeN,ExpTrialStim/Triangle_NB_2.png,Adam KNOWS there is ONE cube,b,h,TB-K,1,0,1,1,0,1,0,0,0,1,NB,PropFalse,TA3,TY,0,120,120,271,NA,NA,NA,NA,NA,586.2053892,0.00171,586.9383848,587.0387594,0.8294435,588.9718268,589.3720032,589.4741396,589.4741396,b,1,0.6360823,590.1384871,590.1384871,590.1384871,590.1384871,NA,NA,NA,NA,NA,NA,1,1,2024-02-05_09h37.13.265,PsychoPy Exp,2023.1.2,59.97900738
RealityY,ExpTrialStim/Square_B_Square_1.png,"In REALITY, there are TWO cubes",h,b,FB-Ig,2,2,0,1,1,0,1,1,0,2,B,-,SA1: SC2,SG: SB,0,121,121,42,NA,NA,NA,NA,NA,590.1384871,0.0025807,590.8719354,590.9720141,0.8294754,592.9052169,593.3053725,593.4072412,593.4072412,h,1,0.4949519,593.9219127,593.9219127,593.9219127,593.9219127,NA,NA,NA,NA,NA,NA,1,1,2024-02-05_09h37.13.265,PsychoPy Exp,2023.1.2,59.97900738
RealityY,ExpTrialStim/Square_Triangle_NB_1.png,"In REALITY, there is ONE cube",h,b,TB-K,2,1,1,2,1,1,0,0,0,1,NB,-,SA2: TB1,SG: TR,0,122,122,9,NA,NA,NA,NA,NA,593.9219127,0.0014917,594.6552929,594.7552706,0.8296187,596.6887098,597.0886216,597.1905308,597.1905308,h,1,0.6077021,597.821949,597.821949,597.821949,597.821949,NA,NA,NA,NA,NA,NA,1,1,2024-02-05_09h37.13.265,PsychoPy Exp,2023.1.2,59.97900738
KnowledgeN,ExpTrialStim/Square_B_Square_3.png,Adam KNOWS there are TWO cubes,b,h,FB-Ig,2,2,0,1,1,0,1,1,0,2,B,PropTrueNoKnowledge,SA3: SD1,SP: SB,0,123,123,314,NA,NA,NA,NA,NA,597.821949,0.0017294,598.5551994,598.6553566,0.8295393,600.6051551,601.0050663,601.1071731,601.1071731,h,0,0.8185341,601.9550522,601.9550522,601.9550522,601.9550522,NA,NA,NA,NA,NA,NA,1,1,2024-02-05_09h37.13.265,PsychoPy Exp,2023.1.2,59.97900738
BeliefY,ExpTrialStim/Triangle_B_Square_2.png,Adam THINKS there are ZERO cubes,h,b,FB-Ig,2,1,1,1,0,1,1,1,0,0,B,-,SC3: TB3,SP: TY,0,124,124,159,NA,NA,NA,NA,NA,601.9550522,4.781e-4,602.688553,602.7887247,0.8314514,604.722016,605.1220203,605.2238183,605.2238183,h,1,1.2063681,606.4551327,606.4551327,606.4551327,606.4551327,NA,NA,NA,NA,NA,NA,1,1,2024-02-05_09h37.13.265,PsychoPy Exp,2023.1.2,59.97900738
KnowledgeY,ExpTrialStim/Square_Triangle_B_11.png,Adam KNOWS there is ONE cube,h,b,FB-Ig,2,1,1,2,1,1,0,0,0,1,B,-,SB2: TA3,SG: TR,0,125,125,268,NA,NA,NA,NA,NA,606.4551327,0.0016744,607.1882979,607.2886487,0.8294716,609.2220204,609.6218933,609.7240414,609.7240414,h,1,1.89017,611.6383039,611.6383039,611.6383039,611.6383039,NA,NA,NA,NA,NA,NA,1,1,2024-02-05_09h37.13.265,PsychoPy Exp,2023.1.2,59.97900738
RealityN,ExpTrialStim/Square_Square_B_2.png,"In REALITY, there are ZERO cubes",b,h,TB-K-B,2,2,0,2,2,0,0,0,0,0,B,PropFalse,SA2: SB3,SB: SP,0,126,126,85,NA,NA,NA,NA,NA,611.6383039,0.0016812,612.3718281,612.4717296,0.8295433,614.4053014,614.8052471,614.9073929,614.9073929,b,1,0.9068002,615.8385579,615.8385579,615.8385579,615.8385579,NA,NA,NA,NA,NA,NA,1,1,2024-02-05_09h37.13.265,PsychoPy Exp,2023.1.2,59.97900738
BeliefY,ExpTrialStim/Square_B_Square_6.png,Adam THINKS there is ONE cube,h,b,FB-Ig,2,2,0,1,1,0,1,1,0,1,B,-,SB3: SC1,SP: SG,0,127,127,155,NA,NA,NA,NA,NA,615.8385579,0.0017234,616.5718625,616.6719647,0.82958,618.6052801,619.0054462,619.1072705,619.1072705,h,1,0.7631275,619.8884393,619.8884393,619.8884393,619.8884393,NA,NA,NA,NA,NA,NA,1,1,2024-02-05_09h37.13.265,PsychoPy Exp,2023.1.2,59.97900738
BeliefN,ExpTrialStim/B_Square_3.png,Adam THINKS there is ONE cube,b,h,FB-Ig,1,1,0,0,0,0,1,1,0,1,B,PropTrueNoBelief,SD1,SP,0,128,128,202,NA,NA,NA,NA,NA,619.8884393,0.0017892,620.6217984,620.7219419,0.8294512,622.6552705,623.055253,623.1573694,623.1573694,b,1,0.9282366,624.1049528,624.1049528,624.1049528,624.1049528,NA,NA,NA,NA,NA,NA,1,1,2024-02-05_09h37.13.265,PsychoPy Exp,2023.1.2,59.97900738
BeliefY,ExpTrialStim/Triangle_Triangle_NB_2.png,Adam THINKS there are ZERO cubes,h,b,TB-K,2,0,2,2,0,2,0,0,0,0,NB,-,TA2: TB3,TO: TR,0,129,129,115,NA,NA,NA,NA,NA,624.1049528,3.883e-4,624.8384541,624.9385983,0.8313646,626.8886173,627.288541,627.3907087,627.3907087,h,1,2.4482519,629.8550395,629.8550395,629.8550395,629.8550395,NA,NA,NA,NA,NA,NA,1,1,2024-02-05_09h37.13.265,PsychoPy Exp,2023.1.2,59.97900738
BeliefN,ExpTrialStim/Triangle_Triangle_B_8.png,Adam THINKS there are TWO cubes,b,h,TB-K-B,2,0,2,2,0,2,0,0,0,2,B,PropFalse,TA2: TB3,TY:TO,0,130,130,191,NA,NA,NA,NA,NA,629.8550395,0.0016747,630.5883966,630.6885646,0.8294471,632.6219107,633.0217849,633.1239965,633.1239965,b,1,2.138046,635.2884849,635.2884849,635.2884849,635.2884849,NA,NA,NA,NA,NA,NA,1,1,2024-02-05_09h37.13.265,PsychoPy Exp,2023.1.2,59.97900738
KnowledgeN,ExpTrialStim/Triangle_Triangle_B_11.png,Adam KNOWS there are TWO cubes,b,h,TB-K-B,2,0,2,2,0,2,0,0,0,2,B,PropFalse,TA3: TB2,TO: TY,0,131,131,298,NA,NA,NA,NA,NA,635.2884849,0.0016944,636.021637,636.1218663,0.8295792,638.0552033,638.4552146,638.5572958,638.5572958,b,1,0.576814,639.1548845,639.1548845,639.1548845,639.1548845,NA,NA,NA,NA,NA,NA,1,1,2024-02-05_09h37.13.265,PsychoPy Exp,2023.1.2,59.97900738
KnowledgeN,ExpTrialStim/Triangle_B_1.png,Adam KNOWS there are ZERO cubes,b,h,TB-Ig,1,0,1,2,0,2,0,0,0,0,B,PropTrueNoKnowledge,TA2,TR,0,132,132,288,NA,NA,NA,NA,NA,639.1548845,0.001719,639.8884041,639.9885448,0.8293661,641.9218882,642.3215955,642.4239223,642.4239223,b,1,1.7896698,644.2381584,644.2381584,644.2381584,644.2381584,NA,NA,NA,NA,NA,NA,1,1,2024-02-05_09h37.13.265,PsychoPy Exp,2023.1.2,59.97900738
BeliefY,ExpTrialStim/Square_Square_B_4.png,Adam THINKS there are TWO cubes,h,b,TB-K-B,2,2,0,2,2,0,0,0,0,2,B,-,SA2: SB1,SG: SP,0,133,133,137,NA,NA,NA,NA,NA,644.2381584,4.64e-4,644.971717,645.0716867,0.831358,647.0052005,647.4049868,647.5070126,647.5070126,h,1,0.6266518,648.1548611,648.1548611,648.1548611,648.1548611,NA,NA,NA,NA,NA,NA,1,1,2024-02-05_09h37.13.265,PsychoPy Exp,2023.1.2,59.97900738
RealityN,ExpTrialStim/Triangle_B_Square_2.png,"In REALITY, there are TWO cubes",b,h,FB-Ig,2,1,1,1,0,1,1,1,0,2,B,PropFalse,SC3: TB3,SP: TY,0,134,134,105,NA,NA,NA,NA,NA,648.1548611,4.064e-4,648.8883688,648.9884839,0.8313721,650.9216195,651.3215409,651.4236226,651.4236226,b,1,3.7901764,655.2381692,655.2381692,655.2381692,655.2381692,NA,NA,NA,NA,NA,NA,1,1,2024-02-05_09h37.13.265,PsychoPy Exp,2023.1.2,59.97900738
KnowledgeN,ExpTrialStim/Square_Triangle_B_9.png,Adam KNOWS there are ZERO cubes,b,h,TB-K-B,2,1,1,2,1,1,0,0,0,0,B,PropFalse,SA3: TB2,SG: TR,0,135,135,304,NA,NA,NA,NA,NA,655.2381692,0.0017259,655.97168,656.0717795,0.8295379,658.0049031,658.4051261,658.507234,658.507234,b,1,1.2667929,659.8047374,659.8047374,659.8047374,659.8047374,NA,NA,NA,NA,NA,NA,1,1,2024-02-05_09h37.13.265,PsychoPy Exp,2023.1.2,59.97900738
KnowledgeY,ExpTrialStim/Square_Triangle_B_3.png,Adam KNOWS there is ONE cube,h,b,FB-Ig,2,1,1,2,1,1,0,0,0,1,B,-,SA3: TB1,SP: TY,0,136,136,260,NA,NA,NA,NA,NA,659.8047374,3.987e-4,660.538343,660.6381738,0.8316051,662.5715759,662.971597,663.0738331,663.0738331,h,1,1.2441807,664.3382342,664.3382342,664.3382342,664.3382342,NA,NA,NA,NA,NA,NA,1,1,2024-02-05_09h37.13.265,PsychoPy Exp,2023.1.2,59.97900738
BeliefN,ExpTrialStim/B_Square_4.png,Adam THINKS there are TWO cubes,b,h,FB-Ig,1,1,0,0,0,0,1,1,0,2,B,PropFalse,SD2,SB,0,137,137,203,NA,NA,NA,NA,NA,664.3382342,0.0016756,665.0716036,665.1715678,0.8295415,667.1048864,667.5050605,667.60699,667.60699,b,1,0.9910642,668.6216807,668.6216807,668.6216807,668.6216807,NA,NA,NA,NA,NA,NA,1,1,2024-02-05_09h37.13.265,PsychoPy Exp,2023.1.2,59.97900738
BeliefY,ExpTrialStim/Square_B_Square_2.png,Adam THINKS there is ONE cube,h,b,FB-Ig,2,2,0,1,1,0,1,1,0,1,B,-,SA2: SC3,SB: SP,0,138,138,151,NA,NA,NA,NA,NA,668.6216807,0.0017079,669.3548972,669.4548465,0.8295448,671.3884017,671.7882081,671.8904813,671.8904813,h,1,1.1798534,673.0883293,673.0883293,673.0883293,673.0883293,NA,NA,NA,NA,NA,NA,1,1,2024-02-05_09h37.13.265,PsychoPy Exp,2023.1.2,59.97900738
BeliefN,ExpTrialStim/Triangle_B_2.png,Adam THINKS there is ONE cube,b,h,TB-Ig,1,0,1,1,0,1,0,0,0,1,B,PropFalse,TB2,TO,0,139,139,181,NA,NA,NA,NA,NA,673.0883293,0.0017137,673.8214304,673.9217407,0.8293519,675.8550774,676.2550776,676.3571527,676.3571527,b,1,1.0170532,677.4049669,677.4049669,677.4049669,677.4049669,NA,NA,NA,NA,NA,NA,1,1,2024-02-05_09h37.13.265,PsychoPy Exp,2023.1.2,59.97900738
KnowledgeY,ExpTrialStim/Triangle_Triangle_NB_1.png,Adam KNOWS there are ZERO cubes,h,b,TB-K,2,0,2,2,0,2,0,0,0,0,NB,-,TA1: TB2,TY: TO,0,140,140,222,NA,NA,NA,NA,NA,677.4049669,0.0016705,678.1382217,678.2381859,0.829504,680.1717334,680.5714952,680.6738337,680.6738337,h,1,1.2677534,681.9715635,681.9715635,681.9715635,681.9715635,NA,NA,NA,NA,NA,NA,1,1,2024-02-05_09h37.13.265,PsychoPy Exp,2023.1.2,59.97900738
RealityY,ExpTrialStim/B_Square_3.png,"In REALITY, there is ONE cube",h,b,FB-Ig,1,1,0,0,0,0,1,1,0,1,B,-,SD1,SP,0,141,141,40,NA,NA,NA,NA,NA,681.9715635,0.0015255,682.7049274,682.8048454,0.8298365,684.7380971,685.1383362,685.2401483,685.2401483,h,1,0.5662842,685.8380562,685.8380562,685.8380562,685.8380562,NA,NA,NA,NA,NA,NA,1,1,2024-02-05_09h37.13.265,PsychoPy Exp,2023.1.2,59.97900738
RealityN,ExpTrialStim/Square_Triangle_NB_2.png,"In REALITY, there are ZERO cubes",b,h,TB-K,2,1,1,2,1,1,0,0,0,0,NB,PropFalse,SB1: TB3,SB: TO,0,142,142,64,NA,NA,NA,NA,NA,685.8380562,4.187e-4,686.5715514,686.6714499,0.8315061,688.6048276,689.0048466,689.1070881,689.1070881,b,1,0.5068262,689.6382274,689.6382274,689.6382274,689.6382274,NA,NA,NA,NA,NA,NA,1,1,2024-02-05_09h37.13.265,PsychoPy Exp,2023.1.2,59.97900738
BeliefY,ExpTrialStim/Triangle_NB_3.png,Adam THINKS there are ZERO cubes,h,b,TB-K,1,0,1,1,0,1,0,0,0,0,NB,-,TB2,TR,0,143,143,110,NA,NA,NA,NA,NA,689.6382274,0.0017202,690.371514,690.4716797,0.8294347,692.4050104,692.8049897,692.9071202,692.9071202,h,1,0.6747599,693.6049409,693.6049409,693.6049409,693.6049409,NA,NA,NA,NA,NA,NA,1,1,2024-02-05_09h37.13.265,PsychoPy Exp,2023.1.2,59.97900738
RealityN,ExpTrialStim/Square_B_2.png,"In REALITY, there are ZERO cubes",b,h,TB-Ig,1,1,0,1,1,0,0,0,0,0,B,PropFalse,SB2,SB,0,144,144,75,NA,NA,NA,NA,NA,693.6049409,0.001652,694.3381788,694.438337,0.8295772,696.3883065,696.7882714,696.8903835,696.8903835,b,1,0.7071031,697.6213384,697.6213384,697.6213384,697.6213384,NA,NA,NA,NA,NA,NA,1,1,2024-02-05_09h37.13.265,PsychoPy Exp,2023.1.2,59.97900738
KnowledgeN,ExpTrialStim/Triangle_B_Square_1.png,Adam KNOWS there are ZERO cubes,b,h,FB-Ig,2,1,1,1,0,1,1,1,0,0,B,PropFalse,SC1: TA1,SB: TO,0,145,145,320,NA,NA,NA,NA,NA,697.6213384,5.816e-4,698.3548461,698.4549824,0.8312566,700.3883824,700.7883268,700.8902728,700.8902728,b,1,0.8838663,701.8048762,701.8048762,701.8048762,701.8048762,NA,NA,NA,NA,NA,NA,1,1,2024-02-05_09h37.13.265,PsychoPy Exp,2023.1.2,59.97900738
RealityN,ExpTrialStim/Square_B_Square_3.png,"In REALITY, there are ZERO cubes",b,h,FB-Ig,2,2,0,1,1,0,1,1,0,0,B,PropFalse,SA3: SD1,SP: SB,0,146,146,98,NA,NA,NA,NA,NA,701.8048762,0.0016941,702.5381636,702.6383299,0.8295463,704.571617,704.9715001,705.0736826,705.0736826,b,1,0.4995944,705.6046248,705.6046248,705.6046248,705.6046248,NA,NA,NA,NA,NA,NA,1,1,2024-02-05_09h37.13.265,PsychoPy Exp,2023.1.2,59.97900738
KnowledgeY,ExpTrialStim/Square_Square_B_1.png,Adam KNOWS there are TWO cubes,h,b,TB-K-B,2,2,0,2,2,0,0,0,0,2,B,-,SA1: SB2,SP: SG,0,147,147,246,NA,NA,NA,NA,NA,705.6046248,5.465e-4,706.3381445,706.4382658,0.8313394,708.3715944,708.7715432,708.8737092,708.8737092,h,1,1.1325394,710.0381525,710.0381525,710.0381525,710.0381525,NA,NA,NA,NA,NA,NA,1,1,2024-02-05_09h37.13.265,PsychoPy Exp,2023.1.2,59.97900738
KnowledgeY,ExpTrialStim/Square_Square_B_2.png,Adam KNOWS there are TWO cubes,h,b,TB-K-B,2,2,0,2,2,0,0,0,0,2,B,-,SA2: SB3,SB: SP,0,148,148,247,NA,NA,NA,NA,NA,710.0381525,0.0016849,710.7714498,710.8713211,0.8295123,712.8046556,713.2048973,713.3070336,713.3070336,h,1,0.6424329,713.9713146,713.9713146,713.9713146,713.9713146,NA,NA,NA,NA,NA,NA,1,1,2024-02-05_09h37.13.265,PsychoPy Exp,2023.1.2,59.97900738
BeliefY,ExpTrialStim/Square_Square_B_7.png,Adam THINKS there are TWO cubes,h,b,TB-K-B,2,2,0,2,2,0,0,0,0,2,B,-,SA1: SB2,SG: SP,0,149,149,140,NA,NA,NA,NA,NA,713.9713146,5.852e-4,714.7047767,714.8049141,0.8312115,716.7382236,717.1382956,717.2403021,717.2403021,h,1,0.7982582,718.0546762,718.0546762,718.0546762,718.0546762,NA,NA,NA,NA,NA,NA,1,1,2024-02-05_09h37.13.265,PsychoPy Exp,2023.1.2,59.97900738
RealityY,ExpTrialStim/Square_Square_NB_1.png,"In REALITY, there are TWO cubes",h,b,TB-K,2,2,0,2,2,0,0,0,0,2,NB,-,SA1: SB2,SP: SB,0,150,150,12,NA,NA,NA,NA,NA,718.0546762,0.0017167,718.7880641,718.8882182,0.8293295,720.8215456,721.2212149,721.3236886,721.3236886,h,1,1.4986314,722.8381081,722.8381081,722.8381081,722.8381081,NA,NA,NA,NA,NA,NA,1,1,2024-02-05_09h37.13.265,PsychoPy Exp,2023.1.2,59.97900738
BeliefY,ExpTrialStim/Triangle_NB_1.png,Adam THINKS there are ZERO cubes,h,b,TB-K,1,0,1,1,0,1,0,0,0,0,NB,-,TA1,TO,0,151,151,108,NA,NA,NA,NA,NA,722.8381081,0.0017069,723.5714265,723.6714913,0.8293638,725.6046869,726.0046823,726.1070019,726.1070019,b,0,3.5711252,729.7048077,729.7048077,729.7048077,729.7048077,NA,NA,NA,NA,NA,NA,1,1,2024-02-05_09h37.13.265,PsychoPy Exp,2023.1.2,59.97900738
BeliefN,ExpTrialStim/Square_Square_NB_5.png,Adam THINKS there is ONE cube,b,h,TB-K,2,2,0,2,2,0,0,0,0,1,NB,PropFalse,SA3: SB2,SB: SP,0,152,152,178,NA,NA,NA,NA,NA,729.7048077,0.0016602,730.4380645,730.5379477,0.8292447,732.4715092,732.8712841,732.973638,732.973638,b,1,0.6484961,733.6381365,733.6381365,733.6381365,733.6381365,NA,NA,NA,NA,NA,NA,1,1,2024-02-05_09h37.13.265,PsychoPy Exp,2023.1.2,59.97900738
BeliefN,ExpTrialStim/Triangle_B_Square_2.png,Adam THINKS there is ONE cube,b,h,FB-Ig,2,1,1,1,0,1,1,1,0,1,B,PropTrueNoBelief,SC3: TB3,SP: TY,0,153,153,213,NA,NA,NA,NA,NA,733.6381365,0.0016595,734.371372,734.4715105,0.82949,736.4045979,736.8047791,736.906716,736.906716,b,1,0.6349786,737.571215,737.571215,737.571215,737.571215,NA,NA,NA,NA,NA,NA,1,1,2024-02-05_09h37.13.265,PsychoPy Exp,2023.1.2,59.97900738
KnowledgeN,ExpTrialStim/Square_Triangle_B_12.png,Adam KNOWS there are TWO cubes,b,h,TB-K-B,2,1,1,2,1,1,0,0,0,2,B,PropFalse,SB3: TA1,SB: TO,0,154,154,307,NA,NA,NA,NA,NA,737.571215,4.204e-4,738.3046935,738.4048635,0.831411,740.338139,740.7380172,740.8401,740.8401,b,1,0.4535795,741.3211611,741.3211611,741.3211611,741.3211611,NA,NA,NA,NA,NA,NA,1,1,2024-02-05_09h37.13.265,PsychoPy Exp,2023.1.2,59.97900738
KnowledgeN,ExpTrialStim/Square_B_Square_7.png,Adam KNOWS there are TWO cubes,b,h,FB-Ig,2,2,0,1,1,0,1,1,0,2,B,PropTrueNoKnowledge,SA3: SC2,SG: SP,0,155,155,318,NA,NA,NA,NA,NA,741.3211611,3.92e-4,742.054563,742.1547326,0.8313686,744.0879502,744.4879898,744.5902586,744.5902586,b,1,0.5194027,745.1380653,745.1380653,745.1380653,745.1380653,NA,NA,NA,NA,NA,NA,1,1,2024-02-05_09h37.13.265,PsychoPy Exp,2023.1.2,59.97900738
RealityN,ExpTrialStim/Triangle_Triangle_B_4.png,"In REALITY, there are TWO cubes",b,h,TB-K-B,2,0,2,2,0,2,0,0,0,2,B,PropFalse,TA2: TB1,TY: TR,0,156,156,83,NA,NA,NA,NA,NA,745.1380653,0.0016706,745.8713041,745.9711852,0.8295892,747.9045241,748.304791,748.4068924,748.4068924,b,1,0.4547795,748.8880072,748.8880072,748.8880072,748.8880072,NA,NA,NA,NA,NA,NA,1,1,2024-02-05_09h37.13.265,PsychoPy Exp,2023.1.2,59.97900738
RealityN,ExpTrialStim/Square_Square_B_3.png,"In REALITY, there is ONE cube",b,h,TB-K-B,2,2,0,2,2,0,0,0,0,1,B,PropFalse,SA3: SB1,SG: SB,0,157,157,86,NA,NA,NA,NA,NA,748.8880072,0.0016912,749.6212781,749.7211976,0.8293055,751.6547365,752.0546203,752.1568538,752.1568538,b,1,0.8004922,752.9879448,752.9879448,752.9879448,752.9879448,NA,NA,NA,NA,NA,NA,1,1,2024-02-05_09h37.13.265,PsychoPy Exp,2023.1.2,59.97900738
RealityY,ExpTrialStim/Triangle_B_Square_1.png,"In REALITY, there is ONE cube",h,b,FB-Ig,2,1,1,1,0,1,1,1,0,1,B,-,SC1: TA1,SB: TO,0,158,158,50,NA,NA,NA,NA,NA,752.9879448,0.0015722,753.7210818,753.82138,0.8303033,755.7547265,756.15455239999994,756.2568315,756.2568315,h,1,0.8527589,757.13802,757.13802,757.13802,757.13802,NA,NA,NA,NA,NA,NA,1,1,2024-02-05_09h37.13.265,PsychoPy Exp,2023.1.2,59.97900738
KnowledgeY,ExpTrialStim/Square_Square_NB_4.png,Adam KNOWS there are TWO cubes,h,b,TB-K,2,2,0,2,2,0,0,0,0,2,NB,-,SA2: SB1,SP: SG,0,159,159,231,NA,NA,NA,NA,NA,757.13802,0.0016745,757.8711378,757.9714027,0.8296336,759.9047368,760.3046521,760.4068343,760.4068343,h,1,0.6625532,761.0879241,761.0879241,761.0879241,761.0879241,NA,NA,NA,NA,NA,NA,1,1,2024-02-05_09h37.13.265,PsychoPy Exp,2023.1.2,59.97900738
RealityY,ExpTrialStim/Triangle_B_1.png,"In REALITY, there are ZERO cubes",h,b,TB-Ig,1,0,1,1,0,1,0,0,0,0,B,-,TA2,TR,0,160,160,18,NA,NA,NA,NA,NA,761.0879241,0.0014973,761.8210082,761.9211889,0.8301825,763.8545343,764.2544689,764.356836,764.356836,b,0,0.4813307,764.8546415,764.8546415,764.8546415,764.8546415,NA,NA,NA,NA,NA,NA,1,1,2024-02-05_09h37.13.265,PsychoPy Exp,2023.1.2,59.97900738
BeliefY,ExpTrialStim/Square_Triangle_NB_3.png,Adam THINKS there is ONE cube,h,b,TB-K,2,1,1,2,1,1,0,0,0,1,NB,-,SB3: TA2,SP: TY,0,161,161,119,NA,NA,NA,NA,NA,764.8546415,0.0017277,765.5878825,765.6880033,0.8294401,767.621112,768.0212199,768.123487,768.123487,h,1,0.8101279,768.966986,NA,768.966986,NA,space,11.2222926,NA,NA,NA,NA,1,1,2024-02-05_09h37.13.265,PsychoPy Exp,2023.1.2,59.97900738
KnowledgeY,ExpTrialStim/Square_Square_NB_2.png,Adam KNOWS there are TWO cubes,h,b,TB-K,2,2,0,2,2,0,0,0,0,2,NB,-,SA2: SB3,SB: SG,0,162,162,229,NA,NA,NA,NA,NA,780.22098,4.561e-4,780.9544902,781.0546583,0.8327972,782.9879442,783.3877452,783.4899375,783.4899375,h,1,0.8916374,784.4044205,784.4044205,784.4044205,784.4044205,NA,NA,NA,NA,NA,NA,1,1,2024-02-05_09h37.13.265,PsychoPy Exp,2023.1.2,59.97900738
RealityN,ExpTrialStim/Square_Triangle_NB_1.png,"In REALITY, there are ZERO cubes",b,h,TB-K,2,1,1,2,1,1,0,0,0,0,NB,PropFalse,SA2: TB1,SG: TR,0,163,163,63,NA,NA,NA,NA,NA,784.4044205,0.0017067,785.1378593,785.2377757,0.8274749,787.1711032,787.5710179,787.6733883,787.6733883,b,1,1.1642817,788.8543019,788.8543019,788.8543019,788.8543019,NA,NA,NA,NA,NA,NA,1,1,2024-02-05_09h37.13.265,PsychoPy Exp,2023.1.2,59.97900738
KnowledgeY,ExpTrialStim/Square_Square_NB_6.png,Adam KNOWS there are TWO cubes,h,b,TB-K,2,2,0,2,2,0,0,0,0,2,NB,-,SA1: SB3,SG: SB,0,164,164,233,NA,NA,NA,NA,NA,788.8543019,4.796e-4,789.5878399,789.6879531,0.8311732,791.6212874,792.02125,792.123397,792.123397,h,1,0.8097328,792.9543129,792.9543129,792.9543129,792.9543129,NA,NA,NA,NA,NA,NA,1,1,2024-02-05_09h37.13.265,PsychoPy Exp,2023.1.2,59.97900738
BeliefN,ExpTrialStim/Square_Square_NB_3.png,Adam THINKS there are ZERO cubes,b,h,TB-K,2,2,0,2,2,0,0,0,0,0,NB,PropFalse,SA3: SB1,SG: SP,0,165,165,176,NA,NA,NA,NA,NA,792.9543129,5.571e-4,793.687806,793.787918,0.8312893,795.721033,796.1212561,796.2233098,796.2233098,b,1,0.6781423,796.9211806,796.9211806,796.9211806,796.9211806,NA,NA,NA,NA,NA,NA,1,1,2024-02-05_09h37.13.265,PsychoPy Exp,2023.1.2,59.97900738
KnowledgeY,ExpTrialStim/Square_Square_B_12.png,Adam KNOWS there are TWO cubes,h,b,FB-Ig,2,2,0,2,2,0,0,0,0,2,B,-,SA1: SB3,SP: SG,0,166,166,257,NA,NA,NA,NA,NA,796.9211806,0.0016979,797.6544511,797.7545838,0.8294926,799.6878903,800.0877061,800.1900012,800.1900012,h,1,1.3595083,801.5711937,801.5711937,801.5711937,801.5711937,NA,NA,NA,NA,NA,NA,1,1,2024-02-05_09h37.13.265,PsychoPy Exp,2023.1.2,59.97900738
RealityN,ExpTrialStim/B_Square_4.png,"In REALITY, there are TWO cubes",b,h,FB-Ig,1,1,0,0,0,0,1,1,0,2,B,PropFalse,SD2,SB,0,167,167,95,NA,NA,NA,NA,NA,801.5711937,0.001676,802.3042396,802.4042985,0.8295177,804.3376565,804.7378844,804.83997,804.83997,b,1,0.8935037,805.754479,805.754479,805.754479,805.754479,NA,NA,NA,NA,NA,NA,1,1,2024-02-05_09h37.13.265,PsychoPy Exp,2023.1.2,59.97900738
KnowledgeY,ExpTrialStim/Square_Triangle_B_10.png,Adam KNOWS there is ONE cube,h,b,FB-Ig,2,1,1,2,1,1,0,0,0,1,B,-,SB1: TA2,SP: TY,0,168,168,267,NA,NA,NA,NA,NA,805.754479,0.0016857,806.4877146,806.5877545,0.8292877,808.5211427,808.9211842,809.0233047,809.0233047,h,1,0.4617027,809.5042115,809.5042115,809.5042115,809.5042115,NA,NA,NA,NA,NA,NA,1,1,2024-02-05_09h37.13.265,PsychoPy Exp,2023.1.2,59.97900738
KnowledgeN,ExpTrialStim/Triangle_Triangle_NB_3.png,Adam KNOWS there are TWO cubes,b,h,TB-K,2,0,2,2,0,2,0,0,0,2,NB,PropFalse,TA3: TB1,TR: TY,0,169,169,278,NA,NA,NA,NA,NA,809.5042115,3.953e-4,810.237772,810.3376654,0.8314547,812.2710176,812.6712163,812.7733262,812.7733262,b,1,0.6485303,813.4377882,813.4377882,813.4377882,813.4377882,NA,NA,NA,NA,NA,NA,1,1,2024-02-05_09h37.13.265,PsychoPy Exp,2023.1.2,59.97900738
KnowledgeY,ExpTrialStim/Triangle_Triangle_B_9.png,Adam KNOWS there are ZERO cubes,h,b,TB-K-B,2,0,2,2,0,2,0,0,0,0,B,-,TA3: TB1,TO: TR,0,170,170,242,NA,NA,NA,NA,NA,813.4377882,0.0017179,814.1710794,814.2712118,0.8291662,816.2042854,816.6044955,816.7066108,816.7066108,h,1,1.35477,818.087782,818.087782,818.087782,818.087782,NA,NA,NA,NA,NA,NA,1,1,2024-02-05_09h37.13.265,PsychoPy Exp,2023.1.2,59.97900738
BeliefN,ExpTrialStim/Square_Square_NB_6.png,Adam THINKS there is ONE cube,b,h,TB-K,2,2,0,2,2,0,0,0,0,1,NB,PropFalse,SA1: SB3,SG: SB,0,171,171,179,NA,NA,NA,NA,NA,818.087782,0.0016636,818.8207924,818.921137,0.8296082,820.85448040000006,821.2543853,821.3566597,821.3566597,b,1,0.6246761,822.0042787,822.0042787,822.0042787,822.0042787,NA,NA,NA,NA,NA,NA,1,1,2024-02-05_09h37.13.265,PsychoPy Exp,2023.1.2,59.97900738
BeliefN,ExpTrialStim/Square_B_Square_8.png,Adam THINKS there are TWO cubes,b,h,FB-Ig,2,2,0,1,1,0,1,1,0,2,B,PropTrueNoBelief,SA1: SD2,SP: SG,0,172,172,211,NA,NA,NA,NA,NA,822.0042787,0.0016864,822.7376843,822.8376344,0.8295003,824.7709154,825.1710784,825.2732922,825.2732922,b,1,0.8440742,826.1377711,826.1377711,826.1377711,826.1377711,NA,NA,NA,NA,NA,NA,1,1,2024-02-05_09h37.13.265,PsychoPy Exp,2023.1.2,59.97900738
RealityN,ExpTrialStim/Square_NB_2.png,"In REALITY, there are ZERO cubes",b,h,TB-K,1,1,0,1,1,0,0,0,0,0,NB,PropFalse,SA3,SP,0,173,173,58,NA,NA,NA,NA,NA,826.1377711,0.0017152,826.8710219,826.971105,0.8295853,828.9044699,829.3044516,829.406589,829.406589,b,1,0.5507605,829.9877473,829.9877473,829.9877473,829.9877473,NA,NA,NA,NA,NA,NA,1,1,2024-02-05_09h37.13.265,PsychoPy Exp,2023.1.2,59.97900738
KnowledgeY,ExpTrialStim/Triangle_Triangle_B_10.png,Adam KNOWS there are ZERO cubes,h,b,TB-K-B,2,0,2,2,0,2,0,0,0,0,B,-,TA2: TB1,TR: TO,0,174,174,243,NA,NA,NA,NA,NA,829.9877473,0.0016837,830.720986,830.8211759,0.8295204,832.7542132,833.1544717,833.256266,833.256266,h,1,0.9410893,834.2210206,834.2210206,834.2210206,834.2210206,NA,NA,NA,NA,NA,NA,1,1,2024-02-05_09h37.13.265,PsychoPy Exp,2023.1.2,59.97900738
BeliefN,ExpTrialStim/Triangle_Triangle_NB_3.png,Adam THINKS there are TWO cubes,b,h,TB-K,2,0,2,2,0,2,0,0,0,2,NB,PropFalse,TA3: TB1,TR: TY,0,175,175,170,NA,NA,NA,NA,NA,834.2210206,0.0016875,834.9542731,835.0542527,0.8295717,836.9877462,837.3877629,837.4899239,837.4899239,b,1,0.883355,838.4042808,838.4042808,838.4042808,838.4042808,NA,NA,NA,NA,NA,NA,1,1,2024-02-05_09h37.13.265,PsychoPy Exp,2023.1.2,59.97900738
KnowledgeY,ExpTrialStim/Square_Square_B_11.png,Adam KNOWS there are TWO cubes,h,b,FB-Ig,2,2,0,2,2,0,0,0,0,2,B,-,SA3: SB2,SB: SP,0,176,176,256,NA,NA,NA,NA,NA,838.4042808,0.0015509,839.1372807,839.2377329,0.8298574,841.1708904,841.5709912,841.6731602,841.6731602,h,1,1.4044885,843.1040199,843.1040199,843.1040199,843.1040199,NA,NA,NA,NA,NA,NA,1,1,2024-02-05_09h37.13.265,PsychoPy Exp,2023.1.2,59.97900738
BeliefY,ExpTrialStim/Square_B_Triangle_1.png,Adam THINKS there is ONE cube,h,b,TB-Ig,2,1,1,1,1,0,1,0,1,1,B,-,SB1: TD3,SB: TO,0,177,177,132,NA,NA,NA,NA,NA,843.1040199,0.001716,843.8376156,843.9375341,0.8293919,845.8708107,846.2709323,846.3732154,846.3732154,h,1,1.2559266,847.654262,847.654262,847.654262,847.654262,NA,NA,NA,NA,NA,NA,1,1,2024-02-05_09h37.13.265,PsychoPy Exp,2023.1.2,59.97900738
KnowledgeY,ExpTrialStim/Triangle_NB_2.png,Adam KNOWS there are ZERO cubes,h,b,TB-K,1,0,1,1,0,1,0,0,0,0,NB,-,TA3,TY,0,178,178,217,NA,NA,NA,NA,NA,847.654262,0.0014882,848.3875872,848.4875267,0.8295782,850.4210865,850.8207863,850.9231325,850.9231325,h,1,1.0020595,851.9540192,851.9540192,851.9540192,851.9540192,NA,NA,NA,NA,NA,NA,1,1,2024-02-05_09h37.13.265,PsychoPy Exp,2023.1.2,59.97900738
BeliefY,ExpTrialStim/Square_B_Square_4.png,Adam THINKS there is ONE cube,h,b,FB-Ig,2,2,0,1,1,0,1,1,0,1,B,-,SB1: SD2,SG: SP,0,179,179,153,NA,NA,NA,NA,NA,851.9540192,0.0016738,852.6875566,852.7876802,0.8295284,854.7210143,855.1210409,855.223115,855.223115,h,1,0.8537596,856.1039694,856.1039694,856.1039694,856.1039694,NA,NA,NA,NA,NA,NA,1,1,2024-02-05_09h37.13.265,PsychoPy Exp,2023.1.2,59.97900738
RealityN,ExpTrialStim/Square_B_Square_2.png,"In REALITY, there are ZERO cubes",b,h,FB-Ig,2,2,0,1,1,0,1,1,0,0,B,PropFalse,SA2: SC3,SB: SP,0,180,180,97,NA,NA,NA,NA,NA,856.1039694,0.0011774,856.8375397,856.9376799,0.8302402,858.8707625,859.2708623,859.3730046,859.3730046,b,1,0.560261,859.9542664,859.9542664,859.9542664,859.9542664,NA,NA,NA,NA,NA,NA,1,1,2024-02-05_09h37.13.265,PsychoPy Exp,2023.1.2,59.97900738
RealityN,ExpTrialStim/Square_Square_NB_3.png,"In REALITY, there are ZERO cubes",b,h,TB-K,2,2,0,2,2,0,0,0,0,0,NB,PropFalse,SA3: SB1,SG: SP,0,181,181,68,NA,NA,NA,NA,NA,859.9542664,0.0017094,860.6875509,860.7876608,0.8294623,862.7207629,863.120746,863.2229015,863.2229015,b,1,0.4542719,863.7039585,863.7039585,863.7039585,863.7039585,NA,NA,NA,NA,NA,NA,1,1,2024-02-05_09h37.13.265,PsychoPy Exp,2023.1.2,59.97900738
BeliefN,ExpTrialStim/Triangle_NB_3.png,Adam THINKS there are TWO cubes,b,h,TB-K,1,0,1,1,0,1,0,0,0,2,NB,PropFalse,TB2,TR,0,182,182,164,NA,NA,NA,NA,NA,863.7039585,4.372e-4,864.4375062,864.5373629,0.831021,866.4709967,866.8709615,866.9730429,866.9730429,b,1,0.5601884,867.5542474,867.5542474,867.5542474,867.5542474,NA,NA,NA,NA,NA,NA,1,1,2024-02-05_09h37.13.265,PsychoPy Exp,2023.1.2,59.97900738
KnowledgeY,ExpTrialStim/Square_Square_NB_5.png,Adam KNOWS there are TWO cubes,h,b,TB-K,2,2,0,2,2,0,0,0,0,2,NB,-,SA3: SB2,SB: SP,0,183,183,232,NA,NA,NA,NA,NA,867.5542474,0.0016659,868.2873012,868.3874163,0.8295384,870.3207182,870.7209711,870.8231056,870.8231056,h,1,0.4381112,871.2874169,871.2874169,871.2874169,871.2874169,NA,NA,NA,NA,NA,NA,1,1,2024-02-05_09h37.13.265,PsychoPy Exp,2023.1.2,59.97900738
BeliefN,ExpTrialStim/Square_Triangle_B_7.png,Adam THINKS there are TWO cubes,b,h,TB-K-B,2,1,1,2,1,1,0,0,0,2,B,PropFalse,SA1: TB3,SB: TO,0,184,184,198,NA,NA,NA,NA,NA,871.2874169,0.0017597,872.0208246,872.1208302,0.8294747,874.0543076,874.4542619,874.5563519,874.5563519,b,1,0.8088044,875.3875522,875.3875522,875.3875522,875.3875522,NA,NA,NA,NA,NA,NA,1,1,2024-02-05_09h37.13.265,PsychoPy Exp,2023.1.2,59.97900738
BeliefY,ExpTrialStim/Square_Square_B_10.png,Adam THINKS there are TWO cubes,h,b,TB-K-B,2,2,0,2,2,0,0,0,0,2,B,-,SA2: SB1,SG: SB,0,185,185,143,NA,NA,NA,NA,NA,875.3875522,0.0017169,876.1207067,876.2209069,0.8296621,878.1542739,878.5540755,878.6563622,878.6563622,h,1,0.8604459,879.5373445,879.5373445,879.5373445,879.5373445,NA,NA,NA,NA,NA,NA,1,1,2024-02-05_09h37.13.265,PsychoPy Exp,2023.1.2,59.97900738
RealityY,ExpTrialStim/Square_NB_2.png,"In REALITY, there is ONE cube",h,b,TB-K,1,1,0,1,1,0,0,0,0,1,NB,-,SA3,SP,0,186,186,4,NA,NA,NA,NA,NA,879.5373445,3.787e-4,880.270802,880.3708939,0.8315616,882.3042343,882.704209,882.8061373,882.8061373,h,1,0.8390881,883.6705081,883.6705081,883.6705081,883.6705081,NA,NA,NA,NA,NA,NA,1,1,2024-02-05_09h37.13.265,PsychoPy Exp,2023.1.2,59.97900738
BeliefY,ExpTrialStim/Square_Square_NB_3.png,Adam THINKS there are TWO cubes,h,b,TB-K,2,2,0,2,2,0,0,0,0,2,NB,-,SA3: SB1,SG: SP,0,187,187,122,NA,NA,NA,NA,NA,883.6705081,0.001681,884.404086,884.5039327,0.8294684,886.4375577,886.8375329,886.9396834,886.9396834,h,1,0.6654924,887.6205335,887.6205335,887.6205335,887.6205335,NA,NA,NA,NA,NA,NA,1,1,2024-02-05_09h37.13.265,PsychoPy Exp,2023.1.2,59.97900738
KnowledgeN,ExpTrialStim/Square_Triangle_NB_1.png,Adam KNOWS there are ZERO cubes,b,h,TB-K,2,1,1,2,1,1,0,0,0,0,NB,PropFalse,SA2: TB1,SG: TR,0,188,188,279,NA,NA,NA,NA,NA,887.6205335,4.925e-4,888.3541042,888.4542408,0.8312535,890.3873495,890.7875001,890.8896791,890.8896791,b,1,0.8034579,891.7207657,891.7207657,891.7207657,891.7207657,NA,NA,NA,NA,NA,NA,1,1,2024-02-05_09h37.13.265,PsychoPy Exp,2023.1.2,59.97900738
KnowledgeN,ExpTrialStim/Triangle_B_Square_2.png,Adam KNOWS there are ZERO cubes,b,h,FB-Ig,2,1,1,1,0,1,1,1,0,0,B,PropFalse,SC3: TB3,SP: TY,0,189,189,321,NA,NA,NA,NA,NA,891.7207657,0.0017955,892.4540401,892.5542027,0.8293659,894.4872813,894.8874082,894.989335,894.989335,b,1,1.4393769,896.4537534,896.4537534,896.4537534,896.4537534,NA,NA,NA,NA,NA,NA,1,1,2024-02-05_09h37.13.265,PsychoPy Exp,2023.1.2,59.97900738
KnowledgeY,ExpTrialStim/Triangle_Triangle_B_12.png,Adam KNOWS there are ZERO cubes,h,b,TB-K-B,2,0,2,2,0,2,0,0,0,0,B,-,TA1: TB3,TY: TR,0,190,190,245,NA,NA,NA,NA,NA,896.4537534,3.772e-4,897.1873563,897.2875297,0.8312739,899.2208306,899.6207797,899.7229552,899.7229552,b,0,1.2179329,900.9707103,900.9707103,900.9707103,900.9707103,NA,NA,NA,NA,NA,NA,1,1,2024-02-05_09h37.13.265,PsychoPy Exp,2023.1.2,59.97900738
RealityY,ExpTrialStim/Square_B_Square_2.png,"In REALITY, there are TWO cubes",h,b,FB-Ig,2,2,0,1,1,0,1,1,0,2,B,-,SA2: SC3,SB: SP,0,191,191,43,NA,NA,NA,NA,NA,900.9707103,0.0015668,901.7038248,901.8040211,0.8296586,903.7375244,904.1374836,904.2395862,904.2395862,h,1,0.9174929,905.1871594,905.1871594,905.1871594,905.1871594,NA,NA,NA,NA,NA,NA,1,1,2024-02-05_09h37.13.265,PsychoPy Exp,2023.1.2,59.97900738
KnowledgeY,ExpTrialStim/Square_Square_B_10.png,Adam KNOWS there are TWO cubes,h,b,FB-Ig,2,2,0,2,2,0,0,0,0,2,B,-,SA2: SB1,SG: SB,0,192,192,255,NA,NA,NA,NA,NA,905.1871594,4.203e-4,905.920655,906.020636,0.8314058,907.9541526,908.3541408,908.4562317,908.4562317,h,1,1.2528236,909.7373871,909.7373871,909.7373871,909.7373871,NA,NA,NA,NA,NA,NA,1,1,2024-02-05_09h37.13.265,PsychoPy Exp,2023.1.2,59.97900738
BeliefY,ExpTrialStim/Square_Square_B_6.png,Adam THINKS there are TWO cubes,h,b,TB-K-B,2,2,0,2,2,0,0,0,0,2,B,-,SA1: SB3,SB: SG,0,193,193,139,NA,NA,NA,NA,NA,909.7373871,0.0017173,910.4706985,910.570485,0.8295006,912.5041508,912.9039459,913.0062094,913.0062094,h,1,1.5907912,914.6207442,914.6207442,914.6207442,914.6207442,NA,NA,NA,NA,NA,NA,1,1,2024-02-05_09h37.13.265,PsychoPy Exp,2023.1.2,59.97900738
KnowledgeN,ExpTrialStim/Square_Square_B_10.png,Adam KNOWS there are ZERO cubes,b,h,TB-K-B,2,2,0,2,2,0,0,0,0,0,B,PropFalse,SA2: SB1,SG: SB,0,194,194,301,NA,NA,NA,NA,NA,914.6207442,0.001676,915.353986,915.4540837,0.8295732,917.3872757,917.7874242,917.8892941,917.8892941,b,1,0.9872527,918.9038566,918.9038566,918.9038566,918.9038566,NA,NA,NA,NA,NA,NA,1,1,2024-02-05_09h37.13.265,PsychoPy Exp,2023.1.2,59.97900738
KnowledgeN,ExpTrialStim/Square_Square_NB_2.png,Adam KNOWS there are ZERO cubes,b,h,TB-K,2,2,0,2,2,0,0,0,0,0,NB,PropFalse,SA2: SB3,SB: SG,0,195,195,283,NA,NA,NA,NA,NA,918.9038566,6.011e-4,919.6372973,919.7374197,0.8310867,921.6707736,922.0705149,922.1725915,922.1725915,b,1,0.5844265,922.787351,922.787351,922.787351,922.787351,NA,NA,NA,NA,NA,NA,1,1,2024-02-05_09h37.13.265,PsychoPy Exp,2023.1.2,59.97900738
KnowledgeY,ExpTrialStim/Square_Triangle_NB_1.png,Adam KNOWS there is ONE cube,h,b,TB-K,2,1,1,2,1,1,0,0,0,1,NB,-,SA2: TB1,SG: TR,0,196,196,225,NA,NA,NA,NA,NA,922.787351,0.0017124,923.5203717,923.6207027,0.8294813,925.5540381,925.9540648,926.0561406,926.0561406,h,1,0.6130053,926.6871139,926.6871139,926.6871139,926.6871139,NA,NA,NA,NA,NA,NA,1,1,2024-02-05_09h37.13.265,PsychoPy Exp,2023.1.2,59.97900738
BeliefN,ExpTrialStim/Square_B_Square_6.png,Adam THINKS there are TWO cubes,b,h,FB-Ig,2,2,0,1,1,0,1,1,0,2,B,PropTrueNoBelief,SB3: SC1,SP: SG,0,197,197,209,NA,NA,NA,NA,NA,926.6871139,0.0017073,927.4205985,927.5207371,0.8294499,929.4540716,929.8539298,929.9561355,929.9561355,b,1,1.1848304,931.170395,931.170395,931.170395,931.170395,NA,NA,NA,NA,NA,NA,1,1,2024-02-05_09h37.13.265,PsychoPy Exp,2023.1.2,59.97900738
KnowledgeN,ExpTrialStim/Square_Triangle_NB_3.png,Adam KNOWS there are TWO cubes,b,h,TB-K,2,1,1,2,1,1,0,0,0,2,NB,PropFalse,SB3: TA2,SP: TY,0,198,198,281,NA,NA,NA,NA,NA,931.170395,3.824e-4,931.9039272,932.0038082,0.8313542,933.9373509,934.3373496,934.4394678,934.4394678,b,1,0.4378066,934.9040001,934.9040001,934.9040001,934.9040001,NA,NA,NA,NA,NA,NA,1,1,2024-02-05_09h37.13.265,PsychoPy Exp,2023.1.2,59.97900738
KnowledgeN,ExpTrialStim/Square_B_Square_6.png,Adam KNOWS there are TWO cubes,b,h,FB-Ig,2,2,0,1,1,0,1,1,0,2,B,PropTrueNoKnowledge,SB3: SC1,SP: SG,0,199,199,317,NA,NA,NA,NA,NA,934.9040001,0.0017292,935.6372551,935.7374001,0.829543,937.6704519,938.0705926,938.1728174,938.1728174,b,1,0.6321819,938.8204583,938.8204583,938.8204583,938.8204583,NA,NA,NA,NA,NA,NA,1,1,2024-02-05_09h37.13.265,PsychoPy Exp,2023.1.2,59.97900738
BeliefN,ExpTrialStim/Triangle_B_Square_4.png,Adam THINKS there are TWO cubes,b,h,FB-Ig,2,1,1,1,0,1,1,1,0,2,B,PropFalse,SD3: TB1,SB: TO,0,200,200,215,NA,NA,NA,NA,NA,938.8204583,9.902e-4,939.5538843,939.6537751,0.8304842,941.5872705,941.9873418,942.0894775,942.0894775,b,1,0.5641791,942.6704549,942.6704549,942.6704549,942.6704549,NA,NA,NA,NA,NA,NA,1,1,2024-02-05_09h37.13.265,PsychoPy Exp,2023.1.2,59.97900738
BeliefY,ExpTrialStim/Square_NB_2.png,Adam THINKS there is ONE cube,h,b,TB-K,1,1,0,1,1,0,0,0,0,1,NB,-,SA3,SP,0,201,201,112,NA,NA,NA,NA,NA,942.6704549,0.0016785,943.4038893,943.5038266,0.8291209,945.4373444,945.8373154,945.9394338,945.9394338,h,1,0.5534647,946.5205908,946.5205908,946.5205908,946.5205908,NA,NA,NA,NA,NA,NA,1,1,2024-02-05_09h37.13.265,PsychoPy Exp,2023.1.2,59.97900738
RealityY,ExpTrialStim/B_Square_4.png,"In REALITY, there is ONE cube",h,b,FB-Ig,1,1,0,0,0,0,1,1,0,1,B,-,SD2,SB,0,202,202,41,NA,NA,NA,NA,NA,946.5205908,0.0016708,947.2538709,947.353678,0.8295016,949.287322,949.6870391,949.7891743,949.7891743,h,1,0.4554208,950.2703325,950.2703325,950.2703325,950.2703325,NA,NA,NA,NA,NA,NA,1,1,2024-02-05_09h37.13.265,PsychoPy Exp,2023.1.2,59.97900738
RealityN,ExpTrialStim/Triangle_Triangle_NB_3.png,"In REALITY, there are TWO cubes",b,h,TB-K,2,0,2,2,0,2,0,0,0,2,NB,PropFalse,TA3: TB1,TR: TY,0,203,203,62,NA,NA,NA,NA,NA,950.2703325,7.924e-4,951.0038703,951.1037043,0.8308024,953.0371737,953.4370551,953.5392891,953.5392891,b,1,0.4411937,954.003721,954.003721,954.003721,954.003721,NA,NA,NA,NA,NA,NA,1,1,2024-02-05_09h37.13.265,PsychoPy Exp,2023.1.2,59.97900738
RealityN,ExpTrialStim/Triangle_B_Square_4.png,"In REALITY, there are TWO cubes",b,h,FB-Ig,2,1,1,1,0,1,1,1,0,2,B,PropFalse,SD3: TB1,SB: TO,0,204,204,107,NA,NA,NA,NA,NA,954.003721,6.106e-4,954.7371964,954.8372535,0.8309513,956.7703352,957.1705611,957.2725679,957.2725679,b,1,0.5003804,957.8039453,957.8039453,957.8039453,957.8039453,NA,NA,NA,NA,NA,NA,1,1,2024-02-05_09h37.13.265,PsychoPy Exp,2023.1.2,59.97900738
KnowledgeN,ExpTrialStim/Triangle_NB_1.png,Adam KNOWS there is ONE cube,b,h,TB-K,1,0,1,1,0,1,0,0,0,1,NB,PropFalse,TA1,TO,0,205,205,270,NA,NA,NA,NA,NA,957.8039453,0.0016873,958.5371411,958.6370387,0.829472,960.5703817,960.9705706,961.0724986,961.0724986,b,1,0.4842014,961.5869408,961.5869408,961.5869408,961.5869408,NA,NA,NA,NA,NA,NA,1,1,2024-02-05_09h37.13.265,PsychoPy Exp,2023.1.2,59.97900738
RealityY,ExpTrialStim/Triangle_Triangle_B_4.png,"In REALITY, there are ZERO cubes",h,b,TB-K-B,2,0,2,2,0,2,0,0,0,0,B,-,TA2: TB1,TY: TR,0,206,206,29,NA,NA,NA,NA,NA,961.5869408,3.793e-4,962.3201825,962.4205793,0.8312208,964.353716,964.7539616,964.85603390000006,964.85603390000006,h,1,0.8127371,965.6869727,965.6869727,965.6869727,965.6869727,NA,NA,NA,NA,NA,NA,1,1,2024-02-05_09h37.13.265,PsychoPy Exp,2023.1.2,59.97900738
KnowledgeN,ExpTrialStim/Square_NB_2.png,Adam KNOWS there are TWO cubes,b,h,TB-K,1,1,0,1,1,0,0,0,0,2,NB,PropFalse,SA3,SP,0,207,207,274,NA,NA,NA,NA,NA,965.6869727,0.0017218,966.4204591,966.5205737,0.829649,968.4539034,968.8538087,968.9559563,968.9559563,b,1,0.5763749,969.5535853,969.5535853,969.5535853,969.5535853,NA,NA,NA,NA,NA,NA,1,1,2024-02-05_09h37.13.265,PsychoPy Exp,2023.1.2,59.97900738
RealityY,ExpTrialStim/Triangle_Triangle_B_5.png,"In REALITY, there are ZERO cubes",h,b,TB-K-B,2,0,2,2,0,2,0,0,0,0,B,-,TA3: TB2,TR: TO,0,208,208,30,NA,NA,NA,NA,NA,969.5535853,4.244e-4,970.2870833,970.3872251,0.831402,972.3205632,972.7205617,972.8227018,972.8227018,h,1,0.7985308,973.6370291,973.6370291,973.6370291,973.6370291,NA,NA,NA,NA,NA,NA,1,1,2024-02-05_09h37.13.265,PsychoPy Exp,2023.1.2,59.97900738
BeliefN,ExpTrialStim/Triangle_Triangle_B_7.png,Adam THINKS there are TWO cubes,b,h,TB-K-B,2,0,2,2,0,2,0,0,0,2,B,PropFalse,TA1: TB2,TR: TY,0,209,209,190,NA,NA,NA,NA,NA,973.6370291,0.0016756,974.3704728,974.4705517,0.8294217,976.4038717,976.8038739,976.9057819,976.9057819,b,1,1.0350586,977.9702164,977.9702164,977.9702164,977.9702164,NA,NA,NA,NA,NA,NA,1,1,2024-02-05_09h37.13.265,PsychoPy Exp,2023.1.2,59.97900738
KnowledgeY,ExpTrialStim/Square_Triangle_B_7.png,Adam KNOWS there is ONE cube,h,b,FB-Ig,2,1,1,2,1,1,0,0,0,1,B,-,SA1: TB3,SB: TO,0,210,210,264,NA,NA,NA,NA,NA,977.9702164,3.809e-4,978.7037489,978.8038397,0.831437,980.7371585,981.1371872,981.2393052,981.2393052,h,1,1.2694765,982.5369032,982.5369032,982.5369032,982.5369032,NA,NA,NA,NA,NA,NA,1,1,2024-02-05_09h37.13.265,PsychoPy Exp,2023.1.2,59.97900738
RealityN,ExpTrialStim/Square_NB_1.png,"In REALITY, there are ZERO cubes",b,h,TB-K,1,1,0,1,1,0,0,0,0,0,NB,PropFalse,SA1,SB,0,211,211,57,NA,NA,NA,NA,NA,982.5369032,3.915e-4,983.2703072,983.370276,0.8314436,985.3037852,985.7038472,985.8059649,985.8059649,b,1,0.8787304,986.7038095,986.7038095,986.7038095,986.7038095,NA,NA,NA,NA,NA,NA,1,1,2024-02-05_09h37.13.265,PsychoPy Exp,2023.1.2,59.97900738
RealityY,ExpTrialStim/Square_B_2.png,"In REALITY, there is ONE cube",h,b,TB-Ig,1,1,0,1,1,0,0,0,0,1,B,-,SB2,SB,0,212,212,21,NA,NA,NA,NA,NA,986.7038095,0.0017188,987.4370264,987.5371515,0.8295702,989.4703049,989.8704152,989.9725298,989.9725298,h,1,0.5839806,990.5868643,990.5868643,990.5868643,990.5868643,NA,NA,NA,NA,NA,NA,1,1,2024-02-05_09h37.13.265,PsychoPy Exp,2023.1.2,59.97900738
KnowledgeY,ExpTrialStim/Square_NB_3.png,Adam KNOWS there is ONE cube,h,b,TB-K,1,1,0,1,1,0,0,0,0,1,NB,-,SB2,SG,0,213,213,221,NA,NA,NA,NA,NA,990.5868643,4.353e-4,991.3203678,991.4205008,0.8314473,993.3537881,993.7537675,993.8559742,993.8559742,h,1,0.5086419,994.386973,994.386973,994.386973,994.386973,NA,NA,NA,NA,NA,NA,1,1,2024-02-05_09h37.13.265,PsychoPy Exp,2023.1.2,59.97900738
RealityN,ExpTrialStim/B_Square_3.png,"In REALITY, there are TWO cubes",b,h,FB-Ig,1,1,0,0,0,0,1,1,0,2,B,PropFalse,SD1,SP,0,214,214,94,NA,NA,NA,NA,NA,994.386973,0.0014973,995.1203387,995.2204455,0.8298183,997.1537718,997.5538037,997.6558635,997.6558635,b,1,0.5974121,998.2704544,998.2704544,998.2704544,998.2704544,NA,NA,NA,NA,NA,NA,1,1,2024-02-05_09h37.13.265,PsychoPy Exp,2023.1.2,59.97900738
BeliefY,ExpTrialStim/Triangle_B_2.png,Adam THINKS there are ZERO cubes,h,b,TB-Ig,1,0,1,1,0,1,0,0,0,0,B,-,TB2,TO,0,215,215,127,NA,NA,NA,NA,NA,998.2704544,0.0017106,999.0034606,999.1035488,0.8292818,1001.037089,1001.436985,1001.538988,1001.538988,h,1,1.3375295,1002.903676,1002.903676,1002.903676,1002.903676,NA,NA,NA,NA,NA,NA,1,1,2024-02-05_09h37.13.265,PsychoPy Exp,2023.1.2,59.97900738
BeliefN,ExpTrialStim/Square_Triangle_B_6.png,Adam THINKS there are ZERO cubes,b,h,TB-K-B,2,1,1,2,1,1,0,0,0,0,B,PropFalse,SB3: TA2,SB: TO,0,216,216,197,NA,NA,NA,NA,NA,1002.903676,0.0016817,1003.636824,1003.737098,0.8293972,1005.670398,1006.070411,1006.172399,1006.172399,b,1,0.5683286,1006.770371,1006.770371,1006.770371,1006.770371,NA,NA,NA,NA,NA,NA,1,1,2024-02-05_09h37.13.265,PsychoPy Exp,2023.1.2,59.97900738
BeliefN,ExpTrialStim/Square_NB_1.png,Adam THINKS there are ZERO cubes,b,h,TB-K,1,1,0,1,1,0,0,0,0,0,NB,PropFalse,SA1,SB,0,217,217,165,NA,NA,NA,NA,NA,1006.770371,0.0017559,1007.503652,1007.603761,0.829551,1009.536793,1009.937048,1010.039243,1010.039243,b,1,0.8136277,1010.870114,1010.870114,1010.870114,1010.870114,NA,NA,NA,NA,NA,NA,1,1,2024-02-05_09h37.13.265,PsychoPy Exp,2023.1.2,59.97900738
KnowledgeN,ExpTrialStim/Square_Triangle_B_11.png,Adam KNOWS there are TWO cubes,b,h,TB-K-B,2,1,1,2,1,1,0,0,0,2,B,PropFalse,SB2: TA3,SG: TR,0,218,218,306,NA,NA,NA,NA,NA,1010.870114,5.33e-4,1011.603572,1011.703733,0.8310834,1013.637078,1014.037045,1014.139202,1014.139202,b,1,0.7614345,1014.920052,1014.920052,1014.920052,1014.920052,NA,NA,NA,NA,NA,NA,1,1,2024-02-05_09h37.13.265,PsychoPy Exp,2023.1.2,59.97900738
KnowledgeN,ExpTrialStim/Square_B_Square_5.png,Adam KNOWS there are TWO cubes,b,h,FB-Ig,2,2,0,1,1,0,1,1,0,2,B,PropTrueNoKnowledge,SB2: SD3,SB: SG,0,219,219,316,NA,NA,NA,NA,NA,1014.920052,0.0017211,1015.653551,1015.753701,0.829564,1017.687101,1018.087056,1018.189223,1018.189223,b,1,0.5514312,1018.770316,1018.770316,1018.770316,1018.770316,NA,NA,NA,NA,NA,NA,1,1,2024-02-05_09h37.13.265,PsychoPy Exp,2023.1.2,59.97900738
RealityN,ExpTrialStim/Square_Square_NB_6.png,"In REALITY, there is ONE cube",b,h,TB-K,2,2,0,2,2,0,0,0,0,1,NB,PropFalse,SA1: SB3,SG: SB,0,220,220,71,NA,NA,NA,NA,NA,1018.770316,0.0017439,1019.503579,1019.603686,0.8295131,1021.536833,1021.93705,1022.039062,1022.039062,b,1,0.5095974,1022.570293,1022.570293,1022.570293,1022.570293,NA,NA,NA,NA,NA,NA,1,1,2024-02-05_09h37.13.265,PsychoPy Exp,2023.1.2,59.97900738
KnowledgeY,ExpTrialStim/Triangle_Triangle_B_4.png,Adam KNOWS there are ZERO cubes,h,b,TB-Ig,2,0,2,2,0,2,0,0,0,0,B,-,TA2: TB1,TY: TR,0,221,221,237,NA,NA,NA,NA,NA,1022.570293,0.0016715,1023.303272,1023.403392,0.8292941,1025.336985,1025.737023,1025.839106,1025.839106,b,0,0.9255151,1026.78694,1026.78694,1026.78694,1026.78694,NA,NA,NA,NA,NA,NA,1,1,2024-02-05_09h37.13.265,PsychoPy Exp,2023.1.2,59.97900738
KnowledgeY,ExpTrialStim/Square_Square_B_7.png,Adam KNOWS there are TWO cubes,h,b,TB-K-B,2,2,0,2,2,0,0,0,0,2,B,-,SA1: SB2,SG: SP,0,222,222,252,NA,NA,NA,NA,NA,1026.78694,0.0017365,1027.520219,1027.620349,0.8295655,1029.553682,1029.953663,1030.055774,1030.055774,h,1,0.7814412,1030.853456,1030.853456,1030.853456,1030.853456,NA,NA,NA,NA,NA,NA,1,1,2024-02-05_09h37.13.265,PsychoPy Exp,2023.1.2,59.97900738
RealityN,ExpTrialStim/Square_B_Triangle_1.png,"In REALITY, there are ZERO cubes",b,h,TB-Ig,2,1,1,1,1,0,1,0,1,0,B,PropFalse,SB1: TD3,SB: TO,0,223,223,78,NA,NA,NA,NA,NA,1030.853456,0.0016969,1031.586881,1031.686991,0.8294942,1033.620072,1034.020309,1034.122437,1034.122437,b,1,0.673733,1034.819961,1034.819961,1034.819961,1034.819961,NA,NA,NA,NA,NA,NA,1,1,2024-02-05_09h37.13.265,PsychoPy Exp,2023.1.2,59.97900738
BeliefN,ExpTrialStim/Square_NB_3.png,Adam THINKS there are TWO cubes,b,h,TB-K,1,1,0,1,1,0,0,0,0,2,NB,PropFalse,SB2,SG,0,224,224,167,NA,NA,NA,NA,NA,1034.819961,5.465e-4,1035.55345,1035.653395,0.8314301,1037.586642,1037.98695,1038.08907,1038.08907,b,1,1.3230754,1039.436767,1039.436767,1039.436767,1039.436767,NA,NA,NA,NA,NA,NA,1,1,2024-02-05_09h37.13.265,PsychoPy Exp,2023.1.2,59.97900738
RealityY,ExpTrialStim/Square_NB_1.png,"In REALITY, there is ONE cube",h,b,TB-K,1,1,0,1,1,0,0,0,0,1,NB,-,SA1,SB,0,225,225,3,NA,NA,NA,NA,NA,1039.436767,0.0011454,1040.170161,1040.270277,0.8308089,1042.20361,1042.603549,1042.705711,1042.705711,h,1,0.6265695,1043.353528,1043.353528,1043.353528,1043.353528,NA,NA,NA,NA,NA,NA,1,1,2024-02-05_09h37.13.265,PsychoPy Exp,2023.1.2,59.97900738
KnowledgeN,ExpTrialStim/Triangle_Triangle_NB_2.png,Adam KNOWS there are TWO cubes,b,h,TB-K,2,0,2,2,0,2,0,0,0,2,NB,PropFalse,TA2: TB3,TO: TR,0,226,226,277,NA,NA,NA,NA,NA,1043.353528,0.0017319,1044.086601,1044.186921,0.8296024,1046.120232,1046.520236,1046.622322,1046.622322,b,1,0.5102222,1047.153579,1047.153579,1047.153579,1047.153579,NA,NA,NA,NA,NA,NA,1,1,2024-02-05_09h37.13.265,PsychoPy Exp,2023.1.2,59.97900738
BeliefN,ExpTrialStim/Triangle_B_Square_3.png,Adam THINKS there is ONE cube,b,h,FB-Ig,2,1,1,1,0,1,1,1,0,1,B,PropTrueNoBelief,SD1: TA2,SG: TR,0,227,227,214,NA,NA,NA,NA,NA,1047.153579,0.0017071,1047.886738,1047.986872,0.8296103,1049.920056,1050.32023,1050.422198,1050.422198,b,1,1.0624442,1051.503254,1051.503254,1051.503254,1051.503254,NA,NA,NA,NA,NA,NA,1,1,2024-02-05_09h37.13.265,PsychoPy Exp,2023.1.2,59.97900738
BeliefN,ExpTrialStim/Triangle_NB_2.png,Adam THINKS there is ONE cube,b,h,TB-K,1,0,1,1,0,1,0,0,0,1,NB,PropFalse,TA3,TY,0,228,228,163,NA,NA,NA,NA,NA,1051.503254,0.0017006,1052.236792,1052.336899,0.8295085,1054.270248,1054.670201,1054.77242,1054.77242,b,1,0.8400772,1055.636848,1055.636848,1055.636848,1055.636848,NA,NA,NA,NA,NA,NA,1,1,2024-02-05_09h37.13.265,PsychoPy Exp,2023.1.2,59.97900738
RealityN,ExpTrialStim/Square_Square_NB_4.png,"In REALITY, there is ONE cube",b,h,TB-K,2,2,0,2,2,0,0,0,0,1,NB,PropFalse,SA2: SB1,SP: SG,0,229,229,69,NA,NA,NA,NA,NA,1055.636848,0.0017188,1056.370111,1056.469955,0.829637,1058.403592,1058.803506,1058.905638,1058.905638,b,1,0.4908598,1059.420121,1059.420121,1059.420121,1059.420121,NA,NA,NA,NA,NA,NA,1,1,2024-02-05_09h37.13.265,PsychoPy Exp,2023.1.2,59.97900738
KnowledgeN,ExpTrialStim/Square_B_Square_1.png,Adam KNOWS there is ONE cube,b,h,FB-Ig,2,2,0,1,1,0,1,1,0,1,B,PropFalse,SA1: SC2,SG: SB,0,230,230,312,NA,NA,NA,NA,NA,1059.420121,0.0017673,1060.153415,1060.253261,0.8295787,1062.186867,1062.586639,1062.688994,1062.688994,b,1,1.1872078,1063.903498,1063.903498,1063.903498,1063.903498,NA,NA,NA,NA,NA,NA,1,1,2024-02-05_09h37.13.265,PsychoPy Exp,2023.1.2,59.97900738
BeliefY,ExpTrialStim/Square_Square_B_5.png,Adam THINKS there are TWO cubes,h,b,TB-K-B,2,2,0,2,2,0,0,0,0,2,B,-,SA3: SB2,SP: SB,0,231,231,138,NA,NA,NA,NA,NA,1063.903498,0.0017331,1064.636754,1064.736872,0.8295367,1066.670187,1067.070188,1067.172364,1067.172364,h,1,0.5517048,1067.753302,1067.753302,1067.753302,1067.753302,NA,NA,NA,NA,NA,NA,1,1,2024-02-05_09h37.13.265,PsychoPy Exp,2023.1.2,59.97900738
BeliefY,ExpTrialStim/Square_Square_B_2.png,Adam THINKS there are TWO cubes,h,b,TB-K-B,2,2,0,2,2,0,0,0,0,2,B,-,SA2: SB3,SB: SP,0,232,232,135,NA,NA,NA,NA,NA,1067.753302,6.608e-4,1068.486736,1068.586834,0.8310653,1070.520184,1070.920155,1071.022653,1071.022653,h,1,0.8857809,1071.936741,1071.936741,1071.936741,1071.936741,NA,NA,NA,NA,NA,NA,1,1,2024-02-05_09h37.13.265,PsychoPy Exp,2023.1.2,59.97900738
BeliefY,ExpTrialStim/Square_Square_NB_6.png,Adam THINKS there are TWO cubes,h,b,TB-K,2,2,0,2,2,0,0,0,0,2,NB,-,SA1: SB3,SG: SB,0,233,233,125,NA,NA,NA,NA,NA,1071.936741,0.0016943,1072.669862,1072.770184,0.8294695,1074.703489,1075.103251,1075.2055,1075.2055,h,1,1.5830757,1076.819904,1076.819904,1076.819904,1076.819904,NA,NA,NA,NA,NA,NA,1,1,2024-02-05_09h37.13.265,PsychoPy Exp,2023.1.2,59.97900738
BeliefN,ExpTrialStim/Square_Square_B_8.png,Adam THINKS there is ONE cube,b,h,TB-K-B,2,2,0,2,2,0,0,0,0,1,B,PropFalse,SA2: SB3,SP: SB,0,234,234,195,NA,NA,NA,NA,NA,1076.819904,7.791e-4,1077.553401,1077.653465,0.8310415,1079.586732,1079.986759,1080.088948,1080.088948,b,1,0.9877792,1081.103411,1081.103411,1081.103411,1081.103411,NA,NA,NA,NA,NA,NA,1,1,2024-02-05_09h37.13.265,PsychoPy Exp,2023.1.2,59.97900738
RealityN,ExpTrialStim/Square_Triangle_B_2.png,"In REALITY, there are TWO cubes",b,h,TB-K-B,2,1,1,2,1,1,0,0,0,2,B,PropFalse,SA2: TB3,SB: TO,0,235,235,89,NA,NA,NA,NA,NA,1081.103411,0.0017433,1081.836658,1081.936789,0.8295807,1083.869811,1084.269948,1084.372298,1084.372298,b,1,0.7600472,1085.15331,1085.15331,1085.15331,1085.15331,NA,NA,NA,NA,NA,NA,1,1,2024-02-05_09h37.13.265,PsychoPy Exp,2023.1.2,59.97900738
BeliefN,ExpTrialStim/Square_B_Square_2.png,Adam THINKS there are ZERO cubes,b,h,FB-Ig,2,2,0,1,1,0,1,1,0,0,B,PropFalse,SA2: SC3,SB: SP,0,236,236,205,NA,NA,NA,NA,NA,1085.15331,0.0015001,1085.886654,1085.986719,0.829872,1087.9201190000001,1088.320066,1088.422122,1088.422122,b,1,0.7182227,1089.170021,1089.170021,1089.170021,1089.170021,NA,NA,NA,NA,NA,NA,1,1,2024-02-05_09h37.13.265,PsychoPy Exp,2023.1.2,59.97900738
KnowledgeN,ExpTrialStim/Square_B_Square_8.png,Adam KNOWS there are TWO cubes,b,h,FB-Ig,2,2,0,1,1,0,1,1,0,2,B,PropTrueNoKnowledge,SA1: SD2,SP: SG,0,237,237,319,NA,NA,NA,NA,NA,1089.170021,0.0016865,1089.903306,1090.003392,0.8294272,1091.936771,1092.336593,1092.438925,1092.438925,b,1,0.6213832,1093.086594,1093.086594,1093.086594,1093.086594,NA,NA,NA,NA,NA,NA,1,1,2024-02-05_09h37.13.265,PsychoPy Exp,2023.1.2,59.97900738
RealityY,ExpTrialStim/B_Square_1.png,"In REALITY, there is ONE cube",h,b,FB-Ig,1,1,0,0,0,0,1,1,0,1,B,-,SC2,SG,0,238,238,38,NA,NA,NA,NA,NA,1093.086594,0.0015602,1093.819924,1093.920025,0.8297017,1095.8532,1096.253309,1096.35543,1096.35543,h,1,1.0327804,1097.419756,1097.419756,1097.419756,1097.419756,NA,NA,NA,NA,NA,NA,1,1,2024-02-05_09h37.13.265,PsychoPy Exp,2023.1.2,59.97900738
KnowledgeN,ExpTrialStim/Square_B_1.png,Adam KNOWS there is ONE cube,b,h,TB-Ig,1,1,0,1,1,0,0,0,0,1,B,PropTrueNoKnowledge,SA2,SG,0,239,239,290,NA,NA,NA,NA,NA,1097.419756,4.159e-4,1098.15325,1098.253368,0.8314019,1100.186718,1100.586506,1100.688893,1100.688893,b,1,1.3003897,1102.01998,1102.01998,1102.01998,1102.01998,NA,NA,NA,NA,NA,NA,1,1,2024-02-05_09h37.13.265,PsychoPy Exp,2023.1.2,59.97900738
KnowledgeN,ExpTrialStim/Square_Square_NB_6.png,Adam KNOWS there is ONE cube,b,h,TB-K,2,2,0,2,2,0,0,0,0,1,NB,PropFalse,SA1: SB3,SG: SB,0,240,240,287,NA,NA,NA,NA,NA,1102.01998,0.0016909,1102.753236,1102.853362,0.8295336,1104.786758,1105.186673,1105.288846,1105.288846,b,1,0.8674599,1106.186368,1106.186368,1106.186368,1106.186368,NA,NA,NA,NA,NA,NA,1,1,2024-02-05_09h37.13.265,PsychoPy Exp,2023.1.2,59.97900738
BeliefY,ExpTrialStim/B_Square_4.png,Adam THINKS there are ZERO cubes,h,b,FB-Ig,1,1,0,0,0,0,1,1,0,0,B,-,SD2,SB,0,241,241,149,NA,NA,NA,NA,NA,1106.186368,0.0017615,1106.919873,1107.019843,0.8295986,1108.95335,1109.353339,1109.455408,1109.455408,h,1,1.1409188,1110.619987,1110.619987,1110.619987,1110.619987,NA,NA,NA,NA,NA,NA,1,1,2024-02-05_09h37.13.265,PsychoPy Exp,2023.1.2,59.97900738
BeliefY,ExpTrialStim/Square_B_1.png,Adam THINKS there is ONE cube,h,b,TB-Ig,1,1,0,1,1,0,0,0,0,1,B,-,SA2,SG,0,242,242,128,NA,NA,NA,NA,NA,1110.619987,0.0017276,1111.353211,1111.453333,0.8295248,1113.386661,1113.786657,1113.88882,1113.88882,h,1,1.3232997,1115.248898,NA,1115.248898,NA,space,11.010971,NA,NA,NA,NA,1,1,2024-02-05_09h37.13.265,PsychoPy Exp,2023.1.2,59.97900738
KnowledgeN,ExpTrialStim/Square_Square_NB_1.png,Adam KNOWS there are ZERO cubes,b,h,TB-K,2,2,0,2,2,0,0,0,0,0,NB,PropFalse,SA1: SB2,SP: SB,0,243,243,282,NA,NA,NA,NA,NA,1126.286304,4.93e-4,1127.019829,1127.11969,0.8327257,1129.069958,1129.469937,1129.572129,1129.572129,b,1,1.7840022,1131.386456,1131.386456,1131.386456,1131.386456,NA,NA,NA,NA,NA,NA,1,1,2024-02-05_09h37.13.265,PsychoPy Exp,2023.1.2,59.97900738
BeliefN,ExpTrialStim/Triangle_NB_1.png,Adam THINKS there is ONE cube,b,h,TB-K,1,0,1,1,0,1,0,0,0,1,NB,PropFalse,TA1,TO,0,244,244,162,NA,NA,NA,NA,NA,1131.386456,0.0014976,1132.136408,1132.236558,0.8448952,1134.169907,1134.569903,1134.672027,1134.672027,b,1,0.5481709,1135.236295,1135.236295,1135.236295,1135.236295,NA,NA,NA,NA,NA,NA,1,1,2024-02-05_09h37.13.265,PsychoPy Exp,2023.1.2,59.97900738
KnowledgeY,ExpTrialStim/Square_Triangle_B_8.png,Adam KNOWS there is ONE cube,h,b,FB-Ig,2,1,1,2,1,1,0,0,0,1,B,-,SA2: TB1,SP: TY,0,245,245,265,NA,NA,NA,NA,NA,1135.236295,4.445e-4,1135.969795,1136.069696,0.8313368,1138.002971,1138.403058,1138.505358,1138.505358,h,1,0.6108109,1139.136521,1139.136521,1139.136521,1139.136521,NA,NA,NA,NA,NA,NA,1,1,2024-02-05_09h37.13.265,PsychoPy Exp,2023.1.2,59.97900738
RealityN,ExpTrialStim/Triangle_Triangle_B_1.png,"In REALITY, there is ONE cube",b,h,TB-K-B,2,0,2,2,0,2,0,0,0,1,B,PropFalse,TA1: TB2,TY: TO,0,246,246,80,NA,NA,NA,NA,NA,1139.136521,0.0016904,1139.869778,1139.969959,0.829378,1141.902948,1142.303101,1142.405328,1142.405328,b,1,0.5183187,1142.952892,1142.952892,1142.952892,1142.952892,NA,NA,NA,NA,NA,NA,1,1,2024-02-05_09h37.13.265,PsychoPy Exp,2023.1.2,59.97900738
BeliefY,ExpTrialStim/Square_B_Square_5.png,Adam THINKS there is ONE cube,h,b,FB-Ig,2,2,0,1,1,0,1,1,0,1,B,-,SB2: SD3,SB: SG,0,247,247,154,NA,NA,NA,NA,NA,1142.952892,3.78e-4,1143.686202,1143.786538,0.8315646,1145.719607,1146.119793,1146.221962,1146.221962,b,0,0.9582439,1147.203136,1147.203136,1147.203136,1147.203136,NA,NA,NA,NA,NA,NA,1,1,2024-02-05_09h37.13.265,PsychoPy Exp,2023.1.2,59.97900738
RealityY,ExpTrialStim/Square_Square_NB_3.png,"In REALITY, there are TWO cubes",h,b,TB-K,2,2,0,2,2,0,0,0,0,2,NB,-,SA3: SB1,SG: SP,0,248,248,14,NA,NA,NA,NA,NA,1147.203136,0.0017173,1147.936411,1148.036261,0.8294427,1149.969835,1150.369759,1150.471936,1150.471936,h,1,0.4199963,1150.919571,1150.919571,1150.919571,1150.919571,NA,NA,NA,NA,NA,NA,1,1,2024-02-05_09h37.13.265,PsychoPy Exp,2023.1.2,59.97900738
BeliefY,ExpTrialStim/Square_NB_3.png,Adam THINKS there is ONE cube,h,b,TB-K,1,1,0,1,1,0,0,0,0,1,NB,-,SB2,SG,0,249,249,113,NA,NA,NA,NA,NA,1150.919571,0.0016783,1151.653063,1151.752926,0.8296293,1153.686431,1154.086326,1154.18861,1154.18861,h,1,1.0555144,1155.269636,1155.269636,1155.269636,1155.269636,NA,NA,NA,NA,NA,NA,1,1,2024-02-05_09h37.13.265,PsychoPy Exp,2023.1.2,59.97900738
RealityY,ExpTrialStim/Square_B_Triangle_1.png,"In REALITY, there is ONE cube",h,b,TB-Ig,2,1,1,1,1,0,1,0,1,1,B,-,SB1: TD3,SB: TO,0,250,250,24,NA,NA,NA,NA,NA,1155.269636,0.001671,1156.003019,1156.103001,0.8295535,1158.036548,1158.436451,1158.539598,1158.539598,h,1,0.9520502,1159.519563,1159.519563,1159.519563,1159.519563,NA,NA,NA,NA,NA,NA,1,1,2024-02-05_09h37.13.265,PsychoPy Exp,2023.1.2,59.97900738
KnowledgeY,ExpTrialStim/Triangle_NB_3.png,Adam KNOWS there are ZERO cubes,h,b,TB-K,1,0,1,1,0,1,0,0,0,0,NB,-,TB2,TR,0,251,251,218,NA,NA,NA,NA,NA,1159.519563,5.328e-4,1160.253069,1160.352943,0.8301267,1162.286355,1162.686261,1162.788476,1162.788476,h,1,0.7431795,1163.55286,1163.55286,1163.55286,1163.55286,NA,NA,NA,NA,NA,NA,1,1,2024-02-05_09h37.13.265,PsychoPy Exp,2023.1.2,59.97900738
KnowledgeY,ExpTrialStim/Triangle_Triangle_B_11.png,Adam KNOWS there are ZERO cubes,h,b,TB-K-B,2,0,2,2,0,2,0,0,0,0,B,-,TA3: TB2,TO: TY,0,252,252,244,NA,NA,NA,NA,NA,1163.55286,0.001667,1164.286137,1164.386264,0.8292261,1166.3196,1166.719825,1166.821937,1166.821937,h,1,0.5741911,1167.419767,1167.419767,1167.419767,1167.419767,NA,NA,NA,NA,NA,NA,1,1,2024-02-05_09h37.13.265,PsychoPy Exp,2023.1.2,59.97900738
BeliefY,ExpTrialStim/B_Square_3.png,Adam THINKS there are ZERO cubes,h,b,FB-Ig,1,1,0,0,0,0,1,1,0,0,B,-,SD1,SP,0,253,253,148,NA,NA,NA,NA,NA,1167.419767,0.0017063,1168.153052,1168.252859,0.8295512,1170.186276,1170.58649,1170.688465,1170.688465,h,1,0.8675929,1171.586385,1171.586385,1171.586385,1171.586385,NA,NA,NA,NA,NA,NA,1,1,2024-02-05_09h37.13.265,PsychoPy Exp,2023.1.2,59.97900738
RealityY,ExpTrialStim/Square_B_1.png,"In REALITY, there is ONE cube",h,b,TB-Ig,1,1,0,1,1,0,0,0,0,1,B,-,SA2,SG,0,254,254,20,NA,NA,NA,NA,NA,1171.586385,0.0016858,1172.319404,1172.419719,0.8295594,1174.352886,1174.75312,1174.855244,1174.855244,h,1,0.7088272,1175.586361,1175.586361,1175.586361,1175.586361,NA,NA,NA,NA,NA,NA,1,1,2024-02-05_09h37.13.265,PsychoPy Exp,2023.1.2,59.97900738
RealityN,ExpTrialStim/Square_Triangle_B_4.png,"In REALITY, there are TWO cubes",b,h,TB-K-B,2,1,1,2,1,1,0,0,0,2,B,PropFalse,SB1: TA3,SP: TY,0,255,255,91,NA,NA,NA,NA,NA,1175.586361,0.0016692,1176.319599,1176.41955,0.8293185,1178.353043,1178.753049,1178.855191,1178.855191,b,1,0.6444467,1179.519501,1179.519501,1179.519501,1179.519501,NA,NA,NA,NA,NA,NA,1,1,2024-02-05_09h37.13.265,PsychoPy Exp,2023.1.2,59.97900738
BeliefN,ExpTrialStim/Square_B_1.png,Adam THINKS there are ZERO cubes,b,h,TB-Ig,1,1,0,1,1,0,0,0,0,0,B,PropFalse,SA2,SG,0,256,256,182,NA,NA,NA,NA,NA,1179.519501,6.646e-4,1180.252946,1180.353062,0.8307721,1182.28643,1182.686448,1182.788517,1182.788517,b,1,1.0481369,1183.853017,1183.853017,1183.853017,1183.853017,NA,NA,NA,NA,NA,NA,1,1,2024-02-05_09h37.13.265,PsychoPy Exp,2023.1.2,59.97900738
KnowledgeY,ExpTrialStim/Triangle_Triangle_NB_3.png,Adam KNOWS there are ZERO cubes,h,b,TB-K,2,0,2,2,0,2,0,0,0,0,NB,-,TA3: TB1,TR: TY,0,257,257,224,NA,NA,NA,NA,NA,1183.853017,0.0016997,1184.586272,1184.686441,0.8293026,1186.619569,1187.019712,1187.121823,1187.121823,h,1,0.5058183,1187.652988,1187.652988,1187.652988,1187.652988,NA,NA,NA,NA,NA,NA,1,1,2024-02-05_09h37.13.265,PsychoPy Exp,2023.1.2,59.97900738
BeliefN,ExpTrialStim/Square_Square_B_6.png,Adam THINKS there are ZERO cubes,b,h,TB-K-B,2,2,0,2,2,0,0,0,0,0,B,PropFalse,SA1: SB3,SB: SG,0,258,258,193,NA,NA,NA,NA,NA,1187.652988,0.0011338,1188.386266,1188.486166,0.8303375,1190.436347,1190.836199,1190.938545,1190.938545,b,1,0.945473,1191.902942,1191.902942,1191.902942,1191.902942,NA,NA,NA,NA,NA,NA,1,1,2024-02-05_09h37.13.265,PsychoPy Exp,2023.1.2,59.97900738
KnowledgeY,ExpTrialStim/Square_Square_NB_1.png,Adam KNOWS there are TWO cubes,h,b,TB-K,2,2,0,2,2,0,0,0,0,2,NB,-,SA1: SB2,SP: SB,0,259,259,228,NA,NA,NA,NA,NA,1191.902942,0.0016508,1192.636218,1192.736409,0.8295032,1194.669605,1195.069742,1195.17167,1195.17167,h,1,1.167989,1196.369297,1196.369297,1196.369297,1196.369297,NA,NA,NA,NA,NA,NA,1,1,2024-02-05_09h37.13.265,PsychoPy Exp,2023.1.2,59.97900738
RealityN,ExpTrialStim/B_Square_1.png,"In REALITY, there are ZERO cubes",b,h,FB-Ig,1,1,0,0,0,0,1,1,0,0,B,PropFalse,SC2,SG,0,260,260,92,NA,NA,NA,NA,NA,1196.369297,3.819e-4,1197.102859,1197.203002,0.8314283,1199.136136,1199.536456,1199.638456,1199.638456,b,1,1.0450293,1200.702725,1200.702725,1200.702725,1200.702725,NA,NA,NA,NA,NA,NA,1,1,2024-02-05_09h37.13.265,PsychoPy Exp,2023.1.2,59.97900738
RealityY,ExpTrialStim/Triangle_Triangle_B_1.png,"In REALITY, there are ZERO cubes",h,b,TB-K-B,2,0,2,2,0,2,0,0,0,0,B,-,TA1: TB2,TY: TO,0,261,261,26,NA,NA,NA,NA,NA,1200.702725,0.00059770000000000005,1201.436179,1201.536163,0.8307342,1203.469521,1203.869461,1203.971706,1203.971706,h,1,1.023767,1205.019308,1205.019308,1205.019308,1205.019308,NA,NA,NA,NA,NA,NA,1,1,2024-02-05_09h37.13.265,PsychoPy Exp,2023.1.2,59.97900738
BeliefY,ExpTrialStim/Square_B_Triangle_2.png,Adam THINKS there is ONE cube,h,b,TB-Ig,2,1,1,1,1,0,1,0,1,1,B,-,SD3: TD2,SP: TY,0,262,262,133,NA,NA,NA,NA,NA,1205.019308,4.736e-4,1205.75286,1205.85279,0.8313479,1207.786133,1208.186282,1208.288418,1208.288418,h,1,1.3001438,1209.619546,1209.619546,1209.619546,1209.619546,NA,NA,NA,NA,NA,NA,1,1,2024-02-05_09h37.13.265,PsychoPy Exp,2023.1.2,59.97900738
KnowledgeN,ExpTrialStim/Square_B_2.png,Adam KNOWS there is ONE cube,b,h,TB-Ig,1,1,0,1,1,0,0,0,0,1,B,PropTrueNoKnowledge,SB2,SB,0,263,263,291,NA,NA,NA,NA,NA,1209.619546,0.0016522,1210.352822,1210.452665,0.8294702,1212.386289,1212.786059,1212.888446,1212.888446,b,1,1.371412,1214.286218,1214.286218,1214.286218,1214.286218,NA,NA,NA,NA,NA,NA,1,1,2024-02-05_09h37.13.265,PsychoPy Exp,2023.1.2,59.97900738
BeliefN,ExpTrialStim/Triangle_Triangle_NB_2.png,Adam THINKS there are TWO cubes,b,h,TB-K,2,0,2,2,0,2,0,0,0,2,NB,PropFalse,TA2: TB3,TO: TR,0,264,264,169,NA,NA,NA,NA,NA,1214.286218,0.0016767,1215.019479,1215.119604,0.8294789,1217.052938,1217.452904,1217.55504,1217.55504,b,1,1.1607952,1218.735912,1218.735912,1218.735912,1218.735912,NA,NA,NA,NA,NA,NA,1,1,2024-02-05_09h37.13.265,PsychoPy Exp,2023.1.2,59.97900738
RealityN,ExpTrialStim/Square_Triangle_B_1.png,"In REALITY, there are ZERO cubes",b,h,TB-K-B,2,1,1,2,1,1,0,0,0,0,B,PropFalse,SA1: TB2,SG: TR,0,265,265,88,NA,NA,NA,NA,NA,1218.735912,0.0016862,1219.46945,1219.569582,0.8295785,1221.502849,1221.902823,1222.004997,1222.004997,b,1,0.6949115,1222.719484,1222.719484,1222.719484,1222.719484,NA,NA,NA,NA,NA,NA,1,1,2024-02-05_09h37.13.265,PsychoPy Exp,2023.1.2,59.97900738
BeliefY,ExpTrialStim/Square_Square_NB_2.png,Adam THINKS there are TWO cubes,h,b,TB-K,2,2,0,2,2,0,0,0,0,2,NB,-,SA2: SB3,SB: SG,0,266,266,121,NA,NA,NA,NA,NA,1222.719484,0.0016809,1223.45257,1223.552725,0.8296004,1225.486238,1225.886092,1225.988192,1225.988192,h,1,1.1192967,1227.136006,1227.136006,1227.136006,1227.136006,NA,NA,NA,NA,NA,NA,1,1,2024-02-05_09h37.13.265,PsychoPy Exp,2023.1.2,59.97900738
RealityY,ExpTrialStim/Triangle_B_Triangle_1.png,"In REALITY, there are ZERO cubes",h,b,TB-Ig,2,0,2,1,0,1,1,0,1,0,B,-,TA3: TD1,TY: TR,0,267,267,22,NA,NA,NA,NA,NA,1227.136006,9.067e-4,1227.869432,1227.969299,0.830847,1229.919543,1230.31952,1230.42171,1230.42171,h,1,1.4704974,1231.919421,1231.919421,1231.919421,1231.919421,NA,NA,NA,NA,NA,NA,1,1,2024-02-05_09h37.13.265,PsychoPy Exp,2023.1.2,59.97900738
RealityN,ExpTrialStim/Triangle_Triangle_B_2.png,"In REALITY, there is ONE cube",b,h,TB-K-B,2,0,2,2,0,2,0,0,0,1,B,PropFalse,TA2: TB3,TO: TR,0,268,268,81,NA,NA,NA,NA,NA,1231.919421,0.0015162,1232.652725,1232.752899,0.8299166,1234.686204,1235.085894,1235.188272,1235.188272,b,1,1.2642614,1236.46946,1236.46946,1236.46946,1236.46946,NA,NA,NA,NA,NA,NA,1,1,2024-02-05_09h37.13.265,PsychoPy Exp,2023.1.2,59.97900738
KnowledgeN,ExpTrialStim/B_Square_4.png,Adam KNOWS there is ONE cube,b,h,FB-Ig,1,1,0,0,0,0,1,1,0,1,B,PropTrueNoKnowledge,SD2,SB,0,269,269,311,NA,NA,NA,NA,NA,1236.46946,0.0016843,1237.202711,1237.302603,0.8291698,1239.236168,1239.636068,1239.73826,1239.73826,b,1,0.7449936,1240.502502,1240.502502,1240.502502,1240.502502,NA,NA,NA,NA,NA,NA,1,1,2024-02-05_09h37.13.265,PsychoPy Exp,2023.1.2,59.97900738
KnowledgeY,ExpTrialStim/Square_Triangle_B_12.png,Adam KNOWS there is ONE cube,h,b,FB-Ig,2,1,1,2,1,1,0,0,0,1,B,-,SB3: TA1,SB: TO,0,270,270,269,NA,NA,NA,NA,NA,1240.502502,3.794e-4,1241.235948,1241.336189,0.8314798,1243.269486,1243.669377,1243.771627,1243.771627,h,1,1.2725732,1245.069449,1245.069449,1245.069449,1245.069449,NA,NA,NA,NA,NA,NA,1,1,2024-02-05_09h37.13.265,PsychoPy Exp,2023.1.2,59.97900738
BeliefY,ExpTrialStim/Square_B_2.png,Adam THINKS there is ONE cube,h,b,TB-Ig,1,1,0,1,1,0,0,0,0,1,B,-,SB2,SB,0,271,271,129,NA,NA,NA,NA,NA,1245.069449,0.0016781,1245.802701,1245.902831,0.829273,1247.835941,1248.235925,1248.338311,1248.338311,h,1,1.0254997,1249.386086,1249.386086,1249.386086,1249.386086,NA,NA,NA,NA,NA,NA,1,1,2024-02-05_09h37.13.265,PsychoPy Exp,2023.1.2,59.97900738
BeliefN,ExpTrialStim/Triangle_Triangle_B_5.png,Adam THINKS there is ONE cube,b,h,TB-K-B,2,0,2,2,0,2,0,0,0,1,B,PropFalse,TA3: TB2,TR: TO,0,272,272,188,NA,NA,NA,NA,NA,1249.386086,0.001688,1250.119371,1250.219437,0.829642,1252.152551,1252.552751,1252.654987,1252.654987,b,1,1.0447618,1253.719425,1253.719425,1253.719425,1253.719425,NA,NA,NA,NA,NA,NA,1,1,2024-02-05_09h37.13.265,PsychoPy Exp,2023.1.2,59.97900738
KnowledgeN,ExpTrialStim/Square_Square_NB_3.png,Adam KNOWS there are ZERO cubes,b,h,TB-K,2,2,0,2,2,0,0,0,0,0,NB,PropFalse,SA3: SB1,SG: SP,0,273,273,284,NA,NA,NA,NA,NA,1253.719425,0.0017383,1254.452684,1254.552536,0.8295976,1256.485911,1256.886094,1256.988204,1256.988204,b,1,0.7675363,1257.7858,1257.7858,1257.7858,1257.7858,NA,NA,NA,NA,NA,NA,1,1,2024-02-05_09h37.13.265,PsychoPy Exp,2023.1.2,59.97900738
RealityN,ExpTrialStim/Triangle_NB_3.png,"In REALITY, there are TWO cubes",b,h,TB-K,1,0,1,1,0,1,0,0,0,2,NB,PropFalse,TB2,TR,0,274,274,56,NA,NA,NA,NA,NA,1257.7858,4.382e-4,1258.519273,1258.619217,0.8314467,1260.552773,1260.952744,1261.054837,1261.054837,b,1,2.0443579,1263.11907,1263.11907,1263.11907,1263.11907,NA,NA,NA,NA,NA,NA,1,1,2024-02-05_09h37.13.265,PsychoPy Exp,2023.1.2,59.97900738
KnowledgeY,ExpTrialStim/Triangle_Triangle_NB_2.png,Adam KNOWS there are ZERO cubes,h,b,TB-K,2,0,2,2,0,2,0,0,0,0,NB,-,TA2: TB3,TO: TR,0,275,275,223,NA,NA,NA,NA,NA,1263.11907,4.233e-4,1263.852407,1263.952757,0.8314692,1265.885836,1266.285833,1266.388174,1266.388174,h,1,1.0316997,1267.43592,1267.43592,1267.43592,1267.43592,NA,NA,NA,NA,NA,NA,1,1,2024-02-05_09h37.13.265,PsychoPy Exp,2023.1.2,59.97900738
KnowledgeN,ExpTrialStim/Triangle_NB_3.png,Adam KNOWS there are TWO cubes,b,h,TB-K,1,0,1,1,0,1,0,0,0,2,NB,PropFalse,TB2,TR,0,276,276,272,NA,NA,NA,NA,NA,1267.43592,0.0015084,1268.169214,1268.269369,0.829805,1270.20272,1270.602618,1270.704882,1270.704882,b,1,0.8583864,1271.585733,1271.585733,1271.585733,1271.585733,NA,NA,NA,NA,NA,NA,1,1,2024-02-05_09h37.13.265,PsychoPy Exp,2023.1.2,59.97900738
BeliefN,ExpTrialStim/Square_B_2.png,Adam THINKS there are ZERO cubes,b,h,TB-Ig,1,1,0,1,1,0,0,0,0,0,B,PropFalse,SB2,SB,0,277,277,183,NA,NA,NA,NA,NA,1271.585733,4.072e-4,1272.319244,1272.419354,0.8314482,1274.352708,1274.752707,1274.854766,1274.854766,b,1,0.6685129,1275.55238,1275.55238,1275.55238,1275.55238,NA,NA,NA,NA,NA,NA,1,1,2024-02-05_09h37.13.265,PsychoPy Exp,2023.1.2,59.97900738
KnowledgeY,ExpTrialStim/Triangle_Triangle_B_2.png,Adam KNOWS there are ZERO cubes,h,b,TB-Ig,2,0,2,2,0,2,0,0,0,0,B,-,TA2: TB3,TO: TR,0,278,278,235,NA,NA,NA,NA,NA,1275.55238,5.866e-4,1276.285712,1276.385832,0.8311831,1278.319361,1278.719353,1278.821531,1278.821531,h,1,0.6307401,1279.469296,1279.469296,1279.469296,1279.469296,NA,NA,NA,NA,NA,NA,1,1,2024-02-05_09h37.13.265,PsychoPy Exp,2023.1.2,59.97900738
BeliefY,ExpTrialStim/Triangle_NB_2.png,Adam THINKS there are ZERO cubes,h,b,TB-K,1,0,1,1,0,1,0,0,0,0,NB,-,TA3,TY,0,279,279,109,NA,NA,NA,NA,NA,1279.469296,0.0016535,1280.202579,1280.302698,0.8292299,1282.235812,1282.63591,1282.738196,1282.738196,h,1,1.6502204,1284.41899,1284.41899,1284.41899,1284.41899,NA,NA,NA,NA,NA,NA,1,1,2024-02-05_09h37.13.265,PsychoPy Exp,2023.1.2,59.97900738
BeliefN,ExpTrialStim/Square_B_Square_1.png,Adam THINKS there are ZERO cubes,b,h,FB-Ig,2,2,0,1,1,0,1,1,0,0,B,PropFalse,SA1: SC2,SG: SB,0,280,280,204,NA,NA,NA,NA,NA,1284.41899,4.147e-4,1285.152531,1285.25266,0.8313649,1287.185982,1287.58589,1287.688105,1287.688105,b,1,0.7550451,1288.469047,1288.469047,1288.469047,1288.469047,NA,NA,NA,NA,NA,NA,1,1,2024-02-05_09h37.13.265,PsychoPy Exp,2023.1.2,59.97900738
RealityY,ExpTrialStim/Triangle_B_Square_4.png,"In REALITY, there is ONE cube",h,b,FB-Ig,2,1,1,1,0,1,1,1,0,1,B,-,SD3: TB1,SB: TO,0,281,281,53,NA,NA,NA,NA,NA,1288.469047,5.236e-4,1289.202489,1289.302606,0.8312894,1291.235973,1291.635929,1291.738029,1291.738029,h,1,4.2895931,1296.052566,1296.052566,1296.052566,1296.052566,NA,NA,NA,NA,NA,NA,1,1,2024-02-05_09h37.13.265,PsychoPy Exp,2023.1.2,59.97900738
RealityY,ExpTrialStim/Triangle_Triangle_NB_2.png,"In REALITY, there are ZERO cubes",h,b,TB-K,2,0,2,2,0,2,0,0,0,0,NB,-,TA2: TB3,TO: TR,0,282,282,7,NA,NA,NA,NA,NA,1296.052566,0.001673,1296.785837,1296.885931,0.8295614,1298.819326,1299.219259,1299.321382,1299.321382,h,1,1.0899059,1300.435743,1300.435743,1300.435743,1300.435743,NA,NA,NA,NA,NA,NA,1,1,2024-02-05_09h37.13.265,PsychoPy Exp,2023.1.2,59.97900738
BeliefN,ExpTrialStim/Square_Square_B_7.png,Adam THINKS there are ZERO cubes,b,h,TB-K-B,2,2,0,2,2,0,0,0,0,0,B,PropFalse,SA1: SB2,SG: SP,0,283,283,194,NA,NA,NA,NA,NA,1300.435743,0.0011163,1301.169142,1301.269071,0.8308029,1303.20256,1303.602603,1303.704475,1303.704475,b,1,0.8351911,1304.568908,1304.568908,1304.568908,1304.568908,NA,NA,NA,NA,NA,NA,1,1,2024-02-05_09h37.13.265,PsychoPy Exp,2023.1.2,59.97900738
BeliefY,ExpTrialStim/Square_Square_B_11.png,Adam THINKS there are TWO cubes,h,b,TB-K-B,2,2,0,2,2,0,0,0,0,2,B,-,SA3: SB2,SB: SP,0,284,284,144,NA,NA,NA,NA,NA,1304.568908,3.976e-4,1305.302483,1305.402589,0.8314517,1307.335936,1307.735662,1307.837861,1307.837861,h,1,1.1666139,1309.035814,1309.035814,1309.035814,1309.035814,NA,NA,NA,NA,NA,NA,1,1,2024-02-05_09h37.13.265,PsychoPy Exp,2023.1.2,59.97900738
BeliefN,ExpTrialStim/Square_B_Square_7.png,Adam THINKS there are TWO cubes,b,h,FB-Ig,2,2,0,1,1,0,1,1,0,2,B,PropTrueNoBelief,SA3: SC2,SG: SP,0,285,285,210,NA,NA,NA,NA,NA,1309.035814,0.001669,1309.769007,1309.869202,0.8295669,1311.802565,1312.202558,1312.304684,1312.304684,b,1,0.9474035,1313.269169,1313.269169,1313.269169,1313.269169,NA,NA,NA,NA,NA,NA,1,1,2024-02-05_09h37.13.265,PsychoPy Exp,2023.1.2,59.97900738
BeliefY,ExpTrialStim/Square_B_Square_7.png,Adam THINKS there is ONE cube,h,b,FB-Ig,2,2,0,1,1,0,1,1,0,1,B,-,SA3: SC2,SG: SP,0,286,286,156,NA,NA,NA,NA,NA,1313.269169,0.001652,1314.002398,1314.102295,0.8292522,1316.035855,1316.435564,1316.539171,1316.539171,h,1,1.2723961,1317.835835,1317.835835,1317.835835,1317.835835,NA,NA,NA,NA,NA,NA,1,1,2024-02-05_09h37.13.265,PsychoPy Exp,2023.1.2,59.97900738
RealityN,ExpTrialStim/Triangle_B_2.png,"In REALITY, there is ONE cube",b,h,TB-Ig,1,0,1,1,0,1,0,0,0,1,B,PropFalse,TB2,TO,0,287,287,73,NA,NA,NA,NA,NA,1317.835835,0.0016723,1318.569087,1318.669185,0.829646,1320.602488,1321.002466,1321.104506,1321.104506,b,1,0.955031,1322.085785,1322.085785,1322.085785,1322.085785,NA,NA,NA,NA,NA,NA,1,1,2024-02-05_09h37.13.265,PsychoPy Exp,2023.1.2,59.97900738
BeliefY,ExpTrialStim/Square_Square_B_1.png,Adam THINKS there are TWO cubes,h,b,TB-K-B,2,2,0,2,2,0,0,0,0,2,B,-,SA1: SB2,SP: SG,0,288,288,134,NA,NA,NA,NA,NA,1322.085785,0.0016951,1322.81881,1322.91892,0.8296481,1324.852525,1325.252196,1325.354568,1325.354568,h,1,1.2815594,1326.652326,1326.652326,1326.652326,1326.652326,NA,NA,NA,NA,NA,NA,1,1,2024-02-05_09h37.13.265,PsychoPy Exp,2023.1.2,59.97900738
BeliefY,ExpTrialStim/Triangle_Triangle_NB_1.png,Adam THINKS there are ZERO cubes,h,b,TB-K,2,0,2,2,0,2,0,0,0,0,NB,-,TA1: TB2,TY: TO,0,289,289,114,NA,NA,NA,NA,NA,1326.652326,0.0017081,1327.385466,1327.485777,0.8294321,1329.419156,1329.819196,1329.921277,1329.921277,h,1,1.8898564,1331.835523,1331.835523,1331.835523,1331.835523,NA,NA,NA,NA,NA,NA,1,1,2024-02-05_09h37.13.265,PsychoPy Exp,2023.1.2,59.97900738
RealityY,ExpTrialStim/Square_Square_NB_2.png,"In REALITY, there are TWO cubes",h,b,TB-K,2,2,0,2,2,0,0,0,0,2,NB,-,SA2: SB3,SB: SG,0,290,290,13,NA,NA,NA,NA,NA,1331.835523,4.767e-4,1332.568815,1332.669139,0.8312743,1334.60248,1335.002451,1335.104566,1335.104566,h,1,0.9476763,1336.069029,1336.069029,1336.069029,1336.069029,NA,NA,NA,NA,NA,NA,1,1,2024-02-05_09h37.13.265,PsychoPy Exp,2023.1.2,59.97900738
KnowledgeY,ExpTrialStim/Square_Square_B_6.png,Adam KNOWS there are TWO cubes,h,b,TB-K-B,2,2,0,2,2,0,0,0,0,2,B,-,SA1: SB3,SB: SG,0,291,291,251,NA,NA,NA,NA,NA,1336.069029,0.0016924,1336.802347,1336.902456,0.8293965,1338.852451,1339.25266,1339.354388,1339.354388,h,1,0.9128293,1340.285444,1340.285444,1340.285444,1340.285444,NA,NA,NA,NA,NA,NA,1,1,2024-02-05_09h37.13.265,PsychoPy Exp,2023.1.2,59.97900738
KnowledgeY,ExpTrialStim/Square_Square_B_5.png,Adam KNOWS there are TWO cubes,h,b,TB-K-B,2,2,0,2,2,0,0,0,0,2,B,-,SA3: SB2,SP: SB,0,292,292,250,NA,NA,NA,NA,NA,1340.285444,3.943e-4,1341.018948,1341.119092,0.8313591,1343.052188,1343.452204,1343.55433,1343.55433,h,1,0.7527912,1344.335534,1344.335534,1344.335534,1344.335534,NA,NA,NA,NA,NA,NA,1,1,2024-02-05_09h37.13.265,PsychoPy Exp,2023.1.2,59.97900738
BeliefY,ExpTrialStim/B_Square_2.png,Adam THINKS there are ZERO cubes,h,b,FB-Ig,1,1,0,0,0,0,1,1,0,0,B,-,SC3,SG,0,293,293,147,NA,NA,NA,NA,NA,1344.335534,8.925e-4,1345.068939,1345.1691,0.8309232,1347.102424,1347.502461,1347.604505,1347.604505,h,1,0.7263088,1348.352102,1348.352102,1348.352102,1348.352102,NA,NA,NA,NA,NA,NA,1,1,2024-02-05_09h37.13.265,PsychoPy Exp,2023.1.2,59.97900738
KnowledgeY,ExpTrialStim/Triangle_Triangle_B_7.png,Adam KNOWS there are ZERO cubes,h,b,TB-Ig,2,0,2,2,0,2,0,0,0,0,B,-,TA1: TB2,TR: TY,0,294,294,240,NA,NA,NA,NA,NA,1348.352102,3.841e-4,1349.085613,1349.1857440000001,0.8314298,1351.119048,1351.519046,1351.621201,1351.621201,h,1,1.622193,1353.268993,1353.268993,1353.268993,1353.268993,NA,NA,NA,NA,NA,NA,1,1,2024-02-05_09h37.13.265,PsychoPy Exp,2023.1.2,59.97900738
RealityY,ExpTrialStim/Square_Triangle_NB_2.png,"In REALITY, there is ONE cube",h,b,TB-K,2,1,1,2,1,1,0,0,0,1,NB,-,SB1: TB3,SB: TO,0,295,295,10,NA,NA,NA,NA,NA,1353.268993,0.0016818,1354.002289,1354.10214,0.8295817,1356.035691,1356.435596,1356.537788,1356.537788,h,1,0.7855539,1357.352301,1357.352301,1357.352301,1357.352301,NA,NA,NA,NA,NA,NA,1,1,2024-02-05_09h37.13.265,PsychoPy Exp,2023.1.2,59.97900738
RealityN,ExpTrialStim/Square_B_Square_7.png,"In REALITY, there is ONE cube",b,h,FB-Ig,2,2,0,1,1,0,1,1,0,1,B,PropFalse,SA3: SC2,SG: SP,0,296,296,102,NA,NA,NA,NA,NA,1357.352301,0.001774,1358.085583,1358.18569,0.8296431,1360.11905,1360.518942,1360.621132,1360.621132,b,1,0.5982389,1361.235407,1361.235407,1361.235407,1361.235407,NA,NA,NA,NA,NA,NA,1,1,2024-02-05_09h37.13.265,PsychoPy Exp,2023.1.2,59.97900738
KnowledgeN,ExpTrialStim/Triangle_Triangle_B_12.png,Adam KNOWS there are TWO cubes,b,h,TB-K-B,2,0,2,2,0,2,0,0,0,2,B,PropFalse,TA1: TB3,TY: TR,0,297,297,299,NA,NA,NA,NA,NA,1361.235407,0.0011236,1361.968917,1362.069014,0.8305992,1364.002338,1364.402328,1364.50435,1364.50435,h,0,1.147841,1365.668915,1365.668915,1365.668915,1365.668915,NA,NA,NA,NA,NA,NA,1,1,2024-02-05_09h37.13.265,PsychoPy Exp,2023.1.2,59.97900738
RealityY,ExpTrialStim/Square_B_Square_8.png,"In REALITY, there are TWO cubes",h,b,FB-Ig,2,2,0,1,1,0,1,1,0,2,B,-,SA1: SD2,SP: SG,0,298,298,49,NA,NA,NA,NA,NA,1365.668915,0.0016559,1366.402232,1366.502305,0.8293736,1368.435482,1368.835455,1368.937791,1368.937791,h,1,0.8504157,1369.818645,1369.818645,1369.818645,1369.818645,NA,NA,NA,NA,NA,NA,1,1,2024-02-05_09h37.13.265,PsychoPy Exp,2023.1.2,59.97900738
KnowledgeY,ExpTrialStim/Square_Triangle_NB_3.png,Adam KNOWS there is ONE cube,h,b,TB-K,2,1,1,2,1,1,0,0,0,1,NB,-,SB3: TA2,SP: TY,0,299,299,227,NA,NA,NA,NA,NA,1369.818645,4.148e-4,1370.552219,1370.652277,0.8313807,1372.585384,1372.985623,1373.087797,1373.087797,h,1,1.3318455,1374.435498,1374.435498,1374.435498,1374.435498,NA,NA,NA,NA,NA,NA,1,1,2024-02-05_09h37.13.265,PsychoPy Exp,2023.1.2,59.97900738
RealityY,ExpTrialStim/Square_B_Triangle_2.png,"In REALITY, there is ONE cube",h,b,TB-Ig,2,1,1,1,1,0,1,0,1,1,B,-,SD3: TD2,SP: TY,0,300,300,25,NA,NA,NA,NA,NA,1374.435498,0.0015085,1375.168847,1375.268954,0.8298507,1377.202116,1377.60223,1377.704224,1377.704224,h,1,0.7713345,1378.502244,1378.502244,1378.502244,1378.502244,NA,NA,NA,NA,NA,NA,1,1,2024-02-05_09h37.13.265,PsychoPy Exp,2023.1.2,59.97900738
RealityN,ExpTrialStim/Square_B_Triangle_2.png,"In REALITY, there are TWO cubes",b,h,TB-Ig,2,1,1,1,1,0,1,0,1,2,B,PropFalse,SD3: TD2,SP: TY,0,301,301,79,NA,NA,NA,NA,NA,1378.502244,0.0016614,1379.23574,1379.335271,0.8291062,1381.268755,1381.668962,1381.770777,1381.770777,b,1,0.5042737,1382.302654,1382.302654,1382.302654,1382.302654,NA,NA,NA,NA,NA,NA,1,1,2024-02-05_09h37.13.265,PsychoPy Exp,2023.1.2,59.97900738
BeliefY,ExpTrialStim/Triangle_B_Square_3.png,Adam THINKS there are ZERO cubes,h,b,FB-Ig,2,1,1,1,0,1,1,1,0,0,B,-,SD1: TA2,SG: TR,0,302,302,160,NA,NA,NA,NA,NA,1382.302654,0.0017369,1383.035306,1383.13553,0.8292336,1385.06869,1385.468751,1385.571405,1385.571405,h,1,1.1833178,1386.785174,1386.785174,1386.785174,1386.785174,NA,NA,NA,NA,NA,NA,1,1,2024-02-05_09h37.13.265,PsychoPy Exp,2023.1.2,59.97900738
KnowledgeY,ExpTrialStim/Triangle_Triangle_B_8.png,Adam KNOWS there are ZERO cubes,h,b,TB-Ig,2,0,2,2,0,2,0,0,0,0,B,-,TA2: TB3,TY:TO,0,303,303,241,NA,NA,NA,NA,NA,1386.785174,3.939e-4,1387.518513,1387.618901,0.8314665,1389.55194,1389.952165,1390.05437,1390.05437,h,1,0.900338,1390.98519,1390.98519,1390.98519,1390.98519,NA,NA,NA,NA,NA,NA,1,1,2024-02-05_09h37.13.265,PsychoPy Exp,2023.1.2,59.97900738
RealityY,ExpTrialStim/Triangle_B_2.png,"In REALITY, there are ZERO cubes",h,b,TB-Ig,1,0,1,1,0,1,0,0,0,0,B,-,TB2,TO,0,304,304,19,NA,NA,NA,NA,NA,1390.98519,4.271e-4,1391.71878,1391.818699,0.8309072,1393.751966,1394.152127,1394.254191,1394.254191,h,1,0.9566945,1395.235256,1395.235256,1395.235256,1395.235256,NA,NA,NA,NA,NA,NA,1,1,2024-02-05_09h37.13.265,PsychoPy Exp,2023.1.2,59.97900738
RealityY,ExpTrialStim/Triangle_Triangle_NB_1.png,"In REALITY, there are ZERO cubes",h,b,TB-K,2,0,2,2,0,2,0,0,0,0,NB,-,TA1: TB2,TY: TO,0,305,305,6,NA,NA,NA,NA,NA,1395.235256,5.699e-4,1395.968771,1396.068876,0.8309449,1398.002228,1398.402154,1398.504261,1398.504261,h,1,0.6589423,1399.185472,1399.185472,1399.185472,1399.185472,NA,NA,NA,NA,NA,NA,1,1,2024-02-05_09h37.13.265,PsychoPy Exp,2023.1.2,59.97900738
KnowledgeN,ExpTrialStim/Triangle_B_Square_4.png,Adam KNOWS there is ONE cube,b,h,FB-Ig,2,1,1,1,0,1,1,1,0,1,B,PropTrueNoKnowledge,SD3: TB1,SB: TO,0,306,306,323,NA,NA,NA,NA,NA,1399.185472,0.0016559,1399.918649,1400.018872,0.8295921,1401.951944,1402.352207,1402.454311,1402.454311,b,1,0.7650283,1403.235171,1403.235171,1403.235171,1403.235171,NA,NA,NA,NA,NA,NA,1,1,2024-02-05_09h37.13.265,PsychoPy Exp,2023.1.2,59.97900738
RealityY,ExpTrialStim/Triangle_Triangle_B_2.png,"In REALITY, there are ZERO cubes",h,b,TB-K-B,2,0,2,2,0,2,0,0,0,0,B,-,TA2: TB3,TO: TR,0,307,307,27,NA,NA,NA,NA,NA,1403.235171,0.0015084,1403.968556,1404.068622,0.8301428,1406.002188,1406.402178,1406.504028,1406.504028,h,1,1.4673499,1408.002125,1408.002125,1408.002125,1408.002125,NA,NA,NA,NA,NA,NA,1,1,2024-02-05_09h37.13.265,PsychoPy Exp,2023.1.2,59.97900738
KnowledgeN,ExpTrialStim/Triangle_Triangle_B_10.png,Adam KNOWS there are TWO cubes,b,h,TB-K-B,2,0,2,2,0,2,0,0,0,2,B,PropFalse,TA2: TB1,TR: TO,0,308,308,297,NA,NA,NA,NA,NA,1408.002125,0.0017084,1408.735429,1408.835488,0.829525,1410.768617,1411.168795,1411.270941,1411.270941,h,0,1.0837853,1412.385295,1412.385295,1412.385295,1412.385295,NA,NA,NA,NA,NA,NA,1,1,2024-02-05_09h37.13.265,PsychoPy Exp,2023.1.2,59.97900738
BeliefN,ExpTrialStim/Square_B_Square_3.png,Adam THINKS there are ZERO cubes,b,h,FB-Ig,2,2,0,1,1,0,1,1,0,0,B,PropFalse,SA3: SD1,SP: SB,0,309,309,206,NA,NA,NA,NA,NA,1412.385295,8.743e-4,1413.118714,1413.218854,0.8310406,1415.151901,1415.552023,1415.654269,1415.654269,b,1,1.3647601,1417.035156,1417.035156,1417.035156,1417.035156,NA,NA,NA,NA,NA,NA,1,1,2024-02-05_09h37.13.265,PsychoPy Exp,2023.1.2,59.97900738
RealityN,ExpTrialStim/Triangle_B_Triangle_1.png,"In REALITY, there is ONE cube",b,h,TB-Ig,2,0,2,1,0,1,1,0,1,1,B,PropFalse,TA3: TD1,TY: TR,0,310,310,76,NA,NA,NA,NA,NA,1417.035156,0.0016659,1417.768683,1417.868824,0.8313833,1419.80195,1420.201899,1420.30423,1420.30423,b,1,0.5944775,1420.918491,1420.918491,1420.918491,1420.918491,NA,NA,NA,NA,NA,NA,1,1,2024-02-05_09h37.13.265,PsychoPy Exp,2023.1.2,59.97900738
RealityY,ExpTrialStim/Square_B_Square_6.png,"In REALITY, there are TWO cubes",h,b,FB-Ig,2,2,0,1,1,0,1,1,0,2,B,-,SB3: SC1,SP: SG,0,311,311,47,NA,NA,NA,NA,NA,1420.918491,5.914e-4,1421.651995,1421.752168,0.8311584,1423.685467,1424.085253,1424.187557,1424.187557,h,1,1.99126,1426.201833,1426.201833,1426.201833,1426.201833,NA,NA,NA,NA,NA,NA,1,1,2024-02-05_09h37.13.265,PsychoPy Exp,2023.1.2,59.97900738
RealityY,ExpTrialStim/Square_Square_NB_5.png,"In REALITY, there are TWO cubes",h,b,TB-K,2,2,0,2,2,0,0,0,0,2,NB,-,SA3: SB2,SB: SP,0,312,312,16,NA,NA,NA,NA,NA,1426.201833,9.613e-4,1426.935324,1427.035435,0.8306902,1428.968817,1429.368706,1429.470904,1429.470904,h,1,0.5404253,1430.035332,1430.035332,1430.035332,1430.035332,NA,NA,NA,NA,NA,NA,1,1,2024-02-05_09h37.13.265,PsychoPy Exp,2023.1.2,59.97900738
RealityY,ExpTrialStim/Square_B_Square_3.png,"In REALITY, there are TWO cubes",h,b,FB-Ig,2,2,0,1,1,0,1,1,0,2,B,-,SA3: SD1,SP: SB,0,313,313,44,NA,NA,NA,NA,NA,1430.035332,0.0014731,1430.768599,1430.868719,0.8299611,1432.802083,1433.202049,1433.30403,1433.30403,h,1,0.5317238,1433.851879,1433.851879,1433.851879,1433.851879,NA,NA,NA,NA,NA,NA,1,1,2024-02-05_09h37.13.265,PsychoPy Exp,2023.1.2,59.97900738
RealityY,ExpTrialStim/Square_B_Square_5.png,"In REALITY, there are TWO cubes",h,b,FB-Ig,2,2,0,1,1,0,1,1,0,2,B,-,SB2: SD3,SB: SG,0,314,314,46,NA,NA,NA,NA,NA,1433.851879,0.0017752,1434.585273,1434.685397,0.8295138,1436.618714,1437.018472,1437.120852,1437.120852,h,1,0.5701635,1437.718719,1437.718719,1437.718719,1437.718719,NA,NA,NA,NA,NA,NA,1,1,2024-02-05_09h37.13.265,PsychoPy Exp,2023.1.2,59.97900738
RealityY,ExpTrialStim/Square_NB_3.png,"In REALITY, there is ONE cube",h,b,TB-K,1,1,0,1,1,0,0,0,0,1,NB,-,SB2,SG,0,315,315,5,NA,NA,NA,NA,NA,1437.718719,0.002462,1438.451694,1438.552031,0.8295319,1440.485358,1440.88517,1440.987489,1440.987489,h,1,0.5760429,1441.585337,1441.585337,1441.585337,1441.585337,NA,NA,NA,NA,NA,NA,1,1,2024-02-05_09h37.13.265,PsychoPy Exp,2023.1.2,59.97900738
BeliefN,ExpTrialStim/Square_Triangle_B_8.png,Adam THINKS there are TWO cubes,b,h,TB-K-B,2,1,1,2,1,1,0,0,0,2,B,PropFalse,SA2: TB1,SP: TY,0,316,316,199,NA,NA,NA,NA,NA,1441.585337,0.0016573,1442.318628,1442.418693,0.8295213,1444.352032,1444.752023,1444.853898,1444.853898,b,1,0.6128362,1445.485022,1445.485022,1445.485022,1445.485022,NA,NA,NA,NA,NA,NA,1,1,2024-02-05_09h37.13.265,PsychoPy Exp,2023.1.2,59.97900738
KnowledgeN,ExpTrialStim/Square_Square_NB_4.png,Adam KNOWS there is ONE cube,b,h,TB-K,2,2,0,2,2,0,0,0,0,1,NB,PropFalse,SA2: SB1,SP: SG,0,317,317,285,NA,NA,NA,NA,NA,1445.485022,3.989e-4,1446.218255,1446.318695,0.8311733,1448.251791,1448.652011,1448.754116,1448.754116,b,1,0.776376,1449.551694,1449.551694,1449.551694,1449.551694,NA,NA,NA,NA,NA,NA,1,1,2024-02-05_09h37.13.265,PsychoPy Exp,2023.1.2,59.97900738
RealityN,ExpTrialStim/Triangle_NB_1.png,"In REALITY, there is ONE cube",b,h,TB-K,1,0,1,1,0,1,0,0,0,1,NB,PropFalse,TA1,TO,0,318,318,54,NA,NA,NA,NA,NA,1449.551694,4.129e-4,1450.285194,1450.385117,0.8313921,1452.318658,1452.718631,1452.820478,1452.820478,b,1,0.5582969,1453.401797,1453.401797,1453.401797,1453.401797,NA,NA,NA,NA,NA,NA,1,1,2024-02-05_09h37.13.265,PsychoPy Exp,2023.1.2,59.97900738
RealityN,ExpTrialStim/Square_Square_NB_1.png,"In REALITY, there are ZERO cubes",b,h,TB-K,2,2,0,2,2,0,0,0,0,0,NB,PropFalse,SA1: SB2,SP: SB,0,319,319,66,NA,NA,NA,NA,NA,1453.401797,9.359e-4,1454.13521,1454.235126,0.8307059,1456.168641,1456.568532,1456.67053,1456.67053,h,0,0.6126465,1457.301931,1457.301931,1457.301931,1457.301931,NA,NA,NA,NA,NA,NA,1,1,2024-02-05_09h37.13.265,PsychoPy Exp,2023.1.2,59.97900738
RealityN,ExpTrialStim/Square_NB_3.png,"In REALITY, there are TWO cubes",b,h,TB-K,1,1,0,1,1,0,0,0,0,2,NB,PropFalse,SB2,SG,0,320,320,59,NA,NA,NA,NA,NA,1457.301931,0.0016485,1458.035025,1458.135047,0.8295371,1460.068498,1460.468617,1460.570748,1460.570748,b,1,0.496152,1461.085244,1461.085244,1461.085244,1461.085244,NA,NA,NA,NA,NA,NA,1,1,2024-02-05_09h37.13.265,PsychoPy Exp,2023.1.2,59.97900738
RealityN,ExpTrialStim/Square_B_1.png,"In REALITY, there are ZERO cubes",b,h,TB-Ig,1,1,0,1,1,0,0,0,0,0,B,PropFalse,SA2,SG,0,321,321,74,NA,NA,NA,NA,NA,1461.085244,0.0016586,1461.81854,1461.918607,0.8295619,1463.851969,1464.251939,1464.354084,1464.354084,b,1,1.4248883,1465.801869,1465.801869,1465.801869,1465.801869,NA,NA,NA,NA,NA,NA,1,1,2024-02-05_09h37.13.265,PsychoPy Exp,2023.1.2,59.97900738
KnowledgeN,ExpTrialStim/Triangle_B_Square_3.png,Adam KNOWS there is ONE cube,b,h,FB-Ig,2,1,1,1,0,1,1,1,0,1,B,PropTrueNoKnowledge,SD1: TA2,SG: TR,0,322,322,322,NA,NA,NA,NA,NA,1465.801869,0.0017656,1466.535157,1466.635017,0.8295788,1468.568342,1468.968587,1469.07071,1469.07071,b,1,1.0201722,1470.11855,1470.11855,1470.11855,1470.11855,NA,NA,NA,NA,NA,NA,1,1,2024-02-05_09h37.13.265,PsychoPy Exp,2023.1.2,59.97900738
RealityY,ExpTrialStim/Triangle_NB_1.png,"In REALITY, there are ZERO cubes",h,b,TB-K,1,0,1,1,0,1,0,0,0,0,NB,-,TA1,TO,0,323,323,0,NA,NA,NA,NA,NA,1470.11855,0.0016981,1470.851854,1470.951956,0.829665,1472.885257,1473.285036,1473.387399,1473.387399,h,1,1.519609,1474.935104,1474.935104,1474.935104,1474.935104,NA,NA,NA,NA,NA,NA,1,1,2024-02-05_09h37.13.265,PsychoPy Exp,2023.1.2,59.97900738
NA,NA,NA,NA,NA,NA,NA,NA,NA,NA,NA,NA,NA,NA,NA,NA,NA,NA,NA,NA,NA,NA,NA,NA,NA,NA,NA,NA,NA,NA,NA,NA,NA,NA,NA,NA,NA,NA,NA,NA,NA,NA,NA,NA,NA,NA,NA,1474.935104,1475.935311,space,1.5555826,1,1,2024-02-05_09h37.13.265,PsychoPy Exp,2023.1.2,59.97900738
